record_id,risk_type,scenario,risk_value,risk_class,hazard_source,risk_basis,municipality_code,municipality_name,designation_level,designation_status,heritage_type_major,heritage_type_detail_norm,entity_class,name,risk_type_ja,scenario_label,hazard_key
13104:0,seismic,都心南部直下地震,5.784,6弱,,,13104,新宿区,Unknown,Unknown,未判定,未細分,point,市谷亀岡八幡宮の銅鳥居,想定震度,都心南部直下地震,想定震度｜都心南部直下地震
13104:1,seismic,都心南部直下地震,5.815,6弱,,,13104,新宿区,Unknown,Unknown,未判定,未細分,point,早稲田大学 坪内博士記念演劇博物館,想定震度,都心南部直下地震,想定震度｜都心南部直下地震
13104:2,seismic,都心南部直下地震,5.825,6弱,,,13104,新宿区,Unknown,Unknown,未判定,未細分,point,浄栄寺の山門「甘露門」,想定震度,都心南部直下地震,想定震度｜都心南部直下地震
13104:3,seismic,都心南部直下地震,5.845,6弱,,,13104,新宿区,Unknown,Unknown,未判定,未細分,point,幸国寺の山門,想定震度,都心南部直下地震,想定震度｜都心南部直下地震
13104:4,seismic,都心南部直下地震,5.628,6弱,,,13104,新宿区,Unknown,Unknown,未判定,未細分,point,中井御霊神社の本殿・幣殿・拝殿,想定震度,都心南部直下地震,想定震度｜都心南部直下地震
13104:5,seismic,都心南部直下地震,5.731,6弱,,,13104,新宿区,Unknown,Unknown,未判定,未細分,point,亮朝院本堂,想定震度,都心南部直下地震,想定震度｜都心南部直下地震
13104:6,seismic,都心南部直下地震,5.731,6弱,,,13104,新宿区,Unknown,Unknown,未判定,未細分,point,亮朝院七面堂,想定震度,都心南部直下地震,想定震度｜都心南部直下地震
13104:7,seismic,都心南部直下地震,6.068,6強以上,,,13104,新宿区,Unknown,Unknown,未判定,未細分,point,永心寺本堂,想定震度,都心南部直下地震,想定震度｜都心南部直下地震
13104:8,seismic,都心南部直下地震,5.881,6弱,,,13104,新宿区,Unknown,Unknown,未判定,未細分,point,永心寺山門,想定震度,都心南部直下地震,想定震度｜都心南部直下地震
13104:9,seismic,都心南部直下地震,5.804,6弱,,,13104,新宿区,Unknown,Unknown,未判定,未細分,point,筑土八幡神社の石造鳥居,想定震度,都心南部直下地震,想定震度｜都心南部直下地震
13104:10,seismic,都心南部直下地震,5.854,6弱,,,13104,新宿区,Unknown,Unknown,未判定,未細分,point,西迎寺の阿弥陀如来座像,想定震度,都心南部直下地震,想定震度｜都心南部直下地震
13104:11,seismic,都心南部直下地震,5.81,6弱,,,13104,新宿区,Unknown,Unknown,未判定,未細分,point,中井出世不動尊像,想定震度,都心南部直下地震,想定震度｜都心南部直下地震
13104:12,seismic,都心南部直下地震,5.891,6弱,,,13104,新宿区,Unknown,Unknown,未判定,未細分,point,花園神社の唐獅子像,想定震度,都心南部直下地震,想定震度｜都心南部直下地震
13104:13,seismic,都心南部直下地震,5.9,6弱,,,13104,新宿区,Unknown,Unknown,未判定,未細分,point,太宗寺の三日月不動像,想定震度,都心南部直下地震,想定震度｜都心南部直下地震
13104:14,seismic,都心南部直下地震,5.834,6弱,,,13104,新宿区,Unknown,Unknown,未判定,未細分,point,熊野神社の水鉢,想定震度,都心南部直下地震,想定震度｜都心南部直下地震
13104:15,seismic,都心南部直下地震,5.731,6弱,,,13104,新宿区,Unknown,Unknown,未判定,未細分,point,亮朝院の金剛力士石像,想定震度,都心南部直下地震,想定震度｜都心南部直下地震
13104:16,seismic,都心南部直下地震,5.739,6弱,,,13104,新宿区,Unknown,Unknown,未判定,未細分,point,誓閑寺の梵鐘,想定震度,都心南部直下地震,想定震度｜都心南部直下地震
13104:17,seismic,都心南部直下地震,5.793,6弱,,,13104,新宿区,Unknown,Unknown,未判定,未細分,point,善国寺の毘沙門天像,想定震度,都心南部直下地震,想定震度｜都心南部直下地震
13104:18,seismic,都心南部直下地震,5.803,6弱,,,13104,新宿区,Unknown,Unknown,未判定,未細分,point,経王寺の大黒天像,想定震度,都心南部直下地震,想定震度｜都心南部直下地震
13104:19,seismic,都心南部直下地震,5.837,6弱,,,13104,新宿区,Unknown,Unknown,未判定,未細分,point,法善寺の七面明神像,想定震度,都心南部直下地震,想定震度｜都心南部直下地震
13104:20,seismic,都心南部直下地震,5.782,6弱,,,13104,新宿区,Unknown,Unknown,未判定,未細分,point,布袋像の水鉢,想定震度,都心南部直下地震,想定震度｜都心南部直下地震
13104:21,seismic,都心南部直下地震,5.915,6弱,,,13104,新宿区,Unknown,Unknown,未判定,未細分,point,須賀神社の三十六歌仙絵,想定震度,都心南部直下地震,想定震度｜都心南部直下地震
13104:22,seismic,都心南部直下地震,5.907,6弱,,,13104,新宿区,Unknown,Unknown,未判定,未細分,point,馬水槽,想定震度,都心南部直下地震,想定震度｜都心南部直下地震
13104:23,seismic,都心南部直下地震,5.847,6弱,,,13104,新宿区,Unknown,Unknown,未判定,未細分,point,天龍寺の時の鐘,想定震度,都心南部直下地震,想定震度｜都心南部直下地震
13104:24,seismic,都心南部直下地震,5.847,6弱,,,13104,新宿区,Unknown,Unknown,未判定,未細分,point,天龍寺のやぐら時計,想定震度,都心南部直下地震,想定震度｜都心南部直下地震
13104:25,seismic,都心南部直下地震,5.815,6弱,,,13104,新宿区,Unknown,Unknown,未判定,未細分,point,大隈重信銅像,想定震度,都心南部直下地震,想定震度｜都心南部直下地震
13104:26,seismic,都心南部直下地震,5.973,6弱,,,13104,新宿区,Unknown,Unknown,未判定,未細分,point,長善寺(笹寺)のめのう観音像,想定震度,都心南部直下地震,想定震度｜都心南部直下地震
13104:27,seismic,都心南部直下地震,5.773,6弱,,,13104,新宿区,Unknown,Unknown,未判定,未細分,point,鬼王神社の水鉢,想定震度,都心南部直下地震,想定震度｜都心南部直下地震
13104:28,seismic,都心南部直下地震,5.948,6弱,,,13104,新宿区,Unknown,Unknown,未判定,未細分,point,聖徳太子画像,想定震度,都心南部直下地震,想定震度｜都心南部直下地震
13104:29,seismic,都心南部直下地震,5.9,6弱,,,13104,新宿区,Unknown,Unknown,未判定,未細分,point,太宗寺の観無量寿経曼荼羅,想定震度,都心南部直下地震,想定震度｜都心南部直下地震
13104:30,seismic,都心南部直下地震,5.834,6弱,,,13104,新宿区,Unknown,Unknown,未判定,未細分,point,七人役者図絵馬,想定震度,都心南部直下地震,想定震度｜都心南部直下地震
13104:31,seismic,都心南部直下地震,5.837,6弱,,,13104,新宿区,Unknown,Unknown,未判定,未細分,point,阿弥陀三尊来迎図(専福寺),想定震度,都心南部直下地震,想定震度｜都心南部直下地震
13104:32,seismic,都心南部直下地震,5.818,6弱,,,13104,新宿区,Unknown,Unknown,未判定,未細分,point,木造阿弥陀如来立像,想定震度,都心南部直下地震,想定震度｜都心南部直下地震
13104:33,seismic,都心南部直下地震,5.747,6弱,,,13104,新宿区,Unknown,Unknown,未判定,未細分,point,木造地蔵菩薩坐像,想定震度,都心南部直下地震,想定震度｜都心南部直下地震
13104:34,seismic,都心南部直下地震,5.747,6弱,,,13104,新宿区,Unknown,Unknown,未判定,未細分,point,阿弥陀三尊来迎図(光照寺),想定震度,都心南部直下地震,想定震度｜都心南部直下地震
13104:35,seismic,都心南部直下地震,5.747,6弱,,,13104,新宿区,Unknown,Unknown,未判定,未細分,point,法然上人画像,想定震度,都心南部直下地震,想定震度｜都心南部直下地震
13104:36,seismic,都心南部直下地震,5.948,6弱,,,13104,新宿区,Unknown,Unknown,未判定,未細分,point,西光庵の観無量寿経曼荼羅,想定震度,都心南部直下地震,想定震度｜都心南部直下地震
13104:37,seismic,都心南部直下地震,5.746,6弱,,,13104,新宿区,Unknown,Unknown,未判定,未細分,point,天瑞元堤像 谷文晁筆,想定震度,都心南部直下地震,想定震度｜都心南部直下地震
13104:38,seismic,都心南部直下地震,5.746,6弱,,,13104,新宿区,Unknown,Unknown,未判定,未細分,point,謙堂文益像 谷文晁筆,想定震度,都心南部直下地震,想定震度｜都心南部直下地震
13104:39,seismic,都心南部直下地震,5.746,6弱,,,13104,新宿区,Unknown,Unknown,未判定,未細分,point,八大龍王図 谷文晁筆,想定震度,都心南部直下地震,想定震度｜都心南部直下地震
13104:40,seismic,都心南部直下地震,5.746,6弱,,,13104,新宿区,Unknown,Unknown,未判定,未細分,point,十大弟子図 谷文晁筆,想定震度,都心南部直下地震,想定震度｜都心南部直下地震
13104:41,seismic,都心南部直下地震,5.831,6弱,,,13104,新宿区,Unknown,Unknown,未判定,未細分,point,永福寺の銅造大日如来坐像,想定震度,都心南部直下地震,想定震度｜都心南部直下地震
13104:42,seismic,都心南部直下地震,5.831,6弱,,,13104,新宿区,Unknown,Unknown,未判定,未細分,point,永福寺の銅造地蔵菩薩半跏像,想定震度,都心南部直下地震,想定震度｜都心南部直下地震
13104:43,seismic,都心南部直下地震,5.744,6弱,,,13104,新宿区,Unknown,Unknown,未判定,未細分,point,済松寺の加藤文麗筆絵画作品,想定震度,都心南部直下地震,想定震度｜都心南部直下地震
13104:44,seismic,都心南部直下地震,5.746,6弱,,,13104,新宿区,Unknown,Unknown,未判定,未細分,point,谷文晁の絵,想定震度,都心南部直下地震,想定震度｜都心南部直下地震
13104:45,seismic,都心南部直下地震,5.746,6弱,,,13104,新宿区,Unknown,Unknown,未判定,未細分,point,月見岡八幡神社の鰐口,想定震度,都心南部直下地震,想定震度｜都心南部直下地震
13104:46,seismic,都心南部直下地震,5.784,6弱,,,13104,新宿区,Unknown,Unknown,未判定,未細分,point,市谷亀岡八幡宮の軍配団扇,想定震度,都心南部直下地震,想定震度｜都心南部直下地震
13104:47,seismic,都心南部直下地震,6.068,6強以上,,,13104,新宿区,Unknown,Unknown,未判定,未細分,point,林光寺の高僧先達連座画像,想定震度,都心南部直下地震,想定震度｜都心南部直下地震
13104:48,seismic,都心南部直下地震,5.747,6弱,,,13104,新宿区,Unknown,Unknown,未判定,未細分,point,木造十一面観音坐像,想定震度,都心南部直下地震,想定震度｜都心南部直下地震
13104:49,seismic,都心南部直下地震,5.731,6弱,,,13104,新宿区,Unknown,Unknown,未判定,未細分,point,亮朝院の梵鐘,想定震度,都心南部直下地震,想定震度｜都心南部直下地震
13104:50,seismic,都心南部直下地震,5.684,6弱,,,13104,新宿区,Unknown,Unknown,未判定,未細分,point,宝泉寺の梵鐘,想定震度,都心南部直下地震,想定震度｜都心南部直下地震
13104:51,seismic,都心南部直下地震,5.739,6弱,,,13104,新宿区,Unknown,Unknown,未判定,未細分,point,銅造地蔵菩薩半跏像,想定震度,都心南部直下地震,想定震度｜都心南部直下地震
13104:52,seismic,都心南部直下地震,5.9,6弱,,,13104,新宿区,Unknown,Unknown,未判定,未細分,point,正受院の梵鐘,想定震度,都心南部直下地震,想定震度｜都心南部直下地震
13104:53,seismic,都心南部直下地震,5.854,6弱,,,13104,新宿区,Unknown,Unknown,未判定,未細分,point,西迎寺の梵鐘,想定震度,都心南部直下地震,想定震度｜都心南部直下地震
13104:54,seismic,都心南部直下地震,5.813,6弱,,,13104,新宿区,Unknown,Unknown,未判定,未細分,point,浄栄寺の梵鐘,想定震度,都心南部直下地震,想定震度｜都心南部直下地震
13104:55,seismic,都心南部直下地震,5.83,6弱,,,13104,新宿区,Unknown,Unknown,未判定,未細分,point,善慶寺の梵鐘,想定震度,都心南部直下地震,想定震度｜都心南部直下地震
13104:56,seismic,都心南部直下地震,5.945,6弱,,,13104,新宿区,Unknown,Unknown,未判定,未細分,point,法雲寺の梵鐘,想定震度,都心南部直下地震,想定震度｜都心南部直下地震
13104:57,seismic,都心南部直下地震,5.791,6弱,,,13104,新宿区,Unknown,Unknown,未判定,未細分,point,圓照寺の梵鐘,想定震度,都心南部直下地震,想定震度｜都心南部直下地震
13104:58,seismic,都心南部直下地震,5.68,6弱,,,13104,新宿区,Unknown,Unknown,未判定,未細分,point,薬王院の梵鐘,想定震度,都心南部直下地震,想定震度｜都心南部直下地震
13104:59,seismic,都心南部直下地震,6.061,6強以上,,,13104,新宿区,Unknown,Unknown,未判定,未細分,point,西應寺の梵鐘,想定震度,都心南部直下地震,想定震度｜都心南部直下地震
13104:60,seismic,都心南部直下地震,5.748,6弱,,,13104,新宿区,Unknown,Unknown,未判定,未細分,point,光照寺の涅槃図,想定震度,都心南部直下地震,想定震度｜都心南部直下地震
13104:61,seismic,都心南部直下地震,6.104,6強以上,,,13104,新宿区,Unknown,Unknown,未判定,未細分,point,長安寺の六地蔵塔,想定震度,都心南部直下地震,想定震度｜都心南部直下地震
13104:62,seismic,都心南部直下地震,5.9,6弱,,,13104,新宿区,Unknown,Unknown,未判定,未細分,point,太宗寺墓地出土品,想定震度,都心南部直下地震,想定震度｜都心南部直下地震
13104:63,seismic,都心南部直下地震,5.948,6弱,,,13104,新宿区,Unknown,Unknown,未判定,未細分,point,小銅鐸,想定震度,都心南部直下地震,想定震度｜都心南部直下地震
13104:64,seismic,都心南部直下地震,5.948,6弱,,,13104,新宿区,Unknown,Unknown,未判定,未細分,point,隆起線文系土器,想定震度,都心南部直下地震,想定震度｜都心南部直下地震
13104:65,seismic,都心南部直下地震,5.948,6弱,,,13104,新宿区,Unknown,Unknown,未判定,未細分,point,下落合横穴墓出土品,想定震度,都心南部直下地震,想定震度｜都心南部直下地震
13104:66,seismic,都心南部直下地震,6.143,6強以上,,,13104,新宿区,Unknown,Unknown,未判定,未細分,point,一行院墓地出土品,想定震度,都心南部直下地震,想定震度｜都心南部直下地震
13104:67,seismic,都心南部直下地震,5.948,6弱,,,13104,新宿区,Unknown,Unknown,未判定,未細分,point,中村家文書,想定震度,都心南部直下地震,想定震度｜都心南部直下地震
13104:68,seismic,都心南部直下地震,6.068,6強以上,,,13104,新宿区,Unknown,Unknown,未判定,未細分,point,林光寺の歴代宗主銘,想定震度,都心南部直下地震,想定震度｜都心南部直下地震
13104:69,seismic,都心南部直下地震,5.731,6弱,,,13104,新宿区,Unknown,Unknown,未判定,未細分,point,亮朝院文書,想定震度,都心南部直下地震,想定震度｜都心南部直下地震
13104:70,seismic,都心南部直下地震,5.628,6弱,,,13104,新宿区,Unknown,Unknown,未判定,未細分,point,中井御霊神社文書,想定震度,都心南部直下地震,想定震度｜都心南部直下地震
13104:71,seismic,都心南部直下地震,5.814,6弱,,,13104,新宿区,Unknown,Unknown,未判定,未細分,point,長厳寺文書,想定震度,都心南部直下地震,想定震度｜都心南部直下地震
13104:72,seismic,都心南部直下地震,5.746,6弱,,,13104,新宿区,Unknown,Unknown,未判定,未細分,point,済松寺文書,想定震度,都心南部直下地震,想定震度｜都心南部直下地震
13104:73,seismic,都心南部直下地震,6.068,6強以上,,,13104,新宿区,Unknown,Unknown,未判定,未細分,point,林光寺文書,想定震度,都心南部直下地震,想定震度｜都心南部直下地震
13104:74,seismic,都心南部直下地震,5.841,6弱,,,13104,新宿区,Unknown,Unknown,未判定,未細分,point,大聖院文書,想定震度,都心南部直下地震,想定震度｜都心南部直下地震
13104:75,seismic,都心南部直下地震,5.862,6弱,,,13104,新宿区,Unknown,Unknown,未判定,未細分,point,法身寺文書,想定震度,都心南部直下地震,想定震度｜都心南部直下地震
13104:76,seismic,都心南部直下地震,5.9,6弱,,,13104,新宿区,Unknown,Unknown,未判定,未細分,point,旭地蔵,想定震度,都心南部直下地震,想定震度｜都心南部直下地震
13104:77,seismic,都心南部直下地震,5.9,6弱,,,13104,新宿区,Unknown,Unknown,未判定,未細分,point,子供合埋碑,想定震度,都心南部直下地震,想定震度｜都心南部直下地震
13104:78,seismic,都心南部直下地震,5.834,6弱,,,13104,新宿区,Unknown,Unknown,未判定,未細分,point,式三番奉納額,想定震度,都心南部直下地震,想定震度｜都心南部直下地震
13104:79,seismic,都心南部直下地震,5.862,6弱,,,13104,新宿区,Unknown,Unknown,未判定,未細分,point,旧鈴法寺江戸番所資料,想定震度,都心南部直下地震,想定震度｜都心南部直下地震
13104:80,seismic,都心南部直下地震,5.948,6弱,,,13104,新宿区,Unknown,Unknown,未判定,未細分,point,空印の石手水鉢,想定震度,都心南部直下地震,想定震度｜都心南部直下地震
13104:81,seismic,都心南部直下地震,5.853,6弱,,,13104,新宿区,Unknown,Unknown,未判定,未細分,point,堀部武庸加功遺跡之碑,想定震度,都心南部直下地震,想定震度｜都心南部直下地震
13104:82,seismic,都心南部直下地震,5.845,6弱,,,13104,新宿区,Unknown,Unknown,未判定,未細分,point,幸国寺の日蓮聖人六百遠忌供養塔,想定震度,都心南部直下地震,想定震度｜都心南部直下地震
13104:83,seismic,都心南部直下地震,5.9,6弱,,,13104,新宿区,Unknown,Unknown,未判定,未細分,point,太宗寺の切支丹灯籠,想定震度,都心南部直下地震,想定震度｜都心南部直下地震
13104:84,seismic,都心南部直下地震,5.747,6弱,,,13104,新宿区,Unknown,Unknown,未判定,未細分,point,諸国旅人供養碑,想定震度,都心南部直下地震,想定震度｜都心南部直下地震
13104:85,seismic,都心南部直下地震,6.022,6強以上,,,13104,新宿区,Unknown,Unknown,未判定,未細分,point,服部半蔵の槍,想定震度,都心南部直下地震,想定震度｜都心南部直下地震
13104:86,seismic,都心南部直下地震,5.929,6弱,,,13104,新宿区,Unknown,Unknown,未判定,未細分,point,駿馬塚の碑,想定震度,都心南部直下地震,想定震度｜都心南部直下地震
13104:87,seismic,都心南部直下地震,5.879,6弱,,,13104,新宿区,Unknown,Unknown,未判定,未細分,point,月桂寺の切支丹灯籠,想定震度,都心南部直下地震,想定震度｜都心南部直下地震
13104:88,seismic,都心南部直下地震,5.731,6弱,,,13104,新宿区,Unknown,Unknown,未判定,未細分,point,木造七面明神半跏像及び宮殿,想定震度,都心南部直下地震,想定震度｜都心南部直下地震
13104:89,seismic,都心南部直下地震,5.731,6弱,,,13104,新宿区,Unknown,Unknown,未判定,未細分,point,木造妙見菩薩立像及び宮殿,想定震度,都心南部直下地震,想定震度｜都心南部直下地震
13104:90,seismic,都心南部直下地震,5.731,6弱,,,13104,新宿区,Unknown,Unknown,未判定,未細分,point,木造諏訪大明神坐像及び宮殿,想定震度,都心南部直下地震,想定震度｜都心南部直下地震
13104:91,seismic,都心南部直下地震,5.782,6弱,,,13104,新宿区,Unknown,Unknown,未判定,未細分,point,市谷亀岡八幡宮の几号水準点(水鉢台座),想定震度,都心南部直下地震,想定震度｜都心南部直下地震
13104:93,seismic,都心南部直下地震,5.819,6弱,,,13104,新宿区,Unknown,Unknown,未判定,未細分,point,自証院の阿弥陀三尊種子板碑,想定震度,都心南部直下地震,想定震度｜都心南部直下地震
13104:94,seismic,都心南部直下地震,5.833,6弱,,,13104,新宿区,Unknown,Unknown,未判定,未細分,point,来迎寺の庚申塔,想定震度,都心南部直下地震,想定震度｜都心南部直下地震
13104:95,seismic,都心南部直下地震,5.9,6弱,,,13104,新宿区,Unknown,Unknown,未判定,未細分,point,正受院の奪衣婆像,想定震度,都心南部直下地震,想定震度｜都心南部直下地震
13104:96,seismic,都心南部直下地震,5.786,6弱,,,13104,新宿区,Unknown,Unknown,未判定,未細分,point,中井御霊神社の備射祭絵馬,想定震度,都心南部直下地震,想定震度｜都心南部直下地震
13104:97,seismic,都心南部直下地震,5.786,6弱,,,13104,新宿区,Unknown,Unknown,未判定,未細分,point,中井御霊神社の分木,想定震度,都心南部直下地震,想定震度｜都心南部直下地震
13104:98,seismic,都心南部直下地震,5.8,6弱,,,13104,新宿区,Unknown,Unknown,未判定,未細分,point,自性院の私年号板碑,想定震度,都心南部直下地震,想定震度｜都心南部直下地震
13104:99,seismic,都心南部直下地震,5.746,6弱,,,13104,新宿区,Unknown,Unknown,未判定,未細分,point,月見岡八幡神社の庚申塔,想定震度,都心南部直下地震,想定震度｜都心南部直下地震
13104:100,seismic,都心南部直下地震,5.768,6弱,,,13104,新宿区,Unknown,Unknown,未判定,未細分,point,狛犬型庚申塔,想定震度,都心南部直下地震,想定震度｜都心南部直下地震
13104:101,seismic,都心南部直下地震,5.9,6弱,,,13104,新宿区,Unknown,Unknown,未判定,未細分,point,太宗寺の閻魔像,想定震度,都心南部直下地震,想定震度｜都心南部直下地震
13104:102,seismic,都心南部直下地震,5.9,6弱,,,13104,新宿区,Unknown,Unknown,未判定,未細分,point,太宗寺の奪衣婆像,想定震度,都心南部直下地震,想定震度｜都心南部直下地震
13104:103,seismic,都心南部直下地震,5.713,6弱,,,13104,新宿区,Unknown,Unknown,未判定,未細分,point,葛谷御霊神社の力石,想定震度,都心南部直下地震,想定震度｜都心南部直下地震
13104:104,seismic,都心南部直下地震,5.934,6弱,,,13104,新宿区,Unknown,Unknown,未判定,未細分,point,成子天神社の力石,想定震度,都心南部直下地震,想定震度｜都心南部直下地震
13104:105,seismic,都心南部直下地震,5.786,6弱,,,13104,新宿区,Unknown,Unknown,未判定,未細分,point,雨乞のむしろ旗,想定震度,都心南部直下地震,想定震度｜都心南部直下地震
13104:106,seismic,都心南部直下地震,5.784,6弱,,,13104,新宿区,Unknown,Unknown,未判定,未細分,point,市谷亀岡八幡宮の力石,想定震度,都心南部直下地震,想定震度｜都心南部直下地震
13104:107,seismic,都心南部直下地震,5.804,6弱,,,13104,新宿区,Unknown,Unknown,未判定,未細分,point,筑土八幡神社の庚申塔,想定震度,都心南部直下地震,想定震度｜都心南部直下地震
13104:108,seismic,都心南部直下地震,5.9,6弱,,,13104,新宿区,Unknown,Unknown,未判定,未細分,point,尺八「放下着」一式ならびに普化尺八伝授関連資料,想定震度,都心南部直下地震,想定震度｜都心南部直下地震
13104:109,seismic,都心南部直下地震,5.793,6弱,,,13104,新宿区,Unknown,Unknown,未判定,未細分,point,善国寺の石虎,想定震度,都心南部直下地震,想定震度｜都心南部直下地震
13104:110,seismic,都心南部直下地震,5.786,6弱,,,13104,新宿区,Unknown,Unknown,未判定,未細分,point,中井御霊神社の狛犬,想定震度,都心南部直下地震,想定震度｜都心南部直下地震
13104:111,seismic,都心南部直下地震,5.948,6弱,,,13104,新宿区,Unknown,Unknown,未判定,未細分,point,巴講睦の獅子頭,想定震度,都心南部直下地震,想定震度｜都心南部直下地震
13104:112,seismic,都心南部直下地震,6.143,6強以上,,,13104,新宿区,Unknown,Unknown,未判定,未細分,point,一行院の板碑,想定震度,都心南部直下地震,想定震度｜都心南部直下地震
13104:113,seismic,都心南部直下地震,5.795,6弱,,,13104,新宿区,Unknown,Unknown,未判定,未細分,point,塞神三柱の塔,想定震度,都心南部直下地震,想定震度｜都心南部直下地震
13104:114,seismic,都心南部直下地震,5.826,6弱,,,13104,新宿区,Unknown,Unknown,未判定,未細分,point,全龍寺の庚申塔,想定震度,都心南部直下地震,想定震度｜都心南部直下地震
13104:115,seismic,都心南部直下地震,5.799,6弱,,,13104,新宿区,Unknown,Unknown,未判定,未細分,point,慈雲山観音寺の庚申塔,想定震度,都心南部直下地震,想定震度｜都心南部直下地震
13104:116,seismic,都心南部直下地震,5.643,6弱,,,13104,新宿区,Unknown,Unknown,未判定,未細分,point,下落合二丁目の庚申塔,想定震度,都心南部直下地震,想定震度｜都心南部直下地震
13104:117,seismic,都心南部直下地震,5.791,6弱,,,13104,新宿区,Unknown,Unknown,未判定,未細分,point,旧源兵衛村の庚申塔,想定震度,都心南部直下地震,想定震度｜都心南部直下地震
13104:118,seismic,都心南部直下地震,5.845,6弱,,,13104,新宿区,Unknown,Unknown,未判定,未細分,point,幸国寺の題目塔,想定震度,都心南部直下地震,想定震度｜都心南部直下地震
13104:119,seismic,都心南部直下地震,5.834,6弱,,,13104,新宿区,Unknown,Unknown,未判定,未細分,point,熊野神社の狛犬,想定震度,都心南部直下地震,想定震度｜都心南部直下地震
13104:120,seismic,都心南部直下地震,5.782,6弱,,,13104,新宿区,Unknown,Unknown,未判定,未細分,point,高田馬場の流鏑馬,想定震度,都心南部直下地震,想定震度｜都心南部直下地震
13104:121,seismic,都心南部直下地震,5.786,6弱,,,13104,新宿区,Unknown,Unknown,未判定,未細分,point,中井御霊神社の備射祭,想定震度,都心南部直下地震,想定震度｜都心南部直下地震
13104:122,seismic,都心南部直下地震,5.713,6弱,,,13104,新宿区,Unknown,Unknown,未判定,未細分,point,葛谷御霊神社の備謝祭,想定震度,都心南部直下地震,想定震度｜都心南部直下地震
13104:123,seismic,都心南部直下地震,5.818,6弱,,,13104,新宿区,Unknown,Unknown,未判定,未細分,point,丸藤宮元講社の富士講行事,想定震度,都心南部直下地震,想定震度｜都心南部直下地震
13104:124,seismic,都心南部直下地震,5.741,6弱,,,13104,新宿区,Unknown,Unknown,未判定,未細分,point,戸塚囃子,想定震度,都心南部直下地震,想定震度｜都心南部直下地震
13104:125,seismic,都心南部直下地震,5.752,6弱,,,13104,新宿区,Unknown,Unknown,未判定,未細分,point,萩原社中里神楽,想定震度,都心南部直下地震,想定震度｜都心南部直下地震
13104:126,seismic,都心南部直下地震,5.746,6弱,,,13104,新宿区,Unknown,Unknown,未判定,未細分,point,上落合餅つき唄,想定震度,都心南部直下地震,想定震度｜都心南部直下地震
13104:127,seismic,都心南部直下地震,5.831,6弱,,,13104,新宿区,Unknown,Unknown,未判定,未細分,point,鉄砲組百人隊行列,想定震度,都心南部直下地震,想定震度｜都心南部直下地震
13104:128,seismic,都心南部直下地震,6.023,6強以上,,,13104,新宿区,Unknown,Unknown,未判定,未細分,point,高松喜六の墓,想定震度,都心南部直下地震,想定震度｜都心南部直下地震
13104:129,seismic,都心南部直下地震,6.022,6強以上,,,13104,新宿区,Unknown,Unknown,未判定,未細分,point,服部半蔵の墓,想定震度,都心南部直下地震,想定震度｜都心南部直下地震
13104:130,seismic,都心南部直下地震,5.942,6弱,,,13104,新宿区,Unknown,Unknown,未判定,未細分,point,小泉八雲旧居跡,想定震度,都心南部直下地震,想定震度｜都心南部直下地震
13104:131,seismic,都心南部直下地震,6.023,6強以上,,,13104,新宿区,Unknown,Unknown,未判定,未細分,point,塙保己一の墓,想定震度,都心南部直下地震,想定震度｜都心南部直下地震
13104:132,seismic,都心南部直下地震,5.863,6弱,,,13104,新宿区,Unknown,Unknown,未判定,未細分,point,山県大弐の墓,想定震度,都心南部直下地震,想定震度｜都心南部直下地震
13104:133,seismic,都心南部直下地震,5.834,6弱,,,13104,新宿区,Unknown,Unknown,未判定,未細分,point,十二社の碑,想定震度,都心南部直下地震,想定震度｜都心南部直下地震
13104:134,seismic,都心南部直下地震,5.851,6弱,,,13104,新宿区,Unknown,Unknown,未判定,未細分,point,松井須磨子の墓,想定震度,都心南部直下地震,想定震度｜都心南部直下地震
13104:135,seismic,都心南部直下地震,6.059,6強以上,,,13104,新宿区,Unknown,Unknown,未判定,未細分,point,源清麿の墓,想定震度,都心南部直下地震,想定震度｜都心南部直下地震
13104:136,seismic,都心南部直下地震,5.799,6弱,,,13104,新宿区,Unknown,Unknown,未判定,未細分,point,尾崎紅葉旧居跡,想定震度,都心南部直下地震,想定震度｜都心南部直下地震
13104:137,seismic,都心南部直下地震,5.771,6弱,,,13104,新宿区,Unknown,Unknown,未判定,未細分,point,田村虎蔵旧居跡,想定震度,都心南部直下地震,想定震度｜都心南部直下地震
13104:138,seismic,都心南部直下地震,5.9,6弱,,,13104,新宿区,Unknown,Unknown,未判定,未細分,point,恋川春町の墓,想定震度,都心南部直下地震,想定震度｜都心南部直下地震
13104:139,seismic,都心南部直下地震,5.837,6弱,,,13104,新宿区,Unknown,Unknown,未判定,未細分,point,月岡芳年の墓,想定震度,都心南部直下地震,想定震度｜都心南部直下地震
13104:140,seismic,都心南部直下地震,5.751,6弱,,,13104,新宿区,Unknown,Unknown,未判定,未細分,point,浄瑠璃坂の仇討跡,想定震度,都心南部直下地震,想定震度｜都心南部直下地震
13104:141,seismic,都心南部直下地震,5.687,6弱,,,13104,新宿区,Unknown,Unknown,未判定,未細分,point,国産飛行機発祥の地,想定震度,都心南部直下地震,想定震度｜都心南部直下地震
13104:142,seismic,都心南部直下地震,5.857,6弱,,,13104,新宿区,Unknown,Unknown,未判定,未細分,point,大久保の犬御用屋敷跡,想定震度,都心南部直下地震,想定震度｜都心南部直下地震
13104:143,seismic,都心南部直下地震,5.9,6弱,,,13104,新宿区,Unknown,Unknown,未判定,未細分,point,三遊亭円朝旧居跡,想定震度,都心南部直下地震,想定震度｜都心南部直下地震
13104:144,seismic,都心南部直下地震,5.831,6弱,,,13104,新宿区,Unknown,Unknown,未判定,未細分,point,夏目漱石誕生の地,想定震度,都心南部直下地震,想定震度｜都心南部直下地震
13104:145,seismic,都心南部直下地震,5.838,6弱,,,13104,新宿区,Unknown,Unknown,未判定,未細分,point,夏目漱石終焉の地,想定震度,都心南部直下地震,想定震度｜都心南部直下地震
13104:146,seismic,都心南部直下地震,5.895,6弱,,,13104,新宿区,Unknown,Unknown,未判定,未細分,point,便々館湖鯉鮒狂歌碑,想定震度,都心南部直下地震,想定震度｜都心南部直下地震
13104:147,seismic,都心南部直下地震,5.811,6弱,,,13104,新宿区,Unknown,Unknown,未判定,未細分,point,永井荷風旧居跡,想定震度,都心南部直下地震,想定震度｜都心南部直下地震
13104:148,seismic,都心南部直下地震,6.022,6強以上,,,13104,新宿区,Unknown,Unknown,未判定,未細分,point,岡崎三郎信康供養塔,想定震度,都心南部直下地震,想定震度｜都心南部直下地震
13104:149,seismic,都心南部直下地震,6.061,6強以上,,,13104,新宿区,Unknown,Unknown,未判定,未細分,point,榊原鍵吉の墓,想定震度,都心南部直下地震,想定震度｜都心南部直下地震
13104:150,seismic,都心南部直下地震,5.83,6弱,,,13104,新宿区,Unknown,Unknown,未判定,未細分,point,平秩東作の墓,想定震度,都心南部直下地震,想定震度｜都心南部直下地震
13104:151,seismic,都心南部直下地震,5.912,6弱,,,13104,新宿区,Unknown,Unknown,未判定,未細分,point,二葉亭四迷旧居跡,想定震度,都心南部直下地震,想定震度｜都心南部直下地震
13104:152,seismic,都心南部直下地震,5.862,6弱,,,13104,新宿区,Unknown,Unknown,未判定,未細分,point,大和田建樹終焉の地,想定震度,都心南部直下地震,想定震度｜都心南部直下地震
13104:153,seismic,都心南部直下地震,5.79,6弱,,,13104,新宿区,Unknown,Unknown,未判定,未細分,point,有島武郎旧居跡,想定震度,都心南部直下地震,想定震度｜都心南部直下地震
13104:154,seismic,都心南部直下地震,5.796,6弱,,,13104,新宿区,Unknown,Unknown,未判定,未細分,point,島村抱月終焉の地 (芸術倶楽部跡),想定震度,都心南部直下地震,想定震度｜都心南部直下地震
13104:155,seismic,都心南部直下地震,5.9,6弱,,,13104,新宿区,Unknown,Unknown,未判定,未細分,point,内藤正勝の墓,想定震度,都心南部直下地震,想定震度｜都心南部直下地震
13104:156,seismic,都心南部直下地震,5.895,6弱,,,13104,新宿区,Unknown,Unknown,未判定,未細分,point,筒井政憲の墓,想定震度,都心南部直下地震,想定震度｜都心南部直下地震
13104:157,seismic,都心南部直下地震,5.849,6弱,,,13104,新宿区,Unknown,Unknown,未判定,未細分,point,小泉八雲終焉の地,想定震度,都心南部直下地震,想定震度｜都心南部直下地震
13104:158,seismic,都心南部直下地震,5.841,6弱,,,13104,新宿区,Unknown,Unknown,未判定,未細分,point,紅皿の墓,想定震度,都心南部直下地震,想定震度｜都心南部直下地震
13104:159,seismic,都心南部直下地震,5.819,6弱,,,13104,新宿区,Unknown,Unknown,未判定,未細分,point,坪内逍遙旧居跡(文芸協会演劇研究所跡),想定震度,都心南部直下地震,想定震度｜都心南部直下地震
13104:160,seismic,都心南部直下地震,5.813,6弱,,,13104,新宿区,Unknown,Unknown,未判定,未細分,point,佐伯祐三アトリエの地,想定震度,都心南部直下地震,想定震度｜都心南部直下地震
13104:161,seismic,都心南部直下地震,5.967,6弱,,,13104,新宿区,Unknown,Unknown,未判定,未細分,point,滝沢馬琴終焉の地,想定震度,都心南部直下地震,想定震度｜都心南部直下地震
13104:162,seismic,都心南部直下地震,5.944,6弱,,,13104,新宿区,Unknown,Unknown,未判定,未細分,point,柳田國男旧居跡,想定震度,都心南部直下地震,想定震度｜都心南部直下地震
13104:163,seismic,都心南部直下地震,5.952,6弱,,,13104,新宿区,Unknown,Unknown,未判定,未細分,point,斎藤茂吉終焉の地,想定震度,都心南部直下地震,想定震度｜都心南部直下地震
13104:164,seismic,都心南部直下地震,5.78,6弱,,,13104,新宿区,Unknown,Unknown,未判定,未細分,point,下村湖人終焉の地,想定震度,都心南部直下地震,想定震度｜都心南部直下地震
13104:165,seismic,都心南部直下地震,5.657,6弱,,,13104,新宿区,Unknown,Unknown,未判定,未細分,point,落合秋艸堂跡(會津八一旧居跡),想定震度,都心南部直下地震,想定震度｜都心南部直下地震
13104:166,seismic,都心南部直下地震,5.761,6弱,,,13104,新宿区,Unknown,Unknown,未判定,未細分,point,西條八十旧居跡,想定震度,都心南部直下地震,想定震度｜都心南部直下地震
13104:167,seismic,都心南部直下地震,5.789,6弱,,,13104,新宿区,Unknown,Unknown,未判定,未細分,point,女人芸術社跡(長谷川時雨・三上於菟吉旧居跡),想定震度,都心南部直下地震,想定震度｜都心南部直下地震
13104:168,seismic,都心南部直下地震,5.913,6弱,,,13104,新宿区,Unknown,Unknown,未判定,未細分,point,内村鑑三終焉の地(今井館聖書講堂跡),想定震度,都心南部直下地震,想定震度｜都心南部直下地震
13104:169,seismic,都心南部直下地震,5.893,6弱,,,13104,新宿区,Unknown,Unknown,未判定,未細分,point,鈴木三重吉終焉の地(「赤い鳥」社跡),想定震度,都心南部直下地震,想定震度｜都心南部直下地震
13104:170,seismic,都心南部直下地震,5.832,6弱,,,13104,新宿区,Unknown,Unknown,未判定,未細分,point,鏑木清方旧居跡,想定震度,都心南部直下地震,想定震度｜都心南部直下地震
13104:171,seismic,都心南部直下地震,5.887,6弱,,,13104,新宿区,Unknown,Unknown,未判定,未細分,point,辰野金吾の墓,想定震度,都心南部直下地震,想定震度｜都心南部直下地震
13104:172,seismic,都心南部直下地震,5.747,6弱,,,13104,新宿区,Unknown,Unknown,未判定,未細分,point,牛込城跡,想定震度,都心南部直下地震,想定震度｜都心南部直下地震
13104:173,seismic,都心南部直下地震,5.815,6弱,,,13104,新宿区,Unknown,Unknown,未判定,未細分,point,富塚跡,想定震度,都心南部直下地震,想定震度｜都心南部直下地震
13104:174,seismic,都心南部直下地震,5.747,6弱,,,13104,新宿区,Unknown,Unknown,未判定,未細分,point,便々館湖鯉鮒の墓,想定震度,都心南部直下地震,想定震度｜都心南部直下地震
13104:175,seismic,都心南部直下地震,5.934,6弱,,,13104,新宿区,Unknown,Unknown,未判定,未細分,point,成子天神社の富士塚,想定震度,都心南部直下地震,想定震度｜都心南部直下地震
13104:176,seismic,都心南部直下地震,5.807,6弱,,,13104,新宿区,Unknown,Unknown,未判定,未細分,point,生田春月旧居跡,想定震度,都心南部直下地震,想定震度｜都心南部直下地震
13104:177,seismic,都心南部直下地震,5.803,6弱,,,13104,新宿区,Unknown,Unknown,未判定,未細分,point,泉鏡花旧居跡,想定震度,都心南部直下地震,想定震度｜都心南部直下地震
13104:178,seismic,都心南部直下地震,5.648,6弱,,,13104,新宿区,Unknown,Unknown,未判定,未細分,point,林芙美子終焉の地,想定震度,都心南部直下地震,想定震度｜都心南部直下地震
13104:179,seismic,都心南部直下地震,5.9,6弱,,,13104,新宿区,Unknown,Unknown,未判定,未細分,point,塚本明毅の墓碑,想定震度,都心南部直下地震,想定震度｜都心南部直下地震
13104:180,seismic,都心南部直下地震,5.879,6弱,,,13104,新宿区,Unknown,Unknown,未判定,未細分,point,萩原宗固の墓,想定震度,都心南部直下地震,想定震度｜都心南部直下地震
13104:181,seismic,都心南部直下地震,5.851,6弱,,,13104,新宿区,Unknown,Unknown,未判定,未細分,point,吉川湊一の墓,想定震度,都心南部直下地震,想定震度｜都心南部直下地震
13104:182,seismic,都心南部直下地震,5.812,6弱,,,13104,新宿区,Unknown,Unknown,未判定,未細分,point,東京府仮小学第三校跡,想定震度,都心南部直下地震,想定震度｜都心南部直下地震
13104:183,seismic,都心南部直下地震,6.237,6強以上,,,13104,新宿区,Unknown,Unknown,未判定,未細分,point,シイ,想定震度,都心南部直下地震,想定震度｜都心南部直下地震
13104:184,seismic,都心南部直下地震,5.842,6弱,,,13104,新宿区,Unknown,Unknown,未判定,未細分,point,イチョウ,想定震度,都心南部直下地震,想定震度｜都心南部直下地震
13104:185,seismic,都心南部直下地震,5.855,6弱,,,13104,新宿区,Unknown,Unknown,未判定,未細分,point,末広亭,想定震度,都心南部直下地震,想定震度｜都心南部直下地震
13104:186,seismic,都心南部直下地震,5.778,6弱,,,13104,新宿区,Unknown,Unknown,未判定,未細分,point,歌舞伎町建設記念碑,想定震度,都心南部直下地震,想定震度｜都心南部直下地震
13104:187,seismic,都心南部直下地震,5.834,6弱,,,13104,新宿区,Unknown,Unknown,未判定,未細分,point,六桜社跡,想定震度,都心南部直下地震,想定震度｜都心南部直下地震
13104:188,seismic,都心南部直下地震,5.742,6弱,,,13104,新宿区,Unknown,Unknown,未判定,未細分,point,佐々木活字店,想定震度,都心南部直下地震,想定震度｜都心南部直下地震
13104:189,seismic,都心南部直下地震,5.732,6弱,,,13104,新宿区,Unknown,Unknown,未判定,未細分,point,近衛篤麿公記念碑,想定震度,都心南部直下地震,想定震度｜都心南部直下地震
13104:190,seismic,都心南部直下地震,5.891,6弱,,,13104,新宿区,Unknown,Unknown,未判定,未細分,point,花園神社の二宮尊徳像,想定震度,都心南部直下地震,想定震度｜都心南部直下地震
13104:191,seismic,都心南部直下地震,5.892,6弱,,,13104,新宿区,Unknown,Unknown,未判定,未細分,point,長谷川平蔵埋葬の地,想定震度,都心南部直下地震,想定震度｜都心南部直下地震
13104:192,seismic,都心南部直下地震,5.867,6弱,,,13104,新宿区,Unknown,Unknown,未判定,未細分,point,神楽坂の東八拳,想定震度,都心南部直下地震,想定震度｜都心南部直下地震
13104:193,seismic,都心南部直下地震,5.792,6弱,,,13104,新宿区,Unknown,Unknown,未判定,未細分,point,神楽坂をどり,想定震度,都心南部直下地震,想定震度｜都心南部直下地震
13104:194,seismic,都心南部直下地震,5.743,6弱,,,13104,新宿区,Unknown,Unknown,未判定,未細分,point,旧近衛邸のケヤキ,想定震度,都心南部直下地震,想定震度｜都心南部直下地震
13104:195,seismic,都心南部直下地震,5.908,6弱,,,13104,新宿区,Unknown,Unknown,未判定,未細分,point,オブジェ「歓び(PLAISIR)」,想定震度,都心南部直下地震,想定震度｜都心南部直下地震
13104:196,seismic,都心南部直下地震,5.822,6弱,,,13104,新宿区,Unknown,Unknown,未判定,未細分,point,源兵衛子育地蔵尊の石造物群,想定震度,都心南部直下地震,想定震度｜都心南部直下地震
13104:197,seismic,都心南部直下地震,5.822,6弱,,,13104,新宿区,Unknown,Unknown,未判定,未細分,point,彰忠碑,想定震度,都心南部直下地震,想定震度｜都心南部直下地震
13104:198,seismic,都心南部直下地震,5.781,6弱,,,13104,新宿区,Unknown,Unknown,未判定,未細分,point,太平洋戦争本土初空襲の地跡,想定震度,都心南部直下地震,想定震度｜都心南部直下地震
13104:199,seismic,都心南部直下地震,5.841,6弱,,,13104,新宿区,Unknown,Unknown,未判定,未細分,point,名曲喫茶らんぶる,想定震度,都心南部直下地震,想定震度｜都心南部直下地震
13104:200,seismic,都心南部直下地震,5.713,6弱,,,13104,新宿区,Unknown,Unknown,未判定,未細分,point,西落合耕地整理記念碑,想定震度,都心南部直下地震,想定震度｜都心南部直下地震
13104:201,seismic,都心南部直下地震,5.786,6弱,,,13104,新宿区,Unknown,Unknown,未判定,未細分,point,旧淀橋浄水場蝶型弁,想定震度,都心南部直下地震,想定震度｜都心南部直下地震
13104:202,seismic,都心南部直下地震,5.834,6弱,,,13104,新宿区,Unknown,Unknown,未判定,未細分,point,旧淀橋浄水場六角堂,想定震度,都心南部直下地震,想定震度｜都心南部直下地震
13104:203,seismic,都心南部直下地震,5.948,6弱,,,13104,新宿区,Unknown,Unknown,未判定,未細分,point,巴講睦の獅子図屏風,想定震度,都心南部直下地震,想定震度｜都心南部直下地震
13104:204,seismic,都心南部直下地震,5.851,6弱,,,13104,新宿区,Unknown,Unknown,未判定,未細分,point,服部良一旧居跡,想定震度,都心南部直下地震,想定震度｜都心南部直下地震
13104:205,seismic,都心南部直下地震,5.809,6弱,,,13104,新宿区,Unknown,Unknown,未判定,未細分,point,天祖神社の神門,想定震度,都心南部直下地震,想定震度｜都心南部直下地震
13104:206,seismic,都心南部直下地震,5.809,6弱,,,13104,新宿区,Unknown,Unknown,未判定,未細分,point,戸山射撃場跡,想定震度,都心南部直下地震,想定震度｜都心南部直下地震
13104:207,seismic,都心南部直下地震,5.831,6弱,,,13104,新宿区,Unknown,Unknown,未判定,未細分,point,喜久井町 戦災者供養観音像,想定震度,都心南部直下地震,想定震度｜都心南部直下地震
13104:208,seismic,都心南部直下地震,5.9,6弱,,,13104,新宿区,Unknown,Unknown,未判定,未細分,point,白糸塚,想定震度,都心南部直下地震,想定震度｜都心南部直下地震
13104:209,seismic,都心南部直下地震,5.803,6弱,,,13104,新宿区,Unknown,Unknown,未判定,未細分,point,獅子吼会の山門,想定震度,都心南部直下地震,想定震度｜都心南部直下地震
13104:210,seismic,都心南部直下地震,5.784,6弱,,,13104,新宿区,Unknown,Unknown,未判定,未細分,point,田島森碑,想定震度,都心南部直下地震,想定震度｜都心南部直下地震
13104:211,seismic,都心南部直下地震,5.891,6弱,,,13104,新宿区,Unknown,Unknown,未判定,未細分,point,忠魂碑,想定震度,都心南部直下地震,想定震度｜都心南部直下地震
13104:212,seismic,都心南部直下地震,5.792,6弱,,,13104,新宿区,Unknown,Unknown,未判定,未細分,point,祭馬碑,想定震度,都心南部直下地震,想定震度｜都心南部直下地震
13104:213,seismic,都心南部直下地震,5.659,6弱,,,13104,新宿区,Unknown,Unknown,未判定,未細分,point,渡辺玉花旧居,想定震度,都心南部直下地震,想定震度｜都心南部直下地震
13104:214,seismic,都心南部直下地震,5.87,6弱,,,13104,新宿区,Unknown,Unknown,未判定,未細分,point,花園アパート跡,想定震度,都心南部直下地震,想定震度｜都心南部直下地震
13104:215,seismic,都心南部直下地震,5.865,6弱,,,13104,新宿区,Unknown,Unknown,未判定,未細分,point,美濃国高須藩主 松平家上屋敷跡,想定震度,都心南部直下地震,想定震度｜都心南部直下地震
13104:216,seismic,都心南部直下地震,5.934,6弱,,,13104,新宿区,Unknown,Unknown,未判定,未細分,point,水準点II号,想定震度,都心南部直下地震,想定震度｜都心南部直下地震
13104:217,seismic,都心南部直下地震,5.938,6弱,,,13104,新宿区,Unknown,Unknown,未判定,未細分,point,東京若葉キリスト教会,想定震度,都心南部直下地震,想定震度｜都心南部直下地震
13104:218,seismic,都心南部直下地震,5.773,6弱,,,13104,新宿区,Unknown,Unknown,未判定,未細分,point,稲荷鬼王神社の節分祭,想定震度,都心南部直下地震,想定震度｜都心南部直下地震
13104:219,seismic,都心南部直下地震,5.786,6弱,,,13104,新宿区,Unknown,Unknown,未判定,未細分,point,中井御霊神社の節分祭,想定震度,都心南部直下地震,想定震度｜都心南部直下地震
13104:220,seismic,都心南部直下地震,5.891,6弱,,,13104,新宿区,Unknown,Unknown,未判定,未細分,point,花園神社の節分祭,想定震度,都心南部直下地震,想定震度｜都心南部直下地震
13104:221,seismic,都心南部直下地震,5.607,6弱,,,13104,新宿区,Unknown,Unknown,未判定,未細分,point,氷川神社の節分祭,想定震度,都心南部直下地震,想定震度｜都心南部直下地震
13104:222,seismic,都心南部直下地震,5.768,6弱,,,13104,新宿区,Unknown,Unknown,未判定,未細分,point,鎧神社の節分祭,想定震度,都心南部直下地震,想定震度｜都心南部直下地震
13104:223,seismic,都心南部直下地震,5.8,6弱,,,13104,新宿区,Unknown,Unknown,未判定,未細分,point,自性院の節分会,想定震度,都心南部直下地震,想定震度｜都心南部直下地震
13104:224,seismic,都心南部直下地震,5.938,6弱,,,13104,新宿区,Unknown,Unknown,未判定,未細分,point,有隣園跡,想定震度,都心南部直下地震,想定震度｜都心南部直下地震
13104:225,seismic,都心南部直下地震,5.9,6弱,,,13104,新宿区,Unknown,Unknown,未判定,未細分,point,太宗寺の閻魔大王開帳,想定震度,都心南部直下地震,想定震度｜都心南部直下地震
13104:226,seismic,都心南部直下地震,5.9,6弱,,,13104,新宿区,Unknown,Unknown,未判定,未細分,point,太宗寺の大震災紀念碑,想定震度,都心南部直下地震,想定震度｜都心南部直下地震
13104:227,seismic,都心南部直下地震,5.718,6弱,,,13104,新宿区,Unknown,Unknown,未判定,未細分,point,放生寺の水掛け地蔵と大震火災死亡群霊塔,想定震度,都心南部直下地震,想定震度｜都心南部直下地震
13104:228,seismic,都心南部直下地震,6.124,6強以上,,,13104,新宿区,Unknown,Unknown,未判定,未細分,point,文学座アトリエ,想定震度,都心南部直下地震,想定震度｜都心南部直下地震
13104:230,seismic,都心南部直下地震,5.687,6弱,,,13104,新宿区,Unknown,Unknown,未判定,未細分,point,弘文学院跡,想定震度,都心南部直下地震,想定震度｜都心南部直下地震
13104:231,seismic,都心南部直下地震,5.887,6弱,,,13104,新宿区,Unknown,Unknown,未判定,未細分,point,ムーラン・ルージュ新宿座跡,想定震度,都心南部直下地震,想定震度｜都心南部直下地震
official_export_001:19,seismic,都心南部直下地震,5.768,6弱,,,13104,新宿区,National,Designated,有形文化財,建造物,building_direct,学習院旧正門,想定震度,都心南部直下地震,想定震度｜都心南部直下地震
official_export_001:43,seismic,都心南部直下地震,5.752,6弱,,,13104,新宿区,National,Designated,有形文化財,建造物,building_direct,旧馬場家牛込邸,想定震度,都心南部直下地震,想定震度｜都心南部直下地震
official_export_001:79,seismic,都心南部直下地震,5.914,6弱,,,13104,新宿区,National,Designated,有形文化財,建造物,building_direct,新宿御苑旧洋館御休所,想定震度,都心南部直下地震,想定震度｜都心南部直下地震
official_export_001:84,seismic,都心南部直下地震,5.974,6弱,,,13104,新宿区,National,Designated,有形文化財,建造物,building_direct,聖徳記念絵画館,想定震度,都心南部直下地震,想定震度｜都心南部直下地震
official_export_001:197,seismic,都心南部直下地震,5.8,6弱,,,13104,新宿区,National,Designated,有形文化財,建造物,building_direct,早稲田大学大隈記念講堂,想定震度,都心南部直下地震,想定震度｜都心南部直下地震
official_export_002:11,seismic,都心南部直下地震,5.803,6弱,,,13104,新宿区,National,Registered,有形文化財,建造物,building_direct,新井家住宅主屋,想定震度,都心南部直下地震,想定震度｜都心南部直下地震
official_export_002:33,seismic,都心南部直下地震,5.796,6弱,,,13104,新宿区,National,Registered,有形文化財,建造物,building_direct,一水寮,想定震度,都心南部直下地震,想定震度｜都心南部直下地震
official_export_002:158,seismic,都心南部直下地震,5.655,6弱,,,13104,新宿区,National,Registered,有形文化財,建造物,building_direct,旧島津家住宅アトリエ,想定震度,都心南部直下地震,想定震度｜都心南部直下地震
official_export_002:167,seismic,都心南部直下地震,5.756,6弱,,,13104,新宿区,National,Registered,有形文化財,建造物,building_direct,旧常盤家本館(石合家住宅主屋),想定震度,都心南部直下地震,想定震度｜都心南部直下地震
official_export_002:201,seismic,都心南部直下地震,5.798,6弱,,,13104,新宿区,National,Registered,有形文化財,建造物,building_direct,栗原家住宅稲荷社及び石鳥居,想定震度,都心南部直下地震,想定震度｜都心南部直下地震
official_export_002:202,seismic,都心南部直下地震,5.798,6弱,,,13104,新宿区,National,Registered,有形文化財,建造物,building_direct,栗原家住宅蔵,想定震度,都心南部直下地震,想定震度｜都心南部直下地震
official_export_002:203,seismic,都心南部直下地震,5.798,6弱,,,13104,新宿区,National,Registered,有形文化財,建造物,building_direct,栗原家住宅主屋,想定震度,都心南部直下地震,想定震度｜都心南部直下地震
official_export_002:204,seismic,都心南部直下地震,5.798,6弱,,,13104,新宿区,National,Registered,有形文化財,建造物,building_direct,栗原家住宅門柱及び塀,想定震度,都心南部直下地震,想定震度｜都心南部直下地震
official_export_002:269,seismic,都心南部直下地震,5.867,6弱,,,13104,新宿区,National,Registered,有形文化財,建造物,building_direct,新潮社倉庫,想定震度,都心南部直下地震,想定震度｜都心南部直下地震
official_export_002:270,seismic,都心南部直下地震,5.867,6弱,,,13104,新宿区,National,Registered,有形文化財,建造物,building_direct,新潮社本館,想定震度,都心南部直下地震,想定震度｜都心南部直下地震
official_export_002:273,seismic,都心南部直下地震,5.834,6弱,,,13104,新宿区,National,Registered,有形文化財,建造物,building_direct,鈴木家住宅主屋,想定震度,都心南部直下地震,想定震度｜都心南部直下地震
official_export_002:295,seismic,都心南部直下地震,5.867,6弱,,,13104,新宿区,National,Registered,有形文化財,建造物,building_direct,高橋建築事務所社屋,想定震度,都心南部直下地震,想定震度｜都心南部直下地震
official_export_002:388,seismic,都心南部直下地震,5.752,6弱,,,13104,新宿区,National,Registered,有形文化財,建造物,building_direct,日本バプテストキリスト教目白ヶ丘教会礼拝堂,想定震度,都心南部直下地震,想定震度｜都心南部直下地震
official_export_002:433,seismic,都心南部直下地震,5.752,6弱,,,13104,新宿区,National,Registered,有形文化財,建造物,building_direct,宮城道雄記念館検校の間,想定震度,都心南部直下地震,想定震度｜都心南部直下地震
official_export_002:456,seismic,都心南部直下地震,5.91,6弱,,,13104,新宿区,National,Registered,有形文化財,建造物,building_direct,安与ビル,想定震度,都心南部直下地震,想定震度｜都心南部直下地震
official_export_002:465,seismic,都心南部直下地震,5.848,6弱,,,13104,新宿区,National,Registered,有形文化財,建造物,building_direct,矢来能楽堂,想定震度,都心南部直下地震,想定震度｜都心南部直下地震
official_export_003:47,seismic,都心南部直下地震,5.663,6弱,,,13104,新宿区,National,Designated,記念物,天然記念物,point,哲学堂公園,想定震度,都心南部直下地震,想定震度｜都心南部直下地震
official_export_003:69,seismic,都心南部直下地震,5.85,6弱,,,13104,新宿区,National,Designated,記念物,天然記念物,point,山鹿素行墓,想定震度,都心南部直下地震,想定震度｜都心南部直下地震
official_export_003:75,seismic,都心南部直下地震,5.802,6弱,,,13104,新宿区,National,Designated,記念物,天然記念物,point,林氏墓地,想定震度,都心南部直下地震,想定震度｜都心南部直下地震
13104:0,seismic,都心東部直下地震,5.846,6弱,,,13104,新宿区,Unknown,Unknown,未判定,未細分,point,市谷亀岡八幡宮の銅鳥居,想定震度,都心東部直下地震,想定震度｜都心東部直下地震
13104:1,seismic,都心東部直下地震,5.891,6弱,,,13104,新宿区,Unknown,Unknown,未判定,未細分,point,早稲田大学 坪内博士記念演劇博物館,想定震度,都心東部直下地震,想定震度｜都心東部直下地震
13104:2,seismic,都心東部直下地震,5.879,6弱,,,13104,新宿区,Unknown,Unknown,未判定,未細分,point,浄栄寺の山門「甘露門」,想定震度,都心東部直下地震,想定震度｜都心東部直下地震
13104:3,seismic,都心東部直下地震,5.91,6弱,,,13104,新宿区,Unknown,Unknown,未判定,未細分,point,幸国寺の山門,想定震度,都心東部直下地震,想定震度｜都心東部直下地震
13104:4,seismic,都心東部直下地震,5.696,6弱,,,13104,新宿区,Unknown,Unknown,未判定,未細分,point,中井御霊神社の本殿・幣殿・拝殿,想定震度,都心東部直下地震,想定震度｜都心東部直下地震
13104:5,seismic,都心東部直下地震,5.82,6弱,,,13104,新宿区,Unknown,Unknown,未判定,未細分,point,亮朝院本堂,想定震度,都心東部直下地震,想定震度｜都心東部直下地震
13104:6,seismic,都心東部直下地震,5.82,6弱,,,13104,新宿区,Unknown,Unknown,未判定,未細分,point,亮朝院七面堂,想定震度,都心東部直下地震,想定震度｜都心東部直下地震
13104:7,seismic,都心東部直下地震,6.089,6強以上,,,13104,新宿区,Unknown,Unknown,未判定,未細分,point,永心寺本堂,想定震度,都心東部直下地震,想定震度｜都心東部直下地震
13104:8,seismic,都心東部直下地震,5.913,6弱,,,13104,新宿区,Unknown,Unknown,未判定,未細分,point,永心寺山門,想定震度,都心東部直下地震,想定震度｜都心東部直下地震
13104:9,seismic,都心東部直下地震,5.895,6弱,,,13104,新宿区,Unknown,Unknown,未判定,未細分,point,筑土八幡神社の石造鳥居,想定震度,都心東部直下地震,想定震度｜都心東部直下地震
13104:10,seismic,都心東部直下地震,5.884,6弱,,,13104,新宿区,Unknown,Unknown,未判定,未細分,point,西迎寺の阿弥陀如来座像,想定震度,都心東部直下地震,想定震度｜都心東部直下地震
13104:11,seismic,都心東部直下地震,5.876,6弱,,,13104,新宿区,Unknown,Unknown,未判定,未細分,point,中井出世不動尊像,想定震度,都心東部直下地震,想定震度｜都心東部直下地震
13104:12,seismic,都心東部直下地震,5.926,6弱,,,13104,新宿区,Unknown,Unknown,未判定,未細分,point,花園神社の唐獅子像,想定震度,都心東部直下地震,想定震度｜都心東部直下地震
13104:13,seismic,都心東部直下地震,5.909,6弱,,,13104,新宿区,Unknown,Unknown,未判定,未細分,point,太宗寺の三日月不動像,想定震度,都心東部直下地震,想定震度｜都心東部直下地震
13104:14,seismic,都心東部直下地震,5.787,6弱,,,13104,新宿区,Unknown,Unknown,未判定,未細分,point,熊野神社の水鉢,想定震度,都心東部直下地震,想定震度｜都心東部直下地震
13104:15,seismic,都心東部直下地震,5.82,6弱,,,13104,新宿区,Unknown,Unknown,未判定,未細分,point,亮朝院の金剛力士石像,想定震度,都心東部直下地震,想定震度｜都心東部直下地震
13104:16,seismic,都心東部直下地震,5.831,6弱,,,13104,新宿区,Unknown,Unknown,未判定,未細分,point,誓閑寺の梵鐘,想定震度,都心東部直下地震,想定震度｜都心東部直下地震
13104:17,seismic,都心東部直下地震,5.892,6弱,,,13104,新宿区,Unknown,Unknown,未判定,未細分,point,善国寺の毘沙門天像,想定震度,都心東部直下地震,想定震度｜都心東部直下地震
13104:18,seismic,都心東部直下地震,5.852,6弱,,,13104,新宿区,Unknown,Unknown,未判定,未細分,point,経王寺の大黒天像,想定震度,都心東部直下地震,想定震度｜都心東部直下地震
13104:19,seismic,都心東部直下地震,5.911,6弱,,,13104,新宿区,Unknown,Unknown,未判定,未細分,point,法善寺の七面明神像,想定震度,都心東部直下地震,想定震度｜都心東部直下地震
13104:20,seismic,都心東部直下地震,5.863,6弱,,,13104,新宿区,Unknown,Unknown,未判定,未細分,point,布袋像の水鉢,想定震度,都心東部直下地震,想定震度｜都心東部直下地震
13104:21,seismic,都心東部直下地震,5.947,6弱,,,13104,新宿区,Unknown,Unknown,未判定,未細分,point,須賀神社の三十六歌仙絵,想定震度,都心東部直下地震,想定震度｜都心東部直下地震
13104:22,seismic,都心東部直下地震,5.912,6弱,,,13104,新宿区,Unknown,Unknown,未判定,未細分,point,馬水槽,想定震度,都心東部直下地震,想定震度｜都心東部直下地震
13104:23,seismic,都心東部直下地震,5.821,6弱,,,13104,新宿区,Unknown,Unknown,未判定,未細分,point,天龍寺の時の鐘,想定震度,都心東部直下地震,想定震度｜都心東部直下地震
13104:24,seismic,都心東部直下地震,5.821,6弱,,,13104,新宿区,Unknown,Unknown,未判定,未細分,point,天龍寺のやぐら時計,想定震度,都心東部直下地震,想定震度｜都心東部直下地震
13104:25,seismic,都心東部直下地震,5.891,6弱,,,13104,新宿区,Unknown,Unknown,未判定,未細分,point,大隈重信銅像,想定震度,都心東部直下地震,想定震度｜都心東部直下地震
13104:26,seismic,都心東部直下地震,5.987,6弱,,,13104,新宿区,Unknown,Unknown,未判定,未細分,point,長善寺(笹寺)のめのう観音像,想定震度,都心東部直下地震,想定震度｜都心東部直下地震
13104:27,seismic,都心東部直下地震,5.819,6弱,,,13104,新宿区,Unknown,Unknown,未判定,未細分,point,鬼王神社の水鉢,想定震度,都心東部直下地震,想定震度｜都心東部直下地震
13104:28,seismic,都心東部直下地震,5.994,6弱,,,13104,新宿区,Unknown,Unknown,未判定,未細分,point,聖徳太子画像,想定震度,都心東部直下地震,想定震度｜都心東部直下地震
13104:29,seismic,都心東部直下地震,5.909,6弱,,,13104,新宿区,Unknown,Unknown,未判定,未細分,point,太宗寺の観無量寿経曼荼羅,想定震度,都心東部直下地震,想定震度｜都心東部直下地震
13104:30,seismic,都心東部直下地震,5.787,6弱,,,13104,新宿区,Unknown,Unknown,未判定,未細分,point,七人役者図絵馬,想定震度,都心東部直下地震,想定震度｜都心東部直下地震
13104:31,seismic,都心東部直下地震,5.911,6弱,,,13104,新宿区,Unknown,Unknown,未判定,未細分,point,阿弥陀三尊来迎図(専福寺),想定震度,都心東部直下地震,想定震度｜都心東部直下地震
13104:32,seismic,都心東部直下地震,5.888,6弱,,,13104,新宿区,Unknown,Unknown,未判定,未細分,point,木造阿弥陀如来立像,想定震度,都心東部直下地震,想定震度｜都心東部直下地震
13104:33,seismic,都心東部直下地震,5.843,6弱,,,13104,新宿区,Unknown,Unknown,未判定,未細分,point,木造地蔵菩薩坐像,想定震度,都心東部直下地震,想定震度｜都心東部直下地震
13104:34,seismic,都心東部直下地震,5.843,6弱,,,13104,新宿区,Unknown,Unknown,未判定,未細分,point,阿弥陀三尊来迎図(光照寺),想定震度,都心東部直下地震,想定震度｜都心東部直下地震
13104:35,seismic,都心東部直下地震,5.843,6弱,,,13104,新宿区,Unknown,Unknown,未判定,未細分,point,法然上人画像,想定震度,都心東部直下地震,想定震度｜都心東部直下地震
13104:36,seismic,都心東部直下地震,5.994,6弱,,,13104,新宿区,Unknown,Unknown,未判定,未細分,point,西光庵の観無量寿経曼荼羅,想定震度,都心東部直下地震,想定震度｜都心東部直下地震
13104:37,seismic,都心東部直下地震,5.83,6弱,,,13104,新宿区,Unknown,Unknown,未判定,未細分,point,天瑞元堤像 谷文晁筆,想定震度,都心東部直下地震,想定震度｜都心東部直下地震
13104:38,seismic,都心東部直下地震,5.83,6弱,,,13104,新宿区,Unknown,Unknown,未判定,未細分,point,謙堂文益像 谷文晁筆,想定震度,都心東部直下地震,想定震度｜都心東部直下地震
13104:39,seismic,都心東部直下地震,5.83,6弱,,,13104,新宿区,Unknown,Unknown,未判定,未細分,point,八大龍王図 谷文晁筆,想定震度,都心東部直下地震,想定震度｜都心東部直下地震
13104:40,seismic,都心東部直下地震,5.83,6弱,,,13104,新宿区,Unknown,Unknown,未判定,未細分,point,十大弟子図 谷文晁筆,想定震度,都心東部直下地震,想定震度｜都心東部直下地震
13104:41,seismic,都心東部直下地震,5.906,6弱,,,13104,新宿区,Unknown,Unknown,未判定,未細分,point,永福寺の銅造大日如来坐像,想定震度,都心東部直下地震,想定震度｜都心東部直下地震
13104:42,seismic,都心東部直下地震,5.906,6弱,,,13104,新宿区,Unknown,Unknown,未判定,未細分,point,永福寺の銅造地蔵菩薩半跏像,想定震度,都心東部直下地震,想定震度｜都心東部直下地震
13104:43,seismic,都心東部直下地震,5.826,6弱,,,13104,新宿区,Unknown,Unknown,未判定,未細分,point,済松寺の加藤文麗筆絵画作品,想定震度,都心東部直下地震,想定震度｜都心東部直下地震
13104:44,seismic,都心東部直下地震,5.848,6弱,,,13104,新宿区,Unknown,Unknown,未判定,未細分,point,谷文晁の絵,想定震度,都心東部直下地震,想定震度｜都心東部直下地震
13104:45,seismic,都心東部直下地震,5.848,6弱,,,13104,新宿区,Unknown,Unknown,未判定,未細分,point,月見岡八幡神社の鰐口,想定震度,都心東部直下地震,想定震度｜都心東部直下地震
13104:46,seismic,都心東部直下地震,5.846,6弱,,,13104,新宿区,Unknown,Unknown,未判定,未細分,point,市谷亀岡八幡宮の軍配団扇,想定震度,都心東部直下地震,想定震度｜都心東部直下地震
13104:47,seismic,都心東部直下地震,6.042,6強以上,,,13104,新宿区,Unknown,Unknown,未判定,未細分,point,林光寺の高僧先達連座画像,想定震度,都心東部直下地震,想定震度｜都心東部直下地震
13104:48,seismic,都心東部直下地震,5.843,6弱,,,13104,新宿区,Unknown,Unknown,未判定,未細分,point,木造十一面観音坐像,想定震度,都心東部直下地震,想定震度｜都心東部直下地震
13104:49,seismic,都心東部直下地震,5.82,6弱,,,13104,新宿区,Unknown,Unknown,未判定,未細分,point,亮朝院の梵鐘,想定震度,都心東部直下地震,想定震度｜都心東部直下地震
13104:50,seismic,都心東部直下地震,5.761,6弱,,,13104,新宿区,Unknown,Unknown,未判定,未細分,point,宝泉寺の梵鐘,想定震度,都心東部直下地震,想定震度｜都心東部直下地震
13104:51,seismic,都心東部直下地震,5.831,6弱,,,13104,新宿区,Unknown,Unknown,未判定,未細分,point,銅造地蔵菩薩半跏像,想定震度,都心東部直下地震,想定震度｜都心東部直下地震
13104:52,seismic,都心東部直下地震,5.925,6弱,,,13104,新宿区,Unknown,Unknown,未判定,未細分,point,正受院の梵鐘,想定震度,都心東部直下地震,想定震度｜都心東部直下地震
13104:53,seismic,都心東部直下地震,5.884,6弱,,,13104,新宿区,Unknown,Unknown,未判定,未細分,point,西迎寺の梵鐘,想定震度,都心東部直下地震,想定震度｜都心東部直下地震
13104:54,seismic,都心東部直下地震,5.845,6弱,,,13104,新宿区,Unknown,Unknown,未判定,未細分,point,浄栄寺の梵鐘,想定震度,都心東部直下地震,想定震度｜都心東部直下地震
13104:55,seismic,都心東部直下地震,5.863,6弱,,,13104,新宿区,Unknown,Unknown,未判定,未細分,point,善慶寺の梵鐘,想定震度,都心東部直下地震,想定震度｜都心東部直下地震
13104:56,seismic,都心東部直下地震,5.976,6弱,,,13104,新宿区,Unknown,Unknown,未判定,未細分,point,法雲寺の梵鐘,想定震度,都心東部直下地震,想定震度｜都心東部直下地震
13104:57,seismic,都心東部直下地震,5.85,6弱,,,13104,新宿区,Unknown,Unknown,未判定,未細分,point,圓照寺の梵鐘,想定震度,都心東部直下地震,想定震度｜都心東部直下地震
13104:58,seismic,都心東部直下地震,5.797,6弱,,,13104,新宿区,Unknown,Unknown,未判定,未細分,point,薬王院の梵鐘,想定震度,都心東部直下地震,想定震度｜都心東部直下地震
13104:59,seismic,都心東部直下地震,6.087,6強以上,,,13104,新宿区,Unknown,Unknown,未判定,未細分,point,西應寺の梵鐘,想定震度,都心東部直下地震,想定震度｜都心東部直下地震
13104:60,seismic,都心東部直下地震,5.838,6弱,,,13104,新宿区,Unknown,Unknown,未判定,未細分,point,光照寺の涅槃図,想定震度,都心東部直下地震,想定震度｜都心東部直下地震
13104:61,seismic,都心東部直下地震,6.108,6強以上,,,13104,新宿区,Unknown,Unknown,未判定,未細分,point,長安寺の六地蔵塔,想定震度,都心東部直下地震,想定震度｜都心東部直下地震
13104:62,seismic,都心東部直下地震,5.909,6弱,,,13104,新宿区,Unknown,Unknown,未判定,未細分,point,太宗寺墓地出土品,想定震度,都心東部直下地震,想定震度｜都心東部直下地震
13104:63,seismic,都心東部直下地震,5.994,6弱,,,13104,新宿区,Unknown,Unknown,未判定,未細分,point,小銅鐸,想定震度,都心東部直下地震,想定震度｜都心東部直下地震
13104:64,seismic,都心東部直下地震,5.994,6弱,,,13104,新宿区,Unknown,Unknown,未判定,未細分,point,隆起線文系土器,想定震度,都心東部直下地震,想定震度｜都心東部直下地震
13104:65,seismic,都心東部直下地震,5.994,6弱,,,13104,新宿区,Unknown,Unknown,未判定,未細分,point,下落合横穴墓出土品,想定震度,都心東部直下地震,想定震度｜都心東部直下地震
13104:66,seismic,都心東部直下地震,6.148,6強以上,,,13104,新宿区,Unknown,Unknown,未判定,未細分,point,一行院墓地出土品,想定震度,都心東部直下地震,想定震度｜都心東部直下地震
13104:67,seismic,都心東部直下地震,5.994,6弱,,,13104,新宿区,Unknown,Unknown,未判定,未細分,point,中村家文書,想定震度,都心東部直下地震,想定震度｜都心東部直下地震
13104:68,seismic,都心東部直下地震,6.042,6強以上,,,13104,新宿区,Unknown,Unknown,未判定,未細分,point,林光寺の歴代宗主銘,想定震度,都心東部直下地震,想定震度｜都心東部直下地震
13104:69,seismic,都心東部直下地震,5.82,6弱,,,13104,新宿区,Unknown,Unknown,未判定,未細分,point,亮朝院文書,想定震度,都心東部直下地震,想定震度｜都心東部直下地震
13104:70,seismic,都心東部直下地震,5.696,6弱,,,13104,新宿区,Unknown,Unknown,未判定,未細分,point,中井御霊神社文書,想定震度,都心東部直下地震,想定震度｜都心東部直下地震
13104:71,seismic,都心東部直下地震,5.875,6弱,,,13104,新宿区,Unknown,Unknown,未判定,未細分,point,長厳寺文書,想定震度,都心東部直下地震,想定震度｜都心東部直下地震
13104:72,seismic,都心東部直下地震,5.83,6弱,,,13104,新宿区,Unknown,Unknown,未判定,未細分,point,済松寺文書,想定震度,都心東部直下地震,想定震度｜都心東部直下地震
13104:73,seismic,都心東部直下地震,6.042,6強以上,,,13104,新宿区,Unknown,Unknown,未判定,未細分,point,林光寺文書,想定震度,都心東部直下地震,想定震度｜都心東部直下地震
13104:74,seismic,都心東部直下地震,5.919,6弱,,,13104,新宿区,Unknown,Unknown,未判定,未細分,point,大聖院文書,想定震度,都心東部直下地震,想定震度｜都心東部直下地震
13104:75,seismic,都心東部直下地震,5.934,6弱,,,13104,新宿区,Unknown,Unknown,未判定,未細分,point,法身寺文書,想定震度,都心東部直下地震,想定震度｜都心東部直下地震
13104:76,seismic,都心東部直下地震,5.925,6弱,,,13104,新宿区,Unknown,Unknown,未判定,未細分,point,旭地蔵,想定震度,都心東部直下地震,想定震度｜都心東部直下地震
13104:77,seismic,都心東部直下地震,5.925,6弱,,,13104,新宿区,Unknown,Unknown,未判定,未細分,point,子供合埋碑,想定震度,都心東部直下地震,想定震度｜都心東部直下地震
13104:78,seismic,都心東部直下地震,5.787,6弱,,,13104,新宿区,Unknown,Unknown,未判定,未細分,point,式三番奉納額,想定震度,都心東部直下地震,想定震度｜都心東部直下地震
13104:79,seismic,都心東部直下地震,5.934,6弱,,,13104,新宿区,Unknown,Unknown,未判定,未細分,point,旧鈴法寺江戸番所資料,想定震度,都心東部直下地震,想定震度｜都心東部直下地震
13104:80,seismic,都心東部直下地震,5.994,6弱,,,13104,新宿区,Unknown,Unknown,未判定,未細分,point,空印の石手水鉢,想定震度,都心東部直下地震,想定震度｜都心東部直下地震
13104:81,seismic,都心東部直下地震,5.928,6弱,,,13104,新宿区,Unknown,Unknown,未判定,未細分,point,堀部武庸加功遺跡之碑,想定震度,都心東部直下地震,想定震度｜都心東部直下地震
13104:82,seismic,都心東部直下地震,5.91,6弱,,,13104,新宿区,Unknown,Unknown,未判定,未細分,point,幸国寺の日蓮聖人六百遠忌供養塔,想定震度,都心東部直下地震,想定震度｜都心東部直下地震
13104:83,seismic,都心東部直下地震,5.909,6弱,,,13104,新宿区,Unknown,Unknown,未判定,未細分,point,太宗寺の切支丹灯籠,想定震度,都心東部直下地震,想定震度｜都心東部直下地震
13104:84,seismic,都心東部直下地震,5.843,6弱,,,13104,新宿区,Unknown,Unknown,未判定,未細分,point,諸国旅人供養碑,想定震度,都心東部直下地震,想定震度｜都心東部直下地震
13104:85,seismic,都心東部直下地震,6.061,6強以上,,,13104,新宿区,Unknown,Unknown,未判定,未細分,point,服部半蔵の槍,想定震度,都心東部直下地震,想定震度｜都心東部直下地震
13104:86,seismic,都心東部直下地震,5.899,6弱,,,13104,新宿区,Unknown,Unknown,未判定,未細分,point,駿馬塚の碑,想定震度,都心東部直下地震,想定震度｜都心東部直下地震
13104:87,seismic,都心東部直下地震,5.944,6弱,,,13104,新宿区,Unknown,Unknown,未判定,未細分,point,月桂寺の切支丹灯籠,想定震度,都心東部直下地震,想定震度｜都心東部直下地震
13104:88,seismic,都心東部直下地震,5.82,6弱,,,13104,新宿区,Unknown,Unknown,未判定,未細分,point,木造七面明神半跏像及び宮殿,想定震度,都心東部直下地震,想定震度｜都心東部直下地震
13104:89,seismic,都心東部直下地震,5.82,6弱,,,13104,新宿区,Unknown,Unknown,未判定,未細分,point,木造妙見菩薩立像及び宮殿,想定震度,都心東部直下地震,想定震度｜都心東部直下地震
13104:90,seismic,都心東部直下地震,5.82,6弱,,,13104,新宿区,Unknown,Unknown,未判定,未細分,point,木造諏訪大明神坐像及び宮殿,想定震度,都心東部直下地震,想定震度｜都心東部直下地震
13104:91,seismic,都心東部直下地震,5.841,6弱,,,13104,新宿区,Unknown,Unknown,未判定,未細分,point,市谷亀岡八幡宮の几号水準点(水鉢台座),想定震度,都心東部直下地震,想定震度｜都心東部直下地震
13104:93,seismic,都心東部直下地震,5.857,6弱,,,13104,新宿区,Unknown,Unknown,未判定,未細分,point,自証院の阿弥陀三尊種子板碑,想定震度,都心東部直下地震,想定震度｜都心東部直下地震
13104:94,seismic,都心東部直下地震,5.925,6弱,,,13104,新宿区,Unknown,Unknown,未判定,未細分,point,来迎寺の庚申塔,想定震度,都心東部直下地震,想定震度｜都心東部直下地震
13104:95,seismic,都心東部直下地震,5.925,6弱,,,13104,新宿区,Unknown,Unknown,未判定,未細分,point,正受院の奪衣婆像,想定震度,都心東部直下地震,想定震度｜都心東部直下地震
13104:96,seismic,都心東部直下地震,5.854,6弱,,,13104,新宿区,Unknown,Unknown,未判定,未細分,point,中井御霊神社の備射祭絵馬,想定震度,都心東部直下地震,想定震度｜都心東部直下地震
13104:97,seismic,都心東部直下地震,5.854,6弱,,,13104,新宿区,Unknown,Unknown,未判定,未細分,point,中井御霊神社の分木,想定震度,都心東部直下地震,想定震度｜都心東部直下地震
13104:98,seismic,都心東部直下地震,5.887,6弱,,,13104,新宿区,Unknown,Unknown,未判定,未細分,point,自性院の私年号板碑,想定震度,都心東部直下地震,想定震度｜都心東部直下地震
13104:99,seismic,都心東部直下地震,5.848,6弱,,,13104,新宿区,Unknown,Unknown,未判定,未細分,point,月見岡八幡神社の庚申塔,想定震度,都心東部直下地震,想定震度｜都心東部直下地震
13104:100,seismic,都心東部直下地震,5.821,6弱,,,13104,新宿区,Unknown,Unknown,未判定,未細分,point,狛犬型庚申塔,想定震度,都心東部直下地震,想定震度｜都心東部直下地震
13104:101,seismic,都心東部直下地震,5.909,6弱,,,13104,新宿区,Unknown,Unknown,未判定,未細分,point,太宗寺の閻魔像,想定震度,都心東部直下地震,想定震度｜都心東部直下地震
13104:102,seismic,都心東部直下地震,5.909,6弱,,,13104,新宿区,Unknown,Unknown,未判定,未細分,point,太宗寺の奪衣婆像,想定震度,都心東部直下地震,想定震度｜都心東部直下地震
13104:103,seismic,都心東部直下地震,5.791,6弱,,,13104,新宿区,Unknown,Unknown,未判定,未細分,point,葛谷御霊神社の力石,想定震度,都心東部直下地震,想定震度｜都心東部直下地震
13104:104,seismic,都心東部直下地震,5.954,6弱,,,13104,新宿区,Unknown,Unknown,未判定,未細分,point,成子天神社の力石,想定震度,都心東部直下地震,想定震度｜都心東部直下地震
13104:105,seismic,都心東部直下地震,5.854,6弱,,,13104,新宿区,Unknown,Unknown,未判定,未細分,point,雨乞のむしろ旗,想定震度,都心東部直下地震,想定震度｜都心東部直下地震
13104:106,seismic,都心東部直下地震,5.846,6弱,,,13104,新宿区,Unknown,Unknown,未判定,未細分,point,市谷亀岡八幡宮の力石,想定震度,都心東部直下地震,想定震度｜都心東部直下地震
13104:107,seismic,都心東部直下地震,5.895,6弱,,,13104,新宿区,Unknown,Unknown,未判定,未細分,point,筑土八幡神社の庚申塔,想定震度,都心東部直下地震,想定震度｜都心東部直下地震
13104:108,seismic,都心東部直下地震,5.942,6弱,,,13104,新宿区,Unknown,Unknown,未判定,未細分,point,尺八「放下着」一式ならびに普化尺八伝授関連資料,想定震度,都心東部直下地震,想定震度｜都心東部直下地震
13104:109,seismic,都心東部直下地震,5.892,6弱,,,13104,新宿区,Unknown,Unknown,未判定,未細分,point,善国寺の石虎,想定震度,都心東部直下地震,想定震度｜都心東部直下地震
13104:110,seismic,都心東部直下地震,5.854,6弱,,,13104,新宿区,Unknown,Unknown,未判定,未細分,point,中井御霊神社の狛犬,想定震度,都心東部直下地震,想定震度｜都心東部直下地震
13104:111,seismic,都心東部直下地震,5.994,6弱,,,13104,新宿区,Unknown,Unknown,未判定,未細分,point,巴講睦の獅子頭,想定震度,都心東部直下地震,想定震度｜都心東部直下地震
13104:112,seismic,都心東部直下地震,6.148,6強以上,,,13104,新宿区,Unknown,Unknown,未判定,未細分,point,一行院の板碑,想定震度,都心東部直下地震,想定震度｜都心東部直下地震
13104:113,seismic,都心東部直下地震,5.857,6弱,,,13104,新宿区,Unknown,Unknown,未判定,未細分,point,塞神三柱の塔,想定震度,都心東部直下地震,想定震度｜都心東部直下地震
13104:114,seismic,都心東部直下地震,5.888,6弱,,,13104,新宿区,Unknown,Unknown,未判定,未細分,point,全龍寺の庚申塔,想定震度,都心東部直下地震,想定震度｜都心東部直下地震
13104:115,seismic,都心東部直下地震,5.876,6弱,,,13104,新宿区,Unknown,Unknown,未判定,未細分,point,慈雲山観音寺の庚申塔,想定震度,都心東部直下地震,想定震度｜都心東部直下地震
13104:116,seismic,都心東部直下地震,5.753,6弱,,,13104,新宿区,Unknown,Unknown,未判定,未細分,point,下落合二丁目の庚申塔,想定震度,都心東部直下地震,想定震度｜都心東部直下地震
13104:117,seismic,都心東部直下地震,5.898,6弱,,,13104,新宿区,Unknown,Unknown,未判定,未細分,point,旧源兵衛村の庚申塔,想定震度,都心東部直下地震,想定震度｜都心東部直下地震
13104:118,seismic,都心東部直下地震,5.91,6弱,,,13104,新宿区,Unknown,Unknown,未判定,未細分,point,幸国寺の題目塔,想定震度,都心東部直下地震,想定震度｜都心東部直下地震
13104:119,seismic,都心東部直下地震,5.787,6弱,,,13104,新宿区,Unknown,Unknown,未判定,未細分,point,熊野神社の狛犬,想定震度,都心東部直下地震,想定震度｜都心東部直下地震
13104:120,seismic,都心東部直下地震,5.863,6弱,,,13104,新宿区,Unknown,Unknown,未判定,未細分,point,高田馬場の流鏑馬,想定震度,都心東部直下地震,想定震度｜都心東部直下地震
13104:121,seismic,都心東部直下地震,5.854,6弱,,,13104,新宿区,Unknown,Unknown,未判定,未細分,point,中井御霊神社の備射祭,想定震度,都心東部直下地震,想定震度｜都心東部直下地震
13104:122,seismic,都心東部直下地震,5.791,6弱,,,13104,新宿区,Unknown,Unknown,未判定,未細分,point,葛谷御霊神社の備謝祭,想定震度,都心東部直下地震,想定震度｜都心東部直下地震
13104:123,seismic,都心東部直下地震,5.891,6弱,,,13104,新宿区,Unknown,Unknown,未判定,未細分,point,丸藤宮元講社の富士講行事,想定震度,都心東部直下地震,想定震度｜都心東部直下地震
13104:124,seismic,都心東部直下地震,5.811,6弱,,,13104,新宿区,Unknown,Unknown,未判定,未細分,point,戸塚囃子,想定震度,都心東部直下地震,想定震度｜都心東部直下地震
13104:125,seismic,都心東部直下地震,5.893,6弱,,,13104,新宿区,Unknown,Unknown,未判定,未細分,point,萩原社中里神楽,想定震度,都心東部直下地震,想定震度｜都心東部直下地震
13104:126,seismic,都心東部直下地震,5.848,6弱,,,13104,新宿区,Unknown,Unknown,未判定,未細分,point,上落合餅つき唄,想定震度,都心東部直下地震,想定震度｜都心東部直下地震
13104:127,seismic,都心東部直下地震,5.893,6弱,,,13104,新宿区,Unknown,Unknown,未判定,未細分,point,鉄砲組百人隊行列,想定震度,都心東部直下地震,想定震度｜都心東部直下地震
13104:128,seismic,都心東部直下地震,6.061,6強以上,,,13104,新宿区,Unknown,Unknown,未判定,未細分,point,高松喜六の墓,想定震度,都心東部直下地震,想定震度｜都心東部直下地震
13104:129,seismic,都心東部直下地震,6.061,6強以上,,,13104,新宿区,Unknown,Unknown,未判定,未細分,point,服部半蔵の墓,想定震度,都心東部直下地震,想定震度｜都心東部直下地震
13104:130,seismic,都心東部直下地震,5.978,6弱,,,13104,新宿区,Unknown,Unknown,未判定,未細分,point,小泉八雲旧居跡,想定震度,都心東部直下地震,想定震度｜都心東部直下地震
13104:131,seismic,都心東部直下地震,6.061,6強以上,,,13104,新宿区,Unknown,Unknown,未判定,未細分,point,塙保己一の墓,想定震度,都心東部直下地震,想定震度｜都心東部直下地震
13104:132,seismic,都心東部直下地震,5.894,6弱,,,13104,新宿区,Unknown,Unknown,未判定,未細分,point,山県大弐の墓,想定震度,都心東部直下地震,想定震度｜都心東部直下地震
13104:133,seismic,都心東部直下地震,5.787,6弱,,,13104,新宿区,Unknown,Unknown,未判定,未細分,point,十二社の碑,想定震度,都心東部直下地震,想定震度｜都心東部直下地震
13104:134,seismic,都心東部直下地震,5.921,6弱,,,13104,新宿区,Unknown,Unknown,未判定,未細分,point,松井須磨子の墓,想定震度,都心東部直下地震,想定震度｜都心東部直下地震
13104:135,seismic,都心東部直下地震,6.088,6強以上,,,13104,新宿区,Unknown,Unknown,未判定,未細分,point,源清麿の墓,想定震度,都心東部直下地震,想定震度｜都心東部直下地震
13104:136,seismic,都心東部直下地震,5.863,6弱,,,13104,新宿区,Unknown,Unknown,未判定,未細分,point,尾崎紅葉旧居跡,想定震度,都心東部直下地震,想定震度｜都心東部直下地震
13104:137,seismic,都心東部直下地震,5.856,6弱,,,13104,新宿区,Unknown,Unknown,未判定,未細分,point,田村虎蔵旧居跡,想定震度,都心東部直下地震,想定震度｜都心東部直下地震
13104:138,seismic,都心東部直下地震,5.925,6弱,,,13104,新宿区,Unknown,Unknown,未判定,未細分,point,恋川春町の墓,想定震度,都心東部直下地震,想定震度｜都心東部直下地震
13104:139,seismic,都心東部直下地震,5.911,6弱,,,13104,新宿区,Unknown,Unknown,未判定,未細分,point,月岡芳年の墓,想定震度,都心東部直下地震,想定震度｜都心東部直下地震
13104:140,seismic,都心東部直下地震,5.817,6弱,,,13104,新宿区,Unknown,Unknown,未判定,未細分,point,浄瑠璃坂の仇討跡,想定震度,都心東部直下地震,想定震度｜都心東部直下地震
13104:141,seismic,都心東部直下地震,5.783,6弱,,,13104,新宿区,Unknown,Unknown,未判定,未細分,point,国産飛行機発祥の地,想定震度,都心東部直下地震,想定震度｜都心東部直下地震
13104:142,seismic,都心東部直下地震,5.939,6弱,,,13104,新宿区,Unknown,Unknown,未判定,未細分,point,大久保の犬御用屋敷跡,想定震度,都心東部直下地震,想定震度｜都心東部直下地震
13104:143,seismic,都心東部直下地震,5.919,6弱,,,13104,新宿区,Unknown,Unknown,未判定,未細分,point,三遊亭円朝旧居跡,想定震度,都心東部直下地震,想定震度｜都心東部直下地震
13104:144,seismic,都心東部直下地震,5.908,6弱,,,13104,新宿区,Unknown,Unknown,未判定,未細分,point,夏目漱石誕生の地,想定震度,都心東部直下地震,想定震度｜都心東部直下地震
13104:145,seismic,都心東部直下地震,5.91,6弱,,,13104,新宿区,Unknown,Unknown,未判定,未細分,point,夏目漱石終焉の地,想定震度,都心東部直下地震,想定震度｜都心東部直下地震
13104:146,seismic,都心東部直下地震,5.889,6弱,,,13104,新宿区,Unknown,Unknown,未判定,未細分,point,便々館湖鯉鮒狂歌碑,想定震度,都心東部直下地震,想定震度｜都心東部直下地震
13104:147,seismic,都心東部直下地震,5.874,6弱,,,13104,新宿区,Unknown,Unknown,未判定,未細分,point,永井荷風旧居跡,想定震度,都心東部直下地震,想定震度｜都心東部直下地震
13104:148,seismic,都心東部直下地震,6.061,6強以上,,,13104,新宿区,Unknown,Unknown,未判定,未細分,point,岡崎三郎信康供養塔,想定震度,都心東部直下地震,想定震度｜都心東部直下地震
13104:149,seismic,都心東部直下地震,6.087,6強以上,,,13104,新宿区,Unknown,Unknown,未判定,未細分,point,榊原鍵吉の墓,想定震度,都心東部直下地震,想定震度｜都心東部直下地震
13104:150,seismic,都心東部直下地震,5.863,6弱,,,13104,新宿区,Unknown,Unknown,未判定,未細分,point,平秩東作の墓,想定震度,都心東部直下地震,想定震度｜都心東部直下地震
13104:151,seismic,都心東部直下地震,5.958,6弱,,,13104,新宿区,Unknown,Unknown,未判定,未細分,point,二葉亭四迷旧居跡,想定震度,都心東部直下地震,想定震度｜都心東部直下地震
13104:152,seismic,都心東部直下地震,5.934,6弱,,,13104,新宿区,Unknown,Unknown,未判定,未細分,point,大和田建樹終焉の地,想定震度,都心東部直下地震,想定震度｜都心東部直下地震
13104:153,seismic,都心東部直下地震,5.866,6弱,,,13104,新宿区,Unknown,Unknown,未判定,未細分,point,有島武郎旧居跡,想定震度,都心東部直下地震,想定震度｜都心東部直下地震
13104:154,seismic,都心東部直下地震,5.878,6弱,,,13104,新宿区,Unknown,Unknown,未判定,未細分,point,島村抱月終焉の地 (芸術倶楽部跡),想定震度,都心東部直下地震,想定震度｜都心東部直下地震
13104:155,seismic,都心東部直下地震,5.909,6弱,,,13104,新宿区,Unknown,Unknown,未判定,未細分,point,内藤正勝の墓,想定震度,都心東部直下地震,想定震度｜都心東部直下地震
13104:156,seismic,都心東部直下地震,5.889,6弱,,,13104,新宿区,Unknown,Unknown,未判定,未細分,point,筒井政憲の墓,想定震度,都心東部直下地震,想定震度｜都心東部直下地震
13104:157,seismic,都心東部直下地震,5.901,6弱,,,13104,新宿区,Unknown,Unknown,未判定,未細分,point,小泉八雲終焉の地,想定震度,都心東部直下地震,想定震度｜都心東部直下地震
13104:158,seismic,都心東部直下地震,5.919,6弱,,,13104,新宿区,Unknown,Unknown,未判定,未細分,point,紅皿の墓,想定震度,都心東部直下地震,想定震度｜都心東部直下地震
13104:159,seismic,都心東部直下地震,5.877,6弱,,,13104,新宿区,Unknown,Unknown,未判定,未細分,point,坪内逍遙旧居跡(文芸協会演劇研究所跡),想定震度,都心東部直下地震,想定震度｜都心東部直下地震
13104:160,seismic,都心東部直下地震,5.992,6弱,,,13104,新宿区,Unknown,Unknown,未判定,未細分,point,佐伯祐三アトリエの地,想定震度,都心東部直下地震,想定震度｜都心東部直下地震
13104:161,seismic,都心東部直下地震,5.973,6弱,,,13104,新宿区,Unknown,Unknown,未判定,未細分,point,滝沢馬琴終焉の地,想定震度,都心東部直下地震,想定震度｜都心東部直下地震
13104:162,seismic,都心東部直下地震,5.979,6弱,,,13104,新宿区,Unknown,Unknown,未判定,未細分,point,柳田國男旧居跡,想定震度,都心東部直下地震,想定震度｜都心東部直下地震
13104:163,seismic,都心東部直下地震,5.954,6弱,,,13104,新宿区,Unknown,Unknown,未判定,未細分,point,斎藤茂吉終焉の地,想定震度,都心東部直下地震,想定震度｜都心東部直下地震
13104:164,seismic,都心東部直下地震,5.863,6弱,,,13104,新宿区,Unknown,Unknown,未判定,未細分,point,下村湖人終焉の地,想定震度,都心東部直下地震,想定震度｜都心東部直下地震
13104:165,seismic,都心東部直下地震,5.741,6弱,,,13104,新宿区,Unknown,Unknown,未判定,未細分,point,落合秋艸堂跡(會津八一旧居跡),想定震度,都心東部直下地震,想定震度｜都心東部直下地震
13104:166,seismic,都心東部直下地震,5.805,6弱,,,13104,新宿区,Unknown,Unknown,未判定,未細分,point,西條八十旧居跡,想定震度,都心東部直下地震,想定震度｜都心東部直下地震
13104:167,seismic,都心東部直下地震,5.854,6弱,,,13104,新宿区,Unknown,Unknown,未判定,未細分,point,女人芸術社跡(長谷川時雨・三上於菟吉旧居跡),想定震度,都心東部直下地震,想定震度｜都心東部直下地震
13104:168,seismic,都心東部直下地震,5.958,6弱,,,13104,新宿区,Unknown,Unknown,未判定,未細分,point,内村鑑三終焉の地(今井館聖書講堂跡),想定震度,都心東部直下地震,想定震度｜都心東部直下地震
13104:169,seismic,都心東部直下地震,5.925,6弱,,,13104,新宿区,Unknown,Unknown,未判定,未細分,point,鈴木三重吉終焉の地(「赤い鳥」社跡),想定震度,都心東部直下地震,想定震度｜都心東部直下地震
13104:170,seismic,都心東部直下地震,5.904,6弱,,,13104,新宿区,Unknown,Unknown,未判定,未細分,point,鏑木清方旧居跡,想定震度,都心東部直下地震,想定震度｜都心東部直下地震
13104:171,seismic,都心東部直下地震,5.894,6弱,,,13104,新宿区,Unknown,Unknown,未判定,未細分,point,辰野金吾の墓,想定震度,都心東部直下地震,想定震度｜都心東部直下地震
13104:172,seismic,都心東部直下地震,5.843,6弱,,,13104,新宿区,Unknown,Unknown,未判定,未細分,point,牛込城跡,想定震度,都心東部直下地震,想定震度｜都心東部直下地震
13104:173,seismic,都心東部直下地震,5.891,6弱,,,13104,新宿区,Unknown,Unknown,未判定,未細分,point,富塚跡,想定震度,都心東部直下地震,想定震度｜都心東部直下地震
13104:174,seismic,都心東部直下地震,5.843,6弱,,,13104,新宿区,Unknown,Unknown,未判定,未細分,point,便々館湖鯉鮒の墓,想定震度,都心東部直下地震,想定震度｜都心東部直下地震
13104:175,seismic,都心東部直下地震,5.954,6弱,,,13104,新宿区,Unknown,Unknown,未判定,未細分,point,成子天神社の富士塚,想定震度,都心東部直下地震,想定震度｜都心東部直下地震
13104:176,seismic,都心東部直下地震,5.884,6弱,,,13104,新宿区,Unknown,Unknown,未判定,未細分,point,生田春月旧居跡,想定震度,都心東部直下地震,想定震度｜都心東部直下地震
13104:177,seismic,都心東部直下地震,5.856,6弱,,,13104,新宿区,Unknown,Unknown,未判定,未細分,point,泉鏡花旧居跡,想定震度,都心東部直下地震,想定震度｜都心東部直下地震
13104:178,seismic,都心東部直下地震,5.708,6弱,,,13104,新宿区,Unknown,Unknown,未判定,未細分,point,林芙美子終焉の地,想定震度,都心東部直下地震,想定震度｜都心東部直下地震
13104:179,seismic,都心東部直下地震,5.925,6弱,,,13104,新宿区,Unknown,Unknown,未判定,未細分,point,塚本明毅の墓碑,想定震度,都心東部直下地震,想定震度｜都心東部直下地震
13104:180,seismic,都心東部直下地震,5.899,6弱,,,13104,新宿区,Unknown,Unknown,未判定,未細分,point,萩原宗固の墓,想定震度,都心東部直下地震,想定震度｜都心東部直下地震
13104:181,seismic,都心東部直下地震,5.921,6弱,,,13104,新宿区,Unknown,Unknown,未判定,未細分,point,吉川湊一の墓,想定震度,都心東部直下地震,想定震度｜都心東部直下地震
13104:182,seismic,都心東部直下地震,5.897,6弱,,,13104,新宿区,Unknown,Unknown,未判定,未細分,point,東京府仮小学第三校跡,想定震度,都心東部直下地震,想定震度｜都心東部直下地震
13104:183,seismic,都心東部直下地震,6.189,6強以上,,,13104,新宿区,Unknown,Unknown,未判定,未細分,point,シイ,想定震度,都心東部直下地震,想定震度｜都心東部直下地震
13104:184,seismic,都心東部直下地震,5.91,6弱,,,13104,新宿区,Unknown,Unknown,未判定,未細分,point,イチョウ,想定震度,都心東部直下地震,想定震度｜都心東部直下地震
13104:185,seismic,都心東部直下地震,5.87,6弱,,,13104,新宿区,Unknown,Unknown,未判定,未細分,point,末広亭,想定震度,都心東部直下地震,想定震度｜都心東部直下地震
13104:186,seismic,都心東部直下地震,5.793,6弱,,,13104,新宿区,Unknown,Unknown,未判定,未細分,point,歌舞伎町建設記念碑,想定震度,都心東部直下地震,想定震度｜都心東部直下地震
13104:187,seismic,都心東部直下地震,5.787,6弱,,,13104,新宿区,Unknown,Unknown,未判定,未細分,point,六桜社跡,想定震度,都心東部直下地震,想定震度｜都心東部直下地震
13104:188,seismic,都心東部直下地震,5.818,6弱,,,13104,新宿区,Unknown,Unknown,未判定,未細分,point,佐々木活字店,想定震度,都心東部直下地震,想定震度｜都心東部直下地震
13104:189,seismic,都心東部直下地震,5.917,6弱,,,13104,新宿区,Unknown,Unknown,未判定,未細分,point,近衛篤麿公記念碑,想定震度,都心東部直下地震,想定震度｜都心東部直下地震
13104:190,seismic,都心東部直下地震,5.926,6弱,,,13104,新宿区,Unknown,Unknown,未判定,未細分,point,花園神社の二宮尊徳像,想定震度,都心東部直下地震,想定震度｜都心東部直下地震
13104:191,seismic,都心東部直下地震,5.929,6弱,,,13104,新宿区,Unknown,Unknown,未判定,未細分,point,長谷川平蔵埋葬の地,想定震度,都心東部直下地震,想定震度｜都心東部直下地震
13104:192,seismic,都心東部直下地震,5.946,6弱,,,13104,新宿区,Unknown,Unknown,未判定,未細分,point,神楽坂の東八拳,想定震度,都心東部直下地震,想定震度｜都心東部直下地震
13104:193,seismic,都心東部直下地震,5.892,6弱,,,13104,新宿区,Unknown,Unknown,未判定,未細分,point,神楽坂をどり,想定震度,都心東部直下地震,想定震度｜都心東部直下地震
13104:194,seismic,都心東部直下地震,5.954,6弱,,,13104,新宿区,Unknown,Unknown,未判定,未細分,point,旧近衛邸のケヤキ,想定震度,都心東部直下地震,想定震度｜都心東部直下地震
13104:195,seismic,都心東部直下地震,5.946,6弱,,,13104,新宿区,Unknown,Unknown,未判定,未細分,point,オブジェ「歓び(PLAISIR)」,想定震度,都心東部直下地震,想定震度｜都心東部直下地震
13104:196,seismic,都心東部直下地震,5.879,6弱,,,13104,新宿区,Unknown,Unknown,未判定,未細分,point,源兵衛子育地蔵尊の石造物群,想定震度,都心東部直下地震,想定震度｜都心東部直下地震
13104:197,seismic,都心東部直下地震,5.879,6弱,,,13104,新宿区,Unknown,Unknown,未判定,未細分,point,彰忠碑,想定震度,都心東部直下地震,想定震度｜都心東部直下地震
13104:198,seismic,都心東部直下地震,5.856,6弱,,,13104,新宿区,Unknown,Unknown,未判定,未細分,point,太平洋戦争本土初空襲の地跡,想定震度,都心東部直下地震,想定震度｜都心東部直下地震
13104:199,seismic,都心東部直下地震,5.841,6弱,,,13104,新宿区,Unknown,Unknown,未判定,未細分,point,名曲喫茶らんぶる,想定震度,都心東部直下地震,想定震度｜都心東部直下地震
13104:200,seismic,都心東部直下地震,5.791,6弱,,,13104,新宿区,Unknown,Unknown,未判定,未細分,point,西落合耕地整理記念碑,想定震度,都心東部直下地震,想定震度｜都心東部直下地震
13104:201,seismic,都心東部直下地震,5.759,6弱,,,13104,新宿区,Unknown,Unknown,未判定,未細分,point,旧淀橋浄水場蝶型弁,想定震度,都心東部直下地震,想定震度｜都心東部直下地震
13104:202,seismic,都心東部直下地震,5.787,6弱,,,13104,新宿区,Unknown,Unknown,未判定,未細分,point,旧淀橋浄水場六角堂,想定震度,都心東部直下地震,想定震度｜都心東部直下地震
13104:203,seismic,都心東部直下地震,5.994,6弱,,,13104,新宿区,Unknown,Unknown,未判定,未細分,point,巴講睦の獅子図屏風,想定震度,都心東部直下地震,想定震度｜都心東部直下地震
13104:204,seismic,都心東部直下地震,5.917,6弱,,,13104,新宿区,Unknown,Unknown,未判定,未細分,point,服部良一旧居跡,想定震度,都心東部直下地震,想定震度｜都心東部直下地震
13104:205,seismic,都心東部直下地震,5.863,6弱,,,13104,新宿区,Unknown,Unknown,未判定,未細分,point,天祖神社の神門,想定震度,都心東部直下地震,想定震度｜都心東部直下地震
13104:206,seismic,都心東部直下地震,5.876,6弱,,,13104,新宿区,Unknown,Unknown,未判定,未細分,point,戸山射撃場跡,想定震度,都心東部直下地震,想定震度｜都心東部直下地震
13104:207,seismic,都心東部直下地震,5.913,6弱,,,13104,新宿区,Unknown,Unknown,未判定,未細分,point,喜久井町 戦災者供養観音像,想定震度,都心東部直下地震,想定震度｜都心東部直下地震
13104:208,seismic,都心東部直下地震,5.925,6弱,,,13104,新宿区,Unknown,Unknown,未判定,未細分,point,白糸塚,想定震度,都心東部直下地震,想定震度｜都心東部直下地震
13104:209,seismic,都心東部直下地震,5.876,6弱,,,13104,新宿区,Unknown,Unknown,未判定,未細分,point,獅子吼会の山門,想定震度,都心東部直下地震,想定震度｜都心東部直下地震
13104:210,seismic,都心東部直下地震,5.872,6弱,,,13104,新宿区,Unknown,Unknown,未判定,未細分,point,田島森碑,想定震度,都心東部直下地震,想定震度｜都心東部直下地震
13104:211,seismic,都心東部直下地震,5.926,6弱,,,13104,新宿区,Unknown,Unknown,未判定,未細分,point,忠魂碑,想定震度,都心東部直下地震,想定震度｜都心東部直下地震
13104:212,seismic,都心東部直下地震,5.858,6弱,,,13104,新宿区,Unknown,Unknown,未判定,未細分,point,祭馬碑,想定震度,都心東部直下地震,想定震度｜都心東部直下地震
13104:213,seismic,都心東部直下地震,5.746,6弱,,,13104,新宿区,Unknown,Unknown,未判定,未細分,point,渡辺玉花旧居,想定震度,都心東部直下地震,想定震度｜都心東部直下地震
13104:214,seismic,都心東部直下地震,5.907,6弱,,,13104,新宿区,Unknown,Unknown,未判定,未細分,point,花園アパート跡,想定震度,都心東部直下地震,想定震度｜都心東部直下地震
13104:215,seismic,都心東部直下地震,5.902,6弱,,,13104,新宿区,Unknown,Unknown,未判定,未細分,point,美濃国高須藩主 松平家上屋敷跡,想定震度,都心東部直下地震,想定震度｜都心東部直下地震
13104:216,seismic,都心東部直下地震,5.954,6弱,,,13104,新宿区,Unknown,Unknown,未判定,未細分,point,水準点II号,想定震度,都心東部直下地震,想定震度｜都心東部直下地震
13104:217,seismic,都心東部直下地震,5.979,6弱,,,13104,新宿区,Unknown,Unknown,未判定,未細分,point,東京若葉キリスト教会,想定震度,都心東部直下地震,想定震度｜都心東部直下地震
13104:218,seismic,都心東部直下地震,5.819,6弱,,,13104,新宿区,Unknown,Unknown,未判定,未細分,point,稲荷鬼王神社の節分祭,想定震度,都心東部直下地震,想定震度｜都心東部直下地震
13104:219,seismic,都心東部直下地震,5.854,6弱,,,13104,新宿区,Unknown,Unknown,未判定,未細分,point,中井御霊神社の節分祭,想定震度,都心東部直下地震,想定震度｜都心東部直下地震
13104:220,seismic,都心東部直下地震,5.926,6弱,,,13104,新宿区,Unknown,Unknown,未判定,未細分,point,花園神社の節分祭,想定震度,都心東部直下地震,想定震度｜都心東部直下地震
13104:221,seismic,都心東部直下地震,5.71,6弱,,,13104,新宿区,Unknown,Unknown,未判定,未細分,point,氷川神社の節分祭,想定震度,都心東部直下地震,想定震度｜都心東部直下地震
13104:222,seismic,都心東部直下地震,5.821,6弱,,,13104,新宿区,Unknown,Unknown,未判定,未細分,point,鎧神社の節分祭,想定震度,都心東部直下地震,想定震度｜都心東部直下地震
13104:223,seismic,都心東部直下地震,5.887,6弱,,,13104,新宿区,Unknown,Unknown,未判定,未細分,point,自性院の節分会,想定震度,都心東部直下地震,想定震度｜都心東部直下地震
13104:224,seismic,都心東部直下地震,5.967,6弱,,,13104,新宿区,Unknown,Unknown,未判定,未細分,point,有隣園跡,想定震度,都心東部直下地震,想定震度｜都心東部直下地震
13104:225,seismic,都心東部直下地震,5.909,6弱,,,13104,新宿区,Unknown,Unknown,未判定,未細分,point,太宗寺の閻魔大王開帳,想定震度,都心東部直下地震,想定震度｜都心東部直下地震
13104:226,seismic,都心東部直下地震,5.909,6弱,,,13104,新宿区,Unknown,Unknown,未判定,未細分,point,太宗寺の大震災紀念碑,想定震度,都心東部直下地震,想定震度｜都心東部直下地震
13104:227,seismic,都心東部直下地震,5.804,6弱,,,13104,新宿区,Unknown,Unknown,未判定,未細分,point,放生寺の水掛け地蔵と大震火災死亡群霊塔,想定震度,都心東部直下地震,想定震度｜都心東部直下地震
13104:228,seismic,都心東部直下地震,6.118,6強以上,,,13104,新宿区,Unknown,Unknown,未判定,未細分,point,文学座アトリエ,想定震度,都心東部直下地震,想定震度｜都心東部直下地震
13104:230,seismic,都心東部直下地震,5.783,6弱,,,13104,新宿区,Unknown,Unknown,未判定,未細分,point,弘文学院跡,想定震度,都心東部直下地震,想定震度｜都心東部直下地震
13104:231,seismic,都心東部直下地震,5.874,6弱,,,13104,新宿区,Unknown,Unknown,未判定,未細分,point,ムーラン・ルージュ新宿座跡,想定震度,都心東部直下地震,想定震度｜都心東部直下地震
official_export_001:19,seismic,都心東部直下地震,5.83,6弱,,,13104,新宿区,National,Designated,有形文化財,建造物,building_direct,学習院旧正門,想定震度,都心東部直下地震,想定震度｜都心東部直下地震
official_export_001:43,seismic,都心東部直下地震,5.844,6弱,,,13104,新宿区,National,Designated,有形文化財,建造物,building_direct,旧馬場家牛込邸,想定震度,都心東部直下地震,想定震度｜都心東部直下地震
official_export_001:79,seismic,都心東部直下地震,5.882,6弱,,,13104,新宿区,National,Designated,有形文化財,建造物,building_direct,新宿御苑旧洋館御休所,想定震度,都心東部直下地震,想定震度｜都心東部直下地震
official_export_001:84,seismic,都心東部直下地震,5.971,6弱,,,13104,新宿区,National,Designated,有形文化財,建造物,building_direct,聖徳記念絵画館,想定震度,都心東部直下地震,想定震度｜都心東部直下地震
official_export_001:197,seismic,都心東部直下地震,5.881,6弱,,,13104,新宿区,National,Designated,有形文化財,建造物,building_direct,早稲田大学大隈記念講堂,想定震度,都心東部直下地震,想定震度｜都心東部直下地震
official_export_002:11,seismic,都心東部直下地震,5.849,6弱,,,13104,新宿区,National,Registered,有形文化財,建造物,building_direct,新井家住宅主屋,想定震度,都心東部直下地震,想定震度｜都心東部直下地震
official_export_002:33,seismic,都心東部直下地震,5.878,6弱,,,13104,新宿区,National,Registered,有形文化財,建造物,building_direct,一水寮,想定震度,都心東部直下地震,想定震度｜都心東部直下地震
official_export_002:158,seismic,都心東部直下地震,5.722,6弱,,,13104,新宿区,National,Registered,有形文化財,建造物,building_direct,旧島津家住宅アトリエ,想定震度,都心東部直下地震,想定震度｜都心東部直下地震
official_export_002:167,seismic,都心東部直下地震,5.854,6弱,,,13104,新宿区,National,Registered,有形文化財,建造物,building_direct,旧常盤家本館(石合家住宅主屋),想定震度,都心東部直下地震,想定震度｜都心東部直下地震
official_export_002:201,seismic,都心東部直下地震,5.873,6弱,,,13104,新宿区,National,Registered,有形文化財,建造物,building_direct,栗原家住宅稲荷社及び石鳥居,想定震度,都心東部直下地震,想定震度｜都心東部直下地震
official_export_002:202,seismic,都心東部直下地震,5.873,6弱,,,13104,新宿区,National,Registered,有形文化財,建造物,building_direct,栗原家住宅蔵,想定震度,都心東部直下地震,想定震度｜都心東部直下地震
official_export_002:203,seismic,都心東部直下地震,5.873,6弱,,,13104,新宿区,National,Registered,有形文化財,建造物,building_direct,栗原家住宅主屋,想定震度,都心東部直下地震,想定震度｜都心東部直下地震
official_export_002:204,seismic,都心東部直下地震,5.873,6弱,,,13104,新宿区,National,Registered,有形文化財,建造物,building_direct,栗原家住宅門柱及び塀,想定震度,都心東部直下地震,想定震度｜都心東部直下地震
official_export_002:269,seismic,都心東部直下地震,5.951,6弱,,,13104,新宿区,National,Registered,有形文化財,建造物,building_direct,新潮社倉庫,想定震度,都心東部直下地震,想定震度｜都心東部直下地震
official_export_002:270,seismic,都心東部直下地震,5.951,6弱,,,13104,新宿区,National,Registered,有形文化財,建造物,building_direct,新潮社本館,想定震度,都心東部直下地震,想定震度｜都心東部直下地震
official_export_002:273,seismic,都心東部直下地震,5.926,6弱,,,13104,新宿区,National,Registered,有形文化財,建造物,building_direct,鈴木家住宅主屋,想定震度,都心東部直下地震,想定震度｜都心東部直下地震
official_export_002:295,seismic,都心東部直下地震,5.952,6弱,,,13104,新宿区,National,Registered,有形文化財,建造物,building_direct,高橋建築事務所社屋,想定震度,都心東部直下地震,想定震度｜都心東部直下地震
official_export_002:388,seismic,都心東部直下地震,5.948,6弱,,,13104,新宿区,National,Registered,有形文化財,建造物,building_direct,日本バプテストキリスト教目白ヶ丘教会礼拝堂,想定震度,都心東部直下地震,想定震度｜都心東部直下地震
official_export_002:433,seismic,都心東部直下地震,5.837,6弱,,,13104,新宿区,National,Registered,有形文化財,建造物,building_direct,宮城道雄記念館検校の間,想定震度,都心東部直下地震,想定震度｜都心東部直下地震
official_export_002:456,seismic,都心東部直下地震,5.897,6弱,,,13104,新宿区,National,Registered,有形文化財,建造物,building_direct,安与ビル,想定震度,都心東部直下地震,想定震度｜都心東部直下地震
official_export_002:465,seismic,都心東部直下地震,5.922,6弱,,,13104,新宿区,National,Registered,有形文化財,建造物,building_direct,矢来能楽堂,想定震度,都心東部直下地震,想定震度｜都心東部直下地震
official_export_003:47,seismic,都心東部直下地震,5.742,6弱,,,13104,新宿区,National,Designated,記念物,天然記念物,point,哲学堂公園,想定震度,都心東部直下地震,想定震度｜都心東部直下地震
official_export_003:69,seismic,都心東部直下地震,5.92,6弱,,,13104,新宿区,National,Designated,記念物,天然記念物,point,山鹿素行墓,想定震度,都心東部直下地震,想定震度｜都心東部直下地震
official_export_003:75,seismic,都心東部直下地震,5.852,6弱,,,13104,新宿区,National,Designated,記念物,天然記念物,point,林氏墓地,想定震度,都心東部直下地震,想定震度｜都心東部直下地震
13104:0,seismic,都心西部直下地震,5.741,6弱,,,13104,新宿区,Unknown,Unknown,未判定,未細分,point,市谷亀岡八幡宮の銅鳥居,想定震度,都心西部直下地震,想定震度｜都心西部直下地震
13104:1,seismic,都心西部直下地震,5.833,6弱,,,13104,新宿区,Unknown,Unknown,未判定,未細分,point,早稲田大学 坪内博士記念演劇博物館,想定震度,都心西部直下地震,想定震度｜都心西部直下地震
13104:2,seismic,都心西部直下地震,5.842,6弱,,,13104,新宿区,Unknown,Unknown,未判定,未細分,point,浄栄寺の山門「甘露門」,想定震度,都心西部直下地震,想定震度｜都心西部直下地震
13104:3,seismic,都心西部直下地震,5.869,6弱,,,13104,新宿区,Unknown,Unknown,未判定,未細分,point,幸国寺の山門,想定震度,都心西部直下地震,想定震度｜都心西部直下地震
13104:4,seismic,都心西部直下地震,5.712,6弱,,,13104,新宿区,Unknown,Unknown,未判定,未細分,point,中井御霊神社の本殿・幣殿・拝殿,想定震度,都心西部直下地震,想定震度｜都心西部直下地震
13104:5,seismic,都心西部直下地震,5.76,6弱,,,13104,新宿区,Unknown,Unknown,未判定,未細分,point,亮朝院本堂,想定震度,都心西部直下地震,想定震度｜都心西部直下地震
13104:6,seismic,都心西部直下地震,5.76,6弱,,,13104,新宿区,Unknown,Unknown,未判定,未細分,point,亮朝院七面堂,想定震度,都心西部直下地震,想定震度｜都心西部直下地震
13104:7,seismic,都心西部直下地震,6.008,6強以上,,,13104,新宿区,Unknown,Unknown,未判定,未細分,point,永心寺本堂,想定震度,都心西部直下地震,想定震度｜都心西部直下地震
13104:8,seismic,都心西部直下地震,5.813,6弱,,,13104,新宿区,Unknown,Unknown,未判定,未細分,point,永心寺山門,想定震度,都心西部直下地震,想定震度｜都心西部直下地震
13104:9,seismic,都心西部直下地震,5.783,6弱,,,13104,新宿区,Unknown,Unknown,未判定,未細分,point,筑土八幡神社の石造鳥居,想定震度,都心西部直下地震,想定震度｜都心西部直下地震
13104:10,seismic,都心西部直下地震,5.808,6弱,,,13104,新宿区,Unknown,Unknown,未判定,未細分,point,西迎寺の阿弥陀如来座像,想定震度,都心西部直下地震,想定震度｜都心西部直下地震
13104:11,seismic,都心西部直下地震,5.917,6弱,,,13104,新宿区,Unknown,Unknown,未判定,未細分,point,中井出世不動尊像,想定震度,都心西部直下地震,想定震度｜都心西部直下地震
13104:12,seismic,都心西部直下地震,5.917,6弱,,,13104,新宿区,Unknown,Unknown,未判定,未細分,point,花園神社の唐獅子像,想定震度,都心西部直下地震,想定震度｜都心西部直下地震
13104:13,seismic,都心西部直下地震,5.909,6弱,,,13104,新宿区,Unknown,Unknown,未判定,未細分,point,太宗寺の三日月不動像,想定震度,都心西部直下地震,想定震度｜都心西部直下地震
13104:14,seismic,都心西部直下地震,5.837,6弱,,,13104,新宿区,Unknown,Unknown,未判定,未細分,point,熊野神社の水鉢,想定震度,都心西部直下地震,想定震度｜都心西部直下地震
13104:15,seismic,都心西部直下地震,5.76,6弱,,,13104,新宿区,Unknown,Unknown,未判定,未細分,point,亮朝院の金剛力士石像,想定震度,都心西部直下地震,想定震度｜都心西部直下地震
13104:16,seismic,都心西部直下地震,5.769,6弱,,,13104,新宿区,Unknown,Unknown,未判定,未細分,point,誓閑寺の梵鐘,想定震度,都心西部直下地震,想定震度｜都心西部直下地震
13104:17,seismic,都心西部直下地震,5.756,6弱,,,13104,新宿区,Unknown,Unknown,未判定,未細分,point,善国寺の毘沙門天像,想定震度,都心西部直下地震,想定震度｜都心西部直下地震
13104:18,seismic,都心西部直下地震,5.817,6弱,,,13104,新宿区,Unknown,Unknown,未判定,未細分,point,経王寺の大黒天像,想定震度,都心西部直下地震,想定震度｜都心西部直下地震
13104:19,seismic,都心西部直下地震,5.89,6弱,,,13104,新宿区,Unknown,Unknown,未判定,未細分,point,法善寺の七面明神像,想定震度,都心西部直下地震,想定震度｜都心西部直下地震
13104:20,seismic,都心西部直下地震,5.822,6弱,,,13104,新宿区,Unknown,Unknown,未判定,未細分,point,布袋像の水鉢,想定震度,都心西部直下地震,想定震度｜都心西部直下地震
13104:21,seismic,都心西部直下地震,5.849,6弱,,,13104,新宿区,Unknown,Unknown,未判定,未細分,point,須賀神社の三十六歌仙絵,想定震度,都心西部直下地震,想定震度｜都心西部直下地震
13104:22,seismic,都心西部直下地震,5.946,6弱,,,13104,新宿区,Unknown,Unknown,未判定,未細分,point,馬水槽,想定震度,都心西部直下地震,想定震度｜都心西部直下地震
13104:23,seismic,都心西部直下地震,5.849,6弱,,,13104,新宿区,Unknown,Unknown,未判定,未細分,point,天龍寺の時の鐘,想定震度,都心西部直下地震,想定震度｜都心西部直下地震
13104:24,seismic,都心西部直下地震,5.849,6弱,,,13104,新宿区,Unknown,Unknown,未判定,未細分,point,天龍寺のやぐら時計,想定震度,都心西部直下地震,想定震度｜都心西部直下地震
13104:25,seismic,都心西部直下地震,5.833,6弱,,,13104,新宿区,Unknown,Unknown,未判定,未細分,point,大隈重信銅像,想定震度,都心西部直下地震,想定震度｜都心西部直下地震
13104:26,seismic,都心西部直下地震,5.908,6弱,,,13104,新宿区,Unknown,Unknown,未判定,未細分,point,長善寺(笹寺)のめのう観音像,想定震度,都心西部直下地震,想定震度｜都心西部直下地震
13104:27,seismic,都心西部直下地震,5.816,6弱,,,13104,新宿区,Unknown,Unknown,未判定,未細分,point,鬼王神社の水鉢,想定震度,都心西部直下地震,想定震度｜都心西部直下地震
13104:28,seismic,都心西部直下地震,5.875,6弱,,,13104,新宿区,Unknown,Unknown,未判定,未細分,point,聖徳太子画像,想定震度,都心西部直下地震,想定震度｜都心西部直下地震
13104:29,seismic,都心西部直下地震,5.909,6弱,,,13104,新宿区,Unknown,Unknown,未判定,未細分,point,太宗寺の観無量寿経曼荼羅,想定震度,都心西部直下地震,想定震度｜都心西部直下地震
13104:30,seismic,都心西部直下地震,5.837,6弱,,,13104,新宿区,Unknown,Unknown,未判定,未細分,point,七人役者図絵馬,想定震度,都心西部直下地震,想定震度｜都心西部直下地震
13104:31,seismic,都心西部直下地震,5.89,6弱,,,13104,新宿区,Unknown,Unknown,未判定,未細分,point,阿弥陀三尊来迎図(専福寺),想定震度,都心西部直下地震,想定震度｜都心西部直下地震
13104:32,seismic,都心西部直下地震,5.826,6弱,,,13104,新宿区,Unknown,Unknown,未判定,未細分,point,木造阿弥陀如来立像,想定震度,都心西部直下地震,想定震度｜都心西部直下地震
13104:33,seismic,都心西部直下地震,5.709,6弱,,,13104,新宿区,Unknown,Unknown,未判定,未細分,point,木造地蔵菩薩坐像,想定震度,都心西部直下地震,想定震度｜都心西部直下地震
13104:34,seismic,都心西部直下地震,5.709,6弱,,,13104,新宿区,Unknown,Unknown,未判定,未細分,point,阿弥陀三尊来迎図(光照寺),想定震度,都心西部直下地震,想定震度｜都心西部直下地震
13104:35,seismic,都心西部直下地震,5.709,6弱,,,13104,新宿区,Unknown,Unknown,未判定,未細分,point,法然上人画像,想定震度,都心西部直下地震,想定震度｜都心西部直下地震
13104:36,seismic,都心西部直下地震,5.875,6弱,,,13104,新宿区,Unknown,Unknown,未判定,未細分,point,西光庵の観無量寿経曼荼羅,想定震度,都心西部直下地震,想定震度｜都心西部直下地震
13104:37,seismic,都心西部直下地震,5.753,6弱,,,13104,新宿区,Unknown,Unknown,未判定,未細分,point,天瑞元堤像 谷文晁筆,想定震度,都心西部直下地震,想定震度｜都心西部直下地震
13104:38,seismic,都心西部直下地震,5.753,6弱,,,13104,新宿区,Unknown,Unknown,未判定,未細分,point,謙堂文益像 谷文晁筆,想定震度,都心西部直下地震,想定震度｜都心西部直下地震
13104:39,seismic,都心西部直下地震,5.753,6弱,,,13104,新宿区,Unknown,Unknown,未判定,未細分,point,八大龍王図 谷文晁筆,想定震度,都心西部直下地震,想定震度｜都心西部直下地震
13104:40,seismic,都心西部直下地震,5.753,6弱,,,13104,新宿区,Unknown,Unknown,未判定,未細分,point,十大弟子図 谷文晁筆,想定震度,都心西部直下地震,想定震度｜都心西部直下地震
13104:41,seismic,都心西部直下地震,5.89,6弱,,,13104,新宿区,Unknown,Unknown,未判定,未細分,point,永福寺の銅造大日如来坐像,想定震度,都心西部直下地震,想定震度｜都心西部直下地震
13104:42,seismic,都心西部直下地震,5.89,6弱,,,13104,新宿区,Unknown,Unknown,未判定,未細分,point,永福寺の銅造地蔵菩薩半跏像,想定震度,都心西部直下地震,想定震度｜都心西部直下地震
13104:43,seismic,都心西部直下地震,5.749,6弱,,,13104,新宿区,Unknown,Unknown,未判定,未細分,point,済松寺の加藤文麗筆絵画作品,想定震度,都心西部直下地震,想定震度｜都心西部直下地震
13104:44,seismic,都心西部直下地震,5.846,6弱,,,13104,新宿区,Unknown,Unknown,未判定,未細分,point,谷文晁の絵,想定震度,都心西部直下地震,想定震度｜都心西部直下地震
13104:45,seismic,都心西部直下地震,5.846,6弱,,,13104,新宿区,Unknown,Unknown,未判定,未細分,point,月見岡八幡神社の鰐口,想定震度,都心西部直下地震,想定震度｜都心西部直下地震
13104:46,seismic,都心西部直下地震,5.741,6弱,,,13104,新宿区,Unknown,Unknown,未判定,未細分,point,市谷亀岡八幡宮の軍配団扇,想定震度,都心西部直下地震,想定震度｜都心西部直下地震
13104:47,seismic,都心西部直下地震,6.053,6強以上,,,13104,新宿区,Unknown,Unknown,未判定,未細分,point,林光寺の高僧先達連座画像,想定震度,都心西部直下地震,想定震度｜都心西部直下地震
13104:48,seismic,都心西部直下地震,5.709,6弱,,,13104,新宿区,Unknown,Unknown,未判定,未細分,point,木造十一面観音坐像,想定震度,都心西部直下地震,想定震度｜都心西部直下地震
13104:49,seismic,都心西部直下地震,5.76,6弱,,,13104,新宿区,Unknown,Unknown,未判定,未細分,point,亮朝院の梵鐘,想定震度,都心西部直下地震,想定震度｜都心西部直下地震
13104:50,seismic,都心西部直下地震,5.711,6弱,,,13104,新宿区,Unknown,Unknown,未判定,未細分,point,宝泉寺の梵鐘,想定震度,都心西部直下地震,想定震度｜都心西部直下地震
13104:51,seismic,都心西部直下地震,5.769,6弱,,,13104,新宿区,Unknown,Unknown,未判定,未細分,point,銅造地蔵菩薩半跏像,想定震度,都心西部直下地震,想定震度｜都心西部直下地震
13104:52,seismic,都心西部直下地震,5.931,6弱,,,13104,新宿区,Unknown,Unknown,未判定,未細分,point,正受院の梵鐘,想定震度,都心西部直下地震,想定震度｜都心西部直下地震
13104:53,seismic,都心西部直下地震,5.808,6弱,,,13104,新宿区,Unknown,Unknown,未判定,未細分,point,西迎寺の梵鐘,想定震度,都心西部直下地震,想定震度｜都心西部直下地震
13104:54,seismic,都心西部直下地震,5.806,6弱,,,13104,新宿区,Unknown,Unknown,未判定,未細分,point,浄栄寺の梵鐘,想定震度,都心西部直下地震,想定震度｜都心西部直下地震
13104:55,seismic,都心西部直下地震,5.846,6弱,,,13104,新宿区,Unknown,Unknown,未判定,未細分,point,善慶寺の梵鐘,想定震度,都心西部直下地震,想定震度｜都心西部直下地震
13104:56,seismic,都心西部直下地震,5.891,6弱,,,13104,新宿区,Unknown,Unknown,未判定,未細分,point,法雲寺の梵鐘,想定震度,都心西部直下地震,想定震度｜都心西部直下地震
13104:57,seismic,都心西部直下地震,5.876,6弱,,,13104,新宿区,Unknown,Unknown,未判定,未細分,point,圓照寺の梵鐘,想定震度,都心西部直下地震,想定震度｜都心西部直下地震
13104:58,seismic,都心西部直下地震,5.792,6弱,,,13104,新宿区,Unknown,Unknown,未判定,未細分,point,薬王院の梵鐘,想定震度,都心西部直下地震,想定震度｜都心西部直下地震
13104:59,seismic,都心西部直下地震,6.0,6強以上,,,13104,新宿区,Unknown,Unknown,未判定,未細分,point,西應寺の梵鐘,想定震度,都心西部直下地震,想定震度｜都心西部直下地震
13104:60,seismic,都心西部直下地震,5.71,6弱,,,13104,新宿区,Unknown,Unknown,未判定,未細分,point,光照寺の涅槃図,想定震度,都心西部直下地震,想定震度｜都心西部直下地震
13104:61,seismic,都心西部直下地震,6.046,6強以上,,,13104,新宿区,Unknown,Unknown,未判定,未細分,point,長安寺の六地蔵塔,想定震度,都心西部直下地震,想定震度｜都心西部直下地震
13104:62,seismic,都心西部直下地震,5.909,6弱,,,13104,新宿区,Unknown,Unknown,未判定,未細分,point,太宗寺墓地出土品,想定震度,都心西部直下地震,想定震度｜都心西部直下地震
13104:63,seismic,都心西部直下地震,5.875,6弱,,,13104,新宿区,Unknown,Unknown,未判定,未細分,point,小銅鐸,想定震度,都心西部直下地震,想定震度｜都心西部直下地震
13104:64,seismic,都心西部直下地震,5.875,6弱,,,13104,新宿区,Unknown,Unknown,未判定,未細分,point,隆起線文系土器,想定震度,都心西部直下地震,想定震度｜都心西部直下地震
13104:65,seismic,都心西部直下地震,5.875,6弱,,,13104,新宿区,Unknown,Unknown,未判定,未細分,point,下落合横穴墓出土品,想定震度,都心西部直下地震,想定震度｜都心西部直下地震
13104:66,seismic,都心西部直下地震,6.158,6強以上,,,13104,新宿区,Unknown,Unknown,未判定,未細分,point,一行院墓地出土品,想定震度,都心西部直下地震,想定震度｜都心西部直下地震
13104:67,seismic,都心西部直下地震,5.875,6弱,,,13104,新宿区,Unknown,Unknown,未判定,未細分,point,中村家文書,想定震度,都心西部直下地震,想定震度｜都心西部直下地震
13104:68,seismic,都心西部直下地震,6.053,6強以上,,,13104,新宿区,Unknown,Unknown,未判定,未細分,point,林光寺の歴代宗主銘,想定震度,都心西部直下地震,想定震度｜都心西部直下地震
13104:69,seismic,都心西部直下地震,5.76,6弱,,,13104,新宿区,Unknown,Unknown,未判定,未細分,point,亮朝院文書,想定震度,都心西部直下地震,想定震度｜都心西部直下地震
13104:70,seismic,都心西部直下地震,5.712,6弱,,,13104,新宿区,Unknown,Unknown,未判定,未細分,point,中井御霊神社文書,想定震度,都心西部直下地震,想定震度｜都心西部直下地震
13104:71,seismic,都心西部直下地震,5.839,6弱,,,13104,新宿区,Unknown,Unknown,未判定,未細分,point,長厳寺文書,想定震度,都心西部直下地震,想定震度｜都心西部直下地震
13104:72,seismic,都心西部直下地震,5.753,6弱,,,13104,新宿区,Unknown,Unknown,未判定,未細分,point,済松寺文書,想定震度,都心西部直下地震,想定震度｜都心西部直下地震
13104:73,seismic,都心西部直下地震,6.053,6強以上,,,13104,新宿区,Unknown,Unknown,未判定,未細分,point,林光寺文書,想定震度,都心西部直下地震,想定震度｜都心西部直下地震
13104:74,seismic,都心西部直下地震,5.885,6弱,,,13104,新宿区,Unknown,Unknown,未判定,未細分,point,大聖院文書,想定震度,都心西部直下地震,想定震度｜都心西部直下地震
13104:75,seismic,都心西部直下地震,5.892,6弱,,,13104,新宿区,Unknown,Unknown,未判定,未細分,point,法身寺文書,想定震度,都心西部直下地震,想定震度｜都心西部直下地震
13104:76,seismic,都心西部直下地震,5.931,6弱,,,13104,新宿区,Unknown,Unknown,未判定,未細分,point,旭地蔵,想定震度,都心西部直下地震,想定震度｜都心西部直下地震
13104:77,seismic,都心西部直下地震,5.931,6弱,,,13104,新宿区,Unknown,Unknown,未判定,未細分,point,子供合埋碑,想定震度,都心西部直下地震,想定震度｜都心西部直下地震
13104:78,seismic,都心西部直下地震,5.837,6弱,,,13104,新宿区,Unknown,Unknown,未判定,未細分,point,式三番奉納額,想定震度,都心西部直下地震,想定震度｜都心西部直下地震
13104:79,seismic,都心西部直下地震,5.892,6弱,,,13104,新宿区,Unknown,Unknown,未判定,未細分,point,旧鈴法寺江戸番所資料,想定震度,都心西部直下地震,想定震度｜都心西部直下地震
13104:80,seismic,都心西部直下地震,5.875,6弱,,,13104,新宿区,Unknown,Unknown,未判定,未細分,point,空印の石手水鉢,想定震度,都心西部直下地震,想定震度｜都心西部直下地震
13104:81,seismic,都心西部直下地震,5.877,6弱,,,13104,新宿区,Unknown,Unknown,未判定,未細分,point,堀部武庸加功遺跡之碑,想定震度,都心西部直下地震,想定震度｜都心西部直下地震
13104:82,seismic,都心西部直下地震,5.869,6弱,,,13104,新宿区,Unknown,Unknown,未判定,未細分,point,幸国寺の日蓮聖人六百遠忌供養塔,想定震度,都心西部直下地震,想定震度｜都心西部直下地震
13104:83,seismic,都心西部直下地震,5.909,6弱,,,13104,新宿区,Unknown,Unknown,未判定,未細分,point,太宗寺の切支丹灯籠,想定震度,都心西部直下地震,想定震度｜都心西部直下地震
13104:84,seismic,都心西部直下地震,5.709,6弱,,,13104,新宿区,Unknown,Unknown,未判定,未細分,point,諸国旅人供養碑,想定震度,都心西部直下地震,想定震度｜都心西部直下地震
13104:85,seismic,都心西部直下地震,5.953,6弱,,,13104,新宿区,Unknown,Unknown,未判定,未細分,point,服部半蔵の槍,想定震度,都心西部直下地震,想定震度｜都心西部直下地震
13104:86,seismic,都心西部直下地震,5.889,6弱,,,13104,新宿区,Unknown,Unknown,未判定,未細分,point,駿馬塚の碑,想定震度,都心西部直下地震,想定震度｜都心西部直下地震
13104:87,seismic,都心西部直下地震,5.917,6弱,,,13104,新宿区,Unknown,Unknown,未判定,未細分,point,月桂寺の切支丹灯籠,想定震度,都心西部直下地震,想定震度｜都心西部直下地震
13104:88,seismic,都心西部直下地震,5.76,6弱,,,13104,新宿区,Unknown,Unknown,未判定,未細分,point,木造七面明神半跏像及び宮殿,想定震度,都心西部直下地震,想定震度｜都心西部直下地震
13104:89,seismic,都心西部直下地震,5.76,6弱,,,13104,新宿区,Unknown,Unknown,未判定,未細分,point,木造妙見菩薩立像及び宮殿,想定震度,都心西部直下地震,想定震度｜都心西部直下地震
13104:90,seismic,都心西部直下地震,5.76,6弱,,,13104,新宿区,Unknown,Unknown,未判定,未細分,point,木造諏訪大明神坐像及び宮殿,想定震度,都心西部直下地震,想定震度｜都心西部直下地震
13104:91,seismic,都心西部直下地震,5.741,6弱,,,13104,新宿区,Unknown,Unknown,未判定,未細分,point,市谷亀岡八幡宮の几号水準点(水鉢台座),想定震度,都心西部直下地震,想定震度｜都心西部直下地震
13104:93,seismic,都心西部直下地震,5.851,6弱,,,13104,新宿区,Unknown,Unknown,未判定,未細分,point,自証院の阿弥陀三尊種子板碑,想定震度,都心西部直下地震,想定震度｜都心西部直下地震
13104:94,seismic,都心西部直下地震,5.869,6弱,,,13104,新宿区,Unknown,Unknown,未判定,未細分,point,来迎寺の庚申塔,想定震度,都心西部直下地震,想定震度｜都心西部直下地震
13104:95,seismic,都心西部直下地震,5.931,6弱,,,13104,新宿区,Unknown,Unknown,未判定,未細分,point,正受院の奪衣婆像,想定震度,都心西部直下地震,想定震度｜都心西部直下地震
13104:96,seismic,都心西部直下地震,5.873,6弱,,,13104,新宿区,Unknown,Unknown,未判定,未細分,point,中井御霊神社の備射祭絵馬,想定震度,都心西部直下地震,想定震度｜都心西部直下地震
13104:97,seismic,都心西部直下地震,5.873,6弱,,,13104,新宿区,Unknown,Unknown,未判定,未細分,point,中井御霊神社の分木,想定震度,都心西部直下地震,想定震度｜都心西部直下地震
13104:98,seismic,都心西部直下地震,5.932,6弱,,,13104,新宿区,Unknown,Unknown,未判定,未細分,point,自性院の私年号板碑,想定震度,都心西部直下地震,想定震度｜都心西部直下地震
13104:99,seismic,都心西部直下地震,5.846,6弱,,,13104,新宿区,Unknown,Unknown,未判定,未細分,point,月見岡八幡神社の庚申塔,想定震度,都心西部直下地震,想定震度｜都心西部直下地震
13104:100,seismic,都心西部直下地震,5.841,6弱,,,13104,新宿区,Unknown,Unknown,未判定,未細分,point,狛犬型庚申塔,想定震度,都心西部直下地震,想定震度｜都心西部直下地震
13104:101,seismic,都心西部直下地震,5.909,6弱,,,13104,新宿区,Unknown,Unknown,未判定,未細分,point,太宗寺の閻魔像,想定震度,都心西部直下地震,想定震度｜都心西部直下地震
13104:102,seismic,都心西部直下地震,5.909,6弱,,,13104,新宿区,Unknown,Unknown,未判定,未細分,point,太宗寺の奪衣婆像,想定震度,都心西部直下地震,想定震度｜都心西部直下地震
13104:103,seismic,都心西部直下地震,5.792,6弱,,,13104,新宿区,Unknown,Unknown,未判定,未細分,point,葛谷御霊神社の力石,想定震度,都心西部直下地震,想定震度｜都心西部直下地震
13104:104,seismic,都心西部直下地震,5.981,6弱,,,13104,新宿区,Unknown,Unknown,未判定,未細分,point,成子天神社の力石,想定震度,都心西部直下地震,想定震度｜都心西部直下地震
13104:105,seismic,都心西部直下地震,5.873,6弱,,,13104,新宿区,Unknown,Unknown,未判定,未細分,point,雨乞のむしろ旗,想定震度,都心西部直下地震,想定震度｜都心西部直下地震
13104:106,seismic,都心西部直下地震,5.741,6弱,,,13104,新宿区,Unknown,Unknown,未判定,未細分,point,市谷亀岡八幡宮の力石,想定震度,都心西部直下地震,想定震度｜都心西部直下地震
13104:107,seismic,都心西部直下地震,5.783,6弱,,,13104,新宿区,Unknown,Unknown,未判定,未細分,point,筑土八幡神社の庚申塔,想定震度,都心西部直下地震,想定震度｜都心西部直下地震
13104:108,seismic,都心西部直下地震,5.907,6弱,,,13104,新宿区,Unknown,Unknown,未判定,未細分,point,尺八「放下着」一式ならびに普化尺八伝授関連資料,想定震度,都心西部直下地震,想定震度｜都心西部直下地震
13104:109,seismic,都心西部直下地震,5.756,6弱,,,13104,新宿区,Unknown,Unknown,未判定,未細分,point,善国寺の石虎,想定震度,都心西部直下地震,想定震度｜都心西部直下地震
13104:110,seismic,都心西部直下地震,5.873,6弱,,,13104,新宿区,Unknown,Unknown,未判定,未細分,point,中井御霊神社の狛犬,想定震度,都心西部直下地震,想定震度｜都心西部直下地震
13104:111,seismic,都心西部直下地震,5.875,6弱,,,13104,新宿区,Unknown,Unknown,未判定,未細分,point,巴講睦の獅子頭,想定震度,都心西部直下地震,想定震度｜都心西部直下地震
13104:112,seismic,都心西部直下地震,6.158,6強以上,,,13104,新宿区,Unknown,Unknown,未判定,未細分,point,一行院の板碑,想定震度,都心西部直下地震,想定震度｜都心西部直下地震
13104:113,seismic,都心西部直下地震,5.822,6弱,,,13104,新宿区,Unknown,Unknown,未判定,未細分,point,塞神三柱の塔,想定震度,都心西部直下地震,想定震度｜都心西部直下地震
13104:114,seismic,都心西部直下地震,5.874,6弱,,,13104,新宿区,Unknown,Unknown,未判定,未細分,point,全龍寺の庚申塔,想定震度,都心西部直下地震,想定震度｜都心西部直下地震
13104:115,seismic,都心西部直下地震,5.817,6弱,,,13104,新宿区,Unknown,Unknown,未判定,未細分,point,慈雲山観音寺の庚申塔,想定震度,都心西部直下地震,想定震度｜都心西部直下地震
13104:116,seismic,都心西部直下地震,5.749,6弱,,,13104,新宿区,Unknown,Unknown,未判定,未細分,point,下落合二丁目の庚申塔,想定震度,都心西部直下地震,想定震度｜都心西部直下地震
13104:117,seismic,都心西部直下地震,5.879,6弱,,,13104,新宿区,Unknown,Unknown,未判定,未細分,point,旧源兵衛村の庚申塔,想定震度,都心西部直下地震,想定震度｜都心西部直下地震
13104:118,seismic,都心西部直下地震,5.869,6弱,,,13104,新宿区,Unknown,Unknown,未判定,未細分,point,幸国寺の題目塔,想定震度,都心西部直下地震,想定震度｜都心西部直下地震
13104:119,seismic,都心西部直下地震,5.837,6弱,,,13104,新宿区,Unknown,Unknown,未判定,未細分,point,熊野神社の狛犬,想定震度,都心西部直下地震,想定震度｜都心西部直下地震
13104:120,seismic,都心西部直下地震,5.822,6弱,,,13104,新宿区,Unknown,Unknown,未判定,未細分,point,高田馬場の流鏑馬,想定震度,都心西部直下地震,想定震度｜都心西部直下地震
13104:121,seismic,都心西部直下地震,5.873,6弱,,,13104,新宿区,Unknown,Unknown,未判定,未細分,point,中井御霊神社の備射祭,想定震度,都心西部直下地震,想定震度｜都心西部直下地震
13104:122,seismic,都心西部直下地震,5.792,6弱,,,13104,新宿区,Unknown,Unknown,未判定,未細分,point,葛谷御霊神社の備謝祭,想定震度,都心西部直下地震,想定震度｜都心西部直下地震
13104:123,seismic,都心西部直下地震,5.829,6弱,,,13104,新宿区,Unknown,Unknown,未判定,未細分,point,丸藤宮元講社の富士講行事,想定震度,都心西部直下地震,想定震度｜都心西部直下地震
13104:124,seismic,都心西部直下地震,5.759,6弱,,,13104,新宿区,Unknown,Unknown,未判定,未細分,point,戸塚囃子,想定震度,都心西部直下地震,想定震度｜都心西部直下地震
13104:125,seismic,都心西部直下地震,5.903,6弱,,,13104,新宿区,Unknown,Unknown,未判定,未細分,point,萩原社中里神楽,想定震度,都心西部直下地震,想定震度｜都心西部直下地震
13104:126,seismic,都心西部直下地震,5.846,6弱,,,13104,新宿区,Unknown,Unknown,未判定,未細分,point,上落合餅つき唄,想定震度,都心西部直下地震,想定震度｜都心西部直下地震
13104:127,seismic,都心西部直下地震,5.88,6弱,,,13104,新宿区,Unknown,Unknown,未判定,未細分,point,鉄砲組百人隊行列,想定震度,都心西部直下地震,想定震度｜都心西部直下地震
13104:128,seismic,都心西部直下地震,5.955,6弱,,,13104,新宿区,Unknown,Unknown,未判定,未細分,point,高松喜六の墓,想定震度,都心西部直下地震,想定震度｜都心西部直下地震
13104:129,seismic,都心西部直下地震,5.953,6弱,,,13104,新宿区,Unknown,Unknown,未判定,未細分,point,服部半蔵の墓,想定震度,都心西部直下地震,想定震度｜都心西部直下地震
13104:130,seismic,都心西部直下地震,5.951,6弱,,,13104,新宿区,Unknown,Unknown,未判定,未細分,point,小泉八雲旧居跡,想定震度,都心西部直下地震,想定震度｜都心西部直下地震
13104:131,seismic,都心西部直下地震,5.955,6弱,,,13104,新宿区,Unknown,Unknown,未判定,未細分,point,塙保己一の墓,想定震度,都心西部直下地震,想定震度｜都心西部直下地震
13104:132,seismic,都心西部直下地震,5.81,6弱,,,13104,新宿区,Unknown,Unknown,未判定,未細分,point,山県大弐の墓,想定震度,都心西部直下地震,想定震度｜都心西部直下地震
13104:133,seismic,都心西部直下地震,5.837,6弱,,,13104,新宿区,Unknown,Unknown,未判定,未細分,point,十二社の碑,想定震度,都心西部直下地震,想定震度｜都心西部直下地震
13104:134,seismic,都心西部直下地震,5.866,6弱,,,13104,新宿区,Unknown,Unknown,未判定,未細分,point,松井須磨子の墓,想定震度,都心西部直下地震,想定震度｜都心西部直下地震
13104:135,seismic,都心西部直下地震,5.996,6弱,,,13104,新宿区,Unknown,Unknown,未判定,未細分,point,源清麿の墓,想定震度,都心西部直下地震,想定震度｜都心西部直下地震
13104:136,seismic,都心西部直下地震,5.775,6弱,,,13104,新宿区,Unknown,Unknown,未判定,未細分,point,尾崎紅葉旧居跡,想定震度,都心西部直下地震,想定震度｜都心西部直下地震
13104:137,seismic,都心西部直下地震,5.755,6弱,,,13104,新宿区,Unknown,Unknown,未判定,未細分,point,田村虎蔵旧居跡,想定震度,都心西部直下地震,想定震度｜都心西部直下地震
13104:138,seismic,都心西部直下地震,5.931,6弱,,,13104,新宿区,Unknown,Unknown,未判定,未細分,point,恋川春町の墓,想定震度,都心西部直下地震,想定震度｜都心西部直下地震
13104:139,seismic,都心西部直下地震,5.89,6弱,,,13104,新宿区,Unknown,Unknown,未判定,未細分,point,月岡芳年の墓,想定震度,都心西部直下地震,想定震度｜都心西部直下地震
13104:140,seismic,都心西部直下地震,5.72,6弱,,,13104,新宿区,Unknown,Unknown,未判定,未細分,point,浄瑠璃坂の仇討跡,想定震度,都心西部直下地震,想定震度｜都心西部直下地震
13104:141,seismic,都心西部直下地震,5.681,6弱,,,13104,新宿区,Unknown,Unknown,未判定,未細分,point,国産飛行機発祥の地,想定震度,都心西部直下地震,想定震度｜都心西部直下地震
13104:142,seismic,都心西部直下地震,5.906,6弱,,,13104,新宿区,Unknown,Unknown,未判定,未細分,point,大久保の犬御用屋敷跡,想定震度,都心西部直下地震,想定震度｜都心西部直下地震
13104:143,seismic,都心西部直下地震,5.857,6弱,,,13104,新宿区,Unknown,Unknown,未判定,未細分,point,三遊亭円朝旧居跡,想定震度,都心西部直下地震,想定震度｜都心西部直下地震
13104:144,seismic,都心西部直下地震,5.854,6弱,,,13104,新宿区,Unknown,Unknown,未判定,未細分,point,夏目漱石誕生の地,想定震度,都心西部直下地震,想定震度｜都心西部直下地震
13104:145,seismic,都心西部直下地震,5.846,6弱,,,13104,新宿区,Unknown,Unknown,未判定,未細分,point,夏目漱石終焉の地,想定震度,都心西部直下地震,想定震度｜都心西部直下地震
13104:146,seismic,都心西部直下地震,5.897,6弱,,,13104,新宿区,Unknown,Unknown,未判定,未細分,point,便々館湖鯉鮒狂歌碑,想定震度,都心西部直下地震,想定震度｜都心西部直下地震
13104:147,seismic,都心西部直下地震,5.852,6弱,,,13104,新宿区,Unknown,Unknown,未判定,未細分,point,永井荷風旧居跡,想定震度,都心西部直下地震,想定震度｜都心西部直下地震
13104:148,seismic,都心西部直下地震,5.953,6弱,,,13104,新宿区,Unknown,Unknown,未判定,未細分,point,岡崎三郎信康供養塔,想定震度,都心西部直下地震,想定震度｜都心西部直下地震
13104:149,seismic,都心西部直下地震,6.0,6強以上,,,13104,新宿区,Unknown,Unknown,未判定,未細分,point,榊原鍵吉の墓,想定震度,都心西部直下地震,想定震度｜都心西部直下地震
13104:150,seismic,都心西部直下地震,5.846,6弱,,,13104,新宿区,Unknown,Unknown,未判定,未細分,point,平秩東作の墓,想定震度,都心西部直下地震,想定震度｜都心西部直下地震
13104:151,seismic,都心西部直下地震,5.832,6弱,,,13104,新宿区,Unknown,Unknown,未判定,未細分,point,二葉亭四迷旧居跡,想定震度,都心西部直下地震,想定震度｜都心西部直下地震
13104:152,seismic,都心西部直下地震,5.892,6弱,,,13104,新宿区,Unknown,Unknown,未判定,未細分,point,大和田建樹終焉の地,想定震度,都心西部直下地震,想定震度｜都心西部直下地震
13104:153,seismic,都心西部直下地震,5.819,6弱,,,13104,新宿区,Unknown,Unknown,未判定,未細分,point,有島武郎旧居跡,想定震度,都心西部直下地震,想定震度｜都心西部直下地震
13104:154,seismic,都心西部直下地震,5.792,6弱,,,13104,新宿区,Unknown,Unknown,未判定,未細分,point,島村抱月終焉の地 (芸術倶楽部跡),想定震度,都心西部直下地震,想定震度｜都心西部直下地震
13104:155,seismic,都心西部直下地震,5.909,6弱,,,13104,新宿区,Unknown,Unknown,未判定,未細分,point,内藤正勝の墓,想定震度,都心西部直下地震,想定震度｜都心西部直下地震
13104:156,seismic,都心西部直下地震,5.897,6弱,,,13104,新宿区,Unknown,Unknown,未判定,未細分,point,筒井政憲の墓,想定震度,都心西部直下地震,想定震度｜都心西部直下地震
13104:157,seismic,都心西部直下地震,5.897,6弱,,,13104,新宿区,Unknown,Unknown,未判定,未細分,point,小泉八雲終焉の地,想定震度,都心西部直下地震,想定震度｜都心西部直下地震
13104:158,seismic,都心西部直下地震,5.885,6弱,,,13104,新宿区,Unknown,Unknown,未判定,未細分,point,紅皿の墓,想定震度,都心西部直下地震,想定震度｜都心西部直下地震
13104:159,seismic,都心西部直下地震,5.858,6弱,,,13104,新宿区,Unknown,Unknown,未判定,未細分,point,坪内逍遙旧居跡(文芸協会演劇研究所跡),想定震度,都心西部直下地震,想定震度｜都心西部直下地震
13104:160,seismic,都心西部直下地震,5.976,6弱,,,13104,新宿区,Unknown,Unknown,未判定,未細分,point,佐伯祐三アトリエの地,想定震度,都心西部直下地震,想定震度｜都心西部直下地震
13104:161,seismic,都心西部直下地震,5.977,6弱,,,13104,新宿区,Unknown,Unknown,未判定,未細分,point,滝沢馬琴終焉の地,想定震度,都心西部直下地震,想定震度｜都心西部直下地震
13104:162,seismic,都心西部直下地震,5.907,6弱,,,13104,新宿区,Unknown,Unknown,未判定,未細分,point,柳田國男旧居跡,想定震度,都心西部直下地震,想定震度｜都心西部直下地震
13104:163,seismic,都心西部直下地震,5.895,6弱,,,13104,新宿区,Unknown,Unknown,未判定,未細分,point,斎藤茂吉終焉の地,想定震度,都心西部直下地震,想定震度｜都心西部直下地震
13104:164,seismic,都心西部直下地震,5.842,6弱,,,13104,新宿区,Unknown,Unknown,未判定,未細分,point,下村湖人終焉の地,想定震度,都心西部直下地震,想定震度｜都心西部直下地震
13104:165,seismic,都心西部直下地震,5.787,6弱,,,13104,新宿区,Unknown,Unknown,未判定,未細分,point,落合秋艸堂跡(會津八一旧居跡),想定震度,都心西部直下地震,想定震度｜都心西部直下地震
13104:166,seismic,都心西部直下地震,5.812,6弱,,,13104,新宿区,Unknown,Unknown,未判定,未細分,point,西條八十旧居跡,想定震度,都心西部直下地震,想定震度｜都心西部直下地震
13104:167,seismic,都心西部直下地震,5.761,6弱,,,13104,新宿区,Unknown,Unknown,未判定,未細分,point,女人芸術社跡(長谷川時雨・三上於菟吉旧居跡),想定震度,都心西部直下地震,想定震度｜都心西部直下地震
13104:168,seismic,都心西部直下地震,5.99,6弱,,,13104,新宿区,Unknown,Unknown,未判定,未細分,point,内村鑑三終焉の地(今井館聖書講堂跡),想定震度,都心西部直下地震,想定震度｜都心西部直下地震
13104:169,seismic,都心西部直下地震,5.946,6弱,,,13104,新宿区,Unknown,Unknown,未判定,未細分,point,鈴木三重吉終焉の地(「赤い鳥」社跡),想定震度,都心西部直下地震,想定震度｜都心西部直下地震
13104:170,seismic,都心西部直下地震,5.846,6弱,,,13104,新宿区,Unknown,Unknown,未判定,未細分,point,鏑木清方旧居跡,想定震度,都心西部直下地震,想定震度｜都心西部直下地震
13104:171,seismic,都心西部直下地震,5.896,6弱,,,13104,新宿区,Unknown,Unknown,未判定,未細分,point,辰野金吾の墓,想定震度,都心西部直下地震,想定震度｜都心西部直下地震
13104:172,seismic,都心西部直下地震,5.709,6弱,,,13104,新宿区,Unknown,Unknown,未判定,未細分,point,牛込城跡,想定震度,都心西部直下地震,想定震度｜都心西部直下地震
13104:173,seismic,都心西部直下地震,5.833,6弱,,,13104,新宿区,Unknown,Unknown,未判定,未細分,point,富塚跡,想定震度,都心西部直下地震,想定震度｜都心西部直下地震
13104:174,seismic,都心西部直下地震,5.709,6弱,,,13104,新宿区,Unknown,Unknown,未判定,未細分,point,便々館湖鯉鮒の墓,想定震度,都心西部直下地震,想定震度｜都心西部直下地震
13104:175,seismic,都心西部直下地震,5.981,6弱,,,13104,新宿区,Unknown,Unknown,未判定,未細分,point,成子天神社の富士塚,想定震度,都心西部直下地震,想定震度｜都心西部直下地震
13104:176,seismic,都心西部直下地震,5.814,6弱,,,13104,新宿区,Unknown,Unknown,未判定,未細分,point,生田春月旧居跡,想定震度,都心西部直下地震,想定震度｜都心西部直下地震
13104:177,seismic,都心西部直下地震,5.808,6弱,,,13104,新宿区,Unknown,Unknown,未判定,未細分,point,泉鏡花旧居跡,想定震度,都心西部直下地震,想定震度｜都心西部直下地震
13104:178,seismic,都心西部直下地震,5.711,6弱,,,13104,新宿区,Unknown,Unknown,未判定,未細分,point,林芙美子終焉の地,想定震度,都心西部直下地震,想定震度｜都心西部直下地震
13104:179,seismic,都心西部直下地震,5.931,6弱,,,13104,新宿区,Unknown,Unknown,未判定,未細分,point,塚本明毅の墓碑,想定震度,都心西部直下地震,想定震度｜都心西部直下地震
13104:180,seismic,都心西部直下地震,5.811,6弱,,,13104,新宿区,Unknown,Unknown,未判定,未細分,point,萩原宗固の墓,想定震度,都心西部直下地震,想定震度｜都心西部直下地震
13104:181,seismic,都心西部直下地震,5.866,6弱,,,13104,新宿区,Unknown,Unknown,未判定,未細分,point,吉川湊一の墓,想定震度,都心西部直下地震,想定震度｜都心西部直下地震
13104:182,seismic,都心西部直下地震,5.79,6弱,,,13104,新宿区,Unknown,Unknown,未判定,未細分,point,東京府仮小学第三校跡,想定震度,都心西部直下地震,想定震度｜都心西部直下地震
13104:183,seismic,都心西部直下地震,6.247,6強以上,,,13104,新宿区,Unknown,Unknown,未判定,未細分,point,シイ,想定震度,都心西部直下地震,想定震度｜都心西部直下地震
13104:184,seismic,都心西部直下地震,5.866,6弱,,,13104,新宿区,Unknown,Unknown,未判定,未細分,point,イチョウ,想定震度,都心西部直下地震,想定震度｜都心西部直下地震
13104:185,seismic,都心西部直下地震,5.882,6弱,,,13104,新宿区,Unknown,Unknown,未判定,未細分,point,末広亭,想定震度,都心西部直下地震,想定震度｜都心西部直下地震
13104:186,seismic,都心西部直下地震,5.809,6弱,,,13104,新宿区,Unknown,Unknown,未判定,未細分,point,歌舞伎町建設記念碑,想定震度,都心西部直下地震,想定震度｜都心西部直下地震
13104:187,seismic,都心西部直下地震,5.837,6弱,,,13104,新宿区,Unknown,Unknown,未判定,未細分,point,六桜社跡,想定震度,都心西部直下地震,想定震度｜都心西部直下地震
13104:188,seismic,都心西部直下地震,5.741,6弱,,,13104,新宿区,Unknown,Unknown,未判定,未細分,point,佐々木活字店,想定震度,都心西部直下地震,想定震度｜都心西部直下地震
13104:189,seismic,都心西部直下地震,5.869,6弱,,,13104,新宿区,Unknown,Unknown,未判定,未細分,point,近衛篤麿公記念碑,想定震度,都心西部直下地震,想定震度｜都心西部直下地震
13104:190,seismic,都心西部直下地震,5.917,6弱,,,13104,新宿区,Unknown,Unknown,未判定,未細分,point,花園神社の二宮尊徳像,想定震度,都心西部直下地震,想定震度｜都心西部直下地震
13104:191,seismic,都心西部直下地震,5.824,6弱,,,13104,新宿区,Unknown,Unknown,未判定,未細分,point,長谷川平蔵埋葬の地,想定震度,都心西部直下地震,想定震度｜都心西部直下地震
13104:192,seismic,都心西部直下地震,5.875,6弱,,,13104,新宿区,Unknown,Unknown,未判定,未細分,point,神楽坂の東八拳,想定震度,都心西部直下地震,想定震度｜都心西部直下地震
13104:193,seismic,都心西部直下地震,5.76,6弱,,,13104,新宿区,Unknown,Unknown,未判定,未細分,point,神楽坂をどり,想定震度,都心西部直下地震,想定震度｜都心西部直下地震
13104:194,seismic,都心西部直下地震,5.877,6弱,,,13104,新宿区,Unknown,Unknown,未判定,未細分,point,旧近衛邸のケヤキ,想定震度,都心西部直下地震,想定震度｜都心西部直下地震
13104:195,seismic,都心西部直下地震,5.823,6弱,,,13104,新宿区,Unknown,Unknown,未判定,未細分,point,オブジェ「歓び(PLAISIR)」,想定震度,都心西部直下地震,想定震度｜都心西部直下地震
13104:196,seismic,都心西部直下地震,5.829,6弱,,,13104,新宿区,Unknown,Unknown,未判定,未細分,point,源兵衛子育地蔵尊の石造物群,想定震度,都心西部直下地震,想定震度｜都心西部直下地震
13104:197,seismic,都心西部直下地震,5.829,6弱,,,13104,新宿区,Unknown,Unknown,未判定,未細分,point,彰忠碑,想定震度,都心西部直下地震,想定震度｜都心西部直下地震
13104:198,seismic,都心西部直下地震,5.794,6弱,,,13104,新宿区,Unknown,Unknown,未判定,未細分,point,太平洋戦争本土初空襲の地跡,想定震度,都心西部直下地震,想定震度｜都心西部直下地震
13104:199,seismic,都心西部直下地震,5.862,6弱,,,13104,新宿区,Unknown,Unknown,未判定,未細分,point,名曲喫茶らんぶる,想定震度,都心西部直下地震,想定震度｜都心西部直下地震
13104:200,seismic,都心西部直下地震,5.792,6弱,,,13104,新宿区,Unknown,Unknown,未判定,未細分,point,西落合耕地整理記念碑,想定震度,都心西部直下地震,想定震度｜都心西部直下地震
13104:201,seismic,都心西部直下地震,5.795,6弱,,,13104,新宿区,Unknown,Unknown,未判定,未細分,point,旧淀橋浄水場蝶型弁,想定震度,都心西部直下地震,想定震度｜都心西部直下地震
13104:202,seismic,都心西部直下地震,5.837,6弱,,,13104,新宿区,Unknown,Unknown,未判定,未細分,point,旧淀橋浄水場六角堂,想定震度,都心西部直下地震,想定震度｜都心西部直下地震
13104:203,seismic,都心西部直下地震,5.875,6弱,,,13104,新宿区,Unknown,Unknown,未判定,未細分,point,巴講睦の獅子図屏風,想定震度,都心西部直下地震,想定震度｜都心西部直下地震
13104:204,seismic,都心西部直下地震,5.885,6弱,,,13104,新宿区,Unknown,Unknown,未判定,未細分,point,服部良一旧居跡,想定震度,都心西部直下地震,想定震度｜都心西部直下地震
13104:205,seismic,都心西部直下地震,5.82,6弱,,,13104,新宿区,Unknown,Unknown,未判定,未細分,point,天祖神社の神門,想定震度,都心西部直下地震,想定震度｜都心西部直下地震
13104:206,seismic,都心西部直下地震,5.855,6弱,,,13104,新宿区,Unknown,Unknown,未判定,未細分,point,戸山射撃場跡,想定震度,都心西部直下地震,想定震度｜都心西部直下地震
13104:207,seismic,都心西部直下地震,5.857,6弱,,,13104,新宿区,Unknown,Unknown,未判定,未細分,point,喜久井町 戦災者供養観音像,想定震度,都心西部直下地震,想定震度｜都心西部直下地震
13104:208,seismic,都心西部直下地震,5.931,6弱,,,13104,新宿区,Unknown,Unknown,未判定,未細分,point,白糸塚,想定震度,都心西部直下地震,想定震度｜都心西部直下地震
13104:209,seismic,都心西部直下地震,5.907,6弱,,,13104,新宿区,Unknown,Unknown,未判定,未細分,point,獅子吼会の山門,想定震度,都心西部直下地震,想定震度｜都心西部直下地震
13104:210,seismic,都心西部直下地震,5.794,6弱,,,13104,新宿区,Unknown,Unknown,未判定,未細分,point,田島森碑,想定震度,都心西部直下地震,想定震度｜都心西部直下地震
13104:211,seismic,都心西部直下地震,5.917,6弱,,,13104,新宿区,Unknown,Unknown,未判定,未細分,point,忠魂碑,想定震度,都心西部直下地震,想定震度｜都心西部直下地震
13104:212,seismic,都心西部直下地震,5.767,6弱,,,13104,新宿区,Unknown,Unknown,未判定,未細分,point,祭馬碑,想定震度,都心西部直下地震,想定震度｜都心西部直下地震
13104:213,seismic,都心西部直下地震,5.808,6弱,,,13104,新宿区,Unknown,Unknown,未判定,未細分,point,渡辺玉花旧居,想定震度,都心西部直下地震,想定震度｜都心西部直下地震
13104:214,seismic,都心西部直下地震,5.885,6弱,,,13104,新宿区,Unknown,Unknown,未判定,未細分,point,花園アパート跡,想定震度,都心西部直下地震,想定震度｜都心西部直下地震
13104:215,seismic,都心西部直下地震,5.801,6弱,,,13104,新宿区,Unknown,Unknown,未判定,未細分,point,美濃国高須藩主 松平家上屋敷跡,想定震度,都心西部直下地震,想定震度｜都心西部直下地震
13104:216,seismic,都心西部直下地震,5.981,6弱,,,13104,新宿区,Unknown,Unknown,未判定,未細分,point,水準点II号,想定震度,都心西部直下地震,想定震度｜都心西部直下地震
13104:217,seismic,都心西部直下地震,5.854,6弱,,,13104,新宿区,Unknown,Unknown,未判定,未細分,point,東京若葉キリスト教会,想定震度,都心西部直下地震,想定震度｜都心西部直下地震
13104:218,seismic,都心西部直下地震,5.816,6弱,,,13104,新宿区,Unknown,Unknown,未判定,未細分,point,稲荷鬼王神社の節分祭,想定震度,都心西部直下地震,想定震度｜都心西部直下地震
13104:219,seismic,都心西部直下地震,5.873,6弱,,,13104,新宿区,Unknown,Unknown,未判定,未細分,point,中井御霊神社の節分祭,想定震度,都心西部直下地震,想定震度｜都心西部直下地震
13104:220,seismic,都心西部直下地震,5.917,6弱,,,13104,新宿区,Unknown,Unknown,未判定,未細分,point,花園神社の節分祭,想定震度,都心西部直下地震,想定震度｜都心西部直下地震
13104:221,seismic,都心西部直下地震,5.705,6弱,,,13104,新宿区,Unknown,Unknown,未判定,未細分,point,氷川神社の節分祭,想定震度,都心西部直下地震,想定震度｜都心西部直下地震
13104:222,seismic,都心西部直下地震,5.841,6弱,,,13104,新宿区,Unknown,Unknown,未判定,未細分,point,鎧神社の節分祭,想定震度,都心西部直下地震,想定震度｜都心西部直下地震
13104:223,seismic,都心西部直下地震,5.932,6弱,,,13104,新宿区,Unknown,Unknown,未判定,未細分,point,自性院の節分会,想定震度,都心西部直下地震,想定震度｜都心西部直下地震
13104:224,seismic,都心西部直下地震,5.987,6弱,,,13104,新宿区,Unknown,Unknown,未判定,未細分,point,有隣園跡,想定震度,都心西部直下地震,想定震度｜都心西部直下地震
13104:225,seismic,都心西部直下地震,5.909,6弱,,,13104,新宿区,Unknown,Unknown,未判定,未細分,point,太宗寺の閻魔大王開帳,想定震度,都心西部直下地震,想定震度｜都心西部直下地震
13104:226,seismic,都心西部直下地震,5.909,6弱,,,13104,新宿区,Unknown,Unknown,未判定,未細分,point,太宗寺の大震災紀念碑,想定震度,都心西部直下地震,想定震度｜都心西部直下地震
13104:227,seismic,都心西部直下地震,5.748,6弱,,,13104,新宿区,Unknown,Unknown,未判定,未細分,point,放生寺の水掛け地蔵と大震火災死亡群霊塔,想定震度,都心西部直下地震,想定震度｜都心西部直下地震
13104:228,seismic,都心西部直下地震,6.082,6強以上,,,13104,新宿区,Unknown,Unknown,未判定,未細分,point,文学座アトリエ,想定震度,都心西部直下地震,想定震度｜都心西部直下地震
13104:230,seismic,都心西部直下地震,5.681,6弱,,,13104,新宿区,Unknown,Unknown,未判定,未細分,point,弘文学院跡,想定震度,都心西部直下地震,想定震度｜都心西部直下地震
13104:231,seismic,都心西部直下地震,5.908,6弱,,,13104,新宿区,Unknown,Unknown,未判定,未細分,point,ムーラン・ルージュ新宿座跡,想定震度,都心西部直下地震,想定震度｜都心西部直下地震
official_export_001:19,seismic,都心西部直下地震,5.79,6弱,,,13104,新宿区,National,Designated,有形文化財,建造物,building_direct,学習院旧正門,想定震度,都心西部直下地震,想定震度｜都心西部直下地震
official_export_001:43,seismic,都心西部直下地震,5.726,6弱,,,13104,新宿区,National,Designated,有形文化財,建造物,building_direct,旧馬場家牛込邸,想定震度,都心西部直下地震,想定震度｜都心西部直下地震
official_export_001:79,seismic,都心西部直下地震,5.857,6弱,,,13104,新宿区,National,Designated,有形文化財,建造物,building_direct,新宿御苑旧洋館御休所,想定震度,都心西部直下地震,想定震度｜都心西部直下地震
official_export_001:84,seismic,都心西部直下地震,5.988,6弱,,,13104,新宿区,National,Designated,有形文化財,建造物,building_direct,聖徳記念絵画館,想定震度,都心西部直下地震,想定震度｜都心西部直下地震
official_export_001:197,seismic,都心西部直下地震,5.816,6弱,,,13104,新宿区,National,Designated,有形文化財,建造物,building_direct,早稲田大学大隈記念講堂,想定震度,都心西部直下地震,想定震度｜都心西部直下地震
official_export_002:11,seismic,都心西部直下地震,5.791,6弱,,,13104,新宿区,National,Registered,有形文化財,建造物,building_direct,新井家住宅主屋,想定震度,都心西部直下地震,想定震度｜都心西部直下地震
official_export_002:33,seismic,都心西部直下地震,5.792,6弱,,,13104,新宿区,National,Registered,有形文化財,建造物,building_direct,一水寮,想定震度,都心西部直下地震,想定震度｜都心西部直下地震
official_export_002:158,seismic,都心西部直下地震,5.737,6弱,,,13104,新宿区,National,Registered,有形文化財,建造物,building_direct,旧島津家住宅アトリエ,想定震度,都心西部直下地震,想定震度｜都心西部直下地震
official_export_002:167,seismic,都心西部直下地震,5.727,6弱,,,13104,新宿区,National,Registered,有形文化財,建造物,building_direct,旧常盤家本館(石合家住宅主屋),想定震度,都心西部直下地震,想定震度｜都心西部直下地震
official_export_002:201,seismic,都心西部直下地震,5.906,6弱,,,13104,新宿区,National,Registered,有形文化財,建造物,building_direct,栗原家住宅稲荷社及び石鳥居,想定震度,都心西部直下地震,想定震度｜都心西部直下地震
official_export_002:202,seismic,都心西部直下地震,5.906,6弱,,,13104,新宿区,National,Registered,有形文化財,建造物,building_direct,栗原家住宅蔵,想定震度,都心西部直下地震,想定震度｜都心西部直下地震
official_export_002:203,seismic,都心西部直下地震,5.906,6弱,,,13104,新宿区,National,Registered,有形文化財,建造物,building_direct,栗原家住宅主屋,想定震度,都心西部直下地震,想定震度｜都心西部直下地震
official_export_002:204,seismic,都心西部直下地震,5.906,6弱,,,13104,新宿区,National,Registered,有形文化財,建造物,building_direct,栗原家住宅門柱及び塀,想定震度,都心西部直下地震,想定震度｜都心西部直下地震
official_export_002:269,seismic,都心西部直下地震,5.881,6弱,,,13104,新宿区,National,Registered,有形文化財,建造物,building_direct,新潮社倉庫,想定震度,都心西部直下地震,想定震度｜都心西部直下地震
official_export_002:270,seismic,都心西部直下地震,5.881,6弱,,,13104,新宿区,National,Registered,有形文化財,建造物,building_direct,新潮社本館,想定震度,都心西部直下地震,想定震度｜都心西部直下地震
official_export_002:273,seismic,都心西部直下地震,5.854,6弱,,,13104,新宿区,National,Registered,有形文化財,建造物,building_direct,鈴木家住宅主屋,想定震度,都心西部直下地震,想定震度｜都心西部直下地震
official_export_002:295,seismic,都心西部直下地震,5.877,6弱,,,13104,新宿区,National,Registered,有形文化財,建造物,building_direct,高橋建築事務所社屋,想定震度,都心西部直下地震,想定震度｜都心西部直下地震
official_export_002:388,seismic,都心西部直下地震,5.884,6弱,,,13104,新宿区,National,Registered,有形文化財,建造物,building_direct,日本バプテストキリスト教目白ヶ丘教会礼拝堂,想定震度,都心西部直下地震,想定震度｜都心西部直下地震
official_export_002:433,seismic,都心西部直下地震,5.72,6弱,,,13104,新宿区,National,Registered,有形文化財,建造物,building_direct,宮城道雄記念館検校の間,想定震度,都心西部直下地震,想定震度｜都心西部直下地震
official_export_002:456,seismic,都心西部直下地震,5.943,6弱,,,13104,新宿区,National,Registered,有形文化財,建造物,building_direct,安与ビル,想定震度,都心西部直下地震,想定震度｜都心西部直下地震
official_export_002:465,seismic,都心西部直下地震,5.858,6弱,,,13104,新宿区,National,Registered,有形文化財,建造物,building_direct,矢来能楽堂,想定震度,都心西部直下地震,想定震度｜都心西部直下地震
official_export_003:47,seismic,都心西部直下地震,5.743,6弱,,,13104,新宿区,National,Designated,記念物,天然記念物,point,哲学堂公園,想定震度,都心西部直下地震,想定震度｜都心西部直下地震
official_export_003:69,seismic,都心西部直下地震,5.858,6弱,,,13104,新宿区,National,Designated,記念物,天然記念物,point,山鹿素行墓,想定震度,都心西部直下地震,想定震度｜都心西部直下地震
official_export_003:75,seismic,都心西部直下地震,5.801,6弱,,,13104,新宿区,National,Designated,記念物,天然記念物,point,林氏墓地,想定震度,都心西部直下地震,想定震度｜都心西部直下地震
13104:0,seismic,多摩東部直下地震,5.7942,6弱,,,13104,新宿区,Unknown,Unknown,未判定,未細分,point,市谷亀岡八幡宮の銅鳥居,想定震度,多摩東部直下地震,想定震度｜多摩東部直下地震
13104:1,seismic,多摩東部直下地震,5.8378,6弱,,,13104,新宿区,Unknown,Unknown,未判定,未細分,point,早稲田大学 坪内博士記念演劇博物館,想定震度,多摩東部直下地震,想定震度｜多摩東部直下地震
13104:2,seismic,多摩東部直下地震,5.8362,6弱,,,13104,新宿区,Unknown,Unknown,未判定,未細分,point,浄栄寺の山門「甘露門」,想定震度,多摩東部直下地震,想定震度｜多摩東部直下地震
13104:3,seismic,多摩東部直下地震,5.8444,6弱,,,13104,新宿区,Unknown,Unknown,未判定,未細分,point,幸国寺の山門,想定震度,多摩東部直下地震,想定震度｜多摩東部直下地震
13104:4,seismic,多摩東部直下地震,5.7418,6弱,,,13104,新宿区,Unknown,Unknown,未判定,未細分,point,中井御霊神社の本殿・幣殿・拝殿,想定震度,多摩東部直下地震,想定震度｜多摩東部直下地震
13104:5,seismic,多摩東部直下地震,5.7882,6弱,,,13104,新宿区,Unknown,Unknown,未判定,未細分,point,亮朝院本堂,想定震度,多摩東部直下地震,想定震度｜多摩東部直下地震
13104:6,seismic,多摩東部直下地震,5.7882,6弱,,,13104,新宿区,Unknown,Unknown,未判定,未細分,point,亮朝院七面堂,想定震度,多摩東部直下地震,想定震度｜多摩東部直下地震
13104:7,seismic,多摩東部直下地震,6.004,6強以上,,,13104,新宿区,Unknown,Unknown,未判定,未細分,point,永心寺本堂,想定震度,多摩東部直下地震,想定震度｜多摩東部直下地震
13104:8,seismic,多摩東部直下地震,5.834,6弱,,,13104,新宿区,Unknown,Unknown,未判定,未細分,point,永心寺山門,想定震度,多摩東部直下地震,想定震度｜多摩東部直下地震
13104:9,seismic,多摩東部直下地震,5.7746,6弱,,,13104,新宿区,Unknown,Unknown,未判定,未細分,point,筑土八幡神社の石造鳥居,想定震度,多摩東部直下地震,想定震度｜多摩東部直下地震
13104:10,seismic,多摩東部直下地震,5.8492,6弱,,,13104,新宿区,Unknown,Unknown,未判定,未細分,point,西迎寺の阿弥陀如来座像,想定震度,多摩東部直下地震,想定震度｜多摩東部直下地震
13104:11,seismic,多摩東部直下地震,5.9222,6弱,,,13104,新宿区,Unknown,Unknown,未判定,未細分,point,中井出世不動尊像,想定震度,多摩東部直下地震,想定震度｜多摩東部直下地震
13104:12,seismic,多摩東部直下地震,5.8978,6弱,,,13104,新宿区,Unknown,Unknown,未判定,未細分,point,花園神社の唐獅子像,想定震度,多摩東部直下地震,想定震度｜多摩東部直下地震
13104:13,seismic,多摩東部直下地震,5.8848,6弱,,,13104,新宿区,Unknown,Unknown,未判定,未細分,point,太宗寺の三日月不動像,想定震度,多摩東部直下地震,想定震度｜多摩東部直下地震
13104:14,seismic,多摩東部直下地震,5.8344,6弱,,,13104,新宿区,Unknown,Unknown,未判定,未細分,point,熊野神社の水鉢,想定震度,多摩東部直下地震,想定震度｜多摩東部直下地震
13104:15,seismic,多摩東部直下地震,5.7882,6弱,,,13104,新宿区,Unknown,Unknown,未判定,未細分,point,亮朝院の金剛力士石像,想定震度,多摩東部直下地震,想定震度｜多摩東部直下地震
13104:16,seismic,多摩東部直下地震,5.7622,6弱,,,13104,新宿区,Unknown,Unknown,未判定,未細分,point,誓閑寺の梵鐘,想定震度,多摩東部直下地震,想定震度｜多摩東部直下地震
13104:17,seismic,多摩東部直下地震,5.8076,6弱,,,13104,新宿区,Unknown,Unknown,未判定,未細分,point,善国寺の毘沙門天像,想定震度,多摩東部直下地震,想定震度｜多摩東部直下地震
13104:18,seismic,多摩東部直下地震,5.792,6弱,,,13104,新宿区,Unknown,Unknown,未判定,未細分,point,経王寺の大黒天像,想定震度,多摩東部直下地震,想定震度｜多摩東部直下地震
13104:19,seismic,多摩東部直下地震,5.8694,6弱,,,13104,新宿区,Unknown,Unknown,未判定,未細分,point,法善寺の七面明神像,想定震度,多摩東部直下地震,想定震度｜多摩東部直下地震
13104:20,seismic,多摩東部直下地震,5.8158,6弱,,,13104,新宿区,Unknown,Unknown,未判定,未細分,point,布袋像の水鉢,想定震度,多摩東部直下地震,想定震度｜多摩東部直下地震
13104:21,seismic,多摩東部直下地震,5.8694,6弱,,,13104,新宿区,Unknown,Unknown,未判定,未細分,point,須賀神社の三十六歌仙絵,想定震度,多摩東部直下地震,想定震度｜多摩東部直下地震
13104:22,seismic,多摩東部直下地震,5.9298,6弱,,,13104,新宿区,Unknown,Unknown,未判定,未細分,point,馬水槽,想定震度,多摩東部直下地震,想定震度｜多摩東部直下地震
13104:23,seismic,多摩東部直下地震,5.8254,6弱,,,13104,新宿区,Unknown,Unknown,未判定,未細分,point,天龍寺の時の鐘,想定震度,多摩東部直下地震,想定震度｜多摩東部直下地震
13104:24,seismic,多摩東部直下地震,5.8254,6弱,,,13104,新宿区,Unknown,Unknown,未判定,未細分,point,天龍寺のやぐら時計,想定震度,多摩東部直下地震,想定震度｜多摩東部直下地震
13104:25,seismic,多摩東部直下地震,5.8378,6弱,,,13104,新宿区,Unknown,Unknown,未判定,未細分,point,大隈重信銅像,想定震度,多摩東部直下地震,想定震度｜多摩東部直下地震
13104:26,seismic,多摩東部直下地震,5.9304,6弱,,,13104,新宿区,Unknown,Unknown,未判定,未細分,point,長善寺(笹寺)のめのう観音像,想定震度,多摩東部直下地震,想定震度｜多摩東部直下地震
13104:27,seismic,多摩東部直下地震,5.8286,6弱,,,13104,新宿区,Unknown,Unknown,未判定,未細分,point,鬼王神社の水鉢,想定震度,多摩東部直下地震,想定震度｜多摩東部直下地震
13104:28,seismic,多摩東部直下地震,5.9178,6弱,,,13104,新宿区,Unknown,Unknown,未判定,未細分,point,聖徳太子画像,想定震度,多摩東部直下地震,想定震度｜多摩東部直下地震
13104:29,seismic,多摩東部直下地震,5.8848,6弱,,,13104,新宿区,Unknown,Unknown,未判定,未細分,point,太宗寺の観無量寿経曼荼羅,想定震度,多摩東部直下地震,想定震度｜多摩東部直下地震
13104:30,seismic,多摩東部直下地震,5.8344,6弱,,,13104,新宿区,Unknown,Unknown,未判定,未細分,point,七人役者図絵馬,想定震度,多摩東部直下地震,想定震度｜多摩東部直下地震
13104:31,seismic,多摩東部直下地震,5.8694,6弱,,,13104,新宿区,Unknown,Unknown,未判定,未細分,point,阿弥陀三尊来迎図(専福寺),想定震度,多摩東部直下地震,想定震度｜多摩東部直下地震
13104:32,seismic,多摩東部直下地震,5.821,6弱,,,13104,新宿区,Unknown,Unknown,未判定,未細分,point,木造阿弥陀如来立像,想定震度,多摩東部直下地震,想定震度｜多摩東部直下地震
13104:33,seismic,多摩東部直下地震,5.7734,6弱,,,13104,新宿区,Unknown,Unknown,未判定,未細分,point,木造地蔵菩薩坐像,想定震度,多摩東部直下地震,想定震度｜多摩東部直下地震
13104:34,seismic,多摩東部直下地震,5.7734,6弱,,,13104,新宿区,Unknown,Unknown,未判定,未細分,point,阿弥陀三尊来迎図(光照寺),想定震度,多摩東部直下地震,想定震度｜多摩東部直下地震
13104:35,seismic,多摩東部直下地震,5.7734,6弱,,,13104,新宿区,Unknown,Unknown,未判定,未細分,point,法然上人画像,想定震度,多摩東部直下地震,想定震度｜多摩東部直下地震
13104:36,seismic,多摩東部直下地震,5.9178,6弱,,,13104,新宿区,Unknown,Unknown,未判定,未細分,point,西光庵の観無量寿経曼荼羅,想定震度,多摩東部直下地震,想定震度｜多摩東部直下地震
13104:37,seismic,多摩東部直下地震,5.7438,6弱,,,13104,新宿区,Unknown,Unknown,未判定,未細分,point,天瑞元堤像 谷文晁筆,想定震度,多摩東部直下地震,想定震度｜多摩東部直下地震
13104:38,seismic,多摩東部直下地震,5.7438,6弱,,,13104,新宿区,Unknown,Unknown,未判定,未細分,point,謙堂文益像 谷文晁筆,想定震度,多摩東部直下地震,想定震度｜多摩東部直下地震
13104:39,seismic,多摩東部直下地震,5.7438,6弱,,,13104,新宿区,Unknown,Unknown,未判定,未細分,point,八大龍王図 谷文晁筆,想定震度,多摩東部直下地震,想定震度｜多摩東部直下地震
13104:40,seismic,多摩東部直下地震,5.7438,6弱,,,13104,新宿区,Unknown,Unknown,未判定,未細分,point,十大弟子図 谷文晁筆,想定震度,多摩東部直下地震,想定震度｜多摩東部直下地震
13104:41,seismic,多摩東部直下地震,5.8684,6弱,,,13104,新宿区,Unknown,Unknown,未判定,未細分,point,永福寺の銅造大日如来坐像,想定震度,多摩東部直下地震,想定震度｜多摩東部直下地震
13104:42,seismic,多摩東部直下地震,5.8684,6弱,,,13104,新宿区,Unknown,Unknown,未判定,未細分,point,永福寺の銅造地蔵菩薩半跏像,想定震度,多摩東部直下地震,想定震度｜多摩東部直下地震
13104:43,seismic,多摩東部直下地震,5.7404,6弱,,,13104,新宿区,Unknown,Unknown,未判定,未細分,point,済松寺の加藤文麗筆絵画作品,想定震度,多摩東部直下地震,想定震度｜多摩東部直下地震
13104:44,seismic,多摩東部直下地震,5.8588,6弱,,,13104,新宿区,Unknown,Unknown,未判定,未細分,point,谷文晁の絵,想定震度,多摩東部直下地震,想定震度｜多摩東部直下地震
13104:45,seismic,多摩東部直下地震,5.8588,6弱,,,13104,新宿区,Unknown,Unknown,未判定,未細分,point,月見岡八幡神社の鰐口,想定震度,多摩東部直下地震,想定震度｜多摩東部直下地震
13104:46,seismic,多摩東部直下地震,5.7942,6弱,,,13104,新宿区,Unknown,Unknown,未判定,未細分,point,市谷亀岡八幡宮の軍配団扇,想定震度,多摩東部直下地震,想定震度｜多摩東部直下地震
13104:47,seismic,多摩東部直下地震,5.982,6弱,,,13104,新宿区,Unknown,Unknown,未判定,未細分,point,林光寺の高僧先達連座画像,想定震度,多摩東部直下地震,想定震度｜多摩東部直下地震
13104:48,seismic,多摩東部直下地震,5.7734,6弱,,,13104,新宿区,Unknown,Unknown,未判定,未細分,point,木造十一面観音坐像,想定震度,多摩東部直下地震,想定震度｜多摩東部直下地震
13104:49,seismic,多摩東部直下地震,5.7882,6弱,,,13104,新宿区,Unknown,Unknown,未判定,未細分,point,亮朝院の梵鐘,想定震度,多摩東部直下地震,想定震度｜多摩東部直下地震
13104:50,seismic,多摩東部直下地震,5.72,6弱,,,13104,新宿区,Unknown,Unknown,未判定,未細分,point,宝泉寺の梵鐘,想定震度,多摩東部直下地震,想定震度｜多摩東部直下地震
13104:51,seismic,多摩東部直下地震,5.7622,6弱,,,13104,新宿区,Unknown,Unknown,未判定,未細分,point,銅造地蔵菩薩半跏像,想定震度,多摩東部直下地震,想定震度｜多摩東部直下地震
13104:52,seismic,多摩東部直下地震,5.8904,6弱,,,13104,新宿区,Unknown,Unknown,未判定,未細分,point,正受院の梵鐘,想定震度,多摩東部直下地震,想定震度｜多摩東部直下地震
13104:53,seismic,多摩東部直下地震,5.8492,6弱,,,13104,新宿区,Unknown,Unknown,未判定,未細分,point,西迎寺の梵鐘,想定震度,多摩東部直下地震,想定震度｜多摩東部直下地震
13104:54,seismic,多摩東部直下地震,5.8062,6弱,,,13104,新宿区,Unknown,Unknown,未判定,未細分,point,浄栄寺の梵鐘,想定震度,多摩東部直下地震,想定震度｜多摩東部直下地震
13104:55,seismic,多摩東部直下地震,5.8332,6弱,,,13104,新宿区,Unknown,Unknown,未判定,未細分,point,善慶寺の梵鐘,想定震度,多摩東部直下地震,想定震度｜多摩東部直下地震
13104:56,seismic,多摩東部直下地震,5.9356,6弱,,,13104,新宿区,Unknown,Unknown,未判定,未細分,point,法雲寺の梵鐘,想定震度,多摩東部直下地震,想定震度｜多摩東部直下地震
13104:57,seismic,多摩東部直下地震,5.8452,6弱,,,13104,新宿区,Unknown,Unknown,未判定,未細分,point,圓照寺の梵鐘,想定震度,多摩東部直下地震,想定震度｜多摩東部直下地震
13104:58,seismic,多摩東部直下地震,5.7834,6弱,,,13104,新宿区,Unknown,Unknown,未判定,未細分,point,薬王院の梵鐘,想定震度,多摩東部直下地震,想定震度｜多摩東部直下地震
13104:59,seismic,多摩東部直下地震,5.9984,6弱,,,13104,新宿区,Unknown,Unknown,未判定,未細分,point,西應寺の梵鐘,想定震度,多摩東部直下地震,想定震度｜多摩東部直下地震
13104:60,seismic,多摩東部直下地震,5.774,6弱,,,13104,新宿区,Unknown,Unknown,未判定,未細分,point,光照寺の涅槃図,想定震度,多摩東部直下地震,想定震度｜多摩東部直下地震
13104:61,seismic,多摩東部直下地震,6.038,6強以上,,,13104,新宿区,Unknown,Unknown,未判定,未細分,point,長安寺の六地蔵塔,想定震度,多摩東部直下地震,想定震度｜多摩東部直下地震
13104:62,seismic,多摩東部直下地震,5.8848,6弱,,,13104,新宿区,Unknown,Unknown,未判定,未細分,point,太宗寺墓地出土品,想定震度,多摩東部直下地震,想定震度｜多摩東部直下地震
13104:63,seismic,多摩東部直下地震,5.9178,6弱,,,13104,新宿区,Unknown,Unknown,未判定,未細分,point,小銅鐸,想定震度,多摩東部直下地震,想定震度｜多摩東部直下地震
13104:64,seismic,多摩東部直下地震,5.9178,6弱,,,13104,新宿区,Unknown,Unknown,未判定,未細分,point,隆起線文系土器,想定震度,多摩東部直下地震,想定震度｜多摩東部直下地震
13104:65,seismic,多摩東部直下地震,5.9178,6弱,,,13104,新宿区,Unknown,Unknown,未判定,未細分,point,下落合横穴墓出土品,想定震度,多摩東部直下地震,想定震度｜多摩東部直下地震
13104:66,seismic,多摩東部直下地震,6.0686,6強以上,,,13104,新宿区,Unknown,Unknown,未判定,未細分,point,一行院墓地出土品,想定震度,多摩東部直下地震,想定震度｜多摩東部直下地震
13104:67,seismic,多摩東部直下地震,5.9178,6弱,,,13104,新宿区,Unknown,Unknown,未判定,未細分,point,中村家文書,想定震度,多摩東部直下地震,想定震度｜多摩東部直下地震
13104:68,seismic,多摩東部直下地震,5.982,6弱,,,13104,新宿区,Unknown,Unknown,未判定,未細分,point,林光寺の歴代宗主銘,想定震度,多摩東部直下地震,想定震度｜多摩東部直下地震
13104:69,seismic,多摩東部直下地震,5.7882,6弱,,,13104,新宿区,Unknown,Unknown,未判定,未細分,point,亮朝院文書,想定震度,多摩東部直下地震,想定震度｜多摩東部直下地震
13104:70,seismic,多摩東部直下地震,5.7418,6弱,,,13104,新宿区,Unknown,Unknown,未判定,未細分,point,中井御霊神社文書,想定震度,多摩東部直下地震,想定震度｜多摩東部直下地震
13104:71,seismic,多摩東部直下地震,5.832,6弱,,,13104,新宿区,Unknown,Unknown,未判定,未細分,point,長厳寺文書,想定震度,多摩東部直下地震,想定震度｜多摩東部直下地震
13104:72,seismic,多摩東部直下地震,5.7438,6弱,,,13104,新宿区,Unknown,Unknown,未判定,未細分,point,済松寺文書,想定震度,多摩東部直下地震,想定震度｜多摩東部直下地震
13104:73,seismic,多摩東部直下地震,5.982,6弱,,,13104,新宿区,Unknown,Unknown,未判定,未細分,point,林光寺文書,想定震度,多摩東部直下地震,想定震度｜多摩東部直下地震
13104:74,seismic,多摩東部直下地震,5.8718,6弱,,,13104,新宿区,Unknown,Unknown,未判定,未細分,point,大聖院文書,想定震度,多摩東部直下地震,想定震度｜多摩東部直下地震
13104:75,seismic,多摩東部直下地震,5.8654,6弱,,,13104,新宿区,Unknown,Unknown,未判定,未細分,point,法身寺文書,想定震度,多摩東部直下地震,想定震度｜多摩東部直下地震
13104:76,seismic,多摩東部直下地震,5.8904,6弱,,,13104,新宿区,Unknown,Unknown,未判定,未細分,point,旭地蔵,想定震度,多摩東部直下地震,想定震度｜多摩東部直下地震
13104:77,seismic,多摩東部直下地震,5.8904,6弱,,,13104,新宿区,Unknown,Unknown,未判定,未細分,point,子供合埋碑,想定震度,多摩東部直下地震,想定震度｜多摩東部直下地震
13104:78,seismic,多摩東部直下地震,5.8344,6弱,,,13104,新宿区,Unknown,Unknown,未判定,未細分,point,式三番奉納額,想定震度,多摩東部直下地震,想定震度｜多摩東部直下地震
13104:79,seismic,多摩東部直下地震,5.8654,6弱,,,13104,新宿区,Unknown,Unknown,未判定,未細分,point,旧鈴法寺江戸番所資料,想定震度,多摩東部直下地震,想定震度｜多摩東部直下地震
13104:80,seismic,多摩東部直下地震,5.9178,6弱,,,13104,新宿区,Unknown,Unknown,未判定,未細分,point,空印の石手水鉢,想定震度,多摩東部直下地震,想定震度｜多摩東部直下地震
13104:81,seismic,多摩東部直下地震,5.8862,6弱,,,13104,新宿区,Unknown,Unknown,未判定,未細分,point,堀部武庸加功遺跡之碑,想定震度,多摩東部直下地震,想定震度｜多摩東部直下地震
13104:82,seismic,多摩東部直下地震,5.8444,6弱,,,13104,新宿区,Unknown,Unknown,未判定,未細分,point,幸国寺の日蓮聖人六百遠忌供養塔,想定震度,多摩東部直下地震,想定震度｜多摩東部直下地震
13104:83,seismic,多摩東部直下地震,5.8848,6弱,,,13104,新宿区,Unknown,Unknown,未判定,未細分,point,太宗寺の切支丹灯籠,想定震度,多摩東部直下地震,想定震度｜多摩東部直下地震
13104:84,seismic,多摩東部直下地震,5.7734,6弱,,,13104,新宿区,Unknown,Unknown,未判定,未細分,point,諸国旅人供養碑,想定震度,多摩東部直下地震,想定震度｜多摩東部直下地震
13104:85,seismic,多摩東部直下地震,5.9812,6弱,,,13104,新宿区,Unknown,Unknown,未判定,未細分,point,服部半蔵の槍,想定震度,多摩東部直下地震,想定震度｜多摩東部直下地震
13104:86,seismic,多摩東部直下地震,5.8896,6弱,,,13104,新宿区,Unknown,Unknown,未判定,未細分,point,駿馬塚の碑,想定震度,多摩東部直下地震,想定震度｜多摩東部直下地震
13104:87,seismic,多摩東部直下地震,5.8946,6弱,,,13104,新宿区,Unknown,Unknown,未判定,未細分,point,月桂寺の切支丹灯籠,想定震度,多摩東部直下地震,想定震度｜多摩東部直下地震
13104:88,seismic,多摩東部直下地震,5.7882,6弱,,,13104,新宿区,Unknown,Unknown,未判定,未細分,point,木造七面明神半跏像及び宮殿,想定震度,多摩東部直下地震,想定震度｜多摩東部直下地震
13104:89,seismic,多摩東部直下地震,5.7882,6弱,,,13104,新宿区,Unknown,Unknown,未判定,未細分,point,木造妙見菩薩立像及び宮殿,想定震度,多摩東部直下地震,想定震度｜多摩東部直下地震
13104:90,seismic,多摩東部直下地震,5.7882,6弱,,,13104,新宿区,Unknown,Unknown,未判定,未細分,point,木造諏訪大明神坐像及び宮殿,想定震度,多摩東部直下地震,想定震度｜多摩東部直下地震
13104:91,seismic,多摩東部直下地震,5.7942,6弱,,,13104,新宿区,Unknown,Unknown,未判定,未細分,point,市谷亀岡八幡宮の几号水準点(水鉢台座),想定震度,多摩東部直下地震,想定震度｜多摩東部直下地震
13104:93,seismic,多摩東部直下地震,5.8234,6弱,,,13104,新宿区,Unknown,Unknown,未判定,未細分,point,自証院の阿弥陀三尊種子板碑,想定震度,多摩東部直下地震,想定震度｜多摩東部直下地震
13104:94,seismic,多摩東部直下地震,5.8484,6弱,,,13104,新宿区,Unknown,Unknown,未判定,未細分,point,来迎寺の庚申塔,想定震度,多摩東部直下地震,想定震度｜多摩東部直下地震
13104:95,seismic,多摩東部直下地震,5.8904,6弱,,,13104,新宿区,Unknown,Unknown,未判定,未細分,point,正受院の奪衣婆像,想定震度,多摩東部直下地震,想定震度｜多摩東部直下地震
13104:96,seismic,多摩東部直下地震,5.8896,6弱,,,13104,新宿区,Unknown,Unknown,未判定,未細分,point,中井御霊神社の備射祭絵馬,想定震度,多摩東部直下地震,想定震度｜多摩東部直下地震
13104:97,seismic,多摩東部直下地震,5.8896,6弱,,,13104,新宿区,Unknown,Unknown,未判定,未細分,point,中井御霊神社の分木,想定震度,多摩東部直下地震,想定震度｜多摩東部直下地震
13104:98,seismic,多摩東部直下地震,5.9434,6弱,,,13104,新宿区,Unknown,Unknown,未判定,未細分,point,自性院の私年号板碑,想定震度,多摩東部直下地震,想定震度｜多摩東部直下地震
13104:99,seismic,多摩東部直下地震,5.8588,6弱,,,13104,新宿区,Unknown,Unknown,未判定,未細分,point,月見岡八幡神社の庚申塔,想定震度,多摩東部直下地震,想定震度｜多摩東部直下地震
13104:100,seismic,多摩東部直下地震,5.8178,6弱,,,13104,新宿区,Unknown,Unknown,未判定,未細分,point,狛犬型庚申塔,想定震度,多摩東部直下地震,想定震度｜多摩東部直下地震
13104:101,seismic,多摩東部直下地震,5.8848,6弱,,,13104,新宿区,Unknown,Unknown,未判定,未細分,point,太宗寺の閻魔像,想定震度,多摩東部直下地震,想定震度｜多摩東部直下地震
13104:102,seismic,多摩東部直下地震,5.8848,6弱,,,13104,新宿区,Unknown,Unknown,未判定,未細分,point,太宗寺の奪衣婆像,想定震度,多摩東部直下地震,想定震度｜多摩東部直下地震
13104:103,seismic,多摩東部直下地震,5.8796,6弱,,,13104,新宿区,Unknown,Unknown,未判定,未細分,point,葛谷御霊神社の力石,想定震度,多摩東部直下地震,想定震度｜多摩東部直下地震
13104:104,seismic,多摩東部直下地震,5.9414,6弱,,,13104,新宿区,Unknown,Unknown,未判定,未細分,point,成子天神社の力石,想定震度,多摩東部直下地震,想定震度｜多摩東部直下地震
13104:105,seismic,多摩東部直下地震,5.8896,6弱,,,13104,新宿区,Unknown,Unknown,未判定,未細分,point,雨乞のむしろ旗,想定震度,多摩東部直下地震,想定震度｜多摩東部直下地震
13104:106,seismic,多摩東部直下地震,5.7942,6弱,,,13104,新宿区,Unknown,Unknown,未判定,未細分,point,市谷亀岡八幡宮の力石,想定震度,多摩東部直下地震,想定震度｜多摩東部直下地震
13104:107,seismic,多摩東部直下地震,5.7746,6弱,,,13104,新宿区,Unknown,Unknown,未判定,未細分,point,筑土八幡神社の庚申塔,想定震度,多摩東部直下地震,想定震度｜多摩東部直下地震
13104:108,seismic,多摩東部直下地震,5.8898,6弱,,,13104,新宿区,Unknown,Unknown,未判定,未細分,point,尺八「放下着」一式ならびに普化尺八伝授関連資料,想定震度,多摩東部直下地震,想定震度｜多摩東部直下地震
13104:109,seismic,多摩東部直下地震,5.8076,6弱,,,13104,新宿区,Unknown,Unknown,未判定,未細分,point,善国寺の石虎,想定震度,多摩東部直下地震,想定震度｜多摩東部直下地震
13104:110,seismic,多摩東部直下地震,5.8896,6弱,,,13104,新宿区,Unknown,Unknown,未判定,未細分,point,中井御霊神社の狛犬,想定震度,多摩東部直下地震,想定震度｜多摩東部直下地震
13104:111,seismic,多摩東部直下地震,5.9178,6弱,,,13104,新宿区,Unknown,Unknown,未判定,未細分,point,巴講睦の獅子頭,想定震度,多摩東部直下地震,想定震度｜多摩東部直下地震
13104:112,seismic,多摩東部直下地震,6.0686,6強以上,,,13104,新宿区,Unknown,Unknown,未判定,未細分,point,一行院の板碑,想定震度,多摩東部直下地震,想定震度｜多摩東部直下地震
13104:113,seismic,多摩東部直下地震,5.863,6弱,,,13104,新宿区,Unknown,Unknown,未判定,未細分,point,塞神三柱の塔,想定震度,多摩東部直下地震,想定震度｜多摩東部直下地震
13104:114,seismic,多摩東部直下地震,5.896,6弱,,,13104,新宿区,Unknown,Unknown,未判定,未細分,point,全龍寺の庚申塔,想定震度,多摩東部直下地震,想定震度｜多摩東部直下地震
13104:115,seismic,多摩東部直下地震,5.8258,6弱,,,13104,新宿区,Unknown,Unknown,未判定,未細分,point,慈雲山観音寺の庚申塔,想定震度,多摩東部直下地震,想定震度｜多摩東部直下地震
13104:116,seismic,多摩東部直下地震,5.7386,6弱,,,13104,新宿区,Unknown,Unknown,未判定,未細分,point,下落合二丁目の庚申塔,想定震度,多摩東部直下地震,想定震度｜多摩東部直下地震
13104:117,seismic,多摩東部直下地震,5.8596,6弱,,,13104,新宿区,Unknown,Unknown,未判定,未細分,point,旧源兵衛村の庚申塔,想定震度,多摩東部直下地震,想定震度｜多摩東部直下地震
13104:118,seismic,多摩東部直下地震,5.8444,6弱,,,13104,新宿区,Unknown,Unknown,未判定,未細分,point,幸国寺の題目塔,想定震度,多摩東部直下地震,想定震度｜多摩東部直下地震
13104:119,seismic,多摩東部直下地震,5.8344,6弱,,,13104,新宿区,Unknown,Unknown,未判定,未細分,point,熊野神社の狛犬,想定震度,多摩東部直下地震,想定震度｜多摩東部直下地震
13104:120,seismic,多摩東部直下地震,5.8158,6弱,,,13104,新宿区,Unknown,Unknown,未判定,未細分,point,高田馬場の流鏑馬,想定震度,多摩東部直下地震,想定震度｜多摩東部直下地震
13104:121,seismic,多摩東部直下地震,5.8896,6弱,,,13104,新宿区,Unknown,Unknown,未判定,未細分,point,中井御霊神社の備射祭,想定震度,多摩東部直下地震,想定震度｜多摩東部直下地震
13104:122,seismic,多摩東部直下地震,5.8796,6弱,,,13104,新宿区,Unknown,Unknown,未判定,未細分,point,葛谷御霊神社の備謝祭,想定震度,多摩東部直下地震,想定震度｜多摩東部直下地震
13104:123,seismic,多摩東部直下地震,5.8224,6弱,,,13104,新宿区,Unknown,Unknown,未判定,未細分,point,丸藤宮元講社の富士講行事,想定震度,多摩東部直下地震,想定震度｜多摩東部直下地震
13104:124,seismic,多摩東部直下地震,5.785,6弱,,,13104,新宿区,Unknown,Unknown,未判定,未細分,point,戸塚囃子,想定震度,多摩東部直下地震,想定震度｜多摩東部直下地震
13104:125,seismic,多摩東部直下地震,5.9406,6弱,,,13104,新宿区,Unknown,Unknown,未判定,未細分,point,萩原社中里神楽,想定震度,多摩東部直下地震,想定震度｜多摩東部直下地震
13104:126,seismic,多摩東部直下地震,5.8588,6弱,,,13104,新宿区,Unknown,Unknown,未判定,未細分,point,上落合餅つき唄,想定震度,多摩東部直下地震,想定震度｜多摩東部直下地震
13104:127,seismic,多摩東部直下地震,5.9002,6弱,,,13104,新宿区,Unknown,Unknown,未判定,未細分,point,鉄砲組百人隊行列,想定震度,多摩東部直下地震,想定震度｜多摩東部直下地震
13104:128,seismic,多摩東部直下地震,5.977,6弱,,,13104,新宿区,Unknown,Unknown,未判定,未細分,point,高松喜六の墓,想定震度,多摩東部直下地震,想定震度｜多摩東部直下地震
13104:129,seismic,多摩東部直下地震,5.9812,6弱,,,13104,新宿区,Unknown,Unknown,未判定,未細分,point,服部半蔵の墓,想定震度,多摩東部直下地震,想定震度｜多摩東部直下地震
13104:130,seismic,多摩東部直下地震,5.9398,6弱,,,13104,新宿区,Unknown,Unknown,未判定,未細分,point,小泉八雲旧居跡,想定震度,多摩東部直下地震,想定震度｜多摩東部直下地震
13104:131,seismic,多摩東部直下地震,5.977,6弱,,,13104,新宿区,Unknown,Unknown,未判定,未細分,point,塙保己一の墓,想定震度,多摩東部直下地震,想定震度｜多摩東部直下地震
13104:132,seismic,多摩東部直下地震,5.8576,6弱,,,13104,新宿区,Unknown,Unknown,未判定,未細分,point,山県大弐の墓,想定震度,多摩東部直下地震,想定震度｜多摩東部直下地震
13104:133,seismic,多摩東部直下地震,5.8344,6弱,,,13104,新宿区,Unknown,Unknown,未判定,未細分,point,十二社の碑,想定震度,多摩東部直下地震,想定震度｜多摩東部直下地震
13104:134,seismic,多摩東部直下地震,5.8674,6弱,,,13104,新宿区,Unknown,Unknown,未判定,未細分,point,松井須磨子の墓,想定震度,多摩東部直下地震,想定震度｜多摩東部直下地震
13104:135,seismic,多摩東部直下地震,5.9942,6弱,,,13104,新宿区,Unknown,Unknown,未判定,未細分,point,源清麿の墓,想定震度,多摩東部直下地震,想定震度｜多摩東部直下地震
13104:136,seismic,多摩東部直下地震,5.8098,6弱,,,13104,新宿区,Unknown,Unknown,未判定,未細分,point,尾崎紅葉旧居跡,想定震度,多摩東部直下地震,想定震度｜多摩東部直下地震
13104:137,seismic,多摩東部直下地震,5.7432,6弱,,,13104,新宿区,Unknown,Unknown,未判定,未細分,point,田村虎蔵旧居跡,想定震度,多摩東部直下地震,想定震度｜多摩東部直下地震
13104:138,seismic,多摩東部直下地震,5.8904,6弱,,,13104,新宿区,Unknown,Unknown,未判定,未細分,point,恋川春町の墓,想定震度,多摩東部直下地震,想定震度｜多摩東部直下地震
13104:139,seismic,多摩東部直下地震,5.8694,6弱,,,13104,新宿区,Unknown,Unknown,未判定,未細分,point,月岡芳年の墓,想定震度,多摩東部直下地震,想定震度｜多摩東部直下地震
13104:140,seismic,多摩東部直下地震,5.7608,6弱,,,13104,新宿区,Unknown,Unknown,未判定,未細分,point,浄瑠璃坂の仇討跡,想定震度,多摩東部直下地震,想定震度｜多摩東部直下地震
13104:141,seismic,多摩東部直下地震,5.727,6弱,,,13104,新宿区,Unknown,Unknown,未判定,未細分,point,国産飛行機発祥の地,想定震度,多摩東部直下地震,想定震度｜多摩東部直下地震
13104:142,seismic,多摩東部直下地震,5.8868,6弱,,,13104,新宿区,Unknown,Unknown,未判定,未細分,point,大久保の犬御用屋敷跡,想定震度,多摩東部直下地震,想定震度｜多摩東部直下地震
13104:143,seismic,多摩東部直下地震,5.8812,6弱,,,13104,新宿区,Unknown,Unknown,未判定,未細分,point,三遊亭円朝旧居跡,想定震度,多摩東部直下地震,想定震度｜多摩東部直下地震
13104:144,seismic,多摩東部直下地震,5.8432,6弱,,,13104,新宿区,Unknown,Unknown,未判定,未細分,point,夏目漱石誕生の地,想定震度,多摩東部直下地震,想定震度｜多摩東部直下地震
13104:145,seismic,多摩東部直下地震,5.8438,6弱,,,13104,新宿区,Unknown,Unknown,未判定,未細分,point,夏目漱石終焉の地,想定震度,多摩東部直下地震,想定震度｜多摩東部直下地震
13104:146,seismic,多摩東部直下地震,5.9176,6弱,,,13104,新宿区,Unknown,Unknown,未判定,未細分,point,便々館湖鯉鮒狂歌碑,想定震度,多摩東部直下地震,想定震度｜多摩東部直下地震
13104:147,seismic,多摩東部直下地震,5.8258,6弱,,,13104,新宿区,Unknown,Unknown,未判定,未細分,point,永井荷風旧居跡,想定震度,多摩東部直下地震,想定震度｜多摩東部直下地震
13104:148,seismic,多摩東部直下地震,5.9812,6弱,,,13104,新宿区,Unknown,Unknown,未判定,未細分,point,岡崎三郎信康供養塔,想定震度,多摩東部直下地震,想定震度｜多摩東部直下地震
13104:149,seismic,多摩東部直下地震,5.9984,6弱,,,13104,新宿区,Unknown,Unknown,未判定,未細分,point,榊原鍵吉の墓,想定震度,多摩東部直下地震,想定震度｜多摩東部直下地震
13104:150,seismic,多摩東部直下地震,5.8332,6弱,,,13104,新宿区,Unknown,Unknown,未判定,未細分,point,平秩東作の墓,想定震度,多摩東部直下地震,想定震度｜多摩東部直下地震
13104:151,seismic,多摩東部直下地震,5.8744,6弱,,,13104,新宿区,Unknown,Unknown,未判定,未細分,point,二葉亭四迷旧居跡,想定震度,多摩東部直下地震,想定震度｜多摩東部直下地震
13104:152,seismic,多摩東部直下地震,5.8654,6弱,,,13104,新宿区,Unknown,Unknown,未判定,未細分,point,大和田建樹終焉の地,想定震度,多摩東部直下地震,想定震度｜多摩東部直下地震
13104:153,seismic,多摩東部直下地震,5.8046,6弱,,,13104,新宿区,Unknown,Unknown,未判定,未細分,point,有島武郎旧居跡,想定震度,多摩東部直下地震,想定震度｜多摩東部直下地震
13104:154,seismic,多摩東部直下地震,5.8248,6弱,,,13104,新宿区,Unknown,Unknown,未判定,未細分,point,島村抱月終焉の地 (芸術倶楽部跡),想定震度,多摩東部直下地震,想定震度｜多摩東部直下地震
13104:155,seismic,多摩東部直下地震,5.8848,6弱,,,13104,新宿区,Unknown,Unknown,未判定,未細分,point,内藤正勝の墓,想定震度,多摩東部直下地震,想定震度｜多摩東部直下地震
13104:156,seismic,多摩東部直下地震,5.9176,6弱,,,13104,新宿区,Unknown,Unknown,未判定,未細分,point,筒井政憲の墓,想定震度,多摩東部直下地震,想定震度｜多摩東部直下地震
13104:157,seismic,多摩東部直下地震,5.9068,6弱,,,13104,新宿区,Unknown,Unknown,未判定,未細分,point,小泉八雲終焉の地,想定震度,多摩東部直下地震,想定震度｜多摩東部直下地震
13104:158,seismic,多摩東部直下地震,5.8718,6弱,,,13104,新宿区,Unknown,Unknown,未判定,未細分,point,紅皿の墓,想定震度,多摩東部直下地震,想定震度｜多摩東部直下地震
13104:159,seismic,多摩東部直下地震,5.8298,6弱,,,13104,新宿区,Unknown,Unknown,未判定,未細分,point,坪内逍遙旧居跡(文芸協会演劇研究所跡),想定震度,多摩東部直下地震,想定震度｜多摩東部直下地震
13104:160,seismic,多摩東部直下地震,5.9286,6弱,,,13104,新宿区,Unknown,Unknown,未判定,未細分,point,佐伯祐三アトリエの地,想定震度,多摩東部直下地震,想定震度｜多摩東部直下地震
13104:161,seismic,多摩東部直下地震,5.901,6弱,,,13104,新宿区,Unknown,Unknown,未判定,未細分,point,滝沢馬琴終焉の地,想定震度,多摩東部直下地震,想定震度｜多摩東部直下地震
13104:162,seismic,多摩東部直下地震,5.9338,6弱,,,13104,新宿区,Unknown,Unknown,未判定,未細分,point,柳田國男旧居跡,想定震度,多摩東部直下地震,想定震度｜多摩東部直下地震
13104:163,seismic,多摩東部直下地震,5.9154,6弱,,,13104,新宿区,Unknown,Unknown,未判定,未細分,point,斎藤茂吉終焉の地,想定震度,多摩東部直下地震,想定震度｜多摩東部直下地震
13104:164,seismic,多摩東部直下地震,5.8684,6弱,,,13104,新宿区,Unknown,Unknown,未判定,未細分,point,下村湖人終焉の地,想定震度,多摩東部直下地震,想定震度｜多摩東部直下地震
13104:165,seismic,多摩東部直下地震,5.7804,6弱,,,13104,新宿区,Unknown,Unknown,未判定,未細分,point,落合秋艸堂跡(會津八一旧居跡),想定震度,多摩東部直下地震,想定震度｜多摩東部直下地震
13104:166,seismic,多摩東部直下地震,5.8068,6弱,,,13104,新宿区,Unknown,Unknown,未判定,未細分,point,西條八十旧居跡,想定震度,多摩東部直下地震,想定震度｜多摩東部直下地震
13104:167,seismic,多摩東部直下地震,5.8012,6弱,,,13104,新宿区,Unknown,Unknown,未判定,未細分,point,女人芸術社跡(長谷川時雨・三上於菟吉旧居跡),想定震度,多摩東部直下地震,想定震度｜多摩東部直下地震
13104:168,seismic,多摩東部直下地震,5.9372,6弱,,,13104,新宿区,Unknown,Unknown,未判定,未細分,point,内村鑑三終焉の地(今井館聖書講堂跡),想定震度,多摩東部直下地震,想定震度｜多摩東部直下地震
13104:169,seismic,多摩東部直下地震,5.933,6弱,,,13104,新宿区,Unknown,Unknown,未判定,未細分,point,鈴木三重吉終焉の地(「赤い鳥」社跡),想定震度,多摩東部直下地震,想定震度｜多摩東部直下地震
13104:170,seismic,多摩東部直下地震,5.8544,6弱,,,13104,新宿区,Unknown,Unknown,未判定,未細分,point,鏑木清方旧居跡,想定震度,多摩東部直下地震,想定震度｜多摩東部直下地震
13104:171,seismic,多摩東部直下地震,5.9216,6弱,,,13104,新宿区,Unknown,Unknown,未判定,未細分,point,辰野金吾の墓,想定震度,多摩東部直下地震,想定震度｜多摩東部直下地震
13104:172,seismic,多摩東部直下地震,5.7734,6弱,,,13104,新宿区,Unknown,Unknown,未判定,未細分,point,牛込城跡,想定震度,多摩東部直下地震,想定震度｜多摩東部直下地震
13104:173,seismic,多摩東部直下地震,5.8378,6弱,,,13104,新宿区,Unknown,Unknown,未判定,未細分,point,富塚跡,想定震度,多摩東部直下地震,想定震度｜多摩東部直下地震
13104:174,seismic,多摩東部直下地震,5.7734,6弱,,,13104,新宿区,Unknown,Unknown,未判定,未細分,point,便々館湖鯉鮒の墓,想定震度,多摩東部直下地震,想定震度｜多摩東部直下地震
13104:175,seismic,多摩東部直下地震,5.9414,6弱,,,13104,新宿区,Unknown,Unknown,未判定,未細分,point,成子天神社の富士塚,想定震度,多摩東部直下地震,想定震度｜多摩東部直下地震
13104:176,seismic,多摩東部直下地震,5.8034,6弱,,,13104,新宿区,Unknown,Unknown,未判定,未細分,point,生田春月旧居跡,想定震度,多摩東部直下地震,想定震度｜多摩東部直下地震
13104:177,seismic,多摩東部直下地震,5.8034,6弱,,,13104,新宿区,Unknown,Unknown,未判定,未細分,point,泉鏡花旧居跡,想定震度,多摩東部直下地震,想定震度｜多摩東部直下地震
13104:178,seismic,多摩東部直下地震,5.742,6弱,,,13104,新宿区,Unknown,Unknown,未判定,未細分,point,林芙美子終焉の地,想定震度,多摩東部直下地震,想定震度｜多摩東部直下地震
13104:179,seismic,多摩東部直下地震,5.8904,6弱,,,13104,新宿区,Unknown,Unknown,未判定,未細分,point,塚本明毅の墓碑,想定震度,多摩東部直下地震,想定震度｜多摩東部直下地震
13104:180,seismic,多摩東部直下地震,5.8288,6弱,,,13104,新宿区,Unknown,Unknown,未判定,未細分,point,萩原宗固の墓,想定震度,多摩東部直下地震,想定震度｜多摩東部直下地震
13104:181,seismic,多摩東部直下地震,5.8674,6弱,,,13104,新宿区,Unknown,Unknown,未判定,未細分,point,吉川湊一の墓,想定震度,多摩東部直下地震,想定震度｜多摩東部直下地震
13104:182,seismic,多摩東部直下地震,5.7826,6弱,,,13104,新宿区,Unknown,Unknown,未判定,未細分,point,東京府仮小学第三校跡,想定震度,多摩東部直下地震,想定震度｜多摩東部直下地震
13104:183,seismic,多摩東部直下地震,6.1326,6強以上,,,13104,新宿区,Unknown,Unknown,未判定,未細分,point,シイ,想定震度,多摩東部直下地震,想定震度｜多摩東部直下地震
13104:184,seismic,多摩東部直下地震,5.8424,6弱,,,13104,新宿区,Unknown,Unknown,未判定,未細分,point,イチョウ,想定震度,多摩東部直下地震,想定震度｜多摩東部直下地震
13104:185,seismic,多摩東部直下地震,5.8474,6弱,,,13104,新宿区,Unknown,Unknown,未判定,未細分,point,末広亭,想定震度,多摩東部直下地震,想定震度｜多摩東部直下地震
13104:186,seismic,多摩東部直下地震,5.8276,6弱,,,13104,新宿区,Unknown,Unknown,未判定,未細分,point,歌舞伎町建設記念碑,想定震度,多摩東部直下地震,想定震度｜多摩東部直下地震
13104:187,seismic,多摩東部直下地震,5.8344,6弱,,,13104,新宿区,Unknown,Unknown,未判定,未細分,point,六桜社跡,想定震度,多摩東部直下地震,想定震度｜多摩東部直下地震
13104:188,seismic,多摩東部直下地震,5.7376,6弱,,,13104,新宿区,Unknown,Unknown,未判定,未細分,point,佐々木活字店,想定震度,多摩東部直下地震,想定震度｜多摩東部直下地震
13104:189,seismic,多摩東部直下地震,5.8326,6弱,,,13104,新宿区,Unknown,Unknown,未判定,未細分,point,近衛篤麿公記念碑,想定震度,多摩東部直下地震,想定震度｜多摩東部直下地震
13104:190,seismic,多摩東部直下地震,5.8978,6弱,,,13104,新宿区,Unknown,Unknown,未判定,未細分,point,花園神社の二宮尊徳像,想定震度,多摩東部直下地震,想定震度｜多摩東部直下地震
13104:191,seismic,多摩東部直下地震,5.846,6弱,,,13104,新宿区,Unknown,Unknown,未判定,未細分,point,長谷川平蔵埋葬の地,想定震度,多摩東部直下地震,想定震度｜多摩東部直下地震
13104:192,seismic,多摩東部直下地震,5.8884,6弱,,,13104,新宿区,Unknown,Unknown,未判定,未細分,point,神楽坂の東八拳,想定震度,多摩東部直下地震,想定震度｜多摩東部直下地震
13104:193,seismic,多摩東部直下地震,5.7994,6弱,,,13104,新宿区,Unknown,Unknown,未判定,未細分,point,神楽坂をどり,想定震度,多摩東部直下地震,想定震度｜多摩東部直下地震
13104:194,seismic,多摩東部直下地震,5.8474,6弱,,,13104,新宿区,Unknown,Unknown,未判定,未細分,point,旧近衛邸のケヤキ,想定震度,多摩東部直下地震,想定震度｜多摩東部直下地震
13104:195,seismic,多摩東部直下地震,5.8716,6弱,,,13104,新宿区,Unknown,Unknown,未判定,未細分,point,オブジェ「歓び(PLAISIR)」,想定震度,多摩東部直下地震,想定震度｜多摩東部直下地震
13104:196,seismic,多摩東部直下地震,5.8716,6弱,,,13104,新宿区,Unknown,Unknown,未判定,未細分,point,源兵衛子育地蔵尊の石造物群,想定震度,多摩東部直下地震,想定震度｜多摩東部直下地震
13104:197,seismic,多摩東部直下地震,5.8716,6弱,,,13104,新宿区,Unknown,Unknown,未判定,未細分,point,彰忠碑,想定震度,多摩東部直下地震,想定震度｜多摩東部直下地震
13104:198,seismic,多摩東部直下地震,5.795,6弱,,,13104,新宿区,Unknown,Unknown,未判定,未細分,point,太平洋戦争本土初空襲の地跡,想定震度,多摩東部直下地震,想定震度｜多摩東部直下地震
13104:199,seismic,多摩東部直下地震,5.8336,6弱,,,13104,新宿区,Unknown,Unknown,未判定,未細分,point,名曲喫茶らんぶる,想定震度,多摩東部直下地震,想定震度｜多摩東部直下地震
13104:200,seismic,多摩東部直下地震,5.8796,6弱,,,13104,新宿区,Unknown,Unknown,未判定,未細分,point,西落合耕地整理記念碑,想定震度,多摩東部直下地震,想定震度｜多摩東部直下地震
13104:201,seismic,多摩東部直下地震,5.8076,6弱,,,13104,新宿区,Unknown,Unknown,未判定,未細分,point,旧淀橋浄水場蝶型弁,想定震度,多摩東部直下地震,想定震度｜多摩東部直下地震
13104:202,seismic,多摩東部直下地震,5.8344,6弱,,,13104,新宿区,Unknown,Unknown,未判定,未細分,point,旧淀橋浄水場六角堂,想定震度,多摩東部直下地震,想定震度｜多摩東部直下地震
13104:203,seismic,多摩東部直下地震,5.9178,6弱,,,13104,新宿区,Unknown,Unknown,未判定,未細分,point,巴講睦の獅子図屏風,想定震度,多摩東部直下地震,想定震度｜多摩東部直下地震
13104:204,seismic,多摩東部直下地震,5.8732,6弱,,,13104,新宿区,Unknown,Unknown,未判定,未細分,point,服部良一旧居跡,想定震度,多摩東部直下地震,想定震度｜多摩東部直下地震
13104:205,seismic,多摩東部直下地震,5.8,6弱,,,13104,新宿区,Unknown,Unknown,未判定,未細分,point,天祖神社の神門,想定震度,多摩東部直下地震,想定震度｜多摩東部直下地震
13104:206,seismic,多摩東部直下地震,5.8676,6弱,,,13104,新宿区,Unknown,Unknown,未判定,未細分,point,戸山射撃場跡,想定震度,多摩東部直下地震,想定震度｜多摩東部直下地震
13104:207,seismic,多摩東部直下地震,5.8432,6弱,,,13104,新宿区,Unknown,Unknown,未判定,未細分,point,喜久井町 戦災者供養観音像,想定震度,多摩東部直下地震,想定震度｜多摩東部直下地震
13104:208,seismic,多摩東部直下地震,5.8904,6弱,,,13104,新宿区,Unknown,Unknown,未判定,未細分,point,白糸塚,想定震度,多摩東部直下地震,想定震度｜多摩東部直下地震
13104:209,seismic,多摩東部直下地震,5.8986,6弱,,,13104,新宿区,Unknown,Unknown,未判定,未細分,point,獅子吼会の山門,想定震度,多摩東部直下地震,想定震度｜多摩東部直下地震
13104:210,seismic,多摩東部直下地震,5.7866,6弱,,,13104,新宿区,Unknown,Unknown,未判定,未細分,point,田島森碑,想定震度,多摩東部直下地震,想定震度｜多摩東部直下地震
13104:211,seismic,多摩東部直下地震,5.8978,6弱,,,13104,新宿区,Unknown,Unknown,未判定,未細分,point,忠魂碑,想定震度,多摩東部直下地震,想定震度｜多摩東部直下地震
13104:212,seismic,多摩東部直下地震,5.8032,6弱,,,13104,新宿区,Unknown,Unknown,未判定,未細分,point,祭馬碑,想定震度,多摩東部直下地震,想定震度｜多摩東部直下地震
13104:213,seismic,多摩東部直下地震,5.7788,6弱,,,13104,新宿区,Unknown,Unknown,未判定,未細分,point,渡辺玉花旧居,想定震度,多摩東部直下地震,想定震度｜多摩東部直下地震
13104:214,seismic,多摩東部直下地震,5.87,6弱,,,13104,新宿区,Unknown,Unknown,未判定,未細分,point,花園アパート跡,想定震度,多摩東部直下地震,想定震度｜多摩東部直下地震
13104:215,seismic,多摩東部直下地震,5.849,6弱,,,13104,新宿区,Unknown,Unknown,未判定,未細分,point,美濃国高須藩主 松平家上屋敷跡,想定震度,多摩東部直下地震,想定震度｜多摩東部直下地震
13104:216,seismic,多摩東部直下地震,5.9414,6弱,,,13104,新宿区,Unknown,Unknown,未判定,未細分,point,水準点II号,想定震度,多摩東部直下地震,想定震度｜多摩東部直下地震
13104:217,seismic,多摩東部直下地震,5.8852,6弱,,,13104,新宿区,Unknown,Unknown,未判定,未細分,point,東京若葉キリスト教会,想定震度,多摩東部直下地震,想定震度｜多摩東部直下地震
13104:218,seismic,多摩東部直下地震,5.8286,6弱,,,13104,新宿区,Unknown,Unknown,未判定,未細分,point,稲荷鬼王神社の節分祭,想定震度,多摩東部直下地震,想定震度｜多摩東部直下地震
13104:219,seismic,多摩東部直下地震,5.8896,6弱,,,13104,新宿区,Unknown,Unknown,未判定,未細分,point,中井御霊神社の節分祭,想定震度,多摩東部直下地震,想定震度｜多摩東部直下地震
13104:220,seismic,多摩東部直下地震,5.8978,6弱,,,13104,新宿区,Unknown,Unknown,未判定,未細分,point,花園神社の節分祭,想定震度,多摩東部直下地震,想定震度｜多摩東部直下地震
13104:221,seismic,多摩東部直下地震,5.705,6弱,,,13104,新宿区,Unknown,Unknown,未判定,未細分,point,氷川神社の節分祭,想定震度,多摩東部直下地震,想定震度｜多摩東部直下地震
13104:222,seismic,多摩東部直下地震,5.8178,6弱,,,13104,新宿区,Unknown,Unknown,未判定,未細分,point,鎧神社の節分祭,想定震度,多摩東部直下地震,想定震度｜多摩東部直下地震
13104:223,seismic,多摩東部直下地震,5.9434,6弱,,,13104,新宿区,Unknown,Unknown,未判定,未細分,point,自性院の節分会,想定震度,多摩東部直下地震,想定震度｜多摩東部直下地震
13104:224,seismic,多摩東部直下地震,5.9502,6弱,,,13104,新宿区,Unknown,Unknown,未判定,未細分,point,有隣園跡,想定震度,多摩東部直下地震,想定震度｜多摩東部直下地震
13104:225,seismic,多摩東部直下地震,5.8848,6弱,,,13104,新宿区,Unknown,Unknown,未判定,未細分,point,太宗寺の閻魔大王開帳,想定震度,多摩東部直下地震,想定震度｜多摩東部直下地震
13104:226,seismic,多摩東部直下地震,5.8848,6弱,,,13104,新宿区,Unknown,Unknown,未判定,未細分,point,太宗寺の大震災紀念碑,想定震度,多摩東部直下地震,想定震度｜多摩東部直下地震
13104:227,seismic,多摩東部直下地震,5.7568,6弱,,,13104,新宿区,Unknown,Unknown,未判定,未細分,point,放生寺の水掛け地蔵と大震火災死亡群霊塔,想定震度,多摩東部直下地震,想定震度｜多摩東部直下地震
13104:228,seismic,多摩東部直下地震,6.0494,6強以上,,,13104,新宿区,Unknown,Unknown,未判定,未細分,point,文学座アトリエ,想定震度,多摩東部直下地震,想定震度｜多摩東部直下地震
13104:230,seismic,多摩東部直下地震,5.727,6弱,,,13104,新宿区,Unknown,Unknown,未判定,未細分,point,弘文学院跡,想定震度,多摩東部直下地震,想定震度｜多摩東部直下地震
13104:231,seismic,多摩東部直下地震,5.8746,6弱,,,13104,新宿区,Unknown,Unknown,未判定,未細分,point,ムーラン・ルージュ新宿座跡,想定震度,多摩東部直下地震,想定震度｜多摩東部直下地震
official_export_001:19,seismic,多摩東部直下地震,5.821,6弱,,,13104,新宿区,National,Designated,有形文化財,建造物,building_direct,学習院旧正門,想定震度,多摩東部直下地震,想定震度｜多摩東部直下地震
official_export_001:43,seismic,多摩東部直下地震,5.776,6弱,,,13104,新宿区,National,Designated,有形文化財,建造物,building_direct,旧馬場家牛込邸,想定震度,多摩東部直下地震,想定震度｜多摩東部直下地震
official_export_001:79,seismic,多摩東部直下地震,5.8804,6弱,,,13104,新宿区,National,Designated,有形文化財,建造物,building_direct,新宿御苑旧洋館御休所,想定震度,多摩東部直下地震,想定震度｜多摩東部直下地震
official_export_001:84,seismic,多摩東部直下地震,5.9034,6弱,,,13104,新宿区,National,Designated,有形文化財,建造物,building_direct,聖徳記念絵画館,想定震度,多摩東部直下地震,想定震度｜多摩東部直下地震
official_export_001:197,seismic,多摩東部直下地震,5.8224,6弱,,,13104,新宿区,National,Designated,有形文化財,建造物,building_direct,早稲田大学大隈記念講堂,想定震度,多摩東部直下地震,想定震度｜多摩東部直下地震
official_export_002:11,seismic,多摩東部直下地震,5.7936,6弱,,,13104,新宿区,National,Registered,有形文化財,建造物,building_direct,新井家住宅主屋,想定震度,多摩東部直下地震,想定震度｜多摩東部直下地震
official_export_002:33,seismic,多摩東部直下地震,5.8248,6弱,,,13104,新宿区,National,Registered,有形文化財,建造物,building_direct,一水寮,想定震度,多摩東部直下地震,想定震度｜多摩東部直下地震
official_export_002:158,seismic,多摩東部直下地震,5.7542,6弱,,,13104,新宿区,National,Registered,有形文化財,建造物,building_direct,旧島津家住宅アトリエ,想定震度,多摩東部直下地震,想定震度｜多摩東部直下地震
official_export_002:167,seismic,多摩東部直下地震,5.7494,6弱,,,13104,新宿区,National,Registered,有形文化財,建造物,building_direct,旧常盤家本館(石合家住宅主屋),想定震度,多摩東部直下地震,想定震度｜多摩東部直下地震
official_export_002:201,seismic,多摩東部直下地震,5.893,6弱,,,13104,新宿区,National,Registered,有形文化財,建造物,building_direct,栗原家住宅稲荷社及び石鳥居,想定震度,多摩東部直下地震,想定震度｜多摩東部直下地震
official_export_002:202,seismic,多摩東部直下地震,5.893,6弱,,,13104,新宿区,National,Registered,有形文化財,建造物,building_direct,栗原家住宅蔵,想定震度,多摩東部直下地震,想定震度｜多摩東部直下地震
official_export_002:203,seismic,多摩東部直下地震,5.893,6弱,,,13104,新宿区,National,Registered,有形文化財,建造物,building_direct,栗原家住宅主屋,想定震度,多摩東部直下地震,想定震度｜多摩東部直下地震
official_export_002:204,seismic,多摩東部直下地震,5.893,6弱,,,13104,新宿区,National,Registered,有形文化財,建造物,building_direct,栗原家住宅門柱及び塀,想定震度,多摩東部直下地震,想定震度｜多摩東部直下地震
official_export_002:269,seismic,多摩東部直下地震,5.8984,6弱,,,13104,新宿区,National,Registered,有形文化財,建造物,building_direct,新潮社倉庫,想定震度,多摩東部直下地震,想定震度｜多摩東部直下地震
official_export_002:270,seismic,多摩東部直下地震,5.8984,6弱,,,13104,新宿区,National,Registered,有形文化財,建造物,building_direct,新潮社本館,想定震度,多摩東部直下地震,想定震度｜多摩東部直下地震
official_export_002:273,seismic,多摩東部直下地震,5.8686,6弱,,,13104,新宿区,National,Registered,有形文化財,建造物,building_direct,鈴木家住宅主屋,想定震度,多摩東部直下地震,想定震度｜多摩東部直下地震
official_export_002:295,seismic,多摩東部直下地震,5.8896,6弱,,,13104,新宿区,National,Registered,有形文化財,建造物,building_direct,高橋建築事務所社屋,想定震度,多摩東部直下地震,想定震度｜多摩東部直下地震
official_export_002:388,seismic,多摩東部直下地震,5.8542,6弱,,,13104,新宿区,National,Registered,有形文化財,建造物,building_direct,日本バプテストキリスト教目白ヶ丘教会礼拝堂,想定震度,多摩東部直下地震,想定震度｜多摩東部直下地震
official_export_002:433,seismic,多摩東部直下地震,5.7814,6弱,,,13104,新宿区,National,Registered,有形文化財,建造物,building_direct,宮城道雄記念館検校の間,想定震度,多摩東部直下地震,想定震度｜多摩東部直下地震
official_export_002:456,seismic,多摩東部直下地震,5.8998,6弱,,,13104,新宿区,National,Registered,有形文化財,建造物,building_direct,安与ビル,想定震度,多摩東部直下地震,想定震度｜多摩東部直下地震
official_export_002:465,seismic,多摩東部直下地震,5.8698,6弱,,,13104,新宿区,National,Registered,有形文化財,建造物,building_direct,矢来能楽堂,想定震度,多摩東部直下地震,想定震度｜多摩東部直下地震
official_export_003:47,seismic,多摩東部直下地震,5.8366,6弱,,,13104,新宿区,National,Designated,記念物,天然記念物,point,哲学堂公園,想定震度,多摩東部直下地震,想定震度｜多摩東部直下地震
official_export_003:69,seismic,多摩東部直下地震,5.8506,6弱,,,13104,新宿区,National,Designated,記念物,天然記念物,point,山鹿素行墓,想定震度,多摩東部直下地震,想定震度｜多摩東部直下地震
official_export_003:75,seismic,多摩東部直下地震,5.7934,6弱,,,13104,新宿区,National,Designated,記念物,天然記念物,point,林氏墓地,想定震度,多摩東部直下地震,想定震度｜多摩東部直下地震
13104:0,seismic,多摩西部直下地震,5.38,5強,,,13104,新宿区,Unknown,Unknown,未判定,未細分,point,市谷亀岡八幡宮の銅鳥居,想定震度,多摩西部直下地震,想定震度｜多摩西部直下地震
13104:1,seismic,多摩西部直下地震,5.395,5強,,,13104,新宿区,Unknown,Unknown,未判定,未細分,point,早稲田大学 坪内博士記念演劇博物館,想定震度,多摩西部直下地震,想定震度｜多摩西部直下地震
13104:2,seismic,多摩西部直下地震,5.423,5強,,,13104,新宿区,Unknown,Unknown,未判定,未細分,point,浄栄寺の山門「甘露門」,想定震度,多摩西部直下地震,想定震度｜多摩西部直下地震
13104:3,seismic,多摩西部直下地震,5.459,5強,,,13104,新宿区,Unknown,Unknown,未判定,未細分,point,幸国寺の山門,想定震度,多摩西部直下地震,想定震度｜多摩西部直下地震
13104:4,seismic,多摩西部直下地震,5.278,5強,,,13104,新宿区,Unknown,Unknown,未判定,未細分,point,中井御霊神社の本殿・幣殿・拝殿,想定震度,多摩西部直下地震,想定震度｜多摩西部直下地震
13104:5,seismic,多摩西部直下地震,5.293,5強,,,13104,新宿区,Unknown,Unknown,未判定,未細分,point,亮朝院本堂,想定震度,多摩西部直下地震,想定震度｜多摩西部直下地震
13104:6,seismic,多摩西部直下地震,5.293,5強,,,13104,新宿区,Unknown,Unknown,未判定,未細分,point,亮朝院七面堂,想定震度,多摩西部直下地震,想定震度｜多摩西部直下地震
13104:7,seismic,多摩西部直下地震,5.663,6弱,,,13104,新宿区,Unknown,Unknown,未判定,未細分,point,永心寺本堂,想定震度,多摩西部直下地震,想定震度｜多摩西部直下地震
13104:8,seismic,多摩西部直下地震,5.478,5強,,,13104,新宿区,Unknown,Unknown,未判定,未細分,point,永心寺山門,想定震度,多摩西部直下地震,想定震度｜多摩西部直下地震
13104:9,seismic,多摩西部直下地震,5.35,5強,,,13104,新宿区,Unknown,Unknown,未判定,未細分,point,筑土八幡神社の石造鳥居,想定震度,多摩西部直下地震,想定震度｜多摩西部直下地震
13104:10,seismic,多摩西部直下地震,5.457,5強,,,13104,新宿区,Unknown,Unknown,未判定,未細分,point,西迎寺の阿弥陀如来座像,想定震度,多摩西部直下地震,想定震度｜多摩西部直下地震
13104:11,seismic,多摩西部直下地震,5.441,5強,,,13104,新宿区,Unknown,Unknown,未判定,未細分,point,中井出世不動尊像,想定震度,多摩西部直下地震,想定震度｜多摩西部直下地震
13104:12,seismic,多摩西部直下地震,5.516,6弱,,,13104,新宿区,Unknown,Unknown,未判定,未細分,point,花園神社の唐獅子像,想定震度,多摩西部直下地震,想定震度｜多摩西部直下地震
13104:13,seismic,多摩西部直下地震,5.539,6弱,,,13104,新宿区,Unknown,Unknown,未判定,未細分,point,太宗寺の三日月不動像,想定震度,多摩西部直下地震,想定震度｜多摩西部直下地震
13104:14,seismic,多摩西部直下地震,5.438,5強,,,13104,新宿区,Unknown,Unknown,未判定,未細分,point,熊野神社の水鉢,想定震度,多摩西部直下地震,想定震度｜多摩西部直下地震
13104:15,seismic,多摩西部直下地震,5.293,5強,,,13104,新宿区,Unknown,Unknown,未判定,未細分,point,亮朝院の金剛力士石像,想定震度,多摩西部直下地震,想定震度｜多摩西部直下地震
13104:16,seismic,多摩西部直下地震,5.339,5強,,,13104,新宿区,Unknown,Unknown,未判定,未細分,point,誓閑寺の梵鐘,想定震度,多摩西部直下地震,想定震度｜多摩西部直下地震
13104:17,seismic,多摩西部直下地震,5.38,5強,,,13104,新宿区,Unknown,Unknown,未判定,未細分,point,善国寺の毘沙門天像,想定震度,多摩西部直下地震,想定震度｜多摩西部直下地震
13104:18,seismic,多摩西部直下地震,5.394,5強,,,13104,新宿区,Unknown,Unknown,未判定,未細分,point,経王寺の大黒天像,想定震度,多摩西部直下地震,想定震度｜多摩西部直下地震
13104:19,seismic,多摩西部直下地震,5.471,5強,,,13104,新宿区,Unknown,Unknown,未判定,未細分,point,法善寺の七面明神像,想定震度,多摩西部直下地震,想定震度｜多摩西部直下地震
13104:20,seismic,多摩西部直下地震,5.396,5強,,,13104,新宿区,Unknown,Unknown,未判定,未細分,point,布袋像の水鉢,想定震度,多摩西部直下地震,想定震度｜多摩西部直下地震
13104:21,seismic,多摩西部直下地震,5.522,6弱,,,13104,新宿区,Unknown,Unknown,未判定,未細分,point,須賀神社の三十六歌仙絵,想定震度,多摩西部直下地震,想定震度｜多摩西部直下地震
13104:22,seismic,多摩西部直下地震,5.546,6弱,,,13104,新宿区,Unknown,Unknown,未判定,未細分,point,馬水槽,想定震度,多摩西部直下地震,想定震度｜多摩西部直下地震
13104:23,seismic,多摩西部直下地震,5.465,5強,,,13104,新宿区,Unknown,Unknown,未判定,未細分,point,天龍寺の時の鐘,想定震度,多摩西部直下地震,想定震度｜多摩西部直下地震
13104:24,seismic,多摩西部直下地震,5.465,5強,,,13104,新宿区,Unknown,Unknown,未判定,未細分,point,天龍寺のやぐら時計,想定震度,多摩西部直下地震,想定震度｜多摩西部直下地震
13104:25,seismic,多摩西部直下地震,5.395,5強,,,13104,新宿区,Unknown,Unknown,未判定,未細分,point,大隈重信銅像,想定震度,多摩西部直下地震,想定震度｜多摩西部直下地震
13104:26,seismic,多摩西部直下地震,5.603,6弱,,,13104,新宿区,Unknown,Unknown,未判定,未細分,point,長善寺(笹寺)のめのう観音像,想定震度,多摩西部直下地震,想定震度｜多摩西部直下地震
13104:27,seismic,多摩西部直下地震,5.409,5強,,,13104,新宿区,Unknown,Unknown,未判定,未細分,point,鬼王神社の水鉢,想定震度,多摩西部直下地震,想定震度｜多摩西部直下地震
13104:28,seismic,多摩西部直下地震,5.533,6弱,,,13104,新宿区,Unknown,Unknown,未判定,未細分,point,聖徳太子画像,想定震度,多摩西部直下地震,想定震度｜多摩西部直下地震
13104:29,seismic,多摩西部直下地震,5.539,6弱,,,13104,新宿区,Unknown,Unknown,未判定,未細分,point,太宗寺の観無量寿経曼荼羅,想定震度,多摩西部直下地震,想定震度｜多摩西部直下地震
13104:30,seismic,多摩西部直下地震,5.438,5強,,,13104,新宿区,Unknown,Unknown,未判定,未細分,point,七人役者図絵馬,想定震度,多摩西部直下地震,想定震度｜多摩西部直下地震
13104:31,seismic,多摩西部直下地震,5.471,5強,,,13104,新宿区,Unknown,Unknown,未判定,未細分,point,阿弥陀三尊来迎図(専福寺),想定震度,多摩西部直下地震,想定震度｜多摩西部直下地震
13104:32,seismic,多摩西部直下地震,5.393,5強,,,13104,新宿区,Unknown,Unknown,未判定,未細分,point,木造阿弥陀如来立像,想定震度,多摩西部直下地震,想定震度｜多摩西部直下地震
13104:33,seismic,多摩西部直下地震,5.339,5強,,,13104,新宿区,Unknown,Unknown,未判定,未細分,point,木造地蔵菩薩坐像,想定震度,多摩西部直下地震,想定震度｜多摩西部直下地震
13104:34,seismic,多摩西部直下地震,5.339,5強,,,13104,新宿区,Unknown,Unknown,未判定,未細分,point,阿弥陀三尊来迎図(光照寺),想定震度,多摩西部直下地震,想定震度｜多摩西部直下地震
13104:35,seismic,多摩西部直下地震,5.339,5強,,,13104,新宿区,Unknown,Unknown,未判定,未細分,point,法然上人画像,想定震度,多摩西部直下地震,想定震度｜多摩西部直下地震
13104:36,seismic,多摩西部直下地震,5.533,6弱,,,13104,新宿区,Unknown,Unknown,未判定,未細分,point,西光庵の観無量寿経曼荼羅,想定震度,多摩西部直下地震,想定震度｜多摩西部直下地震
13104:37,seismic,多摩西部直下地震,5.315,5強,,,13104,新宿区,Unknown,Unknown,未判定,未細分,point,天瑞元堤像 谷文晁筆,想定震度,多摩西部直下地震,想定震度｜多摩西部直下地震
13104:38,seismic,多摩西部直下地震,5.315,5強,,,13104,新宿区,Unknown,Unknown,未判定,未細分,point,謙堂文益像 谷文晁筆,想定震度,多摩西部直下地震,想定震度｜多摩西部直下地震
13104:39,seismic,多摩西部直下地震,5.315,5強,,,13104,新宿区,Unknown,Unknown,未判定,未細分,point,八大龍王図 谷文晁筆,想定震度,多摩西部直下地震,想定震度｜多摩西部直下地震
13104:40,seismic,多摩西部直下地震,5.315,5強,,,13104,新宿区,Unknown,Unknown,未判定,未細分,point,十大弟子図 谷文晁筆,想定震度,多摩西部直下地震,想定震度｜多摩西部直下地震
13104:41,seismic,多摩西部直下地震,5.47,5強,,,13104,新宿区,Unknown,Unknown,未判定,未細分,point,永福寺の銅造大日如来坐像,想定震度,多摩西部直下地震,想定震度｜多摩西部直下地震
13104:42,seismic,多摩西部直下地震,5.47,5強,,,13104,新宿区,Unknown,Unknown,未判定,未細分,point,永福寺の銅造地蔵菩薩半跏像,想定震度,多摩西部直下地震,想定震度｜多摩西部直下地震
13104:43,seismic,多摩西部直下地震,5.314,5強,,,13104,新宿区,Unknown,Unknown,未判定,未細分,point,済松寺の加藤文麗筆絵画作品,想定震度,多摩西部直下地震,想定震度｜多摩西部直下地震
13104:44,seismic,多摩西部直下地震,5.374,5強,,,13104,新宿区,Unknown,Unknown,未判定,未細分,point,谷文晁の絵,想定震度,多摩西部直下地震,想定震度｜多摩西部直下地震
13104:45,seismic,多摩西部直下地震,5.374,5強,,,13104,新宿区,Unknown,Unknown,未判定,未細分,point,月見岡八幡神社の鰐口,想定震度,多摩西部直下地震,想定震度｜多摩西部直下地震
13104:46,seismic,多摩西部直下地震,5.38,5強,,,13104,新宿区,Unknown,Unknown,未判定,未細分,point,市谷亀岡八幡宮の軍配団扇,想定震度,多摩西部直下地震,想定震度｜多摩西部直下地震
13104:47,seismic,多摩西部直下地震,5.656,6弱,,,13104,新宿区,Unknown,Unknown,未判定,未細分,point,林光寺の高僧先達連座画像,想定震度,多摩西部直下地震,想定震度｜多摩西部直下地震
13104:48,seismic,多摩西部直下地震,5.339,5強,,,13104,新宿区,Unknown,Unknown,未判定,未細分,point,木造十一面観音坐像,想定震度,多摩西部直下地震,想定震度｜多摩西部直下地震
13104:49,seismic,多摩西部直下地震,5.293,5強,,,13104,新宿区,Unknown,Unknown,未判定,未細分,point,亮朝院の梵鐘,想定震度,多摩西部直下地震,想定震度｜多摩西部直下地震
13104:50,seismic,多摩西部直下地震,5.27,5強,,,13104,新宿区,Unknown,Unknown,未判定,未細分,point,宝泉寺の梵鐘,想定震度,多摩西部直下地震,想定震度｜多摩西部直下地震
13104:51,seismic,多摩西部直下地震,5.339,5強,,,13104,新宿区,Unknown,Unknown,未判定,未細分,point,銅造地蔵菩薩半跏像,想定震度,多摩西部直下地震,想定震度｜多摩西部直下地震
13104:52,seismic,多摩西部直下地震,5.531,6弱,,,13104,新宿区,Unknown,Unknown,未判定,未細分,point,正受院の梵鐘,想定震度,多摩西部直下地震,想定震度｜多摩西部直下地震
13104:53,seismic,多摩西部直下地震,5.457,5強,,,13104,新宿区,Unknown,Unknown,未判定,未細分,point,西迎寺の梵鐘,想定震度,多摩西部直下地震,想定震度｜多摩西部直下地震
13104:54,seismic,多摩西部直下地震,5.391,5強,,,13104,新宿区,Unknown,Unknown,未判定,未細分,point,浄栄寺の梵鐘,想定震度,多摩西部直下地震,想定震度｜多摩西部直下地震
13104:55,seismic,多摩西部直下地震,5.44,5強,,,13104,新宿区,Unknown,Unknown,未判定,未細分,point,善慶寺の梵鐘,想定震度,多摩西部直下地震,想定震度｜多摩西部直下地震
13104:56,seismic,多摩西部直下地震,5.572,6弱,,,13104,新宿区,Unknown,Unknown,未判定,未細分,point,法雲寺の梵鐘,想定震度,多摩西部直下地震,想定震度｜多摩西部直下地震
13104:57,seismic,多摩西部直下地震,5.427,5強,,,13104,新宿区,Unknown,Unknown,未判定,未細分,point,圓照寺の梵鐘,想定震度,多摩西部直下地震,想定震度｜多摩西部直下地震
13104:58,seismic,多摩西部直下地震,5.272,5強,,,13104,新宿区,Unknown,Unknown,未判定,未細分,point,薬王院の梵鐘,想定震度,多摩西部直下地震,想定震度｜多摩西部直下地震
13104:59,seismic,多摩西部直下地震,5.654,6弱,,,13104,新宿区,Unknown,Unknown,未判定,未細分,point,西應寺の梵鐘,想定震度,多摩西部直下地震,想定震度｜多摩西部直下地震
13104:60,seismic,多摩西部直下地震,5.339,5強,,,13104,新宿区,Unknown,Unknown,未判定,未細分,point,光照寺の涅槃図,想定震度,多摩西部直下地震,想定震度｜多摩西部直下地震
13104:61,seismic,多摩西部直下地震,5.712,6弱,,,13104,新宿区,Unknown,Unknown,未判定,未細分,point,長安寺の六地蔵塔,想定震度,多摩西部直下地震,想定震度｜多摩西部直下地震
13104:62,seismic,多摩西部直下地震,5.539,6弱,,,13104,新宿区,Unknown,Unknown,未判定,未細分,point,太宗寺墓地出土品,想定震度,多摩西部直下地震,想定震度｜多摩西部直下地震
13104:63,seismic,多摩西部直下地震,5.533,6弱,,,13104,新宿区,Unknown,Unknown,未判定,未細分,point,小銅鐸,想定震度,多摩西部直下地震,想定震度｜多摩西部直下地震
13104:64,seismic,多摩西部直下地震,5.533,6弱,,,13104,新宿区,Unknown,Unknown,未判定,未細分,point,隆起線文系土器,想定震度,多摩西部直下地震,想定震度｜多摩西部直下地震
13104:65,seismic,多摩西部直下地震,5.533,6弱,,,13104,新宿区,Unknown,Unknown,未判定,未細分,point,下落合横穴墓出土品,想定震度,多摩西部直下地震,想定震度｜多摩西部直下地震
13104:66,seismic,多摩西部直下地震,5.764,6弱,,,13104,新宿区,Unknown,Unknown,未判定,未細分,point,一行院墓地出土品,想定震度,多摩西部直下地震,想定震度｜多摩西部直下地震
13104:67,seismic,多摩西部直下地震,5.533,6弱,,,13104,新宿区,Unknown,Unknown,未判定,未細分,point,中村家文書,想定震度,多摩西部直下地震,想定震度｜多摩西部直下地震
13104:68,seismic,多摩西部直下地震,5.656,6弱,,,13104,新宿区,Unknown,Unknown,未判定,未細分,point,林光寺の歴代宗主銘,想定震度,多摩西部直下地震,想定震度｜多摩西部直下地震
13104:69,seismic,多摩西部直下地震,5.293,5強,,,13104,新宿区,Unknown,Unknown,未判定,未細分,point,亮朝院文書,想定震度,多摩西部直下地震,想定震度｜多摩西部直下地震
13104:70,seismic,多摩西部直下地震,5.278,5強,,,13104,新宿区,Unknown,Unknown,未判定,未細分,point,中井御霊神社文書,想定震度,多摩西部直下地震,想定震度｜多摩西部直下地震
13104:71,seismic,多摩西部直下地震,5.419,5強,,,13104,新宿区,Unknown,Unknown,未判定,未細分,point,長厳寺文書,想定震度,多摩西部直下地震,想定震度｜多摩西部直下地震
13104:72,seismic,多摩西部直下地震,5.315,5強,,,13104,新宿区,Unknown,Unknown,未判定,未細分,point,済松寺文書,想定震度,多摩西部直下地震,想定震度｜多摩西部直下地震
13104:73,seismic,多摩西部直下地震,5.656,6弱,,,13104,新宿区,Unknown,Unknown,未判定,未細分,point,林光寺文書,想定震度,多摩西部直下地震,想定震度｜多摩西部直下地震
13104:74,seismic,多摩西部直下地震,5.473,5強,,,13104,新宿区,Unknown,Unknown,未判定,未細分,point,大聖院文書,想定震度,多摩西部直下地震,想定震度｜多摩西部直下地震
13104:75,seismic,多摩西部直下地震,5.488,5強,,,13104,新宿区,Unknown,Unknown,未判定,未細分,point,法身寺文書,想定震度,多摩西部直下地震,想定震度｜多摩西部直下地震
13104:76,seismic,多摩西部直下地震,5.531,6弱,,,13104,新宿区,Unknown,Unknown,未判定,未細分,point,旭地蔵,想定震度,多摩西部直下地震,想定震度｜多摩西部直下地震
13104:77,seismic,多摩西部直下地震,5.531,6弱,,,13104,新宿区,Unknown,Unknown,未判定,未細分,point,子供合埋碑,想定震度,多摩西部直下地震,想定震度｜多摩西部直下地震
13104:78,seismic,多摩西部直下地震,5.438,5強,,,13104,新宿区,Unknown,Unknown,未判定,未細分,point,式三番奉納額,想定震度,多摩西部直下地震,想定震度｜多摩西部直下地震
13104:79,seismic,多摩西部直下地震,5.488,5強,,,13104,新宿区,Unknown,Unknown,未判定,未細分,point,旧鈴法寺江戸番所資料,想定震度,多摩西部直下地震,想定震度｜多摩西部直下地震
13104:80,seismic,多摩西部直下地震,5.533,6弱,,,13104,新宿区,Unknown,Unknown,未判定,未細分,point,空印の石手水鉢,想定震度,多摩西部直下地震,想定震度｜多摩西部直下地震
13104:81,seismic,多摩西部直下地震,5.417,5強,,,13104,新宿区,Unknown,Unknown,未判定,未細分,point,堀部武庸加功遺跡之碑,想定震度,多摩西部直下地震,想定震度｜多摩西部直下地震
13104:82,seismic,多摩西部直下地震,5.459,5強,,,13104,新宿区,Unknown,Unknown,未判定,未細分,point,幸国寺の日蓮聖人六百遠忌供養塔,想定震度,多摩西部直下地震,想定震度｜多摩西部直下地震
13104:83,seismic,多摩西部直下地震,5.539,6弱,,,13104,新宿区,Unknown,Unknown,未判定,未細分,point,太宗寺の切支丹灯籠,想定震度,多摩西部直下地震,想定震度｜多摩西部直下地震
13104:84,seismic,多摩西部直下地震,5.339,5強,,,13104,新宿区,Unknown,Unknown,未判定,未細分,point,諸国旅人供養碑,想定震度,多摩西部直下地震,想定震度｜多摩西部直下地震
13104:85,seismic,多摩西部直下地震,5.622,6弱,,,13104,新宿区,Unknown,Unknown,未判定,未細分,point,服部半蔵の槍,想定震度,多摩西部直下地震,想定震度｜多摩西部直下地震
13104:86,seismic,多摩西部直下地震,5.569,6弱,,,13104,新宿区,Unknown,Unknown,未判定,未細分,point,駿馬塚の碑,想定震度,多摩西部直下地震,想定震度｜多摩西部直下地震
13104:87,seismic,多摩西部直下地震,5.492,5強,,,13104,新宿区,Unknown,Unknown,未判定,未細分,point,月桂寺の切支丹灯籠,想定震度,多摩西部直下地震,想定震度｜多摩西部直下地震
13104:88,seismic,多摩西部直下地震,5.293,5強,,,13104,新宿区,Unknown,Unknown,未判定,未細分,point,木造七面明神半跏像及び宮殿,想定震度,多摩西部直下地震,想定震度｜多摩西部直下地震
13104:89,seismic,多摩西部直下地震,5.293,5強,,,13104,新宿区,Unknown,Unknown,未判定,未細分,point,木造妙見菩薩立像及び宮殿,想定震度,多摩西部直下地震,想定震度｜多摩西部直下地震
13104:90,seismic,多摩西部直下地震,5.293,5強,,,13104,新宿区,Unknown,Unknown,未判定,未細分,point,木造諏訪大明神坐像及び宮殿,想定震度,多摩西部直下地震,想定震度｜多摩西部直下地震
13104:91,seismic,多摩西部直下地震,5.377,5強,,,13104,新宿区,Unknown,Unknown,未判定,未細分,point,市谷亀岡八幡宮の几号水準点(水鉢台座),想定震度,多摩西部直下地震,想定震度｜多摩西部直下地震
13104:93,seismic,多摩西部直下地震,5.439,5強,,,13104,新宿区,Unknown,Unknown,未判定,未細分,point,自証院の阿弥陀三尊種子板碑,想定震度,多摩西部直下地震,想定震度｜多摩西部直下地震
13104:94,seismic,多摩西部直下地震,5.434,5強,,,13104,新宿区,Unknown,Unknown,未判定,未細分,point,来迎寺の庚申塔,想定震度,多摩西部直下地震,想定震度｜多摩西部直下地震
13104:95,seismic,多摩西部直下地震,5.531,6弱,,,13104,新宿区,Unknown,Unknown,未判定,未細分,point,正受院の奪衣婆像,想定震度,多摩西部直下地震,想定震度｜多摩西部直下地震
13104:96,seismic,多摩西部直下地震,5.432,5強,,,13104,新宿区,Unknown,Unknown,未判定,未細分,point,中井御霊神社の備射祭絵馬,想定震度,多摩西部直下地震,想定震度｜多摩西部直下地震
13104:97,seismic,多摩西部直下地震,5.432,5強,,,13104,新宿区,Unknown,Unknown,未判定,未細分,point,中井御霊神社の分木,想定震度,多摩西部直下地震,想定震度｜多摩西部直下地震
13104:98,seismic,多摩西部直下地震,5.473,5強,,,13104,新宿区,Unknown,Unknown,未判定,未細分,point,自性院の私年号板碑,想定震度,多摩西部直下地震,想定震度｜多摩西部直下地震
13104:99,seismic,多摩西部直下地震,5.374,5強,,,13104,新宿区,Unknown,Unknown,未判定,未細分,point,月見岡八幡神社の庚申塔,想定震度,多摩西部直下地震,想定震度｜多摩西部直下地震
13104:100,seismic,多摩西部直下地震,5.402,5強,,,13104,新宿区,Unknown,Unknown,未判定,未細分,point,狛犬型庚申塔,想定震度,多摩西部直下地震,想定震度｜多摩西部直下地震
13104:101,seismic,多摩西部直下地震,5.539,6弱,,,13104,新宿区,Unknown,Unknown,未判定,未細分,point,太宗寺の閻魔像,想定震度,多摩西部直下地震,想定震度｜多摩西部直下地震
13104:102,seismic,多摩西部直下地震,5.539,6弱,,,13104,新宿区,Unknown,Unknown,未判定,未細分,point,太宗寺の奪衣婆像,想定震度,多摩西部直下地震,想定震度｜多摩西部直下地震
13104:103,seismic,多摩西部直下地震,5.382,5強,,,13104,新宿区,Unknown,Unknown,未判定,未細分,point,葛谷御霊神社の力石,想定震度,多摩西部直下地震,想定震度｜多摩西部直下地震
13104:104,seismic,多摩西部直下地震,5.566,6弱,,,13104,新宿区,Unknown,Unknown,未判定,未細分,point,成子天神社の力石,想定震度,多摩西部直下地震,想定震度｜多摩西部直下地震
13104:105,seismic,多摩西部直下地震,5.432,5強,,,13104,新宿区,Unknown,Unknown,未判定,未細分,point,雨乞のむしろ旗,想定震度,多摩西部直下地震,想定震度｜多摩西部直下地震
13104:106,seismic,多摩西部直下地震,5.38,5強,,,13104,新宿区,Unknown,Unknown,未判定,未細分,point,市谷亀岡八幡宮の力石,想定震度,多摩西部直下地震,想定震度｜多摩西部直下地震
13104:107,seismic,多摩西部直下地震,5.35,5強,,,13104,新宿区,Unknown,Unknown,未判定,未細分,point,筑土八幡神社の庚申塔,想定震度,多摩西部直下地震,想定震度｜多摩西部直下地震
13104:108,seismic,多摩西部直下地震,5.486,5強,,,13104,新宿区,Unknown,Unknown,未判定,未細分,point,尺八「放下着」一式ならびに普化尺八伝授関連資料,想定震度,多摩西部直下地震,想定震度｜多摩西部直下地震
13104:109,seismic,多摩西部直下地震,5.38,5強,,,13104,新宿区,Unknown,Unknown,未判定,未細分,point,善国寺の石虎,想定震度,多摩西部直下地震,想定震度｜多摩西部直下地震
13104:110,seismic,多摩西部直下地震,5.432,5強,,,13104,新宿区,Unknown,Unknown,未判定,未細分,point,中井御霊神社の狛犬,想定震度,多摩西部直下地震,想定震度｜多摩西部直下地震
13104:111,seismic,多摩西部直下地震,5.533,6弱,,,13104,新宿区,Unknown,Unknown,未判定,未細分,point,巴講睦の獅子頭,想定震度,多摩西部直下地震,想定震度｜多摩西部直下地震
13104:112,seismic,多摩西部直下地震,5.764,6弱,,,13104,新宿区,Unknown,Unknown,未判定,未細分,point,一行院の板碑,想定震度,多摩西部直下地震,想定震度｜多摩西部直下地震
13104:113,seismic,多摩西部直下地震,5.373,5強,,,13104,新宿区,Unknown,Unknown,未判定,未細分,point,塞神三柱の塔,想定震度,多摩西部直下地震,想定震度｜多摩西部直下地震
13104:114,seismic,多摩西部直下地震,5.473,5強,,,13104,新宿区,Unknown,Unknown,未判定,未細分,point,全龍寺の庚申塔,想定震度,多摩西部直下地震,想定震度｜多摩西部直下地震
13104:115,seismic,多摩西部直下地震,5.372,5強,,,13104,新宿区,Unknown,Unknown,未判定,未細分,point,慈雲山観音寺の庚申塔,想定震度,多摩西部直下地震,想定震度｜多摩西部直下地震
13104:116,seismic,多摩西部直下地震,5.224,5強,,,13104,新宿区,Unknown,Unknown,未判定,未細分,point,下落合二丁目の庚申塔,想定震度,多摩西部直下地震,想定震度｜多摩西部直下地震
13104:117,seismic,多摩西部直下地震,5.389,5強,,,13104,新宿区,Unknown,Unknown,未判定,未細分,point,旧源兵衛村の庚申塔,想定震度,多摩西部直下地震,想定震度｜多摩西部直下地震
13104:118,seismic,多摩西部直下地震,5.459,5強,,,13104,新宿区,Unknown,Unknown,未判定,未細分,point,幸国寺の題目塔,想定震度,多摩西部直下地震,想定震度｜多摩西部直下地震
13104:119,seismic,多摩西部直下地震,5.438,5強,,,13104,新宿区,Unknown,Unknown,未判定,未細分,point,熊野神社の狛犬,想定震度,多摩西部直下地震,想定震度｜多摩西部直下地震
13104:120,seismic,多摩西部直下地震,5.396,5強,,,13104,新宿区,Unknown,Unknown,未判定,未細分,point,高田馬場の流鏑馬,想定震度,多摩西部直下地震,想定震度｜多摩西部直下地震
13104:121,seismic,多摩西部直下地震,5.432,5強,,,13104,新宿区,Unknown,Unknown,未判定,未細分,point,中井御霊神社の備射祭,想定震度,多摩西部直下地震,想定震度｜多摩西部直下地震
13104:122,seismic,多摩西部直下地震,5.382,5強,,,13104,新宿区,Unknown,Unknown,未判定,未細分,point,葛谷御霊神社の備謝祭,想定震度,多摩西部直下地震,想定震度｜多摩西部直下地震
13104:123,seismic,多摩西部直下地震,5.388,5強,,,13104,新宿区,Unknown,Unknown,未判定,未細分,point,丸藤宮元講社の富士講行事,想定震度,多摩西部直下地震,想定震度｜多摩西部直下地震
13104:124,seismic,多摩西部直下地震,5.331,5強,,,13104,新宿区,Unknown,Unknown,未判定,未細分,point,戸塚囃子,想定震度,多摩西部直下地震,想定震度｜多摩西部直下地震
13104:125,seismic,多摩西部直下地震,5.446,5強,,,13104,新宿区,Unknown,Unknown,未判定,未細分,point,萩原社中里神楽,想定震度,多摩西部直下地震,想定震度｜多摩西部直下地震
13104:126,seismic,多摩西部直下地震,5.374,5強,,,13104,新宿区,Unknown,Unknown,未判定,未細分,point,上落合餅つき唄,想定震度,多摩西部直下地震,想定震度｜多摩西部直下地震
13104:127,seismic,多摩西部直下地震,5.484,5強,,,13104,新宿区,Unknown,Unknown,未判定,未細分,point,鉄砲組百人隊行列,想定震度,多摩西部直下地震,想定震度｜多摩西部直下地震
13104:128,seismic,多摩西部直下地震,5.624,6弱,,,13104,新宿区,Unknown,Unknown,未判定,未細分,point,高松喜六の墓,想定震度,多摩西部直下地震,想定震度｜多摩西部直下地震
13104:129,seismic,多摩西部直下地震,5.622,6弱,,,13104,新宿区,Unknown,Unknown,未判定,未細分,point,服部半蔵の墓,想定震度,多摩西部直下地震,想定震度｜多摩西部直下地震
13104:130,seismic,多摩西部直下地震,5.566,6弱,,,13104,新宿区,Unknown,Unknown,未判定,未細分,point,小泉八雲旧居跡,想定震度,多摩西部直下地震,想定震度｜多摩西部直下地震
13104:131,seismic,多摩西部直下地震,5.624,6弱,,,13104,新宿区,Unknown,Unknown,未判定,未細分,point,塙保己一の墓,想定震度,多摩西部直下地震,想定震度｜多摩西部直下地震
13104:132,seismic,多摩西部直下地震,5.469,5強,,,13104,新宿区,Unknown,Unknown,未判定,未細分,point,山県大弐の墓,想定震度,多摩西部直下地震,想定震度｜多摩西部直下地震
13104:133,seismic,多摩西部直下地震,5.438,5強,,,13104,新宿区,Unknown,Unknown,未判定,未細分,point,十二社の碑,想定震度,多摩西部直下地震,想定震度｜多摩西部直下地震
13104:134,seismic,多摩西部直下地震,5.452,5強,,,13104,新宿区,Unknown,Unknown,未判定,未細分,point,松井須磨子の墓,想定震度,多摩西部直下地震,想定震度｜多摩西部直下地震
13104:135,seismic,多摩西部直下地震,5.649,6弱,,,13104,新宿区,Unknown,Unknown,未判定,未細分,point,源清麿の墓,想定震度,多摩西部直下地震,想定震度｜多摩西部直下地震
13104:136,seismic,多摩西部直下地震,5.384,5強,,,13104,新宿区,Unknown,Unknown,未判定,未細分,point,尾崎紅葉旧居跡,想定震度,多摩西部直下地震,想定震度｜多摩西部直下地震
13104:137,seismic,多摩西部直下地震,5.307,5強,,,13104,新宿区,Unknown,Unknown,未判定,未細分,point,田村虎蔵旧居跡,想定震度,多摩西部直下地震,想定震度｜多摩西部直下地震
13104:138,seismic,多摩西部直下地震,5.531,6弱,,,13104,新宿区,Unknown,Unknown,未判定,未細分,point,恋川春町の墓,想定震度,多摩西部直下地震,想定震度｜多摩西部直下地震
13104:139,seismic,多摩西部直下地震,5.471,5強,,,13104,新宿区,Unknown,Unknown,未判定,未細分,point,月岡芳年の墓,想定震度,多摩西部直下地震,想定震度｜多摩西部直下地震
13104:140,seismic,多摩西部直下地震,5.336,5強,,,13104,新宿区,Unknown,Unknown,未判定,未細分,point,浄瑠璃坂の仇討跡,想定震度,多摩西部直下地震,想定震度｜多摩西部直下地震
13104:141,seismic,多摩西部直下地震,5.272,5強,,,13104,新宿区,Unknown,Unknown,未判定,未細分,point,国産飛行機発祥の地,想定震度,多摩西部直下地震,想定震度｜多摩西部直下地震
13104:142,seismic,多摩西部直下地震,5.483,5強,,,13104,新宿区,Unknown,Unknown,未判定,未細分,point,大久保の犬御用屋敷跡,想定震度,多摩西部直下地震,想定震度｜多摩西部直下地震
13104:143,seismic,多摩西部直下地震,5.548,6弱,,,13104,新宿区,Unknown,Unknown,未判定,未細分,point,三遊亭円朝旧居跡,想定震度,多摩西部直下地震,想定震度｜多摩西部直下地震
13104:144,seismic,多摩西部直下地震,5.424,5強,,,13104,新宿区,Unknown,Unknown,未判定,未細分,point,夏目漱石誕生の地,想定震度,多摩西部直下地震,想定震度｜多摩西部直下地震
13104:145,seismic,多摩西部直下地震,5.43,5強,,,13104,新宿区,Unknown,Unknown,未判定,未細分,point,夏目漱石終焉の地,想定震度,多摩西部直下地震,想定震度｜多摩西部直下地震
13104:146,seismic,多摩西部直下地震,5.521,6弱,,,13104,新宿区,Unknown,Unknown,未判定,未細分,point,便々館湖鯉鮒狂歌碑,想定震度,多摩西部直下地震,想定震度｜多摩西部直下地震
13104:147,seismic,多摩西部直下地震,5.425,5強,,,13104,新宿区,Unknown,Unknown,未判定,未細分,point,永井荷風旧居跡,想定震度,多摩西部直下地震,想定震度｜多摩西部直下地震
13104:148,seismic,多摩西部直下地震,5.622,6弱,,,13104,新宿区,Unknown,Unknown,未判定,未細分,point,岡崎三郎信康供養塔,想定震度,多摩西部直下地震,想定震度｜多摩西部直下地震
13104:149,seismic,多摩西部直下地震,5.654,6弱,,,13104,新宿区,Unknown,Unknown,未判定,未細分,point,榊原鍵吉の墓,想定震度,多摩西部直下地震,想定震度｜多摩西部直下地震
13104:150,seismic,多摩西部直下地震,5.44,5強,,,13104,新宿区,Unknown,Unknown,未判定,未細分,point,平秩東作の墓,想定震度,多摩西部直下地震,想定震度｜多摩西部直下地震
13104:151,seismic,多摩西部直下地震,5.51,6弱,,,13104,新宿区,Unknown,Unknown,未判定,未細分,point,二葉亭四迷旧居跡,想定震度,多摩西部直下地震,想定震度｜多摩西部直下地震
13104:152,seismic,多摩西部直下地震,5.488,5強,,,13104,新宿区,Unknown,Unknown,未判定,未細分,point,大和田建樹終焉の地,想定震度,多摩西部直下地震,想定震度｜多摩西部直下地震
13104:153,seismic,多摩西部直下地震,5.405,5強,,,13104,新宿区,Unknown,Unknown,未判定,未細分,point,有島武郎旧居跡,想定震度,多摩西部直下地震,想定震度｜多摩西部直下地震
13104:154,seismic,多摩西部直下地震,5.39,5強,,,13104,新宿区,Unknown,Unknown,未判定,未細分,point,島村抱月終焉の地 (芸術倶楽部跡),想定震度,多摩西部直下地震,想定震度｜多摩西部直下地震
13104:155,seismic,多摩西部直下地震,5.539,6弱,,,13104,新宿区,Unknown,Unknown,未判定,未細分,point,内藤正勝の墓,想定震度,多摩西部直下地震,想定震度｜多摩西部直下地震
13104:156,seismic,多摩西部直下地震,5.521,6弱,,,13104,新宿区,Unknown,Unknown,未判定,未細分,point,筒井政憲の墓,想定震度,多摩西部直下地震,想定震度｜多摩西部直下地震
13104:157,seismic,多摩西部直下地震,5.477,5強,,,13104,新宿区,Unknown,Unknown,未判定,未細分,point,小泉八雲終焉の地,想定震度,多摩西部直下地震,想定震度｜多摩西部直下地震
13104:158,seismic,多摩西部直下地震,5.473,5強,,,13104,新宿区,Unknown,Unknown,未判定,未細分,point,紅皿の墓,想定震度,多摩西部直下地震,想定震度｜多摩西部直下地震
13104:159,seismic,多摩西部直下地震,5.428,5強,,,13104,新宿区,Unknown,Unknown,未判定,未細分,point,坪内逍遙旧居跡(文芸協会演劇研究所跡),想定震度,多摩西部直下地震,想定震度｜多摩西部直下地震
13104:160,seismic,多摩西部直下地震,5.42,5強,,,13104,新宿区,Unknown,Unknown,未判定,未細分,point,佐伯祐三アトリエの地,想定震度,多摩西部直下地震,想定震度｜多摩西部直下地震
13104:161,seismic,多摩西部直下地震,5.585,6弱,,,13104,新宿区,Unknown,Unknown,未判定,未細分,point,滝沢馬琴終焉の地,想定震度,多摩西部直下地震,想定震度｜多摩西部直下地震
13104:162,seismic,多摩西部直下地震,5.526,6弱,,,13104,新宿区,Unknown,Unknown,未判定,未細分,point,柳田國男旧居跡,想定震度,多摩西部直下地震,想定震度｜多摩西部直下地震
13104:163,seismic,多摩西部直下地震,5.59,6弱,,,13104,新宿区,Unknown,Unknown,未判定,未細分,point,斎藤茂吉終焉の地,想定震度,多摩西部直下地震,想定震度｜多摩西部直下地震
13104:164,seismic,多摩西部直下地震,5.422,5強,,,13104,新宿区,Unknown,Unknown,未判定,未細分,point,下村湖人終焉の地,想定震度,多摩西部直下地震,想定震度｜多摩西部直下地震
13104:165,seismic,多摩西部直下地震,5.257,5強,,,13104,新宿区,Unknown,Unknown,未判定,未細分,point,落合秋艸堂跡(會津八一旧居跡),想定震度,多摩西部直下地震,想定震度｜多摩西部直下地震
13104:166,seismic,多摩西部直下地震,5.401,5強,,,13104,新宿区,Unknown,Unknown,未判定,未細分,point,西條八十旧居跡,想定震度,多摩西部直下地震,想定震度｜多摩西部直下地震
13104:167,seismic,多摩西部直下地震,5.379,5強,,,13104,新宿区,Unknown,Unknown,未判定,未細分,point,女人芸術社跡(長谷川時雨・三上於菟吉旧居跡),想定震度,多摩西部直下地震,想定震度｜多摩西部直下地震
13104:168,seismic,多摩西部直下地震,5.549,6弱,,,13104,新宿区,Unknown,Unknown,未判定,未細分,point,内村鑑三終焉の地(今井館聖書講堂跡),想定震度,多摩西部直下地震,想定震度｜多摩西部直下地震
13104:169,seismic,多摩西部直下地震,5.545,6弱,,,13104,新宿区,Unknown,Unknown,未判定,未細分,point,鈴木三重吉終焉の地(「赤い鳥」社跡),想定震度,多摩西部直下地震,想定震度｜多摩西部直下地震
13104:170,seismic,多摩西部直下地震,5.424,5強,,,13104,新宿区,Unknown,Unknown,未判定,未細分,point,鏑木清方旧居跡,想定震度,多摩西部直下地震,想定震度｜多摩西部直下地震
13104:171,seismic,多摩西部直下地震,5.526,6弱,,,13104,新宿区,Unknown,Unknown,未判定,未細分,point,辰野金吾の墓,想定震度,多摩西部直下地震,想定震度｜多摩西部直下地震
13104:172,seismic,多摩西部直下地震,5.339,5強,,,13104,新宿区,Unknown,Unknown,未判定,未細分,point,牛込城跡,想定震度,多摩西部直下地震,想定震度｜多摩西部直下地震
13104:173,seismic,多摩西部直下地震,5.395,5強,,,13104,新宿区,Unknown,Unknown,未判定,未細分,point,富塚跡,想定震度,多摩西部直下地震,想定震度｜多摩西部直下地震
13104:174,seismic,多摩西部直下地震,5.339,5強,,,13104,新宿区,Unknown,Unknown,未判定,未細分,point,便々館湖鯉鮒の墓,想定震度,多摩西部直下地震,想定震度｜多摩西部直下地震
13104:175,seismic,多摩西部直下地震,5.566,6弱,,,13104,新宿区,Unknown,Unknown,未判定,未細分,point,成子天神社の富士塚,想定震度,多摩西部直下地震,想定震度｜多摩西部直下地震
13104:176,seismic,多摩西部直下地震,5.376,5強,,,13104,新宿区,Unknown,Unknown,未判定,未細分,point,生田春月旧居跡,想定震度,多摩西部直下地震,想定震度｜多摩西部直下地震
13104:177,seismic,多摩西部直下地震,5.388,5強,,,13104,新宿区,Unknown,Unknown,未判定,未細分,point,泉鏡花旧居跡,想定震度,多摩西部直下地震,想定震度｜多摩西部直下地震
13104:178,seismic,多摩西部直下地震,5.264,5強,,,13104,新宿区,Unknown,Unknown,未判定,未細分,point,林芙美子終焉の地,想定震度,多摩西部直下地震,想定震度｜多摩西部直下地震
13104:179,seismic,多摩西部直下地震,5.531,6弱,,,13104,新宿区,Unknown,Unknown,未判定,未細分,point,塚本明毅の墓碑,想定震度,多摩西部直下地震,想定震度｜多摩西部直下地震
13104:180,seismic,多摩西部直下地震,5.483,5強,,,13104,新宿区,Unknown,Unknown,未判定,未細分,point,萩原宗固の墓,想定震度,多摩西部直下地震,想定震度｜多摩西部直下地震
13104:181,seismic,多摩西部直下地震,5.452,5強,,,13104,新宿区,Unknown,Unknown,未判定,未細分,point,吉川湊一の墓,想定震度,多摩西部直下地震,想定震度｜多摩西部直下地震
13104:182,seismic,多摩西部直下地震,5.357,5強,,,13104,新宿区,Unknown,Unknown,未判定,未細分,point,東京府仮小学第三校跡,想定震度,多摩西部直下地震,想定震度｜多摩西部直下地震
13104:183,seismic,多摩西部直下地震,5.82,6弱,,,13104,新宿区,Unknown,Unknown,未判定,未細分,point,シイ,想定震度,多摩西部直下地震,想定震度｜多摩西部直下地震
13104:184,seismic,多摩西部直下地震,5.459,5強,,,13104,新宿区,Unknown,Unknown,未判定,未細分,point,イチョウ,想定震度,多摩西部直下地震,想定震度｜多摩西部直下地震
13104:185,seismic,多摩西部直下地震,5.485,5強,,,13104,新宿区,Unknown,Unknown,未判定,未細分,point,末広亭,想定震度,多摩西部直下地震,想定震度｜多摩西部直下地震
13104:186,seismic,多摩西部直下地震,5.414,5強,,,13104,新宿区,Unknown,Unknown,未判定,未細分,point,歌舞伎町建設記念碑,想定震度,多摩西部直下地震,想定震度｜多摩西部直下地震
13104:187,seismic,多摩西部直下地震,5.438,5強,,,13104,新宿区,Unknown,Unknown,未判定,未細分,point,六桜社跡,想定震度,多摩西部直下地震,想定震度｜多摩西部直下地震
13104:188,seismic,多摩西部直下地震,5.319,5強,,,13104,新宿区,Unknown,Unknown,未判定,未細分,point,佐々木活字店,想定震度,多摩西部直下地震,想定震度｜多摩西部直下地震
13104:189,seismic,多摩西部直下地震,5.335,5強,,,13104,新宿区,Unknown,Unknown,未判定,未細分,point,近衛篤麿公記念碑,想定震度,多摩西部直下地震,想定震度｜多摩西部直下地震
13104:190,seismic,多摩西部直下地震,5.516,6弱,,,13104,新宿区,Unknown,Unknown,未判定,未細分,point,花園神社の二宮尊徳像,想定震度,多摩西部直下地震,想定震度｜多摩西部直下地震
13104:191,seismic,多摩西部直下地震,5.487,5強,,,13104,新宿区,Unknown,Unknown,未判定,未細分,point,長谷川平蔵埋葬の地,想定震度,多摩西部直下地震,想定震度｜多摩西部直下地震
13104:192,seismic,多摩西部直下地震,5.457,5強,,,13104,新宿区,Unknown,Unknown,未判定,未細分,point,神楽坂の東八拳,想定震度,多摩西部直下地震,想定震度｜多摩西部直下地震
13104:193,seismic,多摩西部直下地震,5.37,5強,,,13104,新宿区,Unknown,Unknown,未判定,未細分,point,神楽坂をどり,想定震度,多摩西部直下地震,想定震度｜多摩西部直下地震
13104:194,seismic,多摩西部直下地震,5.342,5強,,,13104,新宿区,Unknown,Unknown,未判定,未細分,point,旧近衛邸のケヤキ,想定震度,多摩西部直下地震,想定震度｜多摩西部直下地震
13104:195,seismic,多摩西部直下地震,5.494,5強,,,13104,新宿区,Unknown,Unknown,未判定,未細分,point,オブジェ「歓び(PLAISIR)」,想定震度,多摩西部直下地震,想定震度｜多摩西部直下地震
13104:196,seismic,多摩西部直下地震,5.386,5強,,,13104,新宿区,Unknown,Unknown,未判定,未細分,point,源兵衛子育地蔵尊の石造物群,想定震度,多摩西部直下地震,想定震度｜多摩西部直下地震
13104:197,seismic,多摩西部直下地震,5.386,5強,,,13104,新宿区,Unknown,Unknown,未判定,未細分,point,彰忠碑,想定震度,多摩西部直下地震,想定震度｜多摩西部直下地震
13104:198,seismic,多摩西部直下地震,5.347,5強,,,13104,新宿区,Unknown,Unknown,未判定,未細分,point,太平洋戦争本土初空襲の地跡,想定震度,多摩西部直下地震,想定震度｜多摩西部直下地震
13104:199,seismic,多摩西部直下地震,5.473,5強,,,13104,新宿区,Unknown,Unknown,未判定,未細分,point,名曲喫茶らんぶる,想定震度,多摩西部直下地震,想定震度｜多摩西部直下地震
13104:200,seismic,多摩西部直下地震,5.382,5強,,,13104,新宿区,Unknown,Unknown,未判定,未細分,point,西落合耕地整理記念碑,想定震度,多摩西部直下地震,想定震度｜多摩西部直下地震
13104:201,seismic,多摩西部直下地震,5.404,5強,,,13104,新宿区,Unknown,Unknown,未判定,未細分,point,旧淀橋浄水場蝶型弁,想定震度,多摩西部直下地震,想定震度｜多摩西部直下地震
13104:202,seismic,多摩西部直下地震,5.438,5強,,,13104,新宿区,Unknown,Unknown,未判定,未細分,point,旧淀橋浄水場六角堂,想定震度,多摩西部直下地震,想定震度｜多摩西部直下地震
13104:203,seismic,多摩西部直下地震,5.533,6弱,,,13104,新宿区,Unknown,Unknown,未判定,未細分,point,巴講睦の獅子図屏風,想定震度,多摩西部直下地震,想定震度｜多摩西部直下地震
13104:204,seismic,多摩西部直下地震,5.472,5強,,,13104,新宿区,Unknown,Unknown,未判定,未細分,point,服部良一旧居跡,想定震度,多摩西部直下地震,想定震度｜多摩西部直下地震
13104:205,seismic,多摩西部直下地震,5.402,5強,,,13104,新宿区,Unknown,Unknown,未判定,未細分,point,天祖神社の神門,想定震度,多摩西部直下地震,想定震度｜多摩西部直下地震
13104:206,seismic,多摩西部直下地震,5.411,5強,,,13104,新宿区,Unknown,Unknown,未判定,未細分,point,戸山射撃場跡,想定震度,多摩西部直下地震,想定震度｜多摩西部直下地震
13104:207,seismic,多摩西部直下地震,5.422,5強,,,13104,新宿区,Unknown,Unknown,未判定,未細分,point,喜久井町 戦災者供養観音像,想定震度,多摩西部直下地震,想定震度｜多摩西部直下地震
13104:208,seismic,多摩西部直下地震,5.531,6弱,,,13104,新宿区,Unknown,Unknown,未判定,未細分,point,白糸塚,想定震度,多摩西部直下地震,想定震度｜多摩西部直下地震
13104:209,seismic,多摩西部直下地震,5.418,5強,,,13104,新宿区,Unknown,Unknown,未判定,未細分,point,獅子吼会の山門,想定震度,多摩西部直下地震,想定震度｜多摩西部直下地震
13104:210,seismic,多摩西部直下地震,5.349,5強,,,13104,新宿区,Unknown,Unknown,未判定,未細分,point,田島森碑,想定震度,多摩西部直下地震,想定震度｜多摩西部直下地震
13104:211,seismic,多摩西部直下地震,5.516,6弱,,,13104,新宿区,Unknown,Unknown,未判定,未細分,point,忠魂碑,想定震度,多摩西部直下地震,想定震度｜多摩西部直下地震
13104:212,seismic,多摩西部直下地震,5.379,5強,,,13104,新宿区,Unknown,Unknown,未判定,未細分,point,祭馬碑,想定震度,多摩西部直下地震,想定震度｜多摩西部直下地震
13104:213,seismic,多摩西部直下地震,5.284,5強,,,13104,新宿区,Unknown,Unknown,未判定,未細分,point,渡辺玉花旧居,想定震度,多摩西部直下地震,想定震度｜多摩西部直下地震
13104:214,seismic,多摩西部直下地震,5.504,6弱,,,13104,新宿区,Unknown,Unknown,未判定,未細分,point,花園アパート跡,想定震度,多摩西部直下地震,想定震度｜多摩西部直下地震
13104:215,seismic,多摩西部直下地震,5.464,5強,,,13104,新宿区,Unknown,Unknown,未判定,未細分,point,美濃国高須藩主 松平家上屋敷跡,想定震度,多摩西部直下地震,想定震度｜多摩西部直下地震
13104:216,seismic,多摩西部直下地震,5.566,6弱,,,13104,新宿区,Unknown,Unknown,未判定,未細分,point,水準点II号,想定震度,多摩西部直下地震,想定震度｜多摩西部直下地震
13104:217,seismic,多摩西部直下地震,5.533,6弱,,,13104,新宿区,Unknown,Unknown,未判定,未細分,point,東京若葉キリスト教会,想定震度,多摩西部直下地震,想定震度｜多摩西部直下地震
13104:218,seismic,多摩西部直下地震,5.409,5強,,,13104,新宿区,Unknown,Unknown,未判定,未細分,point,稲荷鬼王神社の節分祭,想定震度,多摩西部直下地震,想定震度｜多摩西部直下地震
13104:219,seismic,多摩西部直下地震,5.432,5強,,,13104,新宿区,Unknown,Unknown,未判定,未細分,point,中井御霊神社の節分祭,想定震度,多摩西部直下地震,想定震度｜多摩西部直下地震
13104:220,seismic,多摩西部直下地震,5.516,6弱,,,13104,新宿区,Unknown,Unknown,未判定,未細分,point,花園神社の節分祭,想定震度,多摩西部直下地震,想定震度｜多摩西部直下地震
13104:221,seismic,多摩西部直下地震,5.187,5強,,,13104,新宿区,Unknown,Unknown,未判定,未細分,point,氷川神社の節分祭,想定震度,多摩西部直下地震,想定震度｜多摩西部直下地震
13104:222,seismic,多摩西部直下地震,5.402,5強,,,13104,新宿区,Unknown,Unknown,未判定,未細分,point,鎧神社の節分祭,想定震度,多摩西部直下地震,想定震度｜多摩西部直下地震
13104:223,seismic,多摩西部直下地震,5.473,5強,,,13104,新宿区,Unknown,Unknown,未判定,未細分,point,自性院の節分会,想定震度,多摩西部直下地震,想定震度｜多摩西部直下地震
13104:224,seismic,多摩西部直下地震,5.577,6弱,,,13104,新宿区,Unknown,Unknown,未判定,未細分,point,有隣園跡,想定震度,多摩西部直下地震,想定震度｜多摩西部直下地震
13104:225,seismic,多摩西部直下地震,5.539,6弱,,,13104,新宿区,Unknown,Unknown,未判定,未細分,point,太宗寺の閻魔大王開帳,想定震度,多摩西部直下地震,想定震度｜多摩西部直下地震
13104:226,seismic,多摩西部直下地震,5.539,6弱,,,13104,新宿区,Unknown,Unknown,未判定,未細分,point,太宗寺の大震災紀念碑,想定震度,多摩西部直下地震,想定震度｜多摩西部直下地震
13104:227,seismic,多摩西部直下地震,5.329,5強,,,13104,新宿区,Unknown,Unknown,未判定,未細分,point,放生寺の水掛け地蔵と大震火災死亡群霊塔,想定震度,多摩西部直下地震,想定震度｜多摩西部直下地震
13104:228,seismic,多摩西部直下地震,5.721,6弱,,,13104,新宿区,Unknown,Unknown,未判定,未細分,point,文学座アトリエ,想定震度,多摩西部直下地震,想定震度｜多摩西部直下地震
13104:230,seismic,多摩西部直下地震,5.272,5強,,,13104,新宿区,Unknown,Unknown,未判定,未細分,point,弘文学院跡,想定震度,多摩西部直下地震,想定震度｜多摩西部直下地震
13104:231,seismic,多摩西部直下地震,5.515,6弱,,,13104,新宿区,Unknown,Unknown,未判定,未細分,point,ムーラン・ルージュ新宿座跡,想定震度,多摩西部直下地震,想定震度｜多摩西部直下地震
official_export_001:19,seismic,多摩西部直下地震,5.357,5強,,,13104,新宿区,National,Designated,有形文化財,建造物,building_direct,学習院旧正門,想定震度,多摩西部直下地震,想定震度｜多摩西部直下地震
official_export_001:43,seismic,多摩西部直下地震,5.344,5強,,,13104,新宿区,National,Designated,有形文化財,建造物,building_direct,旧馬場家牛込邸,想定震度,多摩西部直下地震,想定震度｜多摩西部直下地震
official_export_001:79,seismic,多摩西部直下地震,5.57,6弱,,,13104,新宿区,National,Designated,有形文化財,建造物,building_direct,新宿御苑旧洋館御休所,想定震度,多摩西部直下地震,想定震度｜多摩西部直下地震
official_export_001:84,seismic,多摩西部直下地震,5.588,6弱,,,13104,新宿区,National,Designated,有形文化財,建造物,building_direct,聖徳記念絵画館,想定震度,多摩西部直下地震,想定震度｜多摩西部直下地震
official_export_001:197,seismic,多摩西部直下地震,5.372,5強,,,13104,新宿区,National,Designated,有形文化財,建造物,building_direct,早稲田大学大隈記念講堂,想定震度,多摩西部直下地震,想定震度｜多摩西部直下地震
official_export_002:11,seismic,多摩西部直下地震,5.382,5強,,,13104,新宿区,National,Registered,有形文化財,建造物,building_direct,新井家住宅主屋,想定震度,多摩西部直下地震,想定震度｜多摩西部直下地震
official_export_002:33,seismic,多摩西部直下地震,5.39,5強,,,13104,新宿区,National,Registered,有形文化財,建造物,building_direct,一水寮,想定震度,多摩西部直下地震,想定震度｜多摩西部直下地震
official_export_002:158,seismic,多摩西部直下地震,5.27,5強,,,13104,新宿区,National,Registered,有形文化財,建造物,building_direct,旧島津家住宅アトリエ,想定震度,多摩西部直下地震,想定震度｜多摩西部直下地震
official_export_002:167,seismic,多摩西部直下地震,5.32,5強,,,13104,新宿区,National,Registered,有形文化財,建造物,building_direct,旧常盤家本館(石合家住宅主屋),想定震度,多摩西部直下地震,想定震度｜多摩西部直下地震
official_export_002:201,seismic,多摩西部直下地震,5.408,5強,,,13104,新宿区,National,Registered,有形文化財,建造物,building_direct,栗原家住宅稲荷社及び石鳥居,想定震度,多摩西部直下地震,想定震度｜多摩西部直下地震
official_export_002:202,seismic,多摩西部直下地震,5.408,5強,,,13104,新宿区,National,Registered,有形文化財,建造物,building_direct,栗原家住宅蔵,想定震度,多摩西部直下地震,想定震度｜多摩西部直下地震
official_export_002:203,seismic,多摩西部直下地震,5.408,5強,,,13104,新宿区,National,Registered,有形文化財,建造物,building_direct,栗原家住宅主屋,想定震度,多摩西部直下地震,想定震度｜多摩西部直下地震
official_export_002:204,seismic,多摩西部直下地震,5.408,5強,,,13104,新宿区,National,Registered,有形文化財,建造物,building_direct,栗原家住宅門柱及び塀,想定震度,多摩西部直下地震,想定震度｜多摩西部直下地震
official_export_002:269,seismic,多摩西部直下地震,5.466,5強,,,13104,新宿区,National,Registered,有形文化財,建造物,building_direct,新潮社倉庫,想定震度,多摩西部直下地震,想定震度｜多摩西部直下地震
official_export_002:270,seismic,多摩西部直下地震,5.466,5強,,,13104,新宿区,National,Registered,有形文化財,建造物,building_direct,新潮社本館,想定震度,多摩西部直下地震,想定震度｜多摩西部直下地震
official_export_002:273,seismic,多摩西部直下地震,5.434,5強,,,13104,新宿区,National,Registered,有形文化財,建造物,building_direct,鈴木家住宅主屋,想定震度,多摩西部直下地震,想定震度｜多摩西部直下地震
official_export_002:295,seismic,多摩西部直下地震,5.455,5強,,,13104,新宿区,National,Registered,有形文化財,建造物,building_direct,高橋建築事務所社屋,想定震度,多摩西部直下地震,想定震度｜多摩西部直下地震
official_export_002:388,seismic,多摩西部直下地震,5.352,5強,,,13104,新宿区,National,Registered,有形文化財,建造物,building_direct,日本バプテストキリスト教目白ヶ丘教会礼拝堂,想定震度,多摩西部直下地震,想定震度｜多摩西部直下地震
official_export_002:433,seismic,多摩西部直下地震,5.344,5強,,,13104,新宿区,National,Registered,有形文化財,建造物,building_direct,宮城道雄記念館検校の間,想定震度,多摩西部直下地震,想定震度｜多摩西部直下地震
official_export_002:456,seismic,多摩西部直下地震,5.538,6弱,,,13104,新宿区,National,Registered,有形文化財,建造物,building_direct,安与ビル,想定震度,多摩西部直下地震,想定震度｜多摩西部直下地震
official_export_002:465,seismic,多摩西部直下地震,5.441,5強,,,13104,新宿区,National,Registered,有形文化財,建造物,building_direct,矢来能楽堂,想定震度,多摩西部直下地震,想定震度｜多摩西部直下地震
official_export_003:47,seismic,多摩西部直下地震,5.337,5強,,,13104,新宿区,National,Designated,記念物,天然記念物,point,哲学堂公園,想定震度,多摩西部直下地震,想定震度｜多摩西部直下地震
official_export_003:69,seismic,多摩西部直下地震,5.432,5強,,,13104,新宿区,National,Designated,記念物,天然記念物,point,山鹿素行墓,想定震度,多摩西部直下地震,想定震度｜多摩西部直下地震
official_export_003:75,seismic,多摩西部直下地震,5.388,5強,,,13104,新宿区,National,Designated,記念物,天然記念物,point,林氏墓地,想定震度,多摩西部直下地震,想定震度｜多摩西部直下地震
13104:0,seismic,立川断層帯地震,4.627,5弱,,,13104,新宿区,Unknown,Unknown,未判定,未細分,point,市谷亀岡八幡宮の銅鳥居,想定震度,立川断層帯地震,想定震度｜立川断層帯地震
13104:1,seismic,立川断層帯地震,4.66,5弱,,,13104,新宿区,Unknown,Unknown,未判定,未細分,point,早稲田大学 坪内博士記念演劇博物館,想定震度,立川断層帯地震,想定震度｜立川断層帯地震
13104:2,seismic,立川断層帯地震,4.711,5弱,,,13104,新宿区,Unknown,Unknown,未判定,未細分,point,浄栄寺の山門「甘露門」,想定震度,立川断層帯地震,想定震度｜立川断層帯地震
13104:3,seismic,立川断層帯地震,4.748,5弱,,,13104,新宿区,Unknown,Unknown,未判定,未細分,point,幸国寺の山門,想定震度,立川断層帯地震,想定震度｜立川断層帯地震
13104:4,seismic,立川断層帯地震,4.75,5弱,,,13104,新宿区,Unknown,Unknown,未判定,未細分,point,中井御霊神社の本殿・幣殿・拝殿,想定震度,立川断層帯地震,想定震度｜立川断層帯地震
13104:5,seismic,立川断層帯地震,4.639,5弱,,,13104,新宿区,Unknown,Unknown,未判定,未細分,point,亮朝院本堂,想定震度,立川断層帯地震,想定震度｜立川断層帯地震
13104:6,seismic,立川断層帯地震,4.639,5弱,,,13104,新宿区,Unknown,Unknown,未判定,未細分,point,亮朝院七面堂,想定震度,立川断層帯地震,想定震度｜立川断層帯地震
13104:7,seismic,立川断層帯地震,4.911,5弱,,,13104,新宿区,Unknown,Unknown,未判定,未細分,point,永心寺本堂,想定震度,立川断層帯地震,想定震度｜立川断層帯地震
13104:8,seismic,立川断層帯地震,4.702,5弱,,,13104,新宿区,Unknown,Unknown,未判定,未細分,point,永心寺山門,想定震度,立川断層帯地震,想定震度｜立川断層帯地震
13104:9,seismic,立川断層帯地震,4.631,5弱,,,13104,新宿区,Unknown,Unknown,未判定,未細分,point,筑土八幡神社の石造鳥居,想定震度,立川断層帯地震,想定震度｜立川断層帯地震
13104:10,seismic,立川断層帯地震,4.719,5弱,,,13104,新宿区,Unknown,Unknown,未判定,未細分,point,西迎寺の阿弥陀如来座像,想定震度,立川断層帯地震,想定震度｜立川断層帯地震
13104:11,seismic,立川断層帯地震,4.933,5弱,,,13104,新宿区,Unknown,Unknown,未判定,未細分,point,中井出世不動尊像,想定震度,立川断層帯地震,想定震度｜立川断層帯地震
13104:12,seismic,立川断層帯地震,4.729,5弱,,,13104,新宿区,Unknown,Unknown,未判定,未細分,point,花園神社の唐獅子像,想定震度,立川断層帯地震,想定震度｜立川断層帯地震
13104:13,seismic,立川断層帯地震,4.758,5弱,,,13104,新宿区,Unknown,Unknown,未判定,未細分,point,太宗寺の三日月不動像,想定震度,立川断層帯地震,想定震度｜立川断層帯地震
13104:14,seismic,立川断層帯地震,4.829,5弱,,,13104,新宿区,Unknown,Unknown,未判定,未細分,point,熊野神社の水鉢,想定震度,立川断層帯地震,想定震度｜立川断層帯地震
13104:15,seismic,立川断層帯地震,4.639,5弱,,,13104,新宿区,Unknown,Unknown,未判定,未細分,point,亮朝院の金剛力士石像,想定震度,立川断層帯地震,想定震度｜立川断層帯地震
13104:16,seismic,立川断層帯地震,4.581,5弱,,,13104,新宿区,Unknown,Unknown,未判定,未細分,point,誓閑寺の梵鐘,想定震度,立川断層帯地震,想定震度｜立川断層帯地震
13104:17,seismic,立川断層帯地震,4.638,5弱,,,13104,新宿区,Unknown,Unknown,未判定,未細分,point,善国寺の毘沙門天像,想定震度,立川断層帯地震,想定震度｜立川断層帯地震
13104:18,seismic,立川断層帯地震,4.668,5弱,,,13104,新宿区,Unknown,Unknown,未判定,未細分,point,経王寺の大黒天像,想定震度,立川断層帯地震,想定震度｜立川断層帯地震
13104:19,seismic,立川断層帯地震,4.721,5弱,,,13104,新宿区,Unknown,Unknown,未判定,未細分,point,法善寺の七面明神像,想定震度,立川断層帯地震,想定震度｜立川断層帯地震
13104:20,seismic,立川断層帯地震,4.649,5弱,,,13104,新宿区,Unknown,Unknown,未判定,未細分,point,布袋像の水鉢,想定震度,立川断層帯地震,想定震度｜立川断層帯地震
13104:21,seismic,立川断層帯地震,4.749,5弱,,,13104,新宿区,Unknown,Unknown,未判定,未細分,point,須賀神社の三十六歌仙絵,想定震度,立川断層帯地震,想定震度｜立川断層帯地震
13104:22,seismic,立川断層帯地震,4.793,5弱,,,13104,新宿区,Unknown,Unknown,未判定,未細分,point,馬水槽,想定震度,立川断層帯地震,想定震度｜立川断層帯地震
13104:23,seismic,立川断層帯地震,4.675,5弱,,,13104,新宿区,Unknown,Unknown,未判定,未細分,point,天龍寺の時の鐘,想定震度,立川断層帯地震,想定震度｜立川断層帯地震
13104:24,seismic,立川断層帯地震,4.675,5弱,,,13104,新宿区,Unknown,Unknown,未判定,未細分,point,天龍寺のやぐら時計,想定震度,立川断層帯地震,想定震度｜立川断層帯地震
13104:25,seismic,立川断層帯地震,4.66,5弱,,,13104,新宿区,Unknown,Unknown,未判定,未細分,point,大隈重信銅像,想定震度,立川断層帯地震,想定震度｜立川断層帯地震
13104:26,seismic,立川断層帯地震,4.835,5弱,,,13104,新宿区,Unknown,Unknown,未判定,未細分,point,長善寺(笹寺)のめのう観音像,想定震度,立川断層帯地震,想定震度｜立川断層帯地震
13104:27,seismic,立川断層帯地震,4.647,5弱,,,13104,新宿区,Unknown,Unknown,未判定,未細分,point,鬼王神社の水鉢,想定震度,立川断層帯地震,想定震度｜立川断層帯地震
13104:28,seismic,立川断層帯地震,4.798,5弱,,,13104,新宿区,Unknown,Unknown,未判定,未細分,point,聖徳太子画像,想定震度,立川断層帯地震,想定震度｜立川断層帯地震
13104:29,seismic,立川断層帯地震,4.758,5弱,,,13104,新宿区,Unknown,Unknown,未判定,未細分,point,太宗寺の観無量寿経曼荼羅,想定震度,立川断層帯地震,想定震度｜立川断層帯地震
13104:30,seismic,立川断層帯地震,4.829,5弱,,,13104,新宿区,Unknown,Unknown,未判定,未細分,point,七人役者図絵馬,想定震度,立川断層帯地震,想定震度｜立川断層帯地震
13104:31,seismic,立川断層帯地震,4.721,5弱,,,13104,新宿区,Unknown,Unknown,未判定,未細分,point,阿弥陀三尊来迎図(専福寺),想定震度,立川断層帯地震,想定震度｜立川断層帯地震
13104:32,seismic,立川断層帯地震,4.627,5弱,,,13104,新宿区,Unknown,Unknown,未判定,未細分,point,木造阿弥陀如来立像,想定震度,立川断層帯地震,想定震度｜立川断層帯地震
13104:33,seismic,立川断層帯地震,4.595,5弱,,,13104,新宿区,Unknown,Unknown,未判定,未細分,point,木造地蔵菩薩坐像,想定震度,立川断層帯地震,想定震度｜立川断層帯地震
13104:34,seismic,立川断層帯地震,4.595,5弱,,,13104,新宿区,Unknown,Unknown,未判定,未細分,point,阿弥陀三尊来迎図(光照寺),想定震度,立川断層帯地震,想定震度｜立川断層帯地震
13104:35,seismic,立川断層帯地震,4.595,5弱,,,13104,新宿区,Unknown,Unknown,未判定,未細分,point,法然上人画像,想定震度,立川断層帯地震,想定震度｜立川断層帯地震
13104:36,seismic,立川断層帯地震,4.798,5弱,,,13104,新宿区,Unknown,Unknown,未判定,未細分,point,西光庵の観無量寿経曼荼羅,想定震度,立川断層帯地震,想定震度｜立川断層帯地震
13104:37,seismic,立川断層帯地震,4.57,5弱,,,13104,新宿区,Unknown,Unknown,未判定,未細分,point,天瑞元堤像 谷文晁筆,想定震度,立川断層帯地震,想定震度｜立川断層帯地震
13104:38,seismic,立川断層帯地震,4.57,5弱,,,13104,新宿区,Unknown,Unknown,未判定,未細分,point,謙堂文益像 谷文晁筆,想定震度,立川断層帯地震,想定震度｜立川断層帯地震
13104:39,seismic,立川断層帯地震,4.57,5弱,,,13104,新宿区,Unknown,Unknown,未判定,未細分,point,八大龍王図 谷文晁筆,想定震度,立川断層帯地震,想定震度｜立川断層帯地震
13104:40,seismic,立川断層帯地震,4.57,5弱,,,13104,新宿区,Unknown,Unknown,未判定,未細分,point,十大弟子図 谷文晁筆,想定震度,立川断層帯地震,想定震度｜立川断層帯地震
13104:41,seismic,立川断層帯地震,4.731,5弱,,,13104,新宿区,Unknown,Unknown,未判定,未細分,point,永福寺の銅造大日如来坐像,想定震度,立川断層帯地震,想定震度｜立川断層帯地震
13104:42,seismic,立川断層帯地震,4.731,5弱,,,13104,新宿区,Unknown,Unknown,未判定,未細分,point,永福寺の銅造地蔵菩薩半跏像,想定震度,立川断層帯地震,想定震度｜立川断層帯地震
13104:43,seismic,立川断層帯地震,4.565,5弱,,,13104,新宿区,Unknown,Unknown,未判定,未細分,point,済松寺の加藤文麗筆絵画作品,想定震度,立川断層帯地震,想定震度｜立川断層帯地震
13104:44,seismic,立川断層帯地震,4.836,5弱,,,13104,新宿区,Unknown,Unknown,未判定,未細分,point,谷文晁の絵,想定震度,立川断層帯地震,想定震度｜立川断層帯地震
13104:45,seismic,立川断層帯地震,4.836,5弱,,,13104,新宿区,Unknown,Unknown,未判定,未細分,point,月見岡八幡神社の鰐口,想定震度,立川断層帯地震,想定震度｜立川断層帯地震
13104:46,seismic,立川断層帯地震,4.627,5弱,,,13104,新宿区,Unknown,Unknown,未判定,未細分,point,市谷亀岡八幡宮の軍配団扇,想定震度,立川断層帯地震,想定震度｜立川断層帯地震
13104:47,seismic,立川断層帯地震,4.928,5弱,,,13104,新宿区,Unknown,Unknown,未判定,未細分,point,林光寺の高僧先達連座画像,想定震度,立川断層帯地震,想定震度｜立川断層帯地震
13104:48,seismic,立川断層帯地震,4.595,5弱,,,13104,新宿区,Unknown,Unknown,未判定,未細分,point,木造十一面観音坐像,想定震度,立川断層帯地震,想定震度｜立川断層帯地震
13104:49,seismic,立川断層帯地震,4.639,5弱,,,13104,新宿区,Unknown,Unknown,未判定,未細分,point,亮朝院の梵鐘,想定震度,立川断層帯地震,想定震度｜立川断層帯地震
13104:50,seismic,立川断層帯地震,4.511,5弱,,,13104,新宿区,Unknown,Unknown,未判定,未細分,point,宝泉寺の梵鐘,想定震度,立川断層帯地震,想定震度｜立川断層帯地震
13104:51,seismic,立川断層帯地震,4.581,5弱,,,13104,新宿区,Unknown,Unknown,未判定,未細分,point,銅造地蔵菩薩半跏像,想定震度,立川断層帯地震,想定震度｜立川断層帯地震
13104:52,seismic,立川断層帯地震,4.752,5弱,,,13104,新宿区,Unknown,Unknown,未判定,未細分,point,正受院の梵鐘,想定震度,立川断層帯地震,想定震度｜立川断層帯地震
13104:53,seismic,立川断層帯地震,4.719,5弱,,,13104,新宿区,Unknown,Unknown,未判定,未細分,point,西迎寺の梵鐘,想定震度,立川断層帯地震,想定震度｜立川断層帯地震
13104:54,seismic,立川断層帯地震,4.673,5弱,,,13104,新宿区,Unknown,Unknown,未判定,未細分,point,浄栄寺の梵鐘,想定震度,立川断層帯地震,想定震度｜立川断層帯地震
13104:55,seismic,立川断層帯地震,4.702,5弱,,,13104,新宿区,Unknown,Unknown,未判定,未細分,point,善慶寺の梵鐘,想定震度,立川断層帯地震,想定震度｜立川断層帯地震
13104:56,seismic,立川断層帯地震,4.828,5弱,,,13104,新宿区,Unknown,Unknown,未判定,未細分,point,法雲寺の梵鐘,想定震度,立川断層帯地震,想定震度｜立川断層帯地震
13104:57,seismic,立川断層帯地震,4.873,5弱,,,13104,新宿区,Unknown,Unknown,未判定,未細分,point,圓照寺の梵鐘,想定震度,立川断層帯地震,想定震度｜立川断層帯地震
13104:58,seismic,立川断層帯地震,4.817,5弱,,,13104,新宿区,Unknown,Unknown,未判定,未細分,point,薬王院の梵鐘,想定震度,立川断層帯地震,想定震度｜立川断層帯地震
13104:59,seismic,立川断層帯地震,4.902,5弱,,,13104,新宿区,Unknown,Unknown,未判定,未細分,point,西應寺の梵鐘,想定震度,立川断層帯地震,想定震度｜立川断層帯地震
13104:60,seismic,立川断層帯地震,4.597,5弱,,,13104,新宿区,Unknown,Unknown,未判定,未細分,point,光照寺の涅槃図,想定震度,立川断層帯地震,想定震度｜立川断層帯地震
13104:61,seismic,立川断層帯地震,4.959,5弱,,,13104,新宿区,Unknown,Unknown,未判定,未細分,point,長安寺の六地蔵塔,想定震度,立川断層帯地震,想定震度｜立川断層帯地震
13104:62,seismic,立川断層帯地震,4.758,5弱,,,13104,新宿区,Unknown,Unknown,未判定,未細分,point,太宗寺墓地出土品,想定震度,立川断層帯地震,想定震度｜立川断層帯地震
13104:63,seismic,立川断層帯地震,4.798,5弱,,,13104,新宿区,Unknown,Unknown,未判定,未細分,point,小銅鐸,想定震度,立川断層帯地震,想定震度｜立川断層帯地震
13104:64,seismic,立川断層帯地震,4.798,5弱,,,13104,新宿区,Unknown,Unknown,未判定,未細分,point,隆起線文系土器,想定震度,立川断層帯地震,想定震度｜立川断層帯地震
13104:65,seismic,立川断層帯地震,4.798,5弱,,,13104,新宿区,Unknown,Unknown,未判定,未細分,point,下落合横穴墓出土品,想定震度,立川断層帯地震,想定震度｜立川断層帯地震
13104:66,seismic,立川断層帯地震,5.043,5強,,,13104,新宿区,Unknown,Unknown,未判定,未細分,point,一行院墓地出土品,想定震度,立川断層帯地震,想定震度｜立川断層帯地震
13104:67,seismic,立川断層帯地震,4.798,5弱,,,13104,新宿区,Unknown,Unknown,未判定,未細分,point,中村家文書,想定震度,立川断層帯地震,想定震度｜立川断層帯地震
13104:68,seismic,立川断層帯地震,4.928,5弱,,,13104,新宿区,Unknown,Unknown,未判定,未細分,point,林光寺の歴代宗主銘,想定震度,立川断層帯地震,想定震度｜立川断層帯地震
13104:69,seismic,立川断層帯地震,4.639,5弱,,,13104,新宿区,Unknown,Unknown,未判定,未細分,point,亮朝院文書,想定震度,立川断層帯地震,想定震度｜立川断層帯地震
13104:70,seismic,立川断層帯地震,4.75,5弱,,,13104,新宿区,Unknown,Unknown,未判定,未細分,point,中井御霊神社文書,想定震度,立川断層帯地震,想定震度｜立川断層帯地震
13104:71,seismic,立川断層帯地震,4.707,5弱,,,13104,新宿区,Unknown,Unknown,未判定,未細分,point,長厳寺文書,想定震度,立川断層帯地震,想定震度｜立川断層帯地震
13104:72,seismic,立川断層帯地震,4.57,5弱,,,13104,新宿区,Unknown,Unknown,未判定,未細分,point,済松寺文書,想定震度,立川断層帯地震,想定震度｜立川断層帯地震
13104:73,seismic,立川断層帯地震,4.928,5弱,,,13104,新宿区,Unknown,Unknown,未判定,未細分,point,林光寺文書,想定震度,立川断層帯地震,想定震度｜立川断層帯地震
13104:74,seismic,立川断層帯地震,4.688,5弱,,,13104,新宿区,Unknown,Unknown,未判定,未細分,point,大聖院文書,想定震度,立川断層帯地震,想定震度｜立川断層帯地震
13104:75,seismic,立川断層帯地震,4.78,5弱,,,13104,新宿区,Unknown,Unknown,未判定,未細分,point,法身寺文書,想定震度,立川断層帯地震,想定震度｜立川断層帯地震
13104:76,seismic,立川断層帯地震,4.752,5弱,,,13104,新宿区,Unknown,Unknown,未判定,未細分,point,旭地蔵,想定震度,立川断層帯地震,想定震度｜立川断層帯地震
13104:77,seismic,立川断層帯地震,4.752,5弱,,,13104,新宿区,Unknown,Unknown,未判定,未細分,point,子供合埋碑,想定震度,立川断層帯地震,想定震度｜立川断層帯地震
13104:78,seismic,立川断層帯地震,4.829,5弱,,,13104,新宿区,Unknown,Unknown,未判定,未細分,point,式三番奉納額,想定震度,立川断層帯地震,想定震度｜立川断層帯地震
13104:79,seismic,立川断層帯地震,4.78,5弱,,,13104,新宿区,Unknown,Unknown,未判定,未細分,point,旧鈴法寺江戸番所資料,想定震度,立川断層帯地震,想定震度｜立川断層帯地震
13104:80,seismic,立川断層帯地震,4.798,5弱,,,13104,新宿区,Unknown,Unknown,未判定,未細分,point,空印の石手水鉢,想定震度,立川断層帯地震,想定震度｜立川断層帯地震
13104:81,seismic,立川断層帯地震,4.746,5弱,,,13104,新宿区,Unknown,Unknown,未判定,未細分,point,堀部武庸加功遺跡之碑,想定震度,立川断層帯地震,想定震度｜立川断層帯地震
13104:82,seismic,立川断層帯地震,4.748,5弱,,,13104,新宿区,Unknown,Unknown,未判定,未細分,point,幸国寺の日蓮聖人六百遠忌供養塔,想定震度,立川断層帯地震,想定震度｜立川断層帯地震
13104:83,seismic,立川断層帯地震,4.758,5弱,,,13104,新宿区,Unknown,Unknown,未判定,未細分,point,太宗寺の切支丹灯籠,想定震度,立川断層帯地震,想定震度｜立川断層帯地震
13104:84,seismic,立川断層帯地震,4.595,5弱,,,13104,新宿区,Unknown,Unknown,未判定,未細分,point,諸国旅人供養碑,想定震度,立川断層帯地震,想定震度｜立川断層帯地震
13104:85,seismic,立川断層帯地震,4.856,5弱,,,13104,新宿区,Unknown,Unknown,未判定,未細分,point,服部半蔵の槍,想定震度,立川断層帯地震,想定震度｜立川断層帯地震
13104:86,seismic,立川断層帯地震,4.785,5弱,,,13104,新宿区,Unknown,Unknown,未判定,未細分,point,駿馬塚の碑,想定震度,立川断層帯地震,想定震度｜立川断層帯地震
13104:87,seismic,立川断層帯地震,4.783,5弱,,,13104,新宿区,Unknown,Unknown,未判定,未細分,point,月桂寺の切支丹灯籠,想定震度,立川断層帯地震,想定震度｜立川断層帯地震
13104:88,seismic,立川断層帯地震,4.639,5弱,,,13104,新宿区,Unknown,Unknown,未判定,未細分,point,木造七面明神半跏像及び宮殿,想定震度,立川断層帯地震,想定震度｜立川断層帯地震
13104:89,seismic,立川断層帯地震,4.639,5弱,,,13104,新宿区,Unknown,Unknown,未判定,未細分,point,木造妙見菩薩立像及び宮殿,想定震度,立川断層帯地震,想定震度｜立川断層帯地震
13104:90,seismic,立川断層帯地震,4.639,5弱,,,13104,新宿区,Unknown,Unknown,未判定,未細分,point,木造諏訪大明神坐像及び宮殿,想定震度,立川断層帯地震,想定震度｜立川断層帯地震
13104:91,seismic,立川断層帯地震,4.627,5弱,,,13104,新宿区,Unknown,Unknown,未判定,未細分,point,市谷亀岡八幡宮の几号水準点(水鉢台座),想定震度,立川断層帯地震,想定震度｜立川断層帯地震
13104:93,seismic,立川断層帯地震,4.696,5弱,,,13104,新宿区,Unknown,Unknown,未判定,未細分,point,自証院の阿弥陀三尊種子板碑,想定震度,立川断層帯地震,想定震度｜立川断層帯地震
13104:94,seismic,立川断層帯地震,4.684,5弱,,,13104,新宿区,Unknown,Unknown,未判定,未細分,point,来迎寺の庚申塔,想定震度,立川断層帯地震,想定震度｜立川断層帯地震
13104:95,seismic,立川断層帯地震,4.752,5弱,,,13104,新宿区,Unknown,Unknown,未判定,未細分,point,正受院の奪衣婆像,想定震度,立川断層帯地震,想定震度｜立川断層帯地震
13104:96,seismic,立川断層帯地震,4.917,5弱,,,13104,新宿区,Unknown,Unknown,未判定,未細分,point,中井御霊神社の備射祭絵馬,想定震度,立川断層帯地震,想定震度｜立川断層帯地震
13104:97,seismic,立川断層帯地震,4.917,5弱,,,13104,新宿区,Unknown,Unknown,未判定,未細分,point,中井御霊神社の分木,想定震度,立川断層帯地震,想定震度｜立川断層帯地震
13104:98,seismic,立川断層帯地震,4.945,5弱,,,13104,新宿区,Unknown,Unknown,未判定,未細分,point,自性院の私年号板碑,想定震度,立川断層帯地震,想定震度｜立川断層帯地震
13104:99,seismic,立川断層帯地震,4.836,5弱,,,13104,新宿区,Unknown,Unknown,未判定,未細分,point,月見岡八幡神社の庚申塔,想定震度,立川断層帯地震,想定震度｜立川断層帯地震
13104:100,seismic,立川断層帯地震,4.833,5弱,,,13104,新宿区,Unknown,Unknown,未判定,未細分,point,狛犬型庚申塔,想定震度,立川断層帯地震,想定震度｜立川断層帯地震
13104:101,seismic,立川断層帯地震,4.758,5弱,,,13104,新宿区,Unknown,Unknown,未判定,未細分,point,太宗寺の閻魔像,想定震度,立川断層帯地震,想定震度｜立川断層帯地震
13104:102,seismic,立川断層帯地震,4.758,5弱,,,13104,新宿区,Unknown,Unknown,未判定,未細分,point,太宗寺の奪衣婆像,想定震度,立川断層帯地震,想定震度｜立川断層帯地震
13104:103,seismic,立川断層帯地震,4.888,5弱,,,13104,新宿区,Unknown,Unknown,未判定,未細分,point,葛谷御霊神社の力石,想定震度,立川断層帯地震,想定震度｜立川断層帯地震
13104:104,seismic,立川断層帯地震,4.954,5弱,,,13104,新宿区,Unknown,Unknown,未判定,未細分,point,成子天神社の力石,想定震度,立川断層帯地震,想定震度｜立川断層帯地震
13104:105,seismic,立川断層帯地震,4.917,5弱,,,13104,新宿区,Unknown,Unknown,未判定,未細分,point,雨乞のむしろ旗,想定震度,立川断層帯地震,想定震度｜立川断層帯地震
13104:106,seismic,立川断層帯地震,4.627,5弱,,,13104,新宿区,Unknown,Unknown,未判定,未細分,point,市谷亀岡八幡宮の力石,想定震度,立川断層帯地震,想定震度｜立川断層帯地震
13104:107,seismic,立川断層帯地震,4.631,5弱,,,13104,新宿区,Unknown,Unknown,未判定,未細分,point,筑土八幡神社の庚申塔,想定震度,立川断層帯地震,想定震度｜立川断層帯地震
13104:108,seismic,立川断層帯地震,4.774,5弱,,,13104,新宿区,Unknown,Unknown,未判定,未細分,point,尺八「放下着」一式ならびに普化尺八伝授関連資料,想定震度,立川断層帯地震,想定震度｜立川断層帯地震
13104:109,seismic,立川断層帯地震,4.638,5弱,,,13104,新宿区,Unknown,Unknown,未判定,未細分,point,善国寺の石虎,想定震度,立川断層帯地震,想定震度｜立川断層帯地震
13104:110,seismic,立川断層帯地震,4.917,5弱,,,13104,新宿区,Unknown,Unknown,未判定,未細分,point,中井御霊神社の狛犬,想定震度,立川断層帯地震,想定震度｜立川断層帯地震
13104:111,seismic,立川断層帯地震,4.798,5弱,,,13104,新宿区,Unknown,Unknown,未判定,未細分,point,巴講睦の獅子頭,想定震度,立川断層帯地震,想定震度｜立川断層帯地震
13104:112,seismic,立川断層帯地震,5.043,5強,,,13104,新宿区,Unknown,Unknown,未判定,未細分,point,一行院の板碑,想定震度,立川断層帯地震,想定震度｜立川断層帯地震
13104:113,seismic,立川断層帯地震,4.736,5弱,,,13104,新宿区,Unknown,Unknown,未判定,未細分,point,塞神三柱の塔,想定震度,立川断層帯地震,想定震度｜立川断層帯地震
13104:114,seismic,立川断層帯地震,4.759,5弱,,,13104,新宿区,Unknown,Unknown,未判定,未細分,point,全龍寺の庚申塔,想定震度,立川断層帯地震,想定震度｜立川断層帯地震
13104:115,seismic,立川断層帯地震,4.637,5弱,,,13104,新宿区,Unknown,Unknown,未判定,未細分,point,慈雲山観音寺の庚申塔,想定震度,立川断層帯地震,想定震度｜立川断層帯地震
13104:116,seismic,立川断層帯地震,4.745,5弱,,,13104,新宿区,Unknown,Unknown,未判定,未細分,point,下落合二丁目の庚申塔,想定震度,立川断層帯地震,想定震度｜立川断層帯地震
13104:117,seismic,立川断層帯地震,4.725,5弱,,,13104,新宿区,Unknown,Unknown,未判定,未細分,point,旧源兵衛村の庚申塔,想定震度,立川断層帯地震,想定震度｜立川断層帯地震
13104:118,seismic,立川断層帯地震,4.748,5弱,,,13104,新宿区,Unknown,Unknown,未判定,未細分,point,幸国寺の題目塔,想定震度,立川断層帯地震,想定震度｜立川断層帯地震
13104:119,seismic,立川断層帯地震,4.829,5弱,,,13104,新宿区,Unknown,Unknown,未判定,未細分,point,熊野神社の狛犬,想定震度,立川断層帯地震,想定震度｜立川断層帯地震
13104:120,seismic,立川断層帯地震,4.649,5弱,,,13104,新宿区,Unknown,Unknown,未判定,未細分,point,高田馬場の流鏑馬,想定震度,立川断層帯地震,想定震度｜立川断層帯地震
13104:121,seismic,立川断層帯地震,4.917,5弱,,,13104,新宿区,Unknown,Unknown,未判定,未細分,point,中井御霊神社の備射祭,想定震度,立川断層帯地震,想定震度｜立川断層帯地震
13104:122,seismic,立川断層帯地震,4.888,5弱,,,13104,新宿区,Unknown,Unknown,未判定,未細分,point,葛谷御霊神社の備謝祭,想定震度,立川断層帯地震,想定震度｜立川断層帯地震
13104:123,seismic,立川断層帯地震,4.629,5弱,,,13104,新宿区,Unknown,Unknown,未判定,未細分,point,丸藤宮元講社の富士講行事,想定震度,立川断層帯地震,想定震度｜立川断層帯地震
13104:124,seismic,立川断層帯地震,4.616,5弱,,,13104,新宿区,Unknown,Unknown,未判定,未細分,point,戸塚囃子,想定震度,立川断層帯地震,想定震度｜立川断層帯地震
13104:125,seismic,立川断層帯地震,4.941,5弱,,,13104,新宿区,Unknown,Unknown,未判定,未細分,point,萩原社中里神楽,想定震度,立川断層帯地震,想定震度｜立川断層帯地震
13104:126,seismic,立川断層帯地震,4.836,5弱,,,13104,新宿区,Unknown,Unknown,未判定,未細分,point,上落合餅つき唄,想定震度,立川断層帯地震,想定震度｜立川断層帯地震
13104:127,seismic,立川断層帯地震,4.803,5弱,,,13104,新宿区,Unknown,Unknown,未判定,未細分,point,鉄砲組百人隊行列,想定震度,立川断層帯地震,想定震度｜立川断層帯地震
13104:128,seismic,立川断層帯地震,4.86,5弱,,,13104,新宿区,Unknown,Unknown,未判定,未細分,point,高松喜六の墓,想定震度,立川断層帯地震,想定震度｜立川断層帯地震
13104:129,seismic,立川断層帯地震,4.856,5弱,,,13104,新宿区,Unknown,Unknown,未判定,未細分,point,服部半蔵の墓,想定震度,立川断層帯地震,想定震度｜立川断層帯地震
13104:130,seismic,立川断層帯地震,4.832,5弱,,,13104,新宿区,Unknown,Unknown,未判定,未細分,point,小泉八雲旧居跡,想定震度,立川断層帯地震,想定震度｜立川断層帯地震
13104:131,seismic,立川断層帯地震,4.86,5弱,,,13104,新宿区,Unknown,Unknown,未判定,未細分,point,塙保己一の墓,想定震度,立川断層帯地震,想定震度｜立川断層帯地震
13104:132,seismic,立川断層帯地震,4.729,5弱,,,13104,新宿区,Unknown,Unknown,未判定,未細分,point,山県大弐の墓,想定震度,立川断層帯地震,想定震度｜立川断層帯地震
13104:133,seismic,立川断層帯地震,4.829,5弱,,,13104,新宿区,Unknown,Unknown,未判定,未細分,point,十二社の碑,想定震度,立川断層帯地震,想定震度｜立川断層帯地震
13104:134,seismic,立川断層帯地震,4.714,5弱,,,13104,新宿区,Unknown,Unknown,未判定,未細分,point,松井須磨子の墓,想定震度,立川断層帯地震,想定震度｜立川断層帯地震
13104:135,seismic,立川断層帯地震,4.898,5弱,,,13104,新宿区,Unknown,Unknown,未判定,未細分,point,源清麿の墓,想定震度,立川断層帯地震,想定震度｜立川断層帯地震
13104:136,seismic,立川断層帯地震,4.653,5弱,,,13104,新宿区,Unknown,Unknown,未判定,未細分,point,尾崎紅葉旧居跡,想定震度,立川断層帯地震,想定震度｜立川断層帯地震
13104:137,seismic,立川断層帯地震,4.598,5弱,,,13104,新宿区,Unknown,Unknown,未判定,未細分,point,田村虎蔵旧居跡,想定震度,立川断層帯地震,想定震度｜立川断層帯地震
13104:138,seismic,立川断層帯地震,4.752,5弱,,,13104,新宿区,Unknown,Unknown,未判定,未細分,point,恋川春町の墓,想定震度,立川断層帯地震,想定震度｜立川断層帯地震
13104:139,seismic,立川断層帯地震,4.721,5弱,,,13104,新宿区,Unknown,Unknown,未判定,未細分,point,月岡芳年の墓,想定震度,立川断層帯地震,想定震度｜立川断層帯地震
13104:140,seismic,立川断層帯地震,4.596,5弱,,,13104,新宿区,Unknown,Unknown,未判定,未細分,point,浄瑠璃坂の仇討跡,想定震度,立川断層帯地震,想定震度｜立川断層帯地震
13104:141,seismic,立川断層帯地震,4.545,5弱,,,13104,新宿区,Unknown,Unknown,未判定,未細分,point,国産飛行機発祥の地,想定震度,立川断層帯地震,想定震度｜立川断層帯地震
13104:142,seismic,立川断層帯地震,4.744,5弱,,,13104,新宿区,Unknown,Unknown,未判定,未細分,point,大久保の犬御用屋敷跡,想定震度,立川断層帯地震,想定震度｜立川断層帯地震
13104:143,seismic,立川断層帯地震,4.779,5弱,,,13104,新宿区,Unknown,Unknown,未判定,未細分,point,三遊亭円朝旧居跡,想定震度,立川断層帯地震,想定震度｜立川断層帯地震
13104:144,seismic,立川断層帯地震,4.666,5弱,,,13104,新宿区,Unknown,Unknown,未判定,未細分,point,夏目漱石誕生の地,想定震度,立川断層帯地震,想定震度｜立川断層帯地震
13104:145,seismic,立川断層帯地震,4.678,5弱,,,13104,新宿区,Unknown,Unknown,未判定,未細分,point,夏目漱石終焉の地,想定震度,立川断層帯地震,想定震度｜立川断層帯地震
13104:146,seismic,立川断層帯地震,4.849,5弱,,,13104,新宿区,Unknown,Unknown,未判定,未細分,point,便々館湖鯉鮒狂歌碑,想定震度,立川断層帯地震,想定震度｜立川断層帯地震
13104:147,seismic,立川断層帯地震,4.684,5弱,,,13104,新宿区,Unknown,Unknown,未判定,未細分,point,永井荷風旧居跡,想定震度,立川断層帯地震,想定震度｜立川断層帯地震
13104:148,seismic,立川断層帯地震,4.856,5弱,,,13104,新宿区,Unknown,Unknown,未判定,未細分,point,岡崎三郎信康供養塔,想定震度,立川断層帯地震,想定震度｜立川断層帯地震
13104:149,seismic,立川断層帯地震,4.902,5弱,,,13104,新宿区,Unknown,Unknown,未判定,未細分,point,榊原鍵吉の墓,想定震度,立川断層帯地震,想定震度｜立川断層帯地震
13104:150,seismic,立川断層帯地震,4.702,5弱,,,13104,新宿区,Unknown,Unknown,未判定,未細分,point,平秩東作の墓,想定震度,立川断層帯地震,想定震度｜立川断層帯地震
13104:151,seismic,立川断層帯地震,4.719,5弱,,,13104,新宿区,Unknown,Unknown,未判定,未細分,point,二葉亭四迷旧居跡,想定震度,立川断層帯地震,想定震度｜立川断層帯地震
13104:152,seismic,立川断層帯地震,4.78,5弱,,,13104,新宿区,Unknown,Unknown,未判定,未細分,point,大和田建樹終焉の地,想定震度,立川断層帯地震,想定震度｜立川断層帯地震
13104:153,seismic,立川断層帯地震,4.663,5弱,,,13104,新宿区,Unknown,Unknown,未判定,未細分,point,有島武郎旧居跡,想定震度,立川断層帯地震,想定震度｜立川断層帯地震
13104:154,seismic,立川断層帯地震,4.653,5弱,,,13104,新宿区,Unknown,Unknown,未判定,未細分,point,島村抱月終焉の地 (芸術倶楽部跡),想定震度,立川断層帯地震,想定震度｜立川断層帯地震
13104:155,seismic,立川断層帯地震,4.758,5弱,,,13104,新宿区,Unknown,Unknown,未判定,未細分,point,内藤正勝の墓,想定震度,立川断層帯地震,想定震度｜立川断層帯地震
13104:156,seismic,立川断層帯地震,4.849,5弱,,,13104,新宿区,Unknown,Unknown,未判定,未細分,point,筒井政憲の墓,想定震度,立川断層帯地震,想定震度｜立川断層帯地震
13104:157,seismic,立川断層帯地震,4.719,5弱,,,13104,新宿区,Unknown,Unknown,未判定,未細分,point,小泉八雲終焉の地,想定震度,立川断層帯地震,想定震度｜立川断層帯地震
13104:158,seismic,立川断層帯地震,4.688,5弱,,,13104,新宿区,Unknown,Unknown,未判定,未細分,point,紅皿の墓,想定震度,立川断層帯地震,想定震度｜立川断層帯地震
13104:159,seismic,立川断層帯地震,4.681,5弱,,,13104,新宿区,Unknown,Unknown,未判定,未細分,point,坪内逍遙旧居跡(文芸協会演劇研究所跡),想定震度,立川断層帯地震,想定震度｜立川断層帯地震
13104:160,seismic,立川断層帯地震,4.937,5弱,,,13104,新宿区,Unknown,Unknown,未判定,未細分,point,佐伯祐三アトリエの地,想定震度,立川断層帯地震,想定震度｜立川断層帯地震
13104:161,seismic,立川断層帯地震,4.844,5弱,,,13104,新宿区,Unknown,Unknown,未判定,未細分,point,滝沢馬琴終焉の地,想定震度,立川断層帯地震,想定震度｜立川断層帯地震
13104:162,seismic,立川断層帯地震,4.816,5弱,,,13104,新宿区,Unknown,Unknown,未判定,未細分,point,柳田國男旧居跡,想定震度,立川断層帯地震,想定震度｜立川断層帯地震
13104:163,seismic,立川断層帯地震,4.815,5弱,,,13104,新宿区,Unknown,Unknown,未判定,未細分,point,斎藤茂吉終焉の地,想定震度,立川断層帯地震,想定震度｜立川断層帯地震
13104:164,seismic,立川断層帯地震,4.767,5弱,,,13104,新宿区,Unknown,Unknown,未判定,未細分,point,下村湖人終焉の地,想定震度,立川断層帯地震,想定震度｜立川断層帯地震
13104:165,seismic,立川断層帯地震,4.771,5弱,,,13104,新宿区,Unknown,Unknown,未判定,未細分,point,落合秋艸堂跡(會津八一旧居跡),想定震度,立川断層帯地震,想定震度｜立川断層帯地震
13104:166,seismic,立川断層帯地震,4.766,5弱,,,13104,新宿区,Unknown,Unknown,未判定,未細分,point,西條八十旧居跡,想定震度,立川断層帯地震,想定震度｜立川断層帯地震
13104:167,seismic,立川断層帯地震,4.642,5弱,,,13104,新宿区,Unknown,Unknown,未判定,未細分,point,女人芸術社跡(長谷川時雨・三上於菟吉旧居跡),想定震度,立川断層帯地震,想定震度｜立川断層帯地震
13104:168,seismic,立川断層帯地震,4.976,5弱,,,13104,新宿区,Unknown,Unknown,未判定,未細分,point,内村鑑三終焉の地(今井館聖書講堂跡),想定震度,立川断層帯地震,想定震度｜立川断層帯地震
13104:169,seismic,立川断層帯地震,4.81,5弱,,,13104,新宿区,Unknown,Unknown,未判定,未細分,point,鈴木三重吉終焉の地(「赤い鳥」社跡),想定震度,立川断層帯地震,想定震度｜立川断層帯地震
13104:170,seismic,立川断層帯地震,4.696,5弱,,,13104,新宿区,Unknown,Unknown,未判定,未細分,point,鏑木清方旧居跡,想定震度,立川断層帯地震,想定震度｜立川断層帯地震
13104:171,seismic,立川断層帯地震,4.847,5弱,,,13104,新宿区,Unknown,Unknown,未判定,未細分,point,辰野金吾の墓,想定震度,立川断層帯地震,想定震度｜立川断層帯地震
13104:172,seismic,立川断層帯地震,4.595,5弱,,,13104,新宿区,Unknown,Unknown,未判定,未細分,point,牛込城跡,想定震度,立川断層帯地震,想定震度｜立川断層帯地震
13104:173,seismic,立川断層帯地震,4.66,5弱,,,13104,新宿区,Unknown,Unknown,未判定,未細分,point,富塚跡,想定震度,立川断層帯地震,想定震度｜立川断層帯地震
13104:174,seismic,立川断層帯地震,4.595,5弱,,,13104,新宿区,Unknown,Unknown,未判定,未細分,point,便々館湖鯉鮒の墓,想定震度,立川断層帯地震,想定震度｜立川断層帯地震
13104:175,seismic,立川断層帯地震,4.954,5弱,,,13104,新宿区,Unknown,Unknown,未判定,未細分,point,成子天神社の富士塚,想定震度,立川断層帯地震,想定震度｜立川断層帯地震
13104:176,seismic,立川断層帯地震,4.644,5弱,,,13104,新宿区,Unknown,Unknown,未判定,未細分,point,生田春月旧居跡,想定震度,立川断層帯地震,想定震度｜立川断層帯地震
13104:177,seismic,立川断層帯地震,4.668,5弱,,,13104,新宿区,Unknown,Unknown,未判定,未細分,point,泉鏡花旧居跡,想定震度,立川断層帯地震,想定震度｜立川断層帯地震
13104:178,seismic,立川断層帯地震,4.729,5弱,,,13104,新宿区,Unknown,Unknown,未判定,未細分,point,林芙美子終焉の地,想定震度,立川断層帯地震,想定震度｜立川断層帯地震
13104:179,seismic,立川断層帯地震,4.752,5弱,,,13104,新宿区,Unknown,Unknown,未判定,未細分,point,塚本明毅の墓碑,想定震度,立川断層帯地震,想定震度｜立川断層帯地震
13104:180,seismic,立川断層帯地震,4.707,5弱,,,13104,新宿区,Unknown,Unknown,未判定,未細分,point,萩原宗固の墓,想定震度,立川断層帯地震,想定震度｜立川断層帯地震
13104:181,seismic,立川断層帯地震,4.714,5弱,,,13104,新宿区,Unknown,Unknown,未判定,未細分,point,吉川湊一の墓,想定震度,立川断層帯地震,想定震度｜立川断層帯地震
13104:182,seismic,立川断層帯地震,4.639,5弱,,,13104,新宿区,Unknown,Unknown,未判定,未細分,point,東京府仮小学第三校跡,想定震度,立川断層帯地震,想定震度｜立川断層帯地震
13104:183,seismic,立川断層帯地震,5.143,5強,,,13104,新宿区,Unknown,Unknown,未判定,未細分,point,シイ,想定震度,立川断層帯地震,想定震度｜立川断層帯地震
13104:184,seismic,立川断層帯地震,4.748,5弱,,,13104,新宿区,Unknown,Unknown,未判定,未細分,point,イチョウ,想定震度,立川断層帯地震,想定震度｜立川断層帯地震
13104:185,seismic,立川断層帯地震,4.686,5弱,,,13104,新宿区,Unknown,Unknown,未判定,未細分,point,末広亭,想定震度,立川断層帯地震,想定震度｜立川断層帯地震
13104:186,seismic,立川断層帯地震,4.678,5弱,,,13104,新宿区,Unknown,Unknown,未判定,未細分,point,歌舞伎町建設記念碑,想定震度,立川断層帯地震,想定震度｜立川断層帯地震
13104:187,seismic,立川断層帯地震,4.829,5弱,,,13104,新宿区,Unknown,Unknown,未判定,未細分,point,六桜社跡,想定震度,立川断層帯地震,想定震度｜立川断層帯地震
13104:188,seismic,立川断層帯地震,4.558,5弱,,,13104,新宿区,Unknown,Unknown,未判定,未細分,point,佐々木活字店,想定震度,立川断層帯地震,想定震度｜立川断層帯地震
13104:189,seismic,立川断層帯地震,4.849,5弱,,,13104,新宿区,Unknown,Unknown,未判定,未細分,point,近衛篤麿公記念碑,想定震度,立川断層帯地震,想定震度｜立川断層帯地震
13104:190,seismic,立川断層帯地震,4.729,5弱,,,13104,新宿区,Unknown,Unknown,未判定,未細分,point,花園神社の二宮尊徳像,想定震度,立川断層帯地震,想定震度｜立川断層帯地震
13104:191,seismic,立川断層帯地震,4.712,5弱,,,13104,新宿区,Unknown,Unknown,未判定,未細分,point,長谷川平蔵埋葬の地,想定震度,立川断層帯地震,想定震度｜立川断層帯地震
13104:192,seismic,立川断層帯地震,4.728,5弱,,,13104,新宿区,Unknown,Unknown,未判定,未細分,point,神楽坂の東八拳,想定震度,立川断層帯地震,想定震度｜立川断層帯地震
13104:193,seismic,立川断層帯地震,4.635,5弱,,,13104,新宿区,Unknown,Unknown,未判定,未細分,point,神楽坂をどり,想定震度,立川断層帯地震,想定震度｜立川断層帯地震
13104:194,seismic,立川断層帯地震,4.85,5弱,,,13104,新宿区,Unknown,Unknown,未判定,未細分,point,旧近衛邸のケヤキ,想定震度,立川断層帯地震,想定震度｜立川断層帯地震
13104:195,seismic,立川断層帯地震,4.708,5弱,,,13104,新宿区,Unknown,Unknown,未判定,未細分,point,オブジェ「歓び(PLAISIR)」,想定震度,立川断層帯地震,想定震度｜立川断層帯地震
13104:196,seismic,立川断層帯地震,4.722,5弱,,,13104,新宿区,Unknown,Unknown,未判定,未細分,point,源兵衛子育地蔵尊の石造物群,想定震度,立川断層帯地震,想定震度｜立川断層帯地震
13104:197,seismic,立川断層帯地震,4.722,5弱,,,13104,新宿区,Unknown,Unknown,未判定,未細分,point,彰忠碑,想定震度,立川断層帯地震,想定震度｜立川断層帯地震
13104:198,seismic,立川断層帯地震,4.589,5弱,,,13104,新宿区,Unknown,Unknown,未判定,未細分,point,太平洋戦争本土初空襲の地跡,想定震度,立川断層帯地震,想定震度｜立川断層帯地震
13104:199,seismic,立川断層帯地震,4.67,5弱,,,13104,新宿区,Unknown,Unknown,未判定,未細分,point,名曲喫茶らんぶる,想定震度,立川断層帯地震,想定震度｜立川断層帯地震
13104:200,seismic,立川断層帯地震,4.888,5弱,,,13104,新宿区,Unknown,Unknown,未判定,未細分,point,西落合耕地整理記念碑,想定震度,立川断層帯地震,想定震度｜立川断層帯地震
13104:201,seismic,立川断層帯地震,4.745,5弱,,,13104,新宿区,Unknown,Unknown,未判定,未細分,point,旧淀橋浄水場蝶型弁,想定震度,立川断層帯地震,想定震度｜立川断層帯地震
13104:202,seismic,立川断層帯地震,4.829,5弱,,,13104,新宿区,Unknown,Unknown,未判定,未細分,point,旧淀橋浄水場六角堂,想定震度,立川断層帯地震,想定震度｜立川断層帯地震
13104:203,seismic,立川断層帯地震,4.798,5弱,,,13104,新宿区,Unknown,Unknown,未判定,未細分,point,巴講睦の獅子図屏風,想定震度,立川断層帯地震,想定震度｜立川断層帯地震
13104:204,seismic,立川断層帯地震,4.752,5弱,,,13104,新宿区,Unknown,Unknown,未判定,未細分,point,服部良一旧居跡,想定震度,立川断層帯地震,想定震度｜立川断層帯地震
13104:205,seismic,立川断層帯地震,4.678,5弱,,,13104,新宿区,Unknown,Unknown,未判定,未細分,point,天祖神社の神門,想定震度,立川断層帯地震,想定震度｜立川断層帯地震
13104:206,seismic,立川断層帯地震,4.717,5弱,,,13104,新宿区,Unknown,Unknown,未判定,未細分,point,戸山射撃場跡,想定震度,立川断層帯地震,想定震度｜立川断層帯地震
13104:207,seismic,立川断層帯地震,4.667,5弱,,,13104,新宿区,Unknown,Unknown,未判定,未細分,point,喜久井町 戦災者供養観音像,想定震度,立川断層帯地震,想定震度｜立川断層帯地震
13104:208,seismic,立川断層帯地震,4.752,5弱,,,13104,新宿区,Unknown,Unknown,未判定,未細分,point,白糸塚,想定震度,立川断層帯地震,想定震度｜立川断層帯地震
13104:209,seismic,立川断層帯地震,4.905,5弱,,,13104,新宿区,Unknown,Unknown,未判定,未細分,point,獅子吼会の山門,想定震度,立川断層帯地震,想定震度｜立川断層帯地震
13104:210,seismic,立川断層帯地震,4.605,5弱,,,13104,新宿区,Unknown,Unknown,未判定,未細分,point,田島森碑,想定震度,立川断層帯地震,想定震度｜立川断層帯地震
13104:211,seismic,立川断層帯地震,4.729,5弱,,,13104,新宿区,Unknown,Unknown,未判定,未細分,point,忠魂碑,想定震度,立川断層帯地震,想定震度｜立川断層帯地震
13104:212,seismic,立川断層帯地震,4.646,5弱,,,13104,新宿区,Unknown,Unknown,未判定,未細分,point,祭馬碑,想定震度,立川断層帯地震,想定震度｜立川断層帯地震
13104:213,seismic,立川断層帯地震,4.732,5弱,,,13104,新宿区,Unknown,Unknown,未判定,未細分,point,渡辺玉花旧居,想定震度,立川断層帯地震,想定震度｜立川断層帯地震
13104:214,seismic,立川断層帯地震,4.75,5弱,,,13104,新宿区,Unknown,Unknown,未判定,未細分,point,花園アパート跡,想定震度,立川断層帯地震,想定震度｜立川断層帯地震
13104:215,seismic,立川断層帯地震,4.719,5弱,,,13104,新宿区,Unknown,Unknown,未判定,未細分,point,美濃国高須藩主 松平家上屋敷跡,想定震度,立川断層帯地震,想定震度｜立川断層帯地震
13104:216,seismic,立川断層帯地震,4.954,5弱,,,13104,新宿区,Unknown,Unknown,未判定,未細分,point,水準点II号,想定震度,立川断層帯地震,想定震度｜立川断層帯地震
13104:217,seismic,立川断層帯地震,4.744,5弱,,,13104,新宿区,Unknown,Unknown,未判定,未細分,point,東京若葉キリスト教会,想定震度,立川断層帯地震,想定震度｜立川断層帯地震
13104:218,seismic,立川断層帯地震,4.647,5弱,,,13104,新宿区,Unknown,Unknown,未判定,未細分,point,稲荷鬼王神社の節分祭,想定震度,立川断層帯地震,想定震度｜立川断層帯地震
13104:219,seismic,立川断層帯地震,4.917,5弱,,,13104,新宿区,Unknown,Unknown,未判定,未細分,point,中井御霊神社の節分祭,想定震度,立川断層帯地震,想定震度｜立川断層帯地震
13104:220,seismic,立川断層帯地震,4.729,5弱,,,13104,新宿区,Unknown,Unknown,未判定,未細分,point,花園神社の節分祭,想定震度,立川断層帯地震,想定震度｜立川断層帯地震
13104:221,seismic,立川断層帯地震,4.707,5弱,,,13104,新宿区,Unknown,Unknown,未判定,未細分,point,氷川神社の節分祭,想定震度,立川断層帯地震,想定震度｜立川断層帯地震
13104:222,seismic,立川断層帯地震,4.833,5弱,,,13104,新宿区,Unknown,Unknown,未判定,未細分,point,鎧神社の節分祭,想定震度,立川断層帯地震,想定震度｜立川断層帯地震
13104:223,seismic,立川断層帯地震,4.945,5弱,,,13104,新宿区,Unknown,Unknown,未判定,未細分,point,自性院の節分会,想定震度,立川断層帯地震,想定震度｜立川断層帯地震
13104:224,seismic,立川断層帯地震,4.961,5弱,,,13104,新宿区,Unknown,Unknown,未判定,未細分,point,有隣園跡,想定震度,立川断層帯地震,想定震度｜立川断層帯地震
13104:225,seismic,立川断層帯地震,4.758,5弱,,,13104,新宿区,Unknown,Unknown,未判定,未細分,point,太宗寺の閻魔大王開帳,想定震度,立川断層帯地震,想定震度｜立川断層帯地震
13104:226,seismic,立川断層帯地震,4.758,5弱,,,13104,新宿区,Unknown,Unknown,未判定,未細分,point,太宗寺の大震災紀念碑,想定震度,立川断層帯地震,想定震度｜立川断層帯地震
13104:227,seismic,立川断層帯地震,4.565,5弱,,,13104,新宿区,Unknown,Unknown,未判定,未細分,point,放生寺の水掛け地蔵と大震火災死亡群霊塔,想定震度,立川断層帯地震,想定震度｜立川断層帯地震
13104:228,seismic,立川断層帯地震,4.977,5弱,,,13104,新宿区,Unknown,Unknown,未判定,未細分,point,文学座アトリエ,想定震度,立川断層帯地震,想定震度｜立川断層帯地震
13104:230,seismic,立川断層帯地震,4.545,5弱,,,13104,新宿区,Unknown,Unknown,未判定,未細分,point,弘文学院跡,想定震度,立川断層帯地震,想定震度｜立川断層帯地震
13104:231,seismic,立川断層帯地震,4.734,5弱,,,13104,新宿区,Unknown,Unknown,未判定,未細分,point,ムーラン・ルージュ新宿座跡,想定震度,立川断層帯地震,想定震度｜立川断層帯地震
official_export_001:19,seismic,立川断層帯地震,4.663,5弱,,,13104,新宿区,National,Designated,有形文化財,建造物,building_direct,学習院旧正門,想定震度,立川断層帯地震,想定震度｜立川断層帯地震
official_export_001:43,seismic,立川断層帯地震,4.609,5弱,,,13104,新宿区,National,Designated,有形文化財,建造物,building_direct,旧馬場家牛込邸,想定震度,立川断層帯地震,想定震度｜立川断層帯地震
official_export_001:79,seismic,立川断層帯地震,4.79,5弱,,,13104,新宿区,National,Designated,有形文化財,建造物,building_direct,新宿御苑旧洋館御休所,想定震度,立川断層帯地震,想定震度｜立川断層帯地震
official_export_001:84,seismic,立川断層帯地震,4.854,5弱,,,13104,新宿区,National,Designated,有形文化財,建造物,building_direct,聖徳記念絵画館,想定震度,立川断層帯地震,想定震度｜立川断層帯地震
official_export_001:197,seismic,立川断層帯地震,4.622,5弱,,,13104,新宿区,National,Designated,有形文化財,建造物,building_direct,早稲田大学大隈記念講堂,想定震度,立川断層帯地震,想定震度｜立川断層帯地震
official_export_002:11,seismic,立川断層帯地震,4.662,5弱,,,13104,新宿区,National,Registered,有形文化財,建造物,building_direct,新井家住宅主屋,想定震度,立川断層帯地震,想定震度｜立川断層帯地震
official_export_002:33,seismic,立川断層帯地震,4.653,5弱,,,13104,新宿区,National,Registered,有形文化財,建造物,building_direct,一水寮,想定震度,立川断層帯地震,想定震度｜立川断層帯地震
official_export_002:158,seismic,立川断層帯地震,4.739,5弱,,,13104,新宿区,National,Registered,有形文化財,建造物,building_direct,旧島津家住宅アトリエ,想定震度,立川断層帯地震,想定震度｜立川断層帯地震
official_export_002:167,seismic,立川断層帯地震,4.587,5弱,,,13104,新宿区,National,Registered,有形文化財,建造物,building_direct,旧常盤家本館(石合家住宅主屋),想定震度,立川断層帯地震,想定震度｜立川断層帯地震
official_export_002:201,seismic,立川断層帯地震,4.896,5弱,,,13104,新宿区,National,Registered,有形文化財,建造物,building_direct,栗原家住宅稲荷社及び石鳥居,想定震度,立川断層帯地震,想定震度｜立川断層帯地震
official_export_002:202,seismic,立川断層帯地震,4.896,5弱,,,13104,新宿区,National,Registered,有形文化財,建造物,building_direct,栗原家住宅蔵,想定震度,立川断層帯地震,想定震度｜立川断層帯地震
official_export_002:203,seismic,立川断層帯地震,4.896,5弱,,,13104,新宿区,National,Registered,有形文化財,建造物,building_direct,栗原家住宅主屋,想定震度,立川断層帯地震,想定震度｜立川断層帯地震
official_export_002:204,seismic,立川断層帯地震,4.896,5弱,,,13104,新宿区,National,Registered,有形文化財,建造物,building_direct,栗原家住宅門柱及び塀,想定震度,立川断層帯地震,想定震度｜立川断層帯地震
official_export_002:269,seismic,立川断層帯地震,4.733,5弱,,,13104,新宿区,National,Registered,有形文化財,建造物,building_direct,新潮社倉庫,想定震度,立川断層帯地震,想定震度｜立川断層帯地震
official_export_002:270,seismic,立川断層帯地震,4.733,5弱,,,13104,新宿区,National,Registered,有形文化財,建造物,building_direct,新潮社本館,想定震度,立川断層帯地震,想定震度｜立川断層帯地震
official_export_002:273,seismic,立川断層帯地震,4.698,5弱,,,13104,新宿区,National,Registered,有形文化財,建造物,building_direct,鈴木家住宅主屋,想定震度,立川断層帯地震,想定震度｜立川断層帯地震
official_export_002:295,seismic,立川断層帯地震,4.731,5弱,,,13104,新宿区,National,Registered,有形文化財,建造物,building_direct,高橋建築事務所社屋,想定震度,立川断層帯地震,想定震度｜立川断層帯地震
official_export_002:388,seismic,立川断層帯地震,4.859,5弱,,,13104,新宿区,National,Registered,有形文化財,建造物,building_direct,日本バプテストキリスト教目白ヶ丘教会礼拝堂,想定震度,立川断層帯地震,想定震度｜立川断層帯地震
official_export_002:433,seismic,立川断層帯地震,4.606,5弱,,,13104,新宿区,National,Registered,有形文化財,建造物,building_direct,宮城道雄記念館検校の間,想定震度,立川断層帯地震,想定震度｜立川断層帯地震
official_export_002:456,seismic,立川断層帯地震,4.765,5弱,,,13104,新宿区,National,Registered,有形文化財,建造物,building_direct,安与ビル,想定震度,立川断層帯地震,想定震度｜立川断層帯地震
official_export_002:465,seismic,立川断層帯地震,4.712,5弱,,,13104,新宿区,National,Registered,有形文化財,建造物,building_direct,矢来能楽堂,想定震度,立川断層帯地震,想定震度｜立川断層帯地震
official_export_003:47,seismic,立川断層帯地震,4.86,5弱,,,13104,新宿区,National,Designated,記念物,天然記念物,point,哲学堂公園,想定震度,立川断層帯地震,想定震度｜立川断層帯地震
official_export_003:69,seismic,立川断層帯地震,4.672,5弱,,,13104,新宿区,National,Designated,記念物,天然記念物,point,山鹿素行墓,想定震度,立川断層帯地震,想定震度｜立川断層帯地震
official_export_003:75,seismic,立川断層帯地震,4.663,5弱,,,13104,新宿区,National,Designated,記念物,天然記念物,point,林氏墓地,想定震度,立川断層帯地震,想定震度｜立川断層帯地震
13104:0,seismic,大正関東地震,5.551,6弱,,,13104,新宿区,Unknown,Unknown,未判定,未細分,point,市谷亀岡八幡宮の銅鳥居,想定震度,大正関東地震,想定震度｜大正関東地震
13104:1,seismic,大正関東地震,5.581,6弱,,,13104,新宿区,Unknown,Unknown,未判定,未細分,point,早稲田大学 坪内博士記念演劇博物館,想定震度,大正関東地震,想定震度｜大正関東地震
13104:2,seismic,大正関東地震,5.595,6弱,,,13104,新宿区,Unknown,Unknown,未判定,未細分,point,浄栄寺の山門「甘露門」,想定震度,大正関東地震,想定震度｜大正関東地震
13104:3,seismic,大正関東地震,5.627,6弱,,,13104,新宿区,Unknown,Unknown,未判定,未細分,point,幸国寺の山門,想定震度,大正関東地震,想定震度｜大正関東地震
13104:4,seismic,大正関東地震,5.393,5強,,,13104,新宿区,Unknown,Unknown,未判定,未細分,point,中井御霊神社の本殿・幣殿・拝殿,想定震度,大正関東地震,想定震度｜大正関東地震
13104:5,seismic,大正関東地震,5.5,6弱,,,13104,新宿区,Unknown,Unknown,未判定,未細分,point,亮朝院本堂,想定震度,大正関東地震,想定震度｜大正関東地震
13104:6,seismic,大正関東地震,5.5,6弱,,,13104,新宿区,Unknown,Unknown,未判定,未細分,point,亮朝院七面堂,想定震度,大正関東地震,想定震度｜大正関東地震
13104:7,seismic,大正関東地震,5.788,6弱,,,13104,新宿区,Unknown,Unknown,未判定,未細分,point,永心寺本堂,想定震度,大正関東地震,想定震度｜大正関東地震
13104:8,seismic,大正関東地震,5.615,6弱,,,13104,新宿区,Unknown,Unknown,未判定,未細分,point,永心寺山門,想定震度,大正関東地震,想定震度｜大正関東地震
13104:9,seismic,大正関東地震,5.556,6弱,,,13104,新宿区,Unknown,Unknown,未判定,未細分,point,筑土八幡神社の石造鳥居,想定震度,大正関東地震,想定震度｜大正関東地震
13104:10,seismic,大正関東地震,5.616,6弱,,,13104,新宿区,Unknown,Unknown,未判定,未細分,point,西迎寺の阿弥陀如来座像,想定震度,大正関東地震,想定震度｜大正関東地震
13104:11,seismic,大正関東地震,5.576,6弱,,,13104,新宿区,Unknown,Unknown,未判定,未細分,point,中井出世不動尊像,想定震度,大正関東地震,想定震度｜大正関東地震
13104:12,seismic,大正関東地震,5.671,6弱,,,13104,新宿区,Unknown,Unknown,未判定,未細分,point,花園神社の唐獅子像,想定震度,大正関東地震,想定震度｜大正関東地震
13104:13,seismic,大正関東地震,5.658,6弱,,,13104,新宿区,Unknown,Unknown,未判定,未細分,point,太宗寺の三日月不動像,想定震度,大正関東地震,想定震度｜大正関東地震
13104:14,seismic,大正関東地震,5.556,6弱,,,13104,新宿区,Unknown,Unknown,未判定,未細分,point,熊野神社の水鉢,想定震度,大正関東地震,想定震度｜大正関東地震
13104:15,seismic,大正関東地震,5.5,6弱,,,13104,新宿区,Unknown,Unknown,未判定,未細分,point,亮朝院の金剛力士石像,想定震度,大正関東地震,想定震度｜大正関東地震
13104:16,seismic,大正関東地震,5.527,6弱,,,13104,新宿区,Unknown,Unknown,未判定,未細分,point,誓閑寺の梵鐘,想定震度,大正関東地震,想定震度｜大正関東地震
13104:17,seismic,大正関東地震,5.551,6弱,,,13104,新宿区,Unknown,Unknown,未判定,未細分,point,善国寺の毘沙門天像,想定震度,大正関東地震,想定震度｜大正関東地震
13104:18,seismic,大正関東地震,5.564,6弱,,,13104,新宿区,Unknown,Unknown,未判定,未細分,point,経王寺の大黒天像,想定震度,大正関東地震,想定震度｜大正関東地震
13104:19,seismic,大正関東地震,5.628,6弱,,,13104,新宿区,Unknown,Unknown,未判定,未細分,point,法善寺の七面明神像,想定震度,大正関東地震,想定震度｜大正関東地震
13104:20,seismic,大正関東地震,5.549,6弱,,,13104,新宿区,Unknown,Unknown,未判定,未細分,point,布袋像の水鉢,想定震度,大正関東地震,想定震度｜大正関東地震
13104:21,seismic,大正関東地震,5.65,6弱,,,13104,新宿区,Unknown,Unknown,未判定,未細分,point,須賀神社の三十六歌仙絵,想定震度,大正関東地震,想定震度｜大正関東地震
13104:22,seismic,大正関東地震,5.648,6弱,,,13104,新宿区,Unknown,Unknown,未判定,未細分,point,馬水槽,想定震度,大正関東地震,想定震度｜大正関東地震
13104:23,seismic,大正関東地震,5.593,6弱,,,13104,新宿区,Unknown,Unknown,未判定,未細分,point,天龍寺の時の鐘,想定震度,大正関東地震,想定震度｜大正関東地震
13104:24,seismic,大正関東地震,5.593,6弱,,,13104,新宿区,Unknown,Unknown,未判定,未細分,point,天龍寺のやぐら時計,想定震度,大正関東地震,想定震度｜大正関東地震
13104:25,seismic,大正関東地震,5.581,6弱,,,13104,新宿区,Unknown,Unknown,未判定,未細分,point,大隈重信銅像,想定震度,大正関東地震,想定震度｜大正関東地震
13104:26,seismic,大正関東地震,5.734,6弱,,,13104,新宿区,Unknown,Unknown,未判定,未細分,point,長善寺(笹寺)のめのう観音像,想定震度,大正関東地震,想定震度｜大正関東地震
13104:27,seismic,大正関東地震,5.558,6弱,,,13104,新宿区,Unknown,Unknown,未判定,未細分,point,鬼王神社の水鉢,想定震度,大正関東地震,想定震度｜大正関東地震
13104:28,seismic,大正関東地震,5.697,6弱,,,13104,新宿区,Unknown,Unknown,未判定,未細分,point,聖徳太子画像,想定震度,大正関東地震,想定震度｜大正関東地震
13104:29,seismic,大正関東地震,5.658,6弱,,,13104,新宿区,Unknown,Unknown,未判定,未細分,point,太宗寺の観無量寿経曼荼羅,想定震度,大正関東地震,想定震度｜大正関東地震
13104:30,seismic,大正関東地震,5.556,6弱,,,13104,新宿区,Unknown,Unknown,未判定,未細分,point,七人役者図絵馬,想定震度,大正関東地震,想定震度｜大正関東地震
13104:31,seismic,大正関東地震,5.628,6弱,,,13104,新宿区,Unknown,Unknown,未判定,未細分,point,阿弥陀三尊来迎図(専福寺),想定震度,大正関東地震,想定震度｜大正関東地震
13104:32,seismic,大正関東地震,5.573,6弱,,,13104,新宿区,Unknown,Unknown,未判定,未細分,point,木造阿弥陀如来立像,想定震度,大正関東地震,想定震度｜大正関東地震
13104:33,seismic,大正関東地震,5.511,6弱,,,13104,新宿区,Unknown,Unknown,未判定,未細分,point,木造地蔵菩薩坐像,想定震度,大正関東地震,想定震度｜大正関東地震
13104:34,seismic,大正関東地震,5.511,6弱,,,13104,新宿区,Unknown,Unknown,未判定,未細分,point,阿弥陀三尊来迎図(光照寺),想定震度,大正関東地震,想定震度｜大正関東地震
13104:35,seismic,大正関東地震,5.511,6弱,,,13104,新宿区,Unknown,Unknown,未判定,未細分,point,法然上人画像,想定震度,大正関東地震,想定震度｜大正関東地震
13104:36,seismic,大正関東地震,5.697,6弱,,,13104,新宿区,Unknown,Unknown,未判定,未細分,point,西光庵の観無量寿経曼荼羅,想定震度,大正関東地震,想定震度｜大正関東地震
13104:37,seismic,大正関東地震,5.51,6弱,,,13104,新宿区,Unknown,Unknown,未判定,未細分,point,天瑞元堤像 谷文晁筆,想定震度,大正関東地震,想定震度｜大正関東地震
13104:38,seismic,大正関東地震,5.51,6弱,,,13104,新宿区,Unknown,Unknown,未判定,未細分,point,謙堂文益像 谷文晁筆,想定震度,大正関東地震,想定震度｜大正関東地震
13104:39,seismic,大正関東地震,5.51,6弱,,,13104,新宿区,Unknown,Unknown,未判定,未細分,point,八大龍王図 谷文晁筆,想定震度,大正関東地震,想定震度｜大正関東地震
13104:40,seismic,大正関東地震,5.51,6弱,,,13104,新宿区,Unknown,Unknown,未判定,未細分,point,十大弟子図 谷文晁筆,想定震度,大正関東地震,想定震度｜大正関東地震
13104:41,seismic,大正関東地震,5.628,6弱,,,13104,新宿区,Unknown,Unknown,未判定,未細分,point,永福寺の銅造大日如来坐像,想定震度,大正関東地震,想定震度｜大正関東地震
13104:42,seismic,大正関東地震,5.628,6弱,,,13104,新宿区,Unknown,Unknown,未判定,未細分,point,永福寺の銅造地蔵菩薩半跏像,想定震度,大正関東地震,想定震度｜大正関東地震
13104:43,seismic,大正関東地震,5.506,6弱,,,13104,新宿区,Unknown,Unknown,未判定,未細分,point,済松寺の加藤文麗筆絵画作品,想定震度,大正関東地震,想定震度｜大正関東地震
13104:44,seismic,大正関東地震,5.507,6弱,,,13104,新宿区,Unknown,Unknown,未判定,未細分,point,谷文晁の絵,想定震度,大正関東地震,想定震度｜大正関東地震
13104:45,seismic,大正関東地震,5.507,6弱,,,13104,新宿区,Unknown,Unknown,未判定,未細分,point,月見岡八幡神社の鰐口,想定震度,大正関東地震,想定震度｜大正関東地震
13104:46,seismic,大正関東地震,5.551,6弱,,,13104,新宿区,Unknown,Unknown,未判定,未細分,point,市谷亀岡八幡宮の軍配団扇,想定震度,大正関東地震,想定震度｜大正関東地震
13104:47,seismic,大正関東地震,5.763,6弱,,,13104,新宿区,Unknown,Unknown,未判定,未細分,point,林光寺の高僧先達連座画像,想定震度,大正関東地震,想定震度｜大正関東地震
13104:48,seismic,大正関東地震,5.511,6弱,,,13104,新宿区,Unknown,Unknown,未判定,未細分,point,木造十一面観音坐像,想定震度,大正関東地震,想定震度｜大正関東地震
13104:49,seismic,大正関東地震,5.5,6弱,,,13104,新宿区,Unknown,Unknown,未判定,未細分,point,亮朝院の梵鐘,想定震度,大正関東地震,想定震度｜大正関東地震
13104:50,seismic,大正関東地震,5.461,5強,,,13104,新宿区,Unknown,Unknown,未判定,未細分,point,宝泉寺の梵鐘,想定震度,大正関東地震,想定震度｜大正関東地震
13104:51,seismic,大正関東地震,5.527,6弱,,,13104,新宿区,Unknown,Unknown,未判定,未細分,point,銅造地蔵菩薩半跏像,想定震度,大正関東地震,想定震度｜大正関東地震
13104:52,seismic,大正関東地震,5.661,6弱,,,13104,新宿区,Unknown,Unknown,未判定,未細分,point,正受院の梵鐘,想定震度,大正関東地震,想定震度｜大正関東地震
13104:53,seismic,大正関東地震,5.616,6弱,,,13104,新宿区,Unknown,Unknown,未判定,未細分,point,西迎寺の梵鐘,想定震度,大正関東地震,想定震度｜大正関東地震
13104:54,seismic,大正関東地震,5.564,6弱,,,13104,新宿区,Unknown,Unknown,未判定,未細分,point,浄栄寺の梵鐘,想定震度,大正関東地震,想定震度｜大正関東地震
13104:55,seismic,大正関東地震,5.601,6弱,,,13104,新宿区,Unknown,Unknown,未判定,未細分,point,善慶寺の梵鐘,想定震度,大正関東地震,想定震度｜大正関東地震
13104:56,seismic,大正関東地震,5.714,6弱,,,13104,新宿区,Unknown,Unknown,未判定,未細分,point,法雲寺の梵鐘,想定震度,大正関東地震,想定震度｜大正関東地震
13104:57,seismic,大正関東地震,5.566,6弱,,,13104,新宿区,Unknown,Unknown,未判定,未細分,point,圓照寺の梵鐘,想定震度,大正関東地震,想定震度｜大正関東地震
13104:58,seismic,大正関東地震,5.451,5強,,,13104,新宿区,Unknown,Unknown,未判定,未細分,point,薬王院の梵鐘,想定震度,大正関東地震,想定震度｜大正関東地震
13104:59,seismic,大正関東地震,5.781,6弱,,,13104,新宿区,Unknown,Unknown,未判定,未細分,point,西應寺の梵鐘,想定震度,大正関東地震,想定震度｜大正関東地震
13104:60,seismic,大正関東地震,5.511,6弱,,,13104,新宿区,Unknown,Unknown,未判定,未細分,point,光照寺の涅槃図,想定震度,大正関東地震,想定震度｜大正関東地震
13104:61,seismic,大正関東地震,5.834,6弱,,,13104,新宿区,Unknown,Unknown,未判定,未細分,point,長安寺の六地蔵塔,想定震度,大正関東地震,想定震度｜大正関東地震
13104:62,seismic,大正関東地震,5.658,6弱,,,13104,新宿区,Unknown,Unknown,未判定,未細分,point,太宗寺墓地出土品,想定震度,大正関東地震,想定震度｜大正関東地震
13104:63,seismic,大正関東地震,5.697,6弱,,,13104,新宿区,Unknown,Unknown,未判定,未細分,point,小銅鐸,想定震度,大正関東地震,想定震度｜大正関東地震
13104:64,seismic,大正関東地震,5.697,6弱,,,13104,新宿区,Unknown,Unknown,未判定,未細分,point,隆起線文系土器,想定震度,大正関東地震,想定震度｜大正関東地震
13104:65,seismic,大正関東地震,5.697,6弱,,,13104,新宿区,Unknown,Unknown,未判定,未細分,point,下落合横穴墓出土品,想定震度,大正関東地震,想定震度｜大正関東地震
13104:66,seismic,大正関東地震,5.846,6弱,,,13104,新宿区,Unknown,Unknown,未判定,未細分,point,一行院墓地出土品,想定震度,大正関東地震,想定震度｜大正関東地震
13104:67,seismic,大正関東地震,5.697,6弱,,,13104,新宿区,Unknown,Unknown,未判定,未細分,point,中村家文書,想定震度,大正関東地震,想定震度｜大正関東地震
13104:68,seismic,大正関東地震,5.763,6弱,,,13104,新宿区,Unknown,Unknown,未判定,未細分,point,林光寺の歴代宗主銘,想定震度,大正関東地震,想定震度｜大正関東地震
13104:69,seismic,大正関東地震,5.5,6弱,,,13104,新宿区,Unknown,Unknown,未判定,未細分,point,亮朝院文書,想定震度,大正関東地震,想定震度｜大正関東地震
13104:70,seismic,大正関東地震,5.393,5強,,,13104,新宿区,Unknown,Unknown,未判定,未細分,point,中井御霊神社文書,想定震度,大正関東地震,想定震度｜大正関東地震
13104:71,seismic,大正関東地震,5.591,6弱,,,13104,新宿区,Unknown,Unknown,未判定,未細分,point,長厳寺文書,想定震度,大正関東地震,想定震度｜大正関東地震
13104:72,seismic,大正関東地震,5.51,6弱,,,13104,新宿区,Unknown,Unknown,未判定,未細分,point,済松寺文書,想定震度,大正関東地震,想定震度｜大正関東地震
13104:73,seismic,大正関東地震,5.763,6弱,,,13104,新宿区,Unknown,Unknown,未判定,未細分,point,林光寺文書,想定震度,大正関東地震,想定震度｜大正関東地震
13104:74,seismic,大正関東地震,5.627,6弱,,,13104,新宿区,Unknown,Unknown,未判定,未細分,point,大聖院文書,想定震度,大正関東地震,想定震度｜大正関東地震
13104:75,seismic,大正関東地震,5.653,6弱,,,13104,新宿区,Unknown,Unknown,未判定,未細分,point,法身寺文書,想定震度,大正関東地震,想定震度｜大正関東地震
13104:76,seismic,大正関東地震,5.661,6弱,,,13104,新宿区,Unknown,Unknown,未判定,未細分,point,旭地蔵,想定震度,大正関東地震,想定震度｜大正関東地震
13104:77,seismic,大正関東地震,5.661,6弱,,,13104,新宿区,Unknown,Unknown,未判定,未細分,point,子供合埋碑,想定震度,大正関東地震,想定震度｜大正関東地震
13104:78,seismic,大正関東地震,5.556,6弱,,,13104,新宿区,Unknown,Unknown,未判定,未細分,point,式三番奉納額,想定震度,大正関東地震,想定震度｜大正関東地震
13104:79,seismic,大正関東地震,5.653,6弱,,,13104,新宿区,Unknown,Unknown,未判定,未細分,point,旧鈴法寺江戸番所資料,想定震度,大正関東地震,想定震度｜大正関東地震
13104:80,seismic,大正関東地震,5.697,6弱,,,13104,新宿区,Unknown,Unknown,未判定,未細分,point,空印の石手水鉢,想定震度,大正関東地震,想定震度｜大正関東地震
13104:81,seismic,大正関東地震,5.616,6弱,,,13104,新宿区,Unknown,Unknown,未判定,未細分,point,堀部武庸加功遺跡之碑,想定震度,大正関東地震,想定震度｜大正関東地震
13104:82,seismic,大正関東地震,5.627,6弱,,,13104,新宿区,Unknown,Unknown,未判定,未細分,point,幸国寺の日蓮聖人六百遠忌供養塔,想定震度,大正関東地震,想定震度｜大正関東地震
13104:83,seismic,大正関東地震,5.658,6弱,,,13104,新宿区,Unknown,Unknown,未判定,未細分,point,太宗寺の切支丹灯籠,想定震度,大正関東地震,想定震度｜大正関東地震
13104:84,seismic,大正関東地震,5.511,6弱,,,13104,新宿区,Unknown,Unknown,未判定,未細分,point,諸国旅人供養碑,想定震度,大正関東地震,想定震度｜大正関東地震
13104:85,seismic,大正関東地震,5.743,6弱,,,13104,新宿区,Unknown,Unknown,未判定,未細分,point,服部半蔵の槍,想定震度,大正関東地震,想定震度｜大正関東地震
13104:86,seismic,大正関東地震,5.666,6弱,,,13104,新宿区,Unknown,Unknown,未判定,未細分,point,駿馬塚の碑,想定震度,大正関東地震,想定震度｜大正関東地震
13104:87,seismic,大正関東地震,5.66,6弱,,,13104,新宿区,Unknown,Unknown,未判定,未細分,point,月桂寺の切支丹灯籠,想定震度,大正関東地震,想定震度｜大正関東地震
13104:88,seismic,大正関東地震,5.5,6弱,,,13104,新宿区,Unknown,Unknown,未判定,未細分,point,木造七面明神半跏像及び宮殿,想定震度,大正関東地震,想定震度｜大正関東地震
13104:89,seismic,大正関東地震,5.5,6弱,,,13104,新宿区,Unknown,Unknown,未判定,未細分,point,木造妙見菩薩立像及び宮殿,想定震度,大正関東地震,想定震度｜大正関東地震
13104:90,seismic,大正関東地震,5.5,6弱,,,13104,新宿区,Unknown,Unknown,未判定,未細分,point,木造諏訪大明神坐像及び宮殿,想定震度,大正関東地震,想定震度｜大正関東地震
13104:91,seismic,大正関東地震,5.549,6弱,,,13104,新宿区,Unknown,Unknown,未判定,未細分,point,市谷亀岡八幡宮の几号水準点(水鉢台座),想定震度,大正関東地震,想定震度｜大正関東地震
13104:93,seismic,大正関東地震,5.596,6弱,,,13104,新宿区,Unknown,Unknown,未判定,未細分,point,自証院の阿弥陀三尊種子板碑,想定震度,大正関東地震,想定震度｜大正関東地震
13104:94,seismic,大正関東地震,5.617,6弱,,,13104,新宿区,Unknown,Unknown,未判定,未細分,point,来迎寺の庚申塔,想定震度,大正関東地震,想定震度｜大正関東地震
13104:95,seismic,大正関東地震,5.661,6弱,,,13104,新宿区,Unknown,Unknown,未判定,未細分,point,正受院の奪衣婆像,想定震度,大正関東地震,想定震度｜大正関東地震
13104:96,seismic,大正関東地震,5.541,6弱,,,13104,新宿区,Unknown,Unknown,未判定,未細分,point,中井御霊神社の備射祭絵馬,想定震度,大正関東地震,想定震度｜大正関東地震
13104:97,seismic,大正関東地震,5.541,6弱,,,13104,新宿区,Unknown,Unknown,未判定,未細分,point,中井御霊神社の分木,想定震度,大正関東地震,想定震度｜大正関東地震
13104:98,seismic,大正関東地震,5.608,6弱,,,13104,新宿区,Unknown,Unknown,未判定,未細分,point,自性院の私年号板碑,想定震度,大正関東地震,想定震度｜大正関東地震
13104:99,seismic,大正関東地震,5.507,6弱,,,13104,新宿区,Unknown,Unknown,未判定,未細分,point,月見岡八幡神社の庚申塔,想定震度,大正関東地震,想定震度｜大正関東地震
13104:100,seismic,大正関東地震,5.544,6弱,,,13104,新宿区,Unknown,Unknown,未判定,未細分,point,狛犬型庚申塔,想定震度,大正関東地震,想定震度｜大正関東地震
13104:101,seismic,大正関東地震,5.658,6弱,,,13104,新宿区,Unknown,Unknown,未判定,未細分,point,太宗寺の閻魔像,想定震度,大正関東地震,想定震度｜大正関東地震
13104:102,seismic,大正関東地震,5.658,6弱,,,13104,新宿区,Unknown,Unknown,未判定,未細分,point,太宗寺の奪衣婆像,想定震度,大正関東地震,想定震度｜大正関東地震
13104:103,seismic,大正関東地震,5.534,6弱,,,13104,新宿区,Unknown,Unknown,未判定,未細分,point,葛谷御霊神社の力石,想定震度,大正関東地震,想定震度｜大正関東地震
13104:104,seismic,大正関東地震,5.677,6弱,,,13104,新宿区,Unknown,Unknown,未判定,未細分,point,成子天神社の力石,想定震度,大正関東地震,想定震度｜大正関東地震
13104:105,seismic,大正関東地震,5.541,6弱,,,13104,新宿区,Unknown,Unknown,未判定,未細分,point,雨乞のむしろ旗,想定震度,大正関東地震,想定震度｜大正関東地震
13104:106,seismic,大正関東地震,5.551,6弱,,,13104,新宿区,Unknown,Unknown,未判定,未細分,point,市谷亀岡八幡宮の力石,想定震度,大正関東地震,想定震度｜大正関東地震
13104:107,seismic,大正関東地震,5.556,6弱,,,13104,新宿区,Unknown,Unknown,未判定,未細分,point,筑土八幡神社の庚申塔,想定震度,大正関東地震,想定震度｜大正関東地震
13104:108,seismic,大正関東地震,5.653,6弱,,,13104,新宿区,Unknown,Unknown,未判定,未細分,point,尺八「放下着」一式ならびに普化尺八伝授関連資料,想定震度,大正関東地震,想定震度｜大正関東地震
13104:109,seismic,大正関東地震,5.551,6弱,,,13104,新宿区,Unknown,Unknown,未判定,未細分,point,善国寺の石虎,想定震度,大正関東地震,想定震度｜大正関東地震
13104:110,seismic,大正関東地震,5.541,6弱,,,13104,新宿区,Unknown,Unknown,未判定,未細分,point,中井御霊神社の狛犬,想定震度,大正関東地震,想定震度｜大正関東地震
13104:111,seismic,大正関東地震,5.697,6弱,,,13104,新宿区,Unknown,Unknown,未判定,未細分,point,巴講睦の獅子頭,想定震度,大正関東地震,想定震度｜大正関東地震
13104:112,seismic,大正関東地震,5.846,6弱,,,13104,新宿区,Unknown,Unknown,未判定,未細分,point,一行院の板碑,想定震度,大正関東地震,想定震度｜大正関東地震
13104:113,seismic,大正関東地震,5.581,6弱,,,13104,新宿区,Unknown,Unknown,未判定,未細分,point,塞神三柱の塔,想定震度,大正関東地震,想定震度｜大正関東地震
13104:114,seismic,大正関東地震,5.615,6弱,,,13104,新宿区,Unknown,Unknown,未判定,未細分,point,全龍寺の庚申塔,想定震度,大正関東地震,想定震度｜大正関東地震
13104:115,seismic,大正関東地震,5.569,6弱,,,13104,新宿区,Unknown,Unknown,未判定,未細分,point,慈雲山観音寺の庚申塔,想定震度,大正関東地震,想定震度｜大正関東地震
13104:116,seismic,大正関東地震,5.411,5強,,,13104,新宿区,Unknown,Unknown,未判定,未細分,point,下落合二丁目の庚申塔,想定震度,大正関東地震,想定震度｜大正関東地震
13104:117,seismic,大正関東地震,5.552,6弱,,,13104,新宿区,Unknown,Unknown,未判定,未細分,point,旧源兵衛村の庚申塔,想定震度,大正関東地震,想定震度｜大正関東地震
13104:118,seismic,大正関東地震,5.627,6弱,,,13104,新宿区,Unknown,Unknown,未判定,未細分,point,幸国寺の題目塔,想定震度,大正関東地震,想定震度｜大正関東地震
13104:119,seismic,大正関東地震,5.556,6弱,,,13104,新宿区,Unknown,Unknown,未判定,未細分,point,熊野神社の狛犬,想定震度,大正関東地震,想定震度｜大正関東地震
13104:120,seismic,大正関東地震,5.549,6弱,,,13104,新宿区,Unknown,Unknown,未判定,未細分,point,高田馬場の流鏑馬,想定震度,大正関東地震,想定震度｜大正関東地震
13104:121,seismic,大正関東地震,5.541,6弱,,,13104,新宿区,Unknown,Unknown,未判定,未細分,point,中井御霊神社の備射祭,想定震度,大正関東地震,想定震度｜大正関東地震
13104:122,seismic,大正関東地震,5.534,6弱,,,13104,新宿区,Unknown,Unknown,未判定,未細分,point,葛谷御霊神社の備謝祭,想定震度,大正関東地震,想定震度｜大正関東地震
13104:123,seismic,大正関東地震,5.572,6弱,,,13104,新宿区,Unknown,Unknown,未判定,未細分,point,丸藤宮元講社の富士講行事,想定震度,大正関東地震,想定震度｜大正関東地震
13104:124,seismic,大正関東地震,5.507,6弱,,,13104,新宿区,Unknown,Unknown,未判定,未細分,point,戸塚囃子,想定震度,大正関東地震,想定震度｜大正関東地震
13104:125,seismic,大正関東地震,5.557,6弱,,,13104,新宿区,Unknown,Unknown,未判定,未細分,point,萩原社中里神楽,想定震度,大正関東地震,想定震度｜大正関東地震
13104:126,seismic,大正関東地震,5.507,6弱,,,13104,新宿区,Unknown,Unknown,未判定,未細分,point,上落合餅つき唄,想定震度,大正関東地震,想定震度｜大正関東地震
13104:127,seismic,大正関東地震,5.611,6弱,,,13104,新宿区,Unknown,Unknown,未判定,未細分,point,鉄砲組百人隊行列,想定震度,大正関東地震,想定震度｜大正関東地震
13104:128,seismic,大正関東地震,5.747,6弱,,,13104,新宿区,Unknown,Unknown,未判定,未細分,point,高松喜六の墓,想定震度,大正関東地震,想定震度｜大正関東地震
13104:129,seismic,大正関東地震,5.743,6弱,,,13104,新宿区,Unknown,Unknown,未判定,未細分,point,服部半蔵の墓,想定震度,大正関東地震,想定震度｜大正関東地震
13104:130,seismic,大正関東地震,5.715,6弱,,,13104,新宿区,Unknown,Unknown,未判定,未細分,point,小泉八雲旧居跡,想定震度,大正関東地震,想定震度｜大正関東地震
13104:131,seismic,大正関東地震,5.747,6弱,,,13104,新宿区,Unknown,Unknown,未判定,未細分,point,塙保己一の墓,想定震度,大正関東地震,想定震度｜大正関東地震
13104:132,seismic,大正関東地震,5.625,6弱,,,13104,新宿区,Unknown,Unknown,未判定,未細分,point,山県大弐の墓,想定震度,大正関東地震,想定震度｜大正関東地震
13104:133,seismic,大正関東地震,5.556,6弱,,,13104,新宿区,Unknown,Unknown,未判定,未細分,point,十二社の碑,想定震度,大正関東地震,想定震度｜大正関東地震
13104:134,seismic,大正関東地震,5.613,6弱,,,13104,新宿区,Unknown,Unknown,未判定,未細分,point,松井須磨子の墓,想定震度,大正関東地震,想定震度｜大正関東地震
13104:135,seismic,大正関東地震,5.772,6弱,,,13104,新宿区,Unknown,Unknown,未判定,未細分,point,源清麿の墓,想定震度,大正関東地震,想定震度｜大正関東地震
13104:136,seismic,大正関東地震,5.558,6弱,,,13104,新宿区,Unknown,Unknown,未判定,未細分,point,尾崎紅葉旧居跡,想定震度,大正関東地震,想定震度｜大正関東地震
13104:137,seismic,大正関東地震,5.514,6弱,,,13104,新宿区,Unknown,Unknown,未判定,未細分,point,田村虎蔵旧居跡,想定震度,大正関東地震,想定震度｜大正関東地震
13104:138,seismic,大正関東地震,5.661,6弱,,,13104,新宿区,Unknown,Unknown,未判定,未細分,point,恋川春町の墓,想定震度,大正関東地震,想定震度｜大正関東地震
13104:139,seismic,大正関東地震,5.628,6弱,,,13104,新宿区,Unknown,Unknown,未判定,未細分,point,月岡芳年の墓,想定震度,大正関東地震,想定震度｜大正関東地震
13104:140,seismic,大正関東地震,5.518,6弱,,,13104,新宿区,Unknown,Unknown,未判定,未細分,point,浄瑠璃坂の仇討跡,想定震度,大正関東地震,想定震度｜大正関東地震
13104:141,seismic,大正関東地震,5.473,5強,,,13104,新宿区,Unknown,Unknown,未判定,未細分,point,国産飛行機発祥の地,想定震度,大正関東地震,想定震度｜大正関東地震
13104:142,seismic,大正関東地震,5.635,6弱,,,13104,新宿区,Unknown,Unknown,未判定,未細分,point,大久保の犬御用屋敷跡,想定震度,大正関東地震,想定震度｜大正関東地震
13104:143,seismic,大正関東地震,5.655,6弱,,,13104,新宿区,Unknown,Unknown,未判定,未細分,point,三遊亭円朝旧居跡,想定震度,大正関東地震,想定震度｜大正関東地震
13104:144,seismic,大正関東地震,5.603,6弱,,,13104,新宿区,Unknown,Unknown,未判定,未細分,point,夏目漱石誕生の地,想定震度,大正関東地震,想定震度｜大正関東地震
13104:145,seismic,大正関東地震,5.603,6弱,,,13104,新宿区,Unknown,Unknown,未判定,未細分,point,夏目漱石終焉の地,想定震度,大正関東地震,想定震度｜大正関東地震
13104:146,seismic,大正関東地震,5.621,6弱,,,13104,新宿区,Unknown,Unknown,未判定,未細分,point,便々館湖鯉鮒狂歌碑,想定震度,大正関東地震,想定震度｜大正関東地震
13104:147,seismic,大正関東地震,5.586,6弱,,,13104,新宿区,Unknown,Unknown,未判定,未細分,point,永井荷風旧居跡,想定震度,大正関東地震,想定震度｜大正関東地震
13104:148,seismic,大正関東地震,5.743,6弱,,,13104,新宿区,Unknown,Unknown,未判定,未細分,point,岡崎三郎信康供養塔,想定震度,大正関東地震,想定震度｜大正関東地震
13104:149,seismic,大正関東地震,5.781,6弱,,,13104,新宿区,Unknown,Unknown,未判定,未細分,point,榊原鍵吉の墓,想定震度,大正関東地震,想定震度｜大正関東地震
13104:150,seismic,大正関東地震,5.601,6弱,,,13104,新宿区,Unknown,Unknown,未判定,未細分,point,平秩東作の墓,想定震度,大正関東地震,想定震度｜大正関東地震
13104:151,seismic,大正関東地震,5.638,6弱,,,13104,新宿区,Unknown,Unknown,未判定,未細分,point,二葉亭四迷旧居跡,想定震度,大正関東地震,想定震度｜大正関東地震
13104:152,seismic,大正関東地震,5.653,6弱,,,13104,新宿区,Unknown,Unknown,未判定,未細分,point,大和田建樹終焉の地,想定震度,大正関東地震,想定震度｜大正関東地震
13104:153,seismic,大正関東地震,5.58,6弱,,,13104,新宿区,Unknown,Unknown,未判定,未細分,point,有島武郎旧居跡,想定震度,大正関東地震,想定震度｜大正関東地震
13104:154,seismic,大正関東地震,5.556,6弱,,,13104,新宿区,Unknown,Unknown,未判定,未細分,point,島村抱月終焉の地 (芸術倶楽部跡),想定震度,大正関東地震,想定震度｜大正関東地震
13104:155,seismic,大正関東地震,5.658,6弱,,,13104,新宿区,Unknown,Unknown,未判定,未細分,point,内藤正勝の墓,想定震度,大正関東地震,想定震度｜大正関東地震
13104:156,seismic,大正関東地震,5.621,6弱,,,13104,新宿区,Unknown,Unknown,未判定,未細分,point,筒井政憲の墓,想定震度,大正関東地震,想定震度｜大正関東地震
13104:157,seismic,大正関東地震,5.634,6弱,,,13104,新宿区,Unknown,Unknown,未判定,未細分,point,小泉八雲終焉の地,想定震度,大正関東地震,想定震度｜大正関東地震
13104:158,seismic,大正関東地震,5.627,6弱,,,13104,新宿区,Unknown,Unknown,未判定,未細分,point,紅皿の墓,想定震度,大正関東地震,想定震度｜大正関東地震
13104:159,seismic,大正関東地震,5.592,6弱,,,13104,新宿区,Unknown,Unknown,未判定,未細分,point,坪内逍遙旧居跡(文芸協会演劇研究所跡),想定震度,大正関東地震,想定震度｜大正関東地震
13104:160,seismic,大正関東地震,5.59,6弱,,,13104,新宿区,Unknown,Unknown,未判定,未細分,point,佐伯祐三アトリエの地,想定震度,大正関東地震,想定震度｜大正関東地震
13104:161,seismic,大正関東地震,5.679,6弱,,,13104,新宿区,Unknown,Unknown,未判定,未細分,point,滝沢馬琴終焉の地,想定震度,大正関東地震,想定震度｜大正関東地震
13104:162,seismic,大正関東地震,5.69,6弱,,,13104,新宿区,Unknown,Unknown,未判定,未細分,point,柳田國男旧居跡,想定震度,大正関東地震,想定震度｜大正関東地震
13104:163,seismic,大正関東地震,5.712,6弱,,,13104,新宿区,Unknown,Unknown,未判定,未細分,point,斎藤茂吉終焉の地,想定震度,大正関東地震,想定震度｜大正関東地震
13104:164,seismic,大正関東地震,5.577,6弱,,,13104,新宿区,Unknown,Unknown,未判定,未細分,point,下村湖人終焉の地,想定震度,大正関東地震,想定震度｜大正関東地震
13104:165,seismic,大正関東地震,5.425,5強,,,13104,新宿区,Unknown,Unknown,未判定,未細分,point,落合秋艸堂跡(會津八一旧居跡),想定震度,大正関東地震,想定震度｜大正関東地震
13104:166,seismic,大正関東地震,5.527,6弱,,,13104,新宿区,Unknown,Unknown,未判定,未細分,point,西條八十旧居跡,想定震度,大正関東地震,想定震度｜大正関東地震
13104:167,seismic,大正関東地震,5.56,6弱,,,13104,新宿区,Unknown,Unknown,未判定,未細分,point,女人芸術社跡(長谷川時雨・三上於菟吉旧居跡),想定震度,大正関東地震,想定震度｜大正関東地震
13104:168,seismic,大正関東地震,5.676,6弱,,,13104,新宿区,Unknown,Unknown,未判定,未細分,point,内村鑑三終焉の地(今井館聖書講堂跡),想定震度,大正関東地震,想定震度｜大正関東地震
13104:169,seismic,大正関東地震,5.674,6弱,,,13104,新宿区,Unknown,Unknown,未判定,未細分,point,鈴木三重吉終焉の地(「赤い鳥」社跡),想定震度,大正関東地震,想定震度｜大正関東地震
13104:170,seismic,大正関東地震,5.582,6弱,,,13104,新宿区,Unknown,Unknown,未判定,未細分,point,鏑木清方旧居跡,想定震度,大正関東地震,想定震度｜大正関東地震
13104:171,seismic,大正関東地震,5.626,6弱,,,13104,新宿区,Unknown,Unknown,未判定,未細分,point,辰野金吾の墓,想定震度,大正関東地震,想定震度｜大正関東地震
13104:172,seismic,大正関東地震,5.511,6弱,,,13104,新宿区,Unknown,Unknown,未判定,未細分,point,牛込城跡,想定震度,大正関東地震,想定震度｜大正関東地震
13104:173,seismic,大正関東地震,5.581,6弱,,,13104,新宿区,Unknown,Unknown,未判定,未細分,point,富塚跡,想定震度,大正関東地震,想定震度｜大正関東地震
13104:174,seismic,大正関東地震,5.511,6弱,,,13104,新宿区,Unknown,Unknown,未判定,未細分,point,便々館湖鯉鮒の墓,想定震度,大正関東地震,想定震度｜大正関東地震
13104:175,seismic,大正関東地震,5.677,6弱,,,13104,新宿区,Unknown,Unknown,未判定,未細分,point,成子天神社の富士塚,想定震度,大正関東地震,想定震度｜大正関東地震
13104:176,seismic,大正関東地震,5.553,6弱,,,13104,新宿区,Unknown,Unknown,未判定,未細分,point,生田春月旧居跡,想定震度,大正関東地震,想定震度｜大正関東地震
13104:177,seismic,大正関東地震,5.547,6弱,,,13104,新宿区,Unknown,Unknown,未判定,未細分,point,泉鏡花旧居跡,想定震度,大正関東地震,想定震度｜大正関東地震
13104:178,seismic,大正関東地震,5.395,5強,,,13104,新宿区,Unknown,Unknown,未判定,未細分,point,林芙美子終焉の地,想定震度,大正関東地震,想定震度｜大正関東地震
13104:179,seismic,大正関東地震,5.661,6弱,,,13104,新宿区,Unknown,Unknown,未判定,未細分,point,塚本明毅の墓碑,想定震度,大正関東地震,想定震度｜大正関東地震
13104:180,seismic,大正関東地震,5.617,6弱,,,13104,新宿区,Unknown,Unknown,未判定,未細分,point,萩原宗固の墓,想定震度,大正関東地震,想定震度｜大正関東地震
13104:181,seismic,大正関東地震,5.613,6弱,,,13104,新宿区,Unknown,Unknown,未判定,未細分,point,吉川湊一の墓,想定震度,大正関東地震,想定震度｜大正関東地震
13104:182,seismic,大正関東地震,5.557,6弱,,,13104,新宿区,Unknown,Unknown,未判定,未細分,point,東京府仮小学第三校跡,想定震度,大正関東地震,想定震度｜大正関東地震
13104:183,seismic,大正関東地震,5.906,6弱,,,13104,新宿区,Unknown,Unknown,未判定,未細分,point,シイ,想定震度,大正関東地震,想定震度｜大正関東地震
13104:184,seismic,大正関東地震,5.627,6弱,,,13104,新宿区,Unknown,Unknown,未判定,未細分,point,イチョウ,想定震度,大正関東地震,想定震度｜大正関東地震
13104:185,seismic,大正関東地震,5.624,6弱,,,13104,新宿区,Unknown,Unknown,未判定,未細分,point,末広亭,想定震度,大正関東地震,想定震度｜大正関東地震
13104:186,seismic,大正関東地震,5.537,6弱,,,13104,新宿区,Unknown,Unknown,未判定,未細分,point,歌舞伎町建設記念碑,想定震度,大正関東地震,想定震度｜大正関東地震
13104:187,seismic,大正関東地震,5.556,6弱,,,13104,新宿区,Unknown,Unknown,未判定,未細分,point,六桜社跡,想定震度,大正関東地震,想定震度｜大正関東地震
13104:188,seismic,大正関東地震,5.503,6弱,,,13104,新宿区,Unknown,Unknown,未判定,未細分,point,佐々木活字店,想定震度,大正関東地震,想定震度｜大正関東地震
13104:189,seismic,大正関東地震,5.506,6弱,,,13104,新宿区,Unknown,Unknown,未判定,未細分,point,近衛篤麿公記念碑,想定震度,大正関東地震,想定震度｜大正関東地震
13104:190,seismic,大正関東地震,5.671,6弱,,,13104,新宿区,Unknown,Unknown,未判定,未細分,point,花園神社の二宮尊徳像,想定震度,大正関東地震,想定震度｜大正関東地震
13104:191,seismic,大正関東地震,5.624,6弱,,,13104,新宿区,Unknown,Unknown,未判定,未細分,point,長谷川平蔵埋葬の地,想定震度,大正関東地震,想定震度｜大正関東地震
13104:192,seismic,大正関東地震,5.623,6弱,,,13104,新宿区,Unknown,Unknown,未判定,未細分,point,神楽坂の東八拳,想定震度,大正関東地震,想定震度｜大正関東地震
13104:193,seismic,大正関東地震,5.556,6弱,,,13104,新宿区,Unknown,Unknown,未判定,未細分,point,神楽坂をどり,想定震度,大正関東地震,想定震度｜大正関東地震
13104:194,seismic,大正関東地震,5.516,6弱,,,13104,新宿区,Unknown,Unknown,未判定,未細分,point,旧近衛邸のケヤキ,想定震度,大正関東地震,想定震度｜大正関東地震
13104:195,seismic,大正関東地震,5.64,6弱,,,13104,新宿区,Unknown,Unknown,未判定,未細分,point,オブジェ「歓び(PLAISIR)」,想定震度,大正関東地震,想定震度｜大正関東地震
13104:196,seismic,大正関東地震,5.577,6弱,,,13104,新宿区,Unknown,Unknown,未判定,未細分,point,源兵衛子育地蔵尊の石造物群,想定震度,大正関東地震,想定震度｜大正関東地震
13104:197,seismic,大正関東地震,5.577,6弱,,,13104,新宿区,Unknown,Unknown,未判定,未細分,point,彰忠碑,想定震度,大正関東地震,想定震度｜大正関東地震
13104:198,seismic,大正関東地震,5.534,6弱,,,13104,新宿区,Unknown,Unknown,未判定,未細分,point,太平洋戦争本土初空襲の地跡,想定震度,大正関東地震,想定震度｜大正関東地震
13104:199,seismic,大正関東地震,5.599,6弱,,,13104,新宿区,Unknown,Unknown,未判定,未細分,point,名曲喫茶らんぶる,想定震度,大正関東地震,想定震度｜大正関東地震
13104:200,seismic,大正関東地震,5.534,6弱,,,13104,新宿区,Unknown,Unknown,未判定,未細分,point,西落合耕地整理記念碑,想定震度,大正関東地震,想定震度｜大正関東地震
13104:201,seismic,大正関東地震,5.509,6弱,,,13104,新宿区,Unknown,Unknown,未判定,未細分,point,旧淀橋浄水場蝶型弁,想定震度,大正関東地震,想定震度｜大正関東地震
13104:202,seismic,大正関東地震,5.556,6弱,,,13104,新宿区,Unknown,Unknown,未判定,未細分,point,旧淀橋浄水場六角堂,想定震度,大正関東地震,想定震度｜大正関東地震
13104:203,seismic,大正関東地震,5.697,6弱,,,13104,新宿区,Unknown,Unknown,未判定,未細分,point,巴講睦の獅子図屏風,想定震度,大正関東地震,想定震度｜大正関東地震
13104:204,seismic,大正関東地震,5.631,6弱,,,13104,新宿区,Unknown,Unknown,未判定,未細分,point,服部良一旧居跡,想定震度,大正関東地震,想定震度｜大正関東地震
13104:205,seismic,大正関東地震,5.572,6弱,,,13104,新宿区,Unknown,Unknown,未判定,未細分,point,天祖神社の神門,想定震度,大正関東地震,想定震度｜大正関東地震
13104:206,seismic,大正関東地震,5.592,6弱,,,13104,新宿区,Unknown,Unknown,未判定,未細分,point,戸山射撃場跡,想定震度,大正関東地震,想定震度｜大正関東地震
13104:207,seismic,大正関東地震,5.603,6弱,,,13104,新宿区,Unknown,Unknown,未判定,未細分,point,喜久井町 戦災者供養観音像,想定震度,大正関東地震,想定震度｜大正関東地震
13104:208,seismic,大正関東地震,5.661,6弱,,,13104,新宿区,Unknown,Unknown,未判定,未細分,point,白糸塚,想定震度,大正関東地震,想定震度｜大正関東地震
13104:209,seismic,大正関東地震,5.56,6弱,,,13104,新宿区,Unknown,Unknown,未判定,未細分,point,獅子吼会の山門,想定震度,大正関東地震,想定震度｜大正関東地震
13104:210,seismic,大正関東地震,5.554,6弱,,,13104,新宿区,Unknown,Unknown,未判定,未細分,point,田島森碑,想定震度,大正関東地震,想定震度｜大正関東地震
13104:211,seismic,大正関東地震,5.671,6弱,,,13104,新宿区,Unknown,Unknown,未判定,未細分,point,忠魂碑,想定震度,大正関東地震,想定震度｜大正関東地震
13104:212,seismic,大正関東地震,5.562,6弱,,,13104,新宿区,Unknown,Unknown,未判定,未細分,point,祭馬碑,想定震度,大正関東地震,想定震度｜大正関東地震
13104:213,seismic,大正関東地震,5.443,5強,,,13104,新宿区,Unknown,Unknown,未判定,未細分,point,渡辺玉花旧居,想定震度,大正関東地震,想定震度｜大正関東地震
13104:214,seismic,大正関東地震,5.638,6弱,,,13104,新宿区,Unknown,Unknown,未判定,未細分,point,花園アパート跡,想定震度,大正関東地震,想定震度｜大正関東地震
13104:215,seismic,大正関東地震,5.622,6弱,,,13104,新宿区,Unknown,Unknown,未判定,未細分,point,美濃国高須藩主 松平家上屋敷跡,想定震度,大正関東地震,想定震度｜大正関東地震
13104:216,seismic,大正関東地震,5.677,6弱,,,13104,新宿区,Unknown,Unknown,未判定,未細分,point,水準点II号,想定震度,大正関東地震,想定震度｜大正関東地震
13104:217,seismic,大正関東地震,5.643,6弱,,,13104,新宿区,Unknown,Unknown,未判定,未細分,point,東京若葉キリスト教会,想定震度,大正関東地震,想定震度｜大正関東地震
13104:218,seismic,大正関東地震,5.558,6弱,,,13104,新宿区,Unknown,Unknown,未判定,未細分,point,稲荷鬼王神社の節分祭,想定震度,大正関東地震,想定震度｜大正関東地震
13104:219,seismic,大正関東地震,5.541,6弱,,,13104,新宿区,Unknown,Unknown,未判定,未細分,point,中井御霊神社の節分祭,想定震度,大正関東地震,想定震度｜大正関東地震
13104:220,seismic,大正関東地震,5.671,6弱,,,13104,新宿区,Unknown,Unknown,未判定,未細分,point,花園神社の節分祭,想定震度,大正関東地震,想定震度｜大正関東地震
13104:221,seismic,大正関東地震,5.377,5強,,,13104,新宿区,Unknown,Unknown,未判定,未細分,point,氷川神社の節分祭,想定震度,大正関東地震,想定震度｜大正関東地震
13104:222,seismic,大正関東地震,5.544,6弱,,,13104,新宿区,Unknown,Unknown,未判定,未細分,point,鎧神社の節分祭,想定震度,大正関東地震,想定震度｜大正関東地震
13104:223,seismic,大正関東地震,5.608,6弱,,,13104,新宿区,Unknown,Unknown,未判定,未細分,point,自性院の節分会,想定震度,大正関東地震,想定震度｜大正関東地震
13104:224,seismic,大正関東地震,5.68,6弱,,,13104,新宿区,Unknown,Unknown,未判定,未細分,point,有隣園跡,想定震度,大正関東地震,想定震度｜大正関東地震
13104:225,seismic,大正関東地震,5.658,6弱,,,13104,新宿区,Unknown,Unknown,未判定,未細分,point,太宗寺の閻魔大王開帳,想定震度,大正関東地震,想定震度｜大正関東地震
13104:226,seismic,大正関東地震,5.658,6弱,,,13104,新宿区,Unknown,Unknown,未判定,未細分,point,太宗寺の大震災紀念碑,想定震度,大正関東地震,想定震度｜大正関東地震
13104:227,seismic,大正関東地震,5.5,6弱,,,13104,新宿区,Unknown,Unknown,未判定,未細分,point,放生寺の水掛け地蔵と大震火災死亡群霊塔,想定震度,大正関東地震,想定震度｜大正関東地震
13104:228,seismic,大正関東地震,5.844,6弱,,,13104,新宿区,Unknown,Unknown,未判定,未細分,point,文学座アトリエ,想定震度,大正関東地震,想定震度｜大正関東地震
13104:230,seismic,大正関東地震,5.473,5強,,,13104,新宿区,Unknown,Unknown,未判定,未細分,point,弘文学院跡,想定震度,大正関東地震,想定震度｜大正関東地震
13104:231,seismic,大正関東地震,5.62,6弱,,,13104,新宿区,Unknown,Unknown,未判定,未細分,point,ムーラン・ルージュ新宿座跡,想定震度,大正関東地震,想定震度｜大正関東地震
official_export_001:19,seismic,大正関東地震,5.539,6弱,,,13104,新宿区,National,Designated,有形文化財,建造物,building_direct,学習院旧正門,想定震度,大正関東地震,想定震度｜大正関東地震
official_export_001:43,seismic,大正関東地震,5.524,6弱,,,13104,新宿区,National,Designated,有形文化財,建造物,building_direct,旧馬場家牛込邸,想定震度,大正関東地震,想定震度｜大正関東地震
official_export_001:79,seismic,大正関東地震,5.655,6弱,,,13104,新宿区,National,Designated,有形文化財,建造物,building_direct,新宿御苑旧洋館御休所,想定震度,大正関東地震,想定震度｜大正関東地震
official_export_001:84,seismic,大正関東地震,5.688,6弱,,,13104,新宿区,National,Designated,有形文化財,建造物,building_direct,聖徳記念絵画館,想定震度,大正関東地震,想定震度｜大正関東地震
official_export_001:197,seismic,大正関東地震,5.565,6弱,,,13104,新宿区,National,Designated,有形文化財,建造物,building_direct,早稲田大学大隈記念講堂,想定震度,大正関東地震,想定震度｜大正関東地震
official_export_002:11,seismic,大正関東地震,5.553,6弱,,,13104,新宿区,National,Registered,有形文化財,建造物,building_direct,新井家住宅主屋,想定震度,大正関東地震,想定震度｜大正関東地震
official_export_002:33,seismic,大正関東地震,5.556,6弱,,,13104,新宿区,National,Registered,有形文化財,建造物,building_direct,一水寮,想定震度,大正関東地震,想定震度｜大正関東地震
official_export_002:158,seismic,大正関東地震,5.41,5強,,,13104,新宿区,National,Registered,有形文化財,建造物,building_direct,旧島津家住宅アトリエ,想定震度,大正関東地震,想定震度｜大正関東地震
official_export_002:167,seismic,大正関東地震,5.523,6弱,,,13104,新宿区,National,Registered,有形文化財,建造物,building_direct,旧常盤家本館(石合家住宅主屋),想定震度,大正関東地震,想定震度｜大正関東地震
official_export_002:201,seismic,大正関東地震,5.555,6弱,,,13104,新宿区,National,Registered,有形文化財,建造物,building_direct,栗原家住宅稲荷社及び石鳥居,想定震度,大正関東地震,想定震度｜大正関東地震
official_export_002:202,seismic,大正関東地震,5.555,6弱,,,13104,新宿区,National,Registered,有形文化財,建造物,building_direct,栗原家住宅蔵,想定震度,大正関東地震,想定震度｜大正関東地震
official_export_002:203,seismic,大正関東地震,5.555,6弱,,,13104,新宿区,National,Registered,有形文化財,建造物,building_direct,栗原家住宅主屋,想定震度,大正関東地震,想定震度｜大正関東地震
official_export_002:204,seismic,大正関東地震,5.555,6弱,,,13104,新宿区,National,Registered,有形文化財,建造物,building_direct,栗原家住宅門柱及び塀,想定震度,大正関東地震,想定震度｜大正関東地震
official_export_002:269,seismic,大正関東地震,5.624,6弱,,,13104,新宿区,National,Registered,有形文化財,建造物,building_direct,新潮社倉庫,想定震度,大正関東地震,想定震度｜大正関東地震
official_export_002:270,seismic,大正関東地震,5.624,6弱,,,13104,新宿区,National,Registered,有形文化財,建造物,building_direct,新潮社本館,想定震度,大正関東地震,想定震度｜大正関東地震
official_export_002:273,seismic,大正関東地震,5.597,6弱,,,13104,新宿区,National,Registered,有形文化財,建造物,building_direct,鈴木家住宅主屋,想定震度,大正関東地震,想定震度｜大正関東地震
official_export_002:295,seismic,大正関東地震,5.627,6弱,,,13104,新宿区,National,Registered,有形文化財,建造物,building_direct,高橋建築事務所社屋,想定震度,大正関東地震,想定震度｜大正関東地震
official_export_002:388,seismic,大正関東地震,5.526,6弱,,,13104,新宿区,National,Registered,有形文化財,建造物,building_direct,日本バプテストキリスト教目白ヶ丘教会礼拝堂,想定震度,大正関東地震,想定震度｜大正関東地震
official_export_002:433,seismic,大正関東地震,5.518,6弱,,,13104,新宿区,National,Registered,有形文化財,建造物,building_direct,宮城道雄記念館検校の間,想定震度,大正関東地震,想定震度｜大正関東地震
official_export_002:456,seismic,大正関東地震,5.638,6弱,,,13104,新宿区,National,Registered,有形文化財,建造物,building_direct,安与ビル,想定震度,大正関東地震,想定震度｜大正関東地震
official_export_002:465,seismic,大正関東地震,5.603,6弱,,,13104,新宿区,National,Registered,有形文化財,建造物,building_direct,矢来能楽堂,想定震度,大正関東地震,想定震度｜大正関東地震
official_export_003:47,seismic,大正関東地震,5.488,5強,,,13104,新宿区,National,Designated,記念物,天然記念物,point,哲学堂公園,想定震度,大正関東地震,想定震度｜大正関東地震
official_export_003:69,seismic,大正関東地震,5.609,6弱,,,13104,新宿区,National,Designated,記念物,天然記念物,point,山鹿素行墓,想定震度,大正関東地震,想定震度｜大正関東地震
official_export_003:75,seismic,大正関東地震,5.554,6弱,,,13104,新宿区,National,Designated,記念物,天然記念物,point,林氏墓地,想定震度,大正関東地震,想定震度｜大正関東地震
13104:0,seismic,南海トラフ巨大地震,4.794,5弱,,,13104,新宿区,Unknown,Unknown,未判定,未細分,point,市谷亀岡八幡宮の銅鳥居,想定震度,南海トラフ巨大地震,想定震度｜南海トラフ巨大地震
13104:1,seismic,南海トラフ巨大地震,4.852,5弱,,,13104,新宿区,Unknown,Unknown,未判定,未細分,point,早稲田大学 坪内博士記念演劇博物館,想定震度,南海トラフ巨大地震,想定震度｜南海トラフ巨大地震
13104:2,seismic,南海トラフ巨大地震,4.851,5弱,,,13104,新宿区,Unknown,Unknown,未判定,未細分,point,浄栄寺の山門「甘露門」,想定震度,南海トラフ巨大地震,想定震度｜南海トラフ巨大地震
13104:3,seismic,南海トラフ巨大地震,4.9,5弱,,,13104,新宿区,Unknown,Unknown,未判定,未細分,point,幸国寺の山門,想定震度,南海トラフ巨大地震,想定震度｜南海トラフ巨大地震
13104:4,seismic,南海トラフ巨大地震,4.728,5弱,,,13104,新宿区,Unknown,Unknown,未判定,未細分,point,中井御霊神社の本殿・幣殿・拝殿,想定震度,南海トラフ巨大地震,想定震度｜南海トラフ巨大地震
13104:5,seismic,南海トラフ巨大地震,4.756,5弱,,,13104,新宿区,Unknown,Unknown,未判定,未細分,point,亮朝院本堂,想定震度,南海トラフ巨大地震,想定震度｜南海トラフ巨大地震
13104:6,seismic,南海トラフ巨大地震,4.756,5弱,,,13104,新宿区,Unknown,Unknown,未判定,未細分,point,亮朝院七面堂,想定震度,南海トラフ巨大地震,想定震度｜南海トラフ巨大地震
13104:7,seismic,南海トラフ巨大地震,4.989,5弱,,,13104,新宿区,Unknown,Unknown,未判定,未細分,point,永心寺本堂,想定震度,南海トラフ巨大地震,想定震度｜南海トラフ巨大地震
13104:8,seismic,南海トラフ巨大地震,4.795,5弱,,,13104,新宿区,Unknown,Unknown,未判定,未細分,point,永心寺山門,想定震度,南海トラフ巨大地震,想定震度｜南海トラフ巨大地震
13104:9,seismic,南海トラフ巨大地震,4.819,5弱,,,13104,新宿区,Unknown,Unknown,未判定,未細分,point,筑土八幡神社の石造鳥居,想定震度,南海トラフ巨大地震,想定震度｜南海トラフ巨大地震
13104:10,seismic,南海トラフ巨大地震,4.826,5弱,,,13104,新宿区,Unknown,Unknown,未判定,未細分,point,西迎寺の阿弥陀如来座像,想定震度,南海トラフ巨大地震,想定震度｜南海トラフ巨大地震
13104:11,seismic,南海トラフ巨大地震,4.866,5弱,,,13104,新宿区,Unknown,Unknown,未判定,未細分,point,中井出世不動尊像,想定震度,南海トラフ巨大地震,想定震度｜南海トラフ巨大地震
13104:12,seismic,南海トラフ巨大地震,4.915,5弱,,,13104,新宿区,Unknown,Unknown,未判定,未細分,point,花園神社の唐獅子像,想定震度,南海トラフ巨大地震,想定震度｜南海トラフ巨大地震
13104:13,seismic,南海トラフ巨大地震,4.879,5弱,,,13104,新宿区,Unknown,Unknown,未判定,未細分,point,太宗寺の三日月不動像,想定震度,南海トラフ巨大地震,想定震度｜南海トラフ巨大地震
13104:14,seismic,南海トラフ巨大地震,4.799,5弱,,,13104,新宿区,Unknown,Unknown,未判定,未細分,point,熊野神社の水鉢,想定震度,南海トラフ巨大地震,想定震度｜南海トラフ巨大地震
13104:15,seismic,南海トラフ巨大地震,4.756,5弱,,,13104,新宿区,Unknown,Unknown,未判定,未細分,point,亮朝院の金剛力士石像,想定震度,南海トラフ巨大地震,想定震度｜南海トラフ巨大地震
13104:16,seismic,南海トラフ巨大地震,4.793,5弱,,,13104,新宿区,Unknown,Unknown,未判定,未細分,point,誓閑寺の梵鐘,想定震度,南海トラフ巨大地震,想定震度｜南海トラフ巨大地震
13104:17,seismic,南海トラフ巨大地震,4.854,5弱,,,13104,新宿区,Unknown,Unknown,未判定,未細分,point,善国寺の毘沙門天像,想定震度,南海トラフ巨大地震,想定震度｜南海トラフ巨大地震
13104:18,seismic,南海トラフ巨大地震,4.833,5弱,,,13104,新宿区,Unknown,Unknown,未判定,未細分,point,経王寺の大黒天像,想定震度,南海トラフ巨大地震,想定震度｜南海トラフ巨大地震
13104:19,seismic,南海トラフ巨大地震,4.898,5弱,,,13104,新宿区,Unknown,Unknown,未判定,未細分,point,法善寺の七面明神像,想定震度,南海トラフ巨大地震,想定震度｜南海トラフ巨大地震
13104:20,seismic,南海トラフ巨大地震,4.831,5弱,,,13104,新宿区,Unknown,Unknown,未判定,未細分,point,布袋像の水鉢,想定震度,南海トラフ巨大地震,想定震度｜南海トラフ巨大地震
13104:21,seismic,南海トラフ巨大地震,4.838,5弱,,,13104,新宿区,Unknown,Unknown,未判定,未細分,point,須賀神社の三十六歌仙絵,想定震度,南海トラフ巨大地震,想定震度｜南海トラフ巨大地震
13104:22,seismic,南海トラフ巨大地震,4.924,5弱,,,13104,新宿区,Unknown,Unknown,未判定,未細分,point,馬水槽,想定震度,南海トラフ巨大地震,想定震度｜南海トラフ巨大地震
13104:23,seismic,南海トラフ巨大地震,4.813,5弱,,,13104,新宿区,Unknown,Unknown,未判定,未細分,point,天龍寺の時の鐘,想定震度,南海トラフ巨大地震,想定震度｜南海トラフ巨大地震
13104:24,seismic,南海トラフ巨大地震,4.813,5弱,,,13104,新宿区,Unknown,Unknown,未判定,未細分,point,天龍寺のやぐら時計,想定震度,南海トラフ巨大地震,想定震度｜南海トラフ巨大地震
13104:25,seismic,南海トラフ巨大地震,4.852,5弱,,,13104,新宿区,Unknown,Unknown,未判定,未細分,point,大隈重信銅像,想定震度,南海トラフ巨大地震,想定震度｜南海トラフ巨大地震
13104:26,seismic,南海トラフ巨大地震,4.907,5弱,,,13104,新宿区,Unknown,Unknown,未判定,未細分,point,長善寺(笹寺)のめのう観音像,想定震度,南海トラフ巨大地震,想定震度｜南海トラフ巨大地震
13104:27,seismic,南海トラフ巨大地震,4.832,5弱,,,13104,新宿区,Unknown,Unknown,未判定,未細分,point,鬼王神社の水鉢,想定震度,南海トラフ巨大地震,想定震度｜南海トラフ巨大地震
13104:28,seismic,南海トラフ巨大地震,4.923,5弱,,,13104,新宿区,Unknown,Unknown,未判定,未細分,point,聖徳太子画像,想定震度,南海トラフ巨大地震,想定震度｜南海トラフ巨大地震
13104:29,seismic,南海トラフ巨大地震,4.879,5弱,,,13104,新宿区,Unknown,Unknown,未判定,未細分,point,太宗寺の観無量寿経曼荼羅,想定震度,南海トラフ巨大地震,想定震度｜南海トラフ巨大地震
13104:30,seismic,南海トラフ巨大地震,4.799,5弱,,,13104,新宿区,Unknown,Unknown,未判定,未細分,point,七人役者図絵馬,想定震度,南海トラフ巨大地震,想定震度｜南海トラフ巨大地震
13104:31,seismic,南海トラフ巨大地震,4.898,5弱,,,13104,新宿区,Unknown,Unknown,未判定,未細分,point,阿弥陀三尊来迎図(専福寺),想定震度,南海トラフ巨大地震,想定震度｜南海トラフ巨大地震
13104:32,seismic,南海トラフ巨大地震,4.843,5弱,,,13104,新宿区,Unknown,Unknown,未判定,未細分,point,木造阿弥陀如来立像,想定震度,南海トラフ巨大地震,想定震度｜南海トラフ巨大地震
13104:33,seismic,南海トラフ巨大地震,4.809,5弱,,,13104,新宿区,Unknown,Unknown,未判定,未細分,point,木造地蔵菩薩坐像,想定震度,南海トラフ巨大地震,想定震度｜南海トラフ巨大地震
13104:34,seismic,南海トラフ巨大地震,4.809,5弱,,,13104,新宿区,Unknown,Unknown,未判定,未細分,point,阿弥陀三尊来迎図(光照寺),想定震度,南海トラフ巨大地震,想定震度｜南海トラフ巨大地震
13104:35,seismic,南海トラフ巨大地震,4.809,5弱,,,13104,新宿区,Unknown,Unknown,未判定,未細分,point,法然上人画像,想定震度,南海トラフ巨大地震,想定震度｜南海トラフ巨大地震
13104:36,seismic,南海トラフ巨大地震,4.923,5弱,,,13104,新宿区,Unknown,Unknown,未判定,未細分,point,西光庵の観無量寿経曼荼羅,想定震度,南海トラフ巨大地震,想定震度｜南海トラフ巨大地震
13104:37,seismic,南海トラフ巨大地震,4.772,5弱,,,13104,新宿区,Unknown,Unknown,未判定,未細分,point,天瑞元堤像 谷文晁筆,想定震度,南海トラフ巨大地震,想定震度｜南海トラフ巨大地震
13104:38,seismic,南海トラフ巨大地震,4.772,5弱,,,13104,新宿区,Unknown,Unknown,未判定,未細分,point,謙堂文益像 谷文晁筆,想定震度,南海トラフ巨大地震,想定震度｜南海トラフ巨大地震
13104:39,seismic,南海トラフ巨大地震,4.772,5弱,,,13104,新宿区,Unknown,Unknown,未判定,未細分,point,八大龍王図 谷文晁筆,想定震度,南海トラフ巨大地震,想定震度｜南海トラフ巨大地震
13104:40,seismic,南海トラフ巨大地震,4.772,5弱,,,13104,新宿区,Unknown,Unknown,未判定,未細分,point,十大弟子図 谷文晁筆,想定震度,南海トラフ巨大地震,想定震度｜南海トラフ巨大地震
13104:41,seismic,南海トラフ巨大地震,4.899,5弱,,,13104,新宿区,Unknown,Unknown,未判定,未細分,point,永福寺の銅造大日如来坐像,想定震度,南海トラフ巨大地震,想定震度｜南海トラフ巨大地震
13104:42,seismic,南海トラフ巨大地震,4.899,5弱,,,13104,新宿区,Unknown,Unknown,未判定,未細分,point,永福寺の銅造地蔵菩薩半跏像,想定震度,南海トラフ巨大地震,想定震度｜南海トラフ巨大地震
13104:43,seismic,南海トラフ巨大地震,4.768,5弱,,,13104,新宿区,Unknown,Unknown,未判定,未細分,point,済松寺の加藤文麗筆絵画作品,想定震度,南海トラフ巨大地震,想定震度｜南海トラフ巨大地震
13104:44,seismic,南海トラフ巨大地震,4.803,5弱,,,13104,新宿区,Unknown,Unknown,未判定,未細分,point,谷文晁の絵,想定震度,南海トラフ巨大地震,想定震度｜南海トラフ巨大地震
13104:45,seismic,南海トラフ巨大地震,4.803,5弱,,,13104,新宿区,Unknown,Unknown,未判定,未細分,point,月見岡八幡神社の鰐口,想定震度,南海トラフ巨大地震,想定震度｜南海トラフ巨大地震
13104:46,seismic,南海トラフ巨大地震,4.794,5弱,,,13104,新宿区,Unknown,Unknown,未判定,未細分,point,市谷亀岡八幡宮の軍配団扇,想定震度,南海トラフ巨大地震,想定震度｜南海トラフ巨大地震
13104:47,seismic,南海トラフ巨大地震,4.958,5弱,,,13104,新宿区,Unknown,Unknown,未判定,未細分,point,林光寺の高僧先達連座画像,想定震度,南海トラフ巨大地震,想定震度｜南海トラフ巨大地震
13104:48,seismic,南海トラフ巨大地震,4.809,5弱,,,13104,新宿区,Unknown,Unknown,未判定,未細分,point,木造十一面観音坐像,想定震度,南海トラフ巨大地震,想定震度｜南海トラフ巨大地震
13104:49,seismic,南海トラフ巨大地震,4.756,5弱,,,13104,新宿区,Unknown,Unknown,未判定,未細分,point,亮朝院の梵鐘,想定震度,南海トラフ巨大地震,想定震度｜南海トラフ巨大地震
13104:50,seismic,南海トラフ巨大地震,4.724,5弱,,,13104,新宿区,Unknown,Unknown,未判定,未細分,point,宝泉寺の梵鐘,想定震度,南海トラフ巨大地震,想定震度｜南海トラフ巨大地震
13104:51,seismic,南海トラフ巨大地震,4.793,5弱,,,13104,新宿区,Unknown,Unknown,未判定,未細分,point,銅造地蔵菩薩半跏像,想定震度,南海トラフ巨大地震,想定震度｜南海トラフ巨大地震
13104:52,seismic,南海トラフ巨大地震,4.895,5弱,,,13104,新宿区,Unknown,Unknown,未判定,未細分,point,正受院の梵鐘,想定震度,南海トラフ巨大地震,想定震度｜南海トラフ巨大地震
13104:53,seismic,南海トラフ巨大地震,4.826,5弱,,,13104,新宿区,Unknown,Unknown,未判定,未細分,point,西迎寺の梵鐘,想定震度,南海トラフ巨大地震,想定震度｜南海トラフ巨大地震
13104:54,seismic,南海トラフ巨大地震,4.816,5弱,,,13104,新宿区,Unknown,Unknown,未判定,未細分,point,浄栄寺の梵鐘,想定震度,南海トラフ巨大地震,想定震度｜南海トラフ巨大地震
13104:55,seismic,南海トラフ巨大地震,4.814,5弱,,,13104,新宿区,Unknown,Unknown,未判定,未細分,point,善慶寺の梵鐘,想定震度,南海トラフ巨大地震,想定震度｜南海トラフ巨大地震
13104:56,seismic,南海トラフ巨大地震,4.914,5弱,,,13104,新宿区,Unknown,Unknown,未判定,未細分,point,法雲寺の梵鐘,想定震度,南海トラフ巨大地震,想定震度｜南海トラフ巨大地震
13104:57,seismic,南海トラフ巨大地震,4.815,5弱,,,13104,新宿区,Unknown,Unknown,未判定,未細分,point,圓照寺の梵鐘,想定震度,南海トラフ巨大地震,想定震度｜南海トラフ巨大地震
13104:58,seismic,南海トラフ巨大地震,4.745,5弱,,,13104,新宿区,Unknown,Unknown,未判定,未細分,point,薬王院の梵鐘,想定震度,南海トラフ巨大地震,想定震度｜南海トラフ巨大地震
13104:59,seismic,南海トラフ巨大地震,4.984,5弱,,,13104,新宿区,Unknown,Unknown,未判定,未細分,point,西應寺の梵鐘,想定震度,南海トラフ巨大地震,想定震度｜南海トラフ巨大地震
13104:60,seismic,南海トラフ巨大地震,4.807,5弱,,,13104,新宿区,Unknown,Unknown,未判定,未細分,point,光照寺の涅槃図,想定震度,南海トラフ巨大地震,想定震度｜南海トラフ巨大地震
13104:61,seismic,南海トラフ巨大地震,5.024,5強,,,13104,新宿区,Unknown,Unknown,未判定,未細分,point,長安寺の六地蔵塔,想定震度,南海トラフ巨大地震,想定震度｜南海トラフ巨大地震
13104:62,seismic,南海トラフ巨大地震,4.879,5弱,,,13104,新宿区,Unknown,Unknown,未判定,未細分,point,太宗寺墓地出土品,想定震度,南海トラフ巨大地震,想定震度｜南海トラフ巨大地震
13104:63,seismic,南海トラフ巨大地震,4.923,5弱,,,13104,新宿区,Unknown,Unknown,未判定,未細分,point,小銅鐸,想定震度,南海トラフ巨大地震,想定震度｜南海トラフ巨大地震
13104:64,seismic,南海トラフ巨大地震,4.923,5弱,,,13104,新宿区,Unknown,Unknown,未判定,未細分,point,隆起線文系土器,想定震度,南海トラフ巨大地震,想定震度｜南海トラフ巨大地震
13104:65,seismic,南海トラフ巨大地震,4.923,5弱,,,13104,新宿区,Unknown,Unknown,未判定,未細分,point,下落合横穴墓出土品,想定震度,南海トラフ巨大地震,想定震度｜南海トラフ巨大地震
13104:66,seismic,南海トラフ巨大地震,5.052,5強,,,13104,新宿区,Unknown,Unknown,未判定,未細分,point,一行院墓地出土品,想定震度,南海トラフ巨大地震,想定震度｜南海トラフ巨大地震
13104:67,seismic,南海トラフ巨大地震,4.923,5弱,,,13104,新宿区,Unknown,Unknown,未判定,未細分,point,中村家文書,想定震度,南海トラフ巨大地震,想定震度｜南海トラフ巨大地震
13104:68,seismic,南海トラフ巨大地震,4.958,5弱,,,13104,新宿区,Unknown,Unknown,未判定,未細分,point,林光寺の歴代宗主銘,想定震度,南海トラフ巨大地震,想定震度｜南海トラフ巨大地震
13104:69,seismic,南海トラフ巨大地震,4.756,5弱,,,13104,新宿区,Unknown,Unknown,未判定,未細分,point,亮朝院文書,想定震度,南海トラフ巨大地震,想定震度｜南海トラフ巨大地震
13104:70,seismic,南海トラフ巨大地震,4.728,5弱,,,13104,新宿区,Unknown,Unknown,未判定,未細分,point,中井御霊神社文書,想定震度,南海トラフ巨大地震,想定震度｜南海トラフ巨大地震
13104:71,seismic,南海トラフ巨大地震,4.846,5弱,,,13104,新宿区,Unknown,Unknown,未判定,未細分,point,長厳寺文書,想定震度,南海トラフ巨大地震,想定震度｜南海トラフ巨大地震
13104:72,seismic,南海トラフ巨大地震,4.772,5弱,,,13104,新宿区,Unknown,Unknown,未判定,未細分,point,済松寺文書,想定震度,南海トラフ巨大地震,想定震度｜南海トラフ巨大地震
13104:73,seismic,南海トラフ巨大地震,4.958,5弱,,,13104,新宿区,Unknown,Unknown,未判定,未細分,point,林光寺文書,想定震度,南海トラフ巨大地震,想定震度｜南海トラフ巨大地震
13104:74,seismic,南海トラフ巨大地震,4.892,5弱,,,13104,新宿区,Unknown,Unknown,未判定,未細分,point,大聖院文書,想定震度,南海トラフ巨大地震,想定震度｜南海トラフ巨大地震
13104:75,seismic,南海トラフ巨大地震,4.926,5弱,,,13104,新宿区,Unknown,Unknown,未判定,未細分,point,法身寺文書,想定震度,南海トラフ巨大地震,想定震度｜南海トラフ巨大地震
13104:76,seismic,南海トラフ巨大地震,4.895,5弱,,,13104,新宿区,Unknown,Unknown,未判定,未細分,point,旭地蔵,想定震度,南海トラフ巨大地震,想定震度｜南海トラフ巨大地震
13104:77,seismic,南海トラフ巨大地震,4.895,5弱,,,13104,新宿区,Unknown,Unknown,未判定,未細分,point,子供合埋碑,想定震度,南海トラフ巨大地震,想定震度｜南海トラフ巨大地震
13104:78,seismic,南海トラフ巨大地震,4.799,5弱,,,13104,新宿区,Unknown,Unknown,未判定,未細分,point,式三番奉納額,想定震度,南海トラフ巨大地震,想定震度｜南海トラフ巨大地震
13104:79,seismic,南海トラフ巨大地震,4.926,5弱,,,13104,新宿区,Unknown,Unknown,未判定,未細分,point,旧鈴法寺江戸番所資料,想定震度,南海トラフ巨大地震,想定震度｜南海トラフ巨大地震
13104:80,seismic,南海トラフ巨大地震,4.923,5弱,,,13104,新宿区,Unknown,Unknown,未判定,未細分,point,空印の石手水鉢,想定震度,南海トラフ巨大地震,想定震度｜南海トラフ巨大地震
13104:81,seismic,南海トラフ巨大地震,4.888,5弱,,,13104,新宿区,Unknown,Unknown,未判定,未細分,point,堀部武庸加功遺跡之碑,想定震度,南海トラフ巨大地震,想定震度｜南海トラフ巨大地震
13104:82,seismic,南海トラフ巨大地震,4.9,5弱,,,13104,新宿区,Unknown,Unknown,未判定,未細分,point,幸国寺の日蓮聖人六百遠忌供養塔,想定震度,南海トラフ巨大地震,想定震度｜南海トラフ巨大地震
13104:83,seismic,南海トラフ巨大地震,4.879,5弱,,,13104,新宿区,Unknown,Unknown,未判定,未細分,point,太宗寺の切支丹灯籠,想定震度,南海トラフ巨大地震,想定震度｜南海トラフ巨大地震
13104:84,seismic,南海トラフ巨大地震,4.809,5弱,,,13104,新宿区,Unknown,Unknown,未判定,未細分,point,諸国旅人供養碑,想定震度,南海トラフ巨大地震,想定震度｜南海トラフ巨大地震
13104:85,seismic,南海トラフ巨大地震,4.958,5弱,,,13104,新宿区,Unknown,Unknown,未判定,未細分,point,服部半蔵の槍,想定震度,南海トラフ巨大地震,想定震度｜南海トラフ巨大地震
13104:86,seismic,南海トラフ巨大地震,4.845,5弱,,,13104,新宿区,Unknown,Unknown,未判定,未細分,point,駿馬塚の碑,想定震度,南海トラフ巨大地震,想定震度｜南海トラフ巨大地震
13104:87,seismic,南海トラフ巨大地震,4.923,5弱,,,13104,新宿区,Unknown,Unknown,未判定,未細分,point,月桂寺の切支丹灯籠,想定震度,南海トラフ巨大地震,想定震度｜南海トラフ巨大地震
13104:88,seismic,南海トラフ巨大地震,4.756,5弱,,,13104,新宿区,Unknown,Unknown,未判定,未細分,point,木造七面明神半跏像及び宮殿,想定震度,南海トラフ巨大地震,想定震度｜南海トラフ巨大地震
13104:89,seismic,南海トラフ巨大地震,4.756,5弱,,,13104,新宿区,Unknown,Unknown,未判定,未細分,point,木造妙見菩薩立像及び宮殿,想定震度,南海トラフ巨大地震,想定震度｜南海トラフ巨大地震
13104:90,seismic,南海トラフ巨大地震,4.756,5弱,,,13104,新宿区,Unknown,Unknown,未判定,未細分,point,木造諏訪大明神坐像及び宮殿,想定震度,南海トラフ巨大地震,想定震度｜南海トラフ巨大地震
13104:91,seismic,南海トラフ巨大地震,4.797,5弱,,,13104,新宿区,Unknown,Unknown,未判定,未細分,point,市谷亀岡八幡宮の几号水準点(水鉢台座),想定震度,南海トラフ巨大地震,想定震度｜南海トラフ巨大地震
13104:93,seismic,南海トラフ巨大地震,4.806,5弱,,,13104,新宿区,Unknown,Unknown,未判定,未細分,point,自証院の阿弥陀三尊種子板碑,想定震度,南海トラフ巨大地震,想定震度｜南海トラフ巨大地震
13104:94,seismic,南海トラフ巨大地震,4.897,5弱,,,13104,新宿区,Unknown,Unknown,未判定,未細分,point,来迎寺の庚申塔,想定震度,南海トラフ巨大地震,想定震度｜南海トラフ巨大地震
13104:95,seismic,南海トラフ巨大地震,4.895,5弱,,,13104,新宿区,Unknown,Unknown,未判定,未細分,point,正受院の奪衣婆像,想定震度,南海トラフ巨大地震,想定震度｜南海トラフ巨大地震
13104:96,seismic,南海トラフ巨大地震,4.829,5弱,,,13104,新宿区,Unknown,Unknown,未判定,未細分,point,中井御霊神社の備射祭絵馬,想定震度,南海トラフ巨大地震,想定震度｜南海トラフ巨大地震
13104:97,seismic,南海トラフ巨大地震,4.829,5弱,,,13104,新宿区,Unknown,Unknown,未判定,未細分,point,中井御霊神社の分木,想定震度,南海トラフ巨大地震,想定震度｜南海トラフ巨大地震
13104:98,seismic,南海トラフ巨大地震,4.903,5弱,,,13104,新宿区,Unknown,Unknown,未判定,未細分,point,自性院の私年号板碑,想定震度,南海トラフ巨大地震,想定震度｜南海トラフ巨大地震
13104:99,seismic,南海トラフ巨大地震,4.803,5弱,,,13104,新宿区,Unknown,Unknown,未判定,未細分,point,月見岡八幡神社の庚申塔,想定震度,南海トラフ巨大地震,想定震度｜南海トラフ巨大地震
13104:100,seismic,南海トラフ巨大地震,4.795,5弱,,,13104,新宿区,Unknown,Unknown,未判定,未細分,point,狛犬型庚申塔,想定震度,南海トラフ巨大地震,想定震度｜南海トラフ巨大地震
13104:101,seismic,南海トラフ巨大地震,4.879,5弱,,,13104,新宿区,Unknown,Unknown,未判定,未細分,point,太宗寺の閻魔像,想定震度,南海トラフ巨大地震,想定震度｜南海トラフ巨大地震
13104:102,seismic,南海トラフ巨大地震,4.879,5弱,,,13104,新宿区,Unknown,Unknown,未判定,未細分,point,太宗寺の奪衣婆像,想定震度,南海トラフ巨大地震,想定震度｜南海トラフ巨大地震
13104:103,seismic,南海トラフ巨大地震,4.823,5弱,,,13104,新宿区,Unknown,Unknown,未判定,未細分,point,葛谷御霊神社の力石,想定震度,南海トラフ巨大地震,想定震度｜南海トラフ巨大地震
13104:104,seismic,南海トラフ巨大地震,4.985,5弱,,,13104,新宿区,Unknown,Unknown,未判定,未細分,point,成子天神社の力石,想定震度,南海トラフ巨大地震,想定震度｜南海トラフ巨大地震
13104:105,seismic,南海トラフ巨大地震,4.829,5弱,,,13104,新宿区,Unknown,Unknown,未判定,未細分,point,雨乞のむしろ旗,想定震度,南海トラフ巨大地震,想定震度｜南海トラフ巨大地震
13104:106,seismic,南海トラフ巨大地震,4.794,5弱,,,13104,新宿区,Unknown,Unknown,未判定,未細分,point,市谷亀岡八幡宮の力石,想定震度,南海トラフ巨大地震,想定震度｜南海トラフ巨大地震
13104:107,seismic,南海トラフ巨大地震,4.819,5弱,,,13104,新宿区,Unknown,Unknown,未判定,未細分,point,筑土八幡神社の庚申塔,想定震度,南海トラフ巨大地震,想定震度｜南海トラフ巨大地震
13104:108,seismic,南海トラフ巨大地震,4.923,5弱,,,13104,新宿区,Unknown,Unknown,未判定,未細分,point,尺八「放下着」一式ならびに普化尺八伝授関連資料,想定震度,南海トラフ巨大地震,想定震度｜南海トラフ巨大地震
13104:109,seismic,南海トラフ巨大地震,4.854,5弱,,,13104,新宿区,Unknown,Unknown,未判定,未細分,point,善国寺の石虎,想定震度,南海トラフ巨大地震,想定震度｜南海トラフ巨大地震
13104:110,seismic,南海トラフ巨大地震,4.829,5弱,,,13104,新宿区,Unknown,Unknown,未判定,未細分,point,中井御霊神社の狛犬,想定震度,南海トラフ巨大地震,想定震度｜南海トラフ巨大地震
13104:111,seismic,南海トラフ巨大地震,4.923,5弱,,,13104,新宿区,Unknown,Unknown,未判定,未細分,point,巴講睦の獅子頭,想定震度,南海トラフ巨大地震,想定震度｜南海トラフ巨大地震
13104:112,seismic,南海トラフ巨大地震,5.052,5強,,,13104,新宿区,Unknown,Unknown,未判定,未細分,point,一行院の板碑,想定震度,南海トラフ巨大地震,想定震度｜南海トラフ巨大地震
13104:113,seismic,南海トラフ巨大地震,4.849,5弱,,,13104,新宿区,Unknown,Unknown,未判定,未細分,point,塞神三柱の塔,想定震度,南海トラフ巨大地震,想定震度｜南海トラフ巨大地震
13104:114,seismic,南海トラフ巨大地震,4.905,5弱,,,13104,新宿区,Unknown,Unknown,未判定,未細分,point,全龍寺の庚申塔,想定震度,南海トラフ巨大地震,想定震度｜南海トラフ巨大地震
13104:115,seismic,南海トラフ巨大地震,4.825,5弱,,,13104,新宿区,Unknown,Unknown,未判定,未細分,point,慈雲山観音寺の庚申塔,想定震度,南海トラフ巨大地震,想定震度｜南海トラフ巨大地震
13104:116,seismic,南海トラフ巨大地震,4.717,5弱,,,13104,新宿区,Unknown,Unknown,未判定,未細分,point,下落合二丁目の庚申塔,想定震度,南海トラフ巨大地震,想定震度｜南海トラフ巨大地震
13104:117,seismic,南海トラフ巨大地震,4.8,5弱,,,13104,新宿区,Unknown,Unknown,未判定,未細分,point,旧源兵衛村の庚申塔,想定震度,南海トラフ巨大地震,想定震度｜南海トラフ巨大地震
13104:118,seismic,南海トラフ巨大地震,4.9,5弱,,,13104,新宿区,Unknown,Unknown,未判定,未細分,point,幸国寺の題目塔,想定震度,南海トラフ巨大地震,想定震度｜南海トラフ巨大地震
13104:119,seismic,南海トラフ巨大地震,4.799,5弱,,,13104,新宿区,Unknown,Unknown,未判定,未細分,point,熊野神社の狛犬,想定震度,南海トラフ巨大地震,想定震度｜南海トラフ巨大地震
13104:120,seismic,南海トラフ巨大地震,4.831,5弱,,,13104,新宿区,Unknown,Unknown,未判定,未細分,point,高田馬場の流鏑馬,想定震度,南海トラフ巨大地震,想定震度｜南海トラフ巨大地震
13104:121,seismic,南海トラフ巨大地震,4.829,5弱,,,13104,新宿区,Unknown,Unknown,未判定,未細分,point,中井御霊神社の備射祭,想定震度,南海トラフ巨大地震,想定震度｜南海トラフ巨大地震
13104:122,seismic,南海トラフ巨大地震,4.823,5弱,,,13104,新宿区,Unknown,Unknown,未判定,未細分,point,葛谷御霊神社の備謝祭,想定震度,南海トラフ巨大地震,想定震度｜南海トラフ巨大地震
13104:123,seismic,南海トラフ巨大地震,4.843,5弱,,,13104,新宿区,Unknown,Unknown,未判定,未細分,point,丸藤宮元講社の富士講行事,想定震度,南海トラフ巨大地震,想定震度｜南海トラフ巨大地震
13104:124,seismic,南海トラフ巨大地震,4.78,5弱,,,13104,新宿区,Unknown,Unknown,未判定,未細分,point,戸塚囃子,想定震度,南海トラフ巨大地震,想定震度｜南海トラフ巨大地震
13104:125,seismic,南海トラフ巨大地震,4.895,5弱,,,13104,新宿区,Unknown,Unknown,未判定,未細分,point,萩原社中里神楽,想定震度,南海トラフ巨大地震,想定震度｜南海トラフ巨大地震
13104:126,seismic,南海トラフ巨大地震,4.803,5弱,,,13104,新宿区,Unknown,Unknown,未判定,未細分,point,上落合餅つき唄,想定震度,南海トラフ巨大地震,想定震度｜南海トラフ巨大地震
13104:127,seismic,南海トラフ巨大地震,4.908,5弱,,,13104,新宿区,Unknown,Unknown,未判定,未細分,point,鉄砲組百人隊行列,想定震度,南海トラフ巨大地震,想定震度｜南海トラフ巨大地震
13104:128,seismic,南海トラフ巨大地震,4.96,5弱,,,13104,新宿区,Unknown,Unknown,未判定,未細分,point,高松喜六の墓,想定震度,南海トラフ巨大地震,想定震度｜南海トラフ巨大地震
13104:129,seismic,南海トラフ巨大地震,4.958,5弱,,,13104,新宿区,Unknown,Unknown,未判定,未細分,point,服部半蔵の墓,想定震度,南海トラフ巨大地震,想定震度｜南海トラフ巨大地震
13104:130,seismic,南海トラフ巨大地震,4.933,5弱,,,13104,新宿区,Unknown,Unknown,未判定,未細分,point,小泉八雲旧居跡,想定震度,南海トラフ巨大地震,想定震度｜南海トラフ巨大地震
13104:131,seismic,南海トラフ巨大地震,4.96,5弱,,,13104,新宿区,Unknown,Unknown,未判定,未細分,point,塙保己一の墓,想定震度,南海トラフ巨大地震,想定震度｜南海トラフ巨大地震
13104:132,seismic,南海トラフ巨大地震,4.833,5弱,,,13104,新宿区,Unknown,Unknown,未判定,未細分,point,山県大弐の墓,想定震度,南海トラフ巨大地震,想定震度｜南海トラフ巨大地震
13104:133,seismic,南海トラフ巨大地震,4.799,5弱,,,13104,新宿区,Unknown,Unknown,未判定,未細分,point,十二社の碑,想定震度,南海トラフ巨大地震,想定震度｜南海トラフ巨大地震
13104:134,seismic,南海トラフ巨大地震,4.901,5弱,,,13104,新宿区,Unknown,Unknown,未判定,未細分,point,松井須磨子の墓,想定震度,南海トラフ巨大地震,想定震度｜南海トラフ巨大地震
13104:135,seismic,南海トラフ巨大地震,4.981,5弱,,,13104,新宿区,Unknown,Unknown,未判定,未細分,point,源清麿の墓,想定震度,南海トラフ巨大地震,想定震度｜南海トラフ巨大地震
13104:136,seismic,南海トラフ巨大地震,4.844,5弱,,,13104,新宿区,Unknown,Unknown,未判定,未細分,point,尾崎紅葉旧居跡,想定震度,南海トラフ巨大地震,想定震度｜南海トラフ巨大地震
13104:137,seismic,南海トラフ巨大地震,4.783,5弱,,,13104,新宿区,Unknown,Unknown,未判定,未細分,point,田村虎蔵旧居跡,想定震度,南海トラフ巨大地震,想定震度｜南海トラフ巨大地震
13104:138,seismic,南海トラフ巨大地震,4.895,5弱,,,13104,新宿区,Unknown,Unknown,未判定,未細分,point,恋川春町の墓,想定震度,南海トラフ巨大地震,想定震度｜南海トラフ巨大地震
13104:139,seismic,南海トラフ巨大地震,4.898,5弱,,,13104,新宿区,Unknown,Unknown,未判定,未細分,point,月岡芳年の墓,想定震度,南海トラフ巨大地震,想定震度｜南海トラフ巨大地震
13104:140,seismic,南海トラフ巨大地震,4.77,5弱,,,13104,新宿区,Unknown,Unknown,未判定,未細分,point,浄瑠璃坂の仇討跡,想定震度,南海トラフ巨大地震,想定震度｜南海トラフ巨大地震
13104:141,seismic,南海トラフ巨大地震,4.754,5弱,,,13104,新宿区,Unknown,Unknown,未判定,未細分,point,国産飛行機発祥の地,想定震度,南海トラフ巨大地震,想定震度｜南海トラフ巨大地震
13104:142,seismic,南海トラフ巨大地震,4.93,5弱,,,13104,新宿区,Unknown,Unknown,未判定,未細分,point,大久保の犬御用屋敷跡,想定震度,南海トラフ巨大地震,想定震度｜南海トラフ巨大地震
13104:143,seismic,南海トラフ巨大地震,4.859,5弱,,,13104,新宿区,Unknown,Unknown,未判定,未細分,point,三遊亭円朝旧居跡,想定震度,南海トラフ巨大地震,想定震度｜南海トラフ巨大地震
13104:144,seismic,南海トラフ巨大地震,4.878,5弱,,,13104,新宿区,Unknown,Unknown,未判定,未細分,point,夏目漱石誕生の地,想定震度,南海トラフ巨大地震,想定震度｜南海トラフ巨大地震
13104:145,seismic,南海トラフ巨大地震,4.876,5弱,,,13104,新宿区,Unknown,Unknown,未判定,未細分,point,夏目漱石終焉の地,想定震度,南海トラフ巨大地震,想定震度｜南海トラフ巨大地震
13104:146,seismic,南海トラフ巨大地震,4.921,5弱,,,13104,新宿区,Unknown,Unknown,未判定,未細分,point,便々館湖鯉鮒狂歌碑,想定震度,南海トラフ巨大地震,想定震度｜南海トラフ巨大地震
13104:147,seismic,南海トラフ巨大地震,4.839,5弱,,,13104,新宿区,Unknown,Unknown,未判定,未細分,point,永井荷風旧居跡,想定震度,南海トラフ巨大地震,想定震度｜南海トラフ巨大地震
13104:148,seismic,南海トラフ巨大地震,4.958,5弱,,,13104,新宿区,Unknown,Unknown,未判定,未細分,point,岡崎三郎信康供養塔,想定震度,南海トラフ巨大地震,想定震度｜南海トラフ巨大地震
13104:149,seismic,南海トラフ巨大地震,4.984,5弱,,,13104,新宿区,Unknown,Unknown,未判定,未細分,point,榊原鍵吉の墓,想定震度,南海トラフ巨大地震,想定震度｜南海トラフ巨大地震
13104:150,seismic,南海トラフ巨大地震,4.814,5弱,,,13104,新宿区,Unknown,Unknown,未判定,未細分,point,平秩東作の墓,想定震度,南海トラフ巨大地震,想定震度｜南海トラフ巨大地震
13104:151,seismic,南海トラフ巨大地震,4.845,5弱,,,13104,新宿区,Unknown,Unknown,未判定,未細分,point,二葉亭四迷旧居跡,想定震度,南海トラフ巨大地震,想定震度｜南海トラフ巨大地震
13104:152,seismic,南海トラフ巨大地震,4.926,5弱,,,13104,新宿区,Unknown,Unknown,未判定,未細分,point,大和田建樹終焉の地,想定震度,南海トラフ巨大地震,想定震度｜南海トラフ巨大地震
13104:153,seismic,南海トラフ巨大地震,4.847,5弱,,,13104,新宿区,Unknown,Unknown,未判定,未細分,point,有島武郎旧居跡,想定震度,南海トラフ巨大地震,想定震度｜南海トラフ巨大地震
13104:154,seismic,南海トラフ巨大地震,4.857,5弱,,,13104,新宿区,Unknown,Unknown,未判定,未細分,point,島村抱月終焉の地 (芸術倶楽部跡),想定震度,南海トラフ巨大地震,想定震度｜南海トラフ巨大地震
13104:155,seismic,南海トラフ巨大地震,4.879,5弱,,,13104,新宿区,Unknown,Unknown,未判定,未細分,point,内藤正勝の墓,想定震度,南海トラフ巨大地震,想定震度｜南海トラフ巨大地震
13104:156,seismic,南海トラフ巨大地震,4.921,5弱,,,13104,新宿区,Unknown,Unknown,未判定,未細分,point,筒井政憲の墓,想定震度,南海トラフ巨大地震,想定震度｜南海トラフ巨大地震
13104:157,seismic,南海トラフ巨大地震,4.912,5弱,,,13104,新宿区,Unknown,Unknown,未判定,未細分,point,小泉八雲終焉の地,想定震度,南海トラフ巨大地震,想定震度｜南海トラフ巨大地震
13104:158,seismic,南海トラフ巨大地震,4.892,5弱,,,13104,新宿区,Unknown,Unknown,未判定,未細分,point,紅皿の墓,想定震度,南海トラフ巨大地震,想定震度｜南海トラフ巨大地震
13104:159,seismic,南海トラフ巨大地震,4.859,5弱,,,13104,新宿区,Unknown,Unknown,未判定,未細分,point,坪内逍遙旧居跡(文芸協会演劇研究所跡),想定震度,南海トラフ巨大地震,想定震度｜南海トラフ巨大地震
13104:160,seismic,南海トラフ巨大地震,4.894,5弱,,,13104,新宿区,Unknown,Unknown,未判定,未細分,point,佐伯祐三アトリエの地,想定震度,南海トラフ巨大地震,想定震度｜南海トラフ巨大地震
13104:161,seismic,南海トラフ巨大地震,4.863,5弱,,,13104,新宿区,Unknown,Unknown,未判定,未細分,point,滝沢馬琴終焉の地,想定震度,南海トラフ巨大地震,想定震度｜南海トラフ巨大地震
13104:162,seismic,南海トラフ巨大地震,4.964,5弱,,,13104,新宿区,Unknown,Unknown,未判定,未細分,point,柳田國男旧居跡,想定震度,南海トラフ巨大地震,想定震度｜南海トラフ巨大地震
13104:163,seismic,南海トラフ巨大地震,4.893,5弱,,,13104,新宿区,Unknown,Unknown,未判定,未細分,point,斎藤茂吉終焉の地,想定震度,南海トラフ巨大地震,想定震度｜南海トラフ巨大地震
13104:164,seismic,南海トラフ巨大地震,4.847,5弱,,,13104,新宿区,Unknown,Unknown,未判定,未細分,point,下村湖人終焉の地,想定震度,南海トラフ巨大地震,想定震度｜南海トラフ巨大地震
13104:165,seismic,南海トラフ巨大地震,4.738,5弱,,,13104,新宿区,Unknown,Unknown,未判定,未細分,point,落合秋艸堂跡(會津八一旧居跡),想定震度,南海トラフ巨大地震,想定震度｜南海トラフ巨大地震
13104:166,seismic,南海トラフ巨大地震,4.815,5弱,,,13104,新宿区,Unknown,Unknown,未判定,未細分,point,西條八十旧居跡,想定震度,南海トラフ巨大地震,想定震度｜南海トラフ巨大地震
13104:167,seismic,南海トラフ巨大地震,4.805,5弱,,,13104,新宿区,Unknown,Unknown,未判定,未細分,point,女人芸術社跡(長谷川時雨・三上於菟吉旧居跡),想定震度,南海トラフ巨大地震,想定震度｜南海トラフ巨大地震
13104:168,seismic,南海トラフ巨大地震,4.946,5弱,,,13104,新宿区,Unknown,Unknown,未判定,未細分,point,内村鑑三終焉の地(今井館聖書講堂跡),想定震度,南海トラフ巨大地震,想定震度｜南海トラフ巨大地震
13104:169,seismic,南海トラフ巨大地震,4.956,5弱,,,13104,新宿区,Unknown,Unknown,未判定,未細分,point,鈴木三重吉終焉の地(「赤い鳥」社跡),想定震度,南海トラフ巨大地震,想定震度｜南海トラフ巨大地震
13104:170,seismic,南海トラフ巨大地震,4.887,5弱,,,13104,新宿区,Unknown,Unknown,未判定,未細分,point,鏑木清方旧居跡,想定震度,南海トラフ巨大地震,想定震度｜南海トラフ巨大地震
13104:171,seismic,南海トラフ巨大地震,4.931,5弱,,,13104,新宿区,Unknown,Unknown,未判定,未細分,point,辰野金吾の墓,想定震度,南海トラフ巨大地震,想定震度｜南海トラフ巨大地震
13104:172,seismic,南海トラフ巨大地震,4.809,5弱,,,13104,新宿区,Unknown,Unknown,未判定,未細分,point,牛込城跡,想定震度,南海トラフ巨大地震,想定震度｜南海トラフ巨大地震
13104:173,seismic,南海トラフ巨大地震,4.852,5弱,,,13104,新宿区,Unknown,Unknown,未判定,未細分,point,富塚跡,想定震度,南海トラフ巨大地震,想定震度｜南海トラフ巨大地震
13104:174,seismic,南海トラフ巨大地震,4.809,5弱,,,13104,新宿区,Unknown,Unknown,未判定,未細分,point,便々館湖鯉鮒の墓,想定震度,南海トラフ巨大地震,想定震度｜南海トラフ巨大地震
13104:175,seismic,南海トラフ巨大地震,4.985,5弱,,,13104,新宿区,Unknown,Unknown,未判定,未細分,point,成子天神社の富士塚,想定震度,南海トラフ巨大地震,想定震度｜南海トラフ巨大地震
13104:176,seismic,南海トラフ巨大地震,4.838,5弱,,,13104,新宿区,Unknown,Unknown,未判定,未細分,point,生田春月旧居跡,想定震度,南海トラフ巨大地震,想定震度｜南海トラフ巨大地震
13104:177,seismic,南海トラフ巨大地震,4.847,5弱,,,13104,新宿区,Unknown,Unknown,未判定,未細分,point,泉鏡花旧居跡,想定震度,南海トラフ巨大地震,想定震度｜南海トラフ巨大地震
13104:178,seismic,南海トラフ巨大地震,4.725,5弱,,,13104,新宿区,Unknown,Unknown,未判定,未細分,point,林芙美子終焉の地,想定震度,南海トラフ巨大地震,想定震度｜南海トラフ巨大地震
13104:179,seismic,南海トラフ巨大地震,4.895,5弱,,,13104,新宿区,Unknown,Unknown,未判定,未細分,point,塚本明毅の墓碑,想定震度,南海トラフ巨大地震,想定震度｜南海トラフ巨大地震
13104:180,seismic,南海トラフ巨大地震,4.785,5弱,,,13104,新宿区,Unknown,Unknown,未判定,未細分,point,萩原宗固の墓,想定震度,南海トラフ巨大地震,想定震度｜南海トラフ巨大地震
13104:181,seismic,南海トラフ巨大地震,4.901,5弱,,,13104,新宿区,Unknown,Unknown,未判定,未細分,point,吉川湊一の墓,想定震度,南海トラフ巨大地震,想定震度｜南海トラフ巨大地震
13104:182,seismic,南海トラフ巨大地震,4.829,5弱,,,13104,新宿区,Unknown,Unknown,未判定,未細分,point,東京府仮小学第三校跡,想定震度,南海トラフ巨大地震,想定震度｜南海トラフ巨大地震
13104:183,seismic,南海トラフ巨大地震,5.09,5強,,,13104,新宿区,Unknown,Unknown,未判定,未細分,point,シイ,想定震度,南海トラフ巨大地震,想定震度｜南海トラフ巨大地震
13104:184,seismic,南海トラフ巨大地震,4.901,5弱,,,13104,新宿区,Unknown,Unknown,未判定,未細分,point,イチョウ,想定震度,南海トラフ巨大地震,想定震度｜南海トラフ巨大地震
13104:185,seismic,南海トラフ巨大地震,4.849,5弱,,,13104,新宿区,Unknown,Unknown,未判定,未細分,point,末広亭,想定震度,南海トラフ巨大地震,想定震度｜南海トラフ巨大地震
13104:186,seismic,南海トラフ巨大地震,4.82,5弱,,,13104,新宿区,Unknown,Unknown,未判定,未細分,point,歌舞伎町建設記念碑,想定震度,南海トラフ巨大地震,想定震度｜南海トラフ巨大地震
13104:187,seismic,南海トラフ巨大地震,4.799,5弱,,,13104,新宿区,Unknown,Unknown,未判定,未細分,point,六桜社跡,想定震度,南海トラフ巨大地震,想定震度｜南海トラフ巨大地震
13104:188,seismic,南海トラフ巨大地震,4.765,5弱,,,13104,新宿区,Unknown,Unknown,未判定,未細分,point,佐々木活字店,想定震度,南海トラフ巨大地震,想定震度｜南海トラフ巨大地震
13104:189,seismic,南海トラフ巨大地震,4.802,5弱,,,13104,新宿区,Unknown,Unknown,未判定,未細分,point,近衛篤麿公記念碑,想定震度,南海トラフ巨大地震,想定震度｜南海トラフ巨大地震
13104:190,seismic,南海トラフ巨大地震,4.915,5弱,,,13104,新宿区,Unknown,Unknown,未判定,未細分,point,花園神社の二宮尊徳像,想定震度,南海トラフ巨大地震,想定震度｜南海トラフ巨大地震
13104:191,seismic,南海トラフ巨大地震,4.811,5弱,,,13104,新宿区,Unknown,Unknown,未判定,未細分,point,長谷川平蔵埋葬の地,想定震度,南海トラフ巨大地震,想定震度｜南海トラフ巨大地震
13104:192,seismic,南海トラフ巨大地震,4.924,5弱,,,13104,新宿区,Unknown,Unknown,未判定,未細分,point,神楽坂の東八拳,想定震度,南海トラフ巨大地震,想定震度｜南海トラフ巨大地震
13104:193,seismic,南海トラフ巨大地震,4.845,5弱,,,13104,新宿区,Unknown,Unknown,未判定,未細分,point,神楽坂をどり,想定震度,南海トラフ巨大地震,想定震度｜南海トラフ巨大地震
13104:194,seismic,南海トラフ巨大地震,4.814,5弱,,,13104,新宿区,Unknown,Unknown,未判定,未細分,point,旧近衛邸のケヤキ,想定震度,南海トラフ巨大地震,想定震度｜南海トラフ巨大地震
13104:195,seismic,南海トラフ巨大地震,4.846,5弱,,,13104,新宿区,Unknown,Unknown,未判定,未細分,point,オブジェ「歓び(PLAISIR)」,想定震度,南海トラフ巨大地震,想定震度｜南海トラフ巨大地震
13104:196,seismic,南海トラフ巨大地震,4.868,5弱,,,13104,新宿区,Unknown,Unknown,未判定,未細分,point,源兵衛子育地蔵尊の石造物群,想定震度,南海トラフ巨大地震,想定震度｜南海トラフ巨大地震
13104:197,seismic,南海トラフ巨大地震,4.868,5弱,,,13104,新宿区,Unknown,Unknown,未判定,未細分,point,彰忠碑,想定震度,南海トラフ巨大地震,想定震度｜南海トラフ巨大地震
13104:198,seismic,南海トラフ巨大地震,4.804,5弱,,,13104,新宿区,Unknown,Unknown,未判定,未細分,point,太平洋戦争本土初空襲の地跡,想定震度,南海トラフ巨大地震,想定震度｜南海トラフ巨大地震
13104:199,seismic,南海トラフ巨大地震,4.825,5弱,,,13104,新宿区,Unknown,Unknown,未判定,未細分,point,名曲喫茶らんぶる,想定震度,南海トラフ巨大地震,想定震度｜南海トラフ巨大地震
13104:200,seismic,南海トラフ巨大地震,4.823,5弱,,,13104,新宿区,Unknown,Unknown,未判定,未細分,point,西落合耕地整理記念碑,想定震度,南海トラフ巨大地震,想定震度｜南海トラフ巨大地震
13104:201,seismic,南海トラフ巨大地震,4.777,5弱,,,13104,新宿区,Unknown,Unknown,未判定,未細分,point,旧淀橋浄水場蝶型弁,想定震度,南海トラフ巨大地震,想定震度｜南海トラフ巨大地震
13104:202,seismic,南海トラフ巨大地震,4.799,5弱,,,13104,新宿区,Unknown,Unknown,未判定,未細分,point,旧淀橋浄水場六角堂,想定震度,南海トラフ巨大地震,想定震度｜南海トラフ巨大地震
13104:203,seismic,南海トラフ巨大地震,4.923,5弱,,,13104,新宿区,Unknown,Unknown,未判定,未細分,point,巴講睦の獅子図屏風,想定震度,南海トラフ巨大地震,想定震度｜南海トラフ巨大地震
13104:204,seismic,南海トラフ巨大地震,4.906,5弱,,,13104,新宿区,Unknown,Unknown,未判定,未細分,point,服部良一旧居跡,想定震度,南海トラフ巨大地震,想定震度｜南海トラフ巨大地震
13104:205,seismic,南海トラフ巨大地震,4.848,5弱,,,13104,新宿区,Unknown,Unknown,未判定,未細分,point,天祖神社の神門,想定震度,南海トラフ巨大地震,想定震度｜南海トラフ巨大地震
13104:206,seismic,南海トラフ巨大地震,4.876,5弱,,,13104,新宿区,Unknown,Unknown,未判定,未細分,point,戸山射撃場跡,想定震度,南海トラフ巨大地震,想定震度｜南海トラフ巨大地震
13104:207,seismic,南海トラフ巨大地震,4.88,5弱,,,13104,新宿区,Unknown,Unknown,未判定,未細分,point,喜久井町 戦災者供養観音像,想定震度,南海トラフ巨大地震,想定震度｜南海トラフ巨大地震
13104:208,seismic,南海トラフ巨大地震,4.895,5弱,,,13104,新宿区,Unknown,Unknown,未判定,未細分,point,白糸塚,想定震度,南海トラフ巨大地震,想定震度｜南海トラフ巨大地震
13104:209,seismic,南海トラフ巨大地震,4.855,5弱,,,13104,新宿区,Unknown,Unknown,未判定,未細分,point,獅子吼会の山門,想定震度,南海トラフ巨大地震,想定震度｜南海トラフ巨大地震
13104:210,seismic,南海トラフ巨大地震,4.806,5弱,,,13104,新宿区,Unknown,Unknown,未判定,未細分,point,田島森碑,想定震度,南海トラフ巨大地震,想定震度｜南海トラフ巨大地震
13104:211,seismic,南海トラフ巨大地震,4.915,5弱,,,13104,新宿区,Unknown,Unknown,未判定,未細分,point,忠魂碑,想定震度,南海トラフ巨大地震,想定震度｜南海トラフ巨大地震
13104:212,seismic,南海トラフ巨大地震,4.809,5弱,,,13104,新宿区,Unknown,Unknown,未判定,未細分,point,祭馬碑,想定震度,南海トラフ巨大地震,想定震度｜南海トラフ巨大地震
13104:213,seismic,南海トラフ巨大地震,4.742,5弱,,,13104,新宿区,Unknown,Unknown,未判定,未細分,point,渡辺玉花旧居,想定震度,南海トラフ巨大地震,想定震度｜南海トラフ巨大地震
13104:214,seismic,南海トラフ巨大地震,4.852,5弱,,,13104,新宿区,Unknown,Unknown,未判定,未細分,point,花園アパート跡,想定震度,南海トラフ巨大地震,想定震度｜南海トラフ巨大地震
13104:215,seismic,南海トラフ巨大地震,4.83,5弱,,,13104,新宿区,Unknown,Unknown,未判定,未細分,point,美濃国高須藩主 松平家上屋敷跡,想定震度,南海トラフ巨大地震,想定震度｜南海トラフ巨大地震
13104:216,seismic,南海トラフ巨大地震,4.985,5弱,,,13104,新宿区,Unknown,Unknown,未判定,未細分,point,水準点II号,想定震度,南海トラフ巨大地震,想定震度｜南海トラフ巨大地震
13104:217,seismic,南海トラフ巨大地震,4.858,5弱,,,13104,新宿区,Unknown,Unknown,未判定,未細分,point,東京若葉キリスト教会,想定震度,南海トラフ巨大地震,想定震度｜南海トラフ巨大地震
13104:218,seismic,南海トラフ巨大地震,4.832,5弱,,,13104,新宿区,Unknown,Unknown,未判定,未細分,point,稲荷鬼王神社の節分祭,想定震度,南海トラフ巨大地震,想定震度｜南海トラフ巨大地震
13104:219,seismic,南海トラフ巨大地震,4.829,5弱,,,13104,新宿区,Unknown,Unknown,未判定,未細分,point,中井御霊神社の節分祭,想定震度,南海トラフ巨大地震,想定震度｜南海トラフ巨大地震
13104:220,seismic,南海トラフ巨大地震,4.915,5弱,,,13104,新宿区,Unknown,Unknown,未判定,未細分,point,花園神社の節分祭,想定震度,南海トラフ巨大地震,想定震度｜南海トラフ巨大地震
13104:221,seismic,南海トラフ巨大地震,4.694,5弱,,,13104,新宿区,Unknown,Unknown,未判定,未細分,point,氷川神社の節分祭,想定震度,南海トラフ巨大地震,想定震度｜南海トラフ巨大地震
13104:222,seismic,南海トラフ巨大地震,4.795,5弱,,,13104,新宿区,Unknown,Unknown,未判定,未細分,point,鎧神社の節分祭,想定震度,南海トラフ巨大地震,想定震度｜南海トラフ巨大地震
13104:223,seismic,南海トラフ巨大地震,4.903,5弱,,,13104,新宿区,Unknown,Unknown,未判定,未細分,point,自性院の節分会,想定震度,南海トラフ巨大地震,想定震度｜南海トラフ巨大地震
13104:224,seismic,南海トラフ巨大地震,4.995,5弱,,,13104,新宿区,Unknown,Unknown,未判定,未細分,point,有隣園跡,想定震度,南海トラフ巨大地震,想定震度｜南海トラフ巨大地震
13104:225,seismic,南海トラフ巨大地震,4.879,5弱,,,13104,新宿区,Unknown,Unknown,未判定,未細分,point,太宗寺の閻魔大王開帳,想定震度,南海トラフ巨大地震,想定震度｜南海トラフ巨大地震
13104:226,seismic,南海トラフ巨大地震,4.879,5弱,,,13104,新宿区,Unknown,Unknown,未判定,未細分,point,太宗寺の大震災紀念碑,想定震度,南海トラフ巨大地震,想定震度｜南海トラフ巨大地震
13104:227,seismic,南海トラフ巨大地震,4.765,5弱,,,13104,新宿区,Unknown,Unknown,未判定,未細分,point,放生寺の水掛け地蔵と大震火災死亡群霊塔,想定震度,南海トラフ巨大地震,想定震度｜南海トラフ巨大地震
13104:228,seismic,南海トラフ巨大地震,5.037,5強,,,13104,新宿区,Unknown,Unknown,未判定,未細分,point,文学座アトリエ,想定震度,南海トラフ巨大地震,想定震度｜南海トラフ巨大地震
13104:230,seismic,南海トラフ巨大地震,4.754,5弱,,,13104,新宿区,Unknown,Unknown,未判定,未細分,point,弘文学院跡,想定震度,南海トラフ巨大地震,想定震度｜南海トラフ巨大地震
13104:231,seismic,南海トラフ巨大地震,4.861,5弱,,,13104,新宿区,Unknown,Unknown,未判定,未細分,point,ムーラン・ルージュ新宿座跡,想定震度,南海トラフ巨大地震,想定震度｜南海トラフ巨大地震
official_export_001:19,seismic,南海トラフ巨大地震,4.814,5弱,,,13104,新宿区,National,Designated,有形文化財,建造物,building_direct,学習院旧正門,想定震度,南海トラフ巨大地震,想定震度｜南海トラフ巨大地震
official_export_001:43,seismic,南海トラフ巨大地震,4.808,5弱,,,13104,新宿区,National,Designated,有形文化財,建造物,building_direct,旧馬場家牛込邸,想定震度,南海トラフ巨大地震,想定震度｜南海トラフ巨大地震
official_export_001:79,seismic,南海トラフ巨大地震,4.855,5弱,,,13104,新宿区,National,Designated,有形文化財,建造物,building_direct,新宿御苑旧洋館御休所,想定震度,南海トラフ巨大地震,想定震度｜南海トラフ巨大地震
official_export_001:84,seismic,南海トラフ巨大地震,4.86,5弱,,,13104,新宿区,National,Designated,有形文化財,建造物,building_direct,聖徳記念絵画館,想定震度,南海トラフ巨大地震,想定震度｜南海トラフ巨大地震
official_export_001:197,seismic,南海トラフ巨大地震,4.83,5弱,,,13104,新宿区,National,Designated,有形文化財,建造物,building_direct,早稲田大学大隈記念講堂,想定震度,南海トラフ巨大地震,想定震度｜南海トラフ巨大地震
official_export_002:11,seismic,南海トラフ巨大地震,4.832,5弱,,,13104,新宿区,National,Registered,有形文化財,建造物,building_direct,新井家住宅主屋,想定震度,南海トラフ巨大地震,想定震度｜南海トラフ巨大地震
official_export_002:33,seismic,南海トラフ巨大地震,4.857,5弱,,,13104,新宿区,National,Registered,有形文化財,建造物,building_direct,一水寮,想定震度,南海トラフ巨大地震,想定震度｜南海トラフ巨大地震
official_export_002:158,seismic,南海トラフ巨大地震,4.731,5弱,,,13104,新宿区,National,Registered,有形文化財,建造物,building_direct,旧島津家住宅アトリエ,想定震度,南海トラフ巨大地震,想定震度｜南海トラフ巨大地震
official_export_002:167,seismic,南海トラフ巨大地震,4.791,5弱,,,13104,新宿区,National,Registered,有形文化財,建造物,building_direct,旧常盤家本館(石合家住宅主屋),想定震度,南海トラフ巨大地震,想定震度｜南海トラフ巨大地震
official_export_002:201,seismic,南海トラフ巨大地震,4.847,5弱,,,13104,新宿区,National,Registered,有形文化財,建造物,building_direct,栗原家住宅稲荷社及び石鳥居,想定震度,南海トラフ巨大地震,想定震度｜南海トラフ巨大地震
official_export_002:202,seismic,南海トラフ巨大地震,4.847,5弱,,,13104,新宿区,National,Registered,有形文化財,建造物,building_direct,栗原家住宅蔵,想定震度,南海トラフ巨大地震,想定震度｜南海トラフ巨大地震
official_export_002:203,seismic,南海トラフ巨大地震,4.847,5弱,,,13104,新宿区,National,Registered,有形文化財,建造物,building_direct,栗原家住宅主屋,想定震度,南海トラフ巨大地震,想定震度｜南海トラフ巨大地震
official_export_002:204,seismic,南海トラフ巨大地震,4.847,5弱,,,13104,新宿区,National,Registered,有形文化財,建造物,building_direct,栗原家住宅門柱及び塀,想定震度,南海トラフ巨大地震,想定震度｜南海トラフ巨大地震
official_export_002:269,seismic,南海トラフ巨大地震,4.93,5弱,,,13104,新宿区,National,Registered,有形文化財,建造物,building_direct,新潮社倉庫,想定震度,南海トラフ巨大地震,想定震度｜南海トラフ巨大地震
official_export_002:270,seismic,南海トラフ巨大地震,4.93,5弱,,,13104,新宿区,National,Registered,有形文化財,建造物,building_direct,新潮社本館,想定震度,南海トラフ巨大地震,想定震度｜南海トラフ巨大地震
official_export_002:273,seismic,南海トラフ巨大地震,4.908,5弱,,,13104,新宿区,National,Registered,有形文化財,建造物,building_direct,鈴木家住宅主屋,想定震度,南海トラフ巨大地震,想定震度｜南海トラフ巨大地震
official_export_002:295,seismic,南海トラフ巨大地震,4.935,5弱,,,13104,新宿区,National,Registered,有形文化財,建造物,building_direct,高橋建築事務所社屋,想定震度,南海トラフ巨大地震,想定震度｜南海トラフ巨大地震
official_export_002:388,seismic,南海トラフ巨大地震,4.822,5弱,,,13104,新宿区,National,Registered,有形文化財,建造物,building_direct,日本バプテストキリスト教目白ヶ丘教会礼拝堂,想定震度,南海トラフ巨大地震,想定震度｜南海トラフ巨大地震
official_export_002:433,seismic,南海トラフ巨大地震,4.806,5弱,,,13104,新宿区,National,Registered,有形文化財,建造物,building_direct,宮城道雄記念館検校の間,想定震度,南海トラフ巨大地震,想定震度｜南海トラフ巨大地震
official_export_002:456,seismic,南海トラフ巨大地震,4.89,5弱,,,13104,新宿区,National,Registered,有形文化財,建造物,building_direct,安与ビル,想定震度,南海トラフ巨大地震,想定震度｜南海トラフ巨大地震
official_export_002:465,seismic,南海トラフ巨大地震,4.904,5弱,,,13104,新宿区,National,Registered,有形文化財,建造物,building_direct,矢来能楽堂,想定震度,南海トラフ巨大地震,想定震度｜南海トラフ巨大地震
official_export_003:47,seismic,南海トラフ巨大地震,4.777,5弱,,,13104,新宿区,National,Designated,記念物,天然記念物,point,哲学堂公園,想定震度,南海トラフ巨大地震,想定震度｜南海トラフ巨大地震
official_export_003:69,seismic,南海トラフ巨大地震,4.882,5弱,,,13104,新宿区,National,Designated,記念物,天然記念物,point,山鹿素行墓,想定震度,南海トラフ巨大地震,想定震度｜南海トラフ巨大地震
official_export_003:75,seismic,南海トラフ巨大地震,4.838,5弱,,,13104,新宿区,National,Designated,記念物,天然記念物,point,林氏墓地,想定震度,南海トラフ巨大地震,想定震度｜南海トラフ巨大地震
13104:0,fire,延焼危険度,2.0,,,,13104,新宿区,Unknown,Unknown,未判定,未細分,point,市谷亀岡八幡宮の銅鳥居,延焼危険度,延焼危険度,延焼危険度｜延焼危険度
13104:1,fire,延焼危険度,3.0,,,,13104,新宿区,Unknown,Unknown,未判定,未細分,point,早稲田大学 坪内博士記念演劇博物館,延焼危険度,延焼危険度,延焼危険度｜延焼危険度
13104:2,fire,延焼危険度,4.0,,,,13104,新宿区,Unknown,Unknown,未判定,未細分,point,浄栄寺の山門「甘露門」,延焼危険度,延焼危険度,延焼危険度｜延焼危険度
13104:3,fire,延焼危険度,4.0,,,,13104,新宿区,Unknown,Unknown,未判定,未細分,point,幸国寺の山門,延焼危険度,延焼危険度,延焼危険度｜延焼危険度
13104:4,fire,延焼危険度,5.0,,,,13104,新宿区,Unknown,Unknown,未判定,未細分,point,中井御霊神社の本殿・幣殿・拝殿,延焼危険度,延焼危険度,延焼危険度｜延焼危険度
13104:5,fire,延焼危険度,3.0,,,,13104,新宿区,Unknown,Unknown,未判定,未細分,point,亮朝院本堂,延焼危険度,延焼危険度,延焼危険度｜延焼危険度
13104:6,fire,延焼危険度,3.0,,,,13104,新宿区,Unknown,Unknown,未判定,未細分,point,亮朝院七面堂,延焼危険度,延焼危険度,延焼危険度｜延焼危険度
13104:7,fire,延焼危険度,4.0,,,,13104,新宿区,Unknown,Unknown,未判定,未細分,point,永心寺本堂,延焼危険度,延焼危険度,延焼危険度｜延焼危険度
13104:8,fire,延焼危険度,4.0,,,,13104,新宿区,Unknown,Unknown,未判定,未細分,point,永心寺山門,延焼危険度,延焼危険度,延焼危険度｜延焼危険度
13104:9,fire,延焼危険度,3.0,,,,13104,新宿区,Unknown,Unknown,未判定,未細分,point,筑土八幡神社の石造鳥居,延焼危険度,延焼危険度,延焼危険度｜延焼危険度
13104:10,fire,延焼危険度,4.0,,,,13104,新宿区,Unknown,Unknown,未判定,未細分,point,西迎寺の阿弥陀如来座像,延焼危険度,延焼危険度,延焼危険度｜延焼危険度
13104:11,fire,延焼危険度,4.0,,,,13104,新宿区,Unknown,Unknown,未判定,未細分,point,中井出世不動尊像,延焼危険度,延焼危険度,延焼危険度｜延焼危険度
13104:12,fire,延焼危険度,2.0,,,,13104,新宿区,Unknown,Unknown,未判定,未細分,point,花園神社の唐獅子像,延焼危険度,延焼危険度,延焼危険度｜延焼危険度
13104:13,fire,延焼危険度,3.0,,,,13104,新宿区,Unknown,Unknown,未判定,未細分,point,太宗寺の三日月不動像,延焼危険度,延焼危険度,延焼危険度｜延焼危険度
13104:14,fire,延焼危険度,1.0,,,,13104,新宿区,Unknown,Unknown,未判定,未細分,point,熊野神社の水鉢,延焼危険度,延焼危険度,延焼危険度｜延焼危険度
13104:15,fire,延焼危険度,3.0,,,,13104,新宿区,Unknown,Unknown,未判定,未細分,point,亮朝院の金剛力士石像,延焼危険度,延焼危険度,延焼危険度｜延焼危険度
13104:16,fire,延焼危険度,5.0,,,,13104,新宿区,Unknown,Unknown,未判定,未細分,point,誓閑寺の梵鐘,延焼危険度,延焼危険度,延焼危険度｜延焼危険度
13104:17,fire,延焼危険度,4.0,,,,13104,新宿区,Unknown,Unknown,未判定,未細分,point,善国寺の毘沙門天像,延焼危険度,延焼危険度,延焼危険度｜延焼危険度
13104:18,fire,延焼危険度,4.0,,,,13104,新宿区,Unknown,Unknown,未判定,未細分,point,経王寺の大黒天像,延焼危険度,延焼危険度,延焼危険度｜延焼危険度
13104:19,fire,延焼危険度,4.0,,,,13104,新宿区,Unknown,Unknown,未判定,未細分,point,法善寺の七面明神像,延焼危険度,延焼危険度,延焼危険度｜延焼危険度
13104:20,fire,延焼危険度,4.0,,,,13104,新宿区,Unknown,Unknown,未判定,未細分,point,布袋像の水鉢,延焼危険度,延焼危険度,延焼危険度｜延焼危険度
13104:21,fire,延焼危険度,4.0,,,,13104,新宿区,Unknown,Unknown,未判定,未細分,point,須賀神社の三十六歌仙絵,延焼危険度,延焼危険度,延焼危険度｜延焼危険度
13104:22,fire,延焼危険度,2.0,,,,13104,新宿区,Unknown,Unknown,未判定,未細分,point,馬水槽,延焼危険度,延焼危険度,延焼危険度｜延焼危険度
13104:23,fire,延焼危険度,2.0,,,,13104,新宿区,Unknown,Unknown,未判定,未細分,point,天龍寺の時の鐘,延焼危険度,延焼危険度,延焼危険度｜延焼危険度
13104:24,fire,延焼危険度,2.0,,,,13104,新宿区,Unknown,Unknown,未判定,未細分,point,天龍寺のやぐら時計,延焼危険度,延焼危険度,延焼危険度｜延焼危険度
13104:25,fire,延焼危険度,3.0,,,,13104,新宿区,Unknown,Unknown,未判定,未細分,point,大隈重信銅像,延焼危険度,延焼危険度,延焼危険度｜延焼危険度
13104:26,fire,延焼危険度,4.0,,,,13104,新宿区,Unknown,Unknown,未判定,未細分,point,長善寺(笹寺)のめのう観音像,延焼危険度,延焼危険度,延焼危険度｜延焼危険度
13104:27,fire,延焼危険度,2.0,,,,13104,新宿区,Unknown,Unknown,未判定,未細分,point,鬼王神社の水鉢,延焼危険度,延焼危険度,延焼危険度｜延焼危険度
13104:28,fire,延焼危険度,3.0,,,,13104,新宿区,Unknown,Unknown,未判定,未細分,point,聖徳太子画像,延焼危険度,延焼危険度,延焼危険度｜延焼危険度
13104:29,fire,延焼危険度,3.0,,,,13104,新宿区,Unknown,Unknown,未判定,未細分,point,太宗寺の観無量寿経曼荼羅,延焼危険度,延焼危険度,延焼危険度｜延焼危険度
13104:30,fire,延焼危険度,1.0,,,,13104,新宿区,Unknown,Unknown,未判定,未細分,point,七人役者図絵馬,延焼危険度,延焼危険度,延焼危険度｜延焼危険度
13104:31,fire,延焼危険度,4.0,,,,13104,新宿区,Unknown,Unknown,未判定,未細分,point,阿弥陀三尊来迎図(専福寺),延焼危険度,延焼危険度,延焼危険度｜延焼危険度
13104:32,fire,延焼危険度,3.0,,,,13104,新宿区,Unknown,Unknown,未判定,未細分,point,木造阿弥陀如来立像,延焼危険度,延焼危険度,延焼危険度｜延焼危険度
13104:33,fire,延焼危険度,3.0,,,,13104,新宿区,Unknown,Unknown,未判定,未細分,point,木造地蔵菩薩坐像,延焼危険度,延焼危険度,延焼危険度｜延焼危険度
13104:34,fire,延焼危険度,3.0,,,,13104,新宿区,Unknown,Unknown,未判定,未細分,point,阿弥陀三尊来迎図(光照寺),延焼危険度,延焼危険度,延焼危険度｜延焼危険度
13104:35,fire,延焼危険度,3.0,,,,13104,新宿区,Unknown,Unknown,未判定,未細分,point,法然上人画像,延焼危険度,延焼危険度,延焼危険度｜延焼危険度
13104:36,fire,延焼危険度,3.0,,,,13104,新宿区,Unknown,Unknown,未判定,未細分,point,西光庵の観無量寿経曼荼羅,延焼危険度,延焼危険度,延焼危険度｜延焼危険度
13104:37,fire,延焼危険度,4.0,,,,13104,新宿区,Unknown,Unknown,未判定,未細分,point,天瑞元堤像 谷文晁筆,延焼危険度,延焼危険度,延焼危険度｜延焼危険度
13104:38,fire,延焼危険度,4.0,,,,13104,新宿区,Unknown,Unknown,未判定,未細分,point,謙堂文益像 谷文晁筆,延焼危険度,延焼危険度,延焼危険度｜延焼危険度
13104:39,fire,延焼危険度,4.0,,,,13104,新宿区,Unknown,Unknown,未判定,未細分,point,八大龍王図 谷文晁筆,延焼危険度,延焼危険度,延焼危険度｜延焼危険度
13104:40,fire,延焼危険度,4.0,,,,13104,新宿区,Unknown,Unknown,未判定,未細分,point,十大弟子図 谷文晁筆,延焼危険度,延焼危険度,延焼危険度｜延焼危険度
13104:41,fire,延焼危険度,4.0,,,,13104,新宿区,Unknown,Unknown,未判定,未細分,point,永福寺の銅造大日如来坐像,延焼危険度,延焼危険度,延焼危険度｜延焼危険度
13104:42,fire,延焼危険度,4.0,,,,13104,新宿区,Unknown,Unknown,未判定,未細分,point,永福寺の銅造地蔵菩薩半跏像,延焼危険度,延焼危険度,延焼危険度｜延焼危険度
13104:43,fire,延焼危険度,4.0,,,,13104,新宿区,Unknown,Unknown,未判定,未細分,point,済松寺の加藤文麗筆絵画作品,延焼危険度,延焼危険度,延焼危険度｜延焼危険度
13104:44,fire,延焼危険度,4.0,,,,13104,新宿区,Unknown,Unknown,未判定,未細分,point,谷文晁の絵,延焼危険度,延焼危険度,延焼危険度｜延焼危険度
13104:45,fire,延焼危険度,4.0,,,,13104,新宿区,Unknown,Unknown,未判定,未細分,point,月見岡八幡神社の鰐口,延焼危険度,延焼危険度,延焼危険度｜延焼危険度
13104:46,fire,延焼危険度,2.0,,,,13104,新宿区,Unknown,Unknown,未判定,未細分,point,市谷亀岡八幡宮の軍配団扇,延焼危険度,延焼危険度,延焼危険度｜延焼危険度
13104:47,fire,延焼危険度,3.0,,,,13104,新宿区,Unknown,Unknown,未判定,未細分,point,林光寺の高僧先達連座画像,延焼危険度,延焼危険度,延焼危険度｜延焼危険度
13104:48,fire,延焼危険度,3.0,,,,13104,新宿区,Unknown,Unknown,未判定,未細分,point,木造十一面観音坐像,延焼危険度,延焼危険度,延焼危険度｜延焼危険度
13104:49,fire,延焼危険度,3.0,,,,13104,新宿区,Unknown,Unknown,未判定,未細分,point,亮朝院の梵鐘,延焼危険度,延焼危険度,延焼危険度｜延焼危険度
13104:50,fire,延焼危険度,3.0,,,,13104,新宿区,Unknown,Unknown,未判定,未細分,point,宝泉寺の梵鐘,延焼危険度,延焼危険度,延焼危険度｜延焼危険度
13104:51,fire,延焼危険度,5.0,,,,13104,新宿区,Unknown,Unknown,未判定,未細分,point,銅造地蔵菩薩半跏像,延焼危険度,延焼危険度,延焼危険度｜延焼危険度
13104:52,fire,延焼危険度,3.0,,,,13104,新宿区,Unknown,Unknown,未判定,未細分,point,正受院の梵鐘,延焼危険度,延焼危険度,延焼危険度｜延焼危険度
13104:53,fire,延焼危険度,4.0,,,,13104,新宿区,Unknown,Unknown,未判定,未細分,point,西迎寺の梵鐘,延焼危険度,延焼危険度,延焼危険度｜延焼危険度
13104:54,fire,延焼危険度,4.0,,,,13104,新宿区,Unknown,Unknown,未判定,未細分,point,浄栄寺の梵鐘,延焼危険度,延焼危険度,延焼危険度｜延焼危険度
13104:55,fire,延焼危険度,4.0,,,,13104,新宿区,Unknown,Unknown,未判定,未細分,point,善慶寺の梵鐘,延焼危険度,延焼危険度,延焼危険度｜延焼危険度
13104:56,fire,延焼危険度,4.0,,,,13104,新宿区,Unknown,Unknown,未判定,未細分,point,法雲寺の梵鐘,延焼危険度,延焼危険度,延焼危険度｜延焼危険度
13104:57,fire,延焼危険度,5.0,,,,13104,新宿区,Unknown,Unknown,未判定,未細分,point,圓照寺の梵鐘,延焼危険度,延焼危険度,延焼危険度｜延焼危険度
13104:58,fire,延焼危険度,5.0,,,,13104,新宿区,Unknown,Unknown,未判定,未細分,point,薬王院の梵鐘,延焼危険度,延焼危険度,延焼危険度｜延焼危険度
13104:59,fire,延焼危険度,4.0,,,,13104,新宿区,Unknown,Unknown,未判定,未細分,point,西應寺の梵鐘,延焼危険度,延焼危険度,延焼危険度｜延焼危険度
13104:60,fire,延焼危険度,3.0,,,,13104,新宿区,Unknown,Unknown,未判定,未細分,point,光照寺の涅槃図,延焼危険度,延焼危険度,延焼危険度｜延焼危険度
13104:61,fire,延焼危険度,3.0,,,,13104,新宿区,Unknown,Unknown,未判定,未細分,point,長安寺の六地蔵塔,延焼危険度,延焼危険度,延焼危険度｜延焼危険度
13104:62,fire,延焼危険度,3.0,,,,13104,新宿区,Unknown,Unknown,未判定,未細分,point,太宗寺墓地出土品,延焼危険度,延焼危険度,延焼危険度｜延焼危険度
13104:63,fire,延焼危険度,3.0,,,,13104,新宿区,Unknown,Unknown,未判定,未細分,point,小銅鐸,延焼危険度,延焼危険度,延焼危険度｜延焼危険度
13104:64,fire,延焼危険度,3.0,,,,13104,新宿区,Unknown,Unknown,未判定,未細分,point,隆起線文系土器,延焼危険度,延焼危険度,延焼危険度｜延焼危険度
13104:65,fire,延焼危険度,3.0,,,,13104,新宿区,Unknown,Unknown,未判定,未細分,point,下落合横穴墓出土品,延焼危険度,延焼危険度,延焼危険度｜延焼危険度
13104:66,fire,延焼危険度,3.0,,,,13104,新宿区,Unknown,Unknown,未判定,未細分,point,一行院墓地出土品,延焼危険度,延焼危険度,延焼危険度｜延焼危険度
13104:67,fire,延焼危険度,3.0,,,,13104,新宿区,Unknown,Unknown,未判定,未細分,point,中村家文書,延焼危険度,延焼危険度,延焼危険度｜延焼危険度
13104:68,fire,延焼危険度,3.0,,,,13104,新宿区,Unknown,Unknown,未判定,未細分,point,林光寺の歴代宗主銘,延焼危険度,延焼危険度,延焼危険度｜延焼危険度
13104:69,fire,延焼危険度,3.0,,,,13104,新宿区,Unknown,Unknown,未判定,未細分,point,亮朝院文書,延焼危険度,延焼危険度,延焼危険度｜延焼危険度
13104:70,fire,延焼危険度,5.0,,,,13104,新宿区,Unknown,Unknown,未判定,未細分,point,中井御霊神社文書,延焼危険度,延焼危険度,延焼危険度｜延焼危険度
13104:71,fire,延焼危険度,4.0,,,,13104,新宿区,Unknown,Unknown,未判定,未細分,point,長厳寺文書,延焼危険度,延焼危険度,延焼危険度｜延焼危険度
13104:72,fire,延焼危険度,4.0,,,,13104,新宿区,Unknown,Unknown,未判定,未細分,point,済松寺文書,延焼危険度,延焼危険度,延焼危険度｜延焼危険度
13104:73,fire,延焼危険度,3.0,,,,13104,新宿区,Unknown,Unknown,未判定,未細分,point,林光寺文書,延焼危険度,延焼危険度,延焼危険度｜延焼危険度
13104:74,fire,延焼危険度,4.0,,,,13104,新宿区,Unknown,Unknown,未判定,未細分,point,大聖院文書,延焼危険度,延焼危険度,延焼危険度｜延焼危険度
13104:75,fire,延焼危険度,5.0,,,,13104,新宿区,Unknown,Unknown,未判定,未細分,point,法身寺文書,延焼危険度,延焼危険度,延焼危険度｜延焼危険度
13104:76,fire,延焼危険度,3.0,,,,13104,新宿区,Unknown,Unknown,未判定,未細分,point,旭地蔵,延焼危険度,延焼危険度,延焼危険度｜延焼危険度
13104:77,fire,延焼危険度,3.0,,,,13104,新宿区,Unknown,Unknown,未判定,未細分,point,子供合埋碑,延焼危険度,延焼危険度,延焼危険度｜延焼危険度
13104:78,fire,延焼危険度,1.0,,,,13104,新宿区,Unknown,Unknown,未判定,未細分,point,式三番奉納額,延焼危険度,延焼危険度,延焼危険度｜延焼危険度
13104:79,fire,延焼危険度,5.0,,,,13104,新宿区,Unknown,Unknown,未判定,未細分,point,旧鈴法寺江戸番所資料,延焼危険度,延焼危険度,延焼危険度｜延焼危険度
13104:80,fire,延焼危険度,3.0,,,,13104,新宿区,Unknown,Unknown,未判定,未細分,point,空印の石手水鉢,延焼危険度,延焼危険度,延焼危険度｜延焼危険度
13104:81,fire,延焼危険度,3.0,,,,13104,新宿区,Unknown,Unknown,未判定,未細分,point,堀部武庸加功遺跡之碑,延焼危険度,延焼危険度,延焼危険度｜延焼危険度
13104:82,fire,延焼危険度,4.0,,,,13104,新宿区,Unknown,Unknown,未判定,未細分,point,幸国寺の日蓮聖人六百遠忌供養塔,延焼危険度,延焼危険度,延焼危険度｜延焼危険度
13104:83,fire,延焼危険度,3.0,,,,13104,新宿区,Unknown,Unknown,未判定,未細分,point,太宗寺の切支丹灯籠,延焼危険度,延焼危険度,延焼危険度｜延焼危険度
13104:84,fire,延焼危険度,3.0,,,,13104,新宿区,Unknown,Unknown,未判定,未細分,point,諸国旅人供養碑,延焼危険度,延焼危険度,延焼危険度｜延焼危険度
13104:85,fire,延焼危険度,4.0,,,,13104,新宿区,Unknown,Unknown,未判定,未細分,point,服部半蔵の槍,延焼危険度,延焼危険度,延焼危険度｜延焼危険度
13104:86,fire,延焼危険度,2.0,,,,13104,新宿区,Unknown,Unknown,未判定,未細分,point,駿馬塚の碑,延焼危険度,延焼危険度,延焼危険度｜延焼危険度
13104:87,fire,延焼危険度,2.0,,,,13104,新宿区,Unknown,Unknown,未判定,未細分,point,月桂寺の切支丹灯籠,延焼危険度,延焼危険度,延焼危険度｜延焼危険度
13104:88,fire,延焼危険度,3.0,,,,13104,新宿区,Unknown,Unknown,未判定,未細分,point,木造七面明神半跏像及び宮殿,延焼危険度,延焼危険度,延焼危険度｜延焼危険度
13104:89,fire,延焼危険度,3.0,,,,13104,新宿区,Unknown,Unknown,未判定,未細分,point,木造妙見菩薩立像及び宮殿,延焼危険度,延焼危険度,延焼危険度｜延焼危険度
13104:90,fire,延焼危険度,3.0,,,,13104,新宿区,Unknown,Unknown,未判定,未細分,point,木造諏訪大明神坐像及び宮殿,延焼危険度,延焼危険度,延焼危険度｜延焼危険度
13104:91,fire,延焼危険度,2.0,,,,13104,新宿区,Unknown,Unknown,未判定,未細分,point,市谷亀岡八幡宮の几号水準点(水鉢台座),延焼危険度,延焼危険度,延焼危険度｜延焼危険度
13104:93,fire,延焼危険度,4.0,,,,13104,新宿区,Unknown,Unknown,未判定,未細分,point,自証院の阿弥陀三尊種子板碑,延焼危険度,延焼危険度,延焼危険度｜延焼危険度
13104:94,fire,延焼危険度,5.0,,,,13104,新宿区,Unknown,Unknown,未判定,未細分,point,来迎寺の庚申塔,延焼危険度,延焼危険度,延焼危険度｜延焼危険度
13104:95,fire,延焼危険度,3.0,,,,13104,新宿区,Unknown,Unknown,未判定,未細分,point,正受院の奪衣婆像,延焼危険度,延焼危険度,延焼危険度｜延焼危険度
13104:96,fire,延焼危険度,5.0,,,,13104,新宿区,Unknown,Unknown,未判定,未細分,point,中井御霊神社の備射祭絵馬,延焼危険度,延焼危険度,延焼危険度｜延焼危険度
13104:97,fire,延焼危険度,5.0,,,,13104,新宿区,Unknown,Unknown,未判定,未細分,point,中井御霊神社の分木,延焼危険度,延焼危険度,延焼危険度｜延焼危険度
13104:98,fire,延焼危険度,4.0,,,,13104,新宿区,Unknown,Unknown,未判定,未細分,point,自性院の私年号板碑,延焼危険度,延焼危険度,延焼危険度｜延焼危険度
13104:99,fire,延焼危険度,4.0,,,,13104,新宿区,Unknown,Unknown,未判定,未細分,point,月見岡八幡神社の庚申塔,延焼危険度,延焼危険度,延焼危険度｜延焼危険度
13104:100,fire,延焼危険度,5.0,,,,13104,新宿区,Unknown,Unknown,未判定,未細分,point,狛犬型庚申塔,延焼危険度,延焼危険度,延焼危険度｜延焼危険度
13104:101,fire,延焼危険度,3.0,,,,13104,新宿区,Unknown,Unknown,未判定,未細分,point,太宗寺の閻魔像,延焼危険度,延焼危険度,延焼危険度｜延焼危険度
13104:102,fire,延焼危険度,3.0,,,,13104,新宿区,Unknown,Unknown,未判定,未細分,point,太宗寺の奪衣婆像,延焼危険度,延焼危険度,延焼危険度｜延焼危険度
13104:103,fire,延焼危険度,4.0,,,,13104,新宿区,Unknown,Unknown,未判定,未細分,point,葛谷御霊神社の力石,延焼危険度,延焼危険度,延焼危険度｜延焼危険度
13104:104,fire,延焼危険度,4.0,,,,13104,新宿区,Unknown,Unknown,未判定,未細分,point,成子天神社の力石,延焼危険度,延焼危険度,延焼危険度｜延焼危険度
13104:105,fire,延焼危険度,5.0,,,,13104,新宿区,Unknown,Unknown,未判定,未細分,point,雨乞のむしろ旗,延焼危険度,延焼危険度,延焼危険度｜延焼危険度
13104:106,fire,延焼危険度,2.0,,,,13104,新宿区,Unknown,Unknown,未判定,未細分,point,市谷亀岡八幡宮の力石,延焼危険度,延焼危険度,延焼危険度｜延焼危険度
13104:107,fire,延焼危険度,3.0,,,,13104,新宿区,Unknown,Unknown,未判定,未細分,point,筑土八幡神社の庚申塔,延焼危険度,延焼危険度,延焼危険度｜延焼危険度
13104:108,fire,延焼危険度,4.0,,,,13104,新宿区,Unknown,Unknown,未判定,未細分,point,尺八「放下着」一式ならびに普化尺八伝授関連資料,延焼危険度,延焼危険度,延焼危険度｜延焼危険度
13104:109,fire,延焼危険度,4.0,,,,13104,新宿区,Unknown,Unknown,未判定,未細分,point,善国寺の石虎,延焼危険度,延焼危険度,延焼危険度｜延焼危険度
13104:110,fire,延焼危険度,5.0,,,,13104,新宿区,Unknown,Unknown,未判定,未細分,point,中井御霊神社の狛犬,延焼危険度,延焼危険度,延焼危険度｜延焼危険度
13104:111,fire,延焼危険度,3.0,,,,13104,新宿区,Unknown,Unknown,未判定,未細分,point,巴講睦の獅子頭,延焼危険度,延焼危険度,延焼危険度｜延焼危険度
13104:112,fire,延焼危険度,3.0,,,,13104,新宿区,Unknown,Unknown,未判定,未細分,point,一行院の板碑,延焼危険度,延焼危険度,延焼危険度｜延焼危険度
13104:113,fire,延焼危険度,4.0,,,,13104,新宿区,Unknown,Unknown,未判定,未細分,point,塞神三柱の塔,延焼危険度,延焼危険度,延焼危険度｜延焼危険度
13104:114,fire,延焼危険度,4.0,,,,13104,新宿区,Unknown,Unknown,未判定,未細分,point,全龍寺の庚申塔,延焼危険度,延焼危険度,延焼危険度｜延焼危険度
13104:115,fire,延焼危険度,3.0,,,,13104,新宿区,Unknown,Unknown,未判定,未細分,point,慈雲山観音寺の庚申塔,延焼危険度,延焼危険度,延焼危険度｜延焼危険度
13104:116,fire,延焼危険度,3.0,,,,13104,新宿区,Unknown,Unknown,未判定,未細分,point,下落合二丁目の庚申塔,延焼危険度,延焼危険度,延焼危険度｜延焼危険度
13104:117,fire,延焼危険度,3.0,,,,13104,新宿区,Unknown,Unknown,未判定,未細分,point,旧源兵衛村の庚申塔,延焼危険度,延焼危険度,延焼危険度｜延焼危険度
13104:118,fire,延焼危険度,4.0,,,,13104,新宿区,Unknown,Unknown,未判定,未細分,point,幸国寺の題目塔,延焼危険度,延焼危険度,延焼危険度｜延焼危険度
13104:119,fire,延焼危険度,1.0,,,,13104,新宿区,Unknown,Unknown,未判定,未細分,point,熊野神社の狛犬,延焼危険度,延焼危険度,延焼危険度｜延焼危険度
13104:120,fire,延焼危険度,4.0,,,,13104,新宿区,Unknown,Unknown,未判定,未細分,point,高田馬場の流鏑馬,延焼危険度,延焼危険度,延焼危険度｜延焼危険度
13104:121,fire,延焼危険度,5.0,,,,13104,新宿区,Unknown,Unknown,未判定,未細分,point,中井御霊神社の備射祭,延焼危険度,延焼危険度,延焼危険度｜延焼危険度
13104:122,fire,延焼危険度,4.0,,,,13104,新宿区,Unknown,Unknown,未判定,未細分,point,葛谷御霊神社の備謝祭,延焼危険度,延焼危険度,延焼危険度｜延焼危険度
13104:123,fire,延焼危険度,3.0,,,,13104,新宿区,Unknown,Unknown,未判定,未細分,point,丸藤宮元講社の富士講行事,延焼危険度,延焼危険度,延焼危険度｜延焼危険度
13104:124,fire,延焼危険度,3.0,,,,13104,新宿区,Unknown,Unknown,未判定,未細分,point,戸塚囃子,延焼危険度,延焼危険度,延焼危険度｜延焼危険度
13104:125,fire,延焼危険度,4.0,,,,13104,新宿区,Unknown,Unknown,未判定,未細分,point,萩原社中里神楽,延焼危険度,延焼危険度,延焼危険度｜延焼危険度
13104:126,fire,延焼危険度,4.0,,,,13104,新宿区,Unknown,Unknown,未判定,未細分,point,上落合餅つき唄,延焼危険度,延焼危険度,延焼危険度｜延焼危険度
13104:127,fire,延焼危険度,3.0,,,,13104,新宿区,Unknown,Unknown,未判定,未細分,point,鉄砲組百人隊行列,延焼危険度,延焼危険度,延焼危険度｜延焼危険度
13104:128,fire,延焼危険度,4.0,,,,13104,新宿区,Unknown,Unknown,未判定,未細分,point,高松喜六の墓,延焼危険度,延焼危険度,延焼危険度｜延焼危険度
13104:129,fire,延焼危険度,4.0,,,,13104,新宿区,Unknown,Unknown,未判定,未細分,point,服部半蔵の墓,延焼危険度,延焼危険度,延焼危険度｜延焼危険度
13104:130,fire,延焼危険度,4.0,,,,13104,新宿区,Unknown,Unknown,未判定,未細分,point,小泉八雲旧居跡,延焼危険度,延焼危険度,延焼危険度｜延焼危険度
13104:131,fire,延焼危険度,4.0,,,,13104,新宿区,Unknown,Unknown,未判定,未細分,point,塙保己一の墓,延焼危険度,延焼危険度,延焼危険度｜延焼危険度
13104:132,fire,延焼危険度,4.0,,,,13104,新宿区,Unknown,Unknown,未判定,未細分,point,山県大弐の墓,延焼危険度,延焼危険度,延焼危険度｜延焼危険度
13104:133,fire,延焼危険度,1.0,,,,13104,新宿区,Unknown,Unknown,未判定,未細分,point,十二社の碑,延焼危険度,延焼危険度,延焼危険度｜延焼危険度
13104:134,fire,延焼危険度,4.0,,,,13104,新宿区,Unknown,Unknown,未判定,未細分,point,松井須磨子の墓,延焼危険度,延焼危険度,延焼危険度｜延焼危険度
13104:135,fire,延焼危険度,4.0,,,,13104,新宿区,Unknown,Unknown,未判定,未細分,point,源清麿の墓,延焼危険度,延焼危険度,延焼危険度｜延焼危険度
13104:136,fire,延焼危険度,5.0,,,,13104,新宿区,Unknown,Unknown,未判定,未細分,point,尾崎紅葉旧居跡,延焼危険度,延焼危険度,延焼危険度｜延焼危険度
13104:137,fire,延焼危険度,3.0,,,,13104,新宿区,Unknown,Unknown,未判定,未細分,point,田村虎蔵旧居跡,延焼危険度,延焼危険度,延焼危険度｜延焼危険度
13104:138,fire,延焼危険度,3.0,,,,13104,新宿区,Unknown,Unknown,未判定,未細分,point,恋川春町の墓,延焼危険度,延焼危険度,延焼危険度｜延焼危険度
13104:139,fire,延焼危険度,4.0,,,,13104,新宿区,Unknown,Unknown,未判定,未細分,point,月岡芳年の墓,延焼危険度,延焼危険度,延焼危険度｜延焼危険度
13104:140,fire,延焼危険度,2.0,,,,13104,新宿区,Unknown,Unknown,未判定,未細分,point,浄瑠璃坂の仇討跡,延焼危険度,延焼危険度,延焼危険度｜延焼危険度
13104:141,fire,延焼危険度,3.0,,,,13104,新宿区,Unknown,Unknown,未判定,未細分,point,国産飛行機発祥の地,延焼危険度,延焼危険度,延焼危険度｜延焼危険度
13104:142,fire,延焼危険度,4.0,,,,13104,新宿区,Unknown,Unknown,未判定,未細分,point,大久保の犬御用屋敷跡,延焼危険度,延焼危険度,延焼危険度｜延焼危険度
13104:143,fire,延焼危険度,2.0,,,,13104,新宿区,Unknown,Unknown,未判定,未細分,point,三遊亭円朝旧居跡,延焼危険度,延焼危険度,延焼危険度｜延焼危険度
13104:144,fire,延焼危険度,5.0,,,,13104,新宿区,Unknown,Unknown,未判定,未細分,point,夏目漱石誕生の地,延焼危険度,延焼危険度,延焼危険度｜延焼危険度
13104:145,fire,延焼危険度,4.0,,,,13104,新宿区,Unknown,Unknown,未判定,未細分,point,夏目漱石終焉の地,延焼危険度,延焼危険度,延焼危険度｜延焼危険度
13104:146,fire,延焼危険度,2.0,,,,13104,新宿区,Unknown,Unknown,未判定,未細分,point,便々館湖鯉鮒狂歌碑,延焼危険度,延焼危険度,延焼危険度｜延焼危険度
13104:147,fire,延焼危険度,4.0,,,,13104,新宿区,Unknown,Unknown,未判定,未細分,point,永井荷風旧居跡,延焼危険度,延焼危険度,延焼危険度｜延焼危険度
13104:148,fire,延焼危険度,4.0,,,,13104,新宿区,Unknown,Unknown,未判定,未細分,point,岡崎三郎信康供養塔,延焼危険度,延焼危険度,延焼危険度｜延焼危険度
13104:149,fire,延焼危険度,4.0,,,,13104,新宿区,Unknown,Unknown,未判定,未細分,point,榊原鍵吉の墓,延焼危険度,延焼危険度,延焼危険度｜延焼危険度
13104:150,fire,延焼危険度,4.0,,,,13104,新宿区,Unknown,Unknown,未判定,未細分,point,平秩東作の墓,延焼危険度,延焼危険度,延焼危険度｜延焼危険度
13104:151,fire,延焼危険度,3.0,,,,13104,新宿区,Unknown,Unknown,未判定,未細分,point,二葉亭四迷旧居跡,延焼危険度,延焼危険度,延焼危険度｜延焼危険度
13104:152,fire,延焼危険度,5.0,,,,13104,新宿区,Unknown,Unknown,未判定,未細分,point,大和田建樹終焉の地,延焼危険度,延焼危険度,延焼危険度｜延焼危険度
13104:153,fire,延焼危険度,4.0,,,,13104,新宿区,Unknown,Unknown,未判定,未細分,point,有島武郎旧居跡,延焼危険度,延焼危険度,延焼危険度｜延焼危険度
13104:154,fire,延焼危険度,5.0,,,,13104,新宿区,Unknown,Unknown,未判定,未細分,point,島村抱月終焉の地 (芸術倶楽部跡),延焼危険度,延焼危険度,延焼危険度｜延焼危険度
13104:155,fire,延焼危険度,3.0,,,,13104,新宿区,Unknown,Unknown,未判定,未細分,point,内藤正勝の墓,延焼危険度,延焼危険度,延焼危険度｜延焼危険度
13104:156,fire,延焼危険度,2.0,,,,13104,新宿区,Unknown,Unknown,未判定,未細分,point,筒井政憲の墓,延焼危険度,延焼危険度,延焼危険度｜延焼危険度
13104:157,fire,延焼危険度,4.0,,,,13104,新宿区,Unknown,Unknown,未判定,未細分,point,小泉八雲終焉の地,延焼危険度,延焼危険度,延焼危険度｜延焼危険度
13104:158,fire,延焼危険度,4.0,,,,13104,新宿区,Unknown,Unknown,未判定,未細分,point,紅皿の墓,延焼危険度,延焼危険度,延焼危険度｜延焼危険度
13104:159,fire,延焼危険度,4.0,,,,13104,新宿区,Unknown,Unknown,未判定,未細分,point,坪内逍遙旧居跡(文芸協会演劇研究所跡),延焼危険度,延焼危険度,延焼危険度｜延焼危険度
13104:160,fire,延焼危険度,4.0,,,,13104,新宿区,Unknown,Unknown,未判定,未細分,point,佐伯祐三アトリエの地,延焼危険度,延焼危険度,延焼危険度｜延焼危険度
13104:161,fire,延焼危険度,3.0,,,,13104,新宿区,Unknown,Unknown,未判定,未細分,point,滝沢馬琴終焉の地,延焼危険度,延焼危険度,延焼危険度｜延焼危険度
13104:162,fire,延焼危険度,3.0,,,,13104,新宿区,Unknown,Unknown,未判定,未細分,point,柳田國男旧居跡,延焼危険度,延焼危険度,延焼危険度｜延焼危険度
13104:163,fire,延焼危険度,4.0,,,,13104,新宿区,Unknown,Unknown,未判定,未細分,point,斎藤茂吉終焉の地,延焼危険度,延焼危険度,延焼危険度｜延焼危険度
13104:164,fire,延焼危険度,3.0,,,,13104,新宿区,Unknown,Unknown,未判定,未細分,point,下村湖人終焉の地,延焼危険度,延焼危険度,延焼危険度｜延焼危険度
13104:165,fire,延焼危険度,4.0,,,,13104,新宿区,Unknown,Unknown,未判定,未細分,point,落合秋艸堂跡(會津八一旧居跡),延焼危険度,延焼危険度,延焼危険度｜延焼危険度
13104:166,fire,延焼危険度,3.0,,,,13104,新宿区,Unknown,Unknown,未判定,未細分,point,西條八十旧居跡,延焼危険度,延焼危険度,延焼危険度｜延焼危険度
13104:167,fire,延焼危険度,3.0,,,,13104,新宿区,Unknown,Unknown,未判定,未細分,point,女人芸術社跡(長谷川時雨・三上於菟吉旧居跡),延焼危険度,延焼危険度,延焼危険度｜延焼危険度
13104:168,fire,延焼危険度,5.0,,,,13104,新宿区,Unknown,Unknown,未判定,未細分,point,内村鑑三終焉の地(今井館聖書講堂跡),延焼危険度,延焼危険度,延焼危険度｜延焼危険度
13104:169,fire,延焼危険度,2.0,,,,13104,新宿区,Unknown,Unknown,未判定,未細分,point,鈴木三重吉終焉の地(「赤い鳥」社跡),延焼危険度,延焼危険度,延焼危険度｜延焼危険度
13104:170,fire,延焼危険度,4.0,,,,13104,新宿区,Unknown,Unknown,未判定,未細分,point,鏑木清方旧居跡,延焼危険度,延焼危険度,延焼危険度｜延焼危険度
13104:171,fire,延焼危険度,2.0,,,,13104,新宿区,Unknown,Unknown,未判定,未細分,point,辰野金吾の墓,延焼危険度,延焼危険度,延焼危険度｜延焼危険度
13104:172,fire,延焼危険度,3.0,,,,13104,新宿区,Unknown,Unknown,未判定,未細分,point,牛込城跡,延焼危険度,延焼危険度,延焼危険度｜延焼危険度
13104:173,fire,延焼危険度,3.0,,,,13104,新宿区,Unknown,Unknown,未判定,未細分,point,富塚跡,延焼危険度,延焼危険度,延焼危険度｜延焼危険度
13104:174,fire,延焼危険度,3.0,,,,13104,新宿区,Unknown,Unknown,未判定,未細分,point,便々館湖鯉鮒の墓,延焼危険度,延焼危険度,延焼危険度｜延焼危険度
13104:175,fire,延焼危険度,4.0,,,,13104,新宿区,Unknown,Unknown,未判定,未細分,point,成子天神社の富士塚,延焼危険度,延焼危険度,延焼危険度｜延焼危険度
13104:176,fire,延焼危険度,4.0,,,,13104,新宿区,Unknown,Unknown,未判定,未細分,point,生田春月旧居跡,延焼危険度,延焼危険度,延焼危険度｜延焼危険度
13104:177,fire,延焼危険度,5.0,,,,13104,新宿区,Unknown,Unknown,未判定,未細分,point,泉鏡花旧居跡,延焼危険度,延焼危険度,延焼危険度｜延焼危険度
13104:178,fire,延焼危険度,5.0,,,,13104,新宿区,Unknown,Unknown,未判定,未細分,point,林芙美子終焉の地,延焼危険度,延焼危険度,延焼危険度｜延焼危険度
13104:179,fire,延焼危険度,3.0,,,,13104,新宿区,Unknown,Unknown,未判定,未細分,point,塚本明毅の墓碑,延焼危険度,延焼危険度,延焼危険度｜延焼危険度
13104:180,fire,延焼危険度,4.0,,,,13104,新宿区,Unknown,Unknown,未判定,未細分,point,萩原宗固の墓,延焼危険度,延焼危険度,延焼危険度｜延焼危険度
13104:181,fire,延焼危険度,4.0,,,,13104,新宿区,Unknown,Unknown,未判定,未細分,point,吉川湊一の墓,延焼危険度,延焼危険度,延焼危険度｜延焼危険度
13104:182,fire,延焼危険度,3.0,,,,13104,新宿区,Unknown,Unknown,未判定,未細分,point,東京府仮小学第三校跡,延焼危険度,延焼危険度,延焼危険度｜延焼危険度
13104:183,fire,延焼危険度,1.0,,,,13104,新宿区,Unknown,Unknown,未判定,未細分,point,シイ,延焼危険度,延焼危険度,延焼危険度｜延焼危険度
13104:184,fire,延焼危険度,4.0,,,,13104,新宿区,Unknown,Unknown,未判定,未細分,point,イチョウ,延焼危険度,延焼危険度,延焼危険度｜延焼危険度
13104:185,fire,延焼危険度,2.0,,,,13104,新宿区,Unknown,Unknown,未判定,未細分,point,末広亭,延焼危険度,延焼危険度,延焼危険度｜延焼危険度
13104:186,fire,延焼危険度,3.0,,,,13104,新宿区,Unknown,Unknown,未判定,未細分,point,歌舞伎町建設記念碑,延焼危険度,延焼危険度,延焼危険度｜延焼危険度
13104:187,fire,延焼危険度,1.0,,,,13104,新宿区,Unknown,Unknown,未判定,未細分,point,六桜社跡,延焼危険度,延焼危険度,延焼危険度｜延焼危険度
13104:188,fire,延焼危険度,4.0,,,,13104,新宿区,Unknown,Unknown,未判定,未細分,point,佐々木活字店,延焼危険度,延焼危険度,延焼危険度｜延焼危険度
13104:189,fire,延焼危険度,3.0,,,,13104,新宿区,Unknown,Unknown,未判定,未細分,point,近衛篤麿公記念碑,延焼危険度,延焼危険度,延焼危険度｜延焼危険度
13104:190,fire,延焼危険度,2.0,,,,13104,新宿区,Unknown,Unknown,未判定,未細分,point,花園神社の二宮尊徳像,延焼危険度,延焼危険度,延焼危険度｜延焼危険度
13104:191,fire,延焼危険度,4.0,,,,13104,新宿区,Unknown,Unknown,未判定,未細分,point,長谷川平蔵埋葬の地,延焼危険度,延焼危険度,延焼危険度｜延焼危険度
13104:192,fire,延焼危険度,4.0,,,,13104,新宿区,Unknown,Unknown,未判定,未細分,point,神楽坂の東八拳,延焼危険度,延焼危険度,延焼危険度｜延焼危険度
13104:193,fire,延焼危険度,4.0,,,,13104,新宿区,Unknown,Unknown,未判定,未細分,point,神楽坂をどり,延焼危険度,延焼危険度,延焼危険度｜延焼危険度
13104:194,fire,延焼危険度,3.0,,,,13104,新宿区,Unknown,Unknown,未判定,未細分,point,旧近衛邸のケヤキ,延焼危険度,延焼危険度,延焼危険度｜延焼危険度
13104:195,fire,延焼危険度,3.0,,,,13104,新宿区,Unknown,Unknown,未判定,未細分,point,オブジェ「歓び(PLAISIR)」,延焼危険度,延焼危険度,延焼危険度｜延焼危険度
13104:196,fire,延焼危険度,4.0,,,,13104,新宿区,Unknown,Unknown,未判定,未細分,point,源兵衛子育地蔵尊の石造物群,延焼危険度,延焼危険度,延焼危険度｜延焼危険度
13104:197,fire,延焼危険度,4.0,,,,13104,新宿区,Unknown,Unknown,未判定,未細分,point,彰忠碑,延焼危険度,延焼危険度,延焼危険度｜延焼危険度
13104:198,fire,延焼危険度,3.0,,,,13104,新宿区,Unknown,Unknown,未判定,未細分,point,太平洋戦争本土初空襲の地跡,延焼危険度,延焼危険度,延焼危険度｜延焼危険度
13104:199,fire,延焼危険度,2.0,,,,13104,新宿区,Unknown,Unknown,未判定,未細分,point,名曲喫茶らんぶる,延焼危険度,延焼危険度,延焼危険度｜延焼危険度
13104:200,fire,延焼危険度,4.0,,,,13104,新宿区,Unknown,Unknown,未判定,未細分,point,西落合耕地整理記念碑,延焼危険度,延焼危険度,延焼危険度｜延焼危険度
13104:201,fire,延焼危険度,1.0,,,,13104,新宿区,Unknown,Unknown,未判定,未細分,point,旧淀橋浄水場蝶型弁,延焼危険度,延焼危険度,延焼危険度｜延焼危険度
13104:202,fire,延焼危険度,1.0,,,,13104,新宿区,Unknown,Unknown,未判定,未細分,point,旧淀橋浄水場六角堂,延焼危険度,延焼危険度,延焼危険度｜延焼危険度
13104:203,fire,延焼危険度,3.0,,,,13104,新宿区,Unknown,Unknown,未判定,未細分,point,巴講睦の獅子図屏風,延焼危険度,延焼危険度,延焼危険度｜延焼危険度
13104:204,fire,延焼危険度,4.0,,,,13104,新宿区,Unknown,Unknown,未判定,未細分,point,服部良一旧居跡,延焼危険度,延焼危険度,延焼危険度｜延焼危険度
13104:205,fire,延焼危険度,4.0,,,,13104,新宿区,Unknown,Unknown,未判定,未細分,point,天祖神社の神門,延焼危険度,延焼危険度,延焼危険度｜延焼危険度
13104:206,fire,延焼危険度,2.0,,,,13104,新宿区,Unknown,Unknown,未判定,未細分,point,戸山射撃場跡,延焼危険度,延焼危険度,延焼危険度｜延焼危険度
13104:207,fire,延焼危険度,5.0,,,,13104,新宿区,Unknown,Unknown,未判定,未細分,point,喜久井町 戦災者供養観音像,延焼危険度,延焼危険度,延焼危険度｜延焼危険度
13104:208,fire,延焼危険度,3.0,,,,13104,新宿区,Unknown,Unknown,未判定,未細分,point,白糸塚,延焼危険度,延焼危険度,延焼危険度｜延焼危険度
13104:209,fire,延焼危険度,5.0,,,,13104,新宿区,Unknown,Unknown,未判定,未細分,point,獅子吼会の山門,延焼危険度,延焼危険度,延焼危険度｜延焼危険度
13104:210,fire,延焼危険度,3.0,,,,13104,新宿区,Unknown,Unknown,未判定,未細分,point,田島森碑,延焼危険度,延焼危険度,延焼危険度｜延焼危険度
13104:211,fire,延焼危険度,2.0,,,,13104,新宿区,Unknown,Unknown,未判定,未細分,point,忠魂碑,延焼危険度,延焼危険度,延焼危険度｜延焼危険度
13104:212,fire,延焼危険度,3.0,,,,13104,新宿区,Unknown,Unknown,未判定,未細分,point,祭馬碑,延焼危険度,延焼危険度,延焼危険度｜延焼危険度
13104:213,fire,延焼危険度,5.0,,,,13104,新宿区,Unknown,Unknown,未判定,未細分,point,渡辺玉花旧居,延焼危険度,延焼危険度,延焼危険度｜延焼危険度
13104:214,fire,延焼危険度,2.0,,,,13104,新宿区,Unknown,Unknown,未判定,未細分,point,花園アパート跡,延焼危険度,延焼危険度,延焼危険度｜延焼危険度
13104:215,fire,延焼危険度,3.0,,,,13104,新宿区,Unknown,Unknown,未判定,未細分,point,美濃国高須藩主 松平家上屋敷跡,延焼危険度,延焼危険度,延焼危険度｜延焼危険度
13104:216,fire,延焼危険度,4.0,,,,13104,新宿区,Unknown,Unknown,未判定,未細分,point,水準点II号,延焼危険度,延焼危険度,延焼危険度｜延焼危険度
13104:217,fire,延焼危険度,4.0,,,,13104,新宿区,Unknown,Unknown,未判定,未細分,point,東京若葉キリスト教会,延焼危険度,延焼危険度,延焼危険度｜延焼危険度
13104:218,fire,延焼危険度,2.0,,,,13104,新宿区,Unknown,Unknown,未判定,未細分,point,稲荷鬼王神社の節分祭,延焼危険度,延焼危険度,延焼危険度｜延焼危険度
13104:219,fire,延焼危険度,5.0,,,,13104,新宿区,Unknown,Unknown,未判定,未細分,point,中井御霊神社の節分祭,延焼危険度,延焼危険度,延焼危険度｜延焼危険度
13104:220,fire,延焼危険度,2.0,,,,13104,新宿区,Unknown,Unknown,未判定,未細分,point,花園神社の節分祭,延焼危険度,延焼危険度,延焼危険度｜延焼危険度
13104:221,fire,延焼危険度,3.0,,,,13104,新宿区,Unknown,Unknown,未判定,未細分,point,氷川神社の節分祭,延焼危険度,延焼危険度,延焼危険度｜延焼危険度
13104:222,fire,延焼危険度,5.0,,,,13104,新宿区,Unknown,Unknown,未判定,未細分,point,鎧神社の節分祭,延焼危険度,延焼危険度,延焼危険度｜延焼危険度
13104:223,fire,延焼危険度,4.0,,,,13104,新宿区,Unknown,Unknown,未判定,未細分,point,自性院の節分会,延焼危険度,延焼危険度,延焼危険度｜延焼危険度
13104:224,fire,延焼危険度,4.0,,,,13104,新宿区,Unknown,Unknown,未判定,未細分,point,有隣園跡,延焼危険度,延焼危険度,延焼危険度｜延焼危険度
13104:225,fire,延焼危険度,3.0,,,,13104,新宿区,Unknown,Unknown,未判定,未細分,point,太宗寺の閻魔大王開帳,延焼危険度,延焼危険度,延焼危険度｜延焼危険度
13104:226,fire,延焼危険度,3.0,,,,13104,新宿区,Unknown,Unknown,未判定,未細分,point,太宗寺の大震災紀念碑,延焼危険度,延焼危険度,延焼危険度｜延焼危険度
13104:227,fire,延焼危険度,4.0,,,,13104,新宿区,Unknown,Unknown,未判定,未細分,point,放生寺の水掛け地蔵と大震火災死亡群霊塔,延焼危険度,延焼危険度,延焼危険度｜延焼危険度
13104:228,fire,延焼危険度,3.0,,,,13104,新宿区,Unknown,Unknown,未判定,未細分,point,文学座アトリエ,延焼危険度,延焼危険度,延焼危険度｜延焼危険度
13104:230,fire,延焼危険度,3.0,,,,13104,新宿区,Unknown,Unknown,未判定,未細分,point,弘文学院跡,延焼危険度,延焼危険度,延焼危険度｜延焼危険度
13104:231,fire,延焼危険度,2.0,,,,13104,新宿区,Unknown,Unknown,未判定,未細分,point,ムーラン・ルージュ新宿座跡,延焼危険度,延焼危険度,延焼危険度｜延焼危険度
official_export_001:19,fire,延焼危険度,2.0,,,,13104,新宿区,National,Designated,有形文化財,建造物,building_direct,学習院旧正門,延焼危険度,延焼危険度,延焼危険度｜延焼危険度
official_export_001:43,fire,延焼危険度,3.0,,,,13104,新宿区,National,Designated,有形文化財,建造物,building_direct,旧馬場家牛込邸,延焼危険度,延焼危険度,延焼危険度｜延焼危険度
official_export_001:79,fire,延焼危険度,2.0,,,,13104,新宿区,National,Designated,有形文化財,建造物,building_direct,新宿御苑旧洋館御休所,延焼危険度,延焼危険度,延焼危険度｜延焼危険度
official_export_001:84,fire,延焼危険度,1.0,,,,13104,新宿区,National,Designated,有形文化財,建造物,building_direct,聖徳記念絵画館,延焼危険度,延焼危険度,延焼危険度｜延焼危険度
official_export_001:197,fire,延焼危険度,3.0,,,,13104,新宿区,National,Designated,有形文化財,建造物,building_direct,早稲田大学大隈記念講堂,延焼危険度,延焼危険度,延焼危険度｜延焼危険度
official_export_002:11,fire,延焼危険度,4.0,,,,13104,新宿区,National,Registered,有形文化財,建造物,building_direct,新井家住宅主屋,延焼危険度,延焼危険度,延焼危険度｜延焼危険度
official_export_002:33,fire,延焼危険度,5.0,,,,13104,新宿区,National,Registered,有形文化財,建造物,building_direct,一水寮,延焼危険度,延焼危険度,延焼危険度｜延焼危険度
official_export_002:158,fire,延焼危険度,5.0,,,,13104,新宿区,National,Registered,有形文化財,建造物,building_direct,旧島津家住宅アトリエ,延焼危険度,延焼危険度,延焼危険度｜延焼危険度
official_export_002:167,fire,延焼危険度,4.0,,,,13104,新宿区,National,Registered,有形文化財,建造物,building_direct,旧常盤家本館(石合家住宅主屋),延焼危険度,延焼危険度,延焼危険度｜延焼危険度
official_export_002:201,fire,延焼危険度,5.0,,,,13104,新宿区,National,Registered,有形文化財,建造物,building_direct,栗原家住宅稲荷社及び石鳥居,延焼危険度,延焼危険度,延焼危険度｜延焼危険度
official_export_002:202,fire,延焼危険度,5.0,,,,13104,新宿区,National,Registered,有形文化財,建造物,building_direct,栗原家住宅蔵,延焼危険度,延焼危険度,延焼危険度｜延焼危険度
official_export_002:203,fire,延焼危険度,5.0,,,,13104,新宿区,National,Registered,有形文化財,建造物,building_direct,栗原家住宅主屋,延焼危険度,延焼危険度,延焼危険度｜延焼危険度
official_export_002:204,fire,延焼危険度,5.0,,,,13104,新宿区,National,Registered,有形文化財,建造物,building_direct,栗原家住宅門柱及び塀,延焼危険度,延焼危険度,延焼危険度｜延焼危険度
official_export_002:269,fire,延焼危険度,4.0,,,,13104,新宿区,National,Registered,有形文化財,建造物,building_direct,新潮社倉庫,延焼危険度,延焼危険度,延焼危険度｜延焼危険度
official_export_002:270,fire,延焼危険度,4.0,,,,13104,新宿区,National,Registered,有形文化財,建造物,building_direct,新潮社本館,延焼危険度,延焼危険度,延焼危険度｜延焼危険度
official_export_002:273,fire,延焼危険度,5.0,,,,13104,新宿区,National,Registered,有形文化財,建造物,building_direct,鈴木家住宅主屋,延焼危険度,延焼危険度,延焼危険度｜延焼危険度
official_export_002:295,fire,延焼危険度,4.0,,,,13104,新宿区,National,Registered,有形文化財,建造物,building_direct,高橋建築事務所社屋,延焼危険度,延焼危険度,延焼危険度｜延焼危険度
official_export_002:388,fire,延焼危険度,3.0,,,,13104,新宿区,National,Registered,有形文化財,建造物,building_direct,日本バプテストキリスト教目白ヶ丘教会礼拝堂,延焼危険度,延焼危険度,延焼危険度｜延焼危険度
official_export_002:433,fire,延焼危険度,3.0,,,,13104,新宿区,National,Registered,有形文化財,建造物,building_direct,宮城道雄記念館検校の間,延焼危険度,延焼危険度,延焼危険度｜延焼危険度
official_export_002:456,fire,延焼危険度,2.0,,,,13104,新宿区,National,Registered,有形文化財,建造物,building_direct,安与ビル,延焼危険度,延焼危険度,延焼危険度｜延焼危険度
official_export_002:465,fire,延焼危険度,4.0,,,,13104,新宿区,National,Registered,有形文化財,建造物,building_direct,矢来能楽堂,延焼危険度,延焼危険度,延焼危険度｜延焼危険度
official_export_003:47,fire,延焼危険度,5.0,,,,13104,新宿区,National,Designated,記念物,天然記念物,point,哲学堂公園,延焼危険度,延焼危険度,延焼危険度｜延焼危険度
official_export_003:69,fire,延焼危険度,4.0,,,,13104,新宿区,National,Designated,記念物,天然記念物,point,山鹿素行墓,延焼危険度,延焼危険度,延焼危険度｜延焼危険度
official_export_003:75,fire,延焼危険度,5.0,,,,13104,新宿区,National,Designated,記念物,天然記念物,point,林氏墓地,延焼危険度,延焼危険度,延焼危険度｜延焼危険度
13104:0,liquefaction,南海トラフ巨大地震,0.07,0<PL≤5,hazard_liquefaction_250m_南海トラフ巨大地震,liquefaction mesh polygon intersection,13104,新宿区,Unknown,Unknown,未判定,未細分,point,市谷亀岡八幡宮の銅鳥居,液状化,南海トラフ巨大地震,液状化｜南海トラフ巨大地震
13104:0,liquefaction,多摩東部直下地震,7.39,5<PL≤15,hazard_liquefaction_250m_多摩東部直下地震,liquefaction mesh polygon intersection,13104,新宿区,Unknown,Unknown,未判定,未細分,point,市谷亀岡八幡宮の銅鳥居,液状化,多摩東部直下地震,液状化｜多摩東部直下地震
13104:0,liquefaction,大正関東地震,4.555,0<PL≤5,hazard_liquefaction_250m_大正関東地震,liquefaction mesh polygon intersection,13104,新宿区,Unknown,Unknown,未判定,未細分,point,市谷亀岡八幡宮の銅鳥居,液状化,大正関東地震,液状化｜大正関東地震
13104:0,liquefaction,都心南部直下地震,7.335,5<PL≤15,hazard_liquefaction_250m_都心南部直下地震,liquefaction mesh polygon intersection,13104,新宿区,Unknown,Unknown,未判定,未細分,point,市谷亀岡八幡宮の銅鳥居,液状化,都心南部直下地震,液状化｜都心南部直下地震
13104:1,liquefaction,南海トラフ巨大地震,0.22,0<PL≤5,hazard_liquefaction_250m_南海トラフ巨大地震,liquefaction mesh polygon intersection,13104,新宿区,Unknown,Unknown,未判定,未細分,point,早稲田大学 坪内博士記念演劇博物館,液状化,南海トラフ巨大地震,液状化｜南海トラフ巨大地震
13104:1,liquefaction,多摩東部直下地震,2.095555556,0<PL≤5,hazard_liquefaction_250m_多摩東部直下地震,liquefaction mesh polygon intersection,13104,新宿区,Unknown,Unknown,未判定,未細分,point,早稲田大学 坪内博士記念演劇博物館,液状化,多摩東部直下地震,液状化｜多摩東部直下地震
13104:1,liquefaction,大正関東地震,1.851111111,0<PL≤5,hazard_liquefaction_250m_大正関東地震,liquefaction mesh polygon intersection,13104,新宿区,Unknown,Unknown,未判定,未細分,point,早稲田大学 坪内博士記念演劇博物館,液状化,大正関東地震,液状化｜大正関東地震
13104:1,liquefaction,都心南部直下地震,2.047777778,0<PL≤5,hazard_liquefaction_250m_都心南部直下地震,liquefaction mesh polygon intersection,13104,新宿区,Unknown,Unknown,未判定,未細分,point,早稲田大学 坪内博士記念演劇博物館,液状化,都心南部直下地震,液状化｜都心南部直下地震
13104:100,liquefaction,多摩東部直下地震,1.933333333,0<PL≤5,hazard_liquefaction_250m_多摩東部直下地震,liquefaction mesh polygon intersection,13104,新宿区,Unknown,Unknown,未判定,未細分,point,狛犬型庚申塔,液状化,多摩東部直下地震,液状化｜多摩東部直下地震
13104:100,liquefaction,大正関東地震,0.723333333,0<PL≤5,hazard_liquefaction_250m_大正関東地震,liquefaction mesh polygon intersection,13104,新宿区,Unknown,Unknown,未判定,未細分,point,狛犬型庚申塔,液状化,大正関東地震,液状化｜大正関東地震
13104:100,liquefaction,都心南部直下地震,1.68,0<PL≤5,hazard_liquefaction_250m_都心南部直下地震,liquefaction mesh polygon intersection,13104,新宿区,Unknown,Unknown,未判定,未細分,point,狛犬型庚申塔,液状化,都心南部直下地震,液状化｜都心南部直下地震
13104:103,liquefaction,南海トラフ巨大地震,1.046666667,0<PL≤5,hazard_liquefaction_250m_南海トラフ巨大地震,liquefaction mesh polygon intersection,13104,新宿区,Unknown,Unknown,未判定,未細分,point,葛谷御霊神社の力石,液状化,南海トラフ巨大地震,液状化｜南海トラフ巨大地震
13104:103,liquefaction,多摩東部直下地震,10.195,5<PL≤15,hazard_liquefaction_250m_多摩東部直下地震,liquefaction mesh polygon intersection,13104,新宿区,Unknown,Unknown,未判定,未細分,point,葛谷御霊神社の力石,液状化,多摩東部直下地震,液状化｜多摩東部直下地震
13104:103,liquefaction,大正関東地震,7.801666667,5<PL≤15,hazard_liquefaction_250m_大正関東地震,liquefaction mesh polygon intersection,13104,新宿区,Unknown,Unknown,未判定,未細分,point,葛谷御霊神社の力石,液状化,大正関東地震,液状化｜大正関東地震
13104:103,liquefaction,都心南部直下地震,8.853333333,5<PL≤15,hazard_liquefaction_250m_都心南部直下地震,liquefaction mesh polygon intersection,13104,新宿区,Unknown,Unknown,未判定,未細分,point,葛谷御霊神社の力石,液状化,都心南部直下地震,液状化｜都心南部直下地震
13104:105,liquefaction,多摩東部直下地震,6.597857143,5<PL≤15,hazard_liquefaction_250m_多摩東部直下地震,liquefaction mesh polygon intersection,13104,新宿区,Unknown,Unknown,未判定,未細分,point,雨乞のむしろ旗,液状化,多摩東部直下地震,液状化｜多摩東部直下地震
13104:105,liquefaction,大正関東地震,3.367142857,0<PL≤5,hazard_liquefaction_250m_大正関東地震,liquefaction mesh polygon intersection,13104,新宿区,Unknown,Unknown,未判定,未細分,point,雨乞のむしろ旗,液状化,大正関東地震,液状化｜大正関東地震
13104:105,liquefaction,都心南部直下地震,5.59,5<PL≤15,hazard_liquefaction_250m_都心南部直下地震,liquefaction mesh polygon intersection,13104,新宿区,Unknown,Unknown,未判定,未細分,point,雨乞のむしろ旗,液状化,都心南部直下地震,液状化｜都心南部直下地震
13104:106,liquefaction,南海トラフ巨大地震,0.07,0<PL≤5,hazard_liquefaction_250m_南海トラフ巨大地震,liquefaction mesh polygon intersection,13104,新宿区,Unknown,Unknown,未判定,未細分,point,市谷亀岡八幡宮の力石,液状化,南海トラフ巨大地震,液状化｜南海トラフ巨大地震
13104:106,liquefaction,多摩東部直下地震,7.39,5<PL≤15,hazard_liquefaction_250m_多摩東部直下地震,liquefaction mesh polygon intersection,13104,新宿区,Unknown,Unknown,未判定,未細分,point,市谷亀岡八幡宮の力石,液状化,多摩東部直下地震,液状化｜多摩東部直下地震
13104:106,liquefaction,大正関東地震,4.555,0<PL≤5,hazard_liquefaction_250m_大正関東地震,liquefaction mesh polygon intersection,13104,新宿区,Unknown,Unknown,未判定,未細分,point,市谷亀岡八幡宮の力石,液状化,大正関東地震,液状化｜大正関東地震
13104:106,liquefaction,都心南部直下地震,7.335,5<PL≤15,hazard_liquefaction_250m_都心南部直下地震,liquefaction mesh polygon intersection,13104,新宿区,Unknown,Unknown,未判定,未細分,point,市谷亀岡八幡宮の力石,液状化,都心南部直下地震,液状化｜都心南部直下地震
13104:107,liquefaction,多摩東部直下地震,12.12,5<PL≤15,hazard_liquefaction_250m_多摩東部直下地震,liquefaction mesh polygon intersection,13104,新宿区,Unknown,Unknown,未判定,未細分,point,筑土八幡神社の庚申塔,液状化,多摩東部直下地震,液状化｜多摩東部直下地震
13104:107,liquefaction,大正関東地震,8.37,5<PL≤15,hazard_liquefaction_250m_大正関東地震,liquefaction mesh polygon intersection,13104,新宿区,Unknown,Unknown,未判定,未細分,point,筑土八幡神社の庚申塔,液状化,大正関東地震,液状化｜大正関東地震
13104:107,liquefaction,都心南部直下地震,12.12,5<PL≤15,hazard_liquefaction_250m_都心南部直下地震,liquefaction mesh polygon intersection,13104,新宿区,Unknown,Unknown,未判定,未細分,point,筑土八幡神社の庚申塔,液状化,都心南部直下地震,液状化｜都心南部直下地震
13104:109,liquefaction,多摩東部直下地震,12.12,5<PL≤15,hazard_liquefaction_250m_多摩東部直下地震,liquefaction mesh polygon intersection,13104,新宿区,Unknown,Unknown,未判定,未細分,point,善国寺の石虎,液状化,多摩東部直下地震,液状化｜多摩東部直下地震
13104:109,liquefaction,大正関東地震,8.37,5<PL≤15,hazard_liquefaction_250m_大正関東地震,liquefaction mesh polygon intersection,13104,新宿区,Unknown,Unknown,未判定,未細分,point,善国寺の石虎,液状化,大正関東地震,液状化｜大正関東地震
13104:109,liquefaction,都心南部直下地震,12.12,5<PL≤15,hazard_liquefaction_250m_都心南部直下地震,liquefaction mesh polygon intersection,13104,新宿区,Unknown,Unknown,未判定,未細分,point,善国寺の石虎,液状化,都心南部直下地震,液状化｜都心南部直下地震
13104:110,liquefaction,多摩東部直下地震,6.597857143,5<PL≤15,hazard_liquefaction_250m_多摩東部直下地震,liquefaction mesh polygon intersection,13104,新宿区,Unknown,Unknown,未判定,未細分,point,中井御霊神社の狛犬,液状化,多摩東部直下地震,液状化｜多摩東部直下地震
13104:110,liquefaction,大正関東地震,3.367142857,0<PL≤5,hazard_liquefaction_250m_大正関東地震,liquefaction mesh polygon intersection,13104,新宿区,Unknown,Unknown,未判定,未細分,point,中井御霊神社の狛犬,液状化,大正関東地震,液状化｜大正関東地震
13104:110,liquefaction,都心南部直下地震,5.59,5<PL≤15,hazard_liquefaction_250m_都心南部直下地震,liquefaction mesh polygon intersection,13104,新宿区,Unknown,Unknown,未判定,未細分,point,中井御霊神社の狛犬,液状化,都心南部直下地震,液状化｜都心南部直下地震
13104:111,liquefaction,南海トラフ巨大地震,0.495,0<PL≤5,hazard_liquefaction_250m_南海トラフ巨大地震,liquefaction mesh polygon intersection,13104,新宿区,Unknown,Unknown,未判定,未細分,point,巴講睦の獅子頭,液状化,南海トラフ巨大地震,液状化｜南海トラフ巨大地震
13104:111,liquefaction,多摩東部直下地震,11.7925,5<PL≤15,hazard_liquefaction_250m_多摩東部直下地震,liquefaction mesh polygon intersection,13104,新宿区,Unknown,Unknown,未判定,未細分,point,巴講睦の獅子頭,液状化,多摩東部直下地震,液状化｜多摩東部直下地震
13104:111,liquefaction,大正関東地震,9.605,5<PL≤15,hazard_liquefaction_250m_大正関東地震,liquefaction mesh polygon intersection,13104,新宿区,Unknown,Unknown,未判定,未細分,point,巴講睦の獅子頭,液状化,大正関東地震,液状化｜大正関東地震
13104:111,liquefaction,都心南部直下地震,12.10833333,5<PL≤15,hazard_liquefaction_250m_都心南部直下地震,liquefaction mesh polygon intersection,13104,新宿区,Unknown,Unknown,未判定,未細分,point,巴講睦の獅子頭,液状化,都心南部直下地震,液状化｜都心南部直下地震
13104:113,liquefaction,多摩東部直下地震,14.13166667,5<PL≤15,hazard_liquefaction_250m_多摩東部直下地震,liquefaction mesh polygon intersection,13104,新宿区,Unknown,Unknown,未判定,未細分,point,塞神三柱の塔,液状化,多摩東部直下地震,液状化｜多摩東部直下地震
13104:113,liquefaction,大正関東地震,10.93,5<PL≤15,hazard_liquefaction_250m_大正関東地震,liquefaction mesh polygon intersection,13104,新宿区,Unknown,Unknown,未判定,未細分,point,塞神三柱の塔,液状化,大正関東地震,液状化｜大正関東地震
13104:113,liquefaction,都心南部直下地震,13.24,5<PL≤15,hazard_liquefaction_250m_都心南部直下地震,liquefaction mesh polygon intersection,13104,新宿区,Unknown,Unknown,未判定,未細分,point,塞神三柱の塔,液状化,都心南部直下地震,液状化｜都心南部直下地震
13104:115,liquefaction,南海トラフ巨大地震,0.22,0<PL≤5,hazard_liquefaction_250m_南海トラフ巨大地震,liquefaction mesh polygon intersection,13104,新宿区,Unknown,Unknown,未判定,未細分,point,慈雲山観音寺の庚申塔,液状化,南海トラフ巨大地震,液状化｜南海トラフ巨大地震
13104:115,liquefaction,多摩東部直下地震,2.095555556,0<PL≤5,hazard_liquefaction_250m_多摩東部直下地震,liquefaction mesh polygon intersection,13104,新宿区,Unknown,Unknown,未判定,未細分,point,慈雲山観音寺の庚申塔,液状化,多摩東部直下地震,液状化｜多摩東部直下地震
13104:115,liquefaction,大正関東地震,1.851111111,0<PL≤5,hazard_liquefaction_250m_大正関東地震,liquefaction mesh polygon intersection,13104,新宿区,Unknown,Unknown,未判定,未細分,point,慈雲山観音寺の庚申塔,液状化,大正関東地震,液状化｜大正関東地震
13104:115,liquefaction,都心南部直下地震,2.047777778,0<PL≤5,hazard_liquefaction_250m_都心南部直下地震,liquefaction mesh polygon intersection,13104,新宿区,Unknown,Unknown,未判定,未細分,point,慈雲山観音寺の庚申塔,液状化,都心南部直下地震,液状化｜都心南部直下地震
13104:116,liquefaction,多摩東部直下地震,6.662,5<PL≤15,hazard_liquefaction_250m_多摩東部直下地震,liquefaction mesh polygon intersection,13104,新宿区,Unknown,Unknown,未判定,未細分,point,下落合二丁目の庚申塔,液状化,多摩東部直下地震,液状化｜多摩東部直下地震
13104:116,liquefaction,大正関東地震,5.13,5<PL≤15,hazard_liquefaction_250m_大正関東地震,liquefaction mesh polygon intersection,13104,新宿区,Unknown,Unknown,未判定,未細分,point,下落合二丁目の庚申塔,液状化,大正関東地震,液状化｜大正関東地震
13104:116,liquefaction,都心南部直下地震,6.265,5<PL≤15,hazard_liquefaction_250m_都心南部直下地震,liquefaction mesh polygon intersection,13104,新宿区,Unknown,Unknown,未判定,未細分,point,下落合二丁目の庚申塔,液状化,都心南部直下地震,液状化｜都心南部直下地震
13104:117,liquefaction,南海トラフ巨大地震,0.0425,0<PL≤5,hazard_liquefaction_250m_南海トラフ巨大地震,liquefaction mesh polygon intersection,13104,新宿区,Unknown,Unknown,未判定,未細分,point,旧源兵衛村の庚申塔,液状化,南海トラフ巨大地震,液状化｜南海トラフ巨大地震
13104:117,liquefaction,多摩東部直下地震,1.69875,0<PL≤5,hazard_liquefaction_250m_多摩東部直下地震,liquefaction mesh polygon intersection,13104,新宿区,Unknown,Unknown,未判定,未細分,point,旧源兵衛村の庚申塔,液状化,多摩東部直下地震,液状化｜多摩東部直下地震
13104:117,liquefaction,大正関東地震,1.154375,0<PL≤5,hazard_liquefaction_250m_大正関東地震,liquefaction mesh polygon intersection,13104,新宿区,Unknown,Unknown,未判定,未細分,point,旧源兵衛村の庚申塔,液状化,大正関東地震,液状化｜大正関東地震
13104:117,liquefaction,都心南部直下地震,1.594375,0<PL≤5,hazard_liquefaction_250m_都心南部直下地震,liquefaction mesh polygon intersection,13104,新宿区,Unknown,Unknown,未判定,未細分,point,旧源兵衛村の庚申塔,液状化,都心南部直下地震,液状化｜都心南部直下地震
13104:119,liquefaction,南海トラフ巨大地震,0.4,0<PL≤5,hazard_liquefaction_250m_南海トラフ巨大地震,liquefaction mesh polygon intersection,13104,新宿区,Unknown,Unknown,未判定,未細分,point,熊野神社の狛犬,液状化,南海トラフ巨大地震,液状化｜南海トラフ巨大地震
13104:119,liquefaction,多摩東部直下地震,13.24,5<PL≤15,hazard_liquefaction_250m_多摩東部直下地震,liquefaction mesh polygon intersection,13104,新宿区,Unknown,Unknown,未判定,未細分,point,熊野神社の狛犬,液状化,多摩東部直下地震,液状化｜多摩東部直下地震
13104:119,liquefaction,大正関東地震,10.93,5<PL≤15,hazard_liquefaction_250m_大正関東地震,liquefaction mesh polygon intersection,13104,新宿区,Unknown,Unknown,未判定,未細分,point,熊野神社の狛犬,液状化,大正関東地震,液状化｜大正関東地震
13104:119,liquefaction,都心南部直下地震,13.24,5<PL≤15,hazard_liquefaction_250m_都心南部直下地震,liquefaction mesh polygon intersection,13104,新宿区,Unknown,Unknown,未判定,未細分,point,熊野神社の狛犬,液状化,都心南部直下地震,液状化｜都心南部直下地震
13104:120,liquefaction,南海トラフ巨大地震,0.11,0<PL≤5,hazard_liquefaction_250m_南海トラフ巨大地震,liquefaction mesh polygon intersection,13104,新宿区,Unknown,Unknown,未判定,未細分,point,高田馬場の流鏑馬,液状化,南海トラフ巨大地震,液状化｜南海トラフ巨大地震
13104:120,liquefaction,多摩東部直下地震,4.77,0<PL≤5,hazard_liquefaction_250m_多摩東部直下地震,liquefaction mesh polygon intersection,13104,新宿区,Unknown,Unknown,未判定,未細分,point,高田馬場の流鏑馬,液状化,多摩東部直下地震,液状化｜多摩東部直下地震
13104:120,liquefaction,大正関東地震,3.643333333,0<PL≤5,hazard_liquefaction_250m_大正関東地震,liquefaction mesh polygon intersection,13104,新宿区,Unknown,Unknown,未判定,未細分,point,高田馬場の流鏑馬,液状化,大正関東地震,液状化｜大正関東地震
13104:120,liquefaction,都心南部直下地震,4.413333333,0<PL≤5,hazard_liquefaction_250m_都心南部直下地震,liquefaction mesh polygon intersection,13104,新宿区,Unknown,Unknown,未判定,未細分,point,高田馬場の流鏑馬,液状化,都心南部直下地震,液状化｜都心南部直下地震
13104:121,liquefaction,多摩東部直下地震,6.597857143,5<PL≤15,hazard_liquefaction_250m_多摩東部直下地震,liquefaction mesh polygon intersection,13104,新宿区,Unknown,Unknown,未判定,未細分,point,中井御霊神社の備射祭,液状化,多摩東部直下地震,液状化｜多摩東部直下地震
13104:121,liquefaction,大正関東地震,3.367142857,0<PL≤5,hazard_liquefaction_250m_大正関東地震,liquefaction mesh polygon intersection,13104,新宿区,Unknown,Unknown,未判定,未細分,point,中井御霊神社の備射祭,液状化,大正関東地震,液状化｜大正関東地震
13104:121,liquefaction,都心南部直下地震,5.59,5<PL≤15,hazard_liquefaction_250m_都心南部直下地震,liquefaction mesh polygon intersection,13104,新宿区,Unknown,Unknown,未判定,未細分,point,中井御霊神社の備射祭,液状化,都心南部直下地震,液状化｜都心南部直下地震
13104:122,liquefaction,南海トラフ巨大地震,1.046666667,0<PL≤5,hazard_liquefaction_250m_南海トラフ巨大地震,liquefaction mesh polygon intersection,13104,新宿区,Unknown,Unknown,未判定,未細分,point,葛谷御霊神社の備謝祭,液状化,南海トラフ巨大地震,液状化｜南海トラフ巨大地震
13104:122,liquefaction,多摩東部直下地震,10.195,5<PL≤15,hazard_liquefaction_250m_多摩東部直下地震,liquefaction mesh polygon intersection,13104,新宿区,Unknown,Unknown,未判定,未細分,point,葛谷御霊神社の備謝祭,液状化,多摩東部直下地震,液状化｜多摩東部直下地震
13104:122,liquefaction,大正関東地震,7.801666667,5<PL≤15,hazard_liquefaction_250m_大正関東地震,liquefaction mesh polygon intersection,13104,新宿区,Unknown,Unknown,未判定,未細分,point,葛谷御霊神社の備謝祭,液状化,大正関東地震,液状化｜大正関東地震
13104:122,liquefaction,都心南部直下地震,8.853333333,5<PL≤15,hazard_liquefaction_250m_都心南部直下地震,liquefaction mesh polygon intersection,13104,新宿区,Unknown,Unknown,未判定,未細分,point,葛谷御霊神社の備謝祭,液状化,都心南部直下地震,液状化｜都心南部直下地震
13104:123,liquefaction,南海トラフ巨大地震,0.183333333,0<PL≤5,hazard_liquefaction_250m_南海トラフ巨大地震,liquefaction mesh polygon intersection,13104,新宿区,Unknown,Unknown,未判定,未細分,point,丸藤宮元講社の富士講行事,液状化,南海トラフ巨大地震,液状化｜南海トラフ巨大地震
13104:123,liquefaction,多摩東部直下地震,1.715,0<PL≤5,hazard_liquefaction_250m_多摩東部直下地震,liquefaction mesh polygon intersection,13104,新宿区,Unknown,Unknown,未判定,未細分,point,丸藤宮元講社の富士講行事,液状化,多摩東部直下地震,液状化｜多摩東部直下地震
13104:123,liquefaction,大正関東地震,1.530555556,0<PL≤5,hazard_liquefaction_250m_大正関東地震,liquefaction mesh polygon intersection,13104,新宿区,Unknown,Unknown,未判定,未細分,point,丸藤宮元講社の富士講行事,液状化,大正関東地震,液状化｜大正関東地震
13104:123,liquefaction,都心南部直下地震,1.703333333,0<PL≤5,hazard_liquefaction_250m_都心南部直下地震,liquefaction mesh polygon intersection,13104,新宿区,Unknown,Unknown,未判定,未細分,point,丸藤宮元講社の富士講行事,液状化,都心南部直下地震,液状化｜都心南部直下地震
13104:130,liquefaction,南海トラフ巨大地震,2.76,0<PL≤5,hazard_liquefaction_250m_南海トラフ巨大地震,liquefaction mesh polygon intersection,13104,新宿区,Unknown,Unknown,未判定,未細分,point,小泉八雲旧居跡,液状化,南海トラフ巨大地震,液状化｜南海トラフ巨大地震
13104:130,liquefaction,多摩東部直下地震,15.32,PL>15,hazard_liquefaction_250m_多摩東部直下地震,liquefaction mesh polygon intersection,13104,新宿区,Unknown,Unknown,未判定,未細分,point,小泉八雲旧居跡,液状化,多摩東部直下地震,液状化｜多摩東部直下地震
13104:130,liquefaction,大正関東地震,13.24,5<PL≤15,hazard_liquefaction_250m_大正関東地震,liquefaction mesh polygon intersection,13104,新宿区,Unknown,Unknown,未判定,未細分,point,小泉八雲旧居跡,液状化,大正関東地震,液状化｜大正関東地震
13104:130,liquefaction,都心南部直下地震,15.32,PL>15,hazard_liquefaction_250m_都心南部直下地震,liquefaction mesh polygon intersection,13104,新宿区,Unknown,Unknown,未判定,未細分,point,小泉八雲旧居跡,液状化,都心南部直下地震,液状化｜都心南部直下地震
13104:133,liquefaction,南海トラフ巨大地震,0.4,0<PL≤5,hazard_liquefaction_250m_南海トラフ巨大地震,liquefaction mesh polygon intersection,13104,新宿区,Unknown,Unknown,未判定,未細分,point,十二社の碑,液状化,南海トラフ巨大地震,液状化｜南海トラフ巨大地震
13104:133,liquefaction,多摩東部直下地震,13.24,5<PL≤15,hazard_liquefaction_250m_多摩東部直下地震,liquefaction mesh polygon intersection,13104,新宿区,Unknown,Unknown,未判定,未細分,point,十二社の碑,液状化,多摩東部直下地震,液状化｜多摩東部直下地震
13104:133,liquefaction,大正関東地震,10.93,5<PL≤15,hazard_liquefaction_250m_大正関東地震,liquefaction mesh polygon intersection,13104,新宿区,Unknown,Unknown,未判定,未細分,point,十二社の碑,液状化,大正関東地震,液状化｜大正関東地震
13104:133,liquefaction,都心南部直下地震,13.24,5<PL≤15,hazard_liquefaction_250m_都心南部直下地震,liquefaction mesh polygon intersection,13104,新宿区,Unknown,Unknown,未判定,未細分,point,十二社の碑,液状化,都心南部直下地震,液状化｜都心南部直下地震
13104:136,liquefaction,南海トラフ巨大地震,0.373333333,0<PL≤5,hazard_liquefaction_250m_南海トラフ巨大地震,liquefaction mesh polygon intersection,13104,新宿区,Unknown,Unknown,未判定,未細分,point,尾崎紅葉旧居跡,液状化,南海トラフ巨大地震,液状化｜南海トラフ巨大地震
13104:136,liquefaction,多摩東部直下地震,11.07666667,5<PL≤15,hazard_liquefaction_250m_多摩東部直下地震,liquefaction mesh polygon intersection,13104,新宿区,Unknown,Unknown,未判定,未細分,point,尾崎紅葉旧居跡,液状化,多摩東部直下地震,液状化｜多摩東部直下地震
13104:136,liquefaction,大正関東地震,8.336666667,5<PL≤15,hazard_liquefaction_250m_大正関東地震,liquefaction mesh polygon intersection,13104,新宿区,Unknown,Unknown,未判定,未細分,point,尾崎紅葉旧居跡,液状化,大正関東地震,液状化｜大正関東地震
13104:136,liquefaction,都心南部直下地震,10.69333333,5<PL≤15,hazard_liquefaction_250m_都心南部直下地震,liquefaction mesh polygon intersection,13104,新宿区,Unknown,Unknown,未判定,未細分,point,尾崎紅葉旧居跡,液状化,都心南部直下地震,液状化｜都心南部直下地震
13104:137,liquefaction,南海トラフ巨大地震,0.188,0<PL≤5,hazard_liquefaction_250m_南海トラフ巨大地震,liquefaction mesh polygon intersection,13104,新宿区,Unknown,Unknown,未判定,未細分,point,田村虎蔵旧居跡,液状化,南海トラフ巨大地震,液状化｜南海トラフ巨大地震
13104:137,liquefaction,多摩東部直下地震,5.168,5<PL≤15,hazard_liquefaction_250m_多摩東部直下地震,liquefaction mesh polygon intersection,13104,新宿区,Unknown,Unknown,未判定,未細分,point,田村虎蔵旧居跡,液状化,多摩東部直下地震,液状化｜多摩東部直下地震
13104:137,liquefaction,大正関東地震,3.892,0<PL≤5,hazard_liquefaction_250m_大正関東地震,liquefaction mesh polygon intersection,13104,新宿区,Unknown,Unknown,未判定,未細分,point,田村虎蔵旧居跡,液状化,大正関東地震,液状化｜大正関東地震
13104:137,liquefaction,都心南部直下地震,5.17,5<PL≤15,hazard_liquefaction_250m_都心南部直下地震,liquefaction mesh polygon intersection,13104,新宿区,Unknown,Unknown,未判定,未細分,point,田村虎蔵旧居跡,液状化,都心南部直下地震,液状化｜都心南部直下地震
13104:139,liquefaction,南海トラフ巨大地震,0.970833333,0<PL≤5,hazard_liquefaction_250m_南海トラフ巨大地震,liquefaction mesh polygon intersection,13104,新宿区,Unknown,Unknown,未判定,未細分,point,月岡芳年の墓,液状化,南海トラフ巨大地震,液状化｜南海トラフ巨大地震
13104:139,liquefaction,多摩東部直下地震,13.41833333,5<PL≤15,hazard_liquefaction_250m_多摩東部直下地震,liquefaction mesh polygon intersection,13104,新宿区,Unknown,Unknown,未判定,未細分,point,月岡芳年の墓,液状化,多摩東部直下地震,液状化｜多摩東部直下地震
13104:139,liquefaction,大正関東地震,10.93,5<PL≤15,hazard_liquefaction_250m_大正関東地震,liquefaction mesh polygon intersection,13104,新宿区,Unknown,Unknown,未判定,未細分,point,月岡芳年の墓,液状化,大正関東地震,液状化｜大正関東地震
13104:139,liquefaction,都心南部直下地震,13.24,5<PL≤15,hazard_liquefaction_250m_都心南部直下地震,liquefaction mesh polygon intersection,13104,新宿区,Unknown,Unknown,未判定,未細分,point,月岡芳年の墓,液状化,都心南部直下地震,液状化｜都心南部直下地震
13104:14,liquefaction,南海トラフ巨大地震,0.4,0<PL≤5,hazard_liquefaction_250m_南海トラフ巨大地震,liquefaction mesh polygon intersection,13104,新宿区,Unknown,Unknown,未判定,未細分,point,熊野神社の水鉢,液状化,南海トラフ巨大地震,液状化｜南海トラフ巨大地震
13104:14,liquefaction,多摩東部直下地震,13.24,5<PL≤15,hazard_liquefaction_250m_多摩東部直下地震,liquefaction mesh polygon intersection,13104,新宿区,Unknown,Unknown,未判定,未細分,point,熊野神社の水鉢,液状化,多摩東部直下地震,液状化｜多摩東部直下地震
13104:14,liquefaction,大正関東地震,10.93,5<PL≤15,hazard_liquefaction_250m_大正関東地震,liquefaction mesh polygon intersection,13104,新宿区,Unknown,Unknown,未判定,未細分,point,熊野神社の水鉢,液状化,大正関東地震,液状化｜大正関東地震
13104:14,liquefaction,都心南部直下地震,13.24,5<PL≤15,hazard_liquefaction_250m_都心南部直下地震,liquefaction mesh polygon intersection,13104,新宿区,Unknown,Unknown,未判定,未細分,point,熊野神社の水鉢,液状化,都心南部直下地震,液状化｜都心南部直下地震
13104:140,liquefaction,南海トラフ巨大地震,0.21,0<PL≤5,hazard_liquefaction_250m_南海トラフ巨大地震,liquefaction mesh polygon intersection,13104,新宿区,Unknown,Unknown,未判定,未細分,point,浄瑠璃坂の仇討跡,液状化,南海トラフ巨大地震,液状化｜南海トラフ巨大地震
13104:140,liquefaction,多摩東部直下地震,13.24,5<PL≤15,hazard_liquefaction_250m_多摩東部直下地震,liquefaction mesh polygon intersection,13104,新宿区,Unknown,Unknown,未判定,未細分,point,浄瑠璃坂の仇討跡,液状化,多摩東部直下地震,液状化｜多摩東部直下地震
13104:140,liquefaction,大正関東地震,9.68,5<PL≤15,hazard_liquefaction_250m_大正関東地震,liquefaction mesh polygon intersection,13104,新宿区,Unknown,Unknown,未判定,未細分,point,浄瑠璃坂の仇討跡,液状化,大正関東地震,液状化｜大正関東地震
13104:140,liquefaction,都心南部直下地震,12.12,5<PL≤15,hazard_liquefaction_250m_都心南部直下地震,liquefaction mesh polygon intersection,13104,新宿区,Unknown,Unknown,未判定,未細分,point,浄瑠璃坂の仇討跡,液状化,都心南部直下地震,液状化｜都心南部直下地震
13104:141,liquefaction,南海トラフ巨大地震,0.2364,0<PL≤5,hazard_liquefaction_250m_南海トラフ巨大地震,liquefaction mesh polygon intersection,13104,新宿区,Unknown,Unknown,未判定,未細分,point,国産飛行機発祥の地,液状化,南海トラフ巨大地震,液状化｜南海トラフ巨大地震
13104:141,liquefaction,多摩東部直下地震,3.0816,0<PL≤5,hazard_liquefaction_250m_多摩東部直下地震,liquefaction mesh polygon intersection,13104,新宿区,Unknown,Unknown,未判定,未細分,point,国産飛行機発祥の地,液状化,多摩東部直下地震,液状化｜多摩東部直下地震
13104:141,liquefaction,大正関東地震,2.2804,0<PL≤5,hazard_liquefaction_250m_大正関東地震,liquefaction mesh polygon intersection,13104,新宿区,Unknown,Unknown,未判定,未細分,point,国産飛行機発祥の地,液状化,大正関東地震,液状化｜大正関東地震
13104:141,liquefaction,都心南部直下地震,2.9644,0<PL≤5,hazard_liquefaction_250m_都心南部直下地震,liquefaction mesh polygon intersection,13104,新宿区,Unknown,Unknown,未判定,未細分,point,国産飛行機発祥の地,液状化,都心南部直下地震,液状化｜都心南部直下地震
13104:15,liquefaction,南海トラフ巨大地震,1.064,0<PL≤5,hazard_liquefaction_250m_南海トラフ巨大地震,liquefaction mesh polygon intersection,13104,新宿区,Unknown,Unknown,未判定,未細分,point,亮朝院の金剛力士石像,液状化,南海トラフ巨大地震,液状化｜南海トラフ巨大地震
13104:15,liquefaction,多摩東部直下地震,7.962,5<PL≤15,hazard_liquefaction_250m_多摩東部直下地震,liquefaction mesh polygon intersection,13104,新宿区,Unknown,Unknown,未判定,未細分,point,亮朝院の金剛力士石像,液状化,多摩東部直下地震,液状化｜多摩東部直下地震
13104:15,liquefaction,大正関東地震,6.742,5<PL≤15,hazard_liquefaction_250m_大正関東地震,liquefaction mesh polygon intersection,13104,新宿区,Unknown,Unknown,未判定,未細分,point,亮朝院の金剛力士石像,液状化,大正関東地震,液状化｜大正関東地震
13104:15,liquefaction,都心南部直下地震,7.794,5<PL≤15,hazard_liquefaction_250m_都心南部直下地震,liquefaction mesh polygon intersection,13104,新宿区,Unknown,Unknown,未判定,未細分,point,亮朝院の金剛力士石像,液状化,都心南部直下地震,液状化｜都心南部直下地震
13104:150,liquefaction,南海トラフ巨大地震,2.76,0<PL≤5,hazard_liquefaction_250m_南海トラフ巨大地震,liquefaction mesh polygon intersection,13104,新宿区,Unknown,Unknown,未判定,未細分,point,平秩東作の墓,液状化,南海トラフ巨大地震,液状化｜南海トラフ巨大地震
13104:150,liquefaction,多摩東部直下地震,15.32,PL>15,hazard_liquefaction_250m_多摩東部直下地震,liquefaction mesh polygon intersection,13104,新宿区,Unknown,Unknown,未判定,未細分,point,平秩東作の墓,液状化,多摩東部直下地震,液状化｜多摩東部直下地震
13104:150,liquefaction,大正関東地震,13.24,5<PL≤15,hazard_liquefaction_250m_大正関東地震,liquefaction mesh polygon intersection,13104,新宿区,Unknown,Unknown,未判定,未細分,point,平秩東作の墓,液状化,大正関東地震,液状化｜大正関東地震
13104:150,liquefaction,都心南部直下地震,15.32,PL>15,hazard_liquefaction_250m_都心南部直下地震,liquefaction mesh polygon intersection,13104,新宿区,Unknown,Unknown,未判定,未細分,point,平秩東作の墓,液状化,都心南部直下地震,液状化｜都心南部直下地震
13104:154,liquefaction,多摩東部直下地震,12.12,5<PL≤15,hazard_liquefaction_250m_多摩東部直下地震,liquefaction mesh polygon intersection,13104,新宿区,Unknown,Unknown,未判定,未細分,point,島村抱月終焉の地 (芸術倶楽部跡),液状化,多摩東部直下地震,液状化｜多摩東部直下地震
13104:154,liquefaction,大正関東地震,8.37,5<PL≤15,hazard_liquefaction_250m_大正関東地震,liquefaction mesh polygon intersection,13104,新宿区,Unknown,Unknown,未判定,未細分,point,島村抱月終焉の地 (芸術倶楽部跡),液状化,大正関東地震,液状化｜大正関東地震
13104:154,liquefaction,都心南部直下地震,12.12,5<PL≤15,hazard_liquefaction_250m_都心南部直下地震,liquefaction mesh polygon intersection,13104,新宿区,Unknown,Unknown,未判定,未細分,point,島村抱月終焉の地 (芸術倶楽部跡),液状化,都心南部直下地震,液状化｜都心南部直下地震
13104:158,liquefaction,南海トラフ巨大地震,0.970833333,0<PL≤5,hazard_liquefaction_250m_南海トラフ巨大地震,liquefaction mesh polygon intersection,13104,新宿区,Unknown,Unknown,未判定,未細分,point,紅皿の墓,液状化,南海トラフ巨大地震,液状化｜南海トラフ巨大地震
13104:158,liquefaction,多摩東部直下地震,13.41833333,5<PL≤15,hazard_liquefaction_250m_多摩東部直下地震,liquefaction mesh polygon intersection,13104,新宿区,Unknown,Unknown,未判定,未細分,point,紅皿の墓,液状化,多摩東部直下地震,液状化｜多摩東部直下地震
13104:158,liquefaction,大正関東地震,10.93,5<PL≤15,hazard_liquefaction_250m_大正関東地震,liquefaction mesh polygon intersection,13104,新宿区,Unknown,Unknown,未判定,未細分,point,紅皿の墓,液状化,大正関東地震,液状化｜大正関東地震
13104:158,liquefaction,都心南部直下地震,13.24,5<PL≤15,hazard_liquefaction_250m_都心南部直下地震,liquefaction mesh polygon intersection,13104,新宿区,Unknown,Unknown,未判定,未細分,point,紅皿の墓,液状化,都心南部直下地震,液状化｜都心南部直下地震
13104:165,liquefaction,多摩東部直下地震,0.375833333,0<PL≤5,hazard_liquefaction_250m_多摩東部直下地震,liquefaction mesh polygon intersection,13104,新宿区,Unknown,Unknown,未判定,未細分,point,落合秋艸堂跡(會津八一旧居跡),液状化,多摩東部直下地震,液状化｜多摩東部直下地震
13104:165,liquefaction,大正関東地震,0.2725,0<PL≤5,hazard_liquefaction_250m_大正関東地震,liquefaction mesh polygon intersection,13104,新宿区,Unknown,Unknown,未判定,未細分,point,落合秋艸堂跡(會津八一旧居跡),液状化,大正関東地震,液状化｜大正関東地震
13104:165,liquefaction,都心南部直下地震,0.344166667,0<PL≤5,hazard_liquefaction_250m_都心南部直下地震,liquefaction mesh polygon intersection,13104,新宿区,Unknown,Unknown,未判定,未細分,point,落合秋艸堂跡(會津八一旧居跡),液状化,都心南部直下地震,液状化｜都心南部直下地震
13104:167,liquefaction,多摩東部直下地震,1.69,0<PL≤5,hazard_liquefaction_250m_多摩東部直下地震,liquefaction mesh polygon intersection,13104,新宿区,Unknown,Unknown,未判定,未細分,point,女人芸術社跡(長谷川時雨・三上於菟吉旧居跡),液状化,多摩東部直下地震,液状化｜多摩東部直下地震
13104:167,liquefaction,大正関東地震,1.06,0<PL≤5,hazard_liquefaction_250m_大正関東地震,liquefaction mesh polygon intersection,13104,新宿区,Unknown,Unknown,未判定,未細分,point,女人芸術社跡(長谷川時雨・三上於菟吉旧居跡),液状化,大正関東地震,液状化｜大正関東地震
13104:167,liquefaction,都心南部直下地震,1.67,0<PL≤5,hazard_liquefaction_250m_都心南部直下地震,liquefaction mesh polygon intersection,13104,新宿区,Unknown,Unknown,未判定,未細分,point,女人芸術社跡(長谷川時雨・三上於菟吉旧居跡),液状化,都心南部直下地震,液状化｜都心南部直下地震
13104:17,liquefaction,多摩東部直下地震,12.12,5<PL≤15,hazard_liquefaction_250m_多摩東部直下地震,liquefaction mesh polygon intersection,13104,新宿区,Unknown,Unknown,未判定,未細分,point,善国寺の毘沙門天像,液状化,多摩東部直下地震,液状化｜多摩東部直下地震
13104:17,liquefaction,大正関東地震,8.37,5<PL≤15,hazard_liquefaction_250m_大正関東地震,liquefaction mesh polygon intersection,13104,新宿区,Unknown,Unknown,未判定,未細分,point,善国寺の毘沙門天像,液状化,大正関東地震,液状化｜大正関東地震
13104:17,liquefaction,都心南部直下地震,12.12,5<PL≤15,hazard_liquefaction_250m_都心南部直下地震,liquefaction mesh polygon intersection,13104,新宿区,Unknown,Unknown,未判定,未細分,point,善国寺の毘沙門天像,液状化,都心南部直下地震,液状化｜都心南部直下地震
13104:172,liquefaction,多摩東部直下地震,12.12,5<PL≤15,hazard_liquefaction_250m_多摩東部直下地震,liquefaction mesh polygon intersection,13104,新宿区,Unknown,Unknown,未判定,未細分,point,牛込城跡,液状化,多摩東部直下地震,液状化｜多摩東部直下地震
13104:172,liquefaction,大正関東地震,8.37,5<PL≤15,hazard_liquefaction_250m_大正関東地震,liquefaction mesh polygon intersection,13104,新宿区,Unknown,Unknown,未判定,未細分,point,牛込城跡,液状化,大正関東地震,液状化｜大正関東地震
13104:172,liquefaction,都心南部直下地震,12.12,5<PL≤15,hazard_liquefaction_250m_都心南部直下地震,liquefaction mesh polygon intersection,13104,新宿区,Unknown,Unknown,未判定,未細分,point,牛込城跡,液状化,都心南部直下地震,液状化｜都心南部直下地震
13104:173,liquefaction,南海トラフ巨大地震,0.22,0<PL≤5,hazard_liquefaction_250m_南海トラフ巨大地震,liquefaction mesh polygon intersection,13104,新宿区,Unknown,Unknown,未判定,未細分,point,富塚跡,液状化,南海トラフ巨大地震,液状化｜南海トラフ巨大地震
13104:173,liquefaction,多摩東部直下地震,2.095555556,0<PL≤5,hazard_liquefaction_250m_多摩東部直下地震,liquefaction mesh polygon intersection,13104,新宿区,Unknown,Unknown,未判定,未細分,point,富塚跡,液状化,多摩東部直下地震,液状化｜多摩東部直下地震
13104:173,liquefaction,大正関東地震,1.851111111,0<PL≤5,hazard_liquefaction_250m_大正関東地震,liquefaction mesh polygon intersection,13104,新宿区,Unknown,Unknown,未判定,未細分,point,富塚跡,液状化,大正関東地震,液状化｜大正関東地震
13104:173,liquefaction,都心南部直下地震,2.047777778,0<PL≤5,hazard_liquefaction_250m_都心南部直下地震,liquefaction mesh polygon intersection,13104,新宿区,Unknown,Unknown,未判定,未細分,point,富塚跡,液状化,都心南部直下地震,液状化｜都心南部直下地震
13104:174,liquefaction,多摩東部直下地震,12.12,5<PL≤15,hazard_liquefaction_250m_多摩東部直下地震,liquefaction mesh polygon intersection,13104,新宿区,Unknown,Unknown,未判定,未細分,point,便々館湖鯉鮒の墓,液状化,多摩東部直下地震,液状化｜多摩東部直下地震
13104:174,liquefaction,大正関東地震,8.37,5<PL≤15,hazard_liquefaction_250m_大正関東地震,liquefaction mesh polygon intersection,13104,新宿区,Unknown,Unknown,未判定,未細分,point,便々館湖鯉鮒の墓,液状化,大正関東地震,液状化｜大正関東地震
13104:174,liquefaction,都心南部直下地震,12.12,5<PL≤15,hazard_liquefaction_250m_都心南部直下地震,liquefaction mesh polygon intersection,13104,新宿区,Unknown,Unknown,未判定,未細分,point,便々館湖鯉鮒の墓,液状化,都心南部直下地震,液状化｜都心南部直下地震
13104:176,liquefaction,多摩東部直下地震,2.5725,0<PL≤5,hazard_liquefaction_250m_多摩東部直下地震,liquefaction mesh polygon intersection,13104,新宿区,Unknown,Unknown,未判定,未細分,point,生田春月旧居跡,液状化,多摩東部直下地震,液状化｜多摩東部直下地震
13104:176,liquefaction,大正関東地震,2.0125,0<PL≤5,hazard_liquefaction_250m_大正関東地震,liquefaction mesh polygon intersection,13104,新宿区,Unknown,Unknown,未判定,未細分,point,生田春月旧居跡,液状化,大正関東地震,液状化｜大正関東地震
13104:176,liquefaction,都心南部直下地震,2.580625,0<PL≤5,hazard_liquefaction_250m_都心南部直下地震,liquefaction mesh polygon intersection,13104,新宿区,Unknown,Unknown,未判定,未細分,point,生田春月旧居跡,液状化,都心南部直下地震,液状化｜都心南部直下地震
13104:178,liquefaction,多摩東部直下地震,5.475,5<PL≤15,hazard_liquefaction_250m_多摩東部直下地震,liquefaction mesh polygon intersection,13104,新宿区,Unknown,Unknown,未判定,未細分,point,林芙美子終焉の地,液状化,多摩東部直下地震,液状化｜多摩東部直下地震
13104:178,liquefaction,大正関東地震,1.524,0<PL≤5,hazard_liquefaction_250m_大正関東地震,liquefaction mesh polygon intersection,13104,新宿区,Unknown,Unknown,未判定,未細分,point,林芙美子終焉の地,液状化,大正関東地震,液状化｜大正関東地震
13104:178,liquefaction,都心南部直下地震,4.117,0<PL≤5,hazard_liquefaction_250m_都心南部直下地震,liquefaction mesh polygon intersection,13104,新宿区,Unknown,Unknown,未判定,未細分,point,林芙美子終焉の地,液状化,都心南部直下地震,液状化｜都心南部直下地震
13104:18,liquefaction,南海トラフ巨大地震,0.132,0<PL≤5,hazard_liquefaction_250m_南海トラフ巨大地震,liquefaction mesh polygon intersection,13104,新宿区,Unknown,Unknown,未判定,未細分,point,経王寺の大黒天像,液状化,南海トラフ巨大地震,液状化｜南海トラフ巨大地震
13104:18,liquefaction,多摩東部直下地震,2.648,0<PL≤5,hazard_liquefaction_250m_多摩東部直下地震,liquefaction mesh polygon intersection,13104,新宿区,Unknown,Unknown,未判定,未細分,point,経王寺の大黒天像,液状化,多摩東部直下地震,液状化｜多摩東部直下地震
13104:18,liquefaction,大正関東地震,1.936,0<PL≤5,hazard_liquefaction_250m_大正関東地震,liquefaction mesh polygon intersection,13104,新宿区,Unknown,Unknown,未判定,未細分,point,経王寺の大黒天像,液状化,大正関東地震,液状化｜大正関東地震
13104:18,liquefaction,都心南部直下地震,2.648,0<PL≤5,hazard_liquefaction_250m_都心南部直下地震,liquefaction mesh polygon intersection,13104,新宿区,Unknown,Unknown,未判定,未細分,point,経王寺の大黒天像,液状化,都心南部直下地震,液状化｜都心南部直下地震
13104:182,liquefaction,多摩東部直下地震,12.12,5<PL≤15,hazard_liquefaction_250m_多摩東部直下地震,liquefaction mesh polygon intersection,13104,新宿区,Unknown,Unknown,未判定,未細分,point,東京府仮小学第三校跡,液状化,多摩東部直下地震,液状化｜多摩東部直下地震
13104:182,liquefaction,大正関東地震,8.37,5<PL≤15,hazard_liquefaction_250m_大正関東地震,liquefaction mesh polygon intersection,13104,新宿区,Unknown,Unknown,未判定,未細分,point,東京府仮小学第三校跡,液状化,大正関東地震,液状化｜大正関東地震
13104:182,liquefaction,都心南部直下地震,12.12,5<PL≤15,hazard_liquefaction_250m_都心南部直下地震,liquefaction mesh polygon intersection,13104,新宿区,Unknown,Unknown,未判定,未細分,point,東京府仮小学第三校跡,液状化,都心南部直下地震,液状化｜都心南部直下地震
13104:187,liquefaction,南海トラフ巨大地震,0.4,0<PL≤5,hazard_liquefaction_250m_南海トラフ巨大地震,liquefaction mesh polygon intersection,13104,新宿区,Unknown,Unknown,未判定,未細分,point,六桜社跡,液状化,南海トラフ巨大地震,液状化｜南海トラフ巨大地震
13104:187,liquefaction,多摩東部直下地震,13.24,5<PL≤15,hazard_liquefaction_250m_多摩東部直下地震,liquefaction mesh polygon intersection,13104,新宿区,Unknown,Unknown,未判定,未細分,point,六桜社跡,液状化,多摩東部直下地震,液状化｜多摩東部直下地震
13104:187,liquefaction,大正関東地震,10.93,5<PL≤15,hazard_liquefaction_250m_大正関東地震,liquefaction mesh polygon intersection,13104,新宿区,Unknown,Unknown,未判定,未細分,point,六桜社跡,液状化,大正関東地震,液状化｜大正関東地震
13104:187,liquefaction,都心南部直下地震,13.24,5<PL≤15,hazard_liquefaction_250m_都心南部直下地震,liquefaction mesh polygon intersection,13104,新宿区,Unknown,Unknown,未判定,未細分,point,六桜社跡,液状化,都心南部直下地震,液状化｜都心南部直下地震
13104:188,liquefaction,多摩東部直下地震,0.2745,0<PL≤5,hazard_liquefaction_250m_多摩東部直下地震,liquefaction mesh polygon intersection,13104,新宿区,Unknown,Unknown,未判定,未細分,point,佐々木活字店,液状化,多摩東部直下地震,液状化｜多摩東部直下地震
13104:188,liquefaction,大正関東地震,0.218,0<PL≤5,hazard_liquefaction_250m_大正関東地震,liquefaction mesh polygon intersection,13104,新宿区,Unknown,Unknown,未判定,未細分,point,佐々木活字店,液状化,大正関東地震,液状化｜大正関東地震
13104:188,liquefaction,都心南部直下地震,0.276,0<PL≤5,hazard_liquefaction_250m_都心南部直下地震,liquefaction mesh polygon intersection,13104,新宿区,Unknown,Unknown,未判定,未細分,point,佐々木活字店,液状化,都心南部直下地震,液状化｜都心南部直下地震
13104:19,liquefaction,南海トラフ巨大地震,0.970833333,0<PL≤5,hazard_liquefaction_250m_南海トラフ巨大地震,liquefaction mesh polygon intersection,13104,新宿区,Unknown,Unknown,未判定,未細分,point,法善寺の七面明神像,液状化,南海トラフ巨大地震,液状化｜南海トラフ巨大地震
13104:19,liquefaction,多摩東部直下地震,13.41833333,5<PL≤15,hazard_liquefaction_250m_多摩東部直下地震,liquefaction mesh polygon intersection,13104,新宿区,Unknown,Unknown,未判定,未細分,point,法善寺の七面明神像,液状化,多摩東部直下地震,液状化｜多摩東部直下地震
13104:19,liquefaction,大正関東地震,10.93,5<PL≤15,hazard_liquefaction_250m_大正関東地震,liquefaction mesh polygon intersection,13104,新宿区,Unknown,Unknown,未判定,未細分,point,法善寺の七面明神像,液状化,大正関東地震,液状化｜大正関東地震
13104:19,liquefaction,都心南部直下地震,13.24,5<PL≤15,hazard_liquefaction_250m_都心南部直下地震,liquefaction mesh polygon intersection,13104,新宿区,Unknown,Unknown,未判定,未細分,point,法善寺の七面明神像,液状化,都心南部直下地震,液状化｜都心南部直下地震
13104:193,liquefaction,多摩東部直下地震,12.12,5<PL≤15,hazard_liquefaction_250m_多摩東部直下地震,liquefaction mesh polygon intersection,13104,新宿区,Unknown,Unknown,未判定,未細分,point,神楽坂をどり,液状化,多摩東部直下地震,液状化｜多摩東部直下地震
13104:193,liquefaction,大正関東地震,8.37,5<PL≤15,hazard_liquefaction_250m_大正関東地震,liquefaction mesh polygon intersection,13104,新宿区,Unknown,Unknown,未判定,未細分,point,神楽坂をどり,液状化,大正関東地震,液状化｜大正関東地震
13104:193,liquefaction,都心南部直下地震,12.12,5<PL≤15,hazard_liquefaction_250m_都心南部直下地震,liquefaction mesh polygon intersection,13104,新宿区,Unknown,Unknown,未判定,未細分,point,神楽坂をどり,液状化,都心南部直下地震,液状化｜都心南部直下地震
13104:196,liquefaction,南海トラフ巨大地震,1.168,0<PL≤5,hazard_liquefaction_250m_南海トラフ巨大地震,liquefaction mesh polygon intersection,13104,新宿区,Unknown,Unknown,未判定,未細分,point,源兵衛子育地蔵尊の石造物群,液状化,南海トラフ巨大地震,液状化｜南海トラフ巨大地震
13104:196,liquefaction,多摩東部直下地震,7.972,5<PL≤15,hazard_liquefaction_250m_多摩東部直下地震,liquefaction mesh polygon intersection,13104,新宿区,Unknown,Unknown,未判定,未細分,point,源兵衛子育地蔵尊の石造物群,液状化,多摩東部直下地震,液状化｜多摩東部直下地震
13104:196,liquefaction,大正関東地震,6.738,5<PL≤15,hazard_liquefaction_250m_大正関東地震,liquefaction mesh polygon intersection,13104,新宿区,Unknown,Unknown,未判定,未細分,point,源兵衛子育地蔵尊の石造物群,液状化,大正関東地震,液状化｜大正関東地震
13104:196,liquefaction,都心南部直下地震,7.802,5<PL≤15,hazard_liquefaction_250m_都心南部直下地震,liquefaction mesh polygon intersection,13104,新宿区,Unknown,Unknown,未判定,未細分,point,源兵衛子育地蔵尊の石造物群,液状化,都心南部直下地震,液状化｜都心南部直下地震
13104:197,liquefaction,南海トラフ巨大地震,1.168,0<PL≤5,hazard_liquefaction_250m_南海トラフ巨大地震,liquefaction mesh polygon intersection,13104,新宿区,Unknown,Unknown,未判定,未細分,point,彰忠碑,液状化,南海トラフ巨大地震,液状化｜南海トラフ巨大地震
13104:197,liquefaction,多摩東部直下地震,7.972,5<PL≤15,hazard_liquefaction_250m_多摩東部直下地震,liquefaction mesh polygon intersection,13104,新宿区,Unknown,Unknown,未判定,未細分,point,彰忠碑,液状化,多摩東部直下地震,液状化｜多摩東部直下地震
13104:197,liquefaction,大正関東地震,6.738,5<PL≤15,hazard_liquefaction_250m_大正関東地震,liquefaction mesh polygon intersection,13104,新宿区,Unknown,Unknown,未判定,未細分,point,彰忠碑,液状化,大正関東地震,液状化｜大正関東地震
13104:197,liquefaction,都心南部直下地震,7.802,5<PL≤15,hazard_liquefaction_250m_都心南部直下地震,liquefaction mesh polygon intersection,13104,新宿区,Unknown,Unknown,未判定,未細分,point,彰忠碑,液状化,都心南部直下地震,液状化｜都心南部直下地震
13104:198,liquefaction,南海トラフ巨大地震,0.183333333,0<PL≤5,hazard_liquefaction_250m_南海トラフ巨大地震,liquefaction mesh polygon intersection,13104,新宿区,Unknown,Unknown,未判定,未細分,point,太平洋戦争本土初空襲の地跡,液状化,南海トラフ巨大地震,液状化｜南海トラフ巨大地震
13104:198,liquefaction,多摩東部直下地震,1.715,0<PL≤5,hazard_liquefaction_250m_多摩東部直下地震,liquefaction mesh polygon intersection,13104,新宿区,Unknown,Unknown,未判定,未細分,point,太平洋戦争本土初空襲の地跡,液状化,多摩東部直下地震,液状化｜多摩東部直下地震
13104:198,liquefaction,大正関東地震,1.530555556,0<PL≤5,hazard_liquefaction_250m_大正関東地震,liquefaction mesh polygon intersection,13104,新宿区,Unknown,Unknown,未判定,未細分,point,太平洋戦争本土初空襲の地跡,液状化,大正関東地震,液状化｜大正関東地震
13104:198,liquefaction,都心南部直下地震,1.703333333,0<PL≤5,hazard_liquefaction_250m_都心南部直下地震,liquefaction mesh polygon intersection,13104,新宿区,Unknown,Unknown,未判定,未細分,point,太平洋戦争本土初空襲の地跡,液状化,都心南部直下地震,液状化｜都心南部直下地震
13104:20,liquefaction,南海トラフ巨大地震,0.11,0<PL≤5,hazard_liquefaction_250m_南海トラフ巨大地震,liquefaction mesh polygon intersection,13104,新宿区,Unknown,Unknown,未判定,未細分,point,布袋像の水鉢,液状化,南海トラフ巨大地震,液状化｜南海トラフ巨大地震
13104:20,liquefaction,多摩東部直下地震,4.77,0<PL≤5,hazard_liquefaction_250m_多摩東部直下地震,liquefaction mesh polygon intersection,13104,新宿区,Unknown,Unknown,未判定,未細分,point,布袋像の水鉢,液状化,多摩東部直下地震,液状化｜多摩東部直下地震
13104:20,liquefaction,大正関東地震,3.643333333,0<PL≤5,hazard_liquefaction_250m_大正関東地震,liquefaction mesh polygon intersection,13104,新宿区,Unknown,Unknown,未判定,未細分,point,布袋像の水鉢,液状化,大正関東地震,液状化｜大正関東地震
13104:20,liquefaction,都心南部直下地震,4.413333333,0<PL≤5,hazard_liquefaction_250m_都心南部直下地震,liquefaction mesh polygon intersection,13104,新宿区,Unknown,Unknown,未判定,未細分,point,布袋像の水鉢,液状化,都心南部直下地震,液状化｜都心南部直下地震
13104:200,liquefaction,南海トラフ巨大地震,1.046666667,0<PL≤5,hazard_liquefaction_250m_南海トラフ巨大地震,liquefaction mesh polygon intersection,13104,新宿区,Unknown,Unknown,未判定,未細分,point,西落合耕地整理記念碑,液状化,南海トラフ巨大地震,液状化｜南海トラフ巨大地震
13104:200,liquefaction,多摩東部直下地震,10.195,5<PL≤15,hazard_liquefaction_250m_多摩東部直下地震,liquefaction mesh polygon intersection,13104,新宿区,Unknown,Unknown,未判定,未細分,point,西落合耕地整理記念碑,液状化,多摩東部直下地震,液状化｜多摩東部直下地震
13104:200,liquefaction,大正関東地震,7.801666667,5<PL≤15,hazard_liquefaction_250m_大正関東地震,liquefaction mesh polygon intersection,13104,新宿区,Unknown,Unknown,未判定,未細分,point,西落合耕地整理記念碑,液状化,大正関東地震,液状化｜大正関東地震
13104:200,liquefaction,都心南部直下地震,8.853333333,5<PL≤15,hazard_liquefaction_250m_都心南部直下地震,liquefaction mesh polygon intersection,13104,新宿区,Unknown,Unknown,未判定,未細分,point,西落合耕地整理記念碑,液状化,都心南部直下地震,液状化｜都心南部直下地震
13104:202,liquefaction,南海トラフ巨大地震,0.4,0<PL≤5,hazard_liquefaction_250m_南海トラフ巨大地震,liquefaction mesh polygon intersection,13104,新宿区,Unknown,Unknown,未判定,未細分,point,旧淀橋浄水場六角堂,液状化,南海トラフ巨大地震,液状化｜南海トラフ巨大地震
13104:202,liquefaction,多摩東部直下地震,13.24,5<PL≤15,hazard_liquefaction_250m_多摩東部直下地震,liquefaction mesh polygon intersection,13104,新宿区,Unknown,Unknown,未判定,未細分,point,旧淀橋浄水場六角堂,液状化,多摩東部直下地震,液状化｜多摩東部直下地震
13104:202,liquefaction,大正関東地震,10.93,5<PL≤15,hazard_liquefaction_250m_大正関東地震,liquefaction mesh polygon intersection,13104,新宿区,Unknown,Unknown,未判定,未細分,point,旧淀橋浄水場六角堂,液状化,大正関東地震,液状化｜大正関東地震
13104:202,liquefaction,都心南部直下地震,13.24,5<PL≤15,hazard_liquefaction_250m_都心南部直下地震,liquefaction mesh polygon intersection,13104,新宿区,Unknown,Unknown,未判定,未細分,point,旧淀橋浄水場六角堂,液状化,都心南部直下地震,液状化｜都心南部直下地震
13104:203,liquefaction,南海トラフ巨大地震,0.495,0<PL≤5,hazard_liquefaction_250m_南海トラフ巨大地震,liquefaction mesh polygon intersection,13104,新宿区,Unknown,Unknown,未判定,未細分,point,巴講睦の獅子図屏風,液状化,南海トラフ巨大地震,液状化｜南海トラフ巨大地震
13104:203,liquefaction,多摩東部直下地震,11.7925,5<PL≤15,hazard_liquefaction_250m_多摩東部直下地震,liquefaction mesh polygon intersection,13104,新宿区,Unknown,Unknown,未判定,未細分,point,巴講睦の獅子図屏風,液状化,多摩東部直下地震,液状化｜多摩東部直下地震
13104:203,liquefaction,大正関東地震,9.605,5<PL≤15,hazard_liquefaction_250m_大正関東地震,liquefaction mesh polygon intersection,13104,新宿区,Unknown,Unknown,未判定,未細分,point,巴講睦の獅子図屏風,液状化,大正関東地震,液状化｜大正関東地震
13104:203,liquefaction,都心南部直下地震,12.10833333,5<PL≤15,hazard_liquefaction_250m_都心南部直下地震,liquefaction mesh polygon intersection,13104,新宿区,Unknown,Unknown,未判定,未細分,point,巴講睦の獅子図屏風,液状化,都心南部直下地震,液状化｜都心南部直下地震
13104:210,liquefaction,南海トラフ巨大地震,0.0528,0<PL≤5,hazard_liquefaction_250m_南海トラフ巨大地震,liquefaction mesh polygon intersection,13104,新宿区,Unknown,Unknown,未判定,未細分,point,田島森碑,液状化,南海トラフ巨大地震,液状化｜南海トラフ巨大地震
13104:210,liquefaction,多摩東部直下地震,0.4912,0<PL≤5,hazard_liquefaction_250m_多摩東部直下地震,liquefaction mesh polygon intersection,13104,新宿区,Unknown,Unknown,未判定,未細分,point,田島森碑,液状化,多摩東部直下地震,液状化｜多摩東部直下地震
13104:210,liquefaction,大正関東地震,0.4424,0<PL≤5,hazard_liquefaction_250m_大正関東地震,liquefaction mesh polygon intersection,13104,新宿区,Unknown,Unknown,未判定,未細分,point,田島森碑,液状化,大正関東地震,液状化｜大正関東地震
13104:210,liquefaction,都心南部直下地震,0.4908,0<PL≤5,hazard_liquefaction_250m_都心南部直下地震,liquefaction mesh polygon intersection,13104,新宿区,Unknown,Unknown,未判定,未細分,point,田島森碑,液状化,都心南部直下地震,液状化｜都心南部直下地震
13104:212,liquefaction,多摩東部直下地震,1.69,0<PL≤5,hazard_liquefaction_250m_多摩東部直下地震,liquefaction mesh polygon intersection,13104,新宿区,Unknown,Unknown,未判定,未細分,point,祭馬碑,液状化,多摩東部直下地震,液状化｜多摩東部直下地震
13104:212,liquefaction,大正関東地震,1.06,0<PL≤5,hazard_liquefaction_250m_大正関東地震,liquefaction mesh polygon intersection,13104,新宿区,Unknown,Unknown,未判定,未細分,point,祭馬碑,液状化,大正関東地震,液状化｜大正関東地震
13104:212,liquefaction,都心南部直下地震,1.67,0<PL≤5,hazard_liquefaction_250m_都心南部直下地震,liquefaction mesh polygon intersection,13104,新宿区,Unknown,Unknown,未判定,未細分,point,祭馬碑,液状化,都心南部直下地震,液状化｜都心南部直下地震
13104:214,liquefaction,南海トラフ巨大地震,4.15,0<PL≤5,hazard_liquefaction_250m_南海トラフ巨大地震,liquefaction mesh polygon intersection,13104,新宿区,Unknown,Unknown,未判定,未細分,point,花園アパート跡,液状化,南海トラフ巨大地震,液状化｜南海トラフ巨大地震
13104:214,liquefaction,多摩東部直下地震,15.32,PL>15,hazard_liquefaction_250m_多摩東部直下地震,liquefaction mesh polygon intersection,13104,新宿区,Unknown,Unknown,未判定,未細分,point,花園アパート跡,液状化,多摩東部直下地震,液状化｜多摩東部直下地震
13104:214,liquefaction,大正関東地震,13.24,5<PL≤15,hazard_liquefaction_250m_大正関東地震,liquefaction mesh polygon intersection,13104,新宿区,Unknown,Unknown,未判定,未細分,point,花園アパート跡,液状化,大正関東地震,液状化｜大正関東地震
13104:214,liquefaction,都心南部直下地震,16.28,PL>15,hazard_liquefaction_250m_都心南部直下地震,liquefaction mesh polygon intersection,13104,新宿区,Unknown,Unknown,未判定,未細分,point,花園アパート跡,液状化,都心南部直下地震,液状化｜都心南部直下地震
13104:215,liquefaction,多摩東部直下地震,7.25,5<PL≤15,hazard_liquefaction_250m_多摩東部直下地震,liquefaction mesh polygon intersection,13104,新宿区,Unknown,Unknown,未判定,未細分,point,美濃国高須藩主 松平家上屋敷跡,液状化,多摩東部直下地震,液状化｜多摩東部直下地震
13104:215,liquefaction,大正関東地震,5.48,5<PL≤15,hazard_liquefaction_250m_大正関東地震,liquefaction mesh polygon intersection,13104,新宿区,Unknown,Unknown,未判定,未細分,point,美濃国高須藩主 松平家上屋敷跡,液状化,大正関東地震,液状化｜大正関東地震
13104:215,liquefaction,都心南部直下地震,7.43,5<PL≤15,hazard_liquefaction_250m_都心南部直下地震,liquefaction mesh polygon intersection,13104,新宿区,Unknown,Unknown,未判定,未細分,point,美濃国高須藩主 松平家上屋敷跡,液状化,都心南部直下地震,液状化｜都心南部直下地震
13104:219,liquefaction,多摩東部直下地震,6.597857143,5<PL≤15,hazard_liquefaction_250m_多摩東部直下地震,liquefaction mesh polygon intersection,13104,新宿区,Unknown,Unknown,未判定,未細分,point,中井御霊神社の節分祭,液状化,多摩東部直下地震,液状化｜多摩東部直下地震
13104:219,liquefaction,大正関東地震,3.367142857,0<PL≤5,hazard_liquefaction_250m_大正関東地震,liquefaction mesh polygon intersection,13104,新宿区,Unknown,Unknown,未判定,未細分,point,中井御霊神社の節分祭,液状化,大正関東地震,液状化｜大正関東地震
13104:219,liquefaction,都心南部直下地震,5.59,5<PL≤15,hazard_liquefaction_250m_都心南部直下地震,liquefaction mesh polygon intersection,13104,新宿区,Unknown,Unknown,未判定,未細分,point,中井御霊神社の節分祭,液状化,都心南部直下地震,液状化｜都心南部直下地震
13104:221,liquefaction,多摩東部直下地震,6.662,5<PL≤15,hazard_liquefaction_250m_多摩東部直下地震,liquefaction mesh polygon intersection,13104,新宿区,Unknown,Unknown,未判定,未細分,point,氷川神社の節分祭,液状化,多摩東部直下地震,液状化｜多摩東部直下地震
13104:221,liquefaction,大正関東地震,5.13,5<PL≤15,hazard_liquefaction_250m_大正関東地震,liquefaction mesh polygon intersection,13104,新宿区,Unknown,Unknown,未判定,未細分,point,氷川神社の節分祭,液状化,大正関東地震,液状化｜大正関東地震
13104:221,liquefaction,都心南部直下地震,6.265,5<PL≤15,hazard_liquefaction_250m_都心南部直下地震,liquefaction mesh polygon intersection,13104,新宿区,Unknown,Unknown,未判定,未細分,point,氷川神社の節分祭,液状化,都心南部直下地震,液状化｜都心南部直下地震
13104:222,liquefaction,多摩東部直下地震,1.933333333,0<PL≤5,hazard_liquefaction_250m_多摩東部直下地震,liquefaction mesh polygon intersection,13104,新宿区,Unknown,Unknown,未判定,未細分,point,鎧神社の節分祭,液状化,多摩東部直下地震,液状化｜多摩東部直下地震
13104:222,liquefaction,大正関東地震,0.723333333,0<PL≤5,hazard_liquefaction_250m_大正関東地震,liquefaction mesh polygon intersection,13104,新宿区,Unknown,Unknown,未判定,未細分,point,鎧神社の節分祭,液状化,大正関東地震,液状化｜大正関東地震
13104:222,liquefaction,都心南部直下地震,1.68,0<PL≤5,hazard_liquefaction_250m_都心南部直下地震,liquefaction mesh polygon intersection,13104,新宿区,Unknown,Unknown,未判定,未細分,point,鎧神社の節分祭,液状化,都心南部直下地震,液状化｜都心南部直下地震
13104:227,liquefaction,南海トラフ巨大地震,0.11,0<PL≤5,hazard_liquefaction_250m_南海トラフ巨大地震,liquefaction mesh polygon intersection,13104,新宿区,Unknown,Unknown,未判定,未細分,point,放生寺の水掛け地蔵と大震火災死亡群霊塔,液状化,南海トラフ巨大地震,液状化｜南海トラフ巨大地震
13104:227,liquefaction,多摩東部直下地震,4.77,0<PL≤5,hazard_liquefaction_250m_多摩東部直下地震,liquefaction mesh polygon intersection,13104,新宿区,Unknown,Unknown,未判定,未細分,point,放生寺の水掛け地蔵と大震火災死亡群霊塔,液状化,多摩東部直下地震,液状化｜多摩東部直下地震
13104:227,liquefaction,大正関東地震,3.643333333,0<PL≤5,hazard_liquefaction_250m_大正関東地震,liquefaction mesh polygon intersection,13104,新宿区,Unknown,Unknown,未判定,未細分,point,放生寺の水掛け地蔵と大震火災死亡群霊塔,液状化,大正関東地震,液状化｜大正関東地震
13104:227,liquefaction,都心南部直下地震,4.413333333,0<PL≤5,hazard_liquefaction_250m_都心南部直下地震,liquefaction mesh polygon intersection,13104,新宿区,Unknown,Unknown,未判定,未細分,point,放生寺の水掛け地蔵と大震火災死亡群霊塔,液状化,都心南部直下地震,液状化｜都心南部直下地震
13104:230,liquefaction,南海トラフ巨大地震,0.2364,0<PL≤5,hazard_liquefaction_250m_南海トラフ巨大地震,liquefaction mesh polygon intersection,13104,新宿区,Unknown,Unknown,未判定,未細分,point,弘文学院跡,液状化,南海トラフ巨大地震,液状化｜南海トラフ巨大地震
13104:230,liquefaction,多摩東部直下地震,3.0816,0<PL≤5,hazard_liquefaction_250m_多摩東部直下地震,liquefaction mesh polygon intersection,13104,新宿区,Unknown,Unknown,未判定,未細分,point,弘文学院跡,液状化,多摩東部直下地震,液状化｜多摩東部直下地震
13104:230,liquefaction,大正関東地震,2.2804,0<PL≤5,hazard_liquefaction_250m_大正関東地震,liquefaction mesh polygon intersection,13104,新宿区,Unknown,Unknown,未判定,未細分,point,弘文学院跡,液状化,大正関東地震,液状化｜大正関東地震
13104:230,liquefaction,都心南部直下地震,2.9644,0<PL≤5,hazard_liquefaction_250m_都心南部直下地震,liquefaction mesh polygon intersection,13104,新宿区,Unknown,Unknown,未判定,未細分,point,弘文学院跡,液状化,都心南部直下地震,液状化｜都心南部直下地震
13104:25,liquefaction,南海トラフ巨大地震,0.22,0<PL≤5,hazard_liquefaction_250m_南海トラフ巨大地震,liquefaction mesh polygon intersection,13104,新宿区,Unknown,Unknown,未判定,未細分,point,大隈重信銅像,液状化,南海トラフ巨大地震,液状化｜南海トラフ巨大地震
13104:25,liquefaction,多摩東部直下地震,2.095555556,0<PL≤5,hazard_liquefaction_250m_多摩東部直下地震,liquefaction mesh polygon intersection,13104,新宿区,Unknown,Unknown,未判定,未細分,point,大隈重信銅像,液状化,多摩東部直下地震,液状化｜多摩東部直下地震
13104:25,liquefaction,大正関東地震,1.851111111,0<PL≤5,hazard_liquefaction_250m_大正関東地震,liquefaction mesh polygon intersection,13104,新宿区,Unknown,Unknown,未判定,未細分,point,大隈重信銅像,液状化,大正関東地震,液状化｜大正関東地震
13104:25,liquefaction,都心南部直下地震,2.047777778,0<PL≤5,hazard_liquefaction_250m_都心南部直下地震,liquefaction mesh polygon intersection,13104,新宿区,Unknown,Unknown,未判定,未細分,point,大隈重信銅像,液状化,都心南部直下地震,液状化｜都心南部直下地震
13104:28,liquefaction,南海トラフ巨大地震,0.495,0<PL≤5,hazard_liquefaction_250m_南海トラフ巨大地震,liquefaction mesh polygon intersection,13104,新宿区,Unknown,Unknown,未判定,未細分,point,聖徳太子画像,液状化,南海トラフ巨大地震,液状化｜南海トラフ巨大地震
13104:28,liquefaction,多摩東部直下地震,11.7925,5<PL≤15,hazard_liquefaction_250m_多摩東部直下地震,liquefaction mesh polygon intersection,13104,新宿区,Unknown,Unknown,未判定,未細分,point,聖徳太子画像,液状化,多摩東部直下地震,液状化｜多摩東部直下地震
13104:28,liquefaction,大正関東地震,9.605,5<PL≤15,hazard_liquefaction_250m_大正関東地震,liquefaction mesh polygon intersection,13104,新宿区,Unknown,Unknown,未判定,未細分,point,聖徳太子画像,液状化,大正関東地震,液状化｜大正関東地震
13104:28,liquefaction,都心南部直下地震,12.10833333,5<PL≤15,hazard_liquefaction_250m_都心南部直下地震,liquefaction mesh polygon intersection,13104,新宿区,Unknown,Unknown,未判定,未細分,point,聖徳太子画像,液状化,都心南部直下地震,液状化｜都心南部直下地震
13104:30,liquefaction,南海トラフ巨大地震,0.4,0<PL≤5,hazard_liquefaction_250m_南海トラフ巨大地震,liquefaction mesh polygon intersection,13104,新宿区,Unknown,Unknown,未判定,未細分,point,七人役者図絵馬,液状化,南海トラフ巨大地震,液状化｜南海トラフ巨大地震
13104:30,liquefaction,多摩東部直下地震,13.24,5<PL≤15,hazard_liquefaction_250m_多摩東部直下地震,liquefaction mesh polygon intersection,13104,新宿区,Unknown,Unknown,未判定,未細分,point,七人役者図絵馬,液状化,多摩東部直下地震,液状化｜多摩東部直下地震
13104:30,liquefaction,大正関東地震,10.93,5<PL≤15,hazard_liquefaction_250m_大正関東地震,liquefaction mesh polygon intersection,13104,新宿区,Unknown,Unknown,未判定,未細分,point,七人役者図絵馬,液状化,大正関東地震,液状化｜大正関東地震
13104:30,liquefaction,都心南部直下地震,13.24,5<PL≤15,hazard_liquefaction_250m_都心南部直下地震,liquefaction mesh polygon intersection,13104,新宿区,Unknown,Unknown,未判定,未細分,point,七人役者図絵馬,液状化,都心南部直下地震,液状化｜都心南部直下地震
13104:31,liquefaction,南海トラフ巨大地震,0.970833333,0<PL≤5,hazard_liquefaction_250m_南海トラフ巨大地震,liquefaction mesh polygon intersection,13104,新宿区,Unknown,Unknown,未判定,未細分,point,阿弥陀三尊来迎図(専福寺),液状化,南海トラフ巨大地震,液状化｜南海トラフ巨大地震
13104:31,liquefaction,多摩東部直下地震,13.41833333,5<PL≤15,hazard_liquefaction_250m_多摩東部直下地震,liquefaction mesh polygon intersection,13104,新宿区,Unknown,Unknown,未判定,未細分,point,阿弥陀三尊来迎図(専福寺),液状化,多摩東部直下地震,液状化｜多摩東部直下地震
13104:31,liquefaction,大正関東地震,10.93,5<PL≤15,hazard_liquefaction_250m_大正関東地震,liquefaction mesh polygon intersection,13104,新宿区,Unknown,Unknown,未判定,未細分,point,阿弥陀三尊来迎図(専福寺),液状化,大正関東地震,液状化｜大正関東地震
13104:31,liquefaction,都心南部直下地震,13.24,5<PL≤15,hazard_liquefaction_250m_都心南部直下地震,liquefaction mesh polygon intersection,13104,新宿区,Unknown,Unknown,未判定,未細分,point,阿弥陀三尊来迎図(専福寺),液状化,都心南部直下地震,液状化｜都心南部直下地震
13104:33,liquefaction,多摩東部直下地震,12.12,5<PL≤15,hazard_liquefaction_250m_多摩東部直下地震,liquefaction mesh polygon intersection,13104,新宿区,Unknown,Unknown,未判定,未細分,point,木造地蔵菩薩坐像,液状化,多摩東部直下地震,液状化｜多摩東部直下地震
13104:33,liquefaction,大正関東地震,8.37,5<PL≤15,hazard_liquefaction_250m_大正関東地震,liquefaction mesh polygon intersection,13104,新宿区,Unknown,Unknown,未判定,未細分,point,木造地蔵菩薩坐像,液状化,大正関東地震,液状化｜大正関東地震
13104:33,liquefaction,都心南部直下地震,12.12,5<PL≤15,hazard_liquefaction_250m_都心南部直下地震,liquefaction mesh polygon intersection,13104,新宿区,Unknown,Unknown,未判定,未細分,point,木造地蔵菩薩坐像,液状化,都心南部直下地震,液状化｜都心南部直下地震
13104:34,liquefaction,多摩東部直下地震,12.12,5<PL≤15,hazard_liquefaction_250m_多摩東部直下地震,liquefaction mesh polygon intersection,13104,新宿区,Unknown,Unknown,未判定,未細分,point,阿弥陀三尊来迎図(光照寺),液状化,多摩東部直下地震,液状化｜多摩東部直下地震
13104:34,liquefaction,大正関東地震,8.37,5<PL≤15,hazard_liquefaction_250m_大正関東地震,liquefaction mesh polygon intersection,13104,新宿区,Unknown,Unknown,未判定,未細分,point,阿弥陀三尊来迎図(光照寺),液状化,大正関東地震,液状化｜大正関東地震
13104:34,liquefaction,都心南部直下地震,12.12,5<PL≤15,hazard_liquefaction_250m_都心南部直下地震,liquefaction mesh polygon intersection,13104,新宿区,Unknown,Unknown,未判定,未細分,point,阿弥陀三尊来迎図(光照寺),液状化,都心南部直下地震,液状化｜都心南部直下地震
13104:35,liquefaction,多摩東部直下地震,12.12,5<PL≤15,hazard_liquefaction_250m_多摩東部直下地震,liquefaction mesh polygon intersection,13104,新宿区,Unknown,Unknown,未判定,未細分,point,法然上人画像,液状化,多摩東部直下地震,液状化｜多摩東部直下地震
13104:35,liquefaction,大正関東地震,8.37,5<PL≤15,hazard_liquefaction_250m_大正関東地震,liquefaction mesh polygon intersection,13104,新宿区,Unknown,Unknown,未判定,未細分,point,法然上人画像,液状化,大正関東地震,液状化｜大正関東地震
13104:35,liquefaction,都心南部直下地震,12.12,5<PL≤15,hazard_liquefaction_250m_都心南部直下地震,liquefaction mesh polygon intersection,13104,新宿区,Unknown,Unknown,未判定,未細分,point,法然上人画像,液状化,都心南部直下地震,液状化｜都心南部直下地震
13104:36,liquefaction,南海トラフ巨大地震,0.495,0<PL≤5,hazard_liquefaction_250m_南海トラフ巨大地震,liquefaction mesh polygon intersection,13104,新宿区,Unknown,Unknown,未判定,未細分,point,西光庵の観無量寿経曼荼羅,液状化,南海トラフ巨大地震,液状化｜南海トラフ巨大地震
13104:36,liquefaction,多摩東部直下地震,11.7925,5<PL≤15,hazard_liquefaction_250m_多摩東部直下地震,liquefaction mesh polygon intersection,13104,新宿区,Unknown,Unknown,未判定,未細分,point,西光庵の観無量寿経曼荼羅,液状化,多摩東部直下地震,液状化｜多摩東部直下地震
13104:36,liquefaction,大正関東地震,9.605,5<PL≤15,hazard_liquefaction_250m_大正関東地震,liquefaction mesh polygon intersection,13104,新宿区,Unknown,Unknown,未判定,未細分,point,西光庵の観無量寿経曼荼羅,液状化,大正関東地震,液状化｜大正関東地震
13104:36,liquefaction,都心南部直下地震,12.10833333,5<PL≤15,hazard_liquefaction_250m_都心南部直下地震,liquefaction mesh polygon intersection,13104,新宿区,Unknown,Unknown,未判定,未細分,point,西光庵の観無量寿経曼荼羅,液状化,都心南部直下地震,液状化｜都心南部直下地震
13104:37,liquefaction,南海トラフ巨大地震,0.0528,0<PL≤5,hazard_liquefaction_250m_南海トラフ巨大地震,liquefaction mesh polygon intersection,13104,新宿区,Unknown,Unknown,未判定,未細分,point,天瑞元堤像 谷文晁筆,液状化,南海トラフ巨大地震,液状化｜南海トラフ巨大地震
13104:37,liquefaction,多摩東部直下地震,0.4912,0<PL≤5,hazard_liquefaction_250m_多摩東部直下地震,liquefaction mesh polygon intersection,13104,新宿区,Unknown,Unknown,未判定,未細分,point,天瑞元堤像 谷文晁筆,液状化,多摩東部直下地震,液状化｜多摩東部直下地震
13104:37,liquefaction,大正関東地震,0.4424,0<PL≤5,hazard_liquefaction_250m_大正関東地震,liquefaction mesh polygon intersection,13104,新宿区,Unknown,Unknown,未判定,未細分,point,天瑞元堤像 谷文晁筆,液状化,大正関東地震,液状化｜大正関東地震
13104:37,liquefaction,都心南部直下地震,0.4908,0<PL≤5,hazard_liquefaction_250m_都心南部直下地震,liquefaction mesh polygon intersection,13104,新宿区,Unknown,Unknown,未判定,未細分,point,天瑞元堤像 谷文晁筆,液状化,都心南部直下地震,液状化｜都心南部直下地震
13104:38,liquefaction,南海トラフ巨大地震,0.0528,0<PL≤5,hazard_liquefaction_250m_南海トラフ巨大地震,liquefaction mesh polygon intersection,13104,新宿区,Unknown,Unknown,未判定,未細分,point,謙堂文益像 谷文晁筆,液状化,南海トラフ巨大地震,液状化｜南海トラフ巨大地震
13104:38,liquefaction,多摩東部直下地震,0.4912,0<PL≤5,hazard_liquefaction_250m_多摩東部直下地震,liquefaction mesh polygon intersection,13104,新宿区,Unknown,Unknown,未判定,未細分,point,謙堂文益像 谷文晁筆,液状化,多摩東部直下地震,液状化｜多摩東部直下地震
13104:38,liquefaction,大正関東地震,0.4424,0<PL≤5,hazard_liquefaction_250m_大正関東地震,liquefaction mesh polygon intersection,13104,新宿区,Unknown,Unknown,未判定,未細分,point,謙堂文益像 谷文晁筆,液状化,大正関東地震,液状化｜大正関東地震
13104:38,liquefaction,都心南部直下地震,0.4908,0<PL≤5,hazard_liquefaction_250m_都心南部直下地震,liquefaction mesh polygon intersection,13104,新宿区,Unknown,Unknown,未判定,未細分,point,謙堂文益像 谷文晁筆,液状化,都心南部直下地震,液状化｜都心南部直下地震
13104:39,liquefaction,南海トラフ巨大地震,0.0528,0<PL≤5,hazard_liquefaction_250m_南海トラフ巨大地震,liquefaction mesh polygon intersection,13104,新宿区,Unknown,Unknown,未判定,未細分,point,八大龍王図 谷文晁筆,液状化,南海トラフ巨大地震,液状化｜南海トラフ巨大地震
13104:39,liquefaction,多摩東部直下地震,0.4912,0<PL≤5,hazard_liquefaction_250m_多摩東部直下地震,liquefaction mesh polygon intersection,13104,新宿区,Unknown,Unknown,未判定,未細分,point,八大龍王図 谷文晁筆,液状化,多摩東部直下地震,液状化｜多摩東部直下地震
13104:39,liquefaction,大正関東地震,0.4424,0<PL≤5,hazard_liquefaction_250m_大正関東地震,liquefaction mesh polygon intersection,13104,新宿区,Unknown,Unknown,未判定,未細分,point,八大龍王図 谷文晁筆,液状化,大正関東地震,液状化｜大正関東地震
13104:39,liquefaction,都心南部直下地震,0.4908,0<PL≤5,hazard_liquefaction_250m_都心南部直下地震,liquefaction mesh polygon intersection,13104,新宿区,Unknown,Unknown,未判定,未細分,point,八大龍王図 谷文晁筆,液状化,都心南部直下地震,液状化｜都心南部直下地震
13104:4,liquefaction,多摩東部直下地震,6.597857143,5<PL≤15,hazard_liquefaction_250m_多摩東部直下地震,liquefaction mesh polygon intersection,13104,新宿区,Unknown,Unknown,未判定,未細分,point,中井御霊神社の本殿・幣殿・拝殿,液状化,多摩東部直下地震,液状化｜多摩東部直下地震
13104:4,liquefaction,大正関東地震,3.367142857,0<PL≤5,hazard_liquefaction_250m_大正関東地震,liquefaction mesh polygon intersection,13104,新宿区,Unknown,Unknown,未判定,未細分,point,中井御霊神社の本殿・幣殿・拝殿,液状化,大正関東地震,液状化｜大正関東地震
13104:4,liquefaction,都心南部直下地震,5.59,5<PL≤15,hazard_liquefaction_250m_都心南部直下地震,liquefaction mesh polygon intersection,13104,新宿区,Unknown,Unknown,未判定,未細分,point,中井御霊神社の本殿・幣殿・拝殿,液状化,都心南部直下地震,液状化｜都心南部直下地震
13104:40,liquefaction,南海トラフ巨大地震,0.0528,0<PL≤5,hazard_liquefaction_250m_南海トラフ巨大地震,liquefaction mesh polygon intersection,13104,新宿区,Unknown,Unknown,未判定,未細分,point,十大弟子図 谷文晁筆,液状化,南海トラフ巨大地震,液状化｜南海トラフ巨大地震
13104:40,liquefaction,多摩東部直下地震,0.4912,0<PL≤5,hazard_liquefaction_250m_多摩東部直下地震,liquefaction mesh polygon intersection,13104,新宿区,Unknown,Unknown,未判定,未細分,point,十大弟子図 谷文晁筆,液状化,多摩東部直下地震,液状化｜多摩東部直下地震
13104:40,liquefaction,大正関東地震,0.4424,0<PL≤5,hazard_liquefaction_250m_大正関東地震,liquefaction mesh polygon intersection,13104,新宿区,Unknown,Unknown,未判定,未細分,point,十大弟子図 谷文晁筆,液状化,大正関東地震,液状化｜大正関東地震
13104:40,liquefaction,都心南部直下地震,0.4908,0<PL≤5,hazard_liquefaction_250m_都心南部直下地震,liquefaction mesh polygon intersection,13104,新宿区,Unknown,Unknown,未判定,未細分,point,十大弟子図 谷文晁筆,液状化,都心南部直下地震,液状化｜都心南部直下地震
13104:41,liquefaction,南海トラフ巨大地震,0.4325,0<PL≤5,hazard_liquefaction_250m_南海トラフ巨大地震,liquefaction mesh polygon intersection,13104,新宿区,Unknown,Unknown,未判定,未細分,point,永福寺の銅造大日如来坐像,液状化,南海トラフ巨大地震,液状化｜南海トラフ巨大地震
13104:41,liquefaction,多摩東部直下地震,5.516666667,5<PL≤15,hazard_liquefaction_250m_多摩東部直下地震,liquefaction mesh polygon intersection,13104,新宿区,Unknown,Unknown,未判定,未細分,point,永福寺の銅造大日如来坐像,液状化,多摩東部直下地震,液状化｜多摩東部直下地震
13104:41,liquefaction,大正関東地震,4.554166667,0<PL≤5,hazard_liquefaction_250m_大正関東地震,liquefaction mesh polygon intersection,13104,新宿区,Unknown,Unknown,未判定,未細分,point,永福寺の銅造大日如来坐像,液状化,大正関東地震,液状化｜大正関東地震
13104:41,liquefaction,都心南部直下地震,5.516666667,5<PL≤15,hazard_liquefaction_250m_都心南部直下地震,liquefaction mesh polygon intersection,13104,新宿区,Unknown,Unknown,未判定,未細分,point,永福寺の銅造大日如来坐像,液状化,都心南部直下地震,液状化｜都心南部直下地震
13104:42,liquefaction,南海トラフ巨大地震,0.4325,0<PL≤5,hazard_liquefaction_250m_南海トラフ巨大地震,liquefaction mesh polygon intersection,13104,新宿区,Unknown,Unknown,未判定,未細分,point,永福寺の銅造地蔵菩薩半跏像,液状化,南海トラフ巨大地震,液状化｜南海トラフ巨大地震
13104:42,liquefaction,多摩東部直下地震,5.516666667,5<PL≤15,hazard_liquefaction_250m_多摩東部直下地震,liquefaction mesh polygon intersection,13104,新宿区,Unknown,Unknown,未判定,未細分,point,永福寺の銅造地蔵菩薩半跏像,液状化,多摩東部直下地震,液状化｜多摩東部直下地震
13104:42,liquefaction,大正関東地震,4.554166667,0<PL≤5,hazard_liquefaction_250m_大正関東地震,liquefaction mesh polygon intersection,13104,新宿区,Unknown,Unknown,未判定,未細分,point,永福寺の銅造地蔵菩薩半跏像,液状化,大正関東地震,液状化｜大正関東地震
13104:42,liquefaction,都心南部直下地震,5.516666667,5<PL≤15,hazard_liquefaction_250m_都心南部直下地震,liquefaction mesh polygon intersection,13104,新宿区,Unknown,Unknown,未判定,未細分,point,永福寺の銅造地蔵菩薩半跏像,液状化,都心南部直下地震,液状化｜都心南部直下地震
13104:43,liquefaction,多摩東部直下地震,0.2745,0<PL≤5,hazard_liquefaction_250m_多摩東部直下地震,liquefaction mesh polygon intersection,13104,新宿区,Unknown,Unknown,未判定,未細分,point,済松寺の加藤文麗筆絵画作品,液状化,多摩東部直下地震,液状化｜多摩東部直下地震
13104:43,liquefaction,大正関東地震,0.218,0<PL≤5,hazard_liquefaction_250m_大正関東地震,liquefaction mesh polygon intersection,13104,新宿区,Unknown,Unknown,未判定,未細分,point,済松寺の加藤文麗筆絵画作品,液状化,大正関東地震,液状化｜大正関東地震
13104:43,liquefaction,都心南部直下地震,0.276,0<PL≤5,hazard_liquefaction_250m_都心南部直下地震,liquefaction mesh polygon intersection,13104,新宿区,Unknown,Unknown,未判定,未細分,point,済松寺の加藤文麗筆絵画作品,液状化,都心南部直下地震,液状化｜都心南部直下地震
13104:46,liquefaction,南海トラフ巨大地震,0.07,0<PL≤5,hazard_liquefaction_250m_南海トラフ巨大地震,liquefaction mesh polygon intersection,13104,新宿区,Unknown,Unknown,未判定,未細分,point,市谷亀岡八幡宮の軍配団扇,液状化,南海トラフ巨大地震,液状化｜南海トラフ巨大地震
13104:46,liquefaction,多摩東部直下地震,7.39,5<PL≤15,hazard_liquefaction_250m_多摩東部直下地震,liquefaction mesh polygon intersection,13104,新宿区,Unknown,Unknown,未判定,未細分,point,市谷亀岡八幡宮の軍配団扇,液状化,多摩東部直下地震,液状化｜多摩東部直下地震
13104:46,liquefaction,大正関東地震,4.555,0<PL≤5,hazard_liquefaction_250m_大正関東地震,liquefaction mesh polygon intersection,13104,新宿区,Unknown,Unknown,未判定,未細分,point,市谷亀岡八幡宮の軍配団扇,液状化,大正関東地震,液状化｜大正関東地震
13104:46,liquefaction,都心南部直下地震,7.335,5<PL≤15,hazard_liquefaction_250m_都心南部直下地震,liquefaction mesh polygon intersection,13104,新宿区,Unknown,Unknown,未判定,未細分,point,市谷亀岡八幡宮の軍配団扇,液状化,都心南部直下地震,液状化｜都心南部直下地震
13104:47,liquefaction,南海トラフ巨大地震,0.11125,0<PL≤5,hazard_liquefaction_250m_南海トラフ巨大地震,liquefaction mesh polygon intersection,13104,新宿区,Unknown,Unknown,未判定,未細分,point,林光寺の高僧先達連座画像,液状化,南海トラフ巨大地震,液状化｜南海トラフ巨大地震
13104:47,liquefaction,多摩東部直下地震,1.9425,0<PL≤5,hazard_liquefaction_250m_多摩東部直下地震,liquefaction mesh polygon intersection,13104,新宿区,Unknown,Unknown,未判定,未細分,point,林光寺の高僧先達連座画像,液状化,多摩東部直下地震,液状化｜多摩東部直下地震
13104:47,liquefaction,大正関東地震,1.69625,0<PL≤5,hazard_liquefaction_250m_大正関東地震,liquefaction mesh polygon intersection,13104,新宿区,Unknown,Unknown,未判定,未細分,point,林光寺の高僧先達連座画像,液状化,大正関東地震,液状化｜大正関東地震
13104:47,liquefaction,都心南部直下地震,2.435,0<PL≤5,hazard_liquefaction_250m_都心南部直下地震,liquefaction mesh polygon intersection,13104,新宿区,Unknown,Unknown,未判定,未細分,point,林光寺の高僧先達連座画像,液状化,都心南部直下地震,液状化｜都心南部直下地震
13104:48,liquefaction,多摩東部直下地震,12.12,5<PL≤15,hazard_liquefaction_250m_多摩東部直下地震,liquefaction mesh polygon intersection,13104,新宿区,Unknown,Unknown,未判定,未細分,point,木造十一面観音坐像,液状化,多摩東部直下地震,液状化｜多摩東部直下地震
13104:48,liquefaction,大正関東地震,8.37,5<PL≤15,hazard_liquefaction_250m_大正関東地震,liquefaction mesh polygon intersection,13104,新宿区,Unknown,Unknown,未判定,未細分,point,木造十一面観音坐像,液状化,大正関東地震,液状化｜大正関東地震
13104:48,liquefaction,都心南部直下地震,12.12,5<PL≤15,hazard_liquefaction_250m_都心南部直下地震,liquefaction mesh polygon intersection,13104,新宿区,Unknown,Unknown,未判定,未細分,point,木造十一面観音坐像,液状化,都心南部直下地震,液状化｜都心南部直下地震
13104:49,liquefaction,南海トラフ巨大地震,1.064,0<PL≤5,hazard_liquefaction_250m_南海トラフ巨大地震,liquefaction mesh polygon intersection,13104,新宿区,Unknown,Unknown,未判定,未細分,point,亮朝院の梵鐘,液状化,南海トラフ巨大地震,液状化｜南海トラフ巨大地震
13104:49,liquefaction,多摩東部直下地震,7.962,5<PL≤15,hazard_liquefaction_250m_多摩東部直下地震,liquefaction mesh polygon intersection,13104,新宿区,Unknown,Unknown,未判定,未細分,point,亮朝院の梵鐘,液状化,多摩東部直下地震,液状化｜多摩東部直下地震
13104:49,liquefaction,大正関東地震,6.742,5<PL≤15,hazard_liquefaction_250m_大正関東地震,liquefaction mesh polygon intersection,13104,新宿区,Unknown,Unknown,未判定,未細分,point,亮朝院の梵鐘,液状化,大正関東地震,液状化｜大正関東地震
13104:49,liquefaction,都心南部直下地震,7.794,5<PL≤15,hazard_liquefaction_250m_都心南部直下地震,liquefaction mesh polygon intersection,13104,新宿区,Unknown,Unknown,未判定,未細分,point,亮朝院の梵鐘,液状化,都心南部直下地震,液状化｜都心南部直下地震
13104:5,liquefaction,南海トラフ巨大地震,1.064,0<PL≤5,hazard_liquefaction_250m_南海トラフ巨大地震,liquefaction mesh polygon intersection,13104,新宿区,Unknown,Unknown,未判定,未細分,point,亮朝院本堂,液状化,南海トラフ巨大地震,液状化｜南海トラフ巨大地震
13104:5,liquefaction,多摩東部直下地震,7.962,5<PL≤15,hazard_liquefaction_250m_多摩東部直下地震,liquefaction mesh polygon intersection,13104,新宿区,Unknown,Unknown,未判定,未細分,point,亮朝院本堂,液状化,多摩東部直下地震,液状化｜多摩東部直下地震
13104:5,liquefaction,大正関東地震,6.742,5<PL≤15,hazard_liquefaction_250m_大正関東地震,liquefaction mesh polygon intersection,13104,新宿区,Unknown,Unknown,未判定,未細分,point,亮朝院本堂,液状化,大正関東地震,液状化｜大正関東地震
13104:5,liquefaction,都心南部直下地震,7.794,5<PL≤15,hazard_liquefaction_250m_都心南部直下地震,liquefaction mesh polygon intersection,13104,新宿区,Unknown,Unknown,未判定,未細分,point,亮朝院本堂,液状化,都心南部直下地震,液状化｜都心南部直下地震
13104:50,liquefaction,南海トラフ巨大地震,0.101538462,0<PL≤5,hazard_liquefaction_250m_南海トラフ巨大地震,liquefaction mesh polygon intersection,13104,新宿区,Unknown,Unknown,未判定,未細分,point,宝泉寺の梵鐘,液状化,南海トラフ巨大地震,液状化｜南海トラフ巨大地震
13104:50,liquefaction,多摩東部直下地震,0.966923077,0<PL≤5,hazard_liquefaction_250m_多摩東部直下地震,liquefaction mesh polygon intersection,13104,新宿区,Unknown,Unknown,未判定,未細分,point,宝泉寺の梵鐘,液状化,多摩東部直下地震,液状化｜多摩東部直下地震
13104:50,liquefaction,大正関東地震,0.853846154,0<PL≤5,hazard_liquefaction_250m_大正関東地震,liquefaction mesh polygon intersection,13104,新宿区,Unknown,Unknown,未判定,未細分,point,宝泉寺の梵鐘,液状化,大正関東地震,液状化｜大正関東地震
13104:50,liquefaction,都心南部直下地震,0.945384615,0<PL≤5,hazard_liquefaction_250m_都心南部直下地震,liquefaction mesh polygon intersection,13104,新宿区,Unknown,Unknown,未判定,未細分,point,宝泉寺の梵鐘,液状化,都心南部直下地震,液状化｜都心南部直下地震
13104:55,liquefaction,南海トラフ巨大地震,2.76,0<PL≤5,hazard_liquefaction_250m_南海トラフ巨大地震,liquefaction mesh polygon intersection,13104,新宿区,Unknown,Unknown,未判定,未細分,point,善慶寺の梵鐘,液状化,南海トラフ巨大地震,液状化｜南海トラフ巨大地震
13104:55,liquefaction,多摩東部直下地震,15.32,PL>15,hazard_liquefaction_250m_多摩東部直下地震,liquefaction mesh polygon intersection,13104,新宿区,Unknown,Unknown,未判定,未細分,point,善慶寺の梵鐘,液状化,多摩東部直下地震,液状化｜多摩東部直下地震
13104:55,liquefaction,大正関東地震,13.24,5<PL≤15,hazard_liquefaction_250m_大正関東地震,liquefaction mesh polygon intersection,13104,新宿区,Unknown,Unknown,未判定,未細分,point,善慶寺の梵鐘,液状化,大正関東地震,液状化｜大正関東地震
13104:55,liquefaction,都心南部直下地震,15.32,PL>15,hazard_liquefaction_250m_都心南部直下地震,liquefaction mesh polygon intersection,13104,新宿区,Unknown,Unknown,未判定,未細分,point,善慶寺の梵鐘,液状化,都心南部直下地震,液状化｜都心南部直下地震
13104:58,liquefaction,多摩東部直下地震,6.662,5<PL≤15,hazard_liquefaction_250m_多摩東部直下地震,liquefaction mesh polygon intersection,13104,新宿区,Unknown,Unknown,未判定,未細分,point,薬王院の梵鐘,液状化,多摩東部直下地震,液状化｜多摩東部直下地震
13104:58,liquefaction,大正関東地震,5.13,5<PL≤15,hazard_liquefaction_250m_大正関東地震,liquefaction mesh polygon intersection,13104,新宿区,Unknown,Unknown,未判定,未細分,point,薬王院の梵鐘,液状化,大正関東地震,液状化｜大正関東地震
13104:58,liquefaction,都心南部直下地震,6.265,5<PL≤15,hazard_liquefaction_250m_都心南部直下地震,liquefaction mesh polygon intersection,13104,新宿区,Unknown,Unknown,未判定,未細分,point,薬王院の梵鐘,液状化,都心南部直下地震,液状化｜都心南部直下地震
13104:6,liquefaction,南海トラフ巨大地震,1.064,0<PL≤5,hazard_liquefaction_250m_南海トラフ巨大地震,liquefaction mesh polygon intersection,13104,新宿区,Unknown,Unknown,未判定,未細分,point,亮朝院七面堂,液状化,南海トラフ巨大地震,液状化｜南海トラフ巨大地震
13104:6,liquefaction,多摩東部直下地震,7.962,5<PL≤15,hazard_liquefaction_250m_多摩東部直下地震,liquefaction mesh polygon intersection,13104,新宿区,Unknown,Unknown,未判定,未細分,point,亮朝院七面堂,液状化,多摩東部直下地震,液状化｜多摩東部直下地震
13104:6,liquefaction,大正関東地震,6.742,5<PL≤15,hazard_liquefaction_250m_大正関東地震,liquefaction mesh polygon intersection,13104,新宿区,Unknown,Unknown,未判定,未細分,point,亮朝院七面堂,液状化,大正関東地震,液状化｜大正関東地震
13104:6,liquefaction,都心南部直下地震,7.794,5<PL≤15,hazard_liquefaction_250m_都心南部直下地震,liquefaction mesh polygon intersection,13104,新宿区,Unknown,Unknown,未判定,未細分,point,亮朝院七面堂,液状化,都心南部直下地震,液状化｜都心南部直下地震
13104:60,liquefaction,多摩東部直下地震,12.12,5<PL≤15,hazard_liquefaction_250m_多摩東部直下地震,liquefaction mesh polygon intersection,13104,新宿区,Unknown,Unknown,未判定,未細分,point,光照寺の涅槃図,液状化,多摩東部直下地震,液状化｜多摩東部直下地震
13104:60,liquefaction,大正関東地震,8.37,5<PL≤15,hazard_liquefaction_250m_大正関東地震,liquefaction mesh polygon intersection,13104,新宿区,Unknown,Unknown,未判定,未細分,point,光照寺の涅槃図,液状化,大正関東地震,液状化｜大正関東地震
13104:60,liquefaction,都心南部直下地震,12.12,5<PL≤15,hazard_liquefaction_250m_都心南部直下地震,liquefaction mesh polygon intersection,13104,新宿区,Unknown,Unknown,未判定,未細分,point,光照寺の涅槃図,液状化,都心南部直下地震,液状化｜都心南部直下地震
13104:63,liquefaction,南海トラフ巨大地震,0.495,0<PL≤5,hazard_liquefaction_250m_南海トラフ巨大地震,liquefaction mesh polygon intersection,13104,新宿区,Unknown,Unknown,未判定,未細分,point,小銅鐸,液状化,南海トラフ巨大地震,液状化｜南海トラフ巨大地震
13104:63,liquefaction,多摩東部直下地震,11.7925,5<PL≤15,hazard_liquefaction_250m_多摩東部直下地震,liquefaction mesh polygon intersection,13104,新宿区,Unknown,Unknown,未判定,未細分,point,小銅鐸,液状化,多摩東部直下地震,液状化｜多摩東部直下地震
13104:63,liquefaction,大正関東地震,9.605,5<PL≤15,hazard_liquefaction_250m_大正関東地震,liquefaction mesh polygon intersection,13104,新宿区,Unknown,Unknown,未判定,未細分,point,小銅鐸,液状化,大正関東地震,液状化｜大正関東地震
13104:63,liquefaction,都心南部直下地震,12.10833333,5<PL≤15,hazard_liquefaction_250m_都心南部直下地震,liquefaction mesh polygon intersection,13104,新宿区,Unknown,Unknown,未判定,未細分,point,小銅鐸,液状化,都心南部直下地震,液状化｜都心南部直下地震
13104:64,liquefaction,南海トラフ巨大地震,0.495,0<PL≤5,hazard_liquefaction_250m_南海トラフ巨大地震,liquefaction mesh polygon intersection,13104,新宿区,Unknown,Unknown,未判定,未細分,point,隆起線文系土器,液状化,南海トラフ巨大地震,液状化｜南海トラフ巨大地震
13104:64,liquefaction,多摩東部直下地震,11.7925,5<PL≤15,hazard_liquefaction_250m_多摩東部直下地震,liquefaction mesh polygon intersection,13104,新宿区,Unknown,Unknown,未判定,未細分,point,隆起線文系土器,液状化,多摩東部直下地震,液状化｜多摩東部直下地震
13104:64,liquefaction,大正関東地震,9.605,5<PL≤15,hazard_liquefaction_250m_大正関東地震,liquefaction mesh polygon intersection,13104,新宿区,Unknown,Unknown,未判定,未細分,point,隆起線文系土器,液状化,大正関東地震,液状化｜大正関東地震
13104:64,liquefaction,都心南部直下地震,12.10833333,5<PL≤15,hazard_liquefaction_250m_都心南部直下地震,liquefaction mesh polygon intersection,13104,新宿区,Unknown,Unknown,未判定,未細分,point,隆起線文系土器,液状化,都心南部直下地震,液状化｜都心南部直下地震
13104:65,liquefaction,南海トラフ巨大地震,0.495,0<PL≤5,hazard_liquefaction_250m_南海トラフ巨大地震,liquefaction mesh polygon intersection,13104,新宿区,Unknown,Unknown,未判定,未細分,point,下落合横穴墓出土品,液状化,南海トラフ巨大地震,液状化｜南海トラフ巨大地震
13104:65,liquefaction,多摩東部直下地震,11.7925,5<PL≤15,hazard_liquefaction_250m_多摩東部直下地震,liquefaction mesh polygon intersection,13104,新宿区,Unknown,Unknown,未判定,未細分,point,下落合横穴墓出土品,液状化,多摩東部直下地震,液状化｜多摩東部直下地震
13104:65,liquefaction,大正関東地震,9.605,5<PL≤15,hazard_liquefaction_250m_大正関東地震,liquefaction mesh polygon intersection,13104,新宿区,Unknown,Unknown,未判定,未細分,point,下落合横穴墓出土品,液状化,大正関東地震,液状化｜大正関東地震
13104:65,liquefaction,都心南部直下地震,12.10833333,5<PL≤15,hazard_liquefaction_250m_都心南部直下地震,liquefaction mesh polygon intersection,13104,新宿区,Unknown,Unknown,未判定,未細分,point,下落合横穴墓出土品,液状化,都心南部直下地震,液状化｜都心南部直下地震
13104:67,liquefaction,南海トラフ巨大地震,0.495,0<PL≤5,hazard_liquefaction_250m_南海トラフ巨大地震,liquefaction mesh polygon intersection,13104,新宿区,Unknown,Unknown,未判定,未細分,point,中村家文書,液状化,南海トラフ巨大地震,液状化｜南海トラフ巨大地震
13104:67,liquefaction,多摩東部直下地震,11.7925,5<PL≤15,hazard_liquefaction_250m_多摩東部直下地震,liquefaction mesh polygon intersection,13104,新宿区,Unknown,Unknown,未判定,未細分,point,中村家文書,液状化,多摩東部直下地震,液状化｜多摩東部直下地震
13104:67,liquefaction,大正関東地震,9.605,5<PL≤15,hazard_liquefaction_250m_大正関東地震,liquefaction mesh polygon intersection,13104,新宿区,Unknown,Unknown,未判定,未細分,point,中村家文書,液状化,大正関東地震,液状化｜大正関東地震
13104:67,liquefaction,都心南部直下地震,12.10833333,5<PL≤15,hazard_liquefaction_250m_都心南部直下地震,liquefaction mesh polygon intersection,13104,新宿区,Unknown,Unknown,未判定,未細分,point,中村家文書,液状化,都心南部直下地震,液状化｜都心南部直下地震
13104:68,liquefaction,南海トラフ巨大地震,0.11125,0<PL≤5,hazard_liquefaction_250m_南海トラフ巨大地震,liquefaction mesh polygon intersection,13104,新宿区,Unknown,Unknown,未判定,未細分,point,林光寺の歴代宗主銘,液状化,南海トラフ巨大地震,液状化｜南海トラフ巨大地震
13104:68,liquefaction,多摩東部直下地震,1.9425,0<PL≤5,hazard_liquefaction_250m_多摩東部直下地震,liquefaction mesh polygon intersection,13104,新宿区,Unknown,Unknown,未判定,未細分,point,林光寺の歴代宗主銘,液状化,多摩東部直下地震,液状化｜多摩東部直下地震
13104:68,liquefaction,大正関東地震,1.69625,0<PL≤5,hazard_liquefaction_250m_大正関東地震,liquefaction mesh polygon intersection,13104,新宿区,Unknown,Unknown,未判定,未細分,point,林光寺の歴代宗主銘,液状化,大正関東地震,液状化｜大正関東地震
13104:68,liquefaction,都心南部直下地震,2.435,0<PL≤5,hazard_liquefaction_250m_都心南部直下地震,liquefaction mesh polygon intersection,13104,新宿区,Unknown,Unknown,未判定,未細分,point,林光寺の歴代宗主銘,液状化,都心南部直下地震,液状化｜都心南部直下地震
13104:69,liquefaction,南海トラフ巨大地震,1.064,0<PL≤5,hazard_liquefaction_250m_南海トラフ巨大地震,liquefaction mesh polygon intersection,13104,新宿区,Unknown,Unknown,未判定,未細分,point,亮朝院文書,液状化,南海トラフ巨大地震,液状化｜南海トラフ巨大地震
13104:69,liquefaction,多摩東部直下地震,7.962,5<PL≤15,hazard_liquefaction_250m_多摩東部直下地震,liquefaction mesh polygon intersection,13104,新宿区,Unknown,Unknown,未判定,未細分,point,亮朝院文書,液状化,多摩東部直下地震,液状化｜多摩東部直下地震
13104:69,liquefaction,大正関東地震,6.742,5<PL≤15,hazard_liquefaction_250m_大正関東地震,liquefaction mesh polygon intersection,13104,新宿区,Unknown,Unknown,未判定,未細分,point,亮朝院文書,液状化,大正関東地震,液状化｜大正関東地震
13104:69,liquefaction,都心南部直下地震,7.794,5<PL≤15,hazard_liquefaction_250m_都心南部直下地震,liquefaction mesh polygon intersection,13104,新宿区,Unknown,Unknown,未判定,未細分,point,亮朝院文書,液状化,都心南部直下地震,液状化｜都心南部直下地震
13104:70,liquefaction,多摩東部直下地震,6.597857143,5<PL≤15,hazard_liquefaction_250m_多摩東部直下地震,liquefaction mesh polygon intersection,13104,新宿区,Unknown,Unknown,未判定,未細分,point,中井御霊神社文書,液状化,多摩東部直下地震,液状化｜多摩東部直下地震
13104:70,liquefaction,大正関東地震,3.367142857,0<PL≤5,hazard_liquefaction_250m_大正関東地震,liquefaction mesh polygon intersection,13104,新宿区,Unknown,Unknown,未判定,未細分,point,中井御霊神社文書,液状化,大正関東地震,液状化｜大正関東地震
13104:70,liquefaction,都心南部直下地震,5.59,5<PL≤15,hazard_liquefaction_250m_都心南部直下地震,liquefaction mesh polygon intersection,13104,新宿区,Unknown,Unknown,未判定,未細分,point,中井御霊神社文書,液状化,都心南部直下地震,液状化｜都心南部直下地震
13104:72,liquefaction,南海トラフ巨大地震,0.0528,0<PL≤5,hazard_liquefaction_250m_南海トラフ巨大地震,liquefaction mesh polygon intersection,13104,新宿区,Unknown,Unknown,未判定,未細分,point,済松寺文書,液状化,南海トラフ巨大地震,液状化｜南海トラフ巨大地震
13104:72,liquefaction,多摩東部直下地震,0.4912,0<PL≤5,hazard_liquefaction_250m_多摩東部直下地震,liquefaction mesh polygon intersection,13104,新宿区,Unknown,Unknown,未判定,未細分,point,済松寺文書,液状化,多摩東部直下地震,液状化｜多摩東部直下地震
13104:72,liquefaction,大正関東地震,0.4424,0<PL≤5,hazard_liquefaction_250m_大正関東地震,liquefaction mesh polygon intersection,13104,新宿区,Unknown,Unknown,未判定,未細分,point,済松寺文書,液状化,大正関東地震,液状化｜大正関東地震
13104:72,liquefaction,都心南部直下地震,0.4908,0<PL≤5,hazard_liquefaction_250m_都心南部直下地震,liquefaction mesh polygon intersection,13104,新宿区,Unknown,Unknown,未判定,未細分,point,済松寺文書,液状化,都心南部直下地震,液状化｜都心南部直下地震
13104:73,liquefaction,南海トラフ巨大地震,0.11125,0<PL≤5,hazard_liquefaction_250m_南海トラフ巨大地震,liquefaction mesh polygon intersection,13104,新宿区,Unknown,Unknown,未判定,未細分,point,林光寺文書,液状化,南海トラフ巨大地震,液状化｜南海トラフ巨大地震
13104:73,liquefaction,多摩東部直下地震,1.9425,0<PL≤5,hazard_liquefaction_250m_多摩東部直下地震,liquefaction mesh polygon intersection,13104,新宿区,Unknown,Unknown,未判定,未細分,point,林光寺文書,液状化,多摩東部直下地震,液状化｜多摩東部直下地震
13104:73,liquefaction,大正関東地震,1.69625,0<PL≤5,hazard_liquefaction_250m_大正関東地震,liquefaction mesh polygon intersection,13104,新宿区,Unknown,Unknown,未判定,未細分,point,林光寺文書,液状化,大正関東地震,液状化｜大正関東地震
13104:73,liquefaction,都心南部直下地震,2.435,0<PL≤5,hazard_liquefaction_250m_都心南部直下地震,liquefaction mesh polygon intersection,13104,新宿区,Unknown,Unknown,未判定,未細分,point,林光寺文書,液状化,都心南部直下地震,液状化｜都心南部直下地震
13104:74,liquefaction,南海トラフ巨大地震,0.970833333,0<PL≤5,hazard_liquefaction_250m_南海トラフ巨大地震,liquefaction mesh polygon intersection,13104,新宿区,Unknown,Unknown,未判定,未細分,point,大聖院文書,液状化,南海トラフ巨大地震,液状化｜南海トラフ巨大地震
13104:74,liquefaction,多摩東部直下地震,13.41833333,5<PL≤15,hazard_liquefaction_250m_多摩東部直下地震,liquefaction mesh polygon intersection,13104,新宿区,Unknown,Unknown,未判定,未細分,point,大聖院文書,液状化,多摩東部直下地震,液状化｜多摩東部直下地震
13104:74,liquefaction,大正関東地震,10.93,5<PL≤15,hazard_liquefaction_250m_大正関東地震,liquefaction mesh polygon intersection,13104,新宿区,Unknown,Unknown,未判定,未細分,point,大聖院文書,液状化,大正関東地震,液状化｜大正関東地震
13104:74,liquefaction,都心南部直下地震,13.24,5<PL≤15,hazard_liquefaction_250m_都心南部直下地震,liquefaction mesh polygon intersection,13104,新宿区,Unknown,Unknown,未判定,未細分,point,大聖院文書,液状化,都心南部直下地震,液状化｜都心南部直下地震
13104:78,liquefaction,南海トラフ巨大地震,0.4,0<PL≤5,hazard_liquefaction_250m_南海トラフ巨大地震,liquefaction mesh polygon intersection,13104,新宿区,Unknown,Unknown,未判定,未細分,point,式三番奉納額,液状化,南海トラフ巨大地震,液状化｜南海トラフ巨大地震
13104:78,liquefaction,多摩東部直下地震,13.24,5<PL≤15,hazard_liquefaction_250m_多摩東部直下地震,liquefaction mesh polygon intersection,13104,新宿区,Unknown,Unknown,未判定,未細分,point,式三番奉納額,液状化,多摩東部直下地震,液状化｜多摩東部直下地震
13104:78,liquefaction,大正関東地震,10.93,5<PL≤15,hazard_liquefaction_250m_大正関東地震,liquefaction mesh polygon intersection,13104,新宿区,Unknown,Unknown,未判定,未細分,point,式三番奉納額,液状化,大正関東地震,液状化｜大正関東地震
13104:78,liquefaction,都心南部直下地震,13.24,5<PL≤15,hazard_liquefaction_250m_都心南部直下地震,liquefaction mesh polygon intersection,13104,新宿区,Unknown,Unknown,未判定,未細分,point,式三番奉納額,液状化,都心南部直下地震,液状化｜都心南部直下地震
13104:80,liquefaction,南海トラフ巨大地震,0.495,0<PL≤5,hazard_liquefaction_250m_南海トラフ巨大地震,liquefaction mesh polygon intersection,13104,新宿区,Unknown,Unknown,未判定,未細分,point,空印の石手水鉢,液状化,南海トラフ巨大地震,液状化｜南海トラフ巨大地震
13104:80,liquefaction,多摩東部直下地震,11.7925,5<PL≤15,hazard_liquefaction_250m_多摩東部直下地震,liquefaction mesh polygon intersection,13104,新宿区,Unknown,Unknown,未判定,未細分,point,空印の石手水鉢,液状化,多摩東部直下地震,液状化｜多摩東部直下地震
13104:80,liquefaction,大正関東地震,9.605,5<PL≤15,hazard_liquefaction_250m_大正関東地震,liquefaction mesh polygon intersection,13104,新宿区,Unknown,Unknown,未判定,未細分,point,空印の石手水鉢,液状化,大正関東地震,液状化｜大正関東地震
13104:80,liquefaction,都心南部直下地震,12.10833333,5<PL≤15,hazard_liquefaction_250m_都心南部直下地震,liquefaction mesh polygon intersection,13104,新宿区,Unknown,Unknown,未判定,未細分,point,空印の石手水鉢,液状化,都心南部直下地震,液状化｜都心南部直下地震
13104:81,liquefaction,南海トラフ巨大地震,0.115,0<PL≤5,hazard_liquefaction_250m_南海トラフ巨大地震,liquefaction mesh polygon intersection,13104,新宿区,Unknown,Unknown,未判定,未細分,point,堀部武庸加功遺跡之碑,液状化,南海トラフ巨大地震,液状化｜南海トラフ巨大地震
13104:81,liquefaction,多摩東部直下地震,1.7975,0<PL≤5,hazard_liquefaction_250m_多摩東部直下地震,liquefaction mesh polygon intersection,13104,新宿区,Unknown,Unknown,未判定,未細分,point,堀部武庸加功遺跡之碑,液状化,多摩東部直下地震,液状化｜多摩東部直下地震
13104:81,liquefaction,大正関東地震,1.2175,0<PL≤5,hazard_liquefaction_250m_大正関東地震,liquefaction mesh polygon intersection,13104,新宿区,Unknown,Unknown,未判定,未細分,point,堀部武庸加功遺跡之碑,液状化,大正関東地震,液状化｜大正関東地震
13104:81,liquefaction,都心南部直下地震,1.705,0<PL≤5,hazard_liquefaction_250m_都心南部直下地震,liquefaction mesh polygon intersection,13104,新宿区,Unknown,Unknown,未判定,未細分,point,堀部武庸加功遺跡之碑,液状化,都心南部直下地震,液状化｜都心南部直下地震
13104:84,liquefaction,多摩東部直下地震,12.12,5<PL≤15,hazard_liquefaction_250m_多摩東部直下地震,liquefaction mesh polygon intersection,13104,新宿区,Unknown,Unknown,未判定,未細分,point,諸国旅人供養碑,液状化,多摩東部直下地震,液状化｜多摩東部直下地震
13104:84,liquefaction,大正関東地震,8.37,5<PL≤15,hazard_liquefaction_250m_大正関東地震,liquefaction mesh polygon intersection,13104,新宿区,Unknown,Unknown,未判定,未細分,point,諸国旅人供養碑,液状化,大正関東地震,液状化｜大正関東地震
13104:84,liquefaction,都心南部直下地震,12.12,5<PL≤15,hazard_liquefaction_250m_都心南部直下地震,liquefaction mesh polygon intersection,13104,新宿区,Unknown,Unknown,未判定,未細分,point,諸国旅人供養碑,液状化,都心南部直下地震,液状化｜都心南部直下地震
13104:88,liquefaction,南海トラフ巨大地震,1.064,0<PL≤5,hazard_liquefaction_250m_南海トラフ巨大地震,liquefaction mesh polygon intersection,13104,新宿区,Unknown,Unknown,未判定,未細分,point,木造七面明神半跏像及び宮殿,液状化,南海トラフ巨大地震,液状化｜南海トラフ巨大地震
13104:88,liquefaction,多摩東部直下地震,7.962,5<PL≤15,hazard_liquefaction_250m_多摩東部直下地震,liquefaction mesh polygon intersection,13104,新宿区,Unknown,Unknown,未判定,未細分,point,木造七面明神半跏像及び宮殿,液状化,多摩東部直下地震,液状化｜多摩東部直下地震
13104:88,liquefaction,大正関東地震,6.742,5<PL≤15,hazard_liquefaction_250m_大正関東地震,liquefaction mesh polygon intersection,13104,新宿区,Unknown,Unknown,未判定,未細分,point,木造七面明神半跏像及び宮殿,液状化,大正関東地震,液状化｜大正関東地震
13104:88,liquefaction,都心南部直下地震,7.794,5<PL≤15,hazard_liquefaction_250m_都心南部直下地震,liquefaction mesh polygon intersection,13104,新宿区,Unknown,Unknown,未判定,未細分,point,木造七面明神半跏像及び宮殿,液状化,都心南部直下地震,液状化｜都心南部直下地震
13104:89,liquefaction,南海トラフ巨大地震,1.064,0<PL≤5,hazard_liquefaction_250m_南海トラフ巨大地震,liquefaction mesh polygon intersection,13104,新宿区,Unknown,Unknown,未判定,未細分,point,木造妙見菩薩立像及び宮殿,液状化,南海トラフ巨大地震,液状化｜南海トラフ巨大地震
13104:89,liquefaction,多摩東部直下地震,7.962,5<PL≤15,hazard_liquefaction_250m_多摩東部直下地震,liquefaction mesh polygon intersection,13104,新宿区,Unknown,Unknown,未判定,未細分,point,木造妙見菩薩立像及び宮殿,液状化,多摩東部直下地震,液状化｜多摩東部直下地震
13104:89,liquefaction,大正関東地震,6.742,5<PL≤15,hazard_liquefaction_250m_大正関東地震,liquefaction mesh polygon intersection,13104,新宿区,Unknown,Unknown,未判定,未細分,point,木造妙見菩薩立像及び宮殿,液状化,大正関東地震,液状化｜大正関東地震
13104:89,liquefaction,都心南部直下地震,7.794,5<PL≤15,hazard_liquefaction_250m_都心南部直下地震,liquefaction mesh polygon intersection,13104,新宿区,Unknown,Unknown,未判定,未細分,point,木造妙見菩薩立像及び宮殿,液状化,都心南部直下地震,液状化｜都心南部直下地震
13104:9,liquefaction,多摩東部直下地震,12.12,5<PL≤15,hazard_liquefaction_250m_多摩東部直下地震,liquefaction mesh polygon intersection,13104,新宿区,Unknown,Unknown,未判定,未細分,point,筑土八幡神社の石造鳥居,液状化,多摩東部直下地震,液状化｜多摩東部直下地震
13104:9,liquefaction,大正関東地震,8.37,5<PL≤15,hazard_liquefaction_250m_大正関東地震,liquefaction mesh polygon intersection,13104,新宿区,Unknown,Unknown,未判定,未細分,point,筑土八幡神社の石造鳥居,液状化,大正関東地震,液状化｜大正関東地震
13104:9,liquefaction,都心南部直下地震,12.12,5<PL≤15,hazard_liquefaction_250m_都心南部直下地震,liquefaction mesh polygon intersection,13104,新宿区,Unknown,Unknown,未判定,未細分,point,筑土八幡神社の石造鳥居,液状化,都心南部直下地震,液状化｜都心南部直下地震
13104:90,liquefaction,南海トラフ巨大地震,1.064,0<PL≤5,hazard_liquefaction_250m_南海トラフ巨大地震,liquefaction mesh polygon intersection,13104,新宿区,Unknown,Unknown,未判定,未細分,point,木造諏訪大明神坐像及び宮殿,液状化,南海トラフ巨大地震,液状化｜南海トラフ巨大地震
13104:90,liquefaction,多摩東部直下地震,7.962,5<PL≤15,hazard_liquefaction_250m_多摩東部直下地震,liquefaction mesh polygon intersection,13104,新宿区,Unknown,Unknown,未判定,未細分,point,木造諏訪大明神坐像及び宮殿,液状化,多摩東部直下地震,液状化｜多摩東部直下地震
13104:90,liquefaction,大正関東地震,6.742,5<PL≤15,hazard_liquefaction_250m_大正関東地震,liquefaction mesh polygon intersection,13104,新宿区,Unknown,Unknown,未判定,未細分,point,木造諏訪大明神坐像及び宮殿,液状化,大正関東地震,液状化｜大正関東地震
13104:90,liquefaction,都心南部直下地震,7.794,5<PL≤15,hazard_liquefaction_250m_都心南部直下地震,liquefaction mesh polygon intersection,13104,新宿区,Unknown,Unknown,未判定,未細分,point,木造諏訪大明神坐像及び宮殿,液状化,都心南部直下地震,液状化｜都心南部直下地震
13104:91,liquefaction,南海トラフ巨大地震,0.07,0<PL≤5,hazard_liquefaction_250m_南海トラフ巨大地震,liquefaction mesh polygon intersection,13104,新宿区,Unknown,Unknown,未判定,未細分,point,市谷亀岡八幡宮の几号水準点(水鉢台座),液状化,南海トラフ巨大地震,液状化｜南海トラフ巨大地震
13104:91,liquefaction,多摩東部直下地震,7.39,5<PL≤15,hazard_liquefaction_250m_多摩東部直下地震,liquefaction mesh polygon intersection,13104,新宿区,Unknown,Unknown,未判定,未細分,point,市谷亀岡八幡宮の几号水準点(水鉢台座),液状化,多摩東部直下地震,液状化｜多摩東部直下地震
13104:91,liquefaction,大正関東地震,4.555,0<PL≤5,hazard_liquefaction_250m_大正関東地震,liquefaction mesh polygon intersection,13104,新宿区,Unknown,Unknown,未判定,未細分,point,市谷亀岡八幡宮の几号水準点(水鉢台座),液状化,大正関東地震,液状化｜大正関東地震
13104:91,liquefaction,都心南部直下地震,7.335,5<PL≤15,hazard_liquefaction_250m_都心南部直下地震,liquefaction mesh polygon intersection,13104,新宿区,Unknown,Unknown,未判定,未細分,point,市谷亀岡八幡宮の几号水準点(水鉢台座),液状化,都心南部直下地震,液状化｜都心南部直下地震
13104:93,liquefaction,南海トラフ巨大地震,2.76,0<PL≤5,hazard_liquefaction_250m_南海トラフ巨大地震,liquefaction mesh polygon intersection,13104,新宿区,Unknown,Unknown,未判定,未細分,point,自証院の阿弥陀三尊種子板碑,液状化,南海トラフ巨大地震,液状化｜南海トラフ巨大地震
13104:93,liquefaction,多摩東部直下地震,15.32,PL>15,hazard_liquefaction_250m_多摩東部直下地震,liquefaction mesh polygon intersection,13104,新宿区,Unknown,Unknown,未判定,未細分,point,自証院の阿弥陀三尊種子板碑,液状化,多摩東部直下地震,液状化｜多摩東部直下地震
13104:93,liquefaction,大正関東地震,13.24,5<PL≤15,hazard_liquefaction_250m_大正関東地震,liquefaction mesh polygon intersection,13104,新宿区,Unknown,Unknown,未判定,未細分,point,自証院の阿弥陀三尊種子板碑,液状化,大正関東地震,液状化｜大正関東地震
13104:93,liquefaction,都心南部直下地震,15.32,PL>15,hazard_liquefaction_250m_都心南部直下地震,liquefaction mesh polygon intersection,13104,新宿区,Unknown,Unknown,未判定,未細分,point,自証院の阿弥陀三尊種子板碑,液状化,都心南部直下地震,液状化｜都心南部直下地震
13104:96,liquefaction,多摩東部直下地震,6.597857143,5<PL≤15,hazard_liquefaction_250m_多摩東部直下地震,liquefaction mesh polygon intersection,13104,新宿区,Unknown,Unknown,未判定,未細分,point,中井御霊神社の備射祭絵馬,液状化,多摩東部直下地震,液状化｜多摩東部直下地震
13104:96,liquefaction,大正関東地震,3.367142857,0<PL≤5,hazard_liquefaction_250m_大正関東地震,liquefaction mesh polygon intersection,13104,新宿区,Unknown,Unknown,未判定,未細分,point,中井御霊神社の備射祭絵馬,液状化,大正関東地震,液状化｜大正関東地震
13104:96,liquefaction,都心南部直下地震,5.59,5<PL≤15,hazard_liquefaction_250m_都心南部直下地震,liquefaction mesh polygon intersection,13104,新宿区,Unknown,Unknown,未判定,未細分,point,中井御霊神社の備射祭絵馬,液状化,都心南部直下地震,液状化｜都心南部直下地震
13104:97,liquefaction,多摩東部直下地震,6.597857143,5<PL≤15,hazard_liquefaction_250m_多摩東部直下地震,liquefaction mesh polygon intersection,13104,新宿区,Unknown,Unknown,未判定,未細分,point,中井御霊神社の分木,液状化,多摩東部直下地震,液状化｜多摩東部直下地震
13104:97,liquefaction,大正関東地震,3.367142857,0<PL≤5,hazard_liquefaction_250m_大正関東地震,liquefaction mesh polygon intersection,13104,新宿区,Unknown,Unknown,未判定,未細分,point,中井御霊神社の分木,液状化,大正関東地震,液状化｜大正関東地震
13104:97,liquefaction,都心南部直下地震,5.59,5<PL≤15,hazard_liquefaction_250m_都心南部直下地震,liquefaction mesh polygon intersection,13104,新宿区,Unknown,Unknown,未判定,未細分,point,中井御霊神社の分木,液状化,都心南部直下地震,液状化｜都心南部直下地震
official_export_001:197,liquefaction,南海トラフ巨大地震,0.22,0<PL≤5,hazard_liquefaction_250m_南海トラフ巨大地震,liquefaction mesh polygon intersection,13104,新宿区,National,Designated,有形文化財,建造物,building_direct,早稲田大学大隈記念講堂,液状化,南海トラフ巨大地震,液状化｜南海トラフ巨大地震
official_export_001:197,liquefaction,多摩東部直下地震,2.095555556,0<PL≤5,hazard_liquefaction_250m_多摩東部直下地震,liquefaction mesh polygon intersection,13104,新宿区,National,Designated,有形文化財,建造物,building_direct,早稲田大学大隈記念講堂,液状化,多摩東部直下地震,液状化｜多摩東部直下地震
official_export_001:197,liquefaction,大正関東地震,1.851111111,0<PL≤5,hazard_liquefaction_250m_大正関東地震,liquefaction mesh polygon intersection,13104,新宿区,National,Designated,有形文化財,建造物,building_direct,早稲田大学大隈記念講堂,液状化,大正関東地震,液状化｜大正関東地震
official_export_001:197,liquefaction,都心南部直下地震,2.047777778,0<PL≤5,hazard_liquefaction_250m_都心南部直下地震,liquefaction mesh polygon intersection,13104,新宿区,National,Designated,有形文化財,建造物,building_direct,早稲田大学大隈記念講堂,液状化,都心南部直下地震,液状化｜都心南部直下地震
official_export_001:43,liquefaction,南海トラフ巨大地震,0.28,0<PL≤5,hazard_liquefaction_250m_南海トラフ巨大地震,liquefaction mesh polygon intersection,13104,新宿区,National,Designated,有形文化財,建造物,building_direct,旧馬場家牛込邸,液状化,南海トラフ巨大地震,液状化｜南海トラフ巨大地震
official_export_001:43,liquefaction,多摩東部直下地震,9.68,5<PL≤15,hazard_liquefaction_250m_多摩東部直下地震,liquefaction mesh polygon intersection,13104,新宿区,National,Designated,有形文化財,建造物,building_direct,旧馬場家牛込邸,液状化,多摩東部直下地震,液状化｜多摩東部直下地震
official_export_001:43,liquefaction,大正関東地震,6.96,5<PL≤15,hazard_liquefaction_250m_大正関東地震,liquefaction mesh polygon intersection,13104,新宿区,National,Designated,有形文化財,建造物,building_direct,旧馬場家牛込邸,液状化,大正関東地震,液状化｜大正関東地震
official_export_001:43,liquefaction,都心南部直下地震,9.56,5<PL≤15,hazard_liquefaction_250m_都心南部直下地震,liquefaction mesh polygon intersection,13104,新宿区,National,Designated,有形文化財,建造物,building_direct,旧馬場家牛込邸,液状化,都心南部直下地震,液状化｜都心南部直下地震
official_export_002:158,liquefaction,多摩東部直下地震,1.909411765,0<PL≤5,hazard_liquefaction_250m_多摩東部直下地震,liquefaction mesh polygon intersection,13104,新宿区,National,Registered,有形文化財,建造物,building_direct,旧島津家住宅アトリエ,液状化,多摩東部直下地震,液状化｜多摩東部直下地震
official_export_002:158,liquefaction,大正関東地震,0.908823529,0<PL≤5,hazard_liquefaction_250m_大正関東地震,liquefaction mesh polygon intersection,13104,新宿区,National,Registered,有形文化財,建造物,building_direct,旧島津家住宅アトリエ,液状化,大正関東地震,液状化｜大正関東地震
official_export_002:158,liquefaction,都心南部直下地震,1.648823529,0<PL≤5,hazard_liquefaction_250m_都心南部直下地震,liquefaction mesh polygon intersection,13104,新宿区,National,Registered,有形文化財,建造物,building_direct,旧島津家住宅アトリエ,液状化,都心南部直下地震,液状化｜都心南部直下地震
official_export_002:167,liquefaction,多摩東部直下地震,12.12,5<PL≤15,hazard_liquefaction_250m_多摩東部直下地震,liquefaction mesh polygon intersection,13104,新宿区,National,Registered,有形文化財,建造物,building_direct,旧常盤家本館(石合家住宅主屋),液状化,多摩東部直下地震,液状化｜多摩東部直下地震
official_export_002:167,liquefaction,大正関東地震,8.37,5<PL≤15,hazard_liquefaction_250m_大正関東地震,liquefaction mesh polygon intersection,13104,新宿区,National,Registered,有形文化財,建造物,building_direct,旧常盤家本館(石合家住宅主屋),液状化,大正関東地震,液状化｜大正関東地震
official_export_002:167,liquefaction,都心南部直下地震,12.12,5<PL≤15,hazard_liquefaction_250m_都心南部直下地震,liquefaction mesh polygon intersection,13104,新宿区,National,Registered,有形文化財,建造物,building_direct,旧常盤家本館(石合家住宅主屋),液状化,都心南部直下地震,液状化｜都心南部直下地震
official_export_002:273,liquefaction,多摩東部直下地震,12.12,5<PL≤15,hazard_liquefaction_250m_多摩東部直下地震,liquefaction mesh polygon intersection,13104,新宿区,National,Registered,有形文化財,建造物,building_direct,鈴木家住宅主屋,液状化,多摩東部直下地震,液状化｜多摩東部直下地震
official_export_002:273,liquefaction,大正関東地震,8.37,5<PL≤15,hazard_liquefaction_250m_大正関東地震,liquefaction mesh polygon intersection,13104,新宿区,National,Registered,有形文化財,建造物,building_direct,鈴木家住宅主屋,液状化,大正関東地震,液状化｜大正関東地震
official_export_002:273,liquefaction,都心南部直下地震,12.12,5<PL≤15,hazard_liquefaction_250m_都心南部直下地震,liquefaction mesh polygon intersection,13104,新宿区,National,Registered,有形文化財,建造物,building_direct,鈴木家住宅主屋,液状化,都心南部直下地震,液状化｜都心南部直下地震
official_export_002:295,liquefaction,多摩東部直下地震,12.12,5<PL≤15,hazard_liquefaction_250m_多摩東部直下地震,liquefaction mesh polygon intersection,13104,新宿区,National,Registered,有形文化財,建造物,building_direct,高橋建築事務所社屋,液状化,多摩東部直下地震,液状化｜多摩東部直下地震
official_export_002:295,liquefaction,大正関東地震,8.37,5<PL≤15,hazard_liquefaction_250m_大正関東地震,liquefaction mesh polygon intersection,13104,新宿区,National,Registered,有形文化財,建造物,building_direct,高橋建築事務所社屋,液状化,大正関東地震,液状化｜大正関東地震
official_export_002:295,liquefaction,都心南部直下地震,12.12,5<PL≤15,hazard_liquefaction_250m_都心南部直下地震,liquefaction mesh polygon intersection,13104,新宿区,National,Registered,有形文化財,建造物,building_direct,高橋建築事務所社屋,液状化,都心南部直下地震,液状化｜都心南部直下地震
official_export_002:33,liquefaction,多摩東部直下地震,12.12,5<PL≤15,hazard_liquefaction_250m_多摩東部直下地震,liquefaction mesh polygon intersection,13104,新宿区,National,Registered,有形文化財,建造物,building_direct,一水寮,液状化,多摩東部直下地震,液状化｜多摩東部直下地震
official_export_002:33,liquefaction,大正関東地震,8.37,5<PL≤15,hazard_liquefaction_250m_大正関東地震,liquefaction mesh polygon intersection,13104,新宿区,National,Registered,有形文化財,建造物,building_direct,一水寮,液状化,大正関東地震,液状化｜大正関東地震
official_export_002:33,liquefaction,都心南部直下地震,12.12,5<PL≤15,hazard_liquefaction_250m_都心南部直下地震,liquefaction mesh polygon intersection,13104,新宿区,National,Registered,有形文化財,建造物,building_direct,一水寮,液状化,都心南部直下地震,液状化｜都心南部直下地震
official_export_003:47,liquefaction,多摩東部直下地震,3.351111111,0<PL≤5,hazard_liquefaction_250m_多摩東部直下地震,liquefaction mesh polygon intersection,13104,新宿区,National,Designated,記念物,天然記念物,point,哲学堂公園,液状化,多摩東部直下地震,液状化｜多摩東部直下地震
official_export_003:47,liquefaction,大正関東地震,2.258888889,0<PL≤5,hazard_liquefaction_250m_大正関東地震,liquefaction mesh polygon intersection,13104,新宿区,National,Designated,記念物,天然記念物,point,哲学堂公園,液状化,大正関東地震,液状化｜大正関東地震
official_export_003:47,liquefaction,都心南部直下地震,2.777777778,0<PL≤5,hazard_liquefaction_250m_都心南部直下地震,liquefaction mesh polygon intersection,13104,新宿区,National,Designated,記念物,天然記念物,point,哲学堂公園,液状化,都心南部直下地震,液状化｜都心南部直下地震
official_export_002:269,river_flooding,L2（想定最大規模）,0.11,0.5m未満,神田川流域,PLATEAU building risk,13104,新宿区,National,Registered,有形文化財,建造物,building_direct,新潮社倉庫,河川浸水,L2（想定最大規模）,河川浸水｜L2（想定最大規模）
official_export_002:270,river_flooding,L2（想定最大規模）,0.11,0.5m未満,神田川流域,PLATEAU building risk,13104,新宿区,National,Registered,有形文化財,建造物,building_direct,新潮社本館,河川浸水,L2（想定最大規模）,河川浸水｜L2（想定最大規模）
13104:195,river_flooding,L2（想定最大規模）,0.012,0.5m未満,神田川流域,PLATEAU building risk,13104,新宿区,Unknown,Unknown,未判定,未細分,point,オブジェ「歓び(PLAISIR)」,河川浸水,L2（想定最大規模）,河川浸水｜L2（想定最大規模）
13104:91,river_flooding,L2（想定最大規模）,0.003,0.5m未満,神田川流域,PLATEAU building risk,13104,新宿区,Unknown,Unknown,未判定,未細分,point,市谷亀岡八幡宮の几号水準点(水鉢台座),河川浸水,L2（想定最大規模）,河川浸水｜L2（想定最大規模）
13104:168,river_flooding,L2（想定最大規模）,0.147,0.5m未満,神田川流域,PLATEAU building risk,13104,新宿区,Unknown,Unknown,未判定,未細分,point,内村鑑三終焉の地(今井館聖書講堂跡),河川浸水,L2（想定最大規模）,河川浸水｜L2（想定最大規模）
13104:176,river_flooding,L2（想定最大規模）,0.021,0.5m未満,神田川流域,PLATEAU building risk,13104,新宿区,Unknown,Unknown,未判定,未細分,point,生田春月旧居跡,河川浸水,L2（想定最大規模）,河川浸水｜L2（想定最大規模）
13104:124,river_flooding,L2（想定最大規模）,0.077,0.5m未満,神田川流域,PLATEAU building risk,13104,新宿区,Unknown,Unknown,未判定,未細分,point,戸塚囃子,河川浸水,L2（想定最大規模）,河川浸水｜L2（想定最大規模）
13104:214,river_flooding,L2（想定最大規模）,0.032,0.5m未満,神田川流域,PLATEAU building risk,13104,新宿区,Unknown,Unknown,未判定,未細分,point,花園アパート跡,河川浸水,L2（想定最大規模）,河川浸水｜L2（想定最大規模）
13104:132,river_flooding,L2（想定最大規模）,0.006,0.5m未満,神田川流域,PLATEAU building risk,13104,新宿区,Unknown,Unknown,未判定,未細分,point,山県大弐の墓,河川浸水,L2（想定最大規模）,河川浸水｜L2（想定最大規模）
13104:153,river_flooding,L2（想定最大規模）,0.011,0.5m未満,神田川流域,PLATEAU building risk,13104,新宿区,Unknown,Unknown,未判定,未細分,point,有島武郎旧居跡,河川浸水,L2（想定最大規模）,河川浸水｜L2（想定最大規模）
13104:200,river_flooding,L2（想定最大規模）,0.058,0.5m未満,神田川流域,PLATEAU building risk,13104,新宿区,Unknown,Unknown,未判定,未細分,point,西落合耕地整理記念碑,河川浸水,L2（想定最大規模）,河川浸水｜L2（想定最大規模）
13104:125,river_flooding,L2（想定最大規模）,0.058,0.5m未満,神田川流域,PLATEAU building risk,13104,新宿区,Unknown,Unknown,未判定,未細分,point,萩原社中里神楽,河川浸水,L2（想定最大規模）,河川浸水｜L2（想定最大規模）
13104:57,river_flooding,L2（想定最大規模）,0.007,0.5m未満,神田川流域,PLATEAU building risk,13104,新宿区,Unknown,Unknown,未判定,未細分,point,圓照寺の梵鐘,河川浸水,L2（想定最大規模）,河川浸水｜L2（想定最大規模）
13104:225,river_flooding,L2（想定最大規模）,0.195,0.5m未満,神田川流域,PLATEAU building risk,13104,新宿区,Unknown,Unknown,未判定,未細分,point,太宗寺の閻魔大王開帳,河川浸水,L2（想定最大規模）,河川浸水｜L2（想定最大規模）
13104:199,river_flooding,L2（想定最大規模）,0.159,0.5m未満,神田川流域,PLATEAU building risk,13104,新宿区,Unknown,Unknown,未判定,未細分,point,名曲喫茶らんぶる,河川浸水,L2（想定最大規模）,河川浸水｜L2（想定最大規模）
13104:185,river_flooding,L2（想定最大規模）,0.013,0.5m未満,神田川流域,PLATEAU building risk,13104,新宿区,Unknown,Unknown,未判定,未細分,point,末広亭,河川浸水,L2（想定最大規模）,河川浸水｜L2（想定最大規模）
13104:209,river_flooding,L2（想定最大規模）,0.063,0.5m未満,神田川流域,PLATEAU building risk,13104,新宿区,Unknown,Unknown,未判定,未細分,point,獅子吼会の山門,河川浸水,L2（想定最大規模）,河川浸水｜L2（想定最大規模）
13104:5,river_flooding,L2（想定最大規模）,0.161,0.5m未満,神田川流域,PLATEAU building risk,13104,新宿区,Unknown,Unknown,未判定,未細分,point,亮朝院本堂,河川浸水,L2（想定最大規模）,河川浸水｜L2（想定最大規模）
13104:6,river_flooding,L2（想定最大規模）,0.161,0.5m未満,神田川流域,PLATEAU building risk,13104,新宿区,Unknown,Unknown,未判定,未細分,point,亮朝院七面堂,河川浸水,L2（想定最大規模）,河川浸水｜L2（想定最大規模）
13104:88,river_flooding,L2（想定最大規模）,0.161,0.5m未満,神田川流域,PLATEAU building risk,13104,新宿区,Unknown,Unknown,未判定,未細分,point,木造七面明神半跏像及び宮殿,河川浸水,L2（想定最大規模）,河川浸水｜L2（想定最大規模）
13104:89,river_flooding,L2（想定最大規模）,0.161,0.5m未満,神田川流域,PLATEAU building risk,13104,新宿区,Unknown,Unknown,未判定,未細分,point,木造妙見菩薩立像及び宮殿,河川浸水,L2（想定最大規模）,河川浸水｜L2（想定最大規模）
13104:90,river_flooding,L2（想定最大規模）,0.161,0.5m未満,神田川流域,PLATEAU building risk,13104,新宿区,Unknown,Unknown,未判定,未細分,point,木造諏訪大明神坐像及び宮殿,河川浸水,L2（想定最大規模）,河川浸水｜L2（想定最大規模）
13104:201,river_flooding,L2（想定最大規模）,0.02,0.5m未満,神田川流域,PLATEAU building risk,13104,新宿区,Unknown,Unknown,未判定,未細分,point,旧淀橋浄水場蝶型弁,河川浸水,L2（想定最大規模）,河川浸水｜L2（想定最大規模）
13104:186,river_flooding,L2（想定最大規模）,0.203,0.5m未満,神田川流域,PLATEAU building risk,13104,新宿区,Unknown,Unknown,未判定,未細分,point,歌舞伎町建設記念碑,河川浸水,L2（想定最大規模）,河川浸水｜L2（想定最大規模）
13104:165,river_flooding,L2（想定最大規模）,0.051,0.5m未満,神田川流域,PLATEAU building risk,13104,新宿区,Unknown,Unknown,未判定,未細分,point,落合秋艸堂跡(會津八一旧居跡),河川浸水,L2（想定最大規模）,河川浸水｜L2（想定最大規模）
official_export_002:167,river_flooding,L2（想定最大規模）,0.013,0.5m未満,神田川流域,PLATEAU building risk,13104,新宿区,National,Registered,有形文化財,建造物,building_direct,旧常盤家本館(石合家住宅主屋),河川浸水,L2（想定最大規模）,河川浸水｜L2（想定最大規模）
13104:144,river_flooding,L2（想定最大規模）,0.277,0.5m未満,神田川流域,PLATEAU building risk,13104,新宿区,Unknown,Unknown,未判定,未細分,point,夏目漱石誕生の地,河川浸水,L2（想定最大規模）,河川浸水｜L2（想定最大規模）
13104:8,river_flooding,L2（想定最大規模）,0.01,0.5m未満,隅田川・新河岸川流域,PLATEAU building risk,13104,新宿区,Unknown,Unknown,未判定,未細分,point,永心寺山門,河川浸水,L2（想定最大規模）,河川浸水｜L2（想定最大規模）
13104:60,river_flooding,L2（想定最大規模）,0.007,0.5m未満,神田川流域,PLATEAU building risk,13104,新宿区,Unknown,Unknown,未判定,未細分,point,光照寺の涅槃図,河川浸水,L2（想定最大規模）,河川浸水｜L2（想定最大規模）
13104:26,river_flooding,L2（想定最大規模）,0.04,0.5m未満,隅田川・新河岸川流域,PLATEAU building risk,13104,新宿区,Unknown,Unknown,未判定,未細分,point,長善寺(笹寺)のめのう観音像,河川浸水,L2（想定最大規模）,河川浸水｜L2（想定最大規模）
13104:188,river_flooding,L2（想定最大規模）,0.003,0.5m未満,神田川流域,PLATEAU building risk,13104,新宿区,Unknown,Unknown,未判定,未細分,point,佐々木活字店,河川浸水,L2（想定最大規模）,河川浸水｜L2（想定最大規模）
13104:108,river_flooding,L2（想定最大規模）,0.188,0.5m未満,神田川流域,PLATEAU building risk,13104,新宿区,Unknown,Unknown,未判定,未細分,point,尺八「放下着」一式ならびに普化尺八伝授関連資料,河川浸水,L2（想定最大規模）,河川浸水｜L2（想定最大規模）
13104:93,river_flooding,L2（想定最大規模）,0.052,0.5m未満,神田川流域,PLATEAU building risk,13104,新宿区,Unknown,Unknown,未判定,未細分,point,自証院の阿弥陀三尊種子板碑,河川浸水,L2（想定最大規模）,河川浸水｜L2（想定最大規模）
13104:215,river_flooding,L2（想定最大規模）,0.057,0.5m未満,神田川流域,PLATEAU building risk,13104,新宿区,Unknown,Unknown,未判定,未細分,point,美濃国高須藩主 松平家上屋敷跡,河川浸水,L2（想定最大規模）,河川浸水｜L2（想定最大規模）
13104:190,river_flooding,L2（想定最大規模）,0.005,0.5m未満,神田川流域,PLATEAU building risk,13104,新宿区,Unknown,Unknown,未判定,未細分,point,花園神社の二宮尊徳像,河川浸水,L2（想定最大規模）,河川浸水｜L2（想定最大規模）
13104:211,river_flooding,L2（想定最大規模）,0.005,0.5m未満,神田川流域,PLATEAU building risk,13104,新宿区,Unknown,Unknown,未判定,未細分,point,忠魂碑,河川浸水,L2（想定最大規模）,河川浸水｜L2（想定最大規模）
13104:210,river_flooding,L2（想定最大規模）,1.556,0.5m以上3m未満,神田川流域,PLATEAU building risk,13104,新宿区,Unknown,Unknown,未判定,未細分,point,田島森碑,河川浸水,L2（想定最大規模）,河川浸水｜L2（想定最大規模）
13104:210,river_flooding,L2（想定最大規模）,1.556,0.5m以上3m未満,荒川水系神田川流域,PLATEAU building risk,13104,新宿区,Unknown,Unknown,未判定,未細分,point,田島森碑,河川浸水,L2（想定最大規模）,河川浸水｜L2（想定最大規模）
13104:213,river_flooding,L2（想定最大規模）,0.192,0.5m未満,神田川流域,PLATEAU building risk,13104,新宿区,Unknown,Unknown,未判定,未細分,point,渡辺玉花旧居,河川浸水,L2（想定最大規模）,河川浸水｜L2（想定最大規模）
official_export_001:197,river_flooding,L2（想定最大規模）,0.716,0.5m以上3m未満,神田川流域,PLATEAU building risk,13104,新宿区,National,Designated,有形文化財,建造物,building_direct,早稲田大学大隈記念講堂,河川浸水,L2（想定最大規模）,河川浸水｜L2（想定最大規模）
13104:159,river_flooding,L2（想定最大規模）,0.019,0.5m未満,神田川流域,PLATEAU building risk,13104,新宿区,Unknown,Unknown,未判定,未細分,point,坪内逍遙旧居跡(文芸協会演劇研究所跡),河川浸水,L2（想定最大規模）,河川浸水｜L2（想定最大規模）
13104:192,river_flooding,L2（想定最大規模）,0.016,0.5m未満,神田川流域,PLATEAU building risk,13104,新宿区,Unknown,Unknown,未判定,未細分,point,神楽坂の東八拳,河川浸水,L2（想定最大規模）,河川浸水｜L2（想定最大規模）
official_export_002:388,river_flooding,L2（想定最大規模）,0.012,0.5m未満,神田川流域,PLATEAU building risk,13104,新宿区,National,Registered,有形文化財,建造物,building_direct,日本バプテストキリスト教目白ヶ丘教会礼拝堂,河川浸水,L2（想定最大規模）,河川浸水｜L2（想定最大規模）
official_export_002:202,river_flooding,L2（想定最大規模）,0.009,0.5m未満,神田川流域,PLATEAU building risk,13104,新宿区,National,Registered,有形文化財,建造物,building_direct,栗原家住宅蔵,河川浸水,L2（想定最大規模）,河川浸水｜L2（想定最大規模）
official_export_002:203,river_flooding,L2（想定最大規模）,0.009,0.5m未満,神田川流域,PLATEAU building risk,13104,新宿区,National,Registered,有形文化財,建造物,building_direct,栗原家住宅主屋,河川浸水,L2（想定最大規模）,河川浸水｜L2（想定最大規模）
official_export_002:273,river_flooding,L2（想定最大規模）,0.197,0.5m未満,神田川流域,PLATEAU building risk,13104,新宿区,National,Registered,有形文化財,建造物,building_direct,鈴木家住宅主屋,河川浸水,L2（想定最大規模）,河川浸水｜L2（想定最大規模）
13104:167,river_flooding,L2（想定最大規模）,0.23,0.5m未満,神田川流域,PLATEAU building risk,13104,新宿区,Unknown,Unknown,未判定,未細分,point,女人芸術社跡(長谷川時雨・三上於菟吉旧居跡),河川浸水,L2（想定最大規模）,河川浸水｜L2（想定最大規模）
13104:136,river_flooding,L2（想定最大規模）,0.078,0.5m未満,神田川流域,PLATEAU building risk,13104,新宿区,Unknown,Unknown,未判定,未細分,point,尾崎紅葉旧居跡,河川浸水,L2（想定最大規模）,河川浸水｜L2（想定最大規模）
13104:58,river_flooding,L2（想定最大規模）,0.097,0.5m未満,神田川流域,PLATEAU building risk,13104,新宿区,Unknown,Unknown,未判定,未細分,point,薬王院の梵鐘,河川浸水,L2（想定最大規模）,河川浸水｜L2（想定最大規模）
13104:58,landslide,PLATEAU建築物リスク,,土砂災害特別警戒区域（指定済）,急傾斜地の崩落,PLATEAU building risk,13104,新宿区,Unknown,Unknown,未判定,未細分,point,薬王院の梵鐘,土砂災害,PLATEAU建築物リスク,土砂災害｜PLATEAU建築物リスク
13104:127,river_flooding,L2（想定最大規模）,0.017,0.5m未満,神田川流域,PLATEAU building risk,13104,新宿区,Unknown,Unknown,未判定,未細分,point,鉄砲組百人隊行列,河川浸水,L2（想定最大規模）,河川浸水｜L2（想定最大規模）
13104:193,river_flooding,L2（想定最大規模）,0.01,0.5m未満,神田川流域,PLATEAU building risk,13104,新宿区,Unknown,Unknown,未判定,未細分,point,神楽坂をどり,河川浸水,L2（想定最大規模）,河川浸水｜L2（想定最大規模）
13104:194,river_flooding,L2（想定最大規模）,0.018,0.5m未満,神田川流域,PLATEAU building risk,13104,新宿区,Unknown,Unknown,未判定,未細分,point,旧近衛邸のケヤキ,河川浸水,L2（想定最大規模）,河川浸水｜L2（想定最大規模）
13104:7,river_flooding,L2（想定最大規模）,0.01,0.5m未満,隅田川・新河岸川流域,PLATEAU building risk,13104,新宿区,Unknown,Unknown,未判定,未細分,point,永心寺本堂,河川浸水,L2（想定最大規模）,河川浸水｜L2（想定最大規模）
13104:11,river_flooding,L2（想定最大規模）,0.059,0.5m未満,神田川流域,PLATEAU building risk,13104,新宿区,Unknown,Unknown,未判定,未細分,point,中井出世不動尊像,河川浸水,L2（想定最大規模）,河川浸水｜L2（想定最大規模）
13104:56,river_flooding,L2（想定最大規模）,0.009,0.5m未満,神田川流域,PLATEAU building risk,13104,新宿区,Unknown,Unknown,未判定,未細分,point,法雲寺の梵鐘,河川浸水,L2（想定最大規模）,河川浸水｜L2（想定最大規模）
official_export_002:465,river_flooding,L2（想定最大規模）,0.057,0.5m未満,神田川流域,PLATEAU building risk,13104,新宿区,National,Registered,有形文化財,建造物,building_direct,矢来能楽堂,河川浸水,L2（想定最大規模）,河川浸水｜L2（想定最大規模）
official_export_002:11,river_flooding,L2（想定最大規模）,0.063,0.5m未満,神田川流域,PLATEAU building risk,13104,新宿区,National,Registered,有形文化財,建造物,building_direct,新井家住宅主屋,河川浸水,L2（想定最大規模）,河川浸水｜L2（想定最大規模）
13104:198,river_flooding,L2（想定最大規模）,0.109,0.5m未満,神田川流域,PLATEAU building risk,13104,新宿区,Unknown,Unknown,未判定,未細分,point,太平洋戦争本土初空襲の地跡,河川浸水,L2（想定最大規模）,河川浸水｜L2（想定最大規模）
13104:198,river_flooding,L2（想定最大規模）,0.109,0.5m未満,荒川水系神田川流域,PLATEAU building risk,13104,新宿区,Unknown,Unknown,未判定,未細分,point,太平洋戦争本土初空襲の地跡,河川浸水,L2（想定最大規模）,河川浸水｜L2（想定最大規模）
13104:43,river_flooding,L2（想定最大規模）,0.346,0.5m未満,神田川流域,PLATEAU building risk,13104,新宿区,Unknown,Unknown,未判定,未細分,point,済松寺の加藤文麗筆絵画作品,河川浸水,L2（想定最大規模）,河川浸水｜L2（想定最大規模）
13104:123,river_flooding,L2（想定最大規模）,0.058,0.5m未満,神田川流域,PLATEAU building risk,13104,新宿区,Unknown,Unknown,未判定,未細分,point,丸藤宮元講社の富士講行事,河川浸水,L2（想定最大規模）,河川浸水｜L2（想定最大規模）
13104:230,river_flooding,L2（想定最大規模）,2.383,0.5m以上3m未満,神田川流域,PLATEAU building risk,13104,新宿区,Unknown,Unknown,未判定,未細分,point,弘文学院跡,河川浸水,L2（想定最大規模）,河川浸水｜L2（想定最大規模）
13104:230,river_flooding,L1（計画規模）,0.25,0.5m未満,荒川水系神田川流域,PLATEAU building risk,13104,新宿区,Unknown,Unknown,未判定,未細分,point,弘文学院跡,河川浸水,L1（計画規模）,河川浸水｜L1（計画規模）
13104:230,river_flooding,L2（想定最大規模）,2.383,0.5m以上3m未満,荒川水系神田川流域,PLATEAU building risk,13104,新宿区,Unknown,Unknown,未判定,未細分,point,弘文学院跡,河川浸水,L2（想定最大規模）,河川浸水｜L2（想定最大規模）
13104:230,high_tide,PLATEAU建築物リスク,1.04,0.5m以上3m未満,東京都高潮浸水想定区域図（令和6年12月19日）,PLATEAU building risk,13104,新宿区,Unknown,Unknown,未判定,未細分,point,弘文学院跡,高潮,PLATEAU建築物リスク,高潮｜PLATEAU建築物リスク
13104:141,high_tide,,1.79,0.5–3 m,東京都 高潮浸水想定区域図,external polygon point-in-area,13104,新宿区,Unknown,Unknown,未判定,未細分,point,国産飛行機発祥の地,高潮,高潮,高潮｜高潮
13104:230,high_tide,,1.14,0.5–3 m,東京都 高潮浸水想定区域図,external polygon point-in-area,13104,新宿区,Unknown,Unknown,未判定,未細分,point,弘文学院跡,高潮,高潮,高潮｜高潮
13104:37,high_tide,,0.16,0–0.5 m,東京都 高潮浸水想定区域図,external polygon point-in-area,13104,新宿区,Unknown,Unknown,未判定,未細分,point,天瑞元堤像 谷文晁筆,高潮,高潮,高潮｜高潮
13104:38,high_tide,,0.16,0–0.5 m,東京都 高潮浸水想定区域図,external polygon point-in-area,13104,新宿区,Unknown,Unknown,未判定,未細分,point,謙堂文益像 谷文晁筆,高潮,高潮,高潮｜高潮
13104:39,high_tide,,0.16,0–0.5 m,東京都 高潮浸水想定区域図,external polygon point-in-area,13104,新宿区,Unknown,Unknown,未判定,未細分,point,八大龍王図 谷文晁筆,高潮,高潮,高潮｜高潮
13104:40,high_tide,,0.16,0–0.5 m,東京都 高潮浸水想定区域図,external polygon point-in-area,13104,新宿区,Unknown,Unknown,未判定,未細分,point,十大弟子図 谷文晁筆,高潮,高潮,高潮｜高潮
13104:72,high_tide,,0.16,0–0.5 m,東京都 高潮浸水想定区域図,external polygon point-in-area,13104,新宿区,Unknown,Unknown,未判定,未細分,point,済松寺文書,高潮,高潮,高潮｜高潮
official_export_001:79,river_flooding,,0.0,0,城南地区河川流域,external point-grid sampling,13104,新宿区,National,Designated,有形文化財,建造物,building_direct,新宿御苑旧洋館御休所,河川浸水,河川浸水,河川浸水｜河川浸水
official_export_001:84,river_flooding,,0.0,0,城南地区河川流域,external point-grid sampling,13104,新宿区,National,Designated,有形文化財,建造物,building_direct,聖徳記念絵画館,河川浸水,河川浸水,河川浸水｜河川浸水
13104:66,river_flooding,,0.0,0,城南地区河川流域,external point-grid sampling,13104,新宿区,Unknown,Unknown,未判定,未細分,point,一行院墓地出土品,河川浸水,河川浸水,河川浸水｜河川浸水
13104:86,river_flooding,,0.0,0,城南地区河川流域,external point-grid sampling,13104,新宿区,Unknown,Unknown,未判定,未細分,point,駿馬塚の碑,河川浸水,河川浸水,河川浸水｜河川浸水
13104:112,river_flooding,,0.0,0,城南地区河川流域,external point-grid sampling,13104,新宿区,Unknown,Unknown,未判定,未細分,point,一行院の板碑,河川浸水,河川浸水,河川浸水｜河川浸水
13104:161,river_flooding,,0.0,0,城南地区河川流域,external point-grid sampling,13104,新宿区,Unknown,Unknown,未判定,未細分,point,滝沢馬琴終焉の地,河川浸水,河川浸水,河川浸水｜河川浸水
13104:183,river_flooding,,0.0,0,城南地区河川流域,external point-grid sampling,13104,新宿区,Unknown,Unknown,未判定,未細分,point,シイ,河川浸水,河川浸水,河川浸水｜河川浸水
13104:231,river_flooding,,0.0,0,神田川流域,external point-grid sampling,13104,新宿区,Unknown,Unknown,未判定,未細分,point,ムーラン・ルージュ新宿座跡,河川浸水,河川浸水,河川浸水｜河川浸水
official_export_002:456,river_flooding,,0.0,0,神田川流域,external point-grid sampling,13104,新宿区,National,Registered,有形文化財,建造物,building_direct,安与ビル,河川浸水,河川浸水,河川浸水｜河川浸水
13104:225,river_flooding,,0.0,0,神田川流域,external point-grid sampling,13104,新宿区,Unknown,Unknown,未判定,未細分,point,太宗寺の閻魔大王開帳,河川浸水,河川浸水,河川浸水｜河川浸水
13104:185,river_flooding,,0.0,0,神田川流域,external point-grid sampling,13104,新宿区,Unknown,Unknown,未判定,未細分,point,末広亭,河川浸水,河川浸水,河川浸水｜河川浸水
13104:199,river_flooding,,0.0,0,神田川流域,external point-grid sampling,13104,新宿区,Unknown,Unknown,未判定,未細分,point,名曲喫茶らんぶる,河川浸水,河川浸水,河川浸水｜河川浸水
13104:214,river_flooding,,0.0,0,神田川流域,external point-grid sampling,13104,新宿区,Unknown,Unknown,未判定,未細分,point,花園アパート跡,河川浸水,河川浸水,河川浸水｜河川浸水
13104:132,river_flooding,,0.0,0,神田川流域,external point-grid sampling,13104,新宿区,Unknown,Unknown,未判定,未細分,point,山県大弐の墓,河川浸水,河川浸水,河川浸水｜河川浸水
13104:215,river_flooding,,0.0,0,神田川流域,external point-grid sampling,13104,新宿区,Unknown,Unknown,未判定,未細分,point,美濃国高須藩主 松平家上屋敷跡,河川浸水,河川浸水,河川浸水｜河川浸水
13104:56,river_flooding,,0.0,0,神田川流域,external point-grid sampling,13104,新宿区,Unknown,Unknown,未判定,未細分,point,法雲寺の梵鐘,河川浸水,河川浸水,河川浸水｜河川浸水
official_export_002:11,river_flooding,,0.0,0,神田川流域,external point-grid sampling,13104,新宿区,National,Registered,有形文化財,建造物,building_direct,新井家住宅主屋,河川浸水,河川浸水,河川浸水｜河川浸水
official_export_002:433,river_flooding,,0.0,0,神田川流域,external point-grid sampling,13104,新宿区,National,Registered,有形文化財,建造物,building_direct,宮城道雄記念館検校の間,河川浸水,河川浸水,河川浸水｜河川浸水
13104:167,river_flooding,,0.0,0,神田川流域,external point-grid sampling,13104,新宿区,Unknown,Unknown,未判定,未細分,point,女人芸術社跡(長谷川時雨・三上於菟吉旧居跡),河川浸水,河川浸水,河川浸水｜河川浸水
13104:108,river_flooding,,0.0,0,神田川流域,external point-grid sampling,13104,新宿区,Unknown,Unknown,未判定,未細分,point,尺八「放下着」一式ならびに普化尺八伝授関連資料,河川浸水,河川浸水,河川浸水｜河川浸水
13104:91,river_flooding,,0.0,0,神田川流域,external point-grid sampling,13104,新宿区,Unknown,Unknown,未判定,未細分,point,市谷亀岡八幡宮の几号水準点(水鉢台座),河川浸水,河川浸水,河川浸水｜河川浸水
13104:5,river_flooding,,0.0,0,神田川流域,external point-grid sampling,13104,新宿区,Unknown,Unknown,未判定,未細分,point,亮朝院本堂,河川浸水,河川浸水,河川浸水｜河川浸水
13104:6,river_flooding,,0.0,0,神田川流域,external point-grid sampling,13104,新宿区,Unknown,Unknown,未判定,未細分,point,亮朝院七面堂,河川浸水,河川浸水,河川浸水｜河川浸水
13104:88,river_flooding,,0.0,0,神田川流域,external point-grid sampling,13104,新宿区,Unknown,Unknown,未判定,未細分,point,木造七面明神半跏像及び宮殿,河川浸水,河川浸水,河川浸水｜河川浸水
13104:89,river_flooding,,0.0,0,神田川流域,external point-grid sampling,13104,新宿区,Unknown,Unknown,未判定,未細分,point,木造妙見菩薩立像及び宮殿,河川浸水,河川浸水,河川浸水｜河川浸水
13104:90,river_flooding,,0.0,0,神田川流域,external point-grid sampling,13104,新宿区,Unknown,Unknown,未判定,未細分,point,木造諏訪大明神坐像及び宮殿,河川浸水,河川浸水,河川浸水｜河川浸水
official_export_001:197,river_flooding,,0.0,0,神田川流域,external point-grid sampling,13104,新宿区,National,Designated,有形文化財,建造物,building_direct,早稲田大学大隈記念講堂,河川浸水,河川浸水,河川浸水｜河川浸水
13104:124,river_flooding,,0.0,0,神田川流域,external point-grid sampling,13104,新宿区,Unknown,Unknown,未判定,未細分,point,戸塚囃子,河川浸水,河川浸水,河川浸水｜河川浸水
13104:2,river_flooding,,0.0,0,神田川流域,external point-grid sampling,13104,新宿区,Unknown,Unknown,未判定,未細分,point,浄栄寺の山門「甘露門」,河川浸水,河川浸水,河川浸水｜河川浸水
13104:71,river_flooding,,0.0,0,神田川流域,external point-grid sampling,13104,新宿区,Unknown,Unknown,未判定,未細分,point,長厳寺文書,河川浸水,河川浸水,河川浸水｜河川浸水
13104:93,river_flooding,,0.0,0,神田川流域,external point-grid sampling,13104,新宿区,Unknown,Unknown,未判定,未細分,point,自証院の阿弥陀三尊種子板碑,河川浸水,河川浸水,河川浸水｜河川浸水
13104:159,river_flooding,,0.0,0,神田川流域,external point-grid sampling,13104,新宿区,Unknown,Unknown,未判定,未細分,point,坪内逍遙旧居跡(文芸協会演劇研究所跡),河川浸水,河川浸水,河川浸水｜河川浸水
13104:147,river_flooding,,0.0,0,神田川流域,external point-grid sampling,13104,新宿区,Unknown,Unknown,未判定,未細分,point,永井荷風旧居跡,河川浸水,河川浸水,河川浸水｜河川浸水
13104:20,river_flooding,,0.0,0,神田川流域,external point-grid sampling,13104,新宿区,Unknown,Unknown,未判定,未細分,point,布袋像の水鉢,河川浸水,河川浸水,河川浸水｜河川浸水
13104:120,river_flooding,,0.0,0,神田川流域,external point-grid sampling,13104,新宿区,Unknown,Unknown,未判定,未細分,point,高田馬場の流鏑馬,河川浸水,河川浸水,河川浸水｜河川浸水
13104:144,river_flooding,,0.0,0,神田川流域,external point-grid sampling,13104,新宿区,Unknown,Unknown,未判定,未細分,point,夏目漱石誕生の地,河川浸水,河川浸水,河川浸水｜河川浸水
13104:207,river_flooding,,0.0,0,神田川流域,external point-grid sampling,13104,新宿区,Unknown,Unknown,未判定,未細分,point,喜久井町 戦災者供養観音像,河川浸水,河川浸水,河川浸水｜河川浸水
13104:153,river_flooding,,0.0,0,神田川流域,external point-grid sampling,13104,新宿区,Unknown,Unknown,未判定,未細分,point,有島武郎旧居跡,河川浸水,河川浸水,河川浸水｜河川浸水
13104:123,river_flooding,,0.0,0,神田川流域,external point-grid sampling,13104,新宿区,Unknown,Unknown,未判定,未細分,point,丸藤宮元講社の富士講行事,河川浸水,河川浸水,河川浸水｜河川浸水
13104:3,river_flooding,,0.0,0,神田川流域,external point-grid sampling,13104,新宿区,Unknown,Unknown,未判定,未細分,point,幸国寺の山門,河川浸水,河川浸水,河川浸水｜河川浸水
13104:184,river_flooding,,0.0,0,神田川流域,external point-grid sampling,13104,新宿区,Unknown,Unknown,未判定,未細分,point,イチョウ,河川浸水,河川浸水,河川浸水｜河川浸水
13104:198,river_flooding,,0.0,0,神田川流域,external point-grid sampling,13104,新宿区,Unknown,Unknown,未判定,未細分,point,太平洋戦争本土初空襲の地跡,河川浸水,河川浸水,河川浸水｜河川浸水
13104:50,river_flooding,,0.0,0,神田川流域,external point-grid sampling,13104,新宿区,Unknown,Unknown,未判定,未細分,point,宝泉寺の梵鐘,河川浸水,河川浸水,河川浸水｜河川浸水
13104:4,river_flooding,,0.0,0,神田川流域,external point-grid sampling,13104,新宿区,Unknown,Unknown,未判定,未細分,point,中井御霊神社の本殿・幣殿・拝殿,河川浸水,河川浸水,河川浸水｜河川浸水
13104:70,river_flooding,,0.0,0,神田川流域,external point-grid sampling,13104,新宿区,Unknown,Unknown,未判定,未細分,point,中井御霊神社文書,河川浸水,河川浸水,河川浸水｜河川浸水
official_export_002:158,river_flooding,,0.0,0,神田川流域,external point-grid sampling,13104,新宿区,National,Registered,有形文化財,建造物,building_direct,旧島津家住宅アトリエ,河川浸水,河川浸水,河川浸水｜河川浸水
13104:178,river_flooding,,0.0,0,神田川流域,external point-grid sampling,13104,新宿区,Unknown,Unknown,未判定,未細分,point,林芙美子終焉の地,河川浸水,河川浸水,河川浸水｜河川浸水
13104:230,river_flooding,,2.0,0.5–3 m,神田川流域,external point-grid sampling,13104,新宿区,Unknown,Unknown,未判定,未細分,point,弘文学院跡,河川浸水,河川浸水,河川浸水｜河川浸水
official_export_002:167,river_flooding,,0.0,0,神田川流域,external point-grid sampling,13104,新宿区,National,Registered,有形文化財,建造物,building_direct,旧常盤家本館(石合家住宅主屋),河川浸水,河川浸水,河川浸水｜河川浸水
13104:193,river_flooding,,0.0,0,神田川流域,external point-grid sampling,13104,新宿区,Unknown,Unknown,未判定,未細分,point,神楽坂をどり,河川浸水,河川浸水,河川浸水｜河川浸水
13104:60,river_flooding,,0.0,0,神田川流域,external point-grid sampling,13104,新宿区,Unknown,Unknown,未判定,未細分,point,光照寺の涅槃図,河川浸水,河川浸水,河川浸水｜河川浸水
official_export_002:201,river_flooding,,0.0,0,神田川流域,external point-grid sampling,13104,新宿区,National,Registered,有形文化財,建造物,building_direct,栗原家住宅稲荷社及び石鳥居,河川浸水,河川浸水,河川浸水｜河川浸水
13104:11,river_flooding,,0.0,0,神田川流域,external point-grid sampling,13104,新宿区,Unknown,Unknown,未判定,未細分,point,中井出世不動尊像,河川浸水,河川浸水,河川浸水｜河川浸水
13104:200,river_flooding,,0.0,0,神田川流域,external point-grid sampling,13104,新宿区,Unknown,Unknown,未判定,未細分,point,西落合耕地整理記念碑,河川浸水,河川浸水,河川浸水｜河川浸水
official_export_002:202,river_flooding,,0.0,0,神田川流域,external point-grid sampling,13104,新宿区,National,Registered,有形文化財,建造物,building_direct,栗原家住宅蔵,河川浸水,河川浸水,河川浸水｜河川浸水
official_export_002:203,river_flooding,,0.0,0,神田川流域,external point-grid sampling,13104,新宿区,National,Registered,有形文化財,建造物,building_direct,栗原家住宅主屋,河川浸水,河川浸水,河川浸水｜河川浸水
13104:209,river_flooding,,0.0,0,神田川流域,external point-grid sampling,13104,新宿区,Unknown,Unknown,未判定,未細分,point,獅子吼会の山門,河川浸水,河川浸水,河川浸水｜河川浸水
13104:186,river_flooding,,0.0,0,神田川流域,external point-grid sampling,13104,新宿区,Unknown,Unknown,未判定,未細分,point,歌舞伎町建設記念碑,河川浸水,河川浸水,河川浸水｜河川浸水
13104:190,river_flooding,,0.0,0,神田川流域,external point-grid sampling,13104,新宿区,Unknown,Unknown,未判定,未細分,point,花園神社の二宮尊徳像,河川浸水,河川浸水,河川浸水｜河川浸水
13104:211,river_flooding,,0.0,0,神田川流域,external point-grid sampling,13104,新宿区,Unknown,Unknown,未判定,未細分,point,忠魂碑,河川浸水,河川浸水,河川浸水｜河川浸水
13104:169,river_flooding,,0.0,0,神田川流域,external point-grid sampling,13104,新宿区,Unknown,Unknown,未判定,未細分,point,鈴木三重吉終焉の地(「赤い鳥」社跡),河川浸水,河川浸水,河川浸水｜河川浸水
13104:201,river_flooding,,0.0,0,神田川流域,external point-grid sampling,13104,新宿区,Unknown,Unknown,未判定,未細分,point,旧淀橋浄水場蝶型弁,河川浸水,河川浸水,河川浸水｜河川浸水
13104:195,river_flooding,,0.0,0,神田川流域,external point-grid sampling,13104,新宿区,Unknown,Unknown,未判定,未細分,point,オブジェ「歓び(PLAISIR)」,河川浸水,河川浸水,河川浸水｜河川浸水
13104:205,river_flooding,,0.0,0,神田川流域,external point-grid sampling,13104,新宿区,Unknown,Unknown,未判定,未細分,point,天祖神社の神門,河川浸水,河川浸水,河川浸水｜河川浸水
13104:192,river_flooding,,0.0,0,神田川流域,external point-grid sampling,13104,新宿区,Unknown,Unknown,未判定,未細分,point,神楽坂の東八拳,河川浸水,河川浸水,河川浸水｜河川浸水
13104:177,river_flooding,,0.0,0,神田川流域,external point-grid sampling,13104,新宿区,Unknown,Unknown,未判定,未細分,point,泉鏡花旧居跡,河川浸水,河川浸水,河川浸水｜河川浸水
13104:170,river_flooding,,0.0,0,神田川流域,external point-grid sampling,13104,新宿区,Unknown,Unknown,未判定,未細分,point,鏑木清方旧居跡,河川浸水,河川浸水,河川浸水｜河川浸水
official_export_002:465,river_flooding,,0.0,0,神田川流域,external point-grid sampling,13104,新宿区,National,Registered,有形文化財,建造物,building_direct,矢来能楽堂,河川浸水,河川浸水,河川浸水｜河川浸水
13104:136,river_flooding,,0.0,0,神田川流域,external point-grid sampling,13104,新宿区,Unknown,Unknown,未判定,未細分,point,尾崎紅葉旧居跡,河川浸水,河川浸水,河川浸水｜河川浸水
13104:154,river_flooding,,0.0,0,神田川流域,external point-grid sampling,13104,新宿区,Unknown,Unknown,未判定,未細分,point,島村抱月終焉の地 (芸術倶楽部跡),河川浸水,河川浸水,河川浸水｜河川浸水
official_export_002:33,river_flooding,,0.0,0,神田川流域,external point-grid sampling,13104,新宿区,National,Registered,有形文化財,建造物,building_direct,一水寮,河川浸水,河川浸水,河川浸水｜河川浸水
13104:43,river_flooding,,0.0,0,神田川流域,external point-grid sampling,13104,新宿区,Unknown,Unknown,未判定,未細分,point,済松寺の加藤文麗筆絵画作品,河川浸水,河川浸水,河川浸水｜河川浸水
13104:210,river_flooding,,2.0,0.5–3 m,神田川流域,external point-grid sampling,13104,新宿区,Unknown,Unknown,未判定,未細分,point,田島森碑,河川浸水,河川浸水,河川浸水｜河川浸水
official_export_002:269,river_flooding,,0.0,0,神田川流域,external point-grid sampling,13104,新宿区,National,Registered,有形文化財,建造物,building_direct,新潮社倉庫,河川浸水,河川浸水,河川浸水｜河川浸水
official_export_002:270,river_flooding,,0.0,0,神田川流域,external point-grid sampling,13104,新宿区,National,Registered,有形文化財,建造物,building_direct,新潮社本館,河川浸水,河川浸水,河川浸水｜河川浸水
official_export_002:273,river_flooding,,0.0,0,神田川流域,external point-grid sampling,13104,新宿区,National,Registered,有形文化財,建造物,building_direct,鈴木家住宅主屋,河川浸水,河川浸水,河川浸水｜河川浸水
13104:176,river_flooding,,0.0,0,神田川流域,external point-grid sampling,13104,新宿区,Unknown,Unknown,未判定,未細分,point,生田春月旧居跡,河川浸水,河川浸水,河川浸水｜河川浸水
13104:188,river_flooding,,0.0,0,神田川流域,external point-grid sampling,13104,新宿区,Unknown,Unknown,未判定,未細分,point,佐々木活字店,河川浸水,河川浸水,河川浸水｜河川浸水
official_export_002:295,river_flooding,,0.0,0,神田川流域,external point-grid sampling,13104,新宿区,National,Registered,有形文化財,建造物,building_direct,高橋建築事務所社屋,河川浸水,河川浸水,河川浸水｜河川浸水
13104:57,river_flooding,,0.0,0,神田川流域,external point-grid sampling,13104,新宿区,Unknown,Unknown,未判定,未細分,point,圓照寺の梵鐘,河川浸水,河川浸水,河川浸水｜河川浸水
13104:168,river_flooding,,0.0,0,神田川流域,external point-grid sampling,13104,新宿区,Unknown,Unknown,未判定,未細分,point,内村鑑三終焉の地(今井館聖書講堂跡),河川浸水,河川浸水,河川浸水｜河川浸水
13104:127,river_flooding,,0.0,0,神田川流域,external point-grid sampling,13104,新宿区,Unknown,Unknown,未判定,未細分,point,鉄砲組百人隊行列,河川浸水,河川浸水,河川浸水｜河川浸水
13104:165,river_flooding,,0.0,0,神田川流域,external point-grid sampling,13104,新宿区,Unknown,Unknown,未判定,未細分,point,落合秋艸堂跡(會津八一旧居跡),河川浸水,河川浸水,河川浸水｜河川浸水
13104:213,river_flooding,,0.0,0,神田川流域,external point-grid sampling,13104,新宿区,Unknown,Unknown,未判定,未細分,point,渡辺玉花旧居,河川浸水,河川浸水,河川浸水｜河川浸水
13104:58,river_flooding,,0.0,0,神田川流域,external point-grid sampling,13104,新宿区,Unknown,Unknown,未判定,未細分,point,薬王院の梵鐘,河川浸水,河川浸水,河川浸水｜河川浸水
13104:114,river_flooding,,0.0,0,神田川流域,external point-grid sampling,13104,新宿区,Unknown,Unknown,未判定,未細分,point,全龍寺の庚申塔,河川浸水,河川浸水,河川浸水｜河川浸水
13104:125,river_flooding,,0.057999998,0–0.5 m,神田川流域,external point-grid sampling,13104,新宿区,Unknown,Unknown,未判定,未細分,point,萩原社中里神楽,河川浸水,河川浸水,河川浸水｜河川浸水
13104:194,river_flooding,,0.0,0,神田川流域,external point-grid sampling,13104,新宿区,Unknown,Unknown,未判定,未細分,point,旧近衛邸のケヤキ,河川浸水,河川浸水,河川浸水｜河川浸水
official_export_002:388,river_flooding,,0.0,0,神田川流域,external point-grid sampling,13104,新宿区,National,Registered,有形文化財,建造物,building_direct,日本バプテストキリスト教目白ヶ丘教会礼拝堂,河川浸水,河川浸水,河川浸水｜河川浸水
official_export_001:43,river_flooding,,0.0,0,神田川流域,external point-grid sampling,13104,新宿区,National,Designated,有形文化財,建造物,building_direct,旧馬場家牛込邸,河川浸水,河川浸水,河川浸水｜河川浸水
13104:0,river_flooding,,0.0,0,神田川流域,external point-grid sampling,13104,新宿区,Unknown,Unknown,未判定,未細分,point,市谷亀岡八幡宮の銅鳥居,河川浸水,河川浸水,河川浸水｜河川浸水
13104:1,river_flooding,,2.0,0.5–3 m,神田川流域,external point-grid sampling,13104,新宿区,Unknown,Unknown,未判定,未細分,point,早稲田大学 坪内博士記念演劇博物館,河川浸水,河川浸水,河川浸水｜河川浸水
13104:9,river_flooding,,0.0,0,神田川流域,external point-grid sampling,13104,新宿区,Unknown,Unknown,未判定,未細分,point,筑土八幡神社の石造鳥居,河川浸水,河川浸水,河川浸水｜河川浸水
13104:10,river_flooding,,0.0,0,神田川流域,external point-grid sampling,13104,新宿区,Unknown,Unknown,未判定,未細分,point,西迎寺の阿弥陀如来座像,河川浸水,河川浸水,河川浸水｜河川浸水
13104:12,river_flooding,,0.0,0,神田川流域,external point-grid sampling,13104,新宿区,Unknown,Unknown,未判定,未細分,point,花園神社の唐獅子像,河川浸水,河川浸水,河川浸水｜河川浸水
13104:13,river_flooding,,0.0,0,神田川流域,external point-grid sampling,13104,新宿区,Unknown,Unknown,未判定,未細分,point,太宗寺の三日月不動像,河川浸水,河川浸水,河川浸水｜河川浸水
13104:14,river_flooding,,0.0,0,神田川流域,external point-grid sampling,13104,新宿区,Unknown,Unknown,未判定,未細分,point,熊野神社の水鉢,河川浸水,河川浸水,河川浸水｜河川浸水
13104:15,river_flooding,,0.0,0,神田川流域,external point-grid sampling,13104,新宿区,Unknown,Unknown,未判定,未細分,point,亮朝院の金剛力士石像,河川浸水,河川浸水,河川浸水｜河川浸水
13104:16,river_flooding,,0.0,0,神田川流域,external point-grid sampling,13104,新宿区,Unknown,Unknown,未判定,未細分,point,誓閑寺の梵鐘,河川浸水,河川浸水,河川浸水｜河川浸水
13104:17,river_flooding,,0.0,0,神田川流域,external point-grid sampling,13104,新宿区,Unknown,Unknown,未判定,未細分,point,善国寺の毘沙門天像,河川浸水,河川浸水,河川浸水｜河川浸水
13104:18,river_flooding,,0.0,0,神田川流域,external point-grid sampling,13104,新宿区,Unknown,Unknown,未判定,未細分,point,経王寺の大黒天像,河川浸水,河川浸水,河川浸水｜河川浸水
13104:19,river_flooding,,0.0,0,神田川流域,external point-grid sampling,13104,新宿区,Unknown,Unknown,未判定,未細分,point,法善寺の七面明神像,河川浸水,河川浸水,河川浸水｜河川浸水
13104:22,river_flooding,,0.0,0,神田川流域,external point-grid sampling,13104,新宿区,Unknown,Unknown,未判定,未細分,point,馬水槽,河川浸水,河川浸水,河川浸水｜河川浸水
13104:23,river_flooding,,0.0,0,神田川流域,external point-grid sampling,13104,新宿区,Unknown,Unknown,未判定,未細分,point,天龍寺の時の鐘,河川浸水,河川浸水,河川浸水｜河川浸水
13104:24,river_flooding,,0.0,0,神田川流域,external point-grid sampling,13104,新宿区,Unknown,Unknown,未判定,未細分,point,天龍寺のやぐら時計,河川浸水,河川浸水,河川浸水｜河川浸水
13104:25,river_flooding,,2.0,0.5–3 m,神田川流域,external point-grid sampling,13104,新宿区,Unknown,Unknown,未判定,未細分,point,大隈重信銅像,河川浸水,河川浸水,河川浸水｜河川浸水
13104:27,river_flooding,,0.0,0,神田川流域,external point-grid sampling,13104,新宿区,Unknown,Unknown,未判定,未細分,point,鬼王神社の水鉢,河川浸水,河川浸水,河川浸水｜河川浸水
13104:28,river_flooding,,0.0,0,神田川流域,external point-grid sampling,13104,新宿区,Unknown,Unknown,未判定,未細分,point,聖徳太子画像,河川浸水,河川浸水,河川浸水｜河川浸水
13104:29,river_flooding,,0.0,0,神田川流域,external point-grid sampling,13104,新宿区,Unknown,Unknown,未判定,未細分,point,太宗寺の観無量寿経曼荼羅,河川浸水,河川浸水,河川浸水｜河川浸水
13104:30,river_flooding,,0.0,0,神田川流域,external point-grid sampling,13104,新宿区,Unknown,Unknown,未判定,未細分,point,七人役者図絵馬,河川浸水,河川浸水,河川浸水｜河川浸水
13104:31,river_flooding,,0.0,0,神田川流域,external point-grid sampling,13104,新宿区,Unknown,Unknown,未判定,未細分,point,阿弥陀三尊来迎図(専福寺),河川浸水,河川浸水,河川浸水｜河川浸水
13104:32,river_flooding,,0.0,0,神田川流域,external point-grid sampling,13104,新宿区,Unknown,Unknown,未判定,未細分,point,木造阿弥陀如来立像,河川浸水,河川浸水,河川浸水｜河川浸水
13104:33,river_flooding,,0.0,0,神田川流域,external point-grid sampling,13104,新宿区,Unknown,Unknown,未判定,未細分,point,木造地蔵菩薩坐像,河川浸水,河川浸水,河川浸水｜河川浸水
13104:34,river_flooding,,0.0,0,神田川流域,external point-grid sampling,13104,新宿区,Unknown,Unknown,未判定,未細分,point,阿弥陀三尊来迎図(光照寺),河川浸水,河川浸水,河川浸水｜河川浸水
13104:35,river_flooding,,0.0,0,神田川流域,external point-grid sampling,13104,新宿区,Unknown,Unknown,未判定,未細分,point,法然上人画像,河川浸水,河川浸水,河川浸水｜河川浸水
13104:36,river_flooding,,0.0,0,神田川流域,external point-grid sampling,13104,新宿区,Unknown,Unknown,未判定,未細分,point,西光庵の観無量寿経曼荼羅,河川浸水,河川浸水,河川浸水｜河川浸水
13104:37,river_flooding,,2.0,0.5–3 m,神田川流域,external point-grid sampling,13104,新宿区,Unknown,Unknown,未判定,未細分,point,天瑞元堤像 谷文晁筆,河川浸水,河川浸水,河川浸水｜河川浸水
13104:38,river_flooding,,2.0,0.5–3 m,神田川流域,external point-grid sampling,13104,新宿区,Unknown,Unknown,未判定,未細分,point,謙堂文益像 谷文晁筆,河川浸水,河川浸水,河川浸水｜河川浸水
13104:39,river_flooding,,2.0,0.5–3 m,神田川流域,external point-grid sampling,13104,新宿区,Unknown,Unknown,未判定,未細分,point,八大龍王図 谷文晁筆,河川浸水,河川浸水,河川浸水｜河川浸水
13104:40,river_flooding,,2.0,0.5–3 m,神田川流域,external point-grid sampling,13104,新宿区,Unknown,Unknown,未判定,未細分,point,十大弟子図 谷文晁筆,河川浸水,河川浸水,河川浸水｜河川浸水
13104:41,river_flooding,,0.0,0,神田川流域,external point-grid sampling,13104,新宿区,Unknown,Unknown,未判定,未細分,point,永福寺の銅造大日如来坐像,河川浸水,河川浸水,河川浸水｜河川浸水
13104:42,river_flooding,,0.0,0,神田川流域,external point-grid sampling,13104,新宿区,Unknown,Unknown,未判定,未細分,point,永福寺の銅造地蔵菩薩半跏像,河川浸水,河川浸水,河川浸水｜河川浸水
13104:44,river_flooding,,0.0,0,神田川流域,external point-grid sampling,13104,新宿区,Unknown,Unknown,未判定,未細分,point,谷文晁の絵,河川浸水,河川浸水,河川浸水｜河川浸水
13104:45,river_flooding,,0.0,0,神田川流域,external point-grid sampling,13104,新宿区,Unknown,Unknown,未判定,未細分,point,月見岡八幡神社の鰐口,河川浸水,河川浸水,河川浸水｜河川浸水
13104:46,river_flooding,,0.0,0,神田川流域,external point-grid sampling,13104,新宿区,Unknown,Unknown,未判定,未細分,point,市谷亀岡八幡宮の軍配団扇,河川浸水,河川浸水,河川浸水｜河川浸水
13104:48,river_flooding,,0.0,0,神田川流域,external point-grid sampling,13104,新宿区,Unknown,Unknown,未判定,未細分,point,木造十一面観音坐像,河川浸水,河川浸水,河川浸水｜河川浸水
13104:49,river_flooding,,0.0,0,神田川流域,external point-grid sampling,13104,新宿区,Unknown,Unknown,未判定,未細分,point,亮朝院の梵鐘,河川浸水,河川浸水,河川浸水｜河川浸水
13104:51,river_flooding,,0.0,0,神田川流域,external point-grid sampling,13104,新宿区,Unknown,Unknown,未判定,未細分,point,銅造地蔵菩薩半跏像,河川浸水,河川浸水,河川浸水｜河川浸水
13104:52,river_flooding,,0.0,0,神田川流域,external point-grid sampling,13104,新宿区,Unknown,Unknown,未判定,未細分,point,正受院の梵鐘,河川浸水,河川浸水,河川浸水｜河川浸水
13104:53,river_flooding,,0.0,0,神田川流域,external point-grid sampling,13104,新宿区,Unknown,Unknown,未判定,未細分,point,西迎寺の梵鐘,河川浸水,河川浸水,河川浸水｜河川浸水
13104:54,river_flooding,,0.0,0,神田川流域,external point-grid sampling,13104,新宿区,Unknown,Unknown,未判定,未細分,point,浄栄寺の梵鐘,河川浸水,河川浸水,河川浸水｜河川浸水
13104:55,river_flooding,,0.0,0,神田川流域,external point-grid sampling,13104,新宿区,Unknown,Unknown,未判定,未細分,point,善慶寺の梵鐘,河川浸水,河川浸水,河川浸水｜河川浸水
13104:62,river_flooding,,0.0,0,神田川流域,external point-grid sampling,13104,新宿区,Unknown,Unknown,未判定,未細分,point,太宗寺墓地出土品,河川浸水,河川浸水,河川浸水｜河川浸水
13104:63,river_flooding,,0.0,0,神田川流域,external point-grid sampling,13104,新宿区,Unknown,Unknown,未判定,未細分,point,小銅鐸,河川浸水,河川浸水,河川浸水｜河川浸水
13104:64,river_flooding,,0.0,0,神田川流域,external point-grid sampling,13104,新宿区,Unknown,Unknown,未判定,未細分,point,隆起線文系土器,河川浸水,河川浸水,河川浸水｜河川浸水
13104:65,river_flooding,,0.0,0,神田川流域,external point-grid sampling,13104,新宿区,Unknown,Unknown,未判定,未細分,point,下落合横穴墓出土品,河川浸水,河川浸水,河川浸水｜河川浸水
13104:67,river_flooding,,0.0,0,神田川流域,external point-grid sampling,13104,新宿区,Unknown,Unknown,未判定,未細分,point,中村家文書,河川浸水,河川浸水,河川浸水｜河川浸水
13104:69,river_flooding,,0.0,0,神田川流域,external point-grid sampling,13104,新宿区,Unknown,Unknown,未判定,未細分,point,亮朝院文書,河川浸水,河川浸水,河川浸水｜河川浸水
13104:72,river_flooding,,2.0,0.5–3 m,神田川流域,external point-grid sampling,13104,新宿区,Unknown,Unknown,未判定,未細分,point,済松寺文書,河川浸水,河川浸水,河川浸水｜河川浸水
13104:74,river_flooding,,0.0,0,神田川流域,external point-grid sampling,13104,新宿区,Unknown,Unknown,未判定,未細分,point,大聖院文書,河川浸水,河川浸水,河川浸水｜河川浸水
13104:75,river_flooding,,0.0,0,神田川流域,external point-grid sampling,13104,新宿区,Unknown,Unknown,未判定,未細分,point,法身寺文書,河川浸水,河川浸水,河川浸水｜河川浸水
13104:76,river_flooding,,0.0,0,神田川流域,external point-grid sampling,13104,新宿区,Unknown,Unknown,未判定,未細分,point,旭地蔵,河川浸水,河川浸水,河川浸水｜河川浸水
13104:77,river_flooding,,0.0,0,神田川流域,external point-grid sampling,13104,新宿区,Unknown,Unknown,未判定,未細分,point,子供合埋碑,河川浸水,河川浸水,河川浸水｜河川浸水
13104:78,river_flooding,,0.0,0,神田川流域,external point-grid sampling,13104,新宿区,Unknown,Unknown,未判定,未細分,point,式三番奉納額,河川浸水,河川浸水,河川浸水｜河川浸水
13104:79,river_flooding,,0.0,0,神田川流域,external point-grid sampling,13104,新宿区,Unknown,Unknown,未判定,未細分,point,旧鈴法寺江戸番所資料,河川浸水,河川浸水,河川浸水｜河川浸水
13104:80,river_flooding,,0.0,0,神田川流域,external point-grid sampling,13104,新宿区,Unknown,Unknown,未判定,未細分,point,空印の石手水鉢,河川浸水,河川浸水,河川浸水｜河川浸水
13104:81,river_flooding,,0.0,0,神田川流域,external point-grid sampling,13104,新宿区,Unknown,Unknown,未判定,未細分,point,堀部武庸加功遺跡之碑,河川浸水,河川浸水,河川浸水｜河川浸水
13104:82,river_flooding,,0.0,0,神田川流域,external point-grid sampling,13104,新宿区,Unknown,Unknown,未判定,未細分,point,幸国寺の日蓮聖人六百遠忌供養塔,河川浸水,河川浸水,河川浸水｜河川浸水
13104:83,river_flooding,,0.0,0,神田川流域,external point-grid sampling,13104,新宿区,Unknown,Unknown,未判定,未細分,point,太宗寺の切支丹灯籠,河川浸水,河川浸水,河川浸水｜河川浸水
13104:84,river_flooding,,0.0,0,神田川流域,external point-grid sampling,13104,新宿区,Unknown,Unknown,未判定,未細分,point,諸国旅人供養碑,河川浸水,河川浸水,河川浸水｜河川浸水
13104:87,river_flooding,,0.0,0,神田川流域,external point-grid sampling,13104,新宿区,Unknown,Unknown,未判定,未細分,point,月桂寺の切支丹灯籠,河川浸水,河川浸水,河川浸水｜河川浸水
13104:94,river_flooding,,0.0,0,神田川流域,external point-grid sampling,13104,新宿区,Unknown,Unknown,未判定,未細分,point,来迎寺の庚申塔,河川浸水,河川浸水,河川浸水｜河川浸水
13104:95,river_flooding,,0.0,0,神田川流域,external point-grid sampling,13104,新宿区,Unknown,Unknown,未判定,未細分,point,正受院の奪衣婆像,河川浸水,河川浸水,河川浸水｜河川浸水
13104:96,river_flooding,,0.0,0,神田川流域,external point-grid sampling,13104,新宿区,Unknown,Unknown,未判定,未細分,point,中井御霊神社の備射祭絵馬,河川浸水,河川浸水,河川浸水｜河川浸水
13104:97,river_flooding,,0.0,0,神田川流域,external point-grid sampling,13104,新宿区,Unknown,Unknown,未判定,未細分,point,中井御霊神社の分木,河川浸水,河川浸水,河川浸水｜河川浸水
13104:98,river_flooding,,0.0,0,神田川流域,external point-grid sampling,13104,新宿区,Unknown,Unknown,未判定,未細分,point,自性院の私年号板碑,河川浸水,河川浸水,河川浸水｜河川浸水
13104:99,river_flooding,,0.0,0,神田川流域,external point-grid sampling,13104,新宿区,Unknown,Unknown,未判定,未細分,point,月見岡八幡神社の庚申塔,河川浸水,河川浸水,河川浸水｜河川浸水
13104:100,river_flooding,,0.0,0,神田川流域,external point-grid sampling,13104,新宿区,Unknown,Unknown,未判定,未細分,point,狛犬型庚申塔,河川浸水,河川浸水,河川浸水｜河川浸水
13104:101,river_flooding,,0.0,0,神田川流域,external point-grid sampling,13104,新宿区,Unknown,Unknown,未判定,未細分,point,太宗寺の閻魔像,河川浸水,河川浸水,河川浸水｜河川浸水
13104:102,river_flooding,,0.0,0,神田川流域,external point-grid sampling,13104,新宿区,Unknown,Unknown,未判定,未細分,point,太宗寺の奪衣婆像,河川浸水,河川浸水,河川浸水｜河川浸水
13104:103,river_flooding,,0.0,0,神田川流域,external point-grid sampling,13104,新宿区,Unknown,Unknown,未判定,未細分,point,葛谷御霊神社の力石,河川浸水,河川浸水,河川浸水｜河川浸水
13104:104,river_flooding,,0.0,0,神田川流域,external point-grid sampling,13104,新宿区,Unknown,Unknown,未判定,未細分,point,成子天神社の力石,河川浸水,河川浸水,河川浸水｜河川浸水
13104:105,river_flooding,,0.0,0,神田川流域,external point-grid sampling,13104,新宿区,Unknown,Unknown,未判定,未細分,point,雨乞のむしろ旗,河川浸水,河川浸水,河川浸水｜河川浸水
13104:106,river_flooding,,0.0,0,神田川流域,external point-grid sampling,13104,新宿区,Unknown,Unknown,未判定,未細分,point,市谷亀岡八幡宮の力石,河川浸水,河川浸水,河川浸水｜河川浸水
13104:107,river_flooding,,0.0,0,神田川流域,external point-grid sampling,13104,新宿区,Unknown,Unknown,未判定,未細分,point,筑土八幡神社の庚申塔,河川浸水,河川浸水,河川浸水｜河川浸水
13104:109,river_flooding,,0.0,0,神田川流域,external point-grid sampling,13104,新宿区,Unknown,Unknown,未判定,未細分,point,善国寺の石虎,河川浸水,河川浸水,河川浸水｜河川浸水
13104:110,river_flooding,,0.0,0,神田川流域,external point-grid sampling,13104,新宿区,Unknown,Unknown,未判定,未細分,point,中井御霊神社の狛犬,河川浸水,河川浸水,河川浸水｜河川浸水
13104:111,river_flooding,,0.0,0,神田川流域,external point-grid sampling,13104,新宿区,Unknown,Unknown,未判定,未細分,point,巴講睦の獅子頭,河川浸水,河川浸水,河川浸水｜河川浸水
13104:113,river_flooding,,0.0,0,神田川流域,external point-grid sampling,13104,新宿区,Unknown,Unknown,未判定,未細分,point,塞神三柱の塔,河川浸水,河川浸水,河川浸水｜河川浸水
13104:115,river_flooding,,0.0,0,神田川流域,external point-grid sampling,13104,新宿区,Unknown,Unknown,未判定,未細分,point,慈雲山観音寺の庚申塔,河川浸水,河川浸水,河川浸水｜河川浸水
13104:116,river_flooding,,0.0,0,神田川流域,external point-grid sampling,13104,新宿区,Unknown,Unknown,未判定,未細分,point,下落合二丁目の庚申塔,河川浸水,河川浸水,河川浸水｜河川浸水
13104:117,river_flooding,,0.0,0,神田川流域,external point-grid sampling,13104,新宿区,Unknown,Unknown,未判定,未細分,point,旧源兵衛村の庚申塔,河川浸水,河川浸水,河川浸水｜河川浸水
13104:118,river_flooding,,0.0,0,神田川流域,external point-grid sampling,13104,新宿区,Unknown,Unknown,未判定,未細分,point,幸国寺の題目塔,河川浸水,河川浸水,河川浸水｜河川浸水
13104:119,river_flooding,,0.0,0,神田川流域,external point-grid sampling,13104,新宿区,Unknown,Unknown,未判定,未細分,point,熊野神社の狛犬,河川浸水,河川浸水,河川浸水｜河川浸水
13104:121,river_flooding,,0.0,0,神田川流域,external point-grid sampling,13104,新宿区,Unknown,Unknown,未判定,未細分,point,中井御霊神社の備射祭,河川浸水,河川浸水,河川浸水｜河川浸水
13104:122,river_flooding,,0.0,0,神田川流域,external point-grid sampling,13104,新宿区,Unknown,Unknown,未判定,未細分,point,葛谷御霊神社の備謝祭,河川浸水,河川浸水,河川浸水｜河川浸水
13104:126,river_flooding,,0.0,0,神田川流域,external point-grid sampling,13104,新宿区,Unknown,Unknown,未判定,未細分,point,上落合餅つき唄,河川浸水,河川浸水,河川浸水｜河川浸水
13104:130,river_flooding,,0.0,0,神田川流域,external point-grid sampling,13104,新宿区,Unknown,Unknown,未判定,未細分,point,小泉八雲旧居跡,河川浸水,河川浸水,河川浸水｜河川浸水
13104:133,river_flooding,,0.0,0,神田川流域,external point-grid sampling,13104,新宿区,Unknown,Unknown,未判定,未細分,point,十二社の碑,河川浸水,河川浸水,河川浸水｜河川浸水
13104:134,river_flooding,,0.0,0,神田川流域,external point-grid sampling,13104,新宿区,Unknown,Unknown,未判定,未細分,point,松井須磨子の墓,河川浸水,河川浸水,河川浸水｜河川浸水
13104:137,river_flooding,,0.0,0,神田川流域,external point-grid sampling,13104,新宿区,Unknown,Unknown,未判定,未細分,point,田村虎蔵旧居跡,河川浸水,河川浸水,河川浸水｜河川浸水
13104:138,river_flooding,,0.0,0,神田川流域,external point-grid sampling,13104,新宿区,Unknown,Unknown,未判定,未細分,point,恋川春町の墓,河川浸水,河川浸水,河川浸水｜河川浸水
13104:139,river_flooding,,0.0,0,神田川流域,external point-grid sampling,13104,新宿区,Unknown,Unknown,未判定,未細分,point,月岡芳年の墓,河川浸水,河川浸水,河川浸水｜河川浸水
13104:140,river_flooding,,0.0,0,神田川流域,external point-grid sampling,13104,新宿区,Unknown,Unknown,未判定,未細分,point,浄瑠璃坂の仇討跡,河川浸水,河川浸水,河川浸水｜河川浸水
13104:141,river_flooding,,2.0,0.5–3 m,神田川流域,external point-grid sampling,13104,新宿区,Unknown,Unknown,未判定,未細分,point,国産飛行機発祥の地,河川浸水,河川浸水,河川浸水｜河川浸水
13104:142,river_flooding,,0.0,0,神田川流域,external point-grid sampling,13104,新宿区,Unknown,Unknown,未判定,未細分,point,大久保の犬御用屋敷跡,河川浸水,河川浸水,河川浸水｜河川浸水
13104:143,river_flooding,,0.0,0,神田川流域,external point-grid sampling,13104,新宿区,Unknown,Unknown,未判定,未細分,point,三遊亭円朝旧居跡,河川浸水,河川浸水,河川浸水｜河川浸水
13104:145,river_flooding,,0.0,0,神田川流域,external point-grid sampling,13104,新宿区,Unknown,Unknown,未判定,未細分,point,夏目漱石終焉の地,河川浸水,河川浸水,河川浸水｜河川浸水
13104:146,river_flooding,,0.0,0,神田川流域,external point-grid sampling,13104,新宿区,Unknown,Unknown,未判定,未細分,point,便々館湖鯉鮒狂歌碑,河川浸水,河川浸水,河川浸水｜河川浸水
13104:150,river_flooding,,0.0,0,神田川流域,external point-grid sampling,13104,新宿区,Unknown,Unknown,未判定,未細分,point,平秩東作の墓,河川浸水,河川浸水,河川浸水｜河川浸水
13104:151,river_flooding,,0.0,0,神田川流域,external point-grid sampling,13104,新宿区,Unknown,Unknown,未判定,未細分,point,二葉亭四迷旧居跡,河川浸水,河川浸水,河川浸水｜河川浸水
13104:152,river_flooding,,0.0,0,神田川流域,external point-grid sampling,13104,新宿区,Unknown,Unknown,未判定,未細分,point,大和田建樹終焉の地,河川浸水,河川浸水,河川浸水｜河川浸水
13104:155,river_flooding,,0.0,0,神田川流域,external point-grid sampling,13104,新宿区,Unknown,Unknown,未判定,未細分,point,内藤正勝の墓,河川浸水,河川浸水,河川浸水｜河川浸水
13104:156,river_flooding,,0.0,0,神田川流域,external point-grid sampling,13104,新宿区,Unknown,Unknown,未判定,未細分,point,筒井政憲の墓,河川浸水,河川浸水,河川浸水｜河川浸水
13104:157,river_flooding,,0.0,0,神田川流域,external point-grid sampling,13104,新宿区,Unknown,Unknown,未判定,未細分,point,小泉八雲終焉の地,河川浸水,河川浸水,河川浸水｜河川浸水
13104:158,river_flooding,,0.0,0,神田川流域,external point-grid sampling,13104,新宿区,Unknown,Unknown,未判定,未細分,point,紅皿の墓,河川浸水,河川浸水,河川浸水｜河川浸水
13104:160,river_flooding,,0.0,0,神田川流域,external point-grid sampling,13104,新宿区,Unknown,Unknown,未判定,未細分,point,佐伯祐三アトリエの地,河川浸水,河川浸水,河川浸水｜河川浸水
13104:162,river_flooding,,0.0,0,神田川流域,external point-grid sampling,13104,新宿区,Unknown,Unknown,未判定,未細分,point,柳田國男旧居跡,河川浸水,河川浸水,河川浸水｜河川浸水
13104:163,river_flooding,,0.0,0,神田川流域,external point-grid sampling,13104,新宿区,Unknown,Unknown,未判定,未細分,point,斎藤茂吉終焉の地,河川浸水,河川浸水,河川浸水｜河川浸水
13104:164,river_flooding,,0.0,0,神田川流域,external point-grid sampling,13104,新宿区,Unknown,Unknown,未判定,未細分,point,下村湖人終焉の地,河川浸水,河川浸水,河川浸水｜河川浸水
13104:166,river_flooding,,0.0,0,神田川流域,external point-grid sampling,13104,新宿区,Unknown,Unknown,未判定,未細分,point,西條八十旧居跡,河川浸水,河川浸水,河川浸水｜河川浸水
13104:171,river_flooding,,0.0,0,神田川流域,external point-grid sampling,13104,新宿区,Unknown,Unknown,未判定,未細分,point,辰野金吾の墓,河川浸水,河川浸水,河川浸水｜河川浸水
13104:172,river_flooding,,0.0,0,神田川流域,external point-grid sampling,13104,新宿区,Unknown,Unknown,未判定,未細分,point,牛込城跡,河川浸水,河川浸水,河川浸水｜河川浸水
13104:173,river_flooding,,2.0,0.5–3 m,神田川流域,external point-grid sampling,13104,新宿区,Unknown,Unknown,未判定,未細分,point,富塚跡,河川浸水,河川浸水,河川浸水｜河川浸水
13104:174,river_flooding,,0.0,0,神田川流域,external point-grid sampling,13104,新宿区,Unknown,Unknown,未判定,未細分,point,便々館湖鯉鮒の墓,河川浸水,河川浸水,河川浸水｜河川浸水
13104:175,river_flooding,,0.0,0,神田川流域,external point-grid sampling,13104,新宿区,Unknown,Unknown,未判定,未細分,point,成子天神社の富士塚,河川浸水,河川浸水,河川浸水｜河川浸水
13104:179,river_flooding,,0.0,0,神田川流域,external point-grid sampling,13104,新宿区,Unknown,Unknown,未判定,未細分,point,塚本明毅の墓碑,河川浸水,河川浸水,河川浸水｜河川浸水
13104:181,river_flooding,,0.0,0,神田川流域,external point-grid sampling,13104,新宿区,Unknown,Unknown,未判定,未細分,point,吉川湊一の墓,河川浸水,河川浸水,河川浸水｜河川浸水
13104:182,river_flooding,,0.0,0,神田川流域,external point-grid sampling,13104,新宿区,Unknown,Unknown,未判定,未細分,point,東京府仮小学第三校跡,河川浸水,河川浸水,河川浸水｜河川浸水
13104:187,river_flooding,,0.0,0,神田川流域,external point-grid sampling,13104,新宿区,Unknown,Unknown,未判定,未細分,point,六桜社跡,河川浸水,河川浸水,河川浸水｜河川浸水
13104:189,river_flooding,,0.0,0,神田川流域,external point-grid sampling,13104,新宿区,Unknown,Unknown,未判定,未細分,point,近衛篤麿公記念碑,河川浸水,河川浸水,河川浸水｜河川浸水
13104:196,river_flooding,,0.0,0,神田川流域,external point-grid sampling,13104,新宿区,Unknown,Unknown,未判定,未細分,point,源兵衛子育地蔵尊の石造物群,河川浸水,河川浸水,河川浸水｜河川浸水
13104:197,river_flooding,,0.0,0,神田川流域,external point-grid sampling,13104,新宿区,Unknown,Unknown,未判定,未細分,point,彰忠碑,河川浸水,河川浸水,河川浸水｜河川浸水
13104:202,river_flooding,,0.0,0,神田川流域,external point-grid sampling,13104,新宿区,Unknown,Unknown,未判定,未細分,point,旧淀橋浄水場六角堂,河川浸水,河川浸水,河川浸水｜河川浸水
13104:203,river_flooding,,0.0,0,神田川流域,external point-grid sampling,13104,新宿区,Unknown,Unknown,未判定,未細分,point,巴講睦の獅子図屏風,河川浸水,河川浸水,河川浸水｜河川浸水
13104:204,river_flooding,,0.0,0,神田川流域,external point-grid sampling,13104,新宿区,Unknown,Unknown,未判定,未細分,point,服部良一旧居跡,河川浸水,河川浸水,河川浸水｜河川浸水
13104:206,river_flooding,,0.0,0,神田川流域,external point-grid sampling,13104,新宿区,Unknown,Unknown,未判定,未細分,point,戸山射撃場跡,河川浸水,河川浸水,河川浸水｜河川浸水
13104:208,river_flooding,,0.0,0,神田川流域,external point-grid sampling,13104,新宿区,Unknown,Unknown,未判定,未細分,point,白糸塚,河川浸水,河川浸水,河川浸水｜河川浸水
13104:212,river_flooding,,0.0,0,神田川流域,external point-grid sampling,13104,新宿区,Unknown,Unknown,未判定,未細分,point,祭馬碑,河川浸水,河川浸水,河川浸水｜河川浸水
13104:216,river_flooding,,0.0,0,神田川流域,external point-grid sampling,13104,新宿区,Unknown,Unknown,未判定,未細分,point,水準点II号,河川浸水,河川浸水,河川浸水｜河川浸水
13104:217,river_flooding,,0.0,0,神田川流域,external point-grid sampling,13104,新宿区,Unknown,Unknown,未判定,未細分,point,東京若葉キリスト教会,河川浸水,河川浸水,河川浸水｜河川浸水
13104:218,river_flooding,,0.0,0,神田川流域,external point-grid sampling,13104,新宿区,Unknown,Unknown,未判定,未細分,point,稲荷鬼王神社の節分祭,河川浸水,河川浸水,河川浸水｜河川浸水
13104:219,river_flooding,,0.0,0,神田川流域,external point-grid sampling,13104,新宿区,Unknown,Unknown,未判定,未細分,point,中井御霊神社の節分祭,河川浸水,河川浸水,河川浸水｜河川浸水
13104:220,river_flooding,,0.0,0,神田川流域,external point-grid sampling,13104,新宿区,Unknown,Unknown,未判定,未細分,point,花園神社の節分祭,河川浸水,河川浸水,河川浸水｜河川浸水
13104:221,river_flooding,,0.0,0,神田川流域,external point-grid sampling,13104,新宿区,Unknown,Unknown,未判定,未細分,point,氷川神社の節分祭,河川浸水,河川浸水,河川浸水｜河川浸水
13104:222,river_flooding,,0.0,0,神田川流域,external point-grid sampling,13104,新宿区,Unknown,Unknown,未判定,未細分,point,鎧神社の節分祭,河川浸水,河川浸水,河川浸水｜河川浸水
13104:223,river_flooding,,0.0,0,神田川流域,external point-grid sampling,13104,新宿区,Unknown,Unknown,未判定,未細分,point,自性院の節分会,河川浸水,河川浸水,河川浸水｜河川浸水
13104:224,river_flooding,,0.0,0,神田川流域,external point-grid sampling,13104,新宿区,Unknown,Unknown,未判定,未細分,point,有隣園跡,河川浸水,河川浸水,河川浸水｜河川浸水
13104:226,river_flooding,,0.0,0,神田川流域,external point-grid sampling,13104,新宿区,Unknown,Unknown,未判定,未細分,point,太宗寺の大震災紀念碑,河川浸水,河川浸水,河川浸水｜河川浸水
13104:227,river_flooding,,0.0,0,神田川流域,external point-grid sampling,13104,新宿区,Unknown,Unknown,未判定,未細分,point,放生寺の水掛け地蔵と大震火災死亡群霊塔,河川浸水,河川浸水,河川浸水｜河川浸水
official_export_001:19,river_flooding,,0.0,0,神田川流域,external point-grid sampling,13104,新宿区,National,Designated,有形文化財,建造物,building_direct,学習院旧正門,河川浸水,河川浸水,河川浸水｜河川浸水
official_export_002:204,river_flooding,,0.0,0,神田川流域,external point-grid sampling,13104,新宿区,National,Registered,有形文化財,建造物,building_direct,栗原家住宅門柱及び塀,河川浸水,河川浸水,河川浸水｜河川浸水
official_export_003:47,river_flooding,,0.0,0,神田川流域,external point-grid sampling,13104,新宿区,National,Designated,記念物,天然記念物,point,哲学堂公園,河川浸水,河川浸水,河川浸水｜河川浸水
official_export_003:69,river_flooding,,0.0,0,神田川流域,external point-grid sampling,13104,新宿区,National,Designated,記念物,天然記念物,point,山鹿素行墓,河川浸水,河川浸水,河川浸水｜河川浸水
official_export_003:75,river_flooding,,0.0,0,神田川流域,external point-grid sampling,13104,新宿区,National,Designated,記念物,天然記念物,point,林氏墓地,河川浸水,河川浸水,河川浸水｜河川浸水
13104:8,river_flooding,,0.01,0–0.5 m,隅田川及び新河岸川流域,external point-grid sampling,13104,新宿区,Unknown,Unknown,未判定,未細分,point,永心寺山門,河川浸水,河川浸水,河川浸水｜河川浸水
13104:191,river_flooding,,0.0,0,隅田川及び新河岸川流域,external point-grid sampling,13104,新宿区,Unknown,Unknown,未判定,未細分,point,長谷川平蔵埋葬の地,河川浸水,河川浸水,河川浸水｜河川浸水
13104:135,river_flooding,,0.0,0,隅田川及び新河岸川流域,external point-grid sampling,13104,新宿区,Unknown,Unknown,未判定,未細分,point,源清麿の墓,河川浸水,河川浸水,河川浸水｜河川浸水
13104:26,river_flooding,,0.0,0,隅田川及び新河岸川流域,external point-grid sampling,13104,新宿区,Unknown,Unknown,未判定,未細分,point,長善寺(笹寺)のめのう観音像,河川浸水,河川浸水,河川浸水｜河川浸水
13104:180,river_flooding,,0.0,0,隅田川及び新河岸川流域,external point-grid sampling,13104,新宿区,Unknown,Unknown,未判定,未細分,point,萩原宗固の墓,河川浸水,河川浸水,河川浸水｜河川浸水
13104:7,river_flooding,,0.0,0,隅田川及び新河岸川流域,external point-grid sampling,13104,新宿区,Unknown,Unknown,未判定,未細分,point,永心寺本堂,河川浸水,河川浸水,河川浸水｜河川浸水
13104:228,river_flooding,,0.0,0,隅田川及び新河岸川流域,external point-grid sampling,13104,新宿区,Unknown,Unknown,未判定,未細分,point,文学座アトリエ,河川浸水,河川浸水,河川浸水｜河川浸水
13104:21,river_flooding,,0.05,0–0.5 m,隅田川及び新河岸川流域,external point-grid sampling,13104,新宿区,Unknown,Unknown,未判定,未細分,point,須賀神社の三十六歌仙絵,河川浸水,河川浸水,河川浸水｜河川浸水
13104:47,river_flooding,,0.3,0–0.5 m,隅田川及び新河岸川流域,external point-grid sampling,13104,新宿区,Unknown,Unknown,未判定,未細分,point,林光寺の高僧先達連座画像,河川浸水,河川浸水,河川浸水｜河川浸水
13104:59,river_flooding,,0.02,0–0.5 m,隅田川及び新河岸川流域,external point-grid sampling,13104,新宿区,Unknown,Unknown,未判定,未細分,point,西應寺の梵鐘,河川浸水,河川浸水,河川浸水｜河川浸水
13104:61,river_flooding,,0.01,0–0.5 m,隅田川及び新河岸川流域,external point-grid sampling,13104,新宿区,Unknown,Unknown,未判定,未細分,point,長安寺の六地蔵塔,河川浸水,河川浸水,河川浸水｜河川浸水
13104:68,river_flooding,,0.3,0–0.5 m,隅田川及び新河岸川流域,external point-grid sampling,13104,新宿区,Unknown,Unknown,未判定,未細分,point,林光寺の歴代宗主銘,河川浸水,河川浸水,河川浸水｜河川浸水
13104:73,river_flooding,,0.3,0–0.5 m,隅田川及び新河岸川流域,external point-grid sampling,13104,新宿区,Unknown,Unknown,未判定,未細分,point,林光寺文書,河川浸水,河川浸水,河川浸水｜河川浸水
13104:85,river_flooding,,0.0,0,隅田川及び新河岸川流域,external point-grid sampling,13104,新宿区,Unknown,Unknown,未判定,未細分,point,服部半蔵の槍,河川浸水,河川浸水,河川浸水｜河川浸水
13104:128,river_flooding,,0.0,0,隅田川及び新河岸川流域,external point-grid sampling,13104,新宿区,Unknown,Unknown,未判定,未細分,point,高松喜六の墓,河川浸水,河川浸水,河川浸水｜河川浸水
13104:129,river_flooding,,0.0,0,隅田川及び新河岸川流域,external point-grid sampling,13104,新宿区,Unknown,Unknown,未判定,未細分,point,服部半蔵の墓,河川浸水,河川浸水,河川浸水｜河川浸水
13104:131,river_flooding,,0.0,0,隅田川及び新河岸川流域,external point-grid sampling,13104,新宿区,Unknown,Unknown,未判定,未細分,point,塙保己一の墓,河川浸水,河川浸水,河川浸水｜河川浸水
13104:148,river_flooding,,0.0,0,隅田川及び新河岸川流域,external point-grid sampling,13104,新宿区,Unknown,Unknown,未判定,未細分,point,岡崎三郎信康供養塔,河川浸水,河川浸水,河川浸水｜河川浸水
13104:149,river_flooding,,0.0,0,隅田川及び新河岸川流域,external point-grid sampling,13104,新宿区,Unknown,Unknown,未判定,未細分,point,榊原鍵吉の墓,河川浸水,河川浸水,河川浸水｜河川浸水
13104:217,river_flooding,,0.0,0,隅田川及び新河岸川流域,external point-grid sampling,13104,新宿区,Unknown,Unknown,未判定,未細分,point,東京若葉キリスト教会,河川浸水,河川浸水,河川浸水｜河川浸水
13104:58,landslide,土砂災害警戒区域,,土砂災害警戒区域,hazard_sediment_warning_a33_polygon,polygon intersection,13104,新宿区,Unknown,Unknown,未判定,未細分,point,薬王院の梵鐘,土砂災害,土砂災害警戒区域,土砂災害｜土砂災害警戒区域
13104:74,landslide,土砂災害警戒区域,,土砂災害警戒区域,hazard_sediment_warning_a33_polygon,polygon intersection,13104,新宿区,Unknown,Unknown,未判定,未細分,point,大聖院文書,土砂災害,土砂災害警戒区域,土砂災害｜土砂災害警戒区域
13104:158,landslide,土砂災害警戒区域,,土砂災害警戒区域,hazard_sediment_warning_a33_polygon,polygon intersection,13104,新宿区,Unknown,Unknown,未判定,未細分,point,紅皿の墓,土砂災害,土砂災害警戒区域,土砂災害｜土砂災害警戒区域
