{
"type": "FeatureCollection",
"name": "heritage_source_points",
"crs": { "type": "name", "properties": { "name": "urn:ogc:def:crs:OGC:1.3:CRS84" } },
"features": [
{ "type": "Feature", "properties": { "municipality_code": "13101", "municipality_name": "千代田区", "point_id": "record:154", "point_kind": "cultural_record", "record_id": "154", "record_ids": "154", "name": "将門塚", "names": "将門塚", "place_name": "", "address_detail": "", "address": "東京都千代田区大手町1-2", "category": "都指定文化財", "type": "旧跡", "designation_level_code": "prefectural", "designation_level_ja": "都", "designation_status_code": "designated", "designation_status_ja": "指定", "heritage_type_major_code": "monument", "heritage_type_major_ja": "記念物", "heritage_type_detail": "旧跡", "classification_confidence": "high", "entity_class": "point", "geometry_role": "representative_point", "source_location_role": "record_coordinate", "spatial_match_status": "point_unmatched", "complex_id": "13101-HG00001", "complex_name": "東京都教育委員会(管理者:史跡将門塚保存会)", "complex_grouping_method": "owner_address", "reason": "record_not_in_building", "item_count": 1, "attached_items_json": "", "source_municipality_gpkg": "13101_heritage.gpkg" }, "geometry": { "type": "Point", "coordinates": [ 139.762519, 35.687353 ] } },
{ "type": "Feature", "properties": { "municipality_code": "13101", "municipality_name": "千代田区", "point_id": "record:official_export_001:80", "point_kind": "cultural_record", "record_id": "official_export_001:80", "record_ids": "official_export_001:80", "name": "水準原点", "names": "水準原点", "place_name": "", "address_detail": "", "address": "東京都千代田区永田町一丁目1番地2号", "category": "国宝・重要文化財(建造物)", "type": "建造物", "designation_level_code": "national", "designation_level_ja": "国", "designation_status_code": "designated", "designation_status_ja": "指定", "heritage_type_major_code": "tangible", "heritage_type_major_ja": "有形文化財", "heritage_type_detail": "建造物", "classification_confidence": "medium", "entity_class": "building_direct", "geometry_role": "building_candidate_point", "source_location_role": "record_coordinate", "spatial_match_status": "point_unmatched", "complex_id": "13101-HG00004", "complex_name": "水準原点", "complex_grouping_method": "address", "reason": "building_direct_unmatched", "item_count": 1, "attached_items_json": "", "source_municipality_gpkg": "13101_heritage.gpkg" }, "geometry": { "type": "Point", "coordinates": [ 139.747576939999988, 35.67786583 ] } },
{ "type": "Feature", "properties": { "municipality_code": "13101", "municipality_name": "千代田区", "point_id": "record:official_export_001:130", "point_kind": "cultural_record", "record_id": "official_export_001:130", "record_ids": "official_export_001:130", "name": "法務省旧本館", "names": "法務省旧本館", "place_name": "", "address_detail": "", "address": "東京都千代田区霞が関一丁目1番1号", "category": "国宝・重要文化財(建造物)", "type": "建造物", "designation_level_code": "national", "designation_level_ja": "国", "designation_status_code": "designated", "designation_status_ja": "指定", "heritage_type_major_code": "tangible", "heritage_type_major_ja": "有形文化財", "heritage_type_detail": "建造物", "classification_confidence": "medium", "entity_class": "building_direct", "geometry_role": "building_candidate_point", "source_location_role": "record_coordinate", "spatial_match_status": "point_unmatched", "complex_id": "13101-HG00007", "complex_name": "法務省旧本館", "complex_grouping_method": "address", "reason": "building_direct_unmatched", "item_count": 1, "attached_items_json": "", "source_municipality_gpkg": "13101_heritage.gpkg" }, "geometry": { "type": "Point", "coordinates": [ 139.7533893, 35.67640241 ] } },
{ "type": "Feature", "properties": { "municipality_code": "13101", "municipality_name": "千代田区", "point_id": "record:official_export_002:181", "point_kind": "cultural_record", "record_id": "official_export_002:181", "record_ids": "official_export_002:181", "name": "旧文部省庁舎", "names": "旧文部省庁舎", "place_name": "", "address_detail": "", "address": "東京都千代田区霞が関3-2-2", "category": "登録有形文化財(建造物)", "type": "建造物", "designation_level_code": "national", "designation_level_ja": "国", "designation_status_code": "registered", "designation_status_ja": "登録", "heritage_type_major_code": "tangible", "heritage_type_major_ja": "有形文化財", "heritage_type_detail": "建造物", "classification_confidence": "medium", "entity_class": "building_direct", "geometry_role": "building_candidate_point", "source_location_role": "record_coordinate", "spatial_match_status": "point_unmatched", "complex_id": "13101-HG00013", "complex_name": "旧文部省庁舎", "complex_grouping_method": "address", "reason": "building_direct_unmatched", "item_count": 1, "attached_items_json": "", "source_municipality_gpkg": "13101_heritage.gpkg" }, "geometry": { "type": "Point", "coordinates": [ 139.74933323, 35.671303 ] } },
{ "type": "Feature", "properties": { "municipality_code": "13101", "municipality_name": "千代田区", "point_id": "record:official_export_002:360", "point_kind": "cultural_record", "record_id": "official_export_002:360", "record_ids": "official_export_002:360", "name": "東京地下鉄丸ノ内線四ツ谷跨線橋", "names": "東京地下鉄丸ノ内線四ツ谷跨線橋", "place_name": "", "address_detail": "", "address": "東京都千代田区麹町六丁目5地先~新宿区四谷一丁目25地先", "category": "登録有形文化財(建造物)", "type": "建造物", "designation_level_code": "national", "designation_level_ja": "国", "designation_status_code": "registered", "designation_status_ja": "登録", "heritage_type_major_code": "tangible", "heritage_type_major_ja": "有形文化財", "heritage_type_detail": "建造物", "classification_confidence": "medium", "entity_class": "building_direct", "geometry_role": "building_candidate_point", "source_location_role": "record_coordinate", "spatial_match_status": "point_unmatched", "complex_id": "13101-HG00018", "complex_name": "東京地下鉄丸ノ内線四ツ谷跨線橋", "complex_grouping_method": "address", "reason": "building_direct_unmatched", "item_count": 1, "attached_items_json": "", "source_municipality_gpkg": "13101_heritage.gpkg" }, "geometry": { "type": "Point", "coordinates": [ 139.72996389, 35.68466944 ] } },
{ "type": "Feature", "properties": { "municipality_code": "13101", "municipality_name": "千代田区", "point_id": "record:official_export_003:3", "point_kind": "cultural_record", "record_id": "official_export_003:3", "record_ids": "official_export_003:3", "name": "江戸城跡", "names": "江戸城跡", "place_name": "", "address_detail": "", "address": "千代田区", "category": "史跡名勝天然記念物", "type": "天然記念物", "designation_level_code": "national", "designation_level_ja": "国", "designation_status_code": "designated", "designation_status_ja": "指定", "heritage_type_major_code": "monument", "heritage_type_major_ja": "記念物", "heritage_type_detail": "天然記念物", "classification_confidence": "medium", "entity_class": "point", "geometry_role": "representative_point", "source_location_role": "record_coordinate", "spatial_match_status": "point_unmatched", "complex_id": "13101-HG00022", "complex_name": "江戸城跡", "complex_grouping_method": "address", "reason": "record_not_in_building", "item_count": 1, "attached_items_json": "", "source_municipality_gpkg": "13101_heritage.gpkg" }, "geometry": { "type": "Point", "coordinates": [ 139.7544497, 35.68825153 ] } },
{ "type": "Feature", "properties": { "municipality_code": "13101", "municipality_name": "千代田区", "point_id": "record:official_export_003:4", "point_kind": "cultural_record", "record_id": "official_export_003:4", "record_ids": "official_export_003:4", "name": "江戸城跡のヒカリゴケ生育地", "names": "江戸城跡のヒカリゴケ生育地", "place_name": "", "address_detail": "", "address": "千代田区北の丸公園", "category": "史跡名勝天然記念物", "type": "天然記念物", "designation_level_code": "national", "designation_level_ja": "国", "designation_status_code": "designated", "designation_status_ja": "指定", "heritage_type_major_code": "monument", "heritage_type_major_ja": "記念物", "heritage_type_detail": "天然記念物", "classification_confidence": "medium", "entity_class": "point", "geometry_role": "representative_point", "source_location_role": "record_coordinate", "spatial_match_status": "point_unmatched", "complex_id": "13101-HG00023", "complex_name": "江戸城跡のヒカリゴケ生育地", "complex_grouping_method": "address", "reason": "record_not_in_building", "item_count": 1, "attached_items_json": "", "source_municipality_gpkg": "13101_heritage.gpkg" }, "geometry": { "type": "Point", "coordinates": [ 139.74851542, 35.69067431 ] } },
{ "type": "Feature", "properties": { "municipality_code": "13101", "municipality_name": "千代田区", "point_id": "record:official_export_003:5", "point_kind": "cultural_record", "record_id": "official_export_003:5", "record_ids": "official_export_003:5", "name": "江戸城外堀跡", "names": "江戸城外堀跡", "place_name": "", "address_detail": "", "address": "千代田区・新宿区・港区", "category": "史跡名勝天然記念物", "type": "天然記念物", "designation_level_code": "national", "designation_level_ja": "国", "designation_status_code": "designated", "designation_status_ja": "指定", "heritage_type_major_code": "monument", "heritage_type_major_ja": "記念物", "heritage_type_detail": "天然記念物", "classification_confidence": "medium", "entity_class": "point", "geometry_role": "representative_point", "source_location_role": "record_coordinate", "spatial_match_status": "point_unmatched", "complex_id": "13101-HG00024", "complex_name": "江戸城外堀跡", "complex_grouping_method": "address", "reason": "record_not_in_building", "item_count": 1, "attached_items_json": "", "source_municipality_gpkg": "13101_heritage.gpkg" }, "geometry": { "type": "Point", "coordinates": [ 139.73752511, 35.69319148 ] } },
{ "type": "Feature", "properties": { "municipality_code": "13101", "municipality_name": "千代田区", "point_id": "record:official_export_003:50", "point_kind": "cultural_record", "record_id": "official_export_003:50", "record_ids": "official_export_003:50", "name": "常盤橋門跡", "names": "常盤橋門跡", "place_name": "", "address_detail": "", "address": "千代田区大手町二丁目 中央区日本橋本石町二丁目", "category": "史跡名勝天然記念物", "type": "天然記念物", "designation_level_code": "national", "designation_level_ja": "国", "designation_status_code": "designated", "designation_status_ja": "指定", "heritage_type_major_code": "monument", "heritage_type_major_ja": "記念物", "heritage_type_detail": "天然記念物", "classification_confidence": "medium", "entity_class": "point", "geometry_role": "representative_point", "source_location_role": "record_coordinate", "spatial_match_status": "point_unmatched", "complex_id": "13101-HG00025", "complex_name": "常盤橋門跡", "complex_grouping_method": "address", "reason": "record_not_in_building", "item_count": 1, "attached_items_json": "", "source_municipality_gpkg": "13101_heritage.gpkg" }, "geometry": { "type": "Point", "coordinates": [ 139.77018428, 35.68602045 ] } },
{ "type": "Feature", "properties": { "municipality_code": "13102", "municipality_name": "中央区", "point_id": "record:93", "point_kind": "cultural_record", "record_id": "93", "record_ids": "93", "name": "一石橋迷子しらせ石標", "names": "一石橋迷子しらせ石標", "place_name": "", "address_detail": "", "address": "東京都中央区八重洲1-11先", "category": "都指定文化財", "type": "歴史資料", "designation_level_code": "prefectural", "designation_level_ja": "都", "designation_status_code": "designated", "designation_status_ja": "指定", "heritage_type_major_code": "tangible", "heritage_type_major_ja": "有形文化財", "heritage_type_detail": "歴史資料", "classification_confidence": "high", "entity_class": "point", "geometry_role": "representative_point", "source_location_role": "record_coordinate", "spatial_match_status": "point_unmatched", "complex_id": "13102-HG00001", "complex_name": "東京都(建設局)", "complex_grouping_method": "owner_address", "reason": "record_not_in_building", "item_count": 1, "attached_items_json": "", "source_municipality_gpkg": "13102_heritage.gpkg" }, "geometry": { "type": "Point", "coordinates": [ 139.77088, 35.683948 ] } },
{ "type": "Feature", "properties": { "municipality_code": "13102", "municipality_name": "中央区", "point_id": "record:131024000000.0", "point_kind": "cultural_record", "record_id": "131024000000.0", "record_ids": "131024000000.0", "name": "南高橋", "names": "南高橋", "place_name": "", "address_detail": "", "address": "", "category": "区民有形文化財", "type": "建造物", "designation_level_code": "municipal", "designation_level_ja": "区市町村", "designation_status_code": "local_other", "designation_status_ja": "独自制度", "heritage_type_major_code": "tangible", "heritage_type_major_ja": "有形文化財", "heritage_type_detail": "未細分", "classification_confidence": "medium", "entity_class": "building_direct", "geometry_role": "building_candidate_point", "source_location_role": "record_coordinate", "spatial_match_status": "point_unmatched", "complex_id": "13102-HG00008", "complex_name": "南高橋", "complex_grouping_method": "exact_point", "reason": "building_direct_unmatched", "item_count": 1, "attached_items_json": "", "source_municipality_gpkg": "13102_heritage.gpkg" }, "geometry": { "type": "Point", "coordinates": [ 139.779886, 35.676922 ] } },
{ "type": "Feature", "properties": { "municipality_code": "13102", "municipality_name": "中央区", "point_id": "record:131024000000.0", "point_kind": "cultural_record", "record_id": "131024000000.0", "record_ids": "131024000000.0", "name": "一石橋の親柱", "names": "一石橋の親柱", "place_name": "", "address_detail": "", "address": "", "category": "区民有形文化財", "type": "建造物", "designation_level_code": "municipal", "designation_level_ja": "区市町村", "designation_status_code": "local_other", "designation_status_ja": "独自制度", "heritage_type_major_code": "tangible", "heritage_type_major_ja": "有形文化財", "heritage_type_detail": "未細分", "classification_confidence": "medium", "entity_class": "building_direct", "geometry_role": "building_candidate_point", "source_location_role": "record_coordinate", "spatial_match_status": "point_unmatched", "complex_id": "13102-HG00017", "complex_name": "一石橋の親柱", "complex_grouping_method": "exact_point", "reason": "building_direct_unmatched", "item_count": 1, "attached_items_json": "", "source_municipality_gpkg": "13102_heritage.gpkg" }, "geometry": { "type": "Point", "coordinates": [ 139.770925, 35.684118 ] } },
{ "type": "Feature", "properties": { "municipality_code": "13102", "municipality_name": "中央区", "point_id": "record:131024000000.0", "point_kind": "cultural_record", "record_id": "131024000000.0", "record_ids": "131024000000.0", "name": "海幸橋の親柱 附 橋梁竣工図面", "names": "海幸橋の親柱 附 橋梁竣工図面", "place_name": "", "address_detail": "", "address": "", "category": "区民有形文化財", "type": "建造物", "designation_level_code": "municipal", "designation_level_ja": "区市町村", "designation_status_code": "local_other", "designation_status_ja": "独自制度", "heritage_type_major_code": "tangible", "heritage_type_major_ja": "有形文化財", "heritage_type_detail": "未細分", "classification_confidence": "medium", "entity_class": "building_direct", "geometry_role": "building_candidate_point", "source_location_role": "record_coordinate", "spatial_match_status": "point_unmatched", "complex_id": "13102-HG00018", "complex_name": "海幸橋の親柱 附 橋梁竣工図面", "complex_grouping_method": "exact_point", "reason": "building_direct_unmatched", "item_count": 1, "attached_items_json": "", "source_municipality_gpkg": "13102_heritage.gpkg" }, "geometry": { "type": "Point", "coordinates": [ 139.769171, 35.662395 ] } },
{ "type": "Feature", "properties": { "municipality_code": "13102", "municipality_name": "中央区", "point_id": "record:131024000000.0", "point_kind": "cultural_record", "record_id": "131024000000.0", "record_ids": "131024000000.0", "name": "末廣神社所蔵文書", "names": "末廣神社所蔵文書", "place_name": "", "address_detail": "", "address": "", "category": "区民有形文化財", "type": "古文書", "designation_level_code": "municipal", "designation_level_ja": "区市町村", "designation_status_code": "local_other", "designation_status_ja": "独自制度", "heritage_type_major_code": "tangible", "heritage_type_major_ja": "有形文化財", "heritage_type_detail": "未細分", "classification_confidence": "medium", "entity_class": "movable", "geometry_role": "representative_point", "source_location_role": "record_coordinate", "spatial_match_status": "point_unmatched", "complex_id": "13102-HG00026", "complex_name": "末廣神社所蔵文書", "complex_grouping_method": "exact_point", "reason": "record_not_in_building", "item_count": 1, "attached_items_json": "", "source_municipality_gpkg": "13102_heritage.gpkg" }, "geometry": { "type": "Point", "coordinates": [ 139.784064, 35.686829 ] } },
{ "type": "Feature", "properties": { "municipality_code": "13102", "municipality_name": "中央区", "point_id": "record:131024000000.0", "point_kind": "cultural_record", "record_id": "131024000000.0", "record_ids": "131024000000.0", "name": "一等水準点標石(交無号)", "names": "一等水準点標石(交無号)", "place_name": "", "address_detail": "", "address": "", "category": "区民有形文化財", "type": "歴史資料", "designation_level_code": "municipal", "designation_level_ja": "区市町村", "designation_status_code": "local_other", "designation_status_ja": "独自制度", "heritage_type_major_code": "tangible", "heritage_type_major_ja": "有形文化財", "heritage_type_detail": "未細分", "classification_confidence": "medium", "entity_class": "point", "geometry_role": "representative_point", "source_location_role": "record_coordinate", "spatial_match_status": "point_unmatched", "complex_id": "13102-HG00042", "complex_name": "一等水準点標石(交無号)", "complex_grouping_method": "exact_point", "reason": "record_not_in_building", "item_count": 1, "attached_items_json": "", "source_municipality_gpkg": "13102_heritage.gpkg" }, "geometry": { "type": "Point", "coordinates": [ 139.784409, 35.672888 ] } },
{ "type": "Feature", "properties": { "municipality_code": "13102", "municipality_name": "中央区", "point_id": "record:official_export_001:10", "point_kind": "cultural_record", "record_id": "official_export_001:10", "record_ids": "official_export_001:10", "name": "永代橋", "names": "永代橋", "place_name": "", "address_detail": "", "address": "東京都中央区新川、江東区佐賀", "category": "国宝・重要文化財(建造物)", "type": "建造物", "designation_level_code": "national", "designation_level_ja": "国", "designation_status_code": "designated", "designation_status_ja": "指定", "heritage_type_major_code": "tangible", "heritage_type_major_ja": "有形文化財", "heritage_type_detail": "建造物", "classification_confidence": "medium", "entity_class": "building_direct", "geometry_role": "building_candidate_point", "source_location_role": "record_coordinate", "spatial_match_status": "point_unmatched", "complex_id": "13102-HG00058", "complex_name": "永代橋", "complex_grouping_method": "address", "reason": "building_direct_unmatched", "item_count": 1, "attached_items_json": "", "source_municipality_gpkg": "13102_heritage.gpkg" }, "geometry": { "type": "Point", "coordinates": [ 139.787536030000012, 35.67629726 ] } },
{ "type": "Feature", "properties": { "municipality_code": "13102", "municipality_name": "中央区", "point_id": "record:official_export_001:20", "point_kind": "cultural_record", "record_id": "official_export_001:20", "record_ids": "official_export_001:20", "name": "勝鬨橋", "names": "勝鬨橋", "place_name": "", "address_detail": "", "address": "東京都中央区築地、勝どき", "category": "国宝・重要文化財(建造物)", "type": "建造物", "designation_level_code": "national", "designation_level_ja": "国", "designation_status_code": "designated", "designation_status_ja": "指定", "heritage_type_major_code": "tangible", "heritage_type_major_ja": "有形文化財", "heritage_type_detail": "建造物", "classification_confidence": "medium", "entity_class": "building_direct", "geometry_role": "building_candidate_point", "source_location_role": "record_coordinate", "spatial_match_status": "point_unmatched", "complex_id": "13102-HG00059", "complex_name": "勝鬨橋", "complex_grouping_method": "address", "reason": "building_direct_unmatched", "item_count": 1, "attached_items_json": "", "source_municipality_gpkg": "13102_heritage.gpkg" }, "geometry": { "type": "Point", "coordinates": [ 139.77491824, 35.66223484 ] } },
{ "type": "Feature", "properties": { "municipality_code": "13102", "municipality_name": "中央区", "point_id": "record:official_export_001:53", "point_kind": "cultural_record", "record_id": "official_export_001:53", "record_ids": "official_export_001:53", "name": "清洲橋", "names": "清洲橋", "place_name": "", "address_detail": "", "address": "東京都中央区日本橋中洲、江東区清澄", "category": "国宝・重要文化財(建造物)", "type": "建造物", "designation_level_code": "national", "designation_level_ja": "国", "designation_status_code": "designated", "designation_status_ja": "指定", "heritage_type_major_code": "tangible", "heritage_type_major_ja": "有形文化財", "heritage_type_detail": "建造物", "classification_confidence": "medium", "entity_class": "building_direct", "geometry_role": "building_candidate_point", "source_location_role": "record_coordinate", "spatial_match_status": "point_unmatched", "complex_id": "13102-HG00060", "complex_name": "清洲橋", "complex_grouping_method": "address", "reason": "building_direct_unmatched", "item_count": 1, "attached_items_json": "", "source_municipality_gpkg": "13102_heritage.gpkg" }, "geometry": { "type": "Point", "coordinates": [ 139.79188213, 35.68242422 ] } },
{ "type": "Feature", "properties": { "municipality_code": "13102", "municipality_name": "中央区", "point_id": "record:official_export_001:113", "point_kind": "cultural_record", "record_id": "official_export_001:113", "record_ids": "official_export_001:113", "name": "日本橋", "names": "日本橋", "place_name": "", "address_detail": "", "address": "東京都中央区日本橋一丁目・日本橋室町一丁目間", "category": "国宝・重要文化財(建造物)", "type": "建造物", "designation_level_code": "national", "designation_level_ja": "国", "designation_status_code": "designated", "designation_status_ja": "指定", "heritage_type_major_code": "tangible", "heritage_type_major_ja": "有形文化財", "heritage_type_detail": "建造物", "classification_confidence": "medium", "entity_class": "building_direct", "geometry_role": "building_candidate_point", "source_location_role": "record_coordinate", "spatial_match_status": "point_unmatched", "complex_id": "13102-HG00064", "complex_name": "日本橋", "complex_grouping_method": "address", "reason": "building_direct_unmatched", "item_count": 1, "attached_items_json": "", "source_municipality_gpkg": "13102_heritage.gpkg" }, "geometry": { "type": "Point", "coordinates": [ 139.77449285, 35.684057 ] } },
{ "type": "Feature", "properties": { "municipality_code": "13102", "municipality_name": "中央区", "point_id": "record:official_export_001:138", "point_kind": "cultural_record", "record_id": "official_export_001:138", "record_ids": "official_export_001:138", "name": "三井本館", "names": "三井本館", "place_name": "", "address_detail": "", "address": "東京都中央区日本橋室町二丁目1番1号", "category": "国宝・重要文化財(建造物)", "type": "建造物", "designation_level_code": "national", "designation_level_ja": "国", "designation_status_code": "designated", "designation_status_ja": "指定", "heritage_type_major_code": "tangible", "heritage_type_major_ja": "有形文化財", "heritage_type_detail": "建造物", "classification_confidence": "medium", "entity_class": "building_direct", "geometry_role": "building_candidate_point", "source_location_role": "record_coordinate", "spatial_match_status": "point_unmatched", "complex_id": "13102-HG00065", "complex_name": "三井本館", "complex_grouping_method": "address", "reason": "building_direct_unmatched", "item_count": 1, "attached_items_json": "", "source_municipality_gpkg": "13102_heritage.gpkg" }, "geometry": { "type": "Point", "coordinates": [ 139.73348611, 35.67512778 ] } },
{ "type": "Feature", "properties": { "municipality_code": "13102", "municipality_name": "中央区", "point_id": "record:official_export_003:20", "point_kind": "cultural_record", "record_id": "official_export_003:20", "record_ids": "official_export_003:20", "name": "旧浜離宮庭園", "names": "旧浜離宮庭園", "place_name": "", "address_detail": "", "address": "中央区浜離宮庭園", "category": "史跡名勝天然記念物", "type": "天然記念物", "designation_level_code": "national", "designation_level_ja": "国", "designation_status_code": "designated", "designation_status_ja": "指定", "heritage_type_major_code": "monument", "heritage_type_major_ja": "記念物", "heritage_type_detail": "天然記念物", "classification_confidence": "medium", "entity_class": "point", "geometry_role": "representative_point", "source_location_role": "record_coordinate", "spatial_match_status": "point_unmatched", "complex_id": "13102-HG00079", "complex_name": "旧浜離宮庭園", "complex_grouping_method": "address", "reason": "record_not_in_building", "item_count": 1, "attached_items_json": "", "source_municipality_gpkg": "13102_heritage.gpkg" }, "geometry": { "type": "Point", "coordinates": [ 139.76335008, 35.65989173 ] } },
{ "type": "Feature", "properties": { "municipality_code": "13103", "municipality_name": "港区", "point_id": "record:official_export_001:98", "point_kind": "cultural_record", "record_id": "official_export_001:98", "record_ids": "official_export_001:98", "name": "旧台徳院霊廟惣門", "names": "旧台徳院霊廟惣門", "place_name": "", "address_detail": "", "address": "東京都港区芝公園四丁目8番2号", "category": "国宝・重要文化財(建造物)", "type": "建造物", "designation_level_code": "national", "designation_level_ja": "国", "designation_status_code": "designated", "designation_status_ja": "指定", "heritage_type_major_code": "tangible", "heritage_type_major_ja": "有形文化財", "heritage_type_detail": "建造物", "classification_confidence": "medium", "entity_class": "building_direct", "geometry_role": "building_candidate_point", "source_location_role": "record_coordinate", "spatial_match_status": "point_unmatched", "complex_id": "13103-HG00007", "complex_name": "旧台徳院霊廟惣門", "complex_grouping_method": "address", "reason": "building_direct_unmatched", "item_count": 1, "attached_items_json": "", "source_municipality_gpkg": "13103_heritage.gpkg" }, "geometry": { "type": "Point", "coordinates": [ 139.749838149999988, 35.65613406 ] } },
{ "type": "Feature", "properties": { "municipality_code": "13103", "municipality_name": "港区", "point_id": "record:official_export_001:127", "point_kind": "cultural_record", "record_id": "official_export_001:127", "record_ids": "official_export_001:127", "name": "武家屋敷門", "names": "武家屋敷門", "place_name": "", "address_detail": "", "address": "東京都港区赤坂四丁目10番36号", "category": "国宝・重要文化財(建造物)", "type": "建造物", "designation_level_code": "national", "designation_level_ja": "国", "designation_status_code": "designated", "designation_status_ja": "指定", "heritage_type_major_code": "tangible", "heritage_type_major_ja": "有形文化財", "heritage_type_detail": "建造物", "classification_confidence": "medium", "entity_class": "building_direct", "geometry_role": "building_candidate_point", "source_location_role": "record_coordinate", "spatial_match_status": "point_unmatched", "complex_id": "13103-HG00009", "complex_name": "武家屋敷門", "complex_grouping_method": "address", "reason": "building_direct_unmatched", "item_count": 1, "attached_items_json": "", "source_municipality_gpkg": "13103_heritage.gpkg" }, "geometry": { "type": "Point", "coordinates": [ 139.73348611, 35.67512778 ] } },
{ "type": "Feature", "properties": { "municipality_code": "13103", "municipality_name": "港区", "point_id": "record:official_export_002:267", "point_kind": "cultural_record", "record_id": "official_export_002:267", "record_ids": "official_export_002:267", "name": "心光院表門", "names": "心光院表門", "place_name": "", "address_detail": "", "address": "東京都港区東麻布1-1-5", "category": "登録有形文化財(建造物)", "type": "建造物", "designation_level_code": "national", "designation_level_ja": "国", "designation_status_code": "registered", "designation_status_ja": "登録", "heritage_type_major_code": "tangible", "heritage_type_major_ja": "有形文化財", "heritage_type_detail": "建造物", "classification_confidence": "medium", "entity_class": "building_direct", "geometry_role": "building_candidate_point", "source_location_role": "record_coordinate", "spatial_match_status": "point_unmatched", "complex_id": "13103-HG00020", "complex_name": "心光院表門", "complex_grouping_method": "address", "reason": "building_direct_unmatched", "item_count": 1, "attached_items_json": "", "source_municipality_gpkg": "13103_heritage.gpkg" }, "geometry": { "type": "Point", "coordinates": [ 139.744382159999986, 35.65802985 ] } },
{ "type": "Feature", "properties": { "municipality_code": "13103", "municipality_name": "港区", "point_id": "record:official_export_003:11", "point_kind": "cultural_record", "record_id": "official_export_003:11", "record_ids": "official_export_003:11", "name": "荻生徂徠墓", "names": "荻生徂徠墓", "place_name": "", "address_detail": "", "address": "港区三田四丁目", "category": "史跡名勝天然記念物", "type": "天然記念物", "designation_level_code": "national", "designation_level_ja": "国", "designation_status_code": "designated", "designation_status_ja": "指定", "heritage_type_major_code": "monument", "heritage_type_major_ja": "記念物", "heritage_type_detail": "天然記念物", "classification_confidence": "medium", "entity_class": "point", "geometry_role": "representative_point", "source_location_role": "record_coordinate", "spatial_match_status": "point_unmatched", "complex_id": "13103-HG00029", "complex_name": "荻生徂徠墓", "complex_grouping_method": "address", "reason": "record_not_in_building", "item_count": 1, "attached_items_json": "", "source_municipality_gpkg": "13103_heritage.gpkg" }, "geometry": { "type": "Point", "coordinates": [ 139.73760848, 35.64413994 ] } },
{ "type": "Feature", "properties": { "municipality_code": "13103", "municipality_name": "港区", "point_id": "record:official_export_003:17", "point_kind": "cultural_record", "record_id": "official_export_003:17", "record_ids": "official_export_003:17", "name": "旧芝離宮庭園", "names": "旧芝離宮庭園", "place_name": "", "address_detail": "", "address": "港区海岸一丁目", "category": "史跡名勝天然記念物", "type": "天然記念物", "designation_level_code": "national", "designation_level_ja": "国", "designation_status_code": "designated", "designation_status_ja": "指定", "heritage_type_major_code": "monument", "heritage_type_major_ja": "記念物", "heritage_type_detail": "天然記念物", "classification_confidence": "medium", "entity_class": "point", "geometry_role": "representative_point", "source_location_role": "record_coordinate", "spatial_match_status": "point_unmatched", "complex_id": "13103-HG00030", "complex_name": "旧芝離宮庭園", "complex_grouping_method": "address", "reason": "record_not_in_building", "item_count": 1, "attached_items_json": "", "source_municipality_gpkg": "13103_heritage.gpkg" }, "geometry": { "type": "Point", "coordinates": [ 139.75863336, 35.65486497 ] } },
{ "type": "Feature", "properties": { "municipality_code": "13103", "municipality_name": "港区", "point_id": "record:official_export_003:29", "point_kind": "cultural_record", "record_id": "official_export_003:29", "record_ids": "official_export_003:29", "name": "佐藤一斎墓", "names": "佐藤一斎墓", "place_name": "", "address_detail": "", "address": "港区六本木七丁目", "category": "史跡名勝天然記念物", "type": "天然記念物", "designation_level_code": "national", "designation_level_ja": "国", "designation_status_code": "designated", "designation_status_ja": "指定", "heritage_type_major_code": "monument", "heritage_type_major_ja": "記念物", "heritage_type_detail": "天然記念物", "classification_confidence": "medium", "entity_class": "point", "geometry_role": "representative_point", "source_location_role": "record_coordinate", "spatial_match_status": "point_unmatched", "complex_id": "13103-HG00032", "complex_name": "佐藤一斎墓", "complex_grouping_method": "address", "reason": "record_not_in_building", "item_count": 1, "attached_items_json": "", "source_municipality_gpkg": "13103_heritage.gpkg" }, "geometry": { "type": "Point", "coordinates": [ 139.73140572, 35.6635819 ] } },
{ "type": "Feature", "properties": { "municipality_code": "13103", "municipality_name": "港区", "point_id": "record:official_export_003:33", "point_kind": "cultural_record", "record_id": "official_export_003:33", "record_ids": "official_export_003:33", "name": "品川台場", "names": "品川台場", "place_name": "", "address_detail": "", "address": "港区台場一丁目", "category": "史跡名勝天然記念物", "type": "天然記念物", "designation_level_code": "national", "designation_level_ja": "国", "designation_status_code": "designated", "designation_status_ja": "指定", "heritage_type_major_code": "monument", "heritage_type_major_ja": "記念物", "heritage_type_detail": "天然記念物", "classification_confidence": "medium", "entity_class": "point", "geometry_role": "representative_point", "source_location_role": "record_coordinate", "spatial_match_status": "point_unmatched", "complex_id": "13103-HG00033", "complex_name": "品川台場", "complex_grouping_method": "address", "reason": "record_not_in_building", "item_count": 1, "attached_items_json": "", "source_municipality_gpkg": "13103_heritage.gpkg" }, "geometry": { "type": "Point", "coordinates": [ 139.77203863, 35.63354826 ] } },
{ "type": "Feature", "properties": { "municipality_code": "13103", "municipality_name": "港区", "point_id": "record:official_export_003:38", "point_kind": "cultural_record", "record_id": "official_export_003:38", "record_ids": "official_export_003:38", "name": "善福寺のイチョウ", "names": "善福寺のイチョウ", "place_name": "", "address_detail": "", "address": "港区元麻布一丁目", "category": "史跡名勝天然記念物", "type": "天然記念物", "designation_level_code": "national", "designation_level_ja": "国", "designation_status_code": "designated", "designation_status_ja": "指定", "heritage_type_major_code": "monument", "heritage_type_major_ja": "記念物", "heritage_type_detail": "天然記念物", "classification_confidence": "medium", "entity_class": "point", "geometry_role": "representative_point", "source_location_role": "record_coordinate", "spatial_match_status": "point_unmatched", "complex_id": "13103-HG00034", "complex_name": "善福寺のイチョウ", "complex_grouping_method": "address", "reason": "record_not_in_building", "item_count": 1, "attached_items_json": "", "source_municipality_gpkg": "13103_heritage.gpkg" }, "geometry": { "type": "Point", "coordinates": [ 139.73325, 35.65325 ] } },
{ "type": "Feature", "properties": { "municipality_code": "13104", "municipality_name": "新宿区", "point_id": "record:13104:17", "point_kind": "cultural_record", "record_id": "13104:17", "record_ids": "13104:17", "name": "善国寺の毘沙門天像", "names": "善国寺の毘沙門天像", "place_name": "", "address_detail": "", "address": "東京都新宿区神楽坂五丁目36", "category": "", "type": "", "designation_level_code": "unknown", "designation_level_ja": "不明", "designation_status_code": "unknown", "designation_status_ja": "不明", "heritage_type_major_code": "unknown", "heritage_type_major_ja": "未判定", "heritage_type_detail": "", "classification_confidence": "low", "entity_class": "point", "geometry_role": "representative_point", "source_location_role": "record_coordinate", "spatial_match_status": "point_unmatched", "complex_id": "13104-HG00018", "complex_name": "善国寺の毘沙門天像", "complex_grouping_method": "address", "reason": "record_not_in_building", "item_count": 1, "attached_items_json": "", "source_municipality_gpkg": "13104_heritage.gpkg" }, "geometry": { "type": "Point", "coordinates": [ 139.73917, 35.70146 ] } },
{ "type": "Feature", "properties": { "municipality_code": "13104", "municipality_name": "新宿区", "point_id": "record:13104:18", "point_kind": "cultural_record", "record_id": "13104:18", "record_ids": "13104:18", "name": "経王寺の大黒天像", "names": "経王寺の大黒天像", "place_name": "", "address_detail": "", "address": "東京都新宿区原町一丁目14", "category": "", "type": "", "designation_level_code": "unknown", "designation_level_ja": "不明", "designation_status_code": "unknown", "designation_status_ja": "不明", "heritage_type_major_code": "unknown", "heritage_type_major_ja": "未判定", "heritage_type_detail": "", "classification_confidence": "low", "entity_class": "point", "geometry_role": "representative_point", "source_location_role": "record_coordinate", "spatial_match_status": "point_unmatched", "complex_id": "13104-HG00019", "complex_name": "経王寺の大黒天像", "complex_grouping_method": "address", "reason": "record_not_in_building", "item_count": 1, "attached_items_json": "", "source_municipality_gpkg": "13104_heritage.gpkg" }, "geometry": { "type": "Point", "coordinates": [ 139.72548, 35.69906 ] } },
{ "type": "Feature", "properties": { "municipality_code": "13104", "municipality_name": "新宿区", "point_id": "record:13104:19", "point_kind": "cultural_record", "record_id": "13104:19", "record_ids": "13104:19", "name": "法善寺の七面明神像", "names": "法善寺の七面明神像", "place_name": "", "address_detail": "", "address": "東京都新宿区新宿六丁目20-6", "category": "", "type": "", "designation_level_code": "unknown", "designation_level_ja": "不明", "designation_status_code": "unknown", "designation_status_ja": "不明", "heritage_type_major_code": "unknown", "heritage_type_major_ja": "未判定", "heritage_type_detail": "", "classification_confidence": "low", "entity_class": "point", "geometry_role": "representative_point", "source_location_role": "record_coordinate", "spatial_match_status": "point_unmatched", "complex_id": "13104-HG00020", "complex_name": "法善寺の七面明神像", "complex_grouping_method": "address", "reason": "record_not_in_building", "item_count": 1, "attached_items_json": "", "source_municipality_gpkg": "13104_heritage.gpkg" }, "geometry": { "type": "Point", "coordinates": [ 139.71193, 35.69754 ] } },
{ "type": "Feature", "properties": { "municipality_code": "13104", "municipality_name": "新宿区", "point_id": "record:13104:21", "point_kind": "cultural_record", "record_id": "13104:21", "record_ids": "13104:21", "name": "須賀神社の三十六歌仙絵", "names": "須賀神社の三十六歌仙絵", "place_name": "", "address_detail": "", "address": "東京都新宿区須賀町5-6", "category": "", "type": "", "designation_level_code": "unknown", "designation_level_ja": "不明", "designation_status_code": "unknown", "designation_status_ja": "不明", "heritage_type_major_code": "unknown", "heritage_type_major_ja": "未判定", "heritage_type_detail": "", "classification_confidence": "low", "entity_class": "point", "geometry_role": "representative_point", "source_location_role": "record_coordinate", "spatial_match_status": "point_unmatched", "complex_id": "13104-HG00022", "complex_name": "須賀神社の三十六歌仙絵", "complex_grouping_method": "address", "reason": "record_not_in_building", "item_count": 1, "attached_items_json": "", "source_municipality_gpkg": "13104_heritage.gpkg" }, "geometry": { "type": "Point", "coordinates": [ 139.72229, 35.68541 ] } },
{ "type": "Feature", "properties": { "municipality_code": "13104", "municipality_name": "新宿区", "point_id": "record:13104:22", "point_kind": "cultural_record", "record_id": "13104:22", "record_ids": "13104:22", "name": "馬水槽", "names": "馬水槽", "place_name": "", "address_detail": "", "address": "東京都新宿区新宿三丁目38", "category": "", "type": "", "designation_level_code": "unknown", "designation_level_ja": "不明", "designation_status_code": "unknown", "designation_status_ja": "不明", "heritage_type_major_code": "unknown", "heritage_type_major_ja": "未判定", "heritage_type_detail": "", "classification_confidence": "low", "entity_class": "point", "geometry_role": "representative_point", "source_location_role": "record_coordinate", "spatial_match_status": "point_unmatched", "complex_id": "13104-HG00023", "complex_name": "馬水槽", "complex_grouping_method": "address", "reason": "record_not_in_building", "item_count": 1, "attached_items_json": "", "source_municipality_gpkg": "13104_heritage.gpkg" }, "geometry": { "type": "Point", "coordinates": [ 139.70121, 35.69209 ] } },
{ "type": "Feature", "properties": { "municipality_code": "13104", "municipality_name": "新宿区", "point_id": "record:13104:32", "point_kind": "cultural_record", "record_id": "13104:32", "record_ids": "13104:32", "name": "木造阿弥陀如来立像", "names": "木造阿弥陀如来立像", "place_name": "", "address_detail": "", "address": "東京都新宿区早稲田町77", "category": "", "type": "", "designation_level_code": "unknown", "designation_level_ja": "不明", "designation_status_code": "unknown", "designation_status_ja": "不明", "heritage_type_major_code": "unknown", "heritage_type_major_ja": "未判定", "heritage_type_detail": "", "classification_confidence": "low", "entity_class": "point", "geometry_role": "representative_point", "source_location_role": "record_coordinate", "spatial_match_status": "point_unmatched", "complex_id": "13104-HG00029", "complex_name": "木造阿弥陀如来立像", "complex_grouping_method": "address", "reason": "record_not_in_building", "item_count": 1, "attached_items_json": "", "source_municipality_gpkg": "13104_heritage.gpkg" }, "geometry": { "type": "Point", "coordinates": [ 139.72383, 35.70577 ] } },
{ "type": "Feature", "properties": { "municipality_code": "13104", "municipality_name": "新宿区", "point_id": "record:13104:54", "point_kind": "cultural_record", "record_id": "13104:54", "record_ids": "13104:54", "name": "浄栄寺の梵鐘", "names": "浄栄寺の梵鐘", "place_name": "", "address_detail": "", "address": "東京都新宿区市谷薬王寺27", "category": "", "type": "", "designation_level_code": "unknown", "designation_level_ja": "不明", "designation_status_code": "unknown", "designation_status_ja": "不明", "heritage_type_major_code": "unknown", "heritage_type_major_ja": "未判定", "heritage_type_detail": "", "classification_confidence": "low", "entity_class": "point", "geometry_role": "representative_point", "source_location_role": "record_coordinate", "spatial_match_status": "point_unmatched", "complex_id": "13104-HG00038", "complex_name": "浄栄寺の梵鐘", "complex_grouping_method": "address", "reason": "record_not_in_building", "item_count": 1, "attached_items_json": "", "source_municipality_gpkg": "13104_heritage.gpkg" }, "geometry": { "type": "Point", "coordinates": [ 139.72646, 35.69703 ] } },
{ "type": "Feature", "properties": { "municipality_code": "13104", "municipality_name": "新宿区", "point_id": "record:13104:61", "point_kind": "cultural_record", "record_id": "13104:61", "record_ids": "13104:61", "name": "長安寺の六地蔵塔", "names": "長安寺の六地蔵塔", "place_name": "", "address_detail": "", "address": "東京都新宿区信濃町2-8", "category": "", "type": "", "designation_level_code": "unknown", "designation_level_ja": "不明", "designation_status_code": "unknown", "designation_status_ja": "不明", "heritage_type_major_code": "unknown", "heritage_type_major_ja": "未判定", "heritage_type_detail": "", "classification_confidence": "low", "entity_class": "point", "geometry_role": "representative_point", "source_location_role": "record_coordinate", "spatial_match_status": "point_unmatched", "complex_id": "13104-HG00044", "complex_name": "長安寺の六地蔵塔", "complex_grouping_method": "address", "reason": "record_not_in_building", "item_count": 1, "attached_items_json": "", "source_municipality_gpkg": "13104_heritage.gpkg" }, "geometry": { "type": "Point", "coordinates": [ 139.719262, 35.684431 ] } },
{ "type": "Feature", "properties": { "municipality_code": "13104", "municipality_name": "新宿区", "point_id": "record:13104:81", "point_kind": "cultural_record", "record_id": "13104:81", "record_ids": "13104:81", "name": "堀部武庸加功遺跡之碑", "names": "堀部武庸加功遺跡之碑", "place_name": "", "address_detail": "", "address": "東京都新宿区西早稲田三丁目5-43", "category": "", "type": "", "designation_level_code": "unknown", "designation_level_ja": "不明", "designation_status_code": "unknown", "designation_status_ja": "不明", "heritage_type_major_code": "unknown", "heritage_type_major_ja": "未判定", "heritage_type_detail": "", "classification_confidence": "low", "entity_class": "point", "geometry_role": "representative_point", "source_location_role": "record_coordinate", "spatial_match_status": "point_unmatched", "complex_id": "13104-HG00051", "complex_name": "堀部武庸加功遺跡之碑", "complex_grouping_method": "address", "reason": "record_not_in_building", "item_count": 1, "attached_items_json": "", "source_municipality_gpkg": "13104_heritage.gpkg" }, "geometry": { "type": "Point", "coordinates": [ 139.716693, 35.710907 ] } },
{ "type": "Feature", "properties": { "municipality_code": "13104", "municipality_name": "新宿区", "point_id": "record:13104:86", "point_kind": "cultural_record", "record_id": "13104:86", "record_ids": "13104:86", "name": "駿馬塚の碑", "names": "駿馬塚の碑", "place_name": "", "address_detail": "", "address": "東京都新宿区内藤町1", "category": "", "type": "", "designation_level_code": "unknown", "designation_level_ja": "不明", "designation_status_code": "unknown", "designation_status_ja": "不明", "heritage_type_major_code": "unknown", "heritage_type_major_ja": "未判定", "heritage_type_detail": "", "classification_confidence": "low", "entity_class": "point", "geometry_role": "representative_point", "source_location_role": "record_coordinate", "spatial_match_status": "point_unmatched", "complex_id": "13104-HG00053", "complex_name": "駿馬塚の碑", "complex_grouping_method": "address", "reason": "record_not_in_building", "item_count": 1, "attached_items_json": "", "source_municipality_gpkg": "13104_heritage.gpkg" }, "geometry": { "type": "Point", "coordinates": [ 139.7124, 35.68496 ] } },
{ "type": "Feature", "properties": { "municipality_code": "13104", "municipality_name": "新宿区", "point_id": "record:13104:87", "point_kind": "cultural_record", "record_id": "13104:87", "record_ids": "13104:87", "name": "月桂寺の切支丹灯籠", "names": "月桂寺の切支丹灯籠", "place_name": "", "address_detail": "", "address": "東京都新宿区河田町2-5", "category": "", "type": "", "designation_level_code": "unknown", "designation_level_ja": "不明", "designation_status_code": "unknown", "designation_status_ja": "不明", "heritage_type_major_code": "unknown", "heritage_type_major_ja": "未判定", "heritage_type_detail": "", "classification_confidence": "low", "entity_class": "point", "geometry_role": "representative_point", "source_location_role": "record_coordinate", "spatial_match_status": "point_unmatched", "complex_id": "13104-HG00054", "complex_name": "月桂寺の切支丹灯籠", "complex_grouping_method": "address", "reason": "record_not_in_building", "item_count": 1, "attached_items_json": "", "source_municipality_gpkg": "13104_heritage.gpkg" }, "geometry": { "type": "Point", "coordinates": [ 139.72238, 35.69704 ] } },
{ "type": "Feature", "properties": { "municipality_code": "13104", "municipality_name": "新宿区", "point_id": "record:13104:94", "point_kind": "cultural_record", "record_id": "13104:94", "record_ids": "13104:94", "name": "来迎寺の庚申塔", "names": "来迎寺の庚申塔", "place_name": "", "address_detail": "", "address": "東京都新宿区喜久井町46", "category": "", "type": "", "designation_level_code": "unknown", "designation_level_ja": "不明", "designation_status_code": "unknown", "designation_status_ja": "不明", "heritage_type_major_code": "unknown", "heritage_type_major_ja": "未判定", "heritage_type_detail": "", "classification_confidence": "low", "entity_class": "point", "geometry_role": "representative_point", "source_location_role": "record_coordinate", "spatial_match_status": "point_unmatched", "complex_id": "13104-HG00057", "complex_name": "来迎寺の庚申塔", "complex_grouping_method": "address", "reason": "record_not_in_building", "item_count": 1, "attached_items_json": "", "source_municipality_gpkg": "13104_heritage.gpkg" }, "geometry": { "type": "Point", "coordinates": [ 139.72015, 35.70439 ] } },
{ "type": "Feature", "properties": { "municipality_code": "13104", "municipality_name": "新宿区", "point_id": "record:13104:109", "point_kind": "cultural_record", "record_id": "13104:109", "record_ids": "13104:109", "name": "善国寺の石虎", "names": "善国寺の石虎", "place_name": "", "address_detail": "", "address": "東京都新宿区神楽坂5-36", "category": "", "type": "", "designation_level_code": "unknown", "designation_level_ja": "不明", "designation_status_code": "unknown", "designation_status_ja": "不明", "heritage_type_major_code": "unknown", "heritage_type_major_ja": "未判定", "heritage_type_detail": "", "classification_confidence": "low", "entity_class": "point", "geometry_role": "representative_point", "source_location_role": "record_coordinate", "spatial_match_status": "point_unmatched", "complex_id": "13104-HG00062", "complex_name": "善国寺の石虎", "complex_grouping_method": "address", "reason": "record_not_in_building", "item_count": 1, "attached_items_json": "", "source_municipality_gpkg": "13104_heritage.gpkg" }, "geometry": { "type": "Point", "coordinates": [ 139.73917, 35.70146 ] } },
{ "type": "Feature", "properties": { "municipality_code": "13104", "municipality_name": "新宿区", "point_id": "record:13104:113", "point_kind": "cultural_record", "record_id": "13104:113", "record_ids": "13104:113", "name": "塞神三柱の塔", "names": "塞神三柱の塔", "place_name": "", "address_detail": "", "address": "東京都新宿区高田馬場一丁目12-6", "category": "", "type": "", "designation_level_code": "unknown", "designation_level_ja": "不明", "designation_status_code": "unknown", "designation_status_ja": "不明", "heritage_type_major_code": "unknown", "heritage_type_major_ja": "未判定", "heritage_type_detail": "", "classification_confidence": "low", "entity_class": "point", "geometry_role": "representative_point", "source_location_role": "record_coordinate", "spatial_match_status": "point_unmatched", "complex_id": "13104-HG00063", "complex_name": "塞神三柱の塔", "complex_grouping_method": "address", "reason": "record_not_in_building", "item_count": 1, "attached_items_json": "", "source_municipality_gpkg": "13104_heritage.gpkg" }, "geometry": { "type": "Point", "coordinates": [ 139.70752, 35.70904 ] } },
{ "type": "Feature", "properties": { "municipality_code": "13104", "municipality_name": "新宿区", "point_id": "record:13104:115", "point_kind": "cultural_record", "record_id": "13104:115", "record_ids": "13104:115", "name": "慈雲山観音寺の庚申塔", "names": "慈雲山観音寺の庚申塔", "place_name": "", "address_detail": "", "address": "東京都新宿区西早稲田一丁目7-1", "category": "", "type": "", "designation_level_code": "unknown", "designation_level_ja": "不明", "designation_status_code": "unknown", "designation_status_ja": "不明", "heritage_type_major_code": "unknown", "heritage_type_major_ja": "未判定", "heritage_type_detail": "", "classification_confidence": "low", "entity_class": "point", "geometry_role": "representative_point", "source_location_role": "record_coordinate", "spatial_match_status": "point_unmatched", "complex_id": "13104-HG00065", "complex_name": "慈雲山観音寺の庚申塔", "complex_grouping_method": "address", "reason": "record_not_in_building", "item_count": 1, "attached_items_json": "", "source_municipality_gpkg": "13104_heritage.gpkg" }, "geometry": { "type": "Point", "coordinates": [ 139.719996, 35.709859 ] } },
{ "type": "Feature", "properties": { "municipality_code": "13104", "municipality_name": "新宿区", "point_id": "record:13104:116", "point_kind": "cultural_record", "record_id": "13104:116", "record_ids": "13104:116", "name": "下落合二丁目の庚申塔", "names": "下落合二丁目の庚申塔", "place_name": "", "address_detail": "", "address": "東京都新宿区下落合二丁目8-2", "category": "", "type": "", "designation_level_code": "unknown", "designation_level_ja": "不明", "designation_status_code": "unknown", "designation_status_ja": "不明", "heritage_type_major_code": "unknown", "heritage_type_major_ja": "未判定", "heritage_type_detail": "", "classification_confidence": "low", "entity_class": "point", "geometry_role": "representative_point", "source_location_role": "record_coordinate", "spatial_match_status": "point_unmatched", "complex_id": "13104-HG00066", "complex_name": "下落合二丁目の庚申塔", "complex_grouping_method": "address", "reason": "record_not_in_building", "item_count": 1, "attached_items_json": "", "source_municipality_gpkg": "13104_heritage.gpkg" }, "geometry": { "type": "Point", "coordinates": [ 139.699656, 35.716976 ] } },
{ "type": "Feature", "properties": { "municipality_code": "13104", "municipality_name": "新宿区", "point_id": "record:13104:117", "point_kind": "cultural_record", "record_id": "13104:117", "record_ids": "13104:117", "name": "旧源兵衛村の庚申塔", "names": "旧源兵衛村の庚申塔", "place_name": "", "address_detail": "", "address": "東京都新宿区西早稲田三丁目24", "category": "", "type": "", "designation_level_code": "unknown", "designation_level_ja": "不明", "designation_status_code": "unknown", "designation_status_ja": "不明", "heritage_type_major_code": "unknown", "heritage_type_major_ja": "未判定", "heritage_type_detail": "", "classification_confidence": "low", "entity_class": "point", "geometry_role": "representative_point", "source_location_role": "record_coordinate", "spatial_match_status": "point_unmatched", "complex_id": "13104-HG00067", "complex_name": "旧源兵衛村の庚申塔", "complex_grouping_method": "address", "reason": "record_not_in_building", "item_count": 1, "attached_items_json": "", "source_municipality_gpkg": "13104_heritage.gpkg" }, "geometry": { "type": "Point", "coordinates": [ 139.712247, 35.713584 ] } },
{ "type": "Feature", "properties": { "municipality_code": "13104", "municipality_name": "新宿区", "point_id": "record:13104:126", "point_kind": "cultural_record", "record_id": "13104:126", "record_ids": "13104:126", "name": "上落合餅つき唄", "names": "上落合餅つき唄", "place_name": "", "address_detail": "", "address": "東京都新宿区上落合一丁目26-19(月見岡八幡神社)", "category": "", "type": "", "designation_level_code": "unknown", "designation_level_ja": "不明", "designation_status_code": "unknown", "designation_status_ja": "不明", "heritage_type_major_code": "unknown", "heritage_type_major_ja": "未判定", "heritage_type_detail": "", "classification_confidence": "low", "entity_class": "point", "geometry_role": "representative_point", "source_location_role": "record_coordinate", "spatial_match_status": "point_unmatched", "complex_id": "13104-HG00072", "complex_name": "上落合餅つき唄", "complex_grouping_method": "address", "reason": "record_not_in_building", "item_count": 1, "attached_items_json": "", "source_municipality_gpkg": "13104_heritage.gpkg" }, "geometry": { "type": "Point", "coordinates": [ 139.69092, 35.71285 ] } },
{ "type": "Feature", "properties": { "municipality_code": "13104", "municipality_name": "新宿区", "point_id": "record:13104:129", "point_kind": "cultural_record", "record_id": "13104:129", "record_ids": "13104:129", "name": "服部半蔵の墓", "names": "服部半蔵の墓", "place_name": "", "address_detail": "", "address": "東京都新宿区若葉2-9", "category": "", "type": "", "designation_level_code": "unknown", "designation_level_ja": "不明", "designation_status_code": "unknown", "designation_status_ja": "不明", "heritage_type_major_code": "unknown", "heritage_type_major_ja": "未判定", "heritage_type_detail": "", "classification_confidence": "low", "entity_class": "point", "geometry_role": "representative_point", "source_location_role": "record_coordinate", "spatial_match_status": "point_unmatched", "complex_id": "13104-HG00075", "complex_name": "服部半蔵の墓", "complex_grouping_method": "address", "reason": "record_not_in_building", "item_count": 1, "attached_items_json": "", "source_municipality_gpkg": "13104_heritage.gpkg" }, "geometry": { "type": "Point", "coordinates": [ 139.7253, 35.68463 ] } },
{ "type": "Feature", "properties": { "municipality_code": "13104", "municipality_name": "新宿区", "point_id": "record:13104:130", "point_kind": "cultural_record", "record_id": "13104:130", "record_ids": "13104:130", "name": "小泉八雲旧居跡", "names": "小泉八雲旧居跡", "place_name": "", "address_detail": "", "address": "東京都新宿区富久町7-30(成女学園)", "category": "", "type": "", "designation_level_code": "unknown", "designation_level_ja": "不明", "designation_status_code": "unknown", "designation_status_ja": "不明", "heritage_type_major_code": "unknown", "heritage_type_major_ja": "未判定", "heritage_type_detail": "", "classification_confidence": "low", "entity_class": "point", "geometry_role": "representative_point", "source_location_role": "record_coordinate", "spatial_match_status": "point_unmatched", "complex_id": "13104-HG00076", "complex_name": "小泉八雲旧居跡", "complex_grouping_method": "address", "reason": "record_not_in_building", "item_count": 1, "attached_items_json": "", "source_municipality_gpkg": "13104_heritage.gpkg" }, "geometry": { "type": "Point", "coordinates": [ 139.71655, 35.69199 ] } },
{ "type": "Feature", "properties": { "municipality_code": "13104", "municipality_name": "新宿区", "point_id": "record:13104:137", "point_kind": "cultural_record", "record_id": "13104:137", "record_ids": "13104:137", "name": "田村虎蔵旧居跡", "names": "田村虎蔵旧居跡", "place_name": "", "address_detail": "", "address": "東京都新宿区筑土八幡町4-24", "category": "", "type": "", "designation_level_code": "unknown", "designation_level_ja": "不明", "designation_status_code": "unknown", "designation_status_ja": "不明", "heritage_type_major_code": "unknown", "heritage_type_major_ja": "未判定", "heritage_type_detail": "", "classification_confidence": "low", "entity_class": "point", "geometry_role": "representative_point", "source_location_role": "record_coordinate", "spatial_match_status": "point_unmatched", "complex_id": "13104-HG00081", "complex_name": "田村虎蔵旧居跡", "complex_grouping_method": "address", "reason": "record_not_in_building", "item_count": 1, "attached_items_json": "", "source_municipality_gpkg": "13104_heritage.gpkg" }, "geometry": { "type": "Point", "coordinates": [ 139.73967, 35.70459 ] } },
{ "type": "Feature", "properties": { "municipality_code": "13104", "municipality_name": "新宿区", "point_id": "record:13104:140", "point_kind": "cultural_record", "record_id": "13104:140", "record_ids": "13104:140", "name": "浄瑠璃坂の仇討跡", "names": "浄瑠璃坂の仇討跡", "place_name": "", "address_detail": "", "address": "東京都新宿区市谷鷹匠町・払方町境 浄瑠璃坂上", "category": "", "type": "", "designation_level_code": "unknown", "designation_level_ja": "不明", "designation_status_code": "unknown", "designation_status_ja": "不明", "heritage_type_major_code": "unknown", "heritage_type_major_ja": "未判定", "heritage_type_detail": "", "classification_confidence": "low", "entity_class": "point", "geometry_role": "representative_point", "source_location_role": "record_coordinate", "spatial_match_status": "point_unmatched", "complex_id": "13104-HG00082", "complex_name": "浄瑠璃坂の仇討跡", "complex_grouping_method": "address", "reason": "record_not_in_building", "item_count": 1, "attached_items_json": "", "source_municipality_gpkg": "13104_heritage.gpkg" }, "geometry": { "type": "Point", "coordinates": [ 139.73389, 35.69614 ] } },
{ "type": "Feature", "properties": { "municipality_code": "13104", "municipality_name": "新宿区", "point_id": "record:13104:141", "point_kind": "cultural_record", "record_id": "13104:141", "record_ids": "13104:141", "name": "国産飛行機発祥の地", "names": "国産飛行機発祥の地", "place_name": "", "address_detail": "", "address": "東京都新宿区西五軒町12", "category": "", "type": "", "designation_level_code": "unknown", "designation_level_ja": "不明", "designation_status_code": "unknown", "designation_status_ja": "不明", "heritage_type_major_code": "unknown", "heritage_type_major_ja": "未判定", "heritage_type_detail": "", "classification_confidence": "low", "entity_class": "point", "geometry_role": "representative_point", "source_location_role": "record_coordinate", "spatial_match_status": "point_unmatched", "complex_id": "13104-HG00083", "complex_name": "国産飛行機発祥の地", "complex_grouping_method": "address", "reason": "record_not_in_building", "item_count": 1, "attached_items_json": "", "source_municipality_gpkg": "13104_heritage.gpkg" }, "geometry": { "type": "Point", "coordinates": [ 139.73802, 35.70829 ] } },
{ "type": "Feature", "properties": { "municipality_code": "13104", "municipality_name": "新宿区", "point_id": "record:13104:142", "point_kind": "cultural_record", "record_id": "13104:142", "record_ids": "13104:142", "name": "大久保の犬御用屋敷跡", "names": "大久保の犬御用屋敷跡", "place_name": "", "address_detail": "", "address": "東京都新宿区若松町13(新宿区立余丁町小学校)", "category": "", "type": "", "designation_level_code": "unknown", "designation_level_ja": "不明", "designation_status_code": "unknown", "designation_status_ja": "不明", "heritage_type_major_code": "unknown", "heritage_type_major_ja": "未判定", "heritage_type_detail": "", "classification_confidence": "low", "entity_class": "point", "geometry_role": "representative_point", "source_location_role": "record_coordinate", "spatial_match_status": "point_unmatched", "complex_id": "13104-HG00084", "complex_name": "大久保の犬御用屋敷跡", "complex_grouping_method": "address", "reason": "record_not_in_building", "item_count": 1, "attached_items_json": "", "source_municipality_gpkg": "13104_heritage.gpkg" }, "geometry": { "type": "Point", "coordinates": [ 139.71588, 35.69905 ] } },
{ "type": "Feature", "properties": { "municipality_code": "13104", "municipality_name": "新宿区", "point_id": "record:13104:143", "point_kind": "cultural_record", "record_id": "13104:143", "record_ids": "13104:143", "name": "三遊亭円朝旧居跡", "names": "三遊亭円朝旧居跡", "place_name": "", "address_detail": "", "address": "東京都新宿区新宿一丁目21(新宿区立花園公園)", "category": "", "type": "", "designation_level_code": "unknown", "designation_level_ja": "不明", "designation_status_code": "unknown", "designation_status_ja": "不明", "heritage_type_major_code": "unknown", "heritage_type_major_ja": "未判定", "heritage_type_detail": "", "classification_confidence": "low", "entity_class": "point", "geometry_role": "representative_point", "source_location_role": "record_coordinate", "spatial_match_status": "point_unmatched", "complex_id": "13104-HG00085", "complex_name": "三遊亭円朝旧居跡", "complex_grouping_method": "address", "reason": "record_not_in_building", "item_count": 1, "attached_items_json": "", "source_municipality_gpkg": "13104_heritage.gpkg" }, "geometry": { "type": "Point", "coordinates": [ 139.71339, 35.689 ] } },
{ "type": "Feature", "properties": { "municipality_code": "13104", "municipality_name": "新宿区", "point_id": "record:13104:145", "point_kind": "cultural_record", "record_id": "13104:145", "record_ids": "13104:145", "name": "夏目漱石終焉の地", "names": "夏目漱石終焉の地", "place_name": "", "address_detail": "", "address": "東京都新宿区早稲田南町7 (新宿区立漱石公園・漱石山房記念館)", "category": "", "type": "", "designation_level_code": "unknown", "designation_level_ja": "不明", "designation_status_code": "unknown", "designation_status_ja": "不明", "heritage_type_major_code": "unknown", "heritage_type_major_ja": "未判定", "heritage_type_detail": "", "classification_confidence": "low", "entity_class": "point", "geometry_role": "representative_point", "source_location_role": "record_coordinate", "spatial_match_status": "point_unmatched", "complex_id": "13104-HG00087", "complex_name": "夏目漱石終焉の地", "complex_grouping_method": "address", "reason": "record_not_in_building", "item_count": 1, "attached_items_json": "", "source_municipality_gpkg": "13104_heritage.gpkg" }, "geometry": { "type": "Point", "coordinates": [ 139.72577, 35.70397 ] } },
{ "type": "Feature", "properties": { "municipality_code": "13104", "municipality_name": "新宿区", "point_id": "record:13104:151", "point_kind": "cultural_record", "record_id": "13104:151", "record_ids": "13104:151", "name": "二葉亭四迷旧居跡", "names": "二葉亭四迷旧居跡", "place_name": "", "address_detail": "", "address": "東京都新宿区四谷一丁目13", "category": "", "type": "", "designation_level_code": "unknown", "designation_level_ja": "不明", "designation_status_code": "unknown", "designation_status_ja": "不明", "heritage_type_major_code": "unknown", "heritage_type_major_ja": "未判定", "heritage_type_detail": "", "classification_confidence": "low", "entity_class": "point", "geometry_role": "representative_point", "source_location_role": "record_coordinate", "spatial_match_status": "point_unmatched", "complex_id": "13104-HG00090", "complex_name": "二葉亭四迷旧居跡", "complex_grouping_method": "address", "reason": "record_not_in_building", "item_count": 1, "attached_items_json": "", "source_municipality_gpkg": "13104_heritage.gpkg" }, "geometry": { "type": "Point", "coordinates": [ 139.72809, 35.68501 ] } },
{ "type": "Feature", "properties": { "municipality_code": "13104", "municipality_name": "新宿区", "point_id": "record:13104:157", "point_kind": "cultural_record", "record_id": "13104:157", "record_ids": "13104:157", "name": "小泉八雲終焉の地", "names": "小泉八雲終焉の地", "place_name": "", "address_detail": "", "address": "東京都新宿区大久保一丁目1-17", "category": "", "type": "", "designation_level_code": "unknown", "designation_level_ja": "不明", "designation_status_code": "unknown", "designation_status_ja": "不明", "heritage_type_major_code": "unknown", "heritage_type_major_ja": "未判定", "heritage_type_detail": "", "classification_confidence": "low", "entity_class": "point", "geometry_role": "representative_point", "source_location_role": "record_coordinate", "spatial_match_status": "point_unmatched", "complex_id": "13104-HG00093", "complex_name": "小泉八雲終焉の地", "complex_grouping_method": "address", "reason": "record_not_in_building", "item_count": 1, "attached_items_json": "", "source_municipality_gpkg": "13104_heritage.gpkg" }, "geometry": { "type": "Point", "coordinates": [ 139.70615, 35.69898 ] } },
{ "type": "Feature", "properties": { "municipality_code": "13104", "municipality_name": "新宿区", "point_id": "record:13104:160", "point_kind": "cultural_record", "record_id": "13104:160", "record_ids": "13104:160", "name": "佐伯祐三アトリエの地", "names": "佐伯祐三アトリエの地", "place_name": "", "address_detail": "", "address": "東京都新宿区中落合二丁目4-21(新宿区立佐伯公園・佐伯祐三アトリエ記念館)", "category": "", "type": "", "designation_level_code": "unknown", "designation_level_ja": "不明", "designation_status_code": "unknown", "designation_status_ja": "不明", "heritage_type_major_code": "unknown", "heritage_type_major_ja": "未判定", "heritage_type_detail": "", "classification_confidence": "low", "entity_class": "point", "geometry_role": "representative_point", "source_location_role": "record_coordinate", "spatial_match_status": "point_unmatched", "complex_id": "13104-HG00095", "complex_name": "佐伯祐三アトリエの地", "complex_grouping_method": "address", "reason": "record_not_in_building", "item_count": 1, "attached_items_json": "", "source_municipality_gpkg": "13104_heritage.gpkg" }, "geometry": { "type": "Point", "coordinates": [ 139.69379, 35.72089 ] } },
{ "type": "Feature", "properties": { "municipality_code": "13104", "municipality_name": "新宿区", "point_id": "record:13104:161", "point_kind": "cultural_record", "record_id": "13104:161", "record_ids": "13104:161", "name": "滝沢馬琴終焉の地", "names": "滝沢馬琴終焉の地", "place_name": "", "address_detail": "", "address": "東京都新宿区霞ヶ丘町14-1", "category": "", "type": "", "designation_level_code": "unknown", "designation_level_ja": "不明", "designation_status_code": "unknown", "designation_status_ja": "不明", "heritage_type_major_code": "unknown", "heritage_type_major_ja": "未判定", "heritage_type_detail": "", "classification_confidence": "low", "entity_class": "point", "geometry_role": "representative_point", "source_location_role": "record_coordinate", "spatial_match_status": "point_unmatched", "complex_id": "13104-HG00096", "complex_name": "滝沢馬琴終焉の地", "complex_grouping_method": "address", "reason": "record_not_in_building", "item_count": 1, "attached_items_json": "", "source_municipality_gpkg": "13104_heritage.gpkg" }, "geometry": { "type": "Point", "coordinates": [ 139.719403, 35.679839 ] } },
{ "type": "Feature", "properties": { "municipality_code": "13104", "municipality_name": "新宿区", "point_id": "record:13104:162", "point_kind": "cultural_record", "record_id": "13104:162", "record_ids": "13104:162", "name": "柳田國男旧居跡", "names": "柳田國男旧居跡", "place_name": "", "address_detail": "", "address": "東京都新宿区市谷加賀町二丁目4-31", "category": "", "type": "", "designation_level_code": "unknown", "designation_level_ja": "不明", "designation_status_code": "unknown", "designation_status_ja": "不明", "heritage_type_major_code": "unknown", "heritage_type_major_ja": "未判定", "heritage_type_detail": "", "classification_confidence": "low", "entity_class": "point", "geometry_role": "representative_point", "source_location_role": "record_coordinate", "spatial_match_status": "point_unmatched", "complex_id": "13104-HG00097", "complex_name": "柳田國男旧居跡", "complex_grouping_method": "address", "reason": "record_not_in_building", "item_count": 1, "attached_items_json": "", "source_municipality_gpkg": "13104_heritage.gpkg" }, "geometry": { "type": "Point", "coordinates": [ 139.728963, 35.697008 ] } },
{ "type": "Feature", "properties": { "municipality_code": "13104", "municipality_name": "新宿区", "point_id": "record:13104:163", "point_kind": "cultural_record", "record_id": "13104:163", "record_ids": "13104:163", "name": "斎藤茂吉終焉の地", "names": "斎藤茂吉終焉の地", "place_name": "", "address_detail": "", "address": "東京都新宿区大京町22-2", "category": "", "type": "", "designation_level_code": "unknown", "designation_level_ja": "不明", "designation_status_code": "unknown", "designation_status_ja": "不明", "heritage_type_major_code": "unknown", "heritage_type_major_ja": "未判定", "heritage_type_detail": "", "classification_confidence": "low", "entity_class": "point", "geometry_role": "representative_point", "source_location_role": "record_coordinate", "spatial_match_status": "point_unmatched", "complex_id": "13104-HG00098", "complex_name": "斎藤茂吉終焉の地", "complex_grouping_method": "address", "reason": "record_not_in_building", "item_count": 1, "attached_items_json": "", "source_municipality_gpkg": "13104_heritage.gpkg" }, "geometry": { "type": "Point", "coordinates": [ 139.716083, 35.686823 ] } },
{ "type": "Feature", "properties": { "municipality_code": "13104", "municipality_name": "新宿区", "point_id": "record:13104:164", "point_kind": "cultural_record", "record_id": "13104:164", "record_ids": "13104:164", "name": "下村湖人終焉の地", "names": "下村湖人終焉の地", "place_name": "", "address_detail": "", "address": "東京都新宿区百人町二丁目7-16", "category": "", "type": "", "designation_level_code": "unknown", "designation_level_ja": "不明", "designation_status_code": "unknown", "designation_status_ja": "不明", "heritage_type_major_code": "unknown", "heritage_type_major_ja": "未判定", "heritage_type_detail": "", "classification_confidence": "low", "entity_class": "point", "geometry_role": "representative_point", "source_location_role": "record_coordinate", "spatial_match_status": "point_unmatched", "complex_id": "13104-HG00099", "complex_name": "下村湖人終焉の地", "complex_grouping_method": "address", "reason": "record_not_in_building", "item_count": 1, "attached_items_json": "", "source_municipality_gpkg": "13104_heritage.gpkg" }, "geometry": { "type": "Point", "coordinates": [ 139.699897, 35.70371 ] } },
{ "type": "Feature", "properties": { "municipality_code": "13104", "municipality_name": "新宿区", "point_id": "record:13104:166", "point_kind": "cultural_record", "record_id": "13104:166", "record_ids": "13104:166", "name": "西條八十旧居跡", "names": "西條八十旧居跡", "place_name": "", "address_detail": "", "address": "東京都新宿区北新宿一丁目23-2", "category": "", "type": "", "designation_level_code": "unknown", "designation_level_ja": "不明", "designation_status_code": "unknown", "designation_status_ja": "不明", "heritage_type_major_code": "unknown", "heritage_type_major_ja": "未判定", "heritage_type_detail": "", "classification_confidence": "low", "entity_class": "point", "geometry_role": "representative_point", "source_location_role": "record_coordinate", "spatial_match_status": "point_unmatched", "complex_id": "13104-HG00101", "complex_name": "西條八十旧居跡", "complex_grouping_method": "address", "reason": "record_not_in_building", "item_count": 1, "attached_items_json": "", "source_municipality_gpkg": "13104_heritage.gpkg" }, "geometry": { "type": "Point", "coordinates": [ 139.694109, 35.698403 ] } },
{ "type": "Feature", "properties": { "municipality_code": "13104", "municipality_name": "新宿区", "point_id": "record:13104:171", "point_kind": "cultural_record", "record_id": "13104:171", "record_ids": "13104:171", "name": "辰野金吾の墓", "names": "辰野金吾の墓", "place_name": "", "address_detail": "", "address": "東京都新宿区西新宿七丁目13 常圓寺墓地", "category": "", "type": "", "designation_level_code": "unknown", "designation_level_ja": "不明", "designation_status_code": "unknown", "designation_status_ja": "不明", "heritage_type_major_code": "unknown", "heritage_type_major_ja": "未判定", "heritage_type_detail": "", "classification_confidence": "low", "entity_class": "point", "geometry_role": "representative_point", "source_location_role": "record_coordinate", "spatial_match_status": "point_unmatched", "complex_id": "13104-HG00106", "complex_name": "辰野金吾の墓", "complex_grouping_method": "address", "reason": "record_not_in_building", "item_count": 1, "attached_items_json": "", "source_municipality_gpkg": "13104_heritage.gpkg" }, "geometry": { "type": "Point", "coordinates": [ 139.69694, 35.69459 ] } },
{ "type": "Feature", "properties": { "municipality_code": "13104", "municipality_name": "新宿区", "point_id": "record:13104:182", "point_kind": "cultural_record", "record_id": "13104:182", "record_ids": "13104:182", "name": "東京府仮小学第三校跡", "names": "東京府仮小学第三校跡", "place_name": "", "address_detail": "", "address": "筑土八幡町6-12", "category": "", "type": "", "designation_level_code": "unknown", "designation_level_ja": "不明", "designation_status_code": "unknown", "designation_status_ja": "不明", "heritage_type_major_code": "unknown", "heritage_type_major_ja": "未判定", "heritage_type_detail": "", "classification_confidence": "low", "entity_class": "point", "geometry_role": "representative_point", "source_location_role": "record_coordinate", "spatial_match_status": "point_unmatched", "complex_id": "13104-HG00111", "complex_name": "東京府仮小学第三校跡", "complex_grouping_method": "address", "reason": "record_not_in_building", "item_count": 1, "attached_items_json": "", "source_municipality_gpkg": "13104_heritage.gpkg" }, "geometry": { "type": "Point", "coordinates": [ 139.739647, 35.704146 ] } },
{ "type": "Feature", "properties": { "municipality_code": "13104", "municipality_name": "新宿区", "point_id": "record:13104:183", "point_kind": "cultural_record", "record_id": "13104:183", "record_ids": "13104:183", "name": "シイ", "names": "シイ", "place_name": "", "address_detail": "", "address": "東京都新宿区霞ヶ丘町10-1(国立競技場)", "category": "", "type": "", "designation_level_code": "unknown", "designation_level_ja": "不明", "designation_status_code": "unknown", "designation_status_ja": "不明", "heritage_type_major_code": "unknown", "heritage_type_major_ja": "未判定", "heritage_type_detail": "", "classification_confidence": "low", "entity_class": "point", "geometry_role": "representative_point", "source_location_role": "record_coordinate", "spatial_match_status": "point_unmatched", "complex_id": "13104-HG00112", "complex_name": "シイ", "complex_grouping_method": "address", "reason": "record_not_in_building", "item_count": 1, "attached_items_json": "", "source_municipality_gpkg": "13104_heritage.gpkg" }, "geometry": { "type": "Point", "coordinates": [ 139.714774, 35.675804 ] } },
{ "type": "Feature", "properties": { "municipality_code": "13104", "municipality_name": "新宿区", "point_id": "record:13104:187", "point_kind": "cultural_record", "record_id": "13104:187", "record_ids": "13104:187", "name": "六桜社跡", "names": "六桜社跡", "place_name": "", "address_detail": "", "address": "東京都新宿区西新宿二丁目11 新宿中央公園内", "category": "", "type": "", "designation_level_code": "unknown", "designation_level_ja": "不明", "designation_status_code": "unknown", "designation_status_ja": "不明", "heritage_type_major_code": "unknown", "heritage_type_major_ja": "未判定", "heritage_type_detail": "", "classification_confidence": "low", "entity_class": "point", "geometry_role": "representative_point", "source_location_role": "record_coordinate", "spatial_match_status": "point_unmatched", "complex_id": "13104-HG00116", "complex_name": "六桜社跡", "complex_grouping_method": "address", "reason": "record_not_in_building", "item_count": 1, "attached_items_json": "", "source_municipality_gpkg": "13104_heritage.gpkg" }, "geometry": { "type": "Point", "coordinates": [ 139.6882, 35.69091 ] } },
{ "type": "Feature", "properties": { "municipality_code": "13104", "municipality_name": "新宿区", "point_id": "record:13104:189", "point_kind": "cultural_record", "record_id": "13104:189", "record_ids": "13104:189", "name": "近衛篤麿公記念碑", "names": "近衛篤麿公記念碑", "place_name": "", "address_detail": "", "address": "東京都新宿区下落合二丁目19-23付近", "category": "", "type": "", "designation_level_code": "unknown", "designation_level_ja": "不明", "designation_status_code": "unknown", "designation_status_ja": "不明", "heritage_type_major_code": "unknown", "heritage_type_major_ja": "未判定", "heritage_type_detail": "", "classification_confidence": "low", "entity_class": "point", "geometry_role": "representative_point", "source_location_role": "record_coordinate", "spatial_match_status": "point_unmatched", "complex_id": "13104-HG00118", "complex_name": "近衛篤麿公記念碑", "complex_grouping_method": "address", "reason": "record_not_in_building", "item_count": 1, "attached_items_json": "", "source_municipality_gpkg": "13104_heritage.gpkg" }, "geometry": { "type": "Point", "coordinates": [ 139.70291, 35.71921 ] } },
{ "type": "Feature", "properties": { "municipality_code": "13104", "municipality_name": "新宿区", "point_id": "record:13104:202", "point_kind": "cultural_record", "record_id": "13104:202", "record_ids": "13104:202", "name": "旧淀橋浄水場六角堂", "names": "旧淀橋浄水場六角堂", "place_name": "", "address_detail": "", "address": "東京都新宿区西新宿二丁目11(新宿区立新宿中央公園)", "category": "", "type": "", "designation_level_code": "unknown", "designation_level_ja": "不明", "designation_status_code": "unknown", "designation_status_ja": "不明", "heritage_type_major_code": "unknown", "heritage_type_major_ja": "未判定", "heritage_type_detail": "", "classification_confidence": "low", "entity_class": "point", "geometry_role": "representative_point", "source_location_role": "record_coordinate", "spatial_match_status": "point_unmatched", "complex_id": "13104-HG00130", "complex_name": "旧淀橋浄水場六角堂", "complex_grouping_method": "address", "reason": "record_not_in_building", "item_count": 1, "attached_items_json": "", "source_municipality_gpkg": "13104_heritage.gpkg" }, "geometry": { "type": "Point", "coordinates": [ 139.6882, 35.69091 ] } },
{ "type": "Feature", "properties": { "municipality_code": "13104", "municipality_name": "新宿区", "point_id": "record:13104:204", "point_kind": "cultural_record", "record_id": "13104:204", "record_ids": "13104:204", "name": "服部良一旧居跡", "names": "服部良一旧居跡", "place_name": "", "address_detail": "", "address": "東京都新宿区若松町24-1", "category": "", "type": "", "designation_level_code": "unknown", "designation_level_ja": "不明", "designation_status_code": "unknown", "designation_status_ja": "不明", "heritage_type_major_code": "unknown", "heritage_type_major_ja": "未判定", "heritage_type_detail": "", "classification_confidence": "low", "entity_class": "point", "geometry_role": "representative_point", "source_location_role": "record_coordinate", "spatial_match_status": "point_unmatched", "complex_id": "13104-HG00131", "complex_name": "服部良一旧居跡", "complex_grouping_method": "address", "reason": "record_not_in_building", "item_count": 1, "attached_items_json": "", "source_municipality_gpkg": "13104_heritage.gpkg" }, "geometry": { "type": "Point", "coordinates": [ 139.7169, 35.70074 ] } },
{ "type": "Feature", "properties": { "municipality_code": "13104", "municipality_name": "新宿区", "point_id": "record:13104:206", "point_kind": "cultural_record", "record_id": "13104:206", "record_ids": "13104:206", "name": "戸山射撃場跡", "names": "戸山射撃場跡", "place_name": "", "address_detail": "", "address": "東京都新宿区大久保三丁目1-2 新宿コズミックスポーツセンター", "category": "", "type": "", "designation_level_code": "unknown", "designation_level_ja": "不明", "designation_status_code": "unknown", "designation_status_ja": "不明", "heritage_type_major_code": "unknown", "heritage_type_major_ja": "未判定", "heritage_type_detail": "", "classification_confidence": "low", "entity_class": "point", "geometry_role": "representative_point", "source_location_role": "record_coordinate", "spatial_match_status": "point_unmatched", "complex_id": "13104-HG00133", "complex_name": "戸山射撃場跡", "complex_grouping_method": "address", "reason": "record_not_in_building", "item_count": 1, "attached_items_json": "", "source_municipality_gpkg": "13104_heritage.gpkg" }, "geometry": { "type": "Point", "coordinates": [ 139.70763, 35.70489 ] } },
{ "type": "Feature", "properties": { "municipality_code": "13104", "municipality_name": "新宿区", "point_id": "record:13104:208", "point_kind": "cultural_record", "record_id": "13104:208", "record_ids": "13104:208", "name": "白糸塚", "names": "白糸塚", "place_name": "", "address_detail": "", "address": "東京都新宿区新宿二丁目15-18 成覚寺", "category": "", "type": "", "designation_level_code": "unknown", "designation_level_ja": "不明", "designation_status_code": "unknown", "designation_status_ja": "不明", "heritage_type_major_code": "unknown", "heritage_type_major_ja": "未判定", "heritage_type_detail": "", "classification_confidence": "low", "entity_class": "point", "geometry_role": "representative_point", "source_location_role": "record_coordinate", "spatial_match_status": "point_unmatched", "complex_id": "13104-HG00135", "complex_name": "白糸塚", "complex_grouping_method": "address", "reason": "record_not_in_building", "item_count": 1, "attached_items_json": "", "source_municipality_gpkg": "13104_heritage.gpkg" }, "geometry": { "type": "Point", "coordinates": [ 139.70885, 35.69101 ] } },
{ "type": "Feature", "properties": { "municipality_code": "13104", "municipality_name": "新宿区", "point_id": "record:13104:212", "point_kind": "cultural_record", "record_id": "13104:212", "record_ids": "13104:212", "name": "祭馬碑", "names": "祭馬碑", "place_name": "", "address_detail": "", "address": "東京都新宿区市谷左内町11 長泰寺", "category": "", "type": "", "designation_level_code": "unknown", "designation_level_ja": "不明", "designation_status_code": "unknown", "designation_status_ja": "不明", "heritage_type_major_code": "unknown", "heritage_type_major_ja": "未判定", "heritage_type_detail": "", "classification_confidence": "low", "entity_class": "point", "geometry_role": "representative_point", "source_location_role": "record_coordinate", "spatial_match_status": "point_unmatched", "complex_id": "13104-HG00139", "complex_name": "祭馬碑", "complex_grouping_method": "address", "reason": "record_not_in_building", "item_count": 1, "attached_items_json": "", "source_municipality_gpkg": "13104_heritage.gpkg" }, "geometry": { "type": "Point", "coordinates": [ 139.73357, 35.69488 ] } },
{ "type": "Feature", "properties": { "municipality_code": "13104", "municipality_name": "新宿区", "point_id": "record:13104:216", "point_kind": "cultural_record", "record_id": "13104:216", "record_ids": "13104:216", "name": "水準点II号", "names": "水準点II号", "place_name": "", "address_detail": "", "address": "東京都新宿区西新宿八丁目14-10 成子天神社", "category": "", "type": "", "designation_level_code": "unknown", "designation_level_ja": "不明", "designation_status_code": "unknown", "designation_status_ja": "不明", "heritage_type_major_code": "unknown", "heritage_type_major_ja": "未判定", "heritage_type_detail": "", "classification_confidence": "low", "entity_class": "point", "geometry_role": "representative_point", "source_location_role": "record_coordinate", "spatial_match_status": "point_unmatched", "complex_id": "13104-HG00143", "complex_name": "水準点II号", "complex_grouping_method": "address", "reason": "record_not_in_building", "item_count": 1, "attached_items_json": "", "source_municipality_gpkg": "13104_heritage.gpkg" }, "geometry": { "type": "Point", "coordinates": [ 139.69225, 35.69624 ] } },
{ "type": "Feature", "properties": { "municipality_code": "13104", "municipality_name": "新宿区", "point_id": "record:13104:217", "point_kind": "cultural_record", "record_id": "13104:217", "record_ids": "13104:217", "name": "東京若葉キリスト教会", "names": "東京若葉キリスト教会", "place_name": "", "address_detail": "", "address": "東京都新宿区若葉一丁目16", "category": "", "type": "", "designation_level_code": "unknown", "designation_level_ja": "不明", "designation_status_code": "unknown", "designation_status_ja": "不明", "heritage_type_major_code": "unknown", "heritage_type_major_ja": "未判定", "heritage_type_detail": "", "classification_confidence": "low", "entity_class": "point", "geometry_role": "representative_point", "source_location_role": "record_coordinate", "spatial_match_status": "point_unmatched", "complex_id": "13104-HG00144", "complex_name": "東京若葉キリスト教会", "complex_grouping_method": "address", "reason": "record_not_in_building", "item_count": 1, "attached_items_json": "", "source_municipality_gpkg": "13104_heritage.gpkg" }, "geometry": { "type": "Point", "coordinates": [ 139.72754, 35.68339 ] } },
{ "type": "Feature", "properties": { "municipality_code": "13104", "municipality_name": "新宿区", "point_id": "record:13104:221", "point_kind": "cultural_record", "record_id": "13104:221", "record_ids": "13104:221", "name": "氷川神社の節分祭", "names": "氷川神社の節分祭", "place_name": "", "address_detail": "", "address": "東京都新宿区下落合二丁目7-12", "category": "", "type": "", "designation_level_code": "unknown", "designation_level_ja": "不明", "designation_status_code": "unknown", "designation_status_ja": "不明", "heritage_type_major_code": "unknown", "heritage_type_major_ja": "未判定", "heritage_type_detail": "", "classification_confidence": "low", "entity_class": "point", "geometry_role": "representative_point", "source_location_role": "record_coordinate", "spatial_match_status": "point_unmatched", "complex_id": "13104-HG00145", "complex_name": "氷川神社の節分祭", "complex_grouping_method": "address", "reason": "record_not_in_building", "item_count": 1, "attached_items_json": "", "source_municipality_gpkg": "13104_heritage.gpkg" }, "geometry": { "type": "Point", "coordinates": [ 139.69917, 35.7168 ] } },
{ "type": "Feature", "properties": { "municipality_code": "13104", "municipality_name": "新宿区", "point_id": "record:13104:224", "point_kind": "cultural_record", "record_id": "13104:224", "record_ids": "13104:224", "name": "有隣園跡", "names": "有隣園跡", "place_name": "", "address_detail": "", "address": "東京都新宿区西新宿八丁目16", "category": "", "type": "", "designation_level_code": "unknown", "designation_level_ja": "不明", "designation_status_code": "unknown", "designation_status_ja": "不明", "heritage_type_major_code": "unknown", "heritage_type_major_ja": "未判定", "heritage_type_detail": "", "classification_confidence": "low", "entity_class": "point", "geometry_role": "representative_point", "source_location_role": "record_coordinate", "spatial_match_status": "point_unmatched", "complex_id": "13104-HG00146", "complex_name": "有隣園跡", "complex_grouping_method": "address", "reason": "record_not_in_building", "item_count": 1, "attached_items_json": "", "source_municipality_gpkg": "13104_heritage.gpkg" }, "geometry": { "type": "Point", "coordinates": [ 139.692562, 35.696745 ] } },
{ "type": "Feature", "properties": { "municipality_code": "13104", "municipality_name": "新宿区", "point_id": "record:13104:227", "point_kind": "cultural_record", "record_id": "13104:227", "record_ids": "13104:227", "name": "放生寺の水掛け地蔵と大震火災死亡群霊塔", "names": "放生寺の水掛け地蔵と大震火災死亡群霊塔", "place_name": "", "address_detail": "", "address": "東京都新宿区西早稲田二丁目1-14", "category": "", "type": "", "designation_level_code": "unknown", "designation_level_ja": "不明", "designation_status_code": "unknown", "designation_status_ja": "不明", "heritage_type_major_code": "unknown", "heritage_type_major_ja": "未判定", "heritage_type_detail": "", "classification_confidence": "low", "entity_class": "point", "geometry_role": "representative_point", "source_location_role": "record_coordinate", "spatial_match_status": "point_unmatched", "complex_id": "13104-HG00147", "complex_name": "放生寺の水掛け地蔵と大震火災死亡群霊塔", "complex_grouping_method": "address", "reason": "record_not_in_building", "item_count": 1, "attached_items_json": "", "source_municipality_gpkg": "13104_heritage.gpkg" }, "geometry": { "type": "Point", "coordinates": [ 139.717714, 35.706585 ] } },
{ "type": "Feature", "properties": { "municipality_code": "13104", "municipality_name": "新宿区", "point_id": "record:official_export_001:19", "point_kind": "cultural_record", "record_id": "official_export_001:19", "record_ids": "official_export_001:19", "name": "学習院旧正門", "names": "学習院旧正門", "place_name": "", "address_detail": "", "address": "東京都新宿区戸山三丁目20番1号", "category": "国宝・重要文化財(建造物)", "type": "建造物", "designation_level_code": "national", "designation_level_ja": "国", "designation_status_code": "designated", "designation_status_ja": "指定", "heritage_type_major_code": "tangible", "heritage_type_major_ja": "有形文化財", "heritage_type_detail": "建造物", "classification_confidence": "medium", "entity_class": "building_direct", "geometry_role": "building_candidate_point", "source_location_role": "record_coordinate", "spatial_match_status": "point_unmatched", "complex_id": "13104-HG00152", "complex_name": "学習院旧正門", "complex_grouping_method": "address", "reason": "building_direct_unmatched", "item_count": 1, "attached_items_json": "", "source_municipality_gpkg": "13104_heritage.gpkg" }, "geometry": { "type": "Point", "coordinates": [ 139.709115239999988, 35.70720648 ] } },
{ "type": "Feature", "properties": { "municipality_code": "13104", "municipality_name": "新宿区", "point_id": "record:official_export_003:47", "point_kind": "cultural_record", "record_id": "official_export_003:47", "record_ids": "official_export_003:47", "name": "哲学堂公園", "names": "哲学堂公園", "place_name": "", "address_detail": "", "address": "東京都新宿区,中野区", "category": "史跡名勝天然記念物", "type": "天然記念物", "designation_level_code": "national", "designation_level_ja": "国", "designation_status_code": "designated", "designation_status_ja": "指定", "heritage_type_major_code": "monument", "heritage_type_major_ja": "記念物", "heritage_type_detail": "天然記念物", "classification_confidence": "medium", "entity_class": "point", "geometry_role": "representative_point", "source_location_role": "record_coordinate", "spatial_match_status": "point_unmatched", "complex_id": "13104-HG00171", "complex_name": "哲学堂公園", "complex_grouping_method": "address", "reason": "record_not_in_building", "item_count": 1, "attached_items_json": "", "source_municipality_gpkg": "13104_heritage.gpkg" }, "geometry": { "type": "Point", "coordinates": [ 139.67420278, 35.72210278 ] } },
{ "type": "Feature", "properties": { "municipality_code": "13104", "municipality_name": "新宿区", "point_id": "record:official_export_003:69", "point_kind": "cultural_record", "record_id": "official_export_003:69", "record_ids": "official_export_003:69", "name": "山鹿素行墓", "names": "山鹿素行墓", "place_name": "", "address_detail": "", "address": "新宿区弁天町", "category": "史跡名勝天然記念物", "type": "天然記念物", "designation_level_code": "national", "designation_level_ja": "国", "designation_status_code": "designated", "designation_status_ja": "指定", "heritage_type_major_code": "monument", "heritage_type_major_ja": "記念物", "heritage_type_detail": "天然記念物", "classification_confidence": "medium", "entity_class": "point", "geometry_role": "representative_point", "source_location_role": "record_coordinate", "spatial_match_status": "point_unmatched", "complex_id": "13104-HG00172", "complex_name": "山鹿素行墓", "complex_grouping_method": "address", "reason": "record_not_in_building", "item_count": 1, "attached_items_json": "", "source_municipality_gpkg": "13104_heritage.gpkg" }, "geometry": { "type": "Point", "coordinates": [ 139.72459478, 35.70490073 ] } },
{ "type": "Feature", "properties": { "municipality_code": "13104", "municipality_name": "新宿区", "point_id": "record:official_export_003:75", "point_kind": "cultural_record", "record_id": "official_export_003:75", "record_ids": "official_export_003:75", "name": "林氏墓地", "names": "林氏墓地", "place_name": "", "address_detail": "", "address": "新宿区市谷山伏町", "category": "史跡名勝天然記念物", "type": "天然記念物", "designation_level_code": "national", "designation_level_ja": "国", "designation_status_code": "designated", "designation_status_ja": "指定", "heritage_type_major_code": "monument", "heritage_type_major_ja": "記念物", "heritage_type_detail": "天然記念物", "classification_confidence": "medium", "entity_class": "point", "geometry_role": "representative_point", "source_location_role": "record_coordinate", "spatial_match_status": "point_unmatched", "complex_id": "13104-HG00173", "complex_name": "林氏墓地", "complex_grouping_method": "address", "reason": "record_not_in_building", "item_count": 1, "attached_items_json": "", "source_municipality_gpkg": "13104_heritage.gpkg" }, "geometry": { "type": "Point", "coordinates": [ 139.72872163, 35.70059567 ] } },
{ "type": "Feature", "properties": { "municipality_code": "13105", "municipality_name": "文京区", "point_id": "record:official_export_002:358", "point_kind": "cultural_record", "record_id": "official_export_002:358", "record_ids": "official_export_002:358", "name": "東京地下鉄丸ノ内線御茶ノ水駅出入口上家", "names": "東京地下鉄丸ノ内線御茶ノ水駅出入口上家", "place_name": "", "address_detail": "", "address": "東京都文京区湯島一丁目211", "category": "登録有形文化財(建造物)", "type": "建造物", "designation_level_code": "national", "designation_level_ja": "国", "designation_status_code": "registered", "designation_status_ja": "登録", "heritage_type_major_code": "tangible", "heritage_type_major_ja": "有形文化財", "heritage_type_detail": "建造物", "classification_confidence": "medium", "entity_class": "building_direct", "geometry_role": "building_candidate_point", "source_location_role": "record_coordinate", "spatial_match_status": "point_unmatched", "complex_id": "13105-HG00034", "complex_name": "東京地下鉄丸ノ内線御茶ノ水駅出入口上家", "complex_grouping_method": "address", "reason": "building_direct_unmatched", "item_count": 1, "attached_items_json": "", "source_municipality_gpkg": "13105_heritage.gpkg" }, "geometry": { "type": "Point", "coordinates": [ 139.76417222, 35.700375 ] } },
{ "type": "Feature", "properties": { "municipality_code": "13105", "municipality_name": "文京区", "point_id": "record:official_export_003:8", "point_kind": "cultural_record", "record_id": "official_export_003:8", "record_ids": "official_export_003:8", "name": "大塚先儒墓所", "names": "大塚先儒墓所", "place_name": "", "address_detail": "", "address": "文京区大塚五丁目", "category": "史跡名勝天然記念物", "type": "天然記念物", "designation_level_code": "national", "designation_level_ja": "国", "designation_status_code": "designated", "designation_status_ja": "指定", "heritage_type_major_code": "monument", "heritage_type_major_ja": "記念物", "heritage_type_detail": "天然記念物", "classification_confidence": "medium", "entity_class": "point", "geometry_role": "representative_point", "source_location_role": "record_coordinate", "spatial_match_status": "point_unmatched", "complex_id": "13105-HG00049", "complex_name": "大塚先儒墓所", "complex_grouping_method": "address", "reason": "record_not_in_building", "item_count": 1, "attached_items_json": "", "source_municipality_gpkg": "13105_heritage.gpkg" }, "geometry": { "type": "Point", "coordinates": [ 139.728945040000013, 35.72315796 ] } },
{ "type": "Feature", "properties": { "municipality_code": "13105", "municipality_name": "文京区", "point_id": "record:official_export_003:23", "point_kind": "cultural_record", "record_id": "official_export_003:23", "record_ids": "official_export_003:23", "name": "小石川後楽園", "names": "小石川後楽園", "place_name": "", "address_detail": "", "address": "文京区後楽一丁目", "category": "史跡名勝天然記念物", "type": "天然記念物", "designation_level_code": "national", "designation_level_ja": "国", "designation_status_code": "designated", "designation_status_ja": "指定", "heritage_type_major_code": "monument", "heritage_type_major_ja": "記念物", "heritage_type_detail": "天然記念物", "classification_confidence": "medium", "entity_class": "point", "geometry_role": "representative_point", "source_location_role": "record_coordinate", "spatial_match_status": "point_unmatched", "complex_id": "13105-HG00051", "complex_name": "小石川後楽園", "complex_grouping_method": "address", "reason": "record_not_in_building", "item_count": 1, "attached_items_json": "", "source_municipality_gpkg": "13105_heritage.gpkg" }, "geometry": { "type": "Point", "coordinates": [ 139.74908212, 35.70565502 ] } },
{ "type": "Feature", "properties": { "municipality_code": "13105", "municipality_name": "文京区", "point_id": "record:official_export_003:40", "point_kind": "cultural_record", "record_id": "official_export_003:40", "record_ids": "official_export_003:40", "name": "高島秋帆墓", "names": "高島秋帆墓", "place_name": "", "address_detail": "", "address": "文京区向丘一丁目", "category": "史跡名勝天然記念物", "type": "天然記念物", "designation_level_code": "national", "designation_level_ja": "国", "designation_status_code": "designated", "designation_status_ja": "指定", "heritage_type_major_code": "monument", "heritage_type_major_ja": "記念物", "heritage_type_detail": "天然記念物", "classification_confidence": "medium", "entity_class": "point", "geometry_role": "representative_point", "source_location_role": "record_coordinate", "spatial_match_status": "point_unmatched", "complex_id": "13105-HG00052", "complex_name": "高島秋帆墓", "complex_grouping_method": "address", "reason": "record_not_in_building", "item_count": 1, "attached_items_json": "", "source_municipality_gpkg": "13105_heritage.gpkg" }, "geometry": { "type": "Point", "coordinates": [ 139.7536153, 35.72170083 ] } },
{ "type": "Feature", "properties": { "municipality_code": "13105", "municipality_name": "文京区", "point_id": "record:official_export_003:70", "point_kind": "cultural_record", "record_id": "official_export_003:70", "record_ids": "official_export_003:70", "name": "弥生二丁目遺跡", "names": "弥生二丁目遺跡", "place_name": "", "address_detail": "", "address": "文京区弥生二丁目", "category": "史跡名勝天然記念物", "type": "天然記念物", "designation_level_code": "national", "designation_level_ja": "国", "designation_status_code": "designated", "designation_status_ja": "指定", "heritage_type_major_code": "monument", "heritage_type_major_ja": "記念物", "heritage_type_detail": "天然記念物", "classification_confidence": "medium", "entity_class": "point", "geometry_role": "representative_point", "source_location_role": "record_coordinate", "spatial_match_status": "point_unmatched", "complex_id": "13105-HG00053", "complex_name": "弥生二丁目遺跡", "complex_grouping_method": "address", "reason": "record_not_in_building", "item_count": 1, "attached_items_json": "", "source_municipality_gpkg": "13105_heritage.gpkg" }, "geometry": { "type": "Point", "coordinates": [ 139.76451449000001, 35.71656437 ] } },
{ "type": "Feature", "properties": { "municipality_code": "13105", "municipality_name": "文京区", "point_id": "record:official_export_003:71", "point_kind": "cultural_record", "record_id": "official_export_003:71", "record_ids": "official_export_003:71", "name": "湯島聖堂", "names": "湯島聖堂", "place_name": "", "address_detail": "", "address": "文京区湯島一丁目", "category": "史跡名勝天然記念物", "type": "天然記念物", "designation_level_code": "national", "designation_level_ja": "国", "designation_status_code": "designated", "designation_status_ja": "指定", "heritage_type_major_code": "monument", "heritage_type_major_ja": "記念物", "heritage_type_detail": "天然記念物", "classification_confidence": "medium", "entity_class": "point", "geometry_role": "representative_point", "source_location_role": "record_coordinate", "spatial_match_status": "point_unmatched", "complex_id": "13105-HG00054", "complex_name": "湯島聖堂", "complex_grouping_method": "address", "reason": "record_not_in_building", "item_count": 1, "attached_items_json": "", "source_municipality_gpkg": "13105_heritage.gpkg" }, "geometry": { "type": "Point", "coordinates": [ 139.76635833, 35.70066192 ] } },
{ "type": "Feature", "properties": { "municipality_code": "13105", "municipality_name": "文京区", "point_id": "record:official_export_003:73", "point_kind": "cultural_record", "record_id": "official_export_003:73", "record_ids": "official_export_003:73", "name": "六義園", "names": "六義園", "place_name": "", "address_detail": "", "address": "文京区本駒込六丁目", "category": "史跡名勝天然記念物", "type": "天然記念物", "designation_level_code": "national", "designation_level_ja": "国", "designation_status_code": "designated", "designation_status_ja": "指定", "heritage_type_major_code": "monument", "heritage_type_major_ja": "記念物", "heritage_type_detail": "天然記念物", "classification_confidence": "medium", "entity_class": "point", "geometry_role": "representative_point", "source_location_role": "record_coordinate", "spatial_match_status": "point_unmatched", "complex_id": "13105-HG00055", "complex_name": "六義園", "complex_grouping_method": "address", "reason": "record_not_in_building", "item_count": 1, "attached_items_json": "", "source_municipality_gpkg": "13105_heritage.gpkg" }, "geometry": { "type": "Point", "coordinates": [ 139.74642678, 35.73310362 ] } },
{ "type": "Feature", "properties": { "municipality_code": "13106", "municipality_name": "台東区", "point_id": "record:87", "point_kind": "cultural_record", "record_id": "87", "record_ids": "87", "name": "浅草観音戒殺碑", "names": "浅草観音戒殺碑", "place_name": "", "address_detail": "区立駒形公園内", "address": "東京都台東区雷門2-2", "category": "都指定文化財", "type": "古文書", "designation_level_code": "prefectural", "designation_level_ja": "都", "designation_status_code": "designated", "designation_status_ja": "指定", "heritage_type_major_code": "tangible", "heritage_type_major_ja": "有形文化財", "heritage_type_detail": "古文書", "classification_confidence": "high", "entity_class": "movable", "geometry_role": "representative_point", "source_location_role": "record_coordinate", "spatial_match_status": "point_unmatched", "complex_id": "13106-HG00004", "complex_name": "区立駒形公園", "complex_grouping_method": "owner_address", "reason": "record_not_in_building", "item_count": 1, "attached_items_json": "", "source_municipality_gpkg": "13106_heritage.gpkg" }, "geometry": { "type": "Point", "coordinates": [ 139.796628, 35.708966 ] } },
{ "type": "Feature", "properties": { "municipality_code": "13106", "municipality_name": "台東区", "point_id": "record:167", "point_kind": "cultural_record", "record_id": "167", "record_ids": "167", "name": "天海僧正毛髪塔", "names": "天海僧正毛髪塔", "place_name": "", "address_detail": "清水観音堂裏", "address": "東京都台東区上野公園1", "category": "都指定文化財", "type": "旧跡", "designation_level_code": "prefectural", "designation_level_ja": "都", "designation_status_code": "designated", "designation_status_ja": "指定", "heritage_type_major_code": "monument", "heritage_type_major_ja": "記念物", "heritage_type_detail": "旧跡", "classification_confidence": "high", "entity_class": "point", "geometry_role": "representative_point", "source_location_role": "record_coordinate", "spatial_match_status": "point_unmatched", "complex_id": "13106-HG00010", "complex_name": "清水観音堂裏", "complex_grouping_method": "owner_address", "reason": "record_not_in_building", "item_count": 1, "attached_items_json": "", "source_municipality_gpkg": "13106_heritage.gpkg" }, "geometry": { "type": "Point", "coordinates": [ 139.774237, 35.712679 ] } },
{ "type": "Feature", "properties": { "municipality_code": "13106", "municipality_name": "台東区", "point_id": "record:131067100009", "point_kind": "cultural_record", "record_id": "131067100009", "record_ids": "131067100009", "name": "木造地蔵菩薩立像", "names": "木造地蔵菩薩立像", "place_name": "天龍院", "address_detail": "", "address": "", "category": "区民文化財", "type": "美術工芸品", "designation_level_code": "municipal", "designation_level_ja": "区市町村", "designation_status_code": "local_other", "designation_status_ja": "独自制度", "heritage_type_major_code": "tangible", "heritage_type_major_ja": "有形文化財", "heritage_type_detail": "美術工芸品", "classification_confidence": "medium", "entity_class": "movable", "geometry_role": "representative_point", "source_location_role": "record_coordinate", "spatial_match_status": "point_unmatched", "complex_id": "13106-HG00024", "complex_name": "天龍院", "complex_grouping_method": "place_name", "reason": "record_not_in_building", "item_count": 1, "attached_items_json": "", "source_municipality_gpkg": "13106_heritage.gpkg" }, "geometry": { "type": "Point", "coordinates": [ 139.767424, 35.722716 ] } },
{ "type": "Feature", "properties": { "municipality_code": "13106", "municipality_name": "台東区", "point_id": "record:131067100013", "point_kind": "cultural_record", "record_id": "131067100013", "record_ids": "131067100013", "name": "木造阿弥陀如来立像", "names": "木造阿弥陀如来立像", "place_name": "唯念寺", "address_detail": "", "address": "", "category": "区民文化財", "type": "美術工芸品", "designation_level_code": "municipal", "designation_level_ja": "区市町村", "designation_status_code": "local_other", "designation_status_ja": "独自制度", "heritage_type_major_code": "tangible", "heritage_type_major_ja": "有形文化財", "heritage_type_detail": "美術工芸品", "classification_confidence": "medium", "entity_class": "movable", "geometry_role": "representative_point", "source_location_role": "record_coordinate", "spatial_match_status": "point_unmatched", "complex_id": "13106-HG00028", "complex_name": "唯念寺", "complex_grouping_method": "place_name", "reason": "record_not_in_building", "item_count": 1, "attached_items_json": "", "source_municipality_gpkg": "13106_heritage.gpkg" }, "geometry": { "type": "Point", "coordinates": [ 139.78411, 35.70976 ] } },
{ "type": "Feature", "properties": { "municipality_code": "13106", "municipality_name": "台東区", "point_id": "record:131067100034", "point_kind": "cultural_record", "record_id": "131067100034", "record_ids": "131067100034", "name": "銅造阿弥陀如来坐像", "names": "銅造阿弥陀如来坐像", "place_name": "九品寺", "address_detail": "", "address": "", "category": "区民文化財", "type": "美術工芸品", "designation_level_code": "municipal", "designation_level_ja": "区市町村", "designation_status_code": "local_other", "designation_status_ja": "独自制度", "heritage_type_major_code": "tangible", "heritage_type_major_ja": "有形文化財", "heritage_type_detail": "美術工芸品", "classification_confidence": "medium", "entity_class": "movable", "geometry_role": "representative_point", "source_location_role": "record_coordinate", "spatial_match_status": "point_unmatched", "complex_id": "13106-HG00043", "complex_name": "九品寺", "complex_grouping_method": "place_name", "reason": "record_not_in_building", "item_count": 1, "attached_items_json": "", "source_municipality_gpkg": "13106_heritage.gpkg" }, "geometry": { "type": "Point", "coordinates": [ 139.799667, 35.714115 ] } },
{ "type": "Feature", "properties": { "municipality_code": "13106", "municipality_name": "台東区", "point_id": "record:131067100040", "point_kind": "cultural_record", "record_id": "131067100040", "record_ids": "131067100040", "name": "木造薬師如来立像", "names": "木造薬師如来立像", "place_name": "仙蔵寺", "address_detail": "", "address": "", "category": "区民文化財", "type": "美術工芸品", "designation_level_code": "municipal", "designation_level_ja": "区市町村", "designation_status_code": "local_other", "designation_status_ja": "独自制度", "heritage_type_major_code": "tangible", "heritage_type_major_ja": "有形文化財", "heritage_type_detail": "美術工芸品", "classification_confidence": "medium", "entity_class": "movable", "geometry_role": "representative_point", "source_location_role": "record_coordinate", "spatial_match_status": "point_unmatched", "complex_id": "13106-HG00045", "complex_name": "仙蔵寺", "complex_grouping_method": "place_name", "reason": "record_not_in_building", "item_count": 1, "attached_items_json": "", "source_municipality_gpkg": "13106_heritage.gpkg" }, "geometry": { "type": "Point", "coordinates": [ 139.78851, 35.709613 ] } },
{ "type": "Feature", "properties": { "municipality_code": "13106", "municipality_name": "台東区", "point_id": "record:131067100047", "point_kind": "cultural_record", "record_id": "131067100047", "record_ids": "131067100047", "name": "河鍋暁斎墓", "names": "河鍋暁斎墓", "place_name": "正行院", "address_detail": "", "address": "", "category": "区民文化財", "type": "史跡", "designation_level_code": "municipal", "designation_level_ja": "区市町村", "designation_status_code": "local_other", "designation_status_ja": "独自制度", "heritage_type_major_code": "monument", "heritage_type_major_ja": "記念物", "heritage_type_detail": "史跡", "classification_confidence": "medium", "entity_class": "point", "geometry_role": "representative_point", "source_location_role": "record_coordinate", "spatial_match_status": "point_unmatched", "complex_id": "13106-HG00051", "complex_name": "正行院", "complex_grouping_method": "place_name", "reason": "record_not_in_building", "item_count": 1, "attached_items_json": "", "source_municipality_gpkg": "13106_heritage.gpkg" }, "geometry": { "type": "Point", "coordinates": [ 139.767424, 35.722716 ] } },
{ "type": "Feature", "properties": { "municipality_code": "13106", "municipality_name": "台東区", "point_id": "record:131067100060", "point_kind": "cultural_record", "record_id": "131067100060", "record_ids": "131067100060", "name": "柴田是真墓", "names": "柴田是真墓", "place_name": "称福寺", "address_detail": "", "address": "", "category": "区民文化財", "type": "史跡", "designation_level_code": "municipal", "designation_level_ja": "区市町村", "designation_status_code": "local_other", "designation_status_ja": "独自制度", "heritage_type_major_code": "monument", "heritage_type_major_ja": "記念物", "heritage_type_detail": "史跡", "classification_confidence": "medium", "entity_class": "point", "geometry_role": "representative_point", "source_location_role": "record_coordinate", "spatial_match_status": "point_unmatched", "complex_id": "13106-HG00061", "complex_name": "称福寺", "complex_grouping_method": "place_name", "reason": "record_not_in_building", "item_count": 1, "attached_items_json": "", "source_municipality_gpkg": "13106_heritage.gpkg" }, "geometry": { "type": "Point", "coordinates": [ 139.803194, 35.721618 ] } },
{ "type": "Feature", "properties": { "municipality_code": "13106", "municipality_name": "台東区", "point_id": "record:131067100063", "point_kind": "cultural_record", "record_id": "131067100063", "record_ids": "131067100063", "name": "木造大黒天立像", "names": "木造大黒天立像", "place_name": "感応寺", "address_detail": "", "address": "", "category": "区民文化財", "type": "美術工芸品", "designation_level_code": "municipal", "designation_level_ja": "区市町村", "designation_status_code": "local_other", "designation_status_ja": "独自制度", "heritage_type_major_code": "tangible", "heritage_type_major_ja": "有形文化財", "heritage_type_detail": "美術工芸品", "classification_confidence": "medium", "entity_class": "movable", "geometry_role": "representative_point", "source_location_role": "record_coordinate", "spatial_match_status": "point_unmatched", "complex_id": "13106-HG00063", "complex_name": "感応寺", "complex_grouping_method": "place_name", "reason": "record_not_in_building", "item_count": 1, "attached_items_json": "", "source_municipality_gpkg": "13106_heritage.gpkg" }, "geometry": { "type": "Point", "coordinates": [ 139.783591, 35.722019 ] } },
{ "type": "Feature", "properties": { "municipality_code": "13106", "municipality_name": "台東区", "point_id": "record:131067100070", "point_kind": "cultural_record", "record_id": "131067100070", "record_ids": "131067100070", "name": "木造阿弥陀如来立像", "names": "木造阿弥陀如来立像", "place_name": "廣楽寺", "address_detail": "", "address": "", "category": "区民文化財", "type": "美術工芸品", "designation_level_code": "municipal", "designation_level_ja": "区市町村", "designation_status_code": "local_other", "designation_status_ja": "独自制度", "heritage_type_major_code": "tangible", "heritage_type_major_ja": "有形文化財", "heritage_type_detail": "美術工芸品", "classification_confidence": "medium", "entity_class": "movable", "geometry_role": "representative_point", "source_location_role": "record_coordinate", "spatial_match_status": "point_unmatched", "complex_id": "13106-HG00067", "complex_name": "廣楽寺", "complex_grouping_method": "place_name", "reason": "record_not_in_building", "item_count": 1, "attached_items_json": "", "source_municipality_gpkg": "13106_heritage.gpkg" }, "geometry": { "type": "Point", "coordinates": [ 139.803194, 35.721618 ] } },
{ "type": "Feature", "properties": { "municipality_code": "13106", "municipality_name": "台東区", "point_id": "record:131067100071", "point_kind": "cultural_record", "record_id": "131067100071", "record_ids": "131067100071", "name": "木造阿弥陀如来坐像", "names": "木造阿弥陀如来坐像", "place_name": "正寶院", "address_detail": "", "address": "", "category": "区民文化財", "type": "美術工芸品", "designation_level_code": "municipal", "designation_level_ja": "区市町村", "designation_status_code": "local_other", "designation_status_ja": "独自制度", "heritage_type_major_code": "tangible", "heritage_type_major_ja": "有形文化財", "heritage_type_detail": "美術工芸品", "classification_confidence": "medium", "entity_class": "movable", "geometry_role": "representative_point", "source_location_role": "record_coordinate", "spatial_match_status": "point_unmatched", "complex_id": "13106-HG00068", "complex_name": "正寶院", "complex_grouping_method": "place_name", "reason": "record_not_in_building", "item_count": 1, "attached_items_json": "", "source_municipality_gpkg": "13106_heritage.gpkg" }, "geometry": { "type": "Point", "coordinates": [ 139.791833, 35.725935 ] } },
{ "type": "Feature", "properties": { "municipality_code": "13106", "municipality_name": "台東区", "point_id": "record:131067100072", "point_kind": "cultural_record", "record_id": "131067100072", "record_ids": "131067100072", "name": "銅鐘", "names": "銅鐘", "place_name": "長昌寺", "address_detail": "", "address": "", "category": "区民文化財", "type": "美術工芸品", "designation_level_code": "municipal", "designation_level_ja": "区市町村", "designation_status_code": "local_other", "designation_status_ja": "独自制度", "heritage_type_major_code": "tangible", "heritage_type_major_ja": "有形文化財", "heritage_type_detail": "美術工芸品", "classification_confidence": "medium", "entity_class": "movable", "geometry_role": "representative_point", "source_location_role": "record_coordinate", "spatial_match_status": "point_unmatched", "complex_id": "13106-HG00069", "complex_name": "長昌寺", "complex_grouping_method": "place_name", "reason": "record_not_in_building", "item_count": 1, "attached_items_json": "", "source_municipality_gpkg": "13106_heritage.gpkg" }, "geometry": { "type": "Point", "coordinates": [ 139.803194, 35.721618 ] } },
{ "type": "Feature", "properties": { "municipality_code": "13106", "municipality_name": "台東区", "point_id": "record:131067100073", "point_kind": "cultural_record", "record_id": "131067100073", "record_ids": "131067100073", "name": "銅鐘", "names": "銅鐘", "place_name": "妙経寺", "address_detail": "", "address": "", "category": "区民文化財", "type": "美術工芸品", "designation_level_code": "municipal", "designation_level_ja": "区市町村", "designation_status_code": "local_other", "designation_status_ja": "独自制度", "heritage_type_major_code": "tangible", "heritage_type_major_ja": "有形文化財", "heritage_type_detail": "美術工芸品", "classification_confidence": "medium", "entity_class": "movable", "geometry_role": "representative_point", "source_location_role": "record_coordinate", "spatial_match_status": "point_unmatched", "complex_id": "13106-HG00070", "complex_name": "妙経寺", "complex_grouping_method": "place_name", "reason": "record_not_in_building", "item_count": 1, "attached_items_json": "", "source_municipality_gpkg": "13106_heritage.gpkg" }, "geometry": { "type": "Point", "coordinates": [ 139.78411, 35.70976 ] } },
{ "type": "Feature", "properties": { "municipality_code": "13106", "municipality_name": "台東区", "point_id": "record:131067100081", "point_kind": "cultural_record", "record_id": "131067100081", "record_ids": "131067100081", "name": "絹本著色朝顔・蜻蛉図 喜多川歌麿ほか筆", "names": "絹本著色朝顔・蜻蛉図 喜多川歌麿ほか筆", "place_name": "真源寺", "address_detail": "", "address": "", "category": "区民文化財", "type": "美術工芸品", "designation_level_code": "municipal", "designation_level_ja": "区市町村", "designation_status_code": "local_other", "designation_status_ja": "独自制度", "heritage_type_major_code": "tangible", "heritage_type_major_ja": "有形文化財", "heritage_type_detail": "美術工芸品", "classification_confidence": "medium", "entity_class": "movable", "geometry_role": "representative_point", "source_location_role": "record_coordinate", "spatial_match_status": "point_unmatched", "complex_id": "13106-HG00077", "complex_name": "真源寺", "complex_grouping_method": "place_name", "reason": "record_not_in_building", "item_count": 1, "attached_items_json": "", "source_municipality_gpkg": "13106_heritage.gpkg" }, "geometry": { "type": "Point", "coordinates": [ 139.781782, 35.718551 ] } },
{ "type": "Feature", "properties": { "municipality_code": "13106", "municipality_name": "台東区", "point_id": "record:131067100089", "point_kind": "cultural_record", "record_id": "131067100089", "record_ids": "131067100089", "name": "銅造宝篋印塔", "names": "銅造宝篋印塔", "place_name": "本龍院(待乳山聖天)", "address_detail": "", "address": "", "category": "区民文化財", "type": "美術工芸品", "designation_level_code": "municipal", "designation_level_ja": "区市町村", "designation_status_code": "local_other", "designation_status_ja": "独自制度", "heritage_type_major_code": "tangible", "heritage_type_major_ja": "有形文化財", "heritage_type_detail": "美術工芸品", "classification_confidence": "medium", "entity_class": "movable", "geometry_role": "representative_point", "source_location_role": "record_coordinate", "spatial_match_status": "point_unmatched", "complex_id": "13106-HG00084", "complex_name": "本龍院(待乳山聖天)", "complex_grouping_method": "place_name", "reason": "record_not_in_building", "item_count": 1, "attached_items_json": "", "source_municipality_gpkg": "13106_heritage.gpkg" }, "geometry": { "type": "Point", "coordinates": [ 139.803646, 35.716394 ] } },
{ "type": "Feature", "properties": { "municipality_code": "13106", "municipality_name": "台東区", "point_id": "record:131067100123", "point_kind": "cultural_record", "record_id": "131067100123", "record_ids": "131067100123", "name": "銅造阿弥陀如来立像及び両脇侍像", "names": "銅造阿弥陀如来立像及び両脇侍像", "place_name": "灯明寺", "address_detail": "", "address": "", "category": "区民文化財", "type": "美術工芸品", "designation_level_code": "municipal", "designation_level_ja": "区市町村", "designation_status_code": "local_other", "designation_status_ja": "独自制度", "heritage_type_major_code": "tangible", "heritage_type_major_ja": "有形文化財", "heritage_type_detail": "美術工芸品", "classification_confidence": "medium", "entity_class": "movable", "geometry_role": "representative_point", "source_location_role": "record_coordinate", "spatial_match_status": "point_unmatched", "complex_id": "13106-HG00096", "complex_name": "灯明寺", "complex_grouping_method": "place_name", "reason": "record_not_in_building", "item_count": 1, "attached_items_json": "", "source_municipality_gpkg": "13106_heritage.gpkg" }, "geometry": { "type": "Point", "coordinates": [ 139.783839, 35.716979 ] } },
{ "type": "Feature", "properties": { "municipality_code": "13106", "municipality_name": "台東区", "point_id": "record:131067100132", "point_kind": "cultural_record", "record_id": "131067100132", "record_ids": "131067100132", "name": "大太刀(陰陽丸)", "names": "大太刀(陰陽丸)", "place_name": "熱田神社", "address_detail": "", "address": "", "category": "区民文化財", "type": "有形民俗文化財", "designation_level_code": "municipal", "designation_level_ja": "区市町村", "designation_status_code": "local_other", "designation_status_ja": "独自制度", "heritage_type_major_code": "folk", "heritage_type_major_ja": "民俗文化財", "heritage_type_detail": "有形民俗文化財", "classification_confidence": "medium", "entity_class": "point", "geometry_role": "representative_point", "source_location_role": "record_coordinate", "spatial_match_status": "point_unmatched", "complex_id": "13106-HG00098", "complex_name": "熱田神社", "complex_grouping_method": "place_name", "reason": "record_not_in_building", "item_count": 1, "attached_items_json": "", "source_municipality_gpkg": "13106_heritage.gpkg" }, "geometry": { "type": "Point", "coordinates": [ 139.803194, 35.721618 ] } },
{ "type": "Feature", "properties": { "municipality_code": "13106", "municipality_name": "台東区", "point_id": "record:131067100158", "point_kind": "cultural_record", "record_id": "131067100158", "record_ids": "131067100158", "name": "銅鐘", "names": "銅鐘", "place_name": "宗林寺", "address_detail": "", "address": "", "category": "区民文化財", "type": "美術工芸品", "designation_level_code": "municipal", "designation_level_ja": "区市町村", "designation_status_code": "local_other", "designation_status_ja": "独自制度", "heritage_type_major_code": "tangible", "heritage_type_major_ja": "有形文化財", "heritage_type_detail": "美術工芸品", "classification_confidence": "medium", "entity_class": "movable", "geometry_role": "representative_point", "source_location_role": "record_coordinate", "spatial_match_status": "point_unmatched", "complex_id": "13106-HG00103", "complex_name": "宗林寺", "complex_grouping_method": "place_name", "reason": "record_not_in_building", "item_count": 1, "attached_items_json": "", "source_municipality_gpkg": "13106_heritage.gpkg" }, "geometry": { "type": "Point", "coordinates": [ 139.765089, 35.726192 ] } },
{ "type": "Feature", "properties": { "municipality_code": "13106", "municipality_name": "台東区", "point_id": "record:131067100164", "point_kind": "cultural_record", "record_id": "131067100164", "record_ids": "131067100164", "name": "銅造阿弥陀如来坐像", "names": "銅造阿弥陀如来坐像", "place_name": "仰願寺", "address_detail": "", "address": "", "category": "区民文化財", "type": "美術工芸品", "designation_level_code": "municipal", "designation_level_ja": "区市町村", "designation_status_code": "local_other", "designation_status_ja": "独自制度", "heritage_type_major_code": "tangible", "heritage_type_major_ja": "有形文化財", "heritage_type_detail": "美術工芸品", "classification_confidence": "medium", "entity_class": "movable", "geometry_role": "representative_point", "source_location_role": "record_coordinate", "spatial_match_status": "point_unmatched", "complex_id": "13106-HG00106", "complex_name": "仰願寺", "complex_grouping_method": "place_name", "reason": "record_not_in_building", "item_count": 1, "attached_items_json": "", "source_municipality_gpkg": "13106_heritage.gpkg" }, "geometry": { "type": "Point", "coordinates": [ 139.803682, 35.724747 ] } },
{ "type": "Feature", "properties": { "municipality_code": "13106", "municipality_name": "台東区", "point_id": "record:official_export_002:357", "point_kind": "cultural_record", "record_id": "official_export_002:357", "record_ids": "official_export_002:357", "name": "東京地下鉄銀座線浅草駅四番出入口上家", "names": "東京地下鉄銀座線浅草駅四番出入口上家", "place_name": "", "address_detail": "", "address": "東京都台東区雷門二丁目8地先", "category": "登録有形文化財(建造物)", "type": "建造物", "designation_level_code": "national", "designation_level_ja": "国", "designation_status_code": "registered", "designation_status_ja": "登録", "heritage_type_major_code": "tangible", "heritage_type_major_ja": "有形文化財", "heritage_type_detail": "建造物", "classification_confidence": "medium", "entity_class": "building_direct", "geometry_role": "building_candidate_point", "source_location_role": "record_coordinate", "spatial_match_status": "point_unmatched", "complex_id": "13106-HG00151", "complex_name": "東京地下鉄銀座線浅草駅四番出入口上家", "complex_grouping_method": "address", "reason": "building_direct_unmatched", "item_count": 1, "attached_items_json": "", "source_municipality_gpkg": "13106_heritage.gpkg" }, "geometry": { "type": "Point", "coordinates": [ 139.797875, 35.71050833 ] } },
{ "type": "Feature", "properties": { "municipality_code": "13106", "municipality_name": "台東区", "point_id": "record:official_export_003:14", "point_kind": "cultural_record", "record_id": "official_export_003:14", "record_ids": "official_export_003:14", "name": "蒲生君平墓", "names": "蒲生君平墓", "place_name": "", "address_detail": "", "address": "台東区谷中一丁目", "category": "史跡名勝天然記念物", "type": "天然記念物", "designation_level_code": "national", "designation_level_ja": "国", "designation_status_code": "designated", "designation_status_ja": "指定", "heritage_type_major_code": "monument", "heritage_type_major_ja": "記念物", "heritage_type_detail": "天然記念物", "classification_confidence": "medium", "entity_class": "point", "geometry_role": "representative_point", "source_location_role": "record_coordinate", "spatial_match_status": "point_unmatched", "complex_id": "13106-HG00158", "complex_name": "蒲生君平墓", "complex_grouping_method": "address", "reason": "record_not_in_building", "item_count": 1, "attached_items_json": "", "source_municipality_gpkg": "13106_heritage.gpkg" }, "geometry": { "type": "Point", "coordinates": [ 139.766135780000013, 35.72049176 ] } },
{ "type": "Feature", "properties": { "municipality_code": "13106", "municipality_name": "台東区", "point_id": "record:official_export_003:16", "point_kind": "cultural_record", "record_id": "official_export_003:16", "record_ids": "official_export_003:16", "name": "旧朝倉文夫氏庭園", "names": "旧朝倉文夫氏庭園", "place_name": "", "address_detail": "", "address": "台東区", "category": "史跡名勝天然記念物", "type": "天然記念物", "designation_level_code": "national", "designation_level_ja": "国", "designation_status_code": "designated", "designation_status_ja": "指定", "heritage_type_major_code": "monument", "heritage_type_major_ja": "記念物", "heritage_type_detail": "天然記念物", "classification_confidence": "medium", "entity_class": "point", "geometry_role": "representative_point", "source_location_role": "record_coordinate", "spatial_match_status": "point_unmatched", "complex_id": "13106-HG00159", "complex_name": "旧朝倉文夫氏庭園", "complex_grouping_method": "address", "reason": "record_not_in_building", "item_count": 1, "attached_items_json": "", "source_municipality_gpkg": "13106_heritage.gpkg" }, "geometry": { "type": "Point", "coordinates": [ 139.768748679999987, 35.72688039 ] } },
{ "type": "Feature", "properties": { "municipality_code": "13106", "municipality_name": "台東区", "point_id": "record:official_export_003:59", "point_kind": "cultural_record", "record_id": "official_export_003:59", "record_ids": "official_export_003:59", "name": "平賀源内墓", "names": "平賀源内墓", "place_name": "", "address_detail": "", "address": "台東区橋場二丁目", "category": "史跡名勝天然記念物", "type": "天然記念物", "designation_level_code": "national", "designation_level_ja": "国", "designation_status_code": "designated", "designation_status_ja": "指定", "heritage_type_major_code": "monument", "heritage_type_major_ja": "記念物", "heritage_type_detail": "天然記念物", "classification_confidence": "medium", "entity_class": "point", "geometry_role": "representative_point", "source_location_role": "record_coordinate", "spatial_match_status": "point_unmatched", "complex_id": "13106-HG00161", "complex_name": "平賀源内墓", "complex_grouping_method": "address", "reason": "record_not_in_building", "item_count": 1, "attached_items_json": "", "source_municipality_gpkg": "13106_heritage.gpkg" }, "geometry": { "type": "Point", "coordinates": [ 139.80580988, 35.72801195 ] } },
{ "type": "Feature", "properties": { "municipality_code": "13107", "municipality_name": "墨田区", "point_id": "record:171", "point_kind": "cultural_record", "record_id": "171", "record_ids": "171", "name": "赤穂浪士元禄義挙の跡", "names": "赤穂浪士元禄義挙の跡", "place_name": "", "address_detail": "", "address": "東京都墨田区両国3-6-11、13-9~12、14-6~8", "category": "都指定文化財", "type": "旧跡", "designation_level_code": "prefectural", "designation_level_ja": "都", "designation_status_code": "designated", "designation_status_ja": "指定", "heritage_type_major_code": "monument", "heritage_type_major_ja": "記念物", "heritage_type_detail": "旧跡", "classification_confidence": "high", "entity_class": "point", "geometry_role": "representative_point", "source_location_role": "record_coordinate", "spatial_match_status": "point_unmatched", "complex_id": "13107-HG00002", "complex_name": "説明板等の設置場所の所有者名:墨田区(道路公園課)", "complex_grouping_method": "owner_address", "reason": "record_not_in_building", "item_count": 1, "attached_items_json": "", "source_municipality_gpkg": "13107_heritage.gpkg" }, "geometry": { "type": "Point", "coordinates": [ 139.794552, 35.693073 ] } },
{ "type": "Feature", "properties": { "municipality_code": "13107", "municipality_name": "墨田区", "point_id": "record:197", "point_kind": "cultural_record", "record_id": "197", "record_ids": "197", "name": "旧安田庭園", "names": "旧安田庭園", "place_name": "", "address_detail": "", "address": "東京都墨田区横綱1-12-1", "category": "都指定文化財", "type": "名勝", "designation_level_code": "prefectural", "designation_level_ja": "都", "designation_status_code": "designated", "designation_status_ja": "指定", "heritage_type_major_code": "monument", "heritage_type_major_ja": "記念物", "heritage_type_detail": "名勝", "classification_confidence": "high", "entity_class": "point", "geometry_role": "representative_point", "source_location_role": "record_coordinate", "spatial_match_status": "point_unmatched", "complex_id": "13107-HG00003", "complex_name": "墨田区(道路公園課)", "complex_grouping_method": "owner_address", "reason": "record_not_in_building", "item_count": 1, "attached_items_json": "", "source_municipality_gpkg": "13107_heritage.gpkg" }, "geometry": { "type": "Point", "coordinates": [ 139.793736, 35.698366 ] } },
{ "type": "Feature", "properties": { "municipality_code": "13107", "municipality_name": "墨田区", "point_id": "record:131075100025", "point_kind": "cultural_record", "record_id": "131075100025", "record_ids": "131075100025", "name": "銅造榎本武揚像", "names": "銅造榎本武揚像", "place_name": "", "address_detail": "", "address": "", "category": "有形文化財(彫刻)", "type": "美術工芸品", "designation_level_code": "municipal", "designation_level_ja": "区市町村", "designation_status_code": "unknown", "designation_status_ja": "不明", "heritage_type_major_code": "tangible", "heritage_type_major_ja": "有形文化財", "heritage_type_detail": "彫刻", "classification_confidence": "low", "entity_class": "movable", "geometry_role": "representative_point", "source_location_role": "record_coordinate", "spatial_match_status": "point_unmatched", "complex_id": "13107-HG00021", "complex_name": "墨田区(道路公園課)", "complex_grouping_method": "exact_point", "reason": "record_not_in_building", "item_count": 1, "attached_items_json": "", "source_municipality_gpkg": "13107_heritage.gpkg" }, "geometry": { "type": "Point", "coordinates": [ 139.815519, 35.733019 ] } },
{ "type": "Feature", "properties": { "municipality_code": "13107", "municipality_name": "墨田区", "point_id": "record:131075100037", "point_kind": "cultural_record", "record_id": "131075100037", "record_ids": "131075100037", "name": "江島杉山神社所蔵琵琶 附 撥1点、柱1点、琵琶箱1点、琵琶箱蓋断片2点", "names": "江島杉山神社所蔵琵琶 附 撥1点、柱1点、琵琶箱1点、琵琶箱蓋断片2点", "place_name": "", "address_detail": "", "address": "", "category": "有形文化財(工芸品)", "type": "美術工芸品", "designation_level_code": "municipal", "designation_level_ja": "区市町村", "designation_status_code": "unknown", "designation_status_ja": "不明", "heritage_type_major_code": "tangible", "heritage_type_major_ja": "有形文化財", "heritage_type_detail": "美術工芸品", "classification_confidence": "low", "entity_class": "movable", "geometry_role": "representative_point", "source_location_role": "record_coordinate", "spatial_match_status": "point_unmatched", "complex_id": "13107-HG00026", "complex_name": "江島杉山神社", "complex_grouping_method": "exact_point", "reason": "record_not_in_building", "item_count": 1, "attached_items_json": "", "source_municipality_gpkg": "13107_heritage.gpkg" }, "geometry": { "type": "Point", "coordinates": [ 139.473426, 35.412917 ] } },
{ "type": "Feature", "properties": { "municipality_code": "13107", "municipality_name": "墨田区", "point_id": "record:131075100063", "point_kind": "cultural_record", "record_id": "131075100063", "record_ids": "131075100063", "name": "石造墨堤永代常夜燈", "names": "石造墨堤永代常夜燈", "place_name": "", "address_detail": "", "address": "", "category": "有形文化財(歴史資料)", "type": "歴史資料", "designation_level_code": "municipal", "designation_level_ja": "区市町村", "designation_status_code": "unknown", "designation_status_ja": "不明", "heritage_type_major_code": "tangible", "heritage_type_major_ja": "有形文化財", "heritage_type_detail": "歴史資料", "classification_confidence": "low", "entity_class": "point", "geometry_role": "representative_point", "source_location_role": "record_coordinate", "spatial_match_status": "point_unmatched", "complex_id": "13107-HG00038", "complex_name": "牛嶋神社", "complex_grouping_method": "exact_point", "reason": "record_not_in_building", "item_count": 1, "attached_items_json": "", "source_municipality_gpkg": "13107_heritage.gpkg" }, "geometry": { "type": "Point", "coordinates": [ 139.808453, 35.717585 ] } },
{ "type": "Feature", "properties": { "municipality_code": "13107", "municipality_name": "墨田区", "point_id": "record:131075100065", "point_kind": "cultural_record", "record_id": "131075100065", "record_ids": "131075100065", "name": "墨堤植桜之碑", "names": "墨堤植桜之碑", "place_name": "", "address_detail": "", "address": "", "category": "有形文化財(歴史資料)", "type": "歴史資料", "designation_level_code": "municipal", "designation_level_ja": "区市町村", "designation_status_code": "unknown", "designation_status_ja": "不明", "heritage_type_major_code": "tangible", "heritage_type_major_ja": "有形文化財", "heritage_type_detail": "歴史資料", "classification_confidence": "low", "entity_class": "point", "geometry_role": "representative_point", "source_location_role": "record_coordinate", "spatial_match_status": "point_unmatched", "complex_id": "13107-HG00040", "complex_name": "墨田区(道路公園課)", "complex_grouping_method": "exact_point", "reason": "record_not_in_building", "item_count": 1, "attached_items_json": "", "source_municipality_gpkg": "13107_heritage.gpkg" }, "geometry": { "type": "Point", "coordinates": [ 139.809058, 35.717722 ] } },
{ "type": "Feature", "properties": { "municipality_code": "13107", "municipality_name": "墨田区", "point_id": "record:131075100091", "point_kind": "cultural_record", "record_id": "131075100091", "record_ids": "131075100091", "name": "義士墓(那珂湊戦争関連資料)", "names": "義士墓(那珂湊戦争関連資料)", "place_name": "", "address_detail": "", "address": "", "category": "有形文化財(歴史資料)", "type": "歴史資料", "designation_level_code": "municipal", "designation_level_ja": "区市町村", "designation_status_code": "unknown", "designation_status_ja": "不明", "heritage_type_major_code": "tangible", "heritage_type_major_ja": "有形文化財", "heritage_type_detail": "歴史資料", "classification_confidence": "low", "entity_class": "point", "geometry_role": "representative_point", "source_location_role": "record_coordinate", "spatial_match_status": "point_unmatched", "complex_id": "13107-HG00052", "complex_name": "回向院", "complex_grouping_method": "exact_point", "reason": "record_not_in_building", "item_count": 1, "attached_items_json": "", "source_municipality_gpkg": "13107_heritage.gpkg" }, "geometry": { "type": "Point", "coordinates": [ 139.792449, 35.693339 ] } },
{ "type": "Feature", "properties": { "municipality_code": "13107", "municipality_name": "墨田区", "point_id": "record:131075100092", "point_kind": "cultural_record", "record_id": "131075100092", "record_ids": "131075100092", "name": "回向院の石造歴史災害供養塔群", "names": "回向院の石造歴史災害供養塔群", "place_name": "", "address_detail": "", "address": "", "category": "有形文化財(歴史資料)", "type": "歴史資料", "designation_level_code": "municipal", "designation_level_ja": "区市町村", "designation_status_code": "unknown", "designation_status_ja": "不明", "heritage_type_major_code": "tangible", "heritage_type_major_ja": "有形文化財", "heritage_type_detail": "歴史資料", "classification_confidence": "low", "entity_class": "point", "geometry_role": "representative_point", "source_location_role": "record_coordinate", "spatial_match_status": "point_unmatched", "complex_id": "13107-HG00053", "complex_name": "回向院", "complex_grouping_method": "exact_point", "reason": "record_not_in_building", "item_count": 1, "attached_items_json": "", "source_municipality_gpkg": "13107_heritage.gpkg" }, "geometry": { "type": "Point", "coordinates": [ 139.792418, 35.693421 ] } },
{ "type": "Feature", "properties": { "municipality_code": "13107", "municipality_name": "墨田区", "point_id": "record:131075100109", "point_kind": "cultural_record", "record_id": "131075100109", "record_ids": "131075100109", "name": "正覚寺の石造庚申塔(青面金剛童子)", "names": "正覚寺の石造庚申塔(青面金剛童子)", "place_name": "", "address_detail": "", "address": "", "category": "有形民俗文化財", "type": "有形民俗文化財", "designation_level_code": "municipal", "designation_level_ja": "区市町村", "designation_status_code": "unknown", "designation_status_ja": "不明", "heritage_type_major_code": "folk", "heritage_type_major_ja": "民俗文化財", "heritage_type_detail": "有形民俗文化財", "classification_confidence": "low", "entity_class": "point", "geometry_role": "representative_point", "source_location_role": "record_coordinate", "spatial_match_status": "point_unmatched", "complex_id": "13107-HG00058", "complex_name": "正覚寺", "complex_grouping_method": "exact_point", "reason": "record_not_in_building", "item_count": 1, "attached_items_json": "", "source_municipality_gpkg": "13107_heritage.gpkg" }, "geometry": { "type": "Point", "coordinates": [ 139.827742, 35.725822 ] } },
{ "type": "Feature", "properties": { "municipality_code": "13107", "municipality_name": "墨田区", "point_id": "record:131075100133", "point_kind": "cultural_record", "record_id": "131075100133", "record_ids": "131075100133", "name": "江戸木目込人形づくり", "names": "江戸木目込人形づくり", "place_name": "", "address_detail": "", "address": "", "category": "無形文化財(工芸技術)", "type": "美術工芸品", "designation_level_code": "municipal", "designation_level_ja": "区市町村", "designation_status_code": "unknown", "designation_status_ja": "不明", "heritage_type_major_code": "intangible", "heritage_type_major_ja": "無形文化財", "heritage_type_detail": "工芸技術", "classification_confidence": "low", "entity_class": "movable", "geometry_role": "representative_point", "source_location_role": "record_coordinate", "spatial_match_status": "point_unmatched", "complex_id": "13107-HG00070", "complex_name": "塚田 進(詠春)", "complex_grouping_method": "exact_point", "reason": "record_not_in_building", "item_count": 1, "attached_items_json": "", "source_municipality_gpkg": "13107_heritage.gpkg" }, "geometry": { "type": "Point", "coordinates": [ 139.809509, 35.715931 ] } },
{ "type": "Feature", "properties": { "municipality_code": "13107", "municipality_name": "墨田区", "point_id": "record:131075100137", "point_kind": "cultural_record", "record_id": "131075100137", "record_ids": "131075100137", "name": "ガラス工芸(江戸切子)", "names": "ガラス工芸(江戸切子)", "place_name": "", "address_detail": "", "address": "", "category": "無形文化財(工芸技術)", "type": "美術工芸品", "designation_level_code": "municipal", "designation_level_ja": "区市町村", "designation_status_code": "unknown", "designation_status_ja": "不明", "heritage_type_major_code": "intangible", "heritage_type_major_ja": "無形文化財", "heritage_type_detail": "工芸技術", "classification_confidence": "low", "entity_class": "movable", "geometry_role": "representative_point", "source_location_role": "record_coordinate", "spatial_match_status": "point_unmatched", "complex_id": "13107-HG00074", "complex_name": "山田 輝雄", "complex_grouping_method": "exact_point", "reason": "record_not_in_building", "item_count": 1, "attached_items_json": "", "source_municipality_gpkg": "13107_heritage.gpkg" }, "geometry": { "type": "Point", "coordinates": [ 139.828323, 35.704872 ] } },
{ "type": "Feature", "properties": { "municipality_code": "13107", "municipality_name": "墨田区", "point_id": "record:131075100139", "point_kind": "cultural_record", "record_id": "131075100139", "record_ids": "131075100139", "name": "江戸小紋", "names": "江戸小紋", "place_name": "", "address_detail": "", "address": "", "category": "無形文化財(工芸技術)", "type": "美術工芸品", "designation_level_code": "municipal", "designation_level_ja": "区市町村", "designation_status_code": "unknown", "designation_status_ja": "不明", "heritage_type_major_code": "intangible", "heritage_type_major_ja": "無形文化財", "heritage_type_detail": "工芸技術", "classification_confidence": "low", "entity_class": "movable", "geometry_role": "representative_point", "source_location_role": "record_coordinate", "spatial_match_status": "point_unmatched", "complex_id": "13107-HG00076", "complex_name": "五月女 利夫(利光)", "complex_grouping_method": "exact_point", "reason": "record_not_in_building", "item_count": 1, "attached_items_json": "", "source_municipality_gpkg": "13107_heritage.gpkg" }, "geometry": { "type": "Point", "coordinates": [ 139.807098, 35.705479 ] } },
{ "type": "Feature", "properties": { "municipality_code": "13107", "municipality_name": "墨田区", "point_id": "record:131075100141", "point_kind": "cultural_record", "record_id": "131075100141", "record_ids": "131075100141", "name": "江戸小紋", "names": "江戸小紋", "place_name": "", "address_detail": "", "address": "", "category": "無形文化財(工芸技術)", "type": "美術工芸品", "designation_level_code": "municipal", "designation_level_ja": "区市町村", "designation_status_code": "unknown", "designation_status_ja": "不明", "heritage_type_major_code": "intangible", "heritage_type_major_ja": "無形文化財", "heritage_type_detail": "工芸技術", "classification_confidence": "low", "entity_class": "movable", "geometry_role": "representative_point", "source_location_role": "record_coordinate", "spatial_match_status": "point_unmatched", "complex_id": "13107-HG00078", "complex_name": "中條 隆一", "complex_grouping_method": "exact_point", "reason": "record_not_in_building", "item_count": 1, "attached_items_json": "", "source_municipality_gpkg": "13107_heritage.gpkg" }, "geometry": { "type": "Point", "coordinates": [ 139.826492, 35.717472 ] } },
{ "type": "Feature", "properties": { "municipality_code": "13107", "municipality_name": "墨田区", "point_id": "record:131075100144", "point_kind": "cultural_record", "record_id": "131075100144", "record_ids": "131075100144", "name": "藍染(長板中形)", "names": "藍染(長板中形)", "place_name": "", "address_detail": "", "address": "", "category": "無形文化財(工芸技術)", "type": "美術工芸品", "designation_level_code": "municipal", "designation_level_ja": "区市町村", "designation_status_code": "unknown", "designation_status_ja": "不明", "heritage_type_major_code": "intangible", "heritage_type_major_ja": "無形文化財", "heritage_type_detail": "工芸技術", "classification_confidence": "low", "entity_class": "movable", "geometry_role": "representative_point", "source_location_role": "record_coordinate", "spatial_match_status": "point_unmatched", "complex_id": "13107-HG00080", "complex_name": "藤澤 幸宏", "complex_grouping_method": "exact_point", "reason": "record_not_in_building", "item_count": 1, "attached_items_json": "", "source_municipality_gpkg": "13107_heritage.gpkg" }, "geometry": { "type": "Point", "coordinates": [ 139.821136, 35.716888 ] } },
{ "type": "Feature", "properties": { "municipality_code": "13107", "municipality_name": "墨田区", "point_id": "record:131075100147", "point_kind": "cultural_record", "record_id": "131075100147", "record_ids": "131075100147", "name": "江戸表具", "names": "江戸表具", "place_name": "", "address_detail": "", "address": "", "category": "無形文化財(工芸技術)", "type": "美術工芸品", "designation_level_code": "municipal", "designation_level_ja": "区市町村", "designation_status_code": "unknown", "designation_status_ja": "不明", "heritage_type_major_code": "intangible", "heritage_type_major_ja": "無形文化財", "heritage_type_detail": "工芸技術", "classification_confidence": "low", "entity_class": "movable", "geometry_role": "representative_point", "source_location_role": "record_coordinate", "spatial_match_status": "point_unmatched", "complex_id": "13107-HG00083", "complex_name": "前川 治", "complex_grouping_method": "exact_point", "reason": "record_not_in_building", "item_count": 1, "attached_items_json": "", "source_municipality_gpkg": "13107_heritage.gpkg" }, "geometry": { "type": "Point", "coordinates": [ 139.797989, 35.689556 ] } },
{ "type": "Feature", "properties": { "municipality_code": "13107", "municipality_name": "墨田区", "point_id": "record:131075100148", "point_kind": "cultural_record", "record_id": "131075100148", "record_ids": "131075100148", "name": "表装(屏風づくり)", "names": "表装(屏風づくり)", "place_name": "", "address_detail": "", "address": "", "category": "無形文化財(工芸技術)", "type": "美術工芸品", "designation_level_code": "municipal", "designation_level_ja": "区市町村", "designation_status_code": "unknown", "designation_status_ja": "不明", "heritage_type_major_code": "intangible", "heritage_type_major_ja": "無形文化財", "heritage_type_detail": "工芸技術", "classification_confidence": "low", "entity_class": "movable", "geometry_role": "representative_point", "source_location_role": "record_coordinate", "spatial_match_status": "point_unmatched", "complex_id": "13107-HG00084", "complex_name": "片岡 恭一", "complex_grouping_method": "exact_point", "reason": "record_not_in_building", "item_count": 1, "attached_items_json": "", "source_municipality_gpkg": "13107_heritage.gpkg" }, "geometry": { "type": "Point", "coordinates": [ 139.807831, 35.710445 ] } },
{ "type": "Feature", "properties": { "municipality_code": "13107", "municipality_name": "墨田区", "point_id": "record:131075100157", "point_kind": "cultural_record", "record_id": "131075100157", "record_ids": "131075100157", "name": "墨堤の桜", "names": "墨堤の桜", "place_name": "", "address_detail": "", "address": "", "category": "名勝", "type": "名勝", "designation_level_code": "municipal", "designation_level_ja": "区市町村", "designation_status_code": "unknown", "designation_status_ja": "不明", "heritage_type_major_code": "monument", "heritage_type_major_ja": "記念物", "heritage_type_detail": "名勝", "classification_confidence": "low", "entity_class": "point", "geometry_role": "representative_point", "source_location_role": "record_coordinate", "spatial_match_status": "point_unmatched", "complex_id": "13107-HG00086", "complex_name": "墨田区(道路公園課)", "complex_grouping_method": "exact_point", "reason": "record_not_in_building", "item_count": 1, "attached_items_json": "", "source_municipality_gpkg": "13107_heritage.gpkg" }, "geometry": { "type": "Point", "coordinates": [ 139.805991, 35.715077 ] } },
{ "type": "Feature", "properties": { "municipality_code": "13107", "municipality_name": "墨田区", "point_id": "record:official_export_003:65", "point_kind": "cultural_record", "record_id": "official_export_003:65", "record_ids": "official_export_003:65", "name": "向島百花園", "names": "向島百花園", "place_name": "", "address_detail": "", "address": "墨田区向島三丁目", "category": "史跡名勝天然記念物", "type": "天然記念物", "designation_level_code": "national", "designation_level_ja": "国", "designation_status_code": "designated", "designation_status_ja": "指定", "heritage_type_major_code": "monument", "heritage_type_major_ja": "記念物", "heritage_type_detail": "天然記念物", "classification_confidence": "medium", "entity_class": "point", "geometry_role": "representative_point", "source_location_role": "record_coordinate", "spatial_match_status": "point_unmatched", "complex_id": "13107-HG00090", "complex_name": "向島百花園", "complex_grouping_method": "address", "reason": "record_not_in_building", "item_count": 1, "attached_items_json": "", "source_municipality_gpkg": "13107_heritage.gpkg" }, "geometry": { "type": "Point", "coordinates": [ 139.81555606, 35.72423695 ] } },
{ "type": "Feature", "properties": { "municipality_code": "13108", "municipality_name": "江東区", "point_id": "record:38", "point_kind": "cultural_record", "record_id": "38", "record_ids": "38", "name": "銅造地蔵菩薩坐像(江戸六地蔵の一)", "names": "銅造地蔵菩薩坐像(江戸六地蔵の一)", "place_name": "", "address_detail": "霊厳寺", "address": "東京都江東区白河1-3-32", "category": "都指定文化財", "type": "美術工芸品", "designation_level_code": "prefectural", "designation_level_ja": "都", "designation_status_code": "designated", "designation_status_ja": "指定", "heritage_type_major_code": "tangible", "heritage_type_major_ja": "有形文化財", "heritage_type_detail": "美術工芸品", "classification_confidence": "high", "entity_class": "movable", "geometry_role": "representative_point", "source_location_role": "record_coordinate", "spatial_match_status": "point_unmatched", "complex_id": "13108-HG00001", "complex_name": "霊厳寺", "complex_grouping_method": "owner_address", "reason": "record_not_in_building", "item_count": 1, "attached_items_json": "", "source_municipality_gpkg": "13108_heritage.gpkg" }, "geometry": { "type": "Point", "coordinates": [ 139.800204, 35.681494 ] } },
{ "type": "Feature", "properties": { "municipality_code": "13108", "municipality_name": "江東区", "point_id": "record:198", "point_kind": "cultural_record", "record_id": "198", "record_ids": "198", "name": "清澄庭園", "names": "清澄庭園", "place_name": "", "address_detail": "", "address": "東京都江東区清澄3-3", "category": "都指定文化財", "type": "名勝", "designation_level_code": "prefectural", "designation_level_ja": "都", "designation_status_code": "designated", "designation_status_ja": "指定", "heritage_type_major_code": "monument", "heritage_type_major_ja": "記念物", "heritage_type_detail": "名勝", "classification_confidence": "high", "entity_class": "point", "geometry_role": "representative_point", "source_location_role": "record_coordinate", "spatial_match_status": "point_unmatched", "complex_id": "13108-HG00002", "complex_name": "東京都(建設局)", "complex_grouping_method": "owner_address", "reason": "record_not_in_building", "item_count": 1, "attached_items_json": "", "source_municipality_gpkg": "13108_heritage.gpkg" }, "geometry": { "type": "Point", "coordinates": [ 139.796757, 35.679538 ] } },
{ "type": "Feature", "properties": { "municipality_code": "13108", "municipality_name": "江東区", "point_id": "record:131083000000.0", "point_kind": "cultural_record", "record_id": "131083000000.0", "record_ids": "131083000000.0", "name": "新大橋親柱", "names": "新大橋親柱", "place_name": "新大橋東詰公園", "address_detail": "", "address": "", "category": "江東区登録文化財", "type": "建造物", "designation_level_code": "municipal", "designation_level_ja": "区市町村", "designation_status_code": "registered", "designation_status_ja": "登録", "heritage_type_major_code": "tangible", "heritage_type_major_ja": "有形文化財", "heritage_type_detail": "建造物", "classification_confidence": "medium", "entity_class": "building_direct", "geometry_role": "building_candidate_point", "source_location_role": "record_coordinate", "spatial_match_status": "point_unmatched", "complex_id": "13108-HG00006", "complex_name": "新大橋東詰公園", "complex_grouping_method": "place_name", "reason": "building_direct_unmatched", "item_count": 1, "attached_items_json": "", "source_municipality_gpkg": "13108_heritage.gpkg" }, "geometry": { "type": "Point", "coordinates": [ 139.793454, 35.687659 ] } },
{ "type": "Feature", "properties": { "municipality_code": "13108", "municipality_name": "江東区", "point_id": "record:131083000000.0", "point_kind": "cultural_record", "record_id": "131083000000.0", "record_ids": "131083000000.0", "name": "石造六角宝塔 貞享2年在銘", "names": "石造六角宝塔 貞享2年在銘", "place_name": "宇迦八幡宮", "address_detail": "", "address": "", "category": "江東区登録文化財", "type": "建造物", "designation_level_code": "municipal", "designation_level_ja": "区市町村", "designation_status_code": "registered", "designation_status_ja": "登録", "heritage_type_major_code": "tangible", "heritage_type_major_ja": "有形文化財", "heritage_type_detail": "建造物", "classification_confidence": "medium", "entity_class": "building_direct", "geometry_role": "building_candidate_point", "source_location_role": "record_coordinate", "spatial_match_status": "point_unmatched", "complex_id": "13108-HG00025", "complex_name": "宇迦八幡宮", "complex_grouping_method": "place_name", "reason": "building_direct_unmatched", "item_count": 1, "attached_items_json": "", "source_municipality_gpkg": "13108_heritage.gpkg" }, "geometry": { "type": "Point", "coordinates": [ 139.815016, 35.682329 ] } },
{ "type": "Feature", "properties": { "municipality_code": "13108", "municipality_name": "江東区", "point_id": "record:131083000000.0", "point_kind": "cultural_record", "record_id": "131083000000.0", "record_ids": "131083000000.0", "name": "石造狛犬 大正13年在銘 一対", "names": "石造狛犬 大正13年在銘 一対", "place_name": "賀来神社", "address_detail": "", "address": "", "category": "江東区登録文化財", "type": "美術工芸品", "designation_level_code": "municipal", "designation_level_ja": "区市町村", "designation_status_code": "registered", "designation_status_ja": "登録", "heritage_type_major_code": "tangible", "heritage_type_major_ja": "有形文化財", "heritage_type_detail": "美術工芸品", "classification_confidence": "medium", "entity_class": "movable", "geometry_role": "representative_point", "source_location_role": "record_coordinate", "spatial_match_status": "point_unmatched", "complex_id": "13108-HG00092", "complex_name": "賀来神社", "complex_grouping_method": "place_name", "reason": "record_not_in_building", "item_count": 1, "attached_items_json": "", "source_municipality_gpkg": "13108_heritage.gpkg" }, "geometry": { "type": "Point", "coordinates": [ 139.803032, 35.668001 ] } },
{ "type": "Feature", "properties": { "municipality_code": "13108", "municipality_name": "江東区", "point_id": "record:131083000000.0", "point_kind": "cultural_record", "record_id": "131083000000.0", "record_ids": "131083000000.0", "name": "木造阿弥陀如来立像", "names": "木造阿弥陀如来立像", "place_name": "浄楽寺", "address_detail": "", "address": "", "category": "江東区登録文化財", "type": "美術工芸品", "designation_level_code": "municipal", "designation_level_ja": "区市町村", "designation_status_code": "registered", "designation_status_ja": "登録", "heritage_type_major_code": "tangible", "heritage_type_major_ja": "有形文化財", "heritage_type_detail": "美術工芸品", "classification_confidence": "medium", "entity_class": "movable", "geometry_role": "representative_point", "source_location_role": "record_coordinate", "spatial_match_status": "point_unmatched", "complex_id": "13108-HG00093", "complex_name": "浄楽寺", "complex_grouping_method": "place_name", "reason": "record_not_in_building", "item_count": 1, "attached_items_json": "", "source_municipality_gpkg": "13108_heritage.gpkg" }, "geometry": { "type": "Point", "coordinates": [ 139.831174, 35.688027 ] } },
{ "type": "Feature", "properties": { "municipality_code": "13108", "municipality_name": "江東区", "point_id": "record:131083000000.0", "point_kind": "cultural_record", "record_id": "131083000000.0", "record_ids": "131083000000.0", "name": "渋沢栄一書簡", "names": "渋沢栄一書簡", "place_name": "", "address_detail": "", "address": "", "category": "江東区登録文化財", "type": "美術工芸品", "designation_level_code": "municipal", "designation_level_ja": "区市町村", "designation_status_code": "registered", "designation_status_ja": "登録", "heritage_type_major_code": "tangible", "heritage_type_major_ja": "有形文化財", "heritage_type_detail": "美術工芸品", "classification_confidence": "medium", "entity_class": "movable", "geometry_role": "representative_point", "source_location_role": "record_coordinate", "spatial_match_status": "point_unmatched", "complex_id": "13108-HG00102", "complex_name": "個人蔵", "complex_grouping_method": "exact_point", "reason": "record_not_in_building", "item_count": 1, "attached_items_json": "", "source_municipality_gpkg": "13108_heritage.gpkg" }, "geometry": { "type": "Point", "coordinates": [ 139.806794, 35.667625 ] } },
{ "type": "Feature", "properties": { "municipality_code": "13108", "municipality_name": "江東区", "point_id": "record:131083000000.0", "point_kind": "cultural_record", "record_id": "131083000000.0", "record_ids": "131083000000.0", "name": "斎藤家文書 4点", "names": "斎藤家文書 4点", "place_name": "", "address_detail": "", "address": "", "category": "江東区登録文化財", "type": "美術工芸品", "designation_level_code": "municipal", "designation_level_ja": "区市町村", "designation_status_code": "registered", "designation_status_ja": "登録", "heritage_type_major_code": "tangible", "heritage_type_major_ja": "有形文化財", "heritage_type_detail": "美術工芸品", "classification_confidence": "medium", "entity_class": "movable", "geometry_role": "representative_point", "source_location_role": "record_coordinate", "spatial_match_status": "point_unmatched", "complex_id": "13108-HG00104", "complex_name": "個人蔵", "complex_grouping_method": "exact_point", "reason": "record_not_in_building", "item_count": 1, "attached_items_json": "", "source_municipality_gpkg": "13108_heritage.gpkg" }, "geometry": { "type": "Point", "coordinates": [ 139.845094, 35.690383 ] } },
{ "type": "Feature", "properties": { "municipality_code": "13108", "municipality_name": "江東区", "point_id": "record:131083000000.0", "point_kind": "cultural_record", "record_id": "131083000000.0", "record_ids": "131083000000.0", "name": "桜井山興墓碑", "names": "桜井山興墓碑", "place_name": "勢至院(墓地)", "address_detail": "", "address": "", "category": "江東区登録文化財", "type": "美術工芸品", "designation_level_code": "municipal", "designation_level_ja": "区市町村", "designation_status_code": "registered", "designation_status_ja": "登録", "heritage_type_major_code": "tangible", "heritage_type_major_ja": "有形文化財", "heritage_type_detail": "美術工芸品", "classification_confidence": "medium", "entity_class": "movable", "geometry_role": "representative_point", "source_location_role": "record_coordinate", "spatial_match_status": "point_unmatched", "complex_id": "13108-HG00112", "complex_name": "勢至院(墓地)", "complex_grouping_method": "place_name", "reason": "record_not_in_building", "item_count": 1, "attached_items_json": "", "source_municipality_gpkg": "13108_heritage.gpkg" }, "geometry": { "type": "Point", "coordinates": [ 139.800379, 35.679562 ] } },
{ "type": "Feature", "properties": { "municipality_code": "13108", "municipality_name": "江東区", "point_id": "record:131083000000.0", "point_kind": "cultural_record", "record_id": "131083000000.0", "record_ids": "131083000000.0", "name": "猿江恩賜公園由来碑", "names": "猿江恩賜公園由来碑", "place_name": "猿江恩賜公園", "address_detail": "", "address": "", "category": "江東区登録文化財", "type": "美術工芸品", "designation_level_code": "municipal", "designation_level_ja": "区市町村", "designation_status_code": "registered", "designation_status_ja": "登録", "heritage_type_major_code": "tangible", "heritage_type_major_ja": "有形文化財", "heritage_type_detail": "美術工芸品", "classification_confidence": "medium", "entity_class": "movable", "geometry_role": "representative_point", "source_location_role": "record_coordinate", "spatial_match_status": "point_unmatched", "complex_id": "13108-HG00116", "complex_name": "猿江恩賜公園", "complex_grouping_method": "place_name", "reason": "record_not_in_building", "item_count": 1, "attached_items_json": "", "source_municipality_gpkg": "13108_heritage.gpkg" }, "geometry": { "type": "Point", "coordinates": [ 139.817134, 35.688643 ] } },
{ "type": "Feature", "properties": { "municipality_code": "13108", "municipality_name": "江東区", "point_id": "record:131083000000.0", "point_kind": "cultural_record", "record_id": "131083000000.0", "record_ids": "131083000000.0", "name": "六字名号供養塔 伝祐天書", "names": "六字名号供養塔 伝祐天書", "place_name": "祐天堂", "address_detail": "", "address": "", "category": "江東区登録文化財", "type": "美術工芸品", "designation_level_code": "municipal", "designation_level_ja": "区市町村", "designation_status_code": "registered", "designation_status_ja": "登録", "heritage_type_major_code": "tangible", "heritage_type_major_ja": "有形文化財", "heritage_type_detail": "美術工芸品", "classification_confidence": "medium", "entity_class": "movable", "geometry_role": "representative_point", "source_location_role": "record_coordinate", "spatial_match_status": "point_unmatched", "complex_id": "13108-HG00120", "complex_name": "祐天堂", "complex_grouping_method": "place_name", "reason": "record_not_in_building", "item_count": 1, "attached_items_json": "", "source_municipality_gpkg": "13108_heritage.gpkg" }, "geometry": { "type": "Point", "coordinates": [ 139.823649, 35.706022 ] } },
{ "type": "Feature", "properties": { "municipality_code": "13108", "municipality_name": "江東区", "point_id": "record:131083000000.0", "point_kind": "cultural_record", "record_id": "131083000000.0", "record_ids": "131083000000.0", "name": "簾製作", "names": "簾製作", "place_name": "", "address_detail": "", "address": "", "category": "江東区指定文化財", "type": "美術工芸品", "designation_level_code": "municipal", "designation_level_ja": "区市町村", "designation_status_code": "designated", "designation_status_ja": "指定", "heritage_type_major_code": "tangible", "heritage_type_major_ja": "有形文化財", "heritage_type_detail": "美術工芸品", "classification_confidence": "medium", "entity_class": "movable", "geometry_role": "representative_point", "source_location_role": "record_coordinate", "spatial_match_status": "point_unmatched", "complex_id": "13108-HG00126", "complex_name": "豊田 勇", "complex_grouping_method": "exact_point", "reason": "record_not_in_building", "item_count": 1, "attached_items_json": "", "source_municipality_gpkg": "13108_heritage.gpkg" }, "geometry": { "type": "Point", "coordinates": [ 139.792737, 35.688518 ] } },
{ "type": "Feature", "properties": { "municipality_code": "13108", "municipality_name": "江東区", "point_id": "record:131083000000.0", "point_kind": "cultural_record", "record_id": "131083000000.0", "record_ids": "131083000000.0", "name": "染織(紋章上絵)", "names": "染織(紋章上絵)", "place_name": "", "address_detail": "", "address": "", "category": "江東区登録文化財", "type": "美術工芸品", "designation_level_code": "municipal", "designation_level_ja": "区市町村", "designation_status_code": "registered", "designation_status_ja": "登録", "heritage_type_major_code": "tangible", "heritage_type_major_ja": "有形文化財", "heritage_type_detail": "美術工芸品", "classification_confidence": "medium", "entity_class": "movable", "geometry_role": "representative_point", "source_location_role": "record_coordinate", "spatial_match_status": "point_unmatched", "complex_id": "13108-HG00127", "complex_name": "石合信也", "complex_grouping_method": "exact_point", "reason": "record_not_in_building", "item_count": 1, "attached_items_json": "", "source_municipality_gpkg": "13108_heritage.gpkg" }, "geometry": { "type": "Point", "coordinates": [ 139.795683, 35.688491 ] } },
{ "type": "Feature", "properties": { "municipality_code": "13108", "municipality_name": "江東区", "point_id": "record:131083000000.0", "point_kind": "cultural_record", "record_id": "131083000000.0", "record_ids": "131083000000.0", "name": "木工(建具)", "names": "木工(建具)", "place_name": "", "address_detail": "", "address": "", "category": "江東区登録文化財", "type": "美術工芸品", "designation_level_code": "municipal", "designation_level_ja": "区市町村", "designation_status_code": "registered", "designation_status_ja": "登録", "heritage_type_major_code": "tangible", "heritage_type_major_ja": "有形文化財", "heritage_type_detail": "美術工芸品", "classification_confidence": "medium", "entity_class": "movable", "geometry_role": "representative_point", "source_location_role": "record_coordinate", "spatial_match_status": "point_unmatched", "complex_id": "13108-HG00129", "complex_name": "友國三郎", "complex_grouping_method": "exact_point", "reason": "record_not_in_building", "item_count": 1, "attached_items_json": "", "source_municipality_gpkg": "13108_heritage.gpkg" }, "geometry": { "type": "Point", "coordinates": [ 139.802585, 35.680184 ] } },
{ "type": "Feature", "properties": { "municipality_code": "13108", "municipality_name": "江東区", "point_id": "record:131083000000.0", "point_kind": "cultural_record", "record_id": "131083000000.0", "record_ids": "131083000000.0", "name": "縫紋", "names": "縫紋", "place_name": "", "address_detail": "", "address": "", "category": "江東区登録文化財", "type": "美術工芸品", "designation_level_code": "municipal", "designation_level_ja": "区市町村", "designation_status_code": "registered", "designation_status_ja": "登録", "heritage_type_major_code": "tangible", "heritage_type_major_ja": "有形文化財", "heritage_type_detail": "美術工芸品", "classification_confidence": "medium", "entity_class": "movable", "geometry_role": "representative_point", "source_location_role": "record_coordinate", "spatial_match_status": "point_unmatched", "complex_id": "13108-HG00130", "complex_name": "天野一男", "complex_grouping_method": "exact_point", "reason": "record_not_in_building", "item_count": 1, "attached_items_json": "", "source_municipality_gpkg": "13108_heritage.gpkg" }, "geometry": { "type": "Point", "coordinates": [ 139.799811, 35.681353 ] } },
{ "type": "Feature", "properties": { "municipality_code": "13108", "municipality_name": "江東区", "point_id": "record:131083000000.0", "point_kind": "cultural_record", "record_id": "131083000000.0", "record_ids": "131083000000.0", "name": "木工(箱風呂)", "names": "木工(箱風呂)", "place_name": "", "address_detail": "", "address": "", "category": "江東区登録文化財", "type": "美術工芸品", "designation_level_code": "municipal", "designation_level_ja": "区市町村", "designation_status_code": "registered", "designation_status_ja": "登録", "heritage_type_major_code": "tangible", "heritage_type_major_ja": "有形文化財", "heritage_type_detail": "美術工芸品", "classification_confidence": "medium", "entity_class": "movable", "geometry_role": "representative_point", "source_location_role": "record_coordinate", "spatial_match_status": "point_unmatched", "complex_id": "13108-HG00131", "complex_name": "和田輝男", "complex_grouping_method": "exact_point", "reason": "record_not_in_building", "item_count": 1, "attached_items_json": "", "source_municipality_gpkg": "13108_heritage.gpkg" }, "geometry": { "type": "Point", "coordinates": [ 139.793043, 35.675577 ] } },
{ "type": "Feature", "properties": { "municipality_code": "13108", "municipality_name": "江東区", "point_id": "record:131083000000.0", "point_kind": "cultural_record", "record_id": "131083000000.0", "record_ids": "131083000000.0", "name": "表具", "names": "表具", "place_name": "", "address_detail": "", "address": "", "category": "江東区登録文化財", "type": "美術工芸品", "designation_level_code": "municipal", "designation_level_ja": "区市町村", "designation_status_code": "registered", "designation_status_ja": "登録", "heritage_type_major_code": "tangible", "heritage_type_major_ja": "有形文化財", "heritage_type_detail": "美術工芸品", "classification_confidence": "medium", "entity_class": "movable", "geometry_role": "representative_point", "source_location_role": "record_coordinate", "spatial_match_status": "point_unmatched", "complex_id": "13108-HG00137", "complex_name": "岩崎 晃", "complex_grouping_method": "exact_point", "reason": "record_not_in_building", "item_count": 1, "attached_items_json": "", "source_municipality_gpkg": "13108_heritage.gpkg" }, "geometry": { "type": "Point", "coordinates": [ 139.807828, 35.670555 ] } },
{ "type": "Feature", "properties": { "municipality_code": "13108", "municipality_name": "江東区", "point_id": "record:131083000000.0", "point_kind": "cultural_record", "record_id": "131083000000.0", "record_ids": "131083000000.0", "name": "染織(更紗染)", "names": "染織(更紗染)", "place_name": "", "address_detail": "", "address": "", "category": "江東区指定文化財", "type": "美術工芸品", "designation_level_code": "municipal", "designation_level_ja": "区市町村", "designation_status_code": "designated", "designation_status_ja": "指定", "heritage_type_major_code": "tangible", "heritage_type_major_ja": "有形文化財", "heritage_type_detail": "美術工芸品", "classification_confidence": "medium", "entity_class": "movable", "geometry_role": "representative_point", "source_location_role": "record_coordinate", "spatial_match_status": "point_unmatched", "complex_id": "13108-HG00140", "complex_name": "佐野利夫", "complex_grouping_method": "exact_point", "reason": "record_not_in_building", "item_count": 1, "attached_items_json": "", "source_municipality_gpkg": "13108_heritage.gpkg" }, "geometry": { "type": "Point", "coordinates": [ 139.83719, 35.690537 ] } },
{ "type": "Feature", "properties": { "municipality_code": "13108", "municipality_name": "江東区", "point_id": "record:131083000000.0", "point_kind": "cultural_record", "record_id": "131083000000.0", "record_ids": "131083000000.0", "name": "地蔵供養塔 寛永20年在銘", "names": "地蔵供養塔 寛永20年在銘", "place_name": "潮江院(墓地)", "address_detail": "", "address": "", "category": "江東区登録文化財", "type": "美術工芸品", "designation_level_code": "municipal", "designation_level_ja": "区市町村", "designation_status_code": "registered", "designation_status_ja": "登録", "heritage_type_major_code": "tangible", "heritage_type_major_ja": "有形文化財", "heritage_type_detail": "美術工芸品", "classification_confidence": "medium", "entity_class": "movable", "geometry_role": "representative_point", "source_location_role": "record_coordinate", "spatial_match_status": "point_unmatched", "complex_id": "13108-HG00147", "complex_name": "潮江院(墓地)", "complex_grouping_method": "place_name", "reason": "record_not_in_building", "item_count": 1, "attached_items_json": "", "source_municipality_gpkg": "13108_heritage.gpkg" }, "geometry": { "type": "Point", "coordinates": [ 139.801505, 35.68059 ] } },
{ "type": "Feature", "properties": { "municipality_code": "13108", "municipality_name": "江東区", "point_id": "record:131083000000.0", "point_kind": "cultural_record", "record_id": "131083000000.0", "record_ids": "131083000000.0", "name": "帝釈天像", "names": "帝釈天像", "place_name": "", "address_detail": "", "address": "", "category": "江東区登録文化財", "type": "美術工芸品", "designation_level_code": "municipal", "designation_level_ja": "区市町村", "designation_status_code": "registered", "designation_status_ja": "登録", "heritage_type_major_code": "tangible", "heritage_type_major_ja": "有形文化財", "heritage_type_detail": "美術工芸品", "classification_confidence": "medium", "entity_class": "movable", "geometry_role": "representative_point", "source_location_role": "record_coordinate", "spatial_match_status": "point_unmatched", "complex_id": "13108-HG00148", "complex_name": "個人蔵", "complex_grouping_method": "exact_point", "reason": "record_not_in_building", "item_count": 1, "attached_items_json": "", "source_municipality_gpkg": "13108_heritage.gpkg" }, "geometry": { "type": "Point", "coordinates": [ 139.799503, 35.685416 ] } },
{ "type": "Feature", "properties": { "municipality_code": "13108", "municipality_name": "江東区", "point_id": "record:131083000000.0", "point_kind": "cultural_record", "record_id": "131083000000.0", "record_ids": "131083000000.0", "name": "力石 10個", "names": "力石 10個", "place_name": "紀文稲荷神社", "address_detail": "", "address": "", "category": "江東区登録文化財", "type": "美術工芸品", "designation_level_code": "municipal", "designation_level_ja": "区市町村", "designation_status_code": "registered", "designation_status_ja": "登録", "heritage_type_major_code": "tangible", "heritage_type_major_ja": "有形文化財", "heritage_type_detail": "美術工芸品", "classification_confidence": "medium", "entity_class": "movable", "geometry_role": "representative_point", "source_location_role": "record_coordinate", "spatial_match_status": "point_unmatched", "complex_id": "13108-HG00150", "complex_name": "紀文稲荷神社", "complex_grouping_method": "place_name", "reason": "record_not_in_building", "item_count": 1, "attached_items_json": "", "source_municipality_gpkg": "13108_heritage.gpkg" }, "geometry": { "type": "Point", "coordinates": [ 139.791438, 35.675916 ] } },
{ "type": "Feature", "properties": { "municipality_code": "13108", "municipality_name": "江東区", "point_id": "record:131083000000.0", "point_kind": "cultural_record", "record_id": "131083000000.0", "record_ids": "131083000000.0", "name": "水盤 文久3年在銘", "names": "水盤 文久3年在銘", "place_name": "小浜稲荷神社", "address_detail": "", "address": "", "category": "江東区登録文化財", "type": "美術工芸品", "designation_level_code": "municipal", "designation_level_ja": "区市町村", "designation_status_code": "registered", "designation_status_ja": "登録", "heritage_type_major_code": "tangible", "heritage_type_major_ja": "有形文化財", "heritage_type_detail": "美術工芸品", "classification_confidence": "medium", "entity_class": "movable", "geometry_role": "representative_point", "source_location_role": "record_coordinate", "spatial_match_status": "point_unmatched", "complex_id": "13108-HG00151", "complex_name": "小浜稲荷神社", "complex_grouping_method": "place_name", "reason": "record_not_in_building", "item_count": 1, "attached_items_json": "", "source_municipality_gpkg": "13108_heritage.gpkg" }, "geometry": { "type": "Point", "coordinates": [ 139.792954, 35.675826 ] } },
{ "type": "Feature", "properties": { "municipality_code": "13108", "municipality_name": "江東区", "point_id": "record:131083000000.0", "point_kind": "cultural_record", "record_id": "131083000000.0", "record_ids": "131083000000.0", "name": "亀戸の富士塚", "names": "亀戸の富士塚", "place_name": "区立亀戸浅間公園内", "address_detail": "", "address": "", "category": "江東区指定文化財", "type": "美術工芸品", "designation_level_code": "municipal", "designation_level_ja": "区市町村", "designation_status_code": "designated", "designation_status_ja": "指定", "heritage_type_major_code": "tangible", "heritage_type_major_ja": "有形文化財", "heritage_type_detail": "美術工芸品", "classification_confidence": "medium", "entity_class": "movable", "geometry_role": "representative_point", "source_location_role": "record_coordinate", "spatial_match_status": "point_unmatched", "complex_id": "13108-HG00157", "complex_name": "区立亀戸浅間公園内", "complex_grouping_method": "place_name", "reason": "record_not_in_building", "item_count": 1, "attached_items_json": "", "source_municipality_gpkg": "13108_heritage.gpkg" }, "geometry": { "type": "Point", "coordinates": [ 139.844199, 35.695884 ] } },
{ "type": "Feature", "properties": { "municipality_code": "13108", "municipality_name": "江東区", "point_id": "record:131083000000.0", "point_kind": "cultural_record", "record_id": "131083000000.0", "record_ids": "131083000000.0", "name": "庚申塔 正徳2年在銘", "names": "庚申塔 正徳2年在銘", "place_name": "子安児童遊園", "address_detail": "", "address": "", "category": "江東区登録文化財", "type": "美術工芸品", "designation_level_code": "municipal", "designation_level_ja": "区市町村", "designation_status_code": "registered", "designation_status_ja": "登録", "heritage_type_major_code": "tangible", "heritage_type_major_ja": "有形文化財", "heritage_type_detail": "美術工芸品", "classification_confidence": "medium", "entity_class": "movable", "geometry_role": "representative_point", "source_location_role": "record_coordinate", "spatial_match_status": "point_unmatched", "complex_id": "13108-HG00159", "complex_name": "子安児童遊園", "complex_grouping_method": "place_name", "reason": "record_not_in_building", "item_count": 1, "attached_items_json": "", "source_municipality_gpkg": "13108_heritage.gpkg" }, "geometry": { "type": "Point", "coordinates": [ 139.841299, 35.687724 ] } },
{ "type": "Feature", "properties": { "municipality_code": "13108", "municipality_name": "江東区", "point_id": "record:131083000000.0", "point_kind": "cultural_record", "record_id": "131083000000.0", "record_ids": "131083000000.0", "name": "中洲の渡し跡", "names": "中洲の渡し跡", "place_name": "", "address_detail": "", "address": "", "category": "江東区登録文化財", "type": "史跡", "designation_level_code": "municipal", "designation_level_ja": "区市町村", "designation_status_code": "registered", "designation_status_ja": "登録", "heritage_type_major_code": "monument", "heritage_type_major_ja": "記念物", "heritage_type_detail": "史跡", "classification_confidence": "medium", "entity_class": "point", "geometry_role": "representative_point", "source_location_role": "record_coordinate", "spatial_match_status": "point_unmatched", "complex_id": "13108-HG00170", "complex_name": "中洲の渡し跡", "complex_grouping_method": "exact_point", "reason": "record_not_in_building", "item_count": 1, "attached_items_json": "", "source_municipality_gpkg": "13108_heritage.gpkg" }, "geometry": { "type": "Point", "coordinates": [ 139.791697, 35.680954 ] } },
{ "type": "Feature", "properties": { "municipality_code": "13108", "municipality_name": "江東区", "point_id": "record:131083000000.0", "point_kind": "cultural_record", "record_id": "131083000000.0", "record_ids": "131083000000.0", "name": "平賀源内エレキテル実験の地", "names": "平賀源内エレキテル実験の地", "place_name": "", "address_detail": "", "address": "", "category": "江東区登録文化財", "type": "史跡", "designation_level_code": "municipal", "designation_level_ja": "区市町村", "designation_status_code": "registered", "designation_status_ja": "登録", "heritage_type_major_code": "monument", "heritage_type_major_ja": "記念物", "heritage_type_detail": "史跡", "classification_confidence": "medium", "entity_class": "point", "geometry_role": "representative_point", "source_location_role": "record_coordinate", "spatial_match_status": "point_unmatched", "complex_id": "13108-HG00171", "complex_name": "平賀源内エレキテル実験の地", "complex_grouping_method": "exact_point", "reason": "record_not_in_building", "item_count": 1, "attached_items_json": "", "source_municipality_gpkg": "13108_heritage.gpkg" }, "geometry": { "type": "Point", "coordinates": [ 139.792073, 35.680854 ] } },
{ "type": "Feature", "properties": { "municipality_code": "13108", "municipality_name": "江東区", "point_id": "record:131083000000.0", "point_kind": "cultural_record", "record_id": "131083000000.0", "record_ids": "131083000000.0", "name": "セメント工業発祥の地", "names": "セメント工業発祥の地", "place_name": "", "address_detail": "", "address": "", "category": "江東区登録文化財", "type": "史跡", "designation_level_code": "municipal", "designation_level_ja": "区市町村", "designation_status_code": "registered", "designation_status_ja": "登録", "heritage_type_major_code": "monument", "heritage_type_major_ja": "記念物", "heritage_type_detail": "史跡", "classification_confidence": "medium", "entity_class": "point", "geometry_role": "representative_point", "source_location_role": "record_coordinate", "spatial_match_status": "point_unmatched", "complex_id": "13108-HG00172", "complex_name": "セメント工業発祥の地", "complex_grouping_method": "exact_point", "reason": "record_not_in_building", "item_count": 1, "attached_items_json": "", "source_municipality_gpkg": "13108_heritage.gpkg" }, "geometry": { "type": "Point", "coordinates": [ 139.793271, 35.680733 ] } },
{ "type": "Feature", "properties": { "municipality_code": "13108", "municipality_name": "江東区", "point_id": "record:131083000000.0", "point_kind": "cultural_record", "record_id": "131083000000.0", "record_ids": "131083000000.0", "name": "上・中・下之橋跡", "names": "上・中・下之橋跡", "place_name": "", "address_detail": "", "address": "", "category": "江東区登録文化財", "type": "史跡", "designation_level_code": "municipal", "designation_level_ja": "区市町村", "designation_status_code": "registered", "designation_status_ja": "登録", "heritage_type_major_code": "monument", "heritage_type_major_ja": "記念物", "heritage_type_detail": "史跡", "classification_confidence": "medium", "entity_class": "point", "geometry_role": "representative_point", "source_location_role": "record_coordinate", "spatial_match_status": "point_unmatched", "complex_id": "13108-HG00173", "complex_name": "上・中・下之橋跡", "complex_grouping_method": "exact_point", "reason": "record_not_in_building", "item_count": 1, "attached_items_json": "", "source_municipality_gpkg": "13108_heritage.gpkg" }, "geometry": { "type": "Point", "coordinates": [ 139.793148, 35.680598 ] } },
{ "type": "Feature", "properties": { "municipality_code": "13108", "municipality_name": "江東区", "point_id": "record:131083000000.0", "point_kind": "cultural_record", "record_id": "131083000000.0", "record_ids": "131083000000.0", "name": "陸奥宗光宅跡", "names": "陸奥宗光宅跡", "place_name": "", "address_detail": "", "address": "", "category": "江東区登録文化財", "type": "史跡", "designation_level_code": "municipal", "designation_level_ja": "区市町村", "designation_status_code": "registered", "designation_status_ja": "登録", "heritage_type_major_code": "monument", "heritage_type_major_ja": "記念物", "heritage_type_detail": "史跡", "classification_confidence": "medium", "entity_class": "point", "geometry_role": "representative_point", "source_location_role": "record_coordinate", "spatial_match_status": "point_unmatched", "complex_id": "13108-HG00174", "complex_name": "陸奥宗光宅跡", "complex_grouping_method": "exact_point", "reason": "record_not_in_building", "item_count": 1, "attached_items_json": "", "source_municipality_gpkg": "13108_heritage.gpkg" }, "geometry": { "type": "Point", "coordinates": [ 139.793669, 35.681819 ] } },
{ "type": "Feature", "properties": { "municipality_code": "13108", "municipality_name": "江東区", "point_id": "record:131083000000.0", "point_kind": "cultural_record", "record_id": "131083000000.0", "record_ids": "131083000000.0", "name": "前島密宅跡", "names": "前島密宅跡", "place_name": "", "address_detail": "", "address": "", "category": "江東区登録文化財", "type": "史跡", "designation_level_code": "municipal", "designation_level_ja": "区市町村", "designation_status_code": "registered", "designation_status_ja": "登録", "heritage_type_major_code": "monument", "heritage_type_major_ja": "記念物", "heritage_type_detail": "史跡", "classification_confidence": "medium", "entity_class": "point", "geometry_role": "representative_point", "source_location_role": "record_coordinate", "spatial_match_status": "point_unmatched", "complex_id": "13108-HG00176", "complex_name": "前島密宅跡", "complex_grouping_method": "exact_point", "reason": "record_not_in_building", "item_count": 1, "attached_items_json": "", "source_municipality_gpkg": "13108_heritage.gpkg" }, "geometry": { "type": "Point", "coordinates": [ 139.795629, 35.680455 ] } },
{ "type": "Feature", "properties": { "municipality_code": "13108", "municipality_name": "江東区", "point_id": "record:131083000000.0", "point_kind": "cultural_record", "record_id": "131083000000.0", "record_ids": "131083000000.0", "name": "桑田立斎宅跡", "names": "桑田立斎宅跡", "place_name": "", "address_detail": "", "address": "", "category": "江東区登録文化財", "type": "史跡", "designation_level_code": "municipal", "designation_level_ja": "区市町村", "designation_status_code": "registered", "designation_status_ja": "登録", "heritage_type_major_code": "monument", "heritage_type_major_ja": "記念物", "heritage_type_detail": "史跡", "classification_confidence": "medium", "entity_class": "point", "geometry_role": "representative_point", "source_location_role": "record_coordinate", "spatial_match_status": "point_unmatched", "complex_id": "13108-HG00178", "complex_name": "桑田立斎宅跡", "complex_grouping_method": "exact_point", "reason": "record_not_in_building", "item_count": 1, "attached_items_json": "", "source_municipality_gpkg": "13108_heritage.gpkg" }, "geometry": { "type": "Point", "coordinates": [ 139.795032, 35.682861 ] } },
{ "type": "Feature", "properties": { "municipality_code": "13108", "municipality_name": "江東区", "point_id": "record:131083000000.0", "point_kind": "cultural_record", "record_id": "131083000000.0", "record_ids": "131083000000.0", "name": "川船番所跡", "names": "川船番所跡", "place_name": "", "address_detail": "", "address": "", "category": "江東区登録文化財", "type": "史跡", "designation_level_code": "municipal", "designation_level_ja": "区市町村", "designation_status_code": "registered", "designation_status_ja": "登録", "heritage_type_major_code": "monument", "heritage_type_major_ja": "記念物", "heritage_type_detail": "史跡", "classification_confidence": "medium", "entity_class": "point", "geometry_role": "representative_point", "source_location_role": "record_coordinate", "spatial_match_status": "point_unmatched", "complex_id": "13108-HG00180", "complex_name": "川船番所跡", "complex_grouping_method": "exact_point", "reason": "record_not_in_building", "item_count": 1, "attached_items_json": "", "source_municipality_gpkg": "13108_heritage.gpkg" }, "geometry": { "type": "Point", "coordinates": [ 139.794526, 35.683811 ] } },
{ "type": "Feature", "properties": { "municipality_code": "13108", "municipality_name": "江東区", "point_id": "record:131083000000.0", "point_kind": "cultural_record", "record_id": "131083000000.0", "record_ids": "131083000000.0", "name": "旧万年橋跡", "names": "旧万年橋跡", "place_name": "", "address_detail": "", "address": "", "category": "江東区登録文化財", "type": "史跡", "designation_level_code": "municipal", "designation_level_ja": "区市町村", "designation_status_code": "registered", "designation_status_ja": "登録", "heritage_type_major_code": "monument", "heritage_type_major_ja": "記念物", "heritage_type_detail": "史跡", "classification_confidence": "medium", "entity_class": "point", "geometry_role": "representative_point", "source_location_role": "record_coordinate", "spatial_match_status": "point_unmatched", "complex_id": "13108-HG00181", "complex_name": "旧万年橋跡", "complex_grouping_method": "exact_point", "reason": "record_not_in_building", "item_count": 1, "attached_items_json": "", "source_municipality_gpkg": "13108_heritage.gpkg" }, "geometry": { "type": "Point", "coordinates": [ 139.79425, 35.683637 ] } },
{ "type": "Feature", "properties": { "municipality_code": "13108", "municipality_name": "江東区", "point_id": "record:131083000000.0", "point_kind": "cultural_record", "record_id": "131083000000.0", "record_ids": "131083000000.0", "name": "芭蕉翁古池の跡", "names": "芭蕉翁古池の跡", "place_name": "", "address_detail": "", "address": "", "category": "東京都指定文化財", "type": "史跡", "designation_level_code": "prefectural", "designation_level_ja": "都", "designation_status_code": "designated", "designation_status_ja": "指定", "heritage_type_major_code": "monument", "heritage_type_major_ja": "記念物", "heritage_type_detail": "史跡", "classification_confidence": "medium", "entity_class": "point", "geometry_role": "representative_point", "source_location_role": "record_coordinate", "spatial_match_status": "point_unmatched", "complex_id": "13108-HG00182", "complex_name": "芭蕉翁古池の跡", "complex_grouping_method": "exact_point", "reason": "record_not_in_building", "item_count": 1, "attached_items_json": "", "source_municipality_gpkg": "13108_heritage.gpkg" }, "geometry": { "type": "Point", "coordinates": [ 139.794527, 35.684291 ] } },
{ "type": "Feature", "properties": { "municipality_code": "13108", "municipality_name": "江東区", "point_id": "record:131083000000.0", "point_kind": "cultural_record", "record_id": "131083000000.0", "record_ids": "131083000000.0", "name": "旧新大橋跡", "names": "旧新大橋跡", "place_name": "", "address_detail": "", "address": "", "category": "江東区登録文化財", "type": "史跡", "designation_level_code": "municipal", "designation_level_ja": "区市町村", "designation_status_code": "registered", "designation_status_ja": "登録", "heritage_type_major_code": "monument", "heritage_type_major_ja": "記念物", "heritage_type_detail": "史跡", "classification_confidence": "medium", "entity_class": "point", "geometry_role": "representative_point", "source_location_role": "record_coordinate", "spatial_match_status": "point_unmatched", "complex_id": "13108-HG00183", "complex_name": "旧新大橋跡", "complex_grouping_method": "exact_point", "reason": "record_not_in_building", "item_count": 1, "attached_items_json": "", "source_municipality_gpkg": "13108_heritage.gpkg" }, "geometry": { "type": "Point", "coordinates": [ 139.793794, 35.685674 ] } },
{ "type": "Feature", "properties": { "municipality_code": "13108", "municipality_name": "江東区", "point_id": "record:131083000000.0", "point_kind": "cultural_record", "record_id": "131083000000.0", "record_ids": "131083000000.0", "name": "安宅の渡し跡", "names": "安宅の渡し跡", "place_name": "", "address_detail": "", "address": "", "category": "江東区登録文化財", "type": "史跡", "designation_level_code": "municipal", "designation_level_ja": "区市町村", "designation_status_code": "registered", "designation_status_ja": "登録", "heritage_type_major_code": "monument", "heritage_type_major_ja": "記念物", "heritage_type_detail": "史跡", "classification_confidence": "medium", "entity_class": "point", "geometry_role": "representative_point", "source_location_role": "record_coordinate", "spatial_match_status": "point_unmatched", "complex_id": "13108-HG00190", "complex_name": "安宅の渡し跡", "complex_grouping_method": "exact_point", "reason": "record_not_in_building", "item_count": 1, "attached_items_json": "", "source_municipality_gpkg": "13108_heritage.gpkg" }, "geometry": { "type": "Point", "coordinates": [ 139.793037, 35.688718 ] } },
{ "type": "Feature", "properties": { "municipality_code": "13108", "municipality_name": "江東区", "point_id": "record:131083000000.0", "point_kind": "cultural_record", "record_id": "131083000000.0", "record_ids": "131083000000.0", "name": "御船蔵跡", "names": "御船蔵跡", "place_name": "", "address_detail": "", "address": "", "category": "江東区登録文化財", "type": "史跡", "designation_level_code": "municipal", "designation_level_ja": "区市町村", "designation_status_code": "registered", "designation_status_ja": "登録", "heritage_type_major_code": "monument", "heritage_type_major_ja": "記念物", "heritage_type_detail": "史跡", "classification_confidence": "medium", "entity_class": "point", "geometry_role": "representative_point", "source_location_role": "record_coordinate", "spatial_match_status": "point_unmatched", "complex_id": "13108-HG00191", "complex_name": "御船蔵跡", "complex_grouping_method": "exact_point", "reason": "record_not_in_building", "item_count": 1, "attached_items_json": "", "source_municipality_gpkg": "13108_heritage.gpkg" }, "geometry": { "type": "Point", "coordinates": [ 139.793145, 35.687791 ] } },
{ "type": "Feature", "properties": { "municipality_code": "13108", "municipality_name": "江東区", "point_id": "record:131083000000.0", "point_kind": "cultural_record", "record_id": "131083000000.0", "record_ids": "131083000000.0", "name": "安宅丸繋留地跡", "names": "安宅丸繋留地跡", "place_name": "", "address_detail": "", "address": "", "category": "江東区登録文化財", "type": "史跡", "designation_level_code": "municipal", "designation_level_ja": "区市町村", "designation_status_code": "registered", "designation_status_ja": "登録", "heritage_type_major_code": "monument", "heritage_type_major_ja": "記念物", "heritage_type_detail": "史跡", "classification_confidence": "medium", "entity_class": "point", "geometry_role": "representative_point", "source_location_role": "record_coordinate", "spatial_match_status": "point_unmatched", "complex_id": "13108-HG00192", "complex_name": "安宅丸繋留地跡", "complex_grouping_method": "exact_point", "reason": "record_not_in_building", "item_count": 1, "attached_items_json": "", "source_municipality_gpkg": "13108_heritage.gpkg" }, "geometry": { "type": "Point", "coordinates": [ 139.793255, 35.688736 ] } },
{ "type": "Feature", "properties": { "municipality_code": "13108", "municipality_name": "江東区", "point_id": "record:131083000000.0", "point_kind": "cultural_record", "record_id": "131083000000.0", "record_ids": "131083000000.0", "name": "会輔堂跡", "names": "会輔堂跡", "place_name": "", "address_detail": "", "address": "", "category": "江東区登録文化財", "type": "史跡", "designation_level_code": "municipal", "designation_level_ja": "区市町村", "designation_status_code": "registered", "designation_status_ja": "登録", "heritage_type_major_code": "monument", "heritage_type_major_ja": "記念物", "heritage_type_detail": "史跡", "classification_confidence": "medium", "entity_class": "point", "geometry_role": "representative_point", "source_location_role": "record_coordinate", "spatial_match_status": "point_unmatched", "complex_id": "13108-HG00194", "complex_name": "会輔堂跡", "complex_grouping_method": "exact_point", "reason": "record_not_in_building", "item_count": 1, "attached_items_json": "", "source_municipality_gpkg": "13108_heritage.gpkg" }, "geometry": { "type": "Point", "coordinates": [ 139.79472, 35.687322 ] } },
{ "type": "Feature", "properties": { "municipality_code": "13108", "municipality_name": "江東区", "point_id": "record:131083000000.0", "point_kind": "cultural_record", "record_id": "131083000000.0", "record_ids": "131083000000.0", "name": "小野友五郎宅跡", "names": "小野友五郎宅跡", "place_name": "", "address_detail": "", "address": "", "category": "江東区登録文化財", "type": "史跡", "designation_level_code": "municipal", "designation_level_ja": "区市町村", "designation_status_code": "registered", "designation_status_ja": "登録", "heritage_type_major_code": "monument", "heritage_type_major_ja": "記念物", "heritage_type_detail": "史跡", "classification_confidence": "medium", "entity_class": "point", "geometry_role": "representative_point", "source_location_role": "record_coordinate", "spatial_match_status": "point_unmatched", "complex_id": "13108-HG00195", "complex_name": "小野友五郎宅跡", "complex_grouping_method": "exact_point", "reason": "record_not_in_building", "item_count": 1, "attached_items_json": "", "source_municipality_gpkg": "13108_heritage.gpkg" }, "geometry": { "type": "Point", "coordinates": [ 139.794486, 35.688766 ] } },
{ "type": "Feature", "properties": { "municipality_code": "13108", "municipality_name": "江東区", "point_id": "record:131083000000.0", "point_kind": "cultural_record", "record_id": "131083000000.0", "record_ids": "131083000000.0", "name": "五間堀跡", "names": "五間堀跡", "place_name": "", "address_detail": "", "address": "", "category": "江東区登録文化財", "type": "史跡", "designation_level_code": "municipal", "designation_level_ja": "区市町村", "designation_status_code": "registered", "designation_status_ja": "登録", "heritage_type_major_code": "monument", "heritage_type_major_ja": "記念物", "heritage_type_detail": "史跡", "classification_confidence": "medium", "entity_class": "point", "geometry_role": "representative_point", "source_location_role": "record_coordinate", "spatial_match_status": "point_unmatched", "complex_id": "13108-HG00199", "complex_name": "五間堀跡", "complex_grouping_method": "exact_point", "reason": "record_not_in_building", "item_count": 1, "attached_items_json": "", "source_municipality_gpkg": "13108_heritage.gpkg" }, "geometry": { "type": "Point", "coordinates": [ 139.799133, 35.689831 ] } },
{ "type": "Feature", "properties": { "municipality_code": "13108", "municipality_name": "江東区", "point_id": "record:131083000000.0", "point_kind": "cultural_record", "record_id": "131083000000.0", "record_ids": "131083000000.0", "name": "伊東深水誕生の地", "names": "伊東深水誕生の地", "place_name": "", "address_detail": "", "address": "", "category": "江東区登録文化財", "type": "史跡", "designation_level_code": "municipal", "designation_level_ja": "区市町村", "designation_status_code": "registered", "designation_status_ja": "登録", "heritage_type_major_code": "monument", "heritage_type_major_ja": "記念物", "heritage_type_detail": "史跡", "classification_confidence": "medium", "entity_class": "point", "geometry_role": "representative_point", "source_location_role": "record_coordinate", "spatial_match_status": "point_unmatched", "complex_id": "13108-HG00201", "complex_name": "伊東深水誕生の地", "complex_grouping_method": "exact_point", "reason": "record_not_in_building", "item_count": 1, "attached_items_json": "", "source_municipality_gpkg": "13108_heritage.gpkg" }, "geometry": { "type": "Point", "coordinates": [ 139.797549, 35.686106 ] } },
{ "type": "Feature", "properties": { "municipality_code": "13108", "municipality_name": "江東区", "point_id": "record:131083000000.0", "point_kind": "cultural_record", "record_id": "131083000000.0", "record_ids": "131083000000.0", "name": "大工町の渡し跡", "names": "大工町の渡し跡", "place_name": "", "address_detail": "", "address": "", "category": "江東区登録文化財", "type": "史跡", "designation_level_code": "municipal", "designation_level_ja": "区市町村", "designation_status_code": "registered", "designation_status_ja": "登録", "heritage_type_major_code": "monument", "heritage_type_major_ja": "記念物", "heritage_type_detail": "史跡", "classification_confidence": "medium", "entity_class": "point", "geometry_role": "representative_point", "source_location_role": "record_coordinate", "spatial_match_status": "point_unmatched", "complex_id": "13108-HG00203", "complex_name": "大工町の渡し跡", "complex_grouping_method": "exact_point", "reason": "record_not_in_building", "item_count": 1, "attached_items_json": "", "source_municipality_gpkg": "13108_heritage.gpkg" }, "geometry": { "type": "Point", "coordinates": [ 139.801221, 35.684135 ] } },
{ "type": "Feature", "properties": { "municipality_code": "13108", "municipality_name": "江東区", "point_id": "record:131083000000.0", "point_kind": "cultural_record", "record_id": "131083000000.0", "record_ids": "131083000000.0", "name": "高田早苗誕生の地", "names": "高田早苗誕生の地", "place_name": "", "address_detail": "", "address": "", "category": "江東区登録文化財", "type": "史跡", "designation_level_code": "municipal", "designation_level_ja": "区市町村", "designation_status_code": "registered", "designation_status_ja": "登録", "heritage_type_major_code": "monument", "heritage_type_major_ja": "記念物", "heritage_type_detail": "史跡", "classification_confidence": "medium", "entity_class": "point", "geometry_role": "representative_point", "source_location_role": "record_coordinate", "spatial_match_status": "point_unmatched", "complex_id": "13108-HG00204", "complex_name": "高田早苗誕生の地", "complex_grouping_method": "exact_point", "reason": "record_not_in_building", "item_count": 1, "attached_items_json": "", "source_municipality_gpkg": "13108_heritage.gpkg" }, "geometry": { "type": "Point", "coordinates": [ 139.803853, 35.687968 ] } },
{ "type": "Feature", "properties": { "municipality_code": "13108", "municipality_name": "江東区", "point_id": "record:131083000000.0", "point_kind": "cultural_record", "record_id": "131083000000.0", "record_ids": "131083000000.0", "name": "弘文舎跡", "names": "弘文舎跡", "place_name": "", "address_detail": "", "address": "", "category": "江東区登録文化財", "type": "史跡", "designation_level_code": "municipal", "designation_level_ja": "区市町村", "designation_status_code": "registered", "designation_status_ja": "登録", "heritage_type_major_code": "monument", "heritage_type_major_ja": "記念物", "heritage_type_detail": "史跡", "classification_confidence": "medium", "entity_class": "point", "geometry_role": "representative_point", "source_location_role": "record_coordinate", "spatial_match_status": "point_unmatched", "complex_id": "13108-HG00205", "complex_name": "弘文舎跡", "complex_grouping_method": "exact_point", "reason": "record_not_in_building", "item_count": 1, "attached_items_json": "", "source_municipality_gpkg": "13108_heritage.gpkg" }, "geometry": { "type": "Point", "coordinates": [ 139.79907, 35.678882 ] } },
{ "type": "Feature", "properties": { "municipality_code": "13108", "municipality_name": "江東区", "point_id": "record:131083000000.0", "point_kind": "cultural_record", "record_id": "131083000000.0", "record_ids": "131083000000.0", "name": "曲亭馬琴誕生の地", "names": "曲亭馬琴誕生の地", "place_name": "", "address_detail": "", "address": "", "category": "江東区登録文化財", "type": "史跡", "designation_level_code": "municipal", "designation_level_ja": "区市町村", "designation_status_code": "registered", "designation_status_ja": "登録", "heritage_type_major_code": "monument", "heritage_type_major_ja": "記念物", "heritage_type_detail": "史跡", "classification_confidence": "medium", "entity_class": "point", "geometry_role": "representative_point", "source_location_role": "record_coordinate", "spatial_match_status": "point_unmatched", "complex_id": "13108-HG00206", "complex_name": "曲亭馬琴誕生の地", "complex_grouping_method": "exact_point", "reason": "record_not_in_building", "item_count": 1, "attached_items_json": "", "source_municipality_gpkg": "13108_heritage.gpkg" }, "geometry": { "type": "Point", "coordinates": [ 139.798378, 35.678492 ] } },
{ "type": "Feature", "properties": { "municipality_code": "13108", "municipality_name": "江東区", "point_id": "record:131083000000.0", "point_kind": "cultural_record", "record_id": "131083000000.0", "record_ids": "131083000000.0", "name": "深川授産場跡", "names": "深川授産場跡", "place_name": "", "address_detail": "", "address": "", "category": "江東区登録文化財", "type": "史跡", "designation_level_code": "municipal", "designation_level_ja": "区市町村", "designation_status_code": "registered", "designation_status_ja": "登録", "heritage_type_major_code": "monument", "heritage_type_major_ja": "記念物", "heritage_type_detail": "史跡", "classification_confidence": "medium", "entity_class": "point", "geometry_role": "representative_point", "source_location_role": "record_coordinate", "spatial_match_status": "point_unmatched", "complex_id": "13108-HG00207", "complex_name": "深川授産場跡", "complex_grouping_method": "exact_point", "reason": "record_not_in_building", "item_count": 1, "attached_items_json": "", "source_municipality_gpkg": "13108_heritage.gpkg" }, "geometry": { "type": "Point", "coordinates": [ 139.798943, 35.678196 ] } },
{ "type": "Feature", "properties": { "municipality_code": "13108", "municipality_name": "江東区", "point_id": "record:131083000000.0", "point_kind": "cultural_record", "record_id": "131083000000.0", "record_ids": "131083000000.0", "name": "水場跡", "names": "水場跡", "place_name": "", "address_detail": "", "address": "", "category": "江東区登録文化財", "type": "史跡", "designation_level_code": "municipal", "designation_level_ja": "区市町村", "designation_status_code": "registered", "designation_status_ja": "登録", "heritage_type_major_code": "monument", "heritage_type_major_ja": "記念物", "heritage_type_detail": "史跡", "classification_confidence": "medium", "entity_class": "point", "geometry_role": "representative_point", "source_location_role": "record_coordinate", "spatial_match_status": "point_unmatched", "complex_id": "13108-HG00208", "complex_name": "水場跡", "complex_grouping_method": "exact_point", "reason": "record_not_in_building", "item_count": 1, "attached_items_json": "", "source_municipality_gpkg": "13108_heritage.gpkg" }, "geometry": { "type": "Point", "coordinates": [ 139.798039, 35.678191 ] } },
{ "type": "Feature", "properties": { "municipality_code": "13108", "municipality_name": "江東区", "point_id": "record:131083000000.0", "point_kind": "cultural_record", "record_id": "131083000000.0", "record_ids": "131083000000.0", "name": "仙台堀", "names": "仙台堀", "place_name": "", "address_detail": "", "address": "", "category": "江東区登録文化財", "type": "史跡", "designation_level_code": "municipal", "designation_level_ja": "区市町村", "designation_status_code": "registered", "designation_status_ja": "登録", "heritage_type_major_code": "monument", "heritage_type_major_ja": "記念物", "heritage_type_detail": "史跡", "classification_confidence": "medium", "entity_class": "point", "geometry_role": "representative_point", "source_location_role": "record_coordinate", "spatial_match_status": "point_unmatched", "complex_id": "13108-HG00209", "complex_name": "仙台堀", "complex_grouping_method": "exact_point", "reason": "record_not_in_building", "item_count": 1, "attached_items_json": "", "source_municipality_gpkg": "13108_heritage.gpkg" }, "geometry": { "type": "Point", "coordinates": [ 139.801645, 35.67646 ] } },
{ "type": "Feature", "properties": { "municipality_code": "13108", "municipality_name": "江東区", "point_id": "record:131083000000.0", "point_kind": "cultural_record", "record_id": "131083000000.0", "record_ids": "131083000000.0", "name": "英一蝶宅跡", "names": "英一蝶宅跡", "place_name": "", "address_detail": "", "address": "", "category": "江東区登録文化財", "type": "史跡", "designation_level_code": "municipal", "designation_level_ja": "区市町村", "designation_status_code": "registered", "designation_status_ja": "登録", "heritage_type_major_code": "monument", "heritage_type_major_ja": "記念物", "heritage_type_detail": "史跡", "classification_confidence": "medium", "entity_class": "point", "geometry_role": "representative_point", "source_location_role": "record_coordinate", "spatial_match_status": "point_unmatched", "complex_id": "13108-HG00212", "complex_name": "英一蝶宅跡", "complex_grouping_method": "exact_point", "reason": "record_not_in_building", "item_count": 1, "attached_items_json": "", "source_municipality_gpkg": "13108_heritage.gpkg" }, "geometry": { "type": "Point", "coordinates": [ 139.799223, 35.679899 ] } },
{ "type": "Feature", "properties": { "municipality_code": "13108", "municipality_name": "江東区", "point_id": "record:131083000000.0", "point_kind": "cultural_record", "record_id": "131083000000.0", "record_ids": "131083000000.0", "name": "福士幸次郎墓", "names": "福士幸次郎墓", "place_name": "済生院(墓地)", "address_detail": "", "address": "", "category": "江東区登録文化財", "type": "史跡", "designation_level_code": "municipal", "designation_level_ja": "区市町村", "designation_status_code": "registered", "designation_status_ja": "登録", "heritage_type_major_code": "monument", "heritage_type_major_ja": "記念物", "heritage_type_detail": "史跡", "classification_confidence": "medium", "entity_class": "point", "geometry_role": "representative_point", "source_location_role": "record_coordinate", "spatial_match_status": "point_unmatched", "complex_id": "13108-HG00216", "complex_name": "済生院(墓地)", "complex_grouping_method": "place_name", "reason": "record_not_in_building", "item_count": 1, "attached_items_json": "", "source_municipality_gpkg": "13108_heritage.gpkg" }, "geometry": { "type": "Point", "coordinates": [ 139.801505, 35.68059 ] } },
{ "type": "Feature", "properties": { "municipality_code": "13108", "municipality_name": "江東区", "point_id": "record:131083000000.0", "point_kind": "cultural_record", "record_id": "131083000000.0", "record_ids": "131083000000.0", "name": "松旭斎天一墓", "names": "松旭斎天一墓", "place_name": "霊巌寺", "address_detail": "", "address": "", "category": "江東区登録文化財", "type": "史跡", "designation_level_code": "municipal", "designation_level_ja": "区市町村", "designation_status_code": "registered", "designation_status_ja": "登録", "heritage_type_major_code": "monument", "heritage_type_major_ja": "記念物", "heritage_type_detail": "史跡", "classification_confidence": "medium", "entity_class": "point", "geometry_role": "representative_point", "source_location_role": "record_coordinate", "spatial_match_status": "point_unmatched", "complex_id": "13108-HG00219", "complex_name": "霊巌寺", "complex_grouping_method": "place_name", "reason": "record_not_in_building", "item_count": 1, "attached_items_json": "", "source_municipality_gpkg": "13108_heritage.gpkg" }, "geometry": { "type": "Point", "coordinates": [ 139.799953, 35.680812 ] } },
{ "type": "Feature", "properties": { "municipality_code": "13108", "municipality_name": "江東区", "point_id": "record:131083000000.0", "point_kind": "cultural_record", "record_id": "131083000000.0", "record_ids": "131083000000.0", "name": "干鰯場(銚子場)跡", "names": "干鰯場(銚子場)跡", "place_name": "", "address_detail": "", "address": "", "category": "江東区登録文化財", "type": "史跡", "designation_level_code": "municipal", "designation_level_ja": "区市町村", "designation_status_code": "registered", "designation_status_ja": "登録", "heritage_type_major_code": "monument", "heritage_type_major_ja": "記念物", "heritage_type_detail": "史跡", "classification_confidence": "medium", "entity_class": "point", "geometry_role": "representative_point", "source_location_role": "record_coordinate", "spatial_match_status": "point_unmatched", "complex_id": "13108-HG00220", "complex_name": "干鰯場(銚子場)跡", "complex_grouping_method": "exact_point", "reason": "record_not_in_building", "item_count": 1, "attached_items_json": "", "source_municipality_gpkg": "13108_heritage.gpkg" }, "geometry": { "type": "Point", "coordinates": [ 139.800193, 35.682256 ] } },
{ "type": "Feature", "properties": { "municipality_code": "13108", "municipality_name": "江東区", "point_id": "record:131083000000.0", "point_kind": "cultural_record", "record_id": "131083000000.0", "record_ids": "131083000000.0", "name": "岩出惣兵衛宅跡", "names": "岩出惣兵衛宅跡", "place_name": "", "address_detail": "", "address": "", "category": "江東区登録文化財", "type": "史跡", "designation_level_code": "municipal", "designation_level_ja": "区市町村", "designation_status_code": "registered", "designation_status_ja": "登録", "heritage_type_major_code": "monument", "heritage_type_major_ja": "記念物", "heritage_type_detail": "史跡", "classification_confidence": "medium", "entity_class": "point", "geometry_role": "representative_point", "source_location_role": "record_coordinate", "spatial_match_status": "point_unmatched", "complex_id": "13108-HG00221", "complex_name": "岩出惣兵衛宅跡", "complex_grouping_method": "exact_point", "reason": "record_not_in_building", "item_count": 1, "attached_items_json": "", "source_municipality_gpkg": "13108_heritage.gpkg" }, "geometry": { "type": "Point", "coordinates": [ 139.799284, 35.682883 ] } },
{ "type": "Feature", "properties": { "municipality_code": "13108", "municipality_name": "江東区", "point_id": "record:131083000000.0", "point_kind": "cultural_record", "record_id": "131083000000.0", "record_ids": "131083000000.0", "name": "旧永代橋跡", "names": "旧永代橋跡", "place_name": "", "address_detail": "", "address": "", "category": "江東区登録文化財", "type": "史跡", "designation_level_code": "municipal", "designation_level_ja": "区市町村", "designation_status_code": "registered", "designation_status_ja": "登録", "heritage_type_major_code": "monument", "heritage_type_major_ja": "記念物", "heritage_type_detail": "史跡", "classification_confidence": "medium", "entity_class": "point", "geometry_role": "representative_point", "source_location_role": "record_coordinate", "spatial_match_status": "point_unmatched", "complex_id": "13108-HG00228", "complex_name": "旧永代橋跡", "complex_grouping_method": "exact_point", "reason": "record_not_in_building", "item_count": 1, "attached_items_json": "", "source_municipality_gpkg": "13108_heritage.gpkg" }, "geometry": { "type": "Point", "coordinates": [ 139.78931, 35.67728 ] } },
{ "type": "Feature", "properties": { "municipality_code": "13108", "municipality_name": "江東区", "point_id": "record:131083000000.0", "point_kind": "cultural_record", "record_id": "131083000000.0", "record_ids": "131083000000.0", "name": "深川正米市場跡", "names": "深川正米市場跡", "place_name": "", "address_detail": "", "address": "", "category": "江東区登録文化財", "type": "史跡", "designation_level_code": "municipal", "designation_level_ja": "区市町村", "designation_status_code": "registered", "designation_status_ja": "登録", "heritage_type_major_code": "monument", "heritage_type_major_ja": "記念物", "heritage_type_detail": "史跡", "classification_confidence": "medium", "entity_class": "point", "geometry_role": "representative_point", "source_location_role": "record_coordinate", "spatial_match_status": "point_unmatched", "complex_id": "13108-HG00229", "complex_name": "深川正米市場跡", "complex_grouping_method": "exact_point", "reason": "record_not_in_building", "item_count": 1, "attached_items_json": "", "source_municipality_gpkg": "13108_heritage.gpkg" }, "geometry": { "type": "Point", "coordinates": [ 139.790117, 35.67661 ] } },
{ "type": "Feature", "properties": { "municipality_code": "13108", "municipality_name": "江東区", "point_id": "record:131083000000.0", "point_kind": "cultural_record", "record_id": "131083000000.0", "record_ids": "131083000000.0", "name": "干鰯場(元場)跡", "names": "干鰯場(元場)跡", "place_name": "", "address_detail": "", "address": "", "category": "江東区登録文化財", "type": "史跡", "designation_level_code": "municipal", "designation_level_ja": "区市町村", "designation_status_code": "registered", "designation_status_ja": "登録", "heritage_type_major_code": "monument", "heritage_type_major_ja": "記念物", "heritage_type_detail": "史跡", "classification_confidence": "medium", "entity_class": "point", "geometry_role": "representative_point", "source_location_role": "record_coordinate", "spatial_match_status": "point_unmatched", "complex_id": "13108-HG00230", "complex_name": "干鰯場(元場)跡", "complex_grouping_method": "exact_point", "reason": "record_not_in_building", "item_count": 1, "attached_items_json": "", "source_municipality_gpkg": "13108_heritage.gpkg" }, "geometry": { "type": "Point", "coordinates": [ 139.791862, 35.676646 ] } },
{ "type": "Feature", "properties": { "municipality_code": "13108", "municipality_name": "江東区", "point_id": "record:131083000000.0", "point_kind": "cultural_record", "record_id": "131083000000.0", "record_ids": "131083000000.0", "name": "大川口の渡し跡", "names": "大川口の渡し跡", "place_name": "", "address_detail": "", "address": "", "category": "江東区登録文化財", "type": "史跡", "designation_level_code": "municipal", "designation_level_ja": "区市町村", "designation_status_code": "registered", "designation_status_ja": "登録", "heritage_type_major_code": "monument", "heritage_type_major_ja": "記念物", "heritage_type_detail": "史跡", "classification_confidence": "medium", "entity_class": "point", "geometry_role": "representative_point", "source_location_role": "record_coordinate", "spatial_match_status": "point_unmatched", "complex_id": "13108-HG00233", "complex_name": "大川口の渡し跡", "complex_grouping_method": "exact_point", "reason": "record_not_in_building", "item_count": 1, "attached_items_json": "", "source_municipality_gpkg": "13108_heritage.gpkg" }, "geometry": { "type": "Point", "coordinates": [ 139.788961, 35.673884 ] } },
{ "type": "Feature", "properties": { "municipality_code": "13108", "municipality_name": "江東区", "point_id": "record:131083000000.0", "point_kind": "cultural_record", "record_id": "131083000000.0", "record_ids": "131083000000.0", "name": "佐久間象山砲術塾跡", "names": "佐久間象山砲術塾跡", "place_name": "", "address_detail": "", "address": "", "category": "江東区登録文化財", "type": "史跡", "designation_level_code": "municipal", "designation_level_ja": "区市町村", "designation_status_code": "registered", "designation_status_ja": "登録", "heritage_type_major_code": "monument", "heritage_type_major_ja": "記念物", "heritage_type_detail": "史跡", "classification_confidence": "medium", "entity_class": "point", "geometry_role": "representative_point", "source_location_role": "record_coordinate", "spatial_match_status": "point_unmatched", "complex_id": "13108-HG00234", "complex_name": "佐久間象山砲術塾跡", "complex_grouping_method": "exact_point", "reason": "record_not_in_building", "item_count": 1, "attached_items_json": "", "source_municipality_gpkg": "13108_heritage.gpkg" }, "geometry": { "type": "Point", "coordinates": [ 139.790821, 35.674671 ] } },
{ "type": "Feature", "properties": { "municipality_code": "13108", "municipality_name": "江東区", "point_id": "record:131083000000.0", "point_kind": "cultural_record", "record_id": "131083000000.0", "record_ids": "131083000000.0", "name": "渋沢栄一宅跡", "names": "渋沢栄一宅跡", "place_name": "", "address_detail": "", "address": "", "category": "江東区登録文化財", "type": "史跡", "designation_level_code": "municipal", "designation_level_ja": "区市町村", "designation_status_code": "registered", "designation_status_ja": "登録", "heritage_type_major_code": "monument", "heritage_type_major_ja": "記念物", "heritage_type_detail": "史跡", "classification_confidence": "medium", "entity_class": "point", "geometry_role": "representative_point", "source_location_role": "record_coordinate", "spatial_match_status": "point_unmatched", "complex_id": "13108-HG00238", "complex_name": "渋沢栄一宅跡", "complex_grouping_method": "exact_point", "reason": "record_not_in_building", "item_count": 1, "attached_items_json": "", "source_municipality_gpkg": "13108_heritage.gpkg" }, "geometry": { "type": "Point", "coordinates": [ 139.791185, 35.674427 ] } },
{ "type": "Feature", "properties": { "municipality_code": "13108", "municipality_name": "江東区", "point_id": "record:131083000000.0", "point_kind": "cultural_record", "record_id": "131083000000.0", "record_ids": "131083000000.0", "name": "新井白石寓居跡", "names": "新井白石寓居跡", "place_name": "", "address_detail": "", "address": "", "category": "江東区登録文化財", "type": "史跡", "designation_level_code": "municipal", "designation_level_ja": "区市町村", "designation_status_code": "registered", "designation_status_ja": "登録", "heritage_type_major_code": "monument", "heritage_type_major_ja": "記念物", "heritage_type_detail": "史跡", "classification_confidence": "medium", "entity_class": "point", "geometry_role": "representative_point", "source_location_role": "record_coordinate", "spatial_match_status": "point_unmatched", "complex_id": "13108-HG00239", "complex_name": "新井白石寓居跡", "complex_grouping_method": "exact_point", "reason": "record_not_in_building", "item_count": 1, "attached_items_json": "", "source_municipality_gpkg": "13108_heritage.gpkg" }, "geometry": { "type": "Point", "coordinates": [ 139.793446, 35.676901 ] } },
{ "type": "Feature", "properties": { "municipality_code": "13108", "municipality_name": "江東区", "point_id": "record:131083000000.0", "point_kind": "cultural_record", "record_id": "131083000000.0", "record_ids": "131083000000.0", "name": "干鰯場(江川場)跡", "names": "干鰯場(江川場)跡", "place_name": "", "address_detail": "", "address": "", "category": "江東区登録文化財", "type": "史跡", "designation_level_code": "municipal", "designation_level_ja": "区市町村", "designation_status_code": "registered", "designation_status_ja": "登録", "heritage_type_major_code": "monument", "heritage_type_major_ja": "記念物", "heritage_type_detail": "史跡", "classification_confidence": "medium", "entity_class": "point", "geometry_role": "representative_point", "source_location_role": "record_coordinate", "spatial_match_status": "point_unmatched", "complex_id": "13108-HG00241", "complex_name": "干鰯場(江川場)跡", "complex_grouping_method": "exact_point", "reason": "record_not_in_building", "item_count": 1, "attached_items_json": "", "source_municipality_gpkg": "13108_heritage.gpkg" }, "geometry": { "type": "Point", "coordinates": [ 139.795738, 35.674813 ] } },
{ "type": "Feature", "properties": { "municipality_code": "13108", "municipality_name": "江東区", "point_id": "record:131083000000.0", "point_kind": "cultural_record", "record_id": "131083000000.0", "record_ids": "131083000000.0", "name": "三角屋鋪跡", "names": "三角屋鋪跡", "place_name": "", "address_detail": "", "address": "", "category": "江東区登録文化財", "type": "史跡", "designation_level_code": "municipal", "designation_level_ja": "区市町村", "designation_status_code": "registered", "designation_status_ja": "登録", "heritage_type_major_code": "monument", "heritage_type_major_ja": "記念物", "heritage_type_detail": "史跡", "classification_confidence": "medium", "entity_class": "point", "geometry_role": "representative_point", "source_location_role": "record_coordinate", "spatial_match_status": "point_unmatched", "complex_id": "13108-HG00242", "complex_name": "三角屋鋪跡", "complex_grouping_method": "exact_point", "reason": "record_not_in_building", "item_count": 1, "attached_items_json": "", "source_municipality_gpkg": "13108_heritage.gpkg" }, "geometry": { "type": "Point", "coordinates": [ 139.795307, 35.676289 ] } },
{ "type": "Feature", "properties": { "municipality_code": "13108", "municipality_name": "江東区", "point_id": "record:131083000000.0", "point_kind": "cultural_record", "record_id": "131083000000.0", "record_ids": "131083000000.0", "name": "西尾藩藩校典学館跡", "names": "西尾藩藩校典学館跡", "place_name": "", "address_detail": "", "address": "", "category": "江東区登録文化財", "type": "史跡", "designation_level_code": "municipal", "designation_level_ja": "区市町村", "designation_status_code": "registered", "designation_status_ja": "登録", "heritage_type_major_code": "monument", "heritage_type_major_ja": "記念物", "heritage_type_detail": "史跡", "classification_confidence": "medium", "entity_class": "point", "geometry_role": "representative_point", "source_location_role": "record_coordinate", "spatial_match_status": "point_unmatched", "complex_id": "13108-HG00243", "complex_name": "西尾藩藩校典学館跡", "complex_grouping_method": "exact_point", "reason": "record_not_in_building", "item_count": 1, "attached_items_json": "", "source_municipality_gpkg": "13108_heritage.gpkg" }, "geometry": { "type": "Point", "coordinates": [ 139.794913, 35.677301 ] } },
{ "type": "Feature", "properties": { "municipality_code": "13108", "municipality_name": "江東区", "point_id": "record:131083000000.0", "point_kind": "cultural_record", "record_id": "131083000000.0", "record_ids": "131083000000.0", "name": "小津安二郎誕生の地", "names": "小津安二郎誕生の地", "place_name": "", "address_detail": "", "address": "", "category": "江東区登録文化財", "type": "史跡", "designation_level_code": "municipal", "designation_level_ja": "区市町村", "designation_status_code": "registered", "designation_status_ja": "登録", "heritage_type_major_code": "monument", "heritage_type_major_ja": "記念物", "heritage_type_detail": "史跡", "classification_confidence": "medium", "entity_class": "point", "geometry_role": "representative_point", "source_location_role": "record_coordinate", "spatial_match_status": "point_unmatched", "complex_id": "13108-HG00245", "complex_name": "小津安二郎誕生の地", "complex_grouping_method": "exact_point", "reason": "record_not_in_building", "item_count": 1, "attached_items_json": "", "source_municipality_gpkg": "13108_heritage.gpkg" }, "geometry": { "type": "Point", "coordinates": [ 139.796796, 35.676873 ] } },
{ "type": "Feature", "properties": { "municipality_code": "13108", "municipality_name": "江東区", "point_id": "record:131083000000.0", "point_kind": "cultural_record", "record_id": "131083000000.0", "record_ids": "131083000000.0", "name": "採荼庵跡", "names": "採荼庵跡", "place_name": "", "address_detail": "", "address": "", "category": "江東区登録文化財", "type": "史跡", "designation_level_code": "municipal", "designation_level_ja": "区市町村", "designation_status_code": "registered", "designation_status_ja": "登録", "heritage_type_major_code": "monument", "heritage_type_major_ja": "記念物", "heritage_type_detail": "史跡", "classification_confidence": "medium", "entity_class": "point", "geometry_role": "representative_point", "source_location_role": "record_coordinate", "spatial_match_status": "point_unmatched", "complex_id": "13108-HG00246", "complex_name": "採荼庵跡", "complex_grouping_method": "exact_point", "reason": "record_not_in_building", "item_count": 1, "attached_items_json": "", "source_municipality_gpkg": "13108_heritage.gpkg" }, "geometry": { "type": "Point", "coordinates": [ 139.797627, 35.678043 ] } },
{ "type": "Feature", "properties": { "municipality_code": "13108", "municipality_name": "江東区", "point_id": "record:131083000000.0", "point_kind": "cultural_record", "record_id": "131083000000.0", "record_ids": "131083000000.0", "name": "和倉の渡し跡", "names": "和倉の渡し跡", "place_name": "", "address_detail": "", "address": "", "category": "江東区登録文化財", "type": "史跡", "designation_level_code": "municipal", "designation_level_ja": "区市町村", "designation_status_code": "registered", "designation_status_ja": "登録", "heritage_type_major_code": "monument", "heritage_type_major_ja": "記念物", "heritage_type_detail": "史跡", "classification_confidence": "medium", "entity_class": "point", "geometry_role": "representative_point", "source_location_role": "record_coordinate", "spatial_match_status": "point_unmatched", "complex_id": "13108-HG00247", "complex_name": "和倉の渡し跡", "complex_grouping_method": "exact_point", "reason": "record_not_in_building", "item_count": 1, "attached_items_json": "", "source_municipality_gpkg": "13108_heritage.gpkg" }, "geometry": { "type": "Point", "coordinates": [ 139.79756, 35.673687 ] } },
{ "type": "Feature", "properties": { "municipality_code": "13108", "municipality_name": "江東区", "point_id": "record:131083000000.0", "point_kind": "cultural_record", "record_id": "131083000000.0", "record_ids": "131083000000.0", "name": "海福寺跡", "names": "海福寺跡", "place_name": "", "address_detail": "", "address": "", "category": "江東区登録文化財", "type": "史跡", "designation_level_code": "municipal", "designation_level_ja": "区市町村", "designation_status_code": "registered", "designation_status_ja": "登録", "heritage_type_major_code": "monument", "heritage_type_major_ja": "記念物", "heritage_type_detail": "史跡", "classification_confidence": "medium", "entity_class": "point", "geometry_role": "representative_point", "source_location_role": "record_coordinate", "spatial_match_status": "point_unmatched", "complex_id": "13108-HG00249", "complex_name": "海福寺跡", "complex_grouping_method": "exact_point", "reason": "record_not_in_building", "item_count": 1, "attached_items_json": "", "source_municipality_gpkg": "13108_heritage.gpkg" }, "geometry": { "type": "Point", "coordinates": [ 139.797728, 35.676453 ] } },
{ "type": "Feature", "properties": { "municipality_code": "13108", "municipality_name": "江東区", "point_id": "record:131083000000.0", "point_kind": "cultural_record", "record_id": "131083000000.0", "record_ids": "131083000000.0", "name": "蕎麦切稲荷跡", "names": "蕎麦切稲荷跡", "place_name": "", "address_detail": "", "address": "", "category": "江東区登録文化財", "type": "史跡", "designation_level_code": "municipal", "designation_level_ja": "区市町村", "designation_status_code": "registered", "designation_status_ja": "登録", "heritage_type_major_code": "monument", "heritage_type_major_ja": "記念物", "heritage_type_detail": "史跡", "classification_confidence": "medium", "entity_class": "point", "geometry_role": "representative_point", "source_location_role": "record_coordinate", "spatial_match_status": "point_unmatched", "complex_id": "13108-HG00250", "complex_name": "蕎麦切稲荷跡", "complex_grouping_method": "exact_point", "reason": "record_not_in_building", "item_count": 1, "attached_items_json": "", "source_municipality_gpkg": "13108_heritage.gpkg" }, "geometry": { "type": "Point", "coordinates": [ 139.801448, 35.673623 ] } },
{ "type": "Feature", "properties": { "municipality_code": "13108", "municipality_name": "江東区", "point_id": "record:131083000000.0", "point_kind": "cultural_record", "record_id": "131083000000.0", "record_ids": "131083000000.0", "name": "坪井信道日習堂跡", "names": "坪井信道日習堂跡", "place_name": "深川第二中学校", "address_detail": "", "address": "", "category": "江東区登録文化財", "type": "史跡", "designation_level_code": "municipal", "designation_level_ja": "区市町村", "designation_status_code": "registered", "designation_status_ja": "登録", "heritage_type_major_code": "monument", "heritage_type_major_ja": "記念物", "heritage_type_detail": "史跡", "classification_confidence": "medium", "entity_class": "point", "geometry_role": "representative_point", "source_location_role": "record_coordinate", "spatial_match_status": "point_unmatched", "complex_id": "13108-HG00251", "complex_name": "深川第二中学校", "complex_grouping_method": "place_name", "reason": "record_not_in_building", "item_count": 1, "attached_items_json": "", "source_municipality_gpkg": "13108_heritage.gpkg" }, "geometry": { "type": "Point", "coordinates": [ 139.800019, 35.676192 ] } },
{ "type": "Feature", "properties": { "municipality_code": "13108", "municipality_name": "江東区", "point_id": "record:131083000000.0", "point_kind": "cultural_record", "record_id": "131083000000.0", "record_ids": "131083000000.0", "name": "伊能忠敬宅跡", "names": "伊能忠敬宅跡", "place_name": "", "address_detail": "", "address": "", "category": "江東区登録文化財", "type": "史跡", "designation_level_code": "municipal", "designation_level_ja": "区市町村", "designation_status_code": "registered", "designation_status_ja": "登録", "heritage_type_major_code": "monument", "heritage_type_major_ja": "記念物", "heritage_type_detail": "史跡", "classification_confidence": "medium", "entity_class": "point", "geometry_role": "representative_point", "source_location_role": "record_coordinate", "spatial_match_status": "point_unmatched", "complex_id": "13108-HG00253", "complex_name": "伊能忠敬宅跡", "complex_grouping_method": "exact_point", "reason": "record_not_in_building", "item_count": 1, "attached_items_json": "", "source_municipality_gpkg": "13108_heritage.gpkg" }, "geometry": { "type": "Point", "coordinates": [ 139.794175, 35.674541 ] } },
{ "type": "Feature", "properties": { "municipality_code": "13108", "municipality_name": "江東区", "point_id": "record:131083000000.0", "point_kind": "cultural_record", "record_id": "131083000000.0", "record_ids": "131083000000.0", "name": "蓬莱橋跡", "names": "蓬莱橋跡", "place_name": "", "address_detail": "", "address": "", "category": "江東区登録文化財", "type": "史跡", "designation_level_code": "municipal", "designation_level_ja": "区市町村", "designation_status_code": "registered", "designation_status_ja": "登録", "heritage_type_major_code": "monument", "heritage_type_major_ja": "記念物", "heritage_type_detail": "史跡", "classification_confidence": "medium", "entity_class": "point", "geometry_role": "representative_point", "source_location_role": "record_coordinate", "spatial_match_status": "point_unmatched", "complex_id": "13108-HG00254", "complex_name": "蓬莱橋跡", "complex_grouping_method": "exact_point", "reason": "record_not_in_building", "item_count": 1, "attached_items_json": "", "source_municipality_gpkg": "13108_heritage.gpkg" }, "geometry": { "type": "Point", "coordinates": [ 139.798068, 35.669809 ] } },
{ "type": "Feature", "properties": { "municipality_code": "13108", "municipality_name": "江東区", "point_id": "record:131083000000.0", "point_kind": "cultural_record", "record_id": "131083000000.0", "record_ids": "131083000000.0", "name": "永代寺跡", "names": "永代寺跡", "place_name": "", "address_detail": "", "address": "", "category": "江東区登録文化財", "type": "史跡", "designation_level_code": "municipal", "designation_level_ja": "区市町村", "designation_status_code": "registered", "designation_status_ja": "登録", "heritage_type_major_code": "monument", "heritage_type_major_ja": "記念物", "heritage_type_detail": "史跡", "classification_confidence": "medium", "entity_class": "point", "geometry_role": "representative_point", "source_location_role": "record_coordinate", "spatial_match_status": "point_unmatched", "complex_id": "13108-HG00255", "complex_name": "永代寺跡", "complex_grouping_method": "exact_point", "reason": "record_not_in_building", "item_count": 1, "attached_items_json": "", "source_municipality_gpkg": "13108_heritage.gpkg" }, "geometry": { "type": "Point", "coordinates": [ 139.797463, 35.67286 ] } },
{ "type": "Feature", "properties": { "municipality_code": "13108", "municipality_name": "江東区", "point_id": "record:131083000000.0", "point_kind": "cultural_record", "record_id": "131083000000.0", "record_ids": "131083000000.0", "name": "富岡八幡宮富士塚跡", "names": "富岡八幡宮富士塚跡", "place_name": "", "address_detail": "", "address": "", "category": "江東区登録文化財", "type": "史跡", "designation_level_code": "municipal", "designation_level_ja": "区市町村", "designation_status_code": "registered", "designation_status_ja": "登録", "heritage_type_major_code": "monument", "heritage_type_major_ja": "記念物", "heritage_type_detail": "史跡", "classification_confidence": "medium", "entity_class": "point", "geometry_role": "representative_point", "source_location_role": "record_coordinate", "spatial_match_status": "point_unmatched", "complex_id": "13108-HG00256", "complex_name": "富岡八幡宮富士塚跡", "complex_grouping_method": "exact_point", "reason": "record_not_in_building", "item_count": 1, "attached_items_json": "", "source_municipality_gpkg": "13108_heritage.gpkg" }, "geometry": { "type": "Point", "coordinates": [ 139.799164, 35.672513 ] } },
{ "type": "Feature", "properties": { "municipality_code": "13108", "municipality_name": "江東区", "point_id": "record:131083000000.0", "point_kind": "cultural_record", "record_id": "131083000000.0", "record_ids": "131083000000.0", "name": "八幡堀跡", "names": "八幡堀跡", "place_name": "", "address_detail": "", "address": "", "category": "江東区登録文化財", "type": "史跡", "designation_level_code": "municipal", "designation_level_ja": "区市町村", "designation_status_code": "registered", "designation_status_ja": "登録", "heritage_type_major_code": "monument", "heritage_type_major_ja": "記念物", "heritage_type_detail": "史跡", "classification_confidence": "medium", "entity_class": "point", "geometry_role": "representative_point", "source_location_role": "record_coordinate", "spatial_match_status": "point_unmatched", "complex_id": "13108-HG00257", "complex_name": "八幡堀跡", "complex_grouping_method": "exact_point", "reason": "record_not_in_building", "item_count": 1, "attached_items_json": "", "source_municipality_gpkg": "13108_heritage.gpkg" }, "geometry": { "type": "Point", "coordinates": [ 139.800632, 35.672413 ] } },
{ "type": "Feature", "properties": { "municipality_code": "13108", "municipality_name": "江東区", "point_id": "record:131083000000.0", "point_kind": "cultural_record", "record_id": "131083000000.0", "record_ids": "131083000000.0", "name": "三十三間堂跡", "names": "三十三間堂跡", "place_name": "", "address_detail": "", "address": "", "category": "江東区登録文化財", "type": "史跡", "designation_level_code": "municipal", "designation_level_ja": "区市町村", "designation_status_code": "registered", "designation_status_ja": "登録", "heritage_type_major_code": "monument", "heritage_type_major_ja": "記念物", "heritage_type_detail": "史跡", "classification_confidence": "medium", "entity_class": "point", "geometry_role": "representative_point", "source_location_role": "record_coordinate", "spatial_match_status": "point_unmatched", "complex_id": "13108-HG00259", "complex_name": "三十三間堂跡", "complex_grouping_method": "exact_point", "reason": "record_not_in_building", "item_count": 1, "attached_items_json": "", "source_municipality_gpkg": "13108_heritage.gpkg" }, "geometry": { "type": "Point", "coordinates": [ 139.801482, 35.671617 ] } },
{ "type": "Feature", "properties": { "municipality_code": "13108", "municipality_name": "江東区", "point_id": "record:131083000000.0", "point_kind": "cultural_record", "record_id": "131083000000.0", "record_ids": "131083000000.0", "name": "雀林荘跡", "names": "雀林荘跡", "place_name": "", "address_detail": "", "address": "", "category": "江東区登録文化財", "type": "史跡", "designation_level_code": "municipal", "designation_level_ja": "区市町村", "designation_status_code": "registered", "designation_status_ja": "登録", "heritage_type_major_code": "monument", "heritage_type_major_ja": "記念物", "heritage_type_detail": "史跡", "classification_confidence": "medium", "entity_class": "point", "geometry_role": "representative_point", "source_location_role": "record_coordinate", "spatial_match_status": "point_unmatched", "complex_id": "13108-HG00260", "complex_name": "雀林荘跡", "complex_grouping_method": "exact_point", "reason": "record_not_in_building", "item_count": 1, "attached_items_json": "", "source_municipality_gpkg": "13108_heritage.gpkg" }, "geometry": { "type": "Point", "coordinates": [ 139.793618, 35.670426 ] } },
{ "type": "Feature", "properties": { "municipality_code": "13108", "municipality_name": "江東区", "point_id": "record:131083000000.0", "point_kind": "cultural_record", "record_id": "131083000000.0", "record_ids": "131083000000.0", "name": "洲崎御薬草御植付場跡", "names": "洲崎御薬草御植付場跡", "place_name": "", "address_detail": "", "address": "", "category": "江東区登録文化財", "type": "史跡", "designation_level_code": "municipal", "designation_level_ja": "区市町村", "designation_status_code": "registered", "designation_status_ja": "登録", "heritage_type_major_code": "monument", "heritage_type_major_ja": "記念物", "heritage_type_detail": "史跡", "classification_confidence": "medium", "entity_class": "point", "geometry_role": "representative_point", "source_location_role": "record_coordinate", "spatial_match_status": "point_unmatched", "complex_id": "13108-HG00261", "complex_name": "洲崎御薬草御植付場跡", "complex_grouping_method": "exact_point", "reason": "record_not_in_building", "item_count": 1, "attached_items_json": "", "source_municipality_gpkg": "13108_heritage.gpkg" }, "geometry": { "type": "Point", "coordinates": [ 139.801131, 35.668721 ] } },
{ "type": "Feature", "properties": { "municipality_code": "13108", "municipality_name": "江東区", "point_id": "record:131083000000.0", "point_kind": "cultural_record", "record_id": "131083000000.0", "record_ids": "131083000000.0", "name": "松平定信海荘跡", "names": "松平定信海荘跡", "place_name": "", "address_detail": "", "address": "", "category": "江東区登録文化財", "type": "史跡", "designation_level_code": "municipal", "designation_level_ja": "区市町村", "designation_status_code": "registered", "designation_status_ja": "登録", "heritage_type_major_code": "monument", "heritage_type_major_ja": "記念物", "heritage_type_detail": "史跡", "classification_confidence": "medium", "entity_class": "point", "geometry_role": "representative_point", "source_location_role": "record_coordinate", "spatial_match_status": "point_unmatched", "complex_id": "13108-HG00262", "complex_name": "松平定信海荘跡", "complex_grouping_method": "exact_point", "reason": "record_not_in_building", "item_count": 1, "attached_items_json": "", "source_municipality_gpkg": "13108_heritage.gpkg" }, "geometry": { "type": "Point", "coordinates": [ 139.800494, 35.669086 ] } },
{ "type": "Feature", "properties": { "municipality_code": "13108", "municipality_name": "江東区", "point_id": "record:131083000000.0", "point_kind": "cultural_record", "record_id": "131083000000.0", "record_ids": "131083000000.0", "name": "金刀比羅神社跡", "names": "金刀比羅神社跡", "place_name": "", "address_detail": "", "address": "", "category": "江東区登録文化財", "type": "史跡", "designation_level_code": "municipal", "designation_level_ja": "区市町村", "designation_status_code": "registered", "designation_status_ja": "登録", "heritage_type_major_code": "monument", "heritage_type_major_ja": "記念物", "heritage_type_detail": "史跡", "classification_confidence": "medium", "entity_class": "point", "geometry_role": "representative_point", "source_location_role": "record_coordinate", "spatial_match_status": "point_unmatched", "complex_id": "13108-HG00263", "complex_name": "金刀比羅神社跡", "complex_grouping_method": "exact_point", "reason": "record_not_in_building", "item_count": 1, "attached_items_json": "", "source_municipality_gpkg": "13108_heritage.gpkg" }, "geometry": { "type": "Point", "coordinates": [ 139.799471, 35.666427 ] } },
{ "type": "Feature", "properties": { "municipality_code": "13108", "municipality_name": "江東区", "point_id": "record:131083000000.0", "point_kind": "cultural_record", "record_id": "131083000000.0", "record_ids": "131083000000.0", "name": "十万坪跡", "names": "十万坪跡", "place_name": "", "address_detail": "", "address": "", "category": "江東区登録文化財", "type": "史跡", "designation_level_code": "municipal", "designation_level_ja": "区市町村", "designation_status_code": "registered", "designation_status_ja": "登録", "heritage_type_major_code": "monument", "heritage_type_major_ja": "記念物", "heritage_type_detail": "史跡", "classification_confidence": "medium", "entity_class": "point", "geometry_role": "representative_point", "source_location_role": "record_coordinate", "spatial_match_status": "point_unmatched", "complex_id": "13108-HG00267", "complex_name": "十万坪跡", "complex_grouping_method": "exact_point", "reason": "record_not_in_building", "item_count": 1, "attached_items_json": "", "source_municipality_gpkg": "13108_heritage.gpkg" }, "geometry": { "type": "Point", "coordinates": [ 139.815244, 35.679403 ] } },
{ "type": "Feature", "properties": { "municipality_code": "13108", "municipality_name": "江東区", "point_id": "record:131083000000.0", "point_kind": "cultural_record", "record_id": "131083000000.0", "record_ids": "131083000000.0", "name": "猿江船改番所跡", "names": "猿江船改番所跡", "place_name": "", "address_detail": "", "address": "", "category": "江東区登録文化財", "type": "史跡", "designation_level_code": "municipal", "designation_level_ja": "区市町村", "designation_status_code": "registered", "designation_status_ja": "登録", "heritage_type_major_code": "monument", "heritage_type_major_ja": "記念物", "heritage_type_detail": "史跡", "classification_confidence": "medium", "entity_class": "point", "geometry_role": "representative_point", "source_location_role": "record_coordinate", "spatial_match_status": "point_unmatched", "complex_id": "13108-HG00271", "complex_name": "猿江船改番所跡", "complex_grouping_method": "exact_point", "reason": "record_not_in_building", "item_count": 1, "attached_items_json": "", "source_municipality_gpkg": "13108_heritage.gpkg" }, "geometry": { "type": "Point", "coordinates": [ 139.810991, 35.684749 ] } },
{ "type": "Feature", "properties": { "municipality_code": "13108", "municipality_name": "江東区", "point_id": "record:131083000000.0", "point_kind": "cultural_record", "record_id": "131083000000.0", "record_ids": "131083000000.0", "name": "逹理堂跡", "names": "逹理堂跡", "place_name": "", "address_detail": "", "address": "", "category": "江東区登録文化財", "type": "史跡", "designation_level_code": "municipal", "designation_level_ja": "区市町村", "designation_status_code": "registered", "designation_status_ja": "登録", "heritage_type_major_code": "monument", "heritage_type_major_ja": "記念物", "heritage_type_detail": "史跡", "classification_confidence": "medium", "entity_class": "point", "geometry_role": "representative_point", "source_location_role": "record_coordinate", "spatial_match_status": "point_unmatched", "complex_id": "13108-HG00272", "complex_name": "逹理堂跡", "complex_grouping_method": "exact_point", "reason": "record_not_in_building", "item_count": 1, "attached_items_json": "", "source_municipality_gpkg": "13108_heritage.gpkg" }, "geometry": { "type": "Point", "coordinates": [ 139.811858, 35.685099 ] } },
{ "type": "Feature", "properties": { "municipality_code": "13108", "municipality_name": "江東区", "point_id": "record:131083000000.0", "point_kind": "cultural_record", "record_id": "131083000000.0", "record_ids": "131083000000.0", "name": "摩利支天祠跡", "names": "摩利支天祠跡", "place_name": "日先神社", "address_detail": "", "address": "", "category": "江東区登録文化財", "type": "史跡", "designation_level_code": "municipal", "designation_level_ja": "区市町村", "designation_status_code": "registered", "designation_status_ja": "登録", "heritage_type_major_code": "monument", "heritage_type_major_ja": "記念物", "heritage_type_detail": "史跡", "classification_confidence": "medium", "entity_class": "point", "geometry_role": "representative_point", "source_location_role": "record_coordinate", "spatial_match_status": "point_unmatched", "complex_id": "13108-HG00273", "complex_name": "日先神社", "complex_grouping_method": "place_name", "reason": "record_not_in_building", "item_count": 1, "attached_items_json": "", "source_municipality_gpkg": "13108_heritage.gpkg" }, "geometry": { "type": "Point", "coordinates": [ 139.813707, 35.686619 ] } },
{ "type": "Feature", "properties": { "municipality_code": "13108", "municipality_name": "江東区", "point_id": "record:131083000000.0", "point_kind": "cultural_record", "record_id": "131083000000.0", "record_ids": "131083000000.0", "name": "妙寿寺跡", "names": "妙寿寺跡", "place_name": "", "address_detail": "", "address": "", "category": "江東区登録文化財", "type": "史跡", "designation_level_code": "municipal", "designation_level_ja": "区市町村", "designation_status_code": "registered", "designation_status_ja": "登録", "heritage_type_major_code": "monument", "heritage_type_major_ja": "記念物", "heritage_type_detail": "史跡", "classification_confidence": "medium", "entity_class": "point", "geometry_role": "representative_point", "source_location_role": "record_coordinate", "spatial_match_status": "point_unmatched", "complex_id": "13108-HG00274", "complex_name": "妙寿寺跡", "complex_grouping_method": "exact_point", "reason": "record_not_in_building", "item_count": 1, "attached_items_json": "", "source_municipality_gpkg": "13108_heritage.gpkg" }, "geometry": { "type": "Point", "coordinates": [ 139.814232, 35.685738 ] } },
{ "type": "Feature", "properties": { "municipality_code": "13108", "municipality_name": "江東区", "point_id": "record:131083000000.0", "point_kind": "cultural_record", "record_id": "131083000000.0", "record_ids": "131083000000.0", "name": "五本松跡", "names": "五本松跡", "place_name": "", "address_detail": "", "address": "", "category": "江東区登録文化財", "type": "史跡", "designation_level_code": "municipal", "designation_level_ja": "区市町村", "designation_status_code": "registered", "designation_status_ja": "登録", "heritage_type_major_code": "monument", "heritage_type_major_ja": "記念物", "heritage_type_detail": "史跡", "classification_confidence": "medium", "entity_class": "point", "geometry_role": "representative_point", "source_location_role": "record_coordinate", "spatial_match_status": "point_unmatched", "complex_id": "13108-HG00276", "complex_name": "五本松跡", "complex_grouping_method": "exact_point", "reason": "record_not_in_building", "item_count": 1, "attached_items_json": "", "source_municipality_gpkg": "13108_heritage.gpkg" }, "geometry": { "type": "Point", "coordinates": [ 139.818236, 35.685045 ] } },
{ "type": "Feature", "properties": { "municipality_code": "13108", "municipality_name": "江東区", "point_id": "record:131083000000.0", "point_kind": "cultural_record", "record_id": "131083000000.0", "record_ids": "131083000000.0", "name": "猿江御材木蔵跡", "names": "猿江御材木蔵跡", "place_name": "", "address_detail": "", "address": "", "category": "江東区登録文化財", "type": "史跡", "designation_level_code": "municipal", "designation_level_ja": "区市町村", "designation_status_code": "registered", "designation_status_ja": "登録", "heritage_type_major_code": "monument", "heritage_type_major_ja": "記念物", "heritage_type_detail": "史跡", "classification_confidence": "medium", "entity_class": "point", "geometry_role": "representative_point", "source_location_role": "record_coordinate", "spatial_match_status": "point_unmatched", "complex_id": "13108-HG00279", "complex_name": "猿江御材木蔵跡", "complex_grouping_method": "exact_point", "reason": "record_not_in_building", "item_count": 1, "attached_items_json": "", "source_municipality_gpkg": "13108_heritage.gpkg" }, "geometry": { "type": "Point", "coordinates": [ 139.817092, 35.688767 ] } },
{ "type": "Feature", "properties": { "municipality_code": "13108", "municipality_name": "江東区", "point_id": "record:131083000000.0", "point_kind": "cultural_record", "record_id": "131083000000.0", "record_ids": "131083000000.0", "name": "牡丹園跡", "names": "牡丹園跡", "place_name": "", "address_detail": "", "address": "", "category": "江東区登録文化財", "type": "史跡", "designation_level_code": "municipal", "designation_level_ja": "区市町村", "designation_status_code": "registered", "designation_status_ja": "登録", "heritage_type_major_code": "monument", "heritage_type_major_ja": "記念物", "heritage_type_detail": "史跡", "classification_confidence": "medium", "entity_class": "point", "geometry_role": "representative_point", "source_location_role": "record_coordinate", "spatial_match_status": "point_unmatched", "complex_id": "13108-HG00280", "complex_name": "牡丹園跡", "complex_grouping_method": "exact_point", "reason": "record_not_in_building", "item_count": 1, "attached_items_json": "", "source_municipality_gpkg": "13108_heritage.gpkg" }, "geometry": { "type": "Point", "coordinates": [ 139.814827, 35.692468 ] } },
{ "type": "Feature", "properties": { "municipality_code": "13108", "municipality_name": "江東区", "point_id": "record:131083000000.0", "point_kind": "cultural_record", "record_id": "131083000000.0", "record_ids": "131083000000.0", "name": "藤森稲荷跡", "names": "藤森稲荷跡", "place_name": "", "address_detail": "", "address": "", "category": "江東区登録文化財", "type": "史跡", "designation_level_code": "municipal", "designation_level_ja": "区市町村", "designation_status_code": "registered", "designation_status_ja": "登録", "heritage_type_major_code": "monument", "heritage_type_major_ja": "記念物", "heritage_type_detail": "史跡", "classification_confidence": "medium", "entity_class": "point", "geometry_role": "representative_point", "source_location_role": "record_coordinate", "spatial_match_status": "point_unmatched", "complex_id": "13108-HG00281", "complex_name": "藤森稲荷跡", "complex_grouping_method": "exact_point", "reason": "record_not_in_building", "item_count": 1, "attached_items_json": "", "source_municipality_gpkg": "13108_heritage.gpkg" }, "geometry": { "type": "Point", "coordinates": [ 139.818115, 35.691257 ] } },
{ "type": "Feature", "properties": { "municipality_code": "13108", "municipality_name": "江東区", "point_id": "record:131083000000.0", "point_kind": "cultural_record", "record_id": "131083000000.0", "record_ids": "131083000000.0", "name": "七代目市川團十郎宅跡", "names": "七代目市川團十郎宅跡", "place_name": "", "address_detail": "", "address": "", "category": "江東区登録文化財", "type": "史跡", "designation_level_code": "municipal", "designation_level_ja": "区市町村", "designation_status_code": "registered", "designation_status_ja": "登録", "heritage_type_major_code": "monument", "heritage_type_major_ja": "記念物", "heritage_type_detail": "史跡", "classification_confidence": "medium", "entity_class": "point", "geometry_role": "representative_point", "source_location_role": "record_coordinate", "spatial_match_status": "point_unmatched", "complex_id": "13108-HG00282", "complex_name": "七代目市川團十郎宅跡", "complex_grouping_method": "exact_point", "reason": "record_not_in_building", "item_count": 1, "attached_items_json": "", "source_municipality_gpkg": "13108_heritage.gpkg" }, "geometry": { "type": "Point", "coordinates": [ 139.803795, 35.670507 ] } },
{ "type": "Feature", "properties": { "municipality_code": "13108", "municipality_name": "江東区", "point_id": "record:131083000000.0", "point_kind": "cultural_record", "record_id": "131083000000.0", "record_ids": "131083000000.0", "name": "鶴歩町跡", "names": "鶴歩町跡", "place_name": "", "address_detail": "", "address": "", "category": "江東区登録文化財", "type": "史跡", "designation_level_code": "municipal", "designation_level_ja": "区市町村", "designation_status_code": "registered", "designation_status_ja": "登録", "heritage_type_major_code": "monument", "heritage_type_major_ja": "記念物", "heritage_type_detail": "史跡", "classification_confidence": "medium", "entity_class": "point", "geometry_role": "representative_point", "source_location_role": "record_coordinate", "spatial_match_status": "point_unmatched", "complex_id": "13108-HG00283", "complex_name": "鶴歩町跡", "complex_grouping_method": "exact_point", "reason": "record_not_in_building", "item_count": 1, "attached_items_json": "", "source_municipality_gpkg": "13108_heritage.gpkg" }, "geometry": { "type": "Point", "coordinates": [ 139.803332, 35.672646 ] } },
{ "type": "Feature", "properties": { "municipality_code": "13108", "municipality_name": "江東区", "point_id": "record:131083000000.0", "point_kind": "cultural_record", "record_id": "131083000000.0", "record_ids": "131083000000.0", "name": "長谷川如是閑誕生の地", "names": "長谷川如是閑誕生の地", "place_name": "", "address_detail": "", "address": "", "category": "江東区登録文化財", "type": "史跡", "designation_level_code": "municipal", "designation_level_ja": "区市町村", "designation_status_code": "registered", "designation_status_ja": "登録", "heritage_type_major_code": "monument", "heritage_type_major_ja": "記念物", "heritage_type_detail": "史跡", "classification_confidence": "medium", "entity_class": "point", "geometry_role": "representative_point", "source_location_role": "record_coordinate", "spatial_match_status": "point_unmatched", "complex_id": "13108-HG00284", "complex_name": "長谷川如是閑誕生の地", "complex_grouping_method": "exact_point", "reason": "record_not_in_building", "item_count": 1, "attached_items_json": "", "source_municipality_gpkg": "13108_heritage.gpkg" }, "geometry": { "type": "Point", "coordinates": [ 139.806347, 35.67506 ] } },
{ "type": "Feature", "properties": { "municipality_code": "13108", "municipality_name": "江東区", "point_id": "record:131083000000.0", "point_kind": "cultural_record", "record_id": "131083000000.0", "record_ids": "131083000000.0", "name": "平井新田塩浜跡", "names": "平井新田塩浜跡", "place_name": "", "address_detail": "", "address": "", "category": "江東区登録文化財", "type": "史跡", "designation_level_code": "municipal", "designation_level_ja": "区市町村", "designation_status_code": "registered", "designation_status_ja": "登録", "heritage_type_major_code": "monument", "heritage_type_major_ja": "記念物", "heritage_type_detail": "史跡", "classification_confidence": "medium", "entity_class": "point", "geometry_role": "representative_point", "source_location_role": "record_coordinate", "spatial_match_status": "point_unmatched", "complex_id": "13108-HG00289", "complex_name": "平井新田塩浜跡", "complex_grouping_method": "exact_point", "reason": "record_not_in_building", "item_count": 1, "attached_items_json": "", "source_municipality_gpkg": "13108_heritage.gpkg" }, "geometry": { "type": "Point", "coordinates": [ 139.816434, 35.669109 ] } },
{ "type": "Feature", "properties": { "municipality_code": "13108", "municipality_name": "江東区", "point_id": "record:131083000000.0", "point_kind": "cultural_record", "record_id": "131083000000.0", "record_ids": "131083000000.0", "name": "元佐倉道跡", "names": "元佐倉道跡", "place_name": "", "address_detail": "", "address": "", "category": "江東区登録文化財", "type": "史跡", "designation_level_code": "municipal", "designation_level_ja": "区市町村", "designation_status_code": "registered", "designation_status_ja": "登録", "heritage_type_major_code": "monument", "heritage_type_major_ja": "記念物", "heritage_type_detail": "史跡", "classification_confidence": "medium", "entity_class": "point", "geometry_role": "representative_point", "source_location_role": "record_coordinate", "spatial_match_status": "point_unmatched", "complex_id": "13108-HG00291", "complex_name": "元佐倉道跡", "complex_grouping_method": "exact_point", "reason": "record_not_in_building", "item_count": 1, "attached_items_json": "", "source_municipality_gpkg": "13108_heritage.gpkg" }, "geometry": { "type": "Point", "coordinates": [ 139.845391, 35.694801 ] } },
{ "type": "Feature", "properties": { "municipality_code": "13108", "municipality_name": "江東区", "point_id": "record:131083000000.0", "point_kind": "cultural_record", "record_id": "131083000000.0", "record_ids": "131083000000.0", "name": "亀戸天神旅所跡", "names": "亀戸天神旅所跡", "place_name": "", "address_detail": "", "address": "", "category": "江東区登録文化財", "type": "史跡", "designation_level_code": "municipal", "designation_level_ja": "区市町村", "designation_status_code": "registered", "designation_status_ja": "登録", "heritage_type_major_code": "monument", "heritage_type_major_ja": "記念物", "heritage_type_detail": "史跡", "classification_confidence": "medium", "entity_class": "point", "geometry_role": "representative_point", "source_location_role": "record_coordinate", "spatial_match_status": "point_unmatched", "complex_id": "13108-HG00292", "complex_name": "亀戸天神旅所跡", "complex_grouping_method": "exact_point", "reason": "record_not_in_building", "item_count": 1, "attached_items_json": "", "source_municipality_gpkg": "13108_heritage.gpkg" }, "geometry": { "type": "Point", "coordinates": [ 139.820698, 35.693904 ] } },
{ "type": "Feature", "properties": { "municipality_code": "13108", "municipality_name": "江東区", "point_id": "record:131083000000.0", "point_kind": "cultural_record", "record_id": "131083000000.0", "record_ids": "131083000000.0", "name": "おいてけ堀跡", "names": "おいてけ堀跡", "place_name": "", "address_detail": "", "address": "", "category": "江東区登録文化財", "type": "史跡", "designation_level_code": "municipal", "designation_level_ja": "区市町村", "designation_status_code": "registered", "designation_status_ja": "登録", "heritage_type_major_code": "monument", "heritage_type_major_ja": "記念物", "heritage_type_detail": "史跡", "classification_confidence": "medium", "entity_class": "point", "geometry_role": "representative_point", "source_location_role": "record_coordinate", "spatial_match_status": "point_unmatched", "complex_id": "13108-HG00293", "complex_name": "おいてけ堀跡", "complex_grouping_method": "exact_point", "reason": "record_not_in_building", "item_count": 1, "attached_items_json": "", "source_municipality_gpkg": "13108_heritage.gpkg" }, "geometry": { "type": "Point", "coordinates": [ 139.821667, 35.695307 ] } },
{ "type": "Feature", "properties": { "municipality_code": "13108", "municipality_name": "江東区", "point_id": "record:131083000000.0", "point_kind": "cultural_record", "record_id": "131083000000.0", "record_ids": "131083000000.0", "name": "五之橋跡", "names": "五之橋跡", "place_name": "", "address_detail": "", "address": "", "category": "江東区登録文化財", "type": "史跡", "designation_level_code": "municipal", "designation_level_ja": "区市町村", "designation_status_code": "registered", "designation_status_ja": "登録", "heritage_type_major_code": "monument", "heritage_type_major_ja": "記念物", "heritage_type_detail": "史跡", "classification_confidence": "medium", "entity_class": "point", "geometry_role": "representative_point", "source_location_role": "record_coordinate", "spatial_match_status": "point_unmatched", "complex_id": "13108-HG00294", "complex_name": "五之橋跡", "complex_grouping_method": "exact_point", "reason": "record_not_in_building", "item_count": 1, "attached_items_json": "", "source_municipality_gpkg": "13108_heritage.gpkg" }, "geometry": { "type": "Point", "coordinates": [ 139.826127, 35.693831 ] } },
{ "type": "Feature", "properties": { "municipality_code": "13108", "municipality_name": "江東区", "point_id": "record:131083000000.0", "point_kind": "cultural_record", "record_id": "131083000000.0", "record_ids": "131083000000.0", "name": "亀戸銭座跡", "names": "亀戸銭座跡", "place_name": "", "address_detail": "", "address": "", "category": "江東区登録文化財", "type": "史跡", "designation_level_code": "municipal", "designation_level_ja": "区市町村", "designation_status_code": "registered", "designation_status_ja": "登録", "heritage_type_major_code": "monument", "heritage_type_major_ja": "記念物", "heritage_type_detail": "史跡", "classification_confidence": "medium", "entity_class": "point", "geometry_role": "representative_point", "source_location_role": "record_coordinate", "spatial_match_status": "point_unmatched", "complex_id": "13108-HG00295", "complex_name": "亀戸銭座跡", "complex_grouping_method": "exact_point", "reason": "record_not_in_building", "item_count": 1, "attached_items_json": "", "source_municipality_gpkg": "13108_heritage.gpkg" }, "geometry": { "type": "Point", "coordinates": [ 139.819594, 35.699889 ] } },
{ "type": "Feature", "properties": { "municipality_code": "13108", "municipality_name": "江東区", "point_id": "record:131083000000.0", "point_kind": "cultural_record", "record_id": "131083000000.0", "record_ids": "131083000000.0", "name": "光蔵寺跡", "names": "光蔵寺跡", "place_name": "", "address_detail": "", "address": "", "category": "江東区登録文化財", "type": "史跡", "designation_level_code": "municipal", "designation_level_ja": "区市町村", "designation_status_code": "registered", "designation_status_ja": "登録", "heritage_type_major_code": "monument", "heritage_type_major_ja": "記念物", "heritage_type_detail": "史跡", "classification_confidence": "medium", "entity_class": "point", "geometry_role": "representative_point", "source_location_role": "record_coordinate", "spatial_match_status": "point_unmatched", "complex_id": "13108-HG00296", "complex_name": "光蔵寺跡", "complex_grouping_method": "exact_point", "reason": "record_not_in_building", "item_count": 1, "attached_items_json": "", "source_municipality_gpkg": "13108_heritage.gpkg" }, "geometry": { "type": "Point", "coordinates": [ 139.819736, 35.703328 ] } },
{ "type": "Feature", "properties": { "municipality_code": "13108", "municipality_name": "江東区", "point_id": "record:131083000000.0", "point_kind": "cultural_record", "record_id": "131083000000.0", "record_ids": "131083000000.0", "name": "十間川", "names": "十間川", "place_name": "", "address_detail": "", "address": "", "category": "江東区登録文化財", "type": "史跡", "designation_level_code": "municipal", "designation_level_ja": "区市町村", "designation_status_code": "registered", "designation_status_ja": "登録", "heritage_type_major_code": "monument", "heritage_type_major_ja": "記念物", "heritage_type_detail": "史跡", "classification_confidence": "medium", "entity_class": "point", "geometry_role": "representative_point", "source_location_role": "record_coordinate", "spatial_match_status": "point_unmatched", "complex_id": "13108-HG00297", "complex_name": "十間川", "complex_grouping_method": "exact_point", "reason": "record_not_in_building", "item_count": 1, "attached_items_json": "", "source_municipality_gpkg": "13108_heritage.gpkg" }, "geometry": { "type": "Point", "coordinates": [ 139.81899, 35.707264 ] } },
{ "type": "Feature", "properties": { "municipality_code": "13108", "municipality_name": "江東区", "point_id": "record:131083000000.0", "point_kind": "cultural_record", "record_id": "131083000000.0", "record_ids": "131083000000.0", "name": "梅屋敷跡", "names": "梅屋敷跡", "place_name": "", "address_detail": "", "address": "", "category": "江東区登録文化財", "type": "史跡", "designation_level_code": "municipal", "designation_level_ja": "区市町村", "designation_status_code": "registered", "designation_status_ja": "登録", "heritage_type_major_code": "monument", "heritage_type_major_ja": "記念物", "heritage_type_detail": "史跡", "classification_confidence": "medium", "entity_class": "point", "geometry_role": "representative_point", "source_location_role": "record_coordinate", "spatial_match_status": "point_unmatched", "complex_id": "13108-HG00298", "complex_name": "梅屋敷跡", "complex_grouping_method": "exact_point", "reason": "record_not_in_building", "item_count": 1, "attached_items_json": "", "source_municipality_gpkg": "13108_heritage.gpkg" }, "geometry": { "type": "Point", "coordinates": [ 139.824165, 35.705613 ] } },
{ "type": "Feature", "properties": { "municipality_code": "13108", "municipality_name": "江東区", "point_id": "record:131083000000.0", "point_kind": "cultural_record", "record_id": "131083000000.0", "record_ids": "131083000000.0", "name": "入神明宮跡", "names": "入神明宮跡", "place_name": "", "address_detail": "", "address": "", "category": "江東区登録文化財", "type": "史跡", "designation_level_code": "municipal", "designation_level_ja": "区市町村", "designation_status_code": "registered", "designation_status_ja": "登録", "heritage_type_major_code": "monument", "heritage_type_major_ja": "記念物", "heritage_type_detail": "史跡", "classification_confidence": "medium", "entity_class": "point", "geometry_role": "representative_point", "source_location_role": "record_coordinate", "spatial_match_status": "point_unmatched", "complex_id": "13108-HG00299", "complex_name": "入神明宮跡", "complex_grouping_method": "exact_point", "reason": "record_not_in_building", "item_count": 1, "attached_items_json": "", "source_municipality_gpkg": "13108_heritage.gpkg" }, "geometry": { "type": "Point", "coordinates": [ 139.823021, 35.705009 ] } },
{ "type": "Feature", "properties": { "municipality_code": "13108", "municipality_name": "江東区", "point_id": "record:131083000000.0", "point_kind": "cultural_record", "record_id": "131083000000.0", "record_ids": "131083000000.0", "name": "亀の島跡", "names": "亀の島跡", "place_name": "", "address_detail": "", "address": "", "category": "江東区登録文化財", "type": "史跡", "designation_level_code": "municipal", "designation_level_ja": "区市町村", "designation_status_code": "registered", "designation_status_ja": "登録", "heritage_type_major_code": "monument", "heritage_type_major_ja": "記念物", "heritage_type_detail": "史跡", "classification_confidence": "medium", "entity_class": "point", "geometry_role": "representative_point", "source_location_role": "record_coordinate", "spatial_match_status": "point_unmatched", "complex_id": "13108-HG00300", "complex_name": "亀の島跡", "complex_grouping_method": "exact_point", "reason": "record_not_in_building", "item_count": 1, "attached_items_json": "", "source_municipality_gpkg": "13108_heritage.gpkg" }, "geometry": { "type": "Point", "coordinates": [ 139.825203, 35.703939 ] } },
{ "type": "Feature", "properties": { "municipality_code": "13108", "municipality_name": "江東区", "point_id": "record:131083000000.0", "point_kind": "cultural_record", "record_id": "131083000000.0", "record_ids": "131083000000.0", "name": "占風園跡", "names": "占風園跡", "place_name": "", "address_detail": "", "address": "", "category": "江東区登録文化財", "type": "史跡", "designation_level_code": "municipal", "designation_level_ja": "区市町村", "designation_status_code": "registered", "designation_status_ja": "登録", "heritage_type_major_code": "monument", "heritage_type_major_ja": "記念物", "heritage_type_detail": "史跡", "classification_confidence": "medium", "entity_class": "point", "geometry_role": "representative_point", "source_location_role": "record_coordinate", "spatial_match_status": "point_unmatched", "complex_id": "13108-HG00301", "complex_name": "占風園跡", "complex_grouping_method": "exact_point", "reason": "record_not_in_building", "item_count": 1, "attached_items_json": "", "source_municipality_gpkg": "13108_heritage.gpkg" }, "geometry": { "type": "Point", "coordinates": [ 139.827853, 35.695401 ] } },
{ "type": "Feature", "properties": { "municipality_code": "13108", "municipality_name": "江東区", "point_id": "record:131083000000.0", "point_kind": "cultural_record", "record_id": "131083000000.0", "record_ids": "131083000000.0", "name": "北十間川", "names": "北十間川", "place_name": "", "address_detail": "", "address": "", "category": "江東区登録文化財", "type": "史跡", "designation_level_code": "municipal", "designation_level_ja": "区市町村", "designation_status_code": "registered", "designation_status_ja": "登録", "heritage_type_major_code": "monument", "heritage_type_major_ja": "記念物", "heritage_type_detail": "史跡", "classification_confidence": "medium", "entity_class": "point", "geometry_role": "representative_point", "source_location_role": "record_coordinate", "spatial_match_status": "point_unmatched", "complex_id": "13108-HG00302", "complex_name": "北十間川", "complex_grouping_method": "exact_point", "reason": "record_not_in_building", "item_count": 1, "attached_items_json": "", "source_municipality_gpkg": "13108_heritage.gpkg" }, "geometry": { "type": "Point", "coordinates": [ 139.834662, 35.702437 ] } },
{ "type": "Feature", "properties": { "municipality_code": "13108", "municipality_name": "江東区", "point_id": "record:131083000000.0", "point_kind": "cultural_record", "record_id": "131083000000.0", "record_ids": "131083000000.0", "name": "竪川", "names": "竪川", "place_name": "", "address_detail": "", "address": "", "category": "江東区登録文化財", "type": "史跡", "designation_level_code": "municipal", "designation_level_ja": "区市町村", "designation_status_code": "registered", "designation_status_ja": "登録", "heritage_type_major_code": "monument", "heritage_type_major_ja": "記念物", "heritage_type_detail": "史跡", "classification_confidence": "medium", "entity_class": "point", "geometry_role": "representative_point", "source_location_role": "record_coordinate", "spatial_match_status": "point_unmatched", "complex_id": "13108-HG00303", "complex_name": "竪川", "complex_grouping_method": "exact_point", "reason": "record_not_in_building", "item_count": 1, "attached_items_json": "", "source_municipality_gpkg": "13108_heritage.gpkg" }, "geometry": { "type": "Point", "coordinates": [ 139.846814, 35.695275 ] } },
{ "type": "Feature", "properties": { "municipality_code": "13108", "municipality_name": "江東区", "point_id": "record:131083000000.0", "point_kind": "cultural_record", "record_id": "131083000000.0", "record_ids": "131083000000.0", "name": "逆井の渡し跡", "names": "逆井の渡し跡", "place_name": "", "address_detail": "", "address": "", "category": "江東区登録文化財", "type": "史跡", "designation_level_code": "municipal", "designation_level_ja": "区市町村", "designation_status_code": "registered", "designation_status_ja": "登録", "heritage_type_major_code": "monument", "heritage_type_major_ja": "記念物", "heritage_type_detail": "史跡", "classification_confidence": "medium", "entity_class": "point", "geometry_role": "representative_point", "source_location_role": "record_coordinate", "spatial_match_status": "point_unmatched", "complex_id": "13108-HG00304", "complex_name": "逆井の渡し跡", "complex_grouping_method": "exact_point", "reason": "record_not_in_building", "item_count": 1, "attached_items_json": "", "source_municipality_gpkg": "13108_heritage.gpkg" }, "geometry": { "type": "Point", "coordinates": [ 139.847074, 35.695148 ] } },
{ "type": "Feature", "properties": { "municipality_code": "13108", "municipality_name": "江東区", "point_id": "record:131083000000.0", "point_kind": "cultural_record", "record_id": "131083000000.0", "record_ids": "131083000000.0", "name": "釜屋跡", "names": "釜屋跡", "place_name": "", "address_detail": "", "address": "", "category": "江東区登録文化財", "type": "史跡", "designation_level_code": "municipal", "designation_level_ja": "区市町村", "designation_status_code": "registered", "designation_status_ja": "登録", "heritage_type_major_code": "monument", "heritage_type_major_ja": "記念物", "heritage_type_detail": "史跡", "classification_confidence": "medium", "entity_class": "point", "geometry_role": "representative_point", "source_location_role": "record_coordinate", "spatial_match_status": "point_unmatched", "complex_id": "13108-HG00305", "complex_name": "釜屋跡", "complex_grouping_method": "exact_point", "reason": "record_not_in_building", "item_count": 1, "attached_items_json": "", "source_municipality_gpkg": "13108_heritage.gpkg" }, "geometry": { "type": "Point", "coordinates": [ 139.821869, 35.687427 ] } },
{ "type": "Feature", "properties": { "municipality_code": "13108", "municipality_name": "江東区", "point_id": "record:131083000000.0", "point_kind": "cultural_record", "record_id": "131083000000.0", "record_ids": "131083000000.0", "name": "庚申道", "names": "庚申道", "place_name": "", "address_detail": "", "address": "", "category": "江東区登録文化財", "type": "史跡", "designation_level_code": "municipal", "designation_level_ja": "区市町村", "designation_status_code": "registered", "designation_status_ja": "登録", "heritage_type_major_code": "monument", "heritage_type_major_ja": "記念物", "heritage_type_detail": "史跡", "classification_confidence": "medium", "entity_class": "point", "geometry_role": "representative_point", "source_location_role": "record_coordinate", "spatial_match_status": "point_unmatched", "complex_id": "13108-HG00306", "complex_name": "庚申道", "complex_grouping_method": "exact_point", "reason": "record_not_in_building", "item_count": 1, "attached_items_json": "", "source_municipality_gpkg": "13108_heritage.gpkg" }, "geometry": { "type": "Point", "coordinates": [ 139.824026, 35.686359 ] } },
{ "type": "Feature", "properties": { "municipality_code": "13108", "municipality_name": "江東区", "point_id": "record:131083000000.0", "point_kind": "cultural_record", "record_id": "131083000000.0", "record_ids": "131083000000.0", "name": "一茶寓居跡", "names": "一茶寓居跡", "place_name": "", "address_detail": "", "address": "", "category": "江東区登録文化財", "type": "史跡", "designation_level_code": "municipal", "designation_level_ja": "区市町村", "designation_status_code": "registered", "designation_status_ja": "登録", "heritage_type_major_code": "monument", "heritage_type_major_ja": "記念物", "heritage_type_detail": "史跡", "classification_confidence": "medium", "entity_class": "point", "geometry_role": "representative_point", "source_location_role": "record_coordinate", "spatial_match_status": "point_unmatched", "complex_id": "13108-HG00308", "complex_name": "一茶寓居跡", "complex_grouping_method": "exact_point", "reason": "record_not_in_building", "item_count": 1, "attached_items_json": "", "source_municipality_gpkg": "13108_heritage.gpkg" }, "geometry": { "type": "Point", "coordinates": [ 139.820076, 35.692246 ] } },
{ "type": "Feature", "properties": { "municipality_code": "13108", "municipality_name": "江東区", "point_id": "record:131083000000.0", "point_kind": "cultural_record", "record_id": "131083000000.0", "record_ids": "131083000000.0", "name": "羅漢寺跡", "names": "羅漢寺跡", "place_name": "", "address_detail": "", "address": "", "category": "江東区登録文化財", "type": "史跡", "designation_level_code": "municipal", "designation_level_ja": "区市町村", "designation_status_code": "registered", "designation_status_ja": "登録", "heritage_type_major_code": "monument", "heritage_type_major_ja": "記念物", "heritage_type_detail": "史跡", "classification_confidence": "medium", "entity_class": "point", "geometry_role": "representative_point", "source_location_role": "record_coordinate", "spatial_match_status": "point_unmatched", "complex_id": "13108-HG00310", "complex_name": "羅漢寺跡", "complex_grouping_method": "exact_point", "reason": "record_not_in_building", "item_count": 1, "attached_items_json": "", "source_municipality_gpkg": "13108_heritage.gpkg" }, "geometry": { "type": "Point", "coordinates": [ 139.826605, 35.689243 ] } },
{ "type": "Feature", "properties": { "municipality_code": "13108", "municipality_name": "江東区", "point_id": "record:131083000000.0", "point_kind": "cultural_record", "record_id": "131083000000.0", "record_ids": "131083000000.0", "name": "伊藤左千夫宅跡", "names": "伊藤左千夫宅跡", "place_name": "", "address_detail": "", "address": "", "category": "江東区登録文化財", "type": "史跡", "designation_level_code": "municipal", "designation_level_ja": "区市町村", "designation_status_code": "registered", "designation_status_ja": "登録", "heritage_type_major_code": "monument", "heritage_type_major_ja": "記念物", "heritage_type_detail": "史跡", "classification_confidence": "medium", "entity_class": "point", "geometry_role": "representative_point", "source_location_role": "record_coordinate", "spatial_match_status": "point_unmatched", "complex_id": "13108-HG00312", "complex_name": "伊藤左千夫宅跡", "complex_grouping_method": "exact_point", "reason": "record_not_in_building", "item_count": 1, "attached_items_json": "", "source_municipality_gpkg": "13108_heritage.gpkg" }, "geometry": { "type": "Point", "coordinates": [ 139.832361, 35.692988 ] } },
{ "type": "Feature", "properties": { "municipality_code": "13108", "municipality_name": "江東区", "point_id": "record:131083000000.0", "point_kind": "cultural_record", "record_id": "131083000000.0", "record_ids": "131083000000.0", "name": "中川船番所跡", "names": "中川船番所跡", "place_name": "", "address_detail": "", "address": "", "category": "江東区指定文化財", "type": "史跡", "designation_level_code": "municipal", "designation_level_ja": "区市町村", "designation_status_code": "designated", "designation_status_ja": "指定", "heritage_type_major_code": "monument", "heritage_type_major_ja": "記念物", "heritage_type_detail": "史跡", "classification_confidence": "medium", "entity_class": "point", "geometry_role": "representative_point", "source_location_role": "record_coordinate", "spatial_match_status": "point_unmatched", "complex_id": "13108-HG00313", "complex_name": "中川船番所跡", "complex_grouping_method": "exact_point", "reason": "record_not_in_building", "item_count": 1, "attached_items_json": "", "source_municipality_gpkg": "13108_heritage.gpkg" }, "geometry": { "type": "Point", "coordinates": [ 139.846426, 35.686645 ] } },
{ "type": "Feature", "properties": { "municipality_code": "13108", "municipality_name": "江東区", "point_id": "record:131083000000.0", "point_kind": "cultural_record", "record_id": "131083000000.0", "record_ids": "131083000000.0", "name": "牛島神社跡", "names": "牛島神社跡", "place_name": "", "address_detail": "", "address": "", "category": "江東区登録文化財", "type": "史跡", "designation_level_code": "municipal", "designation_level_ja": "区市町村", "designation_status_code": "registered", "designation_status_ja": "登録", "heritage_type_major_code": "monument", "heritage_type_major_ja": "記念物", "heritage_type_detail": "史跡", "classification_confidence": "medium", "entity_class": "point", "geometry_role": "representative_point", "source_location_role": "record_coordinate", "spatial_match_status": "point_unmatched", "complex_id": "13108-HG00315", "complex_name": "牛島神社跡", "complex_grouping_method": "exact_point", "reason": "record_not_in_building", "item_count": 1, "attached_items_json": "", "source_municipality_gpkg": "13108_heritage.gpkg" }, "geometry": { "type": "Point", "coordinates": [ 139.846158, 35.691467 ] } },
{ "type": "Feature", "properties": { "municipality_code": "13108", "municipality_name": "江東区", "point_id": "record:131083000000.0", "point_kind": "cultural_record", "record_id": "131083000000.0", "record_ids": "131083000000.0", "name": "左行秀鍛練場跡", "names": "左行秀鍛練場跡", "place_name": "", "address_detail": "", "address": "", "category": "江東区登録文化財", "type": "史跡", "designation_level_code": "municipal", "designation_level_ja": "区市町村", "designation_status_code": "registered", "designation_status_ja": "登録", "heritage_type_major_code": "monument", "heritage_type_major_ja": "記念物", "heritage_type_detail": "史跡", "classification_confidence": "medium", "entity_class": "point", "geometry_role": "representative_point", "source_location_role": "record_coordinate", "spatial_match_status": "point_unmatched", "complex_id": "13108-HG00316", "complex_name": "左行秀鍛練場跡", "complex_grouping_method": "exact_point", "reason": "record_not_in_building", "item_count": 1, "attached_items_json": "", "source_municipality_gpkg": "13108_heritage.gpkg" }, "geometry": { "type": "Point", "coordinates": [ 139.821132, 35.683469 ] } },
{ "type": "Feature", "properties": { "municipality_code": "13108", "municipality_name": "江東区", "point_id": "record:131083000000.0", "point_kind": "cultural_record", "record_id": "131083000000.0", "record_ids": "131083000000.0", "name": "中浜万次郎宅跡", "names": "中浜万次郎宅跡", "place_name": "", "address_detail": "", "address": "", "category": "江東区登録文化財", "type": "史跡", "designation_level_code": "municipal", "designation_level_ja": "区市町村", "designation_status_code": "registered", "designation_status_ja": "登録", "heritage_type_major_code": "monument", "heritage_type_major_ja": "記念物", "heritage_type_detail": "史跡", "classification_confidence": "medium", "entity_class": "point", "geometry_role": "representative_point", "source_location_role": "record_coordinate", "spatial_match_status": "point_unmatched", "complex_id": "13108-HG00317", "complex_name": "中浜万次郎宅跡", "complex_grouping_method": "exact_point", "reason": "record_not_in_building", "item_count": 1, "attached_items_json": "", "source_municipality_gpkg": "13108_heritage.gpkg" }, "geometry": { "type": "Point", "coordinates": [ 139.822594, 35.683192 ] } },
{ "type": "Feature", "properties": { "municipality_code": "13108", "municipality_name": "江東区", "point_id": "record:131083000000.0", "point_kind": "cultural_record", "record_id": "131083000000.0", "record_ids": "131083000000.0", "name": "東京巡行船航路跡", "names": "東京巡行船航路跡", "place_name": "", "address_detail": "", "address": "", "category": "江東区登録文化財", "type": "史跡", "designation_level_code": "municipal", "designation_level_ja": "区市町村", "designation_status_code": "registered", "designation_status_ja": "登録", "heritage_type_major_code": "monument", "heritage_type_major_ja": "記念物", "heritage_type_detail": "史跡", "classification_confidence": "medium", "entity_class": "point", "geometry_role": "representative_point", "source_location_role": "record_coordinate", "spatial_match_status": "point_unmatched", "complex_id": "13108-HG00318", "complex_name": "東京巡行船航路跡", "complex_grouping_method": "exact_point", "reason": "record_not_in_building", "item_count": 1, "attached_items_json": "", "source_municipality_gpkg": "13108_heritage.gpkg" }, "geometry": { "type": "Point", "coordinates": [ 139.835566, 35.685104 ] } },
{ "type": "Feature", "properties": { "municipality_code": "13108", "municipality_name": "江東区", "point_id": "record:131083000000.0", "point_kind": "cultural_record", "record_id": "131083000000.0", "record_ids": "131083000000.0", "name": "松平冠山屋敷跡", "names": "松平冠山屋敷跡", "place_name": "", "address_detail": "", "address": "", "category": "江東区登録文化財", "type": "史跡", "designation_level_code": "municipal", "designation_level_ja": "区市町村", "designation_status_code": "registered", "designation_status_ja": "登録", "heritage_type_major_code": "monument", "heritage_type_major_ja": "記念物", "heritage_type_detail": "史跡", "classification_confidence": "medium", "entity_class": "point", "geometry_role": "representative_point", "source_location_role": "record_coordinate", "spatial_match_status": "point_unmatched", "complex_id": "13108-HG00319", "complex_name": "松平冠山屋敷跡", "complex_grouping_method": "exact_point", "reason": "record_not_in_building", "item_count": 1, "attached_items_json": "", "source_municipality_gpkg": "13108_heritage.gpkg" }, "geometry": { "type": "Point", "coordinates": [ 139.833175, 35.684228 ] } },
{ "type": "Feature", "properties": { "municipality_code": "13108", "municipality_name": "江東区", "point_id": "record:131083000000.0", "point_kind": "cultural_record", "record_id": "131083000000.0", "record_ids": "131083000000.0", "name": "精製糖工業発祥の地", "names": "精製糖工業発祥の地", "place_name": "", "address_detail": "", "address": "", "category": "江東区登録文化財", "type": "史跡", "designation_level_code": "municipal", "designation_level_ja": "区市町村", "designation_status_code": "registered", "designation_status_ja": "登録", "heritage_type_major_code": "monument", "heritage_type_major_ja": "記念物", "heritage_type_detail": "史跡", "classification_confidence": "medium", "entity_class": "point", "geometry_role": "representative_point", "source_location_role": "record_coordinate", "spatial_match_status": "point_unmatched", "complex_id": "13108-HG00320", "complex_name": "精製糖工業発祥の地", "complex_grouping_method": "exact_point", "reason": "record_not_in_building", "item_count": 1, "attached_items_json": "", "source_municipality_gpkg": "13108_heritage.gpkg" }, "geometry": { "type": "Point", "coordinates": [ 139.833125, 35.684056 ] } },
{ "type": "Feature", "properties": { "municipality_code": "13108", "municipality_name": "江東区", "point_id": "record:131083000000.0", "point_kind": "cultural_record", "record_id": "131083000000.0", "record_ids": "131083000000.0", "name": "徳島藩下屋敷庭園跡", "names": "徳島藩下屋敷庭園跡", "place_name": "", "address_detail": "", "address": "", "category": "江東区登録文化財", "type": "史跡", "designation_level_code": "municipal", "designation_level_ja": "区市町村", "designation_status_code": "registered", "designation_status_ja": "登録", "heritage_type_major_code": "monument", "heritage_type_major_ja": "記念物", "heritage_type_detail": "史跡", "classification_confidence": "medium", "entity_class": "point", "geometry_role": "representative_point", "source_location_role": "record_coordinate", "spatial_match_status": "point_unmatched", "complex_id": "13108-HG00321", "complex_name": "徳島藩下屋敷庭園跡", "complex_grouping_method": "exact_point", "reason": "record_not_in_building", "item_count": 1, "attached_items_json": "", "source_municipality_gpkg": "13108_heritage.gpkg" }, "geometry": { "type": "Point", "coordinates": [ 139.832928, 35.684016 ] } },
{ "type": "Feature", "properties": { "municipality_code": "13108", "municipality_name": "江東区", "point_id": "record:131083000000.0", "point_kind": "cultural_record", "record_id": "131083000000.0", "record_ids": "131083000000.0", "name": "砂町運河跡", "names": "砂町運河跡", "place_name": "", "address_detail": "", "address": "", "category": "江東区登録文化財", "type": "史跡", "designation_level_code": "municipal", "designation_level_ja": "区市町村", "designation_status_code": "registered", "designation_status_ja": "登録", "heritage_type_major_code": "monument", "heritage_type_major_ja": "記念物", "heritage_type_detail": "史跡", "classification_confidence": "medium", "entity_class": "point", "geometry_role": "representative_point", "source_location_role": "record_coordinate", "spatial_match_status": "point_unmatched", "complex_id": "13108-HG00322", "complex_name": "砂町運河跡", "complex_grouping_method": "exact_point", "reason": "record_not_in_building", "item_count": 1, "attached_items_json": "", "source_municipality_gpkg": "13108_heritage.gpkg" }, "geometry": { "type": "Point", "coordinates": [ 139.835542, 35.673692 ] } },
{ "type": "Feature", "properties": { "municipality_code": "13108", "municipality_name": "江東区", "point_id": "record:131083000000.0", "point_kind": "cultural_record", "record_id": "131083000000.0", "record_ids": "131083000000.0", "name": "太郎兵衛新田跡", "names": "太郎兵衛新田跡", "place_name": "", "address_detail": "", "address": "", "category": "江東区登録文化財", "type": "史跡", "designation_level_code": "municipal", "designation_level_ja": "区市町村", "designation_status_code": "registered", "designation_status_ja": "登録", "heritage_type_major_code": "monument", "heritage_type_major_ja": "記念物", "heritage_type_detail": "史跡", "classification_confidence": "medium", "entity_class": "point", "geometry_role": "representative_point", "source_location_role": "record_coordinate", "spatial_match_status": "point_unmatched", "complex_id": "13108-HG00323", "complex_name": "太郎兵衛新田跡", "complex_grouping_method": "exact_point", "reason": "record_not_in_building", "item_count": 1, "attached_items_json": "", "source_municipality_gpkg": "13108_heritage.gpkg" }, "geometry": { "type": "Point", "coordinates": [ 139.841646, 35.680582 ] } },
{ "type": "Feature", "properties": { "municipality_code": "13108", "municipality_name": "江東区", "point_id": "record:131083000000.0", "point_kind": "cultural_record", "record_id": "131083000000.0", "record_ids": "131083000000.0", "name": "永福寺歴代住持墓 5基", "names": "永福寺歴代住持墓 5基", "place_name": "", "address_detail": "", "address": "", "category": "江東区登録文化財", "type": "史跡", "designation_level_code": "municipal", "designation_level_ja": "区市町村", "designation_status_code": "registered", "designation_status_ja": "登録", "heritage_type_major_code": "monument", "heritage_type_major_ja": "記念物", "heritage_type_detail": "史跡", "classification_confidence": "medium", "entity_class": "point", "geometry_role": "representative_point", "source_location_role": "record_coordinate", "spatial_match_status": "point_unmatched", "complex_id": "13108-HG00325", "complex_name": "永福寺歴代住持墓 5基", "complex_grouping_method": "exact_point", "reason": "record_not_in_building", "item_count": 1, "attached_items_json": "", "source_municipality_gpkg": "13108_heritage.gpkg" }, "geometry": { "type": "Point", "coordinates": [ 139.845741, 35.685793 ] } },
{ "type": "Feature", "properties": { "municipality_code": "13108", "municipality_name": "江東区", "point_id": "record:131083000000.0", "point_kind": "cultural_record", "record_id": "131083000000.0", "record_ids": "131083000000.0", "name": "旧葛西橋跡", "names": "旧葛西橋跡", "place_name": "", "address_detail": "", "address": "", "category": "江東区登録文化財", "type": "史跡", "designation_level_code": "municipal", "designation_level_ja": "区市町村", "designation_status_code": "registered", "designation_status_ja": "登録", "heritage_type_major_code": "monument", "heritage_type_major_ja": "記念物", "heritage_type_detail": "史跡", "classification_confidence": "medium", "entity_class": "point", "geometry_role": "representative_point", "source_location_role": "record_coordinate", "spatial_match_status": "point_unmatched", "complex_id": "13108-HG00328", "complex_name": "旧葛西橋跡", "complex_grouping_method": "exact_point", "reason": "record_not_in_building", "item_count": 1, "attached_items_json": "", "source_municipality_gpkg": "13108_heritage.gpkg" }, "geometry": { "type": "Point", "coordinates": [ 139.844127, 35.674367 ] } },
{ "type": "Feature", "properties": { "municipality_code": "13108", "municipality_name": "江東区", "point_id": "record:131083000000.0", "point_kind": "cultural_record", "record_id": "131083000000.0", "record_ids": "131083000000.0", "name": "舟入川跡", "names": "舟入川跡", "place_name": "", "address_detail": "", "address": "", "category": "江東区登録文化財", "type": "史跡", "designation_level_code": "municipal", "designation_level_ja": "区市町村", "designation_status_code": "registered", "designation_status_ja": "登録", "heritage_type_major_code": "monument", "heritage_type_major_ja": "記念物", "heritage_type_detail": "史跡", "classification_confidence": "medium", "entity_class": "point", "geometry_role": "representative_point", "source_location_role": "record_coordinate", "spatial_match_status": "point_unmatched", "complex_id": "13108-HG00329", "complex_name": "舟入川跡", "complex_grouping_method": "exact_point", "reason": "record_not_in_building", "item_count": 1, "attached_items_json": "", "source_municipality_gpkg": "13108_heritage.gpkg" }, "geometry": { "type": "Point", "coordinates": [ 139.840665, 35.672799 ] } },
{ "type": "Feature", "properties": { "municipality_code": "13108", "municipality_name": "江東区", "point_id": "record:131083000000.0", "point_kind": "cultural_record", "record_id": "131083000000.0", "record_ids": "131083000000.0", "name": "砂村新田跡", "names": "砂村新田跡", "place_name": "", "address_detail": "", "address": "", "category": "江東区登録文化財", "type": "史跡", "designation_level_code": "municipal", "designation_level_ja": "区市町村", "designation_status_code": "registered", "designation_status_ja": "登録", "heritage_type_major_code": "monument", "heritage_type_major_ja": "記念物", "heritage_type_detail": "史跡", "classification_confidence": "medium", "entity_class": "point", "geometry_role": "representative_point", "source_location_role": "record_coordinate", "spatial_match_status": "point_unmatched", "complex_id": "13108-HG00330", "complex_name": "砂村新田跡", "complex_grouping_method": "exact_point", "reason": "record_not_in_building", "item_count": 1, "attached_items_json": "", "source_municipality_gpkg": "13108_heritage.gpkg" }, "geometry": { "type": "Point", "coordinates": [ 139.833197, 35.671193 ] } },
{ "type": "Feature", "properties": { "municipality_code": "13108", "municipality_name": "江東区", "point_id": "record:131083000000.0", "point_kind": "cultural_record", "record_id": "131083000000.0", "record_ids": "131083000000.0", "name": "長州藩大砲鋳造場跡", "names": "長州藩大砲鋳造場跡", "place_name": "", "address_detail": "", "address": "", "category": "江東区登録文化財", "type": "史跡", "designation_level_code": "municipal", "designation_level_ja": "区市町村", "designation_status_code": "registered", "designation_status_ja": "登録", "heritage_type_major_code": "monument", "heritage_type_major_ja": "記念物", "heritage_type_detail": "史跡", "classification_confidence": "medium", "entity_class": "point", "geometry_role": "representative_point", "source_location_role": "record_coordinate", "spatial_match_status": "point_unmatched", "complex_id": "13108-HG00331", "complex_name": "長州藩大砲鋳造場跡", "complex_grouping_method": "exact_point", "reason": "record_not_in_building", "item_count": 1, "attached_items_json": "", "source_municipality_gpkg": "13108_heritage.gpkg" }, "geometry": { "type": "Point", "coordinates": [ 139.823281, 35.672294 ] } },
{ "type": "Feature", "properties": { "municipality_code": "13108", "municipality_name": "江東区", "point_id": "record:131083000000.0", "point_kind": "cultural_record", "record_id": "131083000000.0", "record_ids": "131083000000.0", "name": "洲崎球場跡", "names": "洲崎球場跡", "place_name": "", "address_detail": "", "address": "", "category": "江東区登録文化財", "type": "史跡", "designation_level_code": "municipal", "designation_level_ja": "区市町村", "designation_status_code": "registered", "designation_status_ja": "登録", "heritage_type_major_code": "monument", "heritage_type_major_ja": "記念物", "heritage_type_detail": "史跡", "classification_confidence": "medium", "entity_class": "point", "geometry_role": "representative_point", "source_location_role": "record_coordinate", "spatial_match_status": "point_unmatched", "complex_id": "13108-HG00332", "complex_name": "洲崎球場跡", "complex_grouping_method": "exact_point", "reason": "record_not_in_building", "item_count": 1, "attached_items_json": "", "source_municipality_gpkg": "13108_heritage.gpkg" }, "geometry": { "type": "Point", "coordinates": [ 139.821993, 35.668129 ] } },
{ "type": "Feature", "properties": { "municipality_code": "13108", "municipality_name": "江東区", "point_id": "record:131083000000.0", "point_kind": "cultural_record", "record_id": "131083000000.0", "record_ids": "131083000000.0", "name": "清澄庭園", "names": "清澄庭園", "place_name": "", "address_detail": "", "address": "", "category": "東京都指定文化財", "type": "名勝", "designation_level_code": "prefectural", "designation_level_ja": "都", "designation_status_code": "designated", "designation_status_ja": "指定", "heritage_type_major_code": "monument", "heritage_type_major_ja": "記念物", "heritage_type_detail": "名勝", "classification_confidence": "medium", "entity_class": "point", "geometry_role": "representative_point", "source_location_role": "record_coordinate", "spatial_match_status": "point_unmatched", "complex_id": "13108-HG00333", "complex_name": "清澄庭園", "complex_grouping_method": "exact_point", "reason": "record_not_in_building", "item_count": 1, "attached_items_json": "", "source_municipality_gpkg": "13108_heritage.gpkg" }, "geometry": { "type": "Point", "coordinates": [ 139.797736, 35.680699 ] } },
{ "type": "Feature", "properties": { "municipality_code": "13108", "municipality_name": "江東区", "point_id": "record:131083000000.0", "point_kind": "cultural_record", "record_id": "131083000000.0", "record_ids": "131083000000.0", "name": "相撲呼出し裁着袴製作", "names": "相撲呼出し裁着袴製作", "place_name": "", "address_detail": "", "address": "", "category": "江東区登録文化財", "type": "美術工芸品", "designation_level_code": "municipal", "designation_level_ja": "区市町村", "designation_status_code": "registered", "designation_status_ja": "登録", "heritage_type_major_code": "tangible", "heritage_type_major_ja": "有形文化財", "heritage_type_detail": "美術工芸品", "classification_confidence": "medium", "entity_class": "movable", "geometry_role": "representative_point", "source_location_role": "record_coordinate", "spatial_match_status": "point_unmatched", "complex_id": "13108-HG00334", "complex_name": "山口由紀", "complex_grouping_method": "exact_point", "reason": "record_not_in_building", "item_count": 1, "attached_items_json": "", "source_municipality_gpkg": "13108_heritage.gpkg" }, "geometry": { "type": "Point", "coordinates": [ 139.797843, 35.686902 ] } },
{ "type": "Feature", "properties": { "municipality_code": "13108", "municipality_name": "江東区", "point_id": "record:131083000000.0", "point_kind": "cultural_record", "record_id": "131083000000.0", "record_ids": "131083000000.0", "name": "壁泉", "names": "壁泉", "place_name": "区立元加賀公園", "address_detail": "", "address": "", "category": "江東区登録文化財", "type": "建造物", "designation_level_code": "municipal", "designation_level_ja": "区市町村", "designation_status_code": "registered", "designation_status_ja": "登録", "heritage_type_major_code": "tangible", "heritage_type_major_ja": "有形文化財", "heritage_type_detail": "建造物", "classification_confidence": "medium", "entity_class": "building_direct", "geometry_role": "building_candidate_point", "source_location_role": "record_coordinate", "spatial_match_status": "point_unmatched", "complex_id": "13108-HG00335", "complex_name": "区立元加賀公園", "complex_grouping_method": "place_name", "reason": "building_direct_unmatched", "item_count": 1, "attached_items_json": "", "source_municipality_gpkg": "13108_heritage.gpkg" }, "geometry": { "type": "Point", "coordinates": [ 139.808418, 35.681692 ] } },
{ "type": "Feature", "properties": { "municipality_code": "13108", "municipality_name": "江東区", "point_id": "record:131083000000.0", "point_kind": "cultural_record", "record_id": "131083000000.0", "record_ids": "131083000000.0", "name": "滑台", "names": "滑台", "place_name": "区立川南公園", "address_detail": "", "address": "", "category": "江東区登録文化財", "type": "建造物", "designation_level_code": "municipal", "designation_level_ja": "区市町村", "designation_status_code": "registered", "designation_status_ja": "登録", "heritage_type_major_code": "tangible", "heritage_type_major_ja": "有形文化財", "heritage_type_detail": "建造物", "classification_confidence": "medium", "entity_class": "building_direct", "geometry_role": "building_candidate_point", "source_location_role": "record_coordinate", "spatial_match_status": "point_unmatched", "complex_id": "13108-HG00336", "complex_name": "区立川南公園", "complex_grouping_method": "place_name", "reason": "building_direct_unmatched", "item_count": 1, "attached_items_json": "", "source_municipality_gpkg": "13108_heritage.gpkg" }, "geometry": { "type": "Point", "coordinates": [ 139.816614, 35.679148 ] } },
{ "type": "Feature", "properties": { "municipality_code": "13108", "municipality_name": "江東区", "point_id": "record:official_export_001:100", "point_kind": "cultural_record", "record_id": "official_export_001:100", "record_ids": "official_export_001:100", "name": "旧弾正橋(八幡橋)", "names": "旧弾正橋(八幡橋)", "place_name": "", "address_detail": "", "address": "東京都江東区富岡一丁目", "category": "国宝・重要文化財(建造物)", "type": "建造物", "designation_level_code": "national", "designation_level_ja": "国", "designation_status_code": "designated", "designation_status_ja": "指定", "heritage_type_major_code": "tangible", "heritage_type_major_ja": "有形文化財", "heritage_type_detail": "建造物", "classification_confidence": "medium", "entity_class": "building_direct", "geometry_role": "building_candidate_point", "source_location_role": "record_coordinate", "spatial_match_status": "point_unmatched", "complex_id": "13108-HG00337", "complex_name": "旧弾正橋(八幡橋)", "complex_grouping_method": "address", "reason": "building_direct_unmatched", "item_count": 1, "attached_items_json": "", "source_municipality_gpkg": "13108_heritage.gpkg" }, "geometry": { "type": "Point", "coordinates": [ 139.80060759, 35.67185701 ] } },
{ "type": "Feature", "properties": { "municipality_code": "13109", "municipality_name": "品川区", "point_id": "record:official_export_003:9", "point_kind": "cultural_record", "record_id": "official_export_003:9", "record_ids": "official_export_003:9", "name": "大森貝塚", "names": "大森貝塚", "place_name": "", "address_detail": "", "address": "大田区山王一丁目、品川区大井六丁目", "category": "史跡名勝天然記念物", "type": "天然記念物", "designation_level_code": "national", "designation_level_ja": "国", "designation_status_code": "designated", "designation_status_ja": "指定", "heritage_type_major_code": "monument", "heritage_type_major_ja": "記念物", "heritage_type_detail": "天然記念物", "classification_confidence": "medium", "entity_class": "point", "geometry_role": "representative_point", "source_location_role": "record_coordinate", "spatial_match_status": "point_unmatched", "complex_id": "13109-HG00011", "complex_name": "大森貝塚", "complex_grouping_method": "address", "reason": "record_not_in_building", "item_count": 1, "attached_items_json": "", "source_municipality_gpkg": "13109_heritage.gpkg" }, "geometry": { "type": "Point", "coordinates": [ 139.7302393, 35.59298917 ] } },
{ "type": "Feature", "properties": { "municipality_code": "13109", "municipality_name": "品川区", "point_id": "record:official_export_003:18", "point_kind": "cultural_record", "record_id": "official_export_003:18", "record_ids": "official_export_003:18", "name": "旧白金御料地", "names": "旧白金御料地", "place_name": "", "address_detail": "", "address": "港区白金台五丁目 品川区上大崎二丁目", "category": "史跡名勝天然記念物", "type": "天然記念物", "designation_level_code": "national", "designation_level_ja": "国", "designation_status_code": "designated", "designation_status_ja": "指定", "heritage_type_major_code": "monument", "heritage_type_major_ja": "記念物", "heritage_type_detail": "天然記念物", "classification_confidence": "medium", "entity_class": "point", "geometry_role": "representative_point", "source_location_role": "record_coordinate", "spatial_match_status": "point_unmatched", "complex_id": "13109-HG00013", "complex_name": "旧白金御料地", "complex_grouping_method": "address", "reason": "record_not_in_building", "item_count": 1, "attached_items_json": "", "source_municipality_gpkg": "13109_heritage.gpkg" }, "geometry": { "type": "Point", "coordinates": [ 139.71937352, 35.6386682 ] } },
{ "type": "Feature", "properties": { "municipality_code": "13110", "municipality_name": "目黒区", "point_id": "record:official_export_003:0", "point_kind": "cultural_record", "record_id": "official_export_003:0", "record_ids": "official_export_003:0", "name": "青木昆陽墓", "names": "青木昆陽墓", "place_name": "", "address_detail": "", "address": "目黒区下目黒三丁目", "category": "史跡名勝天然記念物", "type": "天然記念物", "designation_level_code": "national", "designation_level_ja": "国", "designation_status_code": "designated", "designation_status_ja": "指定", "heritage_type_major_code": "monument", "heritage_type_major_ja": "記念物", "heritage_type_detail": "天然記念物", "classification_confidence": "medium", "entity_class": "point", "geometry_role": "representative_point", "source_location_role": "record_coordinate", "spatial_match_status": "point_unmatched", "complex_id": "13110-HG00016", "complex_name": "青木昆陽墓", "complex_grouping_method": "address", "reason": "record_not_in_building", "item_count": 1, "attached_items_json": "", "source_municipality_gpkg": "13110_heritage.gpkg" }, "geometry": { "type": "Point", "coordinates": [ 139.70821695, 35.6289229 ] } },
{ "type": "Feature", "properties": { "municipality_code": "13111", "municipality_name": "大田区", "point_id": "record:113", "point_kind": "cultural_record", "record_id": "113", "record_ids": "113", "name": "宝?山古墳", "names": "宝?山古墳", "place_name": "", "address_detail": "大田区立多摩川台公園", "address": "東京都大田区田園調布4-4", "category": "都指定文化財", "type": "史跡", "designation_level_code": "prefectural", "designation_level_ja": "都", "designation_status_code": "designated", "designation_status_ja": "指定", "heritage_type_major_code": "monument", "heritage_type_major_ja": "記念物", "heritage_type_detail": "史跡", "classification_confidence": "high", "entity_class": "point", "geometry_role": "representative_point", "source_location_role": "record_coordinate", "spatial_match_status": "point_unmatched", "complex_id": "13111-HG00002", "complex_name": "大田区立多摩川台公園", "complex_grouping_method": "owner_address", "reason": "record_not_in_building", "item_count": 1, "attached_items_json": "", "source_municipality_gpkg": "13111_heritage.gpkg" }, "geometry": { "type": "Point", "coordinates": [ 139.663409, 35.592843 ] } },
{ "type": "Feature", "properties": { "municipality_code": "13111", "municipality_name": "大田区", "point_id": "record:114", "point_kind": "cultural_record", "record_id": "114", "record_ids": "114", "name": "多摩川台古墳群", "names": "多摩川台古墳群", "place_name": "", "address_detail": "大田区立多摩川台公園", "address": "東京都大田区田園調布1-63ほか", "category": "都指定文化財", "type": "史跡", "designation_level_code": "prefectural", "designation_level_ja": "都", "designation_status_code": "designated", "designation_status_ja": "指定", "heritage_type_major_code": "monument", "heritage_type_major_ja": "記念物", "heritage_type_detail": "史跡", "classification_confidence": "high", "entity_class": "point", "geometry_role": "representative_point", "source_location_role": "record_coordinate", "spatial_match_status": "point_unmatched", "complex_id": "13111-HG00003", "complex_name": "大田区立多摩川台公園", "complex_grouping_method": "owner_address", "reason": "record_not_in_building", "item_count": 1, "attached_items_json": "", "source_municipality_gpkg": "13111_heritage.gpkg" }, "geometry": { "type": "Point", "coordinates": [ 139.666173, 35.590063 ] } },
{ "type": "Feature", "properties": { "municipality_code": "13111", "municipality_name": "大田区", "point_id": "record:175", "point_kind": "cultural_record", "record_id": "175", "record_ids": "175", "name": "日蓮上人入滅の旧跡", "names": "日蓮上人入滅の旧跡", "place_name": "", "address_detail": "大坊本行寺", "address": "東京都大田区池上2-10-5", "category": "都指定文化財", "type": "旧跡", "designation_level_code": "prefectural", "designation_level_ja": "都", "designation_status_code": "designated", "designation_status_ja": "指定", "heritage_type_major_code": "monument", "heritage_type_major_ja": "記念物", "heritage_type_detail": "旧跡", "classification_confidence": "high", "entity_class": "point", "geometry_role": "representative_point", "source_location_role": "record_coordinate", "spatial_match_status": "point_unmatched", "complex_id": "13111-HG00004", "complex_name": "大坊本行寺", "complex_grouping_method": "owner_address", "reason": "record_not_in_building", "item_count": 1, "attached_items_json": "", "source_municipality_gpkg": "13111_heritage.gpkg" }, "geometry": { "type": "Point", "coordinates": [ 139.703895, 35.58002 ] } },
{ "type": "Feature", "properties": { "municipality_code": "13111", "municipality_name": "大田区", "point_id": "record:official_export_003:13", "point_kind": "cultural_record", "record_id": "official_export_003:13", "record_ids": "official_export_003:13", "name": "亀甲山古墳", "names": "亀甲山古墳", "place_name": "", "address_detail": "", "address": "大田区田園調布一丁目", "category": "史跡名勝天然記念物", "type": "天然記念物", "designation_level_code": "national", "designation_level_ja": "国", "designation_status_code": "designated", "designation_status_ja": "指定", "heritage_type_major_code": "monument", "heritage_type_major_ja": "記念物", "heritage_type_detail": "天然記念物", "classification_confidence": "medium", "entity_class": "point", "geometry_role": "representative_point", "source_location_role": "record_coordinate", "spatial_match_status": "point_unmatched", "complex_id": "13111-HG00028", "complex_name": "亀甲山古墳", "complex_grouping_method": "address", "reason": "record_not_in_building", "item_count": 1, "attached_items_json": "", "source_municipality_gpkg": "13111_heritage.gpkg" }, "geometry": { "type": "Point", "coordinates": [ 139.66711931, 35.58930342 ] } },
{ "type": "Feature", "properties": { "municipality_code": "13112", "municipality_name": "世田谷区", "point_id": "record:115", "point_kind": "cultural_record", "record_id": "115", "record_ids": "115", "name": "野毛大塚古墳", "names": "野毛大塚古墳", "place_name": "", "address_detail": "区立玉川野毛町公園", "address": "東京都世田谷区野毛1-25", "category": "都指定文化財", "type": "史跡", "designation_level_code": "prefectural", "designation_level_ja": "都", "designation_status_code": "designated", "designation_status_ja": "指定", "heritage_type_major_code": "monument", "heritage_type_major_ja": "記念物", "heritage_type_detail": "史跡", "classification_confidence": "high", "entity_class": "point", "geometry_role": "representative_point", "source_location_role": "record_coordinate", "spatial_match_status": "point_unmatched", "complex_id": "13112-HG00003", "complex_name": "区立玉川野毛町公園", "complex_grouping_method": "owner_address", "reason": "record_not_in_building", "item_count": 1, "attached_items_json": "", "source_municipality_gpkg": "13112_heritage.gpkg" }, "geometry": { "type": "Point", "coordinates": [ 139.642335, 35.605274 ] } },
{ "type": "Feature", "properties": { "municipality_code": "13112", "municipality_name": "世田谷区", "point_id": "record:117", "point_kind": "cultural_record", "record_id": "117", "record_ids": "117", "name": "等々力渓谷三号横穴", "names": "等々力渓谷三号横穴", "place_name": "", "address_detail": "区立等々力渓谷公園", "address": "東京都世田谷区等々力1-22", "category": "都指定文化財", "type": "史跡", "designation_level_code": "prefectural", "designation_level_ja": "都", "designation_status_code": "designated", "designation_status_ja": "指定", "heritage_type_major_code": "monument", "heritage_type_major_ja": "記念物", "heritage_type_detail": "史跡", "classification_confidence": "high", "entity_class": "point", "geometry_role": "representative_point", "source_location_role": "record_coordinate", "spatial_match_status": "point_unmatched", "complex_id": "13112-HG00005", "complex_name": "区立等々力渓谷公園", "complex_grouping_method": "owner_address", "reason": "record_not_in_building", "item_count": 1, "attached_items_json": "", "source_municipality_gpkg": "13112_heritage.gpkg" }, "geometry": { "type": "Point", "coordinates": [ 139.646185, 35.604349 ] } },
{ "type": "Feature", "properties": { "municipality_code": "13112", "municipality_name": "世田谷区", "point_id": "record:official_export_002:89", "point_kind": "cultural_record", "record_id": "official_export_002:89", "record_ids": "official_export_002:89", "name": "樫尾俊雄発明記念館(旧樫尾家住宅主屋)", "names": "樫尾俊雄発明記念館(旧樫尾家住宅主屋)", "place_name": "", "address_detail": "", "address": "東京都世田谷区成城四丁目511-1他", "category": "登録有形文化財(建造物)", "type": "建造物", "designation_level_code": "national", "designation_level_ja": "国", "designation_status_code": "registered", "designation_status_ja": "登録", "heritage_type_major_code": "tangible", "heritage_type_major_ja": "有形文化財", "heritage_type_detail": "建造物", "classification_confidence": "medium", "entity_class": "building_direct", "geometry_role": "building_candidate_point", "source_location_role": "record_coordinate", "spatial_match_status": "point_unmatched", "complex_id": "13112-HG00012", "complex_name": "樫尾俊雄発明記念館(旧樫尾家住宅主屋)", "complex_grouping_method": "address", "reason": "building_direct_unmatched", "item_count": 1, "attached_items_json": "", "source_municipality_gpkg": "13112_heritage.gpkg" }, "geometry": { "type": "Point", "coordinates": [ 139.59385389, 35.63886694 ] } },
{ "type": "Feature", "properties": { "municipality_code": "13112", "municipality_name": "世田谷区", "point_id": "record:official_export_002:251", "point_kind": "cultural_record", "record_id": "official_export_002:251", "record_ids": "official_export_002:251", "name": "志村家住宅門及び石垣", "names": "志村家住宅門及び石垣", "place_name": "", "address_detail": "", "address": "東京都世田谷区成城三丁目242-3他", "category": "登録有形文化財(建造物)", "type": "建造物", "designation_level_code": "national", "designation_level_ja": "国", "designation_status_code": "registered", "designation_status_ja": "登録", "heritage_type_major_code": "tangible", "heritage_type_major_ja": "有形文化財", "heritage_type_detail": "建造物", "classification_confidence": "medium", "entity_class": "building_direct", "geometry_role": "building_candidate_point", "source_location_role": "record_coordinate", "spatial_match_status": "point_unmatched", "complex_id": "13112-HG00021", "complex_name": "志村家住宅門及び石垣", "complex_grouping_method": "address", "reason": "building_direct_unmatched", "item_count": 1, "attached_items_json": "", "source_municipality_gpkg": "13112_heritage.gpkg" }, "geometry": { "type": "Point", "coordinates": [ 139.595691499999987, 35.63738434 ] } },
{ "type": "Feature", "properties": { "municipality_code": "13112", "municipality_name": "世田谷区", "point_id": "record:official_export_003:45", "point_kind": "cultural_record", "record_id": "official_export_003:45", "record_ids": "official_export_003:45", "name": "玉川上水", "names": "玉川上水", "place_name": "", "address_detail": "", "address": "羽村市・福生市・昭島市・立川市・小平市・小金井市・西東京市・武蔵野市・三鷹市・杉並区・世田谷区・渋谷区", "category": "史跡名勝天然記念物", "type": "天然記念物", "designation_level_code": "national", "designation_level_ja": "国", "designation_status_code": "designated", "designation_status_ja": "指定", "heritage_type_major_code": "monument", "heritage_type_major_ja": "記念物", "heritage_type_detail": "天然記念物", "classification_confidence": "medium", "entity_class": "point", "geometry_role": "representative_point", "source_location_role": "record_coordinate", "spatial_match_status": "point_unmatched", "complex_id": "13112-HG00031", "complex_name": "玉川上水", "complex_grouping_method": "address", "reason": "record_not_in_building", "item_count": 1, "attached_items_json": "", "source_municipality_gpkg": "13112_heritage.gpkg" }, "geometry": { "type": "Point", "coordinates": [ 139.51306023, 35.71254788 ] } },
{ "type": "Feature", "properties": { "municipality_code": "13112", "municipality_name": "世田谷区", "point_id": "record:official_export_003:61", "point_kind": "cultural_record", "record_id": "official_export_003:61", "record_ids": "official_export_003:61", "name": "細井広沢墓", "names": "細井広沢墓", "place_name": "", "address_detail": "", "address": "世田谷区等々力三丁目", "category": "史跡名勝天然記念物", "type": "天然記念物", "designation_level_code": "national", "designation_level_ja": "国", "designation_status_code": "designated", "designation_status_ja": "指定", "heritage_type_major_code": "monument", "heritage_type_major_ja": "記念物", "heritage_type_detail": "天然記念物", "classification_confidence": "medium", "entity_class": "point", "geometry_role": "representative_point", "source_location_role": "record_coordinate", "spatial_match_status": "point_unmatched", "complex_id": "13112-HG00032", "complex_name": "細井広沢墓", "complex_grouping_method": "address", "reason": "record_not_in_building", "item_count": 1, "attached_items_json": "", "source_municipality_gpkg": "13112_heritage.gpkg" }, "geometry": { "type": "Point", "coordinates": [ 139.64944864, 35.61036093 ] } },
{ "type": "Feature", "properties": { "municipality_code": "13113", "municipality_name": "渋谷区", "point_id": "record:official_export_001:36", "point_kind": "cultural_record", "record_id": "official_export_001:36", "record_ids": "official_export_001:36", "name": "旧久邇宮邸(聖心女子大学)", "names": "旧久邇宮邸(聖心女子大学)", "place_name": "", "address_detail": "", "address": "東京都渋谷区広尾四丁目1番地4", "category": "国宝・重要文化財(建造物)", "type": "建造物", "designation_level_code": "national", "designation_level_ja": "国", "designation_status_code": "designated", "designation_status_ja": "指定", "heritage_type_major_code": "tangible", "heritage_type_major_ja": "有形文化財", "heritage_type_detail": "建造物", "classification_confidence": "medium", "entity_class": "building_direct", "geometry_role": "building_candidate_point", "source_location_role": "record_coordinate", "spatial_match_status": "point_unmatched", "complex_id": "13113-HG00004", "complex_name": "旧久邇宮邸(聖心女子大学)", "complex_grouping_method": "address", "reason": "building_direct_unmatched", "item_count": 1, "attached_items_json": "", "source_municipality_gpkg": "13113_heritage.gpkg" }, "geometry": { "type": "Point", "coordinates": [ 139.72036778, 35.65442778 ] } },
{ "type": "Feature", "properties": { "municipality_code": "13114", "municipality_name": "中野区", "point_id": "record:195", "point_kind": "cultural_record", "record_id": "195", "record_ids": "195", "name": "哲学堂公園", "names": "哲学堂公園", "place_name": "", "address_detail": "", "address": "東京都中野区松が丘1-34", "category": "都指定文化財", "type": "名勝", "designation_level_code": "prefectural", "designation_level_ja": "都", "designation_status_code": "designated", "designation_status_ja": "指定", "heritage_type_major_code": "monument", "heritage_type_major_ja": "記念物", "heritage_type_detail": "名勝", "classification_confidence": "high", "entity_class": "point", "geometry_role": "representative_point", "source_location_role": "record_coordinate", "spatial_match_status": "point_unmatched", "complex_id": "13114-HG00001", "complex_name": "中野区 新宿区", "complex_grouping_method": "owner_address", "reason": "record_not_in_building", "item_count": 1, "attached_items_json": "", "source_municipality_gpkg": "13114_heritage.gpkg" }, "geometry": { "type": "Point", "coordinates": [ 139.674295, 35.722522 ] } },
{ "type": "Feature", "properties": { "municipality_code": "13114", "municipality_name": "中野区", "point_id": "record:23", "point_kind": "cultural_record", "record_id": "23", "record_ids": "23", "name": "地蔵", "names": "地蔵", "place_name": "", "address_detail": "", "address": "東京都中野区上鷺宮1-2", "category": "中野区登録有形文化財", "type": "美術工芸品", "designation_level_code": "municipal", "designation_level_ja": "区市町村", "designation_status_code": "registered", "designation_status_ja": "登録", "heritage_type_major_code": "tangible", "heritage_type_major_ja": "有形文化財", "heritage_type_detail": "未細分", "classification_confidence": "medium", "entity_class": "movable", "geometry_role": "representative_point", "source_location_role": "record_coordinate", "spatial_match_status": "point_unmatched", "complex_id": "13114-HG00020", "complex_name": "篠家", "complex_grouping_method": "owner_address", "reason": "record_not_in_building", "item_count": 1, "attached_items_json": "", "source_municipality_gpkg": "13114_heritage.gpkg" }, "geometry": { "type": "Point", "coordinates": [ 139.639277180199997, 35.727852957947398 ] } },
{ "type": "Feature", "properties": { "municipality_code": "13114", "municipality_name": "中野区", "point_id": "record:52", "point_kind": "cultural_record", "record_id": "52", "record_ids": "52", "name": "庚申塔", "names": "庚申塔", "place_name": "", "address_detail": "", "address": "東京都中野区沼袋4-33", "category": "中野区登録有形文化財", "type": "美術工芸品", "designation_level_code": "municipal", "designation_level_ja": "区市町村", "designation_status_code": "registered", "designation_status_ja": "登録", "heritage_type_major_code": "tangible", "heritage_type_major_ja": "有形文化財", "heritage_type_detail": "未細分", "classification_confidence": "medium", "entity_class": "movable", "geometry_role": "representative_point", "source_location_role": "record_coordinate", "spatial_match_status": "point_unmatched", "complex_id": "13114-HG00031", "complex_name": "山﨑家", "complex_grouping_method": "owner_address", "reason": "record_not_in_building", "item_count": 1, "attached_items_json": "", "source_municipality_gpkg": "13114_heritage.gpkg" }, "geometry": { "type": "Point", "coordinates": [ 139.661475557433988, 35.723426477836803 ] } },
{ "type": "Feature", "properties": { "municipality_code": "13114", "municipality_name": "中野区", "point_id": "record:69", "point_kind": "cultural_record", "record_id": "69", "record_ids": "69", "name": "成趣園の碑", "names": "成趣園の碑", "place_name": "", "address_detail": "", "address": "東京都中野区中央1-17-3", "category": "中野区登録有形文化財", "type": "美術工芸品", "designation_level_code": "municipal", "designation_level_ja": "区市町村", "designation_status_code": "registered", "designation_status_ja": "登録", "heritage_type_major_code": "tangible", "heritage_type_major_ja": "有形文化財", "heritage_type_detail": "未細分", "classification_confidence": "medium", "entity_class": "movable", "geometry_role": "representative_point", "source_location_role": "record_coordinate", "spatial_match_status": "point_unmatched", "complex_id": "13114-HG00037", "complex_name": "高歩院", "complex_grouping_method": "owner_address", "reason": "record_not_in_building", "item_count": 1, "attached_items_json": "", "source_municipality_gpkg": "13114_heritage.gpkg" }, "geometry": { "type": "Point", "coordinates": [ 139.686530290415988, 35.699893040407403 ] } },
{ "type": "Feature", "properties": { "municipality_code": "13114", "municipality_name": "中野区", "point_id": "record:2000000001", "point_kind": "cultural_record", "record_id": "2000000001", "record_ids": "2000000001", "name": "旧野方配水塔", "names": "旧野方配水塔", "place_name": "", "address_detail": "", "address": "東京都中野区江古田1-3", "category": "国登録有形文化財", "type": "建造物", "designation_level_code": "national", "designation_level_ja": "国", "designation_status_code": "registered", "designation_status_ja": "登録", "heritage_type_major_code": "tangible", "heritage_type_major_ja": "有形文化財", "heritage_type_detail": "未細分", "classification_confidence": "medium", "entity_class": "building_direct", "geometry_role": "building_candidate_point", "source_location_role": "record_coordinate", "spatial_match_status": "point_unmatched", "complex_id": "13114-HG00047", "complex_name": "中野区", "complex_grouping_method": "owner_address", "reason": "building_direct_unmatched", "item_count": 1, "attached_items_json": "", "source_municipality_gpkg": "13114_heritage.gpkg" }, "geometry": { "type": "Point", "coordinates": [ 139.674875668546008, 35.724644959491101 ] } },
{ "type": "Feature", "properties": { "municipality_code": "13114", "municipality_name": "中野区", "point_id": "record:official_export_002:172", "point_kind": "cultural_record", "record_id": "official_export_002:172", "record_ids": "official_export_002:172", "name": "旧野方配水塔", "names": "旧野方配水塔", "place_name": "", "address_detail": "", "address": "東京都中野区江古田1-3", "category": "登録有形文化財(建造物)", "type": "建造物", "designation_level_code": "national", "designation_level_ja": "国", "designation_status_code": "registered", "designation_status_ja": "登録", "heritage_type_major_code": "tangible", "heritage_type_major_ja": "有形文化財", "heritage_type_detail": "建造物", "classification_confidence": "medium", "entity_class": "building_direct", "geometry_role": "building_candidate_point", "source_location_role": "record_coordinate", "spatial_match_status": "point_unmatched", "complex_id": "13114-HG00053", "complex_name": "旧野方配水塔", "complex_grouping_method": "address", "reason": "building_direct_unmatched", "item_count": 1, "attached_items_json": "", "source_municipality_gpkg": "13114_heritage.gpkg" }, "geometry": { "type": "Point", "coordinates": [ 139.67485374, 35.72464956 ] } },
{ "type": "Feature", "properties": { "municipality_code": "13115", "municipality_name": "杉並区", "point_id": "record:131156000000.0", "point_kind": "cultural_record", "record_id": "131156000000.0", "record_ids": "131156000000.0", "name": "下高井戸塚山遺跡", "names": "下高井戸塚山遺跡", "place_name": "", "address_detail": "", "address": "", "category": "史跡", "type": "史跡", "designation_level_code": "municipal", "designation_level_ja": "区市町村", "designation_status_code": "unknown", "designation_status_ja": "不明", "heritage_type_major_code": "monument", "heritage_type_major_ja": "記念物", "heritage_type_detail": "史跡", "classification_confidence": "low", "entity_class": "point", "geometry_role": "representative_point", "source_location_role": "record_coordinate", "spatial_match_status": "point_unmatched", "complex_id": "13115-HG00016", "complex_name": "下高井戸塚山遺跡", "complex_grouping_method": "exact_point", "reason": "record_not_in_building", "item_count": 1, "attached_items_json": "", "source_municipality_gpkg": "13115_heritage.gpkg" }, "geometry": { "type": "Point", "coordinates": [ 139.625215, 35.67556 ] } },
{ "type": "Feature", "properties": { "municipality_code": "13115", "municipality_name": "杉並区", "point_id": "record:131156000000.0", "point_kind": "cultural_record", "record_id": "131156000000.0", "record_ids": "131156000000.0", "name": "馬場轂里の墓", "names": "馬場轂里の墓", "place_name": "宗延寺墓地内", "address_detail": "", "address": "", "category": "史跡", "type": "史跡", "designation_level_code": "municipal", "designation_level_ja": "区市町村", "designation_status_code": "unknown", "designation_status_ja": "不明", "heritage_type_major_code": "monument", "heritage_type_major_ja": "記念物", "heritage_type_detail": "史跡", "classification_confidence": "low", "entity_class": "point", "geometry_role": "representative_point", "source_location_role": "record_coordinate", "spatial_match_status": "point_unmatched", "complex_id": "13115-HG00030", "complex_name": "宗延寺墓地内", "complex_grouping_method": "place_name", "reason": "record_not_in_building", "item_count": 1, "attached_items_json": "", "source_municipality_gpkg": "13115_heritage.gpkg" }, "geometry": { "type": "Point", "coordinates": [ 139.653117, 35.69541 ] } },
{ "type": "Feature", "properties": { "municipality_code": "13115", "municipality_name": "杉並区", "point_id": "record:131156000000.0", "point_kind": "cultural_record", "record_id": "131156000000.0", "record_ids": "131156000000.0", "name": "鈴木重胤の墓", "names": "鈴木重胤の墓", "place_name": "長延寺内", "address_detail": "", "address": "", "category": "史跡", "type": "史跡", "designation_level_code": "municipal", "designation_level_ja": "区市町村", "designation_status_code": "unknown", "designation_status_ja": "不明", "heritage_type_major_code": "monument", "heritage_type_major_ja": "記念物", "heritage_type_detail": "史跡", "classification_confidence": "low", "entity_class": "point", "geometry_role": "representative_point", "source_location_role": "record_coordinate", "spatial_match_status": "point_unmatched", "complex_id": "13115-HG00034", "complex_name": "長延寺内", "complex_grouping_method": "place_name", "reason": "record_not_in_building", "item_count": 1, "attached_items_json": "", "source_municipality_gpkg": "13115_heritage.gpkg" }, "geometry": { "type": "Point", "coordinates": [ 139.660699, 35.693538 ] } },
{ "type": "Feature", "properties": { "municipality_code": "13115", "municipality_name": "杉並区", "point_id": "record:131156000000.0", "point_kind": "cultural_record", "record_id": "131156000000.0", "record_ids": "131156000000.0", "name": "享和元年銘石造狛犬", "names": "享和元年銘石造狛犬", "place_name": "", "address_detail": "", "address": "", "category": "有形文化財", "type": "美術工芸品", "designation_level_code": "municipal", "designation_level_ja": "区市町村", "designation_status_code": "unknown", "designation_status_ja": "不明", "heritage_type_major_code": "tangible", "heritage_type_major_ja": "有形文化財", "heritage_type_detail": "未細分", "classification_confidence": "low", "entity_class": "movable", "geometry_role": "representative_point", "source_location_role": "record_coordinate", "spatial_match_status": "point_unmatched", "complex_id": "13115-HG00047", "complex_name": "享和元年銘石造狛犬", "complex_grouping_method": "exact_point", "reason": "record_not_in_building", "item_count": 1, "attached_items_json": "", "source_municipality_gpkg": "13115_heritage.gpkg" }, "geometry": { "type": "Point", "coordinates": [ 139.652342, 35.686111 ] } },
{ "type": "Feature", "properties": { "municipality_code": "13115", "municipality_name": "杉並区", "point_id": "record:131156000000.0", "point_kind": "cultural_record", "record_id": "131156000000.0", "record_ids": "131156000000.0", "name": "高井戸囃子", "names": "高井戸囃子", "place_name": "", "address_detail": "", "address": "", "category": "無形民俗文化財", "type": "民俗芸能", "designation_level_code": "municipal", "designation_level_ja": "区市町村", "designation_status_code": "unknown", "designation_status_ja": "不明", "heritage_type_major_code": "folk", "heritage_type_major_ja": "民俗文化財", "heritage_type_detail": "無形民俗文化財", "classification_confidence": "low", "entity_class": "point", "geometry_role": "representative_point", "source_location_role": "record_coordinate", "spatial_match_status": "point_unmatched", "complex_id": "13115-HG00066", "complex_name": "高井戸囃子", "complex_grouping_method": "exact_point", "reason": "record_not_in_building", "item_count": 1, "attached_items_json": "", "source_municipality_gpkg": "13115_heritage.gpkg" }, "geometry": { "type": "Point", "coordinates": [ 139.615826, 35.670002 ] } },
{ "type": "Feature", "properties": { "municipality_code": "13115", "municipality_name": "杉並区", "point_id": "record:131156000000.0", "point_kind": "cultural_record", "record_id": "131156000000.0", "record_ids": "131156000000.0", "name": "勝海舟筆荻窪八幡神社大幟", "names": "勝海舟筆荻窪八幡神社大幟", "place_name": "荻窪八幡神社", "address_detail": "", "address": "", "category": "有形文化財", "type": "典籍", "designation_level_code": "municipal", "designation_level_ja": "区市町村", "designation_status_code": "unknown", "designation_status_ja": "不明", "heritage_type_major_code": "tangible", "heritage_type_major_ja": "有形文化財", "heritage_type_detail": "未細分", "classification_confidence": "low", "entity_class": "movable", "geometry_role": "representative_point", "source_location_role": "record_coordinate", "spatial_match_status": "point_unmatched", "complex_id": "13115-HG00076", "complex_name": "荻窪八幡神社", "complex_grouping_method": "place_name", "reason": "record_not_in_building", "item_count": 1, "attached_items_json": "", "source_municipality_gpkg": "13115_heritage.gpkg" }, "geometry": { "type": "Point", "coordinates": [ 139.606609, 35.71055 ] } },
{ "type": "Feature", "properties": { "municipality_code": "13115", "municipality_name": "杉並区", "point_id": "record:131156000000.0", "point_kind": "cultural_record", "record_id": "131156000000.0", "record_ids": "131156000000.0", "name": "中野村・高円寺村・馬橋村三ヶ村用水記念碑", "names": "中野村・高円寺村・馬橋村三ヶ村用水記念碑", "place_name": "成宗五色弁財天境内", "address_detail": "", "address": "", "category": "有形文化財", "type": "歴史資料", "designation_level_code": "municipal", "designation_level_ja": "区市町村", "designation_status_code": "unknown", "designation_status_ja": "不明", "heritage_type_major_code": "tangible", "heritage_type_major_ja": "有形文化財", "heritage_type_detail": "未細分", "classification_confidence": "low", "entity_class": "point", "geometry_role": "representative_point", "source_location_role": "record_coordinate", "spatial_match_status": "point_unmatched", "complex_id": "13115-HG00081", "complex_name": "成宗五色弁財天境内", "complex_grouping_method": "place_name", "reason": "record_not_in_building", "item_count": 1, "attached_items_json": "", "source_municipality_gpkg": "13115_heritage.gpkg" }, "geometry": { "type": "Point", "coordinates": [ 139.631089, 35.697856 ] } },
{ "type": "Feature", "properties": { "municipality_code": "13115", "municipality_name": "杉並区", "point_id": "record:131156000000.0", "point_kind": "cultural_record", "record_id": "131156000000.0", "record_ids": "131156000000.0", "name": "荻外荘旧蔵長胴太鼓", "names": "荻外荘旧蔵長胴太鼓", "place_name": "荻外荘", "address_detail": "", "address": "", "category": "有形文化財", "type": "歴史資料", "designation_level_code": "municipal", "designation_level_ja": "区市町村", "designation_status_code": "unknown", "designation_status_ja": "不明", "heritage_type_major_code": "tangible", "heritage_type_major_ja": "有形文化財", "heritage_type_detail": "未細分", "classification_confidence": "low", "entity_class": "point", "geometry_role": "representative_point", "source_location_role": "record_coordinate", "spatial_match_status": "point_unmatched", "complex_id": "13115-HG00083", "complex_name": "荻外荘", "complex_grouping_method": "place_name", "reason": "record_not_in_building", "item_count": 1, "attached_items_json": "", "source_municipality_gpkg": "13115_heritage.gpkg" }, "geometry": { "type": "Point", "coordinates": [ 139.62233, 35.69873 ] } },
{ "type": "Feature", "properties": { "municipality_code": "13115", "municipality_name": "杉並区", "point_id": "record:official_export_001:141", "point_kind": "cultural_record", "record_id": "official_export_001:141", "record_ids": "official_export_001:141", "name": "妙法寺鉄門", "names": "妙法寺鉄門", "place_name": "", "address_detail": "", "address": "東京都杉並区堀ノ内三丁目", "category": "国宝・重要文化財(建造物)", "type": "建造物", "designation_level_code": "national", "designation_level_ja": "国", "designation_status_code": "designated", "designation_status_ja": "指定", "heritage_type_major_code": "tangible", "heritage_type_major_ja": "有形文化財", "heritage_type_detail": "建造物", "classification_confidence": "medium", "entity_class": "building_direct", "geometry_role": "building_candidate_point", "source_location_role": "record_coordinate", "spatial_match_status": "point_unmatched", "complex_id": "13115-HG00084", "complex_name": "妙法寺鉄門", "complex_grouping_method": "address", "reason": "building_direct_unmatched", "item_count": 1, "attached_items_json": "", "source_municipality_gpkg": "13115_heritage.gpkg" }, "geometry": { "type": "Point", "coordinates": [ 139.652193759999989, 35.6923202 ] } },
{ "type": "Feature", "properties": { "municipality_code": "13115", "municipality_name": "杉並区", "point_id": "record:official_export_002:156", "point_kind": "cultural_record", "record_id": "official_export_002:156", "record_ids": "official_export_002:156", "name": "旧滋賀家住宅主屋", "names": "旧滋賀家住宅主屋", "place_name": "", "address_detail": "", "address": "東京都杉並区下井草4-260-2", "category": "登録有形文化財(建造物)", "type": "建造物", "designation_level_code": "national", "designation_level_ja": "国", "designation_status_code": "registered", "designation_status_ja": "登録", "heritage_type_major_code": "tangible", "heritage_type_major_ja": "有形文化財", "heritage_type_detail": "建造物", "classification_confidence": "medium", "entity_class": "building_direct", "geometry_role": "building_candidate_point", "source_location_role": "record_coordinate", "spatial_match_status": "point_unmatched", "complex_id": "13115-HG00090", "complex_name": "旧滋賀家住宅主屋", "complex_grouping_method": "address", "reason": "building_direct_unmatched", "item_count": 1, "attached_items_json": "", "source_municipality_gpkg": "13115_heritage.gpkg" }, "geometry": { "type": "Point", "coordinates": [ 139.61821469, 35.72138048 ] } },
{ "type": "Feature", "properties": { "municipality_code": "13115", "municipality_name": "杉並区", "point_id": "record:official_export_003:46", "point_kind": "cultural_record", "record_id": "official_export_003:46", "record_ids": "official_export_003:46", "name": "荻外荘(近衞文麿旧宅)", "names": "荻外荘(近衞文麿旧宅)", "place_name": "", "address_detail": "", "address": "東京都杉並区", "category": "史跡名勝天然記念物", "type": "天然記念物", "designation_level_code": "national", "designation_level_ja": "国", "designation_status_code": "designated", "designation_status_ja": "指定", "heritage_type_major_code": "monument", "heritage_type_major_ja": "記念物", "heritage_type_detail": "天然記念物", "classification_confidence": "medium", "entity_class": "point", "geometry_role": "representative_point", "source_location_role": "record_coordinate", "spatial_match_status": "point_unmatched", "complex_id": "13115-HG00101", "complex_name": "荻外荘(近衞文麿旧宅)", "complex_grouping_method": "address", "reason": "record_not_in_building", "item_count": 1, "attached_items_json": "", "source_municipality_gpkg": "13115_heritage.gpkg" }, "geometry": { "type": "Point", "coordinates": [ 139.62234351, 35.69881884 ] } },
{ "type": "Feature", "properties": { "municipality_code": "13116", "municipality_name": "豊島区", "point_id": "record:211", "point_kind": "cultural_record", "record_id": "211", "record_ids": "211", "name": "鬼子母神大門ケヤキ並木", "names": "鬼子母神大門ケヤキ並木", "place_name": "", "address_detail": "", "address": "東京都豊島区雑司が谷3-16・19", "category": "都指定文化財", "type": "天然記念物", "designation_level_code": "prefectural", "designation_level_ja": "都", "designation_status_code": "designated", "designation_status_ja": "指定", "heritage_type_major_code": "monument", "heritage_type_major_ja": "記念物", "heritage_type_detail": "天然記念物", "classification_confidence": "high", "entity_class": "point", "geometry_role": "representative_point", "source_location_role": "record_coordinate", "spatial_match_status": "point_unmatched", "complex_id": "13116-HG00003", "complex_name": "東京都教育委員会 豊島区", "complex_grouping_method": "owner_address", "reason": "record_not_in_building", "item_count": 1, "attached_items_json": "", "source_municipality_gpkg": "13116_heritage.gpkg" }, "geometry": { "type": "Point", "coordinates": [ 139.714283, 35.721176 ] } },
{ "type": "Feature", "properties": { "municipality_code": "13116", "municipality_name": "豊島区", "point_id": "record:212", "point_kind": "cultural_record", "record_id": "212", "record_ids": "212", "name": "雑司が谷鬼子母神のイチョウ", "names": "雑司が谷鬼子母神のイチョウ", "place_name": "", "address_detail": "法明寺鬼子母神堂境内", "address": "東京都豊島区雑司が谷3-15", "category": "都指定文化財", "type": "天然記念物", "designation_level_code": "prefectural", "designation_level_ja": "都", "designation_status_code": "designated", "designation_status_ja": "指定", "heritage_type_major_code": "monument", "heritage_type_major_ja": "記念物", "heritage_type_detail": "天然記念物", "classification_confidence": "high", "entity_class": "point", "geometry_role": "representative_point", "source_location_role": "record_coordinate", "spatial_match_status": "point_unmatched", "complex_id": "13116-HG00004", "complex_name": "法明寺鬼子母神堂", "complex_grouping_method": "owner_address", "reason": "record_not_in_building", "item_count": 1, "attached_items_json": "", "source_municipality_gpkg": "13116_heritage.gpkg" }, "geometry": { "type": "Point", "coordinates": [ 139.714039, 35.721762 ] } },
{ "type": "Feature", "properties": { "municipality_code": "13116", "municipality_name": "豊島区", "point_id": "record:official_export_002:170", "point_kind": "cultural_record", "record_id": "official_export_002:170", "record_ids": "official_export_002:170", "name": "旧丹羽家住宅蔵", "names": "旧丹羽家住宅蔵", "place_name": "", "address_detail": "", "address": "東京都豊島区駒込3-498-8", "category": "登録有形文化財(建造物)", "type": "建造物", "designation_level_code": "national", "designation_level_ja": "国", "designation_status_code": "registered", "designation_status_ja": "登録", "heritage_type_major_code": "tangible", "heritage_type_major_ja": "有形文化財", "heritage_type_detail": "建造物", "classification_confidence": "medium", "entity_class": "building_direct", "geometry_role": "building_candidate_point", "source_location_role": "record_coordinate", "spatial_match_status": "point_unmatched", "complex_id": "13116-HG00128", "complex_name": "旧丹羽家住宅蔵", "complex_grouping_method": "address", "reason": "building_direct_unmatched", "item_count": 1, "attached_items_json": "", "source_municipality_gpkg": "13116_heritage.gpkg" }, "geometry": { "type": "Point", "coordinates": [ 139.74253189, 35.73797703 ] } },
{ "type": "Feature", "properties": { "municipality_code": "13119", "municipality_name": "板橋区", "point_id": "record:121", "point_kind": "cultural_record", "record_id": "121", "record_ids": "121", "name": "茂呂遺跡", "names": "茂呂遺跡", "place_name": "", "address_detail": "都立城北中央公園苗圃場内", "address": "東京都板橋区小茂根5-17", "category": "都指定文化財", "type": "史跡", "designation_level_code": null, "designation_level_ja": null, "designation_status_code": null, "designation_status_ja": null, "heritage_type_major_code": null, "heritage_type_major_ja": null, "heritage_type_detail": null, "classification_confidence": null, "entity_class": "point", "geometry_role": "representative_point", "source_location_role": "record_coordinate", "spatial_match_status": "point_unmatched", "complex_id": "13119-HG00003", "complex_name": "都立城北中央公園苗圃場", "complex_grouping_method": "owner_address", "reason": "record_not_in_building", "item_count": 1, "attached_items_json": "", "source_municipality_gpkg": "13119_heritage.gpkg" }, "geometry": { "type": "Point", "coordinates": [ 139.675993, 35.753777 ] } },
{ "type": "Feature", "properties": { "municipality_code": "13119", "municipality_name": "板橋区", "point_id": "record:177", "point_kind": "cultural_record", "record_id": "177", "record_ids": "177", "name": "徳丸ケ原", "names": "徳丸ケ原", "place_name": "", "address_detail": "", "address": "東京都板橋区高島平・新河岸・三園一帯", "category": "都指定文化財", "type": "旧跡", "designation_level_code": null, "designation_level_ja": null, "designation_status_code": null, "designation_status_ja": null, "heritage_type_major_code": null, "heritage_type_major_ja": null, "heritage_type_detail": null, "classification_confidence": null, "entity_class": "point", "geometry_role": "representative_point", "source_location_role": "record_coordinate", "spatial_match_status": "point_unmatched", "complex_id": "13119-HG00004", "complex_name": "徳丸ケ原", "complex_grouping_method": "address", "reason": "record_not_in_building", "item_count": 1, "attached_items_json": "", "source_municipality_gpkg": "13119_heritage.gpkg" }, "geometry": { "type": "Point", "coordinates": [ 139.660545, 35.791604 ] } },
{ "type": "Feature", "properties": { "municipality_code": "13119", "municipality_name": "板橋区", "point_id": "record:178", "point_kind": "cultural_record", "record_id": "178", "record_ids": "178", "name": "松月院大堂", "names": "松月院大堂", "place_name": "", "address_detail": "", "address": "東京都板橋区赤塚6-40-7", "category": "都指定文化財", "type": "旧跡", "designation_level_code": null, "designation_level_ja": null, "designation_status_code": null, "designation_status_ja": null, "heritage_type_major_code": null, "heritage_type_major_ja": null, "heritage_type_detail": null, "classification_confidence": null, "entity_class": "point", "geometry_role": "representative_point", "source_location_role": "record_coordinate", "spatial_match_status": "point_unmatched", "complex_id": "13119-HG00005", "complex_name": "松月院 国", "complex_grouping_method": "owner_address", "reason": "record_not_in_building", "item_count": 1, "attached_items_json": "", "source_municipality_gpkg": "13119_heritage.gpkg" }, "geometry": { "type": "Point", "coordinates": [ 139.646923, 35.779348 ] } },
{ "type": "Feature", "properties": { "municipality_code": "13120", "municipality_name": "練馬区", "point_id": "record:179", "point_kind": "cultural_record", "record_id": "179", "record_ids": "179", "name": "池永道雲墓", "names": "池永道雲墓", "place_name": "", "address_detail": "11ケ寺墓地内", "address": "東京都練馬区練馬4-27", "category": "都指定文化財", "type": "旧跡", "designation_level_code": null, "designation_level_ja": null, "designation_status_code": null, "designation_status_ja": null, "heritage_type_major_code": null, "heritage_type_major_ja": null, "heritage_type_detail": null, "classification_confidence": null, "entity_class": "point", "geometry_role": "representative_point", "source_location_role": "record_coordinate", "spatial_match_status": "point_unmatched", "complex_id": "13120-HG00003", "complex_name": "11ケ寺", "complex_grouping_method": "owner_address", "reason": "record_not_in_building", "item_count": 1, "attached_items_json": "", "source_municipality_gpkg": "13120_heritage.gpkg" }, "geometry": { "type": "Point", "coordinates": [ 139.65086, 35.742455 ] } },
{ "type": "Feature", "properties": { "municipality_code": "13122", "municipality_name": "葛飾区", "point_id": "record:123", "point_kind": "cultural_record", "record_id": "123", "record_ids": "123", "name": "葛西城跡", "names": "葛西城跡", "place_name": "", "address_detail": "", "address": "東京都葛飾区青戸7-21-7", "category": "都指定文化財", "type": "史跡", "designation_level_code": "prefectural", "designation_level_ja": "都", "designation_status_code": "designated", "designation_status_ja": "指定", "heritage_type_major_code": "monument", "heritage_type_major_ja": "記念物", "heritage_type_detail": "史跡", "classification_confidence": "high", "entity_class": "point", "geometry_role": "representative_point", "source_location_role": "record_coordinate", "spatial_match_status": "point_unmatched", "complex_id": "13122-HG00002", "complex_name": "葛飾区", "complex_grouping_method": "owner_address", "reason": "record_not_in_building", "item_count": 1, "attached_items_json": "", "source_municipality_gpkg": "13122_heritage.gpkg" }, "geometry": { "type": "Point", "coordinates": [ 139.854983, 35.755176 ] } },
{ "type": "Feature", "properties": { "municipality_code": "13122", "municipality_name": "葛飾区", "point_id": "record:182", "point_kind": "cultural_record", "record_id": "182", "record_ids": "182", "name": "葛西清重墓", "names": "葛西清重墓", "place_name": "", "address_detail": "", "address": "東京都葛飾区4つ木1-25-8", "category": "都指定文化財", "type": "旧跡", "designation_level_code": "prefectural", "designation_level_ja": "都", "designation_status_code": "designated", "designation_status_ja": "指定", "heritage_type_major_code": "monument", "heritage_type_major_ja": "記念物", "heritage_type_detail": "旧跡", "classification_confidence": "high", "entity_class": "point", "geometry_role": "representative_point", "source_location_role": "record_coordinate", "spatial_match_status": "point_unmatched", "complex_id": "13122-HG00005", "complex_name": "西光寺", "complex_grouping_method": "owner_address", "reason": "record_not_in_building", "item_count": 1, "attached_items_json": "", "source_municipality_gpkg": "13122_heritage.gpkg" }, "geometry": { "type": "Point", "coordinates": [ 139.833426, 35.734152 ] } },
{ "type": "Feature", "properties": { "municipality_code": "13123", "municipality_name": "江戸川区", "point_id": "record:official_export_003:39", "point_kind": "cultural_record", "record_id": "official_export_003:39", "record_ids": "official_export_003:39", "name": "善養寺影向のマツ", "names": "善養寺影向のマツ", "place_name": "", "address_detail": "", "address": "東京都江戸川区", "category": "史跡名勝天然記念物", "type": "天然記念物", "designation_level_code": "national", "designation_level_ja": "国", "designation_status_code": "designated", "designation_status_ja": "指定", "heritage_type_major_code": "monument", "heritage_type_major_ja": "記念物", "heritage_type_detail": "天然記念物", "classification_confidence": "medium", "entity_class": "point", "geometry_role": "representative_point", "source_location_role": "record_coordinate", "spatial_match_status": "point_unmatched", "complex_id": "13123-HG00242", "complex_name": "善養寺影向のマツ", "complex_grouping_method": "address", "reason": "record_not_in_building", "item_count": 1, "attached_items_json": "", "source_municipality_gpkg": "13123_heritage.gpkg" }, "geometry": { "type": "Point", "coordinates": [ 139.893564809999987, 35.72752778 ] } },
{ "type": "Feature", "properties": { "municipality_code": "13201", "municipality_name": "八王子市", "point_id": "record:126", "point_kind": "cultural_record", "record_id": "126", "record_ids": "126", "name": "片倉城跡", "names": "片倉城跡", "place_name": "", "address_detail": "ほか", "address": "東京都八王子市片倉町2423", "category": "都指定文化財", "type": "史跡", "designation_level_code": "prefectural", "designation_level_ja": "都", "designation_status_code": "designated", "designation_status_ja": "指定", "heritage_type_major_code": "monument", "heritage_type_major_ja": "記念物", "heritage_type_detail": "史跡", "classification_confidence": "high", "entity_class": "point", "geometry_role": "representative_point", "source_location_role": "record_coordinate", "spatial_match_status": "point_unmatched", "complex_id": "13201-HG00006", "complex_name": "ほか", "complex_grouping_method": "owner_address", "reason": "record_not_in_building", "item_count": 1, "attached_items_json": "", "source_municipality_gpkg": "13201_heritage.gpkg" }, "geometry": { "type": "Point", "coordinates": [ 139.337905, 35.639685 ] } },
{ "type": "Feature", "properties": { "municipality_code": "13201", "municipality_name": "八王子市", "point_id": "record:184", "point_kind": "cultural_record", "record_id": "184", "record_ids": "184", "name": "原胤敦墓", "names": "原胤敦墓", "place_name": "", "address_detail": "本立寺墓地内", "address": "東京都八王子市上野町11-2", "category": "都指定文化財", "type": "旧跡", "designation_level_code": "prefectural", "designation_level_ja": "都", "designation_status_code": "designated", "designation_status_ja": "指定", "heritage_type_major_code": "monument", "heritage_type_major_ja": "記念物", "heritage_type_detail": "旧跡", "classification_confidence": "high", "entity_class": "point", "geometry_role": "representative_point", "source_location_role": "record_coordinate", "spatial_match_status": "point_unmatched", "complex_id": "13201-HG00007", "complex_name": "本立寺", "complex_grouping_method": "owner_address", "reason": "record_not_in_building", "item_count": 1, "attached_items_json": "", "source_municipality_gpkg": "13201_heritage.gpkg" }, "geometry": { "type": "Point", "coordinates": [ 139.329732, 35.655468 ] } },
{ "type": "Feature", "properties": { "municipality_code": "13201", "municipality_name": "八王子市", "point_id": "record:official_export_003:22", "point_kind": "cultural_record", "record_id": "official_export_003:22", "record_ids": "official_export_003:22", "name": "椚田遺跡", "names": "椚田遺跡", "place_name": "", "address_detail": "", "address": "八王子市椚田町", "category": "史跡名勝天然記念物", "type": "天然記念物", "designation_level_code": "national", "designation_level_ja": "国", "designation_status_code": "designated", "designation_status_ja": "指定", "heritage_type_major_code": "monument", "heritage_type_major_ja": "記念物", "heritage_type_detail": "天然記念物", "classification_confidence": "medium", "entity_class": "point", "geometry_role": "representative_point", "source_location_role": "record_coordinate", "spatial_match_status": "point_unmatched", "complex_id": "13201-HG00008", "complex_name": "椚田遺跡", "complex_grouping_method": "address", "reason": "record_not_in_building", "item_count": 1, "attached_items_json": "", "source_municipality_gpkg": "13201_heritage.gpkg" }, "geometry": { "type": "Point", "coordinates": [ 139.30849668, 35.63641841 ] } },
{ "type": "Feature", "properties": { "municipality_code": "13201", "municipality_name": "八王子市", "point_id": "record:official_export_003:27", "point_kind": "cultural_record", "record_id": "official_export_003:27", "record_ids": "official_export_003:27", "name": "小仏関跡", "names": "小仏関跡", "place_name": "", "address_detail": "", "address": "八王子市裏高尾町", "category": "史跡名勝天然記念物", "type": "天然記念物", "designation_level_code": "national", "designation_level_ja": "国", "designation_status_code": "designated", "designation_status_ja": "指定", "heritage_type_major_code": "monument", "heritage_type_major_ja": "記念物", "heritage_type_detail": "天然記念物", "classification_confidence": "medium", "entity_class": "point", "geometry_role": "representative_point", "source_location_role": "record_coordinate", "spatial_match_status": "point_unmatched", "complex_id": "13201-HG00009", "complex_name": "小仏関跡", "complex_grouping_method": "address", "reason": "record_not_in_building", "item_count": 1, "attached_items_json": "", "source_municipality_gpkg": "13201_heritage.gpkg" }, "geometry": { "type": "Point", "coordinates": [ 139.26603486, 35.64153463 ] } },
{ "type": "Feature", "properties": { "municipality_code": "13201", "municipality_name": "八王子市", "point_id": "record:official_export_003:43", "point_kind": "cultural_record", "record_id": "official_export_003:43", "record_ids": "official_export_003:43", "name": "滝山城跡", "names": "滝山城跡", "place_name": "", "address_detail": "", "address": "八王子市高月町・加住町・丹木町", "category": "史跡名勝天然記念物", "type": "天然記念物", "designation_level_code": "national", "designation_level_ja": "国", "designation_status_code": "designated", "designation_status_ja": "指定", "heritage_type_major_code": "monument", "heritage_type_major_ja": "記念物", "heritage_type_detail": "天然記念物", "classification_confidence": "medium", "entity_class": "point", "geometry_role": "representative_point", "source_location_role": "record_coordinate", "spatial_match_status": "point_unmatched", "complex_id": "13201-HG00010", "complex_name": "滝山城跡", "complex_grouping_method": "address", "reason": "record_not_in_building", "item_count": 1, "attached_items_json": "", "source_municipality_gpkg": "13201_heritage.gpkg" }, "geometry": { "type": "Point", "coordinates": [ 139.32786783, 35.70124456 ] } },
{ "type": "Feature", "properties": { "municipality_code": "13201", "municipality_name": "八王子市", "point_id": "record:official_export_003:57", "point_kind": "cultural_record", "record_id": "official_export_003:57", "record_ids": "official_export_003:57", "name": "八王子城跡", "names": "八王子城跡", "place_name": "", "address_detail": "", "address": "八王子市元八王子町三丁目・下恩方町・西寺方町", "category": "史跡名勝天然記念物", "type": "天然記念物", "designation_level_code": "national", "designation_level_ja": "国", "designation_status_code": "designated", "designation_status_ja": "指定", "heritage_type_major_code": "monument", "heritage_type_major_ja": "記念物", "heritage_type_detail": "天然記念物", "classification_confidence": "medium", "entity_class": "point", "geometry_role": "representative_point", "source_location_role": "record_coordinate", "spatial_match_status": "point_unmatched", "complex_id": "13201-HG00011", "complex_name": "八王子城跡", "complex_grouping_method": "address", "reason": "record_not_in_building", "item_count": 1, "attached_items_json": "", "source_municipality_gpkg": "13201_heritage.gpkg" }, "geometry": { "type": "Point", "coordinates": [ 139.25567003, 35.6531565 ] } },
{ "type": "Feature", "properties": { "municipality_code": "13201", "municipality_name": "八王子市", "point_id": "record:official_export_003:60", "point_kind": "cultural_record", "record_id": "official_export_003:60", "record_ids": "official_export_003:60", "name": "船田石器時代遺跡", "names": "船田石器時代遺跡", "place_name": "", "address_detail": "", "address": "八王子市長房町", "category": "史跡名勝天然記念物", "type": "天然記念物", "designation_level_code": "national", "designation_level_ja": "国", "designation_status_code": "designated", "designation_status_ja": "指定", "heritage_type_major_code": "monument", "heritage_type_major_ja": "記念物", "heritage_type_detail": "天然記念物", "classification_confidence": "medium", "entity_class": "point", "geometry_role": "representative_point", "source_location_role": "record_coordinate", "spatial_match_status": "point_unmatched", "complex_id": "13201-HG00012", "complex_name": "船田石器時代遺跡", "complex_grouping_method": "address", "reason": "record_not_in_building", "item_count": 1, "attached_items_json": "", "source_municipality_gpkg": "13201_heritage.gpkg" }, "geometry": { "type": "Point", "coordinates": [ 139.297928, 35.657543 ] } },
{ "type": "Feature", "properties": { "municipality_code": "13203", "municipality_name": "武蔵野市", "point_id": "record:official_export_002:395", "point_kind": "cultural_record", "record_id": "official_export_002:395", "record_ids": "official_export_002:395", "name": "濵家住宅西洋館", "names": "濵家住宅西洋館", "place_name": "", "address_detail": "", "address": "東京都武蔵野市吉祥寺北町三丁目952-614", "category": "登録有形文化財(建造物)", "type": "建造物", "designation_level_code": "national", "designation_level_ja": "国", "designation_status_code": "registered", "designation_status_ja": "登録", "heritage_type_major_code": "tangible", "heritage_type_major_ja": "有形文化財", "heritage_type_detail": "建造物", "classification_confidence": "medium", "entity_class": "building_direct", "geometry_role": "building_candidate_point", "source_location_role": "record_coordinate", "spatial_match_status": "point_unmatched", "complex_id": "13203-HG00003", "complex_name": "濵家住宅西洋館", "complex_grouping_method": "address", "reason": "building_direct_unmatched", "item_count": 1, "attached_items_json": "", "source_municipality_gpkg": "13203_heritage.gpkg" }, "geometry": { "type": "Point", "coordinates": [ 139.57144663, 35.71375759 ] } },
{ "type": "Feature", "properties": { "municipality_code": "13203", "municipality_name": "武蔵野市", "point_id": "record:official_export_003:26", "point_kind": "cultural_record", "record_id": "official_export_003:26", "record_ids": "official_export_003:26", "name": "小金井(サクラ)", "names": "小金井(サクラ)", "place_name": "", "address_detail": "", "address": "小金井市 小平市 武蔵野市 西東京市", "category": "史跡名勝天然記念物", "type": "天然記念物", "designation_level_code": "national", "designation_level_ja": "国", "designation_status_code": "designated", "designation_status_ja": "指定", "heritage_type_major_code": "monument", "heritage_type_major_ja": "記念物", "heritage_type_detail": "天然記念物", "classification_confidence": "medium", "entity_class": "point", "geometry_role": "representative_point", "source_location_role": "record_coordinate", "spatial_match_status": "point_unmatched", "complex_id": "13203-HG00004", "complex_name": "小金井(サクラ)", "complex_grouping_method": "address", "reason": "record_not_in_building", "item_count": 1, "attached_items_json": "", "source_municipality_gpkg": "13203_heritage.gpkg" }, "geometry": { "type": "Point", "coordinates": [ 139.50682217, 35.7126431 ] } },
{ "type": "Feature", "properties": { "municipality_code": "13204", "municipality_name": "三鷹市", "point_id": "record:69", "point_kind": "cultural_record", "record_id": "69", "record_ids": "69", "name": "出山遺跡出土注口土器", "names": "出山遺跡出土注口土器", "place_name": "", "address_detail": "三鷹市スポーツと文化部生涯学習課分室(埋蔵文化財収蔵庫)", "address": "東京都三鷹市新川3-7-9", "category": "都指定文化財", "type": "考古資料", "designation_level_code": "prefectural", "designation_level_ja": "都", "designation_status_code": "designated", "designation_status_ja": "指定", "heritage_type_major_code": "tangible", "heritage_type_major_ja": "有形文化財", "heritage_type_detail": "考古資料", "classification_confidence": "high", "entity_class": "movable", "geometry_role": "representative_point", "source_location_role": "record_coordinate", "spatial_match_status": "point_unmatched", "complex_id": "13204-HG00001", "complex_name": "三鷹市スポーツと文化部生涯学習課分室(埋蔵文化財収蔵庫)", "complex_grouping_method": "owner_address", "reason": "record_not_in_building", "item_count": 1, "attached_items_json": "", "source_municipality_gpkg": "13204_heritage.gpkg" }, "geometry": { "type": "Point", "coordinates": [ 139.572769, 35.676911 ] } },
{ "type": "Feature", "properties": { "municipality_code": "13205", "municipality_name": "青梅市", "point_id": "record:130", "point_kind": "cultural_record", "record_id": "130", "record_ids": "130", "name": "海禅寺境域", "names": "海禅寺境域", "place_name": "", "address_detail": "", "address": "東京都青梅市二俣尾4-962、963", "category": "都指定文化財", "type": "史跡", "designation_level_code": "prefectural", "designation_level_ja": "都", "designation_status_code": "designated", "designation_status_ja": "指定", "heritage_type_major_code": "monument", "heritage_type_major_ja": "記念物", "heritage_type_detail": "史跡", "classification_confidence": "high", "entity_class": "point", "geometry_role": "representative_point", "source_location_role": "record_coordinate", "spatial_match_status": "point_unmatched", "complex_id": "13205-HG00009", "complex_name": "海禅寺 個人(青梅市)", "complex_grouping_method": "owner_address", "reason": "record_not_in_building", "item_count": 1, "attached_items_json": "", "source_municipality_gpkg": "13205_heritage.gpkg" }, "geometry": { "type": "Point", "coordinates": [ 139.21523, 35.804159 ] } },
{ "type": "Feature", "properties": { "municipality_code": "13205", "municipality_name": "青梅市", "point_id": "record:133", "point_kind": "cultural_record", "record_id": "133", "record_ids": "133", "name": "青梅新町の大井戸", "names": "青梅新町の大井戸", "place_name": "", "address_detail": "", "address": "東京都青梅市新町2-27", "category": "都指定文化財", "type": "史跡", "designation_level_code": "prefectural", "designation_level_ja": "都", "designation_status_code": "designated", "designation_status_ja": "指定", "heritage_type_major_code": "monument", "heritage_type_major_ja": "記念物", "heritage_type_detail": "史跡", "classification_confidence": "high", "entity_class": "point", "geometry_role": "representative_point", "source_location_role": "record_coordinate", "spatial_match_status": "point_unmatched", "complex_id": "13205-HG00012", "complex_name": "青梅市教育委員会", "complex_grouping_method": "owner_address", "reason": "record_not_in_building", "item_count": 1, "attached_items_json": "", "source_municipality_gpkg": "13205_heritage.gpkg" }, "geometry": { "type": "Point", "coordinates": [ 139.299419, 35.78928 ] } },
{ "type": "Feature", "properties": { "municipality_code": "13205", "municipality_name": "青梅市", "point_id": "record:185", "point_kind": "cultural_record", "record_id": "185", "record_ids": "185", "name": "鈴法寺跡", "names": "鈴法寺跡", "place_name": "", "address_detail": "鈴法寺公園", "address": "東京都青梅市新町1-22-18", "category": "都指定文化財", "type": "旧跡", "designation_level_code": "prefectural", "designation_level_ja": "都", "designation_status_code": "designated", "designation_status_ja": "指定", "heritage_type_major_code": "monument", "heritage_type_major_ja": "記念物", "heritage_type_detail": "旧跡", "classification_confidence": "high", "entity_class": "point", "geometry_role": "representative_point", "source_location_role": "record_coordinate", "spatial_match_status": "point_unmatched", "complex_id": "13205-HG00013", "complex_name": "鈴法寺公園", "complex_grouping_method": "owner_address", "reason": "record_not_in_building", "item_count": 1, "attached_items_json": "", "source_municipality_gpkg": "13205_heritage.gpkg" }, "geometry": { "type": "Point", "coordinates": [ 139.29638, 35.788182 ] } },
{ "type": "Feature", "properties": { "municipality_code": "13205", "municipality_name": "青梅市", "point_id": "record:official_export_002:323", "point_kind": "cultural_record", "record_id": "official_export_002:323", "record_ids": "official_export_002:323", "name": "津雲家住宅門", "names": "津雲家住宅門", "place_name": "", "address_detail": "", "address": "東京都青梅市住江町72-2", "category": "登録有形文化財(建造物)", "type": "建造物", "designation_level_code": "national", "designation_level_ja": "国", "designation_status_code": "registered", "designation_status_ja": "登録", "heritage_type_major_code": "tangible", "heritage_type_major_ja": "有形文化財", "heritage_type_detail": "建造物", "classification_confidence": "medium", "entity_class": "building_direct", "geometry_role": "building_candidate_point", "source_location_role": "record_coordinate", "spatial_match_status": "point_unmatched", "complex_id": "13205-HG00025", "complex_name": "津雲家住宅門", "complex_grouping_method": "address", "reason": "building_direct_unmatched", "item_count": 1, "attached_items_json": "", "source_municipality_gpkg": "13205_heritage.gpkg" }, "geometry": { "type": "Point", "coordinates": [ 139.261475, 35.7883 ] } },
{ "type": "Feature", "properties": { "municipality_code": "13205", "municipality_name": "青梅市", "point_id": "record:official_export_003:63", "point_kind": "cultural_record", "record_id": "official_export_003:63", "record_ids": "official_export_003:63", "name": "御岳の神代ケヤキ", "names": "御岳の神代ケヤキ", "place_name": "", "address_detail": "", "address": "青梅市御岳山", "category": "史跡名勝天然記念物", "type": "天然記念物", "designation_level_code": "national", "designation_level_ja": "国", "designation_status_code": "designated", "designation_status_ja": "指定", "heritage_type_major_code": "monument", "heritage_type_major_ja": "記念物", "heritage_type_detail": "天然記念物", "classification_confidence": "medium", "entity_class": "point", "geometry_role": "representative_point", "source_location_role": "record_coordinate", "spatial_match_status": "point_unmatched", "complex_id": "13205-HG00026", "complex_name": "御岳の神代ケヤキ", "complex_grouping_method": "address", "reason": "record_not_in_building", "item_count": 1, "attached_items_json": "", "source_municipality_gpkg": "13205_heritage.gpkg" }, "geometry": { "type": "Point", "coordinates": [ 139.15205556, 35.78425 ] } },
{ "type": "Feature", "properties": { "municipality_code": "13206", "municipality_name": "府中市", "point_id": "record:21", "point_kind": "cultural_record", "record_id": "21", "record_ids": "21", "name": "大国魂神社本殿", "names": "大国魂神社本殿", "place_name": "", "address_detail": "", "address": "東京都府中市宮町3-1", "category": "都指定文化財", "type": "建造物", "designation_level_code": "prefectural", "designation_level_ja": "都", "designation_status_code": "designated", "designation_status_ja": "指定", "heritage_type_major_code": "tangible", "heritage_type_major_ja": "有形文化財", "heritage_type_detail": "建造物", "classification_confidence": "high", "entity_class": "building_direct", "geometry_role": "building_candidate_point", "source_location_role": "record_coordinate", "spatial_match_status": "point_unmatched", "complex_id": "13206-HG00001", "complex_name": "大国魂神社", "complex_grouping_method": "owner_address", "reason": "building_direct_unmatched", "item_count": 1, "attached_items_json": "", "source_municipality_gpkg": "13206_heritage.gpkg" }, "geometry": { "type": "Point", "coordinates": [ 139.479111, 35.668157 ] } },
{ "type": "Feature", "properties": { "municipality_code": "13206", "municipality_name": "府中市", "point_id": "record:62", "point_kind": "cultural_record", "record_id": "62", "record_ids": "62", "name": "蓮華形磬", "names": "蓮華形磬", "place_name": "", "address_detail": "府中市郷土の森博物館", "address": "東京都府中市南町6-33", "category": "都指定文化財", "type": "美術工芸品", "designation_level_code": "prefectural", "designation_level_ja": "都", "designation_status_code": "designated", "designation_status_ja": "指定", "heritage_type_major_code": "tangible", "heritage_type_major_ja": "有形文化財", "heritage_type_detail": "美術工芸品", "classification_confidence": "high", "entity_class": "movable", "geometry_role": "representative_point", "source_location_role": "record_coordinate", "spatial_match_status": "point_unmatched", "complex_id": "13206-HG00003", "complex_name": "府中市郷土の森博物館", "complex_grouping_method": "owner_address", "reason": "record_not_in_building", "item_count": 1, "attached_items_json": "", "source_municipality_gpkg": "13206_heritage.gpkg" }, "geometry": { "type": "Point", "coordinates": [ 139.47104, 35.656833 ] } },
{ "type": "Feature", "properties": { "municipality_code": "13206", "municipality_name": "府中市", "point_id": "record:186", "point_kind": "cultural_record", "record_id": "186", "record_ids": "186", "name": "府中高札場", "names": "府中高札場", "place_name": "", "address_detail": "", "address": "東京都府中市宮西町5-1-1", "category": "都指定文化財", "type": "旧跡", "designation_level_code": "prefectural", "designation_level_ja": "都", "designation_status_code": "designated", "designation_status_ja": "指定", "heritage_type_major_code": "monument", "heritage_type_major_ja": "記念物", "heritage_type_detail": "旧跡", "classification_confidence": "high", "entity_class": "point", "geometry_role": "representative_point", "source_location_role": "record_coordinate", "spatial_match_status": "point_unmatched", "complex_id": "13206-HG00004", "complex_name": "大国魂神社", "complex_grouping_method": "owner_address", "reason": "record_not_in_building", "item_count": 1, "attached_items_json": "", "source_municipality_gpkg": "13206_heritage.gpkg" }, "geometry": { "type": "Point", "coordinates": [ 139.476383, 35.669798 ] } },
{ "type": "Feature", "properties": { "municipality_code": "13206", "municipality_name": "府中市", "point_id": "record:187", "point_kind": "cultural_record", "record_id": "187", "record_ids": "187", "name": "川崎定孝墓", "names": "川崎定孝墓", "place_name": "", "address_detail": "龍光寺墓地内", "address": "東京都府中市押立町4-35", "category": "都指定文化財", "type": "旧跡", "designation_level_code": "prefectural", "designation_level_ja": "都", "designation_status_code": "designated", "designation_status_ja": "指定", "heritage_type_major_code": "monument", "heritage_type_major_ja": "記念物", "heritage_type_detail": "旧跡", "classification_confidence": "high", "entity_class": "point", "geometry_role": "representative_point", "source_location_role": "record_coordinate", "spatial_match_status": "point_unmatched", "complex_id": "13206-HG00005", "complex_name": "龍光寺", "complex_grouping_method": "owner_address", "reason": "record_not_in_building", "item_count": 1, "attached_items_json": "", "source_municipality_gpkg": "13206_heritage.gpkg" }, "geometry": { "type": "Point", "coordinates": [ 139.518717, 35.65399 ] } },
{ "type": "Feature", "properties": { "municipality_code": "13206", "municipality_name": "府中市", "point_id": "record:official_export_003:58", "point_kind": "cultural_record", "record_id": "official_export_003:58", "record_ids": "official_export_003:58", "name": "馬場大門のケヤキ並木", "names": "馬場大門のケヤキ並木", "place_name": "", "address_detail": "", "address": "府中市宮町一丁目・宮西町一丁目・寿町一丁目・府中町一丁目", "category": "史跡名勝天然記念物", "type": "天然記念物", "designation_level_code": "national", "designation_level_ja": "国", "designation_status_code": "designated", "designation_status_ja": "指定", "heritage_type_major_code": "monument", "heritage_type_major_ja": "記念物", "heritage_type_detail": "天然記念物", "classification_confidence": "medium", "entity_class": "point", "geometry_role": "representative_point", "source_location_role": "record_coordinate", "spatial_match_status": "point_unmatched", "complex_id": "13206-HG00007", "complex_name": "馬場大門のケヤキ並木", "complex_grouping_method": "address", "reason": "record_not_in_building", "item_count": 1, "attached_items_json": "", "source_municipality_gpkg": "13206_heritage.gpkg" }, "geometry": { "type": "Point", "coordinates": [ 139.47907118, 35.67271337 ] } },
{ "type": "Feature", "properties": { "municipality_code": "13206", "municipality_name": "府中市", "point_id": "record:official_export_003:66", "point_kind": "cultural_record", "record_id": "official_export_003:66", "record_ids": "official_export_003:66", "name": "武蔵国府跡", "names": "武蔵国府跡", "place_name": "", "address_detail": "", "address": "府中市宮町", "category": "史跡名勝天然記念物", "type": "天然記念物", "designation_level_code": "national", "designation_level_ja": "国", "designation_status_code": "designated", "designation_status_ja": "指定", "heritage_type_major_code": "monument", "heritage_type_major_ja": "記念物", "heritage_type_detail": "天然記念物", "classification_confidence": "medium", "entity_class": "point", "geometry_role": "representative_point", "source_location_role": "record_coordinate", "spatial_match_status": "point_unmatched", "complex_id": "13206-HG00008", "complex_name": "武蔵国府跡", "complex_grouping_method": "address", "reason": "record_not_in_building", "item_count": 1, "attached_items_json": "", "source_municipality_gpkg": "13206_heritage.gpkg" }, "geometry": { "type": "Point", "coordinates": [ 139.479028019999987, 35.66845978 ] } },
{ "type": "Feature", "properties": { "municipality_code": "13206", "municipality_name": "府中市", "point_id": "record:official_export_003:68", "point_kind": "cultural_record", "record_id": "official_export_003:68", "record_ids": "official_export_003:68", "name": "武蔵府中熊野神社古墳", "names": "武蔵府中熊野神社古墳", "place_name": "", "address_detail": "", "address": "府中市", "category": "史跡名勝天然記念物", "type": "天然記念物", "designation_level_code": "national", "designation_level_ja": "国", "designation_status_code": "designated", "designation_status_ja": "指定", "heritage_type_major_code": "monument", "heritage_type_major_ja": "記念物", "heritage_type_detail": "天然記念物", "classification_confidence": "medium", "entity_class": "point", "geometry_role": "representative_point", "source_location_role": "record_coordinate", "spatial_match_status": "point_unmatched", "complex_id": "13206-HG00009", "complex_name": "武蔵府中熊野神社古墳", "complex_grouping_method": "address", "reason": "record_not_in_building", "item_count": 1, "attached_items_json": "", "source_municipality_gpkg": "13206_heritage.gpkg" }, "geometry": { "type": "Point", "coordinates": [ 139.457091029999987, 35.67502611 ] } },
{ "type": "Feature", "properties": { "municipality_code": "13207", "municipality_name": "昭島市", "point_id": "record:219", "point_kind": "cultural_record", "record_id": "219", "record_ids": "219", "name": "拝島のフジ", "names": "拝島のフジ", "place_name": "", "address_detail": "拝島公園内", "address": "東京都昭島市拝島町1-10", "category": "都指定文化財", "type": "天然記念物", "designation_level_code": "prefectural", "designation_level_ja": "都", "designation_status_code": "designated", "designation_status_ja": "指定", "heritage_type_major_code": "monument", "heritage_type_major_ja": "記念物", "heritage_type_detail": "天然記念物", "classification_confidence": "high", "entity_class": "point", "geometry_role": "representative_point", "source_location_role": "record_coordinate", "spatial_match_status": "point_unmatched", "complex_id": "13207-HG00004", "complex_name": "拝島公園", "complex_grouping_method": "owner_address", "reason": "record_not_in_building", "item_count": 1, "attached_items_json": "", "source_municipality_gpkg": "13207_heritage.gpkg" }, "geometry": { "type": "Point", "coordinates": [ 139.346093, 35.705918 ] } },
{ "type": "Feature", "properties": { "municipality_code": "13208", "municipality_name": "調布市", "point_id": "record:220", "point_kind": "cultural_record", "record_id": "220", "record_ids": "220", "name": "佐須の禅寺丸古木", "names": "佐須の禅寺丸古木", "place_name": "", "address_detail": "", "address": "東京都調布市佐須町1-7-3", "category": "都指定文化財", "type": "天然記念物", "designation_level_code": "prefectural", "designation_level_ja": "都", "designation_status_code": "designated", "designation_status_ja": "指定", "heritage_type_major_code": "monument", "heritage_type_major_ja": "記念物", "heritage_type_detail": "天然記念物", "classification_confidence": "high", "entity_class": "point", "geometry_role": "representative_point", "source_location_role": "record_coordinate", "spatial_match_status": "point_unmatched", "complex_id": "13208-HG00002", "complex_name": "個人", "complex_grouping_method": "owner_address", "reason": "record_not_in_building", "item_count": 1, "attached_items_json": "", "source_municipality_gpkg": "13208_heritage.gpkg" }, "geometry": { "type": "Point", "coordinates": [ 139.551905, 35.660373 ] } },
{ "type": "Feature", "properties": { "municipality_code": "13208", "municipality_name": "調布市", "point_id": "record:132080100004", "point_kind": "cultural_record", "record_id": "132080100004", "record_ids": "132080100004", "name": "深大寺城跡", "names": "深大寺城跡", "place_name": "", "address_detail": "", "address": "", "category": "国指定史跡", "type": "史跡", "designation_level_code": "national", "designation_level_ja": "国", "designation_status_code": "designated", "designation_status_ja": "指定", "heritage_type_major_code": "monument", "heritage_type_major_ja": "記念物", "heritage_type_detail": "史跡", "classification_confidence": "medium", "entity_class": "point", "geometry_role": "representative_point", "source_location_role": "record_coordinate", "spatial_match_status": "point_unmatched", "complex_id": "13208-HG00005", "complex_name": "深大寺城跡", "complex_grouping_method": "exact_point", "reason": "record_not_in_building", "item_count": 1, "attached_items_json": "", "source_municipality_gpkg": "13208_heritage.gpkg" }, "geometry": { "type": "Point", "coordinates": [ 139.549313, 35.664205 ] } },
{ "type": "Feature", "properties": { "municipality_code": "13208", "municipality_name": "調布市", "point_id": "record:132080100007", "point_kind": "cultural_record", "record_id": "132080100007", "record_ids": "132080100007", "name": "白百合女子大学めぐみ荘(旧菊池家住宅主屋)", "names": "白百合女子大学めぐみ荘(旧菊池家住宅主屋)", "place_name": "", "address_detail": "", "address": "", "category": "国登録有形文化財(建造物)", "type": "建造物", "designation_level_code": "national", "designation_level_ja": "国", "designation_status_code": "registered", "designation_status_ja": "登録", "heritage_type_major_code": "tangible", "heritage_type_major_ja": "有形文化財", "heritage_type_detail": "建造物", "classification_confidence": "medium", "entity_class": "building_direct", "geometry_role": "building_candidate_point", "source_location_role": "record_coordinate", "spatial_match_status": "point_unmatched", "complex_id": "13208-HG00007", "complex_name": "白百合女子大学めぐみ荘(旧菊池家住宅主屋)", "complex_grouping_method": "exact_point", "reason": "building_direct_unmatched", "item_count": 1, "attached_items_json": "", "source_municipality_gpkg": "13208_heritage.gpkg" }, "geometry": { "type": "Point", "coordinates": [ 139.581011, 35.668215 ] } },
{ "type": "Feature", "properties": { "municipality_code": "13208", "municipality_name": "調布市", "point_id": "record:132080100018", "point_kind": "cultural_record", "record_id": "132080100018", "record_ids": "132080100018", "name": "狐塚古墳(下布田6号墳)", "names": "狐塚古墳(下布田6号墳)", "place_name": "", "address_detail": "", "address": "", "category": "都指定史跡", "type": "史跡", "designation_level_code": "prefectural", "designation_level_ja": "都", "designation_status_code": "designated", "designation_status_ja": "指定", "heritage_type_major_code": "monument", "heritage_type_major_ja": "記念物", "heritage_type_detail": "史跡", "classification_confidence": "medium", "entity_class": "point", "geometry_role": "representative_point", "source_location_role": "record_coordinate", "spatial_match_status": "point_unmatched", "complex_id": "13208-HG00012", "complex_name": "狐塚古墳(下布田6号墳)", "complex_grouping_method": "exact_point", "reason": "record_not_in_building", "item_count": 1, "attached_items_json": "", "source_municipality_gpkg": "13208_heritage.gpkg" }, "geometry": { "type": "Point", "coordinates": [ 139.549267, 35.645297 ] } },
{ "type": "Feature", "properties": { "municipality_code": "13208", "municipality_name": "調布市", "point_id": "record:132080100019", "point_kind": "cultural_record", "record_id": "132080100019", "record_ids": "132080100019", "name": "佐須の禅寺丸古木", "names": "佐須の禅寺丸古木", "place_name": "", "address_detail": "", "address": "", "category": "都指定天然記念物", "type": "天然記念物", "designation_level_code": "prefectural", "designation_level_ja": "都", "designation_status_code": "designated", "designation_status_ja": "指定", "heritage_type_major_code": "monument", "heritage_type_major_ja": "記念物", "heritage_type_detail": "天然記念物", "classification_confidence": "medium", "entity_class": "point", "geometry_role": "representative_point", "source_location_role": "record_coordinate", "spatial_match_status": "point_unmatched", "complex_id": "13208-HG00013", "complex_name": "佐須の禅寺丸古木", "complex_grouping_method": "exact_point", "reason": "record_not_in_building", "item_count": 1, "attached_items_json": "", "source_municipality_gpkg": "13208_heritage.gpkg" }, "geometry": { "type": "Point", "coordinates": [ 139.551176, 35.660474 ] } },
{ "type": "Feature", "properties": { "municipality_code": "13208", "municipality_name": "調布市", "point_id": "record:132080100062", "point_kind": "cultural_record", "record_id": "132080100062", "record_ids": "132080100062", "name": "地蔵菩薩立像(妙円地蔵)", "names": "地蔵菩薩立像(妙円地蔵)", "place_name": "", "address_detail": "", "address": "", "category": "市指定有形民俗文化財(民俗)", "type": "市指定有形民俗文化財(民俗)", "designation_level_code": "municipal", "designation_level_ja": "区市町村", "designation_status_code": "designated", "designation_status_ja": "指定", "heritage_type_major_code": "folk", "heritage_type_major_ja": "民俗文化財", "heritage_type_detail": "有形民俗文化財(民俗)", "classification_confidence": "medium", "entity_class": "point", "geometry_role": "representative_point", "source_location_role": "record_coordinate", "spatial_match_status": "point_unmatched", "complex_id": "13208-HG00025", "complex_name": "地蔵菩薩立像(妙円地蔵)", "complex_grouping_method": "exact_point", "reason": "record_not_in_building", "item_count": 1, "attached_items_json": "", "source_municipality_gpkg": "13208_heritage.gpkg" }, "geometry": { "type": "Point", "coordinates": [ 139.568783, 35.657294 ] } },
{ "type": "Feature", "properties": { "municipality_code": "13208", "municipality_name": "調布市", "point_id": "record:132080100063", "point_kind": "cultural_record", "record_id": "132080100063", "record_ids": "132080100063", "name": "百万遍供養塔", "names": "百万遍供養塔", "place_name": "", "address_detail": "", "address": "", "category": "市指定有形民俗文化財(民俗)", "type": "市指定有形民俗文化財(民俗)", "designation_level_code": "municipal", "designation_level_ja": "区市町村", "designation_status_code": "designated", "designation_status_ja": "指定", "heritage_type_major_code": "folk", "heritage_type_major_ja": "民俗文化財", "heritage_type_detail": "有形民俗文化財(民俗)", "classification_confidence": "medium", "entity_class": "point", "geometry_role": "representative_point", "source_location_role": "record_coordinate", "spatial_match_status": "point_unmatched", "complex_id": "13208-HG00026", "complex_name": "百万遍供養塔", "complex_grouping_method": "exact_point", "reason": "record_not_in_building", "item_count": 1, "attached_items_json": "", "source_municipality_gpkg": "13208_heritage.gpkg" }, "geometry": { "type": "Point", "coordinates": [ 139.586679, 35.646755 ] } },
{ "type": "Feature", "properties": { "municipality_code": "13208", "municipality_name": "調布市", "point_id": "record:132080100064", "point_kind": "cultural_record", "record_id": "132080100064", "record_ids": "132080100064", "name": "山野庚申塚の庚申塔", "names": "山野庚申塚の庚申塔", "place_name": "", "address_detail": "", "address": "", "category": "市指定有形民俗文化財(民俗)", "type": "市指定有形民俗文化財(民俗)", "designation_level_code": "municipal", "designation_level_ja": "区市町村", "designation_status_code": "designated", "designation_status_ja": "指定", "heritage_type_major_code": "folk", "heritage_type_major_ja": "民俗文化財", "heritage_type_detail": "有形民俗文化財(民俗)", "classification_confidence": "medium", "entity_class": "point", "geometry_role": "representative_point", "source_location_role": "record_coordinate", "spatial_match_status": "point_unmatched", "complex_id": "13208-HG00027", "complex_name": "山野庚申塚の庚申塔", "complex_grouping_method": "exact_point", "reason": "record_not_in_building", "item_count": 1, "attached_items_json": "", "source_municipality_gpkg": "13208_heritage.gpkg" }, "geometry": { "type": "Point", "coordinates": [ 139.543955, 35.677682 ] } },
{ "type": "Feature", "properties": { "municipality_code": "13208", "municipality_name": "調布市", "point_id": "record:132080100074", "point_kind": "cultural_record", "record_id": "132080100074", "record_ids": "132080100074", "name": "近藤勇生家跡", "names": "近藤勇生家跡", "place_name": "", "address_detail": "", "address": "", "category": "市指定史跡", "type": "史跡", "designation_level_code": "municipal", "designation_level_ja": "区市町村", "designation_status_code": "designated", "designation_status_ja": "指定", "heritage_type_major_code": "monument", "heritage_type_major_ja": "記念物", "heritage_type_detail": "史跡", "classification_confidence": "medium", "entity_class": "point", "geometry_role": "representative_point", "source_location_role": "record_coordinate", "spatial_match_status": "point_unmatched", "complex_id": "13208-HG00029", "complex_name": "近藤勇生家跡", "complex_grouping_method": "exact_point", "reason": "record_not_in_building", "item_count": 1, "attached_items_json": "", "source_municipality_gpkg": "13208_heritage.gpkg" }, "geometry": { "type": "Point", "coordinates": [ 139.525933, 35.679088 ] } },
{ "type": "Feature", "properties": { "municipality_code": "13208", "municipality_name": "調布市", "point_id": "record:132080100077", "point_kind": "cultural_record", "record_id": "132080100077", "record_ids": "132080100077", "name": "シロハナヤブツバキ", "names": "シロハナヤブツバキ", "place_name": "", "address_detail": "", "address": "", "category": "市指定天然記念物(植物)", "type": "天然記念物", "designation_level_code": "municipal", "designation_level_ja": "区市町村", "designation_status_code": "designated", "designation_status_ja": "指定", "heritage_type_major_code": "monument", "heritage_type_major_ja": "記念物", "heritage_type_detail": "天然記念物", "classification_confidence": "medium", "entity_class": "point", "geometry_role": "representative_point", "source_location_role": "record_coordinate", "spatial_match_status": "point_unmatched", "complex_id": "13208-HG00032", "complex_name": "シロハナヤブツバキ", "complex_grouping_method": "exact_point", "reason": "record_not_in_building", "item_count": 1, "attached_items_json": "", "source_municipality_gpkg": "13208_heritage.gpkg" }, "geometry": { "type": "Point", "coordinates": [ 139.550262, 35.646172 ] } },
{ "type": "Feature", "properties": { "municipality_code": "13208", "municipality_name": "調布市", "point_id": "record:official_export_002:13", "point_kind": "cultural_record", "record_id": "official_export_002:13", "record_ids": "official_export_002:13", "name": "新井家住宅中門及び塀", "names": "新井家住宅中門及び塀", "place_name": "", "address_detail": "", "address": "東京都調布市入間町1-4-3", "category": "登録有形文化財(建造物)", "type": "建造物", "designation_level_code": "national", "designation_level_ja": "国", "designation_status_code": "registered", "designation_status_ja": "登録", "heritage_type_major_code": "tangible", "heritage_type_major_ja": "有形文化財", "heritage_type_detail": "建造物", "classification_confidence": "medium", "entity_class": "building_direct", "geometry_role": "building_candidate_point", "source_location_role": "record_coordinate", "spatial_match_status": "point_unmatched", "complex_id": "13208-HG00038", "complex_name": "新井家住宅中門及び塀", "complex_grouping_method": "address", "reason": "building_direct_unmatched", "item_count": 1, "attached_items_json": "", "source_municipality_gpkg": "13208_heritage.gpkg" }, "geometry": { "type": "Point", "coordinates": [ 139.58495205, 35.65258768 ] } },
{ "type": "Feature", "properties": { "municipality_code": "13208", "municipality_name": "調布市", "point_id": "record:official_export_002:155", "point_kind": "cultural_record", "record_id": "official_export_002:155", "record_ids": "official_export_002:155", "name": "旧佐橋家住宅門", "names": "旧佐橋家住宅門", "place_name": "", "address_detail": "", "address": "東京都調布市西つつじケ丘一丁目27-1", "category": "登録有形文化財(建造物)", "type": "建造物", "designation_level_code": "national", "designation_level_ja": "国", "designation_status_code": "registered", "designation_status_ja": "登録", "heritage_type_major_code": "tangible", "heritage_type_major_ja": "有形文化財", "heritage_type_detail": "建造物", "classification_confidence": "medium", "entity_class": "building_direct", "geometry_role": "building_candidate_point", "source_location_role": "record_coordinate", "spatial_match_status": "point_unmatched", "complex_id": "13208-HG00040", "complex_name": "旧佐橋家住宅門", "complex_grouping_method": "address", "reason": "building_direct_unmatched", "item_count": 1, "attached_items_json": "", "source_municipality_gpkg": "13208_heritage.gpkg" }, "geometry": { "type": "Point", "coordinates": [ 139.57165, 35.65851111 ] } },
{ "type": "Feature", "properties": { "municipality_code": "13208", "municipality_name": "調布市", "point_id": "record:official_export_003:35", "point_kind": "cultural_record", "record_id": "official_export_003:35", "record_ids": "official_export_003:35", "name": "下布田遺跡", "names": "下布田遺跡", "place_name": "", "address_detail": "", "address": "調布市布田", "category": "史跡名勝天然記念物", "type": "天然記念物", "designation_level_code": "national", "designation_level_ja": "国", "designation_status_code": "designated", "designation_status_ja": "指定", "heritage_type_major_code": "monument", "heritage_type_major_ja": "記念物", "heritage_type_detail": "天然記念物", "classification_confidence": "medium", "entity_class": "point", "geometry_role": "representative_point", "source_location_role": "record_coordinate", "spatial_match_status": "point_unmatched", "complex_id": "13208-HG00045", "complex_name": "下布田遺跡", "complex_grouping_method": "address", "reason": "record_not_in_building", "item_count": 1, "attached_items_json": "", "source_municipality_gpkg": "13208_heritage.gpkg" }, "geometry": { "type": "Point", "coordinates": [ 139.54899566, 35.64405763 ] } },
{ "type": "Feature", "properties": { "municipality_code": "13208", "municipality_name": "調布市", "point_id": "record:official_export_003:36", "point_kind": "cultural_record", "record_id": "official_export_003:36", "record_ids": "official_export_003:36", "name": "深大寺城跡", "names": "深大寺城跡", "place_name": "", "address_detail": "", "address": "調布市", "category": "史跡名勝天然記念物", "type": "天然記念物", "designation_level_code": "national", "designation_level_ja": "国", "designation_status_code": "designated", "designation_status_ja": "指定", "heritage_type_major_code": "monument", "heritage_type_major_ja": "記念物", "heritage_type_detail": "天然記念物", "classification_confidence": "medium", "entity_class": "point", "geometry_role": "representative_point", "source_location_role": "record_coordinate", "spatial_match_status": "point_unmatched", "complex_id": "13208-HG00046", "complex_name": "深大寺城跡", "complex_grouping_method": "address", "reason": "record_not_in_building", "item_count": 1, "attached_items_json": "", "source_municipality_gpkg": "13208_heritage.gpkg" }, "geometry": { "type": "Point", "coordinates": [ 139.551030849999989, 35.66483407 ] } },
{ "type": "Feature", "properties": { "municipality_code": "13209", "municipality_name": "町田市", "point_id": "record:25", "point_kind": "cultural_record", "record_id": "25", "record_ids": "25", "name": "旧荻野家住宅", "names": "旧荻野家住宅", "place_name": "", "address_detail": "町田市立薬師池公園内", "address": "東京都町田市野津田町1270", "category": "都指定文化財", "type": "建造物", "designation_level_code": "prefectural", "designation_level_ja": "都", "designation_status_code": "designated", "designation_status_ja": "指定", "heritage_type_major_code": "tangible", "heritage_type_major_ja": "有形文化財", "heritage_type_detail": "建造物", "classification_confidence": "high", "entity_class": "building_direct", "geometry_role": "building_candidate_point", "source_location_role": "record_coordinate", "spatial_match_status": "point_unmatched", "complex_id": "13209-HG00001", "complex_name": "町田市立薬師池公園", "complex_grouping_method": "owner_address", "reason": "building_direct_unmatched", "item_count": 1, "attached_items_json": "", "source_municipality_gpkg": "13209_heritage.gpkg" }, "geometry": { "type": "Point", "coordinates": [ 139.447453, 35.581958 ] } },
{ "type": "Feature", "properties": { "municipality_code": "13209", "municipality_name": "町田市", "point_id": "record:official_export_003:25", "point_kind": "cultural_record", "record_id": "official_export_003:25", "record_ids": "official_export_003:25", "name": "高ヶ坂石器時代遺跡", "names": "高ヶ坂石器時代遺跡", "place_name": "", "address_detail": "", "address": "町田市高ヶ坂", "category": "史跡名勝天然記念物", "type": "天然記念物", "designation_level_code": "national", "designation_level_ja": "国", "designation_status_code": "designated", "designation_status_ja": "指定", "heritage_type_major_code": "monument", "heritage_type_major_ja": "記念物", "heritage_type_detail": "天然記念物", "classification_confidence": "medium", "entity_class": "point", "geometry_role": "representative_point", "source_location_role": "record_coordinate", "spatial_match_status": "point_unmatched", "complex_id": "13209-HG00005", "complex_name": "高ヶ坂石器時代遺跡", "complex_grouping_method": "address", "reason": "record_not_in_building", "item_count": 1, "attached_items_json": "", "source_municipality_gpkg": "13209_heritage.gpkg" }, "geometry": { "type": "Point", "coordinates": [ 139.45711597, 35.5452771 ] } },
{ "type": "Feature", "properties": { "municipality_code": "13210", "municipality_name": "小金井市", "point_id": "record:132101000000.0", "point_kind": "cultural_record", "record_id": "132101000000.0", "record_ids": "132101000000.0", "name": "渡辺家墓地月待板碑(附1基)", "names": "渡辺家墓地月待板碑(附1基)", "place_name": "", "address_detail": "", "address": "", "category": "有形民俗文化財", "type": "信仰", "designation_level_code": "unknown", "designation_level_ja": "不明", "designation_status_code": "unknown", "designation_status_ja": "不明", "heritage_type_major_code": "folk", "heritage_type_major_ja": "民俗文化財", "heritage_type_detail": "有形民俗文化財", "classification_confidence": "low", "entity_class": "point", "geometry_role": "representative_point", "source_location_role": "record_coordinate", "spatial_match_status": "point_unmatched", "complex_id": "13210-HG00009", "complex_name": "貫井共同墓地管理委員会", "complex_grouping_method": "exact_point", "reason": "record_not_in_building", "item_count": 1, "attached_items_json": "", "source_municipality_gpkg": "13210_heritage.gpkg" }, "geometry": { "type": "Point", "coordinates": [ 139.509696, 35.696283 ] } },
{ "type": "Feature", "properties": { "municipality_code": "13210", "municipality_name": "小金井市", "point_id": "record:132101000000.0", "point_kind": "cultural_record", "record_id": "132101000000.0", "record_ids": "132101000000.0", "name": "寛文六年庚申塔", "names": "寛文六年庚申塔", "place_name": "", "address_detail": "", "address": "", "category": "有形民俗文化財", "type": "信仰", "designation_level_code": "unknown", "designation_level_ja": "不明", "designation_status_code": "unknown", "designation_status_ja": "不明", "heritage_type_major_code": "folk", "heritage_type_major_ja": "民俗文化財", "heritage_type_detail": "有形民俗文化財", "classification_confidence": "low", "entity_class": "point", "geometry_role": "representative_point", "source_location_role": "record_coordinate", "spatial_match_status": "point_unmatched", "complex_id": "13210-HG00010", "complex_name": "金蔵院", "complex_grouping_method": "exact_point", "reason": "record_not_in_building", "item_count": 1, "attached_items_json": "", "source_municipality_gpkg": "13210_heritage.gpkg" }, "geometry": { "type": "Point", "coordinates": [ 139.507642, 35.696051 ] } },
{ "type": "Feature", "properties": { "municipality_code": "13210", "municipality_name": "小金井市", "point_id": "record:132101000000.0", "point_kind": "cultural_record", "record_id": "132101000000.0", "record_ids": "132101000000.0", "name": "寛政六年庚申塔", "names": "寛政六年庚申塔", "place_name": "", "address_detail": "", "address": "", "category": "有形民俗文化財", "type": "信仰", "designation_level_code": "unknown", "designation_level_ja": "不明", "designation_status_code": "unknown", "designation_status_ja": "不明", "heritage_type_major_code": "folk", "heritage_type_major_ja": "民俗文化財", "heritage_type_detail": "有形民俗文化財", "classification_confidence": "low", "entity_class": "point", "geometry_role": "representative_point", "source_location_role": "record_coordinate", "spatial_match_status": "point_unmatched", "complex_id": "13210-HG00011", "complex_name": "小金井市", "complex_grouping_method": "exact_point", "reason": "record_not_in_building", "item_count": 1, "attached_items_json": "", "source_municipality_gpkg": "13210_heritage.gpkg" }, "geometry": { "type": "Point", "coordinates": [ 139.49152, 35.696303 ] } },
{ "type": "Feature", "properties": { "municipality_code": "13210", "municipality_name": "小金井市", "point_id": "record:132101000000.0", "point_kind": "cultural_record", "record_id": "132101000000.0", "record_ids": "132101000000.0", "name": "大久保家のカキノキ", "names": "大久保家のカキノキ", "place_name": "", "address_detail": "", "address": "", "category": "天然記念物", "type": "天然記念物", "designation_level_code": "unknown", "designation_level_ja": "不明", "designation_status_code": "unknown", "designation_status_ja": "不明", "heritage_type_major_code": "monument", "heritage_type_major_ja": "記念物", "heritage_type_detail": "天然記念物", "classification_confidence": "low", "entity_class": "point", "geometry_role": "representative_point", "source_location_role": "record_coordinate", "spatial_match_status": "point_unmatched", "complex_id": "13210-HG00014", "complex_name": "個人所有", "complex_grouping_method": "exact_point", "reason": "record_not_in_building", "item_count": 1, "attached_items_json": "", "source_municipality_gpkg": "13210_heritage.gpkg" }, "geometry": { "type": "Point", "coordinates": [ 139.512884, 35.704419 ] } },
{ "type": "Feature", "properties": { "municipality_code": "13210", "municipality_name": "小金井市", "point_id": "record:132101000000.0", "point_kind": "cultural_record", "record_id": "132101000000.0", "record_ids": "132101000000.0", "name": "閻魔堂木造閻魔王坐像", "names": "閻魔堂木造閻魔王坐像", "place_name": "", "address_detail": "", "address": "", "category": "有形文化財", "type": "美術工芸品", "designation_level_code": "unknown", "designation_level_ja": "不明", "designation_status_code": "unknown", "designation_status_ja": "不明", "heritage_type_major_code": "tangible", "heritage_type_major_ja": "有形文化財", "heritage_type_detail": "未細分", "classification_confidence": "low", "entity_class": "movable", "geometry_role": "representative_point", "source_location_role": "record_coordinate", "spatial_match_status": "point_unmatched", "complex_id": "13210-HG00017", "complex_name": "共同管理", "complex_grouping_method": "exact_point", "reason": "record_not_in_building", "item_count": 1, "attached_items_json": "", "source_municipality_gpkg": "13210_heritage.gpkg" }, "geometry": { "type": "Point", "coordinates": [ 139.49494, 35.69675 ] } },
{ "type": "Feature", "properties": { "municipality_code": "13210", "municipality_name": "小金井市", "point_id": "record:132101000000.0", "point_kind": "cultural_record", "record_id": "132101000000.0", "record_ids": "132101000000.0", "name": "宝永五年六十六部廻国供養塔", "names": "宝永五年六十六部廻国供養塔", "place_name": "", "address_detail": "", "address": "", "category": "有形民俗文化財", "type": "信仰", "designation_level_code": "unknown", "designation_level_ja": "不明", "designation_status_code": "unknown", "designation_status_ja": "不明", "heritage_type_major_code": "folk", "heritage_type_major_ja": "民俗文化財", "heritage_type_detail": "有形民俗文化財", "classification_confidence": "low", "entity_class": "point", "geometry_role": "representative_point", "source_location_role": "record_coordinate", "spatial_match_status": "point_unmatched", "complex_id": "13210-HG00023", "complex_name": "小金井市", "complex_grouping_method": "exact_point", "reason": "record_not_in_building", "item_count": 1, "attached_items_json": "", "source_municipality_gpkg": "13210_heritage.gpkg" }, "geometry": { "type": "Point", "coordinates": [ 139.50654, 35.696226 ] } },
{ "type": "Feature", "properties": { "municipality_code": "13210", "municipality_name": "小金井市", "point_id": "record:official_export_002:168", "point_kind": "cultural_record", "record_id": "official_export_002:168", "record_ids": "official_export_002:168", "name": "旧中村研一邸主屋", "names": "旧中村研一邸主屋", "place_name": "", "address_detail": "", "address": "東京都小金井市中町一丁目416", "category": "登録有形文化財(建造物)", "type": "建造物", "designation_level_code": "national", "designation_level_ja": "国", "designation_status_code": "registered", "designation_status_ja": "登録", "heritage_type_major_code": "tangible", "heritage_type_major_ja": "有形文化財", "heritage_type_detail": "建造物", "classification_confidence": "medium", "entity_class": "building_direct", "geometry_role": "building_candidate_point", "source_location_role": "record_coordinate", "spatial_match_status": "point_unmatched", "complex_id": "13210-HG00025", "complex_name": "旧中村研一邸主屋", "complex_grouping_method": "address", "reason": "building_direct_unmatched", "item_count": 1, "attached_items_json": "", "source_municipality_gpkg": "13210_heritage.gpkg" }, "geometry": { "type": "Point", "coordinates": [ 139.51839583, 35.691915 ] } },
{ "type": "Feature", "properties": { "municipality_code": "13210", "municipality_name": "小金井市", "point_id": "record:official_export_002:169", "point_kind": "cultural_record", "record_id": "official_export_002:169", "record_ids": "official_export_002:169", "name": "旧中村研一邸茶室(花侵庵)", "names": "旧中村研一邸茶室(花侵庵)", "place_name": "", "address_detail": "", "address": "東京都小金井市中町一丁目416-1", "category": "登録有形文化財(建造物)", "type": "建造物", "designation_level_code": "national", "designation_level_ja": "国", "designation_status_code": "registered", "designation_status_ja": "登録", "heritage_type_major_code": "tangible", "heritage_type_major_ja": "有形文化財", "heritage_type_detail": "建造物", "classification_confidence": "medium", "entity_class": "building_direct", "geometry_role": "building_candidate_point", "source_location_role": "record_coordinate", "spatial_match_status": "point_unmatched", "complex_id": "13210-HG00026", "complex_name": "旧中村研一邸茶室(花侵庵)", "complex_grouping_method": "address", "reason": "building_direct_unmatched", "item_count": 1, "attached_items_json": "", "source_municipality_gpkg": "13210_heritage.gpkg" }, "geometry": { "type": "Point", "coordinates": [ 139.51839583, 35.691915 ] } },
{ "type": "Feature", "properties": { "municipality_code": "13211", "municipality_name": "小平市", "point_id": "record:official_export_003:37", "point_kind": "cultural_record", "record_id": "official_export_003:37", "record_ids": "official_export_003:37", "name": "鈴木遺跡", "names": "鈴木遺跡", "place_name": "", "address_detail": "", "address": "東京都小平市", "category": "史跡名勝天然記念物", "type": "天然記念物", "designation_level_code": "national", "designation_level_ja": "国", "designation_status_code": "designated", "designation_status_ja": "指定", "heritage_type_major_code": "monument", "heritage_type_major_ja": "記念物", "heritage_type_detail": "天然記念物", "classification_confidence": "medium", "entity_class": "point", "geometry_role": "representative_point", "source_location_role": "record_coordinate", "spatial_match_status": "point_unmatched", "complex_id": "13211-HG00017", "complex_name": "鈴木遺跡", "complex_grouping_method": "address", "reason": "record_not_in_building", "item_count": 1, "attached_items_json": "", "source_municipality_gpkg": "13211_heritage.gpkg" }, "geometry": { "type": "Point", "coordinates": [ 139.49854167, 35.71759722 ] } },
{ "type": "Feature", "properties": { "municipality_code": "13213", "municipality_name": "東村山市", "point_id": "record:132136100002", "point_kind": "cultural_record", "record_id": "132136100002", "record_ids": "132136100002", "name": "浅間塚 ・ 境塚", "names": "浅間塚 ・ 境塚", "place_name": "", "address_detail": "", "address": "", "category": "市 史 跡", "type": "市 史 跡", "designation_level_code": "municipal", "designation_level_ja": "区市町村", "designation_status_code": "local_other", "designation_status_ja": "独自制度", "heritage_type_major_code": "monument", "heritage_type_major_ja": "記念物", "heritage_type_detail": "史跡", "classification_confidence": "medium", "entity_class": "point", "geometry_role": "representative_point", "source_location_role": "record_coordinate", "spatial_match_status": "point_unmatched", "complex_id": "13213-HG00006", "complex_name": "浅間塚 ・ 境塚", "complex_grouping_method": "exact_point", "reason": "record_not_in_building", "item_count": 1, "attached_items_json": "", "source_municipality_gpkg": "13213_heritage.gpkg" }, "geometry": { "type": "Point", "coordinates": [ 139.465843, 35.755786 ] } },
{ "type": "Feature", "properties": { "municipality_code": "13213", "municipality_name": "東村山市", "point_id": "record:132136100003", "point_kind": "cultural_record", "record_id": "132136100003", "record_ids": "132136100003", "name": "万年橋のケヤキ", "names": "万年橋のケヤキ", "place_name": "", "address_detail": "", "address": "", "category": "市 天然記念物", "type": "天然記念物", "designation_level_code": "municipal", "designation_level_ja": "区市町村", "designation_status_code": "unknown", "designation_status_ja": "不明", "heritage_type_major_code": "monument", "heritage_type_major_ja": "記念物", "heritage_type_detail": "天然記念物", "classification_confidence": "low", "entity_class": "point", "geometry_role": "representative_point", "source_location_role": "record_coordinate", "spatial_match_status": "point_unmatched", "complex_id": "13213-HG00007", "complex_name": "万年橋のケヤキ", "complex_grouping_method": "exact_point", "reason": "record_not_in_building", "item_count": 1, "attached_items_json": "", "source_municipality_gpkg": "13213_heritage.gpkg" }, "geometry": { "type": "Point", "coordinates": [ 139.486187, 35.753762 ] } },
{ "type": "Feature", "properties": { "municipality_code": "13213", "municipality_name": "東村山市", "point_id": "record:132136100007", "point_kind": "cultural_record", "record_id": "132136100007", "record_ids": "132136100007", "name": "武藤良由碑", "names": "武藤良由碑", "place_name": "", "address_detail": "", "address": "", "category": "市有形民俗文化財", "type": "市有形民俗文化財", "designation_level_code": "municipal", "designation_level_ja": "区市町村", "designation_status_code": "unknown", "designation_status_ja": "不明", "heritage_type_major_code": "folk", "heritage_type_major_ja": "民俗文化財", "heritage_type_detail": "有形民俗文化財", "classification_confidence": "low", "entity_class": "point", "geometry_role": "representative_point", "source_location_role": "record_coordinate", "spatial_match_status": "point_unmatched", "complex_id": "13213-HG00011", "complex_name": "武藤良由碑", "complex_grouping_method": "exact_point", "reason": "record_not_in_building", "item_count": 1, "attached_items_json": "", "source_municipality_gpkg": "13213_heritage.gpkg" }, "geometry": { "type": "Point", "coordinates": [ 139.455708, 35.760267 ] } },
{ "type": "Feature", "properties": { "municipality_code": "13213", "municipality_name": "東村山市", "point_id": "record:132136100012", "point_kind": "cultural_record", "record_id": "132136100012", "record_ids": "132136100012", "name": "鎌倉古街道", "names": "鎌倉古街道", "place_name": "", "address_detail": "", "address": "", "category": "市 旧 跡", "type": "市 旧 跡", "designation_level_code": "municipal", "designation_level_ja": "区市町村", "designation_status_code": "local_other", "designation_status_ja": "独自制度", "heritage_type_major_code": "monument", "heritage_type_major_ja": "記念物", "heritage_type_detail": "旧跡", "classification_confidence": "medium", "entity_class": "point", "geometry_role": "representative_point", "source_location_role": "record_coordinate", "spatial_match_status": "point_unmatched", "complex_id": "13213-HG00014", "complex_name": "鎌倉古街道", "complex_grouping_method": "exact_point", "reason": "record_not_in_building", "item_count": 1, "attached_items_json": "", "source_municipality_gpkg": "13213_heritage.gpkg" }, "geometry": { "type": "Point", "coordinates": [ 139.467441, 35.762658 ] } },
{ "type": "Feature", "properties": { "municipality_code": "13213", "municipality_name": "東村山市", "point_id": "record:132136100014", "point_kind": "cultural_record", "record_id": "132136100014", "record_ids": "132136100014", "name": "一石六地蔵", "names": "一石六地蔵", "place_name": "", "address_detail": "", "address": "", "category": "市有形民俗文化財", "type": "市有形民俗文化財", "designation_level_code": "municipal", "designation_level_ja": "区市町村", "designation_status_code": "unknown", "designation_status_ja": "不明", "heritage_type_major_code": "folk", "heritage_type_major_ja": "民俗文化財", "heritage_type_detail": "有形民俗文化財", "classification_confidence": "low", "entity_class": "point", "geometry_role": "representative_point", "source_location_role": "record_coordinate", "spatial_match_status": "point_unmatched", "complex_id": "13213-HG00016", "complex_name": "一石六地蔵", "complex_grouping_method": "exact_point", "reason": "record_not_in_building", "item_count": 1, "attached_items_json": "", "source_municipality_gpkg": "13213_heritage.gpkg" }, "geometry": { "type": "Point", "coordinates": [ 139.480879, 35.776758 ] } },
{ "type": "Feature", "properties": { "municipality_code": "13213", "municipality_name": "東村山市", "point_id": "record:132136100019", "point_kind": "cultural_record", "record_id": "132136100019", "record_ids": "132136100019", "name": "富田家の宝篋印塔", "names": "富田家の宝篋印塔", "place_name": "", "address_detail": "", "address": "", "category": "市有形民俗文化財", "type": "市有形民俗文化財", "designation_level_code": "municipal", "designation_level_ja": "区市町村", "designation_status_code": "unknown", "designation_status_ja": "不明", "heritage_type_major_code": "folk", "heritage_type_major_ja": "民俗文化財", "heritage_type_detail": "有形民俗文化財", "classification_confidence": "low", "entity_class": "point", "geometry_role": "representative_point", "source_location_role": "record_coordinate", "spatial_match_status": "point_unmatched", "complex_id": "13213-HG00020", "complex_name": "富田家の宝篋印塔", "complex_grouping_method": "exact_point", "reason": "record_not_in_building", "item_count": 1, "attached_items_json": "", "source_municipality_gpkg": "13213_heritage.gpkg" }, "geometry": { "type": "Point", "coordinates": [ 139.448722, 35.760866 ] } },
{ "type": "Feature", "properties": { "municipality_code": "13213", "municipality_name": "東村山市", "point_id": "record:132136100020", "point_kind": "cultural_record", "record_id": "132136100020", "record_ids": "132136100020", "name": "赤坂の庚申塔付6基", "names": "赤坂の庚申塔付6基", "place_name": "", "address_detail": "", "address": "", "category": "市有形民俗文化財", "type": "市有形民俗文化財", "designation_level_code": "municipal", "designation_level_ja": "区市町村", "designation_status_code": "unknown", "designation_status_ja": "不明", "heritage_type_major_code": "folk", "heritage_type_major_ja": "民俗文化財", "heritage_type_detail": "有形民俗文化財", "classification_confidence": "low", "entity_class": "point", "geometry_role": "representative_point", "source_location_role": "record_coordinate", "spatial_match_status": "point_unmatched", "complex_id": "13213-HG00021", "complex_name": "赤坂の庚申塔付6基", "complex_grouping_method": "exact_point", "reason": "record_not_in_building", "item_count": 1, "attached_items_json": "", "source_municipality_gpkg": "13213_heritage.gpkg" }, "geometry": { "type": "Point", "coordinates": [ 139.443616, 35.762187 ] } },
{ "type": "Feature", "properties": { "municipality_code": "13213", "municipality_name": "東村山市", "point_id": "record:132136100021", "point_kind": "cultural_record", "record_id": "132136100021", "record_ids": "132136100021", "name": "東村山停車場の碑", "names": "東村山停車場の碑", "place_name": "", "address_detail": "", "address": "", "category": "市有形民俗文化財", "type": "市有形民俗文化財", "designation_level_code": "municipal", "designation_level_ja": "区市町村", "designation_status_code": "unknown", "designation_status_ja": "不明", "heritage_type_major_code": "folk", "heritage_type_major_ja": "民俗文化財", "heritage_type_detail": "有形民俗文化財", "classification_confidence": "low", "entity_class": "point", "geometry_role": "representative_point", "source_location_role": "record_coordinate", "spatial_match_status": "point_unmatched", "complex_id": "13213-HG00022", "complex_name": "東村山停車場の碑", "complex_grouping_method": "exact_point", "reason": "record_not_in_building", "item_count": 1, "attached_items_json": "", "source_municipality_gpkg": "13213_heritage.gpkg" }, "geometry": { "type": "Point", "coordinates": [ 139.464981, 35.760794 ] } },
{ "type": "Feature", "properties": { "municipality_code": "13213", "municipality_name": "東村山市", "point_id": "record:132136100022", "point_kind": "cultural_record", "record_id": "132136100022", "record_ids": "132136100022", "name": "八坂神社の大獅子頭", "names": "八坂神社の大獅子頭", "place_name": "", "address_detail": "", "address": "", "category": "市有形民俗文化財", "type": "市有形民俗文化財", "designation_level_code": "municipal", "designation_level_ja": "区市町村", "designation_status_code": "unknown", "designation_status_ja": "不明", "heritage_type_major_code": "folk", "heritage_type_major_ja": "民俗文化財", "heritage_type_detail": "有形民俗文化財", "classification_confidence": "low", "entity_class": "point", "geometry_role": "representative_point", "source_location_role": "record_coordinate", "spatial_match_status": "point_unmatched", "complex_id": "13213-HG00023", "complex_name": "八坂神社の大獅子頭", "complex_grouping_method": "exact_point", "reason": "record_not_in_building", "item_count": 1, "attached_items_json": "", "source_municipality_gpkg": "13213_heritage.gpkg" }, "geometry": { "type": "Point", "coordinates": [ 139.465128, 35.760901 ] } },
{ "type": "Feature", "properties": { "municipality_code": "13213", "municipality_name": "東村山市", "point_id": "record:132136100023", "point_kind": "cultural_record", "record_id": "132136100023", "record_ids": "132136100023", "name": "白山神社の牛頭天王像", "names": "白山神社の牛頭天王像", "place_name": "", "address_detail": "", "address": "", "category": "市有形民俗文化財", "type": "市有形民俗文化財", "designation_level_code": "municipal", "designation_level_ja": "区市町村", "designation_status_code": "unknown", "designation_status_ja": "不明", "heritage_type_major_code": "folk", "heritage_type_major_ja": "民俗文化財", "heritage_type_detail": "有形民俗文化財", "classification_confidence": "low", "entity_class": "point", "geometry_role": "representative_point", "source_location_role": "record_coordinate", "spatial_match_status": "point_unmatched", "complex_id": "13213-HG00024", "complex_name": "白山神社の牛頭天王像", "complex_grouping_method": "exact_point", "reason": "record_not_in_building", "item_count": 1, "attached_items_json": "", "source_municipality_gpkg": "13213_heritage.gpkg" }, "geometry": { "type": "Point", "coordinates": [ 139.468889, 35.767206 ] } },
{ "type": "Feature", "properties": { "municipality_code": "13213", "municipality_name": "東村山市", "point_id": "record:132136100025", "point_kind": "cultural_record", "record_id": "132136100025", "record_ids": "132136100025", "name": "久米川の富士塚", "names": "久米川の富士塚", "place_name": "", "address_detail": "", "address": "", "category": "市 史 跡", "type": "市 史 跡", "designation_level_code": "municipal", "designation_level_ja": "区市町村", "designation_status_code": "local_other", "designation_status_ja": "独自制度", "heritage_type_major_code": "monument", "heritage_type_major_ja": "記念物", "heritage_type_detail": "史跡", "classification_confidence": "medium", "entity_class": "point", "geometry_role": "representative_point", "source_location_role": "record_coordinate", "spatial_match_status": "point_unmatched", "complex_id": "13213-HG00025", "complex_name": "久米川の富士塚", "complex_grouping_method": "exact_point", "reason": "record_not_in_building", "item_count": 1, "attached_items_json": "", "source_municipality_gpkg": "13213_heritage.gpkg" }, "geometry": { "type": "Point", "coordinates": [ 139.47252, 35.771117 ] } },
{ "type": "Feature", "properties": { "municipality_code": "13213", "municipality_name": "東村山市", "point_id": "record:132136100031", "point_kind": "cultural_record", "record_id": "132136100031", "record_ids": "132136100031", "name": "東京陸軍少年通信兵学校跡地", "names": "東京陸軍少年通信兵学校跡地", "place_name": "", "address_detail": "", "address": "", "category": "市 旧 跡", "type": "市 旧 跡", "designation_level_code": "municipal", "designation_level_ja": "区市町村", "designation_status_code": "local_other", "designation_status_ja": "独自制度", "heritage_type_major_code": "monument", "heritage_type_major_ja": "記念物", "heritage_type_detail": "旧跡", "classification_confidence": "medium", "entity_class": "point", "geometry_role": "representative_point", "source_location_role": "record_coordinate", "spatial_match_status": "point_unmatched", "complex_id": "13213-HG00028", "complex_name": "東京陸軍少年通信兵学校跡地", "complex_grouping_method": "exact_point", "reason": "record_not_in_building", "item_count": 1, "attached_items_json": "", "source_municipality_gpkg": "13213_heritage.gpkg" }, "geometry": { "type": "Point", "coordinates": [ 139.462156, 35.744456 ] } },
{ "type": "Feature", "properties": { "municipality_code": "13214", "municipality_name": "国分寺市", "point_id": "record:202", "point_kind": "cultural_record", "record_id": "202", "record_ids": "202", "name": "真姿の池湧水群", "names": "真姿の池湧水群", "place_name": "", "address_detail": "", "address": "東京都国分寺市西元町1-13ほか", "category": "都指定文化財", "type": "名勝", "designation_level_code": "prefectural", "designation_level_ja": "都", "designation_status_code": "designated", "designation_status_ja": "指定", "heritage_type_major_code": "monument", "heritage_type_major_ja": "記念物", "heritage_type_detail": "名勝", "classification_confidence": "high", "entity_class": "point", "geometry_role": "representative_point", "source_location_role": "record_coordinate", "spatial_match_status": "point_unmatched", "complex_id": "13214-HG00002", "complex_name": "個人 国分寺市 東京都", "complex_grouping_method": "owner_address", "reason": "record_not_in_building", "item_count": 1, "attached_items_json": "", "source_municipality_gpkg": "13214_heritage.gpkg" }, "geometry": { "type": "Point", "coordinates": [ 139.472002, 35.694184 ] } },
{ "type": "Feature", "properties": { "municipality_code": "13214", "municipality_name": "国分寺市", "point_id": "record:132144100002", "point_kind": "cultural_record", "record_id": "132144100002", "record_ids": "132144100002", "name": "武蔵国分寺跡 附東山道武蔵路跡", "names": "武蔵国分寺跡 附東山道武蔵路跡", "place_name": "", "address_detail": "", "address": "", "category": "国指定文化財", "type": "その他", "designation_level_code": "national", "designation_level_ja": "国", "designation_status_code": "designated", "designation_status_ja": "指定", "heritage_type_major_code": "other", "heritage_type_major_ja": "その他", "heritage_type_detail": "その他", "classification_confidence": "medium", "entity_class": "point", "geometry_role": "representative_point", "source_location_role": "record_coordinate", "spatial_match_status": "point_unmatched", "complex_id": "13214-HG00004", "complex_name": "武蔵国分寺跡 附東山道武蔵路跡", "complex_grouping_method": "exact_point", "reason": "record_not_in_building", "item_count": 1, "attached_items_json": "", "source_municipality_gpkg": "13214_heritage.gpkg" }, "geometry": { "type": "Point", "coordinates": [ 139.469198, 35.697105 ] } },
{ "type": "Feature", "properties": { "municipality_code": "13214", "municipality_name": "国分寺市", "point_id": "record:132144100004", "point_kind": "cultural_record", "record_id": "132144100004", "record_ids": "132144100004", "name": "殿ヶ谷戸庭園 (随冝園)", "names": "殿ヶ谷戸庭園 (随冝園)", "place_name": "", "address_detail": "", "address": "", "category": "国指定文化財", "type": "その他", "designation_level_code": "national", "designation_level_ja": "国", "designation_status_code": "designated", "designation_status_ja": "指定", "heritage_type_major_code": "other", "heritage_type_major_ja": "その他", "heritage_type_detail": "その他", "classification_confidence": "medium", "entity_class": "point", "geometry_role": "representative_point", "source_location_role": "record_coordinate", "spatial_match_status": "point_unmatched", "complex_id": "13214-HG00005", "complex_name": "殿ヶ谷戸庭園 (随冝園)", "complex_grouping_method": "exact_point", "reason": "record_not_in_building", "item_count": 1, "attached_items_json": "", "source_municipality_gpkg": "13214_heritage.gpkg" }, "geometry": { "type": "Point", "coordinates": [ 139.481922, 35.699116 ] } },
{ "type": "Feature", "properties": { "municipality_code": "13214", "municipality_name": "国分寺市", "point_id": "record:132144100011", "point_kind": "cultural_record", "record_id": "132144100011", "record_ids": "132144100011", "name": "真姿の池湧水群", "names": "真姿の池湧水群", "place_name": "", "address_detail": "", "address": "", "category": "都指定文化財", "type": "その他", "designation_level_code": "prefectural", "designation_level_ja": "都", "designation_status_code": "designated", "designation_status_ja": "指定", "heritage_type_major_code": "other", "heritage_type_major_ja": "その他", "heritage_type_detail": "その他", "classification_confidence": "medium", "entity_class": "point", "geometry_role": "representative_point", "source_location_role": "record_coordinate", "spatial_match_status": "point_unmatched", "complex_id": "13214-HG00009", "complex_name": "真姿の池湧水群", "complex_grouping_method": "exact_point", "reason": "record_not_in_building", "item_count": 1, "attached_items_json": "", "source_municipality_gpkg": "13214_heritage.gpkg" }, "geometry": { "type": "Point", "coordinates": [ 139.473801, 35.694085 ] } },
{ "type": "Feature", "properties": { "municipality_code": "13214", "municipality_name": "国分寺市", "point_id": "record:132144100015", "point_kind": "cultural_record", "record_id": "132144100015", "record_ids": "132144100015", "name": "土師竪穴住居跡", "names": "土師竪穴住居跡", "place_name": "", "address_detail": "", "address": "", "category": "市指定文化財", "type": "その他", "designation_level_code": "municipal", "designation_level_ja": "区市町村", "designation_status_code": "designated", "designation_status_ja": "指定", "heritage_type_major_code": "other", "heritage_type_major_ja": "その他", "heritage_type_detail": "その他", "classification_confidence": "medium", "entity_class": "point", "geometry_role": "representative_point", "source_location_role": "record_coordinate", "spatial_match_status": "point_unmatched", "complex_id": "13214-HG00011", "complex_name": "土師竪穴住居跡", "complex_grouping_method": "exact_point", "reason": "record_not_in_building", "item_count": 1, "attached_items_json": "", "source_municipality_gpkg": "13214_heritage.gpkg" }, "geometry": { "type": "Point", "coordinates": [ 139.470329, 35.694024 ] } },
{ "type": "Feature", "properties": { "municipality_code": "13214", "municipality_name": "国分寺市", "point_id": "record:132144100018", "point_kind": "cultural_record", "record_id": "132144100018", "record_ids": "132144100018", "name": "祥応寺のコノテガシワ", "names": "祥応寺のコノテガシワ", "place_name": "", "address_detail": "", "address": "", "category": "市指定文化財", "type": "その他", "designation_level_code": "municipal", "designation_level_ja": "区市町村", "designation_status_code": "designated", "designation_status_ja": "指定", "heritage_type_major_code": "other", "heritage_type_major_ja": "その他", "heritage_type_detail": "その他", "classification_confidence": "medium", "entity_class": "point", "geometry_role": "representative_point", "source_location_role": "record_coordinate", "spatial_match_status": "point_unmatched", "complex_id": "13214-HG00012", "complex_name": "祥応寺のコノテガシワ", "complex_grouping_method": "exact_point", "reason": "record_not_in_building", "item_count": 1, "attached_items_json": "", "source_municipality_gpkg": "13214_heritage.gpkg" }, "geometry": { "type": "Point", "coordinates": [ 139.481882, 35.707088 ] } },
{ "type": "Feature", "properties": { "municipality_code": "13214", "municipality_name": "国分寺市", "point_id": "record:132144100023", "point_kind": "cultural_record", "record_id": "132144100023", "record_ids": "132144100023", "name": "元文元年野中新田検地帳", "names": "元文元年野中新田検地帳", "place_name": "", "address_detail": "", "address": "", "category": "市指定文化財", "type": "その他", "designation_level_code": "municipal", "designation_level_ja": "区市町村", "designation_status_code": "designated", "designation_status_ja": "指定", "heritage_type_major_code": "other", "heritage_type_major_ja": "その他", "heritage_type_detail": "その他", "classification_confidence": "medium", "entity_class": "point", "geometry_role": "representative_point", "source_location_role": "record_coordinate", "spatial_match_status": "point_unmatched", "complex_id": "13214-HG00015", "complex_name": "元文元年野中新田検地帳", "complex_grouping_method": "exact_point", "reason": "record_not_in_building", "item_count": 1, "attached_items_json": "", "source_municipality_gpkg": "13214_heritage.gpkg" }, "geometry": { "type": "Point", "coordinates": [ 139.442161, 35.711956 ] } },
{ "type": "Feature", "properties": { "municipality_code": "13214", "municipality_name": "国分寺市", "point_id": "record:132144100029", "point_kind": "cultural_record", "record_id": "132144100029", "record_ids": "132144100029", "name": "伝鎌倉街道", "names": "伝鎌倉街道", "place_name": "", "address_detail": "", "address": "", "category": "市指定文化財", "type": "その他", "designation_level_code": "municipal", "designation_level_ja": "区市町村", "designation_status_code": "designated", "designation_status_ja": "指定", "heritage_type_major_code": "other", "heritage_type_major_ja": "その他", "heritage_type_detail": "その他", "classification_confidence": "medium", "entity_class": "point", "geometry_role": "representative_point", "source_location_role": "record_coordinate", "spatial_match_status": "point_unmatched", "complex_id": "13214-HG00017", "complex_name": "伝鎌倉街道", "complex_grouping_method": "exact_point", "reason": "record_not_in_building", "item_count": 1, "attached_items_json": "", "source_municipality_gpkg": "13214_heritage.gpkg" }, "geometry": { "type": "Point", "coordinates": [ 139.467218, 35.691714 ] } },
{ "type": "Feature", "properties": { "municipality_code": "13214", "municipality_name": "国分寺市", "point_id": "record:132144100040", "point_kind": "cultural_record", "record_id": "132144100040", "record_ids": "132144100040", "name": "西町五丁目の旧屋敷林", "names": "西町五丁目の旧屋敷林", "place_name": "", "address_detail": "", "address": "", "category": "市指定文化財", "type": "その他", "designation_level_code": "municipal", "designation_level_ja": "区市町村", "designation_status_code": "designated", "designation_status_ja": "指定", "heritage_type_major_code": "other", "heritage_type_major_ja": "その他", "heritage_type_detail": "その他", "classification_confidence": "medium", "entity_class": "point", "geometry_role": "representative_point", "source_location_role": "record_coordinate", "spatial_match_status": "point_unmatched", "complex_id": "13214-HG00021", "complex_name": "西町五丁目の旧屋敷林", "complex_grouping_method": "exact_point", "reason": "record_not_in_building", "item_count": 1, "attached_items_json": "", "source_municipality_gpkg": "13214_heritage.gpkg" }, "geometry": { "type": "Point", "coordinates": [ 139.433459, 35.717547 ] } },
{ "type": "Feature", "properties": { "municipality_code": "13214", "municipality_name": "国分寺市", "point_id": "record:132144100041", "point_kind": "cultural_record", "record_id": "132144100041", "record_ids": "132144100041", "name": "恋ヶ窪村分水", "names": "恋ヶ窪村分水", "place_name": "", "address_detail": "", "address": "", "category": "市指定文化財", "type": "その他", "designation_level_code": "municipal", "designation_level_ja": "区市町村", "designation_status_code": "designated", "designation_status_ja": "指定", "heritage_type_major_code": "other", "heritage_type_major_ja": "その他", "heritage_type_detail": "その他", "classification_confidence": "medium", "entity_class": "point", "geometry_role": "representative_point", "source_location_role": "record_coordinate", "spatial_match_status": "point_unmatched", "complex_id": "13214-HG00022", "complex_name": "恋ヶ窪村分水", "complex_grouping_method": "exact_point", "reason": "record_not_in_building", "item_count": 1, "attached_items_json": "", "source_municipality_gpkg": "13214_heritage.gpkg" }, "geometry": { "type": "Point", "coordinates": [ 139.468469, 35.705426 ] } },
{ "type": "Feature", "properties": { "municipality_code": "13214", "municipality_name": "国分寺市", "point_id": "record:132144100043", "point_kind": "cultural_record", "record_id": "132144100043", "record_ids": "132144100043", "name": "中藤新田分水跡", "names": "中藤新田分水跡", "place_name": "", "address_detail": "", "address": "", "category": "市指定文化財", "type": "その他", "designation_level_code": "municipal", "designation_level_ja": "区市町村", "designation_status_code": "designated", "designation_status_ja": "指定", "heritage_type_major_code": "other", "heritage_type_major_ja": "その他", "heritage_type_detail": "その他", "classification_confidence": "medium", "entity_class": "point", "geometry_role": "representative_point", "source_location_role": "record_coordinate", "spatial_match_status": "point_unmatched", "complex_id": "13214-HG00023", "complex_name": "中藤新田分水跡", "complex_grouping_method": "exact_point", "reason": "record_not_in_building", "item_count": 1, "attached_items_json": "", "source_municipality_gpkg": "13214_heritage.gpkg" }, "geometry": { "type": "Point", "coordinates": [ 139.435329, 35.713267 ] } },
{ "type": "Feature", "properties": { "municipality_code": "13214", "municipality_name": "国分寺市", "point_id": "record:official_export_003:51", "point_kind": "cultural_record", "record_id": "official_export_003:51", "record_ids": "official_export_003:51", "name": "殿ヶ谷戸庭園(随冝園)", "names": "殿ヶ谷戸庭園(随冝園)", "place_name": "", "address_detail": "", "address": "東京都国分寺市", "category": "史跡名勝天然記念物", "type": "天然記念物", "designation_level_code": "national", "designation_level_ja": "国", "designation_status_code": "designated", "designation_status_ja": "指定", "heritage_type_major_code": "monument", "heritage_type_major_ja": "記念物", "heritage_type_detail": "天然記念物", "classification_confidence": "medium", "entity_class": "point", "geometry_role": "representative_point", "source_location_role": "record_coordinate", "spatial_match_status": "point_unmatched", "complex_id": "13214-HG00025", "complex_name": "殿ヶ谷戸庭園(随冝園)", "complex_grouping_method": "address", "reason": "record_not_in_building", "item_count": 1, "attached_items_json": "", "source_municipality_gpkg": "13214_heritage.gpkg" }, "geometry": { "type": "Point", "coordinates": [ 139.48217409, 35.69883641 ] } },
{ "type": "Feature", "properties": { "municipality_code": "13214", "municipality_name": "国分寺市", "point_id": "record:official_export_003:67", "point_kind": "cultural_record", "record_id": "official_export_003:67", "record_ids": "official_export_003:67", "name": "武蔵国分寺跡 附東山道武蔵路跡", "names": "武蔵国分寺跡 附東山道武蔵路跡", "place_name": "", "address_detail": "", "address": "国分寺市西元町・東元町、府中市栄町", "category": "史跡名勝天然記念物", "type": "天然記念物", "designation_level_code": "national", "designation_level_ja": "国", "designation_status_code": "designated", "designation_status_ja": "指定", "heritage_type_major_code": "monument", "heritage_type_major_ja": "記念物", "heritage_type_detail": "天然記念物", "classification_confidence": "medium", "entity_class": "point", "geometry_role": "representative_point", "source_location_role": "record_coordinate", "spatial_match_status": "point_unmatched", "complex_id": "13214-HG00026", "complex_name": "武蔵国分寺跡 附東山道武蔵路跡", "complex_grouping_method": "address", "reason": "record_not_in_building", "item_count": 1, "attached_items_json": "", "source_municipality_gpkg": "13214_heritage.gpkg" }, "geometry": { "type": "Point", "coordinates": [ 139.46921756, 35.69785375 ] } },
{ "type": "Feature", "properties": { "municipality_code": "13215", "municipality_name": "国立市", "point_id": "record:191", "point_kind": "cultural_record", "record_id": "191", "record_ids": "191", "name": "三田氏館跡", "names": "三田氏館跡", "place_name": "", "address_detail": "", "address": "東京都国立市谷保5983-1~4、5995~6005", "category": "都指定文化財", "type": "旧跡", "designation_level_code": "prefectural", "designation_level_ja": "都", "designation_status_code": "designated", "designation_status_ja": "指定", "heritage_type_major_code": "monument", "heritage_type_major_ja": "記念物", "heritage_type_detail": "旧跡", "classification_confidence": "high", "entity_class": "point", "geometry_role": "representative_point", "source_location_role": "record_coordinate", "spatial_match_status": "point_unmatched", "complex_id": "13215-HG00002", "complex_name": "個人 東京都 国立市", "complex_grouping_method": "owner_address", "reason": "record_not_in_building", "item_count": 1, "attached_items_json": "", "source_municipality_gpkg": "13215_heritage.gpkg" }, "geometry": { "type": "Point", "coordinates": [ 139.43782, 35.679219 ] } },
{ "type": "Feature", "properties": { "municipality_code": "13215", "municipality_name": "国立市", "point_id": "record:222", "point_kind": "cultural_record", "record_id": "222", "record_ids": "222", "name": "谷保天満宮社叢", "names": "谷保天満宮社叢", "place_name": "", "address_detail": "", "address": "東京都国立市谷保5208", "category": "都指定文化財", "type": "天然記念物", "designation_level_code": "prefectural", "designation_level_ja": "都", "designation_status_code": "designated", "designation_status_ja": "指定", "heritage_type_major_code": "monument", "heritage_type_major_ja": "記念物", "heritage_type_detail": "天然記念物", "classification_confidence": "high", "entity_class": "point", "geometry_role": "representative_point", "source_location_role": "record_coordinate", "spatial_match_status": "point_unmatched", "complex_id": "13215-HG00003", "complex_name": "谷保天満宮", "complex_grouping_method": "owner_address", "reason": "record_not_in_building", "item_count": 1, "attached_items_json": "", "source_municipality_gpkg": "13215_heritage.gpkg" }, "geometry": { "type": "Point", "coordinates": [ 139.444192, 35.680306 ] } },
{ "type": "Feature", "properties": { "municipality_code": "13215", "municipality_name": "国立市", "point_id": "record:132152100011", "point_kind": "cultural_record", "record_id": "132152100011", "record_ids": "132152100011", "name": "伊藤単朴の墓", "names": "伊藤単朴の墓", "place_name": "", "address_detail": "", "address": "", "category": "東京都指定文化財", "type": "旧跡", "designation_level_code": "prefectural", "designation_level_ja": "都", "designation_status_code": "designated", "designation_status_ja": "指定", "heritage_type_major_code": "monument", "heritage_type_major_ja": "記念物", "heritage_type_detail": "旧跡", "classification_confidence": "medium", "entity_class": "point", "geometry_role": "representative_point", "source_location_role": "record_coordinate", "spatial_match_status": "point_unmatched", "complex_id": "13215-HG00009", "complex_name": "個人", "complex_grouping_method": "exact_point", "reason": "record_not_in_building", "item_count": 1, "attached_items_json": "", "source_municipality_gpkg": "13215_heritage.gpkg" }, "geometry": { "type": "Point", "coordinates": [ 139.419825, 35.682853 ] } },
{ "type": "Feature", "properties": { "municipality_code": "13215", "municipality_name": "国立市", "point_id": "record:132152100026", "point_kind": "cultural_record", "record_id": "132152100026", "record_ids": "132152100026", "name": "古民家(旧柳澤家住宅)", "names": "古民家(旧柳澤家住宅)", "place_name": "国立市古民家", "address_detail": "", "address": "", "category": "国立市指定有形文化財", "type": "民俗", "designation_level_code": "municipal", "designation_level_ja": "区市町村", "designation_status_code": "designated", "designation_status_ja": "指定", "heritage_type_major_code": "tangible", "heritage_type_major_ja": "有形文化財", "heritage_type_detail": "未細分", "classification_confidence": "medium", "entity_class": "point", "geometry_role": "representative_point", "source_location_role": "record_coordinate", "spatial_match_status": "point_unmatched", "complex_id": "13215-HG00013", "complex_name": "国立市古民家", "complex_grouping_method": "place_name", "reason": "record_not_in_building", "item_count": 1, "attached_items_json": "", "source_municipality_gpkg": "13215_heritage.gpkg" }, "geometry": { "type": "Point", "coordinates": [ 139.436653, 35.678393 ] } },
{ "type": "Feature", "properties": { "municipality_code": "13215", "municipality_name": "国立市", "point_id": "record:132152100030", "point_kind": "cultural_record", "record_id": "132152100030", "record_ids": "132152100030", "name": "下谷保一号墳", "names": "下谷保一号墳", "place_name": "下谷保古墳群", "address_detail": "", "address": "", "category": "国立市指定史跡", "type": "史跡", "designation_level_code": "municipal", "designation_level_ja": "区市町村", "designation_status_code": "designated", "designation_status_ja": "指定", "heritage_type_major_code": "monument", "heritage_type_major_ja": "記念物", "heritage_type_detail": "史跡", "classification_confidence": "medium", "entity_class": "point", "geometry_role": "representative_point", "source_location_role": "record_coordinate", "spatial_match_status": "point_unmatched", "complex_id": "13215-HG00014", "complex_name": "下谷保古墳群", "complex_grouping_method": "place_name", "reason": "record_not_in_building", "item_count": 1, "attached_items_json": "", "source_municipality_gpkg": "13215_heritage.gpkg" }, "geometry": { "type": "Point", "coordinates": [ 139.44829, 35.67738 ] } },
{ "type": "Feature", "properties": { "municipality_code": "13215", "municipality_name": "国立市", "point_id": "record:132152100101", "point_kind": "cultural_record", "record_id": "132152100101", "record_ids": "132152100101", "name": "手水石(安政三年在銘)", "names": "手水石(安政三年在銘)", "place_name": "青柳地蔵堂", "address_detail": "", "address": "", "category": "国立市登録有形文化財", "type": "歴史資料", "designation_level_code": "municipal", "designation_level_ja": "区市町村", "designation_status_code": "registered", "designation_status_ja": "登録", "heritage_type_major_code": "tangible", "heritage_type_major_ja": "有形文化財", "heritage_type_detail": "未細分", "classification_confidence": "medium", "entity_class": "point", "geometry_role": "representative_point", "source_location_role": "record_coordinate", "spatial_match_status": "point_unmatched", "complex_id": "13215-HG00026", "complex_name": "青柳地蔵堂", "complex_grouping_method": "place_name", "reason": "record_not_in_building", "item_count": 1, "attached_items_json": "", "source_municipality_gpkg": "13215_heritage.gpkg" }, "geometry": { "type": "Point", "coordinates": [ 139.423738, 35.683323 ] } },
{ "type": "Feature", "properties": { "municipality_code": "13215", "municipality_name": "国立市", "point_id": "record:132152100110", "point_kind": "cultural_record", "record_id": "132152100110", "record_ids": "132152100110", "name": "馬頭観音塔(安政五年在銘)", "names": "馬頭観音塔(安政五年在銘)", "place_name": "共同墓地", "address_detail": "", "address": "", "category": "国立市登録有形文化財", "type": "歴史資料", "designation_level_code": "municipal", "designation_level_ja": "区市町村", "designation_status_code": "registered", "designation_status_ja": "登録", "heritage_type_major_code": "tangible", "heritage_type_major_ja": "有形文化財", "heritage_type_detail": "未細分", "classification_confidence": "medium", "entity_class": "point", "geometry_role": "representative_point", "source_location_role": "record_coordinate", "spatial_match_status": "point_unmatched", "complex_id": "13215-HG00027", "complex_name": "共同墓地", "complex_grouping_method": "place_name", "reason": "record_not_in_building", "item_count": 1, "attached_items_json": "", "source_municipality_gpkg": "13215_heritage.gpkg" }, "geometry": { "type": "Point", "coordinates": [ 139.450906, 35.676028 ] } },
{ "type": "Feature", "properties": { "municipality_code": "13219", "municipality_name": "狛江市", "point_id": "record:1", "point_kind": "cultural_record", "record_id": "1", "record_ids": "1", "name": "泉龍寺弁財天池", "names": "泉龍寺弁財天池", "place_name": "泉龍寺弁財天池", "address_detail": "", "address": "東京都狛江市元和泉1-8", "category": "狛江市指定文化財", "type": "史跡", "designation_level_code": "municipal", "designation_level_ja": "区市町村", "designation_status_code": "designated", "designation_status_ja": "指定", "heritage_type_major_code": "monument", "heritage_type_major_ja": "記念物", "heritage_type_detail": "史跡", "classification_confidence": "medium", "entity_class": "point", "geometry_role": "representative_point", "source_location_role": "record_coordinate", "spatial_match_status": "point_unmatched", "complex_id": "13219-HG00002", "complex_name": "泉龍寺弁財天池", "complex_grouping_method": "place_name", "reason": "record_not_in_building", "item_count": 1, "attached_items_json": "", "source_municipality_gpkg": "13219_heritage.gpkg" }, "geometry": { "type": "Point", "coordinates": [ 139.576168, 35.632292 ] } },
{ "type": "Feature", "properties": { "municipality_code": "13219", "municipality_name": "狛江市", "point_id": "record:15", "point_kind": "cultural_record", "record_id": "15", "record_ids": "15", "name": "土屋塚古墳", "names": "土屋塚古墳", "place_name": "土屋塚古墳", "address_detail": "", "address": "東京都狛江市岩戸南1-4", "category": "狛江市指定文化財", "type": "史跡", "designation_level_code": "municipal", "designation_level_ja": "区市町村", "designation_status_code": "designated", "designation_status_ja": "指定", "heritage_type_major_code": "monument", "heritage_type_major_ja": "記念物", "heritage_type_detail": "史跡", "classification_confidence": "medium", "entity_class": "point", "geometry_role": "representative_point", "source_location_role": "record_coordinate", "spatial_match_status": "point_unmatched", "complex_id": "13219-HG00012", "complex_name": "土屋塚古墳", "complex_grouping_method": "place_name", "reason": "record_not_in_building", "item_count": 1, "attached_items_json": "", "source_municipality_gpkg": "13219_heritage.gpkg" }, "geometry": { "type": "Point", "coordinates": [ 139.585148, 35.63229 ] } },
{ "type": "Feature", "properties": { "municipality_code": "13219", "municipality_name": "狛江市", "point_id": "record:21", "point_kind": "cultural_record", "record_id": "21", "record_ids": "21", "name": "猪方小川塚古墳", "names": "猪方小川塚古墳", "place_name": "猪方小川塚古墳", "address_detail": "", "address": "東京都狛江市猪方3-21", "category": "狛江市指定文化財", "type": "史跡", "designation_level_code": "municipal", "designation_level_ja": "区市町村", "designation_status_code": "designated", "designation_status_ja": "指定", "heritage_type_major_code": "monument", "heritage_type_major_ja": "記念物", "heritage_type_detail": "史跡", "classification_confidence": "medium", "entity_class": "point", "geometry_role": "representative_point", "source_location_role": "record_coordinate", "spatial_match_status": "point_unmatched", "complex_id": "13219-HG00015", "complex_name": "猪方小川塚古墳", "complex_grouping_method": "place_name", "reason": "record_not_in_building", "item_count": 1, "attached_items_json": "", "source_municipality_gpkg": "13219_heritage.gpkg" }, "geometry": { "type": "Point", "coordinates": [ 139.577011, 35.625593 ] } },
{ "type": "Feature", "properties": { "municipality_code": "13220", "municipality_name": "東大和市", "point_id": "record:1.32209E+11", "point_kind": "cultural_record", "record_id": "1.32209E+11", "record_ids": "1.32209E+11", "name": "名号塔婆", "names": "名号塔婆", "place_name": "", "address_detail": "", "address": "", "category": "市郷土資料", "type": "重要有形・無形民俗文化財", "designation_level_code": "municipal", "designation_level_ja": "区市町村", "designation_status_code": "local_other", "designation_status_ja": "独自制度", "heritage_type_major_code": "other", "heritage_type_major_ja": "その他", "heritage_type_detail": "市郷土資料", "classification_confidence": "medium", "entity_class": "point", "geometry_role": "representative_point", "source_location_role": "record_coordinate", "spatial_match_status": "point_unmatched", "complex_id": "13220-HG00012", "complex_name": "名号塔婆", "complex_grouping_method": "exact_point", "reason": "record_not_in_building", "item_count": 1, "attached_items_json": "", "source_municipality_gpkg": "13220_heritage.gpkg" }, "geometry": { "type": "Point", "coordinates": [ 139.44695, 35.746992 ] } },
{ "type": "Feature", "properties": { "municipality_code": "13220", "municipality_name": "東大和市", "point_id": "record:1.32209E+11", "point_kind": "cultural_record", "record_id": "1.32209E+11", "record_ids": "1.32209E+11", "name": "庚申塔(清水3丁目)", "names": "庚申塔(清水3丁目)", "place_name": "", "address_detail": "", "address": "", "category": "市郷土資料", "type": "重要有形・無形民俗文化財", "designation_level_code": "municipal", "designation_level_ja": "区市町村", "designation_status_code": "local_other", "designation_status_ja": "独自制度", "heritage_type_major_code": "other", "heritage_type_major_ja": "その他", "heritage_type_detail": "市郷土資料", "classification_confidence": "medium", "entity_class": "point", "geometry_role": "representative_point", "source_location_role": "record_coordinate", "spatial_match_status": "point_unmatched", "complex_id": "13220-HG00014", "complex_name": "庚申塔(清水3丁目)", "complex_grouping_method": "exact_point", "reason": "record_not_in_building", "item_count": 1, "attached_items_json": "", "source_municipality_gpkg": "13220_heritage.gpkg" }, "geometry": { "type": "Point", "coordinates": [ 139.442593, 35.753169 ] } },
{ "type": "Feature", "properties": { "municipality_code": "13220", "municipality_name": "東大和市", "point_id": "record:1.32209E+11", "point_kind": "cultural_record", "record_id": "1.32209E+11", "record_ids": "1.32209E+11", "name": "八幡谷戸遺跡", "names": "八幡谷戸遺跡", "place_name": "", "address_detail": "", "address": "", "category": "市史跡", "type": "天然記念物", "designation_level_code": "municipal", "designation_level_ja": "区市町村", "designation_status_code": "local_other", "designation_status_ja": "独自制度", "heritage_type_major_code": "monument", "heritage_type_major_ja": "記念物", "heritage_type_detail": "史跡", "classification_confidence": "medium", "entity_class": "point", "geometry_role": "representative_point", "source_location_role": "record_coordinate", "spatial_match_status": "point_unmatched", "complex_id": "13220-HG00021", "complex_name": "八幡谷戸遺跡", "complex_grouping_method": "exact_point", "reason": "record_not_in_building", "item_count": 1, "attached_items_json": "", "source_municipality_gpkg": "13220_heritage.gpkg" }, "geometry": { "type": "Point", "coordinates": [ 139.422767, 35.754209 ] } },
{ "type": "Feature", "properties": { "municipality_code": "13221", "municipality_name": "清瀬市", "point_id": "record:110", "point_kind": "cultural_record", "record_id": "110", "record_ids": "110", "name": "清瀬市下宿の「ふせぎ」行事", "names": "清瀬市下宿の「ふせぎ」行事", "place_name": "", "address_detail": "", "address": "東京都清瀬市下宿地区", "category": "都指定文化財", "type": "無形民俗文化財(風俗慣習)", "designation_level_code": "prefectural", "designation_level_ja": "都", "designation_status_code": "designated", "designation_status_ja": "指定", "heritage_type_major_code": "folk", "heritage_type_major_ja": "民俗文化財", "heritage_type_detail": "無形民俗文化財(風俗慣習)", "classification_confidence": "high", "entity_class": "point", "geometry_role": "representative_point", "source_location_role": "record_coordinate", "spatial_match_status": "point_unmatched", "complex_id": "13221-HG00002", "complex_name": "清瀬市下宿ふせぎ保存会", "complex_grouping_method": "owner_address", "reason": "record_not_in_building", "item_count": 1, "attached_items_json": "", "source_municipality_gpkg": "13221_heritage.gpkg" }, "geometry": { "type": "Point", "coordinates": [ 139.537485, 35.799679 ] } },
{ "type": "Feature", "properties": { "municipality_code": "13222", "municipality_name": "東久留米市", "point_id": "record:138", "point_kind": "cultural_record", "record_id": "138", "record_ids": "138", "name": "下里本邑遺跡", "names": "下里本邑遺跡", "place_name": "", "address_detail": "下里本邑遺跡公園内", "address": "東京都東久留米市野火止3-3-4", "category": "都指定文化財", "type": "史跡", "designation_level_code": "prefectural", "designation_level_ja": "都", "designation_status_code": "designated", "designation_status_ja": "指定", "heritage_type_major_code": "monument", "heritage_type_major_ja": "記念物", "heritage_type_detail": "史跡", "classification_confidence": "high", "entity_class": "point", "geometry_role": "representative_point", "source_location_role": "record_coordinate", "spatial_match_status": "point_unmatched", "complex_id": "13222-HG00002", "complex_name": "下里本邑遺跡公園", "complex_grouping_method": "owner_address", "reason": "record_not_in_building", "item_count": 1, "attached_items_json": "", "source_municipality_gpkg": "13222_heritage.gpkg" }, "geometry": { "type": "Point", "coordinates": [ 139.509279, 35.761572 ] } },
{ "type": "Feature", "properties": { "municipality_code": "13222", "municipality_name": "東久留米市", "point_id": "record:132000000000.0", "point_kind": "cultural_record", "record_id": "132000000000.0", "record_ids": "132000000000.0", "name": "庚申塔", "names": "庚申塔", "place_name": "笠松坂", "address_detail": "", "address": "", "category": "有形民俗文化財", "type": "有形民俗文化財", "designation_level_code": "municipal", "designation_level_ja": "区市町村", "designation_status_code": "unknown", "designation_status_ja": "不明", "heritage_type_major_code": "folk", "heritage_type_major_ja": "民俗文化財", "heritage_type_detail": "有形民俗文化財", "classification_confidence": "low", "entity_class": "point", "geometry_role": "representative_point", "source_location_role": "record_coordinate", "spatial_match_status": "point_unmatched", "complex_id": "13222-HG00012", "complex_name": "笠松坂", "complex_grouping_method": "place_name", "reason": "record_not_in_building", "item_count": 1, "attached_items_json": "", "source_municipality_gpkg": "13222_heritage.gpkg" }, "geometry": { "type": "Point", "coordinates": [ 139.531105, 35.750553 ] } },
{ "type": "Feature", "properties": { "municipality_code": "13222", "municipality_name": "東久留米市", "point_id": "record:132000000000.0", "point_kind": "cultural_record", "record_id": "132000000000.0", "record_ids": "132000000000.0", "name": "庚申塔", "names": "庚申塔", "place_name": "金山塚", "address_detail": "", "address": "", "category": "有形民俗文化財", "type": "有形民俗文化財", "designation_level_code": "municipal", "designation_level_ja": "区市町村", "designation_status_code": "unknown", "designation_status_ja": "不明", "heritage_type_major_code": "folk", "heritage_type_major_ja": "民俗文化財", "heritage_type_detail": "有形民俗文化財", "classification_confidence": "low", "entity_class": "point", "geometry_role": "representative_point", "source_location_role": "record_coordinate", "spatial_match_status": "point_unmatched", "complex_id": "13222-HG00014", "complex_name": "金山塚", "complex_grouping_method": "place_name", "reason": "record_not_in_building", "item_count": 1, "attached_items_json": "", "source_municipality_gpkg": "13222_heritage.gpkg" }, "geometry": { "type": "Point", "coordinates": [ 139.535154, 35.767376 ] } },
{ "type": "Feature", "properties": { "municipality_code": "13222", "municipality_name": "東久留米市", "point_id": "record:132000000000.0", "point_kind": "cultural_record", "record_id": "132000000000.0", "record_ids": "132000000000.0", "name": "廻国供養塔", "names": "廻国供養塔", "place_name": "墓地入口", "address_detail": "", "address": "", "category": "有形民俗文化財", "type": "有形民俗文化財", "designation_level_code": "municipal", "designation_level_ja": "区市町村", "designation_status_code": "unknown", "designation_status_ja": "不明", "heritage_type_major_code": "folk", "heritage_type_major_ja": "民俗文化財", "heritage_type_detail": "有形民俗文化財", "classification_confidence": "low", "entity_class": "point", "geometry_role": "representative_point", "source_location_role": "record_coordinate", "spatial_match_status": "point_unmatched", "complex_id": "13222-HG00016", "complex_name": "墓地入口", "complex_grouping_method": "place_name", "reason": "record_not_in_building", "item_count": 1, "attached_items_json": "", "source_municipality_gpkg": "13222_heritage.gpkg" }, "geometry": { "type": "Point", "coordinates": [ 139.54443, 35.761034 ] } },
{ "type": "Feature", "properties": { "municipality_code": "13222", "municipality_name": "東久留米市", "point_id": "record:132000000000.0", "point_kind": "cultural_record", "record_id": "132000000000.0", "record_ids": "132000000000.0", "name": "不動明王石像", "names": "不動明王石像", "place_name": "不動橋際", "address_detail": "", "address": "", "category": "有形民俗文化財", "type": "有形民俗文化財", "designation_level_code": "municipal", "designation_level_ja": "区市町村", "designation_status_code": "unknown", "designation_status_ja": "不明", "heritage_type_major_code": "folk", "heritage_type_major_ja": "民俗文化財", "heritage_type_detail": "有形民俗文化財", "classification_confidence": "low", "entity_class": "point", "geometry_role": "representative_point", "source_location_role": "record_coordinate", "spatial_match_status": "point_unmatched", "complex_id": "13222-HG00017", "complex_name": "不動橋際", "complex_grouping_method": "place_name", "reason": "record_not_in_building", "item_count": 1, "attached_items_json": "", "source_municipality_gpkg": "13222_heritage.gpkg" }, "geometry": { "type": "Point", "coordinates": [ 139.539918, 35.759618 ] } },
{ "type": "Feature", "properties": { "municipality_code": "13222", "municipality_name": "東久留米市", "point_id": "record:132000000000.0", "point_kind": "cultural_record", "record_id": "132000000000.0", "record_ids": "132000000000.0", "name": "旧延命寺跡民間信仰石造物群", "names": "旧延命寺跡民間信仰石造物群", "place_name": "旧延命寺跡", "address_detail": "", "address": "", "category": "有形民俗文化財", "type": "有形民俗文化財", "designation_level_code": "municipal", "designation_level_ja": "区市町村", "designation_status_code": "unknown", "designation_status_ja": "不明", "heritage_type_major_code": "folk", "heritage_type_major_ja": "民俗文化財", "heritage_type_detail": "有形民俗文化財", "classification_confidence": "low", "entity_class": "point", "geometry_role": "representative_point", "source_location_role": "record_coordinate", "spatial_match_status": "point_unmatched", "complex_id": "13222-HG00022", "complex_name": "旧延命寺跡", "complex_grouping_method": "place_name", "reason": "record_not_in_building", "item_count": 1, "attached_items_json": "", "source_municipality_gpkg": "13222_heritage.gpkg" }, "geometry": { "type": "Point", "coordinates": [ 139.510939, 35.753863 ] } },
{ "type": "Feature", "properties": { "municipality_code": "13222", "municipality_name": "東久留米市", "point_id": "record:132000000000.0", "point_kind": "cultural_record", "record_id": "132000000000.0", "record_ids": "132000000000.0", "name": "十三仏板碑", "names": "十三仏板碑", "place_name": "高橋家墓所", "address_detail": "", "address": "", "category": "有形文化財", "type": "有形文化財", "designation_level_code": "municipal", "designation_level_ja": "区市町村", "designation_status_code": "unknown", "designation_status_ja": "不明", "heritage_type_major_code": "tangible", "heritage_type_major_ja": "有形文化財", "heritage_type_detail": "未細分", "classification_confidence": "low", "entity_class": "point", "geometry_role": "representative_point", "source_location_role": "record_coordinate", "spatial_match_status": "point_unmatched", "complex_id": "13222-HG00027", "complex_name": "高橋家墓所", "complex_grouping_method": "place_name", "reason": "record_not_in_building", "item_count": 1, "attached_items_json": "", "source_municipality_gpkg": "13222_heritage.gpkg" }, "geometry": { "type": "Point", "coordinates": [ 139.510939, 35.753863 ] } },
{ "type": "Feature", "properties": { "municipality_code": "13222", "municipality_name": "東久留米市", "point_id": "record:132000000000.0", "point_kind": "cultural_record", "record_id": "132000000000.0", "record_ids": "132000000000.0", "name": "阿弥陀如来立像画像板碑", "names": "阿弥陀如来立像画像板碑", "place_name": "石塚家墓地", "address_detail": "", "address": "", "category": "有形文化財", "type": "有形文化財", "designation_level_code": "municipal", "designation_level_ja": "区市町村", "designation_status_code": "unknown", "designation_status_ja": "不明", "heritage_type_major_code": "tangible", "heritage_type_major_ja": "有形文化財", "heritage_type_detail": "未細分", "classification_confidence": "low", "entity_class": "point", "geometry_role": "representative_point", "source_location_role": "record_coordinate", "spatial_match_status": "point_unmatched", "complex_id": "13222-HG00029", "complex_name": "石塚家墓地", "complex_grouping_method": "place_name", "reason": "record_not_in_building", "item_count": 1, "attached_items_json": "", "source_municipality_gpkg": "13222_heritage.gpkg" }, "geometry": { "type": "Point", "coordinates": [ 139.509794, 35.755014 ] } },
{ "type": "Feature", "properties": { "municipality_code": "13222", "municipality_name": "東久留米市", "point_id": "record:132000000000.0", "point_kind": "cultural_record", "record_id": "132000000000.0", "record_ids": "132000000000.0", "name": "下里本邑遺跡出土品", "names": "下里本邑遺跡出土品", "place_name": "下里本邑遺跡館他", "address_detail": "", "address": "", "category": "有形文化財", "type": "有形文化財", "designation_level_code": "municipal", "designation_level_ja": "区市町村", "designation_status_code": "unknown", "designation_status_ja": "不明", "heritage_type_major_code": "tangible", "heritage_type_major_ja": "有形文化財", "heritage_type_detail": "未細分", "classification_confidence": "low", "entity_class": "point", "geometry_role": "representative_point", "source_location_role": "record_coordinate", "spatial_match_status": "point_unmatched", "complex_id": "13222-HG00030", "complex_name": "下里本邑遺跡館他", "complex_grouping_method": "place_name", "reason": "record_not_in_building", "item_count": 1, "attached_items_json": "", "source_municipality_gpkg": "13222_heritage.gpkg" }, "geometry": { "type": "Point", "coordinates": [ 139.50924, 35.760502 ] } },
{ "type": "Feature", "properties": { "municipality_code": "13222", "municipality_name": "東久留米市", "point_id": "record:132000000000.0", "point_kind": "cultural_record", "record_id": "132000000000.0", "record_ids": "132000000000.0", "name": "富士講関係文書", "names": "富士講関係文書", "place_name": "村野利美氏所有", "address_detail": "", "address": "", "category": "有形文化財", "type": "有形文化財", "designation_level_code": "municipal", "designation_level_ja": "区市町村", "designation_status_code": "unknown", "designation_status_ja": "不明", "heritage_type_major_code": "tangible", "heritage_type_major_ja": "有形文化財", "heritage_type_detail": "未細分", "classification_confidence": "low", "entity_class": "point", "geometry_role": "representative_point", "source_location_role": "record_coordinate", "spatial_match_status": "point_unmatched", "complex_id": "13222-HG00032", "complex_name": "村野利美氏所有", "complex_grouping_method": "place_name", "reason": "record_not_in_building", "item_count": 1, "attached_items_json": "", "source_municipality_gpkg": "13222_heritage.gpkg" }, "geometry": { "type": "Point", "coordinates": [ 139.523143, 35.75626 ] } },
{ "type": "Feature", "properties": { "municipality_code": "13222", "municipality_name": "東久留米市", "point_id": "record:132000000000.0", "point_kind": "cultural_record", "record_id": "132000000000.0", "record_ids": "132000000000.0", "name": "小山台遺跡", "names": "小山台遺跡", "place_name": "", "address_detail": "", "address": "", "category": "史跡", "type": "史跡", "designation_level_code": "municipal", "designation_level_ja": "区市町村", "designation_status_code": "unknown", "designation_status_ja": "不明", "heritage_type_major_code": "monument", "heritage_type_major_ja": "記念物", "heritage_type_detail": "史跡", "classification_confidence": "low", "entity_class": "point", "geometry_role": "representative_point", "source_location_role": "record_coordinate", "spatial_match_status": "point_unmatched", "complex_id": "13222-HG00035", "complex_name": "小山台遺跡", "complex_grouping_method": "exact_point", "reason": "record_not_in_building", "item_count": 1, "attached_items_json": "", "source_municipality_gpkg": "13222_heritage.gpkg" }, "geometry": { "type": "Point", "coordinates": [ 139.529069, 35.764559 ] } },
{ "type": "Feature", "properties": { "municipality_code": "13222", "municipality_name": "東久留米市", "point_id": "record:132000000000.0", "point_kind": "cultural_record", "record_id": "132000000000.0", "record_ids": "132000000000.0", "name": "楊柳沢御殿跡", "names": "楊柳沢御殿跡", "place_name": "", "address_detail": "", "address": "", "category": "旧跡", "type": "旧跡", "designation_level_code": "municipal", "designation_level_ja": "区市町村", "designation_status_code": "unknown", "designation_status_ja": "不明", "heritage_type_major_code": "monument", "heritage_type_major_ja": "記念物", "heritage_type_detail": "旧跡", "classification_confidence": "low", "entity_class": "point", "geometry_role": "representative_point", "source_location_role": "record_coordinate", "spatial_match_status": "point_unmatched", "complex_id": "13222-HG00038", "complex_name": "楊柳沢御殿跡", "complex_grouping_method": "exact_point", "reason": "record_not_in_building", "item_count": 1, "attached_items_json": "", "source_municipality_gpkg": "13222_heritage.gpkg" }, "geometry": { "type": "Point", "coordinates": [ 139.510939, 35.753863 ] } },
{ "type": "Feature", "properties": { "municipality_code": "13222", "municipality_name": "東久留米市", "point_id": "record:132000000000.0", "point_kind": "cultural_record", "record_id": "132000000000.0", "record_ids": "132000000000.0", "name": "武蔵野鉄道引き込み線跡", "names": "武蔵野鉄道引き込み線跡", "place_name": "", "address_detail": "", "address": "", "category": "旧跡", "type": "旧跡", "designation_level_code": "municipal", "designation_level_ja": "区市町村", "designation_status_code": "unknown", "designation_status_ja": "不明", "heritage_type_major_code": "monument", "heritage_type_major_ja": "記念物", "heritage_type_detail": "旧跡", "classification_confidence": "low", "entity_class": "point", "geometry_role": "representative_point", "source_location_role": "record_coordinate", "spatial_match_status": "point_unmatched", "complex_id": "13222-HG00039", "complex_name": "武蔵野鉄道引き込み線跡", "complex_grouping_method": "exact_point", "reason": "record_not_in_building", "item_count": 1, "attached_items_json": "", "source_municipality_gpkg": "13222_heritage.gpkg" }, "geometry": { "type": "Point", "coordinates": [ 139.53722, 35.756543 ] } },
{ "type": "Feature", "properties": { "municipality_code": "13222", "municipality_name": "東久留米市", "point_id": "record:132000000000.0", "point_kind": "cultural_record", "record_id": "132000000000.0", "record_ids": "132000000000.0", "name": "海軍大和田通信隊跡", "names": "海軍大和田通信隊跡", "place_name": "", "address_detail": "", "address": "", "category": "旧跡", "type": "旧跡", "designation_level_code": "municipal", "designation_level_ja": "区市町村", "designation_status_code": "unknown", "designation_status_ja": "不明", "heritage_type_major_code": "monument", "heritage_type_major_ja": "記念物", "heritage_type_detail": "旧跡", "classification_confidence": "low", "entity_class": "point", "geometry_role": "representative_point", "source_location_role": "record_coordinate", "spatial_match_status": "point_unmatched", "complex_id": "13222-HG00041", "complex_name": "海軍大和田通信隊跡", "complex_grouping_method": "exact_point", "reason": "record_not_in_building", "item_count": 1, "attached_items_json": "", "source_municipality_gpkg": "13222_heritage.gpkg" }, "geometry": { "type": "Point", "coordinates": [ 139.541669, 35.768477 ] } },
{ "type": "Feature", "properties": { "municipality_code": "13222", "municipality_name": "東久留米市", "point_id": "record:132000000000.0", "point_kind": "cultural_record", "record_id": "132000000000.0", "record_ids": "132000000000.0", "name": "下里本邑遺跡", "names": "下里本邑遺跡", "place_name": "下里本邑遺跡公園", "address_detail": "", "address": "", "category": "史跡", "type": "史跡", "designation_level_code": "municipal", "designation_level_ja": "区市町村", "designation_status_code": "unknown", "designation_status_ja": "不明", "heritage_type_major_code": "monument", "heritage_type_major_ja": "記念物", "heritage_type_detail": "史跡", "classification_confidence": "low", "entity_class": "point", "geometry_role": "representative_point", "source_location_role": "record_coordinate", "spatial_match_status": "point_unmatched", "complex_id": "13222-HG00043", "complex_name": "下里本邑遺跡公園", "complex_grouping_method": "place_name", "reason": "record_not_in_building", "item_count": 1, "attached_items_json": "", "source_municipality_gpkg": "13222_heritage.gpkg" }, "geometry": { "type": "Point", "coordinates": [ 139.50924, 35.760502 ] } },
{ "type": "Feature", "properties": { "municipality_code": "13222", "municipality_name": "東久留米市", "point_id": "record:132000000000.0", "point_kind": "cultural_record", "record_id": "132000000000.0", "record_ids": "132000000000.0", "name": "奉納幟", "names": "奉納幟", "place_name": "", "address_detail": "", "address": "", "category": "有形民俗文化財", "type": "有形民俗文化財", "designation_level_code": "municipal", "designation_level_ja": "区市町村", "designation_status_code": "unknown", "designation_status_ja": "不明", "heritage_type_major_code": "folk", "heritage_type_major_ja": "民俗文化財", "heritage_type_detail": "有形民俗文化財", "classification_confidence": "low", "entity_class": "point", "geometry_role": "representative_point", "source_location_role": "record_coordinate", "spatial_match_status": "point_unmatched", "complex_id": "13222-HG00047", "complex_name": "奉納幟", "complex_grouping_method": "exact_point", "reason": "record_not_in_building", "item_count": 1, "attached_items_json": "", "source_municipality_gpkg": "13222_heritage.gpkg" }, "geometry": { "type": "Point", "coordinates": [ 139.5243, 35.737252 ] } },
{ "type": "Feature", "properties": { "municipality_code": "13224", "municipality_name": "多摩市", "point_id": "record:140", "point_kind": "cultural_record", "record_id": "140", "record_ids": "140", "name": "稲荷塚古墳", "names": "稲荷塚古墳", "place_name": "", "address_detail": "恋路稲荷神社内ほか", "address": "東京都多摩市百草1140-1ほか", "category": "都指定文化財", "type": "史跡", "designation_level_code": "prefectural", "designation_level_ja": "都", "designation_status_code": "designated", "designation_status_ja": "指定", "heritage_type_major_code": "monument", "heritage_type_major_ja": "記念物", "heritage_type_detail": "史跡", "classification_confidence": "high", "entity_class": "point", "geometry_role": "representative_point", "source_location_role": "record_coordinate", "spatial_match_status": "point_unmatched", "complex_id": "13224-HG00002", "complex_name": "恋路稲荷神社内ほか", "complex_grouping_method": "owner_address", "reason": "record_not_in_building", "item_count": 1, "attached_items_json": "", "source_municipality_gpkg": "13224_heritage.gpkg" }, "geometry": { "type": "Point", "coordinates": [ 139.43473, 35.638592 ] } },
{ "type": "Feature", "properties": { "municipality_code": "13224", "municipality_name": "多摩市", "point_id": "record:223", "point_kind": "cultural_record", "record_id": "223", "record_ids": "223", "name": "平久保のシイ", "names": "平久保のシイ", "place_name": "", "address_detail": "", "address": "東京都多摩市落合4-22", "category": "都指定文化財", "type": "天然記念物", "designation_level_code": "prefectural", "designation_level_ja": "都", "designation_status_code": "designated", "designation_status_ja": "指定", "heritage_type_major_code": "monument", "heritage_type_major_ja": "記念物", "heritage_type_detail": "天然記念物", "classification_confidence": "high", "entity_class": "point", "geometry_role": "representative_point", "source_location_role": "record_coordinate", "spatial_match_status": "point_unmatched", "complex_id": "13224-HG00005", "complex_name": "個人(多摩市環境部公園緑地課)", "complex_grouping_method": "owner_address", "reason": "record_not_in_building", "item_count": 1, "attached_items_json": "", "source_municipality_gpkg": "13224_heritage.gpkg" }, "geometry": { "type": "Point", "coordinates": [ 139.429078, 35.611892 ] } },
{ "type": "Feature", "properties": { "municipality_code": "13228", "municipality_name": "あきる野市", "point_id": "record:143", "point_kind": "cultural_record", "record_id": "143", "record_ids": "143", "name": "瀬戸岡古墳群", "names": "瀬戸岡古墳群", "place_name": "", "address_detail": "ほか", "address": "東京都あきる野市瀬戸岡398-1", "category": "都指定文化財", "type": "史跡", "designation_level_code": "prefectural", "designation_level_ja": "都", "designation_status_code": "designated", "designation_status_ja": "指定", "heritage_type_major_code": "monument", "heritage_type_major_ja": "記念物", "heritage_type_detail": "史跡", "classification_confidence": "high", "entity_class": "point", "geometry_role": "representative_point", "source_location_role": "record_coordinate", "spatial_match_status": "point_unmatched", "complex_id": "13228-HG00004", "complex_name": "ほか", "complex_grouping_method": "owner_address", "reason": "record_not_in_building", "item_count": 1, "attached_items_json": "", "source_municipality_gpkg": "13228_heritage.gpkg" }, "geometry": { "type": "Point", "coordinates": [ 139.287671, 35.739842 ] } },
{ "type": "Feature", "properties": { "municipality_code": "13228", "municipality_name": "あきる野市", "point_id": "record:228", "point_kind": "cultural_record", "record_id": "228", "record_ids": "228", "name": "南沢の鳥ノ巣石灰岩産地", "names": "南沢の鳥ノ巣石灰岩産地", "place_name": "", "address_detail": "", "address": "東京都あきる野市大字深沢字南沢376・378から380まで、字狩佐須406・381", "category": "都指定文化財", "type": "天然記念物", "designation_level_code": "prefectural", "designation_level_ja": "都", "designation_status_code": "designated", "designation_status_ja": "指定", "heritage_type_major_code": "monument", "heritage_type_major_ja": "記念物", "heritage_type_detail": "天然記念物", "classification_confidence": "high", "entity_class": "point", "geometry_role": "representative_point", "source_location_role": "record_coordinate", "spatial_match_status": "point_unmatched", "complex_id": "13228-HG00010", "complex_name": "個人", "complex_grouping_method": "owner_address", "reason": "record_not_in_building", "item_count": 1, "attached_items_json": "", "source_municipality_gpkg": "13228_heritage.gpkg" }, "geometry": { "type": "Point", "coordinates": [ 139.203769, 35.748185 ] } },
{ "type": "Feature", "properties": { "municipality_code": "13228", "municipality_name": "あきる野市", "point_id": "record:13", "point_kind": "cultural_record", "record_id": "13", "record_ids": "13", "name": "田中丘隅回向墓", "names": "田中丘隅回向墓", "place_name": "広済寺", "address_detail": "", "address": "あきる野市平沢732", "category": "都指定有形文化財", "type": "歴史資料", "designation_level_code": "prefectural", "designation_level_ja": "都", "designation_status_code": "designated", "designation_status_ja": "指定", "heritage_type_major_code": "tangible", "heritage_type_major_ja": "有形文化財", "heritage_type_detail": "未細分", "classification_confidence": "medium", "entity_class": "point", "geometry_role": "representative_point", "source_location_role": "record_coordinate", "spatial_match_status": "point_unmatched", "complex_id": "13228-HG00022", "complex_name": "広済寺", "complex_grouping_method": "place_name", "reason": "record_not_in_building", "item_count": 1, "attached_items_json": "", "source_municipality_gpkg": "13228_heritage.gpkg" }, "geometry": { "type": "Point", "coordinates": [ 139.315052, 35.730489 ] } },
{ "type": "Feature", "properties": { "municipality_code": "13228", "municipality_name": "あきる野市", "point_id": "record:100", "point_kind": "cultural_record", "record_id": "100", "record_ids": "100", "name": "五日市の市神様", "names": "五日市の市神様", "place_name": "", "address_detail": "", "address": "あきる野市五日市110-1", "category": "市指定有形民俗文化財", "type": "市指定有形民俗文化財", "designation_level_code": "municipal", "designation_level_ja": "区市町村", "designation_status_code": "designated", "designation_status_ja": "指定", "heritage_type_major_code": "folk", "heritage_type_major_ja": "民俗文化財", "heritage_type_detail": "有形民俗文化財", "classification_confidence": "medium", "entity_class": "point", "geometry_role": "representative_point", "source_location_role": "record_coordinate", "spatial_match_status": "point_unmatched", "complex_id": "13228-HG00068", "complex_name": "不詳", "complex_grouping_method": "owner_address", "reason": "record_not_in_building", "item_count": 1, "attached_items_json": "", "source_municipality_gpkg": "13228_heritage.gpkg" }, "geometry": { "type": "Point", "coordinates": [ 139.222259, 35.727874 ] } },
{ "type": "Feature", "properties": { "municipality_code": "13228", "municipality_name": "あきる野市", "point_id": "record:131", "point_kind": "cultural_record", "record_id": "131", "record_ids": "131", "name": "石神遺跡", "names": "石神遺跡", "place_name": "", "address_detail": "", "address": "あきる野市原小宮1-18", "category": "市指定史跡", "type": "史跡", "designation_level_code": "municipal", "designation_level_ja": "区市町村", "designation_status_code": "designated", "designation_status_ja": "指定", "heritage_type_major_code": "monument", "heritage_type_major_ja": "記念物", "heritage_type_detail": "史跡", "classification_confidence": "medium", "entity_class": "point", "geometry_role": "representative_point", "source_location_role": "record_coordinate", "spatial_match_status": "point_unmatched", "complex_id": "13228-HG00098", "complex_name": "あきる野市", "complex_grouping_method": "owner_address", "reason": "record_not_in_building", "item_count": 1, "attached_items_json": "", "source_municipality_gpkg": "13228_heritage.gpkg" }, "geometry": { "type": "Point", "coordinates": [ 139.29906, 35.734247 ] } },
{ "type": "Feature", "properties": { "municipality_code": "13228", "municipality_name": "あきる野市", "point_id": "record:145", "point_kind": "cultural_record", "record_id": "145", "record_ids": "145", "name": "五柱神社のスギ", "names": "五柱神社のスギ", "place_name": "五柱神社", "address_detail": "", "address": "あきる野市養沢1392", "category": "市指定天然記念物", "type": "天然記念物", "designation_level_code": "municipal", "designation_level_ja": "区市町村", "designation_status_code": "designated", "designation_status_ja": "指定", "heritage_type_major_code": "monument", "heritage_type_major_ja": "記念物", "heritage_type_detail": "天然記念物", "classification_confidence": "medium", "entity_class": "point", "geometry_role": "representative_point", "source_location_role": "record_coordinate", "spatial_match_status": "point_unmatched", "complex_id": "13228-HG00109", "complex_name": "五柱神社", "complex_grouping_method": "place_name", "reason": "record_not_in_building", "item_count": 1, "attached_items_json": "", "source_municipality_gpkg": "13228_heritage.gpkg" }, "geometry": { "type": "Point", "coordinates": [ 139.180863, 35.732043 ] } },
{ "type": "Feature", "properties": { "municipality_code": "13228", "municipality_name": "あきる野市", "point_id": "record:official_export_003:54", "point_kind": "cultural_record", "record_id": "official_export_003:54", "record_ids": "official_export_003:54", "name": "西秋留石器時代住居跡", "names": "西秋留石器時代住居跡", "place_name": "", "address_detail": "", "address": "あきる野市牛沼", "category": "史跡名勝天然記念物", "type": "天然記念物", "designation_level_code": "national", "designation_level_ja": "国", "designation_status_code": "designated", "designation_status_ja": "指定", "heritage_type_major_code": "monument", "heritage_type_major_ja": "記念物", "heritage_type_detail": "天然記念物", "classification_confidence": "medium", "entity_class": "point", "geometry_role": "representative_point", "source_location_role": "record_coordinate", "spatial_match_status": "point_unmatched", "complex_id": "13228-HG00114", "complex_name": "西秋留石器時代住居跡", "complex_grouping_method": "address", "reason": "record_not_in_building", "item_count": 1, "attached_items_json": "", "source_municipality_gpkg": "13228_heritage.gpkg" }, "geometry": { "type": "Point", "coordinates": [ 139.290161, 35.71751 ] } },
{ "type": "Feature", "properties": { "municipality_code": "13229", "municipality_name": "西東京市", "point_id": "record:official_export_003:32", "point_kind": "cultural_record", "record_id": "official_export_003:32", "record_ids": "official_export_003:32", "name": "下野谷遺跡", "names": "下野谷遺跡", "place_name": "", "address_detail": "", "address": "東京都西東京市", "category": "史跡名勝天然記念物", "type": "天然記念物", "designation_level_code": "national", "designation_level_ja": "国", "designation_status_code": "designated", "designation_status_ja": "指定", "heritage_type_major_code": "monument", "heritage_type_major_ja": "記念物", "heritage_type_detail": "天然記念物", "classification_confidence": "medium", "entity_class": "point", "geometry_role": "representative_point", "source_location_role": "record_coordinate", "spatial_match_status": "point_unmatched", "complex_id": "13229-HG00006", "complex_name": "下野谷遺跡", "complex_grouping_method": "address", "reason": "record_not_in_building", "item_count": 1, "attached_items_json": "", "source_municipality_gpkg": "13229_heritage.gpkg" }, "geometry": { "type": "Point", "coordinates": [ 139.5618, 35.725478 ] } },
{ "type": "Feature", "properties": { "municipality_code": "13305", "municipality_name": "日の出町", "point_id": "record:official_export_003:28", "point_kind": "cultural_record", "record_id": "official_export_003:28", "record_ids": "official_export_003:28", "name": "幸神神社のシダレアカシデ", "names": "幸神神社のシダレアカシデ", "place_name": "", "address_detail": "", "address": "西多摩郡日の出町", "category": "史跡名勝天然記念物", "type": "天然記念物", "designation_level_code": "national", "designation_level_ja": "国", "designation_status_code": "designated", "designation_status_ja": "指定", "heritage_type_major_code": "monument", "heritage_type_major_ja": "記念物", "heritage_type_detail": "天然記念物", "classification_confidence": "medium", "entity_class": "point", "geometry_role": "representative_point", "source_location_role": "record_coordinate", "spatial_match_status": "point_unmatched", "complex_id": "13305-HG00002", "complex_name": "幸神神社のシダレアカシデ", "complex_grouping_method": "address", "reason": "record_not_in_building", "item_count": 1, "attached_items_json": "", "source_municipality_gpkg": "13305_heritage.gpkg" }, "geometry": { "type": "Point", "coordinates": [ 139.228073, 35.74427 ] } },
{ "type": "Feature", "properties": { "municipality_code": "13307", "municipality_name": "檜原村", "point_id": "record:203", "point_kind": "cultural_record", "record_id": "203", "record_ids": "203", "name": "三頭大滝", "names": "三頭大滝", "place_name": "", "address_detail": "", "address": "東京都檜原村字数馬7146-1", "category": "都指定文化財", "type": "名勝", "designation_level_code": "prefectural", "designation_level_ja": "都", "designation_status_code": "designated", "designation_status_ja": "指定", "heritage_type_major_code": "monument", "heritage_type_major_ja": "記念物", "heritage_type_detail": "名勝", "classification_confidence": "high", "entity_class": "point", "geometry_role": "representative_point", "source_location_role": "record_coordinate", "spatial_match_status": "point_unmatched", "complex_id": "13307-HG00001", "complex_name": "国 東京都", "complex_grouping_method": "owner_address", "reason": "record_not_in_building", "item_count": 1, "attached_items_json": "", "source_municipality_gpkg": "13307_heritage.gpkg" }, "geometry": { "type": "Point", "coordinates": [ 139.029107, 35.739713 ] } },
{ "type": "Feature", "properties": { "municipality_code": "13361", "municipality_name": "大島町", "point_id": "record:51", "point_kind": "cultural_record", "record_id": "51", "record_ids": "51", "name": "木造観世音菩薩立像 1?", "names": "木造観世音菩薩立像 1?", "place_name": "", "address_detail": "大島町郷土資料館", "address": "東京都大島町元町地の岡", "category": "都指定文化財", "type": "美術工芸品", "designation_level_code": "prefectural", "designation_level_ja": "都", "designation_status_code": "designated", "designation_status_ja": "指定", "heritage_type_major_code": "tangible", "heritage_type_major_ja": "有形文化財", "heritage_type_detail": "美術工芸品", "classification_confidence": "high", "entity_class": "movable", "geometry_role": "representative_point", "source_location_role": "record_coordinate", "spatial_match_status": "point_unmatched", "complex_id": "13361-HG00001", "complex_name": "大島町郷土資料館", "complex_grouping_method": "owner_address", "reason": "record_not_in_building", "item_count": 1, "attached_items_json": "", "source_municipality_gpkg": "13361_heritage.gpkg" }, "geometry": { "type": "Point", "coordinates": [ 139.362808, 34.773122 ] } },
{ "type": "Feature", "properties": { "municipality_code": "13361", "municipality_name": "大島町", "point_id": "record:236", "point_kind": "cultural_record", "record_id": "236", "record_ids": "236", "name": "春日神社のイヌマキ群叢", "names": "春日神社のイヌマキ群叢", "place_name": "", "address_detail": "春日神社内", "address": "東京都大島町差木地字ヤカタ411", "category": "都指定文化財", "type": "天然記念物", "designation_level_code": "prefectural", "designation_level_ja": "都", "designation_status_code": "designated", "designation_status_ja": "指定", "heritage_type_major_code": "monument", "heritage_type_major_ja": "記念物", "heritage_type_detail": "天然記念物", "classification_confidence": "high", "entity_class": "point", "geometry_role": "representative_point", "source_location_role": "record_coordinate", "spatial_match_status": "point_unmatched", "complex_id": "13361-HG00007", "complex_name": "春日神社", "complex_grouping_method": "owner_address", "reason": "record_not_in_building", "item_count": 1, "attached_items_json": "", "source_municipality_gpkg": "13361_heritage.gpkg" }, "geometry": { "type": "Point", "coordinates": [ 139.415761, 34.687086 ] } },
{ "type": "Feature", "properties": { "municipality_code": "13362", "municipality_name": "利島村", "point_id": "record:149", "point_kind": "cultural_record", "record_id": "149", "record_ids": "149", "name": "利島大山小山神社境域", "names": "利島大山小山神社境域", "place_name": "", "address_detail": "", "address": "東京都利島村なが山", "category": "都指定文化財", "type": "史跡", "designation_level_code": "prefectural", "designation_level_ja": "都", "designation_status_code": "designated", "designation_status_ja": "指定", "heritage_type_major_code": "monument", "heritage_type_major_ja": "記念物", "heritage_type_detail": "史跡", "classification_confidence": "high", "entity_class": "point", "geometry_role": "representative_point", "source_location_role": "record_coordinate", "spatial_match_status": "point_unmatched", "complex_id": "13362-HG00003", "complex_name": "阿豆佐和気命神社", "complex_grouping_method": "owner_address", "reason": "record_not_in_building", "item_count": 1, "attached_items_json": "", "source_municipality_gpkg": "13362_heritage.gpkg" }, "geometry": { "type": "Point", "coordinates": [ 139.277276, 34.515663 ] } },
{ "type": "Feature", "properties": { "municipality_code": "13362", "municipality_name": "利島村", "point_id": "record:150", "point_kind": "cultural_record", "record_id": "150", "record_ids": "150", "name": "利島下上神社境域", "names": "利島下上神社境域", "place_name": "", "address_detail": "", "address": "東京都利島村東山", "category": "都指定文化財", "type": "史跡", "designation_level_code": "prefectural", "designation_level_ja": "都", "designation_status_code": "designated", "designation_status_ja": "指定", "heritage_type_major_code": "monument", "heritage_type_major_ja": "記念物", "heritage_type_detail": "史跡", "classification_confidence": "high", "entity_class": "point", "geometry_role": "representative_point", "source_location_role": "record_coordinate", "spatial_match_status": "point_unmatched", "complex_id": "13362-HG00004", "complex_name": "阿豆佐和気命神社", "complex_grouping_method": "owner_address", "reason": "record_not_in_building", "item_count": 1, "attached_items_json": "", "source_municipality_gpkg": "13362_heritage.gpkg" }, "geometry": { "type": "Point", "coordinates": [ 139.284177, 34.521171 ] } },
{ "type": "Feature", "properties": { "municipality_code": "13363", "municipality_name": "新島村", "point_id": "record:official_export_002:416", "point_kind": "cultural_record", "record_id": "official_export_002:416", "record_ids": "official_export_002:416", "name": "前田家住宅外便所", "names": "前田家住宅外便所", "place_name": "", "address_detail": "", "address": "東京都新島村本村2-3-17", "category": "登録有形文化財(建造物)", "type": "建造物", "designation_level_code": "national", "designation_level_ja": "国", "designation_status_code": "registered", "designation_status_ja": "登録", "heritage_type_major_code": "tangible", "heritage_type_major_ja": "有形文化財", "heritage_type_detail": "建造物", "classification_confidence": "medium", "entity_class": "building_direct", "geometry_role": "building_candidate_point", "source_location_role": "record_coordinate", "spatial_match_status": "point_unmatched", "complex_id": "13363-HG00005", "complex_name": "前田家住宅外便所", "complex_grouping_method": "address", "reason": "building_direct_unmatched", "item_count": 1, "attached_items_json": "", "source_municipality_gpkg": "13363_heritage.gpkg" }, "geometry": { "type": "Point", "coordinates": [ 139.255052760000012, 34.37862129 ] } },
{ "type": "Feature", "properties": { "municipality_code": "13401", "municipality_name": "八丈町", "point_id": "record:111", "point_kind": "cultural_record", "record_id": "111", "record_ids": "111", "name": "樫立の手踊", "names": "樫立の手踊", "place_name": "", "address_detail": "", "address": "東京都八丈町樫立地区", "category": "都指定文化財", "type": "無形民俗文化財(民俗芸能)", "designation_level_code": null, "designation_level_ja": null, "designation_status_code": null, "designation_status_ja": null, "heritage_type_major_code": null, "heritage_type_major_ja": null, "heritage_type_detail": null, "classification_confidence": null, "entity_class": "point", "geometry_role": "representative_point", "source_location_role": "record_coordinate", "spatial_match_status": "point_unmatched", "complex_id": "13401-HG00008", "complex_name": "樫立踊保存会", "complex_grouping_method": "owner_address", "reason": "record_not_in_building", "item_count": 1, "attached_items_json": "", "source_municipality_gpkg": "13401_heritage.gpkg" }, "geometry": { "type": "Point", "coordinates": [ 139.79464, 33.079681 ] } },
{ "type": "Feature", "properties": { "municipality_code": "13401", "municipality_name": "八丈町", "point_id": "record:151", "point_kind": "cultural_record", "record_id": "151", "record_ids": "151", "name": "梅辻規清墓", "names": "梅辻規清墓", "place_name": "", "address_detail": "", "address": "東京都八丈町中之郷上浦墓地", "category": "都指定文化財", "type": "史跡", "designation_level_code": null, "designation_level_ja": null, "designation_status_code": null, "designation_status_ja": null, "heritage_type_major_code": null, "heritage_type_major_ja": null, "heritage_type_detail": null, "classification_confidence": null, "entity_class": "point", "geometry_role": "representative_point", "source_location_role": "record_coordinate", "spatial_match_status": "point_unmatched", "complex_id": "13401-HG00009", "complex_name": "個人", "complex_grouping_method": "owner_address", "reason": "record_not_in_building", "item_count": 1, "attached_items_json": "", "source_municipality_gpkg": "13401_heritage.gpkg" }, "geometry": { "type": "Point", "coordinates": [ 139.812183, 33.068052 ] } },
{ "type": "Feature", "properties": { "municipality_code": "13402", "municipality_name": "青ケ島村", "point_id": "record:102", "point_kind": "cultural_record", "record_id": "102", "record_ids": "102", "name": "紙本着色佐々木次郎太夫伊信肖像并伝(近藤富蔵筆)", "names": "紙本着色佐々木次郎太夫伊信肖像并伝(近藤富蔵筆)", "place_name": "", "address_detail": "青ケ島村役場", "address": "東京都青ケ島村休戸郷", "category": "都指定文化財", "type": "歴史資料", "designation_level_code": "prefectural", "designation_level_ja": "都", "designation_status_code": "designated", "designation_status_ja": "指定", "heritage_type_major_code": "tangible", "heritage_type_major_ja": "有形文化財", "heritage_type_detail": "歴史資料", "classification_confidence": "high", "entity_class": "point", "geometry_role": "representative_point", "source_location_role": "record_coordinate", "spatial_match_status": "point_unmatched", "complex_id": "13402-HG00001", "complex_name": "青ケ島村役場", "complex_grouping_method": "owner_address", "reason": "record_not_in_building", "item_count": 1, "attached_items_json": "", "source_municipality_gpkg": "13402_heritage.gpkg" }, "geometry": { "type": "Point", "coordinates": [ 139.767136, 32.464535 ] } }
]
}
