record_id,risk_type,scenario,risk_value,risk_class,hazard_source,risk_basis,municipality_code,municipality_name,designation_level,designation_status,heritage_type_major,heritage_type_detail_norm,entity_class,name,risk_type_ja,scenario_label,hazard_key
95,seismic,都心南部直下地震,5.699,6弱,,,13107,墨田区,Tokyo Metropolitan,Designated,有形文化財,歴史資料,point,石造明暦大火横死者等供養塔,想定震度,都心南部直下地震,想定震度｜都心南部直下地震
171,seismic,都心南部直下地震,6.297,6強以上,,,13107,墨田区,Tokyo Metropolitan,Designated,記念物,旧跡,point,赤穂浪士元禄義挙の跡,想定震度,都心南部直下地震,想定震度｜都心南部直下地震
172,seismic,都心南部直下地震,6.2,6強以上,,,13107,墨田区,Tokyo Metropolitan,Designated,記念物,旧跡,point,加藤千蔭墓,想定震度,都心南部直下地震,想定震度｜都心南部直下地震
173,seismic,都心南部直下地震,6.2,6強以上,,,13107,墨田区,Tokyo Metropolitan,Designated,記念物,旧跡,point,磐瀬京伝墓,想定震度,都心南部直下地震,想定震度｜都心南部直下地震
174,seismic,都心南部直下地震,6.2,6強以上,,,13107,墨田区,Tokyo Metropolitan,Designated,記念物,旧跡,point,磐瀬京山墓,想定震度,都心南部直下地震,想定震度｜都心南部直下地震
197,seismic,都心南部直下地震,5.977,6弱,,,13107,墨田区,Tokyo Metropolitan,Designated,記念物,名勝,point,旧安田庭園,想定震度,都心南部直下地震,想定震度｜都心南部直下地震
131075100001,seismic,都心南部直下地震,5.995,6弱,,,13107,墨田区,Municipal,Unknown,有形文化財,建造物,building_direct,牛嶋神社石造鳥居,想定震度,都心南部直下地震,想定震度｜都心南部直下地震
131075100002,seismic,都心南部直下地震,6.111,6強以上,,,13107,墨田区,Municipal,Unknown,有形文化財,建造物,building_direct,白髭神社石造鳥居,想定震度,都心南部直下地震,想定震度｜都心南部直下地震
131075100003,seismic,都心南部直下地震,6.125,6強以上,,,13107,墨田区,Municipal,Unknown,有形文化財,建造物,building_direct,多聞寺山門,想定震度,都心南部直下地震,想定震度｜都心南部直下地震
131075100004,seismic,都心南部直下地震,6.124,6強以上,,,13107,墨田区,Municipal,Unknown,有形文化財,建造物,building_direct,旧小山家住宅,想定震度,都心南部直下地震,想定震度｜都心南部直下地震
131075100006,seismic,都心南部直下地震,6.066,6強以上,,,13107,墨田区,Municipal,Unknown,有形文化財,建造物,building_direct,三囲神社石造鳥居(堤下の大鳥居),想定震度,都心南部直下地震,想定震度｜都心南部直下地震
131075100007,seismic,都心南部直下地震,6.071,6強以上,,,13107,墨田区,Municipal,Unknown,有形文化財,建造物,building_direct,弘福寺本堂(大雄寳殿),想定震度,都心南部直下地震,想定震度｜都心南部直下地震
131075100008,seismic,都心南部直下地震,6.066,6強以上,,,13107,墨田区,Municipal,Unknown,有形文化財,建造物,building_direct,三囲神社本社,想定震度,都心南部直下地震,想定震度｜都心南部直下地震
131075100010,seismic,都心南部直下地震,5.995,6弱,,,13107,墨田区,Municipal,Unknown,有形文化財,建造物,building_direct,牛嶋神社社殿,想定震度,都心南部直下地震,想定震度｜都心南部直下地震
131075100011,seismic,都心南部直下地震,5.995,6弱,,,13107,墨田区,Municipal,Unknown,有形文化財,建造物,building_direct,牛嶋神社神輿蔵,想定震度,都心南部直下地震,想定震度｜都心南部直下地震
131075100012,seismic,都心南部直下地震,6.136,6強以上,,,13107,墨田区,Municipal,Unknown,有形文化財,建造物,building_direct,隅田川神社社殿,想定震度,都心南部直下地震,想定震度｜都心南部直下地震
131075100014,seismic,都心南部直下地震,6.027,6強以上,,,13107,墨田区,Municipal,Unknown,有形文化財,建造物,building_direct,實相寺熊谷稲荷堂 附再建関連文書ニ点・青図三枚・写真一点,想定震度,都心南部直下地震,想定震度｜都心南部直下地震
131075100016,seismic,都心南部直下地震,5.823,6弱,,,13107,墨田区,Municipal,Unknown,有形文化財,歴史資料,point,楢崎宗重博士旧蔵美術資料群(楢崎宗重コレクション),想定震度,都心南部直下地震,想定震度｜都心南部直下地震
131075100017,seismic,都心南部直下地震,5.823,6弱,,,13107,墨田区,Municipal,Unknown,有形文化財,歴史資料,point,紙本着色「隅田川両岸景色図」一巻,想定震度,都心南部直下地震,想定震度｜都心南部直下地震
131075100047,seismic,都心南部直下地震,6.139,6強以上,,,13107,墨田区,Municipal,Unknown,有形文化財,歴史資料,point,都鳥手鑑 ※非公開,想定震度,都心南部直下地震,想定震度｜都心南部直下地震
131075100048,seismic,都心南部直下地震,6.177,6強以上,,,13107,墨田区,Municipal,Unknown,有形文化財,歴史資料,point,正福寺の板碑,想定震度,都心南部直下地震,想定震度｜都心南部直下地震
131075100049,seismic,都心南部直下地震,6.163,6強以上,,,13107,墨田区,Municipal,Unknown,有形文化財,歴史資料,point,法泉寺所蔵板碑 ※非公開,想定震度,都心南部直下地震,想定震度｜都心南部直下地震
131075100050,seismic,都心南部直下地震,6.25,6強以上,,,13107,墨田区,Municipal,Unknown,有形文化財,歴史資料,point,啓運閣所蔵板碑 ※非公開,想定震度,都心南部直下地震,想定震度｜都心南部直下地震
131075100052,seismic,都心南部直下地震,6.073,6強以上,,,13107,墨田区,Municipal,Unknown,有形文化財,歴史資料,point,松尾芭蕉「いざさらば」の句碑 (雪見の句碑),想定震度,都心南部直下地震,想定震度｜都心南部直下地震
131075100053,seismic,都心南部直下地震,5.961,6弱,,,13107,墨田区,Municipal,Unknown,有形文化財,歴史資料,point,橋本家旧蔵板碑,想定震度,都心南部直下地震,想定震度｜都心南部直下地震
131075100054,seismic,都心南部直下地震,5.995,6弱,,,13107,墨田区,Municipal,Unknown,有形文化財,歴史資料,point,烏亭焉馬「いそがずば」の狂歌碑,想定震度,都心南部直下地震,想定震度｜都心南部直下地震
131075100055,seismic,都心南部直下地震,6.066,6強以上,,,13107,墨田区,Municipal,Unknown,有形文化財,歴史資料,point,宝井其角「ゆうだちや」の句碑 (雨乞いの句碑),想定震度,都心南部直下地震,想定震度｜都心南部直下地震
131075100056,seismic,都心南部直下地震,6.304,6強以上,,,13107,墨田区,Municipal,Unknown,有形文化財,歴史資料,point,秋葉神社の石造燈籠 寛保元年銘 二基 宝永元年銘 二基 宝永二年銘 二基,想定震度,都心南部直下地震,想定震度｜都心南部直下地震
131075100057,seismic,都心南部直下地震,6.127,6強以上,,,13107,墨田区,Municipal,Unknown,有形文化財,歴史資料,point,蓮花寺の石柱道標 文化十五年銘 一基 文政五年銘 一基,想定震度,都心南部直下地震,想定震度｜都心南部直下地震
131075100058,seismic,都心南部直下地震,6.193,6強以上,,,13107,墨田区,Municipal,Unknown,有形文化財,歴史資料,point,要津寺雪中庵関係石碑群,想定震度,都心南部直下地震,想定震度｜都心南部直下地震
131075100059,seismic,都心南部直下地震,6.125,6強以上,,,13107,墨田区,Municipal,Unknown,有形文化財,歴史資料,point,多聞寺の板碑,想定震度,都心南部直下地震,想定震度｜都心南部直下地震
131075100061,seismic,都心南部直下地震,6.202,6強以上,,,13107,墨田区,Municipal,Unknown,有形文化財,歴史資料,point,石造海難供養碑,想定震度,都心南部直下地震,想定震度｜都心南部直下地震
131075100062,seismic,都心南部直下地震,6.066,6強以上,,,13107,墨田区,Municipal,Unknown,有形文化財,歴史資料,point,三囲神社の石造常夜燈,想定震度,都心南部直下地震,想定震度｜都心南部直下地震
131075100063,seismic,都心南部直下地震,6.068,6強以上,,,13107,墨田区,Municipal,Unknown,有形文化財,歴史資料,point,石造墨堤永代常夜燈,想定震度,都心南部直下地震,想定震度｜都心南部直下地震
131075100064,seismic,都心南部直下地震,6.207,6強以上,,,13107,墨田区,Municipal,Unknown,有形文化財,歴史資料,point,吾嬬神社の連理の楠,想定震度,都心南部直下地震,想定震度｜都心南部直下地震
131075100065,seismic,都心南部直下地震,6.073,6強以上,,,13107,墨田区,Municipal,Unknown,有形文化財,歴史資料,point,墨堤植桜之碑,想定震度,都心南部直下地震,想定震度｜都心南部直下地震
131075100066,seismic,都心南部直下地震,6.264,6強以上,,,13107,墨田区,Municipal,Unknown,有形文化財,歴史資料,point,絹本墨書扁額「明明徳」,想定震度,都心南部直下地震,想定震度｜都心南部直下地震
131075100067,seismic,都心南部直下地震,6.287,6強以上,,,13107,墨田区,Municipal,Unknown,有形文化財,歴史資料,point,歌川豊広辞世の狂歌碑,想定震度,都心南部直下地震,想定震度｜都心南部直下地震
131075100068,seismic,都心南部直下地震,5.804,6弱,,,13107,墨田区,Municipal,Unknown,有形文化財,歴史資料,point,石造標柱「隅田公園入口」,想定震度,都心南部直下地震,想定震度｜都心南部直下地震
131075100069,seismic,都心南部直下地震,6.254,6強以上,,,13107,墨田区,Municipal,Unknown,有形文化財,歴史資料,point,石造「夜寉井銘」の碑,想定震度,都心南部直下地震,想定震度｜都心南部直下地震
131075100070,seismic,都心南部直下地震,6.068,6強以上,,,13107,墨田区,Municipal,Unknown,有形文化財,歴史資料,point,生月鯨太左衛門の墓 ※非公開,想定震度,都心南部直下地震,想定震度｜都心南部直下地震
131075100071,seismic,都心南部直下地震,6.202,6強以上,,,13107,墨田区,Municipal,Unknown,有形文化財,歴史資料,point,無縁法界塔,想定震度,都心南部直下地震,想定震度｜都心南部直下地震
131075100072,seismic,都心南部直下地震,6.098,6強以上,,,13107,墨田区,Municipal,Unknown,有形文化財,歴史資料,point,板坂如春の碑(2基),想定震度,都心南部直下地震,想定震度｜都心南部直下地震
131075100073,seismic,都心南部直下地震,5.961,6弱,,,13107,墨田区,Municipal,Unknown,有形文化財,歴史資料,point,芥川家旧蔵雛人形,想定震度,都心南部直下地震,想定震度｜都心南部直下地震
131075100074,seismic,都心南部直下地震,6.139,6強以上,,,13107,墨田区,Municipal,Unknown,有形文化財,歴史資料,point,「天下之糸平」の碑,想定震度,都心南部直下地震,想定震度｜都心南部直下地震
131075100075,seismic,都心南部直下地震,6.135,6強以上,,,13107,墨田区,Municipal,Unknown,有形文化財,歴史資料,point,大石三平墓,想定震度,都心南部直下地震,想定震度｜都心南部直下地震
131075100076,seismic,都心南部直下地震,6.2,6強以上,,,13107,墨田区,Municipal,Unknown,有形文化財,歴史資料,point,江島杉山神社の銅製釣燈籠,想定震度,都心南部直下地震,想定震度｜都心南部直下地震
131075100077,seismic,都心南部直下地震,6.315,6強以上,,,13107,墨田区,Municipal,Unknown,有形文化財,歴史資料,point,佐羽淡斎「墨多三絶」の漢詩碑,想定震度,都心南部直下地震,想定震度｜都心南部直下地震
131075100078,seismic,都心南部直下地震,6.139,6強以上,,,13107,墨田区,Municipal,Unknown,有形文化財,歴史資料,point,亀田鵬斎「題隅田堤櫻花」の漢詩碑,想定震度,都心南部直下地震,想定震度｜都心南部直下地震
131075100079,seismic,都心南部直下地震,6.207,6強以上,,,13107,墨田区,Municipal,Unknown,有形文化財,歴史資料,point,「吾嬬森碑」,想定震度,都心南部直下地震,想定震度｜都心南部直下地震
131075100080,seismic,都心南部直下地震,6.216,6強以上,,,13107,墨田区,Municipal,Unknown,有形文化財,歴史資料,point,近松門左衛門供養碑(断片) ※非公開,想定震度,都心南部直下地震,想定震度｜都心南部直下地震
131075100081,seismic,都心南部直下地震,6.066,6強以上,,,13107,墨田区,Municipal,Unknown,有形文化財,歴史資料,point,「一勇斎歌川先生墓表」(歌川国芳顕彰碑),想定震度,都心南部直下地震,想定震度｜都心南部直下地震
131075100082,seismic,都心南部直下地震,6.073,6強以上,,,13107,墨田区,Municipal,Unknown,有形文化財,歴史資料,point,「勝川春英翁略傳」の碑,想定震度,都心南部直下地震,想定震度｜都心南部直下地震
131075100083,seismic,都心南部直下地震,6.216,6強以上,,,13107,墨田区,Municipal,Unknown,有形文化財,歴史資料,point,初代歌川豊国筆塚(断片),想定震度,都心南部直下地震,想定震度｜都心南部直下地震
131075100084,seismic,都心南部直下地震,6.163,6強以上,,,13107,墨田区,Municipal,Unknown,有形文化財,歴史資料,point,窪俊満「故郷の」の歌碑,想定震度,都心南部直下地震,想定震度｜都心南部直下地震
131075100085,seismic,都心南部直下地震,5.961,6弱,,,13107,墨田区,Municipal,Unknown,有形文化財,歴史資料,point,鈴木家旧蔵雛人形,想定震度,都心南部直下地震,想定震度｜都心南部直下地震
131075100086,seismic,都心南部直下地震,6.222,6強以上,,,13107,墨田区,Municipal,Unknown,有形文化財,歴史資料,point,太田氏七代供養塔,想定震度,都心南部直下地震,想定震度｜都心南部直下地震
131075100087,seismic,都心南部直下地震,6.222,6強以上,,,13107,墨田区,Municipal,Unknown,有形文化財,歴史資料,point,旗本太田資同墓碑,想定震度,都心南部直下地震,想定震度｜都心南部直下地震
131075100088,seismic,都心南部直下地震,6.136,6強以上,,,13107,墨田区,Municipal,Unknown,有形文化財,歴史資料,point,隅田川神社資料,想定震度,都心南部直下地震,想定震度｜都心南部直下地震
131075100089,seismic,都心南部直下地震,6.136,6強以上,,,13107,墨田区,Municipal,Unknown,有形文化財,歴史資料,point,矢掛弓雄関係石碑群,想定震度,都心南部直下地震,想定震度｜都心南部直下地震
131075100090,seismic,都心南部直下地震,6.136,6強以上,,,13107,墨田区,Municipal,Unknown,有形文化財,歴史資料,point,木阿弥(元杢網)「けふよりも」の歌碑,想定震度,都心南部直下地震,想定震度｜都心南部直下地震
131075100091,seismic,都心南部直下地震,6.202,6強以上,,,13107,墨田区,Municipal,Unknown,有形文化財,歴史資料,point,義士墓(那珂湊戦争関連資料),想定震度,都心南部直下地震,想定震度｜都心南部直下地震
131075100092,seismic,都心南部直下地震,6.202,6強以上,,,13107,墨田区,Municipal,Unknown,有形文化財,歴史資料,point,回向院の石造歴史災害供養塔群,想定震度,都心南部直下地震,想定震度｜都心南部直下地震
131075100095,seismic,都心南部直下地震,5.995,6弱,,,13107,墨田区,Municipal,Unknown,民俗文化財,有形民俗文化財,point,牛嶋神社の石造狛犬 享保十四年銘 一対 文政十年銘 一対,想定震度,都心南部直下地震,想定震度｜都心南部直下地震
131075100096,seismic,都心南部直下地震,6.066,6強以上,,,13107,墨田区,Municipal,Unknown,民俗文化財,有形民俗文化財,point,三囲神社の石造狛犬,想定震度,都心南部直下地震,想定震度｜都心南部直下地震
131075100097,seismic,都心南部直下地震,5.893,6弱,,,13107,墨田区,Municipal,Unknown,民俗文化財,有形民俗文化財,point,如意輪寺の六面六地蔵石幢,想定震度,都心南部直下地震,想定震度｜都心南部直下地震
131075100098,seismic,都心南部直下地震,6.177,6強以上,,,13107,墨田区,Municipal,Unknown,民俗文化財,有形民俗文化財,point,正福寺の石造阿弥陀如来立像,想定震度,都心南部直下地震,想定震度｜都心南部直下地震
131075100099,seismic,都心南部直下地震,6.125,6強以上,,,13107,墨田区,Municipal,Unknown,民俗文化財,有形民俗文化財,point,多聞寺の石造庚申塔(阿弥陀如来),想定震度,都心南部直下地震,想定震度｜都心南部直下地震
131075100100,seismic,都心南部直下地震,6.139,6強以上,,,13107,墨田区,Municipal,Unknown,民俗文化財,有形民俗文化財,point,圓徳寺の石造庚申塔(釈迦如来),想定震度,都心南部直下地震,想定震度｜都心南部直下地震
131075100101,seismic,都心南部直下地震,6.207,6強以上,,,13107,墨田区,Municipal,Unknown,民俗文化財,有形民俗文化財,point,吾嬬神社の石造狛犬,想定震度,都心南部直下地震,想定震度｜都心南部直下地震
131075100103,seismic,都心南部直下地震,6.253,6強以上,,,13107,墨田区,Municipal,Unknown,民俗文化財,有形民俗文化財,point,萬福寺の石造庚申塔 (青面金剛童子),想定震度,都心南部直下地震,想定震度｜都心南部直下地震
131075100104,seismic,都心南部直下地震,6.315,6強以上,,,13107,墨田区,Municipal,Unknown,民俗文化財,有形民俗文化財,point,白鬚神社の石造狛犬,想定震度,都心南部直下地震,想定震度｜都心南部直下地震
131075100105,seismic,都心南部直下地震,6.25,6強以上,,,13107,墨田区,Municipal,Unknown,民俗文化財,有形民俗文化財,point,香取神社の石造水鉢(禊盥),想定震度,都心南部直下地震,想定震度｜都心南部直下地震
131075100106,seismic,都心南部直下地震,5.995,6弱,,,13107,墨田区,Municipal,Unknown,民俗文化財,有形民俗文化財,point,牛嶋神社の石造神牛,想定震度,都心南部直下地震,想定震度｜都心南部直下地震
131075100107,seismic,都心南部直下地震,6.066,6強以上,,,13107,墨田区,Municipal,Unknown,民俗文化財,有形民俗文化財,point,三囲神社の石造神狐,想定震度,都心南部直下地震,想定震度｜都心南部直下地震
131075100108,seismic,都心南部直下地震,6.073,6強以上,,,13107,墨田区,Municipal,Unknown,民俗文化財,有形民俗文化財,point,長命寺の石造庚申塔 (地蔵菩薩),想定震度,都心南部直下地震,想定震度｜都心南部直下地震
131075100109,seismic,都心南部直下地震,6.201,6強以上,,,13107,墨田区,Municipal,Unknown,民俗文化財,有形民俗文化財,point,正覚寺の石造庚申塔(青面金剛童子),想定震度,都心南部直下地震,想定震度｜都心南部直下地震
131075100110,seismic,都心南部直下地震,6.202,6強以上,,,13107,墨田区,Municipal,Unknown,民俗文化財,有形民俗文化財,point,回向院の石造阿弥陀三尊立像,想定震度,都心南部直下地震,想定震度｜都心南部直下地震
131075100111,seismic,都心南部直下地震,6.474,6強以上,,,13107,墨田区,Municipal,Unknown,民俗文化財,有形民俗文化財,point,円通寺の石造地蔵菩薩立像,想定震度,都心南部直下地震,想定震度｜都心南部直下地震
131075100112,seismic,都心南部直下地震,6.125,6強以上,,,13107,墨田区,Municipal,Unknown,民俗文化財,有形民俗文化財,point,多聞寺の石造六地蔵坐像,想定震度,都心南部直下地震,想定震度｜都心南部直下地震
131075100113,seismic,都心南部直下地震,6.163,6強以上,,,13107,墨田区,Municipal,Unknown,民俗文化財,有形民俗文化財,point,法泉寺の石造地蔵菩薩立像,想定震度,都心南部直下地震,想定震度｜都心南部直下地震
131075100114,seismic,都心南部直下地震,6.098,6強以上,,,13107,墨田区,Municipal,Unknown,民俗文化財,有形民俗文化財,point,東漸寺の石造庚申道標,想定震度,都心南部直下地震,想定震度｜都心南部直下地震
131075100115,seismic,都心南部直下地震,5.995,6弱,,,13107,墨田区,Municipal,Unknown,民俗文化財,有形民俗文化財,point,牛嶋神社境内力石群,想定震度,都心南部直下地震,想定震度｜都心南部直下地震
131075100116,seismic,都心南部直下地震,6.289,6強以上,,,13107,墨田区,Municipal,Unknown,民俗文化財,有形民俗文化財,point,力石,想定震度,都心南部直下地震,想定震度｜都心南部直下地震
131075100117,seismic,都心南部直下地震,6.207,6強以上,,,13107,墨田区,Municipal,Unknown,民俗文化財,有形民俗文化財,point,吾嬬神社境内力石群,想定震度,都心南部直下地震,想定震度｜都心南部直下地震
131075100118,seismic,都心南部直下地震,5.995,6弱,,,13107,墨田区,Municipal,Unknown,民俗文化財,有形民俗文化財,point,牛嶋神社石造神牛(撫牛),想定震度,都心南部直下地震,想定震度｜都心南部直下地震
131075100119,seismic,都心南部直下地震,6.202,6強以上,,,13107,墨田区,Municipal,Unknown,民俗文化財,有形民俗文化財,point,鼠小僧供養碑(鼠小僧の墓),想定震度,都心南部直下地震,想定震度｜都心南部直下地震
131075100120,seismic,都心南部直下地震,6.06,6強以上,,,13107,墨田区,Municipal,Unknown,民俗文化財,有形民俗文化財,point,安藤家旧蔵田舟,想定震度,都心南部直下地震,想定震度｜都心南部直下地震
131075100121,seismic,都心南部直下地震,6.2,6強以上,,,13107,墨田区,Municipal,Unknown,民俗文化財,有形民俗文化財,point,江島杉山神社境内力石,想定震度,都心南部直下地震,想定震度｜都心南部直下地震
131075100122,seismic,都心南部直下地震,6.48,6強以上,,,13107,墨田区,Municipal,Unknown,民俗文化財,有形民俗文化財,point,山玉向嶋講社の碑,想定震度,都心南部直下地震,想定震度｜都心南部直下地震
131075100123,seismic,都心南部直下地震,6.315,6強以上,,,13107,墨田区,Municipal,Unknown,民俗文化財,有形民俗文化財,point,山玉向嶋講社の碑,想定震度,都心南部直下地震,想定震度｜都心南部直下地震
131075100124,seismic,都心南部直下地震,6.073,6強以上,,,13107,墨田区,Municipal,Unknown,民俗文化財,有形民俗文化財,point,出羽三山の碑,想定震度,都心南部直下地震,想定震度｜都心南部直下地震
131075100125,seismic,都心南部直下地震,5.961,6弱,,,13107,墨田区,Municipal,Unknown,民俗文化財,有形民俗文化財,point,柳嶋村念仏講道具一式 附関連文書,想定震度,都心南部直下地震,想定震度｜都心南部直下地震
131075100149,seismic,都心南部直下地震,6.118,6強以上,,,13107,墨田区,Municipal,Unknown,民俗文化財,無形民俗文化財(民俗芸能),point,隅田囃子(箕輪囃子),想定震度,都心南部直下地震,想定震度｜都心南部直下地震
131075100150,seismic,都心南部直下地震,6.073,6強以上,,,13107,墨田区,Municipal,Unknown,民俗文化財,無形民俗文化財(風俗慣習),point,隅田川七福神めぐり,想定震度,都心南部直下地震,想定震度｜都心南部直下地震
131075100151,seismic,都心南部直下地震,6.068,6強以上,,,13107,墨田区,Municipal,Unknown,記念物,史跡,point,肥前平戸藩松浦家墓所 ※非公開,想定震度,都心南部直下地震,想定震度｜都心南部直下地震
131075100152,seismic,都心南部直下地震,6.073,6強以上,,,13107,墨田区,Municipal,Unknown,記念物,史跡,point,橘守部墓・橘冬照墓,想定震度,都心南部直下地震,想定震度｜都心南部直下地震
131075100153,seismic,都心南部直下地震,6.071,6強以上,,,13107,墨田区,Municipal,Unknown,記念物,史跡,point,池田冠山墓,想定震度,都心南部直下地震,想定震度｜都心南部直下地震
131075100154,seismic,都心南部直下地震,6.193,6強以上,,,13107,墨田区,Municipal,Unknown,記念物,史跡,point,常陸笠間藩牧野家墓所 ※非公開,想定震度,都心南部直下地震,想定震度｜都心南部直下地震
131075100155,seismic,都心南部直下地震,6.202,6強以上,,,13107,墨田区,Municipal,Unknown,記念物,史跡,point,回向院相撲関係石碑群(力塚),想定震度,都心南部直下地震,想定震度｜都心南部直下地震
131075100156,seismic,都心南部直下地震,6.474,6強以上,,,13107,墨田区,Municipal,Unknown,記念物,天然記念物,point,飛木稲荷神社のイチョウ,想定震度,都心南部直下地震,想定震度｜都心南部直下地震
131075100157,seismic,都心南部直下地震,6.056,6強以上,,,13107,墨田区,Municipal,Unknown,記念物,名勝,point,墨堤の桜,想定震度,都心南部直下地震,想定震度｜都心南部直下地震
official_export_002:99,seismic,都心南部直下地震,6.067,6強以上,,,13107,墨田区,National,Registered,有形文化財,建造物,building_direct,割烹美家古向島本店店舗,想定震度,都心南部直下地震,想定震度｜都心南部直下地震
official_export_002:276,seismic,都心南部直下地震,6.247,6強以上,,,13107,墨田区,National,Registered,有形文化財,建造物,building_direct,墨田区立言問小学校校舎,想定震度,都心南部直下地震,想定震度｜都心南部直下地震
official_export_002:277,seismic,都心南部直下地震,6.244,6強以上,,,13107,墨田区,National,Registered,有形文化財,建造物,building_direct,墨田区立言問小学校講堂,想定震度,都心南部直下地震,想定震度｜都心南部直下地震
official_export_002:327,seismic,都心南部直下地震,6.266,6強以上,,,13107,墨田区,National,Registered,有形文化財,建造物,building_direct,照田家住宅主屋,想定震度,都心南部直下地震,想定震度｜都心南部直下地震
official_export_003:65,seismic,都心南部直下地震,6.151,6強以上,,,13107,墨田区,National,Designated,記念物,天然記念物,point,向島百花園,想定震度,都心南部直下地震,想定震度｜都心南部直下地震
95,seismic,都心東部直下地震,5.784,6弱,,,13107,墨田区,Tokyo Metropolitan,Designated,有形文化財,歴史資料,point,石造明暦大火横死者等供養塔,想定震度,都心東部直下地震,想定震度｜都心東部直下地震
171,seismic,都心東部直下地震,6.343,6強以上,,,13107,墨田区,Tokyo Metropolitan,Designated,記念物,旧跡,point,赤穂浪士元禄義挙の跡,想定震度,都心東部直下地震,想定震度｜都心東部直下地震
172,seismic,都心東部直下地震,6.251,6強以上,,,13107,墨田区,Tokyo Metropolitan,Designated,記念物,旧跡,point,加藤千蔭墓,想定震度,都心東部直下地震,想定震度｜都心東部直下地震
173,seismic,都心東部直下地震,6.251,6強以上,,,13107,墨田区,Tokyo Metropolitan,Designated,記念物,旧跡,point,磐瀬京伝墓,想定震度,都心東部直下地震,想定震度｜都心東部直下地震
174,seismic,都心東部直下地震,6.251,6強以上,,,13107,墨田区,Tokyo Metropolitan,Designated,記念物,旧跡,point,磐瀬京山墓,想定震度,都心東部直下地震,想定震度｜都心東部直下地震
197,seismic,都心東部直下地震,6.059,6強以上,,,13107,墨田区,Tokyo Metropolitan,Designated,記念物,名勝,point,旧安田庭園,想定震度,都心東部直下地震,想定震度｜都心東部直下地震
131075100001,seismic,都心東部直下地震,6.075,6強以上,,,13107,墨田区,Municipal,Unknown,有形文化財,建造物,building_direct,牛嶋神社石造鳥居,想定震度,都心東部直下地震,想定震度｜都心東部直下地震
131075100002,seismic,都心東部直下地震,6.19,6強以上,,,13107,墨田区,Municipal,Unknown,有形文化財,建造物,building_direct,白髭神社石造鳥居,想定震度,都心東部直下地震,想定震度｜都心東部直下地震
131075100003,seismic,都心東部直下地震,6.329,6強以上,,,13107,墨田区,Municipal,Unknown,有形文化財,建造物,building_direct,多聞寺山門,想定震度,都心東部直下地震,想定震度｜都心東部直下地震
131075100004,seismic,都心東部直下地震,6.188,6強以上,,,13107,墨田区,Municipal,Unknown,有形文化財,建造物,building_direct,旧小山家住宅,想定震度,都心東部直下地震,想定震度｜都心東部直下地震
131075100006,seismic,都心東部直下地震,6.172,6強以上,,,13107,墨田区,Municipal,Unknown,有形文化財,建造物,building_direct,三囲神社石造鳥居(堤下の大鳥居),想定震度,都心東部直下地震,想定震度｜都心東部直下地震
131075100007,seismic,都心東部直下地震,6.193,6強以上,,,13107,墨田区,Municipal,Unknown,有形文化財,建造物,building_direct,弘福寺本堂(大雄寳殿),想定震度,都心東部直下地震,想定震度｜都心東部直下地震
131075100008,seismic,都心東部直下地震,6.172,6強以上,,,13107,墨田区,Municipal,Unknown,有形文化財,建造物,building_direct,三囲神社本社,想定震度,都心東部直下地震,想定震度｜都心東部直下地震
131075100010,seismic,都心東部直下地震,6.075,6強以上,,,13107,墨田区,Municipal,Unknown,有形文化財,建造物,building_direct,牛嶋神社社殿,想定震度,都心東部直下地震,想定震度｜都心東部直下地震
131075100011,seismic,都心東部直下地震,6.075,6強以上,,,13107,墨田区,Municipal,Unknown,有形文化財,建造物,building_direct,牛嶋神社神輿蔵,想定震度,都心東部直下地震,想定震度｜都心東部直下地震
131075100012,seismic,都心東部直下地震,6.359,6強以上,,,13107,墨田区,Municipal,Unknown,有形文化財,建造物,building_direct,隅田川神社社殿,想定震度,都心東部直下地震,想定震度｜都心東部直下地震
131075100014,seismic,都心東部直下地震,6.157,6強以上,,,13107,墨田区,Municipal,Unknown,有形文化財,建造物,building_direct,實相寺熊谷稲荷堂 附再建関連文書ニ点・青図三枚・写真一点,想定震度,都心東部直下地震,想定震度｜都心東部直下地震
131075100016,seismic,都心東部直下地震,5.952,6弱,,,13107,墨田区,Municipal,Unknown,有形文化財,歴史資料,point,楢崎宗重博士旧蔵美術資料群(楢崎宗重コレクション),想定震度,都心東部直下地震,想定震度｜都心東部直下地震
131075100017,seismic,都心東部直下地震,5.952,6弱,,,13107,墨田区,Municipal,Unknown,有形文化財,歴史資料,point,紙本着色「隅田川両岸景色図」一巻,想定震度,都心東部直下地震,想定震度｜都心東部直下地震
131075100047,seismic,都心東部直下地震,6.352,6強以上,,,13107,墨田区,Municipal,Unknown,有形文化財,歴史資料,point,都鳥手鑑 ※非公開,想定震度,都心東部直下地震,想定震度｜都心東部直下地震
131075100048,seismic,都心東部直下地震,6.425,6強以上,,,13107,墨田区,Municipal,Unknown,有形文化財,歴史資料,point,正福寺の板碑,想定震度,都心東部直下地震,想定震度｜都心東部直下地震
131075100049,seismic,都心東部直下地震,6.362,6強以上,,,13107,墨田区,Municipal,Unknown,有形文化財,歴史資料,point,法泉寺所蔵板碑 ※非公開,想定震度,都心東部直下地震,想定震度｜都心東部直下地震
131075100050,seismic,都心東部直下地震,6.461,6強以上,,,13107,墨田区,Municipal,Unknown,有形文化財,歴史資料,point,啓運閣所蔵板碑 ※非公開,想定震度,都心東部直下地震,想定震度｜都心東部直下地震
131075100052,seismic,都心東部直下地震,6.201,6強以上,,,13107,墨田区,Municipal,Unknown,有形文化財,歴史資料,point,松尾芭蕉「いざさらば」の句碑 (雪見の句碑),想定震度,都心東部直下地震,想定震度｜都心東部直下地震
131075100053,seismic,都心東部直下地震,6.052,6強以上,,,13107,墨田区,Municipal,Unknown,有形文化財,歴史資料,point,橋本家旧蔵板碑,想定震度,都心東部直下地震,想定震度｜都心東部直下地震
131075100054,seismic,都心東部直下地震,6.075,6強以上,,,13107,墨田区,Municipal,Unknown,有形文化財,歴史資料,point,烏亭焉馬「いそがずば」の狂歌碑,想定震度,都心東部直下地震,想定震度｜都心東部直下地震
131075100055,seismic,都心東部直下地震,6.172,6強以上,,,13107,墨田区,Municipal,Unknown,有形文化財,歴史資料,point,宝井其角「ゆうだちや」の句碑 (雨乞いの句碑),想定震度,都心東部直下地震,想定震度｜都心東部直下地震
131075100056,seismic,都心東部直下地震,6.387,6強以上,,,13107,墨田区,Municipal,Unknown,有形文化財,歴史資料,point,秋葉神社の石造燈籠 寛保元年銘 二基 宝永元年銘 二基 宝永二年銘 二基,想定震度,都心東部直下地震,想定震度｜都心東部直下地震
131075100057,seismic,都心東部直下地震,6.322,6強以上,,,13107,墨田区,Municipal,Unknown,有形文化財,歴史資料,point,蓮花寺の石柱道標 文化十五年銘 一基 文政五年銘 一基,想定震度,都心東部直下地震,想定震度｜都心東部直下地震
131075100058,seismic,都心東部直下地震,6.228,6強以上,,,13107,墨田区,Municipal,Unknown,有形文化財,歴史資料,point,要津寺雪中庵関係石碑群,想定震度,都心東部直下地震,想定震度｜都心東部直下地震
131075100059,seismic,都心東部直下地震,6.329,6強以上,,,13107,墨田区,Municipal,Unknown,有形文化財,歴史資料,point,多聞寺の板碑,想定震度,都心東部直下地震,想定震度｜都心東部直下地震
131075100061,seismic,都心東部直下地震,6.262,6強以上,,,13107,墨田区,Municipal,Unknown,有形文化財,歴史資料,point,石造海難供養碑,想定震度,都心東部直下地震,想定震度｜都心東部直下地震
131075100062,seismic,都心東部直下地震,6.172,6強以上,,,13107,墨田区,Municipal,Unknown,有形文化財,歴史資料,point,三囲神社の石造常夜燈,想定震度,都心東部直下地震,想定震度｜都心東部直下地震
131075100063,seismic,都心東部直下地震,6.217,6強以上,,,13107,墨田区,Municipal,Unknown,有形文化財,歴史資料,point,石造墨堤永代常夜燈,想定震度,都心東部直下地震,想定震度｜都心東部直下地震
131075100064,seismic,都心東部直下地震,6.242,6強以上,,,13107,墨田区,Municipal,Unknown,有形文化財,歴史資料,point,吾嬬神社の連理の楠,想定震度,都心東部直下地震,想定震度｜都心東部直下地震
131075100065,seismic,都心東部直下地震,6.201,6強以上,,,13107,墨田区,Municipal,Unknown,有形文化財,歴史資料,point,墨堤植桜之碑,想定震度,都心東部直下地震,想定震度｜都心東部直下地震
131075100066,seismic,都心東部直下地震,6.377,6強以上,,,13107,墨田区,Municipal,Unknown,有形文化財,歴史資料,point,絹本墨書扁額「明明徳」,想定震度,都心東部直下地震,想定震度｜都心東部直下地震
131075100067,seismic,都心東部直下地震,6.5,6強以上,,,13107,墨田区,Municipal,Unknown,有形文化財,歴史資料,point,歌川豊広辞世の狂歌碑,想定震度,都心東部直下地震,想定震度｜都心東部直下地震
131075100068,seismic,都心東部直下地震,5.929,6弱,,,13107,墨田区,Municipal,Unknown,有形文化財,歴史資料,point,石造標柱「隅田公園入口」,想定震度,都心東部直下地震,想定震度｜都心東部直下地震
131075100069,seismic,都心東部直下地震,6.34,6強以上,,,13107,墨田区,Municipal,Unknown,有形文化財,歴史資料,point,石造「夜寉井銘」の碑,想定震度,都心東部直下地震,想定震度｜都心東部直下地震
131075100070,seismic,都心東部直下地震,6.163,6強以上,,,13107,墨田区,Municipal,Unknown,有形文化財,歴史資料,point,生月鯨太左衛門の墓 ※非公開,想定震度,都心東部直下地震,想定震度｜都心東部直下地震
131075100071,seismic,都心東部直下地震,6.262,6強以上,,,13107,墨田区,Municipal,Unknown,有形文化財,歴史資料,point,無縁法界塔,想定震度,都心東部直下地震,想定震度｜都心東部直下地震
131075100072,seismic,都心東部直下地震,6.174,6強以上,,,13107,墨田区,Municipal,Unknown,有形文化財,歴史資料,point,板坂如春の碑(2基),想定震度,都心東部直下地震,想定震度｜都心東部直下地震
131075100073,seismic,都心東部直下地震,6.052,6強以上,,,13107,墨田区,Municipal,Unknown,有形文化財,歴史資料,point,芥川家旧蔵雛人形,想定震度,都心東部直下地震,想定震度｜都心東部直下地震
131075100074,seismic,都心東部直下地震,6.352,6強以上,,,13107,墨田区,Municipal,Unknown,有形文化財,歴史資料,point,「天下之糸平」の碑,想定震度,都心東部直下地震,想定震度｜都心東部直下地震
131075100075,seismic,都心東部直下地震,6.232,6強以上,,,13107,墨田区,Municipal,Unknown,有形文化財,歴史資料,point,大石三平墓,想定震度,都心東部直下地震,想定震度｜都心東部直下地震
131075100076,seismic,都心東部直下地震,6.236,6強以上,,,13107,墨田区,Municipal,Unknown,有形文化財,歴史資料,point,江島杉山神社の銅製釣燈籠,想定震度,都心東部直下地震,想定震度｜都心東部直下地震
131075100077,seismic,都心東部直下地震,6.518,6強以上,,,13107,墨田区,Municipal,Unknown,有形文化財,歴史資料,point,佐羽淡斎「墨多三絶」の漢詩碑,想定震度,都心東部直下地震,想定震度｜都心東部直下地震
131075100078,seismic,都心東部直下地震,6.352,6強以上,,,13107,墨田区,Municipal,Unknown,有形文化財,歴史資料,point,亀田鵬斎「題隅田堤櫻花」の漢詩碑,想定震度,都心東部直下地震,想定震度｜都心東部直下地震
131075100079,seismic,都心東部直下地震,6.242,6強以上,,,13107,墨田区,Municipal,Unknown,有形文化財,歴史資料,point,「吾嬬森碑」,想定震度,都心東部直下地震,想定震度｜都心東部直下地震
131075100080,seismic,都心東部直下地震,6.297,6強以上,,,13107,墨田区,Municipal,Unknown,有形文化財,歴史資料,point,近松門左衛門供養碑(断片) ※非公開,想定震度,都心東部直下地震,想定震度｜都心東部直下地震
131075100081,seismic,都心東部直下地震,6.172,6強以上,,,13107,墨田区,Municipal,Unknown,有形文化財,歴史資料,point,「一勇斎歌川先生墓表」(歌川国芳顕彰碑),想定震度,都心東部直下地震,想定震度｜都心東部直下地震
131075100082,seismic,都心東部直下地震,6.201,6強以上,,,13107,墨田区,Municipal,Unknown,有形文化財,歴史資料,point,「勝川春英翁略傳」の碑,想定震度,都心東部直下地震,想定震度｜都心東部直下地震
131075100083,seismic,都心東部直下地震,6.297,6強以上,,,13107,墨田区,Municipal,Unknown,有形文化財,歴史資料,point,初代歌川豊国筆塚(断片),想定震度,都心東部直下地震,想定震度｜都心東部直下地震
131075100084,seismic,都心東部直下地震,6.362,6強以上,,,13107,墨田区,Municipal,Unknown,有形文化財,歴史資料,point,窪俊満「故郷の」の歌碑,想定震度,都心東部直下地震,想定震度｜都心東部直下地震
131075100085,seismic,都心東部直下地震,6.052,6強以上,,,13107,墨田区,Municipal,Unknown,有形文化財,歴史資料,point,鈴木家旧蔵雛人形,想定震度,都心東部直下地震,想定震度｜都心東部直下地震
131075100086,seismic,都心東部直下地震,6.311,6強以上,,,13107,墨田区,Municipal,Unknown,有形文化財,歴史資料,point,太田氏七代供養塔,想定震度,都心東部直下地震,想定震度｜都心東部直下地震
131075100087,seismic,都心東部直下地震,6.311,6強以上,,,13107,墨田区,Municipal,Unknown,有形文化財,歴史資料,point,旗本太田資同墓碑,想定震度,都心東部直下地震,想定震度｜都心東部直下地震
131075100088,seismic,都心東部直下地震,6.359,6強以上,,,13107,墨田区,Municipal,Unknown,有形文化財,歴史資料,point,隅田川神社資料,想定震度,都心東部直下地震,想定震度｜都心東部直下地震
131075100089,seismic,都心東部直下地震,6.359,6強以上,,,13107,墨田区,Municipal,Unknown,有形文化財,歴史資料,point,矢掛弓雄関係石碑群,想定震度,都心東部直下地震,想定震度｜都心東部直下地震
131075100090,seismic,都心東部直下地震,6.359,6強以上,,,13107,墨田区,Municipal,Unknown,有形文化財,歴史資料,point,木阿弥(元杢網)「けふよりも」の歌碑,想定震度,都心東部直下地震,想定震度｜都心東部直下地震
131075100091,seismic,都心東部直下地震,6.262,6強以上,,,13107,墨田区,Municipal,Unknown,有形文化財,歴史資料,point,義士墓(那珂湊戦争関連資料),想定震度,都心東部直下地震,想定震度｜都心東部直下地震
131075100092,seismic,都心東部直下地震,6.262,6強以上,,,13107,墨田区,Municipal,Unknown,有形文化財,歴史資料,point,回向院の石造歴史災害供養塔群,想定震度,都心東部直下地震,想定震度｜都心東部直下地震
131075100095,seismic,都心東部直下地震,6.075,6強以上,,,13107,墨田区,Municipal,Unknown,民俗文化財,有形民俗文化財,point,牛嶋神社の石造狛犬 享保十四年銘 一対 文政十年銘 一対,想定震度,都心東部直下地震,想定震度｜都心東部直下地震
131075100096,seismic,都心東部直下地震,6.172,6強以上,,,13107,墨田区,Municipal,Unknown,民俗文化財,有形民俗文化財,point,三囲神社の石造狛犬,想定震度,都心東部直下地震,想定震度｜都心東部直下地震
131075100097,seismic,都心東部直下地震,6.019,6強以上,,,13107,墨田区,Municipal,Unknown,民俗文化財,有形民俗文化財,point,如意輪寺の六面六地蔵石幢,想定震度,都心東部直下地震,想定震度｜都心東部直下地震
131075100098,seismic,都心東部直下地震,6.425,6強以上,,,13107,墨田区,Municipal,Unknown,民俗文化財,有形民俗文化財,point,正福寺の石造阿弥陀如来立像,想定震度,都心東部直下地震,想定震度｜都心東部直下地震
131075100099,seismic,都心東部直下地震,6.329,6強以上,,,13107,墨田区,Municipal,Unknown,民俗文化財,有形民俗文化財,point,多聞寺の石造庚申塔(阿弥陀如来),想定震度,都心東部直下地震,想定震度｜都心東部直下地震
131075100100,seismic,都心東部直下地震,6.38,6強以上,,,13107,墨田区,Municipal,Unknown,民俗文化財,有形民俗文化財,point,圓徳寺の石造庚申塔(釈迦如来),想定震度,都心東部直下地震,想定震度｜都心東部直下地震
131075100101,seismic,都心東部直下地震,6.242,6強以上,,,13107,墨田区,Municipal,Unknown,民俗文化財,有形民俗文化財,point,吾嬬神社の石造狛犬,想定震度,都心東部直下地震,想定震度｜都心東部直下地震
131075100103,seismic,都心東部直下地震,6.281,6強以上,,,13107,墨田区,Municipal,Unknown,民俗文化財,有形民俗文化財,point,萬福寺の石造庚申塔 (青面金剛童子),想定震度,都心東部直下地震,想定震度｜都心東部直下地震
131075100104,seismic,都心東部直下地震,6.518,6強以上,,,13107,墨田区,Municipal,Unknown,民俗文化財,有形民俗文化財,point,白鬚神社の石造狛犬,想定震度,都心東部直下地震,想定震度｜都心東部直下地震
131075100105,seismic,都心東部直下地震,6.287,6強以上,,,13107,墨田区,Municipal,Unknown,民俗文化財,有形民俗文化財,point,香取神社の石造水鉢(禊盥),想定震度,都心東部直下地震,想定震度｜都心東部直下地震
131075100106,seismic,都心東部直下地震,6.075,6強以上,,,13107,墨田区,Municipal,Unknown,民俗文化財,有形民俗文化財,point,牛嶋神社の石造神牛,想定震度,都心東部直下地震,想定震度｜都心東部直下地震
131075100107,seismic,都心東部直下地震,6.172,6強以上,,,13107,墨田区,Municipal,Unknown,民俗文化財,有形民俗文化財,point,三囲神社の石造神狐,想定震度,都心東部直下地震,想定震度｜都心東部直下地震
131075100108,seismic,都心東部直下地震,6.201,6強以上,,,13107,墨田区,Municipal,Unknown,民俗文化財,有形民俗文化財,point,長命寺の石造庚申塔 (地蔵菩薩),想定震度,都心東部直下地震,想定震度｜都心東部直下地震
131075100109,seismic,都心東部直下地震,6.343,6強以上,,,13107,墨田区,Municipal,Unknown,民俗文化財,有形民俗文化財,point,正覚寺の石造庚申塔(青面金剛童子),想定震度,都心東部直下地震,想定震度｜都心東部直下地震
131075100110,seismic,都心東部直下地震,6.262,6強以上,,,13107,墨田区,Municipal,Unknown,民俗文化財,有形民俗文化財,point,回向院の石造阿弥陀三尊立像,想定震度,都心東部直下地震,想定震度｜都心東部直下地震
131075100111,seismic,都心東部直下地震,6.583,6強以上,,,13107,墨田区,Municipal,Unknown,民俗文化財,有形民俗文化財,point,円通寺の石造地蔵菩薩立像,想定震度,都心東部直下地震,想定震度｜都心東部直下地震
131075100112,seismic,都心東部直下地震,6.329,6強以上,,,13107,墨田区,Municipal,Unknown,民俗文化財,有形民俗文化財,point,多聞寺の石造六地蔵坐像,想定震度,都心東部直下地震,想定震度｜都心東部直下地震
131075100113,seismic,都心東部直下地震,6.362,6強以上,,,13107,墨田区,Municipal,Unknown,民俗文化財,有形民俗文化財,point,法泉寺の石造地蔵菩薩立像,想定震度,都心東部直下地震,想定震度｜都心東部直下地震
131075100114,seismic,都心東部直下地震,6.174,6強以上,,,13107,墨田区,Municipal,Unknown,民俗文化財,有形民俗文化財,point,東漸寺の石造庚申道標,想定震度,都心東部直下地震,想定震度｜都心東部直下地震
131075100115,seismic,都心東部直下地震,6.075,6強以上,,,13107,墨田区,Municipal,Unknown,民俗文化財,有形民俗文化財,point,牛嶋神社境内力石群,想定震度,都心東部直下地震,想定震度｜都心東部直下地震
131075100116,seismic,都心東部直下地震,6.391,6強以上,,,13107,墨田区,Municipal,Unknown,民俗文化財,有形民俗文化財,point,力石,想定震度,都心東部直下地震,想定震度｜都心東部直下地震
131075100117,seismic,都心東部直下地震,6.242,6強以上,,,13107,墨田区,Municipal,Unknown,民俗文化財,有形民俗文化財,point,吾嬬神社境内力石群,想定震度,都心東部直下地震,想定震度｜都心東部直下地震
131075100118,seismic,都心東部直下地震,6.075,6強以上,,,13107,墨田区,Municipal,Unknown,民俗文化財,有形民俗文化財,point,牛嶋神社石造神牛(撫牛),想定震度,都心東部直下地震,想定震度｜都心東部直下地震
131075100119,seismic,都心東部直下地震,6.262,6強以上,,,13107,墨田区,Municipal,Unknown,民俗文化財,有形民俗文化財,point,鼠小僧供養碑(鼠小僧の墓),想定震度,都心東部直下地震,想定震度｜都心東部直下地震
131075100120,seismic,都心東部直下地震,6.161,6強以上,,,13107,墨田区,Municipal,Unknown,民俗文化財,有形民俗文化財,point,安藤家旧蔵田舟,想定震度,都心東部直下地震,想定震度｜都心東部直下地震
131075100121,seismic,都心東部直下地震,6.236,6強以上,,,13107,墨田区,Municipal,Unknown,民俗文化財,有形民俗文化財,point,江島杉山神社境内力石,想定震度,都心東部直下地震,想定震度｜都心東部直下地震
131075100122,seismic,都心東部直下地震,6.58,6強以上,,,13107,墨田区,Municipal,Unknown,民俗文化財,有形民俗文化財,point,山玉向嶋講社の碑,想定震度,都心東部直下地震,想定震度｜都心東部直下地震
131075100123,seismic,都心東部直下地震,6.518,6強以上,,,13107,墨田区,Municipal,Unknown,民俗文化財,有形民俗文化財,point,山玉向嶋講社の碑,想定震度,都心東部直下地震,想定震度｜都心東部直下地震
131075100124,seismic,都心東部直下地震,6.201,6強以上,,,13107,墨田区,Municipal,Unknown,民俗文化財,有形民俗文化財,point,出羽三山の碑,想定震度,都心東部直下地震,想定震度｜都心東部直下地震
131075100125,seismic,都心東部直下地震,6.052,6強以上,,,13107,墨田区,Municipal,Unknown,民俗文化財,有形民俗文化財,point,柳嶋村念仏講道具一式 附関連文書,想定震度,都心東部直下地震,想定震度｜都心東部直下地震
131075100149,seismic,都心東部直下地震,6.346,6強以上,,,13107,墨田区,Municipal,Unknown,民俗文化財,無形民俗文化財(民俗芸能),point,隅田囃子(箕輪囃子),想定震度,都心東部直下地震,想定震度｜都心東部直下地震
131075100150,seismic,都心東部直下地震,6.201,6強以上,,,13107,墨田区,Municipal,Unknown,民俗文化財,無形民俗文化財(風俗慣習),point,隅田川七福神めぐり,想定震度,都心東部直下地震,想定震度｜都心東部直下地震
131075100151,seismic,都心東部直下地震,6.163,6強以上,,,13107,墨田区,Municipal,Unknown,記念物,史跡,point,肥前平戸藩松浦家墓所 ※非公開,想定震度,都心東部直下地震,想定震度｜都心東部直下地震
131075100152,seismic,都心東部直下地震,6.201,6強以上,,,13107,墨田区,Municipal,Unknown,記念物,史跡,point,橘守部墓・橘冬照墓,想定震度,都心東部直下地震,想定震度｜都心東部直下地震
131075100153,seismic,都心東部直下地震,6.193,6強以上,,,13107,墨田区,Municipal,Unknown,記念物,史跡,point,池田冠山墓,想定震度,都心東部直下地震,想定震度｜都心東部直下地震
131075100154,seismic,都心東部直下地震,6.228,6強以上,,,13107,墨田区,Municipal,Unknown,記念物,史跡,point,常陸笠間藩牧野家墓所 ※非公開,想定震度,都心東部直下地震,想定震度｜都心東部直下地震
131075100155,seismic,都心東部直下地震,6.262,6強以上,,,13107,墨田区,Municipal,Unknown,記念物,史跡,point,回向院相撲関係石碑群(力塚),想定震度,都心東部直下地震,想定震度｜都心東部直下地震
131075100156,seismic,都心東部直下地震,6.583,6強以上,,,13107,墨田区,Municipal,Unknown,記念物,天然記念物,point,飛木稲荷神社のイチョウ,想定震度,都心東部直下地震,想定震度｜都心東部直下地震
131075100157,seismic,都心東部直下地震,6.174,6強以上,,,13107,墨田区,Municipal,Unknown,記念物,名勝,point,墨堤の桜,想定震度,都心東部直下地震,想定震度｜都心東部直下地震
official_export_002:99,seismic,都心東部直下地震,6.206,6強以上,,,13107,墨田区,National,Registered,有形文化財,建造物,building_direct,割烹美家古向島本店店舗,想定震度,都心東部直下地震,想定震度｜都心東部直下地震
official_export_002:276,seismic,都心東部直下地震,6.369,6強以上,,,13107,墨田区,National,Registered,有形文化財,建造物,building_direct,墨田区立言問小学校校舎,想定震度,都心東部直下地震,想定震度｜都心東部直下地震
official_export_002:277,seismic,都心東部直下地震,6.392,6強以上,,,13107,墨田区,National,Registered,有形文化財,建造物,building_direct,墨田区立言問小学校講堂,想定震度,都心東部直下地震,想定震度｜都心東部直下地震
official_export_002:327,seismic,都心東部直下地震,6.292,6強以上,,,13107,墨田区,National,Registered,有形文化財,建造物,building_direct,照田家住宅主屋,想定震度,都心東部直下地震,想定震度｜都心東部直下地震
official_export_003:65,seismic,都心東部直下地震,6.351,6強以上,,,13107,墨田区,National,Designated,記念物,天然記念物,point,向島百花園,想定震度,都心東部直下地震,想定震度｜都心東部直下地震
95,seismic,都心西部直下地震,5.757,6弱,,,13107,墨田区,Tokyo Metropolitan,Designated,有形文化財,歴史資料,point,石造明暦大火横死者等供養塔,想定震度,都心西部直下地震,想定震度｜都心西部直下地震
171,seismic,都心西部直下地震,6.272,6強以上,,,13107,墨田区,Tokyo Metropolitan,Designated,記念物,旧跡,point,赤穂浪士元禄義挙の跡,想定震度,都心西部直下地震,想定震度｜都心西部直下地震
172,seismic,都心西部直下地震,6.18,6強以上,,,13107,墨田区,Tokyo Metropolitan,Designated,記念物,旧跡,point,加藤千蔭墓,想定震度,都心西部直下地震,想定震度｜都心西部直下地震
173,seismic,都心西部直下地震,6.18,6強以上,,,13107,墨田区,Tokyo Metropolitan,Designated,記念物,旧跡,point,磐瀬京伝墓,想定震度,都心西部直下地震,想定震度｜都心西部直下地震
174,seismic,都心西部直下地震,6.18,6強以上,,,13107,墨田区,Tokyo Metropolitan,Designated,記念物,旧跡,point,磐瀬京山墓,想定震度,都心西部直下地震,想定震度｜都心西部直下地震
197,seismic,都心西部直下地震,6.005,6強以上,,,13107,墨田区,Tokyo Metropolitan,Designated,記念物,名勝,point,旧安田庭園,想定震度,都心西部直下地震,想定震度｜都心西部直下地震
131075100001,seismic,都心西部直下地震,6.084,6強以上,,,13107,墨田区,Municipal,Unknown,有形文化財,建造物,building_direct,牛嶋神社石造鳥居,想定震度,都心西部直下地震,想定震度｜都心西部直下地震
131075100002,seismic,都心西部直下地震,6.19,6強以上,,,13107,墨田区,Municipal,Unknown,有形文化財,建造物,building_direct,白髭神社石造鳥居,想定震度,都心西部直下地震,想定震度｜都心西部直下地震
131075100003,seismic,都心西部直下地震,6.294,6強以上,,,13107,墨田区,Municipal,Unknown,有形文化財,建造物,building_direct,多聞寺山門,想定震度,都心西部直下地震,想定震度｜都心西部直下地震
131075100004,seismic,都心西部直下地震,6.191,6強以上,,,13107,墨田区,Municipal,Unknown,有形文化財,建造物,building_direct,旧小山家住宅,想定震度,都心西部直下地震,想定震度｜都心西部直下地震
131075100006,seismic,都心西部直下地震,6.163,6強以上,,,13107,墨田区,Municipal,Unknown,有形文化財,建造物,building_direct,三囲神社石造鳥居(堤下の大鳥居),想定震度,都心西部直下地震,想定震度｜都心西部直下地震
131075100007,seismic,都心西部直下地震,6.164,6強以上,,,13107,墨田区,Municipal,Unknown,有形文化財,建造物,building_direct,弘福寺本堂(大雄寳殿),想定震度,都心西部直下地震,想定震度｜都心西部直下地震
131075100008,seismic,都心西部直下地震,6.163,6強以上,,,13107,墨田区,Municipal,Unknown,有形文化財,建造物,building_direct,三囲神社本社,想定震度,都心西部直下地震,想定震度｜都心西部直下地震
131075100010,seismic,都心西部直下地震,6.084,6強以上,,,13107,墨田区,Municipal,Unknown,有形文化財,建造物,building_direct,牛嶋神社社殿,想定震度,都心西部直下地震,想定震度｜都心西部直下地震
131075100011,seismic,都心西部直下地震,6.084,6強以上,,,13107,墨田区,Municipal,Unknown,有形文化財,建造物,building_direct,牛嶋神社神輿蔵,想定震度,都心西部直下地震,想定震度｜都心西部直下地震
131075100012,seismic,都心西部直下地震,6.281,6強以上,,,13107,墨田区,Municipal,Unknown,有形文化財,建造物,building_direct,隅田川神社社殿,想定震度,都心西部直下地震,想定震度｜都心西部直下地震
131075100014,seismic,都心西部直下地震,6.151,6強以上,,,13107,墨田区,Municipal,Unknown,有形文化財,建造物,building_direct,實相寺熊谷稲荷堂 附再建関連文書ニ点・青図三枚・写真一点,想定震度,都心西部直下地震,想定震度｜都心西部直下地震
131075100016,seismic,都心西部直下地震,5.954,6弱,,,13107,墨田区,Municipal,Unknown,有形文化財,歴史資料,point,楢崎宗重博士旧蔵美術資料群(楢崎宗重コレクション),想定震度,都心西部直下地震,想定震度｜都心西部直下地震
131075100017,seismic,都心西部直下地震,5.954,6弱,,,13107,墨田区,Municipal,Unknown,有形文化財,歴史資料,point,紙本着色「隅田川両岸景色図」一巻,想定震度,都心西部直下地震,想定震度｜都心西部直下地震
131075100047,seismic,都心西部直下地震,6.285,6強以上,,,13107,墨田区,Municipal,Unknown,有形文化財,歴史資料,point,都鳥手鑑 ※非公開,想定震度,都心西部直下地震,想定震度｜都心西部直下地震
131075100048,seismic,都心西部直下地震,6.31,6強以上,,,13107,墨田区,Municipal,Unknown,有形文化財,歴史資料,point,正福寺の板碑,想定震度,都心西部直下地震,想定震度｜都心西部直下地震
131075100049,seismic,都心西部直下地震,6.206,6強以上,,,13107,墨田区,Municipal,Unknown,有形文化財,歴史資料,point,法泉寺所蔵板碑 ※非公開,想定震度,都心西部直下地震,想定震度｜都心西部直下地震
131075100050,seismic,都心西部直下地震,6.3,6強以上,,,13107,墨田区,Municipal,Unknown,有形文化財,歴史資料,point,啓運閣所蔵板碑 ※非公開,想定震度,都心西部直下地震,想定震度｜都心西部直下地震
131075100052,seismic,都心西部直下地震,6.163,6強以上,,,13107,墨田区,Municipal,Unknown,有形文化財,歴史資料,point,松尾芭蕉「いざさらば」の句碑 (雪見の句碑),想定震度,都心西部直下地震,想定震度｜都心西部直下地震
131075100053,seismic,都心西部直下地震,6.05,6強以上,,,13107,墨田区,Municipal,Unknown,有形文化財,歴史資料,point,橋本家旧蔵板碑,想定震度,都心西部直下地震,想定震度｜都心西部直下地震
131075100054,seismic,都心西部直下地震,6.084,6強以上,,,13107,墨田区,Municipal,Unknown,有形文化財,歴史資料,point,烏亭焉馬「いそがずば」の狂歌碑,想定震度,都心西部直下地震,想定震度｜都心西部直下地震
131075100055,seismic,都心西部直下地震,6.163,6強以上,,,13107,墨田区,Municipal,Unknown,有形文化財,歴史資料,point,宝井其角「ゆうだちや」の句碑 (雨乞いの句碑),想定震度,都心西部直下地震,想定震度｜都心西部直下地震
131075100056,seismic,都心西部直下地震,6.393,6強以上,,,13107,墨田区,Municipal,Unknown,有形文化財,歴史資料,point,秋葉神社の石造燈籠 寛保元年銘 二基 宝永元年銘 二基 宝永二年銘 二基,想定震度,都心西部直下地震,想定震度｜都心西部直下地震
131075100057,seismic,都心西部直下地震,6.206,6強以上,,,13107,墨田区,Municipal,Unknown,有形文化財,歴史資料,point,蓮花寺の石柱道標 文化十五年銘 一基 文政五年銘 一基,想定震度,都心西部直下地震,想定震度｜都心西部直下地震
131075100058,seismic,都心西部直下地震,6.126,6強以上,,,13107,墨田区,Municipal,Unknown,有形文化財,歴史資料,point,要津寺雪中庵関係石碑群,想定震度,都心西部直下地震,想定震度｜都心西部直下地震
131075100059,seismic,都心西部直下地震,6.294,6強以上,,,13107,墨田区,Municipal,Unknown,有形文化財,歴史資料,point,多聞寺の板碑,想定震度,都心西部直下地震,想定震度｜都心西部直下地震
131075100061,seismic,都心西部直下地震,6.19,6強以上,,,13107,墨田区,Municipal,Unknown,有形文化財,歴史資料,point,石造海難供養碑,想定震度,都心西部直下地震,想定震度｜都心西部直下地震
131075100062,seismic,都心西部直下地震,6.163,6強以上,,,13107,墨田区,Municipal,Unknown,有形文化財,歴史資料,point,三囲神社の石造常夜燈,想定震度,都心西部直下地震,想定震度｜都心西部直下地震
131075100063,seismic,都心西部直下地震,6.161,6強以上,,,13107,墨田区,Municipal,Unknown,有形文化財,歴史資料,point,石造墨堤永代常夜燈,想定震度,都心西部直下地震,想定震度｜都心西部直下地震
131075100064,seismic,都心西部直下地震,6.279,6強以上,,,13107,墨田区,Municipal,Unknown,有形文化財,歴史資料,point,吾嬬神社の連理の楠,想定震度,都心西部直下地震,想定震度｜都心西部直下地震
131075100065,seismic,都心西部直下地震,6.163,6強以上,,,13107,墨田区,Municipal,Unknown,有形文化財,歴史資料,point,墨堤植桜之碑,想定震度,都心西部直下地震,想定震度｜都心西部直下地震
131075100066,seismic,都心西部直下地震,6.392,6強以上,,,13107,墨田区,Municipal,Unknown,有形文化財,歴史資料,point,絹本墨書扁額「明明徳」,想定震度,都心西部直下地震,想定震度｜都心西部直下地震
131075100067,seismic,都心西部直下地震,6.382,6強以上,,,13107,墨田区,Municipal,Unknown,有形文化財,歴史資料,point,歌川豊広辞世の狂歌碑,想定震度,都心西部直下地震,想定震度｜都心西部直下地震
131075100068,seismic,都心西部直下地震,5.931,6弱,,,13107,墨田区,Municipal,Unknown,有形文化財,歴史資料,point,石造標柱「隅田公園入口」,想定震度,都心西部直下地震,想定震度｜都心西部直下地震
131075100069,seismic,都心西部直下地震,6.36,6強以上,,,13107,墨田区,Municipal,Unknown,有形文化財,歴史資料,point,石造「夜寉井銘」の碑,想定震度,都心西部直下地震,想定震度｜都心西部直下地震
131075100070,seismic,都心西部直下地震,6.182,6強以上,,,13107,墨田区,Municipal,Unknown,有形文化財,歴史資料,point,生月鯨太左衛門の墓 ※非公開,想定震度,都心西部直下地震,想定震度｜都心西部直下地震
131075100071,seismic,都心西部直下地震,6.19,6強以上,,,13107,墨田区,Municipal,Unknown,有形文化財,歴史資料,point,無縁法界塔,想定震度,都心西部直下地震,想定震度｜都心西部直下地震
131075100072,seismic,都心西部直下地震,6.186,6強以上,,,13107,墨田区,Municipal,Unknown,有形文化財,歴史資料,point,板坂如春の碑(2基),想定震度,都心西部直下地震,想定震度｜都心西部直下地震
131075100073,seismic,都心西部直下地震,6.05,6強以上,,,13107,墨田区,Municipal,Unknown,有形文化財,歴史資料,point,芥川家旧蔵雛人形,想定震度,都心西部直下地震,想定震度｜都心西部直下地震
131075100074,seismic,都心西部直下地震,6.285,6強以上,,,13107,墨田区,Municipal,Unknown,有形文化財,歴史資料,point,「天下之糸平」の碑,想定震度,都心西部直下地震,想定震度｜都心西部直下地震
131075100075,seismic,都心西部直下地震,6.247,6強以上,,,13107,墨田区,Municipal,Unknown,有形文化財,歴史資料,point,大石三平墓,想定震度,都心西部直下地震,想定震度｜都心西部直下地震
131075100076,seismic,都心西部直下地震,6.146,6強以上,,,13107,墨田区,Municipal,Unknown,有形文化財,歴史資料,point,江島杉山神社の銅製釣燈籠,想定震度,都心西部直下地震,想定震度｜都心西部直下地震
131075100077,seismic,都心西部直下地震,6.356,6強以上,,,13107,墨田区,Municipal,Unknown,有形文化財,歴史資料,point,佐羽淡斎「墨多三絶」の漢詩碑,想定震度,都心西部直下地震,想定震度｜都心西部直下地震
131075100078,seismic,都心西部直下地震,6.285,6強以上,,,13107,墨田区,Municipal,Unknown,有形文化財,歴史資料,point,亀田鵬斎「題隅田堤櫻花」の漢詩碑,想定震度,都心西部直下地震,想定震度｜都心西部直下地震
131075100079,seismic,都心西部直下地震,6.279,6強以上,,,13107,墨田区,Municipal,Unknown,有形文化財,歴史資料,point,「吾嬬森碑」,想定震度,都心西部直下地震,想定震度｜都心西部直下地震
131075100080,seismic,都心西部直下地震,6.315,6強以上,,,13107,墨田区,Municipal,Unknown,有形文化財,歴史資料,point,近松門左衛門供養碑(断片) ※非公開,想定震度,都心西部直下地震,想定震度｜都心西部直下地震
131075100081,seismic,都心西部直下地震,6.163,6強以上,,,13107,墨田区,Municipal,Unknown,有形文化財,歴史資料,point,「一勇斎歌川先生墓表」(歌川国芳顕彰碑),想定震度,都心西部直下地震,想定震度｜都心西部直下地震
131075100082,seismic,都心西部直下地震,6.163,6強以上,,,13107,墨田区,Municipal,Unknown,有形文化財,歴史資料,point,「勝川春英翁略傳」の碑,想定震度,都心西部直下地震,想定震度｜都心西部直下地震
131075100083,seismic,都心西部直下地震,6.315,6強以上,,,13107,墨田区,Municipal,Unknown,有形文化財,歴史資料,point,初代歌川豊国筆塚(断片),想定震度,都心西部直下地震,想定震度｜都心西部直下地震
131075100084,seismic,都心西部直下地震,6.206,6強以上,,,13107,墨田区,Municipal,Unknown,有形文化財,歴史資料,point,窪俊満「故郷の」の歌碑,想定震度,都心西部直下地震,想定震度｜都心西部直下地震
131075100085,seismic,都心西部直下地震,6.05,6強以上,,,13107,墨田区,Municipal,Unknown,有形文化財,歴史資料,point,鈴木家旧蔵雛人形,想定震度,都心西部直下地震,想定震度｜都心西部直下地震
131075100086,seismic,都心西部直下地震,6.305,6強以上,,,13107,墨田区,Municipal,Unknown,有形文化財,歴史資料,point,太田氏七代供養塔,想定震度,都心西部直下地震,想定震度｜都心西部直下地震
131075100087,seismic,都心西部直下地震,6.305,6強以上,,,13107,墨田区,Municipal,Unknown,有形文化財,歴史資料,point,旗本太田資同墓碑,想定震度,都心西部直下地震,想定震度｜都心西部直下地震
131075100088,seismic,都心西部直下地震,6.281,6強以上,,,13107,墨田区,Municipal,Unknown,有形文化財,歴史資料,point,隅田川神社資料,想定震度,都心西部直下地震,想定震度｜都心西部直下地震
131075100089,seismic,都心西部直下地震,6.281,6強以上,,,13107,墨田区,Municipal,Unknown,有形文化財,歴史資料,point,矢掛弓雄関係石碑群,想定震度,都心西部直下地震,想定震度｜都心西部直下地震
131075100090,seismic,都心西部直下地震,6.281,6強以上,,,13107,墨田区,Municipal,Unknown,有形文化財,歴史資料,point,木阿弥(元杢網)「けふよりも」の歌碑,想定震度,都心西部直下地震,想定震度｜都心西部直下地震
131075100091,seismic,都心西部直下地震,6.19,6強以上,,,13107,墨田区,Municipal,Unknown,有形文化財,歴史資料,point,義士墓(那珂湊戦争関連資料),想定震度,都心西部直下地震,想定震度｜都心西部直下地震
131075100092,seismic,都心西部直下地震,6.19,6強以上,,,13107,墨田区,Municipal,Unknown,有形文化財,歴史資料,point,回向院の石造歴史災害供養塔群,想定震度,都心西部直下地震,想定震度｜都心西部直下地震
131075100095,seismic,都心西部直下地震,6.084,6強以上,,,13107,墨田区,Municipal,Unknown,民俗文化財,有形民俗文化財,point,牛嶋神社の石造狛犬 享保十四年銘 一対 文政十年銘 一対,想定震度,都心西部直下地震,想定震度｜都心西部直下地震
131075100096,seismic,都心西部直下地震,6.163,6強以上,,,13107,墨田区,Municipal,Unknown,民俗文化財,有形民俗文化財,point,三囲神社の石造狛犬,想定震度,都心西部直下地震,想定震度｜都心西部直下地震
131075100097,seismic,都心西部直下地震,6.025,6強以上,,,13107,墨田区,Municipal,Unknown,民俗文化財,有形民俗文化財,point,如意輪寺の六面六地蔵石幢,想定震度,都心西部直下地震,想定震度｜都心西部直下地震
131075100098,seismic,都心西部直下地震,6.31,6強以上,,,13107,墨田区,Municipal,Unknown,民俗文化財,有形民俗文化財,point,正福寺の石造阿弥陀如来立像,想定震度,都心西部直下地震,想定震度｜都心西部直下地震
131075100099,seismic,都心西部直下地震,6.294,6強以上,,,13107,墨田区,Municipal,Unknown,民俗文化財,有形民俗文化財,point,多聞寺の石造庚申塔(阿弥陀如来),想定震度,都心西部直下地震,想定震度｜都心西部直下地震
131075100100,seismic,都心西部直下地震,6.281,6強以上,,,13107,墨田区,Municipal,Unknown,民俗文化財,有形民俗文化財,point,圓徳寺の石造庚申塔(釈迦如来),想定震度,都心西部直下地震,想定震度｜都心西部直下地震
131075100101,seismic,都心西部直下地震,6.279,6強以上,,,13107,墨田区,Municipal,Unknown,民俗文化財,有形民俗文化財,point,吾嬬神社の石造狛犬,想定震度,都心西部直下地震,想定震度｜都心西部直下地震
131075100103,seismic,都心西部直下地震,6.331,6強以上,,,13107,墨田区,Municipal,Unknown,民俗文化財,有形民俗文化財,point,萬福寺の石造庚申塔 (青面金剛童子),想定震度,都心西部直下地震,想定震度｜都心西部直下地震
131075100104,seismic,都心西部直下地震,6.356,6強以上,,,13107,墨田区,Municipal,Unknown,民俗文化財,有形民俗文化財,point,白鬚神社の石造狛犬,想定震度,都心西部直下地震,想定震度｜都心西部直下地震
131075100105,seismic,都心西部直下地震,6.319,6強以上,,,13107,墨田区,Municipal,Unknown,民俗文化財,有形民俗文化財,point,香取神社の石造水鉢(禊盥),想定震度,都心西部直下地震,想定震度｜都心西部直下地震
131075100106,seismic,都心西部直下地震,6.084,6強以上,,,13107,墨田区,Municipal,Unknown,民俗文化財,有形民俗文化財,point,牛嶋神社の石造神牛,想定震度,都心西部直下地震,想定震度｜都心西部直下地震
131075100107,seismic,都心西部直下地震,6.163,6強以上,,,13107,墨田区,Municipal,Unknown,民俗文化財,有形民俗文化財,point,三囲神社の石造神狐,想定震度,都心西部直下地震,想定震度｜都心西部直下地震
131075100108,seismic,都心西部直下地震,6.163,6強以上,,,13107,墨田区,Municipal,Unknown,民俗文化財,有形民俗文化財,point,長命寺の石造庚申塔 (地蔵菩薩),想定震度,都心西部直下地震,想定震度｜都心西部直下地震
131075100109,seismic,都心西部直下地震,6.255,6強以上,,,13107,墨田区,Municipal,Unknown,民俗文化財,有形民俗文化財,point,正覚寺の石造庚申塔(青面金剛童子),想定震度,都心西部直下地震,想定震度｜都心西部直下地震
131075100110,seismic,都心西部直下地震,6.19,6強以上,,,13107,墨田区,Municipal,Unknown,民俗文化財,有形民俗文化財,point,回向院の石造阿弥陀三尊立像,想定震度,都心西部直下地震,想定震度｜都心西部直下地震
131075100111,seismic,都心西部直下地震,6.591,6強以上,,,13107,墨田区,Municipal,Unknown,民俗文化財,有形民俗文化財,point,円通寺の石造地蔵菩薩立像,想定震度,都心西部直下地震,想定震度｜都心西部直下地震
131075100112,seismic,都心西部直下地震,6.294,6強以上,,,13107,墨田区,Municipal,Unknown,民俗文化財,有形民俗文化財,point,多聞寺の石造六地蔵坐像,想定震度,都心西部直下地震,想定震度｜都心西部直下地震
131075100113,seismic,都心西部直下地震,6.206,6強以上,,,13107,墨田区,Municipal,Unknown,民俗文化財,有形民俗文化財,point,法泉寺の石造地蔵菩薩立像,想定震度,都心西部直下地震,想定震度｜都心西部直下地震
131075100114,seismic,都心西部直下地震,6.186,6強以上,,,13107,墨田区,Municipal,Unknown,民俗文化財,有形民俗文化財,point,東漸寺の石造庚申道標,想定震度,都心西部直下地震,想定震度｜都心西部直下地震
131075100115,seismic,都心西部直下地震,6.084,6強以上,,,13107,墨田区,Municipal,Unknown,民俗文化財,有形民俗文化財,point,牛嶋神社境内力石群,想定震度,都心西部直下地震,想定震度｜都心西部直下地震
131075100116,seismic,都心西部直下地震,6.362,6強以上,,,13107,墨田区,Municipal,Unknown,民俗文化財,有形民俗文化財,point,力石,想定震度,都心西部直下地震,想定震度｜都心西部直下地震
131075100117,seismic,都心西部直下地震,6.279,6強以上,,,13107,墨田区,Municipal,Unknown,民俗文化財,有形民俗文化財,point,吾嬬神社境内力石群,想定震度,都心西部直下地震,想定震度｜都心西部直下地震
131075100118,seismic,都心西部直下地震,6.084,6強以上,,,13107,墨田区,Municipal,Unknown,民俗文化財,有形民俗文化財,point,牛嶋神社石造神牛(撫牛),想定震度,都心西部直下地震,想定震度｜都心西部直下地震
131075100119,seismic,都心西部直下地震,6.19,6強以上,,,13107,墨田区,Municipal,Unknown,民俗文化財,有形民俗文化財,point,鼠小僧供養碑(鼠小僧の墓),想定震度,都心西部直下地震,想定震度｜都心西部直下地震
131075100120,seismic,都心西部直下地震,6.153,6強以上,,,13107,墨田区,Municipal,Unknown,民俗文化財,有形民俗文化財,point,安藤家旧蔵田舟,想定震度,都心西部直下地震,想定震度｜都心西部直下地震
131075100121,seismic,都心西部直下地震,6.146,6強以上,,,13107,墨田区,Municipal,Unknown,民俗文化財,有形民俗文化財,point,江島杉山神社境内力石,想定震度,都心西部直下地震,想定震度｜都心西部直下地震
131075100122,seismic,都心西部直下地震,6.585,6強以上,,,13107,墨田区,Municipal,Unknown,民俗文化財,有形民俗文化財,point,山玉向嶋講社の碑,想定震度,都心西部直下地震,想定震度｜都心西部直下地震
131075100123,seismic,都心西部直下地震,6.356,6強以上,,,13107,墨田区,Municipal,Unknown,民俗文化財,有形民俗文化財,point,山玉向嶋講社の碑,想定震度,都心西部直下地震,想定震度｜都心西部直下地震
131075100124,seismic,都心西部直下地震,6.163,6強以上,,,13107,墨田区,Municipal,Unknown,民俗文化財,有形民俗文化財,point,出羽三山の碑,想定震度,都心西部直下地震,想定震度｜都心西部直下地震
131075100125,seismic,都心西部直下地震,6.05,6強以上,,,13107,墨田区,Municipal,Unknown,民俗文化財,有形民俗文化財,point,柳嶋村念仏講道具一式 附関連文書,想定震度,都心西部直下地震,想定震度｜都心西部直下地震
131075100149,seismic,都心西部直下地震,6.277,6強以上,,,13107,墨田区,Municipal,Unknown,民俗文化財,無形民俗文化財(民俗芸能),point,隅田囃子(箕輪囃子),想定震度,都心西部直下地震,想定震度｜都心西部直下地震
131075100150,seismic,都心西部直下地震,6.163,6強以上,,,13107,墨田区,Municipal,Unknown,民俗文化財,無形民俗文化財(風俗慣習),point,隅田川七福神めぐり,想定震度,都心西部直下地震,想定震度｜都心西部直下地震
131075100151,seismic,都心西部直下地震,6.182,6強以上,,,13107,墨田区,Municipal,Unknown,記念物,史跡,point,肥前平戸藩松浦家墓所 ※非公開,想定震度,都心西部直下地震,想定震度｜都心西部直下地震
131075100152,seismic,都心西部直下地震,6.163,6強以上,,,13107,墨田区,Municipal,Unknown,記念物,史跡,point,橘守部墓・橘冬照墓,想定震度,都心西部直下地震,想定震度｜都心西部直下地震
131075100153,seismic,都心西部直下地震,6.164,6強以上,,,13107,墨田区,Municipal,Unknown,記念物,史跡,point,池田冠山墓,想定震度,都心西部直下地震,想定震度｜都心西部直下地震
131075100154,seismic,都心西部直下地震,6.126,6強以上,,,13107,墨田区,Municipal,Unknown,記念物,史跡,point,常陸笠間藩牧野家墓所 ※非公開,想定震度,都心西部直下地震,想定震度｜都心西部直下地震
131075100155,seismic,都心西部直下地震,6.19,6強以上,,,13107,墨田区,Municipal,Unknown,記念物,史跡,point,回向院相撲関係石碑群(力塚),想定震度,都心西部直下地震,想定震度｜都心西部直下地震
131075100156,seismic,都心西部直下地震,6.591,6強以上,,,13107,墨田区,Municipal,Unknown,記念物,天然記念物,point,飛木稲荷神社のイチョウ,想定震度,都心西部直下地震,想定震度｜都心西部直下地震
131075100157,seismic,都心西部直下地震,6.155,6強以上,,,13107,墨田区,Municipal,Unknown,記念物,名勝,point,墨堤の桜,想定震度,都心西部直下地震,想定震度｜都心西部直下地震
official_export_002:99,seismic,都心西部直下地震,6.163,6強以上,,,13107,墨田区,National,Registered,有形文化財,建造物,building_direct,割烹美家古向島本店店舗,想定震度,都心西部直下地震,想定震度｜都心西部直下地震
official_export_002:276,seismic,都心西部直下地震,6.332,6強以上,,,13107,墨田区,National,Registered,有形文化財,建造物,building_direct,墨田区立言問小学校校舎,想定震度,都心西部直下地震,想定震度｜都心西部直下地震
official_export_002:277,seismic,都心西部直下地震,6.332,6強以上,,,13107,墨田区,National,Registered,有形文化財,建造物,building_direct,墨田区立言問小学校講堂,想定震度,都心西部直下地震,想定震度｜都心西部直下地震
official_export_002:327,seismic,都心西部直下地震,6.256,6強以上,,,13107,墨田区,National,Registered,有形文化財,建造物,building_direct,照田家住宅主屋,想定震度,都心西部直下地震,想定震度｜都心西部直下地震
official_export_003:65,seismic,都心西部直下地震,6.215,6強以上,,,13107,墨田区,National,Designated,記念物,天然記念物,point,向島百花園,想定震度,都心西部直下地震,想定震度｜都心西部直下地震
95,seismic,多摩東部直下地震,5.8372,6弱,,,13107,墨田区,Tokyo Metropolitan,Designated,有形文化財,歴史資料,point,石造明暦大火横死者等供養塔,想定震度,多摩東部直下地震,想定震度｜多摩東部直下地震
171,seismic,多摩東部直下地震,6.1492,6強以上,,,13107,墨田区,Tokyo Metropolitan,Designated,記念物,旧跡,point,赤穂浪士元禄義挙の跡,想定震度,多摩東部直下地震,想定震度｜多摩東部直下地震
172,seismic,多摩東部直下地震,6.0828,6強以上,,,13107,墨田区,Tokyo Metropolitan,Designated,記念物,旧跡,point,加藤千蔭墓,想定震度,多摩東部直下地震,想定震度｜多摩東部直下地震
173,seismic,多摩東部直下地震,6.0828,6強以上,,,13107,墨田区,Tokyo Metropolitan,Designated,記念物,旧跡,point,磐瀬京伝墓,想定震度,多摩東部直下地震,想定震度｜多摩東部直下地震
174,seismic,多摩東部直下地震,6.0828,6強以上,,,13107,墨田区,Tokyo Metropolitan,Designated,記念物,旧跡,point,磐瀬京山墓,想定震度,多摩東部直下地震,想定震度｜多摩東部直下地震
197,seismic,多摩東部直下地震,5.8956,6弱,,,13107,墨田区,Tokyo Metropolitan,Designated,記念物,名勝,point,旧安田庭園,想定震度,多摩東部直下地震,想定震度｜多摩東部直下地震
131075100001,seismic,多摩東部直下地震,5.9576,6弱,,,13107,墨田区,Municipal,Unknown,有形文化財,建造物,building_direct,牛嶋神社石造鳥居,想定震度,多摩東部直下地震,想定震度｜多摩東部直下地震
131075100002,seismic,多摩東部直下地震,5.9806,6弱,,,13107,墨田区,Municipal,Unknown,有形文化財,建造物,building_direct,白髭神社石造鳥居,想定震度,多摩東部直下地震,想定震度｜多摩東部直下地震
131075100003,seismic,多摩東部直下地震,6.0818,6強以上,,,13107,墨田区,Municipal,Unknown,有形文化財,建造物,building_direct,多聞寺山門,想定震度,多摩東部直下地震,想定震度｜多摩東部直下地震
131075100004,seismic,多摩東部直下地震,5.9942,6弱,,,13107,墨田区,Municipal,Unknown,有形文化財,建造物,building_direct,旧小山家住宅,想定震度,多摩東部直下地震,想定震度｜多摩東部直下地震
131075100006,seismic,多摩東部直下地震,6.0334,6強以上,,,13107,墨田区,Municipal,Unknown,有形文化財,建造物,building_direct,三囲神社石造鳥居(堤下の大鳥居),想定震度,多摩東部直下地震,想定震度｜多摩東部直下地震
131075100007,seismic,多摩東部直下地震,6.0282,6強以上,,,13107,墨田区,Municipal,Unknown,有形文化財,建造物,building_direct,弘福寺本堂(大雄寳殿),想定震度,多摩東部直下地震,想定震度｜多摩東部直下地震
131075100008,seismic,多摩東部直下地震,6.0334,6強以上,,,13107,墨田区,Municipal,Unknown,有形文化財,建造物,building_direct,三囲神社本社,想定震度,多摩東部直下地震,想定震度｜多摩東部直下地震
131075100010,seismic,多摩東部直下地震,5.9576,6弱,,,13107,墨田区,Municipal,Unknown,有形文化財,建造物,building_direct,牛嶋神社社殿,想定震度,多摩東部直下地震,想定震度｜多摩東部直下地震
131075100011,seismic,多摩東部直下地震,5.9576,6弱,,,13107,墨田区,Municipal,Unknown,有形文化財,建造物,building_direct,牛嶋神社神輿蔵,想定震度,多摩東部直下地震,想定震度｜多摩東部直下地震
131075100012,seismic,多摩東部直下地震,6.0614,6強以上,,,13107,墨田区,Municipal,Unknown,有形文化財,建造物,building_direct,隅田川神社社殿,想定震度,多摩東部直下地震,想定震度｜多摩東部直下地震
131075100014,seismic,多摩東部直下地震,6.024,6強以上,,,13107,墨田区,Municipal,Unknown,有形文化財,建造物,building_direct,實相寺熊谷稲荷堂 附再建関連文書ニ点・青図三枚・写真一点,想定震度,多摩東部直下地震,想定震度｜多摩東部直下地震
131075100016,seismic,多摩東部直下地震,5.8358,6弱,,,13107,墨田区,Municipal,Unknown,有形文化財,歴史資料,point,楢崎宗重博士旧蔵美術資料群(楢崎宗重コレクション),想定震度,多摩東部直下地震,想定震度｜多摩東部直下地震
131075100017,seismic,多摩東部直下地震,5.8358,6弱,,,13107,墨田区,Municipal,Unknown,有形文化財,歴史資料,point,紙本着色「隅田川両岸景色図」一巻,想定震度,多摩東部直下地震,想定震度｜多摩東部直下地震
131075100047,seismic,多摩東部直下地震,6.0846,6強以上,,,13107,墨田区,Municipal,Unknown,有形文化財,歴史資料,point,都鳥手鑑 ※非公開,想定震度,多摩東部直下地震,想定震度｜多摩東部直下地震
131075100048,seismic,多摩東部直下地震,6.1246,6強以上,,,13107,墨田区,Municipal,Unknown,有形文化財,歴史資料,point,正福寺の板碑,想定震度,多摩東部直下地震,想定震度｜多摩東部直下地震
131075100049,seismic,多摩東部直下地震,6.0718,6強以上,,,13107,墨田区,Municipal,Unknown,有形文化財,歴史資料,point,法泉寺所蔵板碑 ※非公開,想定震度,多摩東部直下地震,想定震度｜多摩東部直下地震
131075100050,seismic,多摩東部直下地震,6.138,6強以上,,,13107,墨田区,Municipal,Unknown,有形文化財,歴史資料,point,啓運閣所蔵板碑 ※非公開,想定震度,多摩東部直下地震,想定震度｜多摩東部直下地震
131075100052,seismic,多摩東部直下地震,6.0252,6強以上,,,13107,墨田区,Municipal,Unknown,有形文化財,歴史資料,point,松尾芭蕉「いざさらば」の句碑 (雪見の句碑),想定震度,多摩東部直下地震,想定震度｜多摩東部直下地震
131075100053,seismic,多摩東部直下地震,5.9278,6弱,,,13107,墨田区,Municipal,Unknown,有形文化財,歴史資料,point,橋本家旧蔵板碑,想定震度,多摩東部直下地震,想定震度｜多摩東部直下地震
131075100054,seismic,多摩東部直下地震,5.9576,6弱,,,13107,墨田区,Municipal,Unknown,有形文化財,歴史資料,point,烏亭焉馬「いそがずば」の狂歌碑,想定震度,多摩東部直下地震,想定震度｜多摩東部直下地震
131075100055,seismic,多摩東部直下地震,6.0334,6強以上,,,13107,墨田区,Municipal,Unknown,有形文化財,歴史資料,point,宝井其角「ゆうだちや」の句碑 (雨乞いの句碑),想定震度,多摩東部直下地震,想定震度｜多摩東部直下地震
131075100056,seismic,多摩東部直下地震,6.2582,6強以上,,,13107,墨田区,Municipal,Unknown,有形文化財,歴史資料,point,秋葉神社の石造燈籠 寛保元年銘 二基 宝永元年銘 二基 宝永二年銘 二基,想定震度,多摩東部直下地震,想定震度｜多摩東部直下地震
131075100057,seismic,多摩東部直下地震,6.0482,6強以上,,,13107,墨田区,Municipal,Unknown,有形文化財,歴史資料,point,蓮花寺の石柱道標 文化十五年銘 一基 文政五年銘 一基,想定震度,多摩東部直下地震,想定震度｜多摩東部直下地震
131075100058,seismic,多摩東部直下地震,6.0144,6強以上,,,13107,墨田区,Municipal,Unknown,有形文化財,歴史資料,point,要津寺雪中庵関係石碑群,想定震度,多摩東部直下地震,想定震度｜多摩東部直下地震
131075100059,seismic,多摩東部直下地震,6.0818,6強以上,,,13107,墨田区,Municipal,Unknown,有形文化財,歴史資料,point,多聞寺の板碑,想定震度,多摩東部直下地震,想定震度｜多摩東部直下地震
131075100061,seismic,多摩東部直下地震,6.089,6強以上,,,13107,墨田区,Municipal,Unknown,有形文化財,歴史資料,point,石造海難供養碑,想定震度,多摩東部直下地震,想定震度｜多摩東部直下地震
131075100062,seismic,多摩東部直下地震,6.0334,6強以上,,,13107,墨田区,Municipal,Unknown,有形文化財,歴史資料,point,三囲神社の石造常夜燈,想定震度,多摩東部直下地震,想定震度｜多摩東部直下地震
131075100063,seismic,多摩東部直下地震,6.0186,6強以上,,,13107,墨田区,Municipal,Unknown,有形文化財,歴史資料,point,石造墨堤永代常夜燈,想定震度,多摩東部直下地震,想定震度｜多摩東部直下地震
131075100064,seismic,多摩東部直下地震,6.0814,6強以上,,,13107,墨田区,Municipal,Unknown,有形文化財,歴史資料,point,吾嬬神社の連理の楠,想定震度,多摩東部直下地震,想定震度｜多摩東部直下地震
131075100065,seismic,多摩東部直下地震,6.0252,6強以上,,,13107,墨田区,Municipal,Unknown,有形文化財,歴史資料,point,墨堤植桜之碑,想定震度,多摩東部直下地震,想定震度｜多摩東部直下地震
131075100066,seismic,多摩東部直下地震,6.2602,6強以上,,,13107,墨田区,Municipal,Unknown,有形文化財,歴史資料,point,絹本墨書扁額「明明徳」,想定震度,多摩東部直下地震,想定震度｜多摩東部直下地震
131075100067,seismic,多摩東部直下地震,6.2276,6強以上,,,13107,墨田区,Municipal,Unknown,有形文化財,歴史資料,point,歌川豊広辞世の狂歌碑,想定震度,多摩東部直下地震,想定震度｜多摩東部直下地震
131075100068,seismic,多摩東部直下地震,5.817,6弱,,,13107,墨田区,Municipal,Unknown,有形文化財,歴史資料,point,石造標柱「隅田公園入口」,想定震度,多摩東部直下地震,想定震度｜多摩東部直下地震
131075100069,seismic,多摩東部直下地震,6.2406,6強以上,,,13107,墨田区,Municipal,Unknown,有形文化財,歴史資料,point,石造「夜寉井銘」の碑,想定震度,多摩東部直下地震,想定震度｜多摩東部直下地震
131075100070,seismic,多摩東部直下地震,6.0648,6強以上,,,13107,墨田区,Municipal,Unknown,有形文化財,歴史資料,point,生月鯨太左衛門の墓 ※非公開,想定震度,多摩東部直下地震,想定震度｜多摩東部直下地震
131075100071,seismic,多摩東部直下地震,6.089,6強以上,,,13107,墨田区,Municipal,Unknown,有形文化財,歴史資料,point,無縁法界塔,想定震度,多摩東部直下地震,想定震度｜多摩東部直下地震
131075100072,seismic,多摩東部直下地震,5.9726,6弱,,,13107,墨田区,Municipal,Unknown,有形文化財,歴史資料,point,板坂如春の碑(2基),想定震度,多摩東部直下地震,想定震度｜多摩東部直下地震
131075100073,seismic,多摩東部直下地震,5.9278,6弱,,,13107,墨田区,Municipal,Unknown,有形文化財,歴史資料,point,芥川家旧蔵雛人形,想定震度,多摩東部直下地震,想定震度｜多摩東部直下地震
131075100074,seismic,多摩東部直下地震,6.0846,6強以上,,,13107,墨田区,Municipal,Unknown,有形文化財,歴史資料,point,「天下之糸平」の碑,想定震度,多摩東部直下地震,想定震度｜多摩東部直下地震
131075100075,seismic,多摩東部直下地震,6.131,6強以上,,,13107,墨田区,Municipal,Unknown,有形文化財,歴史資料,point,大石三平墓,想定震度,多摩東部直下地震,想定震度｜多摩東部直下地震
131075100076,seismic,多摩東部直下地震,6.0516,6強以上,,,13107,墨田区,Municipal,Unknown,有形文化財,歴史資料,point,江島杉山神社の銅製釣燈籠,想定震度,多摩東部直下地震,想定震度｜多摩東部直下地震
131075100077,seismic,多摩東部直下地震,6.2232,6強以上,,,13107,墨田区,Municipal,Unknown,有形文化財,歴史資料,point,佐羽淡斎「墨多三絶」の漢詩碑,想定震度,多摩東部直下地震,想定震度｜多摩東部直下地震
131075100078,seismic,多摩東部直下地震,6.0846,6強以上,,,13107,墨田区,Municipal,Unknown,有形文化財,歴史資料,point,亀田鵬斎「題隅田堤櫻花」の漢詩碑,想定震度,多摩東部直下地震,想定震度｜多摩東部直下地震
131075100079,seismic,多摩東部直下地震,6.0814,6強以上,,,13107,墨田区,Municipal,Unknown,有形文化財,歴史資料,point,「吾嬬森碑」,想定震度,多摩東部直下地震,想定震度｜多摩東部直下地震
131075100080,seismic,多摩東部直下地震,6.1478,6強以上,,,13107,墨田区,Municipal,Unknown,有形文化財,歴史資料,point,近松門左衛門供養碑(断片) ※非公開,想定震度,多摩東部直下地震,想定震度｜多摩東部直下地震
131075100081,seismic,多摩東部直下地震,6.0334,6強以上,,,13107,墨田区,Municipal,Unknown,有形文化財,歴史資料,point,「一勇斎歌川先生墓表」(歌川国芳顕彰碑),想定震度,多摩東部直下地震,想定震度｜多摩東部直下地震
131075100082,seismic,多摩東部直下地震,6.0252,6強以上,,,13107,墨田区,Municipal,Unknown,有形文化財,歴史資料,point,「勝川春英翁略傳」の碑,想定震度,多摩東部直下地震,想定震度｜多摩東部直下地震
131075100083,seismic,多摩東部直下地震,6.1478,6強以上,,,13107,墨田区,Municipal,Unknown,有形文化財,歴史資料,point,初代歌川豊国筆塚(断片),想定震度,多摩東部直下地震,想定震度｜多摩東部直下地震
131075100084,seismic,多摩東部直下地震,6.0718,6強以上,,,13107,墨田区,Municipal,Unknown,有形文化財,歴史資料,point,窪俊満「故郷の」の歌碑,想定震度,多摩東部直下地震,想定震度｜多摩東部直下地震
131075100085,seismic,多摩東部直下地震,5.9278,6弱,,,13107,墨田区,Municipal,Unknown,有形文化財,歴史資料,point,鈴木家旧蔵雛人形,想定震度,多摩東部直下地震,想定震度｜多摩東部直下地震
131075100086,seismic,多摩東部直下地震,6.1534,6強以上,,,13107,墨田区,Municipal,Unknown,有形文化財,歴史資料,point,太田氏七代供養塔,想定震度,多摩東部直下地震,想定震度｜多摩東部直下地震
131075100087,seismic,多摩東部直下地震,6.1534,6強以上,,,13107,墨田区,Municipal,Unknown,有形文化財,歴史資料,point,旗本太田資同墓碑,想定震度,多摩東部直下地震,想定震度｜多摩東部直下地震
131075100088,seismic,多摩東部直下地震,6.0614,6強以上,,,13107,墨田区,Municipal,Unknown,有形文化財,歴史資料,point,隅田川神社資料,想定震度,多摩東部直下地震,想定震度｜多摩東部直下地震
131075100089,seismic,多摩東部直下地震,6.0614,6強以上,,,13107,墨田区,Municipal,Unknown,有形文化財,歴史資料,point,矢掛弓雄関係石碑群,想定震度,多摩東部直下地震,想定震度｜多摩東部直下地震
131075100090,seismic,多摩東部直下地震,6.0614,6強以上,,,13107,墨田区,Municipal,Unknown,有形文化財,歴史資料,point,木阿弥(元杢網)「けふよりも」の歌碑,想定震度,多摩東部直下地震,想定震度｜多摩東部直下地震
131075100091,seismic,多摩東部直下地震,6.089,6強以上,,,13107,墨田区,Municipal,Unknown,有形文化財,歴史資料,point,義士墓(那珂湊戦争関連資料),想定震度,多摩東部直下地震,想定震度｜多摩東部直下地震
131075100092,seismic,多摩東部直下地震,6.089,6強以上,,,13107,墨田区,Municipal,Unknown,有形文化財,歴史資料,point,回向院の石造歴史災害供養塔群,想定震度,多摩東部直下地震,想定震度｜多摩東部直下地震
131075100095,seismic,多摩東部直下地震,5.9576,6弱,,,13107,墨田区,Municipal,Unknown,民俗文化財,有形民俗文化財,point,牛嶋神社の石造狛犬 享保十四年銘 一対 文政十年銘 一対,想定震度,多摩東部直下地震,想定震度｜多摩東部直下地震
131075100096,seismic,多摩東部直下地震,6.0334,6強以上,,,13107,墨田区,Municipal,Unknown,民俗文化財,有形民俗文化財,point,三囲神社の石造狛犬,想定震度,多摩東部直下地震,想定震度｜多摩東部直下地震
131075100097,seismic,多摩東部直下地震,5.9022,6弱,,,13107,墨田区,Municipal,Unknown,民俗文化財,有形民俗文化財,point,如意輪寺の六面六地蔵石幢,想定震度,多摩東部直下地震,想定震度｜多摩東部直下地震
131075100098,seismic,多摩東部直下地震,6.1246,6強以上,,,13107,墨田区,Municipal,Unknown,民俗文化財,有形民俗文化財,point,正福寺の石造阿弥陀如来立像,想定震度,多摩東部直下地震,想定震度｜多摩東部直下地震
131075100099,seismic,多摩東部直下地震,6.0818,6強以上,,,13107,墨田区,Municipal,Unknown,民俗文化財,有形民俗文化財,point,多聞寺の石造庚申塔(阿弥陀如来),想定震度,多摩東部直下地震,想定震度｜多摩東部直下地震
131075100100,seismic,多摩東部直下地震,6.0836,6強以上,,,13107,墨田区,Municipal,Unknown,民俗文化財,有形民俗文化財,point,圓徳寺の石造庚申塔(釈迦如来),想定震度,多摩東部直下地震,想定震度｜多摩東部直下地震
131075100101,seismic,多摩東部直下地震,6.0814,6強以上,,,13107,墨田区,Municipal,Unknown,民俗文化財,有形民俗文化財,point,吾嬬神社の石造狛犬,想定震度,多摩東部直下地震,想定震度｜多摩東部直下地震
131075100103,seismic,多摩東部直下地震,6.119,6強以上,,,13107,墨田区,Municipal,Unknown,民俗文化財,有形民俗文化財,point,萬福寺の石造庚申塔 (青面金剛童子),想定震度,多摩東部直下地震,想定震度｜多摩東部直下地震
131075100104,seismic,多摩東部直下地震,6.2232,6強以上,,,13107,墨田区,Municipal,Unknown,民俗文化財,有形民俗文化財,point,白鬚神社の石造狛犬,想定震度,多摩東部直下地震,想定震度｜多摩東部直下地震
131075100105,seismic,多摩東部直下地震,6.1154,6強以上,,,13107,墨田区,Municipal,Unknown,民俗文化財,有形民俗文化財,point,香取神社の石造水鉢(禊盥),想定震度,多摩東部直下地震,想定震度｜多摩東部直下地震
131075100106,seismic,多摩東部直下地震,5.9576,6弱,,,13107,墨田区,Municipal,Unknown,民俗文化財,有形民俗文化財,point,牛嶋神社の石造神牛,想定震度,多摩東部直下地震,想定震度｜多摩東部直下地震
131075100107,seismic,多摩東部直下地震,6.0334,6強以上,,,13107,墨田区,Municipal,Unknown,民俗文化財,有形民俗文化財,point,三囲神社の石造神狐,想定震度,多摩東部直下地震,想定震度｜多摩東部直下地震
131075100108,seismic,多摩東部直下地震,6.0252,6強以上,,,13107,墨田区,Municipal,Unknown,民俗文化財,有形民俗文化財,point,長命寺の石造庚申塔 (地蔵菩薩),想定震度,多摩東部直下地震,想定震度｜多摩東部直下地震
131075100109,seismic,多摩東部直下地震,6.0828,6強以上,,,13107,墨田区,Municipal,Unknown,民俗文化財,有形民俗文化財,point,正覚寺の石造庚申塔(青面金剛童子),想定震度,多摩東部直下地震,想定震度｜多摩東部直下地震
131075100110,seismic,多摩東部直下地震,6.089,6強以上,,,13107,墨田区,Municipal,Unknown,民俗文化財,有形民俗文化財,point,回向院の石造阿弥陀三尊立像,想定震度,多摩東部直下地震,想定震度｜多摩東部直下地震
131075100111,seismic,多摩東部直下地震,6.4184,6強以上,,,13107,墨田区,Municipal,Unknown,民俗文化財,有形民俗文化財,point,円通寺の石造地蔵菩薩立像,想定震度,多摩東部直下地震,想定震度｜多摩東部直下地震
131075100112,seismic,多摩東部直下地震,6.0818,6強以上,,,13107,墨田区,Municipal,Unknown,民俗文化財,有形民俗文化財,point,多聞寺の石造六地蔵坐像,想定震度,多摩東部直下地震,想定震度｜多摩東部直下地震
131075100113,seismic,多摩東部直下地震,6.0718,6強以上,,,13107,墨田区,Municipal,Unknown,民俗文化財,有形民俗文化財,point,法泉寺の石造地蔵菩薩立像,想定震度,多摩東部直下地震,想定震度｜多摩東部直下地震
131075100114,seismic,多摩東部直下地震,5.9726,6弱,,,13107,墨田区,Municipal,Unknown,民俗文化財,有形民俗文化財,point,東漸寺の石造庚申道標,想定震度,多摩東部直下地震,想定震度｜多摩東部直下地震
131075100115,seismic,多摩東部直下地震,5.9576,6弱,,,13107,墨田区,Municipal,Unknown,民俗文化財,有形民俗文化財,point,牛嶋神社境内力石群,想定震度,多摩東部直下地震,想定震度｜多摩東部直下地震
131075100116,seismic,多摩東部直下地震,6.1972,6強以上,,,13107,墨田区,Municipal,Unknown,民俗文化財,有形民俗文化財,point,力石,想定震度,多摩東部直下地震,想定震度｜多摩東部直下地震
131075100117,seismic,多摩東部直下地震,6.0814,6強以上,,,13107,墨田区,Municipal,Unknown,民俗文化財,有形民俗文化財,point,吾嬬神社境内力石群,想定震度,多摩東部直下地震,想定震度｜多摩東部直下地震
131075100118,seismic,多摩東部直下地震,5.9576,6弱,,,13107,墨田区,Municipal,Unknown,民俗文化財,有形民俗文化財,point,牛嶋神社石造神牛(撫牛),想定震度,多摩東部直下地震,想定震度｜多摩東部直下地震
131075100119,seismic,多摩東部直下地震,6.089,6強以上,,,13107,墨田区,Municipal,Unknown,民俗文化財,有形民俗文化財,point,鼠小僧供養碑(鼠小僧の墓),想定震度,多摩東部直下地震,想定震度｜多摩東部直下地震
131075100120,seismic,多摩東部直下地震,6.0238,6強以上,,,13107,墨田区,Municipal,Unknown,民俗文化財,有形民俗文化財,point,安藤家旧蔵田舟,想定震度,多摩東部直下地震,想定震度｜多摩東部直下地震
131075100121,seismic,多摩東部直下地震,6.0516,6強以上,,,13107,墨田区,Municipal,Unknown,民俗文化財,有形民俗文化財,point,江島杉山神社境内力石,想定震度,多摩東部直下地震,想定震度｜多摩東部直下地震
131075100122,seismic,多摩東部直下地震,6.4212,6強以上,,,13107,墨田区,Municipal,Unknown,民俗文化財,有形民俗文化財,point,山玉向嶋講社の碑,想定震度,多摩東部直下地震,想定震度｜多摩東部直下地震
131075100123,seismic,多摩東部直下地震,6.2232,6強以上,,,13107,墨田区,Municipal,Unknown,民俗文化財,有形民俗文化財,point,山玉向嶋講社の碑,想定震度,多摩東部直下地震,想定震度｜多摩東部直下地震
131075100124,seismic,多摩東部直下地震,6.0252,6強以上,,,13107,墨田区,Municipal,Unknown,民俗文化財,有形民俗文化財,point,出羽三山の碑,想定震度,多摩東部直下地震,想定震度｜多摩東部直下地震
131075100125,seismic,多摩東部直下地震,5.9278,6弱,,,13107,墨田区,Municipal,Unknown,民俗文化財,有形民俗文化財,point,柳嶋村念仏講道具一式 附関連文書,想定震度,多摩東部直下地震,想定震度｜多摩東部直下地震
131075100149,seismic,多摩東部直下地震,6.0728,6強以上,,,13107,墨田区,Municipal,Unknown,民俗文化財,無形民俗文化財(民俗芸能),point,隅田囃子(箕輪囃子),想定震度,多摩東部直下地震,想定震度｜多摩東部直下地震
131075100150,seismic,多摩東部直下地震,6.0252,6強以上,,,13107,墨田区,Municipal,Unknown,民俗文化財,無形民俗文化財(風俗慣習),point,隅田川七福神めぐり,想定震度,多摩東部直下地震,想定震度｜多摩東部直下地震
131075100151,seismic,多摩東部直下地震,6.0648,6強以上,,,13107,墨田区,Municipal,Unknown,記念物,史跡,point,肥前平戸藩松浦家墓所 ※非公開,想定震度,多摩東部直下地震,想定震度｜多摩東部直下地震
131075100152,seismic,多摩東部直下地震,6.0252,6強以上,,,13107,墨田区,Municipal,Unknown,記念物,史跡,point,橘守部墓・橘冬照墓,想定震度,多摩東部直下地震,想定震度｜多摩東部直下地震
131075100153,seismic,多摩東部直下地震,6.0282,6強以上,,,13107,墨田区,Municipal,Unknown,記念物,史跡,point,池田冠山墓,想定震度,多摩東部直下地震,想定震度｜多摩東部直下地震
131075100154,seismic,多摩東部直下地震,6.0144,6強以上,,,13107,墨田区,Municipal,Unknown,記念物,史跡,point,常陸笠間藩牧野家墓所 ※非公開,想定震度,多摩東部直下地震,想定震度｜多摩東部直下地震
131075100155,seismic,多摩東部直下地震,6.089,6強以上,,,13107,墨田区,Municipal,Unknown,記念物,史跡,point,回向院相撲関係石碑群(力塚),想定震度,多摩東部直下地震,想定震度｜多摩東部直下地震
131075100156,seismic,多摩東部直下地震,6.4184,6強以上,,,13107,墨田区,Municipal,Unknown,記念物,天然記念物,point,飛木稲荷神社のイチョウ,想定震度,多摩東部直下地震,想定震度｜多摩東部直下地震
131075100157,seismic,多摩東部直下地震,6.0216,6強以上,,,13107,墨田区,Municipal,Unknown,記念物,名勝,point,墨堤の桜,想定震度,多摩東部直下地震,想定震度｜多摩東部直下地震
official_export_002:99,seismic,多摩東部直下地震,6.0234,6強以上,,,13107,墨田区,National,Registered,有形文化財,建造物,building_direct,割烹美家古向島本店店舗,想定震度,多摩東部直下地震,想定震度｜多摩東部直下地震
official_export_002:276,seismic,多摩東部直下地震,6.197,6強以上,,,13107,墨田区,National,Registered,有形文化財,建造物,building_direct,墨田区立言問小学校校舎,想定震度,多摩東部直下地震,想定震度｜多摩東部直下地震
official_export_002:277,seismic,多摩東部直下地震,6.1944,6強以上,,,13107,墨田区,National,Registered,有形文化財,建造物,building_direct,墨田区立言問小学校講堂,想定震度,多摩東部直下地震,想定震度｜多摩東部直下地震
official_export_002:327,seismic,多摩東部直下地震,6.0912,6強以上,,,13107,墨田区,National,Registered,有形文化財,建造物,building_direct,照田家住宅主屋,想定震度,多摩東部直下地震,想定震度｜多摩東部直下地震
official_export_003:65,seismic,多摩東部直下地震,6.07,6強以上,,,13107,墨田区,National,Designated,記念物,天然記念物,point,向島百花園,想定震度,多摩東部直下地震,想定震度｜多摩東部直下地震
95,seismic,多摩西部直下地震,5.708,6弱,,,13107,墨田区,Tokyo Metropolitan,Designated,有形文化財,歴史資料,point,石造明暦大火横死者等供養塔,想定震度,多摩西部直下地震,想定震度｜多摩西部直下地震
171,seismic,多摩西部直下地震,5.747,6弱,,,13107,墨田区,Tokyo Metropolitan,Designated,記念物,旧跡,point,赤穂浪士元禄義挙の跡,想定震度,多摩西部直下地震,想定震度｜多摩西部直下地震
172,seismic,多摩西部直下地震,5.661,6弱,,,13107,墨田区,Tokyo Metropolitan,Designated,記念物,旧跡,point,加藤千蔭墓,想定震度,多摩西部直下地震,想定震度｜多摩西部直下地震
173,seismic,多摩西部直下地震,5.661,6弱,,,13107,墨田区,Tokyo Metropolitan,Designated,記念物,旧跡,point,磐瀬京伝墓,想定震度,多摩西部直下地震,想定震度｜多摩西部直下地震
174,seismic,多摩西部直下地震,5.661,6弱,,,13107,墨田区,Tokyo Metropolitan,Designated,記念物,旧跡,point,磐瀬京山墓,想定震度,多摩西部直下地震,想定震度｜多摩西部直下地震
197,seismic,多摩西部直下地震,5.443,5強,,,13107,墨田区,Tokyo Metropolitan,Designated,記念物,名勝,point,旧安田庭園,想定震度,多摩西部直下地震,想定震度｜多摩西部直下地震
131075100001,seismic,多摩西部直下地震,5.53,6弱,,,13107,墨田区,Municipal,Unknown,有形文化財,建造物,building_direct,牛嶋神社石造鳥居,想定震度,多摩西部直下地震,想定震度｜多摩西部直下地震
131075100002,seismic,多摩西部直下地震,5.579,6弱,,,13107,墨田区,Municipal,Unknown,有形文化財,建造物,building_direct,白髭神社石造鳥居,想定震度,多摩西部直下地震,想定震度｜多摩西部直下地震
131075100003,seismic,多摩西部直下地震,5.569,6弱,,,13107,墨田区,Municipal,Unknown,有形文化財,建造物,building_direct,多聞寺山門,想定震度,多摩西部直下地震,想定震度｜多摩西部直下地震
131075100004,seismic,多摩西部直下地震,5.587,6弱,,,13107,墨田区,Municipal,Unknown,有形文化財,建造物,building_direct,旧小山家住宅,想定震度,多摩西部直下地震,想定震度｜多摩西部直下地震
131075100006,seismic,多摩西部直下地震,5.596,6弱,,,13107,墨田区,Municipal,Unknown,有形文化財,建造物,building_direct,三囲神社石造鳥居(堤下の大鳥居),想定震度,多摩西部直下地震,想定震度｜多摩西部直下地震
131075100007,seismic,多摩西部直下地震,5.579,6弱,,,13107,墨田区,Municipal,Unknown,有形文化財,建造物,building_direct,弘福寺本堂(大雄寳殿),想定震度,多摩西部直下地震,想定震度｜多摩西部直下地震
131075100008,seismic,多摩西部直下地震,5.596,6弱,,,13107,墨田区,Municipal,Unknown,有形文化財,建造物,building_direct,三囲神社本社,想定震度,多摩西部直下地震,想定震度｜多摩西部直下地震
131075100010,seismic,多摩西部直下地震,5.53,6弱,,,13107,墨田区,Municipal,Unknown,有形文化財,建造物,building_direct,牛嶋神社社殿,想定震度,多摩西部直下地震,想定震度｜多摩西部直下地震
131075100011,seismic,多摩西部直下地震,5.53,6弱,,,13107,墨田区,Municipal,Unknown,有形文化財,建造物,building_direct,牛嶋神社神輿蔵,想定震度,多摩西部直下地震,想定震度｜多摩西部直下地震
131075100012,seismic,多摩西部直下地震,5.555,6弱,,,13107,墨田区,Municipal,Unknown,有形文化財,建造物,building_direct,隅田川神社社殿,想定震度,多摩西部直下地震,想定震度｜多摩西部直下地震
131075100014,seismic,多摩西部直下地震,5.586,6弱,,,13107,墨田区,Municipal,Unknown,有形文化財,建造物,building_direct,實相寺熊谷稲荷堂 附再建関連文書ニ点・青図三枚・写真一点,想定震度,多摩西部直下地震,想定震度｜多摩西部直下地震
131075100016,seismic,多摩西部直下地震,5.397,5強,,,13107,墨田区,Municipal,Unknown,有形文化財,歴史資料,point,楢崎宗重博士旧蔵美術資料群(楢崎宗重コレクション),想定震度,多摩西部直下地震,想定震度｜多摩西部直下地震
131075100017,seismic,多摩西部直下地震,5.397,5強,,,13107,墨田区,Municipal,Unknown,有形文化財,歴史資料,point,紙本着色「隅田川両岸景色図」一巻,想定震度,多摩西部直下地震,想定震度｜多摩西部直下地震
131075100047,seismic,多摩西部直下地震,5.578,6弱,,,13107,墨田区,Municipal,Unknown,有形文化財,歴史資料,point,都鳥手鑑 ※非公開,想定震度,多摩西部直下地震,想定震度｜多摩西部直下地震
131075100048,seismic,多摩西部直下地震,5.626,6弱,,,13107,墨田区,Municipal,Unknown,有形文化財,歴史資料,point,正福寺の板碑,想定震度,多摩西部直下地震,想定震度｜多摩西部直下地震
131075100049,seismic,多摩西部直下地震,5.606,6弱,,,13107,墨田区,Municipal,Unknown,有形文化財,歴史資料,point,法泉寺所蔵板碑 ※非公開,想定震度,多摩西部直下地震,想定震度｜多摩西部直下地震
131075100050,seismic,多摩西部直下地震,5.673,6弱,,,13107,墨田区,Municipal,Unknown,有形文化財,歴史資料,point,啓運閣所蔵板碑 ※非公開,想定震度,多摩西部直下地震,想定震度｜多摩西部直下地震
131075100052,seismic,多摩西部直下地震,5.576,6弱,,,13107,墨田区,Municipal,Unknown,有形文化財,歴史資料,point,松尾芭蕉「いざさらば」の句碑 (雪見の句碑),想定震度,多摩西部直下地震,想定震度｜多摩西部直下地震
131075100053,seismic,多摩西部直下地震,5.489,5強,,,13107,墨田区,Municipal,Unknown,有形文化財,歴史資料,point,橋本家旧蔵板碑,想定震度,多摩西部直下地震,想定震度｜多摩西部直下地震
131075100054,seismic,多摩西部直下地震,5.53,6弱,,,13107,墨田区,Municipal,Unknown,有形文化財,歴史資料,point,烏亭焉馬「いそがずば」の狂歌碑,想定震度,多摩西部直下地震,想定震度｜多摩西部直下地震
131075100055,seismic,多摩西部直下地震,5.596,6弱,,,13107,墨田区,Municipal,Unknown,有形文化財,歴史資料,point,宝井其角「ゆうだちや」の句碑 (雨乞いの句碑),想定震度,多摩西部直下地震,想定震度｜多摩西部直下地震
131075100056,seismic,多摩西部直下地震,5.819,6弱,,,13107,墨田区,Municipal,Unknown,有形文化財,歴史資料,point,秋葉神社の石造燈籠 寛保元年銘 二基 宝永元年銘 二基 宝永二年銘 二基,想定震度,多摩西部直下地震,想定震度｜多摩西部直下地震
131075100057,seismic,多摩西部直下地震,5.582,6弱,,,13107,墨田区,Municipal,Unknown,有形文化財,歴史資料,point,蓮花寺の石柱道標 文化十五年銘 一基 文政五年銘 一基,想定震度,多摩西部直下地震,想定震度｜多摩西部直下地震
131075100058,seismic,多摩西部直下地震,5.644,6弱,,,13107,墨田区,Municipal,Unknown,有形文化財,歴史資料,point,要津寺雪中庵関係石碑群,想定震度,多摩西部直下地震,想定震度｜多摩西部直下地震
131075100059,seismic,多摩西部直下地震,5.569,6弱,,,13107,墨田区,Municipal,Unknown,有形文化財,歴史資料,point,多聞寺の板碑,想定震度,多摩西部直下地震,想定震度｜多摩西部直下地震
131075100061,seismic,多摩西部直下地震,5.665,6弱,,,13107,墨田区,Municipal,Unknown,有形文化財,歴史資料,point,石造海難供養碑,想定震度,多摩西部直下地震,想定震度｜多摩西部直下地震
131075100062,seismic,多摩西部直下地震,5.596,6弱,,,13107,墨田区,Municipal,Unknown,有形文化財,歴史資料,point,三囲神社の石造常夜燈,想定震度,多摩西部直下地震,想定震度｜多摩西部直下地震
131075100063,seismic,多摩西部直下地震,5.57,6弱,,,13107,墨田区,Municipal,Unknown,有形文化財,歴史資料,point,石造墨堤永代常夜燈,想定震度,多摩西部直下地震,想定震度｜多摩西部直下地震
131075100064,seismic,多摩西部直下地震,5.682,6弱,,,13107,墨田区,Municipal,Unknown,有形文化財,歴史資料,point,吾嬬神社の連理の楠,想定震度,多摩西部直下地震,想定震度｜多摩西部直下地震
131075100065,seismic,多摩西部直下地震,5.576,6弱,,,13107,墨田区,Municipal,Unknown,有形文化財,歴史資料,point,墨堤植桜之碑,想定震度,多摩西部直下地震,想定震度｜多摩西部直下地震
131075100066,seismic,多摩西部直下地震,5.846,6弱,,,13107,墨田区,Municipal,Unknown,有形文化財,歴史資料,point,絹本墨書扁額「明明徳」,想定震度,多摩西部直下地震,想定震度｜多摩西部直下地震
131075100067,seismic,多摩西部直下地震,5.78,6弱,,,13107,墨田区,Municipal,Unknown,有形文化財,歴史資料,point,歌川豊広辞世の狂歌碑,想定震度,多摩西部直下地震,想定震度｜多摩西部直下地震
131075100068,seismic,多摩西部直下地震,5.367,5強,,,13107,墨田区,Municipal,Unknown,有形文化財,歴史資料,point,石造標柱「隅田公園入口」,想定震度,多摩西部直下地震,想定震度｜多摩西部直下地震
131075100069,seismic,多摩西部直下地震,5.815,6弱,,,13107,墨田区,Municipal,Unknown,有形文化財,歴史資料,point,石造「夜寉井銘」の碑,想定震度,多摩西部直下地震,想定震度｜多摩西部直下地震
131075100070,seismic,多摩西部直下地震,5.629,6弱,,,13107,墨田区,Municipal,Unknown,有形文化財,歴史資料,point,生月鯨太左衛門の墓 ※非公開,想定震度,多摩西部直下地震,想定震度｜多摩西部直下地震
131075100071,seismic,多摩西部直下地震,5.665,6弱,,,13107,墨田区,Municipal,Unknown,有形文化財,歴史資料,point,無縁法界塔,想定震度,多摩西部直下地震,想定震度｜多摩西部直下地震
131075100072,seismic,多摩西部直下地震,5.572,6弱,,,13107,墨田区,Municipal,Unknown,有形文化財,歴史資料,point,板坂如春の碑(2基),想定震度,多摩西部直下地震,想定震度｜多摩西部直下地震
131075100073,seismic,多摩西部直下地震,5.489,5強,,,13107,墨田区,Municipal,Unknown,有形文化財,歴史資料,point,芥川家旧蔵雛人形,想定震度,多摩西部直下地震,想定震度｜多摩西部直下地震
131075100074,seismic,多摩西部直下地震,5.578,6弱,,,13107,墨田区,Municipal,Unknown,有形文化財,歴史資料,point,「天下之糸平」の碑,想定震度,多摩西部直下地震,想定震度｜多摩西部直下地震
131075100075,seismic,多摩西部直下地震,5.702,6弱,,,13107,墨田区,Municipal,Unknown,有形文化財,歴史資料,point,大石三平墓,想定震度,多摩西部直下地震,想定震度｜多摩西部直下地震
131075100076,seismic,多摩西部直下地震,5.642,6弱,,,13107,墨田区,Municipal,Unknown,有形文化財,歴史資料,point,江島杉山神社の銅製釣燈籠,想定震度,多摩西部直下地震,想定震度｜多摩西部直下地震
131075100077,seismic,多摩西部直下地震,5.769,6弱,,,13107,墨田区,Municipal,Unknown,有形文化財,歴史資料,point,佐羽淡斎「墨多三絶」の漢詩碑,想定震度,多摩西部直下地震,想定震度｜多摩西部直下地震
131075100078,seismic,多摩西部直下地震,5.578,6弱,,,13107,墨田区,Municipal,Unknown,有形文化財,歴史資料,point,亀田鵬斎「題隅田堤櫻花」の漢詩碑,想定震度,多摩西部直下地震,想定震度｜多摩西部直下地震
131075100079,seismic,多摩西部直下地震,5.682,6弱,,,13107,墨田区,Municipal,Unknown,有形文化財,歴史資料,point,「吾嬬森碑」,想定震度,多摩西部直下地震,想定震度｜多摩西部直下地震
131075100080,seismic,多摩西部直下地震,5.747,6弱,,,13107,墨田区,Municipal,Unknown,有形文化財,歴史資料,point,近松門左衛門供養碑(断片) ※非公開,想定震度,多摩西部直下地震,想定震度｜多摩西部直下地震
131075100081,seismic,多摩西部直下地震,5.596,6弱,,,13107,墨田区,Municipal,Unknown,有形文化財,歴史資料,point,「一勇斎歌川先生墓表」(歌川国芳顕彰碑),想定震度,多摩西部直下地震,想定震度｜多摩西部直下地震
131075100082,seismic,多摩西部直下地震,5.576,6弱,,,13107,墨田区,Municipal,Unknown,有形文化財,歴史資料,point,「勝川春英翁略傳」の碑,想定震度,多摩西部直下地震,想定震度｜多摩西部直下地震
131075100083,seismic,多摩西部直下地震,5.747,6弱,,,13107,墨田区,Municipal,Unknown,有形文化財,歴史資料,point,初代歌川豊国筆塚(断片),想定震度,多摩西部直下地震,想定震度｜多摩西部直下地震
131075100084,seismic,多摩西部直下地震,5.606,6弱,,,13107,墨田区,Municipal,Unknown,有形文化財,歴史資料,point,窪俊満「故郷の」の歌碑,想定震度,多摩西部直下地震,想定震度｜多摩西部直下地震
131075100085,seismic,多摩西部直下地震,5.489,5強,,,13107,墨田区,Municipal,Unknown,有形文化財,歴史資料,point,鈴木家旧蔵雛人形,想定震度,多摩西部直下地震,想定震度｜多摩西部直下地震
131075100086,seismic,多摩西部直下地震,5.786,6弱,,,13107,墨田区,Municipal,Unknown,有形文化財,歴史資料,point,太田氏七代供養塔,想定震度,多摩西部直下地震,想定震度｜多摩西部直下地震
131075100087,seismic,多摩西部直下地震,5.786,6弱,,,13107,墨田区,Municipal,Unknown,有形文化財,歴史資料,point,旗本太田資同墓碑,想定震度,多摩西部直下地震,想定震度｜多摩西部直下地震
131075100088,seismic,多摩西部直下地震,5.555,6弱,,,13107,墨田区,Municipal,Unknown,有形文化財,歴史資料,point,隅田川神社資料,想定震度,多摩西部直下地震,想定震度｜多摩西部直下地震
131075100089,seismic,多摩西部直下地震,5.555,6弱,,,13107,墨田区,Municipal,Unknown,有形文化財,歴史資料,point,矢掛弓雄関係石碑群,想定震度,多摩西部直下地震,想定震度｜多摩西部直下地震
131075100090,seismic,多摩西部直下地震,5.555,6弱,,,13107,墨田区,Municipal,Unknown,有形文化財,歴史資料,point,木阿弥(元杢網)「けふよりも」の歌碑,想定震度,多摩西部直下地震,想定震度｜多摩西部直下地震
131075100091,seismic,多摩西部直下地震,5.665,6弱,,,13107,墨田区,Municipal,Unknown,有形文化財,歴史資料,point,義士墓(那珂湊戦争関連資料),想定震度,多摩西部直下地震,想定震度｜多摩西部直下地震
131075100092,seismic,多摩西部直下地震,5.665,6弱,,,13107,墨田区,Municipal,Unknown,有形文化財,歴史資料,point,回向院の石造歴史災害供養塔群,想定震度,多摩西部直下地震,想定震度｜多摩西部直下地震
131075100095,seismic,多摩西部直下地震,5.53,6弱,,,13107,墨田区,Municipal,Unknown,民俗文化財,有形民俗文化財,point,牛嶋神社の石造狛犬 享保十四年銘 一対 文政十年銘 一対,想定震度,多摩西部直下地震,想定震度｜多摩西部直下地震
131075100096,seismic,多摩西部直下地震,5.596,6弱,,,13107,墨田区,Municipal,Unknown,民俗文化財,有形民俗文化財,point,三囲神社の石造狛犬,想定震度,多摩西部直下地震,想定震度｜多摩西部直下地震
131075100097,seismic,多摩西部直下地震,5.469,5強,,,13107,墨田区,Municipal,Unknown,民俗文化財,有形民俗文化財,point,如意輪寺の六面六地蔵石幢,想定震度,多摩西部直下地震,想定震度｜多摩西部直下地震
131075100098,seismic,多摩西部直下地震,5.626,6弱,,,13107,墨田区,Municipal,Unknown,民俗文化財,有形民俗文化財,point,正福寺の石造阿弥陀如来立像,想定震度,多摩西部直下地震,想定震度｜多摩西部直下地震
131075100099,seismic,多摩西部直下地震,5.569,6弱,,,13107,墨田区,Municipal,Unknown,民俗文化財,有形民俗文化財,point,多聞寺の石造庚申塔(阿弥陀如来),想定震度,多摩西部直下地震,想定震度｜多摩西部直下地震
131075100100,seismic,多摩西部直下地震,5.586,6弱,,,13107,墨田区,Municipal,Unknown,民俗文化財,有形民俗文化財,point,圓徳寺の石造庚申塔(釈迦如来),想定震度,多摩西部直下地震,想定震度｜多摩西部直下地震
131075100101,seismic,多摩西部直下地震,5.682,6弱,,,13107,墨田区,Municipal,Unknown,民俗文化財,有形民俗文化財,point,吾嬬神社の石造狛犬,想定震度,多摩西部直下地震,想定震度｜多摩西部直下地震
131075100103,seismic,多摩西部直下地震,5.668,6弱,,,13107,墨田区,Municipal,Unknown,民俗文化財,有形民俗文化財,point,萬福寺の石造庚申塔 (青面金剛童子),想定震度,多摩西部直下地震,想定震度｜多摩西部直下地震
131075100104,seismic,多摩西部直下地震,5.769,6弱,,,13107,墨田区,Municipal,Unknown,民俗文化財,有形民俗文化財,point,白鬚神社の石造狛犬,想定震度,多摩西部直下地震,想定震度｜多摩西部直下地震
131075100105,seismic,多摩西部直下地震,5.714,6弱,,,13107,墨田区,Municipal,Unknown,民俗文化財,有形民俗文化財,point,香取神社の石造水鉢(禊盥),想定震度,多摩西部直下地震,想定震度｜多摩西部直下地震
131075100106,seismic,多摩西部直下地震,5.53,6弱,,,13107,墨田区,Municipal,Unknown,民俗文化財,有形民俗文化財,point,牛嶋神社の石造神牛,想定震度,多摩西部直下地震,想定震度｜多摩西部直下地震
131075100107,seismic,多摩西部直下地震,5.596,6弱,,,13107,墨田区,Municipal,Unknown,民俗文化財,有形民俗文化財,point,三囲神社の石造神狐,想定震度,多摩西部直下地震,想定震度｜多摩西部直下地震
131075100108,seismic,多摩西部直下地震,5.576,6弱,,,13107,墨田区,Municipal,Unknown,民俗文化財,有形民俗文化財,point,長命寺の石造庚申塔 (地蔵菩薩),想定震度,多摩西部直下地震,想定震度｜多摩西部直下地震
131075100109,seismic,多摩西部直下地震,5.613,6弱,,,13107,墨田区,Municipal,Unknown,民俗文化財,有形民俗文化財,point,正覚寺の石造庚申塔(青面金剛童子),想定震度,多摩西部直下地震,想定震度｜多摩西部直下地震
131075100110,seismic,多摩西部直下地震,5.665,6弱,,,13107,墨田区,Municipal,Unknown,民俗文化財,有形民俗文化財,point,回向院の石造阿弥陀三尊立像,想定震度,多摩西部直下地震,想定震度｜多摩西部直下地震
131075100111,seismic,多摩西部直下地震,6.024,6強以上,,,13107,墨田区,Municipal,Unknown,民俗文化財,有形民俗文化財,point,円通寺の石造地蔵菩薩立像,想定震度,多摩西部直下地震,想定震度｜多摩西部直下地震
131075100112,seismic,多摩西部直下地震,5.569,6弱,,,13107,墨田区,Municipal,Unknown,民俗文化財,有形民俗文化財,point,多聞寺の石造六地蔵坐像,想定震度,多摩西部直下地震,想定震度｜多摩西部直下地震
131075100113,seismic,多摩西部直下地震,5.606,6弱,,,13107,墨田区,Municipal,Unknown,民俗文化財,有形民俗文化財,point,法泉寺の石造地蔵菩薩立像,想定震度,多摩西部直下地震,想定震度｜多摩西部直下地震
131075100114,seismic,多摩西部直下地震,5.572,6弱,,,13107,墨田区,Municipal,Unknown,民俗文化財,有形民俗文化財,point,東漸寺の石造庚申道標,想定震度,多摩西部直下地震,想定震度｜多摩西部直下地震
131075100115,seismic,多摩西部直下地震,5.53,6弱,,,13107,墨田区,Municipal,Unknown,民俗文化財,有形民俗文化財,point,牛嶋神社境内力石群,想定震度,多摩西部直下地震,想定震度｜多摩西部直下地震
131075100116,seismic,多摩西部直下地震,5.756,6弱,,,13107,墨田区,Municipal,Unknown,民俗文化財,有形民俗文化財,point,力石,想定震度,多摩西部直下地震,想定震度｜多摩西部直下地震
131075100117,seismic,多摩西部直下地震,5.682,6弱,,,13107,墨田区,Municipal,Unknown,民俗文化財,有形民俗文化財,point,吾嬬神社境内力石群,想定震度,多摩西部直下地震,想定震度｜多摩西部直下地震
131075100118,seismic,多摩西部直下地震,5.53,6弱,,,13107,墨田区,Municipal,Unknown,民俗文化財,有形民俗文化財,point,牛嶋神社石造神牛(撫牛),想定震度,多摩西部直下地震,想定震度｜多摩西部直下地震
131075100119,seismic,多摩西部直下地震,5.665,6弱,,,13107,墨田区,Municipal,Unknown,民俗文化財,有形民俗文化財,point,鼠小僧供養碑(鼠小僧の墓),想定震度,多摩西部直下地震,想定震度｜多摩西部直下地震
131075100120,seismic,多摩西部直下地震,5.59,6弱,,,13107,墨田区,Municipal,Unknown,民俗文化財,有形民俗文化財,point,安藤家旧蔵田舟,想定震度,多摩西部直下地震,想定震度｜多摩西部直下地震
131075100121,seismic,多摩西部直下地震,5.642,6弱,,,13107,墨田区,Municipal,Unknown,民俗文化財,有形民俗文化財,point,江島杉山神社境内力石,想定震度,多摩西部直下地震,想定震度｜多摩西部直下地震
131075100122,seismic,多摩西部直下地震,6.018,6強以上,,,13107,墨田区,Municipal,Unknown,民俗文化財,有形民俗文化財,point,山玉向嶋講社の碑,想定震度,多摩西部直下地震,想定震度｜多摩西部直下地震
131075100123,seismic,多摩西部直下地震,5.769,6弱,,,13107,墨田区,Municipal,Unknown,民俗文化財,有形民俗文化財,point,山玉向嶋講社の碑,想定震度,多摩西部直下地震,想定震度｜多摩西部直下地震
131075100124,seismic,多摩西部直下地震,5.576,6弱,,,13107,墨田区,Municipal,Unknown,民俗文化財,有形民俗文化財,point,出羽三山の碑,想定震度,多摩西部直下地震,想定震度｜多摩西部直下地震
131075100125,seismic,多摩西部直下地震,5.489,5強,,,13107,墨田区,Municipal,Unknown,民俗文化財,有形民俗文化財,point,柳嶋村念仏講道具一式 附関連文書,想定震度,多摩西部直下地震,想定震度｜多摩西部直下地震
131075100149,seismic,多摩西部直下地震,5.565,6弱,,,13107,墨田区,Municipal,Unknown,民俗文化財,無形民俗文化財(民俗芸能),point,隅田囃子(箕輪囃子),想定震度,多摩西部直下地震,想定震度｜多摩西部直下地震
131075100150,seismic,多摩西部直下地震,5.576,6弱,,,13107,墨田区,Municipal,Unknown,民俗文化財,無形民俗文化財(風俗慣習),point,隅田川七福神めぐり,想定震度,多摩西部直下地震,想定震度｜多摩西部直下地震
131075100151,seismic,多摩西部直下地震,5.629,6弱,,,13107,墨田区,Municipal,Unknown,記念物,史跡,point,肥前平戸藩松浦家墓所 ※非公開,想定震度,多摩西部直下地震,想定震度｜多摩西部直下地震
131075100152,seismic,多摩西部直下地震,5.576,6弱,,,13107,墨田区,Municipal,Unknown,記念物,史跡,point,橘守部墓・橘冬照墓,想定震度,多摩西部直下地震,想定震度｜多摩西部直下地震
131075100153,seismic,多摩西部直下地震,5.579,6弱,,,13107,墨田区,Municipal,Unknown,記念物,史跡,point,池田冠山墓,想定震度,多摩西部直下地震,想定震度｜多摩西部直下地震
131075100154,seismic,多摩西部直下地震,5.644,6弱,,,13107,墨田区,Municipal,Unknown,記念物,史跡,point,常陸笠間藩牧野家墓所 ※非公開,想定震度,多摩西部直下地震,想定震度｜多摩西部直下地震
131075100155,seismic,多摩西部直下地震,5.665,6弱,,,13107,墨田区,Municipal,Unknown,記念物,史跡,point,回向院相撲関係石碑群(力塚),想定震度,多摩西部直下地震,想定震度｜多摩西部直下地震
131075100156,seismic,多摩西部直下地震,6.024,6強以上,,,13107,墨田区,Municipal,Unknown,記念物,天然記念物,point,飛木稲荷神社のイチョウ,想定震度,多摩西部直下地震,想定震度｜多摩西部直下地震
131075100157,seismic,多摩西部直下地震,5.585,6弱,,,13107,墨田区,Municipal,Unknown,記念物,名勝,point,墨堤の桜,想定震度,多摩西部直下地震,想定震度｜多摩西部直下地震
official_export_002:99,seismic,多摩西部直下地震,5.575,6弱,,,13107,墨田区,National,Registered,有形文化財,建造物,building_direct,割烹美家古向島本店店舗,想定震度,多摩西部直下地震,想定震度｜多摩西部直下地震
official_export_002:276,seismic,多摩西部直下地震,5.752,6弱,,,13107,墨田区,National,Registered,有形文化財,建造物,building_direct,墨田区立言問小学校校舎,想定震度,多摩西部直下地震,想定震度｜多摩西部直下地震
official_export_002:277,seismic,多摩西部直下地震,5.746,6弱,,,13107,墨田区,National,Registered,有形文化財,建造物,building_direct,墨田区立言問小学校講堂,想定震度,多摩西部直下地震,想定震度｜多摩西部直下地震
official_export_002:327,seismic,多摩西部直下地震,5.705,6弱,,,13107,墨田区,National,Registered,有形文化財,建造物,building_direct,照田家住宅主屋,想定震度,多摩西部直下地震,想定震度｜多摩西部直下地震
official_export_003:65,seismic,多摩西部直下地震,5.6,6弱,,,13107,墨田区,National,Designated,記念物,天然記念物,point,向島百花園,想定震度,多摩西部直下地震,想定震度｜多摩西部直下地震
95,seismic,立川断層帯地震,5.86,6弱,,,13107,墨田区,Tokyo Metropolitan,Designated,有形文化財,歴史資料,point,石造明暦大火横死者等供養塔,想定震度,立川断層帯地震,想定震度｜立川断層帯地震
171,seismic,立川断層帯地震,5.054,5強,,,13107,墨田区,Tokyo Metropolitan,Designated,記念物,旧跡,point,赤穂浪士元禄義挙の跡,想定震度,立川断層帯地震,想定震度｜立川断層帯地震
172,seismic,立川断層帯地震,4.957,5弱,,,13107,墨田区,Tokyo Metropolitan,Designated,記念物,旧跡,point,加藤千蔭墓,想定震度,立川断層帯地震,想定震度｜立川断層帯地震
173,seismic,立川断層帯地震,4.957,5弱,,,13107,墨田区,Tokyo Metropolitan,Designated,記念物,旧跡,point,磐瀬京伝墓,想定震度,立川断層帯地震,想定震度｜立川断層帯地震
174,seismic,立川断層帯地震,4.957,5弱,,,13107,墨田区,Tokyo Metropolitan,Designated,記念物,旧跡,point,磐瀬京山墓,想定震度,立川断層帯地震,想定震度｜立川断層帯地震
197,seismic,立川断層帯地震,4.765,5弱,,,13107,墨田区,Tokyo Metropolitan,Designated,記念物,名勝,point,旧安田庭園,想定震度,立川断層帯地震,想定震度｜立川断層帯地震
131075100001,seismic,立川断層帯地震,4.677,5弱,,,13107,墨田区,Municipal,Unknown,有形文化財,建造物,building_direct,牛嶋神社石造鳥居,想定震度,立川断層帯地震,想定震度｜立川断層帯地震
131075100002,seismic,立川断層帯地震,4.897,5弱,,,13107,墨田区,Municipal,Unknown,有形文化財,建造物,building_direct,白髭神社石造鳥居,想定震度,立川断層帯地震,想定震度｜立川断層帯地震
131075100003,seismic,立川断層帯地震,5.099,5強,,,13107,墨田区,Municipal,Unknown,有形文化財,建造物,building_direct,多聞寺山門,想定震度,立川断層帯地震,想定震度｜立川断層帯地震
131075100004,seismic,立川断層帯地震,5.004,5強,,,13107,墨田区,Municipal,Unknown,有形文化財,建造物,building_direct,旧小山家住宅,想定震度,立川断層帯地震,想定震度｜立川断層帯地震
131075100006,seismic,立川断層帯地震,4.765,5弱,,,13107,墨田区,Municipal,Unknown,有形文化財,建造物,building_direct,三囲神社石造鳥居(堤下の大鳥居),想定震度,立川断層帯地震,想定震度｜立川断層帯地震
131075100007,seismic,立川断層帯地震,4.787,5弱,,,13107,墨田区,Municipal,Unknown,有形文化財,建造物,building_direct,弘福寺本堂(大雄寳殿),想定震度,立川断層帯地震,想定震度｜立川断層帯地震
131075100008,seismic,立川断層帯地震,4.765,5弱,,,13107,墨田区,Municipal,Unknown,有形文化財,建造物,building_direct,三囲神社本社,想定震度,立川断層帯地震,想定震度｜立川断層帯地震
131075100010,seismic,立川断層帯地震,4.677,5弱,,,13107,墨田区,Municipal,Unknown,有形文化財,建造物,building_direct,牛嶋神社社殿,想定震度,立川断層帯地震,想定震度｜立川断層帯地震
131075100011,seismic,立川断層帯地震,4.677,5弱,,,13107,墨田区,Municipal,Unknown,有形文化財,建造物,building_direct,牛嶋神社神輿蔵,想定震度,立川断層帯地震,想定震度｜立川断層帯地震
131075100012,seismic,立川断層帯地震,5.098,5強,,,13107,墨田区,Municipal,Unknown,有形文化財,建造物,building_direct,隅田川神社社殿,想定震度,立川断層帯地震,想定震度｜立川断層帯地震
131075100014,seismic,立川断層帯地震,4.863,5弱,,,13107,墨田区,Municipal,Unknown,有形文化財,建造物,building_direct,實相寺熊谷稲荷堂 附再建関連文書ニ点・青図三枚・写真一点,想定震度,立川断層帯地震,想定震度｜立川断層帯地震
131075100016,seismic,立川断層帯地震,4.58,5弱,,,13107,墨田区,Municipal,Unknown,有形文化財,歴史資料,point,楢崎宗重博士旧蔵美術資料群(楢崎宗重コレクション),想定震度,立川断層帯地震,想定震度｜立川断層帯地震
131075100017,seismic,立川断層帯地震,4.58,5弱,,,13107,墨田区,Municipal,Unknown,有形文化財,歴史資料,point,紙本着色「隅田川両岸景色図」一巻,想定震度,立川断層帯地震,想定震度｜立川断層帯地震
131075100047,seismic,立川断層帯地震,5.142,5強,,,13107,墨田区,Municipal,Unknown,有形文化財,歴史資料,point,都鳥手鑑 ※非公開,想定震度,立川断層帯地震,想定震度｜立川断層帯地震
131075100048,seismic,立川断層帯地震,5.154,5強,,,13107,墨田区,Municipal,Unknown,有形文化財,歴史資料,point,正福寺の板碑,想定震度,立川断層帯地震,想定震度｜立川断層帯地震
131075100049,seismic,立川断層帯地震,5.014,5強,,,13107,墨田区,Municipal,Unknown,有形文化財,歴史資料,point,法泉寺所蔵板碑 ※非公開,想定震度,立川断層帯地震,想定震度｜立川断層帯地震
131075100050,seismic,立川断層帯地震,5.03,5強,,,13107,墨田区,Municipal,Unknown,有形文化財,歴史資料,point,啓運閣所蔵板碑 ※非公開,想定震度,立川断層帯地震,想定震度｜立川断層帯地震
131075100052,seismic,立川断層帯地震,4.789,5弱,,,13107,墨田区,Municipal,Unknown,有形文化財,歴史資料,point,松尾芭蕉「いざさらば」の句碑 (雪見の句碑),想定震度,立川断層帯地震,想定震度｜立川断層帯地震
131075100053,seismic,立川断層帯地震,4.634,5弱,,,13107,墨田区,Municipal,Unknown,有形文化財,歴史資料,point,橋本家旧蔵板碑,想定震度,立川断層帯地震,想定震度｜立川断層帯地震
131075100054,seismic,立川断層帯地震,4.677,5弱,,,13107,墨田区,Municipal,Unknown,有形文化財,歴史資料,point,烏亭焉馬「いそがずば」の狂歌碑,想定震度,立川断層帯地震,想定震度｜立川断層帯地震
131075100055,seismic,立川断層帯地震,4.765,5弱,,,13107,墨田区,Municipal,Unknown,有形文化財,歴史資料,point,宝井其角「ゆうだちや」の句碑 (雨乞いの句碑),想定震度,立川断層帯地震,想定震度｜立川断層帯地震
131075100056,seismic,立川断層帯地震,5.042,5強,,,13107,墨田区,Municipal,Unknown,有形文化財,歴史資料,point,秋葉神社の石造燈籠 寛保元年銘 二基 宝永元年銘 二基 宝永二年銘 二基,想定震度,立川断層帯地震,想定震度｜立川断層帯地震
131075100057,seismic,立川断層帯地震,4.907,5弱,,,13107,墨田区,Municipal,Unknown,有形文化財,歴史資料,point,蓮花寺の石柱道標 文化十五年銘 一基 文政五年銘 一基,想定震度,立川断層帯地震,想定震度｜立川断層帯地震
131075100058,seismic,立川断層帯地震,4.892,5弱,,,13107,墨田区,Municipal,Unknown,有形文化財,歴史資料,point,要津寺雪中庵関係石碑群,想定震度,立川断層帯地震,想定震度｜立川断層帯地震
131075100059,seismic,立川断層帯地震,5.099,5強,,,13107,墨田区,Municipal,Unknown,有形文化財,歴史資料,point,多聞寺の板碑,想定震度,立川断層帯地震,想定震度｜立川断層帯地震
131075100061,seismic,立川断層帯地震,4.97,5弱,,,13107,墨田区,Municipal,Unknown,有形文化財,歴史資料,point,石造海難供養碑,想定震度,立川断層帯地震,想定震度｜立川断層帯地震
131075100062,seismic,立川断層帯地震,4.765,5弱,,,13107,墨田区,Municipal,Unknown,有形文化財,歴史資料,point,三囲神社の石造常夜燈,想定震度,立川断層帯地震,想定震度｜立川断層帯地震
131075100063,seismic,立川断層帯地震,4.785,5弱,,,13107,墨田区,Municipal,Unknown,有形文化財,歴史資料,point,石造墨堤永代常夜燈,想定震度,立川断層帯地震,想定震度｜立川断層帯地震
131075100064,seismic,立川断層帯地震,4.848,5弱,,,13107,墨田区,Municipal,Unknown,有形文化財,歴史資料,point,吾嬬神社の連理の楠,想定震度,立川断層帯地震,想定震度｜立川断層帯地震
131075100065,seismic,立川断層帯地震,4.789,5弱,,,13107,墨田区,Municipal,Unknown,有形文化財,歴史資料,point,墨堤植桜之碑,想定震度,立川断層帯地震,想定震度｜立川断層帯地震
131075100066,seismic,立川断層帯地震,5.105,5強,,,13107,墨田区,Municipal,Unknown,有形文化財,歴史資料,point,絹本墨書扁額「明明徳」,想定震度,立川断層帯地震,想定震度｜立川断層帯地震
131075100067,seismic,立川断層帯地震,5.096,5強,,,13107,墨田区,Municipal,Unknown,有形文化財,歴史資料,point,歌川豊広辞世の狂歌碑,想定震度,立川断層帯地震,想定震度｜立川断層帯地震
131075100068,seismic,立川断層帯地震,4.563,5弱,,,13107,墨田区,Municipal,Unknown,有形文化財,歴史資料,point,石造標柱「隅田公園入口」,想定震度,立川断層帯地震,想定震度｜立川断層帯地震
131075100069,seismic,立川断層帯地震,5.04,5強,,,13107,墨田区,Municipal,Unknown,有形文化財,歴史資料,point,石造「夜寉井銘」の碑,想定震度,立川断層帯地震,想定震度｜立川断層帯地震
131075100070,seismic,立川断層帯地震,4.827,5弱,,,13107,墨田区,Municipal,Unknown,有形文化財,歴史資料,point,生月鯨太左衛門の墓 ※非公開,想定震度,立川断層帯地震,想定震度｜立川断層帯地震
131075100071,seismic,立川断層帯地震,4.97,5弱,,,13107,墨田区,Municipal,Unknown,有形文化財,歴史資料,point,無縁法界塔,想定震度,立川断層帯地震,想定震度｜立川断層帯地震
131075100072,seismic,立川断層帯地震,4.93,5弱,,,13107,墨田区,Municipal,Unknown,有形文化財,歴史資料,point,板坂如春の碑(2基),想定震度,立川断層帯地震,想定震度｜立川断層帯地震
131075100073,seismic,立川断層帯地震,4.634,5弱,,,13107,墨田区,Municipal,Unknown,有形文化財,歴史資料,point,芥川家旧蔵雛人形,想定震度,立川断層帯地震,想定震度｜立川断層帯地震
131075100074,seismic,立川断層帯地震,5.142,5強,,,13107,墨田区,Municipal,Unknown,有形文化財,歴史資料,point,「天下之糸平」の碑,想定震度,立川断層帯地震,想定震度｜立川断層帯地震
131075100075,seismic,立川断層帯地震,4.92,5弱,,,13107,墨田区,Municipal,Unknown,有形文化財,歴史資料,point,大石三平墓,想定震度,立川断層帯地震,想定震度｜立川断層帯地震
131075100076,seismic,立川断層帯地震,4.907,5弱,,,13107,墨田区,Municipal,Unknown,有形文化財,歴史資料,point,江島杉山神社の銅製釣燈籠,想定震度,立川断層帯地震,想定震度｜立川断層帯地震
131075100077,seismic,立川断層帯地震,5.17,5強,,,13107,墨田区,Municipal,Unknown,有形文化財,歴史資料,point,佐羽淡斎「墨多三絶」の漢詩碑,想定震度,立川断層帯地震,想定震度｜立川断層帯地震
131075100078,seismic,立川断層帯地震,5.142,5強,,,13107,墨田区,Municipal,Unknown,有形文化財,歴史資料,point,亀田鵬斎「題隅田堤櫻花」の漢詩碑,想定震度,立川断層帯地震,想定震度｜立川断層帯地震
131075100079,seismic,立川断層帯地震,4.848,5弱,,,13107,墨田区,Municipal,Unknown,有形文化財,歴史資料,point,「吾嬬森碑」,想定震度,立川断層帯地震,想定震度｜立川断層帯地震
131075100080,seismic,立川断層帯地震,4.901,5弱,,,13107,墨田区,Municipal,Unknown,有形文化財,歴史資料,point,近松門左衛門供養碑(断片) ※非公開,想定震度,立川断層帯地震,想定震度｜立川断層帯地震
131075100081,seismic,立川断層帯地震,4.765,5弱,,,13107,墨田区,Municipal,Unknown,有形文化財,歴史資料,point,「一勇斎歌川先生墓表」(歌川国芳顕彰碑),想定震度,立川断層帯地震,想定震度｜立川断層帯地震
131075100082,seismic,立川断層帯地震,4.789,5弱,,,13107,墨田区,Municipal,Unknown,有形文化財,歴史資料,point,「勝川春英翁略傳」の碑,想定震度,立川断層帯地震,想定震度｜立川断層帯地震
131075100083,seismic,立川断層帯地震,4.901,5弱,,,13107,墨田区,Municipal,Unknown,有形文化財,歴史資料,point,初代歌川豊国筆塚(断片),想定震度,立川断層帯地震,想定震度｜立川断層帯地震
131075100084,seismic,立川断層帯地震,5.014,5強,,,13107,墨田区,Municipal,Unknown,有形文化財,歴史資料,point,窪俊満「故郷の」の歌碑,想定震度,立川断層帯地震,想定震度｜立川断層帯地震
131075100085,seismic,立川断層帯地震,4.634,5弱,,,13107,墨田区,Municipal,Unknown,有形文化財,歴史資料,point,鈴木家旧蔵雛人形,想定震度,立川断層帯地震,想定震度｜立川断層帯地震
131075100086,seismic,立川断層帯地震,4.992,5弱,,,13107,墨田区,Municipal,Unknown,有形文化財,歴史資料,point,太田氏七代供養塔,想定震度,立川断層帯地震,想定震度｜立川断層帯地震
131075100087,seismic,立川断層帯地震,4.992,5弱,,,13107,墨田区,Municipal,Unknown,有形文化財,歴史資料,point,旗本太田資同墓碑,想定震度,立川断層帯地震,想定震度｜立川断層帯地震
131075100088,seismic,立川断層帯地震,5.098,5強,,,13107,墨田区,Municipal,Unknown,有形文化財,歴史資料,point,隅田川神社資料,想定震度,立川断層帯地震,想定震度｜立川断層帯地震
131075100089,seismic,立川断層帯地震,5.098,5強,,,13107,墨田区,Municipal,Unknown,有形文化財,歴史資料,point,矢掛弓雄関係石碑群,想定震度,立川断層帯地震,想定震度｜立川断層帯地震
131075100090,seismic,立川断層帯地震,5.098,5強,,,13107,墨田区,Municipal,Unknown,有形文化財,歴史資料,point,木阿弥(元杢網)「けふよりも」の歌碑,想定震度,立川断層帯地震,想定震度｜立川断層帯地震
131075100091,seismic,立川断層帯地震,4.97,5弱,,,13107,墨田区,Municipal,Unknown,有形文化財,歴史資料,point,義士墓(那珂湊戦争関連資料),想定震度,立川断層帯地震,想定震度｜立川断層帯地震
131075100092,seismic,立川断層帯地震,4.97,5弱,,,13107,墨田区,Municipal,Unknown,有形文化財,歴史資料,point,回向院の石造歴史災害供養塔群,想定震度,立川断層帯地震,想定震度｜立川断層帯地震
131075100095,seismic,立川断層帯地震,4.677,5弱,,,13107,墨田区,Municipal,Unknown,民俗文化財,有形民俗文化財,point,牛嶋神社の石造狛犬 享保十四年銘 一対 文政十年銘 一対,想定震度,立川断層帯地震,想定震度｜立川断層帯地震
131075100096,seismic,立川断層帯地震,4.765,5弱,,,13107,墨田区,Municipal,Unknown,民俗文化財,有形民俗文化財,point,三囲神社の石造狛犬,想定震度,立川断層帯地震,想定震度｜立川断層帯地震
131075100097,seismic,立川断層帯地震,4.663,5弱,,,13107,墨田区,Municipal,Unknown,民俗文化財,有形民俗文化財,point,如意輪寺の六面六地蔵石幢,想定震度,立川断層帯地震,想定震度｜立川断層帯地震
131075100098,seismic,立川断層帯地震,5.154,5強,,,13107,墨田区,Municipal,Unknown,民俗文化財,有形民俗文化財,point,正福寺の石造阿弥陀如来立像,想定震度,立川断層帯地震,想定震度｜立川断層帯地震
131075100099,seismic,立川断層帯地震,5.099,5強,,,13107,墨田区,Municipal,Unknown,民俗文化財,有形民俗文化財,point,多聞寺の石造庚申塔(阿弥陀如来),想定震度,立川断層帯地震,想定震度｜立川断層帯地震
131075100100,seismic,立川断層帯地震,5.12,5強,,,13107,墨田区,Municipal,Unknown,民俗文化財,有形民俗文化財,point,圓徳寺の石造庚申塔(釈迦如来),想定震度,立川断層帯地震,想定震度｜立川断層帯地震
131075100101,seismic,立川断層帯地震,4.848,5弱,,,13107,墨田区,Municipal,Unknown,民俗文化財,有形民俗文化財,point,吾嬬神社の石造狛犬,想定震度,立川断層帯地震,想定震度｜立川断層帯地震
131075100103,seismic,立川断層帯地震,4.977,5弱,,,13107,墨田区,Municipal,Unknown,民俗文化財,有形民俗文化財,point,萬福寺の石造庚申塔 (青面金剛童子),想定震度,立川断層帯地震,想定震度｜立川断層帯地震
131075100104,seismic,立川断層帯地震,5.17,5強,,,13107,墨田区,Municipal,Unknown,民俗文化財,有形民俗文化財,point,白鬚神社の石造狛犬,想定震度,立川断層帯地震,想定震度｜立川断層帯地震
131075100105,seismic,立川断層帯地震,4.881,5弱,,,13107,墨田区,Municipal,Unknown,民俗文化財,有形民俗文化財,point,香取神社の石造水鉢(禊盥),想定震度,立川断層帯地震,想定震度｜立川断層帯地震
131075100106,seismic,立川断層帯地震,4.677,5弱,,,13107,墨田区,Municipal,Unknown,民俗文化財,有形民俗文化財,point,牛嶋神社の石造神牛,想定震度,立川断層帯地震,想定震度｜立川断層帯地震
131075100107,seismic,立川断層帯地震,4.765,5弱,,,13107,墨田区,Municipal,Unknown,民俗文化財,有形民俗文化財,point,三囲神社の石造神狐,想定震度,立川断層帯地震,想定震度｜立川断層帯地震
131075100108,seismic,立川断層帯地震,4.789,5弱,,,13107,墨田区,Municipal,Unknown,民俗文化財,有形民俗文化財,point,長命寺の石造庚申塔 (地蔵菩薩),想定震度,立川断層帯地震,想定震度｜立川断層帯地震
131075100109,seismic,立川断層帯地震,4.949,5弱,,,13107,墨田区,Municipal,Unknown,民俗文化財,有形民俗文化財,point,正覚寺の石造庚申塔(青面金剛童子),想定震度,立川断層帯地震,想定震度｜立川断層帯地震
131075100110,seismic,立川断層帯地震,4.97,5弱,,,13107,墨田区,Municipal,Unknown,民俗文化財,有形民俗文化財,point,回向院の石造阿弥陀三尊立像,想定震度,立川断層帯地震,想定震度｜立川断層帯地震
131075100111,seismic,立川断層帯地震,5.202,5強,,,13107,墨田区,Municipal,Unknown,民俗文化財,有形民俗文化財,point,円通寺の石造地蔵菩薩立像,想定震度,立川断層帯地震,想定震度｜立川断層帯地震
131075100112,seismic,立川断層帯地震,5.099,5強,,,13107,墨田区,Municipal,Unknown,民俗文化財,有形民俗文化財,point,多聞寺の石造六地蔵坐像,想定震度,立川断層帯地震,想定震度｜立川断層帯地震
131075100113,seismic,立川断層帯地震,5.014,5強,,,13107,墨田区,Municipal,Unknown,民俗文化財,有形民俗文化財,point,法泉寺の石造地蔵菩薩立像,想定震度,立川断層帯地震,想定震度｜立川断層帯地震
131075100114,seismic,立川断層帯地震,4.93,5弱,,,13107,墨田区,Municipal,Unknown,民俗文化財,有形民俗文化財,point,東漸寺の石造庚申道標,想定震度,立川断層帯地震,想定震度｜立川断層帯地震
131075100115,seismic,立川断層帯地震,4.677,5弱,,,13107,墨田区,Municipal,Unknown,民俗文化財,有形民俗文化財,point,牛嶋神社境内力石群,想定震度,立川断層帯地震,想定震度｜立川断層帯地震
131075100116,seismic,立川断層帯地震,5.077,5強,,,13107,墨田区,Municipal,Unknown,民俗文化財,有形民俗文化財,point,力石,想定震度,立川断層帯地震,想定震度｜立川断層帯地震
131075100117,seismic,立川断層帯地震,4.848,5弱,,,13107,墨田区,Municipal,Unknown,民俗文化財,有形民俗文化財,point,吾嬬神社境内力石群,想定震度,立川断層帯地震,想定震度｜立川断層帯地震
131075100118,seismic,立川断層帯地震,4.677,5弱,,,13107,墨田区,Municipal,Unknown,民俗文化財,有形民俗文化財,point,牛嶋神社石造神牛(撫牛),想定震度,立川断層帯地震,想定震度｜立川断層帯地震
131075100119,seismic,立川断層帯地震,4.97,5弱,,,13107,墨田区,Municipal,Unknown,民俗文化財,有形民俗文化財,point,鼠小僧供養碑(鼠小僧の墓),想定震度,立川断層帯地震,想定震度｜立川断層帯地震
131075100120,seismic,立川断層帯地震,4.753,5弱,,,13107,墨田区,Municipal,Unknown,民俗文化財,有形民俗文化財,point,安藤家旧蔵田舟,想定震度,立川断層帯地震,想定震度｜立川断層帯地震
131075100121,seismic,立川断層帯地震,4.907,5弱,,,13107,墨田区,Municipal,Unknown,民俗文化財,有形民俗文化財,point,江島杉山神社境内力石,想定震度,立川断層帯地震,想定震度｜立川断層帯地震
131075100122,seismic,立川断層帯地震,5.212,5強,,,13107,墨田区,Municipal,Unknown,民俗文化財,有形民俗文化財,point,山玉向嶋講社の碑,想定震度,立川断層帯地震,想定震度｜立川断層帯地震
131075100123,seismic,立川断層帯地震,5.17,5強,,,13107,墨田区,Municipal,Unknown,民俗文化財,有形民俗文化財,point,山玉向嶋講社の碑,想定震度,立川断層帯地震,想定震度｜立川断層帯地震
131075100124,seismic,立川断層帯地震,4.789,5弱,,,13107,墨田区,Municipal,Unknown,民俗文化財,有形民俗文化財,point,出羽三山の碑,想定震度,立川断層帯地震,想定震度｜立川断層帯地震
131075100125,seismic,立川断層帯地震,4.634,5弱,,,13107,墨田区,Municipal,Unknown,民俗文化財,有形民俗文化財,point,柳嶋村念仏講道具一式 附関連文書,想定震度,立川断層帯地震,想定震度｜立川断層帯地震
131075100149,seismic,立川断層帯地震,5.092,5強,,,13107,墨田区,Municipal,Unknown,民俗文化財,無形民俗文化財(民俗芸能),point,隅田囃子(箕輪囃子),想定震度,立川断層帯地震,想定震度｜立川断層帯地震
131075100150,seismic,立川断層帯地震,4.789,5弱,,,13107,墨田区,Municipal,Unknown,民俗文化財,無形民俗文化財(風俗慣習),point,隅田川七福神めぐり,想定震度,立川断層帯地震,想定震度｜立川断層帯地震
131075100151,seismic,立川断層帯地震,4.827,5弱,,,13107,墨田区,Municipal,Unknown,記念物,史跡,point,肥前平戸藩松浦家墓所 ※非公開,想定震度,立川断層帯地震,想定震度｜立川断層帯地震
131075100152,seismic,立川断層帯地震,4.789,5弱,,,13107,墨田区,Municipal,Unknown,記念物,史跡,point,橘守部墓・橘冬照墓,想定震度,立川断層帯地震,想定震度｜立川断層帯地震
131075100153,seismic,立川断層帯地震,4.787,5弱,,,13107,墨田区,Municipal,Unknown,記念物,史跡,point,池田冠山墓,想定震度,立川断層帯地震,想定震度｜立川断層帯地震
131075100154,seismic,立川断層帯地震,4.892,5弱,,,13107,墨田区,Municipal,Unknown,記念物,史跡,point,常陸笠間藩牧野家墓所 ※非公開,想定震度,立川断層帯地震,想定震度｜立川断層帯地震
131075100155,seismic,立川断層帯地震,4.97,5弱,,,13107,墨田区,Municipal,Unknown,記念物,史跡,point,回向院相撲関係石碑群(力塚),想定震度,立川断層帯地震,想定震度｜立川断層帯地震
131075100156,seismic,立川断層帯地震,5.202,5強,,,13107,墨田区,Municipal,Unknown,記念物,天然記念物,point,飛木稲荷神社のイチョウ,想定震度,立川断層帯地震,想定震度｜立川断層帯地震
131075100157,seismic,立川断層帯地震,4.763,5弱,,,13107,墨田区,Municipal,Unknown,記念物,名勝,point,墨堤の桜,想定震度,立川断層帯地震,想定震度｜立川断層帯地震
official_export_002:99,seismic,立川断層帯地震,4.782,5弱,,,13107,墨田区,National,Registered,有形文化財,建造物,building_direct,割烹美家古向島本店店舗,想定震度,立川断層帯地震,想定震度｜立川断層帯地震
official_export_002:276,seismic,立川断層帯地震,5.001,5強,,,13107,墨田区,National,Registered,有形文化財,建造物,building_direct,墨田区立言問小学校校舎,想定震度,立川断層帯地震,想定震度｜立川断層帯地震
official_export_002:277,seismic,立川断層帯地震,5.006,5強,,,13107,墨田区,National,Registered,有形文化財,建造物,building_direct,墨田区立言問小学校講堂,想定震度,立川断層帯地震,想定震度｜立川断層帯地震
official_export_002:327,seismic,立川断層帯地震,5.019,5強,,,13107,墨田区,National,Registered,有形文化財,建造物,building_direct,照田家住宅主屋,想定震度,立川断層帯地震,想定震度｜立川断層帯地震
official_export_003:65,seismic,立川断層帯地震,4.944,5弱,,,13107,墨田区,National,Designated,記念物,天然記念物,point,向島百花園,想定震度,立川断層帯地震,想定震度｜立川断層帯地震
95,seismic,大正関東地震,5.546,6弱,,,13107,墨田区,Tokyo Metropolitan,Designated,有形文化財,歴史資料,point,石造明暦大火横死者等供養塔,想定震度,大正関東地震,想定震度｜大正関東地震
171,seismic,大正関東地震,6.008,6強以上,,,13107,墨田区,Tokyo Metropolitan,Designated,記念物,旧跡,point,赤穂浪士元禄義挙の跡,想定震度,大正関東地震,想定震度｜大正関東地震
172,seismic,大正関東地震,5.92,6弱,,,13107,墨田区,Tokyo Metropolitan,Designated,記念物,旧跡,point,加藤千蔭墓,想定震度,大正関東地震,想定震度｜大正関東地震
173,seismic,大正関東地震,5.92,6弱,,,13107,墨田区,Tokyo Metropolitan,Designated,記念物,旧跡,point,磐瀬京伝墓,想定震度,大正関東地震,想定震度｜大正関東地震
174,seismic,大正関東地震,5.92,6弱,,,13107,墨田区,Tokyo Metropolitan,Designated,記念物,旧跡,point,磐瀬京山墓,想定震度,大正関東地震,想定震度｜大正関東地震
197,seismic,大正関東地震,5.721,6弱,,,13107,墨田区,Tokyo Metropolitan,Designated,記念物,名勝,point,旧安田庭園,想定震度,大正関東地震,想定震度｜大正関東地震
131075100001,seismic,大正関東地震,5.737,6弱,,,13107,墨田区,Municipal,Unknown,有形文化財,建造物,building_direct,牛嶋神社石造鳥居,想定震度,大正関東地震,想定震度｜大正関東地震
131075100002,seismic,大正関東地震,5.907,6弱,,,13107,墨田区,Municipal,Unknown,有形文化財,建造物,building_direct,白髭神社石造鳥居,想定震度,大正関東地震,想定震度｜大正関東地震
131075100003,seismic,大正関東地震,5.902,6弱,,,13107,墨田区,Municipal,Unknown,有形文化財,建造物,building_direct,多聞寺山門,想定震度,大正関東地震,想定震度｜大正関東地震
131075100004,seismic,大正関東地震,5.924,6弱,,,13107,墨田区,Municipal,Unknown,有形文化財,建造物,building_direct,旧小山家住宅,想定震度,大正関東地震,想定震度｜大正関東地震
131075100006,seismic,大正関東地震,5.818,6弱,,,13107,墨田区,Municipal,Unknown,有形文化財,建造物,building_direct,三囲神社石造鳥居(堤下の大鳥居),想定震度,大正関東地震,想定震度｜大正関東地震
131075100007,seismic,大正関東地震,5.827,6弱,,,13107,墨田区,Municipal,Unknown,有形文化財,建造物,building_direct,弘福寺本堂(大雄寳殿),想定震度,大正関東地震,想定震度｜大正関東地震
131075100008,seismic,大正関東地震,5.818,6弱,,,13107,墨田区,Municipal,Unknown,有形文化財,建造物,building_direct,三囲神社本社,想定震度,大正関東地震,想定震度｜大正関東地震
131075100010,seismic,大正関東地震,5.737,6弱,,,13107,墨田区,Municipal,Unknown,有形文化財,建造物,building_direct,牛嶋神社社殿,想定震度,大正関東地震,想定震度｜大正関東地震
131075100011,seismic,大正関東地震,5.737,6弱,,,13107,墨田区,Municipal,Unknown,有形文化財,建造物,building_direct,牛嶋神社神輿蔵,想定震度,大正関東地震,想定震度｜大正関東地震
131075100012,seismic,大正関東地震,5.897,6弱,,,13107,墨田区,Municipal,Unknown,有形文化財,建造物,building_direct,隅田川神社社殿,想定震度,大正関東地震,想定震度｜大正関東地震
131075100014,seismic,大正関東地震,5.836,6弱,,,13107,墨田区,Municipal,Unknown,有形文化財,建造物,building_direct,實相寺熊谷稲荷堂 附再建関連文書ニ点・青図三枚・写真一点,想定震度,大正関東地震,想定震度｜大正関東地震
131075100016,seismic,大正関東地震,5.62,6弱,,,13107,墨田区,Municipal,Unknown,有形文化財,歴史資料,point,楢崎宗重博士旧蔵美術資料群(楢崎宗重コレクション),想定震度,大正関東地震,想定震度｜大正関東地震
131075100017,seismic,大正関東地震,5.62,6弱,,,13107,墨田区,Municipal,Unknown,有形文化財,歴史資料,point,紙本着色「隅田川両岸景色図」一巻,想定震度,大正関東地震,想定震度｜大正関東地震
131075100047,seismic,大正関東地震,5.911,6弱,,,13107,墨田区,Municipal,Unknown,有形文化財,歴史資料,point,都鳥手鑑 ※非公開,想定震度,大正関東地震,想定震度｜大正関東地震
131075100048,seismic,大正関東地震,5.96,6弱,,,13107,墨田区,Municipal,Unknown,有形文化財,歴史資料,point,正福寺の板碑,想定震度,大正関東地震,想定震度｜大正関東地震
131075100049,seismic,大正関東地震,5.898,6弱,,,13107,墨田区,Municipal,Unknown,有形文化財,歴史資料,point,法泉寺所蔵板碑 ※非公開,想定震度,大正関東地震,想定震度｜大正関東地震
131075100050,seismic,大正関東地震,5.97,6弱,,,13107,墨田区,Municipal,Unknown,有形文化財,歴史資料,point,啓運閣所蔵板碑 ※非公開,想定震度,大正関東地震,想定震度｜大正関東地震
131075100052,seismic,大正関東地震,5.826,6弱,,,13107,墨田区,Municipal,Unknown,有形文化財,歴史資料,point,松尾芭蕉「いざさらば」の句碑 (雪見の句碑),想定震度,大正関東地震,想定震度｜大正関東地震
131075100053,seismic,大正関東地震,5.707,6弱,,,13107,墨田区,Municipal,Unknown,有形文化財,歴史資料,point,橋本家旧蔵板碑,想定震度,大正関東地震,想定震度｜大正関東地震
131075100054,seismic,大正関東地震,5.737,6弱,,,13107,墨田区,Municipal,Unknown,有形文化財,歴史資料,point,烏亭焉馬「いそがずば」の狂歌碑,想定震度,大正関東地震,想定震度｜大正関東地震
131075100055,seismic,大正関東地震,5.818,6弱,,,13107,墨田区,Municipal,Unknown,有形文化財,歴史資料,point,宝井其角「ゆうだちや」の句碑 (雨乞いの句碑),想定震度,大正関東地震,想定震度｜大正関東地震
131075100056,seismic,大正関東地震,6.061,6強以上,,,13107,墨田区,Municipal,Unknown,有形文化財,歴史資料,point,秋葉神社の石造燈籠 寛保元年銘 二基 宝永元年銘 二基 宝永二年銘 二基,想定震度,大正関東地震,想定震度｜大正関東地震
131075100057,seismic,大正関東地震,5.86,6弱,,,13107,墨田区,Municipal,Unknown,有形文化財,歴史資料,point,蓮花寺の石柱道標 文化十五年銘 一基 文政五年銘 一基,想定震度,大正関東地震,想定震度｜大正関東地震
131075100058,seismic,大正関東地震,5.886,6弱,,,13107,墨田区,Municipal,Unknown,有形文化財,歴史資料,point,要津寺雪中庵関係石碑群,想定震度,大正関東地震,想定震度｜大正関東地震
131075100059,seismic,大正関東地震,5.902,6弱,,,13107,墨田区,Municipal,Unknown,有形文化財,歴史資料,point,多聞寺の板碑,想定震度,大正関東地震,想定震度｜大正関東地震
131075100061,seismic,大正関東地震,5.927,6弱,,,13107,墨田区,Municipal,Unknown,有形文化財,歴史資料,point,石造海難供養碑,想定震度,大正関東地震,想定震度｜大正関東地震
131075100062,seismic,大正関東地震,5.818,6弱,,,13107,墨田区,Municipal,Unknown,有形文化財,歴史資料,point,三囲神社の石造常夜燈,想定震度,大正関東地震,想定震度｜大正関東地震
131075100063,seismic,大正関東地震,5.82,6弱,,,13107,墨田区,Municipal,Unknown,有形文化財,歴史資料,point,石造墨堤永代常夜燈,想定震度,大正関東地震,想定震度｜大正関東地震
131075100064,seismic,大正関東地震,5.961,6弱,,,13107,墨田区,Municipal,Unknown,有形文化財,歴史資料,point,吾嬬神社の連理の楠,想定震度,大正関東地震,想定震度｜大正関東地震
131075100065,seismic,大正関東地震,5.826,6弱,,,13107,墨田区,Municipal,Unknown,有形文化財,歴史資料,point,墨堤植桜之碑,想定震度,大正関東地震,想定震度｜大正関東地震
131075100066,seismic,大正関東地震,6.056,6強以上,,,13107,墨田区,Municipal,Unknown,有形文化財,歴史資料,point,絹本墨書扁額「明明徳」,想定震度,大正関東地震,想定震度｜大正関東地震
131075100067,seismic,大正関東地震,6.038,6強以上,,,13107,墨田区,Municipal,Unknown,有形文化財,歴史資料,point,歌川豊広辞世の狂歌碑,想定震度,大正関東地震,想定震度｜大正関東地震
131075100068,seismic,大正関東地震,5.602,6弱,,,13107,墨田区,Municipal,Unknown,有形文化財,歴史資料,point,石造標柱「隅田公園入口」,想定震度,大正関東地震,想定震度｜大正関東地震
131075100069,seismic,大正関東地震,6.0,6強以上,,,13107,墨田区,Municipal,Unknown,有形文化財,歴史資料,point,石造「夜寉井銘」の碑,想定震度,大正関東地震,想定震度｜大正関東地震
131075100070,seismic,大正関東地震,5.832,6弱,,,13107,墨田区,Municipal,Unknown,有形文化財,歴史資料,point,生月鯨太左衛門の墓 ※非公開,想定震度,大正関東地震,想定震度｜大正関東地震
131075100071,seismic,大正関東地震,5.927,6弱,,,13107,墨田区,Municipal,Unknown,有形文化財,歴史資料,point,無縁法界塔,想定震度,大正関東地震,想定震度｜大正関東地震
131075100072,seismic,大正関東地震,5.893,6弱,,,13107,墨田区,Municipal,Unknown,有形文化財,歴史資料,point,板坂如春の碑(2基),想定震度,大正関東地震,想定震度｜大正関東地震
131075100073,seismic,大正関東地震,5.707,6弱,,,13107,墨田区,Municipal,Unknown,有形文化財,歴史資料,point,芥川家旧蔵雛人形,想定震度,大正関東地震,想定震度｜大正関東地震
131075100074,seismic,大正関東地震,5.911,6弱,,,13107,墨田区,Municipal,Unknown,有形文化財,歴史資料,point,「天下之糸平」の碑,想定震度,大正関東地震,想定震度｜大正関東地震
131075100075,seismic,大正関東地震,5.895,6弱,,,13107,墨田区,Municipal,Unknown,有形文化財,歴史資料,point,大石三平墓,想定震度,大正関東地震,想定震度｜大正関東地震
131075100076,seismic,大正関東地震,5.897,6弱,,,13107,墨田区,Municipal,Unknown,有形文化財,歴史資料,point,江島杉山神社の銅製釣燈籠,想定震度,大正関東地震,想定震度｜大正関東地震
131075100077,seismic,大正関東地震,6.049,6強以上,,,13107,墨田区,Municipal,Unknown,有形文化財,歴史資料,point,佐羽淡斎「墨多三絶」の漢詩碑,想定震度,大正関東地震,想定震度｜大正関東地震
131075100078,seismic,大正関東地震,5.911,6弱,,,13107,墨田区,Municipal,Unknown,有形文化財,歴史資料,point,亀田鵬斎「題隅田堤櫻花」の漢詩碑,想定震度,大正関東地震,想定震度｜大正関東地震
131075100079,seismic,大正関東地震,5.961,6弱,,,13107,墨田区,Municipal,Unknown,有形文化財,歴史資料,point,「吾嬬森碑」,想定震度,大正関東地震,想定震度｜大正関東地震
131075100080,seismic,大正関東地震,6.01,6強以上,,,13107,墨田区,Municipal,Unknown,有形文化財,歴史資料,point,近松門左衛門供養碑(断片) ※非公開,想定震度,大正関東地震,想定震度｜大正関東地震
131075100081,seismic,大正関東地震,5.818,6弱,,,13107,墨田区,Municipal,Unknown,有形文化財,歴史資料,point,「一勇斎歌川先生墓表」(歌川国芳顕彰碑),想定震度,大正関東地震,想定震度｜大正関東地震
131075100082,seismic,大正関東地震,5.826,6弱,,,13107,墨田区,Municipal,Unknown,有形文化財,歴史資料,point,「勝川春英翁略傳」の碑,想定震度,大正関東地震,想定震度｜大正関東地震
131075100083,seismic,大正関東地震,6.01,6強以上,,,13107,墨田区,Municipal,Unknown,有形文化財,歴史資料,point,初代歌川豊国筆塚(断片),想定震度,大正関東地震,想定震度｜大正関東地震
131075100084,seismic,大正関東地震,5.898,6弱,,,13107,墨田区,Municipal,Unknown,有形文化財,歴史資料,point,窪俊満「故郷の」の歌碑,想定震度,大正関東地震,想定震度｜大正関東地震
131075100085,seismic,大正関東地震,5.707,6弱,,,13107,墨田区,Municipal,Unknown,有形文化財,歴史資料,point,鈴木家旧蔵雛人形,想定震度,大正関東地震,想定震度｜大正関東地震
131075100086,seismic,大正関東地震,6.019,6強以上,,,13107,墨田区,Municipal,Unknown,有形文化財,歴史資料,point,太田氏七代供養塔,想定震度,大正関東地震,想定震度｜大正関東地震
131075100087,seismic,大正関東地震,6.019,6強以上,,,13107,墨田区,Municipal,Unknown,有形文化財,歴史資料,point,旗本太田資同墓碑,想定震度,大正関東地震,想定震度｜大正関東地震
131075100088,seismic,大正関東地震,5.897,6弱,,,13107,墨田区,Municipal,Unknown,有形文化財,歴史資料,point,隅田川神社資料,想定震度,大正関東地震,想定震度｜大正関東地震
131075100089,seismic,大正関東地震,5.897,6弱,,,13107,墨田区,Municipal,Unknown,有形文化財,歴史資料,point,矢掛弓雄関係石碑群,想定震度,大正関東地震,想定震度｜大正関東地震
131075100090,seismic,大正関東地震,5.897,6弱,,,13107,墨田区,Municipal,Unknown,有形文化財,歴史資料,point,木阿弥(元杢網)「けふよりも」の歌碑,想定震度,大正関東地震,想定震度｜大正関東地震
131075100091,seismic,大正関東地震,5.927,6弱,,,13107,墨田区,Municipal,Unknown,有形文化財,歴史資料,point,義士墓(那珂湊戦争関連資料),想定震度,大正関東地震,想定震度｜大正関東地震
131075100092,seismic,大正関東地震,5.927,6弱,,,13107,墨田区,Municipal,Unknown,有形文化財,歴史資料,point,回向院の石造歴史災害供養塔群,想定震度,大正関東地震,想定震度｜大正関東地震
131075100095,seismic,大正関東地震,5.737,6弱,,,13107,墨田区,Municipal,Unknown,民俗文化財,有形民俗文化財,point,牛嶋神社の石造狛犬 享保十四年銘 一対 文政十年銘 一対,想定震度,大正関東地震,想定震度｜大正関東地震
131075100096,seismic,大正関東地震,5.818,6弱,,,13107,墨田区,Municipal,Unknown,民俗文化財,有形民俗文化財,point,三囲神社の石造狛犬,想定震度,大正関東地震,想定震度｜大正関東地震
131075100097,seismic,大正関東地震,5.687,6弱,,,13107,墨田区,Municipal,Unknown,民俗文化財,有形民俗文化財,point,如意輪寺の六面六地蔵石幢,想定震度,大正関東地震,想定震度｜大正関東地震
131075100098,seismic,大正関東地震,5.96,6弱,,,13107,墨田区,Municipal,Unknown,民俗文化財,有形民俗文化財,point,正福寺の石造阿弥陀如来立像,想定震度,大正関東地震,想定震度｜大正関東地震
131075100099,seismic,大正関東地震,5.902,6弱,,,13107,墨田区,Municipal,Unknown,民俗文化財,有形民俗文化財,point,多聞寺の石造庚申塔(阿弥陀如来),想定震度,大正関東地震,想定震度｜大正関東地震
131075100100,seismic,大正関東地震,5.917,6弱,,,13107,墨田区,Municipal,Unknown,民俗文化財,有形民俗文化財,point,圓徳寺の石造庚申塔(釈迦如来),想定震度,大正関東地震,想定震度｜大正関東地震
131075100101,seismic,大正関東地震,5.961,6弱,,,13107,墨田区,Municipal,Unknown,民俗文化財,有形民俗文化財,point,吾嬬神社の石造狛犬,想定震度,大正関東地震,想定震度｜大正関東地震
131075100103,seismic,大正関東地震,5.965,6弱,,,13107,墨田区,Municipal,Unknown,民俗文化財,有形民俗文化財,point,萬福寺の石造庚申塔 (青面金剛童子),想定震度,大正関東地震,想定震度｜大正関東地震
131075100104,seismic,大正関東地震,6.049,6強以上,,,13107,墨田区,Municipal,Unknown,民俗文化財,有形民俗文化財,point,白鬚神社の石造狛犬,想定震度,大正関東地震,想定震度｜大正関東地震
131075100105,seismic,大正関東地震,5.989,6弱,,,13107,墨田区,Municipal,Unknown,民俗文化財,有形民俗文化財,point,香取神社の石造水鉢(禊盥),想定震度,大正関東地震,想定震度｜大正関東地震
131075100106,seismic,大正関東地震,5.737,6弱,,,13107,墨田区,Municipal,Unknown,民俗文化財,有形民俗文化財,point,牛嶋神社の石造神牛,想定震度,大正関東地震,想定震度｜大正関東地震
131075100107,seismic,大正関東地震,5.818,6弱,,,13107,墨田区,Municipal,Unknown,民俗文化財,有形民俗文化財,point,三囲神社の石造神狐,想定震度,大正関東地震,想定震度｜大正関東地震
131075100108,seismic,大正関東地震,5.826,6弱,,,13107,墨田区,Municipal,Unknown,民俗文化財,有形民俗文化財,point,長命寺の石造庚申塔 (地蔵菩薩),想定震度,大正関東地震,想定震度｜大正関東地震
131075100109,seismic,大正関東地震,5.925,6弱,,,13107,墨田区,Municipal,Unknown,民俗文化財,有形民俗文化財,point,正覚寺の石造庚申塔(青面金剛童子),想定震度,大正関東地震,想定震度｜大正関東地震
131075100110,seismic,大正関東地震,5.927,6弱,,,13107,墨田区,Municipal,Unknown,民俗文化財,有形民俗文化財,point,回向院の石造阿弥陀三尊立像,想定震度,大正関東地震,想定震度｜大正関東地震
131075100111,seismic,大正関東地震,6.264,6強以上,,,13107,墨田区,Municipal,Unknown,民俗文化財,有形民俗文化財,point,円通寺の石造地蔵菩薩立像,想定震度,大正関東地震,想定震度｜大正関東地震
131075100112,seismic,大正関東地震,5.902,6弱,,,13107,墨田区,Municipal,Unknown,民俗文化財,有形民俗文化財,point,多聞寺の石造六地蔵坐像,想定震度,大正関東地震,想定震度｜大正関東地震
131075100113,seismic,大正関東地震,5.898,6弱,,,13107,墨田区,Municipal,Unknown,民俗文化財,有形民俗文化財,point,法泉寺の石造地蔵菩薩立像,想定震度,大正関東地震,想定震度｜大正関東地震
131075100114,seismic,大正関東地震,5.893,6弱,,,13107,墨田区,Municipal,Unknown,民俗文化財,有形民俗文化財,point,東漸寺の石造庚申道標,想定震度,大正関東地震,想定震度｜大正関東地震
131075100115,seismic,大正関東地震,5.737,6弱,,,13107,墨田区,Municipal,Unknown,民俗文化財,有形民俗文化財,point,牛嶋神社境内力石群,想定震度,大正関東地震,想定震度｜大正関東地震
131075100116,seismic,大正関東地震,6.032,6強以上,,,13107,墨田区,Municipal,Unknown,民俗文化財,有形民俗文化財,point,力石,想定震度,大正関東地震,想定震度｜大正関東地震
131075100117,seismic,大正関東地震,5.961,6弱,,,13107,墨田区,Municipal,Unknown,民俗文化財,有形民俗文化財,point,吾嬬神社境内力石群,想定震度,大正関東地震,想定震度｜大正関東地震
131075100118,seismic,大正関東地震,5.737,6弱,,,13107,墨田区,Municipal,Unknown,民俗文化財,有形民俗文化財,point,牛嶋神社石造神牛(撫牛),想定震度,大正関東地震,想定震度｜大正関東地震
131075100119,seismic,大正関東地震,5.927,6弱,,,13107,墨田区,Municipal,Unknown,民俗文化財,有形民俗文化財,point,鼠小僧供養碑(鼠小僧の墓),想定震度,大正関東地震,想定震度｜大正関東地震
131075100120,seismic,大正関東地震,5.808,6弱,,,13107,墨田区,Municipal,Unknown,民俗文化財,有形民俗文化財,point,安藤家旧蔵田舟,想定震度,大正関東地震,想定震度｜大正関東地震
131075100121,seismic,大正関東地震,5.897,6弱,,,13107,墨田区,Municipal,Unknown,民俗文化財,有形民俗文化財,point,江島杉山神社境内力石,想定震度,大正関東地震,想定震度｜大正関東地震
131075100122,seismic,大正関東地震,6.257,6強以上,,,13107,墨田区,Municipal,Unknown,民俗文化財,有形民俗文化財,point,山玉向嶋講社の碑,想定震度,大正関東地震,想定震度｜大正関東地震
131075100123,seismic,大正関東地震,6.049,6強以上,,,13107,墨田区,Municipal,Unknown,民俗文化財,有形民俗文化財,point,山玉向嶋講社の碑,想定震度,大正関東地震,想定震度｜大正関東地震
131075100124,seismic,大正関東地震,5.826,6弱,,,13107,墨田区,Municipal,Unknown,民俗文化財,有形民俗文化財,point,出羽三山の碑,想定震度,大正関東地震,想定震度｜大正関東地震
131075100125,seismic,大正関東地震,5.707,6弱,,,13107,墨田区,Municipal,Unknown,民俗文化財,有形民俗文化財,point,柳嶋村念仏講道具一式 附関連文書,想定震度,大正関東地震,想定震度｜大正関東地震
131075100149,seismic,大正関東地震,5.904,6弱,,,13107,墨田区,Municipal,Unknown,民俗文化財,無形民俗文化財(民俗芸能),point,隅田囃子(箕輪囃子),想定震度,大正関東地震,想定震度｜大正関東地震
131075100150,seismic,大正関東地震,5.826,6弱,,,13107,墨田区,Municipal,Unknown,民俗文化財,無形民俗文化財(風俗慣習),point,隅田川七福神めぐり,想定震度,大正関東地震,想定震度｜大正関東地震
131075100151,seismic,大正関東地震,5.832,6弱,,,13107,墨田区,Municipal,Unknown,記念物,史跡,point,肥前平戸藩松浦家墓所 ※非公開,想定震度,大正関東地震,想定震度｜大正関東地震
131075100152,seismic,大正関東地震,5.826,6弱,,,13107,墨田区,Municipal,Unknown,記念物,史跡,point,橘守部墓・橘冬照墓,想定震度,大正関東地震,想定震度｜大正関東地震
131075100153,seismic,大正関東地震,5.827,6弱,,,13107,墨田区,Municipal,Unknown,記念物,史跡,point,池田冠山墓,想定震度,大正関東地震,想定震度｜大正関東地震
131075100154,seismic,大正関東地震,5.886,6弱,,,13107,墨田区,Municipal,Unknown,記念物,史跡,point,常陸笠間藩牧野家墓所 ※非公開,想定震度,大正関東地震,想定震度｜大正関東地震
131075100155,seismic,大正関東地震,5.927,6弱,,,13107,墨田区,Municipal,Unknown,記念物,史跡,point,回向院相撲関係石碑群(力塚),想定震度,大正関東地震,想定震度｜大正関東地震
131075100156,seismic,大正関東地震,6.264,6強以上,,,13107,墨田区,Municipal,Unknown,記念物,天然記念物,point,飛木稲荷神社のイチョウ,想定震度,大正関東地震,想定震度｜大正関東地震
131075100157,seismic,大正関東地震,5.812,6弱,,,13107,墨田区,Municipal,Unknown,記念物,名勝,point,墨堤の桜,想定震度,大正関東地震,想定震度｜大正関東地震
official_export_002:99,seismic,大正関東地震,5.822,6弱,,,13107,墨田区,National,Registered,有形文化財,建造物,building_direct,割烹美家古向島本店店舗,想定震度,大正関東地震,想定震度｜大正関東地震
official_export_002:276,seismic,大正関東地震,5.999,6弱,,,13107,墨田区,National,Registered,有形文化財,建造物,building_direct,墨田区立言問小学校校舎,想定震度,大正関東地震,想定震度｜大正関東地震
official_export_002:277,seismic,大正関東地震,5.996,6弱,,,13107,墨田区,National,Registered,有形文化財,建造物,building_direct,墨田区立言問小学校講堂,想定震度,大正関東地震,想定震度｜大正関東地震
official_export_002:327,seismic,大正関東地震,5.968,6弱,,,13107,墨田区,National,Registered,有形文化財,建造物,building_direct,照田家住宅主屋,想定震度,大正関東地震,想定震度｜大正関東地震
official_export_003:65,seismic,大正関東地震,5.881,6弱,,,13107,墨田区,National,Designated,記念物,天然記念物,point,向島百花園,想定震度,大正関東地震,想定震度｜大正関東地震
95,seismic,南海トラフ巨大地震,4.796,5弱,,,13107,墨田区,Tokyo Metropolitan,Designated,有形文化財,歴史資料,point,石造明暦大火横死者等供養塔,想定震度,南海トラフ巨大地震,想定震度｜南海トラフ巨大地震
171,seismic,南海トラフ巨大地震,5.317,5強,,,13107,墨田区,Tokyo Metropolitan,Designated,記念物,旧跡,point,赤穂浪士元禄義挙の跡,想定震度,南海トラフ巨大地震,想定震度｜南海トラフ巨大地震
172,seismic,南海トラフ巨大地震,5.235,5強,,,13107,墨田区,Tokyo Metropolitan,Designated,記念物,旧跡,point,加藤千蔭墓,想定震度,南海トラフ巨大地震,想定震度｜南海トラフ巨大地震
173,seismic,南海トラフ巨大地震,5.235,5強,,,13107,墨田区,Tokyo Metropolitan,Designated,記念物,旧跡,point,磐瀬京伝墓,想定震度,南海トラフ巨大地震,想定震度｜南海トラフ巨大地震
174,seismic,南海トラフ巨大地震,5.235,5強,,,13107,墨田区,Tokyo Metropolitan,Designated,記念物,旧跡,point,磐瀬京山墓,想定震度,南海トラフ巨大地震,想定震度｜南海トラフ巨大地震
197,seismic,南海トラフ巨大地震,5.011,5強,,,13107,墨田区,Tokyo Metropolitan,Designated,記念物,名勝,point,旧安田庭園,想定震度,南海トラフ巨大地震,想定震度｜南海トラフ巨大地震
131075100001,seismic,南海トラフ巨大地震,5.043,5強,,,13107,墨田区,Municipal,Unknown,有形文化財,建造物,building_direct,牛嶋神社石造鳥居,想定震度,南海トラフ巨大地震,想定震度｜南海トラフ巨大地震
131075100002,seismic,南海トラフ巨大地震,5.189,5強,,,13107,墨田区,Municipal,Unknown,有形文化財,建造物,building_direct,白髭神社石造鳥居,想定震度,南海トラフ巨大地震,想定震度｜南海トラフ巨大地震
131075100003,seismic,南海トラフ巨大地震,5.206,5強,,,13107,墨田区,Municipal,Unknown,有形文化財,建造物,building_direct,多聞寺山門,想定震度,南海トラフ巨大地震,想定震度｜南海トラフ巨大地震
131075100004,seismic,南海トラフ巨大地震,5.191,5強,,,13107,墨田区,Municipal,Unknown,有形文化財,建造物,building_direct,旧小山家住宅,想定震度,南海トラフ巨大地震,想定震度｜南海トラフ巨大地震
131075100006,seismic,南海トラフ巨大地震,5.143,5強,,,13107,墨田区,Municipal,Unknown,有形文化財,建造物,building_direct,三囲神社石造鳥居(堤下の大鳥居),想定震度,南海トラフ巨大地震,想定震度｜南海トラフ巨大地震
131075100007,seismic,南海トラフ巨大地震,5.16,5強,,,13107,墨田区,Municipal,Unknown,有形文化財,建造物,building_direct,弘福寺本堂(大雄寳殿),想定震度,南海トラフ巨大地震,想定震度｜南海トラフ巨大地震
131075100008,seismic,南海トラフ巨大地震,5.143,5強,,,13107,墨田区,Municipal,Unknown,有形文化財,建造物,building_direct,三囲神社本社,想定震度,南海トラフ巨大地震,想定震度｜南海トラフ巨大地震
131075100010,seismic,南海トラフ巨大地震,5.043,5強,,,13107,墨田区,Municipal,Unknown,有形文化財,建造物,building_direct,牛嶋神社社殿,想定震度,南海トラフ巨大地震,想定震度｜南海トラフ巨大地震
131075100011,seismic,南海トラフ巨大地震,5.043,5強,,,13107,墨田区,Municipal,Unknown,有形文化財,建造物,building_direct,牛嶋神社神輿蔵,想定震度,南海トラフ巨大地震,想定震度｜南海トラフ巨大地震
131075100012,seismic,南海トラフ巨大地震,5.226,5強,,,13107,墨田区,Municipal,Unknown,有形文化財,建造物,building_direct,隅田川神社社殿,想定震度,南海トラフ巨大地震,想定震度｜南海トラフ巨大地震
131075100014,seismic,南海トラフ巨大地震,5.171,5強,,,13107,墨田区,Municipal,Unknown,有形文化財,建造物,building_direct,實相寺熊谷稲荷堂 附再建関連文書ニ点・青図三枚・写真一点,想定震度,南海トラフ巨大地震,想定震度｜南海トラフ巨大地震
131075100016,seismic,南海トラフ巨大地震,4.941,5弱,,,13107,墨田区,Municipal,Unknown,有形文化財,歴史資料,point,楢崎宗重博士旧蔵美術資料群(楢崎宗重コレクション),想定震度,南海トラフ巨大地震,想定震度｜南海トラフ巨大地震
131075100017,seismic,南海トラフ巨大地震,4.941,5弱,,,13107,墨田区,Municipal,Unknown,有形文化財,歴史資料,point,紙本着色「隅田川両岸景色図」一巻,想定震度,南海トラフ巨大地震,想定震度｜南海トラフ巨大地震
131075100047,seismic,南海トラフ巨大地震,5.244,5強,,,13107,墨田区,Municipal,Unknown,有形文化財,歴史資料,point,都鳥手鑑 ※非公開,想定震度,南海トラフ巨大地震,想定震度｜南海トラフ巨大地震
131075100048,seismic,南海トラフ巨大地震,5.279,5強,,,13107,墨田区,Municipal,Unknown,有形文化財,歴史資料,point,正福寺の板碑,想定震度,南海トラフ巨大地震,想定震度｜南海トラフ巨大地震
131075100049,seismic,南海トラフ巨大地震,5.234,5強,,,13107,墨田区,Municipal,Unknown,有形文化財,歴史資料,point,法泉寺所蔵板碑 ※非公開,想定震度,南海トラフ巨大地震,想定震度｜南海トラフ巨大地震
131075100050,seismic,南海トラフ巨大地震,5.303,5強,,,13107,墨田区,Municipal,Unknown,有形文化財,歴史資料,point,啓運閣所蔵板碑 ※非公開,想定震度,南海トラフ巨大地震,想定震度｜南海トラフ巨大地震
131075100052,seismic,南海トラフ巨大地震,5.161,5強,,,13107,墨田区,Municipal,Unknown,有形文化財,歴史資料,point,松尾芭蕉「いざさらば」の句碑 (雪見の句碑),想定震度,南海トラフ巨大地震,想定震度｜南海トラフ巨大地震
131075100053,seismic,南海トラフ巨大地震,5.014,5強,,,13107,墨田区,Municipal,Unknown,有形文化財,歴史資料,point,橋本家旧蔵板碑,想定震度,南海トラフ巨大地震,想定震度｜南海トラフ巨大地震
131075100054,seismic,南海トラフ巨大地震,5.043,5強,,,13107,墨田区,Municipal,Unknown,有形文化財,歴史資料,point,烏亭焉馬「いそがずば」の狂歌碑,想定震度,南海トラフ巨大地震,想定震度｜南海トラフ巨大地震
131075100055,seismic,南海トラフ巨大地震,5.143,5強,,,13107,墨田区,Municipal,Unknown,有形文化財,歴史資料,point,宝井其角「ゆうだちや」の句碑 (雨乞いの句碑),想定震度,南海トラフ巨大地震,想定震度｜南海トラフ巨大地震
131075100056,seismic,南海トラフ巨大地震,5.412,5強,,,13107,墨田区,Municipal,Unknown,有形文化財,歴史資料,point,秋葉神社の石造燈籠 寛保元年銘 二基 宝永元年銘 二基 宝永二年銘 二基,想定震度,南海トラフ巨大地震,想定震度｜南海トラフ巨大地震
131075100057,seismic,南海トラフ巨大地震,5.205,5強,,,13107,墨田区,Municipal,Unknown,有形文化財,歴史資料,point,蓮花寺の石柱道標 文化十五年銘 一基 文政五年銘 一基,想定震度,南海トラフ巨大地震,想定震度｜南海トラフ巨大地震
131075100058,seismic,南海トラフ巨大地震,5.184,5強,,,13107,墨田区,Municipal,Unknown,有形文化財,歴史資料,point,要津寺雪中庵関係石碑群,想定震度,南海トラフ巨大地震,想定震度｜南海トラフ巨大地震
131075100059,seismic,南海トラフ巨大地震,5.206,5強,,,13107,墨田区,Municipal,Unknown,有形文化財,歴史資料,point,多聞寺の板碑,想定震度,南海トラフ巨大地震,想定震度｜南海トラフ巨大地震
131075100061,seismic,南海トラフ巨大地震,5.241,5強,,,13107,墨田区,Municipal,Unknown,有形文化財,歴史資料,point,石造海難供養碑,想定震度,南海トラフ巨大地震,想定震度｜南海トラフ巨大地震
131075100062,seismic,南海トラフ巨大地震,5.143,5強,,,13107,墨田区,Municipal,Unknown,有形文化財,歴史資料,point,三囲神社の石造常夜燈,想定震度,南海トラフ巨大地震,想定震度｜南海トラフ巨大地震
131075100063,seismic,南海トラフ巨大地震,5.157,5強,,,13107,墨田区,Municipal,Unknown,有形文化財,歴史資料,point,石造墨堤永代常夜燈,想定震度,南海トラフ巨大地震,想定震度｜南海トラフ巨大地震
131075100064,seismic,南海トラフ巨大地震,5.254,5強,,,13107,墨田区,Municipal,Unknown,有形文化財,歴史資料,point,吾嬬神社の連理の楠,想定震度,南海トラフ巨大地震,想定震度｜南海トラフ巨大地震
131075100065,seismic,南海トラフ巨大地震,5.161,5強,,,13107,墨田区,Municipal,Unknown,有形文化財,歴史資料,point,墨堤植桜之碑,想定震度,南海トラフ巨大地震,想定震度｜南海トラフ巨大地震
131075100066,seismic,南海トラフ巨大地震,5.401,5強,,,13107,墨田区,Municipal,Unknown,有形文化財,歴史資料,point,絹本墨書扁額「明明徳」,想定震度,南海トラフ巨大地震,想定震度｜南海トラフ巨大地震
131075100067,seismic,南海トラフ巨大地震,5.405,5強,,,13107,墨田区,Municipal,Unknown,有形文化財,歴史資料,point,歌川豊広辞世の狂歌碑,想定震度,南海トラフ巨大地震,想定震度｜南海トラフ巨大地震
131075100068,seismic,南海トラフ巨大地震,4.923,5弱,,,13107,墨田区,Municipal,Unknown,有形文化財,歴史資料,point,石造標柱「隅田公園入口」,想定震度,南海トラフ巨大地震,想定震度｜南海トラフ巨大地震
131075100069,seismic,南海トラフ巨大地震,5.334,5強,,,13107,墨田区,Municipal,Unknown,有形文化財,歴史資料,point,石造「夜寉井銘」の碑,想定震度,南海トラフ巨大地震,想定震度｜南海トラフ巨大地震
131075100070,seismic,南海トラフ巨大地震,5.152,5強,,,13107,墨田区,Municipal,Unknown,有形文化財,歴史資料,point,生月鯨太左衛門の墓 ※非公開,想定震度,南海トラフ巨大地震,想定震度｜南海トラフ巨大地震
131075100071,seismic,南海トラフ巨大地震,5.241,5強,,,13107,墨田区,Municipal,Unknown,有形文化財,歴史資料,point,無縁法界塔,想定震度,南海トラフ巨大地震,想定震度｜南海トラフ巨大地震
131075100072,seismic,南海トラフ巨大地震,5.179,5強,,,13107,墨田区,Municipal,Unknown,有形文化財,歴史資料,point,板坂如春の碑(2基),想定震度,南海トラフ巨大地震,想定震度｜南海トラフ巨大地震
131075100073,seismic,南海トラフ巨大地震,5.014,5強,,,13107,墨田区,Municipal,Unknown,有形文化財,歴史資料,point,芥川家旧蔵雛人形,想定震度,南海トラフ巨大地震,想定震度｜南海トラフ巨大地震
131075100074,seismic,南海トラフ巨大地震,5.244,5強,,,13107,墨田区,Municipal,Unknown,有形文化財,歴史資料,point,「天下之糸平」の碑,想定震度,南海トラフ巨大地震,想定震度｜南海トラフ巨大地震
131075100075,seismic,南海トラフ巨大地震,5.224,5強,,,13107,墨田区,Municipal,Unknown,有形文化財,歴史資料,point,大石三平墓,想定震度,南海トラフ巨大地震,想定震度｜南海トラフ巨大地震
131075100076,seismic,南海トラフ巨大地震,5.213,5強,,,13107,墨田区,Municipal,Unknown,有形文化財,歴史資料,point,江島杉山神社の銅製釣燈籠,想定震度,南海トラフ巨大地震,想定震度｜南海トラフ巨大地震
131075100077,seismic,南海トラフ巨大地震,5.41,5強,,,13107,墨田区,Municipal,Unknown,有形文化財,歴史資料,point,佐羽淡斎「墨多三絶」の漢詩碑,想定震度,南海トラフ巨大地震,想定震度｜南海トラフ巨大地震
131075100078,seismic,南海トラフ巨大地震,5.244,5強,,,13107,墨田区,Municipal,Unknown,有形文化財,歴史資料,point,亀田鵬斎「題隅田堤櫻花」の漢詩碑,想定震度,南海トラフ巨大地震,想定震度｜南海トラフ巨大地震
131075100079,seismic,南海トラフ巨大地震,5.254,5強,,,13107,墨田区,Municipal,Unknown,有形文化財,歴史資料,point,「吾嬬森碑」,想定震度,南海トラフ巨大地震,想定震度｜南海トラフ巨大地震
131075100080,seismic,南海トラフ巨大地震,5.299,5強,,,13107,墨田区,Municipal,Unknown,有形文化財,歴史資料,point,近松門左衛門供養碑(断片) ※非公開,想定震度,南海トラフ巨大地震,想定震度｜南海トラフ巨大地震
131075100081,seismic,南海トラフ巨大地震,5.143,5強,,,13107,墨田区,Municipal,Unknown,有形文化財,歴史資料,point,「一勇斎歌川先生墓表」(歌川国芳顕彰碑),想定震度,南海トラフ巨大地震,想定震度｜南海トラフ巨大地震
131075100082,seismic,南海トラフ巨大地震,5.161,5強,,,13107,墨田区,Municipal,Unknown,有形文化財,歴史資料,point,「勝川春英翁略傳」の碑,想定震度,南海トラフ巨大地震,想定震度｜南海トラフ巨大地震
131075100083,seismic,南海トラフ巨大地震,5.299,5強,,,13107,墨田区,Municipal,Unknown,有形文化財,歴史資料,point,初代歌川豊国筆塚(断片),想定震度,南海トラフ巨大地震,想定震度｜南海トラフ巨大地震
131075100084,seismic,南海トラフ巨大地震,5.234,5強,,,13107,墨田区,Municipal,Unknown,有形文化財,歴史資料,point,窪俊満「故郷の」の歌碑,想定震度,南海トラフ巨大地震,想定震度｜南海トラフ巨大地震
131075100085,seismic,南海トラフ巨大地震,5.014,5強,,,13107,墨田区,Municipal,Unknown,有形文化財,歴史資料,point,鈴木家旧蔵雛人形,想定震度,南海トラフ巨大地震,想定震度｜南海トラフ巨大地震
131075100086,seismic,南海トラフ巨大地震,5.306,5強,,,13107,墨田区,Municipal,Unknown,有形文化財,歴史資料,point,太田氏七代供養塔,想定震度,南海トラフ巨大地震,想定震度｜南海トラフ巨大地震
131075100087,seismic,南海トラフ巨大地震,5.306,5強,,,13107,墨田区,Municipal,Unknown,有形文化財,歴史資料,point,旗本太田資同墓碑,想定震度,南海トラフ巨大地震,想定震度｜南海トラフ巨大地震
131075100088,seismic,南海トラフ巨大地震,5.226,5強,,,13107,墨田区,Municipal,Unknown,有形文化財,歴史資料,point,隅田川神社資料,想定震度,南海トラフ巨大地震,想定震度｜南海トラフ巨大地震
131075100089,seismic,南海トラフ巨大地震,5.226,5強,,,13107,墨田区,Municipal,Unknown,有形文化財,歴史資料,point,矢掛弓雄関係石碑群,想定震度,南海トラフ巨大地震,想定震度｜南海トラフ巨大地震
131075100090,seismic,南海トラフ巨大地震,5.226,5強,,,13107,墨田区,Municipal,Unknown,有形文化財,歴史資料,point,木阿弥(元杢網)「けふよりも」の歌碑,想定震度,南海トラフ巨大地震,想定震度｜南海トラフ巨大地震
131075100091,seismic,南海トラフ巨大地震,5.241,5強,,,13107,墨田区,Municipal,Unknown,有形文化財,歴史資料,point,義士墓(那珂湊戦争関連資料),想定震度,南海トラフ巨大地震,想定震度｜南海トラフ巨大地震
131075100092,seismic,南海トラフ巨大地震,5.241,5強,,,13107,墨田区,Municipal,Unknown,有形文化財,歴史資料,point,回向院の石造歴史災害供養塔群,想定震度,南海トラフ巨大地震,想定震度｜南海トラフ巨大地震
131075100095,seismic,南海トラフ巨大地震,5.043,5強,,,13107,墨田区,Municipal,Unknown,民俗文化財,有形民俗文化財,point,牛嶋神社の石造狛犬 享保十四年銘 一対 文政十年銘 一対,想定震度,南海トラフ巨大地震,想定震度｜南海トラフ巨大地震
131075100096,seismic,南海トラフ巨大地震,5.143,5強,,,13107,墨田区,Municipal,Unknown,民俗文化財,有形民俗文化財,point,三囲神社の石造狛犬,想定震度,南海トラフ巨大地震,想定震度｜南海トラフ巨大地震
131075100097,seismic,南海トラフ巨大地震,5.014,5強,,,13107,墨田区,Municipal,Unknown,民俗文化財,有形民俗文化財,point,如意輪寺の六面六地蔵石幢,想定震度,南海トラフ巨大地震,想定震度｜南海トラフ巨大地震
131075100098,seismic,南海トラフ巨大地震,5.279,5強,,,13107,墨田区,Municipal,Unknown,民俗文化財,有形民俗文化財,point,正福寺の石造阿弥陀如来立像,想定震度,南海トラフ巨大地震,想定震度｜南海トラフ巨大地震
131075100099,seismic,南海トラフ巨大地震,5.206,5強,,,13107,墨田区,Municipal,Unknown,民俗文化財,有形民俗文化財,point,多聞寺の石造庚申塔(阿弥陀如来),想定震度,南海トラフ巨大地震,想定震度｜南海トラフ巨大地震
131075100100,seismic,南海トラフ巨大地震,5.233,5強,,,13107,墨田区,Municipal,Unknown,民俗文化財,有形民俗文化財,point,圓徳寺の石造庚申塔(釈迦如来),想定震度,南海トラフ巨大地震,想定震度｜南海トラフ巨大地震
131075100101,seismic,南海トラフ巨大地震,5.254,5強,,,13107,墨田区,Municipal,Unknown,民俗文化財,有形民俗文化財,point,吾嬬神社の石造狛犬,想定震度,南海トラフ巨大地震,想定震度｜南海トラフ巨大地震
131075100103,seismic,南海トラフ巨大地震,5.323,5強,,,13107,墨田区,Municipal,Unknown,民俗文化財,有形民俗文化財,point,萬福寺の石造庚申塔 (青面金剛童子),想定震度,南海トラフ巨大地震,想定震度｜南海トラフ巨大地震
131075100104,seismic,南海トラフ巨大地震,5.41,5強,,,13107,墨田区,Municipal,Unknown,民俗文化財,有形民俗文化財,point,白鬚神社の石造狛犬,想定震度,南海トラフ巨大地震,想定震度｜南海トラフ巨大地震
131075100105,seismic,南海トラフ巨大地震,5.304,5強,,,13107,墨田区,Municipal,Unknown,民俗文化財,有形民俗文化財,point,香取神社の石造水鉢(禊盥),想定震度,南海トラフ巨大地震,想定震度｜南海トラフ巨大地震
131075100106,seismic,南海トラフ巨大地震,5.043,5強,,,13107,墨田区,Municipal,Unknown,民俗文化財,有形民俗文化財,point,牛嶋神社の石造神牛,想定震度,南海トラフ巨大地震,想定震度｜南海トラフ巨大地震
131075100107,seismic,南海トラフ巨大地震,5.143,5強,,,13107,墨田区,Municipal,Unknown,民俗文化財,有形民俗文化財,point,三囲神社の石造神狐,想定震度,南海トラフ巨大地震,想定震度｜南海トラフ巨大地震
131075100108,seismic,南海トラフ巨大地震,5.161,5強,,,13107,墨田区,Municipal,Unknown,民俗文化財,有形民俗文化財,point,長命寺の石造庚申塔 (地蔵菩薩),想定震度,南海トラフ巨大地震,想定震度｜南海トラフ巨大地震
131075100109,seismic,南海トラフ巨大地震,5.262,5強,,,13107,墨田区,Municipal,Unknown,民俗文化財,有形民俗文化財,point,正覚寺の石造庚申塔(青面金剛童子),想定震度,南海トラフ巨大地震,想定震度｜南海トラフ巨大地震
131075100110,seismic,南海トラフ巨大地震,5.241,5強,,,13107,墨田区,Municipal,Unknown,民俗文化財,有形民俗文化財,point,回向院の石造阿弥陀三尊立像,想定震度,南海トラフ巨大地震,想定震度｜南海トラフ巨大地震
131075100111,seismic,南海トラフ巨大地震,5.61,6弱,,,13107,墨田区,Municipal,Unknown,民俗文化財,有形民俗文化財,point,円通寺の石造地蔵菩薩立像,想定震度,南海トラフ巨大地震,想定震度｜南海トラフ巨大地震
131075100112,seismic,南海トラフ巨大地震,5.206,5強,,,13107,墨田区,Municipal,Unknown,民俗文化財,有形民俗文化財,point,多聞寺の石造六地蔵坐像,想定震度,南海トラフ巨大地震,想定震度｜南海トラフ巨大地震
131075100113,seismic,南海トラフ巨大地震,5.234,5強,,,13107,墨田区,Municipal,Unknown,民俗文化財,有形民俗文化財,point,法泉寺の石造地蔵菩薩立像,想定震度,南海トラフ巨大地震,想定震度｜南海トラフ巨大地震
131075100114,seismic,南海トラフ巨大地震,5.179,5強,,,13107,墨田区,Municipal,Unknown,民俗文化財,有形民俗文化財,point,東漸寺の石造庚申道標,想定震度,南海トラフ巨大地震,想定震度｜南海トラフ巨大地震
131075100115,seismic,南海トラフ巨大地震,5.043,5強,,,13107,墨田区,Municipal,Unknown,民俗文化財,有形民俗文化財,point,牛嶋神社境内力石群,想定震度,南海トラフ巨大地震,想定震度｜南海トラフ巨大地震
131075100116,seismic,南海トラフ巨大地震,5.38,5強,,,13107,墨田区,Municipal,Unknown,民俗文化財,有形民俗文化財,point,力石,想定震度,南海トラフ巨大地震,想定震度｜南海トラフ巨大地震
131075100117,seismic,南海トラフ巨大地震,5.254,5強,,,13107,墨田区,Municipal,Unknown,民俗文化財,有形民俗文化財,point,吾嬬神社境内力石群,想定震度,南海トラフ巨大地震,想定震度｜南海トラフ巨大地震
131075100118,seismic,南海トラフ巨大地震,5.043,5強,,,13107,墨田区,Municipal,Unknown,民俗文化財,有形民俗文化財,point,牛嶋神社石造神牛(撫牛),想定震度,南海トラフ巨大地震,想定震度｜南海トラフ巨大地震
131075100119,seismic,南海トラフ巨大地震,5.241,5強,,,13107,墨田区,Municipal,Unknown,民俗文化財,有形民俗文化財,point,鼠小僧供養碑(鼠小僧の墓),想定震度,南海トラフ巨大地震,想定震度｜南海トラフ巨大地震
131075100120,seismic,南海トラフ巨大地震,5.131,5強,,,13107,墨田区,Municipal,Unknown,民俗文化財,有形民俗文化財,point,安藤家旧蔵田舟,想定震度,南海トラフ巨大地震,想定震度｜南海トラフ巨大地震
131075100121,seismic,南海トラフ巨大地震,5.213,5強,,,13107,墨田区,Municipal,Unknown,民俗文化財,有形民俗文化財,point,江島杉山神社境内力石,想定震度,南海トラフ巨大地震,想定震度｜南海トラフ巨大地震
131075100122,seismic,南海トラフ巨大地震,5.61,6弱,,,13107,墨田区,Municipal,Unknown,民俗文化財,有形民俗文化財,point,山玉向嶋講社の碑,想定震度,南海トラフ巨大地震,想定震度｜南海トラフ巨大地震
131075100123,seismic,南海トラフ巨大地震,5.41,5強,,,13107,墨田区,Municipal,Unknown,民俗文化財,有形民俗文化財,point,山玉向嶋講社の碑,想定震度,南海トラフ巨大地震,想定震度｜南海トラフ巨大地震
131075100124,seismic,南海トラフ巨大地震,5.161,5強,,,13107,墨田区,Municipal,Unknown,民俗文化財,有形民俗文化財,point,出羽三山の碑,想定震度,南海トラフ巨大地震,想定震度｜南海トラフ巨大地震
131075100125,seismic,南海トラフ巨大地震,5.014,5強,,,13107,墨田区,Municipal,Unknown,民俗文化財,有形民俗文化財,point,柳嶋村念仏講道具一式 附関連文書,想定震度,南海トラフ巨大地震,想定震度｜南海トラフ巨大地震
131075100149,seismic,南海トラフ巨大地震,5.204,5強,,,13107,墨田区,Municipal,Unknown,民俗文化財,無形民俗文化財(民俗芸能),point,隅田囃子(箕輪囃子),想定震度,南海トラフ巨大地震,想定震度｜南海トラフ巨大地震
131075100150,seismic,南海トラフ巨大地震,5.161,5強,,,13107,墨田区,Municipal,Unknown,民俗文化財,無形民俗文化財(風俗慣習),point,隅田川七福神めぐり,想定震度,南海トラフ巨大地震,想定震度｜南海トラフ巨大地震
131075100151,seismic,南海トラフ巨大地震,5.152,5強,,,13107,墨田区,Municipal,Unknown,記念物,史跡,point,肥前平戸藩松浦家墓所 ※非公開,想定震度,南海トラフ巨大地震,想定震度｜南海トラフ巨大地震
131075100152,seismic,南海トラフ巨大地震,5.161,5強,,,13107,墨田区,Municipal,Unknown,記念物,史跡,point,橘守部墓・橘冬照墓,想定震度,南海トラフ巨大地震,想定震度｜南海トラフ巨大地震
131075100153,seismic,南海トラフ巨大地震,5.16,5強,,,13107,墨田区,Municipal,Unknown,記念物,史跡,point,池田冠山墓,想定震度,南海トラフ巨大地震,想定震度｜南海トラフ巨大地震
131075100154,seismic,南海トラフ巨大地震,5.184,5強,,,13107,墨田区,Municipal,Unknown,記念物,史跡,point,常陸笠間藩牧野家墓所 ※非公開,想定震度,南海トラフ巨大地震,想定震度｜南海トラフ巨大地震
131075100155,seismic,南海トラフ巨大地震,5.241,5強,,,13107,墨田区,Municipal,Unknown,記念物,史跡,point,回向院相撲関係石碑群(力塚),想定震度,南海トラフ巨大地震,想定震度｜南海トラフ巨大地震
131075100156,seismic,南海トラフ巨大地震,5.61,6弱,,,13107,墨田区,Municipal,Unknown,記念物,天然記念物,point,飛木稲荷神社のイチョウ,想定震度,南海トラフ巨大地震,想定震度｜南海トラフ巨大地震
131075100157,seismic,南海トラフ巨大地震,5.141,5強,,,13107,墨田区,Municipal,Unknown,記念物,名勝,point,墨堤の桜,想定震度,南海トラフ巨大地震,想定震度｜南海トラフ巨大地震
official_export_002:99,seismic,南海トラフ巨大地震,5.156,5強,,,13107,墨田区,National,Registered,有形文化財,建造物,building_direct,割烹美家古向島本店店舗,想定震度,南海トラフ巨大地震,想定震度｜南海トラフ巨大地震
official_export_002:276,seismic,南海トラフ巨大地震,5.353,5強,,,13107,墨田区,National,Registered,有形文化財,建造物,building_direct,墨田区立言問小学校校舎,想定震度,南海トラフ巨大地震,想定震度｜南海トラフ巨大地震
official_export_002:277,seismic,南海トラフ巨大地震,5.352,5強,,,13107,墨田区,National,Registered,有形文化財,建造物,building_direct,墨田区立言問小学校講堂,想定震度,南海トラフ巨大地震,想定震度｜南海トラフ巨大地震
official_export_002:327,seismic,南海トラフ巨大地震,5.266,5強,,,13107,墨田区,National,Registered,有形文化財,建造物,building_direct,照田家住宅主屋,想定震度,南海トラフ巨大地震,想定震度｜南海トラフ巨大地震
official_export_003:65,seismic,南海トラフ巨大地震,5.23,5強,,,13107,墨田区,National,Designated,記念物,天然記念物,point,向島百花園,想定震度,南海トラフ巨大地震,想定震度｜南海トラフ巨大地震
95,fire,延焼危険度,3.0,,,,13107,墨田区,Tokyo Metropolitan,Designated,有形文化財,歴史資料,point,石造明暦大火横死者等供養塔,延焼危険度,延焼危険度,延焼危険度｜延焼危険度
171,fire,延焼危険度,3.0,,,,13107,墨田区,Tokyo Metropolitan,Designated,記念物,旧跡,point,赤穂浪士元禄義挙の跡,延焼危険度,延焼危険度,延焼危険度｜延焼危険度
172,fire,延焼危険度,2.0,,,,13107,墨田区,Tokyo Metropolitan,Designated,記念物,旧跡,point,加藤千蔭墓,延焼危険度,延焼危険度,延焼危険度｜延焼危険度
173,fire,延焼危険度,2.0,,,,13107,墨田区,Tokyo Metropolitan,Designated,記念物,旧跡,point,磐瀬京伝墓,延焼危険度,延焼危険度,延焼危険度｜延焼危険度
174,fire,延焼危険度,2.0,,,,13107,墨田区,Tokyo Metropolitan,Designated,記念物,旧跡,point,磐瀬京山墓,延焼危険度,延焼危険度,延焼危険度｜延焼危険度
197,fire,延焼危険度,2.0,,,,13107,墨田区,Tokyo Metropolitan,Designated,記念物,名勝,point,旧安田庭園,延焼危険度,延焼危険度,延焼危険度｜延焼危険度
131075100001,fire,延焼危険度,3.0,,,,13107,墨田区,Municipal,Unknown,有形文化財,建造物,building_direct,牛嶋神社石造鳥居,延焼危険度,延焼危険度,延焼危険度｜延焼危険度
131075100002,fire,延焼危険度,4.0,,,,13107,墨田区,Municipal,Unknown,有形文化財,建造物,building_direct,白髭神社石造鳥居,延焼危険度,延焼危険度,延焼危険度｜延焼危険度
131075100003,fire,延焼危険度,5.0,,,,13107,墨田区,Municipal,Unknown,有形文化財,建造物,building_direct,多聞寺山門,延焼危険度,延焼危険度,延焼危険度｜延焼危険度
131075100004,fire,延焼危険度,4.0,,,,13107,墨田区,Municipal,Unknown,有形文化財,建造物,building_direct,旧小山家住宅,延焼危険度,延焼危険度,延焼危険度｜延焼危険度
131075100006,fire,延焼危険度,3.0,,,,13107,墨田区,Municipal,Unknown,有形文化財,建造物,building_direct,三囲神社石造鳥居(堤下の大鳥居),延焼危険度,延焼危険度,延焼危険度｜延焼危険度
131075100007,fire,延焼危険度,4.0,,,,13107,墨田区,Municipal,Unknown,有形文化財,建造物,building_direct,弘福寺本堂(大雄寳殿),延焼危険度,延焼危険度,延焼危険度｜延焼危険度
131075100008,fire,延焼危険度,3.0,,,,13107,墨田区,Municipal,Unknown,有形文化財,建造物,building_direct,三囲神社本社,延焼危険度,延焼危険度,延焼危険度｜延焼危険度
131075100010,fire,延焼危険度,3.0,,,,13107,墨田区,Municipal,Unknown,有形文化財,建造物,building_direct,牛嶋神社社殿,延焼危険度,延焼危険度,延焼危険度｜延焼危険度
131075100011,fire,延焼危険度,3.0,,,,13107,墨田区,Municipal,Unknown,有形文化財,建造物,building_direct,牛嶋神社神輿蔵,延焼危険度,延焼危険度,延焼危険度｜延焼危険度
131075100012,fire,延焼危険度,2.0,,,,13107,墨田区,Municipal,Unknown,有形文化財,建造物,building_direct,隅田川神社社殿,延焼危険度,延焼危険度,延焼危険度｜延焼危険度
131075100014,fire,延焼危険度,4.0,,,,13107,墨田区,Municipal,Unknown,有形文化財,建造物,building_direct,實相寺熊谷稲荷堂 附再建関連文書ニ点・青図三枚・写真一点,延焼危険度,延焼危険度,延焼危険度｜延焼危険度
131075100016,fire,延焼危険度,3.0,,,,13107,墨田区,Municipal,Unknown,有形文化財,歴史資料,point,楢崎宗重博士旧蔵美術資料群(楢崎宗重コレクション),延焼危険度,延焼危険度,延焼危険度｜延焼危険度
131075100017,fire,延焼危険度,3.0,,,,13107,墨田区,Municipal,Unknown,有形文化財,歴史資料,point,紙本着色「隅田川両岸景色図」一巻,延焼危険度,延焼危険度,延焼危険度｜延焼危険度
131075100047,fire,延焼危険度,2.0,,,,13107,墨田区,Municipal,Unknown,有形文化財,歴史資料,point,都鳥手鑑 ※非公開,延焼危険度,延焼危険度,延焼危険度｜延焼危険度
131075100048,fire,延焼危険度,5.0,,,,13107,墨田区,Municipal,Unknown,有形文化財,歴史資料,point,正福寺の板碑,延焼危険度,延焼危険度,延焼危険度｜延焼危険度
131075100049,fire,延焼危険度,4.0,,,,13107,墨田区,Municipal,Unknown,有形文化財,歴史資料,point,法泉寺所蔵板碑 ※非公開,延焼危険度,延焼危険度,延焼危険度｜延焼危険度
131075100050,fire,延焼危険度,6.0,,,,13107,墨田区,Municipal,Unknown,有形文化財,歴史資料,point,啓運閣所蔵板碑 ※非公開,延焼危険度,延焼危険度,延焼危険度｜延焼危険度
131075100052,fire,延焼危険度,4.0,,,,13107,墨田区,Municipal,Unknown,有形文化財,歴史資料,point,松尾芭蕉「いざさらば」の句碑 (雪見の句碑),延焼危険度,延焼危険度,延焼危険度｜延焼危険度
131075100053,fire,延焼危険度,3.0,,,,13107,墨田区,Municipal,Unknown,有形文化財,歴史資料,point,橋本家旧蔵板碑,延焼危険度,延焼危険度,延焼危険度｜延焼危険度
131075100054,fire,延焼危険度,3.0,,,,13107,墨田区,Municipal,Unknown,有形文化財,歴史資料,point,烏亭焉馬「いそがずば」の狂歌碑,延焼危険度,延焼危険度,延焼危険度｜延焼危険度
131075100055,fire,延焼危険度,3.0,,,,13107,墨田区,Municipal,Unknown,有形文化財,歴史資料,point,宝井其角「ゆうだちや」の句碑 (雨乞いの句碑),延焼危険度,延焼危険度,延焼危険度｜延焼危険度
131075100056,fire,延焼危険度,5.0,,,,13107,墨田区,Municipal,Unknown,有形文化財,歴史資料,point,秋葉神社の石造燈籠 寛保元年銘 二基 宝永元年銘 二基 宝永二年銘 二基,延焼危険度,延焼危険度,延焼危険度｜延焼危険度
131075100057,fire,延焼危険度,4.0,,,,13107,墨田区,Municipal,Unknown,有形文化財,歴史資料,point,蓮花寺の石柱道標 文化十五年銘 一基 文政五年銘 一基,延焼危険度,延焼危険度,延焼危険度｜延焼危険度
131075100058,fire,延焼危険度,2.0,,,,13107,墨田区,Municipal,Unknown,有形文化財,歴史資料,point,要津寺雪中庵関係石碑群,延焼危険度,延焼危険度,延焼危険度｜延焼危険度
131075100059,fire,延焼危険度,5.0,,,,13107,墨田区,Municipal,Unknown,有形文化財,歴史資料,point,多聞寺の板碑,延焼危険度,延焼危険度,延焼危険度｜延焼危険度
131075100061,fire,延焼危険度,2.0,,,,13107,墨田区,Municipal,Unknown,有形文化財,歴史資料,point,石造海難供養碑,延焼危険度,延焼危険度,延焼危険度｜延焼危険度
131075100062,fire,延焼危険度,3.0,,,,13107,墨田区,Municipal,Unknown,有形文化財,歴史資料,point,三囲神社の石造常夜燈,延焼危険度,延焼危険度,延焼危険度｜延焼危険度
131075100063,fire,延焼危険度,4.0,,,,13107,墨田区,Municipal,Unknown,有形文化財,歴史資料,point,石造墨堤永代常夜燈,延焼危険度,延焼危険度,延焼危険度｜延焼危険度
131075100064,fire,延焼危険度,4.0,,,,13107,墨田区,Municipal,Unknown,有形文化財,歴史資料,point,吾嬬神社の連理の楠,延焼危険度,延焼危険度,延焼危険度｜延焼危険度
131075100065,fire,延焼危険度,4.0,,,,13107,墨田区,Municipal,Unknown,有形文化財,歴史資料,point,墨堤植桜之碑,延焼危険度,延焼危険度,延焼危険度｜延焼危険度
131075100066,fire,延焼危険度,3.0,,,,13107,墨田区,Municipal,Unknown,有形文化財,歴史資料,point,絹本墨書扁額「明明徳」,延焼危険度,延焼危険度,延焼危険度｜延焼危険度
131075100067,fire,延焼危険度,6.0,,,,13107,墨田区,Municipal,Unknown,有形文化財,歴史資料,point,歌川豊広辞世の狂歌碑,延焼危険度,延焼危険度,延焼危険度｜延焼危険度
131075100068,fire,延焼危険度,3.0,,,,13107,墨田区,Municipal,Unknown,有形文化財,歴史資料,point,石造標柱「隅田公園入口」,延焼危険度,延焼危険度,延焼危険度｜延焼危険度
131075100069,fire,延焼危険度,3.0,,,,13107,墨田区,Municipal,Unknown,有形文化財,歴史資料,point,石造「夜寉井銘」の碑,延焼危険度,延焼危険度,延焼危険度｜延焼危険度
131075100070,fire,延焼危険度,3.0,,,,13107,墨田区,Municipal,Unknown,有形文化財,歴史資料,point,生月鯨太左衛門の墓 ※非公開,延焼危険度,延焼危険度,延焼危険度｜延焼危険度
131075100071,fire,延焼危険度,2.0,,,,13107,墨田区,Municipal,Unknown,有形文化財,歴史資料,point,無縁法界塔,延焼危険度,延焼危険度,延焼危険度｜延焼危険度
131075100072,fire,延焼危険度,4.0,,,,13107,墨田区,Municipal,Unknown,有形文化財,歴史資料,point,板坂如春の碑(2基),延焼危険度,延焼危険度,延焼危険度｜延焼危険度
131075100073,fire,延焼危険度,3.0,,,,13107,墨田区,Municipal,Unknown,有形文化財,歴史資料,point,芥川家旧蔵雛人形,延焼危険度,延焼危険度,延焼危険度｜延焼危険度
131075100074,fire,延焼危険度,2.0,,,,13107,墨田区,Municipal,Unknown,有形文化財,歴史資料,point,「天下之糸平」の碑,延焼危険度,延焼危険度,延焼危険度｜延焼危険度
131075100075,fire,延焼危険度,3.0,,,,13107,墨田区,Municipal,Unknown,有形文化財,歴史資料,point,大石三平墓,延焼危険度,延焼危険度,延焼危険度｜延焼危険度
131075100076,fire,延焼危険度,2.0,,,,13107,墨田区,Municipal,Unknown,有形文化財,歴史資料,point,江島杉山神社の銅製釣燈籠,延焼危険度,延焼危険度,延焼危険度｜延焼危険度
131075100077,fire,延焼危険度,4.0,,,,13107,墨田区,Municipal,Unknown,有形文化財,歴史資料,point,佐羽淡斎「墨多三絶」の漢詩碑,延焼危険度,延焼危険度,延焼危険度｜延焼危険度
131075100078,fire,延焼危険度,2.0,,,,13107,墨田区,Municipal,Unknown,有形文化財,歴史資料,point,亀田鵬斎「題隅田堤櫻花」の漢詩碑,延焼危険度,延焼危険度,延焼危険度｜延焼危険度
131075100079,fire,延焼危険度,4.0,,,,13107,墨田区,Municipal,Unknown,有形文化財,歴史資料,point,「吾嬬森碑」,延焼危険度,延焼危険度,延焼危険度｜延焼危険度
131075100080,fire,延焼危険度,3.0,,,,13107,墨田区,Municipal,Unknown,有形文化財,歴史資料,point,近松門左衛門供養碑(断片) ※非公開,延焼危険度,延焼危険度,延焼危険度｜延焼危険度
131075100081,fire,延焼危険度,3.0,,,,13107,墨田区,Municipal,Unknown,有形文化財,歴史資料,point,「一勇斎歌川先生墓表」(歌川国芳顕彰碑),延焼危険度,延焼危険度,延焼危険度｜延焼危険度
131075100082,fire,延焼危険度,4.0,,,,13107,墨田区,Municipal,Unknown,有形文化財,歴史資料,point,「勝川春英翁略傳」の碑,延焼危険度,延焼危険度,延焼危険度｜延焼危険度
131075100083,fire,延焼危険度,3.0,,,,13107,墨田区,Municipal,Unknown,有形文化財,歴史資料,point,初代歌川豊国筆塚(断片),延焼危険度,延焼危険度,延焼危険度｜延焼危険度
131075100084,fire,延焼危険度,4.0,,,,13107,墨田区,Municipal,Unknown,有形文化財,歴史資料,point,窪俊満「故郷の」の歌碑,延焼危険度,延焼危険度,延焼危険度｜延焼危険度
131075100085,fire,延焼危険度,3.0,,,,13107,墨田区,Municipal,Unknown,有形文化財,歴史資料,point,鈴木家旧蔵雛人形,延焼危険度,延焼危険度,延焼危険度｜延焼危険度
131075100086,fire,延焼危険度,2.0,,,,13107,墨田区,Municipal,Unknown,有形文化財,歴史資料,point,太田氏七代供養塔,延焼危険度,延焼危険度,延焼危険度｜延焼危険度
131075100087,fire,延焼危険度,2.0,,,,13107,墨田区,Municipal,Unknown,有形文化財,歴史資料,point,旗本太田資同墓碑,延焼危険度,延焼危険度,延焼危険度｜延焼危険度
131075100088,fire,延焼危険度,2.0,,,,13107,墨田区,Municipal,Unknown,有形文化財,歴史資料,point,隅田川神社資料,延焼危険度,延焼危険度,延焼危険度｜延焼危険度
131075100089,fire,延焼危険度,2.0,,,,13107,墨田区,Municipal,Unknown,有形文化財,歴史資料,point,矢掛弓雄関係石碑群,延焼危険度,延焼危険度,延焼危険度｜延焼危険度
131075100090,fire,延焼危険度,2.0,,,,13107,墨田区,Municipal,Unknown,有形文化財,歴史資料,point,木阿弥(元杢網)「けふよりも」の歌碑,延焼危険度,延焼危険度,延焼危険度｜延焼危険度
131075100091,fire,延焼危険度,2.0,,,,13107,墨田区,Municipal,Unknown,有形文化財,歴史資料,point,義士墓(那珂湊戦争関連資料),延焼危険度,延焼危険度,延焼危険度｜延焼危険度
131075100092,fire,延焼危険度,2.0,,,,13107,墨田区,Municipal,Unknown,有形文化財,歴史資料,point,回向院の石造歴史災害供養塔群,延焼危険度,延焼危険度,延焼危険度｜延焼危険度
131075100095,fire,延焼危険度,3.0,,,,13107,墨田区,Municipal,Unknown,民俗文化財,有形民俗文化財,point,牛嶋神社の石造狛犬 享保十四年銘 一対 文政十年銘 一対,延焼危険度,延焼危険度,延焼危険度｜延焼危険度
131075100096,fire,延焼危険度,3.0,,,,13107,墨田区,Municipal,Unknown,民俗文化財,有形民俗文化財,point,三囲神社の石造狛犬,延焼危険度,延焼危険度,延焼危険度｜延焼危険度
131075100097,fire,延焼危険度,3.0,,,,13107,墨田区,Municipal,Unknown,民俗文化財,有形民俗文化財,point,如意輪寺の六面六地蔵石幢,延焼危険度,延焼危険度,延焼危険度｜延焼危険度
131075100098,fire,延焼危険度,5.0,,,,13107,墨田区,Municipal,Unknown,民俗文化財,有形民俗文化財,point,正福寺の石造阿弥陀如来立像,延焼危険度,延焼危険度,延焼危険度｜延焼危険度
131075100099,fire,延焼危険度,5.0,,,,13107,墨田区,Municipal,Unknown,民俗文化財,有形民俗文化財,point,多聞寺の石造庚申塔(阿弥陀如来),延焼危険度,延焼危険度,延焼危険度｜延焼危険度
131075100100,fire,延焼危険度,5.0,,,,13107,墨田区,Municipal,Unknown,民俗文化財,有形民俗文化財,point,圓徳寺の石造庚申塔(釈迦如来),延焼危険度,延焼危険度,延焼危険度｜延焼危険度
131075100101,fire,延焼危険度,4.0,,,,13107,墨田区,Municipal,Unknown,民俗文化財,有形民俗文化財,point,吾嬬神社の石造狛犬,延焼危険度,延焼危険度,延焼危険度｜延焼危険度
131075100103,fire,延焼危険度,4.0,,,,13107,墨田区,Municipal,Unknown,民俗文化財,有形民俗文化財,point,萬福寺の石造庚申塔 (青面金剛童子),延焼危険度,延焼危険度,延焼危険度｜延焼危険度
131075100104,fire,延焼危険度,4.0,,,,13107,墨田区,Municipal,Unknown,民俗文化財,有形民俗文化財,point,白鬚神社の石造狛犬,延焼危険度,延焼危険度,延焼危険度｜延焼危険度
131075100105,fire,延焼危険度,3.0,,,,13107,墨田区,Municipal,Unknown,民俗文化財,有形民俗文化財,point,香取神社の石造水鉢(禊盥),延焼危険度,延焼危険度,延焼危険度｜延焼危険度
131075100106,fire,延焼危険度,3.0,,,,13107,墨田区,Municipal,Unknown,民俗文化財,有形民俗文化財,point,牛嶋神社の石造神牛,延焼危険度,延焼危険度,延焼危険度｜延焼危険度
131075100107,fire,延焼危険度,3.0,,,,13107,墨田区,Municipal,Unknown,民俗文化財,有形民俗文化財,point,三囲神社の石造神狐,延焼危険度,延焼危険度,延焼危険度｜延焼危険度
131075100108,fire,延焼危険度,4.0,,,,13107,墨田区,Municipal,Unknown,民俗文化財,有形民俗文化財,point,長命寺の石造庚申塔 (地蔵菩薩),延焼危険度,延焼危険度,延焼危険度｜延焼危険度
131075100109,fire,延焼危険度,5.0,,,,13107,墨田区,Municipal,Unknown,民俗文化財,有形民俗文化財,point,正覚寺の石造庚申塔(青面金剛童子),延焼危険度,延焼危険度,延焼危険度｜延焼危険度
131075100110,fire,延焼危険度,2.0,,,,13107,墨田区,Municipal,Unknown,民俗文化財,有形民俗文化財,point,回向院の石造阿弥陀三尊立像,延焼危険度,延焼危険度,延焼危険度｜延焼危険度
131075100111,fire,延焼危険度,4.0,,,,13107,墨田区,Municipal,Unknown,民俗文化財,有形民俗文化財,point,円通寺の石造地蔵菩薩立像,延焼危険度,延焼危険度,延焼危険度｜延焼危険度
131075100112,fire,延焼危険度,5.0,,,,13107,墨田区,Municipal,Unknown,民俗文化財,有形民俗文化財,point,多聞寺の石造六地蔵坐像,延焼危険度,延焼危険度,延焼危険度｜延焼危険度
131075100113,fire,延焼危険度,4.0,,,,13107,墨田区,Municipal,Unknown,民俗文化財,有形民俗文化財,point,法泉寺の石造地蔵菩薩立像,延焼危険度,延焼危険度,延焼危険度｜延焼危険度
131075100114,fire,延焼危険度,4.0,,,,13107,墨田区,Municipal,Unknown,民俗文化財,有形民俗文化財,point,東漸寺の石造庚申道標,延焼危険度,延焼危険度,延焼危険度｜延焼危険度
131075100115,fire,延焼危険度,3.0,,,,13107,墨田区,Municipal,Unknown,民俗文化財,有形民俗文化財,point,牛嶋神社境内力石群,延焼危険度,延焼危険度,延焼危険度｜延焼危険度
131075100116,fire,延焼危険度,4.0,,,,13107,墨田区,Municipal,Unknown,民俗文化財,有形民俗文化財,point,力石,延焼危険度,延焼危険度,延焼危険度｜延焼危険度
131075100117,fire,延焼危険度,4.0,,,,13107,墨田区,Municipal,Unknown,民俗文化財,有形民俗文化財,point,吾嬬神社境内力石群,延焼危険度,延焼危険度,延焼危険度｜延焼危険度
131075100118,fire,延焼危険度,3.0,,,,13107,墨田区,Municipal,Unknown,民俗文化財,有形民俗文化財,point,牛嶋神社石造神牛(撫牛),延焼危険度,延焼危険度,延焼危険度｜延焼危険度
131075100119,fire,延焼危険度,2.0,,,,13107,墨田区,Municipal,Unknown,民俗文化財,有形民俗文化財,point,鼠小僧供養碑(鼠小僧の墓),延焼危険度,延焼危険度,延焼危険度｜延焼危険度
131075100120,fire,延焼危険度,3.0,,,,13107,墨田区,Municipal,Unknown,民俗文化財,有形民俗文化財,point,安藤家旧蔵田舟,延焼危険度,延焼危険度,延焼危険度｜延焼危険度
131075100121,fire,延焼危険度,2.0,,,,13107,墨田区,Municipal,Unknown,民俗文化財,有形民俗文化財,point,江島杉山神社境内力石,延焼危険度,延焼危険度,延焼危険度｜延焼危険度
131075100122,fire,延焼危険度,4.0,,,,13107,墨田区,Municipal,Unknown,民俗文化財,有形民俗文化財,point,山玉向嶋講社の碑,延焼危険度,延焼危険度,延焼危険度｜延焼危険度
131075100123,fire,延焼危険度,4.0,,,,13107,墨田区,Municipal,Unknown,民俗文化財,有形民俗文化財,point,山玉向嶋講社の碑,延焼危険度,延焼危険度,延焼危険度｜延焼危険度
131075100124,fire,延焼危険度,4.0,,,,13107,墨田区,Municipal,Unknown,民俗文化財,有形民俗文化財,point,出羽三山の碑,延焼危険度,延焼危険度,延焼危険度｜延焼危険度
131075100125,fire,延焼危険度,3.0,,,,13107,墨田区,Municipal,Unknown,民俗文化財,有形民俗文化財,point,柳嶋村念仏講道具一式 附関連文書,延焼危険度,延焼危険度,延焼危険度｜延焼危険度
131075100149,fire,延焼危険度,5.0,,,,13107,墨田区,Municipal,Unknown,民俗文化財,無形民俗文化財(民俗芸能),point,隅田囃子(箕輪囃子),延焼危険度,延焼危険度,延焼危険度｜延焼危険度
131075100150,fire,延焼危険度,4.0,,,,13107,墨田区,Municipal,Unknown,民俗文化財,無形民俗文化財(風俗慣習),point,隅田川七福神めぐり,延焼危険度,延焼危険度,延焼危険度｜延焼危険度
131075100151,fire,延焼危険度,3.0,,,,13107,墨田区,Municipal,Unknown,記念物,史跡,point,肥前平戸藩松浦家墓所 ※非公開,延焼危険度,延焼危険度,延焼危険度｜延焼危険度
131075100152,fire,延焼危険度,4.0,,,,13107,墨田区,Municipal,Unknown,記念物,史跡,point,橘守部墓・橘冬照墓,延焼危険度,延焼危険度,延焼危険度｜延焼危険度
131075100153,fire,延焼危険度,4.0,,,,13107,墨田区,Municipal,Unknown,記念物,史跡,point,池田冠山墓,延焼危険度,延焼危険度,延焼危険度｜延焼危険度
131075100154,fire,延焼危険度,2.0,,,,13107,墨田区,Municipal,Unknown,記念物,史跡,point,常陸笠間藩牧野家墓所 ※非公開,延焼危険度,延焼危険度,延焼危険度｜延焼危険度
131075100155,fire,延焼危険度,2.0,,,,13107,墨田区,Municipal,Unknown,記念物,史跡,point,回向院相撲関係石碑群(力塚),延焼危険度,延焼危険度,延焼危険度｜延焼危険度
131075100156,fire,延焼危険度,4.0,,,,13107,墨田区,Municipal,Unknown,記念物,天然記念物,point,飛木稲荷神社のイチョウ,延焼危険度,延焼危険度,延焼危険度｜延焼危険度
131075100157,fire,延焼危険度,3.0,,,,13107,墨田区,Municipal,Unknown,記念物,名勝,point,墨堤の桜,延焼危険度,延焼危険度,延焼危険度｜延焼危険度
official_export_002:99,fire,延焼危険度,4.0,,,,13107,墨田区,National,Registered,有形文化財,建造物,building_direct,割烹美家古向島本店店舗,延焼危険度,延焼危険度,延焼危険度｜延焼危険度
official_export_002:276,fire,延焼危険度,4.0,,,,13107,墨田区,National,Registered,有形文化財,建造物,building_direct,墨田区立言問小学校校舎,延焼危険度,延焼危険度,延焼危険度｜延焼危険度
official_export_002:277,fire,延焼危険度,4.0,,,,13107,墨田区,National,Registered,有形文化財,建造物,building_direct,墨田区立言問小学校講堂,延焼危険度,延焼危険度,延焼危険度｜延焼危険度
official_export_002:327,fire,延焼危険度,3.0,,,,13107,墨田区,National,Registered,有形文化財,建造物,building_direct,照田家住宅主屋,延焼危険度,延焼危険度,延焼危険度｜延焼危険度
official_export_003:65,fire,延焼危険度,4.0,,,,13107,墨田区,National,Designated,記念物,天然記念物,point,向島百花園,延焼危険度,延焼危険度,延焼危険度｜延焼危険度
131075100001,liquefaction,南海トラフ巨大地震,3.7372,0<PL≤5,hazard_liquefaction_250m_南海トラフ巨大地震,liquefaction mesh polygon intersection,13107,墨田区,Municipal,Unknown,有形文化財,建造物,building_direct,牛嶋神社石造鳥居,液状化,南海トラフ巨大地震,液状化｜南海トラフ巨大地震
131075100001,liquefaction,多摩東部直下地震,22.2544,PL>15,hazard_liquefaction_250m_多摩東部直下地震,liquefaction mesh polygon intersection,13107,墨田区,Municipal,Unknown,有形文化財,建造物,building_direct,牛嶋神社石造鳥居,液状化,多摩東部直下地震,液状化｜多摩東部直下地震
131075100001,liquefaction,大正関東地震,18.6976,PL>15,hazard_liquefaction_250m_大正関東地震,liquefaction mesh polygon intersection,13107,墨田区,Municipal,Unknown,有形文化財,建造物,building_direct,牛嶋神社石造鳥居,液状化,大正関東地震,液状化｜大正関東地震
131075100001,liquefaction,都心南部直下地震,22.5396,PL>15,hazard_liquefaction_250m_都心南部直下地震,liquefaction mesh polygon intersection,13107,墨田区,Municipal,Unknown,有形文化財,建造物,building_direct,牛嶋神社石造鳥居,液状化,都心南部直下地震,液状化｜都心南部直下地震
131075100002,liquefaction,南海トラフ巨大地震,4.1952,0<PL≤5,hazard_liquefaction_250m_南海トラフ巨大地震,liquefaction mesh polygon intersection,13107,墨田区,Municipal,Unknown,有形文化財,建造物,building_direct,白髭神社石造鳥居,液状化,南海トラフ巨大地震,液状化｜南海トラフ巨大地震
131075100002,liquefaction,多摩東部直下地震,15.8432,PL>15,hazard_liquefaction_250m_多摩東部直下地震,liquefaction mesh polygon intersection,13107,墨田区,Municipal,Unknown,有形文化財,建造物,building_direct,白髭神社石造鳥居,液状化,多摩東部直下地震,液状化｜多摩東部直下地震
131075100002,liquefaction,大正関東地震,14.812,5<PL≤15,hazard_liquefaction_250m_大正関東地震,liquefaction mesh polygon intersection,13107,墨田区,Municipal,Unknown,有形文化財,建造物,building_direct,白髭神社石造鳥居,液状化,大正関東地震,液状化｜大正関東地震
131075100002,liquefaction,都心南部直下地震,17.124,PL>15,hazard_liquefaction_250m_都心南部直下地震,liquefaction mesh polygon intersection,13107,墨田区,Municipal,Unknown,有形文化財,建造物,building_direct,白髭神社石造鳥居,液状化,都心南部直下地震,液状化｜都心南部直下地震
131075100003,liquefaction,南海トラフ巨大地震,5.3072,5<PL≤15,hazard_liquefaction_250m_南海トラフ巨大地震,liquefaction mesh polygon intersection,13107,墨田区,Municipal,Unknown,有形文化財,建造物,building_direct,多聞寺山門,液状化,南海トラフ巨大地震,液状化｜南海トラフ巨大地震
131075100003,liquefaction,多摩東部直下地震,17.6548,PL>15,hazard_liquefaction_250m_多摩東部直下地震,liquefaction mesh polygon intersection,13107,墨田区,Municipal,Unknown,有形文化財,建造物,building_direct,多聞寺山門,液状化,多摩東部直下地震,液状化｜多摩東部直下地震
131075100003,liquefaction,大正関東地震,15.966,PL>15,hazard_liquefaction_250m_大正関東地震,liquefaction mesh polygon intersection,13107,墨田区,Municipal,Unknown,有形文化財,建造物,building_direct,多聞寺山門,液状化,大正関東地震,液状化｜大正関東地震
131075100003,liquefaction,都心南部直下地震,17.9636,PL>15,hazard_liquefaction_250m_都心南部直下地震,liquefaction mesh polygon intersection,13107,墨田区,Municipal,Unknown,有形文化財,建造物,building_direct,多聞寺山門,液状化,都心南部直下地震,液状化｜都心南部直下地震
131075100004,liquefaction,南海トラフ巨大地震,3.83,0<PL≤5,hazard_liquefaction_250m_南海トラフ巨大地震,liquefaction mesh polygon intersection,13107,墨田区,Municipal,Unknown,有形文化財,建造物,building_direct,旧小山家住宅,液状化,南海トラフ巨大地震,液状化｜南海トラフ巨大地震
131075100004,liquefaction,多摩東部直下地震,13.1744,5<PL≤15,hazard_liquefaction_250m_多摩東部直下地震,liquefaction mesh polygon intersection,13107,墨田区,Municipal,Unknown,有形文化財,建造物,building_direct,旧小山家住宅,液状化,多摩東部直下地震,液状化｜多摩東部直下地震
131075100004,liquefaction,大正関東地震,12.5908,5<PL≤15,hazard_liquefaction_250m_大正関東地震,liquefaction mesh polygon intersection,13107,墨田区,Municipal,Unknown,有形文化財,建造物,building_direct,旧小山家住宅,液状化,大正関東地震,液状化｜大正関東地震
131075100004,liquefaction,都心南部直下地震,14.2004,5<PL≤15,hazard_liquefaction_250m_都心南部直下地震,liquefaction mesh polygon intersection,13107,墨田区,Municipal,Unknown,有形文化財,建造物,building_direct,旧小山家住宅,液状化,都心南部直下地震,液状化｜都心南部直下地震
131075100006,liquefaction,南海トラフ巨大地震,5.266,5<PL≤15,hazard_liquefaction_250m_南海トラフ巨大地震,liquefaction mesh polygon intersection,13107,墨田区,Municipal,Unknown,有形文化財,建造物,building_direct,三囲神社石造鳥居(堤下の大鳥居),液状化,南海トラフ巨大地震,液状化｜南海トラフ巨大地震
131075100006,liquefaction,多摩東部直下地震,17.8624,PL>15,hazard_liquefaction_250m_多摩東部直下地震,liquefaction mesh polygon intersection,13107,墨田区,Municipal,Unknown,有形文化財,建造物,building_direct,三囲神社石造鳥居(堤下の大鳥居),液状化,多摩東部直下地震,液状化｜多摩東部直下地震
131075100006,liquefaction,大正関東地震,15.9008,PL>15,hazard_liquefaction_250m_大正関東地震,liquefaction mesh polygon intersection,13107,墨田区,Municipal,Unknown,有形文化財,建造物,building_direct,三囲神社石造鳥居(堤下の大鳥居),液状化,大正関東地震,液状化｜大正関東地震
131075100006,liquefaction,都心南部直下地震,18.1572,PL>15,hazard_liquefaction_250m_都心南部直下地震,liquefaction mesh polygon intersection,13107,墨田区,Municipal,Unknown,有形文化財,建造物,building_direct,三囲神社石造鳥居(堤下の大鳥居),液状化,都心南部直下地震,液状化｜都心南部直下地震
131075100007,liquefaction,南海トラフ巨大地震,2.9948,0<PL≤5,hazard_liquefaction_250m_南海トラフ巨大地震,liquefaction mesh polygon intersection,13107,墨田区,Municipal,Unknown,有形文化財,建造物,building_direct,弘福寺本堂(大雄寳殿),液状化,南海トラフ巨大地震,液状化｜南海トラフ巨大地震
131075100007,liquefaction,多摩東部直下地震,9.3048,5<PL≤15,hazard_liquefaction_250m_多摩東部直下地震,liquefaction mesh polygon intersection,13107,墨田区,Municipal,Unknown,有形文化財,建造物,building_direct,弘福寺本堂(大雄寳殿),液状化,多摩東部直下地震,液状化｜多摩東部直下地震
131075100007,liquefaction,大正関東地震,8.278,5<PL≤15,hazard_liquefaction_250m_大正関東地震,liquefaction mesh polygon intersection,13107,墨田区,Municipal,Unknown,有形文化財,建造物,building_direct,弘福寺本堂(大雄寳殿),液状化,大正関東地震,液状化｜大正関東地震
131075100007,liquefaction,都心南部直下地震,9.514,5<PL≤15,hazard_liquefaction_250m_都心南部直下地震,liquefaction mesh polygon intersection,13107,墨田区,Municipal,Unknown,有形文化財,建造物,building_direct,弘福寺本堂(大雄寳殿),液状化,都心南部直下地震,液状化｜都心南部直下地震
131075100008,liquefaction,南海トラフ巨大地震,5.266,5<PL≤15,hazard_liquefaction_250m_南海トラフ巨大地震,liquefaction mesh polygon intersection,13107,墨田区,Municipal,Unknown,有形文化財,建造物,building_direct,三囲神社本社,液状化,南海トラフ巨大地震,液状化｜南海トラフ巨大地震
131075100008,liquefaction,多摩東部直下地震,17.8624,PL>15,hazard_liquefaction_250m_多摩東部直下地震,liquefaction mesh polygon intersection,13107,墨田区,Municipal,Unknown,有形文化財,建造物,building_direct,三囲神社本社,液状化,多摩東部直下地震,液状化｜多摩東部直下地震
131075100008,liquefaction,大正関東地震,15.9008,PL>15,hazard_liquefaction_250m_大正関東地震,liquefaction mesh polygon intersection,13107,墨田区,Municipal,Unknown,有形文化財,建造物,building_direct,三囲神社本社,液状化,大正関東地震,液状化｜大正関東地震
131075100008,liquefaction,都心南部直下地震,18.1572,PL>15,hazard_liquefaction_250m_都心南部直下地震,liquefaction mesh polygon intersection,13107,墨田区,Municipal,Unknown,有形文化財,建造物,building_direct,三囲神社本社,液状化,都心南部直下地震,液状化｜都心南部直下地震
131075100010,liquefaction,南海トラフ巨大地震,3.7372,0<PL≤5,hazard_liquefaction_250m_南海トラフ巨大地震,liquefaction mesh polygon intersection,13107,墨田区,Municipal,Unknown,有形文化財,建造物,building_direct,牛嶋神社社殿,液状化,南海トラフ巨大地震,液状化｜南海トラフ巨大地震
131075100010,liquefaction,多摩東部直下地震,22.2544,PL>15,hazard_liquefaction_250m_多摩東部直下地震,liquefaction mesh polygon intersection,13107,墨田区,Municipal,Unknown,有形文化財,建造物,building_direct,牛嶋神社社殿,液状化,多摩東部直下地震,液状化｜多摩東部直下地震
131075100010,liquefaction,大正関東地震,18.6976,PL>15,hazard_liquefaction_250m_大正関東地震,liquefaction mesh polygon intersection,13107,墨田区,Municipal,Unknown,有形文化財,建造物,building_direct,牛嶋神社社殿,液状化,大正関東地震,液状化｜大正関東地震
131075100010,liquefaction,都心南部直下地震,22.5396,PL>15,hazard_liquefaction_250m_都心南部直下地震,liquefaction mesh polygon intersection,13107,墨田区,Municipal,Unknown,有形文化財,建造物,building_direct,牛嶋神社社殿,液状化,都心南部直下地震,液状化｜都心南部直下地震
131075100011,liquefaction,南海トラフ巨大地震,3.7372,0<PL≤5,hazard_liquefaction_250m_南海トラフ巨大地震,liquefaction mesh polygon intersection,13107,墨田区,Municipal,Unknown,有形文化財,建造物,building_direct,牛嶋神社神輿蔵,液状化,南海トラフ巨大地震,液状化｜南海トラフ巨大地震
131075100011,liquefaction,多摩東部直下地震,22.2544,PL>15,hazard_liquefaction_250m_多摩東部直下地震,liquefaction mesh polygon intersection,13107,墨田区,Municipal,Unknown,有形文化財,建造物,building_direct,牛嶋神社神輿蔵,液状化,多摩東部直下地震,液状化｜多摩東部直下地震
131075100011,liquefaction,大正関東地震,18.6976,PL>15,hazard_liquefaction_250m_大正関東地震,liquefaction mesh polygon intersection,13107,墨田区,Municipal,Unknown,有形文化財,建造物,building_direct,牛嶋神社神輿蔵,液状化,大正関東地震,液状化｜大正関東地震
131075100011,liquefaction,都心南部直下地震,22.5396,PL>15,hazard_liquefaction_250m_都心南部直下地震,liquefaction mesh polygon intersection,13107,墨田区,Municipal,Unknown,有形文化財,建造物,building_direct,牛嶋神社神輿蔵,液状化,都心南部直下地震,液状化｜都心南部直下地震
131075100012,liquefaction,南海トラフ巨大地震,6.1868,5<PL≤15,hazard_liquefaction_250m_南海トラフ巨大地震,liquefaction mesh polygon intersection,13107,墨田区,Municipal,Unknown,有形文化財,建造物,building_direct,隅田川神社社殿,液状化,南海トラフ巨大地震,液状化｜南海トラフ巨大地震
131075100012,liquefaction,多摩東部直下地震,13.3112,5<PL≤15,hazard_liquefaction_250m_多摩東部直下地震,liquefaction mesh polygon intersection,13107,墨田区,Municipal,Unknown,有形文化財,建造物,building_direct,隅田川神社社殿,液状化,多摩東部直下地震,液状化｜多摩東部直下地震
131075100012,liquefaction,大正関東地震,12.4692,5<PL≤15,hazard_liquefaction_250m_大正関東地震,liquefaction mesh polygon intersection,13107,墨田区,Municipal,Unknown,有形文化財,建造物,building_direct,隅田川神社社殿,液状化,大正関東地震,液状化｜大正関東地震
131075100012,liquefaction,都心南部直下地震,13.582,5<PL≤15,hazard_liquefaction_250m_都心南部直下地震,liquefaction mesh polygon intersection,13107,墨田区,Municipal,Unknown,有形文化財,建造物,building_direct,隅田川神社社殿,液状化,都心南部直下地震,液状化｜都心南部直下地震
131075100014,liquefaction,南海トラフ巨大地震,1.6004,0<PL≤5,hazard_liquefaction_250m_南海トラフ巨大地震,liquefaction mesh polygon intersection,13107,墨田区,Municipal,Unknown,有形文化財,建造物,building_direct,實相寺熊谷稲荷堂 附再建関連文書ニ点・青図三枚・写真一点,液状化,南海トラフ巨大地震,液状化｜南海トラフ巨大地震
131075100014,liquefaction,多摩東部直下地震,6.6424,5<PL≤15,hazard_liquefaction_250m_多摩東部直下地震,liquefaction mesh polygon intersection,13107,墨田区,Municipal,Unknown,有形文化財,建造物,building_direct,實相寺熊谷稲荷堂 附再建関連文書ニ点・青図三枚・写真一点,液状化,多摩東部直下地震,液状化｜多摩東部直下地震
131075100014,liquefaction,大正関東地震,5.7856,5<PL≤15,hazard_liquefaction_250m_大正関東地震,liquefaction mesh polygon intersection,13107,墨田区,Municipal,Unknown,有形文化財,建造物,building_direct,實相寺熊谷稲荷堂 附再建関連文書ニ点・青図三枚・写真一点,液状化,大正関東地震,液状化｜大正関東地震
131075100014,liquefaction,立川断層帯地震,0.0024,0<PL≤5,hazard_liquefaction_250m_立川断層帯地震,liquefaction mesh polygon intersection,13107,墨田区,Municipal,Unknown,有形文化財,建造物,building_direct,實相寺熊谷稲荷堂 附再建関連文書ニ点・青図三枚・写真一点,液状化,立川断層帯地震,液状化｜立川断層帯地震
131075100014,liquefaction,都心南部直下地震,6.674,5<PL≤15,hazard_liquefaction_250m_都心南部直下地震,liquefaction mesh polygon intersection,13107,墨田区,Municipal,Unknown,有形文化財,建造物,building_direct,實相寺熊谷稲荷堂 附再建関連文書ニ点・青図三枚・写真一点,液状化,都心南部直下地震,液状化｜都心南部直下地震
131075100016,liquefaction,南海トラフ巨大地震,1.914,0<PL≤5,hazard_liquefaction_250m_南海トラフ巨大地震,liquefaction mesh polygon intersection,13107,墨田区,Municipal,Unknown,有形文化財,歴史資料,point,楢崎宗重博士旧蔵美術資料群(楢崎宗重コレクション),液状化,南海トラフ巨大地震,液状化｜南海トラフ巨大地震
131075100016,liquefaction,多摩東部直下地震,16.758,PL>15,hazard_liquefaction_250m_多摩東部直下地震,liquefaction mesh polygon intersection,13107,墨田区,Municipal,Unknown,有形文化財,歴史資料,point,楢崎宗重博士旧蔵美術資料群(楢崎宗重コレクション),液状化,多摩東部直下地震,液状化｜多摩東部直下地震
131075100016,liquefaction,大正関東地震,14.3544,5<PL≤15,hazard_liquefaction_250m_大正関東地震,liquefaction mesh polygon intersection,13107,墨田区,Municipal,Unknown,有形文化財,歴史資料,point,楢崎宗重博士旧蔵美術資料群(楢崎宗重コレクション),液状化,大正関東地震,液状化｜大正関東地震
131075100016,liquefaction,都心南部直下地震,16.7228,PL>15,hazard_liquefaction_250m_都心南部直下地震,liquefaction mesh polygon intersection,13107,墨田区,Municipal,Unknown,有形文化財,歴史資料,point,楢崎宗重博士旧蔵美術資料群(楢崎宗重コレクション),液状化,都心南部直下地震,液状化｜都心南部直下地震
131075100017,liquefaction,南海トラフ巨大地震,1.914,0<PL≤5,hazard_liquefaction_250m_南海トラフ巨大地震,liquefaction mesh polygon intersection,13107,墨田区,Municipal,Unknown,有形文化財,歴史資料,point,紙本着色「隅田川両岸景色図」一巻,液状化,南海トラフ巨大地震,液状化｜南海トラフ巨大地震
131075100017,liquefaction,多摩東部直下地震,16.758,PL>15,hazard_liquefaction_250m_多摩東部直下地震,liquefaction mesh polygon intersection,13107,墨田区,Municipal,Unknown,有形文化財,歴史資料,point,紙本着色「隅田川両岸景色図」一巻,液状化,多摩東部直下地震,液状化｜多摩東部直下地震
131075100017,liquefaction,大正関東地震,14.3544,5<PL≤15,hazard_liquefaction_250m_大正関東地震,liquefaction mesh polygon intersection,13107,墨田区,Municipal,Unknown,有形文化財,歴史資料,point,紙本着色「隅田川両岸景色図」一巻,液状化,大正関東地震,液状化｜大正関東地震
131075100017,liquefaction,都心南部直下地震,16.7228,PL>15,hazard_liquefaction_250m_都心南部直下地震,liquefaction mesh polygon intersection,13107,墨田区,Municipal,Unknown,有形文化財,歴史資料,point,紙本着色「隅田川両岸景色図」一巻,液状化,都心南部直下地震,液状化｜都心南部直下地震
131075100047,liquefaction,南海トラフ巨大地震,3.2296,0<PL≤5,hazard_liquefaction_250m_南海トラフ巨大地震,liquefaction mesh polygon intersection,13107,墨田区,Municipal,Unknown,有形文化財,歴史資料,point,都鳥手鑑 ※非公開,液状化,南海トラフ巨大地震,液状化｜南海トラフ巨大地震
131075100047,liquefaction,多摩東部直下地震,7.1748,5<PL≤15,hazard_liquefaction_250m_多摩東部直下地震,liquefaction mesh polygon intersection,13107,墨田区,Municipal,Unknown,有形文化財,歴史資料,point,都鳥手鑑 ※非公開,液状化,多摩東部直下地震,液状化｜多摩東部直下地震
131075100047,liquefaction,大正関東地震,6.6376,5<PL≤15,hazard_liquefaction_250m_大正関東地震,liquefaction mesh polygon intersection,13107,墨田区,Municipal,Unknown,有形文化財,歴史資料,point,都鳥手鑑 ※非公開,液状化,大正関東地震,液状化｜大正関東地震
131075100047,liquefaction,都心南部直下地震,7.3332,5<PL≤15,hazard_liquefaction_250m_都心南部直下地震,liquefaction mesh polygon intersection,13107,墨田区,Municipal,Unknown,有形文化財,歴史資料,point,都鳥手鑑 ※非公開,液状化,都心南部直下地震,液状化｜都心南部直下地震
131075100048,liquefaction,南海トラフ巨大地震,0.9428,0<PL≤5,hazard_liquefaction_250m_南海トラフ巨大地震,liquefaction mesh polygon intersection,13107,墨田区,Municipal,Unknown,有形文化財,歴史資料,point,正福寺の板碑,液状化,南海トラフ巨大地震,液状化｜南海トラフ巨大地震
131075100048,liquefaction,多摩東部直下地震,6.7352,5<PL≤15,hazard_liquefaction_250m_多摩東部直下地震,liquefaction mesh polygon intersection,13107,墨田区,Municipal,Unknown,有形文化財,歴史資料,point,正福寺の板碑,液状化,多摩東部直下地震,液状化｜多摩東部直下地震
131075100048,liquefaction,大正関東地震,5.9192,5<PL≤15,hazard_liquefaction_250m_大正関東地震,liquefaction mesh polygon intersection,13107,墨田区,Municipal,Unknown,有形文化財,歴史資料,point,正福寺の板碑,液状化,大正関東地震,液状化｜大正関東地震
131075100048,liquefaction,都心南部直下地震,6.918,5<PL≤15,hazard_liquefaction_250m_都心南部直下地震,liquefaction mesh polygon intersection,13107,墨田区,Municipal,Unknown,有形文化財,歴史資料,point,正福寺の板碑,液状化,都心南部直下地震,液状化｜都心南部直下地震
131075100049,liquefaction,南海トラフ巨大地震,2.7656,0<PL≤5,hazard_liquefaction_250m_南海トラフ巨大地震,liquefaction mesh polygon intersection,13107,墨田区,Municipal,Unknown,有形文化財,歴史資料,point,法泉寺所蔵板碑 ※非公開,液状化,南海トラフ巨大地震,液状化｜南海トラフ巨大地震
131075100049,liquefaction,多摩東部直下地震,8.2464,5<PL≤15,hazard_liquefaction_250m_多摩東部直下地震,liquefaction mesh polygon intersection,13107,墨田区,Municipal,Unknown,有形文化財,歴史資料,point,法泉寺所蔵板碑 ※非公開,液状化,多摩東部直下地震,液状化｜多摩東部直下地震
131075100049,liquefaction,大正関東地震,7.256,5<PL≤15,hazard_liquefaction_250m_大正関東地震,liquefaction mesh polygon intersection,13107,墨田区,Municipal,Unknown,有形文化財,歴史資料,point,法泉寺所蔵板碑 ※非公開,液状化,大正関東地震,液状化｜大正関東地震
131075100049,liquefaction,都心南部直下地震,8.8292,5<PL≤15,hazard_liquefaction_250m_都心南部直下地震,liquefaction mesh polygon intersection,13107,墨田区,Municipal,Unknown,有形文化財,歴史資料,point,法泉寺所蔵板碑 ※非公開,液状化,都心南部直下地震,液状化｜都心南部直下地震
131075100050,liquefaction,南海トラフ巨大地震,2.8012,0<PL≤5,hazard_liquefaction_250m_南海トラフ巨大地震,liquefaction mesh polygon intersection,13107,墨田区,Municipal,Unknown,有形文化財,歴史資料,point,啓運閣所蔵板碑 ※非公開,液状化,南海トラフ巨大地震,液状化｜南海トラフ巨大地震
131075100050,liquefaction,多摩東部直下地震,6.0492,5<PL≤15,hazard_liquefaction_250m_多摩東部直下地震,liquefaction mesh polygon intersection,13107,墨田区,Municipal,Unknown,有形文化財,歴史資料,point,啓運閣所蔵板碑 ※非公開,液状化,多摩東部直下地震,液状化｜多摩東部直下地震
131075100050,liquefaction,大正関東地震,5.6248,5<PL≤15,hazard_liquefaction_250m_大正関東地震,liquefaction mesh polygon intersection,13107,墨田区,Municipal,Unknown,有形文化財,歴史資料,point,啓運閣所蔵板碑 ※非公開,液状化,大正関東地震,液状化｜大正関東地震
131075100050,liquefaction,都心南部直下地震,6.2868,5<PL≤15,hazard_liquefaction_250m_都心南部直下地震,liquefaction mesh polygon intersection,13107,墨田区,Municipal,Unknown,有形文化財,歴史資料,point,啓運閣所蔵板碑 ※非公開,液状化,都心南部直下地震,液状化｜都心南部直下地震
131075100052,liquefaction,南海トラフ巨大地震,2.9948,0<PL≤5,hazard_liquefaction_250m_南海トラフ巨大地震,liquefaction mesh polygon intersection,13107,墨田区,Municipal,Unknown,有形文化財,歴史資料,point,松尾芭蕉「いざさらば」の句碑 (雪見の句碑),液状化,南海トラフ巨大地震,液状化｜南海トラフ巨大地震
131075100052,liquefaction,多摩東部直下地震,9.3048,5<PL≤15,hazard_liquefaction_250m_多摩東部直下地震,liquefaction mesh polygon intersection,13107,墨田区,Municipal,Unknown,有形文化財,歴史資料,point,松尾芭蕉「いざさらば」の句碑 (雪見の句碑),液状化,多摩東部直下地震,液状化｜多摩東部直下地震
131075100052,liquefaction,大正関東地震,8.278,5<PL≤15,hazard_liquefaction_250m_大正関東地震,liquefaction mesh polygon intersection,13107,墨田区,Municipal,Unknown,有形文化財,歴史資料,point,松尾芭蕉「いざさらば」の句碑 (雪見の句碑),液状化,大正関東地震,液状化｜大正関東地震
131075100052,liquefaction,都心南部直下地震,9.514,5<PL≤15,hazard_liquefaction_250m_都心南部直下地震,liquefaction mesh polygon intersection,13107,墨田区,Municipal,Unknown,有形文化財,歴史資料,point,松尾芭蕉「いざさらば」の句碑 (雪見の句碑),液状化,都心南部直下地震,液状化｜都心南部直下地震
131075100053,liquefaction,南海トラフ巨大地震,3.7372,0<PL≤5,hazard_liquefaction_250m_南海トラフ巨大地震,liquefaction mesh polygon intersection,13107,墨田区,Municipal,Unknown,有形文化財,歴史資料,point,橋本家旧蔵板碑,液状化,南海トラフ巨大地震,液状化｜南海トラフ巨大地震
131075100053,liquefaction,多摩東部直下地震,22.2544,PL>15,hazard_liquefaction_250m_多摩東部直下地震,liquefaction mesh polygon intersection,13107,墨田区,Municipal,Unknown,有形文化財,歴史資料,point,橋本家旧蔵板碑,液状化,多摩東部直下地震,液状化｜多摩東部直下地震
131075100053,liquefaction,大正関東地震,18.6976,PL>15,hazard_liquefaction_250m_大正関東地震,liquefaction mesh polygon intersection,13107,墨田区,Municipal,Unknown,有形文化財,歴史資料,point,橋本家旧蔵板碑,液状化,大正関東地震,液状化｜大正関東地震
131075100053,liquefaction,都心南部直下地震,22.5396,PL>15,hazard_liquefaction_250m_都心南部直下地震,liquefaction mesh polygon intersection,13107,墨田区,Municipal,Unknown,有形文化財,歴史資料,point,橋本家旧蔵板碑,液状化,都心南部直下地震,液状化｜都心南部直下地震
131075100054,liquefaction,南海トラフ巨大地震,3.7372,0<PL≤5,hazard_liquefaction_250m_南海トラフ巨大地震,liquefaction mesh polygon intersection,13107,墨田区,Municipal,Unknown,有形文化財,歴史資料,point,烏亭焉馬「いそがずば」の狂歌碑,液状化,南海トラフ巨大地震,液状化｜南海トラフ巨大地震
131075100054,liquefaction,多摩東部直下地震,22.2544,PL>15,hazard_liquefaction_250m_多摩東部直下地震,liquefaction mesh polygon intersection,13107,墨田区,Municipal,Unknown,有形文化財,歴史資料,point,烏亭焉馬「いそがずば」の狂歌碑,液状化,多摩東部直下地震,液状化｜多摩東部直下地震
131075100054,liquefaction,大正関東地震,18.6976,PL>15,hazard_liquefaction_250m_大正関東地震,liquefaction mesh polygon intersection,13107,墨田区,Municipal,Unknown,有形文化財,歴史資料,point,烏亭焉馬「いそがずば」の狂歌碑,液状化,大正関東地震,液状化｜大正関東地震
131075100054,liquefaction,都心南部直下地震,22.5396,PL>15,hazard_liquefaction_250m_都心南部直下地震,liquefaction mesh polygon intersection,13107,墨田区,Municipal,Unknown,有形文化財,歴史資料,point,烏亭焉馬「いそがずば」の狂歌碑,液状化,都心南部直下地震,液状化｜都心南部直下地震
131075100055,liquefaction,南海トラフ巨大地震,5.266,5<PL≤15,hazard_liquefaction_250m_南海トラフ巨大地震,liquefaction mesh polygon intersection,13107,墨田区,Municipal,Unknown,有形文化財,歴史資料,point,宝井其角「ゆうだちや」の句碑 (雨乞いの句碑),液状化,南海トラフ巨大地震,液状化｜南海トラフ巨大地震
131075100055,liquefaction,多摩東部直下地震,17.8624,PL>15,hazard_liquefaction_250m_多摩東部直下地震,liquefaction mesh polygon intersection,13107,墨田区,Municipal,Unknown,有形文化財,歴史資料,point,宝井其角「ゆうだちや」の句碑 (雨乞いの句碑),液状化,多摩東部直下地震,液状化｜多摩東部直下地震
131075100055,liquefaction,大正関東地震,15.9008,PL>15,hazard_liquefaction_250m_大正関東地震,liquefaction mesh polygon intersection,13107,墨田区,Municipal,Unknown,有形文化財,歴史資料,point,宝井其角「ゆうだちや」の句碑 (雨乞いの句碑),液状化,大正関東地震,液状化｜大正関東地震
131075100055,liquefaction,都心南部直下地震,18.1572,PL>15,hazard_liquefaction_250m_都心南部直下地震,liquefaction mesh polygon intersection,13107,墨田区,Municipal,Unknown,有形文化財,歴史資料,point,宝井其角「ゆうだちや」の句碑 (雨乞いの句碑),液状化,都心南部直下地震,液状化｜都心南部直下地震
131075100056,liquefaction,南海トラフ巨大地震,2.7948,0<PL≤5,hazard_liquefaction_250m_南海トラフ巨大地震,liquefaction mesh polygon intersection,13107,墨田区,Municipal,Unknown,有形文化財,歴史資料,point,秋葉神社の石造燈籠 寛保元年銘 二基 宝永元年銘 二基 宝永二年銘 二基,液状化,南海トラフ巨大地震,液状化｜南海トラフ巨大地震
131075100056,liquefaction,多摩東部直下地震,6.9312,5<PL≤15,hazard_liquefaction_250m_多摩東部直下地震,liquefaction mesh polygon intersection,13107,墨田区,Municipal,Unknown,有形文化財,歴史資料,point,秋葉神社の石造燈籠 寛保元年銘 二基 宝永元年銘 二基 宝永二年銘 二基,液状化,多摩東部直下地震,液状化｜多摩東部直下地震
131075100056,liquefaction,大正関東地震,6.1576,5<PL≤15,hazard_liquefaction_250m_大正関東地震,liquefaction mesh polygon intersection,13107,墨田区,Municipal,Unknown,有形文化財,歴史資料,point,秋葉神社の石造燈籠 寛保元年銘 二基 宝永元年銘 二基 宝永二年銘 二基,液状化,大正関東地震,液状化｜大正関東地震
131075100056,liquefaction,都心南部直下地震,7.0976,5<PL≤15,hazard_liquefaction_250m_都心南部直下地震,liquefaction mesh polygon intersection,13107,墨田区,Municipal,Unknown,有形文化財,歴史資料,point,秋葉神社の石造燈籠 寛保元年銘 二基 宝永元年銘 二基 宝永二年銘 二基,液状化,都心南部直下地震,液状化｜都心南部直下地震
131075100057,liquefaction,南海トラフ巨大地震,3.324,0<PL≤5,hazard_liquefaction_250m_南海トラフ巨大地震,liquefaction mesh polygon intersection,13107,墨田区,Municipal,Unknown,有形文化財,歴史資料,point,蓮花寺の石柱道標 文化十五年銘 一基 文政五年銘 一基,液状化,南海トラフ巨大地震,液状化｜南海トラフ巨大地震
131075100057,liquefaction,多摩東部直下地震,12.6376,5<PL≤15,hazard_liquefaction_250m_多摩東部直下地震,liquefaction mesh polygon intersection,13107,墨田区,Municipal,Unknown,有形文化財,歴史資料,point,蓮花寺の石柱道標 文化十五年銘 一基 文政五年銘 一基,液状化,多摩東部直下地震,液状化｜多摩東部直下地震
131075100057,liquefaction,大正関東地震,10.7304,5<PL≤15,hazard_liquefaction_250m_大正関東地震,liquefaction mesh polygon intersection,13107,墨田区,Municipal,Unknown,有形文化財,歴史資料,point,蓮花寺の石柱道標 文化十五年銘 一基 文政五年銘 一基,液状化,大正関東地震,液状化｜大正関東地震
131075100057,liquefaction,都心南部直下地震,13.494,5<PL≤15,hazard_liquefaction_250m_都心南部直下地震,liquefaction mesh polygon intersection,13107,墨田区,Municipal,Unknown,有形文化財,歴史資料,point,蓮花寺の石柱道標 文化十五年銘 一基 文政五年銘 一基,液状化,都心南部直下地震,液状化｜都心南部直下地震
131075100058,liquefaction,南海トラフ巨大地震,1.6072,0<PL≤5,hazard_liquefaction_250m_南海トラフ巨大地震,liquefaction mesh polygon intersection,13107,墨田区,Municipal,Unknown,有形文化財,歴史資料,point,要津寺雪中庵関係石碑群,液状化,南海トラフ巨大地震,液状化｜南海トラフ巨大地震
131075100058,liquefaction,多摩東部直下地震,6.378,5<PL≤15,hazard_liquefaction_250m_多摩東部直下地震,liquefaction mesh polygon intersection,13107,墨田区,Municipal,Unknown,有形文化財,歴史資料,point,要津寺雪中庵関係石碑群,液状化,多摩東部直下地震,液状化｜多摩東部直下地震
131075100058,liquefaction,大正関東地震,5.7,5<PL≤15,hazard_liquefaction_250m_大正関東地震,liquefaction mesh polygon intersection,13107,墨田区,Municipal,Unknown,有形文化財,歴史資料,point,要津寺雪中庵関係石碑群,液状化,大正関東地震,液状化｜大正関東地震
131075100058,liquefaction,都心南部直下地震,6.8644,5<PL≤15,hazard_liquefaction_250m_都心南部直下地震,liquefaction mesh polygon intersection,13107,墨田区,Municipal,Unknown,有形文化財,歴史資料,point,要津寺雪中庵関係石碑群,液状化,都心南部直下地震,液状化｜都心南部直下地震
131075100059,liquefaction,南海トラフ巨大地震,5.3072,5<PL≤15,hazard_liquefaction_250m_南海トラフ巨大地震,liquefaction mesh polygon intersection,13107,墨田区,Municipal,Unknown,有形文化財,歴史資料,point,多聞寺の板碑,液状化,南海トラフ巨大地震,液状化｜南海トラフ巨大地震
131075100059,liquefaction,多摩東部直下地震,17.6548,PL>15,hazard_liquefaction_250m_多摩東部直下地震,liquefaction mesh polygon intersection,13107,墨田区,Municipal,Unknown,有形文化財,歴史資料,point,多聞寺の板碑,液状化,多摩東部直下地震,液状化｜多摩東部直下地震
131075100059,liquefaction,大正関東地震,15.966,PL>15,hazard_liquefaction_250m_大正関東地震,liquefaction mesh polygon intersection,13107,墨田区,Municipal,Unknown,有形文化財,歴史資料,point,多聞寺の板碑,液状化,大正関東地震,液状化｜大正関東地震
131075100059,liquefaction,都心南部直下地震,17.9636,PL>15,hazard_liquefaction_250m_都心南部直下地震,liquefaction mesh polygon intersection,13107,墨田区,Municipal,Unknown,有形文化財,歴史資料,point,多聞寺の板碑,液状化,都心南部直下地震,液状化｜都心南部直下地震
131075100061,liquefaction,南海トラフ巨大地震,2.4096,0<PL≤5,hazard_liquefaction_250m_南海トラフ巨大地震,liquefaction mesh polygon intersection,13107,墨田区,Municipal,Unknown,有形文化財,歴史資料,point,石造海難供養碑,液状化,南海トラフ巨大地震,液状化｜南海トラフ巨大地震
131075100061,liquefaction,多摩東部直下地震,8.5352,5<PL≤15,hazard_liquefaction_250m_多摩東部直下地震,liquefaction mesh polygon intersection,13107,墨田区,Municipal,Unknown,有形文化財,歴史資料,point,石造海難供養碑,液状化,多摩東部直下地震,液状化｜多摩東部直下地震
131075100061,liquefaction,大正関東地震,7.738,5<PL≤15,hazard_liquefaction_250m_大正関東地震,liquefaction mesh polygon intersection,13107,墨田区,Municipal,Unknown,有形文化財,歴史資料,point,石造海難供養碑,液状化,大正関東地震,液状化｜大正関東地震
131075100061,liquefaction,都心南部直下地震,9.1048,5<PL≤15,hazard_liquefaction_250m_都心南部直下地震,liquefaction mesh polygon intersection,13107,墨田区,Municipal,Unknown,有形文化財,歴史資料,point,石造海難供養碑,液状化,都心南部直下地震,液状化｜都心南部直下地震
131075100062,liquefaction,南海トラフ巨大地震,5.266,5<PL≤15,hazard_liquefaction_250m_南海トラフ巨大地震,liquefaction mesh polygon intersection,13107,墨田区,Municipal,Unknown,有形文化財,歴史資料,point,三囲神社の石造常夜燈,液状化,南海トラフ巨大地震,液状化｜南海トラフ巨大地震
131075100062,liquefaction,多摩東部直下地震,17.8624,PL>15,hazard_liquefaction_250m_多摩東部直下地震,liquefaction mesh polygon intersection,13107,墨田区,Municipal,Unknown,有形文化財,歴史資料,point,三囲神社の石造常夜燈,液状化,多摩東部直下地震,液状化｜多摩東部直下地震
131075100062,liquefaction,大正関東地震,15.9008,PL>15,hazard_liquefaction_250m_大正関東地震,liquefaction mesh polygon intersection,13107,墨田区,Municipal,Unknown,有形文化財,歴史資料,point,三囲神社の石造常夜燈,液状化,大正関東地震,液状化｜大正関東地震
131075100062,liquefaction,都心南部直下地震,18.1572,PL>15,hazard_liquefaction_250m_都心南部直下地震,liquefaction mesh polygon intersection,13107,墨田区,Municipal,Unknown,有形文化財,歴史資料,point,三囲神社の石造常夜燈,液状化,都心南部直下地震,液状化｜都心南部直下地震
131075100063,liquefaction,南海トラフ巨大地震,2.9948,0<PL≤5,hazard_liquefaction_250m_南海トラフ巨大地震,liquefaction mesh polygon intersection,13107,墨田区,Municipal,Unknown,有形文化財,歴史資料,point,石造墨堤永代常夜燈,液状化,南海トラフ巨大地震,液状化｜南海トラフ巨大地震
131075100063,liquefaction,多摩東部直下地震,9.3048,5<PL≤15,hazard_liquefaction_250m_多摩東部直下地震,liquefaction mesh polygon intersection,13107,墨田区,Municipal,Unknown,有形文化財,歴史資料,point,石造墨堤永代常夜燈,液状化,多摩東部直下地震,液状化｜多摩東部直下地震
131075100063,liquefaction,大正関東地震,8.278,5<PL≤15,hazard_liquefaction_250m_大正関東地震,liquefaction mesh polygon intersection,13107,墨田区,Municipal,Unknown,有形文化財,歴史資料,point,石造墨堤永代常夜燈,液状化,大正関東地震,液状化｜大正関東地震
131075100063,liquefaction,都心南部直下地震,9.514,5<PL≤15,hazard_liquefaction_250m_都心南部直下地震,liquefaction mesh polygon intersection,13107,墨田区,Municipal,Unknown,有形文化財,歴史資料,point,石造墨堤永代常夜燈,液状化,都心南部直下地震,液状化｜都心南部直下地震
131075100064,liquefaction,南海トラフ巨大地震,2.452,0<PL≤5,hazard_liquefaction_250m_南海トラフ巨大地震,liquefaction mesh polygon intersection,13107,墨田区,Municipal,Unknown,有形文化財,歴史資料,point,吾嬬神社の連理の楠,液状化,南海トラフ巨大地震,液状化｜南海トラフ巨大地震
131075100064,liquefaction,多摩東部直下地震,8.5948,5<PL≤15,hazard_liquefaction_250m_多摩東部直下地震,liquefaction mesh polygon intersection,13107,墨田区,Municipal,Unknown,有形文化財,歴史資料,point,吾嬬神社の連理の楠,液状化,多摩東部直下地震,液状化｜多摩東部直下地震
131075100064,liquefaction,大正関東地震,7.9876,5<PL≤15,hazard_liquefaction_250m_大正関東地震,liquefaction mesh polygon intersection,13107,墨田区,Municipal,Unknown,有形文化財,歴史資料,point,吾嬬神社の連理の楠,液状化,大正関東地震,液状化｜大正関東地震
131075100064,liquefaction,都心南部直下地震,9.2436,5<PL≤15,hazard_liquefaction_250m_都心南部直下地震,liquefaction mesh polygon intersection,13107,墨田区,Municipal,Unknown,有形文化財,歴史資料,point,吾嬬神社の連理の楠,液状化,都心南部直下地震,液状化｜都心南部直下地震
131075100065,liquefaction,南海トラフ巨大地震,2.9948,0<PL≤5,hazard_liquefaction_250m_南海トラフ巨大地震,liquefaction mesh polygon intersection,13107,墨田区,Municipal,Unknown,有形文化財,歴史資料,point,墨堤植桜之碑,液状化,南海トラフ巨大地震,液状化｜南海トラフ巨大地震
131075100065,liquefaction,多摩東部直下地震,9.3048,5<PL≤15,hazard_liquefaction_250m_多摩東部直下地震,liquefaction mesh polygon intersection,13107,墨田区,Municipal,Unknown,有形文化財,歴史資料,point,墨堤植桜之碑,液状化,多摩東部直下地震,液状化｜多摩東部直下地震
131075100065,liquefaction,大正関東地震,8.278,5<PL≤15,hazard_liquefaction_250m_大正関東地震,liquefaction mesh polygon intersection,13107,墨田区,Municipal,Unknown,有形文化財,歴史資料,point,墨堤植桜之碑,液状化,大正関東地震,液状化｜大正関東地震
131075100065,liquefaction,都心南部直下地震,9.514,5<PL≤15,hazard_liquefaction_250m_都心南部直下地震,liquefaction mesh polygon intersection,13107,墨田区,Municipal,Unknown,有形文化財,歴史資料,point,墨堤植桜之碑,液状化,都心南部直下地震,液状化｜都心南部直下地震
131075100066,liquefaction,南海トラフ巨大地震,1.6004,0<PL≤5,hazard_liquefaction_250m_南海トラフ巨大地震,liquefaction mesh polygon intersection,13107,墨田区,Municipal,Unknown,有形文化財,歴史資料,point,絹本墨書扁額「明明徳」,液状化,南海トラフ巨大地震,液状化｜南海トラフ巨大地震
131075100066,liquefaction,多摩東部直下地震,6.6424,5<PL≤15,hazard_liquefaction_250m_多摩東部直下地震,liquefaction mesh polygon intersection,13107,墨田区,Municipal,Unknown,有形文化財,歴史資料,point,絹本墨書扁額「明明徳」,液状化,多摩東部直下地震,液状化｜多摩東部直下地震
131075100066,liquefaction,大正関東地震,5.7856,5<PL≤15,hazard_liquefaction_250m_大正関東地震,liquefaction mesh polygon intersection,13107,墨田区,Municipal,Unknown,有形文化財,歴史資料,point,絹本墨書扁額「明明徳」,液状化,大正関東地震,液状化｜大正関東地震
131075100066,liquefaction,立川断層帯地震,0.0024,0<PL≤5,hazard_liquefaction_250m_立川断層帯地震,liquefaction mesh polygon intersection,13107,墨田区,Municipal,Unknown,有形文化財,歴史資料,point,絹本墨書扁額「明明徳」,液状化,立川断層帯地震,液状化｜立川断層帯地震
131075100066,liquefaction,都心南部直下地震,6.674,5<PL≤15,hazard_liquefaction_250m_都心南部直下地震,liquefaction mesh polygon intersection,13107,墨田区,Municipal,Unknown,有形文化財,歴史資料,point,絹本墨書扁額「明明徳」,液状化,都心南部直下地震,液状化｜都心南部直下地震
131075100067,liquefaction,南海トラフ巨大地震,4.6624,0<PL≤5,hazard_liquefaction_250m_南海トラフ巨大地震,liquefaction mesh polygon intersection,13107,墨田区,Municipal,Unknown,有形文化財,歴史資料,point,歌川豊広辞世の狂歌碑,液状化,南海トラフ巨大地震,液状化｜南海トラフ巨大地震
131075100067,liquefaction,多摩東部直下地震,9.522,5<PL≤15,hazard_liquefaction_250m_多摩東部直下地震,liquefaction mesh polygon intersection,13107,墨田区,Municipal,Unknown,有形文化財,歴史資料,point,歌川豊広辞世の狂歌碑,液状化,多摩東部直下地震,液状化｜多摩東部直下地震
131075100067,liquefaction,大正関東地震,8.64,5<PL≤15,hazard_liquefaction_250m_大正関東地震,liquefaction mesh polygon intersection,13107,墨田区,Municipal,Unknown,有形文化財,歴史資料,point,歌川豊広辞世の狂歌碑,液状化,大正関東地震,液状化｜大正関東地震
131075100067,liquefaction,都心南部直下地震,9.8128,5<PL≤15,hazard_liquefaction_250m_都心南部直下地震,liquefaction mesh polygon intersection,13107,墨田区,Municipal,Unknown,有形文化財,歴史資料,point,歌川豊広辞世の狂歌碑,液状化,都心南部直下地震,液状化｜都心南部直下地震
131075100068,liquefaction,南海トラフ巨大地震,1.914,0<PL≤5,hazard_liquefaction_250m_南海トラフ巨大地震,liquefaction mesh polygon intersection,13107,墨田区,Municipal,Unknown,有形文化財,歴史資料,point,石造標柱「隅田公園入口」,液状化,南海トラフ巨大地震,液状化｜南海トラフ巨大地震
131075100068,liquefaction,多摩東部直下地震,16.758,PL>15,hazard_liquefaction_250m_多摩東部直下地震,liquefaction mesh polygon intersection,13107,墨田区,Municipal,Unknown,有形文化財,歴史資料,point,石造標柱「隅田公園入口」,液状化,多摩東部直下地震,液状化｜多摩東部直下地震
131075100068,liquefaction,大正関東地震,14.3544,5<PL≤15,hazard_liquefaction_250m_大正関東地震,liquefaction mesh polygon intersection,13107,墨田区,Municipal,Unknown,有形文化財,歴史資料,point,石造標柱「隅田公園入口」,液状化,大正関東地震,液状化｜大正関東地震
131075100068,liquefaction,都心南部直下地震,16.7228,PL>15,hazard_liquefaction_250m_都心南部直下地震,liquefaction mesh polygon intersection,13107,墨田区,Municipal,Unknown,有形文化財,歴史資料,point,石造標柱「隅田公園入口」,液状化,都心南部直下地震,液状化｜都心南部直下地震
131075100069,liquefaction,南海トラフ巨大地震,3.6064,0<PL≤5,hazard_liquefaction_250m_南海トラフ巨大地震,liquefaction mesh polygon intersection,13107,墨田区,Municipal,Unknown,有形文化財,歴史資料,point,石造「夜寉井銘」の碑,液状化,南海トラフ巨大地震,液状化｜南海トラフ巨大地震
131075100069,liquefaction,多摩東部直下地震,11.7136,5<PL≤15,hazard_liquefaction_250m_多摩東部直下地震,liquefaction mesh polygon intersection,13107,墨田区,Municipal,Unknown,有形文化財,歴史資料,point,石造「夜寉井銘」の碑,液状化,多摩東部直下地震,液状化｜多摩東部直下地震
131075100069,liquefaction,大正関東地震,10.316,5<PL≤15,hazard_liquefaction_250m_大正関東地震,liquefaction mesh polygon intersection,13107,墨田区,Municipal,Unknown,有形文化財,歴史資料,point,石造「夜寉井銘」の碑,液状化,大正関東地震,液状化｜大正関東地震
131075100069,liquefaction,都心南部直下地震,11.7936,5<PL≤15,hazard_liquefaction_250m_都心南部直下地震,liquefaction mesh polygon intersection,13107,墨田区,Municipal,Unknown,有形文化財,歴史資料,point,石造「夜寉井銘」の碑,液状化,都心南部直下地震,液状化｜都心南部直下地震
131075100070,liquefaction,南海トラフ巨大地震,6.6104,5<PL≤15,hazard_liquefaction_250m_南海トラフ巨大地震,liquefaction mesh polygon intersection,13107,墨田区,Municipal,Unknown,有形文化財,歴史資料,point,生月鯨太左衛門の墓 ※非公開,液状化,南海トラフ巨大地震,液状化｜南海トラフ巨大地震
131075100070,liquefaction,多摩東部直下地震,21.7212,PL>15,hazard_liquefaction_250m_多摩東部直下地震,liquefaction mesh polygon intersection,13107,墨田区,Municipal,Unknown,有形文化財,歴史資料,point,生月鯨太左衛門の墓 ※非公開,液状化,多摩東部直下地震,液状化｜多摩東部直下地震
131075100070,liquefaction,大正関東地震,19.196,PL>15,hazard_liquefaction_250m_大正関東地震,liquefaction mesh polygon intersection,13107,墨田区,Municipal,Unknown,有形文化財,歴史資料,point,生月鯨太左衛門の墓 ※非公開,液状化,大正関東地震,液状化｜大正関東地震
131075100070,liquefaction,都心南部直下地震,21.8984,PL>15,hazard_liquefaction_250m_都心南部直下地震,liquefaction mesh polygon intersection,13107,墨田区,Municipal,Unknown,有形文化財,歴史資料,point,生月鯨太左衛門の墓 ※非公開,液状化,都心南部直下地震,液状化｜都心南部直下地震
131075100071,liquefaction,南海トラフ巨大地震,2.4096,0<PL≤5,hazard_liquefaction_250m_南海トラフ巨大地震,liquefaction mesh polygon intersection,13107,墨田区,Municipal,Unknown,有形文化財,歴史資料,point,無縁法界塔,液状化,南海トラフ巨大地震,液状化｜南海トラフ巨大地震
131075100071,liquefaction,多摩東部直下地震,8.5352,5<PL≤15,hazard_liquefaction_250m_多摩東部直下地震,liquefaction mesh polygon intersection,13107,墨田区,Municipal,Unknown,有形文化財,歴史資料,point,無縁法界塔,液状化,多摩東部直下地震,液状化｜多摩東部直下地震
131075100071,liquefaction,大正関東地震,7.738,5<PL≤15,hazard_liquefaction_250m_大正関東地震,liquefaction mesh polygon intersection,13107,墨田区,Municipal,Unknown,有形文化財,歴史資料,point,無縁法界塔,液状化,大正関東地震,液状化｜大正関東地震
131075100071,liquefaction,都心南部直下地震,9.1048,5<PL≤15,hazard_liquefaction_250m_都心南部直下地震,liquefaction mesh polygon intersection,13107,墨田区,Municipal,Unknown,有形文化財,歴史資料,point,無縁法界塔,液状化,都心南部直下地震,液状化｜都心南部直下地震
131075100072,liquefaction,南海トラフ巨大地震,4.9992,0<PL≤5,hazard_liquefaction_250m_南海トラフ巨大地震,liquefaction mesh polygon intersection,13107,墨田区,Municipal,Unknown,有形文化財,歴史資料,point,板坂如春の碑(2基),液状化,南海トラフ巨大地震,液状化｜南海トラフ巨大地震
131075100072,liquefaction,多摩東部直下地震,20.1448,PL>15,hazard_liquefaction_250m_多摩東部直下地震,liquefaction mesh polygon intersection,13107,墨田区,Municipal,Unknown,有形文化財,歴史資料,point,板坂如春の碑(2基),液状化,多摩東部直下地震,液状化｜多摩東部直下地震
131075100072,liquefaction,大正関東地震,18.8228,PL>15,hazard_liquefaction_250m_大正関東地震,liquefaction mesh polygon intersection,13107,墨田区,Municipal,Unknown,有形文化財,歴史資料,point,板坂如春の碑(2基),液状化,大正関東地震,液状化｜大正関東地震
131075100072,liquefaction,都心南部直下地震,21.7792,PL>15,hazard_liquefaction_250m_都心南部直下地震,liquefaction mesh polygon intersection,13107,墨田区,Municipal,Unknown,有形文化財,歴史資料,point,板坂如春の碑(2基),液状化,都心南部直下地震,液状化｜都心南部直下地震
131075100073,liquefaction,南海トラフ巨大地震,3.7372,0<PL≤5,hazard_liquefaction_250m_南海トラフ巨大地震,liquefaction mesh polygon intersection,13107,墨田区,Municipal,Unknown,有形文化財,歴史資料,point,芥川家旧蔵雛人形,液状化,南海トラフ巨大地震,液状化｜南海トラフ巨大地震
131075100073,liquefaction,多摩東部直下地震,22.2544,PL>15,hazard_liquefaction_250m_多摩東部直下地震,liquefaction mesh polygon intersection,13107,墨田区,Municipal,Unknown,有形文化財,歴史資料,point,芥川家旧蔵雛人形,液状化,多摩東部直下地震,液状化｜多摩東部直下地震
131075100073,liquefaction,大正関東地震,18.6976,PL>15,hazard_liquefaction_250m_大正関東地震,liquefaction mesh polygon intersection,13107,墨田区,Municipal,Unknown,有形文化財,歴史資料,point,芥川家旧蔵雛人形,液状化,大正関東地震,液状化｜大正関東地震
131075100073,liquefaction,都心南部直下地震,22.5396,PL>15,hazard_liquefaction_250m_都心南部直下地震,liquefaction mesh polygon intersection,13107,墨田区,Municipal,Unknown,有形文化財,歴史資料,point,芥川家旧蔵雛人形,液状化,都心南部直下地震,液状化｜都心南部直下地震
131075100074,liquefaction,南海トラフ巨大地震,3.2296,0<PL≤5,hazard_liquefaction_250m_南海トラフ巨大地震,liquefaction mesh polygon intersection,13107,墨田区,Municipal,Unknown,有形文化財,歴史資料,point,「天下之糸平」の碑,液状化,南海トラフ巨大地震,液状化｜南海トラフ巨大地震
131075100074,liquefaction,多摩東部直下地震,7.1748,5<PL≤15,hazard_liquefaction_250m_多摩東部直下地震,liquefaction mesh polygon intersection,13107,墨田区,Municipal,Unknown,有形文化財,歴史資料,point,「天下之糸平」の碑,液状化,多摩東部直下地震,液状化｜多摩東部直下地震
131075100074,liquefaction,大正関東地震,6.6376,5<PL≤15,hazard_liquefaction_250m_大正関東地震,liquefaction mesh polygon intersection,13107,墨田区,Municipal,Unknown,有形文化財,歴史資料,point,「天下之糸平」の碑,液状化,大正関東地震,液状化｜大正関東地震
131075100074,liquefaction,都心南部直下地震,7.3332,5<PL≤15,hazard_liquefaction_250m_都心南部直下地震,liquefaction mesh polygon intersection,13107,墨田区,Municipal,Unknown,有形文化財,歴史資料,point,「天下之糸平」の碑,液状化,都心南部直下地震,液状化｜都心南部直下地震
131075100075,liquefaction,南海トラフ巨大地震,3.6064,0<PL≤5,hazard_liquefaction_250m_南海トラフ巨大地震,liquefaction mesh polygon intersection,13107,墨田区,Municipal,Unknown,有形文化財,歴史資料,point,大石三平墓,液状化,南海トラフ巨大地震,液状化｜南海トラフ巨大地震
131075100075,liquefaction,多摩東部直下地震,11.7136,5<PL≤15,hazard_liquefaction_250m_多摩東部直下地震,liquefaction mesh polygon intersection,13107,墨田区,Municipal,Unknown,有形文化財,歴史資料,point,大石三平墓,液状化,多摩東部直下地震,液状化｜多摩東部直下地震
131075100075,liquefaction,大正関東地震,10.316,5<PL≤15,hazard_liquefaction_250m_大正関東地震,liquefaction mesh polygon intersection,13107,墨田区,Municipal,Unknown,有形文化財,歴史資料,point,大石三平墓,液状化,大正関東地震,液状化｜大正関東地震
131075100075,liquefaction,都心南部直下地震,11.7936,5<PL≤15,hazard_liquefaction_250m_都心南部直下地震,liquefaction mesh polygon intersection,13107,墨田区,Municipal,Unknown,有形文化財,歴史資料,point,大石三平墓,液状化,都心南部直下地震,液状化｜都心南部直下地震
131075100076,liquefaction,南海トラフ巨大地震,0.5548,0<PL≤5,hazard_liquefaction_250m_南海トラフ巨大地震,liquefaction mesh polygon intersection,13107,墨田区,Municipal,Unknown,有形文化財,歴史資料,point,江島杉山神社の銅製釣燈籠,液状化,南海トラフ巨大地震,液状化｜南海トラフ巨大地震
131075100076,liquefaction,多摩東部直下地震,3.4484,0<PL≤5,hazard_liquefaction_250m_多摩東部直下地震,liquefaction mesh polygon intersection,13107,墨田区,Municipal,Unknown,有形文化財,歴史資料,point,江島杉山神社の銅製釣燈籠,液状化,多摩東部直下地震,液状化｜多摩東部直下地震
131075100076,liquefaction,大正関東地震,3.0864,0<PL≤5,hazard_liquefaction_250m_大正関東地震,liquefaction mesh polygon intersection,13107,墨田区,Municipal,Unknown,有形文化財,歴史資料,point,江島杉山神社の銅製釣燈籠,液状化,大正関東地震,液状化｜大正関東地震
131075100076,liquefaction,都心南部直下地震,3.7588,0<PL≤5,hazard_liquefaction_250m_都心南部直下地震,liquefaction mesh polygon intersection,13107,墨田区,Municipal,Unknown,有形文化財,歴史資料,point,江島杉山神社の銅製釣燈籠,液状化,都心南部直下地震,液状化｜都心南部直下地震
131075100077,liquefaction,南海トラフ巨大地震,2.7656,0<PL≤5,hazard_liquefaction_250m_南海トラフ巨大地震,liquefaction mesh polygon intersection,13107,墨田区,Municipal,Unknown,有形文化財,歴史資料,point,佐羽淡斎「墨多三絶」の漢詩碑,液状化,南海トラフ巨大地震,液状化｜南海トラフ巨大地震
131075100077,liquefaction,多摩東部直下地震,8.2464,5<PL≤15,hazard_liquefaction_250m_多摩東部直下地震,liquefaction mesh polygon intersection,13107,墨田区,Municipal,Unknown,有形文化財,歴史資料,point,佐羽淡斎「墨多三絶」の漢詩碑,液状化,多摩東部直下地震,液状化｜多摩東部直下地震
131075100077,liquefaction,大正関東地震,7.256,5<PL≤15,hazard_liquefaction_250m_大正関東地震,liquefaction mesh polygon intersection,13107,墨田区,Municipal,Unknown,有形文化財,歴史資料,point,佐羽淡斎「墨多三絶」の漢詩碑,液状化,大正関東地震,液状化｜大正関東地震
131075100077,liquefaction,都心南部直下地震,8.8292,5<PL≤15,hazard_liquefaction_250m_都心南部直下地震,liquefaction mesh polygon intersection,13107,墨田区,Municipal,Unknown,有形文化財,歴史資料,point,佐羽淡斎「墨多三絶」の漢詩碑,液状化,都心南部直下地震,液状化｜都心南部直下地震
131075100078,liquefaction,南海トラフ巨大地震,3.2296,0<PL≤5,hazard_liquefaction_250m_南海トラフ巨大地震,liquefaction mesh polygon intersection,13107,墨田区,Municipal,Unknown,有形文化財,歴史資料,point,亀田鵬斎「題隅田堤櫻花」の漢詩碑,液状化,南海トラフ巨大地震,液状化｜南海トラフ巨大地震
131075100078,liquefaction,多摩東部直下地震,7.1748,5<PL≤15,hazard_liquefaction_250m_多摩東部直下地震,liquefaction mesh polygon intersection,13107,墨田区,Municipal,Unknown,有形文化財,歴史資料,point,亀田鵬斎「題隅田堤櫻花」の漢詩碑,液状化,多摩東部直下地震,液状化｜多摩東部直下地震
131075100078,liquefaction,大正関東地震,6.6376,5<PL≤15,hazard_liquefaction_250m_大正関東地震,liquefaction mesh polygon intersection,13107,墨田区,Municipal,Unknown,有形文化財,歴史資料,point,亀田鵬斎「題隅田堤櫻花」の漢詩碑,液状化,大正関東地震,液状化｜大正関東地震
131075100078,liquefaction,都心南部直下地震,7.3332,5<PL≤15,hazard_liquefaction_250m_都心南部直下地震,liquefaction mesh polygon intersection,13107,墨田区,Municipal,Unknown,有形文化財,歴史資料,point,亀田鵬斎「題隅田堤櫻花」の漢詩碑,液状化,都心南部直下地震,液状化｜都心南部直下地震
131075100079,liquefaction,南海トラフ巨大地震,2.452,0<PL≤5,hazard_liquefaction_250m_南海トラフ巨大地震,liquefaction mesh polygon intersection,13107,墨田区,Municipal,Unknown,有形文化財,歴史資料,point,「吾嬬森碑」,液状化,南海トラフ巨大地震,液状化｜南海トラフ巨大地震
131075100079,liquefaction,多摩東部直下地震,8.5948,5<PL≤15,hazard_liquefaction_250m_多摩東部直下地震,liquefaction mesh polygon intersection,13107,墨田区,Municipal,Unknown,有形文化財,歴史資料,point,「吾嬬森碑」,液状化,多摩東部直下地震,液状化｜多摩東部直下地震
131075100079,liquefaction,大正関東地震,7.9876,5<PL≤15,hazard_liquefaction_250m_大正関東地震,liquefaction mesh polygon intersection,13107,墨田区,Municipal,Unknown,有形文化財,歴史資料,point,「吾嬬森碑」,液状化,大正関東地震,液状化｜大正関東地震
131075100079,liquefaction,都心南部直下地震,9.2436,5<PL≤15,hazard_liquefaction_250m_都心南部直下地震,liquefaction mesh polygon intersection,13107,墨田区,Municipal,Unknown,有形文化財,歴史資料,point,「吾嬬森碑」,液状化,都心南部直下地震,液状化｜都心南部直下地震
131075100080,liquefaction,南海トラフ巨大地震,3.4644,0<PL≤5,hazard_liquefaction_250m_南海トラフ巨大地震,liquefaction mesh polygon intersection,13107,墨田区,Municipal,Unknown,有形文化財,歴史資料,point,近松門左衛門供養碑(断片) ※非公開,液状化,南海トラフ巨大地震,液状化｜南海トラフ巨大地震
131075100080,liquefaction,多摩東部直下地震,10.1376,5<PL≤15,hazard_liquefaction_250m_多摩東部直下地震,liquefaction mesh polygon intersection,13107,墨田区,Municipal,Unknown,有形文化財,歴史資料,point,近松門左衛門供養碑(断片) ※非公開,液状化,多摩東部直下地震,液状化｜多摩東部直下地震
131075100080,liquefaction,大正関東地震,9.4344,5<PL≤15,hazard_liquefaction_250m_大正関東地震,liquefaction mesh polygon intersection,13107,墨田区,Municipal,Unknown,有形文化財,歴史資料,point,近松門左衛門供養碑(断片) ※非公開,液状化,大正関東地震,液状化｜大正関東地震
131075100080,liquefaction,都心南部直下地震,10.4504,5<PL≤15,hazard_liquefaction_250m_都心南部直下地震,liquefaction mesh polygon intersection,13107,墨田区,Municipal,Unknown,有形文化財,歴史資料,point,近松門左衛門供養碑(断片) ※非公開,液状化,都心南部直下地震,液状化｜都心南部直下地震
131075100081,liquefaction,南海トラフ巨大地震,5.266,5<PL≤15,hazard_liquefaction_250m_南海トラフ巨大地震,liquefaction mesh polygon intersection,13107,墨田区,Municipal,Unknown,有形文化財,歴史資料,point,「一勇斎歌川先生墓表」(歌川国芳顕彰碑),液状化,南海トラフ巨大地震,液状化｜南海トラフ巨大地震
131075100081,liquefaction,多摩東部直下地震,17.8624,PL>15,hazard_liquefaction_250m_多摩東部直下地震,liquefaction mesh polygon intersection,13107,墨田区,Municipal,Unknown,有形文化財,歴史資料,point,「一勇斎歌川先生墓表」(歌川国芳顕彰碑),液状化,多摩東部直下地震,液状化｜多摩東部直下地震
131075100081,liquefaction,大正関東地震,15.9008,PL>15,hazard_liquefaction_250m_大正関東地震,liquefaction mesh polygon intersection,13107,墨田区,Municipal,Unknown,有形文化財,歴史資料,point,「一勇斎歌川先生墓表」(歌川国芳顕彰碑),液状化,大正関東地震,液状化｜大正関東地震
131075100081,liquefaction,都心南部直下地震,18.1572,PL>15,hazard_liquefaction_250m_都心南部直下地震,liquefaction mesh polygon intersection,13107,墨田区,Municipal,Unknown,有形文化財,歴史資料,point,「一勇斎歌川先生墓表」(歌川国芳顕彰碑),液状化,都心南部直下地震,液状化｜都心南部直下地震
131075100082,liquefaction,南海トラフ巨大地震,2.9948,0<PL≤5,hazard_liquefaction_250m_南海トラフ巨大地震,liquefaction mesh polygon intersection,13107,墨田区,Municipal,Unknown,有形文化財,歴史資料,point,「勝川春英翁略傳」の碑,液状化,南海トラフ巨大地震,液状化｜南海トラフ巨大地震
131075100082,liquefaction,多摩東部直下地震,9.3048,5<PL≤15,hazard_liquefaction_250m_多摩東部直下地震,liquefaction mesh polygon intersection,13107,墨田区,Municipal,Unknown,有形文化財,歴史資料,point,「勝川春英翁略傳」の碑,液状化,多摩東部直下地震,液状化｜多摩東部直下地震
131075100082,liquefaction,大正関東地震,8.278,5<PL≤15,hazard_liquefaction_250m_大正関東地震,liquefaction mesh polygon intersection,13107,墨田区,Municipal,Unknown,有形文化財,歴史資料,point,「勝川春英翁略傳」の碑,液状化,大正関東地震,液状化｜大正関東地震
131075100082,liquefaction,都心南部直下地震,9.514,5<PL≤15,hazard_liquefaction_250m_都心南部直下地震,liquefaction mesh polygon intersection,13107,墨田区,Municipal,Unknown,有形文化財,歴史資料,point,「勝川春英翁略傳」の碑,液状化,都心南部直下地震,液状化｜都心南部直下地震
131075100083,liquefaction,南海トラフ巨大地震,3.4644,0<PL≤5,hazard_liquefaction_250m_南海トラフ巨大地震,liquefaction mesh polygon intersection,13107,墨田区,Municipal,Unknown,有形文化財,歴史資料,point,初代歌川豊国筆塚(断片),液状化,南海トラフ巨大地震,液状化｜南海トラフ巨大地震
131075100083,liquefaction,多摩東部直下地震,10.1376,5<PL≤15,hazard_liquefaction_250m_多摩東部直下地震,liquefaction mesh polygon intersection,13107,墨田区,Municipal,Unknown,有形文化財,歴史資料,point,初代歌川豊国筆塚(断片),液状化,多摩東部直下地震,液状化｜多摩東部直下地震
131075100083,liquefaction,大正関東地震,9.4344,5<PL≤15,hazard_liquefaction_250m_大正関東地震,liquefaction mesh polygon intersection,13107,墨田区,Municipal,Unknown,有形文化財,歴史資料,point,初代歌川豊国筆塚(断片),液状化,大正関東地震,液状化｜大正関東地震
131075100083,liquefaction,都心南部直下地震,10.4504,5<PL≤15,hazard_liquefaction_250m_都心南部直下地震,liquefaction mesh polygon intersection,13107,墨田区,Municipal,Unknown,有形文化財,歴史資料,point,初代歌川豊国筆塚(断片),液状化,都心南部直下地震,液状化｜都心南部直下地震
131075100084,liquefaction,南海トラフ巨大地震,2.7656,0<PL≤5,hazard_liquefaction_250m_南海トラフ巨大地震,liquefaction mesh polygon intersection,13107,墨田区,Municipal,Unknown,有形文化財,歴史資料,point,窪俊満「故郷の」の歌碑,液状化,南海トラフ巨大地震,液状化｜南海トラフ巨大地震
131075100084,liquefaction,多摩東部直下地震,8.2464,5<PL≤15,hazard_liquefaction_250m_多摩東部直下地震,liquefaction mesh polygon intersection,13107,墨田区,Municipal,Unknown,有形文化財,歴史資料,point,窪俊満「故郷の」の歌碑,液状化,多摩東部直下地震,液状化｜多摩東部直下地震
131075100084,liquefaction,大正関東地震,7.256,5<PL≤15,hazard_liquefaction_250m_大正関東地震,liquefaction mesh polygon intersection,13107,墨田区,Municipal,Unknown,有形文化財,歴史資料,point,窪俊満「故郷の」の歌碑,液状化,大正関東地震,液状化｜大正関東地震
131075100084,liquefaction,都心南部直下地震,8.8292,5<PL≤15,hazard_liquefaction_250m_都心南部直下地震,liquefaction mesh polygon intersection,13107,墨田区,Municipal,Unknown,有形文化財,歴史資料,point,窪俊満「故郷の」の歌碑,液状化,都心南部直下地震,液状化｜都心南部直下地震
131075100085,liquefaction,南海トラフ巨大地震,3.7372,0<PL≤5,hazard_liquefaction_250m_南海トラフ巨大地震,liquefaction mesh polygon intersection,13107,墨田区,Municipal,Unknown,有形文化財,歴史資料,point,鈴木家旧蔵雛人形,液状化,南海トラフ巨大地震,液状化｜南海トラフ巨大地震
131075100085,liquefaction,多摩東部直下地震,22.2544,PL>15,hazard_liquefaction_250m_多摩東部直下地震,liquefaction mesh polygon intersection,13107,墨田区,Municipal,Unknown,有形文化財,歴史資料,point,鈴木家旧蔵雛人形,液状化,多摩東部直下地震,液状化｜多摩東部直下地震
131075100085,liquefaction,大正関東地震,18.6976,PL>15,hazard_liquefaction_250m_大正関東地震,liquefaction mesh polygon intersection,13107,墨田区,Municipal,Unknown,有形文化財,歴史資料,point,鈴木家旧蔵雛人形,液状化,大正関東地震,液状化｜大正関東地震
131075100085,liquefaction,都心南部直下地震,22.5396,PL>15,hazard_liquefaction_250m_都心南部直下地震,liquefaction mesh polygon intersection,13107,墨田区,Municipal,Unknown,有形文化財,歴史資料,point,鈴木家旧蔵雛人形,液状化,都心南部直下地震,液状化｜都心南部直下地震
131075100086,liquefaction,南海トラフ巨大地震,4.7624,0<PL≤5,hazard_liquefaction_250m_南海トラフ巨大地震,liquefaction mesh polygon intersection,13107,墨田区,Municipal,Unknown,有形文化財,歴史資料,point,太田氏七代供養塔,液状化,南海トラフ巨大地震,液状化｜南海トラフ巨大地震
131075100086,liquefaction,多摩東部直下地震,11.6396,5<PL≤15,hazard_liquefaction_250m_多摩東部直下地震,liquefaction mesh polygon intersection,13107,墨田区,Municipal,Unknown,有形文化財,歴史資料,point,太田氏七代供養塔,液状化,多摩東部直下地震,液状化｜多摩東部直下地震
131075100086,liquefaction,大正関東地震,10.9392,5<PL≤15,hazard_liquefaction_250m_大正関東地震,liquefaction mesh polygon intersection,13107,墨田区,Municipal,Unknown,有形文化財,歴史資料,point,太田氏七代供養塔,液状化,大正関東地震,液状化｜大正関東地震
131075100086,liquefaction,都心南部直下地震,11.9936,5<PL≤15,hazard_liquefaction_250m_都心南部直下地震,liquefaction mesh polygon intersection,13107,墨田区,Municipal,Unknown,有形文化財,歴史資料,point,太田氏七代供養塔,液状化,都心南部直下地震,液状化｜都心南部直下地震
131075100087,liquefaction,南海トラフ巨大地震,4.7624,0<PL≤5,hazard_liquefaction_250m_南海トラフ巨大地震,liquefaction mesh polygon intersection,13107,墨田区,Municipal,Unknown,有形文化財,歴史資料,point,旗本太田資同墓碑,液状化,南海トラフ巨大地震,液状化｜南海トラフ巨大地震
131075100087,liquefaction,多摩東部直下地震,11.6396,5<PL≤15,hazard_liquefaction_250m_多摩東部直下地震,liquefaction mesh polygon intersection,13107,墨田区,Municipal,Unknown,有形文化財,歴史資料,point,旗本太田資同墓碑,液状化,多摩東部直下地震,液状化｜多摩東部直下地震
131075100087,liquefaction,大正関東地震,10.9392,5<PL≤15,hazard_liquefaction_250m_大正関東地震,liquefaction mesh polygon intersection,13107,墨田区,Municipal,Unknown,有形文化財,歴史資料,point,旗本太田資同墓碑,液状化,大正関東地震,液状化｜大正関東地震
131075100087,liquefaction,都心南部直下地震,11.9936,5<PL≤15,hazard_liquefaction_250m_都心南部直下地震,liquefaction mesh polygon intersection,13107,墨田区,Municipal,Unknown,有形文化財,歴史資料,point,旗本太田資同墓碑,液状化,都心南部直下地震,液状化｜都心南部直下地震
131075100088,liquefaction,南海トラフ巨大地震,6.1868,5<PL≤15,hazard_liquefaction_250m_南海トラフ巨大地震,liquefaction mesh polygon intersection,13107,墨田区,Municipal,Unknown,有形文化財,歴史資料,point,隅田川神社資料,液状化,南海トラフ巨大地震,液状化｜南海トラフ巨大地震
131075100088,liquefaction,多摩東部直下地震,13.3112,5<PL≤15,hazard_liquefaction_250m_多摩東部直下地震,liquefaction mesh polygon intersection,13107,墨田区,Municipal,Unknown,有形文化財,歴史資料,point,隅田川神社資料,液状化,多摩東部直下地震,液状化｜多摩東部直下地震
131075100088,liquefaction,大正関東地震,12.4692,5<PL≤15,hazard_liquefaction_250m_大正関東地震,liquefaction mesh polygon intersection,13107,墨田区,Municipal,Unknown,有形文化財,歴史資料,point,隅田川神社資料,液状化,大正関東地震,液状化｜大正関東地震
131075100088,liquefaction,都心南部直下地震,13.582,5<PL≤15,hazard_liquefaction_250m_都心南部直下地震,liquefaction mesh polygon intersection,13107,墨田区,Municipal,Unknown,有形文化財,歴史資料,point,隅田川神社資料,液状化,都心南部直下地震,液状化｜都心南部直下地震
131075100089,liquefaction,南海トラフ巨大地震,6.1868,5<PL≤15,hazard_liquefaction_250m_南海トラフ巨大地震,liquefaction mesh polygon intersection,13107,墨田区,Municipal,Unknown,有形文化財,歴史資料,point,矢掛弓雄関係石碑群,液状化,南海トラフ巨大地震,液状化｜南海トラフ巨大地震
131075100089,liquefaction,多摩東部直下地震,13.3112,5<PL≤15,hazard_liquefaction_250m_多摩東部直下地震,liquefaction mesh polygon intersection,13107,墨田区,Municipal,Unknown,有形文化財,歴史資料,point,矢掛弓雄関係石碑群,液状化,多摩東部直下地震,液状化｜多摩東部直下地震
131075100089,liquefaction,大正関東地震,12.4692,5<PL≤15,hazard_liquefaction_250m_大正関東地震,liquefaction mesh polygon intersection,13107,墨田区,Municipal,Unknown,有形文化財,歴史資料,point,矢掛弓雄関係石碑群,液状化,大正関東地震,液状化｜大正関東地震
131075100089,liquefaction,都心南部直下地震,13.582,5<PL≤15,hazard_liquefaction_250m_都心南部直下地震,liquefaction mesh polygon intersection,13107,墨田区,Municipal,Unknown,有形文化財,歴史資料,point,矢掛弓雄関係石碑群,液状化,都心南部直下地震,液状化｜都心南部直下地震
131075100090,liquefaction,南海トラフ巨大地震,6.1868,5<PL≤15,hazard_liquefaction_250m_南海トラフ巨大地震,liquefaction mesh polygon intersection,13107,墨田区,Municipal,Unknown,有形文化財,歴史資料,point,木阿弥(元杢網)「けふよりも」の歌碑,液状化,南海トラフ巨大地震,液状化｜南海トラフ巨大地震
131075100090,liquefaction,多摩東部直下地震,13.3112,5<PL≤15,hazard_liquefaction_250m_多摩東部直下地震,liquefaction mesh polygon intersection,13107,墨田区,Municipal,Unknown,有形文化財,歴史資料,point,木阿弥(元杢網)「けふよりも」の歌碑,液状化,多摩東部直下地震,液状化｜多摩東部直下地震
131075100090,liquefaction,大正関東地震,12.4692,5<PL≤15,hazard_liquefaction_250m_大正関東地震,liquefaction mesh polygon intersection,13107,墨田区,Municipal,Unknown,有形文化財,歴史資料,point,木阿弥(元杢網)「けふよりも」の歌碑,液状化,大正関東地震,液状化｜大正関東地震
131075100090,liquefaction,都心南部直下地震,13.582,5<PL≤15,hazard_liquefaction_250m_都心南部直下地震,liquefaction mesh polygon intersection,13107,墨田区,Municipal,Unknown,有形文化財,歴史資料,point,木阿弥(元杢網)「けふよりも」の歌碑,液状化,都心南部直下地震,液状化｜都心南部直下地震
131075100091,liquefaction,南海トラフ巨大地震,2.4096,0<PL≤5,hazard_liquefaction_250m_南海トラフ巨大地震,liquefaction mesh polygon intersection,13107,墨田区,Municipal,Unknown,有形文化財,歴史資料,point,義士墓(那珂湊戦争関連資料),液状化,南海トラフ巨大地震,液状化｜南海トラフ巨大地震
131075100091,liquefaction,多摩東部直下地震,8.5352,5<PL≤15,hazard_liquefaction_250m_多摩東部直下地震,liquefaction mesh polygon intersection,13107,墨田区,Municipal,Unknown,有形文化財,歴史資料,point,義士墓(那珂湊戦争関連資料),液状化,多摩東部直下地震,液状化｜多摩東部直下地震
131075100091,liquefaction,大正関東地震,7.738,5<PL≤15,hazard_liquefaction_250m_大正関東地震,liquefaction mesh polygon intersection,13107,墨田区,Municipal,Unknown,有形文化財,歴史資料,point,義士墓(那珂湊戦争関連資料),液状化,大正関東地震,液状化｜大正関東地震
131075100091,liquefaction,都心南部直下地震,9.1048,5<PL≤15,hazard_liquefaction_250m_都心南部直下地震,liquefaction mesh polygon intersection,13107,墨田区,Municipal,Unknown,有形文化財,歴史資料,point,義士墓(那珂湊戦争関連資料),液状化,都心南部直下地震,液状化｜都心南部直下地震
131075100092,liquefaction,南海トラフ巨大地震,2.4096,0<PL≤5,hazard_liquefaction_250m_南海トラフ巨大地震,liquefaction mesh polygon intersection,13107,墨田区,Municipal,Unknown,有形文化財,歴史資料,point,回向院の石造歴史災害供養塔群,液状化,南海トラフ巨大地震,液状化｜南海トラフ巨大地震
131075100092,liquefaction,多摩東部直下地震,8.5352,5<PL≤15,hazard_liquefaction_250m_多摩東部直下地震,liquefaction mesh polygon intersection,13107,墨田区,Municipal,Unknown,有形文化財,歴史資料,point,回向院の石造歴史災害供養塔群,液状化,多摩東部直下地震,液状化｜多摩東部直下地震
131075100092,liquefaction,大正関東地震,7.738,5<PL≤15,hazard_liquefaction_250m_大正関東地震,liquefaction mesh polygon intersection,13107,墨田区,Municipal,Unknown,有形文化財,歴史資料,point,回向院の石造歴史災害供養塔群,液状化,大正関東地震,液状化｜大正関東地震
131075100092,liquefaction,都心南部直下地震,9.1048,5<PL≤15,hazard_liquefaction_250m_都心南部直下地震,liquefaction mesh polygon intersection,13107,墨田区,Municipal,Unknown,有形文化財,歴史資料,point,回向院の石造歴史災害供養塔群,液状化,都心南部直下地震,液状化｜都心南部直下地震
131075100095,liquefaction,南海トラフ巨大地震,3.7372,0<PL≤5,hazard_liquefaction_250m_南海トラフ巨大地震,liquefaction mesh polygon intersection,13107,墨田区,Municipal,Unknown,民俗文化財,有形民俗文化財,point,牛嶋神社の石造狛犬 享保十四年銘 一対 文政十年銘 一対,液状化,南海トラフ巨大地震,液状化｜南海トラフ巨大地震
131075100095,liquefaction,多摩東部直下地震,22.2544,PL>15,hazard_liquefaction_250m_多摩東部直下地震,liquefaction mesh polygon intersection,13107,墨田区,Municipal,Unknown,民俗文化財,有形民俗文化財,point,牛嶋神社の石造狛犬 享保十四年銘 一対 文政十年銘 一対,液状化,多摩東部直下地震,液状化｜多摩東部直下地震
131075100095,liquefaction,大正関東地震,18.6976,PL>15,hazard_liquefaction_250m_大正関東地震,liquefaction mesh polygon intersection,13107,墨田区,Municipal,Unknown,民俗文化財,有形民俗文化財,point,牛嶋神社の石造狛犬 享保十四年銘 一対 文政十年銘 一対,液状化,大正関東地震,液状化｜大正関東地震
131075100095,liquefaction,都心南部直下地震,22.5396,PL>15,hazard_liquefaction_250m_都心南部直下地震,liquefaction mesh polygon intersection,13107,墨田区,Municipal,Unknown,民俗文化財,有形民俗文化財,point,牛嶋神社の石造狛犬 享保十四年銘 一対 文政十年銘 一対,液状化,都心南部直下地震,液状化｜都心南部直下地震
131075100096,liquefaction,南海トラフ巨大地震,5.266,5<PL≤15,hazard_liquefaction_250m_南海トラフ巨大地震,liquefaction mesh polygon intersection,13107,墨田区,Municipal,Unknown,民俗文化財,有形民俗文化財,point,三囲神社の石造狛犬,液状化,南海トラフ巨大地震,液状化｜南海トラフ巨大地震
131075100096,liquefaction,多摩東部直下地震,17.8624,PL>15,hazard_liquefaction_250m_多摩東部直下地震,liquefaction mesh polygon intersection,13107,墨田区,Municipal,Unknown,民俗文化財,有形民俗文化財,point,三囲神社の石造狛犬,液状化,多摩東部直下地震,液状化｜多摩東部直下地震
131075100096,liquefaction,大正関東地震,15.9008,PL>15,hazard_liquefaction_250m_大正関東地震,liquefaction mesh polygon intersection,13107,墨田区,Municipal,Unknown,民俗文化財,有形民俗文化財,point,三囲神社の石造狛犬,液状化,大正関東地震,液状化｜大正関東地震
131075100096,liquefaction,都心南部直下地震,18.1572,PL>15,hazard_liquefaction_250m_都心南部直下地震,liquefaction mesh polygon intersection,13107,墨田区,Municipal,Unknown,民俗文化財,有形民俗文化財,point,三囲神社の石造狛犬,液状化,都心南部直下地震,液状化｜都心南部直下地震
131075100097,liquefaction,南海トラフ巨大地震,1.914,0<PL≤5,hazard_liquefaction_250m_南海トラフ巨大地震,liquefaction mesh polygon intersection,13107,墨田区,Municipal,Unknown,民俗文化財,有形民俗文化財,point,如意輪寺の六面六地蔵石幢,液状化,南海トラフ巨大地震,液状化｜南海トラフ巨大地震
131075100097,liquefaction,多摩東部直下地震,16.758,PL>15,hazard_liquefaction_250m_多摩東部直下地震,liquefaction mesh polygon intersection,13107,墨田区,Municipal,Unknown,民俗文化財,有形民俗文化財,point,如意輪寺の六面六地蔵石幢,液状化,多摩東部直下地震,液状化｜多摩東部直下地震
131075100097,liquefaction,大正関東地震,14.3544,5<PL≤15,hazard_liquefaction_250m_大正関東地震,liquefaction mesh polygon intersection,13107,墨田区,Municipal,Unknown,民俗文化財,有形民俗文化財,point,如意輪寺の六面六地蔵石幢,液状化,大正関東地震,液状化｜大正関東地震
131075100097,liquefaction,都心南部直下地震,16.7228,PL>15,hazard_liquefaction_250m_都心南部直下地震,liquefaction mesh polygon intersection,13107,墨田区,Municipal,Unknown,民俗文化財,有形民俗文化財,point,如意輪寺の六面六地蔵石幢,液状化,都心南部直下地震,液状化｜都心南部直下地震
131075100098,liquefaction,南海トラフ巨大地震,0.9428,0<PL≤5,hazard_liquefaction_250m_南海トラフ巨大地震,liquefaction mesh polygon intersection,13107,墨田区,Municipal,Unknown,民俗文化財,有形民俗文化財,point,正福寺の石造阿弥陀如来立像,液状化,南海トラフ巨大地震,液状化｜南海トラフ巨大地震
131075100098,liquefaction,多摩東部直下地震,6.7352,5<PL≤15,hazard_liquefaction_250m_多摩東部直下地震,liquefaction mesh polygon intersection,13107,墨田区,Municipal,Unknown,民俗文化財,有形民俗文化財,point,正福寺の石造阿弥陀如来立像,液状化,多摩東部直下地震,液状化｜多摩東部直下地震
131075100098,liquefaction,大正関東地震,5.9192,5<PL≤15,hazard_liquefaction_250m_大正関東地震,liquefaction mesh polygon intersection,13107,墨田区,Municipal,Unknown,民俗文化財,有形民俗文化財,point,正福寺の石造阿弥陀如来立像,液状化,大正関東地震,液状化｜大正関東地震
131075100098,liquefaction,都心南部直下地震,6.918,5<PL≤15,hazard_liquefaction_250m_都心南部直下地震,liquefaction mesh polygon intersection,13107,墨田区,Municipal,Unknown,民俗文化財,有形民俗文化財,point,正福寺の石造阿弥陀如来立像,液状化,都心南部直下地震,液状化｜都心南部直下地震
131075100099,liquefaction,南海トラフ巨大地震,5.3072,5<PL≤15,hazard_liquefaction_250m_南海トラフ巨大地震,liquefaction mesh polygon intersection,13107,墨田区,Municipal,Unknown,民俗文化財,有形民俗文化財,point,多聞寺の石造庚申塔(阿弥陀如来),液状化,南海トラフ巨大地震,液状化｜南海トラフ巨大地震
131075100099,liquefaction,多摩東部直下地震,17.6548,PL>15,hazard_liquefaction_250m_多摩東部直下地震,liquefaction mesh polygon intersection,13107,墨田区,Municipal,Unknown,民俗文化財,有形民俗文化財,point,多聞寺の石造庚申塔(阿弥陀如来),液状化,多摩東部直下地震,液状化｜多摩東部直下地震
131075100099,liquefaction,大正関東地震,15.966,PL>15,hazard_liquefaction_250m_大正関東地震,liquefaction mesh polygon intersection,13107,墨田区,Municipal,Unknown,民俗文化財,有形民俗文化財,point,多聞寺の石造庚申塔(阿弥陀如来),液状化,大正関東地震,液状化｜大正関東地震
131075100099,liquefaction,都心南部直下地震,17.9636,PL>15,hazard_liquefaction_250m_都心南部直下地震,liquefaction mesh polygon intersection,13107,墨田区,Municipal,Unknown,民俗文化財,有形民俗文化財,point,多聞寺の石造庚申塔(阿弥陀如来),液状化,都心南部直下地震,液状化｜都心南部直下地震
131075100100,liquefaction,南海トラフ巨大地震,5.7296,5<PL≤15,hazard_liquefaction_250m_南海トラフ巨大地震,liquefaction mesh polygon intersection,13107,墨田区,Municipal,Unknown,民俗文化財,有形民俗文化財,point,圓徳寺の石造庚申塔(釈迦如来),液状化,南海トラフ巨大地震,液状化｜南海トラフ巨大地震
131075100100,liquefaction,多摩東部直下地震,13.8756,5<PL≤15,hazard_liquefaction_250m_多摩東部直下地震,liquefaction mesh polygon intersection,13107,墨田区,Municipal,Unknown,民俗文化財,有形民俗文化財,point,圓徳寺の石造庚申塔(釈迦如来),液状化,多摩東部直下地震,液状化｜多摩東部直下地震
131075100100,liquefaction,大正関東地震,12.9436,5<PL≤15,hazard_liquefaction_250m_大正関東地震,liquefaction mesh polygon intersection,13107,墨田区,Municipal,Unknown,民俗文化財,有形民俗文化財,point,圓徳寺の石造庚申塔(釈迦如来),液状化,大正関東地震,液状化｜大正関東地震
131075100100,liquefaction,都心南部直下地震,14.1336,5<PL≤15,hazard_liquefaction_250m_都心南部直下地震,liquefaction mesh polygon intersection,13107,墨田区,Municipal,Unknown,民俗文化財,有形民俗文化財,point,圓徳寺の石造庚申塔(釈迦如来),液状化,都心南部直下地震,液状化｜都心南部直下地震
131075100101,liquefaction,南海トラフ巨大地震,2.452,0<PL≤5,hazard_liquefaction_250m_南海トラフ巨大地震,liquefaction mesh polygon intersection,13107,墨田区,Municipal,Unknown,民俗文化財,有形民俗文化財,point,吾嬬神社の石造狛犬,液状化,南海トラフ巨大地震,液状化｜南海トラフ巨大地震
131075100101,liquefaction,多摩東部直下地震,8.5948,5<PL≤15,hazard_liquefaction_250m_多摩東部直下地震,liquefaction mesh polygon intersection,13107,墨田区,Municipal,Unknown,民俗文化財,有形民俗文化財,point,吾嬬神社の石造狛犬,液状化,多摩東部直下地震,液状化｜多摩東部直下地震
131075100101,liquefaction,大正関東地震,7.9876,5<PL≤15,hazard_liquefaction_250m_大正関東地震,liquefaction mesh polygon intersection,13107,墨田区,Municipal,Unknown,民俗文化財,有形民俗文化財,point,吾嬬神社の石造狛犬,液状化,大正関東地震,液状化｜大正関東地震
131075100101,liquefaction,都心南部直下地震,9.2436,5<PL≤15,hazard_liquefaction_250m_都心南部直下地震,liquefaction mesh polygon intersection,13107,墨田区,Municipal,Unknown,民俗文化財,有形民俗文化財,point,吾嬬神社の石造狛犬,液状化,都心南部直下地震,液状化｜都心南部直下地震
131075100103,liquefaction,南海トラフ巨大地震,1.0572,0<PL≤5,hazard_liquefaction_250m_南海トラフ巨大地震,liquefaction mesh polygon intersection,13107,墨田区,Municipal,Unknown,民俗文化財,有形民俗文化財,point,萬福寺の石造庚申塔 (青面金剛童子),液状化,南海トラフ巨大地震,液状化｜南海トラフ巨大地震
131075100103,liquefaction,多摩東部直下地震,4.8172,0<PL≤5,hazard_liquefaction_250m_多摩東部直下地震,liquefaction mesh polygon intersection,13107,墨田区,Municipal,Unknown,民俗文化財,有形民俗文化財,point,萬福寺の石造庚申塔 (青面金剛童子),液状化,多摩東部直下地震,液状化｜多摩東部直下地震
131075100103,liquefaction,大正関東地震,4.2052,0<PL≤5,hazard_liquefaction_250m_大正関東地震,liquefaction mesh polygon intersection,13107,墨田区,Municipal,Unknown,民俗文化財,有形民俗文化財,point,萬福寺の石造庚申塔 (青面金剛童子),液状化,大正関東地震,液状化｜大正関東地震
131075100103,liquefaction,都心南部直下地震,5.3532,5<PL≤15,hazard_liquefaction_250m_都心南部直下地震,liquefaction mesh polygon intersection,13107,墨田区,Municipal,Unknown,民俗文化財,有形民俗文化財,point,萬福寺の石造庚申塔 (青面金剛童子),液状化,都心南部直下地震,液状化｜都心南部直下地震
131075100104,liquefaction,南海トラフ巨大地震,2.7656,0<PL≤5,hazard_liquefaction_250m_南海トラフ巨大地震,liquefaction mesh polygon intersection,13107,墨田区,Municipal,Unknown,民俗文化財,有形民俗文化財,point,白鬚神社の石造狛犬,液状化,南海トラフ巨大地震,液状化｜南海トラフ巨大地震
131075100104,liquefaction,多摩東部直下地震,8.2464,5<PL≤15,hazard_liquefaction_250m_多摩東部直下地震,liquefaction mesh polygon intersection,13107,墨田区,Municipal,Unknown,民俗文化財,有形民俗文化財,point,白鬚神社の石造狛犬,液状化,多摩東部直下地震,液状化｜多摩東部直下地震
131075100104,liquefaction,大正関東地震,7.256,5<PL≤15,hazard_liquefaction_250m_大正関東地震,liquefaction mesh polygon intersection,13107,墨田区,Municipal,Unknown,民俗文化財,有形民俗文化財,point,白鬚神社の石造狛犬,液状化,大正関東地震,液状化｜大正関東地震
131075100104,liquefaction,都心南部直下地震,8.8292,5<PL≤15,hazard_liquefaction_250m_都心南部直下地震,liquefaction mesh polygon intersection,13107,墨田区,Municipal,Unknown,民俗文化財,有形民俗文化財,point,白鬚神社の石造狛犬,液状化,都心南部直下地震,液状化｜都心南部直下地震
131075100105,liquefaction,南海トラフ巨大地震,5.33,5<PL≤15,hazard_liquefaction_250m_南海トラフ巨大地震,liquefaction mesh polygon intersection,13107,墨田区,Municipal,Unknown,民俗文化財,有形民俗文化財,point,香取神社の石造水鉢(禊盥),液状化,南海トラフ巨大地震,液状化｜南海トラフ巨大地震
131075100105,liquefaction,多摩東部直下地震,14.2828,5<PL≤15,hazard_liquefaction_250m_多摩東部直下地震,liquefaction mesh polygon intersection,13107,墨田区,Municipal,Unknown,民俗文化財,有形民俗文化財,point,香取神社の石造水鉢(禊盥),液状化,多摩東部直下地震,液状化｜多摩東部直下地震
131075100105,liquefaction,大正関東地震,13.368,5<PL≤15,hazard_liquefaction_250m_大正関東地震,liquefaction mesh polygon intersection,13107,墨田区,Municipal,Unknown,民俗文化財,有形民俗文化財,point,香取神社の石造水鉢(禊盥),液状化,大正関東地震,液状化｜大正関東地震
131075100105,liquefaction,都心南部直下地震,15.1484,PL>15,hazard_liquefaction_250m_都心南部直下地震,liquefaction mesh polygon intersection,13107,墨田区,Municipal,Unknown,民俗文化財,有形民俗文化財,point,香取神社の石造水鉢(禊盥),液状化,都心南部直下地震,液状化｜都心南部直下地震
131075100106,liquefaction,南海トラフ巨大地震,3.7372,0<PL≤5,hazard_liquefaction_250m_南海トラフ巨大地震,liquefaction mesh polygon intersection,13107,墨田区,Municipal,Unknown,民俗文化財,有形民俗文化財,point,牛嶋神社の石造神牛,液状化,南海トラフ巨大地震,液状化｜南海トラフ巨大地震
131075100106,liquefaction,多摩東部直下地震,22.2544,PL>15,hazard_liquefaction_250m_多摩東部直下地震,liquefaction mesh polygon intersection,13107,墨田区,Municipal,Unknown,民俗文化財,有形民俗文化財,point,牛嶋神社の石造神牛,液状化,多摩東部直下地震,液状化｜多摩東部直下地震
131075100106,liquefaction,大正関東地震,18.6976,PL>15,hazard_liquefaction_250m_大正関東地震,liquefaction mesh polygon intersection,13107,墨田区,Municipal,Unknown,民俗文化財,有形民俗文化財,point,牛嶋神社の石造神牛,液状化,大正関東地震,液状化｜大正関東地震
131075100106,liquefaction,都心南部直下地震,22.5396,PL>15,hazard_liquefaction_250m_都心南部直下地震,liquefaction mesh polygon intersection,13107,墨田区,Municipal,Unknown,民俗文化財,有形民俗文化財,point,牛嶋神社の石造神牛,液状化,都心南部直下地震,液状化｜都心南部直下地震
131075100107,liquefaction,南海トラフ巨大地震,5.266,5<PL≤15,hazard_liquefaction_250m_南海トラフ巨大地震,liquefaction mesh polygon intersection,13107,墨田区,Municipal,Unknown,民俗文化財,有形民俗文化財,point,三囲神社の石造神狐,液状化,南海トラフ巨大地震,液状化｜南海トラフ巨大地震
131075100107,liquefaction,多摩東部直下地震,17.8624,PL>15,hazard_liquefaction_250m_多摩東部直下地震,liquefaction mesh polygon intersection,13107,墨田区,Municipal,Unknown,民俗文化財,有形民俗文化財,point,三囲神社の石造神狐,液状化,多摩東部直下地震,液状化｜多摩東部直下地震
131075100107,liquefaction,大正関東地震,15.9008,PL>15,hazard_liquefaction_250m_大正関東地震,liquefaction mesh polygon intersection,13107,墨田区,Municipal,Unknown,民俗文化財,有形民俗文化財,point,三囲神社の石造神狐,液状化,大正関東地震,液状化｜大正関東地震
131075100107,liquefaction,都心南部直下地震,18.1572,PL>15,hazard_liquefaction_250m_都心南部直下地震,liquefaction mesh polygon intersection,13107,墨田区,Municipal,Unknown,民俗文化財,有形民俗文化財,point,三囲神社の石造神狐,液状化,都心南部直下地震,液状化｜都心南部直下地震
131075100108,liquefaction,南海トラフ巨大地震,2.9948,0<PL≤5,hazard_liquefaction_250m_南海トラフ巨大地震,liquefaction mesh polygon intersection,13107,墨田区,Municipal,Unknown,民俗文化財,有形民俗文化財,point,長命寺の石造庚申塔 (地蔵菩薩),液状化,南海トラフ巨大地震,液状化｜南海トラフ巨大地震
131075100108,liquefaction,多摩東部直下地震,9.3048,5<PL≤15,hazard_liquefaction_250m_多摩東部直下地震,liquefaction mesh polygon intersection,13107,墨田区,Municipal,Unknown,民俗文化財,有形民俗文化財,point,長命寺の石造庚申塔 (地蔵菩薩),液状化,多摩東部直下地震,液状化｜多摩東部直下地震
131075100108,liquefaction,大正関東地震,8.278,5<PL≤15,hazard_liquefaction_250m_大正関東地震,liquefaction mesh polygon intersection,13107,墨田区,Municipal,Unknown,民俗文化財,有形民俗文化財,point,長命寺の石造庚申塔 (地蔵菩薩),液状化,大正関東地震,液状化｜大正関東地震
131075100108,liquefaction,都心南部直下地震,9.514,5<PL≤15,hazard_liquefaction_250m_都心南部直下地震,liquefaction mesh polygon intersection,13107,墨田区,Municipal,Unknown,民俗文化財,有形民俗文化財,point,長命寺の石造庚申塔 (地蔵菩薩),液状化,都心南部直下地震,液状化｜都心南部直下地震
131075100109,liquefaction,南海トラフ巨大地震,3.9312,0<PL≤5,hazard_liquefaction_250m_南海トラフ巨大地震,liquefaction mesh polygon intersection,13107,墨田区,Municipal,Unknown,民俗文化財,有形民俗文化財,point,正覚寺の石造庚申塔(青面金剛童子),液状化,南海トラフ巨大地震,液状化｜南海トラフ巨大地震
131075100109,liquefaction,多摩東部直下地震,14.9388,5<PL≤15,hazard_liquefaction_250m_多摩東部直下地震,liquefaction mesh polygon intersection,13107,墨田区,Municipal,Unknown,民俗文化財,有形民俗文化財,point,正覚寺の石造庚申塔(青面金剛童子),液状化,多摩東部直下地震,液状化｜多摩東部直下地震
131075100109,liquefaction,大正関東地震,13.4848,5<PL≤15,hazard_liquefaction_250m_大正関東地震,liquefaction mesh polygon intersection,13107,墨田区,Municipal,Unknown,民俗文化財,有形民俗文化財,point,正覚寺の石造庚申塔(青面金剛童子),液状化,大正関東地震,液状化｜大正関東地震
131075100109,liquefaction,都心南部直下地震,15.8684,PL>15,hazard_liquefaction_250m_都心南部直下地震,liquefaction mesh polygon intersection,13107,墨田区,Municipal,Unknown,民俗文化財,有形民俗文化財,point,正覚寺の石造庚申塔(青面金剛童子),液状化,都心南部直下地震,液状化｜都心南部直下地震
131075100110,liquefaction,南海トラフ巨大地震,2.4096,0<PL≤5,hazard_liquefaction_250m_南海トラフ巨大地震,liquefaction mesh polygon intersection,13107,墨田区,Municipal,Unknown,民俗文化財,有形民俗文化財,point,回向院の石造阿弥陀三尊立像,液状化,南海トラフ巨大地震,液状化｜南海トラフ巨大地震
131075100110,liquefaction,多摩東部直下地震,8.5352,5<PL≤15,hazard_liquefaction_250m_多摩東部直下地震,liquefaction mesh polygon intersection,13107,墨田区,Municipal,Unknown,民俗文化財,有形民俗文化財,point,回向院の石造阿弥陀三尊立像,液状化,多摩東部直下地震,液状化｜多摩東部直下地震
131075100110,liquefaction,大正関東地震,7.738,5<PL≤15,hazard_liquefaction_250m_大正関東地震,liquefaction mesh polygon intersection,13107,墨田区,Municipal,Unknown,民俗文化財,有形民俗文化財,point,回向院の石造阿弥陀三尊立像,液状化,大正関東地震,液状化｜大正関東地震
131075100110,liquefaction,都心南部直下地震,9.1048,5<PL≤15,hazard_liquefaction_250m_都心南部直下地震,liquefaction mesh polygon intersection,13107,墨田区,Municipal,Unknown,民俗文化財,有形民俗文化財,point,回向院の石造阿弥陀三尊立像,液状化,都心南部直下地震,液状化｜都心南部直下地震
131075100111,liquefaction,南海トラフ巨大地震,2.936,0<PL≤5,hazard_liquefaction_250m_南海トラフ巨大地震,liquefaction mesh polygon intersection,13107,墨田区,Municipal,Unknown,民俗文化財,有形民俗文化財,point,円通寺の石造地蔵菩薩立像,液状化,南海トラフ巨大地震,液状化｜南海トラフ巨大地震
131075100111,liquefaction,多摩東部直下地震,6.692,5<PL≤15,hazard_liquefaction_250m_多摩東部直下地震,liquefaction mesh polygon intersection,13107,墨田区,Municipal,Unknown,民俗文化財,有形民俗文化財,point,円通寺の石造地蔵菩薩立像,液状化,多摩東部直下地震,液状化｜多摩東部直下地震
131075100111,liquefaction,大正関東地震,6.1392,5<PL≤15,hazard_liquefaction_250m_大正関東地震,liquefaction mesh polygon intersection,13107,墨田区,Municipal,Unknown,民俗文化財,有形民俗文化財,point,円通寺の石造地蔵菩薩立像,液状化,大正関東地震,液状化｜大正関東地震
131075100111,liquefaction,都心南部直下地震,6.8464,5<PL≤15,hazard_liquefaction_250m_都心南部直下地震,liquefaction mesh polygon intersection,13107,墨田区,Municipal,Unknown,民俗文化財,有形民俗文化財,point,円通寺の石造地蔵菩薩立像,液状化,都心南部直下地震,液状化｜都心南部直下地震
131075100112,liquefaction,南海トラフ巨大地震,5.3072,5<PL≤15,hazard_liquefaction_250m_南海トラフ巨大地震,liquefaction mesh polygon intersection,13107,墨田区,Municipal,Unknown,民俗文化財,有形民俗文化財,point,多聞寺の石造六地蔵坐像,液状化,南海トラフ巨大地震,液状化｜南海トラフ巨大地震
131075100112,liquefaction,多摩東部直下地震,17.6548,PL>15,hazard_liquefaction_250m_多摩東部直下地震,liquefaction mesh polygon intersection,13107,墨田区,Municipal,Unknown,民俗文化財,有形民俗文化財,point,多聞寺の石造六地蔵坐像,液状化,多摩東部直下地震,液状化｜多摩東部直下地震
131075100112,liquefaction,大正関東地震,15.966,PL>15,hazard_liquefaction_250m_大正関東地震,liquefaction mesh polygon intersection,13107,墨田区,Municipal,Unknown,民俗文化財,有形民俗文化財,point,多聞寺の石造六地蔵坐像,液状化,大正関東地震,液状化｜大正関東地震
131075100112,liquefaction,都心南部直下地震,17.9636,PL>15,hazard_liquefaction_250m_都心南部直下地震,liquefaction mesh polygon intersection,13107,墨田区,Municipal,Unknown,民俗文化財,有形民俗文化財,point,多聞寺の石造六地蔵坐像,液状化,都心南部直下地震,液状化｜都心南部直下地震
131075100113,liquefaction,南海トラフ巨大地震,2.7656,0<PL≤5,hazard_liquefaction_250m_南海トラフ巨大地震,liquefaction mesh polygon intersection,13107,墨田区,Municipal,Unknown,民俗文化財,有形民俗文化財,point,法泉寺の石造地蔵菩薩立像,液状化,南海トラフ巨大地震,液状化｜南海トラフ巨大地震
131075100113,liquefaction,多摩東部直下地震,8.2464,5<PL≤15,hazard_liquefaction_250m_多摩東部直下地震,liquefaction mesh polygon intersection,13107,墨田区,Municipal,Unknown,民俗文化財,有形民俗文化財,point,法泉寺の石造地蔵菩薩立像,液状化,多摩東部直下地震,液状化｜多摩東部直下地震
131075100113,liquefaction,大正関東地震,7.256,5<PL≤15,hazard_liquefaction_250m_大正関東地震,liquefaction mesh polygon intersection,13107,墨田区,Municipal,Unknown,民俗文化財,有形民俗文化財,point,法泉寺の石造地蔵菩薩立像,液状化,大正関東地震,液状化｜大正関東地震
131075100113,liquefaction,都心南部直下地震,8.8292,5<PL≤15,hazard_liquefaction_250m_都心南部直下地震,liquefaction mesh polygon intersection,13107,墨田区,Municipal,Unknown,民俗文化財,有形民俗文化財,point,法泉寺の石造地蔵菩薩立像,液状化,都心南部直下地震,液状化｜都心南部直下地震
131075100114,liquefaction,南海トラフ巨大地震,4.9992,0<PL≤5,hazard_liquefaction_250m_南海トラフ巨大地震,liquefaction mesh polygon intersection,13107,墨田区,Municipal,Unknown,民俗文化財,有形民俗文化財,point,東漸寺の石造庚申道標,液状化,南海トラフ巨大地震,液状化｜南海トラフ巨大地震
131075100114,liquefaction,多摩東部直下地震,20.1448,PL>15,hazard_liquefaction_250m_多摩東部直下地震,liquefaction mesh polygon intersection,13107,墨田区,Municipal,Unknown,民俗文化財,有形民俗文化財,point,東漸寺の石造庚申道標,液状化,多摩東部直下地震,液状化｜多摩東部直下地震
131075100114,liquefaction,大正関東地震,18.8228,PL>15,hazard_liquefaction_250m_大正関東地震,liquefaction mesh polygon intersection,13107,墨田区,Municipal,Unknown,民俗文化財,有形民俗文化財,point,東漸寺の石造庚申道標,液状化,大正関東地震,液状化｜大正関東地震
131075100114,liquefaction,都心南部直下地震,21.7792,PL>15,hazard_liquefaction_250m_都心南部直下地震,liquefaction mesh polygon intersection,13107,墨田区,Municipal,Unknown,民俗文化財,有形民俗文化財,point,東漸寺の石造庚申道標,液状化,都心南部直下地震,液状化｜都心南部直下地震
131075100115,liquefaction,南海トラフ巨大地震,3.7372,0<PL≤5,hazard_liquefaction_250m_南海トラフ巨大地震,liquefaction mesh polygon intersection,13107,墨田区,Municipal,Unknown,民俗文化財,有形民俗文化財,point,牛嶋神社境内力石群,液状化,南海トラフ巨大地震,液状化｜南海トラフ巨大地震
131075100115,liquefaction,多摩東部直下地震,22.2544,PL>15,hazard_liquefaction_250m_多摩東部直下地震,liquefaction mesh polygon intersection,13107,墨田区,Municipal,Unknown,民俗文化財,有形民俗文化財,point,牛嶋神社境内力石群,液状化,多摩東部直下地震,液状化｜多摩東部直下地震
131075100115,liquefaction,大正関東地震,18.6976,PL>15,hazard_liquefaction_250m_大正関東地震,liquefaction mesh polygon intersection,13107,墨田区,Municipal,Unknown,民俗文化財,有形民俗文化財,point,牛嶋神社境内力石群,液状化,大正関東地震,液状化｜大正関東地震
131075100115,liquefaction,都心南部直下地震,22.5396,PL>15,hazard_liquefaction_250m_都心南部直下地震,liquefaction mesh polygon intersection,13107,墨田区,Municipal,Unknown,民俗文化財,有形民俗文化財,point,牛嶋神社境内力石群,液状化,都心南部直下地震,液状化｜都心南部直下地震
131075100116,liquefaction,南海トラフ巨大地震,1.1508,0<PL≤5,hazard_liquefaction_250m_南海トラフ巨大地震,liquefaction mesh polygon intersection,13107,墨田区,Municipal,Unknown,民俗文化財,有形民俗文化財,point,力石,液状化,南海トラフ巨大地震,液状化｜南海トラフ巨大地震
131075100116,liquefaction,多摩東部直下地震,4.554,0<PL≤5,hazard_liquefaction_250m_多摩東部直下地震,liquefaction mesh polygon intersection,13107,墨田区,Municipal,Unknown,民俗文化財,有形民俗文化財,point,力石,液状化,多摩東部直下地震,液状化｜多摩東部直下地震
131075100116,liquefaction,大正関東地震,4.068,0<PL≤5,hazard_liquefaction_250m_大正関東地震,liquefaction mesh polygon intersection,13107,墨田区,Municipal,Unknown,民俗文化財,有形民俗文化財,point,力石,液状化,大正関東地震,液状化｜大正関東地震
131075100116,liquefaction,都心南部直下地震,4.8844,0<PL≤5,hazard_liquefaction_250m_都心南部直下地震,liquefaction mesh polygon intersection,13107,墨田区,Municipal,Unknown,民俗文化財,有形民俗文化財,point,力石,液状化,都心南部直下地震,液状化｜都心南部直下地震
131075100117,liquefaction,南海トラフ巨大地震,2.452,0<PL≤5,hazard_liquefaction_250m_南海トラフ巨大地震,liquefaction mesh polygon intersection,13107,墨田区,Municipal,Unknown,民俗文化財,有形民俗文化財,point,吾嬬神社境内力石群,液状化,南海トラフ巨大地震,液状化｜南海トラフ巨大地震
131075100117,liquefaction,多摩東部直下地震,8.5948,5<PL≤15,hazard_liquefaction_250m_多摩東部直下地震,liquefaction mesh polygon intersection,13107,墨田区,Municipal,Unknown,民俗文化財,有形民俗文化財,point,吾嬬神社境内力石群,液状化,多摩東部直下地震,液状化｜多摩東部直下地震
131075100117,liquefaction,大正関東地震,7.9876,5<PL≤15,hazard_liquefaction_250m_大正関東地震,liquefaction mesh polygon intersection,13107,墨田区,Municipal,Unknown,民俗文化財,有形民俗文化財,point,吾嬬神社境内力石群,液状化,大正関東地震,液状化｜大正関東地震
131075100117,liquefaction,都心南部直下地震,9.2436,5<PL≤15,hazard_liquefaction_250m_都心南部直下地震,liquefaction mesh polygon intersection,13107,墨田区,Municipal,Unknown,民俗文化財,有形民俗文化財,point,吾嬬神社境内力石群,液状化,都心南部直下地震,液状化｜都心南部直下地震
131075100118,liquefaction,南海トラフ巨大地震,3.7372,0<PL≤5,hazard_liquefaction_250m_南海トラフ巨大地震,liquefaction mesh polygon intersection,13107,墨田区,Municipal,Unknown,民俗文化財,有形民俗文化財,point,牛嶋神社石造神牛(撫牛),液状化,南海トラフ巨大地震,液状化｜南海トラフ巨大地震
131075100118,liquefaction,多摩東部直下地震,22.2544,PL>15,hazard_liquefaction_250m_多摩東部直下地震,liquefaction mesh polygon intersection,13107,墨田区,Municipal,Unknown,民俗文化財,有形民俗文化財,point,牛嶋神社石造神牛(撫牛),液状化,多摩東部直下地震,液状化｜多摩東部直下地震
131075100118,liquefaction,大正関東地震,18.6976,PL>15,hazard_liquefaction_250m_大正関東地震,liquefaction mesh polygon intersection,13107,墨田区,Municipal,Unknown,民俗文化財,有形民俗文化財,point,牛嶋神社石造神牛(撫牛),液状化,大正関東地震,液状化｜大正関東地震
131075100118,liquefaction,都心南部直下地震,22.5396,PL>15,hazard_liquefaction_250m_都心南部直下地震,liquefaction mesh polygon intersection,13107,墨田区,Municipal,Unknown,民俗文化財,有形民俗文化財,point,牛嶋神社石造神牛(撫牛),液状化,都心南部直下地震,液状化｜都心南部直下地震
131075100119,liquefaction,南海トラフ巨大地震,2.4096,0<PL≤5,hazard_liquefaction_250m_南海トラフ巨大地震,liquefaction mesh polygon intersection,13107,墨田区,Municipal,Unknown,民俗文化財,有形民俗文化財,point,鼠小僧供養碑(鼠小僧の墓),液状化,南海トラフ巨大地震,液状化｜南海トラフ巨大地震
131075100119,liquefaction,多摩東部直下地震,8.5352,5<PL≤15,hazard_liquefaction_250m_多摩東部直下地震,liquefaction mesh polygon intersection,13107,墨田区,Municipal,Unknown,民俗文化財,有形民俗文化財,point,鼠小僧供養碑(鼠小僧の墓),液状化,多摩東部直下地震,液状化｜多摩東部直下地震
131075100119,liquefaction,大正関東地震,7.738,5<PL≤15,hazard_liquefaction_250m_大正関東地震,liquefaction mesh polygon intersection,13107,墨田区,Municipal,Unknown,民俗文化財,有形民俗文化財,point,鼠小僧供養碑(鼠小僧の墓),液状化,大正関東地震,液状化｜大正関東地震
131075100119,liquefaction,都心南部直下地震,9.1048,5<PL≤15,hazard_liquefaction_250m_都心南部直下地震,liquefaction mesh polygon intersection,13107,墨田区,Municipal,Unknown,民俗文化財,有形民俗文化財,point,鼠小僧供養碑(鼠小僧の墓),液状化,都心南部直下地震,液状化｜都心南部直下地震
131075100120,liquefaction,南海トラフ巨大地震,3.7372,0<PL≤5,hazard_liquefaction_250m_南海トラフ巨大地震,liquefaction mesh polygon intersection,13107,墨田区,Municipal,Unknown,民俗文化財,有形民俗文化財,point,安藤家旧蔵田舟,液状化,南海トラフ巨大地震,液状化｜南海トラフ巨大地震
131075100120,liquefaction,多摩東部直下地震,22.2544,PL>15,hazard_liquefaction_250m_多摩東部直下地震,liquefaction mesh polygon intersection,13107,墨田区,Municipal,Unknown,民俗文化財,有形民俗文化財,point,安藤家旧蔵田舟,液状化,多摩東部直下地震,液状化｜多摩東部直下地震
131075100120,liquefaction,大正関東地震,18.6976,PL>15,hazard_liquefaction_250m_大正関東地震,liquefaction mesh polygon intersection,13107,墨田区,Municipal,Unknown,民俗文化財,有形民俗文化財,point,安藤家旧蔵田舟,液状化,大正関東地震,液状化｜大正関東地震
131075100120,liquefaction,都心南部直下地震,22.5396,PL>15,hazard_liquefaction_250m_都心南部直下地震,liquefaction mesh polygon intersection,13107,墨田区,Municipal,Unknown,民俗文化財,有形民俗文化財,point,安藤家旧蔵田舟,液状化,都心南部直下地震,液状化｜都心南部直下地震
131075100121,liquefaction,南海トラフ巨大地震,0.5548,0<PL≤5,hazard_liquefaction_250m_南海トラフ巨大地震,liquefaction mesh polygon intersection,13107,墨田区,Municipal,Unknown,民俗文化財,有形民俗文化財,point,江島杉山神社境内力石,液状化,南海トラフ巨大地震,液状化｜南海トラフ巨大地震
131075100121,liquefaction,多摩東部直下地震,3.4484,0<PL≤5,hazard_liquefaction_250m_多摩東部直下地震,liquefaction mesh polygon intersection,13107,墨田区,Municipal,Unknown,民俗文化財,有形民俗文化財,point,江島杉山神社境内力石,液状化,多摩東部直下地震,液状化｜多摩東部直下地震
131075100121,liquefaction,大正関東地震,3.0864,0<PL≤5,hazard_liquefaction_250m_大正関東地震,liquefaction mesh polygon intersection,13107,墨田区,Municipal,Unknown,民俗文化財,有形民俗文化財,point,江島杉山神社境内力石,液状化,大正関東地震,液状化｜大正関東地震
131075100121,liquefaction,都心南部直下地震,3.7588,0<PL≤5,hazard_liquefaction_250m_都心南部直下地震,liquefaction mesh polygon intersection,13107,墨田区,Municipal,Unknown,民俗文化財,有形民俗文化財,point,江島杉山神社境内力石,液状化,都心南部直下地震,液状化｜都心南部直下地震
131075100122,liquefaction,南海トラフ巨大地震,3.242,0<PL≤5,hazard_liquefaction_250m_南海トラフ巨大地震,liquefaction mesh polygon intersection,13107,墨田区,Municipal,Unknown,民俗文化財,有形民俗文化財,point,山玉向嶋講社の碑,液状化,南海トラフ巨大地震,液状化｜南海トラフ巨大地震
131075100122,liquefaction,多摩東部直下地震,7.0416,5<PL≤15,hazard_liquefaction_250m_多摩東部直下地震,liquefaction mesh polygon intersection,13107,墨田区,Municipal,Unknown,民俗文化財,有形民俗文化財,point,山玉向嶋講社の碑,液状化,多摩東部直下地震,液状化｜多摩東部直下地震
131075100122,liquefaction,大正関東地震,6.3924,5<PL≤15,hazard_liquefaction_250m_大正関東地震,liquefaction mesh polygon intersection,13107,墨田区,Municipal,Unknown,民俗文化財,有形民俗文化財,point,山玉向嶋講社の碑,液状化,大正関東地震,液状化｜大正関東地震
131075100122,liquefaction,都心南部直下地震,7.2,5<PL≤15,hazard_liquefaction_250m_都心南部直下地震,liquefaction mesh polygon intersection,13107,墨田区,Municipal,Unknown,民俗文化財,有形民俗文化財,point,山玉向嶋講社の碑,液状化,都心南部直下地震,液状化｜都心南部直下地震
131075100123,liquefaction,南海トラフ巨大地震,2.7656,0<PL≤5,hazard_liquefaction_250m_南海トラフ巨大地震,liquefaction mesh polygon intersection,13107,墨田区,Municipal,Unknown,民俗文化財,有形民俗文化財,point,山玉向嶋講社の碑,液状化,南海トラフ巨大地震,液状化｜南海トラフ巨大地震
131075100123,liquefaction,多摩東部直下地震,8.2464,5<PL≤15,hazard_liquefaction_250m_多摩東部直下地震,liquefaction mesh polygon intersection,13107,墨田区,Municipal,Unknown,民俗文化財,有形民俗文化財,point,山玉向嶋講社の碑,液状化,多摩東部直下地震,液状化｜多摩東部直下地震
131075100123,liquefaction,大正関東地震,7.256,5<PL≤15,hazard_liquefaction_250m_大正関東地震,liquefaction mesh polygon intersection,13107,墨田区,Municipal,Unknown,民俗文化財,有形民俗文化財,point,山玉向嶋講社の碑,液状化,大正関東地震,液状化｜大正関東地震
131075100123,liquefaction,都心南部直下地震,8.8292,5<PL≤15,hazard_liquefaction_250m_都心南部直下地震,liquefaction mesh polygon intersection,13107,墨田区,Municipal,Unknown,民俗文化財,有形民俗文化財,point,山玉向嶋講社の碑,液状化,都心南部直下地震,液状化｜都心南部直下地震
131075100124,liquefaction,南海トラフ巨大地震,2.9948,0<PL≤5,hazard_liquefaction_250m_南海トラフ巨大地震,liquefaction mesh polygon intersection,13107,墨田区,Municipal,Unknown,民俗文化財,有形民俗文化財,point,出羽三山の碑,液状化,南海トラフ巨大地震,液状化｜南海トラフ巨大地震
131075100124,liquefaction,多摩東部直下地震,9.3048,5<PL≤15,hazard_liquefaction_250m_多摩東部直下地震,liquefaction mesh polygon intersection,13107,墨田区,Municipal,Unknown,民俗文化財,有形民俗文化財,point,出羽三山の碑,液状化,多摩東部直下地震,液状化｜多摩東部直下地震
131075100124,liquefaction,大正関東地震,8.278,5<PL≤15,hazard_liquefaction_250m_大正関東地震,liquefaction mesh polygon intersection,13107,墨田区,Municipal,Unknown,民俗文化財,有形民俗文化財,point,出羽三山の碑,液状化,大正関東地震,液状化｜大正関東地震
131075100124,liquefaction,都心南部直下地震,9.514,5<PL≤15,hazard_liquefaction_250m_都心南部直下地震,liquefaction mesh polygon intersection,13107,墨田区,Municipal,Unknown,民俗文化財,有形民俗文化財,point,出羽三山の碑,液状化,都心南部直下地震,液状化｜都心南部直下地震
131075100125,liquefaction,南海トラフ巨大地震,3.7372,0<PL≤5,hazard_liquefaction_250m_南海トラフ巨大地震,liquefaction mesh polygon intersection,13107,墨田区,Municipal,Unknown,民俗文化財,有形民俗文化財,point,柳嶋村念仏講道具一式 附関連文書,液状化,南海トラフ巨大地震,液状化｜南海トラフ巨大地震
131075100125,liquefaction,多摩東部直下地震,22.2544,PL>15,hazard_liquefaction_250m_多摩東部直下地震,liquefaction mesh polygon intersection,13107,墨田区,Municipal,Unknown,民俗文化財,有形民俗文化財,point,柳嶋村念仏講道具一式 附関連文書,液状化,多摩東部直下地震,液状化｜多摩東部直下地震
131075100125,liquefaction,大正関東地震,18.6976,PL>15,hazard_liquefaction_250m_大正関東地震,liquefaction mesh polygon intersection,13107,墨田区,Municipal,Unknown,民俗文化財,有形民俗文化財,point,柳嶋村念仏講道具一式 附関連文書,液状化,大正関東地震,液状化｜大正関東地震
131075100125,liquefaction,都心南部直下地震,22.5396,PL>15,hazard_liquefaction_250m_都心南部直下地震,liquefaction mesh polygon intersection,13107,墨田区,Municipal,Unknown,民俗文化財,有形民俗文化財,point,柳嶋村念仏講道具一式 附関連文書,液状化,都心南部直下地震,液状化｜都心南部直下地震
131075100149,liquefaction,南海トラフ巨大地震,4.6252,0<PL≤5,hazard_liquefaction_250m_南海トラフ巨大地震,liquefaction mesh polygon intersection,13107,墨田区,Municipal,Unknown,民俗文化財,無形民俗文化財(民俗芸能),point,隅田囃子(箕輪囃子),液状化,南海トラフ巨大地震,液状化｜南海トラフ巨大地震
131075100149,liquefaction,多摩東部直下地震,18.494,PL>15,hazard_liquefaction_250m_多摩東部直下地震,liquefaction mesh polygon intersection,13107,墨田区,Municipal,Unknown,民俗文化財,無形民俗文化財(民俗芸能),point,隅田囃子(箕輪囃子),液状化,多摩東部直下地震,液状化｜多摩東部直下地震
131075100149,liquefaction,大正関東地震,16.3976,PL>15,hazard_liquefaction_250m_大正関東地震,liquefaction mesh polygon intersection,13107,墨田区,Municipal,Unknown,民俗文化財,無形民俗文化財(民俗芸能),point,隅田囃子(箕輪囃子),液状化,大正関東地震,液状化｜大正関東地震
131075100149,liquefaction,都心南部直下地震,19.0092,PL>15,hazard_liquefaction_250m_都心南部直下地震,liquefaction mesh polygon intersection,13107,墨田区,Municipal,Unknown,民俗文化財,無形民俗文化財(民俗芸能),point,隅田囃子(箕輪囃子),液状化,都心南部直下地震,液状化｜都心南部直下地震
131075100150,liquefaction,南海トラフ巨大地震,2.9948,0<PL≤5,hazard_liquefaction_250m_南海トラフ巨大地震,liquefaction mesh polygon intersection,13107,墨田区,Municipal,Unknown,民俗文化財,無形民俗文化財(風俗慣習),point,隅田川七福神めぐり,液状化,南海トラフ巨大地震,液状化｜南海トラフ巨大地震
131075100150,liquefaction,多摩東部直下地震,9.3048,5<PL≤15,hazard_liquefaction_250m_多摩東部直下地震,liquefaction mesh polygon intersection,13107,墨田区,Municipal,Unknown,民俗文化財,無形民俗文化財(風俗慣習),point,隅田川七福神めぐり,液状化,多摩東部直下地震,液状化｜多摩東部直下地震
131075100150,liquefaction,大正関東地震,8.278,5<PL≤15,hazard_liquefaction_250m_大正関東地震,liquefaction mesh polygon intersection,13107,墨田区,Municipal,Unknown,民俗文化財,無形民俗文化財(風俗慣習),point,隅田川七福神めぐり,液状化,大正関東地震,液状化｜大正関東地震
131075100150,liquefaction,都心南部直下地震,9.514,5<PL≤15,hazard_liquefaction_250m_都心南部直下地震,liquefaction mesh polygon intersection,13107,墨田区,Municipal,Unknown,民俗文化財,無形民俗文化財(風俗慣習),point,隅田川七福神めぐり,液状化,都心南部直下地震,液状化｜都心南部直下地震
131075100151,liquefaction,南海トラフ巨大地震,6.6104,5<PL≤15,hazard_liquefaction_250m_南海トラフ巨大地震,liquefaction mesh polygon intersection,13107,墨田区,Municipal,Unknown,記念物,史跡,point,肥前平戸藩松浦家墓所 ※非公開,液状化,南海トラフ巨大地震,液状化｜南海トラフ巨大地震
131075100151,liquefaction,多摩東部直下地震,21.7212,PL>15,hazard_liquefaction_250m_多摩東部直下地震,liquefaction mesh polygon intersection,13107,墨田区,Municipal,Unknown,記念物,史跡,point,肥前平戸藩松浦家墓所 ※非公開,液状化,多摩東部直下地震,液状化｜多摩東部直下地震
131075100151,liquefaction,大正関東地震,19.196,PL>15,hazard_liquefaction_250m_大正関東地震,liquefaction mesh polygon intersection,13107,墨田区,Municipal,Unknown,記念物,史跡,point,肥前平戸藩松浦家墓所 ※非公開,液状化,大正関東地震,液状化｜大正関東地震
131075100151,liquefaction,都心南部直下地震,21.8984,PL>15,hazard_liquefaction_250m_都心南部直下地震,liquefaction mesh polygon intersection,13107,墨田区,Municipal,Unknown,記念物,史跡,point,肥前平戸藩松浦家墓所 ※非公開,液状化,都心南部直下地震,液状化｜都心南部直下地震
131075100152,liquefaction,南海トラフ巨大地震,2.9948,0<PL≤5,hazard_liquefaction_250m_南海トラフ巨大地震,liquefaction mesh polygon intersection,13107,墨田区,Municipal,Unknown,記念物,史跡,point,橘守部墓・橘冬照墓,液状化,南海トラフ巨大地震,液状化｜南海トラフ巨大地震
131075100152,liquefaction,多摩東部直下地震,9.3048,5<PL≤15,hazard_liquefaction_250m_多摩東部直下地震,liquefaction mesh polygon intersection,13107,墨田区,Municipal,Unknown,記念物,史跡,point,橘守部墓・橘冬照墓,液状化,多摩東部直下地震,液状化｜多摩東部直下地震
131075100152,liquefaction,大正関東地震,8.278,5<PL≤15,hazard_liquefaction_250m_大正関東地震,liquefaction mesh polygon intersection,13107,墨田区,Municipal,Unknown,記念物,史跡,point,橘守部墓・橘冬照墓,液状化,大正関東地震,液状化｜大正関東地震
131075100152,liquefaction,都心南部直下地震,9.514,5<PL≤15,hazard_liquefaction_250m_都心南部直下地震,liquefaction mesh polygon intersection,13107,墨田区,Municipal,Unknown,記念物,史跡,point,橘守部墓・橘冬照墓,液状化,都心南部直下地震,液状化｜都心南部直下地震
131075100153,liquefaction,南海トラフ巨大地震,2.9948,0<PL≤5,hazard_liquefaction_250m_南海トラフ巨大地震,liquefaction mesh polygon intersection,13107,墨田区,Municipal,Unknown,記念物,史跡,point,池田冠山墓,液状化,南海トラフ巨大地震,液状化｜南海トラフ巨大地震
131075100153,liquefaction,多摩東部直下地震,9.3048,5<PL≤15,hazard_liquefaction_250m_多摩東部直下地震,liquefaction mesh polygon intersection,13107,墨田区,Municipal,Unknown,記念物,史跡,point,池田冠山墓,液状化,多摩東部直下地震,液状化｜多摩東部直下地震
131075100153,liquefaction,大正関東地震,8.278,5<PL≤15,hazard_liquefaction_250m_大正関東地震,liquefaction mesh polygon intersection,13107,墨田区,Municipal,Unknown,記念物,史跡,point,池田冠山墓,液状化,大正関東地震,液状化｜大正関東地震
131075100153,liquefaction,都心南部直下地震,9.514,5<PL≤15,hazard_liquefaction_250m_都心南部直下地震,liquefaction mesh polygon intersection,13107,墨田区,Municipal,Unknown,記念物,史跡,point,池田冠山墓,液状化,都心南部直下地震,液状化｜都心南部直下地震
131075100154,liquefaction,南海トラフ巨大地震,1.6072,0<PL≤5,hazard_liquefaction_250m_南海トラフ巨大地震,liquefaction mesh polygon intersection,13107,墨田区,Municipal,Unknown,記念物,史跡,point,常陸笠間藩牧野家墓所 ※非公開,液状化,南海トラフ巨大地震,液状化｜南海トラフ巨大地震
131075100154,liquefaction,多摩東部直下地震,6.378,5<PL≤15,hazard_liquefaction_250m_多摩東部直下地震,liquefaction mesh polygon intersection,13107,墨田区,Municipal,Unknown,記念物,史跡,point,常陸笠間藩牧野家墓所 ※非公開,液状化,多摩東部直下地震,液状化｜多摩東部直下地震
131075100154,liquefaction,大正関東地震,5.7,5<PL≤15,hazard_liquefaction_250m_大正関東地震,liquefaction mesh polygon intersection,13107,墨田区,Municipal,Unknown,記念物,史跡,point,常陸笠間藩牧野家墓所 ※非公開,液状化,大正関東地震,液状化｜大正関東地震
131075100154,liquefaction,都心南部直下地震,6.8644,5<PL≤15,hazard_liquefaction_250m_都心南部直下地震,liquefaction mesh polygon intersection,13107,墨田区,Municipal,Unknown,記念物,史跡,point,常陸笠間藩牧野家墓所 ※非公開,液状化,都心南部直下地震,液状化｜都心南部直下地震
131075100155,liquefaction,南海トラフ巨大地震,2.4096,0<PL≤5,hazard_liquefaction_250m_南海トラフ巨大地震,liquefaction mesh polygon intersection,13107,墨田区,Municipal,Unknown,記念物,史跡,point,回向院相撲関係石碑群(力塚),液状化,南海トラフ巨大地震,液状化｜南海トラフ巨大地震
131075100155,liquefaction,多摩東部直下地震,8.5352,5<PL≤15,hazard_liquefaction_250m_多摩東部直下地震,liquefaction mesh polygon intersection,13107,墨田区,Municipal,Unknown,記念物,史跡,point,回向院相撲関係石碑群(力塚),液状化,多摩東部直下地震,液状化｜多摩東部直下地震
131075100155,liquefaction,大正関東地震,7.738,5<PL≤15,hazard_liquefaction_250m_大正関東地震,liquefaction mesh polygon intersection,13107,墨田区,Municipal,Unknown,記念物,史跡,point,回向院相撲関係石碑群(力塚),液状化,大正関東地震,液状化｜大正関東地震
131075100155,liquefaction,都心南部直下地震,9.1048,5<PL≤15,hazard_liquefaction_250m_都心南部直下地震,liquefaction mesh polygon intersection,13107,墨田区,Municipal,Unknown,記念物,史跡,point,回向院相撲関係石碑群(力塚),液状化,都心南部直下地震,液状化｜都心南部直下地震
131075100156,liquefaction,南海トラフ巨大地震,2.936,0<PL≤5,hazard_liquefaction_250m_南海トラフ巨大地震,liquefaction mesh polygon intersection,13107,墨田区,Municipal,Unknown,記念物,天然記念物,point,飛木稲荷神社のイチョウ,液状化,南海トラフ巨大地震,液状化｜南海トラフ巨大地震
131075100156,liquefaction,多摩東部直下地震,6.692,5<PL≤15,hazard_liquefaction_250m_多摩東部直下地震,liquefaction mesh polygon intersection,13107,墨田区,Municipal,Unknown,記念物,天然記念物,point,飛木稲荷神社のイチョウ,液状化,多摩東部直下地震,液状化｜多摩東部直下地震
131075100156,liquefaction,大正関東地震,6.1392,5<PL≤15,hazard_liquefaction_250m_大正関東地震,liquefaction mesh polygon intersection,13107,墨田区,Municipal,Unknown,記念物,天然記念物,point,飛木稲荷神社のイチョウ,液状化,大正関東地震,液状化｜大正関東地震
131075100156,liquefaction,都心南部直下地震,6.8464,5<PL≤15,hazard_liquefaction_250m_都心南部直下地震,liquefaction mesh polygon intersection,13107,墨田区,Municipal,Unknown,記念物,天然記念物,point,飛木稲荷神社のイチョウ,液状化,都心南部直下地震,液状化｜都心南部直下地震
131075100157,liquefaction,南海トラフ巨大地震,3.8004,0<PL≤5,hazard_liquefaction_250m_南海トラフ巨大地震,liquefaction mesh polygon intersection,13107,墨田区,Municipal,Unknown,記念物,名勝,point,墨堤の桜,液状化,南海トラフ巨大地震,液状化｜南海トラフ巨大地震
131075100157,liquefaction,多摩東部直下地震,20.6908,PL>15,hazard_liquefaction_250m_多摩東部直下地震,liquefaction mesh polygon intersection,13107,墨田区,Municipal,Unknown,記念物,名勝,point,墨堤の桜,液状化,多摩東部直下地震,液状化｜多摩東部直下地震
131075100157,liquefaction,大正関東地震,18.0156,PL>15,hazard_liquefaction_250m_大正関東地震,liquefaction mesh polygon intersection,13107,墨田区,Municipal,Unknown,記念物,名勝,point,墨堤の桜,液状化,大正関東地震,液状化｜大正関東地震
131075100157,liquefaction,都心南部直下地震,21.0,PL>15,hazard_liquefaction_250m_都心南部直下地震,liquefaction mesh polygon intersection,13107,墨田区,Municipal,Unknown,記念物,名勝,point,墨堤の桜,液状化,都心南部直下地震,液状化｜都心南部直下地震
171,liquefaction,南海トラフ巨大地震,3.232,0<PL≤5,hazard_liquefaction_250m_南海トラフ巨大地震,liquefaction mesh polygon intersection,13107,墨田区,Tokyo Metropolitan,Designated,記念物,旧跡,point,赤穂浪士元禄義挙の跡,液状化,南海トラフ巨大地震,液状化｜南海トラフ巨大地震
171,liquefaction,多摩東部直下地震,10.0032,5<PL≤15,hazard_liquefaction_250m_多摩東部直下地震,liquefaction mesh polygon intersection,13107,墨田区,Tokyo Metropolitan,Designated,記念物,旧跡,point,赤穂浪士元禄義挙の跡,液状化,多摩東部直下地震,液状化｜多摩東部直下地震
171,liquefaction,大正関東地震,9.2772,5<PL≤15,hazard_liquefaction_250m_大正関東地震,liquefaction mesh polygon intersection,13107,墨田区,Tokyo Metropolitan,Designated,記念物,旧跡,point,赤穂浪士元禄義挙の跡,液状化,大正関東地震,液状化｜大正関東地震
171,liquefaction,都心南部直下地震,10.724,5<PL≤15,hazard_liquefaction_250m_都心南部直下地震,liquefaction mesh polygon intersection,13107,墨田区,Tokyo Metropolitan,Designated,記念物,旧跡,point,赤穂浪士元禄義挙の跡,液状化,都心南部直下地震,液状化｜都心南部直下地震
172,liquefaction,南海トラフ巨大地震,2.4096,0<PL≤5,hazard_liquefaction_250m_南海トラフ巨大地震,liquefaction mesh polygon intersection,13107,墨田区,Tokyo Metropolitan,Designated,記念物,旧跡,point,加藤千蔭墓,液状化,南海トラフ巨大地震,液状化｜南海トラフ巨大地震
172,liquefaction,多摩東部直下地震,8.5352,5<PL≤15,hazard_liquefaction_250m_多摩東部直下地震,liquefaction mesh polygon intersection,13107,墨田区,Tokyo Metropolitan,Designated,記念物,旧跡,point,加藤千蔭墓,液状化,多摩東部直下地震,液状化｜多摩東部直下地震
172,liquefaction,大正関東地震,7.738,5<PL≤15,hazard_liquefaction_250m_大正関東地震,liquefaction mesh polygon intersection,13107,墨田区,Tokyo Metropolitan,Designated,記念物,旧跡,point,加藤千蔭墓,液状化,大正関東地震,液状化｜大正関東地震
172,liquefaction,都心南部直下地震,9.1048,5<PL≤15,hazard_liquefaction_250m_都心南部直下地震,liquefaction mesh polygon intersection,13107,墨田区,Tokyo Metropolitan,Designated,記念物,旧跡,point,加藤千蔭墓,液状化,都心南部直下地震,液状化｜都心南部直下地震
173,liquefaction,南海トラフ巨大地震,2.4096,0<PL≤5,hazard_liquefaction_250m_南海トラフ巨大地震,liquefaction mesh polygon intersection,13107,墨田区,Tokyo Metropolitan,Designated,記念物,旧跡,point,磐瀬京伝墓,液状化,南海トラフ巨大地震,液状化｜南海トラフ巨大地震
173,liquefaction,多摩東部直下地震,8.5352,5<PL≤15,hazard_liquefaction_250m_多摩東部直下地震,liquefaction mesh polygon intersection,13107,墨田区,Tokyo Metropolitan,Designated,記念物,旧跡,point,磐瀬京伝墓,液状化,多摩東部直下地震,液状化｜多摩東部直下地震
173,liquefaction,大正関東地震,7.738,5<PL≤15,hazard_liquefaction_250m_大正関東地震,liquefaction mesh polygon intersection,13107,墨田区,Tokyo Metropolitan,Designated,記念物,旧跡,point,磐瀬京伝墓,液状化,大正関東地震,液状化｜大正関東地震
173,liquefaction,都心南部直下地震,9.1048,5<PL≤15,hazard_liquefaction_250m_都心南部直下地震,liquefaction mesh polygon intersection,13107,墨田区,Tokyo Metropolitan,Designated,記念物,旧跡,point,磐瀬京伝墓,液状化,都心南部直下地震,液状化｜都心南部直下地震
174,liquefaction,南海トラフ巨大地震,2.4096,0<PL≤5,hazard_liquefaction_250m_南海トラフ巨大地震,liquefaction mesh polygon intersection,13107,墨田区,Tokyo Metropolitan,Designated,記念物,旧跡,point,磐瀬京山墓,液状化,南海トラフ巨大地震,液状化｜南海トラフ巨大地震
174,liquefaction,多摩東部直下地震,8.5352,5<PL≤15,hazard_liquefaction_250m_多摩東部直下地震,liquefaction mesh polygon intersection,13107,墨田区,Tokyo Metropolitan,Designated,記念物,旧跡,point,磐瀬京山墓,液状化,多摩東部直下地震,液状化｜多摩東部直下地震
174,liquefaction,大正関東地震,7.738,5<PL≤15,hazard_liquefaction_250m_大正関東地震,liquefaction mesh polygon intersection,13107,墨田区,Tokyo Metropolitan,Designated,記念物,旧跡,point,磐瀬京山墓,液状化,大正関東地震,液状化｜大正関東地震
174,liquefaction,都心南部直下地震,9.1048,5<PL≤15,hazard_liquefaction_250m_都心南部直下地震,liquefaction mesh polygon intersection,13107,墨田区,Tokyo Metropolitan,Designated,記念物,旧跡,point,磐瀬京山墓,液状化,都心南部直下地震,液状化｜都心南部直下地震
197,liquefaction,南海トラフ巨大地震,3.1388,0<PL≤5,hazard_liquefaction_250m_南海トラフ巨大地震,liquefaction mesh polygon intersection,13107,墨田区,Tokyo Metropolitan,Designated,記念物,名勝,point,旧安田庭園,液状化,南海トラフ巨大地震,液状化｜南海トラフ巨大地震
197,liquefaction,多摩東部直下地震,12.396,5<PL≤15,hazard_liquefaction_250m_多摩東部直下地震,liquefaction mesh polygon intersection,13107,墨田区,Tokyo Metropolitan,Designated,記念物,名勝,point,旧安田庭園,液状化,多摩東部直下地震,液状化｜多摩東部直下地震
197,liquefaction,大正関東地震,10.9832,5<PL≤15,hazard_liquefaction_250m_大正関東地震,liquefaction mesh polygon intersection,13107,墨田区,Tokyo Metropolitan,Designated,記念物,名勝,point,旧安田庭園,液状化,大正関東地震,液状化｜大正関東地震
197,liquefaction,都心南部直下地震,13.1564,5<PL≤15,hazard_liquefaction_250m_都心南部直下地震,liquefaction mesh polygon intersection,13107,墨田区,Tokyo Metropolitan,Designated,記念物,名勝,point,旧安田庭園,液状化,都心南部直下地震,液状化｜都心南部直下地震
95,liquefaction,多摩東部直下地震,6.852222222,5<PL≤15,hazard_liquefaction_250m_多摩東部直下地震,liquefaction mesh polygon intersection,13107,墨田区,Tokyo Metropolitan,Designated,有形文化財,歴史資料,point,石造明暦大火横死者等供養塔,液状化,多摩東部直下地震,液状化｜多摩東部直下地震
95,liquefaction,大正関東地震,3.008888889,0<PL≤5,hazard_liquefaction_250m_大正関東地震,liquefaction mesh polygon intersection,13107,墨田区,Tokyo Metropolitan,Designated,有形文化財,歴史資料,point,石造明暦大火横死者等供養塔,液状化,大正関東地震,液状化｜大正関東地震
95,liquefaction,都心南部直下地震,4.904444444,0<PL≤5,hazard_liquefaction_250m_都心南部直下地震,liquefaction mesh polygon intersection,13107,墨田区,Tokyo Metropolitan,Designated,有形文化財,歴史資料,point,石造明暦大火横死者等供養塔,液状化,都心南部直下地震,液状化｜都心南部直下地震
official_export_002:276,liquefaction,南海トラフ巨大地震,5.566,5<PL≤15,hazard_liquefaction_250m_南海トラフ巨大地震,liquefaction mesh polygon intersection,13107,墨田区,National,Registered,有形文化財,建造物,building_direct,墨田区立言問小学校校舎,液状化,南海トラフ巨大地震,液状化｜南海トラフ巨大地震
official_export_002:276,liquefaction,多摩東部直下地震,14.7924,5<PL≤15,hazard_liquefaction_250m_多摩東部直下地震,liquefaction mesh polygon intersection,13107,墨田区,National,Registered,有形文化財,建造物,building_direct,墨田区立言問小学校校舎,液状化,多摩東部直下地震,液状化｜多摩東部直下地震
official_export_002:276,liquefaction,大正関東地震,13.3392,5<PL≤15,hazard_liquefaction_250m_大正関東地震,liquefaction mesh polygon intersection,13107,墨田区,National,Registered,有形文化財,建造物,building_direct,墨田区立言問小学校校舎,液状化,大正関東地震,液状化｜大正関東地震
official_export_002:276,liquefaction,都心南部直下地震,15.0828,PL>15,hazard_liquefaction_250m_都心南部直下地震,liquefaction mesh polygon intersection,13107,墨田区,National,Registered,有形文化財,建造物,building_direct,墨田区立言問小学校校舎,液状化,都心南部直下地震,液状化｜都心南部直下地震
official_export_002:277,liquefaction,南海トラフ巨大地震,5.1832,5<PL≤15,hazard_liquefaction_250m_南海トラフ巨大地震,liquefaction mesh polygon intersection,13107,墨田区,National,Registered,有形文化財,建造物,building_direct,墨田区立言問小学校講堂,液状化,南海トラフ巨大地震,液状化｜南海トラフ巨大地震
official_export_002:277,liquefaction,多摩東部直下地震,13.8664,5<PL≤15,hazard_liquefaction_250m_多摩東部直下地震,liquefaction mesh polygon intersection,13107,墨田区,National,Registered,有形文化財,建造物,building_direct,墨田区立言問小学校講堂,液状化,多摩東部直下地震,液状化｜多摩東部直下地震
official_export_002:277,liquefaction,大正関東地震,12.5208,5<PL≤15,hazard_liquefaction_250m_大正関東地震,liquefaction mesh polygon intersection,13107,墨田区,National,Registered,有形文化財,建造物,building_direct,墨田区立言問小学校講堂,液状化,大正関東地震,液状化｜大正関東地震
official_export_002:277,liquefaction,都心南部直下地震,14.1792,5<PL≤15,hazard_liquefaction_250m_都心南部直下地震,liquefaction mesh polygon intersection,13107,墨田区,National,Registered,有形文化財,建造物,building_direct,墨田区立言問小学校講堂,液状化,都心南部直下地震,液状化｜都心南部直下地震
official_export_002:327,liquefaction,南海トラフ巨大地震,0.456,0<PL≤5,hazard_liquefaction_250m_南海トラフ巨大地震,liquefaction mesh polygon intersection,13107,墨田区,National,Registered,有形文化財,建造物,building_direct,照田家住宅主屋,液状化,南海トラフ巨大地震,液状化｜南海トラフ巨大地震
official_export_002:327,liquefaction,多摩東部直下地震,2.6796,0<PL≤5,hazard_liquefaction_250m_多摩東部直下地震,liquefaction mesh polygon intersection,13107,墨田区,National,Registered,有形文化財,建造物,building_direct,照田家住宅主屋,液状化,多摩東部直下地震,液状化｜多摩東部直下地震
official_export_002:327,liquefaction,大正関東地震,2.4332,0<PL≤5,hazard_liquefaction_250m_大正関東地震,liquefaction mesh polygon intersection,13107,墨田区,National,Registered,有形文化財,建造物,building_direct,照田家住宅主屋,液状化,大正関東地震,液状化｜大正関東地震
official_export_002:327,liquefaction,都心南部直下地震,2.9276,0<PL≤5,hazard_liquefaction_250m_都心南部直下地震,liquefaction mesh polygon intersection,13107,墨田区,National,Registered,有形文化財,建造物,building_direct,照田家住宅主屋,液状化,都心南部直下地震,液状化｜都心南部直下地震
official_export_002:99,liquefaction,南海トラフ巨大地震,2.9948,0<PL≤5,hazard_liquefaction_250m_南海トラフ巨大地震,liquefaction mesh polygon intersection,13107,墨田区,National,Registered,有形文化財,建造物,building_direct,割烹美家古向島本店店舗,液状化,南海トラフ巨大地震,液状化｜南海トラフ巨大地震
official_export_002:99,liquefaction,多摩東部直下地震,9.3048,5<PL≤15,hazard_liquefaction_250m_多摩東部直下地震,liquefaction mesh polygon intersection,13107,墨田区,National,Registered,有形文化財,建造物,building_direct,割烹美家古向島本店店舗,液状化,多摩東部直下地震,液状化｜多摩東部直下地震
official_export_002:99,liquefaction,大正関東地震,8.278,5<PL≤15,hazard_liquefaction_250m_大正関東地震,liquefaction mesh polygon intersection,13107,墨田区,National,Registered,有形文化財,建造物,building_direct,割烹美家古向島本店店舗,液状化,大正関東地震,液状化｜大正関東地震
official_export_002:99,liquefaction,都心南部直下地震,9.514,5<PL≤15,hazard_liquefaction_250m_都心南部直下地震,liquefaction mesh polygon intersection,13107,墨田区,National,Registered,有形文化財,建造物,building_direct,割烹美家古向島本店店舗,液状化,都心南部直下地震,液状化｜都心南部直下地震
official_export_003:65,liquefaction,南海トラフ巨大地震,9.504,5<PL≤15,hazard_liquefaction_250m_南海トラフ巨大地震,liquefaction mesh polygon intersection,13107,墨田区,National,Designated,記念物,天然記念物,point,向島百花園,液状化,南海トラフ巨大地震,液状化｜南海トラフ巨大地震
official_export_003:65,liquefaction,多摩東部直下地震,25.548,PL>15,hazard_liquefaction_250m_多摩東部直下地震,liquefaction mesh polygon intersection,13107,墨田区,National,Designated,記念物,天然記念物,point,向島百花園,液状化,多摩東部直下地震,液状化｜多摩東部直下地震
official_export_003:65,liquefaction,大正関東地震,22.4156,PL>15,hazard_liquefaction_250m_大正関東地震,liquefaction mesh polygon intersection,13107,墨田区,National,Designated,記念物,天然記念物,point,向島百花園,液状化,大正関東地震,液状化｜大正関東地震
official_export_003:65,liquefaction,都心南部直下地震,26.9084,PL>15,hazard_liquefaction_250m_都心南部直下地震,liquefaction mesh polygon intersection,13107,墨田区,National,Designated,記念物,天然記念物,point,向島百花園,液状化,都心南部直下地震,液状化｜都心南部直下地震
131075100105,river_flooding,L2（想定最大規模）,0.69,0.5m以上3m未満,江東内部河川流域,PLATEAU building risk,13107,墨田区,Municipal,Unknown,民俗文化財,有形民俗文化財,point,香取神社の石造水鉢(禊盥),河川浸水,L2（想定最大規模）,河川浸水｜L2（想定最大規模）
131075100105,high_tide,PLATEAU建築物リスク,4.78,3m以上5m未満,東京都高潮浸水想定区域図（令和6年12月19日）,PLATEAU building risk,13107,墨田区,Municipal,Unknown,民俗文化財,有形民俗文化財,point,香取神社の石造水鉢(禊盥),高潮,PLATEAU建築物リスク,高潮｜PLATEAU建築物リスク
131075100014,river_flooding,L2（想定最大規模）,0.08,0.5m未満,隅田川・新河岸川流域,PLATEAU building risk,13107,墨田区,Municipal,Unknown,有形文化財,建造物,building_direct,實相寺熊谷稲荷堂 附再建関連文書ニ点・青図三枚・写真一点,河川浸水,L2（想定最大規模）,河川浸水｜L2（想定最大規模）
131075100014,high_tide,PLATEAU建築物リスク,1.22,0.5m以上3m未満,東京都高潮浸水想定区域図（令和6年12月19日）,PLATEAU building risk,13107,墨田区,Municipal,Unknown,有形文化財,建造物,building_direct,實相寺熊谷稲荷堂 附再建関連文書ニ点・青図三枚・写真一点,高潮,PLATEAU建築物リスク,高潮｜PLATEAU建築物リスク
official_export_002:277,river_flooding,L2（想定最大規模）,0.66,0.5m以上3m未満,隅田川・新河岸川流域,PLATEAU building risk,13107,墨田区,National,Registered,有形文化財,建造物,building_direct,墨田区立言問小学校講堂,河川浸水,L2（想定最大規模）,河川浸水｜L2（想定最大規模）
official_export_002:277,high_tide,PLATEAU建築物リスク,3.56,3m以上5m未満,東京都高潮浸水想定区域図（令和6年12月19日）,PLATEAU building risk,13107,墨田区,National,Registered,有形文化財,建造物,building_direct,墨田区立言問小学校講堂,高潮,PLATEAU建築物リスク,高潮｜PLATEAU建築物リスク
official_export_002:99,river_flooding,L2（想定最大規模）,0.06,0.5m未満,隅田川・新河岸川流域,PLATEAU building risk,13107,墨田区,National,Registered,有形文化財,建造物,building_direct,割烹美家古向島本店店舗,河川浸水,L2（想定最大規模）,河川浸水｜L2（想定最大規模）
official_export_002:99,high_tide,PLATEAU建築物リスク,2.2,0.5m以上3m未満,東京都高潮浸水想定区域図（令和6年12月19日）,PLATEAU building risk,13107,墨田区,National,Registered,有形文化財,建造物,building_direct,割烹美家古向島本店店舗,高潮,PLATEAU建築物リスク,高潮｜PLATEAU建築物リスク
131075100050,river_flooding,L2（想定最大規模）,0.56,0.5m以上3m未満,江東内部河川流域,PLATEAU building risk,13107,墨田区,Municipal,Unknown,有形文化財,歴史資料,point,啓運閣所蔵板碑 ※非公開,河川浸水,L2（想定最大規模）,河川浸水｜L2（想定最大規模）
131075100050,high_tide,PLATEAU建築物リスク,4.12,3m以上5m未満,東京都高潮浸水想定区域図（令和6年12月19日）,PLATEAU building risk,13107,墨田区,Municipal,Unknown,有形文化財,歴史資料,point,啓運閣所蔵板碑 ※非公開,高潮,PLATEAU建築物リスク,高潮｜PLATEAU建築物リスク
131075100066,river_flooding,L2（想定最大規模）,0.45,0.5m未満,隅田川・新河岸川流域,PLATEAU building risk,13107,墨田区,Municipal,Unknown,有形文化財,歴史資料,point,絹本墨書扁額「明明徳」,河川浸水,L2（想定最大規模）,河川浸水｜L2（想定最大規模）
131075100066,high_tide,PLATEAU建築物リスク,2.41,0.5m以上3m未満,東京都高潮浸水想定区域図（令和6年12月19日）,PLATEAU building risk,13107,墨田区,Municipal,Unknown,有形文化財,歴史資料,point,絹本墨書扁額「明明徳」,高潮,PLATEAU建築物リスク,高潮｜PLATEAU建築物リスク
131075100057,river_flooding,L2（想定最大規模）,0.13,0.5m未満,隅田川・新河岸川流域,PLATEAU building risk,13107,墨田区,Municipal,Unknown,有形文化財,歴史資料,point,蓮花寺の石柱道標 文化十五年銘 一基 文政五年銘 一基,河川浸水,L2（想定最大規模）,河川浸水｜L2（想定最大規模）
131075100057,high_tide,PLATEAU建築物リスク,3.23,3m以上5m未満,東京都高潮浸水想定区域図（令和6年12月19日）,PLATEAU building risk,13107,墨田区,Municipal,Unknown,有形文化財,歴史資料,point,蓮花寺の石柱道標 文化十五年銘 一基 文政五年銘 一基,高潮,PLATEAU建築物リスク,高潮｜PLATEAU建築物リスク
131075100069,river_flooding,L2（想定最大規模）,0.01,0.5m未満,隅田川・新河岸川流域,PLATEAU building risk,13107,墨田区,Municipal,Unknown,有形文化財,歴史資料,point,石造「夜寉井銘」の碑,河川浸水,L2（想定最大規模）,河川浸水｜L2（想定最大規模）
131075100069,high_tide,PLATEAU建築物リスク,1.96,0.5m以上3m未満,東京都高潮浸水想定区域図（令和6年12月19日）,PLATEAU building risk,13107,墨田区,Municipal,Unknown,有形文化財,歴史資料,point,石造「夜寉井銘」の碑,高潮,PLATEAU建築物リスク,高潮｜PLATEAU建築物リスク
official_export_002:327,river_flooding,L2（想定最大規模）,0.04,0.5m未満,隅田川・新河岸川流域,PLATEAU building risk,13107,墨田区,National,Registered,有形文化財,建造物,building_direct,照田家住宅主屋,河川浸水,L2（想定最大規模）,河川浸水｜L2（想定最大規模）
official_export_002:327,high_tide,PLATEAU建築物リスク,2.07,0.5m以上3m未満,東京都高潮浸水想定区域図（令和6年12月19日）,PLATEAU building risk,13107,墨田区,National,Registered,有形文化財,建造物,building_direct,照田家住宅主屋,高潮,PLATEAU建築物リスク,高潮｜PLATEAU建築物リスク
official_export_002:276,river_flooding,L2（想定最大規模）,0.66,0.5m以上3m未満,隅田川・新河岸川流域,PLATEAU building risk,13107,墨田区,National,Registered,有形文化財,建造物,building_direct,墨田区立言問小学校校舎,河川浸水,L2（想定最大規模）,河川浸水｜L2（想定最大規模）
official_export_002:276,high_tide,PLATEAU建築物リスク,3.58,3m以上5m未満,東京都高潮浸水想定区域図（令和6年12月19日）,PLATEAU building risk,13107,墨田区,National,Registered,有形文化財,建造物,building_direct,墨田区立言問小学校校舎,高潮,PLATEAU建築物リスク,高潮｜PLATEAU建築物リスク
131075100149,river_flooding,L2（想定最大規模）,0.02,0.5m未満,隅田川・新河岸川流域,PLATEAU building risk,13107,墨田区,Municipal,Unknown,民俗文化財,無形民俗文化財(民俗芸能),point,隅田囃子(箕輪囃子),河川浸水,L2（想定最大規模）,河川浸水｜L2（想定最大規模）
131075100149,high_tide,PLATEAU建築物リスク,3.53,3m以上5m未満,東京都高潮浸水想定区域図（令和6年12月19日）,PLATEAU building risk,13107,墨田区,Municipal,Unknown,民俗文化財,無形民俗文化財(民俗芸能),point,隅田囃子(箕輪囃子),高潮,PLATEAU建築物リスク,高潮｜PLATEAU建築物リスク
131075100116,river_flooding,L2（想定最大規模）,0.51,0.5m以上3m未満,江東内部河川流域,PLATEAU building risk,13107,墨田区,Municipal,Unknown,民俗文化財,有形民俗文化財,point,力石,河川浸水,L2（想定最大規模）,河川浸水｜L2（想定最大規模）
131075100116,high_tide,PLATEAU建築物リスク,4.08,3m以上5m未満,東京都高潮浸水想定区域図（令和6年12月19日）,PLATEAU building risk,13107,墨田区,Municipal,Unknown,民俗文化財,有形民俗文化財,point,力石,高潮,PLATEAU建築物リスク,高潮｜PLATEAU建築物リスク
131075100067,river_flooding,L2（想定最大規模）,0.46,0.5m未満,隅田川・新河岸川流域,PLATEAU building risk,13107,墨田区,Municipal,Unknown,有形文化財,歴史資料,point,歌川豊広辞世の狂歌碑,河川浸水,L2（想定最大規模）,河川浸水｜L2（想定最大規模）
131075100067,high_tide,PLATEAU建築物リスク,3.84,3m以上5m未満,東京都高潮浸水想定区域図（令和6年12月19日）,PLATEAU building risk,13107,墨田区,Municipal,Unknown,有形文化財,歴史資料,point,歌川豊広辞世の狂歌碑,高潮,PLATEAU建築物リスク,高潮｜PLATEAU建築物リスク
131075100122,river_flooding,L2（想定最大規模）,0.46,0.5m未満,江東内部河川流域,PLATEAU building risk,13107,墨田区,Municipal,Unknown,民俗文化財,有形民俗文化財,point,山玉向嶋講社の碑,河川浸水,L2（想定最大規模）,河川浸水｜L2（想定最大規模）
131075100122,high_tide,PLATEAU建築物リスク,3.65,3m以上5m未満,東京都高潮浸水想定区域図（令和6年12月19日）,PLATEAU building risk,13107,墨田区,Municipal,Unknown,民俗文化財,有形民俗文化財,point,山玉向嶋講社の碑,高潮,PLATEAU建築物リスク,高潮｜PLATEAU建築物リスク
131075100075,river_flooding,L2（想定最大規模）,0.11,0.5m未満,隅田川・新河岸川流域,PLATEAU building risk,13107,墨田区,Municipal,Unknown,有形文化財,歴史資料,point,大石三平墓,河川浸水,L2（想定最大規模）,河川浸水｜L2（想定最大規模）
131075100075,high_tide,PLATEAU建築物リスク,1.84,0.5m以上3m未満,東京都高潮浸水想定区域図（令和6年12月19日）,PLATEAU building risk,13107,墨田区,Municipal,Unknown,有形文化財,歴史資料,point,大石三平墓,高潮,PLATEAU建築物リスク,高潮｜PLATEAU建築物リスク
95,river_flooding,L2（想定最大規模）,0.01,0.5m未満,秋川・平井川流域,PLATEAU building risk,13107,墨田区,Tokyo Metropolitan,Designated,有形文化財,歴史資料,point,石造明暦大火横死者等供養塔,河川浸水,L2（想定最大規模）,河川浸水｜L2（想定最大規模）
131075100120,river_flooding,L2（想定最大規模）,0.03,0.5m未満,隅田川・新河岸川流域,PLATEAU building risk,13107,墨田区,Municipal,Unknown,民俗文化財,有形民俗文化財,point,安藤家旧蔵田舟,河川浸水,L2（想定最大規模）,河川浸水｜L2（想定最大規模）
131075100120,high_tide,PLATEAU建築物リスク,1.63,0.5m以上3m未満,東京都高潮浸水想定区域図（令和6年12月19日）,PLATEAU building risk,13107,墨田区,Municipal,Unknown,民俗文化財,有形民俗文化財,point,安藤家旧蔵田舟,高潮,PLATEAU建築物リスク,高潮｜PLATEAU建築物リスク
131075100004,river_flooding,L2（想定最大規模）,1.3,0.5m以上3m未満,江東内部河川流域,PLATEAU building risk,13107,墨田区,Municipal,Unknown,有形文化財,建造物,building_direct,旧小山家住宅,河川浸水,L2（想定最大規模）,河川浸水｜L2（想定最大規模）
131075100004,high_tide,PLATEAU建築物リスク,5.1,5m以上10m未満,東京都高潮浸水想定区域図（令和6年12月19日）,PLATEAU building risk,13107,墨田区,Municipal,Unknown,有形文化財,建造物,building_direct,旧小山家住宅,高潮,PLATEAU建築物リスク,高潮｜PLATEAU建築物リスク
131075100097,river_flooding,L2（想定最大規模）,0.13,0.5m未満,隅田川・新河岸川流域,PLATEAU building risk,13107,墨田区,Municipal,Unknown,民俗文化財,有形民俗文化財,point,如意輪寺の六面六地蔵石幢,河川浸水,L2（想定最大規模）,河川浸水｜L2（想定最大規模）
131075100097,high_tide,PLATEAU建築物リスク,1.79,0.5m以上3m未満,東京都高潮浸水想定区域図（令和6年12月19日）,PLATEAU building risk,13107,墨田区,Municipal,Unknown,民俗文化財,有形民俗文化財,point,如意輪寺の六面六地蔵石幢,高潮,PLATEAU建築物リスク,高潮｜PLATEAU建築物リスク
131075100103,river_flooding,L2（想定最大規模）,0.7,0.5m以上3m未満,江東内部河川流域,PLATEAU building risk,13107,墨田区,Municipal,Unknown,民俗文化財,有形民俗文化財,point,萬福寺の石造庚申塔 (青面金剛童子),河川浸水,L2（想定最大規模）,河川浸水｜L2（想定最大規模）
131075100103,high_tide,PLATEAU建築物リスク,4.03,3m以上5m未満,東京都高潮浸水想定区域図（令和6年12月19日）,PLATEAU building risk,13107,墨田区,Municipal,Unknown,民俗文化財,有形民俗文化財,point,萬福寺の石造庚申塔 (青面金剛童子),高潮,PLATEAU建築物リスク,高潮｜PLATEAU建築物リスク
131075100001,high_tide,,2.3,0.5–3 m,東京都 高潮浸水想定区域図,external polygon point-in-area,13107,墨田区,Municipal,Unknown,有形文化財,建造物,building_direct,牛嶋神社石造鳥居,高潮,高潮,高潮｜高潮
131075100002,high_tide,,4.73,3–5 m,東京都 高潮浸水想定区域図,external polygon point-in-area,13107,墨田区,Municipal,Unknown,有形文化財,建造物,building_direct,白髭神社石造鳥居,高潮,高潮,高潮｜高潮
131075100003,high_tide,,3.75,3–5 m,東京都 高潮浸水想定区域図,external polygon point-in-area,13107,墨田区,Municipal,Unknown,有形文化財,建造物,building_direct,多聞寺山門,高潮,高潮,高潮｜高潮
131075100004,high_tide,,5.1,5 m以上,東京都 高潮浸水想定区域図,external polygon point-in-area,13107,墨田区,Municipal,Unknown,有形文化財,建造物,building_direct,旧小山家住宅,高潮,高潮,高潮｜高潮
131075100006,high_tide,,2.83,0.5–3 m,東京都 高潮浸水想定区域図,external polygon point-in-area,13107,墨田区,Municipal,Unknown,有形文化財,建造物,building_direct,三囲神社石造鳥居(堤下の大鳥居),高潮,高潮,高潮｜高潮
131075100007,high_tide,,2.29,0.5–3 m,東京都 高潮浸水想定区域図,external polygon point-in-area,13107,墨田区,Municipal,Unknown,有形文化財,建造物,building_direct,弘福寺本堂(大雄寳殿),高潮,高潮,高潮｜高潮
131075100008,high_tide,,2.83,0.5–3 m,東京都 高潮浸水想定区域図,external polygon point-in-area,13107,墨田区,Municipal,Unknown,有形文化財,建造物,building_direct,三囲神社本社,高潮,高潮,高潮｜高潮
131075100010,high_tide,,2.3,0.5–3 m,東京都 高潮浸水想定区域図,external polygon point-in-area,13107,墨田区,Municipal,Unknown,有形文化財,建造物,building_direct,牛嶋神社社殿,高潮,高潮,高潮｜高潮
131075100011,high_tide,,2.3,0.5–3 m,東京都 高潮浸水想定区域図,external polygon point-in-area,13107,墨田区,Municipal,Unknown,有形文化財,建造物,building_direct,牛嶋神社神輿蔵,高潮,高潮,高潮｜高潮
131075100012,high_tide,,1.15,0.5–3 m,東京都 高潮浸水想定区域図,external polygon point-in-area,13107,墨田区,Municipal,Unknown,有形文化財,建造物,building_direct,隅田川神社社殿,高潮,高潮,高潮｜高潮
131075100014,high_tide,,1.22,0.5–3 m,東京都 高潮浸水想定区域図,external polygon point-in-area,13107,墨田区,Municipal,Unknown,有形文化財,建造物,building_direct,實相寺熊谷稲荷堂 附再建関連文書ニ点・青図三枚・写真一点,高潮,高潮,高潮｜高潮
131075100016,high_tide,,1.41,0.5–3 m,東京都 高潮浸水想定区域図,external polygon point-in-area,13107,墨田区,Municipal,Unknown,有形文化財,歴史資料,point,楢崎宗重博士旧蔵美術資料群(楢崎宗重コレクション),高潮,高潮,高潮｜高潮
131075100017,high_tide,,1.41,0.5–3 m,東京都 高潮浸水想定区域図,external polygon point-in-area,13107,墨田区,Municipal,Unknown,有形文化財,歴史資料,point,紙本着色「隅田川両岸景色図」一巻,高潮,高潮,高潮｜高潮
131075100047,high_tide,,1.05,0.5–3 m,東京都 高潮浸水想定区域図,external polygon point-in-area,13107,墨田区,Municipal,Unknown,有形文化財,歴史資料,point,都鳥手鑑 ※非公開,高潮,高潮,高潮｜高潮
131075100048,high_tide,,4.37,3–5 m,東京都 高潮浸水想定区域図,external polygon point-in-area,13107,墨田区,Municipal,Unknown,有形文化財,歴史資料,point,正福寺の板碑,高潮,高潮,高潮｜高潮
131075100049,high_tide,,3.53,3–5 m,東京都 高潮浸水想定区域図,external polygon point-in-area,13107,墨田区,Municipal,Unknown,有形文化財,歴史資料,point,法泉寺所蔵板碑 ※非公開,高潮,高潮,高潮｜高潮
131075100050,high_tide,,4.12,3–5 m,東京都 高潮浸水想定区域図,external polygon point-in-area,13107,墨田区,Municipal,Unknown,有形文化財,歴史資料,point,啓運閣所蔵板碑 ※非公開,高潮,高潮,高潮｜高潮
131075100052,high_tide,,2.63,0.5–3 m,東京都 高潮浸水想定区域図,external polygon point-in-area,13107,墨田区,Municipal,Unknown,有形文化財,歴史資料,point,松尾芭蕉「いざさらば」の句碑 (雪見の句碑),高潮,高潮,高潮｜高潮
131075100053,high_tide,,2.77,0.5–3 m,東京都 高潮浸水想定区域図,external polygon point-in-area,13107,墨田区,Municipal,Unknown,有形文化財,歴史資料,point,橋本家旧蔵板碑,高潮,高潮,高潮｜高潮
131075100054,high_tide,,2.3,0.5–3 m,東京都 高潮浸水想定区域図,external polygon point-in-area,13107,墨田区,Municipal,Unknown,有形文化財,歴史資料,point,烏亭焉馬「いそがずば」の狂歌碑,高潮,高潮,高潮｜高潮
131075100055,high_tide,,2.83,0.5–3 m,東京都 高潮浸水想定区域図,external polygon point-in-area,13107,墨田区,Municipal,Unknown,有形文化財,歴史資料,point,宝井其角「ゆうだちや」の句碑 (雨乞いの句碑),高潮,高潮,高潮｜高潮
131075100056,high_tide,,3.18,3–5 m,東京都 高潮浸水想定区域図,external polygon point-in-area,13107,墨田区,Municipal,Unknown,有形文化財,歴史資料,point,秋葉神社の石造燈籠 寛保元年銘 二基 宝永元年銘 二基 宝永二年銘 二基,高潮,高潮,高潮｜高潮
131075100057,high_tide,,3.2,3–5 m,東京都 高潮浸水想定区域図,external polygon point-in-area,13107,墨田区,Municipal,Unknown,有形文化財,歴史資料,point,蓮花寺の石柱道標 文化十五年銘 一基 文政五年銘 一基,高潮,高潮,高潮｜高潮
131075100058,high_tide,,2.24,0.5–3 m,東京都 高潮浸水想定区域図,external polygon point-in-area,13107,墨田区,Municipal,Unknown,有形文化財,歴史資料,point,要津寺雪中庵関係石碑群,高潮,高潮,高潮｜高潮
131075100059,high_tide,,3.75,3–5 m,東京都 高潮浸水想定区域図,external polygon point-in-area,13107,墨田区,Municipal,Unknown,有形文化財,歴史資料,point,多聞寺の板碑,高潮,高潮,高潮｜高潮
131075100061,high_tide,,1.24,0.5–3 m,東京都 高潮浸水想定区域図,external polygon point-in-area,13107,墨田区,Municipal,Unknown,有形文化財,歴史資料,point,石造海難供養碑,高潮,高潮,高潮｜高潮
131075100062,high_tide,,2.83,0.5–3 m,東京都 高潮浸水想定区域図,external polygon point-in-area,13107,墨田区,Municipal,Unknown,有形文化財,歴史資料,point,三囲神社の石造常夜燈,高潮,高潮,高潮｜高潮
131075100063,high_tide,,1.66,0.5–3 m,東京都 高潮浸水想定区域図,external polygon point-in-area,13107,墨田区,Municipal,Unknown,有形文化財,歴史資料,point,石造墨堤永代常夜燈,高潮,高潮,高潮｜高潮
131075100064,high_tide,,3.71,3–5 m,東京都 高潮浸水想定区域図,external polygon point-in-area,13107,墨田区,Municipal,Unknown,有形文化財,歴史資料,point,吾嬬神社の連理の楠,高潮,高潮,高潮｜高潮
131075100065,high_tide,,2.68,0.5–3 m,東京都 高潮浸水想定区域図,external polygon point-in-area,13107,墨田区,Municipal,Unknown,有形文化財,歴史資料,point,墨堤植桜之碑,高潮,高潮,高潮｜高潮
131075100066,high_tide,,2.12,0.5–3 m,東京都 高潮浸水想定区域図,external polygon point-in-area,13107,墨田区,Municipal,Unknown,有形文化財,歴史資料,point,絹本墨書扁額「明明徳」,高潮,高潮,高潮｜高潮
131075100067,high_tide,,3.84,3–5 m,東京都 高潮浸水想定区域図,external polygon point-in-area,13107,墨田区,Municipal,Unknown,有形文化財,歴史資料,point,歌川豊広辞世の狂歌碑,高潮,高潮,高潮｜高潮
131075100069,high_tide,,1.96,0.5–3 m,東京都 高潮浸水想定区域図,external polygon point-in-area,13107,墨田区,Municipal,Unknown,有形文化財,歴史資料,point,石造「夜寉井銘」の碑,高潮,高潮,高潮｜高潮
131075100070,high_tide,,1.5,0.5–3 m,東京都 高潮浸水想定区域図,external polygon point-in-area,13107,墨田区,Municipal,Unknown,有形文化財,歴史資料,point,生月鯨太左衛門の墓 ※非公開,高潮,高潮,高潮｜高潮
131075100071,high_tide,,1.24,0.5–3 m,東京都 高潮浸水想定区域図,external polygon point-in-area,13107,墨田区,Municipal,Unknown,有形文化財,歴史資料,point,無縁法界塔,高潮,高潮,高潮｜高潮
131075100072,high_tide,,5.84,5 m以上,東京都 高潮浸水想定区域図,external polygon point-in-area,13107,墨田区,Municipal,Unknown,有形文化財,歴史資料,point,板坂如春の碑(2基),高潮,高潮,高潮｜高潮
131075100073,high_tide,,2.77,0.5–3 m,東京都 高潮浸水想定区域図,external polygon point-in-area,13107,墨田区,Municipal,Unknown,有形文化財,歴史資料,point,芥川家旧蔵雛人形,高潮,高潮,高潮｜高潮
131075100074,high_tide,,1.05,0.5–3 m,東京都 高潮浸水想定区域図,external polygon point-in-area,13107,墨田区,Municipal,Unknown,有形文化財,歴史資料,point,「天下之糸平」の碑,高潮,高潮,高潮｜高潮
131075100075,high_tide,,1.84,0.5–3 m,東京都 高潮浸水想定区域図,external polygon point-in-area,13107,墨田区,Municipal,Unknown,有形文化財,歴史資料,point,大石三平墓,高潮,高潮,高潮｜高潮
131075100076,high_tide,,1.92,0.5–3 m,東京都 高潮浸水想定区域図,external polygon point-in-area,13107,墨田区,Municipal,Unknown,有形文化財,歴史資料,point,江島杉山神社の銅製釣燈籠,高潮,高潮,高潮｜高潮
131075100077,high_tide,,3.12,3–5 m,東京都 高潮浸水想定区域図,external polygon point-in-area,13107,墨田区,Municipal,Unknown,有形文化財,歴史資料,point,佐羽淡斎「墨多三絶」の漢詩碑,高潮,高潮,高潮｜高潮
131075100078,high_tide,,1.05,0.5–3 m,東京都 高潮浸水想定区域図,external polygon point-in-area,13107,墨田区,Municipal,Unknown,有形文化財,歴史資料,point,亀田鵬斎「題隅田堤櫻花」の漢詩碑,高潮,高潮,高潮｜高潮
131075100079,high_tide,,3.71,3–5 m,東京都 高潮浸水想定区域図,external polygon point-in-area,13107,墨田区,Municipal,Unknown,有形文化財,歴史資料,point,「吾嬬森碑」,高潮,高潮,高潮｜高潮
131075100080,high_tide,,1.65,0.5–3 m,東京都 高潮浸水想定区域図,external polygon point-in-area,13107,墨田区,Municipal,Unknown,有形文化財,歴史資料,point,近松門左衛門供養碑(断片) ※非公開,高潮,高潮,高潮｜高潮
131075100081,high_tide,,2.83,0.5–3 m,東京都 高潮浸水想定区域図,external polygon point-in-area,13107,墨田区,Municipal,Unknown,有形文化財,歴史資料,point,「一勇斎歌川先生墓表」(歌川国芳顕彰碑),高潮,高潮,高潮｜高潮
131075100082,high_tide,,2.63,0.5–3 m,東京都 高潮浸水想定区域図,external polygon point-in-area,13107,墨田区,Municipal,Unknown,有形文化財,歴史資料,point,「勝川春英翁略傳」の碑,高潮,高潮,高潮｜高潮
131075100083,high_tide,,1.65,0.5–3 m,東京都 高潮浸水想定区域図,external polygon point-in-area,13107,墨田区,Municipal,Unknown,有形文化財,歴史資料,point,初代歌川豊国筆塚(断片),高潮,高潮,高潮｜高潮
131075100084,high_tide,,3.53,3–5 m,東京都 高潮浸水想定区域図,external polygon point-in-area,13107,墨田区,Municipal,Unknown,有形文化財,歴史資料,point,窪俊満「故郷の」の歌碑,高潮,高潮,高潮｜高潮
131075100085,high_tide,,2.77,0.5–3 m,東京都 高潮浸水想定区域図,external polygon point-in-area,13107,墨田区,Municipal,Unknown,有形文化財,歴史資料,point,鈴木家旧蔵雛人形,高潮,高潮,高潮｜高潮
131075100086,high_tide,,3.01,3–5 m,東京都 高潮浸水想定区域図,external polygon point-in-area,13107,墨田区,Municipal,Unknown,有形文化財,歴史資料,point,太田氏七代供養塔,高潮,高潮,高潮｜高潮
131075100087,high_tide,,3.01,3–5 m,東京都 高潮浸水想定区域図,external polygon point-in-area,13107,墨田区,Municipal,Unknown,有形文化財,歴史資料,point,旗本太田資同墓碑,高潮,高潮,高潮｜高潮
131075100088,high_tide,,1.15,0.5–3 m,東京都 高潮浸水想定区域図,external polygon point-in-area,13107,墨田区,Municipal,Unknown,有形文化財,歴史資料,point,隅田川神社資料,高潮,高潮,高潮｜高潮
131075100089,high_tide,,1.15,0.5–3 m,東京都 高潮浸水想定区域図,external polygon point-in-area,13107,墨田区,Municipal,Unknown,有形文化財,歴史資料,point,矢掛弓雄関係石碑群,高潮,高潮,高潮｜高潮
131075100090,high_tide,,1.15,0.5–3 m,東京都 高潮浸水想定区域図,external polygon point-in-area,13107,墨田区,Municipal,Unknown,有形文化財,歴史資料,point,木阿弥(元杢網)「けふよりも」の歌碑,高潮,高潮,高潮｜高潮
131075100091,high_tide,,1.39,0.5–3 m,東京都 高潮浸水想定区域図,external polygon point-in-area,13107,墨田区,Municipal,Unknown,有形文化財,歴史資料,point,義士墓(那珂湊戦争関連資料),高潮,高潮,高潮｜高潮
131075100092,high_tide,,1.42,0.5–3 m,東京都 高潮浸水想定区域図,external polygon point-in-area,13107,墨田区,Municipal,Unknown,有形文化財,歴史資料,point,回向院の石造歴史災害供養塔群,高潮,高潮,高潮｜高潮
131075100095,high_tide,,2.3,0.5–3 m,東京都 高潮浸水想定区域図,external polygon point-in-area,13107,墨田区,Municipal,Unknown,民俗文化財,有形民俗文化財,point,牛嶋神社の石造狛犬 享保十四年銘 一対 文政十年銘 一対,高潮,高潮,高潮｜高潮
131075100096,high_tide,,2.83,0.5–3 m,東京都 高潮浸水想定区域図,external polygon point-in-area,13107,墨田区,Municipal,Unknown,民俗文化財,有形民俗文化財,point,三囲神社の石造狛犬,高潮,高潮,高潮｜高潮
131075100097,high_tide,,1.79,0.5–3 m,東京都 高潮浸水想定区域図,external polygon point-in-area,13107,墨田区,Municipal,Unknown,民俗文化財,有形民俗文化財,point,如意輪寺の六面六地蔵石幢,高潮,高潮,高潮｜高潮
131075100098,high_tide,,4.37,3–5 m,東京都 高潮浸水想定区域図,external polygon point-in-area,13107,墨田区,Municipal,Unknown,民俗文化財,有形民俗文化財,point,正福寺の石造阿弥陀如来立像,高潮,高潮,高潮｜高潮
131075100099,high_tide,,3.75,3–5 m,東京都 高潮浸水想定区域図,external polygon point-in-area,13107,墨田区,Municipal,Unknown,民俗文化財,有形民俗文化財,point,多聞寺の石造庚申塔(阿弥陀如来),高潮,高潮,高潮｜高潮
131075100100,high_tide,,3.8,3–5 m,東京都 高潮浸水想定区域図,external polygon point-in-area,13107,墨田区,Municipal,Unknown,民俗文化財,有形民俗文化財,point,圓徳寺の石造庚申塔(釈迦如来),高潮,高潮,高潮｜高潮
131075100101,high_tide,,3.71,3–5 m,東京都 高潮浸水想定区域図,external polygon point-in-area,13107,墨田区,Municipal,Unknown,民俗文化財,有形民俗文化財,point,吾嬬神社の石造狛犬,高潮,高潮,高潮｜高潮
131075100103,high_tide,,4.03,3–5 m,東京都 高潮浸水想定区域図,external polygon point-in-area,13107,墨田区,Municipal,Unknown,民俗文化財,有形民俗文化財,point,萬福寺の石造庚申塔 (青面金剛童子),高潮,高潮,高潮｜高潮
131075100104,high_tide,,3.12,3–5 m,東京都 高潮浸水想定区域図,external polygon point-in-area,13107,墨田区,Municipal,Unknown,民俗文化財,有形民俗文化財,point,白鬚神社の石造狛犬,高潮,高潮,高潮｜高潮
131075100105,high_tide,,4.63,3–5 m,東京都 高潮浸水想定区域図,external polygon point-in-area,13107,墨田区,Municipal,Unknown,民俗文化財,有形民俗文化財,point,香取神社の石造水鉢(禊盥),高潮,高潮,高潮｜高潮
131075100106,high_tide,,2.3,0.5–3 m,東京都 高潮浸水想定区域図,external polygon point-in-area,13107,墨田区,Municipal,Unknown,民俗文化財,有形民俗文化財,point,牛嶋神社の石造神牛,高潮,高潮,高潮｜高潮
131075100107,high_tide,,2.83,0.5–3 m,東京都 高潮浸水想定区域図,external polygon point-in-area,13107,墨田区,Municipal,Unknown,民俗文化財,有形民俗文化財,point,三囲神社の石造神狐,高潮,高潮,高潮｜高潮
131075100108,high_tide,,2.63,0.5–3 m,東京都 高潮浸水想定区域図,external polygon point-in-area,13107,墨田区,Municipal,Unknown,民俗文化財,有形民俗文化財,point,長命寺の石造庚申塔 (地蔵菩薩),高潮,高潮,高潮｜高潮
131075100109,high_tide,,3.9,3–5 m,東京都 高潮浸水想定区域図,external polygon point-in-area,13107,墨田区,Municipal,Unknown,民俗文化財,有形民俗文化財,point,正覚寺の石造庚申塔(青面金剛童子),高潮,高潮,高潮｜高潮
131075100110,high_tide,,1.24,0.5–3 m,東京都 高潮浸水想定区域図,external polygon point-in-area,13107,墨田区,Municipal,Unknown,民俗文化財,有形民俗文化財,point,回向院の石造阿弥陀三尊立像,高潮,高潮,高潮｜高潮
131075100111,high_tide,,3.31,3–5 m,東京都 高潮浸水想定区域図,external polygon point-in-area,13107,墨田区,Municipal,Unknown,民俗文化財,有形民俗文化財,point,円通寺の石造地蔵菩薩立像,高潮,高潮,高潮｜高潮
131075100112,high_tide,,3.75,3–5 m,東京都 高潮浸水想定区域図,external polygon point-in-area,13107,墨田区,Municipal,Unknown,民俗文化財,有形民俗文化財,point,多聞寺の石造六地蔵坐像,高潮,高潮,高潮｜高潮
131075100113,high_tide,,3.53,3–5 m,東京都 高潮浸水想定区域図,external polygon point-in-area,13107,墨田区,Municipal,Unknown,民俗文化財,有形民俗文化財,point,法泉寺の石造地蔵菩薩立像,高潮,高潮,高潮｜高潮
131075100114,high_tide,,5.84,5 m以上,東京都 高潮浸水想定区域図,external polygon point-in-area,13107,墨田区,Municipal,Unknown,民俗文化財,有形民俗文化財,point,東漸寺の石造庚申道標,高潮,高潮,高潮｜高潮
131075100115,high_tide,,2.3,0.5–3 m,東京都 高潮浸水想定区域図,external polygon point-in-area,13107,墨田区,Municipal,Unknown,民俗文化財,有形民俗文化財,point,牛嶋神社境内力石群,高潮,高潮,高潮｜高潮
131075100116,high_tide,,4.08,3–5 m,東京都 高潮浸水想定区域図,external polygon point-in-area,13107,墨田区,Municipal,Unknown,民俗文化財,有形民俗文化財,point,力石,高潮,高潮,高潮｜高潮
131075100117,high_tide,,3.71,3–5 m,東京都 高潮浸水想定区域図,external polygon point-in-area,13107,墨田区,Municipal,Unknown,民俗文化財,有形民俗文化財,point,吾嬬神社境内力石群,高潮,高潮,高潮｜高潮
131075100118,high_tide,,2.3,0.5–3 m,東京都 高潮浸水想定区域図,external polygon point-in-area,13107,墨田区,Municipal,Unknown,民俗文化財,有形民俗文化財,point,牛嶋神社石造神牛(撫牛),高潮,高潮,高潮｜高潮
131075100119,high_tide,,1.24,0.5–3 m,東京都 高潮浸水想定区域図,external polygon point-in-area,13107,墨田区,Municipal,Unknown,民俗文化財,有形民俗文化財,point,鼠小僧供養碑(鼠小僧の墓),高潮,高潮,高潮｜高潮
131075100120,high_tide,,1.85,0.5–3 m,東京都 高潮浸水想定区域図,external polygon point-in-area,13107,墨田区,Municipal,Unknown,民俗文化財,有形民俗文化財,point,安藤家旧蔵田舟,高潮,高潮,高潮｜高潮
131075100121,high_tide,,1.92,0.5–3 m,東京都 高潮浸水想定区域図,external polygon point-in-area,13107,墨田区,Municipal,Unknown,民俗文化財,有形民俗文化財,point,江島杉山神社境内力石,高潮,高潮,高潮｜高潮
131075100122,high_tide,,3.65,3–5 m,東京都 高潮浸水想定区域図,external polygon point-in-area,13107,墨田区,Municipal,Unknown,民俗文化財,有形民俗文化財,point,山玉向嶋講社の碑,高潮,高潮,高潮｜高潮
131075100123,high_tide,,3.12,3–5 m,東京都 高潮浸水想定区域図,external polygon point-in-area,13107,墨田区,Municipal,Unknown,民俗文化財,有形民俗文化財,point,山玉向嶋講社の碑,高潮,高潮,高潮｜高潮
131075100124,high_tide,,2.63,0.5–3 m,東京都 高潮浸水想定区域図,external polygon point-in-area,13107,墨田区,Municipal,Unknown,民俗文化財,有形民俗文化財,point,出羽三山の碑,高潮,高潮,高潮｜高潮
131075100125,high_tide,,2.77,0.5–3 m,東京都 高潮浸水想定区域図,external polygon point-in-area,13107,墨田区,Municipal,Unknown,民俗文化財,有形民俗文化財,point,柳嶋村念仏講道具一式 附関連文書,高潮,高潮,高潮｜高潮
131075100149,high_tide,,3.53,3–5 m,東京都 高潮浸水想定区域図,external polygon point-in-area,13107,墨田区,Municipal,Unknown,民俗文化財,無形民俗文化財(民俗芸能),point,隅田囃子(箕輪囃子),高潮,高潮,高潮｜高潮
131075100150,high_tide,,2.63,0.5–3 m,東京都 高潮浸水想定区域図,external polygon point-in-area,13107,墨田区,Municipal,Unknown,民俗文化財,無形民俗文化財(風俗慣習),point,隅田川七福神めぐり,高潮,高潮,高潮｜高潮
131075100151,high_tide,,1.5,0.5–3 m,東京都 高潮浸水想定区域図,external polygon point-in-area,13107,墨田区,Municipal,Unknown,記念物,史跡,point,肥前平戸藩松浦家墓所 ※非公開,高潮,高潮,高潮｜高潮
131075100152,high_tide,,2.63,0.5–3 m,東京都 高潮浸水想定区域図,external polygon point-in-area,13107,墨田区,Municipal,Unknown,記念物,史跡,point,橘守部墓・橘冬照墓,高潮,高潮,高潮｜高潮
131075100153,high_tide,,2.29,0.5–3 m,東京都 高潮浸水想定区域図,external polygon point-in-area,13107,墨田区,Municipal,Unknown,記念物,史跡,point,池田冠山墓,高潮,高潮,高潮｜高潮
131075100154,high_tide,,2.24,0.5–3 m,東京都 高潮浸水想定区域図,external polygon point-in-area,13107,墨田区,Municipal,Unknown,記念物,史跡,point,常陸笠間藩牧野家墓所 ※非公開,高潮,高潮,高潮｜高潮
131075100155,high_tide,,1.24,0.5–3 m,東京都 高潮浸水想定区域図,external polygon point-in-area,13107,墨田区,Municipal,Unknown,記念物,史跡,point,回向院相撲関係石碑群(力塚),高潮,高潮,高潮｜高潮
131075100156,high_tide,,3.31,3–5 m,東京都 高潮浸水想定区域図,external polygon point-in-area,13107,墨田区,Municipal,Unknown,記念物,天然記念物,point,飛木稲荷神社のイチョウ,高潮,高潮,高潮｜高潮
131075100157,high_tide,,0.15,0–0.5 m,東京都 高潮浸水想定区域図,external polygon point-in-area,13107,墨田区,Municipal,Unknown,記念物,名勝,point,墨堤の桜,高潮,高潮,高潮｜高潮
171,high_tide,,2.22,0.5–3 m,東京都 高潮浸水想定区域図,external polygon point-in-area,13107,墨田区,Tokyo Metropolitan,Designated,記念物,旧跡,point,赤穂浪士元禄義挙の跡,高潮,高潮,高潮｜高潮
172,high_tide,,1.42,0.5–3 m,東京都 高潮浸水想定区域図,external polygon point-in-area,13107,墨田区,Tokyo Metropolitan,Designated,記念物,旧跡,point,加藤千蔭墓,高潮,高潮,高潮｜高潮
173,high_tide,,1.42,0.5–3 m,東京都 高潮浸水想定区域図,external polygon point-in-area,13107,墨田区,Tokyo Metropolitan,Designated,記念物,旧跡,point,磐瀬京伝墓,高潮,高潮,高潮｜高潮
174,high_tide,,1.42,0.5–3 m,東京都 高潮浸水想定区域図,external polygon point-in-area,13107,墨田区,Tokyo Metropolitan,Designated,記念物,旧跡,point,磐瀬京山墓,高潮,高潮,高潮｜高潮
197,high_tide,,2.49,0.5–3 m,東京都 高潮浸水想定区域図,external polygon point-in-area,13107,墨田区,Tokyo Metropolitan,Designated,記念物,名勝,point,旧安田庭園,高潮,高潮,高潮｜高潮
official_export_002:276,high_tide,,3.75,3–5 m,東京都 高潮浸水想定区域図,external polygon point-in-area,13107,墨田区,National,Registered,有形文化財,建造物,building_direct,墨田区立言問小学校校舎,高潮,高潮,高潮｜高潮
official_export_002:277,high_tide,,3.43,3–5 m,東京都 高潮浸水想定区域図,external polygon point-in-area,13107,墨田区,National,Registered,有形文化財,建造物,building_direct,墨田区立言問小学校講堂,高潮,高潮,高潮｜高潮
official_export_002:327,high_tide,,2.27,0.5–3 m,東京都 高潮浸水想定区域図,external polygon point-in-area,13107,墨田区,National,Registered,有形文化財,建造物,building_direct,照田家住宅主屋,高潮,高潮,高潮｜高潮
official_export_002:99,high_tide,,2.16,0.5–3 m,東京都 高潮浸水想定区域図,external polygon point-in-area,13107,墨田区,National,Registered,有形文化財,建造物,building_direct,割烹美家古向島本店店舗,高潮,高潮,高潮｜高潮
official_export_003:65,high_tide,,3.74,3–5 m,東京都 高潮浸水想定区域図,external polygon point-in-area,13107,墨田区,National,Designated,記念物,天然記念物,point,向島百花園,高潮,高潮,高潮｜高潮
131075100105,river_flooding,,0.57,0.5–3 m,江東内部河川流域,external point-grid sampling,13107,墨田区,Municipal,Unknown,民俗文化財,有形民俗文化財,point,香取神社の石造水鉢(禊盥),河川浸水,河川浸水,河川浸水｜河川浸水
131075100004,river_flooding,,1.03,0.5–3 m,江東内部河川流域,external point-grid sampling,13107,墨田区,Municipal,Unknown,有形文化財,建造物,building_direct,旧小山家住宅,河川浸水,河川浸水,河川浸水｜河川浸水
131075100050,river_flooding,,0.56,0.5–3 m,江東内部河川流域,external point-grid sampling,13107,墨田区,Municipal,Unknown,有形文化財,歴史資料,point,啓運閣所蔵板碑 ※非公開,河川浸水,河川浸水,河川浸水｜河川浸水
131075100116,river_flooding,,0.51,0.5–3 m,江東内部河川流域,external point-grid sampling,13107,墨田区,Municipal,Unknown,民俗文化財,有形民俗文化財,point,力石,河川浸水,河川浸水,河川浸水｜河川浸水
131075100103,river_flooding,,0.7,0.5–3 m,江東内部河川流域,external point-grid sampling,13107,墨田区,Municipal,Unknown,民俗文化財,有形民俗文化財,point,萬福寺の石造庚申塔 (青面金剛童子),河川浸水,河川浸水,河川浸水｜河川浸水
131075100122,river_flooding,,0.46,0–0.5 m,江東内部河川流域,external point-grid sampling,13107,墨田区,Municipal,Unknown,民俗文化財,有形民俗文化財,point,山玉向嶋講社の碑,河川浸水,河川浸水,河川浸水｜河川浸水
131075100002,river_flooding,,0.49,0–0.5 m,江東内部河川流域,external point-grid sampling,13107,墨田区,Municipal,Unknown,有形文化財,建造物,building_direct,白髭神社石造鳥居,河川浸水,河川浸水,河川浸水｜河川浸水
131075100064,river_flooding,,0.02,0–0.5 m,江東内部河川流域,external point-grid sampling,13107,墨田区,Municipal,Unknown,有形文化財,歴史資料,point,吾嬬神社の連理の楠,河川浸水,河川浸水,河川浸水｜河川浸水
131075100072,river_flooding,,1.39,0.5–3 m,江東内部河川流域,external point-grid sampling,13107,墨田区,Municipal,Unknown,有形文化財,歴史資料,point,板坂如春の碑(2基),河川浸水,河川浸水,河川浸水｜河川浸水
131075100079,river_flooding,,0.02,0–0.5 m,江東内部河川流域,external point-grid sampling,13107,墨田区,Municipal,Unknown,有形文化財,歴史資料,point,「吾嬬森碑」,河川浸水,河川浸水,河川浸水｜河川浸水
131075100101,river_flooding,,0.02,0–0.5 m,江東内部河川流域,external point-grid sampling,13107,墨田区,Municipal,Unknown,民俗文化財,有形民俗文化財,point,吾嬬神社の石造狛犬,河川浸水,河川浸水,河川浸水｜河川浸水
131075100109,river_flooding,,0.26,0–0.5 m,江東内部河川流域,external point-grid sampling,13107,墨田区,Municipal,Unknown,民俗文化財,有形民俗文化財,point,正覚寺の石造庚申塔(青面金剛童子),河川浸水,河川浸水,河川浸水｜河川浸水
131075100111,river_flooding,,0.45,0–0.5 m,江東内部河川流域,external point-grid sampling,13107,墨田区,Municipal,Unknown,民俗文化財,有形民俗文化財,point,円通寺の石造地蔵菩薩立像,河川浸水,河川浸水,河川浸水｜河川浸水
131075100114,river_flooding,,1.39,0.5–3 m,江東内部河川流域,external point-grid sampling,13107,墨田区,Municipal,Unknown,民俗文化財,有形民俗文化財,point,東漸寺の石造庚申道標,河川浸水,河川浸水,河川浸水｜河川浸水
131075100117,river_flooding,,0.02,0–0.5 m,江東内部河川流域,external point-grid sampling,13107,墨田区,Municipal,Unknown,民俗文化財,有形民俗文化財,point,吾嬬神社境内力石群,河川浸水,河川浸水,河川浸水｜河川浸水
131075100156,river_flooding,,0.45,0–0.5 m,江東内部河川流域,external point-grid sampling,13107,墨田区,Municipal,Unknown,記念物,天然記念物,point,飛木稲荷神社のイチョウ,河川浸水,河川浸水,河川浸水｜河川浸水
95,river_flooding,,0.0,0,神田川流域,external point-grid sampling,13107,墨田区,Tokyo Metropolitan,Designated,有形文化財,歴史資料,point,石造明暦大火横死者等供養塔,河川浸水,河川浸水,河川浸水｜河川浸水
95,river_flooding,,0.13,0–0.5 m,秋川及び平井川流域,external point-grid sampling,13107,墨田区,Tokyo Metropolitan,Designated,有形文化財,歴史資料,point,石造明暦大火横死者等供養塔,河川浸水,河川浸水,河川浸水｜河川浸水
131075100097,river_flooding,,0.13,0–0.5 m,隅田川及び新河岸川流域,external point-grid sampling,13107,墨田区,Municipal,Unknown,民俗文化財,有形民俗文化財,point,如意輪寺の六面六地蔵石幢,河川浸水,河川浸水,河川浸水｜河川浸水
131075100068,river_flooding,,0.0,0,隅田川及び新河岸川流域,external point-grid sampling,13107,墨田区,Municipal,Unknown,有形文化財,歴史資料,point,石造標柱「隅田公園入口」,河川浸水,河川浸水,河川浸水｜河川浸水
131075100120,river_flooding,,0.0,0,隅田川及び新河岸川流域,external point-grid sampling,13107,墨田区,Municipal,Unknown,民俗文化財,有形民俗文化財,point,安藤家旧蔵田舟,河川浸水,河川浸水,河川浸水｜河川浸水
131075100149,river_flooding,,0.02,0–0.5 m,隅田川及び新河岸川流域,external point-grid sampling,13107,墨田区,Municipal,Unknown,民俗文化財,無形民俗文化財(民俗芸能),point,隅田囃子(箕輪囃子),河川浸水,河川浸水,河川浸水｜河川浸水
official_export_002:99,river_flooding,,0.08,0–0.5 m,隅田川及び新河岸川流域,external point-grid sampling,13107,墨田区,National,Registered,有形文化財,建造物,building_direct,割烹美家古向島本店店舗,河川浸水,河川浸水,河川浸水｜河川浸水
official_export_002:277,river_flooding,,0.11,0–0.5 m,隅田川及び新河岸川流域,external point-grid sampling,13107,墨田区,National,Registered,有形文化財,建造物,building_direct,墨田区立言問小学校講堂,河川浸水,河川浸水,河川浸水｜河川浸水
official_export_002:276,river_flooding,,0.65,0.5–3 m,隅田川及び新河岸川流域,external point-grid sampling,13107,墨田区,National,Registered,有形文化財,建造物,building_direct,墨田区立言問小学校校舎,河川浸水,河川浸水,河川浸水｜河川浸水
131075100050,river_flooding,,0.44,0–0.5 m,隅田川及び新河岸川流域,external point-grid sampling,13107,墨田区,Municipal,Unknown,有形文化財,歴史資料,point,啓運閣所蔵板碑 ※非公開,河川浸水,河川浸水,河川浸水｜河川浸水
131075100075,river_flooding,,0.0,0,隅田川及び新河岸川流域,external point-grid sampling,13107,墨田区,Municipal,Unknown,有形文化財,歴史資料,point,大石三平墓,河川浸水,河川浸水,河川浸水｜河川浸水
131075100069,river_flooding,,0.0,0,隅田川及び新河岸川流域,external point-grid sampling,13107,墨田区,Municipal,Unknown,有形文化財,歴史資料,point,石造「夜寉井銘」の碑,河川浸水,河川浸水,河川浸水｜河川浸水
131075100014,river_flooding,,0.0,0,隅田川及び新河岸川流域,external point-grid sampling,13107,墨田区,Municipal,Unknown,有形文化財,建造物,building_direct,實相寺熊谷稲荷堂 附再建関連文書ニ点・青図三枚・写真一点,河川浸水,河川浸水,河川浸水｜河川浸水
131075100066,river_flooding,,0.0,0,隅田川及び新河岸川流域,external point-grid sampling,13107,墨田区,Municipal,Unknown,有形文化財,歴史資料,point,絹本墨書扁額「明明徳」,河川浸水,河川浸水,河川浸水｜河川浸水
131075100057,river_flooding,,0.13,0–0.5 m,隅田川及び新河岸川流域,external point-grid sampling,13107,墨田区,Municipal,Unknown,有形文化財,歴史資料,point,蓮花寺の石柱道標 文化十五年銘 一基 文政五年銘 一基,河川浸水,河川浸水,河川浸水｜河川浸水
131075100067,river_flooding,,0.46,0–0.5 m,隅田川及び新河岸川流域,external point-grid sampling,13107,墨田区,Municipal,Unknown,有形文化財,歴史資料,point,歌川豊広辞世の狂歌碑,河川浸水,河川浸水,河川浸水｜河川浸水
official_export_002:327,river_flooding,,0.0,0,隅田川及び新河岸川流域,external point-grid sampling,13107,墨田区,National,Registered,有形文化財,建造物,building_direct,照田家住宅主屋,河川浸水,河川浸水,河川浸水｜河川浸水
171,river_flooding,,0.0,0,隅田川及び新河岸川流域,external point-grid sampling,13107,墨田区,Tokyo Metropolitan,Designated,記念物,旧跡,point,赤穂浪士元禄義挙の跡,河川浸水,河川浸水,河川浸水｜河川浸水
172,river_flooding,,0.0,0,隅田川及び新河岸川流域,external point-grid sampling,13107,墨田区,Tokyo Metropolitan,Designated,記念物,旧跡,point,加藤千蔭墓,河川浸水,河川浸水,河川浸水｜河川浸水
173,river_flooding,,0.0,0,隅田川及び新河岸川流域,external point-grid sampling,13107,墨田区,Tokyo Metropolitan,Designated,記念物,旧跡,point,磐瀬京伝墓,河川浸水,河川浸水,河川浸水｜河川浸水
174,river_flooding,,0.0,0,隅田川及び新河岸川流域,external point-grid sampling,13107,墨田区,Tokyo Metropolitan,Designated,記念物,旧跡,point,磐瀬京山墓,河川浸水,河川浸水,河川浸水｜河川浸水
197,river_flooding,,0.0,0,隅田川及び新河岸川流域,external point-grid sampling,13107,墨田区,Tokyo Metropolitan,Designated,記念物,名勝,point,旧安田庭園,河川浸水,河川浸水,河川浸水｜河川浸水
131075100001,river_flooding,,0.15,0–0.5 m,隅田川及び新河岸川流域,external point-grid sampling,13107,墨田区,Municipal,Unknown,有形文化財,建造物,building_direct,牛嶋神社石造鳥居,河川浸水,河川浸水,河川浸水｜河川浸水
131075100003,river_flooding,,0.33,0–0.5 m,隅田川及び新河岸川流域,external point-grid sampling,13107,墨田区,Municipal,Unknown,有形文化財,建造物,building_direct,多聞寺山門,河川浸水,河川浸水,河川浸水｜河川浸水
131075100006,river_flooding,,0.24,0–0.5 m,隅田川及び新河岸川流域,external point-grid sampling,13107,墨田区,Municipal,Unknown,有形文化財,建造物,building_direct,三囲神社石造鳥居(堤下の大鳥居),河川浸水,河川浸水,河川浸水｜河川浸水
131075100007,river_flooding,,0.0,0,隅田川及び新河岸川流域,external point-grid sampling,13107,墨田区,Municipal,Unknown,有形文化財,建造物,building_direct,弘福寺本堂(大雄寳殿),河川浸水,河川浸水,河川浸水｜河川浸水
131075100008,river_flooding,,0.24,0–0.5 m,隅田川及び新河岸川流域,external point-grid sampling,13107,墨田区,Municipal,Unknown,有形文化財,建造物,building_direct,三囲神社本社,河川浸水,河川浸水,河川浸水｜河川浸水
131075100010,river_flooding,,0.15,0–0.5 m,隅田川及び新河岸川流域,external point-grid sampling,13107,墨田区,Municipal,Unknown,有形文化財,建造物,building_direct,牛嶋神社社殿,河川浸水,河川浸水,河川浸水｜河川浸水
131075100011,river_flooding,,0.15,0–0.5 m,隅田川及び新河岸川流域,external point-grid sampling,13107,墨田区,Municipal,Unknown,有形文化財,建造物,building_direct,牛嶋神社神輿蔵,河川浸水,河川浸水,河川浸水｜河川浸水
131075100012,river_flooding,,0.0,0,隅田川及び新河岸川流域,external point-grid sampling,13107,墨田区,Municipal,Unknown,有形文化財,建造物,building_direct,隅田川神社社殿,河川浸水,河川浸水,河川浸水｜河川浸水
131075100016,river_flooding,,0.0,0,隅田川及び新河岸川流域,external point-grid sampling,13107,墨田区,Municipal,Unknown,有形文化財,歴史資料,point,楢崎宗重博士旧蔵美術資料群(楢崎宗重コレクション),河川浸水,河川浸水,河川浸水｜河川浸水
131075100017,river_flooding,,0.0,0,隅田川及び新河岸川流域,external point-grid sampling,13107,墨田区,Municipal,Unknown,有形文化財,歴史資料,point,紙本着色「隅田川両岸景色図」一巻,河川浸水,河川浸水,河川浸水｜河川浸水
131075100047,river_flooding,,0.0,0,隅田川及び新河岸川流域,external point-grid sampling,13107,墨田区,Municipal,Unknown,有形文化財,歴史資料,point,都鳥手鑑 ※非公開,河川浸水,河川浸水,河川浸水｜河川浸水
131075100048,river_flooding,,0.64,0.5–3 m,隅田川及び新河岸川流域,external point-grid sampling,13107,墨田区,Municipal,Unknown,有形文化財,歴史資料,point,正福寺の板碑,河川浸水,河川浸水,河川浸水｜河川浸水
131075100049,river_flooding,,0.11,0–0.5 m,隅田川及び新河岸川流域,external point-grid sampling,13107,墨田区,Municipal,Unknown,有形文化財,歴史資料,point,法泉寺所蔵板碑 ※非公開,河川浸水,河川浸水,河川浸水｜河川浸水
131075100052,river_flooding,,0.08,0–0.5 m,隅田川及び新河岸川流域,external point-grid sampling,13107,墨田区,Municipal,Unknown,有形文化財,歴史資料,point,松尾芭蕉「いざさらば」の句碑 (雪見の句碑),河川浸水,河川浸水,河川浸水｜河川浸水
131075100053,river_flooding,,0.3,0–0.5 m,隅田川及び新河岸川流域,external point-grid sampling,13107,墨田区,Municipal,Unknown,有形文化財,歴史資料,point,橋本家旧蔵板碑,河川浸水,河川浸水,河川浸水｜河川浸水
131075100054,river_flooding,,0.15,0–0.5 m,隅田川及び新河岸川流域,external point-grid sampling,13107,墨田区,Municipal,Unknown,有形文化財,歴史資料,point,烏亭焉馬「いそがずば」の狂歌碑,河川浸水,河川浸水,河川浸水｜河川浸水
131075100055,river_flooding,,0.24,0–0.5 m,隅田川及び新河岸川流域,external point-grid sampling,13107,墨田区,Municipal,Unknown,有形文化財,歴史資料,point,宝井其角「ゆうだちや」の句碑 (雨乞いの句碑),河川浸水,河川浸水,河川浸水｜河川浸水
131075100056,river_flooding,,0.29,0–0.5 m,隅田川及び新河岸川流域,external point-grid sampling,13107,墨田区,Municipal,Unknown,有形文化財,歴史資料,point,秋葉神社の石造燈籠 寛保元年銘 二基 宝永元年銘 二基 宝永二年銘 二基,河川浸水,河川浸水,河川浸水｜河川浸水
131075100058,river_flooding,,0.35,0–0.5 m,隅田川及び新河岸川流域,external point-grid sampling,13107,墨田区,Municipal,Unknown,有形文化財,歴史資料,point,要津寺雪中庵関係石碑群,河川浸水,河川浸水,河川浸水｜河川浸水
131075100059,river_flooding,,0.33,0–0.5 m,隅田川及び新河岸川流域,external point-grid sampling,13107,墨田区,Municipal,Unknown,有形文化財,歴史資料,point,多聞寺の板碑,河川浸水,河川浸水,河川浸水｜河川浸水
131075100061,river_flooding,,0.0,0,隅田川及び新河岸川流域,external point-grid sampling,13107,墨田区,Municipal,Unknown,有形文化財,歴史資料,point,石造海難供養碑,河川浸水,河川浸水,河川浸水｜河川浸水
131075100062,river_flooding,,0.24,0–0.5 m,隅田川及び新河岸川流域,external point-grid sampling,13107,墨田区,Municipal,Unknown,有形文化財,歴史資料,point,三囲神社の石造常夜燈,河川浸水,河川浸水,河川浸水｜河川浸水
131075100063,river_flooding,,0.08,0–0.5 m,隅田川及び新河岸川流域,external point-grid sampling,13107,墨田区,Municipal,Unknown,有形文化財,歴史資料,point,石造墨堤永代常夜燈,河川浸水,河川浸水,河川浸水｜河川浸水
131075100065,river_flooding,,0.11,0–0.5 m,隅田川及び新河岸川流域,external point-grid sampling,13107,墨田区,Municipal,Unknown,有形文化財,歴史資料,point,墨堤植桜之碑,河川浸水,河川浸水,河川浸水｜河川浸水
131075100070,river_flooding,,0.0,0,隅田川及び新河岸川流域,external point-grid sampling,13107,墨田区,Municipal,Unknown,有形文化財,歴史資料,point,生月鯨太左衛門の墓 ※非公開,河川浸水,河川浸水,河川浸水｜河川浸水
131075100071,river_flooding,,0.0,0,隅田川及び新河岸川流域,external point-grid sampling,13107,墨田区,Municipal,Unknown,有形文化財,歴史資料,point,無縁法界塔,河川浸水,河川浸水,河川浸水｜河川浸水
131075100073,river_flooding,,0.3,0–0.5 m,隅田川及び新河岸川流域,external point-grid sampling,13107,墨田区,Municipal,Unknown,有形文化財,歴史資料,point,芥川家旧蔵雛人形,河川浸水,河川浸水,河川浸水｜河川浸水
131075100074,river_flooding,,0.0,0,隅田川及び新河岸川流域,external point-grid sampling,13107,墨田区,Municipal,Unknown,有形文化財,歴史資料,point,「天下之糸平」の碑,河川浸水,河川浸水,河川浸水｜河川浸水
131075100076,river_flooding,,0.0,0,隅田川及び新河岸川流域,external point-grid sampling,13107,墨田区,Municipal,Unknown,有形文化財,歴史資料,point,江島杉山神社の銅製釣燈籠,河川浸水,河川浸水,河川浸水｜河川浸水
131075100077,river_flooding,,0.0,0,隅田川及び新河岸川流域,external point-grid sampling,13107,墨田区,Municipal,Unknown,有形文化財,歴史資料,point,佐羽淡斎「墨多三絶」の漢詩碑,河川浸水,河川浸水,河川浸水｜河川浸水
131075100078,river_flooding,,0.0,0,隅田川及び新河岸川流域,external point-grid sampling,13107,墨田区,Municipal,Unknown,有形文化財,歴史資料,point,亀田鵬斎「題隅田堤櫻花」の漢詩碑,河川浸水,河川浸水,河川浸水｜河川浸水
131075100080,river_flooding,,0.0,0,隅田川及び新河岸川流域,external point-grid sampling,13107,墨田区,Municipal,Unknown,有形文化財,歴史資料,point,近松門左衛門供養碑(断片) ※非公開,河川浸水,河川浸水,河川浸水｜河川浸水
131075100081,river_flooding,,0.24,0–0.5 m,隅田川及び新河岸川流域,external point-grid sampling,13107,墨田区,Municipal,Unknown,有形文化財,歴史資料,point,「一勇斎歌川先生墓表」(歌川国芳顕彰碑),河川浸水,河川浸水,河川浸水｜河川浸水
131075100082,river_flooding,,0.08,0–0.5 m,隅田川及び新河岸川流域,external point-grid sampling,13107,墨田区,Municipal,Unknown,有形文化財,歴史資料,point,「勝川春英翁略傳」の碑,河川浸水,河川浸水,河川浸水｜河川浸水
131075100083,river_flooding,,0.0,0,隅田川及び新河岸川流域,external point-grid sampling,13107,墨田区,Municipal,Unknown,有形文化財,歴史資料,point,初代歌川豊国筆塚(断片),河川浸水,河川浸水,河川浸水｜河川浸水
131075100084,river_flooding,,0.11,0–0.5 m,隅田川及び新河岸川流域,external point-grid sampling,13107,墨田区,Municipal,Unknown,有形文化財,歴史資料,point,窪俊満「故郷の」の歌碑,河川浸水,河川浸水,河川浸水｜河川浸水
131075100085,river_flooding,,0.3,0–0.5 m,隅田川及び新河岸川流域,external point-grid sampling,13107,墨田区,Municipal,Unknown,有形文化財,歴史資料,point,鈴木家旧蔵雛人形,河川浸水,河川浸水,河川浸水｜河川浸水
131075100086,river_flooding,,0.34,0–0.5 m,隅田川及び新河岸川流域,external point-grid sampling,13107,墨田区,Municipal,Unknown,有形文化財,歴史資料,point,太田氏七代供養塔,河川浸水,河川浸水,河川浸水｜河川浸水
131075100087,river_flooding,,0.34,0–0.5 m,隅田川及び新河岸川流域,external point-grid sampling,13107,墨田区,Municipal,Unknown,有形文化財,歴史資料,point,旗本太田資同墓碑,河川浸水,河川浸水,河川浸水｜河川浸水
131075100088,river_flooding,,0.0,0,隅田川及び新河岸川流域,external point-grid sampling,13107,墨田区,Municipal,Unknown,有形文化財,歴史資料,point,隅田川神社資料,河川浸水,河川浸水,河川浸水｜河川浸水
131075100089,river_flooding,,0.0,0,隅田川及び新河岸川流域,external point-grid sampling,13107,墨田区,Municipal,Unknown,有形文化財,歴史資料,point,矢掛弓雄関係石碑群,河川浸水,河川浸水,河川浸水｜河川浸水
131075100090,river_flooding,,0.0,0,隅田川及び新河岸川流域,external point-grid sampling,13107,墨田区,Municipal,Unknown,有形文化財,歴史資料,point,木阿弥(元杢網)「けふよりも」の歌碑,河川浸水,河川浸水,河川浸水｜河川浸水
131075100091,river_flooding,,0.0,0,隅田川及び新河岸川流域,external point-grid sampling,13107,墨田区,Municipal,Unknown,有形文化財,歴史資料,point,義士墓(那珂湊戦争関連資料),河川浸水,河川浸水,河川浸水｜河川浸水
131075100092,river_flooding,,0.0,0,隅田川及び新河岸川流域,external point-grid sampling,13107,墨田区,Municipal,Unknown,有形文化財,歴史資料,point,回向院の石造歴史災害供養塔群,河川浸水,河川浸水,河川浸水｜河川浸水
131075100095,river_flooding,,0.15,0–0.5 m,隅田川及び新河岸川流域,external point-grid sampling,13107,墨田区,Municipal,Unknown,民俗文化財,有形民俗文化財,point,牛嶋神社の石造狛犬 享保十四年銘 一対 文政十年銘 一対,河川浸水,河川浸水,河川浸水｜河川浸水
131075100096,river_flooding,,0.24,0–0.5 m,隅田川及び新河岸川流域,external point-grid sampling,13107,墨田区,Municipal,Unknown,民俗文化財,有形民俗文化財,point,三囲神社の石造狛犬,河川浸水,河川浸水,河川浸水｜河川浸水
131075100098,river_flooding,,0.64,0.5–3 m,隅田川及び新河岸川流域,external point-grid sampling,13107,墨田区,Municipal,Unknown,民俗文化財,有形民俗文化財,point,正福寺の石造阿弥陀如来立像,河川浸水,河川浸水,河川浸水｜河川浸水
131075100099,river_flooding,,0.33,0–0.5 m,隅田川及び新河岸川流域,external point-grid sampling,13107,墨田区,Municipal,Unknown,民俗文化財,有形民俗文化財,point,多聞寺の石造庚申塔(阿弥陀如来),河川浸水,河川浸水,河川浸水｜河川浸水
131075100100,river_flooding,,0.47,0–0.5 m,隅田川及び新河岸川流域,external point-grid sampling,13107,墨田区,Municipal,Unknown,民俗文化財,有形民俗文化財,point,圓徳寺の石造庚申塔(釈迦如来),河川浸水,河川浸水,河川浸水｜河川浸水
131075100104,river_flooding,,0.0,0,隅田川及び新河岸川流域,external point-grid sampling,13107,墨田区,Municipal,Unknown,民俗文化財,有形民俗文化財,point,白鬚神社の石造狛犬,河川浸水,河川浸水,河川浸水｜河川浸水
131075100106,river_flooding,,0.15,0–0.5 m,隅田川及び新河岸川流域,external point-grid sampling,13107,墨田区,Municipal,Unknown,民俗文化財,有形民俗文化財,point,牛嶋神社の石造神牛,河川浸水,河川浸水,河川浸水｜河川浸水
131075100107,river_flooding,,0.24,0–0.5 m,隅田川及び新河岸川流域,external point-grid sampling,13107,墨田区,Municipal,Unknown,民俗文化財,有形民俗文化財,point,三囲神社の石造神狐,河川浸水,河川浸水,河川浸水｜河川浸水
131075100108,river_flooding,,0.08,0–0.5 m,隅田川及び新河岸川流域,external point-grid sampling,13107,墨田区,Municipal,Unknown,民俗文化財,有形民俗文化財,point,長命寺の石造庚申塔 (地蔵菩薩),河川浸水,河川浸水,河川浸水｜河川浸水
131075100110,river_flooding,,0.0,0,隅田川及び新河岸川流域,external point-grid sampling,13107,墨田区,Municipal,Unknown,民俗文化財,有形民俗文化財,point,回向院の石造阿弥陀三尊立像,河川浸水,河川浸水,河川浸水｜河川浸水
131075100112,river_flooding,,0.33,0–0.5 m,隅田川及び新河岸川流域,external point-grid sampling,13107,墨田区,Municipal,Unknown,民俗文化財,有形民俗文化財,point,多聞寺の石造六地蔵坐像,河川浸水,河川浸水,河川浸水｜河川浸水
131075100113,river_flooding,,0.11,0–0.5 m,隅田川及び新河岸川流域,external point-grid sampling,13107,墨田区,Municipal,Unknown,民俗文化財,有形民俗文化財,point,法泉寺の石造地蔵菩薩立像,河川浸水,河川浸水,河川浸水｜河川浸水
131075100115,river_flooding,,0.15,0–0.5 m,隅田川及び新河岸川流域,external point-grid sampling,13107,墨田区,Municipal,Unknown,民俗文化財,有形民俗文化財,point,牛嶋神社境内力石群,河川浸水,河川浸水,河川浸水｜河川浸水
131075100118,river_flooding,,0.15,0–0.5 m,隅田川及び新河岸川流域,external point-grid sampling,13107,墨田区,Municipal,Unknown,民俗文化財,有形民俗文化財,point,牛嶋神社石造神牛(撫牛),河川浸水,河川浸水,河川浸水｜河川浸水
131075100119,river_flooding,,0.0,0,隅田川及び新河岸川流域,external point-grid sampling,13107,墨田区,Municipal,Unknown,民俗文化財,有形民俗文化財,point,鼠小僧供養碑(鼠小僧の墓),河川浸水,河川浸水,河川浸水｜河川浸水
131075100121,river_flooding,,0.0,0,隅田川及び新河岸川流域,external point-grid sampling,13107,墨田区,Municipal,Unknown,民俗文化財,有形民俗文化財,point,江島杉山神社境内力石,河川浸水,河川浸水,河川浸水｜河川浸水
131075100123,river_flooding,,0.0,0,隅田川及び新河岸川流域,external point-grid sampling,13107,墨田区,Municipal,Unknown,民俗文化財,有形民俗文化財,point,山玉向嶋講社の碑,河川浸水,河川浸水,河川浸水｜河川浸水
131075100124,river_flooding,,0.08,0–0.5 m,隅田川及び新河岸川流域,external point-grid sampling,13107,墨田区,Municipal,Unknown,民俗文化財,有形民俗文化財,point,出羽三山の碑,河川浸水,河川浸水,河川浸水｜河川浸水
131075100125,river_flooding,,0.3,0–0.5 m,隅田川及び新河岸川流域,external point-grid sampling,13107,墨田区,Municipal,Unknown,民俗文化財,有形民俗文化財,point,柳嶋村念仏講道具一式 附関連文書,河川浸水,河川浸水,河川浸水｜河川浸水
131075100150,river_flooding,,0.08,0–0.5 m,隅田川及び新河岸川流域,external point-grid sampling,13107,墨田区,Municipal,Unknown,民俗文化財,無形民俗文化財(風俗慣習),point,隅田川七福神めぐり,河川浸水,河川浸水,河川浸水｜河川浸水
131075100151,river_flooding,,0.0,0,隅田川及び新河岸川流域,external point-grid sampling,13107,墨田区,Municipal,Unknown,記念物,史跡,point,肥前平戸藩松浦家墓所 ※非公開,河川浸水,河川浸水,河川浸水｜河川浸水
131075100152,river_flooding,,0.08,0–0.5 m,隅田川及び新河岸川流域,external point-grid sampling,13107,墨田区,Municipal,Unknown,記念物,史跡,point,橘守部墓・橘冬照墓,河川浸水,河川浸水,河川浸水｜河川浸水
131075100153,river_flooding,,0.0,0,隅田川及び新河岸川流域,external point-grid sampling,13107,墨田区,Municipal,Unknown,記念物,史跡,point,池田冠山墓,河川浸水,河川浸水,河川浸水｜河川浸水
131075100154,river_flooding,,0.35,0–0.5 m,隅田川及び新河岸川流域,external point-grid sampling,13107,墨田区,Municipal,Unknown,記念物,史跡,point,常陸笠間藩牧野家墓所 ※非公開,河川浸水,河川浸水,河川浸水｜河川浸水
131075100155,river_flooding,,0.0,0,隅田川及び新河岸川流域,external point-grid sampling,13107,墨田区,Municipal,Unknown,記念物,史跡,point,回向院相撲関係石碑群(力塚),河川浸水,河川浸水,河川浸水｜河川浸水
131075100157,river_flooding,,0.0,0,隅田川及び新河岸川流域,external point-grid sampling,13107,墨田区,Municipal,Unknown,記念物,名勝,point,墨堤の桜,河川浸水,河川浸水,河川浸水｜河川浸水
official_export_003:65,river_flooding,,0.36,0–0.5 m,隅田川及び新河岸川流域,external point-grid sampling,13107,墨田区,National,Designated,記念物,天然記念物,point,向島百花園,河川浸水,河川浸水,河川浸水｜河川浸水
171,river_flooding,想定最大規模,3.0,0.5–3 m,A31a 荒川,A31a polygon intersection,13107,墨田区,Tokyo Metropolitan,Designated,記念物,旧跡,point,赤穂浪士元禄義挙の跡,河川浸水,想定最大規模,河川浸水｜想定最大規模
172,river_flooding,想定最大規模,0.5,0–0.5 m,A31a 荒川,A31a polygon intersection,13107,墨田区,Tokyo Metropolitan,Designated,記念物,旧跡,point,加藤千蔭墓,河川浸水,想定最大規模,河川浸水｜想定最大規模
173,river_flooding,想定最大規模,0.5,0–0.5 m,A31a 荒川,A31a polygon intersection,13107,墨田区,Tokyo Metropolitan,Designated,記念物,旧跡,point,磐瀬京伝墓,河川浸水,想定最大規模,河川浸水｜想定最大規模
174,river_flooding,想定最大規模,0.5,0–0.5 m,A31a 荒川,A31a polygon intersection,13107,墨田区,Tokyo Metropolitan,Designated,記念物,旧跡,point,磐瀬京山墓,河川浸水,想定最大規模,河川浸水｜想定最大規模
197,river_flooding,想定最大規模,3.0,0.5–3 m,A31a 荒川,A31a polygon intersection,13107,墨田区,Tokyo Metropolitan,Designated,記念物,名勝,point,旧安田庭園,河川浸水,想定最大規模,河川浸水｜想定最大規模
131075100001,river_flooding,想定最大規模,3.0,0.5–3 m,A31a 荒川,A31a polygon intersection,13107,墨田区,Municipal,Unknown,有形文化財,建造物,building_direct,牛嶋神社石造鳥居,河川浸水,想定最大規模,河川浸水｜想定最大規模
131075100002,river_flooding,想定最大規模,5.0,3–5 m,A31a 荒川,A31a polygon intersection,13107,墨田区,Municipal,Unknown,有形文化財,建造物,building_direct,白髭神社石造鳥居,河川浸水,想定最大規模,河川浸水｜想定最大規模
131075100003,river_flooding,想定最大規模,10.0,5 m以上,A31a 荒川,A31a polygon intersection,13107,墨田区,Municipal,Unknown,有形文化財,建造物,building_direct,多聞寺山門,河川浸水,想定最大規模,河川浸水｜想定最大規模
131075100004,river_flooding,想定最大規模,5.0,3–5 m,A31a 荒川,A31a polygon intersection,13107,墨田区,Municipal,Unknown,有形文化財,建造物,building_direct,旧小山家住宅,河川浸水,想定最大規模,河川浸水｜想定最大規模
131075100006,river_flooding,想定最大規模,3.0,0.5–3 m,A31a 荒川,A31a polygon intersection,13107,墨田区,Municipal,Unknown,有形文化財,建造物,building_direct,三囲神社石造鳥居(堤下の大鳥居),河川浸水,想定最大規模,河川浸水｜想定最大規模
131075100007,river_flooding,想定最大規模,3.0,0.5–3 m,A31a 荒川,A31a polygon intersection,13107,墨田区,Municipal,Unknown,有形文化財,建造物,building_direct,弘福寺本堂(大雄寳殿),河川浸水,想定最大規模,河川浸水｜想定最大規模
131075100008,river_flooding,想定最大規模,3.0,0.5–3 m,A31a 荒川,A31a polygon intersection,13107,墨田区,Municipal,Unknown,有形文化財,建造物,building_direct,三囲神社本社,河川浸水,想定最大規模,河川浸水｜想定最大規模
131075100010,river_flooding,想定最大規模,3.0,0.5–3 m,A31a 荒川,A31a polygon intersection,13107,墨田区,Municipal,Unknown,有形文化財,建造物,building_direct,牛嶋神社社殿,河川浸水,想定最大規模,河川浸水｜想定最大規模
131075100011,river_flooding,想定最大規模,3.0,0.5–3 m,A31a 荒川,A31a polygon intersection,13107,墨田区,Municipal,Unknown,有形文化財,建造物,building_direct,牛嶋神社神輿蔵,河川浸水,想定最大規模,河川浸水｜想定最大規模
131075100012,river_flooding,想定最大規模,3.0,0.5–3 m,A31a 荒川,A31a polygon intersection,13107,墨田区,Municipal,Unknown,有形文化財,建造物,building_direct,隅田川神社社殿,河川浸水,想定最大規模,河川浸水｜想定最大規模
131075100014,river_flooding,想定最大規模,0.5,0–0.5 m,A31a 荒川,A31a polygon intersection,13107,墨田区,Municipal,Unknown,有形文化財,建造物,building_direct,實相寺熊谷稲荷堂 附再建関連文書ニ点・青図三枚・写真一点,河川浸水,想定最大規模,河川浸水｜想定最大規模
131075100016,river_flooding,想定最大規模,0.5,0–0.5 m,A31a 荒川,A31a polygon intersection,13107,墨田区,Municipal,Unknown,有形文化財,歴史資料,point,楢崎宗重博士旧蔵美術資料群(楢崎宗重コレクション),河川浸水,想定最大規模,河川浸水｜想定最大規模
131075100017,river_flooding,想定最大規模,0.5,0–0.5 m,A31a 荒川,A31a polygon intersection,13107,墨田区,Municipal,Unknown,有形文化財,歴史資料,point,紙本着色「隅田川両岸景色図」一巻,河川浸水,想定最大規模,河川浸水｜想定最大規模
131075100047,river_flooding,想定最大規模,3.0,0.5–3 m,A31a 荒川,A31a polygon intersection,13107,墨田区,Municipal,Unknown,有形文化財,歴史資料,point,都鳥手鑑 ※非公開,河川浸水,想定最大規模,河川浸水｜想定最大規模
131075100048,river_flooding,想定最大規模,10.0,5 m以上,A31a 荒川,A31a polygon intersection,13107,墨田区,Municipal,Unknown,有形文化財,歴史資料,point,正福寺の板碑,河川浸水,想定最大規模,河川浸水｜想定最大規模
131075100049,river_flooding,想定最大規模,5.0,3–5 m,A31a 荒川,A31a polygon intersection,13107,墨田区,Municipal,Unknown,有形文化財,歴史資料,point,法泉寺所蔵板碑 ※非公開,河川浸水,想定最大規模,河川浸水｜想定最大規模
131075100050,river_flooding,想定最大規模,5.0,3–5 m,A31a 荒川,A31a polygon intersection,13107,墨田区,Municipal,Unknown,有形文化財,歴史資料,point,啓運閣所蔵板碑 ※非公開,河川浸水,想定最大規模,河川浸水｜想定最大規模
131075100052,river_flooding,想定最大規模,3.0,0.5–3 m,A31a 荒川,A31a polygon intersection,13107,墨田区,Municipal,Unknown,有形文化財,歴史資料,point,松尾芭蕉「いざさらば」の句碑 (雪見の句碑),河川浸水,想定最大規模,河川浸水｜想定最大規模
131075100053,river_flooding,想定最大規模,3.0,0.5–3 m,A31a 荒川,A31a polygon intersection,13107,墨田区,Municipal,Unknown,有形文化財,歴史資料,point,橋本家旧蔵板碑,河川浸水,想定最大規模,河川浸水｜想定最大規模
131075100054,river_flooding,想定最大規模,3.0,0.5–3 m,A31a 荒川,A31a polygon intersection,13107,墨田区,Municipal,Unknown,有形文化財,歴史資料,point,烏亭焉馬「いそがずば」の狂歌碑,河川浸水,想定最大規模,河川浸水｜想定最大規模
131075100055,river_flooding,想定最大規模,3.0,0.5–3 m,A31a 荒川,A31a polygon intersection,13107,墨田区,Municipal,Unknown,有形文化財,歴史資料,point,宝井其角「ゆうだちや」の句碑 (雨乞いの句碑),河川浸水,想定最大規模,河川浸水｜想定最大規模
131075100056,river_flooding,想定最大規模,3.0,0.5–3 m,A31a 荒川,A31a polygon intersection,13107,墨田区,Municipal,Unknown,有形文化財,歴史資料,point,秋葉神社の石造燈籠 寛保元年銘 二基 宝永元年銘 二基 宝永二年銘 二基,河川浸水,想定最大規模,河川浸水｜想定最大規模
131075100057,river_flooding,想定最大規模,5.0,3–5 m,A31a 荒川,A31a polygon intersection,13107,墨田区,Municipal,Unknown,有形文化財,歴史資料,point,蓮花寺の石柱道標 文化十五年銘 一基 文政五年銘 一基,河川浸水,想定最大規模,河川浸水｜想定最大規模
131075100058,river_flooding,想定最大規模,3.0,0.5–3 m,A31a 荒川,A31a polygon intersection,13107,墨田区,Municipal,Unknown,有形文化財,歴史資料,point,要津寺雪中庵関係石碑群,河川浸水,想定最大規模,河川浸水｜想定最大規模
131075100059,river_flooding,想定最大規模,10.0,5 m以上,A31a 荒川,A31a polygon intersection,13107,墨田区,Municipal,Unknown,有形文化財,歴史資料,point,多聞寺の板碑,河川浸水,想定最大規模,河川浸水｜想定最大規模
131075100061,river_flooding,想定最大規模,0.5,0–0.5 m,A31a 荒川,A31a polygon intersection,13107,墨田区,Municipal,Unknown,有形文化財,歴史資料,point,石造海難供養碑,河川浸水,想定最大規模,河川浸水｜想定最大規模
131075100062,river_flooding,想定最大規模,3.0,0.5–3 m,A31a 荒川,A31a polygon intersection,13107,墨田区,Municipal,Unknown,有形文化財,歴史資料,point,三囲神社の石造常夜燈,河川浸水,想定最大規模,河川浸水｜想定最大規模
131075100063,river_flooding,想定最大規模,3.0,0.5–3 m,A31a 荒川,A31a polygon intersection,13107,墨田区,Municipal,Unknown,有形文化財,歴史資料,point,石造墨堤永代常夜燈,河川浸水,想定最大規模,河川浸水｜想定最大規模
131075100064,river_flooding,想定最大規模,3.0,0.5–3 m,A31a 荒川,A31a polygon intersection,13107,墨田区,Municipal,Unknown,有形文化財,歴史資料,point,吾嬬神社の連理の楠,河川浸水,想定最大規模,河川浸水｜想定最大規模
131075100065,river_flooding,想定最大規模,3.0,0.5–3 m,A31a 荒川,A31a polygon intersection,13107,墨田区,Municipal,Unknown,有形文化財,歴史資料,point,墨堤植桜之碑,河川浸水,想定最大規模,河川浸水｜想定最大規模
131075100066,river_flooding,想定最大規模,3.0,0.5–3 m,A31a 荒川,A31a polygon intersection,13107,墨田区,Municipal,Unknown,有形文化財,歴史資料,point,絹本墨書扁額「明明徳」,河川浸水,想定最大規模,河川浸水｜想定最大規模
131075100067,river_flooding,想定最大規模,5.0,3–5 m,A31a 荒川,A31a polygon intersection,13107,墨田区,Municipal,Unknown,有形文化財,歴史資料,point,歌川豊広辞世の狂歌碑,河川浸水,想定最大規模,河川浸水｜想定最大規模
131075100069,river_flooding,想定最大規模,3.0,0.5–3 m,A31a 荒川,A31a polygon intersection,13107,墨田区,Municipal,Unknown,有形文化財,歴史資料,point,石造「夜寉井銘」の碑,河川浸水,想定最大規模,河川浸水｜想定最大規模
131075100070,river_flooding,想定最大規模,3.0,0.5–3 m,A31a 荒川,A31a polygon intersection,13107,墨田区,Municipal,Unknown,有形文化財,歴史資料,point,生月鯨太左衛門の墓 ※非公開,河川浸水,想定最大規模,河川浸水｜想定最大規模
131075100071,river_flooding,想定最大規模,0.5,0–0.5 m,A31a 荒川,A31a polygon intersection,13107,墨田区,Municipal,Unknown,有形文化財,歴史資料,point,無縁法界塔,河川浸水,想定最大規模,河川浸水｜想定最大規模
131075100072,river_flooding,想定最大規模,5.0,3–5 m,A31a 荒川,A31a polygon intersection,13107,墨田区,Municipal,Unknown,有形文化財,歴史資料,point,板坂如春の碑(2基),河川浸水,想定最大規模,河川浸水｜想定最大規模
131075100073,river_flooding,想定最大規模,3.0,0.5–3 m,A31a 荒川,A31a polygon intersection,13107,墨田区,Municipal,Unknown,有形文化財,歴史資料,point,芥川家旧蔵雛人形,河川浸水,想定最大規模,河川浸水｜想定最大規模
131075100074,river_flooding,想定最大規模,3.0,0.5–3 m,A31a 荒川,A31a polygon intersection,13107,墨田区,Municipal,Unknown,有形文化財,歴史資料,point,「天下之糸平」の碑,河川浸水,想定最大規模,河川浸水｜想定最大規模
131075100075,river_flooding,想定最大規模,3.0,0.5–3 m,A31a 荒川,A31a polygon intersection,13107,墨田区,Municipal,Unknown,有形文化財,歴史資料,point,大石三平墓,河川浸水,想定最大規模,河川浸水｜想定最大規模
131075100076,river_flooding,想定最大規模,3.0,0.5–3 m,A31a 荒川,A31a polygon intersection,13107,墨田区,Municipal,Unknown,有形文化財,歴史資料,point,江島杉山神社の銅製釣燈籠,河川浸水,想定最大規模,河川浸水｜想定最大規模
131075100077,river_flooding,想定最大規模,5.0,3–5 m,A31a 荒川,A31a polygon intersection,13107,墨田区,Municipal,Unknown,有形文化財,歴史資料,point,佐羽淡斎「墨多三絶」の漢詩碑,河川浸水,想定最大規模,河川浸水｜想定最大規模
131075100078,river_flooding,想定最大規模,3.0,0.5–3 m,A31a 荒川,A31a polygon intersection,13107,墨田区,Municipal,Unknown,有形文化財,歴史資料,point,亀田鵬斎「題隅田堤櫻花」の漢詩碑,河川浸水,想定最大規模,河川浸水｜想定最大規模
131075100079,river_flooding,想定最大規模,3.0,0.5–3 m,A31a 荒川,A31a polygon intersection,13107,墨田区,Municipal,Unknown,有形文化財,歴史資料,point,「吾嬬森碑」,河川浸水,想定最大規模,河川浸水｜想定最大規模
131075100080,river_flooding,想定最大規模,3.0,0.5–3 m,A31a 荒川,A31a polygon intersection,13107,墨田区,Municipal,Unknown,有形文化財,歴史資料,point,近松門左衛門供養碑(断片) ※非公開,河川浸水,想定最大規模,河川浸水｜想定最大規模
131075100081,river_flooding,想定最大規模,3.0,0.5–3 m,A31a 荒川,A31a polygon intersection,13107,墨田区,Municipal,Unknown,有形文化財,歴史資料,point,「一勇斎歌川先生墓表」(歌川国芳顕彰碑),河川浸水,想定最大規模,河川浸水｜想定最大規模
131075100082,river_flooding,想定最大規模,3.0,0.5–3 m,A31a 荒川,A31a polygon intersection,13107,墨田区,Municipal,Unknown,有形文化財,歴史資料,point,「勝川春英翁略傳」の碑,河川浸水,想定最大規模,河川浸水｜想定最大規模
131075100083,river_flooding,想定最大規模,3.0,0.5–3 m,A31a 荒川,A31a polygon intersection,13107,墨田区,Municipal,Unknown,有形文化財,歴史資料,point,初代歌川豊国筆塚(断片),河川浸水,想定最大規模,河川浸水｜想定最大規模
131075100084,river_flooding,想定最大規模,5.0,3–5 m,A31a 荒川,A31a polygon intersection,13107,墨田区,Municipal,Unknown,有形文化財,歴史資料,point,窪俊満「故郷の」の歌碑,河川浸水,想定最大規模,河川浸水｜想定最大規模
131075100085,river_flooding,想定最大規模,3.0,0.5–3 m,A31a 荒川,A31a polygon intersection,13107,墨田区,Municipal,Unknown,有形文化財,歴史資料,point,鈴木家旧蔵雛人形,河川浸水,想定最大規模,河川浸水｜想定最大規模
131075100086,river_flooding,想定最大規模,3.0,0.5–3 m,A31a 荒川,A31a polygon intersection,13107,墨田区,Municipal,Unknown,有形文化財,歴史資料,point,太田氏七代供養塔,河川浸水,想定最大規模,河川浸水｜想定最大規模
131075100087,river_flooding,想定最大規模,3.0,0.5–3 m,A31a 荒川,A31a polygon intersection,13107,墨田区,Municipal,Unknown,有形文化財,歴史資料,point,旗本太田資同墓碑,河川浸水,想定最大規模,河川浸水｜想定最大規模
131075100088,river_flooding,想定最大規模,3.0,0.5–3 m,A31a 荒川,A31a polygon intersection,13107,墨田区,Municipal,Unknown,有形文化財,歴史資料,point,隅田川神社資料,河川浸水,想定最大規模,河川浸水｜想定最大規模
131075100089,river_flooding,想定最大規模,3.0,0.5–3 m,A31a 荒川,A31a polygon intersection,13107,墨田区,Municipal,Unknown,有形文化財,歴史資料,point,矢掛弓雄関係石碑群,河川浸水,想定最大規模,河川浸水｜想定最大規模
131075100090,river_flooding,想定最大規模,3.0,0.5–3 m,A31a 荒川,A31a polygon intersection,13107,墨田区,Municipal,Unknown,有形文化財,歴史資料,point,木阿弥(元杢網)「けふよりも」の歌碑,河川浸水,想定最大規模,河川浸水｜想定最大規模
131075100091,river_flooding,想定最大規模,0.5,0–0.5 m,A31a 荒川,A31a polygon intersection,13107,墨田区,Municipal,Unknown,有形文化財,歴史資料,point,義士墓(那珂湊戦争関連資料),河川浸水,想定最大規模,河川浸水｜想定最大規模
131075100092,river_flooding,想定最大規模,0.5,0–0.5 m,A31a 荒川,A31a polygon intersection,13107,墨田区,Municipal,Unknown,有形文化財,歴史資料,point,回向院の石造歴史災害供養塔群,河川浸水,想定最大規模,河川浸水｜想定最大規模
131075100095,river_flooding,想定最大規模,3.0,0.5–3 m,A31a 荒川,A31a polygon intersection,13107,墨田区,Municipal,Unknown,民俗文化財,有形民俗文化財,point,牛嶋神社の石造狛犬 享保十四年銘 一対 文政十年銘 一対,河川浸水,想定最大規模,河川浸水｜想定最大規模
131075100096,river_flooding,想定最大規模,3.0,0.5–3 m,A31a 荒川,A31a polygon intersection,13107,墨田区,Municipal,Unknown,民俗文化財,有形民俗文化財,point,三囲神社の石造狛犬,河川浸水,想定最大規模,河川浸水｜想定最大規模
131075100097,river_flooding,想定最大規模,3.0,0.5–3 m,A31a 荒川,A31a polygon intersection,13107,墨田区,Municipal,Unknown,民俗文化財,有形民俗文化財,point,如意輪寺の六面六地蔵石幢,河川浸水,想定最大規模,河川浸水｜想定最大規模
131075100098,river_flooding,想定最大規模,10.0,5 m以上,A31a 荒川,A31a polygon intersection,13107,墨田区,Municipal,Unknown,民俗文化財,有形民俗文化財,point,正福寺の石造阿弥陀如来立像,河川浸水,想定最大規模,河川浸水｜想定最大規模
131075100099,river_flooding,想定最大規模,10.0,5 m以上,A31a 荒川,A31a polygon intersection,13107,墨田区,Municipal,Unknown,民俗文化財,有形民俗文化財,point,多聞寺の石造庚申塔(阿弥陀如来),河川浸水,想定最大規模,河川浸水｜想定最大規模
131075100100,river_flooding,想定最大規模,10.0,5 m以上,A31a 荒川,A31a polygon intersection,13107,墨田区,Municipal,Unknown,民俗文化財,有形民俗文化財,point,圓徳寺の石造庚申塔(釈迦如来),河川浸水,想定最大規模,河川浸水｜想定最大規模
131075100101,river_flooding,想定最大規模,3.0,0.5–3 m,A31a 荒川,A31a polygon intersection,13107,墨田区,Municipal,Unknown,民俗文化財,有形民俗文化財,point,吾嬬神社の石造狛犬,河川浸水,想定最大規模,河川浸水｜想定最大規模
131075100103,river_flooding,想定最大規模,5.0,3–5 m,A31a 荒川,A31a polygon intersection,13107,墨田区,Municipal,Unknown,民俗文化財,有形民俗文化財,point,萬福寺の石造庚申塔 (青面金剛童子),河川浸水,想定最大規模,河川浸水｜想定最大規模
131075100104,river_flooding,想定最大規模,5.0,3–5 m,A31a 荒川,A31a polygon intersection,13107,墨田区,Municipal,Unknown,民俗文化財,有形民俗文化財,point,白鬚神社の石造狛犬,河川浸水,想定最大規模,河川浸水｜想定最大規模
131075100105,river_flooding,想定最大規模,5.0,3–5 m,A31a 荒川,A31a polygon intersection,13107,墨田区,Municipal,Unknown,民俗文化財,有形民俗文化財,point,香取神社の石造水鉢(禊盥),河川浸水,想定最大規模,河川浸水｜想定最大規模
131075100106,river_flooding,想定最大規模,3.0,0.5–3 m,A31a 荒川,A31a polygon intersection,13107,墨田区,Municipal,Unknown,民俗文化財,有形民俗文化財,point,牛嶋神社の石造神牛,河川浸水,想定最大規模,河川浸水｜想定最大規模
131075100107,river_flooding,想定最大規模,3.0,0.5–3 m,A31a 荒川,A31a polygon intersection,13107,墨田区,Municipal,Unknown,民俗文化財,有形民俗文化財,point,三囲神社の石造神狐,河川浸水,想定最大規模,河川浸水｜想定最大規模
131075100108,river_flooding,想定最大規模,3.0,0.5–3 m,A31a 荒川,A31a polygon intersection,13107,墨田区,Municipal,Unknown,民俗文化財,有形民俗文化財,point,長命寺の石造庚申塔 (地蔵菩薩),河川浸水,想定最大規模,河川浸水｜想定最大規模
131075100109,river_flooding,想定最大規模,5.0,3–5 m,A31a 荒川,A31a polygon intersection,13107,墨田区,Municipal,Unknown,民俗文化財,有形民俗文化財,point,正覚寺の石造庚申塔(青面金剛童子),河川浸水,想定最大規模,河川浸水｜想定最大規模
131075100110,river_flooding,想定最大規模,0.5,0–0.5 m,A31a 荒川,A31a polygon intersection,13107,墨田区,Municipal,Unknown,民俗文化財,有形民俗文化財,point,回向院の石造阿弥陀三尊立像,河川浸水,想定最大規模,河川浸水｜想定最大規模
131075100111,river_flooding,想定最大規模,3.0,0.5–3 m,A31a 荒川,A31a polygon intersection,13107,墨田区,Municipal,Unknown,民俗文化財,有形民俗文化財,point,円通寺の石造地蔵菩薩立像,河川浸水,想定最大規模,河川浸水｜想定最大規模
131075100112,river_flooding,想定最大規模,10.0,5 m以上,A31a 荒川,A31a polygon intersection,13107,墨田区,Municipal,Unknown,民俗文化財,有形民俗文化財,point,多聞寺の石造六地蔵坐像,河川浸水,想定最大規模,河川浸水｜想定最大規模
131075100113,river_flooding,想定最大規模,5.0,3–5 m,A31a 荒川,A31a polygon intersection,13107,墨田区,Municipal,Unknown,民俗文化財,有形民俗文化財,point,法泉寺の石造地蔵菩薩立像,河川浸水,想定最大規模,河川浸水｜想定最大規模
131075100114,river_flooding,想定最大規模,5.0,3–5 m,A31a 荒川,A31a polygon intersection,13107,墨田区,Municipal,Unknown,民俗文化財,有形民俗文化財,point,東漸寺の石造庚申道標,河川浸水,想定最大規模,河川浸水｜想定最大規模
131075100115,river_flooding,想定最大規模,3.0,0.5–3 m,A31a 荒川,A31a polygon intersection,13107,墨田区,Municipal,Unknown,民俗文化財,有形民俗文化財,point,牛嶋神社境内力石群,河川浸水,想定最大規模,河川浸水｜想定最大規模
131075100116,river_flooding,想定最大規模,5.0,3–5 m,A31a 荒川,A31a polygon intersection,13107,墨田区,Municipal,Unknown,民俗文化財,有形民俗文化財,point,力石,河川浸水,想定最大規模,河川浸水｜想定最大規模
131075100117,river_flooding,想定最大規模,3.0,0.5–3 m,A31a 荒川,A31a polygon intersection,13107,墨田区,Municipal,Unknown,民俗文化財,有形民俗文化財,point,吾嬬神社境内力石群,河川浸水,想定最大規模,河川浸水｜想定最大規模
131075100118,river_flooding,想定最大規模,3.0,0.5–3 m,A31a 荒川,A31a polygon intersection,13107,墨田区,Municipal,Unknown,民俗文化財,有形民俗文化財,point,牛嶋神社石造神牛(撫牛),河川浸水,想定最大規模,河川浸水｜想定最大規模
131075100119,river_flooding,想定最大規模,0.5,0–0.5 m,A31a 荒川,A31a polygon intersection,13107,墨田区,Municipal,Unknown,民俗文化財,有形民俗文化財,point,鼠小僧供養碑(鼠小僧の墓),河川浸水,想定最大規模,河川浸水｜想定最大規模
131075100120,river_flooding,想定最大規模,3.0,0.5–3 m,A31a 荒川,A31a polygon intersection,13107,墨田区,Municipal,Unknown,民俗文化財,有形民俗文化財,point,安藤家旧蔵田舟,河川浸水,想定最大規模,河川浸水｜想定最大規模
131075100121,river_flooding,想定最大規模,3.0,0.5–3 m,A31a 荒川,A31a polygon intersection,13107,墨田区,Municipal,Unknown,民俗文化財,有形民俗文化財,point,江島杉山神社境内力石,河川浸水,想定最大規模,河川浸水｜想定最大規模
131075100122,river_flooding,想定最大規模,3.0,0.5–3 m,A31a 荒川,A31a polygon intersection,13107,墨田区,Municipal,Unknown,民俗文化財,有形民俗文化財,point,山玉向嶋講社の碑,河川浸水,想定最大規模,河川浸水｜想定最大規模
131075100123,river_flooding,想定最大規模,5.0,3–5 m,A31a 荒川,A31a polygon intersection,13107,墨田区,Municipal,Unknown,民俗文化財,有形民俗文化財,point,山玉向嶋講社の碑,河川浸水,想定最大規模,河川浸水｜想定最大規模
131075100124,river_flooding,想定最大規模,3.0,0.5–3 m,A31a 荒川,A31a polygon intersection,13107,墨田区,Municipal,Unknown,民俗文化財,有形民俗文化財,point,出羽三山の碑,河川浸水,想定最大規模,河川浸水｜想定最大規模
131075100125,river_flooding,想定最大規模,3.0,0.5–3 m,A31a 荒川,A31a polygon intersection,13107,墨田区,Municipal,Unknown,民俗文化財,有形民俗文化財,point,柳嶋村念仏講道具一式 附関連文書,河川浸水,想定最大規模,河川浸水｜想定最大規模
131075100149,river_flooding,想定最大規模,10.0,5 m以上,A31a 荒川,A31a polygon intersection,13107,墨田区,Municipal,Unknown,民俗文化財,無形民俗文化財(民俗芸能),point,隅田囃子(箕輪囃子),河川浸水,想定最大規模,河川浸水｜想定最大規模
131075100150,river_flooding,想定最大規模,3.0,0.5–3 m,A31a 荒川,A31a polygon intersection,13107,墨田区,Municipal,Unknown,民俗文化財,無形民俗文化財(風俗慣習),point,隅田川七福神めぐり,河川浸水,想定最大規模,河川浸水｜想定最大規模
131075100151,river_flooding,想定最大規模,3.0,0.5–3 m,A31a 荒川,A31a polygon intersection,13107,墨田区,Municipal,Unknown,記念物,史跡,point,肥前平戸藩松浦家墓所 ※非公開,河川浸水,想定最大規模,河川浸水｜想定最大規模
131075100152,river_flooding,想定最大規模,3.0,0.5–3 m,A31a 荒川,A31a polygon intersection,13107,墨田区,Municipal,Unknown,記念物,史跡,point,橘守部墓・橘冬照墓,河川浸水,想定最大規模,河川浸水｜想定最大規模
131075100153,river_flooding,想定最大規模,3.0,0.5–3 m,A31a 荒川,A31a polygon intersection,13107,墨田区,Municipal,Unknown,記念物,史跡,point,池田冠山墓,河川浸水,想定最大規模,河川浸水｜想定最大規模
131075100154,river_flooding,想定最大規模,3.0,0.5–3 m,A31a 荒川,A31a polygon intersection,13107,墨田区,Municipal,Unknown,記念物,史跡,point,常陸笠間藩牧野家墓所 ※非公開,河川浸水,想定最大規模,河川浸水｜想定最大規模
131075100155,river_flooding,想定最大規模,0.5,0–0.5 m,A31a 荒川,A31a polygon intersection,13107,墨田区,Municipal,Unknown,記念物,史跡,point,回向院相撲関係石碑群(力塚),河川浸水,想定最大規模,河川浸水｜想定最大規模
131075100156,river_flooding,想定最大規模,3.0,0.5–3 m,A31a 荒川,A31a polygon intersection,13107,墨田区,Municipal,Unknown,記念物,天然記念物,point,飛木稲荷神社のイチョウ,河川浸水,想定最大規模,河川浸水｜想定最大規模
official_export_002:99,river_flooding,想定最大規模,3.0,0.5–3 m,A31a 荒川,A31a polygon intersection,13107,墨田区,National,Registered,有形文化財,建造物,building_direct,割烹美家古向島本店店舗,河川浸水,想定最大規模,河川浸水｜想定最大規模
official_export_002:276,river_flooding,想定最大規模,5.0,3–5 m,A31a 荒川,A31a polygon intersection,13107,墨田区,National,Registered,有形文化財,建造物,building_direct,墨田区立言問小学校校舎,河川浸水,想定最大規模,河川浸水｜想定最大規模
official_export_002:277,river_flooding,想定最大規模,3.0,0.5–3 m,A31a 荒川,A31a polygon intersection,13107,墨田区,National,Registered,有形文化財,建造物,building_direct,墨田区立言問小学校講堂,河川浸水,想定最大規模,河川浸水｜想定最大規模
official_export_002:327,river_flooding,想定最大規模,3.0,0.5–3 m,A31a 荒川,A31a polygon intersection,13107,墨田区,National,Registered,有形文化財,建造物,building_direct,照田家住宅主屋,河川浸水,想定最大規模,河川浸水｜想定最大規模
official_export_003:65,river_flooding,想定最大規模,5.0,3–5 m,A31a 荒川,A31a polygon intersection,13107,墨田区,National,Designated,記念物,天然記念物,point,向島百花園,河川浸水,想定最大規模,河川浸水｜想定最大規模
