record_id,risk_type,municipality_code,municipality_name,designation_level,designation_status,heritage_type_major,heritage_type_detail_norm,entity_class,name
154,seismic,13101,千代田区,Tokyo Metropolitan,Designated,記念物,旧跡,point,将門塚
official_export_001:11,seismic,13101,千代田区,National,Designated,有形文化財,建造物,building_direct,旧江戸城清水門
official_export_001:12,seismic,13101,千代田区,National,Designated,有形文化財,建造物,building_direct,旧江戸城清水門
official_export_001:13,seismic,13101,千代田区,National,Designated,有形文化財,建造物,building_direct,旧江戸城外桜田門
official_export_001:14,seismic,13101,千代田区,National,Designated,有形文化財,建造物,building_direct,旧江戸城田安門
official_export_001:34,seismic,13101,千代田区,National,Designated,有形文化財,建造物,building_direct,旧江戸城外桜田門
official_export_001:35,seismic,13101,千代田区,National,Designated,有形文化財,建造物,building_direct,旧江戸城田安門
official_export_001:63,seismic,13101,千代田区,National,Designated,有形文化財,建造物,building_direct,旧近衛師団司令部庁舎
official_export_001:80,seismic,13101,千代田区,National,Designated,有形文化財,建造物,building_direct,水準原点
official_export_001:103,seismic,13101,千代田区,National,Designated,有形文化財,建造物,building_direct,東京駅丸ノ内本屋
official_export_001:114,seismic,13101,千代田区,National,Designated,有形文化財,建造物,building_direct,日本ハリストス正教会教団
official_export_001:115,seismic,13101,千代田区,National,Designated,有形文化財,建造物,building_direct,日本ハリストス正教会教団
official_export_001:116,seismic,13101,千代田区,National,Designated,有形文化財,建造物,building_direct,日本ハリストス正教会教団
official_export_001:117,seismic,13101,千代田区,National,Designated,有形文化財,建造物,building_direct,日本ハリストス正教会教団
official_export_001:118,seismic,13101,千代田区,National,Designated,有形文化財,建造物,building_direct,日本ハリストス正教会教団
official_export_001:130,seismic,13101,千代田区,National,Designated,有形文化財,建造物,building_direct,法務省旧本館
official_export_001:192,seismic,13101,千代田区,National,Designated,有形文化財,建造物,building_direct,明治生命保険相互会社本社本館
official_export_002:81,seismic,13101,千代田区,National,Registered,有形文化財,建造物,building_direct,学士会館
official_export_002:100,seismic,13101,千代田区,National,Registered,有形文化財,建造物,building_direct,カトリック神田教会聖堂
official_export_002:116,seismic,13101,千代田区,National,Registered,有形文化財,建造物,building_direct,神田神社神饌所
official_export_002:117,seismic,13101,千代田区,National,Registered,有形文化財,建造物,building_direct,神田神社西門
official_export_002:118,seismic,13101,千代田区,National,Registered,有形文化財,建造物,building_direct,神田神社拝殿
official_export_002:119,seismic,13101,千代田区,National,Registered,有形文化財,建造物,building_direct,神田神社東門
official_export_002:120,seismic,13101,千代田区,National,Registered,有形文化財,建造物,building_direct,神田神社幣殿
official_export_002:121,seismic,13101,千代田区,National,Registered,有形文化財,建造物,building_direct,神田神社宝庫
official_export_002:122,seismic,13101,千代田区,National,Registered,有形文化財,建造物,building_direct,神田神社本殿
official_export_002:123,seismic,13101,千代田区,National,Registered,有形文化財,建造物,building_direct,神田神社瑞垣
official_export_002:153,seismic,13101,千代田区,National,Registered,有形文化財,建造物,building_direct,旧九段会館
official_export_002:181,seismic,13101,千代田区,National,Registered,有形文化財,建造物,building_direct,旧文部省庁舎
official_export_002:182,seismic,13101,千代田区,National,Registered,有形文化財,建造物,building_direct,旧山口萬吉邸主屋
official_export_002:183,seismic,13101,千代田区,National,Registered,有形文化財,建造物,building_direct,旧山口萬吉邸門及び塀
official_export_002:287,seismic,13101,千代田区,National,Registered,有形文化財,建造物,building_direct,太洋ビルディング(丸石ビルディング)
official_export_002:297,seismic,13101,千代田区,National,Registered,有形文化財,建造物,building_direct,高畠家住宅主屋
official_export_002:298,seismic,13101,千代田区,National,Registered,有形文化財,建造物,building_direct,高畠家住宅正門
official_export_002:299,seismic,13101,千代田区,National,Registered,有形文化財,建造物,building_direct,高畠家住宅塀及び石垣
official_export_002:359,seismic,13101,千代田区,National,Registered,有形文化財,建造物,building_direct,東京地下鉄丸ノ内線御茶ノ水橋梁
official_export_002:360,seismic,13101,千代田区,National,Registered,有形文化財,建造物,building_direct,東京地下鉄丸ノ内線四ツ谷跨線橋
official_export_002:384,seismic,13101,千代田区,National,Registered,有形文化財,建造物,building_direct,日本工業倶楽部会館
official_export_002:422,seismic,13101,千代田区,National,Registered,有形文化財,建造物,building_direct,松本家住宅主屋
official_export_002:460,seismic,13101,千代田区,National,Registered,有形文化財,建造物,building_direct,山本歯科医院
official_export_003:3,seismic,13101,千代田区,National,Designated,記念物,天然記念物,point,江戸城跡
official_export_003:4,seismic,13101,千代田区,National,Designated,記念物,天然記念物,point,江戸城跡のヒカリゴケ生育地
official_export_003:5,seismic,13101,千代田区,National,Designated,記念物,天然記念物,point,江戸城外堀跡
official_export_003:50,seismic,13101,千代田区,National,Designated,記念物,天然記念物,point,常盤橋門跡
93,seismic,13102,中央区,Tokyo Metropolitan,Designated,有形文化財,歴史資料,point,一石橋迷子しらせ石標
131024000000.0,seismic,13102,中央区,Municipal,Designated,有形文化財,建造物,building_direct,明治屋京橋ビル
official_export_001:10,seismic,13102,中央区,National,Designated,有形文化財,建造物,building_direct,永代橋
official_export_001:20,seismic,13102,中央区,National,Designated,有形文化財,建造物,building_direct,勝鬨橋
official_export_001:53,seismic,13102,中央区,National,Designated,有形文化財,建造物,building_direct,清洲橋
official_export_001:99,seismic,13102,中央区,National,Designated,有形文化財,建造物,building_direct,髙島屋東京店
official_export_001:101,seismic,13102,中央区,National,Designated,有形文化財,建造物,building_direct,築地本願寺本堂
official_export_001:112,seismic,13102,中央区,National,Designated,有形文化財,建造物,building_direct,日本銀行本店本館
official_export_001:113,seismic,13102,中央区,National,Designated,有形文化財,建造物,building_direct,日本橋
official_export_001:138,seismic,13102,中央区,National,Designated,有形文化財,建造物,building_direct,三井本館
official_export_001:139,seismic,13102,中央区,National,Designated,有形文化財,建造物,building_direct,三越日本橋本店
official_export_002:53,seismic,13102,中央区,National,Registered,有形文化財,建造物,building_direct,江戸屋店舗兼住宅
official_export_002:59,seismic,13102,中央区,National,Registered,有形文化財,建造物,building_direct,大野屋總本店店舗
official_export_002:138,seismic,13102,中央区,National,Registered,有形文化財,建造物,building_direct,旧飯田家住宅店舗兼主屋
official_export_002:179,seismic,13102,中央区,National,Registered,有形文化財,建造物,building_direct,旧宮脇ビル(川崎ブランドデザインビルヂング)
official_export_002:197,seismic,13102,中央区,National,Registered,有形文化財,建造物,building_direct,喜代川店舗
official_export_002:199,seismic,13102,中央区,National,Registered,有形文化財,建造物,building_direct,銀座大野屋店舗兼主屋
official_export_002:200,seismic,13102,中央区,National,Registered,有形文化財,建造物,building_direct,銀座ライオンビル
official_export_002:271,seismic,13102,中央区,National,Registered,有形文化財,建造物,building_direct,新富町躍金楼店舗
official_export_002:305,seismic,13102,中央区,National,Registered,有形文化財,建造物,building_direct,玉置文治郎ビル
official_export_002:396,seismic,13102,中央区,National,Registered,有形文化財,建造物,building_direct,ハリオグラスビル
official_export_002:423,seismic,13102,中央区,National,Registered,有形文化財,建造物,building_direct,繭山龍泉堂店舗
official_export_002:473,seismic,13102,中央区,National,Registered,有形文化財,建造物,building_direct,よし梅芳町亭
official_export_003:20,seismic,13102,中央区,National,Designated,記念物,天然記念物,point,旧浜離宮庭園
205,seismic,13103,港区,Tokyo Metropolitan,Designated,記念物,天然記念物,point,旧細川邸のシイ
245,seismic,13103,港区,Tokyo Metropolitan,Designated,記念物,天然記念物,point,芝東照宮のイチョウ
official_export_001:27,seismic,13103,港区,National,Designated,有形文化財,建造物,building_direct,旧朝香宮邸
official_export_001:28,seismic,13103,港区,National,Designated,有形文化財,建造物,building_direct,旧朝香宮邸
official_export_001:29,seismic,13103,港区,National,Designated,有形文化財,建造物,building_direct,旧朝香宮邸
official_export_001:30,seismic,13103,港区,National,Designated,有形文化財,建造物,building_direct,旧朝香宮邸
official_export_001:31,seismic,13103,港区,National,Designated,有形文化財,建造物,building_direct,旧朝香宮邸
official_export_001:54,seismic,13103,港区,National,Designated,有形文化財,建造物,building_direct,慶応義塾図書館
official_export_001:55,seismic,13103,港区,National,Designated,有形文化財,建造物,building_direct,慶応義塾三田演説館
official_export_001:82,seismic,13103,港区,National,Designated,有形文化財,建造物,building_direct,瑞聖寺大雄宝殿
official_export_001:93,seismic,13103,港区,National,Designated,有形文化財,建造物,building_direct,増上寺三解脱門
official_export_001:98,seismic,13103,港区,National,Designated,有形文化財,建造物,building_direct,旧台徳院霊廟惣門
official_export_001:106,seismic,13103,港区,National,Designated,有形文化財,建造物,building_direct,旧東宮御所(迎賓館赤坂離宮)
official_export_001:127,seismic,13103,港区,National,Designated,有形文化財,建造物,building_direct,武家屋敷門
official_export_001:142,seismic,13103,港区,National,Designated,有形文化財,建造物,building_direct,明治学院インブリー館
official_export_001:194,seismic,13103,港区,National,Designated,有形文化財,建造物,building_direct,有章院(徳川家継)霊廟二天門
official_export_002:58,seismic,13103,港区,National,Registered,有形文化財,建造物,building_direct,大倉集古館陳列館
official_export_002:60,seismic,13103,港区,National,Registered,有形文化財,建造物,building_direct,大橋茶寮表門
official_export_002:61,seismic,13103,港区,National,Registered,有形文化財,建造物,building_direct,大橋茶寮茶室葵
official_export_002:62,seismic,13103,港区,National,Registered,有形文化財,建造物,building_direct,大橋茶寮茶室桂
official_export_002:63,seismic,13103,港区,National,Registered,有形文化財,建造物,building_direct,大橋茶寮茶室守貧庵
official_export_002:64,seismic,13103,港区,National,Registered,有形文化財,建造物,building_direct,大橋茶寮茶室如庵写
official_export_002:65,seismic,13103,港区,National,Registered,有形文化財,建造物,building_direct,大橋茶寮茶室山吹
official_export_002:66,seismic,13103,港区,National,Registered,有形文化財,建造物,building_direct,大橋茶寮中門
official_export_002:67,seismic,13103,港区,National,Registered,有形文化財,建造物,building_direct,大橋茶寮不老門
official_export_002:68,seismic,13103,港区,National,Registered,有形文化財,建造物,building_direct,大橋茶寮塀
official_export_002:126,seismic,13103,港区,National,Registered,有形文化財,建造物,building_direct,菊池寛実記念智美術館別館
official_export_002:198,seismic,13103,港区,National,Registered,有形文化財,建造物,building_direct,キリスト友会フレンズセンター
official_export_002:213,seismic,13103,港区,National,Registered,有形文化財,建造物,building_direct,廣度院表門及び練塀
official_export_002:222,seismic,13103,港区,National,Registered,有形文化財,建造物,building_direct,国際文化会館本館
official_export_002:256,seismic,13103,港区,National,Registered,有形文化財,建造物,building_direct,常行院納骨堂
official_export_002:260,seismic,13103,港区,National,Registered,有形文化財,建造物,building_direct,常照院本堂内陣
official_export_002:267,seismic,13103,港区,National,Registered,有形文化財,建造物,building_direct,心光院表門
official_export_002:268,seismic,13103,港区,National,Registered,有形文化財,建造物,building_direct,心光院本堂
official_export_002:345,seismic,13103,港区,National,Registered,有形文化財,建造物,building_direct,東京水産大学雲鷹丸
official_export_002:356,seismic,13103,港区,National,Registered,有形文化財,建造物,building_direct,東京タワー
official_export_002:365,seismic,13103,港区,National,Registered,有形文化財,建造物,building_direct,虎ノ門大坂屋砂場店舗
official_export_002:415,seismic,13103,港区,National,Registered,有形文化財,建造物,building_direct,堀商店
official_export_002:425,seismic,13103,港区,National,Registered,有形文化財,建造物,building_direct,三菱電機高輪荘蔵
official_export_002:426,seismic,13103,港区,National,Registered,有形文化財,建造物,building_direct,三菱電機高輪荘主屋
official_export_002:427,seismic,13103,港区,National,Registered,有形文化財,建造物,building_direct,三菱電機高輪荘洋館
official_export_002:435,seismic,13103,港区,National,Registered,有形文化財,建造物,building_direct,妙定院上土蔵
official_export_002:436,seismic,13103,港区,National,Registered,有形文化財,建造物,building_direct,妙定院熊野堂
official_export_003:1,seismic,13103,港区,National,Designated,記念物,天然記念物,point,浅野長矩墓および赤穂義士墓
official_export_003:11,seismic,13103,港区,National,Designated,記念物,天然記念物,point,荻生徂徠墓
official_export_003:17,seismic,13103,港区,National,Designated,記念物,天然記念物,point,旧芝離宮庭園
official_export_003:19,seismic,13103,港区,National,Designated,記念物,天然記念物,point,旧新橋停車場跡及び高輪築堤跡
official_export_003:29,seismic,13103,港区,National,Designated,記念物,天然記念物,point,佐藤一斎墓
official_export_003:33,seismic,13103,港区,National,Designated,記念物,天然記念物,point,品川台場
official_export_003:38,seismic,13103,港区,National,Designated,記念物,天然記念物,point,善福寺のイチョウ
official_export_003:41,seismic,13103,港区,National,Designated,記念物,天然記念物,point,高輪大木戸跡
official_export_003:49,seismic,13103,港区,National,Designated,記念物,天然記念物,point,東禅寺
13104:0,seismic,13104,新宿区,Unknown,Unknown,未判定,未細分,point,市谷亀岡八幡宮の銅鳥居
13104:1,seismic,13104,新宿区,Unknown,Unknown,未判定,未細分,point,早稲田大学 坪内博士記念演劇博物館
13104:2,seismic,13104,新宿区,Unknown,Unknown,未判定,未細分,point,浄栄寺の山門「甘露門」
13104:3,seismic,13104,新宿区,Unknown,Unknown,未判定,未細分,point,幸国寺の山門
13104:4,seismic,13104,新宿区,Unknown,Unknown,未判定,未細分,point,中井御霊神社の本殿・幣殿・拝殿
13104:5,seismic,13104,新宿区,Unknown,Unknown,未判定,未細分,point,亮朝院本堂
13104:6,seismic,13104,新宿区,Unknown,Unknown,未判定,未細分,point,亮朝院七面堂
13104:7,seismic,13104,新宿区,Unknown,Unknown,未判定,未細分,point,永心寺本堂
13104:8,seismic,13104,新宿区,Unknown,Unknown,未判定,未細分,point,永心寺山門
13104:9,seismic,13104,新宿区,Unknown,Unknown,未判定,未細分,point,筑土八幡神社の石造鳥居
13104:10,seismic,13104,新宿区,Unknown,Unknown,未判定,未細分,point,西迎寺の阿弥陀如来座像
13104:11,seismic,13104,新宿区,Unknown,Unknown,未判定,未細分,point,中井出世不動尊像
13104:12,seismic,13104,新宿区,Unknown,Unknown,未判定,未細分,point,花園神社の唐獅子像
13104:13,seismic,13104,新宿区,Unknown,Unknown,未判定,未細分,point,太宗寺の三日月不動像
13104:14,seismic,13104,新宿区,Unknown,Unknown,未判定,未細分,point,熊野神社の水鉢
13104:15,seismic,13104,新宿区,Unknown,Unknown,未判定,未細分,point,亮朝院の金剛力士石像
13104:16,seismic,13104,新宿区,Unknown,Unknown,未判定,未細分,point,誓閑寺の梵鐘
13104:17,seismic,13104,新宿区,Unknown,Unknown,未判定,未細分,point,善国寺の毘沙門天像
13104:18,seismic,13104,新宿区,Unknown,Unknown,未判定,未細分,point,経王寺の大黒天像
13104:19,seismic,13104,新宿区,Unknown,Unknown,未判定,未細分,point,法善寺の七面明神像
13104:20,seismic,13104,新宿区,Unknown,Unknown,未判定,未細分,point,布袋像の水鉢
13104:21,seismic,13104,新宿区,Unknown,Unknown,未判定,未細分,point,須賀神社の三十六歌仙絵
13104:22,seismic,13104,新宿区,Unknown,Unknown,未判定,未細分,point,馬水槽
13104:23,seismic,13104,新宿区,Unknown,Unknown,未判定,未細分,point,天龍寺の時の鐘
13104:24,seismic,13104,新宿区,Unknown,Unknown,未判定,未細分,point,天龍寺のやぐら時計
13104:25,seismic,13104,新宿区,Unknown,Unknown,未判定,未細分,point,大隈重信銅像
13104:26,seismic,13104,新宿区,Unknown,Unknown,未判定,未細分,point,長善寺(笹寺)のめのう観音像
13104:27,seismic,13104,新宿区,Unknown,Unknown,未判定,未細分,point,鬼王神社の水鉢
13104:28,seismic,13104,新宿区,Unknown,Unknown,未判定,未細分,point,聖徳太子画像
13104:29,seismic,13104,新宿区,Unknown,Unknown,未判定,未細分,point,太宗寺の観無量寿経曼荼羅
13104:30,seismic,13104,新宿区,Unknown,Unknown,未判定,未細分,point,七人役者図絵馬
13104:31,seismic,13104,新宿区,Unknown,Unknown,未判定,未細分,point,阿弥陀三尊来迎図(専福寺)
13104:32,seismic,13104,新宿区,Unknown,Unknown,未判定,未細分,point,木造阿弥陀如来立像
13104:33,seismic,13104,新宿区,Unknown,Unknown,未判定,未細分,point,木造地蔵菩薩坐像
13104:34,seismic,13104,新宿区,Unknown,Unknown,未判定,未細分,point,阿弥陀三尊来迎図(光照寺)
13104:35,seismic,13104,新宿区,Unknown,Unknown,未判定,未細分,point,法然上人画像
13104:36,seismic,13104,新宿区,Unknown,Unknown,未判定,未細分,point,西光庵の観無量寿経曼荼羅
13104:37,seismic,13104,新宿区,Unknown,Unknown,未判定,未細分,point,天瑞元堤像 谷文晁筆
13104:38,seismic,13104,新宿区,Unknown,Unknown,未判定,未細分,point,謙堂文益像 谷文晁筆
13104:39,seismic,13104,新宿区,Unknown,Unknown,未判定,未細分,point,八大龍王図 谷文晁筆
13104:40,seismic,13104,新宿区,Unknown,Unknown,未判定,未細分,point,十大弟子図 谷文晁筆
13104:41,seismic,13104,新宿区,Unknown,Unknown,未判定,未細分,point,永福寺の銅造大日如来坐像
13104:42,seismic,13104,新宿区,Unknown,Unknown,未判定,未細分,point,永福寺の銅造地蔵菩薩半跏像
13104:43,seismic,13104,新宿区,Unknown,Unknown,未判定,未細分,point,済松寺の加藤文麗筆絵画作品
13104:44,seismic,13104,新宿区,Unknown,Unknown,未判定,未細分,point,谷文晁の絵
13104:45,seismic,13104,新宿区,Unknown,Unknown,未判定,未細分,point,月見岡八幡神社の鰐口
13104:46,seismic,13104,新宿区,Unknown,Unknown,未判定,未細分,point,市谷亀岡八幡宮の軍配団扇
13104:47,seismic,13104,新宿区,Unknown,Unknown,未判定,未細分,point,林光寺の高僧先達連座画像
13104:48,seismic,13104,新宿区,Unknown,Unknown,未判定,未細分,point,木造十一面観音坐像
13104:49,seismic,13104,新宿区,Unknown,Unknown,未判定,未細分,point,亮朝院の梵鐘
13104:50,seismic,13104,新宿区,Unknown,Unknown,未判定,未細分,point,宝泉寺の梵鐘
13104:51,seismic,13104,新宿区,Unknown,Unknown,未判定,未細分,point,銅造地蔵菩薩半跏像
13104:52,seismic,13104,新宿区,Unknown,Unknown,未判定,未細分,point,正受院の梵鐘
13104:53,seismic,13104,新宿区,Unknown,Unknown,未判定,未細分,point,西迎寺の梵鐘
13104:54,seismic,13104,新宿区,Unknown,Unknown,未判定,未細分,point,浄栄寺の梵鐘
13104:55,seismic,13104,新宿区,Unknown,Unknown,未判定,未細分,point,善慶寺の梵鐘
13104:56,seismic,13104,新宿区,Unknown,Unknown,未判定,未細分,point,法雲寺の梵鐘
13104:57,seismic,13104,新宿区,Unknown,Unknown,未判定,未細分,point,圓照寺の梵鐘
13104:58,seismic,13104,新宿区,Unknown,Unknown,未判定,未細分,point,薬王院の梵鐘
13104:59,seismic,13104,新宿区,Unknown,Unknown,未判定,未細分,point,西應寺の梵鐘
13104:60,seismic,13104,新宿区,Unknown,Unknown,未判定,未細分,point,光照寺の涅槃図
13104:61,seismic,13104,新宿区,Unknown,Unknown,未判定,未細分,point,長安寺の六地蔵塔
13104:62,seismic,13104,新宿区,Unknown,Unknown,未判定,未細分,point,太宗寺墓地出土品
13104:63,seismic,13104,新宿区,Unknown,Unknown,未判定,未細分,point,小銅鐸
13104:64,seismic,13104,新宿区,Unknown,Unknown,未判定,未細分,point,隆起線文系土器
13104:65,seismic,13104,新宿区,Unknown,Unknown,未判定,未細分,point,下落合横穴墓出土品
13104:66,seismic,13104,新宿区,Unknown,Unknown,未判定,未細分,point,一行院墓地出土品
13104:67,seismic,13104,新宿区,Unknown,Unknown,未判定,未細分,point,中村家文書
13104:68,seismic,13104,新宿区,Unknown,Unknown,未判定,未細分,point,林光寺の歴代宗主銘
13104:69,seismic,13104,新宿区,Unknown,Unknown,未判定,未細分,point,亮朝院文書
13104:70,seismic,13104,新宿区,Unknown,Unknown,未判定,未細分,point,中井御霊神社文書
13104:71,seismic,13104,新宿区,Unknown,Unknown,未判定,未細分,point,長厳寺文書
13104:72,seismic,13104,新宿区,Unknown,Unknown,未判定,未細分,point,済松寺文書
13104:73,seismic,13104,新宿区,Unknown,Unknown,未判定,未細分,point,林光寺文書
13104:74,seismic,13104,新宿区,Unknown,Unknown,未判定,未細分,point,大聖院文書
13104:75,seismic,13104,新宿区,Unknown,Unknown,未判定,未細分,point,法身寺文書
13104:76,seismic,13104,新宿区,Unknown,Unknown,未判定,未細分,point,旭地蔵
13104:77,seismic,13104,新宿区,Unknown,Unknown,未判定,未細分,point,子供合埋碑
13104:78,seismic,13104,新宿区,Unknown,Unknown,未判定,未細分,point,式三番奉納額
13104:79,seismic,13104,新宿区,Unknown,Unknown,未判定,未細分,point,旧鈴法寺江戸番所資料
13104:80,seismic,13104,新宿区,Unknown,Unknown,未判定,未細分,point,空印の石手水鉢
13104:81,seismic,13104,新宿区,Unknown,Unknown,未判定,未細分,point,堀部武庸加功遺跡之碑
13104:82,seismic,13104,新宿区,Unknown,Unknown,未判定,未細分,point,幸国寺の日蓮聖人六百遠忌供養塔
13104:83,seismic,13104,新宿区,Unknown,Unknown,未判定,未細分,point,太宗寺の切支丹灯籠
13104:84,seismic,13104,新宿区,Unknown,Unknown,未判定,未細分,point,諸国旅人供養碑
13104:85,seismic,13104,新宿区,Unknown,Unknown,未判定,未細分,point,服部半蔵の槍
13104:86,seismic,13104,新宿区,Unknown,Unknown,未判定,未細分,point,駿馬塚の碑
13104:87,seismic,13104,新宿区,Unknown,Unknown,未判定,未細分,point,月桂寺の切支丹灯籠
13104:88,seismic,13104,新宿区,Unknown,Unknown,未判定,未細分,point,木造七面明神半跏像及び宮殿
13104:89,seismic,13104,新宿区,Unknown,Unknown,未判定,未細分,point,木造妙見菩薩立像及び宮殿
13104:90,seismic,13104,新宿区,Unknown,Unknown,未判定,未細分,point,木造諏訪大明神坐像及び宮殿
13104:91,seismic,13104,新宿区,Unknown,Unknown,未判定,未細分,point,市谷亀岡八幡宮の几号水準点(水鉢台座)
13104:93,seismic,13104,新宿区,Unknown,Unknown,未判定,未細分,point,自証院の阿弥陀三尊種子板碑
13104:94,seismic,13104,新宿区,Unknown,Unknown,未判定,未細分,point,来迎寺の庚申塔
13104:95,seismic,13104,新宿区,Unknown,Unknown,未判定,未細分,point,正受院の奪衣婆像
13104:96,seismic,13104,新宿区,Unknown,Unknown,未判定,未細分,point,中井御霊神社の備射祭絵馬
13104:97,seismic,13104,新宿区,Unknown,Unknown,未判定,未細分,point,中井御霊神社の分木
13104:98,seismic,13104,新宿区,Unknown,Unknown,未判定,未細分,point,自性院の私年号板碑
13104:99,seismic,13104,新宿区,Unknown,Unknown,未判定,未細分,point,月見岡八幡神社の庚申塔
13104:100,seismic,13104,新宿区,Unknown,Unknown,未判定,未細分,point,狛犬型庚申塔
13104:101,seismic,13104,新宿区,Unknown,Unknown,未判定,未細分,point,太宗寺の閻魔像
13104:102,seismic,13104,新宿区,Unknown,Unknown,未判定,未細分,point,太宗寺の奪衣婆像
13104:103,seismic,13104,新宿区,Unknown,Unknown,未判定,未細分,point,葛谷御霊神社の力石
13104:104,seismic,13104,新宿区,Unknown,Unknown,未判定,未細分,point,成子天神社の力石
13104:105,seismic,13104,新宿区,Unknown,Unknown,未判定,未細分,point,雨乞のむしろ旗
13104:106,seismic,13104,新宿区,Unknown,Unknown,未判定,未細分,point,市谷亀岡八幡宮の力石
13104:107,seismic,13104,新宿区,Unknown,Unknown,未判定,未細分,point,筑土八幡神社の庚申塔
13104:108,seismic,13104,新宿区,Unknown,Unknown,未判定,未細分,point,尺八「放下着」一式ならびに普化尺八伝授関連資料
13104:109,seismic,13104,新宿区,Unknown,Unknown,未判定,未細分,point,善国寺の石虎
13104:110,seismic,13104,新宿区,Unknown,Unknown,未判定,未細分,point,中井御霊神社の狛犬
13104:111,seismic,13104,新宿区,Unknown,Unknown,未判定,未細分,point,巴講睦の獅子頭
13104:112,seismic,13104,新宿区,Unknown,Unknown,未判定,未細分,point,一行院の板碑
13104:113,seismic,13104,新宿区,Unknown,Unknown,未判定,未細分,point,塞神三柱の塔
13104:114,seismic,13104,新宿区,Unknown,Unknown,未判定,未細分,point,全龍寺の庚申塔
13104:115,seismic,13104,新宿区,Unknown,Unknown,未判定,未細分,point,慈雲山観音寺の庚申塔
13104:116,seismic,13104,新宿区,Unknown,Unknown,未判定,未細分,point,下落合二丁目の庚申塔
13104:117,seismic,13104,新宿区,Unknown,Unknown,未判定,未細分,point,旧源兵衛村の庚申塔
13104:118,seismic,13104,新宿区,Unknown,Unknown,未判定,未細分,point,幸国寺の題目塔
13104:119,seismic,13104,新宿区,Unknown,Unknown,未判定,未細分,point,熊野神社の狛犬
13104:120,seismic,13104,新宿区,Unknown,Unknown,未判定,未細分,point,高田馬場の流鏑馬
13104:121,seismic,13104,新宿区,Unknown,Unknown,未判定,未細分,point,中井御霊神社の備射祭
13104:122,seismic,13104,新宿区,Unknown,Unknown,未判定,未細分,point,葛谷御霊神社の備謝祭
13104:123,seismic,13104,新宿区,Unknown,Unknown,未判定,未細分,point,丸藤宮元講社の富士講行事
13104:124,seismic,13104,新宿区,Unknown,Unknown,未判定,未細分,point,戸塚囃子
13104:125,seismic,13104,新宿区,Unknown,Unknown,未判定,未細分,point,萩原社中里神楽
13104:126,seismic,13104,新宿区,Unknown,Unknown,未判定,未細分,point,上落合餅つき唄
13104:127,seismic,13104,新宿区,Unknown,Unknown,未判定,未細分,point,鉄砲組百人隊行列
13104:128,seismic,13104,新宿区,Unknown,Unknown,未判定,未細分,point,高松喜六の墓
13104:129,seismic,13104,新宿区,Unknown,Unknown,未判定,未細分,point,服部半蔵の墓
13104:130,seismic,13104,新宿区,Unknown,Unknown,未判定,未細分,point,小泉八雲旧居跡
13104:131,seismic,13104,新宿区,Unknown,Unknown,未判定,未細分,point,塙保己一の墓
13104:132,seismic,13104,新宿区,Unknown,Unknown,未判定,未細分,point,山県大弐の墓
13104:133,seismic,13104,新宿区,Unknown,Unknown,未判定,未細分,point,十二社の碑
13104:134,seismic,13104,新宿区,Unknown,Unknown,未判定,未細分,point,松井須磨子の墓
13104:135,seismic,13104,新宿区,Unknown,Unknown,未判定,未細分,point,源清麿の墓
13104:136,seismic,13104,新宿区,Unknown,Unknown,未判定,未細分,point,尾崎紅葉旧居跡
13104:137,seismic,13104,新宿区,Unknown,Unknown,未判定,未細分,point,田村虎蔵旧居跡
13104:138,seismic,13104,新宿区,Unknown,Unknown,未判定,未細分,point,恋川春町の墓
13104:139,seismic,13104,新宿区,Unknown,Unknown,未判定,未細分,point,月岡芳年の墓
13104:140,seismic,13104,新宿区,Unknown,Unknown,未判定,未細分,point,浄瑠璃坂の仇討跡
13104:141,seismic,13104,新宿区,Unknown,Unknown,未判定,未細分,point,国産飛行機発祥の地
13104:142,seismic,13104,新宿区,Unknown,Unknown,未判定,未細分,point,大久保の犬御用屋敷跡
13104:143,seismic,13104,新宿区,Unknown,Unknown,未判定,未細分,point,三遊亭円朝旧居跡
13104:144,seismic,13104,新宿区,Unknown,Unknown,未判定,未細分,point,夏目漱石誕生の地
13104:145,seismic,13104,新宿区,Unknown,Unknown,未判定,未細分,point,夏目漱石終焉の地
13104:146,seismic,13104,新宿区,Unknown,Unknown,未判定,未細分,point,便々館湖鯉鮒狂歌碑
13104:147,seismic,13104,新宿区,Unknown,Unknown,未判定,未細分,point,永井荷風旧居跡
13104:148,seismic,13104,新宿区,Unknown,Unknown,未判定,未細分,point,岡崎三郎信康供養塔
13104:149,seismic,13104,新宿区,Unknown,Unknown,未判定,未細分,point,榊原鍵吉の墓
13104:150,seismic,13104,新宿区,Unknown,Unknown,未判定,未細分,point,平秩東作の墓
13104:151,seismic,13104,新宿区,Unknown,Unknown,未判定,未細分,point,二葉亭四迷旧居跡
13104:152,seismic,13104,新宿区,Unknown,Unknown,未判定,未細分,point,大和田建樹終焉の地
13104:153,seismic,13104,新宿区,Unknown,Unknown,未判定,未細分,point,有島武郎旧居跡
13104:154,seismic,13104,新宿区,Unknown,Unknown,未判定,未細分,point,島村抱月終焉の地 (芸術倶楽部跡)
13104:155,seismic,13104,新宿区,Unknown,Unknown,未判定,未細分,point,内藤正勝の墓
13104:156,seismic,13104,新宿区,Unknown,Unknown,未判定,未細分,point,筒井政憲の墓
13104:157,seismic,13104,新宿区,Unknown,Unknown,未判定,未細分,point,小泉八雲終焉の地
13104:158,seismic,13104,新宿区,Unknown,Unknown,未判定,未細分,point,紅皿の墓
13104:159,seismic,13104,新宿区,Unknown,Unknown,未判定,未細分,point,坪内逍遙旧居跡(文芸協会演劇研究所跡)
13104:160,seismic,13104,新宿区,Unknown,Unknown,未判定,未細分,point,佐伯祐三アトリエの地
13104:161,seismic,13104,新宿区,Unknown,Unknown,未判定,未細分,point,滝沢馬琴終焉の地
13104:162,seismic,13104,新宿区,Unknown,Unknown,未判定,未細分,point,柳田國男旧居跡
13104:163,seismic,13104,新宿区,Unknown,Unknown,未判定,未細分,point,斎藤茂吉終焉の地
13104:164,seismic,13104,新宿区,Unknown,Unknown,未判定,未細分,point,下村湖人終焉の地
13104:165,seismic,13104,新宿区,Unknown,Unknown,未判定,未細分,point,落合秋艸堂跡(會津八一旧居跡)
13104:166,seismic,13104,新宿区,Unknown,Unknown,未判定,未細分,point,西條八十旧居跡
13104:167,seismic,13104,新宿区,Unknown,Unknown,未判定,未細分,point,女人芸術社跡(長谷川時雨・三上於菟吉旧居跡)
13104:168,seismic,13104,新宿区,Unknown,Unknown,未判定,未細分,point,内村鑑三終焉の地(今井館聖書講堂跡)
13104:169,seismic,13104,新宿区,Unknown,Unknown,未判定,未細分,point,鈴木三重吉終焉の地(「赤い鳥」社跡)
13104:170,seismic,13104,新宿区,Unknown,Unknown,未判定,未細分,point,鏑木清方旧居跡
13104:171,seismic,13104,新宿区,Unknown,Unknown,未判定,未細分,point,辰野金吾の墓
13104:172,seismic,13104,新宿区,Unknown,Unknown,未判定,未細分,point,牛込城跡
13104:173,seismic,13104,新宿区,Unknown,Unknown,未判定,未細分,point,富塚跡
13104:174,seismic,13104,新宿区,Unknown,Unknown,未判定,未細分,point,便々館湖鯉鮒の墓
13104:175,seismic,13104,新宿区,Unknown,Unknown,未判定,未細分,point,成子天神社の富士塚
13104:176,seismic,13104,新宿区,Unknown,Unknown,未判定,未細分,point,生田春月旧居跡
13104:177,seismic,13104,新宿区,Unknown,Unknown,未判定,未細分,point,泉鏡花旧居跡
13104:178,seismic,13104,新宿区,Unknown,Unknown,未判定,未細分,point,林芙美子終焉の地
13104:179,seismic,13104,新宿区,Unknown,Unknown,未判定,未細分,point,塚本明毅の墓碑
13104:180,seismic,13104,新宿区,Unknown,Unknown,未判定,未細分,point,萩原宗固の墓
13104:181,seismic,13104,新宿区,Unknown,Unknown,未判定,未細分,point,吉川湊一の墓
13104:182,seismic,13104,新宿区,Unknown,Unknown,未判定,未細分,point,東京府仮小学第三校跡
13104:183,seismic,13104,新宿区,Unknown,Unknown,未判定,未細分,point,シイ
13104:184,seismic,13104,新宿区,Unknown,Unknown,未判定,未細分,point,イチョウ
13104:185,seismic,13104,新宿区,Unknown,Unknown,未判定,未細分,point,末広亭
13104:186,seismic,13104,新宿区,Unknown,Unknown,未判定,未細分,point,歌舞伎町建設記念碑
13104:187,seismic,13104,新宿区,Unknown,Unknown,未判定,未細分,point,六桜社跡
13104:188,seismic,13104,新宿区,Unknown,Unknown,未判定,未細分,point,佐々木活字店
13104:189,seismic,13104,新宿区,Unknown,Unknown,未判定,未細分,point,近衛篤麿公記念碑
13104:190,seismic,13104,新宿区,Unknown,Unknown,未判定,未細分,point,花園神社の二宮尊徳像
13104:191,seismic,13104,新宿区,Unknown,Unknown,未判定,未細分,point,長谷川平蔵埋葬の地
13104:192,seismic,13104,新宿区,Unknown,Unknown,未判定,未細分,point,神楽坂の東八拳
13104:193,seismic,13104,新宿区,Unknown,Unknown,未判定,未細分,point,神楽坂をどり
13104:194,seismic,13104,新宿区,Unknown,Unknown,未判定,未細分,point,旧近衛邸のケヤキ
13104:195,seismic,13104,新宿区,Unknown,Unknown,未判定,未細分,point,オブジェ「歓び(PLAISIR)」
13104:196,seismic,13104,新宿区,Unknown,Unknown,未判定,未細分,point,源兵衛子育地蔵尊の石造物群
13104:197,seismic,13104,新宿区,Unknown,Unknown,未判定,未細分,point,彰忠碑
13104:198,seismic,13104,新宿区,Unknown,Unknown,未判定,未細分,point,太平洋戦争本土初空襲の地跡
13104:199,seismic,13104,新宿区,Unknown,Unknown,未判定,未細分,point,名曲喫茶らんぶる
13104:200,seismic,13104,新宿区,Unknown,Unknown,未判定,未細分,point,西落合耕地整理記念碑
13104:201,seismic,13104,新宿区,Unknown,Unknown,未判定,未細分,point,旧淀橋浄水場蝶型弁
13104:202,seismic,13104,新宿区,Unknown,Unknown,未判定,未細分,point,旧淀橋浄水場六角堂
13104:203,seismic,13104,新宿区,Unknown,Unknown,未判定,未細分,point,巴講睦の獅子図屏風
13104:204,seismic,13104,新宿区,Unknown,Unknown,未判定,未細分,point,服部良一旧居跡
13104:205,seismic,13104,新宿区,Unknown,Unknown,未判定,未細分,point,天祖神社の神門
13104:206,seismic,13104,新宿区,Unknown,Unknown,未判定,未細分,point,戸山射撃場跡
13104:207,seismic,13104,新宿区,Unknown,Unknown,未判定,未細分,point,喜久井町 戦災者供養観音像
13104:208,seismic,13104,新宿区,Unknown,Unknown,未判定,未細分,point,白糸塚
13104:209,seismic,13104,新宿区,Unknown,Unknown,未判定,未細分,point,獅子吼会の山門
13104:210,seismic,13104,新宿区,Unknown,Unknown,未判定,未細分,point,田島森碑
13104:211,seismic,13104,新宿区,Unknown,Unknown,未判定,未細分,point,忠魂碑
13104:212,seismic,13104,新宿区,Unknown,Unknown,未判定,未細分,point,祭馬碑
13104:213,seismic,13104,新宿区,Unknown,Unknown,未判定,未細分,point,渡辺玉花旧居
13104:214,seismic,13104,新宿区,Unknown,Unknown,未判定,未細分,point,花園アパート跡
13104:215,seismic,13104,新宿区,Unknown,Unknown,未判定,未細分,point,美濃国高須藩主 松平家上屋敷跡
13104:216,seismic,13104,新宿区,Unknown,Unknown,未判定,未細分,point,水準点II号
13104:217,seismic,13104,新宿区,Unknown,Unknown,未判定,未細分,point,東京若葉キリスト教会
13104:218,seismic,13104,新宿区,Unknown,Unknown,未判定,未細分,point,稲荷鬼王神社の節分祭
13104:219,seismic,13104,新宿区,Unknown,Unknown,未判定,未細分,point,中井御霊神社の節分祭
13104:220,seismic,13104,新宿区,Unknown,Unknown,未判定,未細分,point,花園神社の節分祭
13104:221,seismic,13104,新宿区,Unknown,Unknown,未判定,未細分,point,氷川神社の節分祭
13104:222,seismic,13104,新宿区,Unknown,Unknown,未判定,未細分,point,鎧神社の節分祭
13104:223,seismic,13104,新宿区,Unknown,Unknown,未判定,未細分,point,自性院の節分会
13104:224,seismic,13104,新宿区,Unknown,Unknown,未判定,未細分,point,有隣園跡
13104:225,seismic,13104,新宿区,Unknown,Unknown,未判定,未細分,point,太宗寺の閻魔大王開帳
13104:226,seismic,13104,新宿区,Unknown,Unknown,未判定,未細分,point,太宗寺の大震災紀念碑
13104:227,seismic,13104,新宿区,Unknown,Unknown,未判定,未細分,point,放生寺の水掛け地蔵と大震火災死亡群霊塔
13104:228,seismic,13104,新宿区,Unknown,Unknown,未判定,未細分,point,文学座アトリエ
13104:230,seismic,13104,新宿区,Unknown,Unknown,未判定,未細分,point,弘文学院跡
13104:231,seismic,13104,新宿区,Unknown,Unknown,未判定,未細分,point,ムーラン・ルージュ新宿座跡
official_export_001:19,seismic,13104,新宿区,National,Designated,有形文化財,建造物,building_direct,学習院旧正門
official_export_001:43,seismic,13104,新宿区,National,Designated,有形文化財,建造物,building_direct,旧馬場家牛込邸
official_export_001:79,seismic,13104,新宿区,National,Designated,有形文化財,建造物,building_direct,新宿御苑旧洋館御休所
official_export_001:84,seismic,13104,新宿区,National,Designated,有形文化財,建造物,building_direct,聖徳記念絵画館
official_export_001:197,seismic,13104,新宿区,National,Designated,有形文化財,建造物,building_direct,早稲田大学大隈記念講堂
official_export_002:11,seismic,13104,新宿区,National,Registered,有形文化財,建造物,building_direct,新井家住宅主屋
official_export_002:33,seismic,13104,新宿区,National,Registered,有形文化財,建造物,building_direct,一水寮
official_export_002:158,seismic,13104,新宿区,National,Registered,有形文化財,建造物,building_direct,旧島津家住宅アトリエ
official_export_002:167,seismic,13104,新宿区,National,Registered,有形文化財,建造物,building_direct,旧常盤家本館(石合家住宅主屋)
official_export_002:201,seismic,13104,新宿区,National,Registered,有形文化財,建造物,building_direct,栗原家住宅稲荷社及び石鳥居
official_export_002:202,seismic,13104,新宿区,National,Registered,有形文化財,建造物,building_direct,栗原家住宅蔵
official_export_002:203,seismic,13104,新宿区,National,Registered,有形文化財,建造物,building_direct,栗原家住宅主屋
official_export_002:204,seismic,13104,新宿区,National,Registered,有形文化財,建造物,building_direct,栗原家住宅門柱及び塀
official_export_002:269,seismic,13104,新宿区,National,Registered,有形文化財,建造物,building_direct,新潮社倉庫
official_export_002:270,seismic,13104,新宿区,National,Registered,有形文化財,建造物,building_direct,新潮社本館
official_export_002:273,seismic,13104,新宿区,National,Registered,有形文化財,建造物,building_direct,鈴木家住宅主屋
official_export_002:295,seismic,13104,新宿区,National,Registered,有形文化財,建造物,building_direct,高橋建築事務所社屋
official_export_002:388,seismic,13104,新宿区,National,Registered,有形文化財,建造物,building_direct,日本バプテストキリスト教目白ヶ丘教会礼拝堂
official_export_002:433,seismic,13104,新宿区,National,Registered,有形文化財,建造物,building_direct,宮城道雄記念館検校の間
official_export_002:456,seismic,13104,新宿区,National,Registered,有形文化財,建造物,building_direct,安与ビル
official_export_002:465,seismic,13104,新宿区,National,Registered,有形文化財,建造物,building_direct,矢来能楽堂
official_export_003:47,seismic,13104,新宿区,National,Designated,記念物,天然記念物,point,哲学堂公園
official_export_003:69,seismic,13104,新宿区,National,Designated,記念物,天然記念物,point,山鹿素行墓
official_export_003:75,seismic,13104,新宿区,National,Designated,記念物,天然記念物,point,林氏墓地
1,seismic,13105,文京区,Tokyo Metropolitan,Designated,有形文化財,建造物,building_direct,湯島天満宮表鳥居
2,seismic,13105,文京区,Tokyo Metropolitan,Designated,有形文化財,建造物,building_direct,求道会館
155,seismic,13105,文京区,Tokyo Metropolitan,Designated,記念物,旧跡,point,藤田東湖護母致命の処
156,seismic,13105,文京区,Tokyo Metropolitan,Designated,記念物,旧跡,point,森?外遺跡
196,seismic,13105,文京区,Tokyo Metropolitan,Designated,記念物,名勝,point,旧安田楠雄邸庭園
240,seismic,13105,文京区,Tokyo Metropolitan,Designated,記念物,史跡,point,原氏墓所
official_export_001:4,seismic,13105,文京区,National,Designated,有形文化財,建造物,building_direct,旧磯野家住宅
official_export_001:5,seismic,13105,文京区,National,Designated,有形文化財,建造物,building_direct,旧磯野家住宅
official_export_001:18,seismic,13105,文京区,National,Designated,有形文化財,建造物,building_direct,旧加賀屋敷御守殿門(赤門)
official_export_001:61,seismic,13105,文京区,National,Designated,有形文化財,建造物,building_direct,護国寺月光殿(旧日光院客殿)
official_export_001:62,seismic,13105,文京区,National,Designated,有形文化財,建造物,building_direct,護国寺本堂
official_export_001:83,seismic,13105,文京区,National,Designated,有形文化財,建造物,building_direct,スカイハウス(旧菊竹清訓自邸)
official_export_001:102,seismic,13105,文京区,National,Designated,有形文化財,建造物,building_direct,旧東京医学校本館
official_export_001:119,seismic,13105,文京区,National,Designated,有形文化財,建造物,building_direct,根津神社
official_export_001:120,seismic,13105,文京区,National,Designated,有形文化財,建造物,building_direct,根津神社
official_export_001:121,seismic,13105,文京区,National,Designated,有形文化財,建造物,building_direct,根津神社
official_export_001:122,seismic,13105,文京区,National,Designated,有形文化財,建造物,building_direct,根津神社
official_export_001:123,seismic,13105,文京区,National,Designated,有形文化財,建造物,building_direct,根津神社
official_export_001:124,seismic,13105,文京区,National,Designated,有形文化財,建造物,building_direct,根津神社
official_export_001:125,seismic,13105,文京区,National,Designated,有形文化財,建造物,building_direct,根津神社
official_export_002:5,seismic,13105,文京区,National,Registered,有形文化財,建造物,building_direct,芦葉家住宅倉庫
official_export_002:6,seismic,13105,文京区,National,Registered,有形文化財,建造物,building_direct,芦葉家住宅門
official_export_002:18,seismic,13105,文京区,National,Registered,有形文化財,建造物,building_direct,池田家住宅主屋
official_export_002:26,seismic,13105,文京区,National,Registered,有形文化財,建造物,building_direct,伊勢五蔵
official_export_002:27,seismic,13105,文京区,National,Registered,有形文化財,建造物,building_direct,伊勢五主屋
official_export_002:39,seismic,13105,文京区,National,Registered,有形文化財,建造物,building_direct,今井家住宅蔵
official_export_002:50,seismic,13105,文京区,National,Registered,有形文化財,建造物,building_direct,梅村家住宅(旧山崎家住宅)主屋
official_export_002:51,seismic,13105,文京区,National,Registered,有形文化財,建造物,building_direct,梅村家住宅(旧山崎家住宅)門
official_export_002:52,seismic,13105,文京区,National,Registered,有形文化財,建造物,building_direct,エチソウビル
official_export_002:72,seismic,13105,文京区,National,Registered,有形文化財,建造物,building_direct,お茶の水女子大学表門
official_export_002:73,seismic,13105,文京区,National,Registered,有形文化財,建造物,building_direct,お茶の水女子大学講堂
official_export_002:74,seismic,13105,文京区,National,Registered,有形文化財,建造物,building_direct,お茶の水女子大学附属幼稚園園舎
official_export_002:75,seismic,13105,文京区,National,Registered,有形文化財,建造物,building_direct,お茶の水女子大学本館
official_export_002:101,seismic,13105,文京区,National,Registered,有形文化財,建造物,building_direct,金澤家住宅主屋
official_export_002:102,seismic,13105,文京区,National,Registered,有形文化財,建造物,building_direct,金澤家住宅門及び塀
official_export_002:103,seismic,13105,文京区,National,Registered,有形文化財,建造物,building_direct,金澤家住宅洋館
official_export_002:174,seismic,13105,文京区,National,Registered,有形文化財,建造物,building_direct,旧弘田家住宅主屋
official_export_002:175,seismic,13105,文京区,National,Registered,有形文化財,建造物,building_direct,旧弘田家住宅門柱及び塀
official_export_002:244,seismic,13105,文京区,National,Registered,有形文化財,建造物,building_direct,さかえビル
official_export_002:250,seismic,13105,文京区,National,Registered,有形文化財,建造物,building_direct,島薗家住宅主屋
official_export_002:266,seismic,13105,文京区,National,Registered,有形文化財,建造物,building_direct,進開屋
official_export_002:272,seismic,13105,文京区,National,Registered,有形文化財,建造物,building_direct,新町館(三宅家住宅)
official_export_002:279,seismic,13105,文京区,National,Registered,有形文化財,建造物,building_direct,瀬川家住宅(旧古市家住宅)蔵
official_export_002:280,seismic,13105,文京区,National,Registered,有形文化財,建造物,building_direct,瀬川家住宅(旧古市家住宅)主屋
official_export_002:288,seismic,13105,文京区,National,Registered,有形文化財,建造物,building_direct,髙木家住宅離れ
official_export_002:289,seismic,13105,文京区,National,Registered,有形文化財,建造物,building_direct,髙木家住宅洋館
official_export_002:301,seismic,13105,文京区,National,Registered,有形文化財,建造物,building_direct,田口家住宅主屋
official_export_002:303,seismic,13105,文京区,National,Registered,有形文化財,建造物,building_direct,棚澤書店
official_export_002:313,seismic,13105,文京区,National,Registered,有形文化財,建造物,building_direct,椿山荘残月
official_export_002:314,seismic,13105,文京区,National,Registered,有形文化財,建造物,building_direct,椿山荘三重塔
official_export_002:328,seismic,13105,文京区,National,Registered,有形文化財,建造物,building_direct,東京カテドラル鐘塔
official_export_002:329,seismic,13105,文京区,National,Registered,有形文化財,建造物,building_direct,東京カテドラル聖マリア大聖堂
official_export_002:347,seismic,13105,文京区,National,Registered,有形文化財,建造物,building_direct,東京大学工学部1号館
official_export_002:348,seismic,13105,文京区,National,Registered,有形文化財,建造物,building_direct,東京大学工学部列品館
official_export_002:350,seismic,13105,文京区,National,Registered,有形文化財,建造物,building_direct,東京大学大講堂(安田講堂)
official_export_002:351,seismic,13105,文京区,National,Registered,有形文化財,建造物,building_direct,東京大学法学部3号館
official_export_002:352,seismic,13105,文京区,National,Registered,有形文化財,建造物,building_direct,東京大学法文1号館
official_export_002:353,seismic,13105,文京区,National,Registered,有形文化財,建造物,building_direct,東京大学法文2号館
official_export_002:354,seismic,13105,文京区,National,Registered,有形文化財,建造物,building_direct,東京大学本郷正門及び門衛所
official_export_002:355,seismic,13105,文京区,National,Registered,有形文化財,建造物,building_direct,東京大学野球場観覧席・ダッグアウト及びフェンス
official_export_002:358,seismic,13105,文京区,National,Registered,有形文化財,建造物,building_direct,東京地下鉄丸ノ内線御茶ノ水駅出入口上家
official_export_002:379,seismic,13105,文京区,National,Registered,有形文化財,建造物,building_direct,日本基督教団根津教会
official_export_002:380,seismic,13105,文京区,National,Registered,有形文化財,建造物,building_direct,日本基督教団根津教会門及び塀
official_export_002:382,seismic,13105,文京区,National,Registered,有形文化財,建造物,building_direct,日本基督教団本郷中央教会
official_export_002:383,seismic,13105,文京区,National,Registered,有形文化財,建造物,building_direct,日本基督教団弓町本郷教会
official_export_002:387,seismic,13105,文京区,National,Registered,有形文化財,建造物,building_direct,日本聖公会東京教区東京諸聖徒教会礼拝堂
official_export_002:390,seismic,13105,文京区,National,Registered,有形文化財,建造物,building_direct,橋本家住宅
official_export_002:397,seismic,13105,文京区,National,Registered,有形文化財,建造物,building_direct,はん亭
official_export_002:406,seismic,13105,文京区,National,Registered,有形文化財,建造物,building_direct,平野家住宅蔵
official_export_002:407,seismic,13105,文京区,National,Registered,有形文化財,建造物,building_direct,平野家住宅主屋
official_export_002:408,seismic,13105,文京区,National,Registered,有形文化財,建造物,building_direct,平野家住宅茶室
official_export_002:409,seismic,13105,文京区,National,Registered,有形文化財,建造物,building_direct,平野家住宅茶室門
official_export_002:410,seismic,13105,文京区,National,Registered,有形文化財,建造物,building_direct,平野家住宅門
official_export_002:411,seismic,13105,文京区,National,Registered,有形文化財,建造物,building_direct,平野家住宅洋館
official_export_002:414,seismic,13105,文京区,National,Registered,有形文化財,建造物,building_direct,鳳明館本館
official_export_002:419,seismic,13105,文京区,National,Registered,有形文化財,建造物,building_direct,松井家住宅表門及び塀
official_export_002:420,seismic,13105,文京区,National,Registered,有形文化財,建造物,building_direct,松井家住宅主屋
official_export_002:421,seismic,13105,文京区,National,Registered,有形文化財,建造物,building_direct,松井家住宅蔵
official_export_002:454,seismic,13105,文京区,National,Registered,有形文化財,建造物,building_direct,森博士の家
official_export_002:459,seismic,13105,文京区,National,Registered,有形文化財,建造物,building_direct,山﨑家住宅主屋
official_export_002:461,seismic,13105,文京区,National,Registered,有形文化財,建造物,building_direct,山脇家住宅表門及び塀
official_export_002:462,seismic,13105,文京区,National,Registered,有形文化財,建造物,building_direct,山脇家住宅主屋
official_export_002:463,seismic,13105,文京区,National,Registered,有形文化財,建造物,building_direct,弥生正緑館(渋谷家住宅洋館)主屋
official_export_002:464,seismic,13105,文京区,National,Registered,有形文化財,建造物,building_direct,弥生正緑館(渋谷家住宅洋館)庭門
official_export_003:8,seismic,13105,文京区,National,Designated,記念物,天然記念物,point,大塚先儒墓所
official_export_003:12,seismic,13105,文京区,National,Designated,記念物,天然記念物,point,懐徳館庭園(旧加賀藩主前田氏本郷本邸庭園)
official_export_003:23,seismic,13105,文京区,National,Designated,記念物,天然記念物,point,小石川後楽園
official_export_003:24,seismic,13105,文京区,National,Designated,記念物,天然記念物,point,小石川植物園(御薬園跡及び養生所跡)
official_export_003:40,seismic,13105,文京区,National,Designated,記念物,天然記念物,point,高島秋帆墓
official_export_003:70,seismic,13105,文京区,National,Designated,記念物,天然記念物,point,弥生二丁目遺跡
official_export_003:71,seismic,13105,文京区,National,Designated,記念物,天然記念物,point,湯島聖堂
official_export_003:73,seismic,13105,文京区,National,Designated,記念物,天然記念物,point,六義園
3,seismic,13106,台東区,Tokyo Metropolitan,Designated,有形文化財,建造物,building_direct,浅草寺六角堂
94,seismic,13106,台東区,Tokyo Metropolitan,Designated,有形文化財,歴史資料,point,西仏板碑
157,seismic,13106,台東区,Tokyo Metropolitan,Designated,記念物,旧跡,point,戸田茂睡墓
158,seismic,13106,台東区,Tokyo Metropolitan,Designated,記念物,旧跡,point,六地蔵石燈籠
159,seismic,13106,台東区,Tokyo Metropolitan,Designated,記念物,旧跡,point,玉川庄右衛門及び同清右衛門墓
160,seismic,13106,台東区,Tokyo Metropolitan,Designated,記念物,旧跡,point,大久保主水墓
161,seismic,13106,台東区,Tokyo Metropolitan,Designated,記念物,旧跡,point,谷文晁墓
162,seismic,13106,台東区,Tokyo Metropolitan,Designated,記念物,旧跡,point,幡随院長兵衛墓
163,seismic,13106,台東区,Tokyo Metropolitan,Designated,記念物,旧跡,point,慈海僧正墓
164,seismic,13106,台東区,Tokyo Metropolitan,Designated,記念物,旧跡,point,葛飾北斎墓
165,seismic,13106,台東区,Tokyo Metropolitan,Designated,記念物,旧跡,point,山田宗?墓
166,seismic,13106,台東区,Tokyo Metropolitan,Designated,記念物,旧跡,point,了翁禅師塔碑
167,seismic,13106,台東区,Tokyo Metropolitan,Designated,記念物,旧跡,point,天海僧正毛髪塔
168,seismic,13106,台東区,Tokyo Metropolitan,Designated,記念物,旧跡,point,樋口定伊墓
169,seismic,13106,台東区,Tokyo Metropolitan,Designated,記念物,旧跡,point,山岡鉄舟墓
170,seismic,13106,台東区,Tokyo Metropolitan,Designated,記念物,旧跡,point,三遊亭円朝墓
206,seismic,13106,台東区,Tokyo Metropolitan,Designated,記念物,天然記念物,point,玉林寺のシイ
241,seismic,13106,台東区,Tokyo Metropolitan,Designated,記念物,史跡,point,太宰春台墓
242,seismic,13106,台東区,Tokyo Metropolitan,Designated,記念物,史跡,point,浄厳律師墓
243,seismic,13106,台東区,Tokyo Metropolitan,Designated,記念物,史跡,point,子規庵
244,seismic,13106,台東区,Tokyo Metropolitan,Designated,記念物,史跡,point,中村不折旧宅(書道博物館)
131067100003,seismic,13106,台東区,Municipal,Designated,民俗文化財,有形民俗文化財,point,旧吉田屋酒店
131067100027,seismic,13106,台東区,Municipal,Other,記念物,史跡,point,狩野芳崖墓 附 狩野芳崖翁碑
131067100029,seismic,13106,台東区,Municipal,Other,有形文化財,建造物,building_direct,石造宝篋印塔
131067100039,seismic,13106,台東区,Municipal,Other,記念物,史跡,point,大沼枕山墓
131067100046,seismic,13106,台東区,Municipal,Other,記念物,史跡,point,藤堂家墓所
131067100047,seismic,13106,台東区,Municipal,Other,記念物,史跡,point,河鍋暁斎墓
131067100052,seismic,13106,台東区,Municipal,Other,記念物,史跡,point,福地源一郎(桜痴)墓
131067100053,seismic,13106,台東区,Municipal,Other,記念物,史跡,point,横山大観旧居
131067100059,seismic,13106,台東区,Municipal,Other,民俗文化財,有形民俗文化財,point,延寿寺日荷堂絵馬群
131067100060,seismic,13106,台東区,Municipal,Other,記念物,史跡,point,柴田是真墓
131067100066,seismic,13106,台東区,Municipal,Other,記念物,史跡,point,町田久成墓
131067100067,seismic,13106,台東区,Municipal,Other,記念物,史跡,point,田中芳男墓
131067100075,seismic,13106,台東区,Municipal,Designated,民俗文化財,有形民俗文化財,point,浅草浅間神社本殿并びに諸資料 付 境内地
131067100110,seismic,13106,台東区,Municipal,Other,有形文化財,建造物,building_direct,上野広小路三橋遺構 附 出土近世遺物一括
131067100132,seismic,13106,台東区,Municipal,Other,民俗文化財,有形民俗文化財,point,大太刀(陰陽丸)
131067100134,seismic,13106,台東区,Municipal,Other,有形文化財,建造物,building_direct,石造多宝塔
131067100147,seismic,13106,台東区,Municipal,Other,民俗文化財,有形民俗文化財,point,浅草寺絵馬・扁額群
131067100162,seismic,13106,台東区,Municipal,Other,民俗文化財,有形民俗文化財,point,吉徳これくしょん(和書)
131067100163,seismic,13106,台東区,Municipal,Other,民俗文化財,有形民俗文化財,point,吉徳これくしょん(一枚刷)
131067100168,seismic,13106,台東区,Municipal,Other,民俗文化財,有形民俗文化財,point,吉徳これくしょん〔芝居番付類(一枚刷)〕
131067100171,seismic,13106,台東区,Municipal,Other,民俗文化財,有形民俗文化財,point,吉徳これくしょん(古文書)
131067100174,seismic,13106,台東区,Municipal,Other,民俗文化財,有形民俗文化財,point,吉徳これくしょん(羽子板)
131067100178,seismic,13106,台東区,Municipal,Other,民俗文化財,有形民俗文化財,point,吉徳これくしょん(五月人形)
131067100181,seismic,13106,台東区,Municipal,Other,民俗文化財,有形民俗文化財,point,吉徳これくしょん(雛人形)
131067100182,seismic,13106,台東区,Municipal,Other,記念物,史跡,point,渋沢栄一家墓所
131067100187,seismic,13106,台東区,Municipal,Other,記念物,史跡,point,徳川家光薨去に伴う殉死者の墓
official_export_001:0,seismic,13106,台東区,National,Designated,有形文化財,建造物,building_direct,浅草神社
official_export_001:1,seismic,13106,台東区,National,Designated,有形文化財,建造物,building_direct,浅草神社
official_export_001:6,seismic,13106,台東区,National,Designated,有形文化財,建造物,building_direct,旧岩崎家住宅(東京都台東区池之端一丁目)
official_export_001:7,seismic,13106,台東区,National,Designated,有形文化財,建造物,building_direct,旧岩崎家住宅(東京都台東区池之端一丁目)
official_export_001:8,seismic,13106,台東区,National,Designated,有形文化財,建造物,building_direct,旧岩崎家住宅(東京都台東区池之端一丁目)
official_export_001:9,seismic,13106,台東区,National,Designated,有形文化財,建造物,building_direct,旧因州池田屋敷表門
official_export_001:21,seismic,13106,台東区,National,Designated,有形文化財,建造物,building_direct,寛永寺旧本坊表門(黒門)
official_export_001:22,seismic,13106,台東区,National,Designated,有形文化財,建造物,building_direct,寛永寺清水堂
official_export_001:23,seismic,13106,台東区,National,Designated,有形文化財,建造物,building_direct,旧寛永寺五重塔
official_export_001:42,seismic,13106,台東区,National,Designated,有形文化財,建造物,building_direct,旧東京科学博物館本館
official_export_001:56,seismic,13106,台東区,National,Designated,有形文化財,建造物,building_direct,厳有院霊廟奥院
official_export_001:58,seismic,13106,台東区,National,Designated,有形文化財,建造物,building_direct,厳有院霊廟勅額門及び水盤舎
official_export_001:59,seismic,13106,台東区,National,Designated,有形文化財,建造物,building_direct,厳有院霊廟勅額門及び水盤舎
official_export_001:60,seismic,13106,台東区,National,Designated,有形文化財,建造物,building_direct,国立西洋美術館本館
official_export_001:73,seismic,13106,台東区,National,Designated,有形文化財,建造物,building_direct,旧十輪院宝蔵
official_export_001:74,seismic,13106,台東区,National,Designated,有形文化財,建造物,building_direct,常憲院霊廟奥院
official_export_001:76,seismic,13106,台東区,National,Designated,有形文化財,建造物,building_direct,常憲院霊廟勅額門及び水盤舎
official_export_001:77,seismic,13106,台東区,National,Designated,有形文化財,建造物,building_direct,常憲院霊廟勅額門及び水盤舎
official_export_001:85,seismic,13106,台東区,National,Designated,有形文化財,建造物,building_direct,浅草寺伝法院
official_export_001:86,seismic,13106,台東区,National,Designated,有形文化財,建造物,building_direct,浅草寺伝法院
official_export_001:87,seismic,13106,台東区,National,Designated,有形文化財,建造物,building_direct,浅草寺伝法院
official_export_001:88,seismic,13106,台東区,National,Designated,有形文化財,建造物,building_direct,浅草寺伝法院
official_export_001:89,seismic,13106,台東区,National,Designated,有形文化財,建造物,building_direct,浅草寺伝法院
official_export_001:90,seismic,13106,台東区,National,Designated,有形文化財,建造物,building_direct,浅草寺伝法院
official_export_001:91,seismic,13106,台東区,National,Designated,有形文化財,建造物,building_direct,浅草寺二天門
official_export_001:104,seismic,13106,台東区,National,Designated,有形文化財,建造物,building_direct,旧東京音楽学校奏楽堂
official_export_001:105,seismic,13106,台東区,National,Designated,有形文化財,建造物,building_direct,旧東京帝室博物館本館
official_export_001:107,seismic,13106,台東区,National,Designated,有形文化財,建造物,building_direct,東照宮社殿
official_export_001:108,seismic,13106,台東区,National,Designated,有形文化財,建造物,building_direct,東照宮社殿
official_export_001:109,seismic,13106,台東区,National,Designated,有形文化財,建造物,building_direct,東照宮社殿
official_export_001:110,seismic,13106,台東区,National,Designated,有形文化財,建造物,building_direct,東照宮社殿
official_export_001:126,seismic,13106,台東区,National,Designated,有形文化財,建造物,building_direct,表慶館
official_export_002:28,seismic,13106,台東区,National,Registered,有形文化財,建造物,building_direct,伊勢屋店舗兼主屋
official_export_002:29,seismic,13106,台東区,National,Registered,有形文化財,建造物,building_direct,市田家住宅裏門
official_export_002:30,seismic,13106,台東区,National,Registered,有形文化財,建造物,building_direct,市田家住宅表門
official_export_002:31,seismic,13106,台東区,National,Registered,有形文化財,建造物,building_direct,市田家住宅蔵
official_export_002:32,seismic,13106,台東区,National,Registered,有形文化財,建造物,building_direct,市田家住宅主屋
official_export_002:40,seismic,13106,台東区,National,Registered,有形文化財,建造物,building_direct,今半別館北棟
official_export_002:41,seismic,13106,台東区,National,Registered,有形文化財,建造物,building_direct,今半別館玄関棟
official_export_002:42,seismic,13106,台東区,National,Registered,有形文化財,建造物,building_direct,今半別館南棟
official_export_002:43,seismic,13106,台東区,National,Registered,有形文化財,建造物,building_direct,今半本店北奥座敷
official_export_002:44,seismic,13106,台東区,National,Registered,有形文化財,建造物,building_direct,今半本店西奥座敷
official_export_002:45,seismic,13106,台東区,National,Registered,有形文化財,建造物,building_direct,今半本店東奥座敷
official_export_002:46,seismic,13106,台東区,National,Registered,有形文化財,建造物,building_direct,岩田家住宅和館
official_export_002:107,seismic,13106,台東区,National,Registered,有形文化財,建造物,building_direct,神谷バー本館
official_export_002:112,seismic,13106,台東区,National,Registered,有形文化財,建造物,building_direct,寛永寺葵の間
official_export_002:113,seismic,13106,台東区,National,Registered,有形文化財,建造物,building_direct,寛永寺護国院庫裏
official_export_002:114,seismic,13106,台東区,National,Registered,有形文化財,建造物,building_direct,寛永寺根本中堂
official_export_002:115,seismic,13106,台東区,National,Registered,有形文化財,建造物,building_direct,寛永寺渋沢家霊堂
official_export_002:124,seismic,13106,台東区,National,Registered,有形文化財,建造物,building_direct,観音寺客殿
official_export_002:125,seismic,13106,台東区,National,Registered,有形文化財,建造物,building_direct,観音寺築地塀
official_export_002:132,seismic,13106,台東区,National,Registered,有形文化財,建造物,building_direct,ギャラリー・エフ蔵(株式会社淵川金属事務所)
official_export_002:139,seismic,13106,台東区,National,Registered,有形文化財,建造物,building_direct,旧井阪屋本店河合ビル
official_export_002:140,seismic,13106,台東区,National,Registered,有形文化財,建造物,building_direct,旧井阪屋本店河合ビル稲荷社
official_export_002:144,seismic,13106,台東区,National,Registered,有形文化財,建造物,building_direct,旧柏湯
official_export_002:145,seismic,13106,台東区,National,Registered,有形文化財,建造物,building_direct,旧唐木田家住宅主屋
official_export_002:147,seismic,13106,台東区,National,Registered,有形文化財,建造物,building_direct,旧川嶋屋米倉庫
official_export_002:148,seismic,13106,台東区,National,Registered,有形文化財,建造物,building_direct,旧川嶋屋店舗兼住居
official_export_002:195,seismic,13106,台東区,National,Registered,有形文化財,建造物,building_direct,教證寺客殿
official_export_002:196,seismic,13106,台東区,National,Registered,有形文化財,建造物,building_direct,教證寺本堂
official_export_002:205,seismic,13106,台東区,National,Registered,有形文化財,建造物,building_direct,黒沢ビル
official_export_002:243,seismic,13106,台東区,National,Registered,有形文化財,建造物,building_direct,西徳寺本堂
official_export_002:274,seismic,13106,台東区,National,Registered,有形文化財,建造物,building_direct,すぺーす小倉屋蔵
official_export_002:275,seismic,13106,台東区,National,Registered,有形文化財,建造物,building_direct,すぺーす小倉屋店舗
official_export_002:282,seismic,13106,台東区,National,Registered,有形文化財,建造物,building_direct,タイガービルヂング
official_export_002:283,seismic,13106,台東区,National,Registered,有形文化財,建造物,building_direct,台東区立朝倉彫塑館東屋
official_export_002:284,seismic,13106,台東区,National,Registered,有形文化財,建造物,building_direct,台東区立朝倉彫塑館アトリエ棟
official_export_002:285,seismic,13106,台東区,National,Registered,有形文化財,建造物,building_direct,台東区立朝倉彫塑館旧アトリエ
official_export_002:286,seismic,13106,台東区,National,Registered,有形文化財,建造物,building_direct,台東区立朝倉彫塑館住居
official_export_002:311,seismic,13106,台東区,National,Registered,有形文化財,建造物,building_direct,茶寮一松表門及び塀
official_export_002:312,seismic,13106,台東区,National,Registered,有形文化財,建造物,building_direct,茶寮一松店舗及び住居
official_export_002:325,seismic,13106,台東区,National,Registered,有形文化財,建造物,building_direct,燕湯
official_export_002:326,seismic,13106,台東区,National,Registered,有形文化財,建造物,building_direct,手焼せんべい嵯峨の家店舗
official_export_002:357,seismic,13106,台東区,National,Registered,有形文化財,建造物,building_direct,東京地下鉄銀座線浅草駅四番出入口上家
official_export_002:362,seismic,13106,台東区,National,Registered,有形文化財,建造物,building_direct,東京文化財研究所黒田記念館書庫
official_export_002:363,seismic,13106,台東区,National,Registered,有形文化財,建造物,building_direct,東京文化財研究所黒田記念館本館
official_export_002:367,seismic,13106,台東区,National,Registered,有形文化財,建造物,building_direct,中江店舗
official_export_002:376,seismic,13106,台東区,National,Registered,有形文化財,建造物,building_direct,難波商店店舗兼主屋
official_export_002:385,seismic,13106,台東区,National,Registered,有形文化財,建造物,building_direct,日本聖公会浅草聖ヨハネ教会
official_export_002:394,seismic,13106,台東区,National,Registered,有形文化財,建造物,building_direct,花重店舗
official_export_003:2,seismic,13106,台東区,National,Designated,記念物,天然記念物,point,伊能忠敬墓
official_export_003:14,seismic,13106,台東区,National,Designated,記念物,天然記念物,point,蒲生君平墓
official_export_003:16,seismic,13106,台東区,National,Designated,記念物,天然記念物,point,旧朝倉文夫氏庭園
official_export_003:42,seismic,13106,台東区,National,Designated,記念物,天然記念物,point,高橋至時墓
official_export_003:59,seismic,13106,台東区,National,Designated,記念物,天然記念物,point,平賀源内墓
official_export_003:72,seismic,13106,台東区,National,Designated,記念物,天然記念物,point,横山大観旧宅及び庭園
95,seismic,13107,墨田区,Tokyo Metropolitan,Designated,有形文化財,歴史資料,point,石造明暦大火横死者等供養塔
171,seismic,13107,墨田区,Tokyo Metropolitan,Designated,記念物,旧跡,point,赤穂浪士元禄義挙の跡
172,seismic,13107,墨田区,Tokyo Metropolitan,Designated,記念物,旧跡,point,加藤千蔭墓
173,seismic,13107,墨田区,Tokyo Metropolitan,Designated,記念物,旧跡,point,磐瀬京伝墓
174,seismic,13107,墨田区,Tokyo Metropolitan,Designated,記念物,旧跡,point,磐瀬京山墓
197,seismic,13107,墨田区,Tokyo Metropolitan,Designated,記念物,名勝,point,旧安田庭園
131075100001,seismic,13107,墨田区,Municipal,Unknown,有形文化財,建造物,building_direct,牛嶋神社石造鳥居
131075100002,seismic,13107,墨田区,Municipal,Unknown,有形文化財,建造物,building_direct,白髭神社石造鳥居
131075100003,seismic,13107,墨田区,Municipal,Unknown,有形文化財,建造物,building_direct,多聞寺山門
131075100004,seismic,13107,墨田区,Municipal,Unknown,有形文化財,建造物,building_direct,旧小山家住宅
131075100006,seismic,13107,墨田区,Municipal,Unknown,有形文化財,建造物,building_direct,三囲神社石造鳥居(堤下の大鳥居)
131075100007,seismic,13107,墨田区,Municipal,Unknown,有形文化財,建造物,building_direct,弘福寺本堂(大雄寳殿)
131075100008,seismic,13107,墨田区,Municipal,Unknown,有形文化財,建造物,building_direct,三囲神社本社
131075100010,seismic,13107,墨田区,Municipal,Unknown,有形文化財,建造物,building_direct,牛嶋神社社殿
131075100011,seismic,13107,墨田区,Municipal,Unknown,有形文化財,建造物,building_direct,牛嶋神社神輿蔵
131075100012,seismic,13107,墨田区,Municipal,Unknown,有形文化財,建造物,building_direct,隅田川神社社殿
131075100014,seismic,13107,墨田区,Municipal,Unknown,有形文化財,建造物,building_direct,實相寺熊谷稲荷堂 附再建関連文書ニ点・青図三枚・写真一点
131075100016,seismic,13107,墨田区,Municipal,Unknown,有形文化財,歴史資料,point,楢崎宗重博士旧蔵美術資料群(楢崎宗重コレクション)
131075100017,seismic,13107,墨田区,Municipal,Unknown,有形文化財,歴史資料,point,紙本着色「隅田川両岸景色図」一巻
131075100047,seismic,13107,墨田区,Municipal,Unknown,有形文化財,歴史資料,point,都鳥手鑑 ※非公開
131075100048,seismic,13107,墨田区,Municipal,Unknown,有形文化財,歴史資料,point,正福寺の板碑
131075100049,seismic,13107,墨田区,Municipal,Unknown,有形文化財,歴史資料,point,法泉寺所蔵板碑 ※非公開
131075100050,seismic,13107,墨田区,Municipal,Unknown,有形文化財,歴史資料,point,啓運閣所蔵板碑 ※非公開
131075100052,seismic,13107,墨田区,Municipal,Unknown,有形文化財,歴史資料,point,松尾芭蕉「いざさらば」の句碑 (雪見の句碑)
131075100053,seismic,13107,墨田区,Municipal,Unknown,有形文化財,歴史資料,point,橋本家旧蔵板碑
131075100054,seismic,13107,墨田区,Municipal,Unknown,有形文化財,歴史資料,point,烏亭焉馬「いそがずば」の狂歌碑
131075100055,seismic,13107,墨田区,Municipal,Unknown,有形文化財,歴史資料,point,宝井其角「ゆうだちや」の句碑 (雨乞いの句碑)
131075100056,seismic,13107,墨田区,Municipal,Unknown,有形文化財,歴史資料,point,秋葉神社の石造燈籠 寛保元年銘 二基 宝永元年銘 二基 宝永二年銘 二基
131075100057,seismic,13107,墨田区,Municipal,Unknown,有形文化財,歴史資料,point,蓮花寺の石柱道標 文化十五年銘 一基 文政五年銘 一基
131075100058,seismic,13107,墨田区,Municipal,Unknown,有形文化財,歴史資料,point,要津寺雪中庵関係石碑群
131075100059,seismic,13107,墨田区,Municipal,Unknown,有形文化財,歴史資料,point,多聞寺の板碑
131075100061,seismic,13107,墨田区,Municipal,Unknown,有形文化財,歴史資料,point,石造海難供養碑
131075100062,seismic,13107,墨田区,Municipal,Unknown,有形文化財,歴史資料,point,三囲神社の石造常夜燈
131075100063,seismic,13107,墨田区,Municipal,Unknown,有形文化財,歴史資料,point,石造墨堤永代常夜燈
131075100064,seismic,13107,墨田区,Municipal,Unknown,有形文化財,歴史資料,point,吾嬬神社の連理の楠
131075100065,seismic,13107,墨田区,Municipal,Unknown,有形文化財,歴史資料,point,墨堤植桜之碑
131075100066,seismic,13107,墨田区,Municipal,Unknown,有形文化財,歴史資料,point,絹本墨書扁額「明明徳」
131075100067,seismic,13107,墨田区,Municipal,Unknown,有形文化財,歴史資料,point,歌川豊広辞世の狂歌碑
131075100068,seismic,13107,墨田区,Municipal,Unknown,有形文化財,歴史資料,point,石造標柱「隅田公園入口」
131075100069,seismic,13107,墨田区,Municipal,Unknown,有形文化財,歴史資料,point,石造「夜寉井銘」の碑
131075100070,seismic,13107,墨田区,Municipal,Unknown,有形文化財,歴史資料,point,生月鯨太左衛門の墓 ※非公開
131075100071,seismic,13107,墨田区,Municipal,Unknown,有形文化財,歴史資料,point,無縁法界塔
131075100072,seismic,13107,墨田区,Municipal,Unknown,有形文化財,歴史資料,point,板坂如春の碑(2基)
131075100073,seismic,13107,墨田区,Municipal,Unknown,有形文化財,歴史資料,point,芥川家旧蔵雛人形
131075100074,seismic,13107,墨田区,Municipal,Unknown,有形文化財,歴史資料,point,「天下之糸平」の碑
131075100075,seismic,13107,墨田区,Municipal,Unknown,有形文化財,歴史資料,point,大石三平墓
131075100076,seismic,13107,墨田区,Municipal,Unknown,有形文化財,歴史資料,point,江島杉山神社の銅製釣燈籠
131075100077,seismic,13107,墨田区,Municipal,Unknown,有形文化財,歴史資料,point,佐羽淡斎「墨多三絶」の漢詩碑
131075100078,seismic,13107,墨田区,Municipal,Unknown,有形文化財,歴史資料,point,亀田鵬斎「題隅田堤櫻花」の漢詩碑
131075100079,seismic,13107,墨田区,Municipal,Unknown,有形文化財,歴史資料,point,「吾嬬森碑」
131075100080,seismic,13107,墨田区,Municipal,Unknown,有形文化財,歴史資料,point,近松門左衛門供養碑(断片) ※非公開
131075100081,seismic,13107,墨田区,Municipal,Unknown,有形文化財,歴史資料,point,「一勇斎歌川先生墓表」(歌川国芳顕彰碑)
131075100082,seismic,13107,墨田区,Municipal,Unknown,有形文化財,歴史資料,point,「勝川春英翁略傳」の碑
131075100083,seismic,13107,墨田区,Municipal,Unknown,有形文化財,歴史資料,point,初代歌川豊国筆塚(断片)
131075100084,seismic,13107,墨田区,Municipal,Unknown,有形文化財,歴史資料,point,窪俊満「故郷の」の歌碑
131075100085,seismic,13107,墨田区,Municipal,Unknown,有形文化財,歴史資料,point,鈴木家旧蔵雛人形
131075100086,seismic,13107,墨田区,Municipal,Unknown,有形文化財,歴史資料,point,太田氏七代供養塔
131075100087,seismic,13107,墨田区,Municipal,Unknown,有形文化財,歴史資料,point,旗本太田資同墓碑
131075100088,seismic,13107,墨田区,Municipal,Unknown,有形文化財,歴史資料,point,隅田川神社資料
131075100089,seismic,13107,墨田区,Municipal,Unknown,有形文化財,歴史資料,point,矢掛弓雄関係石碑群
131075100090,seismic,13107,墨田区,Municipal,Unknown,有形文化財,歴史資料,point,木阿弥(元杢網)「けふよりも」の歌碑
131075100091,seismic,13107,墨田区,Municipal,Unknown,有形文化財,歴史資料,point,義士墓(那珂湊戦争関連資料)
131075100092,seismic,13107,墨田区,Municipal,Unknown,有形文化財,歴史資料,point,回向院の石造歴史災害供養塔群
131075100095,seismic,13107,墨田区,Municipal,Unknown,民俗文化財,有形民俗文化財,point,牛嶋神社の石造狛犬 享保十四年銘 一対 文政十年銘 一対
131075100096,seismic,13107,墨田区,Municipal,Unknown,民俗文化財,有形民俗文化財,point,三囲神社の石造狛犬
131075100097,seismic,13107,墨田区,Municipal,Unknown,民俗文化財,有形民俗文化財,point,如意輪寺の六面六地蔵石幢
131075100098,seismic,13107,墨田区,Municipal,Unknown,民俗文化財,有形民俗文化財,point,正福寺の石造阿弥陀如来立像
131075100099,seismic,13107,墨田区,Municipal,Unknown,民俗文化財,有形民俗文化財,point,多聞寺の石造庚申塔(阿弥陀如来)
131075100100,seismic,13107,墨田区,Municipal,Unknown,民俗文化財,有形民俗文化財,point,圓徳寺の石造庚申塔(釈迦如来)
131075100101,seismic,13107,墨田区,Municipal,Unknown,民俗文化財,有形民俗文化財,point,吾嬬神社の石造狛犬
131075100103,seismic,13107,墨田区,Municipal,Unknown,民俗文化財,有形民俗文化財,point,萬福寺の石造庚申塔 (青面金剛童子)
131075100104,seismic,13107,墨田区,Municipal,Unknown,民俗文化財,有形民俗文化財,point,白鬚神社の石造狛犬
131075100105,seismic,13107,墨田区,Municipal,Unknown,民俗文化財,有形民俗文化財,point,香取神社の石造水鉢(禊盥)
131075100106,seismic,13107,墨田区,Municipal,Unknown,民俗文化財,有形民俗文化財,point,牛嶋神社の石造神牛
131075100107,seismic,13107,墨田区,Municipal,Unknown,民俗文化財,有形民俗文化財,point,三囲神社の石造神狐
131075100108,seismic,13107,墨田区,Municipal,Unknown,民俗文化財,有形民俗文化財,point,長命寺の石造庚申塔 (地蔵菩薩)
131075100109,seismic,13107,墨田区,Municipal,Unknown,民俗文化財,有形民俗文化財,point,正覚寺の石造庚申塔(青面金剛童子)
131075100110,seismic,13107,墨田区,Municipal,Unknown,民俗文化財,有形民俗文化財,point,回向院の石造阿弥陀三尊立像
131075100111,seismic,13107,墨田区,Municipal,Unknown,民俗文化財,有形民俗文化財,point,円通寺の石造地蔵菩薩立像
131075100112,seismic,13107,墨田区,Municipal,Unknown,民俗文化財,有形民俗文化財,point,多聞寺の石造六地蔵坐像
131075100113,seismic,13107,墨田区,Municipal,Unknown,民俗文化財,有形民俗文化財,point,法泉寺の石造地蔵菩薩立像
131075100114,seismic,13107,墨田区,Municipal,Unknown,民俗文化財,有形民俗文化財,point,東漸寺の石造庚申道標
131075100115,seismic,13107,墨田区,Municipal,Unknown,民俗文化財,有形民俗文化財,point,牛嶋神社境内力石群
131075100116,seismic,13107,墨田区,Municipal,Unknown,民俗文化財,有形民俗文化財,point,力石
131075100117,seismic,13107,墨田区,Municipal,Unknown,民俗文化財,有形民俗文化財,point,吾嬬神社境内力石群
131075100118,seismic,13107,墨田区,Municipal,Unknown,民俗文化財,有形民俗文化財,point,牛嶋神社石造神牛(撫牛)
131075100119,seismic,13107,墨田区,Municipal,Unknown,民俗文化財,有形民俗文化財,point,鼠小僧供養碑(鼠小僧の墓)
131075100120,seismic,13107,墨田区,Municipal,Unknown,民俗文化財,有形民俗文化財,point,安藤家旧蔵田舟
131075100121,seismic,13107,墨田区,Municipal,Unknown,民俗文化財,有形民俗文化財,point,江島杉山神社境内力石
131075100122,seismic,13107,墨田区,Municipal,Unknown,民俗文化財,有形民俗文化財,point,山玉向嶋講社の碑
131075100123,seismic,13107,墨田区,Municipal,Unknown,民俗文化財,有形民俗文化財,point,山玉向嶋講社の碑
131075100124,seismic,13107,墨田区,Municipal,Unknown,民俗文化財,有形民俗文化財,point,出羽三山の碑
131075100125,seismic,13107,墨田区,Municipal,Unknown,民俗文化財,有形民俗文化財,point,柳嶋村念仏講道具一式 附関連文書
131075100149,seismic,13107,墨田区,Municipal,Unknown,民俗文化財,無形民俗文化財(民俗芸能),point,隅田囃子(箕輪囃子)
131075100150,seismic,13107,墨田区,Municipal,Unknown,民俗文化財,無形民俗文化財(風俗慣習),point,隅田川七福神めぐり
131075100151,seismic,13107,墨田区,Municipal,Unknown,記念物,史跡,point,肥前平戸藩松浦家墓所 ※非公開
131075100152,seismic,13107,墨田区,Municipal,Unknown,記念物,史跡,point,橘守部墓・橘冬照墓
131075100153,seismic,13107,墨田区,Municipal,Unknown,記念物,史跡,point,池田冠山墓
131075100154,seismic,13107,墨田区,Municipal,Unknown,記念物,史跡,point,常陸笠間藩牧野家墓所 ※非公開
131075100155,seismic,13107,墨田区,Municipal,Unknown,記念物,史跡,point,回向院相撲関係石碑群(力塚)
131075100156,seismic,13107,墨田区,Municipal,Unknown,記念物,天然記念物,point,飛木稲荷神社のイチョウ
131075100157,seismic,13107,墨田区,Municipal,Unknown,記念物,名勝,point,墨堤の桜
official_export_002:99,seismic,13107,墨田区,National,Registered,有形文化財,建造物,building_direct,割烹美家古向島本店店舗
official_export_002:276,seismic,13107,墨田区,National,Registered,有形文化財,建造物,building_direct,墨田区立言問小学校校舎
official_export_002:277,seismic,13107,墨田区,National,Registered,有形文化財,建造物,building_direct,墨田区立言問小学校講堂
official_export_002:327,seismic,13107,墨田区,National,Registered,有形文化財,建造物,building_direct,照田家住宅主屋
official_export_003:65,seismic,13107,墨田区,National,Designated,記念物,天然記念物,point,向島百花園
198,seismic,13108,江東区,Tokyo Metropolitan,Designated,記念物,名勝,point,清澄庭園
131083000000.0,seismic,13108,江東区,National,Designated,有形文化財,建造物,building_direct,清洲橋
official_export_001:100,seismic,13108,江東区,National,Designated,有形文化財,建造物,building_direct,旧弾正橋(八幡橋)
official_export_001:193,seismic,13108,江東区,National,Designated,有形文化財,建造物,building_direct,明治丸
official_export_002:166,seismic,13108,江東区,National,Registered,有形文化財,建造物,building_direct,旧東京市深川食堂
official_export_002:333,seismic,13108,江東区,National,Registered,有形文化財,建造物,building_direct,東京商船大学1号館
official_export_002:334,seismic,13108,江東区,National,Registered,有形文化財,建造物,building_direct,東京商船大学旧天体観測所(第一観測台)
official_export_002:335,seismic,13108,江東区,National,Registered,有形文化財,建造物,building_direct,東京商船大学旧天体観測所(第二観測台)
official_export_002:336,seismic,13108,江東区,National,Registered,有形文化財,建造物,building_direct,東京商船大学事務局管理棟
official_export_002:337,seismic,13108,江東区,National,Registered,有形文化財,建造物,building_direct,東京商船大学2号館
official_export_003:62,seismic,13108,江東区,National,Designated,記念物,天然記念物,point,松平定信墓
4,seismic,13109,品川区,Tokyo Metropolitan,Designated,有形文化財,建造物,building_direct,旧島津公爵家袖ヶ崎本邸洋館(清泉女子大学本館)
official_export_001:39,seismic,13109,品川区,National,Designated,有形文化財,建造物,building_direct,旧島津家本邸
official_export_001:128,seismic,13109,品川区,National,Designated,有形文化財,建造物,building_direct,宝篋印塔
official_export_002:157,seismic,13109,品川区,National,Registered,有形文化財,建造物,building_direct,旧品川警察署品川橋交通待機所
official_export_002:178,seismic,13109,品川区,National,Registered,有形文化財,建造物,building_direct,旧三井文庫第二書庫
official_export_002:207,seismic,13109,品川区,National,Registered,有形文化財,建造物,building_direct,小池家住宅主屋
official_export_002:255,seismic,13109,品川区,National,Registered,有形文化財,建造物,building_direct,十四世喜多六平太記念能楽堂
official_export_002:371,seismic,13109,品川区,National,Registered,有形文化財,建造物,building_direct,長濱家住宅主屋
official_export_002:372,seismic,13109,品川区,National,Registered,有形文化財,建造物,building_direct,長濱家住宅門
official_export_002:392,seismic,13109,品川区,National,Registered,有形文化財,建造物,building_direct,旗岡八幡神社絵馬殿
official_export_003:9,seismic,13109,品川区,National,Designated,記念物,天然記念物,point,大森貝塚
official_export_003:15,seismic,13109,品川区,National,Designated,記念物,天然記念物,point,加茂真淵墓
official_export_003:18,seismic,13109,品川区,National,Designated,記念物,天然記念物,point,旧白金御料地
official_export_003:44,seismic,13109,品川区,National,Designated,記念物,天然記念物,point,沢庵墓
5,seismic,13110,目黒区,Tokyo Metropolitan,Designated,有形文化財,建造物,building_direct,滝泉寺前不動堂
96,seismic,13110,目黒区,Tokyo Metropolitan,Designated,有形文化財,歴史資料,point,大円寺石仏群
97,seismic,13110,目黒区,Tokyo Metropolitan,Designated,有形文化財,歴史資料,point,文化4年永代橋崩落横死者供養塔及び石碑
official_export_001:15,seismic,13110,目黒区,National,Designated,有形文化財,建造物,building_direct,円融寺本堂
official_export_001:44,seismic,13110,目黒区,National,Designated,有形文化財,建造物,building_direct,旧前田家本邸
official_export_001:45,seismic,13110,目黒区,National,Designated,有形文化財,建造物,building_direct,旧前田家本邸
official_export_001:46,seismic,13110,目黒区,National,Designated,有形文化財,建造物,building_direct,旧前田家本邸
official_export_001:47,seismic,13110,目黒区,National,Designated,有形文化財,建造物,building_direct,旧前田家本邸
official_export_001:48,seismic,13110,目黒区,National,Designated,有形文化財,建造物,building_direct,旧前田家本邸
official_export_001:49,seismic,13110,目黒区,National,Designated,有形文化財,建造物,building_direct,旧前田家本邸
official_export_001:50,seismic,13110,目黒区,National,Designated,有形文化財,建造物,building_direct,旧前田家本邸
official_export_001:51,seismic,13110,目黒区,National,Designated,有形文化財,建造物,building_direct,旧前田家本邸
official_export_001:94,seismic,13110,目黒区,National,Designated,有形文化財,建造物,building_direct,尊經閣文庫
official_export_001:95,seismic,13110,目黒区,National,Designated,有形文化財,建造物,building_direct,尊經閣文庫
official_export_001:96,seismic,13110,目黒区,National,Designated,有形文化財,建造物,building_direct,尊經閣文庫
official_export_001:97,seismic,13110,目黒区,National,Designated,有形文化財,建造物,building_direct,尊經閣文庫
official_export_002:4,seismic,13110,目黒区,National,Registered,有形文化財,建造物,building_direct,浅田家住宅主屋
official_export_002:80,seismic,13110,目黒区,National,Registered,有形文化財,建造物,building_direct,海福寺本堂
official_export_002:159,seismic,13110,目黒区,National,Registered,有形文化財,建造物,building_direct,旧砂堀医院
official_export_002:161,seismic,13110,目黒区,National,Registered,有形文化財,建造物,building_direct,旧園田家住宅スタジオ
official_export_002:330,seismic,13110,目黒区,National,Registered,有形文化財,建造物,building_direct,東京工業大学大岡山西一号館(旧分析化学実験室)
official_export_002:331,seismic,13110,目黒区,National,Registered,有形文化財,建造物,building_direct,東京工業大学七〇周年記念講堂
official_export_002:332,seismic,13110,目黒区,National,Registered,有形文化財,建造物,building_direct,東京工業大学本館
official_export_002:346,seismic,13110,目黒区,National,Registered,有形文化財,建造物,building_direct,東京大学教養学部旧第一高等学校本館(時計台)
official_export_002:349,seismic,13110,目黒区,National,Registered,有形文化財,建造物,building_direct,東京大学先端科学技術研究センター十三号館(旧東京帝国大学航空研究所本館)
official_export_002:466,seismic,13110,目黒区,National,Registered,有形文化財,建造物,building_direct,祐天寺表門
official_export_002:467,seismic,13110,目黒区,National,Registered,有形文化財,建造物,building_direct,祐天寺地蔵堂
official_export_002:468,seismic,13110,目黒区,National,Registered,有形文化財,建造物,building_direct,祐天寺地蔵堂門
official_export_002:469,seismic,13110,目黒区,National,Registered,有形文化財,建造物,building_direct,祐天寺書院
official_export_002:470,seismic,13110,目黒区,National,Registered,有形文化財,建造物,building_direct,祐天寺鐘楼
official_export_002:471,seismic,13110,目黒区,National,Registered,有形文化財,建造物,building_direct,祐天寺本堂
official_export_002:472,seismic,13110,目黒区,National,Registered,有形文化財,建造物,building_direct,祐天寺水屋
official_export_003:0,seismic,13110,目黒区,National,Designated,記念物,天然記念物,point,青木昆陽墓
112,seismic,13111,大田区,Tokyo Metropolitan,Designated,記念物,史跡,point,奥絵師狩野家墓所
113,seismic,13111,大田区,Tokyo Metropolitan,Designated,記念物,史跡,point,宝?山古墳
114,seismic,13111,大田区,Tokyo Metropolitan,Designated,記念物,史跡,point,多摩川台古墳群
175,seismic,13111,大田区,Tokyo Metropolitan,Designated,記念物,旧跡,point,日蓮上人入滅の旧跡
official_export_001:3,seismic,13111,大田区,National,Designated,有形文化財,建造物,building_direct,池上本門寺宝塔
official_export_001:131,seismic,13111,大田区,National,Designated,有形文化財,建造物,building_direct,本門寺五重塔
official_export_002:35,seismic,13111,大田区,National,Registered,有形文化財,建造物,building_direct,伊藤家住宅主屋
official_export_002:47,seismic,13111,大田区,National,Registered,有形文化財,建造物,building_direct,位田家住宅主屋
official_export_002:77,seismic,13111,大田区,National,Registered,有形文化財,建造物,building_direct,御嶽神社社務所
official_export_002:78,seismic,13111,大田区,National,Registered,有形文化財,建造物,building_direct,御嶽神社水行堂
official_export_002:79,seismic,13111,大田区,National,Registered,有形文化財,建造物,building_direct,御嶽神社末社一山神社祖霊社
official_export_002:98,seismic,13111,大田区,National,Registered,有形文化財,建造物,building_direct,数江家住宅主屋
official_export_002:111,seismic,13111,大田区,National,Registered,有形文化財,建造物,building_direct,河原家住宅主屋
official_export_002:149,seismic,13111,大田区,National,Registered,有形文化財,建造物,building_direct,旧川端龍子邸主屋及び中門
official_export_002:150,seismic,13111,大田区,National,Registered,有形文化財,建造物,building_direct,旧川端龍子邸画室
official_export_002:151,seismic,13111,大田区,National,Registered,有形文化財,建造物,building_direct,旧川端龍子邸持仏堂
official_export_002:152,seismic,13111,大田区,National,Registered,有形文化財,建造物,building_direct,旧川端龍子邸仏間棟
official_export_002:160,seismic,13111,大田区,National,Registered,有形文化財,建造物,building_direct,旧清明文庫
official_export_002:247,seismic,13111,大田区,National,Registered,有形文化財,建造物,building_direct,実相寺本堂
official_export_002:248,seismic,13111,大田区,National,Registered,有形文化財,建造物,building_direct,実相寺門
official_export_002:261,seismic,13111,大田区,National,Registered,有形文化財,建造物,building_direct,松風荘主屋
official_export_002:262,seismic,13111,大田区,National,Registered,有形文化財,建造物,building_direct,松風荘待合
official_export_002:263,seismic,13111,大田区,National,Registered,有形文化財,建造物,building_direct,松風荘門
official_export_002:264,seismic,13111,大田区,National,Registered,有形文化財,建造物,building_direct,昭和のくらし博物館(旧小泉家住宅主屋)
official_export_002:296,seismic,13111,大田区,National,Registered,有形文化財,建造物,building_direct,高橋診療所
official_export_002:302,seismic,13111,大田区,National,Registered,有形文化財,建造物,building_direct,竹中家住宅主屋
official_export_002:315,seismic,13111,大田区,National,Registered,有形文化財,建造物,building_direct,塚﨑家住宅主屋
official_export_002:316,seismic,13111,大田区,National,Registered,有形文化財,建造物,building_direct,塚﨑家住宅門及び塀
official_export_002:366,seismic,13111,大田区,National,Registered,有形文化財,建造物,building_direct,鳥海家住宅主屋
official_export_002:430,seismic,13111,大田区,National,Registered,有形文化財,建造物,building_direct,三橋家住宅主屋
official_export_002:437,seismic,13111,大田区,National,Registered,有形文化財,建造物,building_direct,妙福寺祖師堂(旧七面大明神堂)
official_export_002:455,seismic,13111,大田区,National,Registered,有形文化財,建造物,building_direct,守屋家住宅主屋
official_export_002:458,seismic,13111,大田区,National,Registered,有形文化財,建造物,building_direct,山﨑家住宅主屋
official_export_002:474,seismic,13111,大田区,National,Registered,有形文化財,建造物,building_direct,吉川家住宅主屋
official_export_002:477,seismic,13111,大田区,National,Registered,有形文化財,建造物,building_direct,萬屋酒店
official_export_002:478,seismic,13111,大田区,National,Registered,有形文化財,建造物,building_direct,龍子記念館
official_export_002:480,seismic,13111,大田区,National,Registered,有形文化財,建造物,building_direct,私の家(清家清自邸)
official_export_003:13,seismic,13111,大田区,National,Designated,記念物,天然記念物,point,亀甲山古墳
6,seismic,13112,世田谷区,Tokyo Metropolitan,Designated,有形文化財,建造物,building_direct,武家屋敷門
115,seismic,13112,世田谷区,Tokyo Metropolitan,Designated,記念物,史跡,point,野毛大塚古墳
116,seismic,13112,世田谷区,Tokyo Metropolitan,Designated,記念物,史跡,point,世田谷代官屋敷
117,seismic,13112,世田谷区,Tokyo Metropolitan,Designated,記念物,史跡,point,等々力渓谷三号横穴
118,seismic,13112,世田谷区,Tokyo Metropolitan,Designated,記念物,史跡,point,徳冨蘆花旧宅
199,seismic,13112,世田谷区,Tokyo Metropolitan,Designated,記念物,名勝,point,等々力渓谷
207,seismic,13112,世田谷区,Tokyo Metropolitan,Designated,記念物,天然記念物,point,九品仏のカヤ
208,seismic,13112,世田谷区,Tokyo Metropolitan,Designated,記念物,天然記念物,point,九品仏のイチョウ
209,seismic,13112,世田谷区,Tokyo Metropolitan,Designated,記念物,天然記念物,point,善養寺のカヤ
210,seismic,13112,世田谷区,Tokyo Metropolitan,Designated,記念物,天然記念物,point,桜小学校のオオアカガシ
official_export_001:16,seismic,13112,世田谷区,National,Designated,有形文化財,建造物,building_direct,大場家住宅(東京都世田谷区世田谷)
official_export_001:17,seismic,13112,世田谷区,National,Designated,有形文化財,建造物,building_direct,大場家住宅(東京都世田谷区世田谷)
official_export_002:17,seismic,13112,世田谷区,National,Registered,有形文化財,建造物,building_direct,池上家住宅主屋
official_export_002:89,seismic,13112,世田谷区,National,Registered,有形文化財,建造物,building_direct,樫尾俊雄発明記念館(旧樫尾家住宅主屋)
official_export_002:104,seismic,13112,世田谷区,National,Registered,有形文化財,建造物,building_direct,鎌田家住宅主屋
official_export_002:105,seismic,13112,世田谷区,National,Registered,有形文化財,建造物,building_direct,鎌田家住宅離れ
official_export_002:106,seismic,13112,世田谷区,National,Registered,有形文化財,建造物,building_direct,鎌田家住宅門及び塀
official_export_002:108,seismic,13112,世田谷区,National,Registered,有形文化財,建造物,building_direct,亀井家住宅主屋
official_export_002:110,seismic,13112,世田谷区,National,Registered,有形文化財,建造物,building_direct,河津家住宅主屋
official_export_002:223,seismic,13112,世田谷区,National,Registered,有形文化財,建造物,building_direct,国士舘大講堂
official_export_002:236,seismic,13112,世田谷区,National,Registered,有形文化財,建造物,building_direct,五島美術館古経楼
official_export_002:237,seismic,13112,世田谷区,National,Registered,有形文化財,建造物,building_direct,五島美術館冨士見亭
official_export_002:238,seismic,13112,世田谷区,National,Registered,有形文化財,建造物,building_direct,五島美術館本館
official_export_002:239,seismic,13112,世田谷区,National,Registered,有形文化財,建造物,building_direct,駒澤大学旧図書館(禅文化歴史博物館・耕雲館)
official_export_002:245,seismic,13112,世田谷区,National,Registered,有形文化財,建造物,building_direct,坂間家住宅主屋
official_export_002:251,seismic,13112,世田谷区,National,Registered,有形文化財,建造物,building_direct,志村家住宅門及び石垣
official_export_002:317,seismic,13112,世田谷区,National,Registered,有形文化財,建造物,building_direct,築山家住宅石垣
official_export_002:318,seismic,13112,世田谷区,National,Registered,有形文化財,建造物,building_direct,築山家住宅主屋
official_export_002:319,seismic,13112,世田谷区,National,Registered,有形文化財,建造物,building_direct,築山家住宅水蓮池
official_export_002:320,seismic,13112,世田谷区,National,Registered,有形文化財,建造物,building_direct,築山家住宅門
official_export_002:378,seismic,13112,世田谷区,National,Registered,有形文化財,建造物,building_direct,日本学園一号館
official_export_002:381,seismic,13112,世田谷区,National,Registered,有形文化財,建造物,building_direct,日本基督教団富士見丘教会
official_export_002:386,seismic,13112,世田谷区,National,Registered,有形文化財,建造物,building_direct,日本聖公会東京教区東京聖十字教会聖堂
official_export_002:389,seismic,13112,世田谷区,National,Registered,有形文化財,建造物,building_direct,萩原家住宅
official_export_002:391,seismic,13112,世田谷区,National,Registered,有形文化財,建造物,building_direct,長谷川家住宅
official_export_002:403,seismic,13112,世田谷区,National,Registered,有形文化財,建造物,building_direct,平田家住宅主屋
official_export_002:405,seismic,13112,世田谷区,National,Registered,有形文化財,建造物,building_direct,平田家住宅門及び塀
official_export_002:413,seismic,13112,世田谷区,National,Registered,有形文化財,建造物,building_direct,ブルーボックスハウス
official_export_002:457,seismic,13112,世田谷区,National,Registered,有形文化財,建造物,building_direct,柳澤家住宅主屋
official_export_003:45,seismic,13112,世田谷区,National,Designated,記念物,天然記念物,point,玉川上水
official_export_003:61,seismic,13112,世田谷区,National,Designated,記念物,天然記念物,point,細井広沢墓
105,seismic,13113,渋谷区,Tokyo Metropolitan,Designated,民俗文化財,有形民俗文化財,point,千駄ケ谷の冨士塚
official_export_001:2,seismic,13113,渋谷区,National,Designated,有形文化財,建造物,building_direct,旧朝倉家住宅
official_export_001:32,seismic,13113,渋谷区,National,Designated,有形文化財,建造物,building_direct,旧朝倉家住宅
official_export_001:36,seismic,13113,渋谷区,National,Designated,有形文化財,建造物,building_direct,旧久邇宮邸(聖心女子大学)
official_export_001:143,seismic,13113,渋谷区,National,Designated,有形文化財,建造物,building_direct,明治神宮
official_export_001:167,seismic,13113,渋谷区,National,Designated,有形文化財,建造物,building_direct,明治神宮
official_export_001:179,seismic,13113,渋谷区,National,Designated,有形文化財,建造物,building_direct,明治神宮宝物殿
official_export_001:180,seismic,13113,渋谷区,National,Designated,有形文化財,建造物,building_direct,明治神宮宝物殿
official_export_001:181,seismic,13113,渋谷区,National,Designated,有形文化財,建造物,building_direct,明治神宮宝物殿
official_export_001:182,seismic,13113,渋谷区,National,Designated,有形文化財,建造物,building_direct,明治神宮宝物殿
official_export_001:183,seismic,13113,渋谷区,National,Designated,有形文化財,建造物,building_direct,明治神宮宝物殿
official_export_001:184,seismic,13113,渋谷区,National,Designated,有形文化財,建造物,building_direct,明治神宮宝物殿
official_export_001:185,seismic,13113,渋谷区,National,Designated,有形文化財,建造物,building_direct,明治神宮宝物殿
official_export_001:186,seismic,13113,渋谷区,National,Designated,有形文化財,建造物,building_direct,明治神宮宝物殿
official_export_001:187,seismic,13113,渋谷区,National,Designated,有形文化財,建造物,building_direct,明治神宮宝物殿
official_export_001:188,seismic,13113,渋谷区,National,Designated,有形文化財,建造物,building_direct,明治神宮宝物殿
official_export_001:189,seismic,13113,渋谷区,National,Designated,有形文化財,建造物,building_direct,明治神宮宝物殿
official_export_001:190,seismic,13113,渋谷区,National,Designated,有形文化財,建造物,building_direct,明治神宮宝物殿
official_export_001:191,seismic,13113,渋谷区,National,Designated,有形文化財,建造物,building_direct,明治神宮宝物殿
official_export_001:195,seismic,13113,渋谷区,National,Designated,有形文化財,建造物,building_direct,代々木競技場
official_export_001:196,seismic,13113,渋谷区,National,Designated,有形文化財,建造物,building_direct,代々木競技場
official_export_002:2,seismic,13113,渋谷区,National,Registered,有形文化財,建造物,building_direct,青山学院ベリーホール
official_export_002:3,seismic,13113,渋谷区,National,Registered,有形文化財,建造物,building_direct,青山学院間島記念館
official_export_002:76,seismic,13113,渋谷区,National,Registered,有形文化財,建造物,building_direct,温故学会会館
official_export_002:249,seismic,13113,渋谷区,National,Registered,有形文化財,建造物,building_direct,渋谷区立広尾小学校
official_export_002:257,seismic,13113,渋谷区,National,Registered,有形文化財,建造物,building_direct,上宮寺鐘楼
official_export_002:258,seismic,13113,渋谷区,National,Registered,有形文化財,建造物,building_direct,上宮寺本堂
official_export_002:259,seismic,13113,渋谷区,National,Registered,有形文化財,建造物,building_direct,上宮寺本堂応接部
official_export_002:434,seismic,13113,渋谷区,National,Registered,有形文化財,建造物,building_direct,ミュージアム1999(旧千葉常五郎邸)
official_export_002:475,seismic,13113,渋谷区,National,Registered,有形文化財,建造物,building_direct,代々木能舞台敷舞台及び座敷
official_export_002:476,seismic,13113,渋谷区,National,Registered,有形文化財,建造物,building_direct,代々木能舞台舞台・橋掛・鏡の間
195,seismic,13114,中野区,Tokyo Metropolitan,Designated,記念物,名勝,point,哲学堂公園
1000000001,seismic,13114,中野区,Tokyo Metropolitan,Designated,記念物,旧跡,point,新井白石墓
1000000002,seismic,13114,中野区,Tokyo Metropolitan,Designated,記念物,旧跡,point,鈴木九郎長者墓
1000000003,seismic,13114,中野区,National,Designated,記念物,名勝,point,哲学堂公園
1000000004,seismic,13114,中野区,Tokyo Metropolitan,Designated,民俗文化財,無形民俗文化財,point,江古田の獅子舞
2000000001,seismic,13114,中野区,National,Registered,有形文化財,未細分,building_direct,旧野方配水塔
2000000002,seismic,13114,中野区,National,Registered,有形文化財,未細分,building_direct,中村家住宅洋館
2000000003,seismic,13114,中野区,National,Registered,有形文化財,未細分,building_direct,細井家住宅主屋
2000000004,seismic,13114,中野区,National,Registered,有形文化財,未細分,building_direct,功運寺庫裏・鐘楼・山門
2000000005,seismic,13114,中野区,National,Registered,有形文化財,未細分,building_direct,三岸家住宅アトリエ
2000000006,seismic,13114,中野区,Municipal,Designated,有形文化財,未細分,building_direct,旧豊多摩監獄表門
official_export_002:172,seismic,13114,中野区,National,Registered,有形文化財,建造物,building_direct,旧野方配水塔
official_export_002:208,seismic,13114,中野区,National,Registered,有形文化財,建造物,building_direct,功運寺庫裏
official_export_002:209,seismic,13114,中野区,National,Registered,有形文化財,建造物,building_direct,功運寺山門
official_export_002:210,seismic,13114,中野区,National,Registered,有形文化財,建造物,building_direct,功運寺鐘楼
official_export_002:374,seismic,13114,中野区,National,Registered,有形文化財,建造物,building_direct,中村家住宅洋館
official_export_002:424,seismic,13114,中野区,National,Registered,有形文化財,建造物,building_direct,三岸家住宅アトリエ
7,seismic,13115,杉並区,Tokyo Metropolitan,Designated,有形文化財,建造物,building_direct,妙法寺祖師堂
8,seismic,13115,杉並区,Tokyo Metropolitan,Designated,有形文化財,建造物,building_direct,妙法寺書院(御成間)
9,seismic,13115,杉並区,Tokyo Metropolitan,Designated,有形文化財,建造物,building_direct,妙法寺仁王門
131156000000.0,seismic,13115,杉並区,Municipal,Unknown,民俗文化財,有形民俗文化財,point,寛文四年銘聖観音庚申供養塔
official_export_001:141,seismic,13115,杉並区,National,Designated,有形文化財,建造物,building_direct,妙法寺鉄門
official_export_002:16,seismic,13115,杉並区,National,Registered,有形文化財,建造物,building_direct,井草幼稚園園舎
official_export_002:34,seismic,13115,杉並区,National,Registered,有形文化財,建造物,building_direct,伊藤家住宅主屋
official_export_002:69,seismic,13115,杉並区,National,Registered,有形文化財,建造物,building_direct,岡田日帰上人記念講堂
official_export_002:142,seismic,13115,杉並区,National,Registered,有形文化財,建造物,building_direct,旧大田黒家住宅蔵
official_export_002:143,seismic,13115,杉並区,National,Registered,有形文化財,建造物,building_direct,旧大田黒家住宅洋館
official_export_002:156,seismic,13115,杉並区,National,Registered,有形文化財,建造物,building_direct,旧滋賀家住宅主屋
official_export_002:206,seismic,13115,杉並区,National,Registered,有形文化財,建造物,building_direct,幻戯山房(旧角川家住宅主屋)
official_export_002:212,seismic,13115,杉並区,National,Registered,有形文化財,建造物,building_direct,古宇田家住宅
official_export_002:235,seismic,13115,杉並区,National,Registered,有形文化財,建造物,building_direct,小杉湯
official_export_002:278,seismic,13115,杉並区,National,Registered,有形文化財,建造物,building_direct,西郊ロッヂング
official_export_002:324,seismic,13115,杉並区,National,Registered,有形文化財,建造物,building_direct,辻家住宅旧主屋
official_export_002:338,seismic,13115,杉並区,National,Registered,有形文化財,建造物,building_direct,東京女子大学講堂・礼拝堂
official_export_002:339,seismic,13115,杉並区,National,Registered,有形文化財,建造物,building_direct,東京女子大学17号館(ライシャワー館)
official_export_002:340,seismic,13115,杉並区,National,Registered,有形文化財,建造物,building_direct,東京女子大学14号館(安井記念館)
official_export_002:341,seismic,13115,杉並区,National,Registered,有形文化財,建造物,building_direct,東京女子大学16号館(外国人教師館)
official_export_002:342,seismic,13115,杉並区,National,Registered,有形文化財,建造物,building_direct,東京女子大学7号館(西校舎)
official_export_002:343,seismic,13115,杉並区,National,Registered,有形文化財,建造物,building_direct,東京女子大学本館
official_export_002:344,seismic,13115,杉並区,National,Registered,有形文化財,建造物,building_direct,東京女子大学6号館(東校舎)
official_export_002:398,seismic,13115,杉並区,National,Registered,有形文化財,建造物,building_direct,ビストロOJI(末光家住宅)
official_export_002:412,seismic,13115,杉並区,National,Registered,有形文化財,建造物,building_direct,淵川家住宅主屋
official_export_002:428,seismic,13115,杉並区,National,Registered,有形文化財,建造物,building_direct,水口家住宅洋館
official_export_002:479,seismic,13115,杉並区,National,Registered,有形文化財,建造物,building_direct,旅館西郊本館
official_export_002:483,seismic,13115,杉並区,National,Registered,有形文化財,建造物,building_direct,渡邊家住宅主屋
official_export_003:46,seismic,13115,杉並区,National,Designated,記念物,天然記念物,point,荻外荘(近衞文麿旧宅)
10,seismic,13116,豊島区,Tokyo Metropolitan,Designated,有形文化財,建造物,building_direct,旧マッケーレブ邸(雑司が谷旧宣教師館)
211,seismic,13116,豊島区,Tokyo Metropolitan,Designated,記念物,天然記念物,point,鬼子母神大門ケヤキ並木
212,seismic,13116,豊島区,Tokyo Metropolitan,Designated,記念物,天然記念物,point,雑司が谷鬼子母神のイチョウ
11,seismic,13116,豊島区,Municipal,Designated,民俗文化財,有形民俗文化財,point,冨士元囃子用具一式(楽器9点、寿獅子、大黒舞用道具類11点
12,seismic,13116,豊島区,Municipal,Designated,民俗文化財,無形民俗文化財,point,長崎獅子舞
13,seismic,13116,豊島区,Municipal,Designated,民俗文化財,無形民俗文化財,point,冨士元囃子
14,seismic,13116,豊島区,Municipal,Designated,民俗文化財,無形民俗文化財,point,雑司が谷鬼子母神御会式万燈練供養
15,seismic,13116,豊島区,Municipal,Designated,記念物,史跡,point,池袋富士塚
16,seismic,13116,豊島区,Municipal,Registered,有形文化財,未細分,building_direct,重林寺観音堂内厨子覆屋
17,seismic,13116,豊島区,Municipal,Registered,有形文化財,未細分,building_direct,安田家住宅
18,seismic,13116,豊島区,Municipal,Registered,有形文化財,未細分,building_direct,渡辺弘行・隆根アトリエ
official_export_001:69,seismic,13116,豊島区,National,Designated,有形文化財,建造物,building_direct,自由学園明日館
official_export_001:70,seismic,13116,豊島区,National,Designated,有形文化財,建造物,building_direct,自由学園明日館
official_export_001:71,seismic,13116,豊島区,National,Designated,有形文化財,建造物,building_direct,自由学園明日館
official_export_001:72,seismic,13116,豊島区,National,Designated,有形文化財,建造物,building_direct,自由学園明日館
official_export_001:92,seismic,13116,豊島区,National,Designated,有形文化財,建造物,building_direct,雑司ケ谷鬼子母神堂
official_export_002:19,seismic,13116,豊島区,National,Registered,有形文化財,建造物,building_direct,砂金家長屋
official_export_002:82,seismic,13116,豊島区,National,Registered,有形文化財,建造物,building_direct,学習院北別館(旧図書館)
official_export_002:83,seismic,13116,豊島区,National,Registered,有形文化財,建造物,building_direct,学習院厩舎
official_export_002:84,seismic,13116,豊島区,National,Registered,有形文化財,建造物,building_direct,学習院正門
official_export_002:85,seismic,13116,豊島区,National,Registered,有形文化財,建造物,building_direct,学習院西一号館(旧中等科教場)
official_export_002:86,seismic,13116,豊島区,National,Registered,有形文化財,建造物,building_direct,学習院乃木館(旧総寮部)
official_export_002:87,seismic,13116,豊島区,National,Registered,有形文化財,建造物,building_direct,学習院東別館(旧皇族寮)
official_export_002:88,seismic,13116,豊島区,National,Registered,有形文化財,建造物,building_direct,学習院南一号館(旧理科特別教場)
official_export_002:170,seismic,13116,豊島区,National,Registered,有形文化財,建造物,building_direct,旧丹羽家住宅蔵
official_export_002:211,seismic,13116,豊島区,National,Registered,有形文化財,建造物,building_direct,高岩寺本堂
official_export_002:241,seismic,13116,豊島区,National,Registered,有形文化財,建造物,building_direct,金剛院庫裏
official_export_002:242,seismic,13116,豊島区,National,Registered,有形文化財,建造物,building_direct,金剛院本堂
official_export_002:281,seismic,13116,豊島区,National,Registered,有形文化財,建造物,building_direct,ソルフェージスクール
official_export_002:375,seismic,13116,豊島区,National,Registered,有形文化財,建造物,building_direct,並木ハウス
176,seismic,13118,荒川区,Unknown,Unknown,未判定,未細分,point,彰義隊戦死者墓
214,seismic,13118,荒川区,Unknown,Unknown,未判定,未細分,point,延命院のシイ
121,seismic,13119,板橋区,Unknown,Unknown,未判定,未細分,point,茂呂遺跡
177,seismic,13119,板橋区,Unknown,Unknown,未判定,未細分,point,徳丸ケ原
178,seismic,13119,板橋区,Unknown,Unknown,未判定,未細分,point,松月院大堂
122,seismic,13120,練馬区,Unknown,Unknown,未判定,未細分,point,尾崎遺跡
179,seismic,13120,練馬区,Unknown,Unknown,未判定,未細分,point,池永道雲墓
180,seismic,13121,足立区,Unknown,Unknown,未判定,未細分,point,初代安藤広重墓及び記念碑
123,seismic,13122,葛飾区,Tokyo Metropolitan,Designated,記念物,史跡,point,葛西城跡
124,seismic,13122,葛飾区,Tokyo Metropolitan,Designated,記念物,史跡,point,立石
181,seismic,13122,葛飾区,Tokyo Metropolitan,Designated,記念物,旧跡,point,安積艮斎墓
182,seismic,13122,葛飾区,Tokyo Metropolitan,Designated,記念物,旧跡,point,葛西清重墓
183,seismic,13122,葛飾区,Tokyo Metropolitan,Designated,記念物,旧跡,point,山田検校墓
official_export_001:38,seismic,13122,葛飾区,National,Designated,有形文化財,建造物,building_direct,旧小菅刑務所庁舎
98,seismic,13123,江戸川区,Tokyo Metropolitan,Designated,有形文化財,歴史資料,point,天明三年浅間山噴火横死者供養碑
125,seismic,13123,江戸川区,Tokyo Metropolitan,Designated,記念物,史跡,point,一之江名主屋敷
official_export_003:39,seismic,13123,江戸川区,National,Designated,記念物,天然記念物,point,善養寺影向のマツ
126,seismic,13201,八王子市,Tokyo Metropolitan,Designated,記念物,史跡,point,片倉城跡
127,seismic,13201,八王子市,Tokyo Metropolitan,Designated,記念物,史跡,point,広園寺境域
184,seismic,13201,八王子市,Tokyo Metropolitan,Designated,記念物,旧跡,point,原胤敦墓
215,seismic,13201,八王子市,Tokyo Metropolitan,Designated,記念物,天然記念物,point,髙尾山のスギ並木
216,seismic,13201,八王子市,Tokyo Metropolitan,Designated,記念物,天然記念物,point,髙尾山の飯盛スギ
official_export_003:22,seismic,13201,八王子市,National,Designated,記念物,天然記念物,point,椚田遺跡
official_export_003:27,seismic,13201,八王子市,National,Designated,記念物,天然記念物,point,小仏関跡
official_export_003:43,seismic,13201,八王子市,National,Designated,記念物,天然記念物,point,滝山城跡
official_export_003:57,seismic,13201,八王子市,National,Designated,記念物,天然記念物,point,八王子城跡
official_export_003:60,seismic,13201,八王子市,National,Designated,記念物,天然記念物,point,船田石器時代遺跡
official_export_002:369,seismic,13202,立川市,National,Registered,有形文化財,建造物,building_direct,中野家住宅蔵
official_export_002:370,seismic,13202,立川市,National,Registered,有形文化財,建造物,building_direct,中野家住宅主屋
official_export_002:137,seismic,13203,武蔵野市,National,Registered,有形文化財,建造物,building_direct,旧赤星鉄馬邸
official_export_002:165,seismic,13203,武蔵野市,National,Registered,有形文化財,建造物,building_direct,旧東京市麻布区役所庁舎(日本獣医生命科学大学一号棟)
official_export_002:395,seismic,13203,武蔵野市,National,Registered,有形文化財,建造物,building_direct,濵家住宅西洋館
official_export_003:26,seismic,13203,武蔵野市,National,Designated,記念物,天然記念物,point,小金井(サクラ)
106,seismic,13204,三鷹市,Tokyo Metropolitan,Designated,民俗文化財,有形民俗文化財,point,武蔵野(野川流域)の水車経営農家
128,seismic,13204,三鷹市,Tokyo Metropolitan,Designated,記念物,史跡,point,出山横穴墓群第8号墓
official_export_002:14,seismic,13204,三鷹市,National,Registered,有形文化財,建造物,building_direct,淡島家住宅主屋
official_export_002:15,seismic,13204,三鷹市,National,Registered,有形文化財,建造物,building_direct,安藤家住宅主屋
official_export_002:36,seismic,13204,三鷹市,National,Registered,有形文化財,建造物,building_direct,伊藤家住宅主屋
official_export_002:214,seismic,13204,三鷹市,National,Registered,有形文化財,建造物,building_direct,国際基督教大学泰山荘表門
official_export_002:215,seismic,13204,三鷹市,National,Registered,有形文化財,建造物,building_direct,国際基督教大学泰山荘蔵
official_export_002:216,seismic,13204,三鷹市,National,Registered,有形文化財,建造物,building_direct,国際基督教大学泰山荘高風居
official_export_002:217,seismic,13204,三鷹市,National,Registered,有形文化財,建造物,building_direct,国際基督教大学泰山荘車庫
official_export_002:218,seismic,13204,三鷹市,National,Registered,有形文化財,建造物,building_direct,国際基督教大学泰山荘書院
official_export_002:219,seismic,13204,三鷹市,National,Registered,有形文化財,建造物,building_direct,国際基督教大学泰山荘待合
official_export_002:220,seismic,13204,三鷹市,National,Registered,有形文化財,建造物,building_direct,国際基督教大学ディッフェンドルファー記念館
official_export_002:221,seismic,13204,三鷹市,National,Registered,有形文化財,建造物,building_direct,国際基督教大学本館
official_export_002:225,seismic,13204,三鷹市,National,Registered,有形文化財,建造物,building_direct,国立天文台表門
official_export_002:226,seismic,13204,三鷹市,National,Registered,有形文化財,建造物,building_direct,国立天文台旧図庫及び倉庫
official_export_002:227,seismic,13204,三鷹市,National,Registered,有形文化財,建造物,building_direct,国立天文台ゴーチェ子午環室
official_export_002:228,seismic,13204,三鷹市,National,Registered,有形文化財,建造物,building_direct,国立天文台第一子午線標室
official_export_002:229,seismic,13204,三鷹市,National,Registered,有形文化財,建造物,building_direct,国立天文台第一赤道儀室
official_export_002:230,seismic,13204,三鷹市,National,Registered,有形文化財,建造物,building_direct,国立天文台大赤道儀室
official_export_002:231,seismic,13204,三鷹市,National,Registered,有形文化財,建造物,building_direct,国立天文台第二子午線標室
official_export_002:232,seismic,13204,三鷹市,National,Registered,有形文化財,建造物,building_direct,国立天文台太陽分光写真儀室
official_export_002:233,seismic,13204,三鷹市,National,Registered,有形文化財,建造物,building_direct,国立天文台門衛所
official_export_002:234,seismic,13204,三鷹市,National,Registered,有形文化財,建造物,building_direct,国立天文台レプソルド子午儀室
official_export_002:368,seismic,13204,三鷹市,National,Registered,有形文化財,建造物,building_direct,中島家住宅主屋
official_export_002:481,seismic,13204,三鷹市,National,Registered,有形文化財,建造物,building_direct,渡辺家住宅主屋
official_export_002:482,seismic,13204,三鷹市,National,Registered,有形文化財,建造物,building_direct,渡辺家住宅主屋
19,seismic,13205,青梅市,Tokyo Metropolitan,Designated,有形文化財,建造物,building_direct,馬場家御師住宅
20,seismic,13205,青梅市,Tokyo Metropolitan,Designated,有形文化財,建造物,building_direct,虎柏神社本殿
107,seismic,13205,青梅市,Tokyo Metropolitan,Designated,民俗文化財,有形民俗文化財,point,旧稲葉家住宅
129,seismic,13205,青梅市,Tokyo Metropolitan,Designated,記念物,史跡,point,天寧寺境域
130,seismic,13205,青梅市,Tokyo Metropolitan,Designated,記念物,史跡,point,海禅寺境域
131,seismic,13205,青梅市,Tokyo Metropolitan,Designated,記念物,史跡,point,安楽寺境域
132,seismic,13205,青梅市,Tokyo Metropolitan,Designated,記念物,史跡,point,虎柏神社境域
133,seismic,13205,青梅市,Tokyo Metropolitan,Designated,記念物,史跡,point,青梅新町の大井戸
185,seismic,13205,青梅市,Tokyo Metropolitan,Designated,記念物,旧跡,point,鈴法寺跡
200,seismic,13205,青梅市,Tokyo Metropolitan,Designated,記念物,名勝,point,奥御岳景園地
217,seismic,13205,青梅市,Tokyo Metropolitan,Designated,記念物,天然記念物,point,安楽寺の大スギ
218,seismic,13205,青梅市,Tokyo Metropolitan,Designated,記念物,天然記念物,point,塩船観音の大スギ
official_export_001:24,seismic,13205,青梅市,National,Designated,有形文化財,建造物,building_direct,観音寺阿弥陀堂
official_export_001:25,seismic,13205,青梅市,National,Designated,有形文化財,建造物,building_direct,観音寺仁王門
official_export_001:26,seismic,13205,青梅市,National,Designated,有形文化財,建造物,building_direct,観音寺本堂
official_export_001:140,seismic,13205,青梅市,National,Designated,有形文化財,建造物,building_direct,旧宮崎家住宅(旧所在 東京都青梅市成木)
official_export_002:48,seismic,13205,青梅市,National,Registered,有形文化財,建造物,building_direct,宇津木家住宅主屋
official_export_002:54,seismic,13205,青梅市,National,Registered,有形文化財,建造物,building_direct,青梅織物工業協同組合旧織物加工工場
official_export_002:55,seismic,13205,青梅市,National,Registered,有形文化財,建造物,building_direct,青梅織物工業協同組合旧都立繊維試験場
official_export_002:56,seismic,13205,青梅市,National,Registered,有形文化財,建造物,building_direct,青梅織物工業協同組合旧発券倉庫
official_export_002:57,seismic,13205,青梅市,National,Registered,有形文化財,建造物,building_direct,青梅織物工業協同組合本館
official_export_002:90,seismic,13205,青梅市,National,Registered,有形文化財,建造物,building_direct,河鹿園稲荷社
official_export_002:91,seismic,13205,青梅市,National,Registered,有形文化財,建造物,building_direct,河鹿園渓梅庵
official_export_002:92,seismic,13205,青梅市,National,Registered,有形文化財,建造物,building_direct,河鹿園山魚楼
official_export_002:93,seismic,13205,青梅市,National,Registered,有形文化財,建造物,building_direct,河鹿園射山荘
official_export_002:94,seismic,13205,青梅市,National,Registered,有形文化財,建造物,building_direct,河鹿園大浴場
official_export_002:95,seismic,13205,青梅市,National,Registered,有形文化財,建造物,building_direct,河鹿園帳場兼主屋
official_export_002:96,seismic,13205,青梅市,National,Registered,有形文化財,建造物,building_direct,河鹿園枕流亭
official_export_002:97,seismic,13205,青梅市,National,Registered,有形文化財,建造物,building_direct,河鹿園渡廊下
official_export_002:176,seismic,13205,青梅市,National,Registered,有形文化財,建造物,building_direct,旧ほていや玩具店店舗
official_export_002:191,seismic,13205,青梅市,National,Registered,有形文化財,建造物,building_direct,旧吉川英治邸(草思堂)主屋
official_export_002:192,seismic,13205,青梅市,National,Registered,有形文化財,建造物,building_direct,旧吉川英治邸(草思堂)土蔵
official_export_002:193,seismic,13205,青梅市,National,Registered,有形文化財,建造物,building_direct,旧吉川英治邸(草思堂)長屋門
official_export_002:194,seismic,13205,青梅市,National,Registered,有形文化財,建造物,building_direct,旧吉川英治邸(草思堂)洋館
official_export_002:321,seismic,13205,青梅市,National,Registered,有形文化財,建造物,building_direct,津雲家住宅主屋
official_export_002:322,seismic,13205,青梅市,National,Registered,有形文化財,建造物,building_direct,津雲家住宅塀
official_export_002:323,seismic,13205,青梅市,National,Registered,有形文化財,建造物,building_direct,津雲家住宅門
official_export_003:63,seismic,13205,青梅市,National,Designated,記念物,天然記念物,point,御岳の神代ケヤキ
21,seismic,13206,府中市,Tokyo Metropolitan,Designated,有形文化財,建造物,building_direct,大国魂神社本殿
22,seismic,13206,府中市,Tokyo Metropolitan,Designated,有形文化財,建造物,building_direct,旧府中町役場庁舎
23,seismic,13206,府中市,Tokyo Metropolitan,Designated,有形文化財,建造物,building_direct,旧三岡家長屋門
186,seismic,13206,府中市,Tokyo Metropolitan,Designated,記念物,旧跡,point,府中高札場
187,seismic,13206,府中市,Tokyo Metropolitan,Designated,記念物,旧跡,point,川崎定孝墓
official_export_002:361,seismic,13206,府中市,National,Registered,有形文化財,建造物,building_direct,東京農工大学農学部本館
official_export_003:58,seismic,13206,府中市,National,Designated,記念物,天然記念物,point,馬場大門のケヤキ並木
official_export_003:66,seismic,13206,府中市,National,Designated,記念物,天然記念物,point,武蔵国府跡
official_export_003:68,seismic,13206,府中市,National,Designated,記念物,天然記念物,point,武蔵府中熊野神社古墳
24,seismic,13207,昭島市,Tokyo Metropolitan,Designated,有形文化財,建造物,building_direct,旧三井家拝島別邸(啓明学園北泉寮)
134,seismic,13207,昭島市,Tokyo Metropolitan,Designated,記念物,史跡,point,大日堂境域及び日吉神社境域
219,seismic,13207,昭島市,Tokyo Metropolitan,Designated,記念物,天然記念物,point,拝島のフジ
official_export_002:377,seismic,13207,昭島市,National,Registered,有形文化財,建造物,building_direct,西川家旧別邸蔵
220,seismic,13208,調布市,Tokyo Metropolitan,Designated,記念物,天然記念物,point,佐須の禅寺丸古木
132080100003,seismic,13208,調布市,National,Designated,記念物,史跡,point,下布田遺跡
132080100004,seismic,13208,調布市,National,Designated,記念物,史跡,point,深大寺城跡
132080100005,seismic,13208,調布市,National,Registered,有形文化財,建造物,building_direct,真木家住宅洋館
132080100006,seismic,13208,調布市,National,Registered,有形文化財,建造物,building_direct,真木家住宅日本館
132080100007,seismic,13208,調布市,National,Registered,有形文化財,建造物,building_direct,白百合女子大学めぐみ荘(旧菊池家住宅主屋)
132080100008,seismic,13208,調布市,National,Registered,有形文化財,建造物,building_direct,新井家住宅主屋
132080100009,seismic,13208,調布市,National,Registered,有形文化財,建造物,building_direct,新井家住宅内蔵
132080100010,seismic,13208,調布市,National,Registered,有形文化財,建造物,building_direct,新井家住宅外蔵
132080100011,seismic,13208,調布市,National,Registered,有形文化財,建造物,building_direct,新井家住宅旧蚕室
132080100012,seismic,13208,調布市,National,Registered,有形文化財,建造物,building_direct,新井家住宅中門及び塀
132080100013,seismic,13208,調布市,National,Registered,有形文化財,建造物,building_direct,旧武者小路実篤邸主屋
132080100014,seismic,13208,調布市,National,Registered,有形文化財,建造物,building_direct,旧佐橋家住宅主屋
132080100015,seismic,13208,調布市,National,Registered,有形文化財,建造物,building_direct,旧佐橋家住宅門
132080100018,seismic,13208,調布市,Tokyo Metropolitan,Designated,記念物,史跡,point,狐塚古墳(下布田6号墳)
132080100019,seismic,13208,調布市,Tokyo Metropolitan,Designated,記念物,天然記念物,point,佐須の禅寺丸古木
132080100020,seismic,13208,調布市,Municipal,Designated,有形文化財,建造物,building_direct,上石原若宮八幡神社本殿
132080100021,seismic,13208,調布市,Municipal,Designated,有形文化財,建造物,building_direct,西光寺仁王門
132080100022,seismic,13208,調布市,Municipal,Designated,有形文化財,建造物,building_direct,布多天神社本殿
132080100023,seismic,13208,調布市,Municipal,Designated,有形文化財,建造物,building_direct,深大寺山門
132080100024,seismic,13208,調布市,Municipal,Designated,有形文化財,建造物,building_direct,深大寺深沙大王堂内宮殿
132080100025,seismic,13208,調布市,Municipal,Designated,有形文化財,建造物,building_direct,蓮慶寺本堂
132080100026,seismic,13208,調布市,Municipal,Designated,有形文化財,建造物,building_direct,虎狛神社本殿
132080100027,seismic,13208,調布市,Municipal,Designated,有形文化財,建造物,building_direct,虎狛神社石鳥居
132080100050,seismic,13208,調布市,Municipal,Designated,有形文化財,歴史資料,point,木造大日如来坐像
132080100051,seismic,13208,調布市,Municipal,Designated,有形文化財,歴史資料,point,野口平一家資料
132080100052,seismic,13208,調布市,Municipal,Designated,有形文化財,歴史資料,point,紙本着色仏涅槃図
132080100053,seismic,13208,調布市,Municipal,Designated,有形文化財,歴史資料,point,ジュゼッペ・キアラ神父墓碑
132080100054,seismic,13208,調布市,Municipal,Designated,有形文化財,歴史資料,point,虎狛神社之碑
132080100055,seismic,13208,調布市,Municipal,Designated,有形文化財,歴史資料,point,絹本着色釈迦三尊十六善神図
132080100056,seismic,13208,調布市,Municipal,Designated,民俗文化財,有形民俗文化財(民俗),point,調布の臼
132080100057,seismic,13208,調布市,Municipal,Designated,民俗文化財,有形民俗文化財(民俗),point,下石原八幡神社の獅子頭
132080100058,seismic,13208,調布市,Municipal,Designated,民俗文化財,有形民俗文化財(民俗),point,布多天神社狛犬
132080100059,seismic,13208,調布市,Municipal,Designated,民俗文化財,有形民俗文化財(民俗),point,小橋の馬頭観音塔
132080100060,seismic,13208,調布市,Municipal,Designated,民俗文化財,有形民俗文化財(民俗),point,飛田給石造瑠璃光薬師如来立像
132080100061,seismic,13208,調布市,Municipal,Designated,民俗文化財,有形民俗文化財(民俗),point,深大寺元三大師参詣の道標
132080100062,seismic,13208,調布市,Municipal,Designated,民俗文化財,有形民俗文化財(民俗),point,地蔵菩薩立像(妙円地蔵)
132080100063,seismic,13208,調布市,Municipal,Designated,民俗文化財,有形民俗文化財(民俗),point,百万遍供養塔
132080100064,seismic,13208,調布市,Municipal,Designated,民俗文化財,有形民俗文化財(民俗),point,山野庚申塚の庚申塔
132080100065,seismic,13208,調布市,Municipal,Designated,民俗文化財,有形民俗文化財(金石文等),point,布多天神社太閤の制札
132080100066,seismic,13208,調布市,Municipal,Designated,民俗文化財,有形民俗文化財(金石文等),point,弘安四年銘阿弥陀一尊板碑
132080100067,seismic,13208,調布市,Municipal,Designated,民俗文化財,有形民俗文化財(金石文等),point,弘安五年銘阿弥陀三尊板碑
132080100068,seismic,13208,調布市,Municipal,Designated,民俗文化財,有形民俗文化財(金石文等),point,文明三年銘阿弥陀図像板碑
132080100069,seismic,13208,調布市,Municipal,Designated,民俗文化財,有形民俗文化財(金石文等),point,文明十六年銘胎蔵界大日板碑
132080100070,seismic,13208,調布市,Municipal,Designated,民俗文化財,有形民俗文化財(金石文等),point,享徳二年銘法華曼荼羅板碑
132080100071,seismic,13208,調布市,Municipal,Designated,民俗文化財,有形民俗文化財(金石文等),point,年未詳法華曼荼羅板碑
132080100072,seismic,13208,調布市,Municipal,Designated,民俗文化財,無形民俗文化財(民俗芸能),point,調布の祭ばやし
132080100073,seismic,13208,調布市,Municipal,Designated,記念物,史跡,point,飛田給薬師堂境内行人塚
132080100074,seismic,13208,調布市,Municipal,Designated,記念物,史跡,point,近藤勇生家跡
132080100075,seismic,13208,調布市,Municipal,Designated,記念物,旧跡,point,小島一里塚跡
132080100076,seismic,13208,調布市,Municipal,Designated,記念物,旧跡,point,仙川一里塚跡
132080100077,seismic,13208,調布市,Municipal,Designated,記念物,天然記念物,point,シロハナヤブツバキ
132080100078,seismic,13208,調布市,Municipal,Designated,記念物,天然記念物,point,青渭神社のケヤキ
132080100079,seismic,13208,調布市,Municipal,Designated,記念物,天然記念物,point,山野の禅寺丸古木
132080100080,seismic,13208,調布市,Municipal,Designated,記念物,天然記念物,point,金子のイチョウ
132080100081,seismic,13208,調布市,Municipal,Designated,記念物,天然記念物,point,絵堂のヒイラギ
132080100082,seismic,13208,調布市,Municipal,Designated,有形文化財,歴史資料,point,黄檗版大般若波羅蜜多経
official_export_002:8,seismic,13208,調布市,National,Registered,有形文化財,建造物,building_direct,新井家住宅内蔵
official_export_002:9,seismic,13208,調布市,National,Registered,有形文化財,建造物,building_direct,新井家住宅旧蚕室
official_export_002:10,seismic,13208,調布市,National,Registered,有形文化財,建造物,building_direct,新井家住宅主屋
official_export_002:12,seismic,13208,調布市,National,Registered,有形文化財,建造物,building_direct,新井家住宅外蔵
official_export_002:13,seismic,13208,調布市,National,Registered,有形文化財,建造物,building_direct,新井家住宅中門及び塀
official_export_002:154,seismic,13208,調布市,National,Registered,有形文化財,建造物,building_direct,旧佐橋家住宅主屋
official_export_002:155,seismic,13208,調布市,National,Registered,有形文化財,建造物,building_direct,旧佐橋家住宅門
official_export_002:265,seismic,13208,調布市,National,Registered,有形文化財,建造物,building_direct,白百合女子大学めぐみ荘(旧菊池家住宅主屋)
official_export_002:417,seismic,13208,調布市,National,Registered,有形文化財,建造物,building_direct,真木家住宅日本館
official_export_002:418,seismic,13208,調布市,National,Registered,有形文化財,建造物,building_direct,真木家住宅洋館
official_export_003:35,seismic,13208,調布市,National,Designated,記念物,天然記念物,point,下布田遺跡
official_export_003:36,seismic,13208,調布市,National,Designated,記念物,天然記念物,point,深大寺城跡
25,seismic,13209,町田市,Tokyo Metropolitan,Designated,有形文化財,建造物,building_direct,旧荻野家住宅
135,seismic,13209,町田市,Tokyo Metropolitan,Designated,記念物,史跡,point,本町田遺跡
201,seismic,13209,町田市,Tokyo Metropolitan,Designated,記念物,名勝,point,福王寺旧園地(薬師池公園)
official_export_001:111,seismic,13209,町田市,National,Designated,有形文化財,建造物,building_direct,旧永井家住宅(旧所在 東京都町田市小野路町)
official_export_003:25,seismic,13209,町田市,National,Designated,記念物,天然記念物,point,高ヶ坂石器時代遺跡
239,seismic,13210,小金井市,Tokyo Metropolitan,Designated,有形文化財,建造物,building_direct,旧前川家住宅主屋
132101000000.0,seismic,13210,小金井市,Unknown,Unknown,記念物,名勝,point,小金井(サクラ)
official_export_002:168,seismic,13210,小金井市,National,Registered,有形文化財,建造物,building_direct,旧中村研一邸主屋
official_export_002:169,seismic,13210,小金井市,National,Registered,有形文化財,建造物,building_direct,旧中村研一邸茶室(花侵庵)
official_export_003:37,seismic,13211,小平市,National,Designated,記念物,天然記念物,point,鈴木遺跡
26,seismic,13212,日野市,Tokyo Metropolitan,Designated,有形文化財,建造物,building_direct,金剛寺旧五部権現社殿
136,seismic,13212,日野市,Tokyo Metropolitan,Designated,記念物,史跡,point,日野宿脇本陣跡
188,seismic,13212,日野市,Tokyo Metropolitan,Designated,記念物,旧跡,point,平山季重墓
official_export_001:65,seismic,13212,日野市,National,Designated,有形文化財,建造物,building_direct,金剛寺仁王門
official_export_001:66,seismic,13212,日野市,National,Designated,有形文化財,建造物,building_direct,金剛寺不動堂
official_export_002:171,seismic,13212,日野市,National,Registered,有形文化財,建造物,building_direct,旧農林省蚕糸試験場日野桑園第一蚕室
official_export_002:402,seismic,13212,日野市,National,Registered,有形文化財,建造物,building_direct,日野市立中央図書館
189,seismic,13213,東村山市,Tokyo Metropolitan,Designated,記念物,旧跡,point,久米川古戦場
221,seismic,13213,東村山市,Tokyo Metropolitan,Designated,記念物,天然記念物,point,梅岩寺のケヤキ
132136100001,seismic,13213,東村山市,Municipal,Unknown,民俗文化財,有形民俗文化財,point,貞和の板碑
132136100002,seismic,13213,東村山市,Municipal,Other,記念物,史跡,point,浅間塚 ・ 境塚
132136100003,seismic,13213,東村山市,Municipal,Unknown,記念物,天然記念物,point,万年橋のケヤキ
132136100006,seismic,13213,東村山市,Municipal,Unknown,有形文化財,未細分,point,秋津神社本殿
132136100007,seismic,13213,東村山市,Municipal,Unknown,民俗文化財,有形民俗文化財,point,武藤良由碑
132136100008,seismic,13213,東村山市,Municipal,Unknown,民俗文化財,有形民俗文化財,point,梅岩寺の庚申塔
132136100009,seismic,13213,東村山市,Municipal,Unknown,民俗文化財,有形民俗文化財,point,比 翼 碑 (ひよくひ)
132136100010,seismic,13213,東村山市,Municipal,Unknown,民俗文化財,有形民俗文化財,point,千体小地蔵尊像
132136100011,seismic,13213,東村山市,Municipal,Unknown,有形文化財,未細分,point,千体地蔵堂本尊地蔵菩薩立像
132136100012,seismic,13213,東村山市,Municipal,Other,記念物,旧跡,point,鎌倉古街道
132136100013,seismic,13213,東村山市,Municipal,Unknown,民俗文化財,有形民俗文化財,point,石造延命地蔵立像
132136100014,seismic,13213,東村山市,Municipal,Unknown,民俗文化財,有形民俗文化財,point,一石六地蔵
132136100015,seismic,13213,東村山市,Municipal,Unknown,有形文化財,未細分,point,獣脚付蔵骨器
132136100016,seismic,13213,東村山市,Municipal,Other,記念物,旧跡,point,瓦塔出土地 (がとう)
132136100017,seismic,13213,東村山市,Municipal,Unknown,民俗文化財,有形民俗文化財,point,応永の板碑
132136100018,seismic,13213,東村山市,Municipal,Unknown,民俗文化財,有形民俗文化財,point,新・四国石仏
132136100019,seismic,13213,東村山市,Municipal,Unknown,民俗文化財,有形民俗文化財,point,富田家の宝篋印塔
132136100020,seismic,13213,東村山市,Municipal,Unknown,民俗文化財,有形民俗文化財,point,赤坂の庚申塔付6基
132136100021,seismic,13213,東村山市,Municipal,Unknown,民俗文化財,有形民俗文化財,point,東村山停車場の碑
132136100022,seismic,13213,東村山市,Municipal,Unknown,民俗文化財,有形民俗文化財,point,八坂神社の大獅子頭
132136100023,seismic,13213,東村山市,Municipal,Unknown,民俗文化財,有形民俗文化財,point,白山神社の牛頭天王像
132136100024,seismic,13213,東村山市,Municipal,Unknown,有形文化財,未細分,point,木造薬師如来立像
132136100025,seismic,13213,東村山市,Municipal,Other,記念物,史跡,point,久米川の富士塚
132136100026,seismic,13213,東村山市,Municipal,Unknown,有形文化財,未細分,point,正福寺山門
132136100027,seismic,13213,東村山市,Municipal,Unknown,有形文化財,未細分,point,小町家文書
132136100028,seismic,13213,東村山市,Municipal,Unknown,有形文化財,未細分,point,當麻勉家文書
132136100029,seismic,13213,東村山市,Municipal,Unknown,有形文化財,未細分,point,江藤昌明家文書
132136100030,seismic,13213,東村山市,Municipal,Unknown,有形文化財,未細分,point,下宅部遺跡出土品
132136100031,seismic,13213,東村山市,Municipal,Other,記念物,旧跡,point,東京陸軍少年通信兵学校跡地
132136100032,seismic,13213,東村山市,Municipal,Unknown,有形文化財,未細分,point,熊野神社遺跡出土陶磁器
132136100033,seismic,13213,東村山市,Municipal,Unknown,民俗文化財,有形民俗文化財,point,はなびや人形店押絵羽子板製作関連資料
132136100034,seismic,13213,東村山市,Municipal,Unknown,有形文化財,未細分,point,諏訪神社本殿
132136100035,seismic,13213,東村山市,Municipal,Unknown,有形文化財,未細分,point,笹塚遺跡出土縄文土器
132136100036,seismic,13213,東村山市,National,Designated,未判定,国宝,point,正福寺地蔵堂
132136100037,seismic,13213,東村山市,National,Designated,有形文化財,未細分,point,板碑 元弘三年斎藤盛貞等戦死供養碑
132136100038,seismic,13213,東村山市,National,Designated,有形文化財,未細分,point,東京都下宅部遺跡出土品
132136100039,seismic,13213,東村山市,Tokyo Metropolitan,Unknown,記念物,天然記念物,point,梅岩寺のカヤ
132136100040,seismic,13213,東村山市,Tokyo Metropolitan,Unknown,記念物,天然記念物,point,梅岩寺のケヤキ
132136100041,seismic,13213,東村山市,Tokyo Metropolitan,Unknown,記念物,旧跡,point,久米川古戦場
132136100042,seismic,13213,東村山市,Tokyo Metropolitan,Unknown,記念物,史跡,point,下宅部遺跡
official_export_001:78,seismic,13213,東村山市,National,Designated,有形文化財,建造物,building_direct,正福寺地蔵堂
202,seismic,13214,国分寺市,Tokyo Metropolitan,Designated,記念物,名勝,point,真姿の池湧水群
132144100002,seismic,13214,国分寺市,National,Designated,その他,その他,point,武蔵国分寺跡 附東山道武蔵路跡
132144100003,seismic,13214,国分寺市,National,Designated,その他,その他,point,武蔵多喜窪遺跡第一号住居跡出土品
132144100004,seismic,13214,国分寺市,National,Designated,その他,その他,point,殿ヶ谷戸庭園 (随冝園)
132144100006,seismic,13214,国分寺市,National,Registered,有形文化財,建造物,building_direct,沖本家住宅洋館
132144100007,seismic,13214,国分寺市,National,Registered,有形文化財,建造物,building_direct,沖本家住宅和館
132144100009,seismic,13214,国分寺市,Tokyo Metropolitan,Designated,その他,その他,point,武蔵国分寺跡出土の緑釉花文皿
132144100010,seismic,13214,国分寺市,Tokyo Metropolitan,Designated,その他,その他,point,唐草四獣文銅蓋
132144100011,seismic,13214,国分寺市,Tokyo Metropolitan,Designated,その他,その他,point,真姿の池湧水群
132144100012,seismic,13214,国分寺市,Municipal,Designated,有形文化財,建造物,building_direct,川崎・伊奈両代官謝恩塔
132144100013,seismic,13214,国分寺市,Municipal,Designated,有形文化財,建造物,building_direct,国分寺仁王門
132144100014,seismic,13214,国分寺市,Municipal,Designated,その他,その他,point,国分寺所蔵資料(旧国分寺市文化財保存館資料)
132144100015,seismic,13214,国分寺市,Municipal,Designated,その他,その他,point,土師竪穴住居跡
132144100016,seismic,13214,国分寺市,Municipal,Designated,その他,その他,point,万葉植物園
132144100017,seismic,13214,国分寺市,Municipal,Designated,その他,その他,point,国分寺のコウヤマキ
132144100018,seismic,13214,国分寺市,Municipal,Designated,その他,その他,point,祥応寺のコノテガシワ
132144100019,seismic,13214,国分寺市,Municipal,Designated,有形文化財,建造物,building_direct,国分寺薬師堂
132144100020,seismic,13214,国分寺市,Municipal,Designated,有形文化財,建造物,building_direct,国分寺楼門
132144100021,seismic,13214,国分寺市,Municipal,Designated,その他,その他,point,本多良雄家古文書
132144100022,seismic,13214,国分寺市,Municipal,Designated,その他,その他,point,戸倉義助家古文書
132144100023,seismic,13214,国分寺市,Municipal,Designated,その他,その他,point,元文元年野中新田検地帳
132144100024,seismic,13214,国分寺市,Municipal,Designated,その他,その他,point,武蔵野新田養料金一件始末書
132144100025,seismic,13214,国分寺市,Municipal,Designated,その他,その他,point,南北武蔵野新田養料金始末書
132144100026,seismic,13214,国分寺市,Municipal,Designated,その他,その他,point,村巨細日記
132144100027,seismic,13214,国分寺市,Municipal,Designated,その他,その他,point,武蔵野 新田成立期の御用留
132144100028,seismic,13214,国分寺市,Municipal,Designated,その他,その他,point,徳川将軍家寺領安堵朱印状
132144100029,seismic,13214,国分寺市,Municipal,Designated,その他,その他,point,伝鎌倉街道
132144100030,seismic,13214,国分寺市,Municipal,Designated,その他,その他,point,立川ローム層第X層出土石斧群
132144100031,seismic,13214,国分寺市,Municipal,Designated,その他,その他,point,川崎平右衛門及び観音寺中興開山供養塔
132144100032,seismic,13214,国分寺市,Municipal,Designated,その他,その他,point,疫病神の詫び証文
132144100033,seismic,13214,国分寺市,Municipal,Designated,その他,その他,point,硬玉製大珠
132144100034,seismic,13214,国分寺市,Municipal,Designated,その他,その他,point,木造書見台 墨書銘 「弘治二年 」
132144100035,seismic,13214,国分寺市,Municipal,Designated,有形文化財,建造物,building_direct,旧本多家住宅長屋門
132144100036,seismic,13214,国分寺市,Municipal,Designated,有形文化財,建造物,building_direct,旧 本多家住宅倉
132144100037,seismic,13214,国分寺市,Municipal,Designated,その他,その他,point,武蔵国分寺跡出土の小型海獣葡萄鏡
132144100038,seismic,13214,国分寺市,Municipal,Designated,その他,その他,point,武蔵国分寺跡出土の金銅製円形飾金具
132144100039,seismic,13214,国分寺市,Municipal,Designated,その他,その他,point,本多八幡神社の力石
132144100040,seismic,13214,国分寺市,Municipal,Designated,その他,その他,point,西町五丁目の旧屋敷林
132144100041,seismic,13214,国分寺市,Municipal,Designated,その他,その他,point,恋ヶ窪村分水
132144100042,seismic,13214,国分寺市,Municipal,Designated,その他,その他,point,本多八幡神社神輿
132144100043,seismic,13214,国分寺市,Municipal,Designated,その他,その他,point,中藤新田分水跡
official_export_002:70,seismic,13214,国分寺市,National,Registered,有形文化財,建造物,building_direct,沖本家住宅洋館
official_export_002:71,seismic,13214,国分寺市,National,Registered,有形文化財,建造物,building_direct,沖本家住宅和館
official_export_003:51,seismic,13214,国分寺市,National,Designated,記念物,天然記念物,point,殿ヶ谷戸庭園(随冝園)
official_export_003:67,seismic,13214,国分寺市,National,Designated,記念物,天然記念物,point,武蔵国分寺跡 附東山道武蔵路跡
190,seismic,13215,国立市,Tokyo Metropolitan,Designated,記念物,旧跡,point,伊藤単朴墓
191,seismic,13215,国立市,Tokyo Metropolitan,Designated,記念物,旧跡,point,三田氏館跡
222,seismic,13215,国立市,Tokyo Metropolitan,Designated,記念物,天然記念物,point,谷保天満宮社叢
132152100005,seismic,13215,国立市,National,Registered,有形文化財,未細分,building_direct,一橋大学兼松講堂
132152100006,seismic,13215,国立市,National,Registered,有形文化財,未細分,building_direct,一橋大学旧門衛所
132152100007,seismic,13215,国立市,National,Registered,有形文化財,未細分,building_direct,一橋大学東本館
132152100008,seismic,13215,国立市,National,Registered,有形文化財,未細分,building_direct,滝乃川学園本館
132152100009,seismic,13215,国立市,Tokyo Metropolitan,Designated,記念物,天然記念物,point,谷保天満宮社叢
132152100010,seismic,13215,国立市,Tokyo Metropolitan,Designated,記念物,旧跡,point,三田氏館跡
132152100011,seismic,13215,国立市,Tokyo Metropolitan,Designated,記念物,旧跡,point,伊藤単朴の墓
132152100012,seismic,13215,国立市,Tokyo Metropolitan,Designated,有形文化財,未細分,building_direct,旧本田家住宅主屋・表門
132152100013,seismic,13215,国立市,Municipal,Designated,有形文化財,未細分,building_direct,谷保天満宮本殿附棟札
132152100014,seismic,13215,国立市,Municipal,Designated,有形文化財,未細分,building_direct,谷保天満宮拝殿
132152100015,seismic,13215,国立市,Municipal,Designated,無形文化財,未細分,point,谷保天満宮獅子舞
132152100020,seismic,13215,国立市,Municipal,Designated,有形文化財,未細分,building_direct,南養寺本堂
132152100022,seismic,13215,国立市,Municipal,Designated,有形文化財,未細分,building_direct,南養寺総門
132152100023,seismic,13215,国立市,Municipal,Designated,有形文化財,未細分,building_direct,南養寺鐘楼
132152100026,seismic,13215,国立市,Municipal,Designated,有形文化財,未細分,point,古民家(旧柳澤家住宅)
132152100030,seismic,13215,国立市,Municipal,Designated,記念物,史跡,point,下谷保一号墳
132152100031,seismic,13215,国立市,Municipal,Designated,有形文化財,未細分,building_direct,旧国立駅舎
132152100035,seismic,13215,国立市,Municipal,Registered,有形文化財,未細分,building_direct,青柳稲荷神社本殿
132152100036,seismic,13215,国立市,Municipal,Registered,有形文化財,未細分,building_direct,滝乃川学園礼拝堂
132152100037,seismic,13215,国立市,Municipal,Registered,有形文化財,未細分,building_direct,谷保天満宮末社厳島神社附棟札
132152100038,seismic,13215,国立市,Municipal,Registered,有形文化財,未細分,building_direct,谷保天満宮神楽殿附棟札
132152100040,seismic,13215,国立市,Municipal,Registered,有形文化財,未細分,building_direct,滝乃川学園鐘楼附鐘
132152100041,seismic,13215,国立市,Municipal,Registered,有形文化財,未細分,building_direct,旧野島家住宅
132152100070,seismic,13215,国立市,Municipal,Registered,有形文化財,未細分,point,甲野勇氏資料
132152100071,seismic,13215,国立市,Municipal,Registered,有形文化財,未細分,point,神奈川県庁測定石
132152100072,seismic,13215,国立市,Municipal,Registered,有形文化財,未細分,point,久保の地蔵菩薩像
132152100073,seismic,13215,国立市,Municipal,Registered,有形文化財,未細分,point,千手観音供養塔
132152100074,seismic,13215,国立市,Municipal,Registered,有形文化財,未細分,point,血文阿弥陀如来石塔
132152100075,seismic,13215,国立市,Municipal,Registered,有形文化財,未細分,point,融通念仏盟約塔
132152100076,seismic,13215,国立市,Municipal,Registered,有形文化財,未細分,point,五智如来(像塔・文字塔)
132152100077,seismic,13215,国立市,Municipal,Registered,有形文化財,未細分,point,常夜燈(下谷保)
132152100078,seismic,13215,国立市,Municipal,Registered,有形文化財,未細分,point,常夜燈(久保)
132152100079,seismic,13215,国立市,Municipal,Registered,有形文化財,未細分,point,常夜燈(青柳)
132152100080,seismic,13215,国立市,Municipal,Registered,有形文化財,未細分,point,高札
132152100081,seismic,13215,国立市,Municipal,Registered,有形文化財,未細分,point,延文の板碑
132152100082,seismic,13215,国立市,Municipal,Registered,有形文化財,未細分,point,滝の院板碑
132152100083,seismic,13215,国立市,Municipal,Registered,有形文化財,未細分,point,滝の院庚申塔
132152100084,seismic,13215,国立市,Municipal,Registered,有形文化財,未細分,point,江戸街道庚申塔
132152100085,seismic,13215,国立市,Municipal,Registered,有形文化財,未細分,point,本田道庚申塔
132152100086,seismic,13215,国立市,Municipal,Registered,有形文化財,未細分,point,谷保天満宮燈籠
132152100087,seismic,13215,国立市,Municipal,Registered,有形文化財,未細分,point,滝の院不動明王
132152100088,seismic,13215,国立市,Municipal,Registered,有形文化財,未細分,point,遠藤由晴墓
132152100089,seismic,13215,国立市,Municipal,Registered,有形文化財,未細分,point,筆塚
132152100090,seismic,13215,国立市,Municipal,Registered,有形文化財,未細分,point,廻国供養石燈籠
132152100091,seismic,13215,国立市,Municipal,Registered,有形文化財,未細分,point,アップライトピアノ
132152100092,seismic,13215,国立市,Municipal,Registered,有形文化財,未細分,point,谷保天満宮略縁記版木・典籍
132152100093,seismic,13215,国立市,Municipal,Registered,有形文化財,未細分,point,聖観音立像(墓塔)
132152100094,seismic,13215,国立市,Municipal,Registered,有形文化財,未細分,point,石橋供養塔(滝之院)
132152100095,seismic,13215,国立市,Municipal,Registered,有形文化財,未細分,point,石橋供養塔(青柳)
132152100096,seismic,13215,国立市,Municipal,Registered,有形文化財,未細分,point,石橋供養塔(矢川橋)
132152100097,seismic,13215,国立市,Municipal,Registered,有形文化財,未細分,point,馬頭観音塔(滝之院・寛政元年在銘)
132152100098,seismic,13215,国立市,Municipal,Registered,有形文化財,未細分,point,馬頭観音塔(青柳・嘉永二年在銘)
132152100099,seismic,13215,国立市,Municipal,Registered,有形文化財,未細分,point,馬頭観音塔(滝之院・文久二年在銘)
132152100100,seismic,13215,国立市,Municipal,Registered,有形文化財,未細分,point,勅許御鋳師文書箱
132152100101,seismic,13215,国立市,Municipal,Registered,有形文化財,未細分,point,手水石(安政三年在銘)
132152100102,seismic,13215,国立市,Municipal,Registered,有形文化財,未細分,point,廻国供養塔(正徳二年在銘)
132152100103,seismic,13215,国立市,Municipal,Registered,有形文化財,未細分,point,廻国供養塔(正徳六年在銘)
132152100106,seismic,13215,国立市,Municipal,Registered,有形文化財,未細分,point,有栖川宮威仁親王殿下台臨記念碑
132152100107,seismic,13215,国立市,Municipal,Registered,有形文化財,未細分,point,孝林道人詩碑
132152100108,seismic,13215,国立市,Municipal,Registered,有形文化財,未細分,point,三郎殿
132152100109,seismic,13215,国立市,Municipal,Registered,有形文化財,未細分,point,獅子神社
132152100110,seismic,13215,国立市,Municipal,Registered,有形文化財,未細分,point,馬頭観音塔(安政五年在銘)
132152100114,seismic,13215,国立市,Municipal,Registered,有形文化財,未細分,point,坂下ほうぞう倉共同用具
132152100115,seismic,13215,国立市,Municipal,Registered,有形文化財,未細分,point,祭礼幟旗
132152100119,seismic,13215,国立市,Municipal,Registered,有形文化財,未細分,point,清水の立場(茶屋跡)
official_export_002:300,seismic,13215,国立市,National,Registered,有形文化財,建造物,building_direct,滝乃川学園本館
official_export_002:399,seismic,13215,国立市,National,Registered,有形文化財,建造物,building_direct,一橋大学兼松講堂
official_export_002:400,seismic,13215,国立市,National,Registered,有形文化財,建造物,building_direct,一橋大学旧門衛所
official_export_002:401,seismic,13215,国立市,National,Registered,有形文化財,建造物,building_direct,一橋大学東本館
27,seismic,13218,福生市,Tokyo Metropolitan,Designated,有形文化財,建造物,building_direct,熊川神社本殿
official_export_002:20,seismic,13218,福生市,National,Registered,有形文化財,建造物,building_direct,石川酒造雑蔵
official_export_002:21,seismic,13218,福生市,National,Registered,有形文化財,建造物,building_direct,石川酒造新蔵
official_export_002:22,seismic,13218,福生市,National,Registered,有形文化財,建造物,building_direct,石川酒造長屋門
official_export_002:23,seismic,13218,福生市,National,Registered,有形文化財,建造物,building_direct,石川酒造文庫蔵
official_export_002:24,seismic,13218,福生市,National,Registered,有形文化財,建造物,building_direct,石川酒造本蔵
official_export_002:25,seismic,13218,福生市,National,Registered,有形文化財,建造物,building_direct,石川酒造向蔵
official_export_002:184,seismic,13218,福生市,National,Registered,有形文化財,建造物,building_direct,旧ヤマジュウ田村家住宅主屋
official_export_002:185,seismic,13218,福生市,National,Registered,有形文化財,建造物,building_direct,旧ヤマジュウ田村家住宅西土蔵
official_export_002:186,seismic,13218,福生市,National,Registered,有形文化財,建造物,building_direct,旧ヤマジュウ田村家住宅東土蔵
official_export_002:306,seismic,13218,福生市,National,Registered,有形文化財,建造物,building_direct,田村酒造石垣
official_export_002:307,seismic,13218,福生市,National,Registered,有形文化財,建造物,building_direct,田村酒造旧水車小屋及び脇蔵
official_export_002:308,seismic,13218,福生市,National,Registered,有形文化財,建造物,building_direct,田村酒造酒造蔵
official_export_002:309,seismic,13218,福生市,National,Registered,有形文化財,建造物,building_direct,田村酒造雑蔵
official_export_002:310,seismic,13218,福生市,National,Registered,有形文化財,建造物,building_direct,田村酒造前蔵
192,seismic,13219,狛江市,Tokyo Metropolitan,Designated,記念物,旧跡,point,玉川碑跡
1.32209E+11,seismic,13220,東大和市,Tokyo Metropolitan,Unknown,有形文化財,建造物,building_direct,豊鹿島神社本殿(附棟札)
official_export_002:187,seismic,13220,東大和市,National,Registered,有形文化財,建造物,building_direct,旧吉岡家住宅蔵
official_export_002:188,seismic,13220,東大和市,National,Registered,有形文化財,建造物,building_direct,旧吉岡家住宅主屋兼アトリエ
official_export_002:189,seismic,13220,東大和市,National,Registered,有形文化財,建造物,building_direct,旧吉岡家住宅中門
official_export_002:190,seismic,13220,東大和市,National,Registered,有形文化財,建造物,building_direct,旧吉岡家住宅長屋門
108,seismic,13221,清瀬市,Tokyo Metropolitan,Designated,民俗文化財,有形民俗文化財,point,中里の富士塚
110,seismic,13221,清瀬市,Tokyo Metropolitan,Designated,民俗文化財,無形民俗文化財(風俗慣習),point,清瀬市下宿の「ふせぎ」行事
137,seismic,13222,東久留米市,Tokyo Metropolitan,Designated,記念物,史跡,point,新山遺跡
138,seismic,13222,東久留米市,Tokyo Metropolitan,Designated,記念物,史跡,point,下里本邑遺跡
139,seismic,13222,東久留米市,Tokyo Metropolitan,Designated,記念物,史跡,point,久喜藩主・長瀞藩主 米津家墓所
132000000000.0,seismic,13222,東久留米市,Municipal,Unknown,民俗文化財,無形民俗文化財,point,南沢獅子舞
official_export_002:438,seismic,13222,東久留米市,National,Registered,有形文化財,建造物,building_direct,村野家住宅穀蔵
official_export_002:439,seismic,13222,東久留米市,National,Registered,有形文化財,建造物,building_direct,村野家住宅主屋
official_export_002:440,seismic,13222,東久留米市,National,Registered,有形文化財,建造物,building_direct,村野家住宅新蔵
official_export_002:441,seismic,13222,東久留米市,National,Registered,有形文化財,建造物,building_direct,村野家住宅中雀門
official_export_002:442,seismic,13222,東久留米市,National,Registered,有形文化財,建造物,building_direct,村野家住宅土蔵
official_export_002:443,seismic,13222,東久留米市,National,Registered,有形文化財,建造物,building_direct,村野家住宅離れ
official_export_002:444,seismic,13222,東久留米市,National,Registered,有形文化財,建造物,building_direct,村野家住宅薬医門
103,seismic,13223,武蔵村山市,Tokyo Metropolitan,Designated,無形文化財,工芸技術,point,村山大島紬 (板締絹絣織)
140,seismic,13224,多摩市,Tokyo Metropolitan,Designated,記念物,史跡,point,稲荷塚古墳
141,seismic,13224,多摩市,Tokyo Metropolitan,Designated,記念物,史跡,point,霞ノ関南木戸柵跡
142,seismic,13224,多摩市,Tokyo Metropolitan,Designated,記念物,史跡,point,多摩ニュータウンNo.57遺跡
223,seismic,13224,多摩市,Tokyo Metropolitan,Designated,記念物,天然記念物,point,平久保のシイ
official_export_002:109,seismic,13224,多摩市,National,Registered,有形文化財,建造物,building_direct,川井家住宅主屋
official_export_002:146,seismic,13224,多摩市,National,Registered,有形文化財,建造物,building_direct,旧川井家住宅土蔵
official_export_002:163,seismic,13224,多摩市,National,Registered,有形文化財,建造物,building_direct,旧辻󠄀陶房主屋兼作業場
official_export_002:164,seismic,13224,多摩市,National,Registered,有形文化財,建造物,building_direct,旧辻󠄀陶房登り窯
224,seismic,13225,稲城市,Tokyo Metropolitan,Designated,記念物,天然記念物,point,高勝寺のカヤ
28,seismic,13227,羽村市,Tokyo Metropolitan,Designated,有形文化財,建造物,building_direct,阿蘇神社本殿
225,seismic,13227,羽村市,Tokyo Metropolitan,Designated,記念物,天然記念物,point,阿蘇神社のシイ
official_export_002:431,seismic,13227,羽村市,National,Registered,有形文化財,建造物,building_direct,宮川家住宅主屋
official_export_002:432,seismic,13227,羽村市,National,Registered,有形文化財,建造物,building_direct,宮川家住宅納屋
29,seismic,13228,あきる野市,Tokyo Metropolitan,Designated,有形文化財,建造物,building_direct,真照寺薬師堂
104,seismic,13228,あきる野市,Tokyo Metropolitan,Designated,無形文化財,工芸技術,point,軍道紙
143,seismic,13228,あきる野市,Tokyo Metropolitan,Designated,記念物,史跡,point,瀬戸岡古墳群
144,seismic,13228,あきる野市,Tokyo Metropolitan,Designated,記念物,史跡,point,戸倉城跡
145,seismic,13228,あきる野市,Tokyo Metropolitan,Designated,記念物,史跡,point,広徳寺境域
147,seismic,13228,あきる野市,Tokyo Metropolitan,Designated,記念物,史跡,point,前田耕地遺跡
193,seismic,13228,あきる野市,Tokyo Metropolitan,Designated,記念物,旧跡,point,二宮神社並びに城跡
226,seismic,13228,あきる野市,Tokyo Metropolitan,Designated,記念物,天然記念物,point,広徳寺のタラヨウ
227,seismic,13228,あきる野市,Tokyo Metropolitan,Designated,記念物,天然記念物,point,広徳寺のカヤ
228,seismic,13228,あきる野市,Tokyo Metropolitan,Designated,記念物,天然記念物,point,南沢の鳥ノ巣石灰岩産地
229,seismic,13228,あきる野市,Tokyo Metropolitan,Designated,記念物,天然記念物,point,光厳寺のヤマザクラ
230,seismic,13228,あきる野市,Tokyo Metropolitan,Designated,記念物,天然記念物,point,地蔵院のカゴノキ
31,seismic,13228,あきる野市,Tokyo Metropolitan,Designated,記念物,天然記念物,point,大岳鍾乳洞
32,seismic,13228,あきる野市,Tokyo Metropolitan,Designated,記念物,天然記念物,point,南沢の鳥ノ巣石灰岩産地
33,seismic,13228,あきる野市,Tokyo Metropolitan,Designated,記念物,天然記念物,point,六枚屏風岩
34,seismic,13228,あきる野市,Tokyo Metropolitan,Designated,記念物,天然記念物,point,慈勝寺のモッコク
35,seismic,13228,あきる野市,Tokyo Metropolitan,Designated,記念物,天然記念物,point,光厳寺のヤマザクラ
36,seismic,13228,あきる野市,Tokyo Metropolitan,Designated,記念物,天然記念物,point,地蔵院のカゴノキ
37,seismic,13228,あきる野市,Municipal,Designated,有形文化財,未細分,building_direct,広徳寺総門
38,seismic,13228,あきる野市,Municipal,Designated,有形文化財,未細分,building_direct,広徳寺山門
39,seismic,13228,あきる野市,Municipal,Designated,有形文化財,未細分,building_direct,開光院本堂・庫裏
40,seismic,13228,あきる野市,Municipal,Designated,有形文化財,未細分,building_direct,三島神社本殿
41,seismic,13228,あきる野市,Municipal,Designated,有形文化財,未細分,building_direct,武多摩神社本殿
42,seismic,13228,あきる野市,Municipal,Designated,有形文化財,未細分,building_direct,八雲神社の五輪塔
43,seismic,13228,あきる野市,Municipal,Designated,有形文化財,未細分,building_direct,花蔵院の山門
44,seismic,13228,あきる野市,Municipal,Designated,有形文化財,未細分,building_direct,真照寺の山門
45,seismic,13228,あきる野市,Municipal,Designated,有形文化財,未細分,building_direct,福徳寺の山門
46,seismic,13228,あきる野市,Municipal,Designated,有形文化財,未細分,building_direct,大悲願寺観音堂
47,seismic,13228,あきる野市,Municipal,Designated,有形文化財,未細分,building_direct,大悲願寺楼門(仁王門)
48,seismic,13228,あきる野市,Municipal,Designated,有形文化財,未細分,building_direct,大悲願寺中門(朱雀門)
49,seismic,13228,あきる野市,Municipal,Designated,有形文化財,未細分,building_direct,旧市倉家住宅
50,seismic,13228,あきる野市,Municipal,Designated,有形文化財,未細分,building_direct,二宮神社本殿
51,seismic,13228,あきる野市,Municipal,Designated,有形文化財,未細分,building_direct,二宮神社宮殿
52,seismic,13228,あきる野市,Municipal,Designated,有形文化財,未細分,building_direct,雨武主神社本殿
53,seismic,13228,あきる野市,Municipal,Designated,有形文化財,未細分,building_direct,子生神社本殿
54,seismic,13228,あきる野市,Municipal,Designated,有形文化財,未細分,building_direct,森山神社本殿
88,seismic,13228,あきる野市,Municipal,Designated,有形文化財,未細分,point,瑞雲寺板碑
89,seismic,13228,あきる野市,Municipal,Designated,有形文化財,未細分,point,大悲願寺井戸枠
90,seismic,13228,あきる野市,Municipal,Designated,有形文化財,未細分,point,ところ芋の碑
91,seismic,13228,あきる野市,Municipal,Designated,有形文化財,未細分,point,百番供養塔
92,seismic,13228,あきる野市,Municipal,Designated,有形文化財,未細分,point,御嶽神社の懸仏
99,seismic,13228,あきる野市,Municipal,Designated,民俗文化財,有形民俗文化財,point,珠陽院の巳待供養塔
146,seismic,13228,あきる野市,Municipal,Designated,記念物,天然記念物,point,山抱きの大カシ(ウラジロガシ)
149,seismic,13228,あきる野市,National,Registered,有形文化財,未細分,building_direct,森田家住宅前の蔵
150,seismic,13228,あきる野市,National,Registered,有形文化財,未細分,building_direct,森田家住宅味噌蔵
151,seismic,13228,あきる野市,National,Registered,有形文化財,未細分,building_direct,森田家住宅西蔵
153,seismic,13228,あきる野市,National,Registered,有形文化財,未細分,building_direct,森田家住宅御看経堂
official_export_002:445,seismic,13228,あきる野市,National,Registered,有形文化財,建造物,building_direct,森田家住宅板塀
official_export_002:446,seismic,13228,あきる野市,National,Registered,有形文化財,建造物,building_direct,森田家住宅御看経堂
official_export_002:447,seismic,13228,あきる野市,National,Registered,有形文化財,建造物,building_direct,森田家住宅旧米蔵
official_export_002:448,seismic,13228,あきる野市,National,Registered,有形文化財,建造物,building_direct,森田家住宅主屋
official_export_002:449,seismic,13228,あきる野市,National,Registered,有形文化財,建造物,building_direct,森田家住宅西蔵
official_export_002:450,seismic,13228,あきる野市,National,Registered,有形文化財,建造物,building_direct,森田家住宅前の蔵
official_export_002:451,seismic,13228,あきる野市,National,Registered,有形文化財,建造物,building_direct,森田家住宅見世蔵
official_export_002:452,seismic,13228,あきる野市,National,Registered,有形文化財,建造物,building_direct,森田家住宅味噌蔵
official_export_002:453,seismic,13228,あきる野市,National,Registered,有形文化財,建造物,building_direct,森田家住宅門
official_export_003:54,seismic,13228,あきる野市,National,Designated,記念物,天然記念物,point,西秋留石器時代住居跡
official_export_002:240,seismic,13229,西東京市,National,Registered,有形文化財,建造物,building_direct,小宮家住宅主屋
official_export_002:252,seismic,13229,西東京市,National,Registered,有形文化財,建造物,building_direct,下田家住宅主屋
official_export_002:253,seismic,13229,西東京市,National,Registered,有形文化財,建造物,building_direct,下田家住宅文庫蔵
official_export_002:290,seismic,13229,西東京市,National,Registered,有形文化財,建造物,building_direct,髙橋家住宅衣装蔵
official_export_002:291,seismic,13229,西東京市,National,Registered,有形文化財,建造物,building_direct,髙橋家住宅表門
official_export_002:292,seismic,13229,西東京市,National,Registered,有形文化財,建造物,building_direct,髙橋家住宅主屋
official_export_002:293,seismic,13229,西東京市,National,Registered,有形文化財,建造物,building_direct,髙橋家住宅土蔵
official_export_002:294,seismic,13229,西東京市,National,Registered,有形文化財,建造物,building_direct,髙橋家住宅納屋
official_export_002:304,seismic,13229,西東京市,National,Registered,有形文化財,建造物,building_direct,田無神社参集殿
official_export_003:32,seismic,13229,西東京市,National,Designated,記念物,天然記念物,point,下野谷遺跡
official_export_003:28,seismic,13305,日の出町,National,Designated,記念物,天然記念物,point,幸神神社のシダレアカシデ
203,seismic,13307,檜原村,Tokyo Metropolitan,Designated,記念物,名勝,point,三頭大滝
official_export_001:64,seismic,13307,檜原村,National,Designated,有形文化財,建造物,building_direct,小林家住宅(東京都西多摩郡檜原村)
official_export_002:162,seismic,13307,檜原村,National,Registered,有形文化財,建造物,building_direct,旧高橋家住宅主屋
official_export_002:254,seismic,13307,檜原村,National,Registered,有形文化財,建造物,building_direct,蛇の湯温泉たから荘
official_export_002:373,seismic,13307,檜原村,National,Registered,有形文化財,建造物,building_direct,中村家住宅主屋
official_export_002:429,seismic,13307,檜原村,National,Registered,有形文化財,建造物,building_direct,峯岸家住宅主屋
30,seismic,13228,あきる野市,Tokyo Metropolitan,Designated,記念物,天然記念物,point,広徳寺のカヤ
100,seismic,13228,あきる野市,Municipal,Designated,民俗文化財,有形民俗文化財,point,五日市の市神様
101,seismic,13228,あきる野市,Municipal,Designated,民俗文化財,有形民俗文化財,point,二宮神社の算額絵馬
102,seismic,13228,あきる野市,Municipal,Designated,民俗文化財,無形民俗文化財,point,鹿島流引田獅子舞
111,seismic,13228,あきる野市,Municipal,Designated,民俗文化財,無形民俗文化財,point,草花ばやし
148,seismic,13228,あきる野市,National,Registered,有形文化財,未細分,building_direct,森田家住宅見世蔵
152,seismic,13228,あきる野市,National,Registered,有形文化財,未細分,building_direct,森田家住宅旧米蔵
233,seismic,13361,大島町,Tokyo Metropolitan,Designated,記念物,天然記念物,point,差木地の大クス
234,seismic,13361,大島町,Tokyo Metropolitan,Designated,記念物,天然記念物,point,野増大宮のシイ樹叢
235,seismic,13361,大島町,Tokyo Metropolitan,Designated,記念物,天然記念物,point,おたいね浦の岩脈と筆島
236,seismic,13361,大島町,Tokyo Metropolitan,Designated,記念物,天然記念物,point,春日神社のイヌマキ群叢
official_export_003:6,seismic,13361,大島町,National,Designated,記念物,天然記念物,point,大島海浜植物群落
official_export_003:7,seismic,13361,大島町,National,Designated,記念物,天然記念物,point,大島のサクラ株
official_export_003:31,seismic,13361,大島町,National,Designated,記念物,天然記念物,point,シイノキ山のシイノキ群叢
official_export_002:7,seismic,13362,利島村,National,Registered,有形文化財,建造物,building_direct,阿豆佐和気命神社旧本殿
official_export_002:49,seismic,13363,新島村,National,Registered,有形文化財,建造物,building_direct,梅田家(沖五郎)住宅石倉及び外便所
official_export_002:130,seismic,13363,新島村,National,Registered,有形文化財,建造物,building_direct,紀野家住宅主屋
official_export_002:131,seismic,13363,新島村,National,Registered,有形文化財,建造物,building_direct,紀野家住宅釜屋形
official_export_002:177,seismic,13363,新島村,National,Registered,有形文化財,建造物,building_direct,旧前田家(キンデー)住宅釜屋形
official_export_002:224,seismic,13363,新島村,National,Registered,有形文化財,建造物,building_direct,小久保家住宅主屋
official_export_002:416,seismic,13363,新島村,National,Registered,有形文化財,建造物,building_direct,前田家住宅外便所
237,seismic,13381,三宅村,Tokyo Metropolitan,Designated,記念物,天然記念物,point,堂山のシイ
238,seismic,13381,三宅村,Tokyo Metropolitan,Designated,記念物,天然記念物,point,ビャクシン
194,seismic,13401,八丈町,Unknown,Unknown,未判定,未細分,point,近藤守真墓
154,fire,13101,千代田区,Tokyo Metropolitan,Designated,記念物,旧跡,point,将門塚
official_export_001:11,fire,13101,千代田区,National,Designated,有形文化財,建造物,building_direct,旧江戸城清水門
official_export_001:12,fire,13101,千代田区,National,Designated,有形文化財,建造物,building_direct,旧江戸城清水門
official_export_001:13,fire,13101,千代田区,National,Designated,有形文化財,建造物,building_direct,旧江戸城外桜田門
official_export_001:14,fire,13101,千代田区,National,Designated,有形文化財,建造物,building_direct,旧江戸城田安門
official_export_001:34,fire,13101,千代田区,National,Designated,有形文化財,建造物,building_direct,旧江戸城外桜田門
official_export_001:35,fire,13101,千代田区,National,Designated,有形文化財,建造物,building_direct,旧江戸城田安門
official_export_001:63,fire,13101,千代田区,National,Designated,有形文化財,建造物,building_direct,旧近衛師団司令部庁舎
official_export_001:80,fire,13101,千代田区,National,Designated,有形文化財,建造物,building_direct,水準原点
official_export_001:103,fire,13101,千代田区,National,Designated,有形文化財,建造物,building_direct,東京駅丸ノ内本屋
official_export_001:114,fire,13101,千代田区,National,Designated,有形文化財,建造物,building_direct,日本ハリストス正教会教団
official_export_001:115,fire,13101,千代田区,National,Designated,有形文化財,建造物,building_direct,日本ハリストス正教会教団
official_export_001:116,fire,13101,千代田区,National,Designated,有形文化財,建造物,building_direct,日本ハリストス正教会教団
official_export_001:117,fire,13101,千代田区,National,Designated,有形文化財,建造物,building_direct,日本ハリストス正教会教団
official_export_001:118,fire,13101,千代田区,National,Designated,有形文化財,建造物,building_direct,日本ハリストス正教会教団
official_export_001:130,fire,13101,千代田区,National,Designated,有形文化財,建造物,building_direct,法務省旧本館
official_export_001:192,fire,13101,千代田区,National,Designated,有形文化財,建造物,building_direct,明治生命保険相互会社本社本館
official_export_002:81,fire,13101,千代田区,National,Registered,有形文化財,建造物,building_direct,学士会館
official_export_002:100,fire,13101,千代田区,National,Registered,有形文化財,建造物,building_direct,カトリック神田教会聖堂
official_export_002:116,fire,13101,千代田区,National,Registered,有形文化財,建造物,building_direct,神田神社神饌所
official_export_002:117,fire,13101,千代田区,National,Registered,有形文化財,建造物,building_direct,神田神社西門
official_export_002:118,fire,13101,千代田区,National,Registered,有形文化財,建造物,building_direct,神田神社拝殿
official_export_002:119,fire,13101,千代田区,National,Registered,有形文化財,建造物,building_direct,神田神社東門
official_export_002:120,fire,13101,千代田区,National,Registered,有形文化財,建造物,building_direct,神田神社幣殿
official_export_002:121,fire,13101,千代田区,National,Registered,有形文化財,建造物,building_direct,神田神社宝庫
official_export_002:122,fire,13101,千代田区,National,Registered,有形文化財,建造物,building_direct,神田神社本殿
official_export_002:123,fire,13101,千代田区,National,Registered,有形文化財,建造物,building_direct,神田神社瑞垣
official_export_002:153,fire,13101,千代田区,National,Registered,有形文化財,建造物,building_direct,旧九段会館
official_export_002:181,fire,13101,千代田区,National,Registered,有形文化財,建造物,building_direct,旧文部省庁舎
official_export_002:182,fire,13101,千代田区,National,Registered,有形文化財,建造物,building_direct,旧山口萬吉邸主屋
official_export_002:183,fire,13101,千代田区,National,Registered,有形文化財,建造物,building_direct,旧山口萬吉邸門及び塀
official_export_002:287,fire,13101,千代田区,National,Registered,有形文化財,建造物,building_direct,太洋ビルディング(丸石ビルディング)
official_export_002:297,fire,13101,千代田区,National,Registered,有形文化財,建造物,building_direct,高畠家住宅主屋
official_export_002:298,fire,13101,千代田区,National,Registered,有形文化財,建造物,building_direct,高畠家住宅正門
official_export_002:299,fire,13101,千代田区,National,Registered,有形文化財,建造物,building_direct,高畠家住宅塀及び石垣
official_export_002:359,fire,13101,千代田区,National,Registered,有形文化財,建造物,building_direct,東京地下鉄丸ノ内線御茶ノ水橋梁
official_export_002:360,fire,13101,千代田区,National,Registered,有形文化財,建造物,building_direct,東京地下鉄丸ノ内線四ツ谷跨線橋
official_export_002:384,fire,13101,千代田区,National,Registered,有形文化財,建造物,building_direct,日本工業倶楽部会館
official_export_002:422,fire,13101,千代田区,National,Registered,有形文化財,建造物,building_direct,松本家住宅主屋
official_export_002:460,fire,13101,千代田区,National,Registered,有形文化財,建造物,building_direct,山本歯科医院
official_export_003:3,fire,13101,千代田区,National,Designated,記念物,天然記念物,point,江戸城跡
official_export_003:4,fire,13101,千代田区,National,Designated,記念物,天然記念物,point,江戸城跡のヒカリゴケ生育地
official_export_003:5,fire,13101,千代田区,National,Designated,記念物,天然記念物,point,江戸城外堀跡
official_export_003:50,fire,13101,千代田区,National,Designated,記念物,天然記念物,point,常盤橋門跡
93,fire,13102,中央区,Tokyo Metropolitan,Designated,有形文化財,歴史資料,point,一石橋迷子しらせ石標
131024000000.0,fire,13102,中央区,Municipal,Designated,有形文化財,建造物,building_direct,明治屋京橋ビル
official_export_001:10,fire,13102,中央区,National,Designated,有形文化財,建造物,building_direct,永代橋
official_export_001:20,fire,13102,中央区,National,Designated,有形文化財,建造物,building_direct,勝鬨橋
official_export_001:53,fire,13102,中央区,National,Designated,有形文化財,建造物,building_direct,清洲橋
official_export_001:99,fire,13102,中央区,National,Designated,有形文化財,建造物,building_direct,髙島屋東京店
official_export_001:101,fire,13102,中央区,National,Designated,有形文化財,建造物,building_direct,築地本願寺本堂
official_export_001:112,fire,13102,中央区,National,Designated,有形文化財,建造物,building_direct,日本銀行本店本館
official_export_001:113,fire,13102,中央区,National,Designated,有形文化財,建造物,building_direct,日本橋
official_export_001:138,fire,13102,中央区,National,Designated,有形文化財,建造物,building_direct,三井本館
official_export_001:139,fire,13102,中央区,National,Designated,有形文化財,建造物,building_direct,三越日本橋本店
official_export_002:53,fire,13102,中央区,National,Registered,有形文化財,建造物,building_direct,江戸屋店舗兼住宅
official_export_002:59,fire,13102,中央区,National,Registered,有形文化財,建造物,building_direct,大野屋總本店店舗
official_export_002:138,fire,13102,中央区,National,Registered,有形文化財,建造物,building_direct,旧飯田家住宅店舗兼主屋
official_export_002:179,fire,13102,中央区,National,Registered,有形文化財,建造物,building_direct,旧宮脇ビル(川崎ブランドデザインビルヂング)
official_export_002:197,fire,13102,中央区,National,Registered,有形文化財,建造物,building_direct,喜代川店舗
official_export_002:199,fire,13102,中央区,National,Registered,有形文化財,建造物,building_direct,銀座大野屋店舗兼主屋
official_export_002:200,fire,13102,中央区,National,Registered,有形文化財,建造物,building_direct,銀座ライオンビル
official_export_002:271,fire,13102,中央区,National,Registered,有形文化財,建造物,building_direct,新富町躍金楼店舗
official_export_002:305,fire,13102,中央区,National,Registered,有形文化財,建造物,building_direct,玉置文治郎ビル
official_export_002:396,fire,13102,中央区,National,Registered,有形文化財,建造物,building_direct,ハリオグラスビル
official_export_002:423,fire,13102,中央区,National,Registered,有形文化財,建造物,building_direct,繭山龍泉堂店舗
official_export_002:473,fire,13102,中央区,National,Registered,有形文化財,建造物,building_direct,よし梅芳町亭
official_export_003:20,fire,13102,中央区,National,Designated,記念物,天然記念物,point,旧浜離宮庭園
205,fire,13103,港区,Tokyo Metropolitan,Designated,記念物,天然記念物,point,旧細川邸のシイ
245,fire,13103,港区,Tokyo Metropolitan,Designated,記念物,天然記念物,point,芝東照宮のイチョウ
official_export_001:27,fire,13103,港区,National,Designated,有形文化財,建造物,building_direct,旧朝香宮邸
official_export_001:28,fire,13103,港区,National,Designated,有形文化財,建造物,building_direct,旧朝香宮邸
official_export_001:29,fire,13103,港区,National,Designated,有形文化財,建造物,building_direct,旧朝香宮邸
official_export_001:30,fire,13103,港区,National,Designated,有形文化財,建造物,building_direct,旧朝香宮邸
official_export_001:31,fire,13103,港区,National,Designated,有形文化財,建造物,building_direct,旧朝香宮邸
official_export_001:54,fire,13103,港区,National,Designated,有形文化財,建造物,building_direct,慶応義塾図書館
official_export_001:55,fire,13103,港区,National,Designated,有形文化財,建造物,building_direct,慶応義塾三田演説館
official_export_001:82,fire,13103,港区,National,Designated,有形文化財,建造物,building_direct,瑞聖寺大雄宝殿
official_export_001:93,fire,13103,港区,National,Designated,有形文化財,建造物,building_direct,増上寺三解脱門
official_export_001:98,fire,13103,港区,National,Designated,有形文化財,建造物,building_direct,旧台徳院霊廟惣門
official_export_001:106,fire,13103,港区,National,Designated,有形文化財,建造物,building_direct,旧東宮御所(迎賓館赤坂離宮)
official_export_001:127,fire,13103,港区,National,Designated,有形文化財,建造物,building_direct,武家屋敷門
official_export_001:142,fire,13103,港区,National,Designated,有形文化財,建造物,building_direct,明治学院インブリー館
official_export_001:194,fire,13103,港区,National,Designated,有形文化財,建造物,building_direct,有章院(徳川家継)霊廟二天門
official_export_002:58,fire,13103,港区,National,Registered,有形文化財,建造物,building_direct,大倉集古館陳列館
official_export_002:60,fire,13103,港区,National,Registered,有形文化財,建造物,building_direct,大橋茶寮表門
official_export_002:61,fire,13103,港区,National,Registered,有形文化財,建造物,building_direct,大橋茶寮茶室葵
official_export_002:62,fire,13103,港区,National,Registered,有形文化財,建造物,building_direct,大橋茶寮茶室桂
official_export_002:63,fire,13103,港区,National,Registered,有形文化財,建造物,building_direct,大橋茶寮茶室守貧庵
official_export_002:64,fire,13103,港区,National,Registered,有形文化財,建造物,building_direct,大橋茶寮茶室如庵写
official_export_002:65,fire,13103,港区,National,Registered,有形文化財,建造物,building_direct,大橋茶寮茶室山吹
official_export_002:66,fire,13103,港区,National,Registered,有形文化財,建造物,building_direct,大橋茶寮中門
official_export_002:67,fire,13103,港区,National,Registered,有形文化財,建造物,building_direct,大橋茶寮不老門
official_export_002:68,fire,13103,港区,National,Registered,有形文化財,建造物,building_direct,大橋茶寮塀
official_export_002:126,fire,13103,港区,National,Registered,有形文化財,建造物,building_direct,菊池寛実記念智美術館別館
official_export_002:198,fire,13103,港区,National,Registered,有形文化財,建造物,building_direct,キリスト友会フレンズセンター
official_export_002:213,fire,13103,港区,National,Registered,有形文化財,建造物,building_direct,廣度院表門及び練塀
official_export_002:222,fire,13103,港区,National,Registered,有形文化財,建造物,building_direct,国際文化会館本館
official_export_002:256,fire,13103,港区,National,Registered,有形文化財,建造物,building_direct,常行院納骨堂
official_export_002:260,fire,13103,港区,National,Registered,有形文化財,建造物,building_direct,常照院本堂内陣
official_export_002:267,fire,13103,港区,National,Registered,有形文化財,建造物,building_direct,心光院表門
official_export_002:268,fire,13103,港区,National,Registered,有形文化財,建造物,building_direct,心光院本堂
official_export_002:345,fire,13103,港区,National,Registered,有形文化財,建造物,building_direct,東京水産大学雲鷹丸
official_export_002:356,fire,13103,港区,National,Registered,有形文化財,建造物,building_direct,東京タワー
official_export_002:365,fire,13103,港区,National,Registered,有形文化財,建造物,building_direct,虎ノ門大坂屋砂場店舗
official_export_002:415,fire,13103,港区,National,Registered,有形文化財,建造物,building_direct,堀商店
official_export_002:425,fire,13103,港区,National,Registered,有形文化財,建造物,building_direct,三菱電機高輪荘蔵
official_export_002:426,fire,13103,港区,National,Registered,有形文化財,建造物,building_direct,三菱電機高輪荘主屋
official_export_002:427,fire,13103,港区,National,Registered,有形文化財,建造物,building_direct,三菱電機高輪荘洋館
official_export_002:435,fire,13103,港区,National,Registered,有形文化財,建造物,building_direct,妙定院上土蔵
official_export_002:436,fire,13103,港区,National,Registered,有形文化財,建造物,building_direct,妙定院熊野堂
official_export_003:1,fire,13103,港区,National,Designated,記念物,天然記念物,point,浅野長矩墓および赤穂義士墓
official_export_003:11,fire,13103,港区,National,Designated,記念物,天然記念物,point,荻生徂徠墓
official_export_003:17,fire,13103,港区,National,Designated,記念物,天然記念物,point,旧芝離宮庭園
official_export_003:19,fire,13103,港区,National,Designated,記念物,天然記念物,point,旧新橋停車場跡及び高輪築堤跡
official_export_003:29,fire,13103,港区,National,Designated,記念物,天然記念物,point,佐藤一斎墓
official_export_003:33,fire,13103,港区,National,Designated,記念物,天然記念物,point,品川台場
official_export_003:38,fire,13103,港区,National,Designated,記念物,天然記念物,point,善福寺のイチョウ
official_export_003:41,fire,13103,港区,National,Designated,記念物,天然記念物,point,高輪大木戸跡
official_export_003:49,fire,13103,港区,National,Designated,記念物,天然記念物,point,東禅寺
13104:0,fire,13104,新宿区,Unknown,Unknown,未判定,未細分,point,市谷亀岡八幡宮の銅鳥居
13104:1,fire,13104,新宿区,Unknown,Unknown,未判定,未細分,point,早稲田大学 坪内博士記念演劇博物館
13104:2,fire,13104,新宿区,Unknown,Unknown,未判定,未細分,point,浄栄寺の山門「甘露門」
13104:3,fire,13104,新宿区,Unknown,Unknown,未判定,未細分,point,幸国寺の山門
13104:4,fire,13104,新宿区,Unknown,Unknown,未判定,未細分,point,中井御霊神社の本殿・幣殿・拝殿
13104:5,fire,13104,新宿区,Unknown,Unknown,未判定,未細分,point,亮朝院本堂
13104:6,fire,13104,新宿区,Unknown,Unknown,未判定,未細分,point,亮朝院七面堂
13104:7,fire,13104,新宿区,Unknown,Unknown,未判定,未細分,point,永心寺本堂
13104:8,fire,13104,新宿区,Unknown,Unknown,未判定,未細分,point,永心寺山門
13104:9,fire,13104,新宿区,Unknown,Unknown,未判定,未細分,point,筑土八幡神社の石造鳥居
13104:10,fire,13104,新宿区,Unknown,Unknown,未判定,未細分,point,西迎寺の阿弥陀如来座像
13104:11,fire,13104,新宿区,Unknown,Unknown,未判定,未細分,point,中井出世不動尊像
13104:12,fire,13104,新宿区,Unknown,Unknown,未判定,未細分,point,花園神社の唐獅子像
13104:13,fire,13104,新宿区,Unknown,Unknown,未判定,未細分,point,太宗寺の三日月不動像
13104:14,fire,13104,新宿区,Unknown,Unknown,未判定,未細分,point,熊野神社の水鉢
13104:15,fire,13104,新宿区,Unknown,Unknown,未判定,未細分,point,亮朝院の金剛力士石像
13104:16,fire,13104,新宿区,Unknown,Unknown,未判定,未細分,point,誓閑寺の梵鐘
13104:17,fire,13104,新宿区,Unknown,Unknown,未判定,未細分,point,善国寺の毘沙門天像
13104:18,fire,13104,新宿区,Unknown,Unknown,未判定,未細分,point,経王寺の大黒天像
13104:19,fire,13104,新宿区,Unknown,Unknown,未判定,未細分,point,法善寺の七面明神像
13104:20,fire,13104,新宿区,Unknown,Unknown,未判定,未細分,point,布袋像の水鉢
13104:21,fire,13104,新宿区,Unknown,Unknown,未判定,未細分,point,須賀神社の三十六歌仙絵
13104:22,fire,13104,新宿区,Unknown,Unknown,未判定,未細分,point,馬水槽
13104:23,fire,13104,新宿区,Unknown,Unknown,未判定,未細分,point,天龍寺の時の鐘
13104:24,fire,13104,新宿区,Unknown,Unknown,未判定,未細分,point,天龍寺のやぐら時計
13104:25,fire,13104,新宿区,Unknown,Unknown,未判定,未細分,point,大隈重信銅像
13104:26,fire,13104,新宿区,Unknown,Unknown,未判定,未細分,point,長善寺(笹寺)のめのう観音像
13104:27,fire,13104,新宿区,Unknown,Unknown,未判定,未細分,point,鬼王神社の水鉢
13104:28,fire,13104,新宿区,Unknown,Unknown,未判定,未細分,point,聖徳太子画像
13104:29,fire,13104,新宿区,Unknown,Unknown,未判定,未細分,point,太宗寺の観無量寿経曼荼羅
13104:30,fire,13104,新宿区,Unknown,Unknown,未判定,未細分,point,七人役者図絵馬
13104:31,fire,13104,新宿区,Unknown,Unknown,未判定,未細分,point,阿弥陀三尊来迎図(専福寺)
13104:32,fire,13104,新宿区,Unknown,Unknown,未判定,未細分,point,木造阿弥陀如来立像
13104:33,fire,13104,新宿区,Unknown,Unknown,未判定,未細分,point,木造地蔵菩薩坐像
13104:34,fire,13104,新宿区,Unknown,Unknown,未判定,未細分,point,阿弥陀三尊来迎図(光照寺)
13104:35,fire,13104,新宿区,Unknown,Unknown,未判定,未細分,point,法然上人画像
13104:36,fire,13104,新宿区,Unknown,Unknown,未判定,未細分,point,西光庵の観無量寿経曼荼羅
13104:37,fire,13104,新宿区,Unknown,Unknown,未判定,未細分,point,天瑞元堤像 谷文晁筆
13104:38,fire,13104,新宿区,Unknown,Unknown,未判定,未細分,point,謙堂文益像 谷文晁筆
13104:39,fire,13104,新宿区,Unknown,Unknown,未判定,未細分,point,八大龍王図 谷文晁筆
13104:40,fire,13104,新宿区,Unknown,Unknown,未判定,未細分,point,十大弟子図 谷文晁筆
13104:41,fire,13104,新宿区,Unknown,Unknown,未判定,未細分,point,永福寺の銅造大日如来坐像
13104:42,fire,13104,新宿区,Unknown,Unknown,未判定,未細分,point,永福寺の銅造地蔵菩薩半跏像
13104:43,fire,13104,新宿区,Unknown,Unknown,未判定,未細分,point,済松寺の加藤文麗筆絵画作品
13104:44,fire,13104,新宿区,Unknown,Unknown,未判定,未細分,point,谷文晁の絵
13104:45,fire,13104,新宿区,Unknown,Unknown,未判定,未細分,point,月見岡八幡神社の鰐口
13104:46,fire,13104,新宿区,Unknown,Unknown,未判定,未細分,point,市谷亀岡八幡宮の軍配団扇
13104:47,fire,13104,新宿区,Unknown,Unknown,未判定,未細分,point,林光寺の高僧先達連座画像
13104:48,fire,13104,新宿区,Unknown,Unknown,未判定,未細分,point,木造十一面観音坐像
13104:49,fire,13104,新宿区,Unknown,Unknown,未判定,未細分,point,亮朝院の梵鐘
13104:50,fire,13104,新宿区,Unknown,Unknown,未判定,未細分,point,宝泉寺の梵鐘
13104:51,fire,13104,新宿区,Unknown,Unknown,未判定,未細分,point,銅造地蔵菩薩半跏像
13104:52,fire,13104,新宿区,Unknown,Unknown,未判定,未細分,point,正受院の梵鐘
13104:53,fire,13104,新宿区,Unknown,Unknown,未判定,未細分,point,西迎寺の梵鐘
13104:54,fire,13104,新宿区,Unknown,Unknown,未判定,未細分,point,浄栄寺の梵鐘
13104:55,fire,13104,新宿区,Unknown,Unknown,未判定,未細分,point,善慶寺の梵鐘
13104:56,fire,13104,新宿区,Unknown,Unknown,未判定,未細分,point,法雲寺の梵鐘
13104:57,fire,13104,新宿区,Unknown,Unknown,未判定,未細分,point,圓照寺の梵鐘
13104:58,fire,13104,新宿区,Unknown,Unknown,未判定,未細分,point,薬王院の梵鐘
13104:59,fire,13104,新宿区,Unknown,Unknown,未判定,未細分,point,西應寺の梵鐘
13104:60,fire,13104,新宿区,Unknown,Unknown,未判定,未細分,point,光照寺の涅槃図
13104:61,fire,13104,新宿区,Unknown,Unknown,未判定,未細分,point,長安寺の六地蔵塔
13104:62,fire,13104,新宿区,Unknown,Unknown,未判定,未細分,point,太宗寺墓地出土品
13104:63,fire,13104,新宿区,Unknown,Unknown,未判定,未細分,point,小銅鐸
13104:64,fire,13104,新宿区,Unknown,Unknown,未判定,未細分,point,隆起線文系土器
13104:65,fire,13104,新宿区,Unknown,Unknown,未判定,未細分,point,下落合横穴墓出土品
13104:66,fire,13104,新宿区,Unknown,Unknown,未判定,未細分,point,一行院墓地出土品
13104:67,fire,13104,新宿区,Unknown,Unknown,未判定,未細分,point,中村家文書
13104:68,fire,13104,新宿区,Unknown,Unknown,未判定,未細分,point,林光寺の歴代宗主銘
13104:69,fire,13104,新宿区,Unknown,Unknown,未判定,未細分,point,亮朝院文書
13104:70,fire,13104,新宿区,Unknown,Unknown,未判定,未細分,point,中井御霊神社文書
13104:71,fire,13104,新宿区,Unknown,Unknown,未判定,未細分,point,長厳寺文書
13104:72,fire,13104,新宿区,Unknown,Unknown,未判定,未細分,point,済松寺文書
13104:73,fire,13104,新宿区,Unknown,Unknown,未判定,未細分,point,林光寺文書
13104:74,fire,13104,新宿区,Unknown,Unknown,未判定,未細分,point,大聖院文書
13104:75,fire,13104,新宿区,Unknown,Unknown,未判定,未細分,point,法身寺文書
13104:76,fire,13104,新宿区,Unknown,Unknown,未判定,未細分,point,旭地蔵
13104:77,fire,13104,新宿区,Unknown,Unknown,未判定,未細分,point,子供合埋碑
13104:78,fire,13104,新宿区,Unknown,Unknown,未判定,未細分,point,式三番奉納額
13104:79,fire,13104,新宿区,Unknown,Unknown,未判定,未細分,point,旧鈴法寺江戸番所資料
13104:80,fire,13104,新宿区,Unknown,Unknown,未判定,未細分,point,空印の石手水鉢
13104:81,fire,13104,新宿区,Unknown,Unknown,未判定,未細分,point,堀部武庸加功遺跡之碑
13104:82,fire,13104,新宿区,Unknown,Unknown,未判定,未細分,point,幸国寺の日蓮聖人六百遠忌供養塔
13104:83,fire,13104,新宿区,Unknown,Unknown,未判定,未細分,point,太宗寺の切支丹灯籠
13104:84,fire,13104,新宿区,Unknown,Unknown,未判定,未細分,point,諸国旅人供養碑
13104:85,fire,13104,新宿区,Unknown,Unknown,未判定,未細分,point,服部半蔵の槍
13104:86,fire,13104,新宿区,Unknown,Unknown,未判定,未細分,point,駿馬塚の碑
13104:87,fire,13104,新宿区,Unknown,Unknown,未判定,未細分,point,月桂寺の切支丹灯籠
13104:88,fire,13104,新宿区,Unknown,Unknown,未判定,未細分,point,木造七面明神半跏像及び宮殿
13104:89,fire,13104,新宿区,Unknown,Unknown,未判定,未細分,point,木造妙見菩薩立像及び宮殿
13104:90,fire,13104,新宿区,Unknown,Unknown,未判定,未細分,point,木造諏訪大明神坐像及び宮殿
13104:91,fire,13104,新宿区,Unknown,Unknown,未判定,未細分,point,市谷亀岡八幡宮の几号水準点(水鉢台座)
13104:93,fire,13104,新宿区,Unknown,Unknown,未判定,未細分,point,自証院の阿弥陀三尊種子板碑
13104:94,fire,13104,新宿区,Unknown,Unknown,未判定,未細分,point,来迎寺の庚申塔
13104:95,fire,13104,新宿区,Unknown,Unknown,未判定,未細分,point,正受院の奪衣婆像
13104:96,fire,13104,新宿区,Unknown,Unknown,未判定,未細分,point,中井御霊神社の備射祭絵馬
13104:97,fire,13104,新宿区,Unknown,Unknown,未判定,未細分,point,中井御霊神社の分木
13104:98,fire,13104,新宿区,Unknown,Unknown,未判定,未細分,point,自性院の私年号板碑
13104:99,fire,13104,新宿区,Unknown,Unknown,未判定,未細分,point,月見岡八幡神社の庚申塔
13104:100,fire,13104,新宿区,Unknown,Unknown,未判定,未細分,point,狛犬型庚申塔
13104:101,fire,13104,新宿区,Unknown,Unknown,未判定,未細分,point,太宗寺の閻魔像
13104:102,fire,13104,新宿区,Unknown,Unknown,未判定,未細分,point,太宗寺の奪衣婆像
13104:103,fire,13104,新宿区,Unknown,Unknown,未判定,未細分,point,葛谷御霊神社の力石
13104:104,fire,13104,新宿区,Unknown,Unknown,未判定,未細分,point,成子天神社の力石
13104:105,fire,13104,新宿区,Unknown,Unknown,未判定,未細分,point,雨乞のむしろ旗
13104:106,fire,13104,新宿区,Unknown,Unknown,未判定,未細分,point,市谷亀岡八幡宮の力石
13104:107,fire,13104,新宿区,Unknown,Unknown,未判定,未細分,point,筑土八幡神社の庚申塔
13104:108,fire,13104,新宿区,Unknown,Unknown,未判定,未細分,point,尺八「放下着」一式ならびに普化尺八伝授関連資料
13104:109,fire,13104,新宿区,Unknown,Unknown,未判定,未細分,point,善国寺の石虎
13104:110,fire,13104,新宿区,Unknown,Unknown,未判定,未細分,point,中井御霊神社の狛犬
13104:111,fire,13104,新宿区,Unknown,Unknown,未判定,未細分,point,巴講睦の獅子頭
13104:112,fire,13104,新宿区,Unknown,Unknown,未判定,未細分,point,一行院の板碑
13104:113,fire,13104,新宿区,Unknown,Unknown,未判定,未細分,point,塞神三柱の塔
13104:114,fire,13104,新宿区,Unknown,Unknown,未判定,未細分,point,全龍寺の庚申塔
13104:115,fire,13104,新宿区,Unknown,Unknown,未判定,未細分,point,慈雲山観音寺の庚申塔
13104:116,fire,13104,新宿区,Unknown,Unknown,未判定,未細分,point,下落合二丁目の庚申塔
13104:117,fire,13104,新宿区,Unknown,Unknown,未判定,未細分,point,旧源兵衛村の庚申塔
13104:118,fire,13104,新宿区,Unknown,Unknown,未判定,未細分,point,幸国寺の題目塔
13104:119,fire,13104,新宿区,Unknown,Unknown,未判定,未細分,point,熊野神社の狛犬
13104:120,fire,13104,新宿区,Unknown,Unknown,未判定,未細分,point,高田馬場の流鏑馬
13104:121,fire,13104,新宿区,Unknown,Unknown,未判定,未細分,point,中井御霊神社の備射祭
13104:122,fire,13104,新宿区,Unknown,Unknown,未判定,未細分,point,葛谷御霊神社の備謝祭
13104:123,fire,13104,新宿区,Unknown,Unknown,未判定,未細分,point,丸藤宮元講社の富士講行事
13104:124,fire,13104,新宿区,Unknown,Unknown,未判定,未細分,point,戸塚囃子
13104:125,fire,13104,新宿区,Unknown,Unknown,未判定,未細分,point,萩原社中里神楽
13104:126,fire,13104,新宿区,Unknown,Unknown,未判定,未細分,point,上落合餅つき唄
13104:127,fire,13104,新宿区,Unknown,Unknown,未判定,未細分,point,鉄砲組百人隊行列
13104:128,fire,13104,新宿区,Unknown,Unknown,未判定,未細分,point,高松喜六の墓
13104:129,fire,13104,新宿区,Unknown,Unknown,未判定,未細分,point,服部半蔵の墓
13104:130,fire,13104,新宿区,Unknown,Unknown,未判定,未細分,point,小泉八雲旧居跡
13104:131,fire,13104,新宿区,Unknown,Unknown,未判定,未細分,point,塙保己一の墓
13104:132,fire,13104,新宿区,Unknown,Unknown,未判定,未細分,point,山県大弐の墓
13104:133,fire,13104,新宿区,Unknown,Unknown,未判定,未細分,point,十二社の碑
13104:134,fire,13104,新宿区,Unknown,Unknown,未判定,未細分,point,松井須磨子の墓
13104:135,fire,13104,新宿区,Unknown,Unknown,未判定,未細分,point,源清麿の墓
13104:136,fire,13104,新宿区,Unknown,Unknown,未判定,未細分,point,尾崎紅葉旧居跡
13104:137,fire,13104,新宿区,Unknown,Unknown,未判定,未細分,point,田村虎蔵旧居跡
13104:138,fire,13104,新宿区,Unknown,Unknown,未判定,未細分,point,恋川春町の墓
13104:139,fire,13104,新宿区,Unknown,Unknown,未判定,未細分,point,月岡芳年の墓
13104:140,fire,13104,新宿区,Unknown,Unknown,未判定,未細分,point,浄瑠璃坂の仇討跡
13104:141,fire,13104,新宿区,Unknown,Unknown,未判定,未細分,point,国産飛行機発祥の地
13104:142,fire,13104,新宿区,Unknown,Unknown,未判定,未細分,point,大久保の犬御用屋敷跡
13104:143,fire,13104,新宿区,Unknown,Unknown,未判定,未細分,point,三遊亭円朝旧居跡
13104:144,fire,13104,新宿区,Unknown,Unknown,未判定,未細分,point,夏目漱石誕生の地
13104:145,fire,13104,新宿区,Unknown,Unknown,未判定,未細分,point,夏目漱石終焉の地
13104:146,fire,13104,新宿区,Unknown,Unknown,未判定,未細分,point,便々館湖鯉鮒狂歌碑
13104:147,fire,13104,新宿区,Unknown,Unknown,未判定,未細分,point,永井荷風旧居跡
13104:148,fire,13104,新宿区,Unknown,Unknown,未判定,未細分,point,岡崎三郎信康供養塔
13104:149,fire,13104,新宿区,Unknown,Unknown,未判定,未細分,point,榊原鍵吉の墓
13104:150,fire,13104,新宿区,Unknown,Unknown,未判定,未細分,point,平秩東作の墓
13104:151,fire,13104,新宿区,Unknown,Unknown,未判定,未細分,point,二葉亭四迷旧居跡
13104:152,fire,13104,新宿区,Unknown,Unknown,未判定,未細分,point,大和田建樹終焉の地
13104:153,fire,13104,新宿区,Unknown,Unknown,未判定,未細分,point,有島武郎旧居跡
13104:154,fire,13104,新宿区,Unknown,Unknown,未判定,未細分,point,島村抱月終焉の地 (芸術倶楽部跡)
13104:155,fire,13104,新宿区,Unknown,Unknown,未判定,未細分,point,内藤正勝の墓
13104:156,fire,13104,新宿区,Unknown,Unknown,未判定,未細分,point,筒井政憲の墓
13104:157,fire,13104,新宿区,Unknown,Unknown,未判定,未細分,point,小泉八雲終焉の地
13104:158,fire,13104,新宿区,Unknown,Unknown,未判定,未細分,point,紅皿の墓
13104:159,fire,13104,新宿区,Unknown,Unknown,未判定,未細分,point,坪内逍遙旧居跡(文芸協会演劇研究所跡)
13104:160,fire,13104,新宿区,Unknown,Unknown,未判定,未細分,point,佐伯祐三アトリエの地
13104:161,fire,13104,新宿区,Unknown,Unknown,未判定,未細分,point,滝沢馬琴終焉の地
13104:162,fire,13104,新宿区,Unknown,Unknown,未判定,未細分,point,柳田國男旧居跡
13104:163,fire,13104,新宿区,Unknown,Unknown,未判定,未細分,point,斎藤茂吉終焉の地
13104:164,fire,13104,新宿区,Unknown,Unknown,未判定,未細分,point,下村湖人終焉の地
13104:165,fire,13104,新宿区,Unknown,Unknown,未判定,未細分,point,落合秋艸堂跡(會津八一旧居跡)
13104:166,fire,13104,新宿区,Unknown,Unknown,未判定,未細分,point,西條八十旧居跡
13104:167,fire,13104,新宿区,Unknown,Unknown,未判定,未細分,point,女人芸術社跡(長谷川時雨・三上於菟吉旧居跡)
13104:168,fire,13104,新宿区,Unknown,Unknown,未判定,未細分,point,内村鑑三終焉の地(今井館聖書講堂跡)
13104:169,fire,13104,新宿区,Unknown,Unknown,未判定,未細分,point,鈴木三重吉終焉の地(「赤い鳥」社跡)
13104:170,fire,13104,新宿区,Unknown,Unknown,未判定,未細分,point,鏑木清方旧居跡
13104:171,fire,13104,新宿区,Unknown,Unknown,未判定,未細分,point,辰野金吾の墓
13104:172,fire,13104,新宿区,Unknown,Unknown,未判定,未細分,point,牛込城跡
13104:173,fire,13104,新宿区,Unknown,Unknown,未判定,未細分,point,富塚跡
13104:174,fire,13104,新宿区,Unknown,Unknown,未判定,未細分,point,便々館湖鯉鮒の墓
13104:175,fire,13104,新宿区,Unknown,Unknown,未判定,未細分,point,成子天神社の富士塚
13104:176,fire,13104,新宿区,Unknown,Unknown,未判定,未細分,point,生田春月旧居跡
13104:177,fire,13104,新宿区,Unknown,Unknown,未判定,未細分,point,泉鏡花旧居跡
13104:178,fire,13104,新宿区,Unknown,Unknown,未判定,未細分,point,林芙美子終焉の地
13104:179,fire,13104,新宿区,Unknown,Unknown,未判定,未細分,point,塚本明毅の墓碑
13104:180,fire,13104,新宿区,Unknown,Unknown,未判定,未細分,point,萩原宗固の墓
13104:181,fire,13104,新宿区,Unknown,Unknown,未判定,未細分,point,吉川湊一の墓
13104:182,fire,13104,新宿区,Unknown,Unknown,未判定,未細分,point,東京府仮小学第三校跡
13104:183,fire,13104,新宿区,Unknown,Unknown,未判定,未細分,point,シイ
13104:184,fire,13104,新宿区,Unknown,Unknown,未判定,未細分,point,イチョウ
13104:185,fire,13104,新宿区,Unknown,Unknown,未判定,未細分,point,末広亭
13104:186,fire,13104,新宿区,Unknown,Unknown,未判定,未細分,point,歌舞伎町建設記念碑
13104:187,fire,13104,新宿区,Unknown,Unknown,未判定,未細分,point,六桜社跡
13104:188,fire,13104,新宿区,Unknown,Unknown,未判定,未細分,point,佐々木活字店
13104:189,fire,13104,新宿区,Unknown,Unknown,未判定,未細分,point,近衛篤麿公記念碑
13104:190,fire,13104,新宿区,Unknown,Unknown,未判定,未細分,point,花園神社の二宮尊徳像
13104:191,fire,13104,新宿区,Unknown,Unknown,未判定,未細分,point,長谷川平蔵埋葬の地
13104:192,fire,13104,新宿区,Unknown,Unknown,未判定,未細分,point,神楽坂の東八拳
13104:193,fire,13104,新宿区,Unknown,Unknown,未判定,未細分,point,神楽坂をどり
13104:194,fire,13104,新宿区,Unknown,Unknown,未判定,未細分,point,旧近衛邸のケヤキ
13104:195,fire,13104,新宿区,Unknown,Unknown,未判定,未細分,point,オブジェ「歓び(PLAISIR)」
13104:196,fire,13104,新宿区,Unknown,Unknown,未判定,未細分,point,源兵衛子育地蔵尊の石造物群
13104:197,fire,13104,新宿区,Unknown,Unknown,未判定,未細分,point,彰忠碑
13104:198,fire,13104,新宿区,Unknown,Unknown,未判定,未細分,point,太平洋戦争本土初空襲の地跡
13104:199,fire,13104,新宿区,Unknown,Unknown,未判定,未細分,point,名曲喫茶らんぶる
13104:200,fire,13104,新宿区,Unknown,Unknown,未判定,未細分,point,西落合耕地整理記念碑
13104:201,fire,13104,新宿区,Unknown,Unknown,未判定,未細分,point,旧淀橋浄水場蝶型弁
13104:202,fire,13104,新宿区,Unknown,Unknown,未判定,未細分,point,旧淀橋浄水場六角堂
13104:203,fire,13104,新宿区,Unknown,Unknown,未判定,未細分,point,巴講睦の獅子図屏風
13104:204,fire,13104,新宿区,Unknown,Unknown,未判定,未細分,point,服部良一旧居跡
13104:205,fire,13104,新宿区,Unknown,Unknown,未判定,未細分,point,天祖神社の神門
13104:206,fire,13104,新宿区,Unknown,Unknown,未判定,未細分,point,戸山射撃場跡
13104:207,fire,13104,新宿区,Unknown,Unknown,未判定,未細分,point,喜久井町 戦災者供養観音像
13104:208,fire,13104,新宿区,Unknown,Unknown,未判定,未細分,point,白糸塚
13104:209,fire,13104,新宿区,Unknown,Unknown,未判定,未細分,point,獅子吼会の山門
13104:210,fire,13104,新宿区,Unknown,Unknown,未判定,未細分,point,田島森碑
13104:211,fire,13104,新宿区,Unknown,Unknown,未判定,未細分,point,忠魂碑
13104:212,fire,13104,新宿区,Unknown,Unknown,未判定,未細分,point,祭馬碑
13104:213,fire,13104,新宿区,Unknown,Unknown,未判定,未細分,point,渡辺玉花旧居
13104:214,fire,13104,新宿区,Unknown,Unknown,未判定,未細分,point,花園アパート跡
13104:215,fire,13104,新宿区,Unknown,Unknown,未判定,未細分,point,美濃国高須藩主 松平家上屋敷跡
13104:216,fire,13104,新宿区,Unknown,Unknown,未判定,未細分,point,水準点II号
13104:217,fire,13104,新宿区,Unknown,Unknown,未判定,未細分,point,東京若葉キリスト教会
13104:218,fire,13104,新宿区,Unknown,Unknown,未判定,未細分,point,稲荷鬼王神社の節分祭
13104:219,fire,13104,新宿区,Unknown,Unknown,未判定,未細分,point,中井御霊神社の節分祭
13104:220,fire,13104,新宿区,Unknown,Unknown,未判定,未細分,point,花園神社の節分祭
13104:221,fire,13104,新宿区,Unknown,Unknown,未判定,未細分,point,氷川神社の節分祭
13104:222,fire,13104,新宿区,Unknown,Unknown,未判定,未細分,point,鎧神社の節分祭
13104:223,fire,13104,新宿区,Unknown,Unknown,未判定,未細分,point,自性院の節分会
13104:224,fire,13104,新宿区,Unknown,Unknown,未判定,未細分,point,有隣園跡
13104:225,fire,13104,新宿区,Unknown,Unknown,未判定,未細分,point,太宗寺の閻魔大王開帳
13104:226,fire,13104,新宿区,Unknown,Unknown,未判定,未細分,point,太宗寺の大震災紀念碑
13104:227,fire,13104,新宿区,Unknown,Unknown,未判定,未細分,point,放生寺の水掛け地蔵と大震火災死亡群霊塔
13104:228,fire,13104,新宿区,Unknown,Unknown,未判定,未細分,point,文学座アトリエ
13104:230,fire,13104,新宿区,Unknown,Unknown,未判定,未細分,point,弘文学院跡
13104:231,fire,13104,新宿区,Unknown,Unknown,未判定,未細分,point,ムーラン・ルージュ新宿座跡
official_export_001:19,fire,13104,新宿区,National,Designated,有形文化財,建造物,building_direct,学習院旧正門
official_export_001:43,fire,13104,新宿区,National,Designated,有形文化財,建造物,building_direct,旧馬場家牛込邸
official_export_001:79,fire,13104,新宿区,National,Designated,有形文化財,建造物,building_direct,新宿御苑旧洋館御休所
official_export_001:84,fire,13104,新宿区,National,Designated,有形文化財,建造物,building_direct,聖徳記念絵画館
official_export_001:197,fire,13104,新宿区,National,Designated,有形文化財,建造物,building_direct,早稲田大学大隈記念講堂
official_export_002:11,fire,13104,新宿区,National,Registered,有形文化財,建造物,building_direct,新井家住宅主屋
official_export_002:33,fire,13104,新宿区,National,Registered,有形文化財,建造物,building_direct,一水寮
official_export_002:158,fire,13104,新宿区,National,Registered,有形文化財,建造物,building_direct,旧島津家住宅アトリエ
official_export_002:167,fire,13104,新宿区,National,Registered,有形文化財,建造物,building_direct,旧常盤家本館(石合家住宅主屋)
official_export_002:201,fire,13104,新宿区,National,Registered,有形文化財,建造物,building_direct,栗原家住宅稲荷社及び石鳥居
official_export_002:202,fire,13104,新宿区,National,Registered,有形文化財,建造物,building_direct,栗原家住宅蔵
official_export_002:203,fire,13104,新宿区,National,Registered,有形文化財,建造物,building_direct,栗原家住宅主屋
official_export_002:204,fire,13104,新宿区,National,Registered,有形文化財,建造物,building_direct,栗原家住宅門柱及び塀
official_export_002:269,fire,13104,新宿区,National,Registered,有形文化財,建造物,building_direct,新潮社倉庫
official_export_002:270,fire,13104,新宿区,National,Registered,有形文化財,建造物,building_direct,新潮社本館
official_export_002:273,fire,13104,新宿区,National,Registered,有形文化財,建造物,building_direct,鈴木家住宅主屋
official_export_002:295,fire,13104,新宿区,National,Registered,有形文化財,建造物,building_direct,高橋建築事務所社屋
official_export_002:388,fire,13104,新宿区,National,Registered,有形文化財,建造物,building_direct,日本バプテストキリスト教目白ヶ丘教会礼拝堂
official_export_002:433,fire,13104,新宿区,National,Registered,有形文化財,建造物,building_direct,宮城道雄記念館検校の間
official_export_002:456,fire,13104,新宿区,National,Registered,有形文化財,建造物,building_direct,安与ビル
official_export_002:465,fire,13104,新宿区,National,Registered,有形文化財,建造物,building_direct,矢来能楽堂
official_export_003:47,fire,13104,新宿区,National,Designated,記念物,天然記念物,point,哲学堂公園
official_export_003:69,fire,13104,新宿区,National,Designated,記念物,天然記念物,point,山鹿素行墓
official_export_003:75,fire,13104,新宿区,National,Designated,記念物,天然記念物,point,林氏墓地
1,fire,13105,文京区,Tokyo Metropolitan,Designated,有形文化財,建造物,building_direct,湯島天満宮表鳥居
2,fire,13105,文京区,Tokyo Metropolitan,Designated,有形文化財,建造物,building_direct,求道会館
155,fire,13105,文京区,Tokyo Metropolitan,Designated,記念物,旧跡,point,藤田東湖護母致命の処
156,fire,13105,文京区,Tokyo Metropolitan,Designated,記念物,旧跡,point,森?外遺跡
196,fire,13105,文京区,Tokyo Metropolitan,Designated,記念物,名勝,point,旧安田楠雄邸庭園
240,fire,13105,文京区,Tokyo Metropolitan,Designated,記念物,史跡,point,原氏墓所
official_export_001:4,fire,13105,文京区,National,Designated,有形文化財,建造物,building_direct,旧磯野家住宅
official_export_001:5,fire,13105,文京区,National,Designated,有形文化財,建造物,building_direct,旧磯野家住宅
official_export_001:18,fire,13105,文京区,National,Designated,有形文化財,建造物,building_direct,旧加賀屋敷御守殿門(赤門)
official_export_001:61,fire,13105,文京区,National,Designated,有形文化財,建造物,building_direct,護国寺月光殿(旧日光院客殿)
official_export_001:62,fire,13105,文京区,National,Designated,有形文化財,建造物,building_direct,護国寺本堂
official_export_001:83,fire,13105,文京区,National,Designated,有形文化財,建造物,building_direct,スカイハウス(旧菊竹清訓自邸)
official_export_001:102,fire,13105,文京区,National,Designated,有形文化財,建造物,building_direct,旧東京医学校本館
official_export_001:119,fire,13105,文京区,National,Designated,有形文化財,建造物,building_direct,根津神社
official_export_001:120,fire,13105,文京区,National,Designated,有形文化財,建造物,building_direct,根津神社
official_export_001:121,fire,13105,文京区,National,Designated,有形文化財,建造物,building_direct,根津神社
official_export_001:122,fire,13105,文京区,National,Designated,有形文化財,建造物,building_direct,根津神社
official_export_001:123,fire,13105,文京区,National,Designated,有形文化財,建造物,building_direct,根津神社
official_export_001:124,fire,13105,文京区,National,Designated,有形文化財,建造物,building_direct,根津神社
official_export_001:125,fire,13105,文京区,National,Designated,有形文化財,建造物,building_direct,根津神社
official_export_002:5,fire,13105,文京区,National,Registered,有形文化財,建造物,building_direct,芦葉家住宅倉庫
official_export_002:6,fire,13105,文京区,National,Registered,有形文化財,建造物,building_direct,芦葉家住宅門
official_export_002:18,fire,13105,文京区,National,Registered,有形文化財,建造物,building_direct,池田家住宅主屋
official_export_002:26,fire,13105,文京区,National,Registered,有形文化財,建造物,building_direct,伊勢五蔵
official_export_002:27,fire,13105,文京区,National,Registered,有形文化財,建造物,building_direct,伊勢五主屋
official_export_002:39,fire,13105,文京区,National,Registered,有形文化財,建造物,building_direct,今井家住宅蔵
official_export_002:50,fire,13105,文京区,National,Registered,有形文化財,建造物,building_direct,梅村家住宅(旧山崎家住宅)主屋
official_export_002:51,fire,13105,文京区,National,Registered,有形文化財,建造物,building_direct,梅村家住宅(旧山崎家住宅)門
official_export_002:52,fire,13105,文京区,National,Registered,有形文化財,建造物,building_direct,エチソウビル
official_export_002:72,fire,13105,文京区,National,Registered,有形文化財,建造物,building_direct,お茶の水女子大学表門
official_export_002:73,fire,13105,文京区,National,Registered,有形文化財,建造物,building_direct,お茶の水女子大学講堂
official_export_002:74,fire,13105,文京区,National,Registered,有形文化財,建造物,building_direct,お茶の水女子大学附属幼稚園園舎
official_export_002:75,fire,13105,文京区,National,Registered,有形文化財,建造物,building_direct,お茶の水女子大学本館
official_export_002:101,fire,13105,文京区,National,Registered,有形文化財,建造物,building_direct,金澤家住宅主屋
official_export_002:102,fire,13105,文京区,National,Registered,有形文化財,建造物,building_direct,金澤家住宅門及び塀
official_export_002:103,fire,13105,文京区,National,Registered,有形文化財,建造物,building_direct,金澤家住宅洋館
official_export_002:174,fire,13105,文京区,National,Registered,有形文化財,建造物,building_direct,旧弘田家住宅主屋
official_export_002:175,fire,13105,文京区,National,Registered,有形文化財,建造物,building_direct,旧弘田家住宅門柱及び塀
official_export_002:244,fire,13105,文京区,National,Registered,有形文化財,建造物,building_direct,さかえビル
official_export_002:250,fire,13105,文京区,National,Registered,有形文化財,建造物,building_direct,島薗家住宅主屋
official_export_002:266,fire,13105,文京区,National,Registered,有形文化財,建造物,building_direct,進開屋
official_export_002:272,fire,13105,文京区,National,Registered,有形文化財,建造物,building_direct,新町館(三宅家住宅)
official_export_002:279,fire,13105,文京区,National,Registered,有形文化財,建造物,building_direct,瀬川家住宅(旧古市家住宅)蔵
official_export_002:280,fire,13105,文京区,National,Registered,有形文化財,建造物,building_direct,瀬川家住宅(旧古市家住宅)主屋
official_export_002:288,fire,13105,文京区,National,Registered,有形文化財,建造物,building_direct,髙木家住宅離れ
official_export_002:289,fire,13105,文京区,National,Registered,有形文化財,建造物,building_direct,髙木家住宅洋館
official_export_002:301,fire,13105,文京区,National,Registered,有形文化財,建造物,building_direct,田口家住宅主屋
official_export_002:303,fire,13105,文京区,National,Registered,有形文化財,建造物,building_direct,棚澤書店
official_export_002:313,fire,13105,文京区,National,Registered,有形文化財,建造物,building_direct,椿山荘残月
official_export_002:314,fire,13105,文京区,National,Registered,有形文化財,建造物,building_direct,椿山荘三重塔
official_export_002:328,fire,13105,文京区,National,Registered,有形文化財,建造物,building_direct,東京カテドラル鐘塔
official_export_002:329,fire,13105,文京区,National,Registered,有形文化財,建造物,building_direct,東京カテドラル聖マリア大聖堂
official_export_002:347,fire,13105,文京区,National,Registered,有形文化財,建造物,building_direct,東京大学工学部1号館
official_export_002:348,fire,13105,文京区,National,Registered,有形文化財,建造物,building_direct,東京大学工学部列品館
official_export_002:350,fire,13105,文京区,National,Registered,有形文化財,建造物,building_direct,東京大学大講堂(安田講堂)
official_export_002:351,fire,13105,文京区,National,Registered,有形文化財,建造物,building_direct,東京大学法学部3号館
official_export_002:352,fire,13105,文京区,National,Registered,有形文化財,建造物,building_direct,東京大学法文1号館
official_export_002:353,fire,13105,文京区,National,Registered,有形文化財,建造物,building_direct,東京大学法文2号館
official_export_002:354,fire,13105,文京区,National,Registered,有形文化財,建造物,building_direct,東京大学本郷正門及び門衛所
official_export_002:355,fire,13105,文京区,National,Registered,有形文化財,建造物,building_direct,東京大学野球場観覧席・ダッグアウト及びフェンス
official_export_002:358,fire,13105,文京区,National,Registered,有形文化財,建造物,building_direct,東京地下鉄丸ノ内線御茶ノ水駅出入口上家
official_export_002:379,fire,13105,文京区,National,Registered,有形文化財,建造物,building_direct,日本基督教団根津教会
official_export_002:380,fire,13105,文京区,National,Registered,有形文化財,建造物,building_direct,日本基督教団根津教会門及び塀
official_export_002:382,fire,13105,文京区,National,Registered,有形文化財,建造物,building_direct,日本基督教団本郷中央教会
official_export_002:383,fire,13105,文京区,National,Registered,有形文化財,建造物,building_direct,日本基督教団弓町本郷教会
official_export_002:387,fire,13105,文京区,National,Registered,有形文化財,建造物,building_direct,日本聖公会東京教区東京諸聖徒教会礼拝堂
official_export_002:390,fire,13105,文京区,National,Registered,有形文化財,建造物,building_direct,橋本家住宅
official_export_002:397,fire,13105,文京区,National,Registered,有形文化財,建造物,building_direct,はん亭
official_export_002:406,fire,13105,文京区,National,Registered,有形文化財,建造物,building_direct,平野家住宅蔵
official_export_002:407,fire,13105,文京区,National,Registered,有形文化財,建造物,building_direct,平野家住宅主屋
official_export_002:408,fire,13105,文京区,National,Registered,有形文化財,建造物,building_direct,平野家住宅茶室
official_export_002:409,fire,13105,文京区,National,Registered,有形文化財,建造物,building_direct,平野家住宅茶室門
official_export_002:410,fire,13105,文京区,National,Registered,有形文化財,建造物,building_direct,平野家住宅門
official_export_002:411,fire,13105,文京区,National,Registered,有形文化財,建造物,building_direct,平野家住宅洋館
official_export_002:414,fire,13105,文京区,National,Registered,有形文化財,建造物,building_direct,鳳明館本館
official_export_002:419,fire,13105,文京区,National,Registered,有形文化財,建造物,building_direct,松井家住宅表門及び塀
official_export_002:420,fire,13105,文京区,National,Registered,有形文化財,建造物,building_direct,松井家住宅主屋
official_export_002:421,fire,13105,文京区,National,Registered,有形文化財,建造物,building_direct,松井家住宅蔵
official_export_002:454,fire,13105,文京区,National,Registered,有形文化財,建造物,building_direct,森博士の家
official_export_002:459,fire,13105,文京区,National,Registered,有形文化財,建造物,building_direct,山﨑家住宅主屋
official_export_002:461,fire,13105,文京区,National,Registered,有形文化財,建造物,building_direct,山脇家住宅表門及び塀
official_export_002:462,fire,13105,文京区,National,Registered,有形文化財,建造物,building_direct,山脇家住宅主屋
official_export_002:463,fire,13105,文京区,National,Registered,有形文化財,建造物,building_direct,弥生正緑館(渋谷家住宅洋館)主屋
official_export_002:464,fire,13105,文京区,National,Registered,有形文化財,建造物,building_direct,弥生正緑館(渋谷家住宅洋館)庭門
official_export_003:8,fire,13105,文京区,National,Designated,記念物,天然記念物,point,大塚先儒墓所
official_export_003:12,fire,13105,文京区,National,Designated,記念物,天然記念物,point,懐徳館庭園(旧加賀藩主前田氏本郷本邸庭園)
official_export_003:23,fire,13105,文京区,National,Designated,記念物,天然記念物,point,小石川後楽園
official_export_003:24,fire,13105,文京区,National,Designated,記念物,天然記念物,point,小石川植物園(御薬園跡及び養生所跡)
official_export_003:40,fire,13105,文京区,National,Designated,記念物,天然記念物,point,高島秋帆墓
official_export_003:70,fire,13105,文京区,National,Designated,記念物,天然記念物,point,弥生二丁目遺跡
official_export_003:71,fire,13105,文京区,National,Designated,記念物,天然記念物,point,湯島聖堂
official_export_003:73,fire,13105,文京区,National,Designated,記念物,天然記念物,point,六義園
3,fire,13106,台東区,Tokyo Metropolitan,Designated,有形文化財,建造物,building_direct,浅草寺六角堂
94,fire,13106,台東区,Tokyo Metropolitan,Designated,有形文化財,歴史資料,point,西仏板碑
157,fire,13106,台東区,Tokyo Metropolitan,Designated,記念物,旧跡,point,戸田茂睡墓
158,fire,13106,台東区,Tokyo Metropolitan,Designated,記念物,旧跡,point,六地蔵石燈籠
159,fire,13106,台東区,Tokyo Metropolitan,Designated,記念物,旧跡,point,玉川庄右衛門及び同清右衛門墓
160,fire,13106,台東区,Tokyo Metropolitan,Designated,記念物,旧跡,point,大久保主水墓
161,fire,13106,台東区,Tokyo Metropolitan,Designated,記念物,旧跡,point,谷文晁墓
162,fire,13106,台東区,Tokyo Metropolitan,Designated,記念物,旧跡,point,幡随院長兵衛墓
163,fire,13106,台東区,Tokyo Metropolitan,Designated,記念物,旧跡,point,慈海僧正墓
164,fire,13106,台東区,Tokyo Metropolitan,Designated,記念物,旧跡,point,葛飾北斎墓
165,fire,13106,台東区,Tokyo Metropolitan,Designated,記念物,旧跡,point,山田宗?墓
166,fire,13106,台東区,Tokyo Metropolitan,Designated,記念物,旧跡,point,了翁禅師塔碑
167,fire,13106,台東区,Tokyo Metropolitan,Designated,記念物,旧跡,point,天海僧正毛髪塔
168,fire,13106,台東区,Tokyo Metropolitan,Designated,記念物,旧跡,point,樋口定伊墓
169,fire,13106,台東区,Tokyo Metropolitan,Designated,記念物,旧跡,point,山岡鉄舟墓
170,fire,13106,台東区,Tokyo Metropolitan,Designated,記念物,旧跡,point,三遊亭円朝墓
206,fire,13106,台東区,Tokyo Metropolitan,Designated,記念物,天然記念物,point,玉林寺のシイ
241,fire,13106,台東区,Tokyo Metropolitan,Designated,記念物,史跡,point,太宰春台墓
242,fire,13106,台東区,Tokyo Metropolitan,Designated,記念物,史跡,point,浄厳律師墓
243,fire,13106,台東区,Tokyo Metropolitan,Designated,記念物,史跡,point,子規庵
244,fire,13106,台東区,Tokyo Metropolitan,Designated,記念物,史跡,point,中村不折旧宅(書道博物館)
131067100003,fire,13106,台東区,Municipal,Designated,民俗文化財,有形民俗文化財,point,旧吉田屋酒店
131067100027,fire,13106,台東区,Municipal,Other,記念物,史跡,point,狩野芳崖墓 附 狩野芳崖翁碑
131067100029,fire,13106,台東区,Municipal,Other,有形文化財,建造物,building_direct,石造宝篋印塔
131067100039,fire,13106,台東区,Municipal,Other,記念物,史跡,point,大沼枕山墓
131067100046,fire,13106,台東区,Municipal,Other,記念物,史跡,point,藤堂家墓所
131067100047,fire,13106,台東区,Municipal,Other,記念物,史跡,point,河鍋暁斎墓
131067100052,fire,13106,台東区,Municipal,Other,記念物,史跡,point,福地源一郎(桜痴)墓
131067100053,fire,13106,台東区,Municipal,Other,記念物,史跡,point,横山大観旧居
131067100059,fire,13106,台東区,Municipal,Other,民俗文化財,有形民俗文化財,point,延寿寺日荷堂絵馬群
131067100060,fire,13106,台東区,Municipal,Other,記念物,史跡,point,柴田是真墓
131067100066,fire,13106,台東区,Municipal,Other,記念物,史跡,point,町田久成墓
131067100067,fire,13106,台東区,Municipal,Other,記念物,史跡,point,田中芳男墓
131067100075,fire,13106,台東区,Municipal,Designated,民俗文化財,有形民俗文化財,point,浅草浅間神社本殿并びに諸資料 付 境内地
131067100110,fire,13106,台東区,Municipal,Other,有形文化財,建造物,building_direct,上野広小路三橋遺構 附 出土近世遺物一括
131067100132,fire,13106,台東区,Municipal,Other,民俗文化財,有形民俗文化財,point,大太刀(陰陽丸)
131067100134,fire,13106,台東区,Municipal,Other,有形文化財,建造物,building_direct,石造多宝塔
131067100147,fire,13106,台東区,Municipal,Other,民俗文化財,有形民俗文化財,point,浅草寺絵馬・扁額群
131067100162,fire,13106,台東区,Municipal,Other,民俗文化財,有形民俗文化財,point,吉徳これくしょん(和書)
131067100163,fire,13106,台東区,Municipal,Other,民俗文化財,有形民俗文化財,point,吉徳これくしょん(一枚刷)
131067100168,fire,13106,台東区,Municipal,Other,民俗文化財,有形民俗文化財,point,吉徳これくしょん〔芝居番付類(一枚刷)〕
131067100171,fire,13106,台東区,Municipal,Other,民俗文化財,有形民俗文化財,point,吉徳これくしょん(古文書)
131067100174,fire,13106,台東区,Municipal,Other,民俗文化財,有形民俗文化財,point,吉徳これくしょん(羽子板)
131067100178,fire,13106,台東区,Municipal,Other,民俗文化財,有形民俗文化財,point,吉徳これくしょん(五月人形)
131067100181,fire,13106,台東区,Municipal,Other,民俗文化財,有形民俗文化財,point,吉徳これくしょん(雛人形)
131067100182,fire,13106,台東区,Municipal,Other,記念物,史跡,point,渋沢栄一家墓所
131067100187,fire,13106,台東区,Municipal,Other,記念物,史跡,point,徳川家光薨去に伴う殉死者の墓
official_export_001:0,fire,13106,台東区,National,Designated,有形文化財,建造物,building_direct,浅草神社
official_export_001:1,fire,13106,台東区,National,Designated,有形文化財,建造物,building_direct,浅草神社
official_export_001:6,fire,13106,台東区,National,Designated,有形文化財,建造物,building_direct,旧岩崎家住宅(東京都台東区池之端一丁目)
official_export_001:7,fire,13106,台東区,National,Designated,有形文化財,建造物,building_direct,旧岩崎家住宅(東京都台東区池之端一丁目)
official_export_001:8,fire,13106,台東区,National,Designated,有形文化財,建造物,building_direct,旧岩崎家住宅(東京都台東区池之端一丁目)
official_export_001:9,fire,13106,台東区,National,Designated,有形文化財,建造物,building_direct,旧因州池田屋敷表門
official_export_001:21,fire,13106,台東区,National,Designated,有形文化財,建造物,building_direct,寛永寺旧本坊表門(黒門)
official_export_001:22,fire,13106,台東区,National,Designated,有形文化財,建造物,building_direct,寛永寺清水堂
official_export_001:23,fire,13106,台東区,National,Designated,有形文化財,建造物,building_direct,旧寛永寺五重塔
official_export_001:42,fire,13106,台東区,National,Designated,有形文化財,建造物,building_direct,旧東京科学博物館本館
official_export_001:56,fire,13106,台東区,National,Designated,有形文化財,建造物,building_direct,厳有院霊廟奥院
official_export_001:58,fire,13106,台東区,National,Designated,有形文化財,建造物,building_direct,厳有院霊廟勅額門及び水盤舎
official_export_001:59,fire,13106,台東区,National,Designated,有形文化財,建造物,building_direct,厳有院霊廟勅額門及び水盤舎
official_export_001:60,fire,13106,台東区,National,Designated,有形文化財,建造物,building_direct,国立西洋美術館本館
official_export_001:73,fire,13106,台東区,National,Designated,有形文化財,建造物,building_direct,旧十輪院宝蔵
official_export_001:74,fire,13106,台東区,National,Designated,有形文化財,建造物,building_direct,常憲院霊廟奥院
official_export_001:76,fire,13106,台東区,National,Designated,有形文化財,建造物,building_direct,常憲院霊廟勅額門及び水盤舎
official_export_001:77,fire,13106,台東区,National,Designated,有形文化財,建造物,building_direct,常憲院霊廟勅額門及び水盤舎
official_export_001:85,fire,13106,台東区,National,Designated,有形文化財,建造物,building_direct,浅草寺伝法院
official_export_001:86,fire,13106,台東区,National,Designated,有形文化財,建造物,building_direct,浅草寺伝法院
official_export_001:87,fire,13106,台東区,National,Designated,有形文化財,建造物,building_direct,浅草寺伝法院
official_export_001:88,fire,13106,台東区,National,Designated,有形文化財,建造物,building_direct,浅草寺伝法院
official_export_001:89,fire,13106,台東区,National,Designated,有形文化財,建造物,building_direct,浅草寺伝法院
official_export_001:90,fire,13106,台東区,National,Designated,有形文化財,建造物,building_direct,浅草寺伝法院
official_export_001:91,fire,13106,台東区,National,Designated,有形文化財,建造物,building_direct,浅草寺二天門
official_export_001:104,fire,13106,台東区,National,Designated,有形文化財,建造物,building_direct,旧東京音楽学校奏楽堂
official_export_001:105,fire,13106,台東区,National,Designated,有形文化財,建造物,building_direct,旧東京帝室博物館本館
official_export_001:107,fire,13106,台東区,National,Designated,有形文化財,建造物,building_direct,東照宮社殿
official_export_001:108,fire,13106,台東区,National,Designated,有形文化財,建造物,building_direct,東照宮社殿
official_export_001:109,fire,13106,台東区,National,Designated,有形文化財,建造物,building_direct,東照宮社殿
official_export_001:110,fire,13106,台東区,National,Designated,有形文化財,建造物,building_direct,東照宮社殿
official_export_001:126,fire,13106,台東区,National,Designated,有形文化財,建造物,building_direct,表慶館
official_export_002:28,fire,13106,台東区,National,Registered,有形文化財,建造物,building_direct,伊勢屋店舗兼主屋
official_export_002:29,fire,13106,台東区,National,Registered,有形文化財,建造物,building_direct,市田家住宅裏門
official_export_002:30,fire,13106,台東区,National,Registered,有形文化財,建造物,building_direct,市田家住宅表門
official_export_002:31,fire,13106,台東区,National,Registered,有形文化財,建造物,building_direct,市田家住宅蔵
official_export_002:32,fire,13106,台東区,National,Registered,有形文化財,建造物,building_direct,市田家住宅主屋
official_export_002:40,fire,13106,台東区,National,Registered,有形文化財,建造物,building_direct,今半別館北棟
official_export_002:41,fire,13106,台東区,National,Registered,有形文化財,建造物,building_direct,今半別館玄関棟
official_export_002:42,fire,13106,台東区,National,Registered,有形文化財,建造物,building_direct,今半別館南棟
official_export_002:43,fire,13106,台東区,National,Registered,有形文化財,建造物,building_direct,今半本店北奥座敷
official_export_002:44,fire,13106,台東区,National,Registered,有形文化財,建造物,building_direct,今半本店西奥座敷
official_export_002:45,fire,13106,台東区,National,Registered,有形文化財,建造物,building_direct,今半本店東奥座敷
official_export_002:46,fire,13106,台東区,National,Registered,有形文化財,建造物,building_direct,岩田家住宅和館
official_export_002:107,fire,13106,台東区,National,Registered,有形文化財,建造物,building_direct,神谷バー本館
official_export_002:112,fire,13106,台東区,National,Registered,有形文化財,建造物,building_direct,寛永寺葵の間
official_export_002:113,fire,13106,台東区,National,Registered,有形文化財,建造物,building_direct,寛永寺護国院庫裏
official_export_002:114,fire,13106,台東区,National,Registered,有形文化財,建造物,building_direct,寛永寺根本中堂
official_export_002:115,fire,13106,台東区,National,Registered,有形文化財,建造物,building_direct,寛永寺渋沢家霊堂
official_export_002:124,fire,13106,台東区,National,Registered,有形文化財,建造物,building_direct,観音寺客殿
official_export_002:125,fire,13106,台東区,National,Registered,有形文化財,建造物,building_direct,観音寺築地塀
official_export_002:132,fire,13106,台東区,National,Registered,有形文化財,建造物,building_direct,ギャラリー・エフ蔵(株式会社淵川金属事務所)
official_export_002:139,fire,13106,台東区,National,Registered,有形文化財,建造物,building_direct,旧井阪屋本店河合ビル
official_export_002:140,fire,13106,台東区,National,Registered,有形文化財,建造物,building_direct,旧井阪屋本店河合ビル稲荷社
official_export_002:144,fire,13106,台東区,National,Registered,有形文化財,建造物,building_direct,旧柏湯
official_export_002:145,fire,13106,台東区,National,Registered,有形文化財,建造物,building_direct,旧唐木田家住宅主屋
official_export_002:147,fire,13106,台東区,National,Registered,有形文化財,建造物,building_direct,旧川嶋屋米倉庫
official_export_002:148,fire,13106,台東区,National,Registered,有形文化財,建造物,building_direct,旧川嶋屋店舗兼住居
official_export_002:195,fire,13106,台東区,National,Registered,有形文化財,建造物,building_direct,教證寺客殿
official_export_002:196,fire,13106,台東区,National,Registered,有形文化財,建造物,building_direct,教證寺本堂
official_export_002:205,fire,13106,台東区,National,Registered,有形文化財,建造物,building_direct,黒沢ビル
official_export_002:243,fire,13106,台東区,National,Registered,有形文化財,建造物,building_direct,西徳寺本堂
official_export_002:274,fire,13106,台東区,National,Registered,有形文化財,建造物,building_direct,すぺーす小倉屋蔵
official_export_002:275,fire,13106,台東区,National,Registered,有形文化財,建造物,building_direct,すぺーす小倉屋店舗
official_export_002:282,fire,13106,台東区,National,Registered,有形文化財,建造物,building_direct,タイガービルヂング
official_export_002:283,fire,13106,台東区,National,Registered,有形文化財,建造物,building_direct,台東区立朝倉彫塑館東屋
official_export_002:284,fire,13106,台東区,National,Registered,有形文化財,建造物,building_direct,台東区立朝倉彫塑館アトリエ棟
official_export_002:285,fire,13106,台東区,National,Registered,有形文化財,建造物,building_direct,台東区立朝倉彫塑館旧アトリエ
official_export_002:286,fire,13106,台東区,National,Registered,有形文化財,建造物,building_direct,台東区立朝倉彫塑館住居
official_export_002:311,fire,13106,台東区,National,Registered,有形文化財,建造物,building_direct,茶寮一松表門及び塀
official_export_002:312,fire,13106,台東区,National,Registered,有形文化財,建造物,building_direct,茶寮一松店舗及び住居
official_export_002:325,fire,13106,台東区,National,Registered,有形文化財,建造物,building_direct,燕湯
official_export_002:326,fire,13106,台東区,National,Registered,有形文化財,建造物,building_direct,手焼せんべい嵯峨の家店舗
official_export_002:357,fire,13106,台東区,National,Registered,有形文化財,建造物,building_direct,東京地下鉄銀座線浅草駅四番出入口上家
official_export_002:362,fire,13106,台東区,National,Registered,有形文化財,建造物,building_direct,東京文化財研究所黒田記念館書庫
official_export_002:363,fire,13106,台東区,National,Registered,有形文化財,建造物,building_direct,東京文化財研究所黒田記念館本館
official_export_002:367,fire,13106,台東区,National,Registered,有形文化財,建造物,building_direct,中江店舗
official_export_002:376,fire,13106,台東区,National,Registered,有形文化財,建造物,building_direct,難波商店店舗兼主屋
official_export_002:385,fire,13106,台東区,National,Registered,有形文化財,建造物,building_direct,日本聖公会浅草聖ヨハネ教会
official_export_002:394,fire,13106,台東区,National,Registered,有形文化財,建造物,building_direct,花重店舗
official_export_003:2,fire,13106,台東区,National,Designated,記念物,天然記念物,point,伊能忠敬墓
official_export_003:14,fire,13106,台東区,National,Designated,記念物,天然記念物,point,蒲生君平墓
official_export_003:16,fire,13106,台東区,National,Designated,記念物,天然記念物,point,旧朝倉文夫氏庭園
official_export_003:42,fire,13106,台東区,National,Designated,記念物,天然記念物,point,高橋至時墓
official_export_003:59,fire,13106,台東区,National,Designated,記念物,天然記念物,point,平賀源内墓
official_export_003:72,fire,13106,台東区,National,Designated,記念物,天然記念物,point,横山大観旧宅及び庭園
95,fire,13107,墨田区,Tokyo Metropolitan,Designated,有形文化財,歴史資料,point,石造明暦大火横死者等供養塔
171,fire,13107,墨田区,Tokyo Metropolitan,Designated,記念物,旧跡,point,赤穂浪士元禄義挙の跡
172,fire,13107,墨田区,Tokyo Metropolitan,Designated,記念物,旧跡,point,加藤千蔭墓
173,fire,13107,墨田区,Tokyo Metropolitan,Designated,記念物,旧跡,point,磐瀬京伝墓
174,fire,13107,墨田区,Tokyo Metropolitan,Designated,記念物,旧跡,point,磐瀬京山墓
197,fire,13107,墨田区,Tokyo Metropolitan,Designated,記念物,名勝,point,旧安田庭園
131075100001,fire,13107,墨田区,Municipal,Unknown,有形文化財,建造物,building_direct,牛嶋神社石造鳥居
131075100002,fire,13107,墨田区,Municipal,Unknown,有形文化財,建造物,building_direct,白髭神社石造鳥居
131075100003,fire,13107,墨田区,Municipal,Unknown,有形文化財,建造物,building_direct,多聞寺山門
131075100004,fire,13107,墨田区,Municipal,Unknown,有形文化財,建造物,building_direct,旧小山家住宅
131075100006,fire,13107,墨田区,Municipal,Unknown,有形文化財,建造物,building_direct,三囲神社石造鳥居(堤下の大鳥居)
131075100007,fire,13107,墨田区,Municipal,Unknown,有形文化財,建造物,building_direct,弘福寺本堂(大雄寳殿)
131075100008,fire,13107,墨田区,Municipal,Unknown,有形文化財,建造物,building_direct,三囲神社本社
131075100010,fire,13107,墨田区,Municipal,Unknown,有形文化財,建造物,building_direct,牛嶋神社社殿
131075100011,fire,13107,墨田区,Municipal,Unknown,有形文化財,建造物,building_direct,牛嶋神社神輿蔵
131075100012,fire,13107,墨田区,Municipal,Unknown,有形文化財,建造物,building_direct,隅田川神社社殿
131075100014,fire,13107,墨田区,Municipal,Unknown,有形文化財,建造物,building_direct,實相寺熊谷稲荷堂 附再建関連文書ニ点・青図三枚・写真一点
131075100016,fire,13107,墨田区,Municipal,Unknown,有形文化財,歴史資料,point,楢崎宗重博士旧蔵美術資料群(楢崎宗重コレクション)
131075100017,fire,13107,墨田区,Municipal,Unknown,有形文化財,歴史資料,point,紙本着色「隅田川両岸景色図」一巻
131075100047,fire,13107,墨田区,Municipal,Unknown,有形文化財,歴史資料,point,都鳥手鑑 ※非公開
131075100048,fire,13107,墨田区,Municipal,Unknown,有形文化財,歴史資料,point,正福寺の板碑
131075100049,fire,13107,墨田区,Municipal,Unknown,有形文化財,歴史資料,point,法泉寺所蔵板碑 ※非公開
131075100050,fire,13107,墨田区,Municipal,Unknown,有形文化財,歴史資料,point,啓運閣所蔵板碑 ※非公開
131075100052,fire,13107,墨田区,Municipal,Unknown,有形文化財,歴史資料,point,松尾芭蕉「いざさらば」の句碑 (雪見の句碑)
131075100053,fire,13107,墨田区,Municipal,Unknown,有形文化財,歴史資料,point,橋本家旧蔵板碑
131075100054,fire,13107,墨田区,Municipal,Unknown,有形文化財,歴史資料,point,烏亭焉馬「いそがずば」の狂歌碑
131075100055,fire,13107,墨田区,Municipal,Unknown,有形文化財,歴史資料,point,宝井其角「ゆうだちや」の句碑 (雨乞いの句碑)
131075100056,fire,13107,墨田区,Municipal,Unknown,有形文化財,歴史資料,point,秋葉神社の石造燈籠 寛保元年銘 二基 宝永元年銘 二基 宝永二年銘 二基
131075100057,fire,13107,墨田区,Municipal,Unknown,有形文化財,歴史資料,point,蓮花寺の石柱道標 文化十五年銘 一基 文政五年銘 一基
131075100058,fire,13107,墨田区,Municipal,Unknown,有形文化財,歴史資料,point,要津寺雪中庵関係石碑群
131075100059,fire,13107,墨田区,Municipal,Unknown,有形文化財,歴史資料,point,多聞寺の板碑
131075100061,fire,13107,墨田区,Municipal,Unknown,有形文化財,歴史資料,point,石造海難供養碑
131075100062,fire,13107,墨田区,Municipal,Unknown,有形文化財,歴史資料,point,三囲神社の石造常夜燈
131075100063,fire,13107,墨田区,Municipal,Unknown,有形文化財,歴史資料,point,石造墨堤永代常夜燈
131075100064,fire,13107,墨田区,Municipal,Unknown,有形文化財,歴史資料,point,吾嬬神社の連理の楠
131075100065,fire,13107,墨田区,Municipal,Unknown,有形文化財,歴史資料,point,墨堤植桜之碑
131075100066,fire,13107,墨田区,Municipal,Unknown,有形文化財,歴史資料,point,絹本墨書扁額「明明徳」
131075100067,fire,13107,墨田区,Municipal,Unknown,有形文化財,歴史資料,point,歌川豊広辞世の狂歌碑
131075100068,fire,13107,墨田区,Municipal,Unknown,有形文化財,歴史資料,point,石造標柱「隅田公園入口」
131075100069,fire,13107,墨田区,Municipal,Unknown,有形文化財,歴史資料,point,石造「夜寉井銘」の碑
131075100070,fire,13107,墨田区,Municipal,Unknown,有形文化財,歴史資料,point,生月鯨太左衛門の墓 ※非公開
131075100071,fire,13107,墨田区,Municipal,Unknown,有形文化財,歴史資料,point,無縁法界塔
131075100072,fire,13107,墨田区,Municipal,Unknown,有形文化財,歴史資料,point,板坂如春の碑(2基)
131075100073,fire,13107,墨田区,Municipal,Unknown,有形文化財,歴史資料,point,芥川家旧蔵雛人形
131075100074,fire,13107,墨田区,Municipal,Unknown,有形文化財,歴史資料,point,「天下之糸平」の碑
131075100075,fire,13107,墨田区,Municipal,Unknown,有形文化財,歴史資料,point,大石三平墓
131075100076,fire,13107,墨田区,Municipal,Unknown,有形文化財,歴史資料,point,江島杉山神社の銅製釣燈籠
131075100077,fire,13107,墨田区,Municipal,Unknown,有形文化財,歴史資料,point,佐羽淡斎「墨多三絶」の漢詩碑
131075100078,fire,13107,墨田区,Municipal,Unknown,有形文化財,歴史資料,point,亀田鵬斎「題隅田堤櫻花」の漢詩碑
131075100079,fire,13107,墨田区,Municipal,Unknown,有形文化財,歴史資料,point,「吾嬬森碑」
131075100080,fire,13107,墨田区,Municipal,Unknown,有形文化財,歴史資料,point,近松門左衛門供養碑(断片) ※非公開
131075100081,fire,13107,墨田区,Municipal,Unknown,有形文化財,歴史資料,point,「一勇斎歌川先生墓表」(歌川国芳顕彰碑)
131075100082,fire,13107,墨田区,Municipal,Unknown,有形文化財,歴史資料,point,「勝川春英翁略傳」の碑
131075100083,fire,13107,墨田区,Municipal,Unknown,有形文化財,歴史資料,point,初代歌川豊国筆塚(断片)
131075100084,fire,13107,墨田区,Municipal,Unknown,有形文化財,歴史資料,point,窪俊満「故郷の」の歌碑
131075100085,fire,13107,墨田区,Municipal,Unknown,有形文化財,歴史資料,point,鈴木家旧蔵雛人形
131075100086,fire,13107,墨田区,Municipal,Unknown,有形文化財,歴史資料,point,太田氏七代供養塔
131075100087,fire,13107,墨田区,Municipal,Unknown,有形文化財,歴史資料,point,旗本太田資同墓碑
131075100088,fire,13107,墨田区,Municipal,Unknown,有形文化財,歴史資料,point,隅田川神社資料
131075100089,fire,13107,墨田区,Municipal,Unknown,有形文化財,歴史資料,point,矢掛弓雄関係石碑群
131075100090,fire,13107,墨田区,Municipal,Unknown,有形文化財,歴史資料,point,木阿弥(元杢網)「けふよりも」の歌碑
131075100091,fire,13107,墨田区,Municipal,Unknown,有形文化財,歴史資料,point,義士墓(那珂湊戦争関連資料)
131075100092,fire,13107,墨田区,Municipal,Unknown,有形文化財,歴史資料,point,回向院の石造歴史災害供養塔群
131075100095,fire,13107,墨田区,Municipal,Unknown,民俗文化財,有形民俗文化財,point,牛嶋神社の石造狛犬 享保十四年銘 一対 文政十年銘 一対
131075100096,fire,13107,墨田区,Municipal,Unknown,民俗文化財,有形民俗文化財,point,三囲神社の石造狛犬
131075100097,fire,13107,墨田区,Municipal,Unknown,民俗文化財,有形民俗文化財,point,如意輪寺の六面六地蔵石幢
131075100098,fire,13107,墨田区,Municipal,Unknown,民俗文化財,有形民俗文化財,point,正福寺の石造阿弥陀如来立像
131075100099,fire,13107,墨田区,Municipal,Unknown,民俗文化財,有形民俗文化財,point,多聞寺の石造庚申塔(阿弥陀如来)
131075100100,fire,13107,墨田区,Municipal,Unknown,民俗文化財,有形民俗文化財,point,圓徳寺の石造庚申塔(釈迦如来)
131075100101,fire,13107,墨田区,Municipal,Unknown,民俗文化財,有形民俗文化財,point,吾嬬神社の石造狛犬
131075100103,fire,13107,墨田区,Municipal,Unknown,民俗文化財,有形民俗文化財,point,萬福寺の石造庚申塔 (青面金剛童子)
131075100104,fire,13107,墨田区,Municipal,Unknown,民俗文化財,有形民俗文化財,point,白鬚神社の石造狛犬
131075100105,fire,13107,墨田区,Municipal,Unknown,民俗文化財,有形民俗文化財,point,香取神社の石造水鉢(禊盥)
131075100106,fire,13107,墨田区,Municipal,Unknown,民俗文化財,有形民俗文化財,point,牛嶋神社の石造神牛
131075100107,fire,13107,墨田区,Municipal,Unknown,民俗文化財,有形民俗文化財,point,三囲神社の石造神狐
131075100108,fire,13107,墨田区,Municipal,Unknown,民俗文化財,有形民俗文化財,point,長命寺の石造庚申塔 (地蔵菩薩)
131075100109,fire,13107,墨田区,Municipal,Unknown,民俗文化財,有形民俗文化財,point,正覚寺の石造庚申塔(青面金剛童子)
131075100110,fire,13107,墨田区,Municipal,Unknown,民俗文化財,有形民俗文化財,point,回向院の石造阿弥陀三尊立像
131075100111,fire,13107,墨田区,Municipal,Unknown,民俗文化財,有形民俗文化財,point,円通寺の石造地蔵菩薩立像
131075100112,fire,13107,墨田区,Municipal,Unknown,民俗文化財,有形民俗文化財,point,多聞寺の石造六地蔵坐像
131075100113,fire,13107,墨田区,Municipal,Unknown,民俗文化財,有形民俗文化財,point,法泉寺の石造地蔵菩薩立像
131075100114,fire,13107,墨田区,Municipal,Unknown,民俗文化財,有形民俗文化財,point,東漸寺の石造庚申道標
131075100115,fire,13107,墨田区,Municipal,Unknown,民俗文化財,有形民俗文化財,point,牛嶋神社境内力石群
131075100116,fire,13107,墨田区,Municipal,Unknown,民俗文化財,有形民俗文化財,point,力石
131075100117,fire,13107,墨田区,Municipal,Unknown,民俗文化財,有形民俗文化財,point,吾嬬神社境内力石群
131075100118,fire,13107,墨田区,Municipal,Unknown,民俗文化財,有形民俗文化財,point,牛嶋神社石造神牛(撫牛)
131075100119,fire,13107,墨田区,Municipal,Unknown,民俗文化財,有形民俗文化財,point,鼠小僧供養碑(鼠小僧の墓)
131075100120,fire,13107,墨田区,Municipal,Unknown,民俗文化財,有形民俗文化財,point,安藤家旧蔵田舟
131075100121,fire,13107,墨田区,Municipal,Unknown,民俗文化財,有形民俗文化財,point,江島杉山神社境内力石
131075100122,fire,13107,墨田区,Municipal,Unknown,民俗文化財,有形民俗文化財,point,山玉向嶋講社の碑
131075100123,fire,13107,墨田区,Municipal,Unknown,民俗文化財,有形民俗文化財,point,山玉向嶋講社の碑
131075100124,fire,13107,墨田区,Municipal,Unknown,民俗文化財,有形民俗文化財,point,出羽三山の碑
131075100125,fire,13107,墨田区,Municipal,Unknown,民俗文化財,有形民俗文化財,point,柳嶋村念仏講道具一式 附関連文書
131075100149,fire,13107,墨田区,Municipal,Unknown,民俗文化財,無形民俗文化財(民俗芸能),point,隅田囃子(箕輪囃子)
131075100150,fire,13107,墨田区,Municipal,Unknown,民俗文化財,無形民俗文化財(風俗慣習),point,隅田川七福神めぐり
131075100151,fire,13107,墨田区,Municipal,Unknown,記念物,史跡,point,肥前平戸藩松浦家墓所 ※非公開
131075100152,fire,13107,墨田区,Municipal,Unknown,記念物,史跡,point,橘守部墓・橘冬照墓
131075100153,fire,13107,墨田区,Municipal,Unknown,記念物,史跡,point,池田冠山墓
131075100154,fire,13107,墨田区,Municipal,Unknown,記念物,史跡,point,常陸笠間藩牧野家墓所 ※非公開
131075100155,fire,13107,墨田区,Municipal,Unknown,記念物,史跡,point,回向院相撲関係石碑群(力塚)
131075100156,fire,13107,墨田区,Municipal,Unknown,記念物,天然記念物,point,飛木稲荷神社のイチョウ
131075100157,fire,13107,墨田区,Municipal,Unknown,記念物,名勝,point,墨堤の桜
official_export_002:99,fire,13107,墨田区,National,Registered,有形文化財,建造物,building_direct,割烹美家古向島本店店舗
official_export_002:276,fire,13107,墨田区,National,Registered,有形文化財,建造物,building_direct,墨田区立言問小学校校舎
official_export_002:277,fire,13107,墨田区,National,Registered,有形文化財,建造物,building_direct,墨田区立言問小学校講堂
official_export_002:327,fire,13107,墨田区,National,Registered,有形文化財,建造物,building_direct,照田家住宅主屋
official_export_003:65,fire,13107,墨田区,National,Designated,記念物,天然記念物,point,向島百花園
198,fire,13108,江東区,Tokyo Metropolitan,Designated,記念物,名勝,point,清澄庭園
131083000000.0,fire,13108,江東区,National,Designated,有形文化財,建造物,building_direct,清洲橋
official_export_001:100,fire,13108,江東区,National,Designated,有形文化財,建造物,building_direct,旧弾正橋(八幡橋)
official_export_001:193,fire,13108,江東区,National,Designated,有形文化財,建造物,building_direct,明治丸
official_export_002:166,fire,13108,江東区,National,Registered,有形文化財,建造物,building_direct,旧東京市深川食堂
official_export_002:333,fire,13108,江東区,National,Registered,有形文化財,建造物,building_direct,東京商船大学1号館
official_export_002:334,fire,13108,江東区,National,Registered,有形文化財,建造物,building_direct,東京商船大学旧天体観測所(第一観測台)
official_export_002:335,fire,13108,江東区,National,Registered,有形文化財,建造物,building_direct,東京商船大学旧天体観測所(第二観測台)
official_export_002:336,fire,13108,江東区,National,Registered,有形文化財,建造物,building_direct,東京商船大学事務局管理棟
official_export_002:337,fire,13108,江東区,National,Registered,有形文化財,建造物,building_direct,東京商船大学2号館
official_export_003:62,fire,13108,江東区,National,Designated,記念物,天然記念物,point,松平定信墓
4,fire,13109,品川区,Tokyo Metropolitan,Designated,有形文化財,建造物,building_direct,旧島津公爵家袖ヶ崎本邸洋館(清泉女子大学本館)
official_export_001:39,fire,13109,品川区,National,Designated,有形文化財,建造物,building_direct,旧島津家本邸
official_export_001:128,fire,13109,品川区,National,Designated,有形文化財,建造物,building_direct,宝篋印塔
official_export_002:157,fire,13109,品川区,National,Registered,有形文化財,建造物,building_direct,旧品川警察署品川橋交通待機所
official_export_002:178,fire,13109,品川区,National,Registered,有形文化財,建造物,building_direct,旧三井文庫第二書庫
official_export_002:207,fire,13109,品川区,National,Registered,有形文化財,建造物,building_direct,小池家住宅主屋
official_export_002:255,fire,13109,品川区,National,Registered,有形文化財,建造物,building_direct,十四世喜多六平太記念能楽堂
official_export_002:371,fire,13109,品川区,National,Registered,有形文化財,建造物,building_direct,長濱家住宅主屋
official_export_002:372,fire,13109,品川区,National,Registered,有形文化財,建造物,building_direct,長濱家住宅門
official_export_002:392,fire,13109,品川区,National,Registered,有形文化財,建造物,building_direct,旗岡八幡神社絵馬殿
official_export_003:9,fire,13109,品川区,National,Designated,記念物,天然記念物,point,大森貝塚
official_export_003:15,fire,13109,品川区,National,Designated,記念物,天然記念物,point,加茂真淵墓
official_export_003:18,fire,13109,品川区,National,Designated,記念物,天然記念物,point,旧白金御料地
official_export_003:44,fire,13109,品川区,National,Designated,記念物,天然記念物,point,沢庵墓
5,fire,13110,目黒区,Tokyo Metropolitan,Designated,有形文化財,建造物,building_direct,滝泉寺前不動堂
96,fire,13110,目黒区,Tokyo Metropolitan,Designated,有形文化財,歴史資料,point,大円寺石仏群
97,fire,13110,目黒区,Tokyo Metropolitan,Designated,有形文化財,歴史資料,point,文化4年永代橋崩落横死者供養塔及び石碑
official_export_001:15,fire,13110,目黒区,National,Designated,有形文化財,建造物,building_direct,円融寺本堂
official_export_001:44,fire,13110,目黒区,National,Designated,有形文化財,建造物,building_direct,旧前田家本邸
official_export_001:45,fire,13110,目黒区,National,Designated,有形文化財,建造物,building_direct,旧前田家本邸
official_export_001:46,fire,13110,目黒区,National,Designated,有形文化財,建造物,building_direct,旧前田家本邸
official_export_001:47,fire,13110,目黒区,National,Designated,有形文化財,建造物,building_direct,旧前田家本邸
official_export_001:48,fire,13110,目黒区,National,Designated,有形文化財,建造物,building_direct,旧前田家本邸
official_export_001:49,fire,13110,目黒区,National,Designated,有形文化財,建造物,building_direct,旧前田家本邸
official_export_001:50,fire,13110,目黒区,National,Designated,有形文化財,建造物,building_direct,旧前田家本邸
official_export_001:51,fire,13110,目黒区,National,Designated,有形文化財,建造物,building_direct,旧前田家本邸
official_export_001:94,fire,13110,目黒区,National,Designated,有形文化財,建造物,building_direct,尊經閣文庫
official_export_001:95,fire,13110,目黒区,National,Designated,有形文化財,建造物,building_direct,尊經閣文庫
official_export_001:96,fire,13110,目黒区,National,Designated,有形文化財,建造物,building_direct,尊經閣文庫
official_export_001:97,fire,13110,目黒区,National,Designated,有形文化財,建造物,building_direct,尊經閣文庫
official_export_002:4,fire,13110,目黒区,National,Registered,有形文化財,建造物,building_direct,浅田家住宅主屋
official_export_002:80,fire,13110,目黒区,National,Registered,有形文化財,建造物,building_direct,海福寺本堂
official_export_002:159,fire,13110,目黒区,National,Registered,有形文化財,建造物,building_direct,旧砂堀医院
official_export_002:161,fire,13110,目黒区,National,Registered,有形文化財,建造物,building_direct,旧園田家住宅スタジオ
official_export_002:330,fire,13110,目黒区,National,Registered,有形文化財,建造物,building_direct,東京工業大学大岡山西一号館(旧分析化学実験室)
official_export_002:331,fire,13110,目黒区,National,Registered,有形文化財,建造物,building_direct,東京工業大学七〇周年記念講堂
official_export_002:332,fire,13110,目黒区,National,Registered,有形文化財,建造物,building_direct,東京工業大学本館
official_export_002:346,fire,13110,目黒区,National,Registered,有形文化財,建造物,building_direct,東京大学教養学部旧第一高等学校本館(時計台)
official_export_002:349,fire,13110,目黒区,National,Registered,有形文化財,建造物,building_direct,東京大学先端科学技術研究センター十三号館(旧東京帝国大学航空研究所本館)
official_export_002:466,fire,13110,目黒区,National,Registered,有形文化財,建造物,building_direct,祐天寺表門
official_export_002:467,fire,13110,目黒区,National,Registered,有形文化財,建造物,building_direct,祐天寺地蔵堂
official_export_002:468,fire,13110,目黒区,National,Registered,有形文化財,建造物,building_direct,祐天寺地蔵堂門
official_export_002:469,fire,13110,目黒区,National,Registered,有形文化財,建造物,building_direct,祐天寺書院
official_export_002:470,fire,13110,目黒区,National,Registered,有形文化財,建造物,building_direct,祐天寺鐘楼
official_export_002:471,fire,13110,目黒区,National,Registered,有形文化財,建造物,building_direct,祐天寺本堂
official_export_002:472,fire,13110,目黒区,National,Registered,有形文化財,建造物,building_direct,祐天寺水屋
official_export_003:0,fire,13110,目黒区,National,Designated,記念物,天然記念物,point,青木昆陽墓
112,fire,13111,大田区,Tokyo Metropolitan,Designated,記念物,史跡,point,奥絵師狩野家墓所
113,fire,13111,大田区,Tokyo Metropolitan,Designated,記念物,史跡,point,宝?山古墳
114,fire,13111,大田区,Tokyo Metropolitan,Designated,記念物,史跡,point,多摩川台古墳群
175,fire,13111,大田区,Tokyo Metropolitan,Designated,記念物,旧跡,point,日蓮上人入滅の旧跡
official_export_001:3,fire,13111,大田区,National,Designated,有形文化財,建造物,building_direct,池上本門寺宝塔
official_export_001:131,fire,13111,大田区,National,Designated,有形文化財,建造物,building_direct,本門寺五重塔
official_export_002:35,fire,13111,大田区,National,Registered,有形文化財,建造物,building_direct,伊藤家住宅主屋
official_export_002:47,fire,13111,大田区,National,Registered,有形文化財,建造物,building_direct,位田家住宅主屋
official_export_002:77,fire,13111,大田区,National,Registered,有形文化財,建造物,building_direct,御嶽神社社務所
official_export_002:78,fire,13111,大田区,National,Registered,有形文化財,建造物,building_direct,御嶽神社水行堂
official_export_002:79,fire,13111,大田区,National,Registered,有形文化財,建造物,building_direct,御嶽神社末社一山神社祖霊社
official_export_002:98,fire,13111,大田区,National,Registered,有形文化財,建造物,building_direct,数江家住宅主屋
official_export_002:111,fire,13111,大田区,National,Registered,有形文化財,建造物,building_direct,河原家住宅主屋
official_export_002:149,fire,13111,大田区,National,Registered,有形文化財,建造物,building_direct,旧川端龍子邸主屋及び中門
official_export_002:150,fire,13111,大田区,National,Registered,有形文化財,建造物,building_direct,旧川端龍子邸画室
official_export_002:151,fire,13111,大田区,National,Registered,有形文化財,建造物,building_direct,旧川端龍子邸持仏堂
official_export_002:152,fire,13111,大田区,National,Registered,有形文化財,建造物,building_direct,旧川端龍子邸仏間棟
official_export_002:160,fire,13111,大田区,National,Registered,有形文化財,建造物,building_direct,旧清明文庫
official_export_002:247,fire,13111,大田区,National,Registered,有形文化財,建造物,building_direct,実相寺本堂
official_export_002:248,fire,13111,大田区,National,Registered,有形文化財,建造物,building_direct,実相寺門
official_export_002:261,fire,13111,大田区,National,Registered,有形文化財,建造物,building_direct,松風荘主屋
official_export_002:262,fire,13111,大田区,National,Registered,有形文化財,建造物,building_direct,松風荘待合
official_export_002:263,fire,13111,大田区,National,Registered,有形文化財,建造物,building_direct,松風荘門
official_export_002:264,fire,13111,大田区,National,Registered,有形文化財,建造物,building_direct,昭和のくらし博物館(旧小泉家住宅主屋)
official_export_002:296,fire,13111,大田区,National,Registered,有形文化財,建造物,building_direct,高橋診療所
official_export_002:302,fire,13111,大田区,National,Registered,有形文化財,建造物,building_direct,竹中家住宅主屋
official_export_002:315,fire,13111,大田区,National,Registered,有形文化財,建造物,building_direct,塚﨑家住宅主屋
official_export_002:316,fire,13111,大田区,National,Registered,有形文化財,建造物,building_direct,塚﨑家住宅門及び塀
official_export_002:366,fire,13111,大田区,National,Registered,有形文化財,建造物,building_direct,鳥海家住宅主屋
official_export_002:430,fire,13111,大田区,National,Registered,有形文化財,建造物,building_direct,三橋家住宅主屋
official_export_002:437,fire,13111,大田区,National,Registered,有形文化財,建造物,building_direct,妙福寺祖師堂(旧七面大明神堂)
official_export_002:455,fire,13111,大田区,National,Registered,有形文化財,建造物,building_direct,守屋家住宅主屋
official_export_002:458,fire,13111,大田区,National,Registered,有形文化財,建造物,building_direct,山﨑家住宅主屋
official_export_002:474,fire,13111,大田区,National,Registered,有形文化財,建造物,building_direct,吉川家住宅主屋
official_export_002:477,fire,13111,大田区,National,Registered,有形文化財,建造物,building_direct,萬屋酒店
official_export_002:478,fire,13111,大田区,National,Registered,有形文化財,建造物,building_direct,龍子記念館
official_export_002:480,fire,13111,大田区,National,Registered,有形文化財,建造物,building_direct,私の家(清家清自邸)
official_export_003:13,fire,13111,大田区,National,Designated,記念物,天然記念物,point,亀甲山古墳
6,fire,13112,世田谷区,Tokyo Metropolitan,Designated,有形文化財,建造物,building_direct,武家屋敷門
115,fire,13112,世田谷区,Tokyo Metropolitan,Designated,記念物,史跡,point,野毛大塚古墳
116,fire,13112,世田谷区,Tokyo Metropolitan,Designated,記念物,史跡,point,世田谷代官屋敷
117,fire,13112,世田谷区,Tokyo Metropolitan,Designated,記念物,史跡,point,等々力渓谷三号横穴
118,fire,13112,世田谷区,Tokyo Metropolitan,Designated,記念物,史跡,point,徳冨蘆花旧宅
199,fire,13112,世田谷区,Tokyo Metropolitan,Designated,記念物,名勝,point,等々力渓谷
207,fire,13112,世田谷区,Tokyo Metropolitan,Designated,記念物,天然記念物,point,九品仏のカヤ
208,fire,13112,世田谷区,Tokyo Metropolitan,Designated,記念物,天然記念物,point,九品仏のイチョウ
209,fire,13112,世田谷区,Tokyo Metropolitan,Designated,記念物,天然記念物,point,善養寺のカヤ
210,fire,13112,世田谷区,Tokyo Metropolitan,Designated,記念物,天然記念物,point,桜小学校のオオアカガシ
official_export_001:16,fire,13112,世田谷区,National,Designated,有形文化財,建造物,building_direct,大場家住宅(東京都世田谷区世田谷)
official_export_001:17,fire,13112,世田谷区,National,Designated,有形文化財,建造物,building_direct,大場家住宅(東京都世田谷区世田谷)
official_export_002:17,fire,13112,世田谷区,National,Registered,有形文化財,建造物,building_direct,池上家住宅主屋
official_export_002:89,fire,13112,世田谷区,National,Registered,有形文化財,建造物,building_direct,樫尾俊雄発明記念館(旧樫尾家住宅主屋)
official_export_002:104,fire,13112,世田谷区,National,Registered,有形文化財,建造物,building_direct,鎌田家住宅主屋
official_export_002:105,fire,13112,世田谷区,National,Registered,有形文化財,建造物,building_direct,鎌田家住宅離れ
official_export_002:106,fire,13112,世田谷区,National,Registered,有形文化財,建造物,building_direct,鎌田家住宅門及び塀
official_export_002:108,fire,13112,世田谷区,National,Registered,有形文化財,建造物,building_direct,亀井家住宅主屋
official_export_002:110,fire,13112,世田谷区,National,Registered,有形文化財,建造物,building_direct,河津家住宅主屋
official_export_002:223,fire,13112,世田谷区,National,Registered,有形文化財,建造物,building_direct,国士舘大講堂
official_export_002:236,fire,13112,世田谷区,National,Registered,有形文化財,建造物,building_direct,五島美術館古経楼
official_export_002:237,fire,13112,世田谷区,National,Registered,有形文化財,建造物,building_direct,五島美術館冨士見亭
official_export_002:238,fire,13112,世田谷区,National,Registered,有形文化財,建造物,building_direct,五島美術館本館
official_export_002:239,fire,13112,世田谷区,National,Registered,有形文化財,建造物,building_direct,駒澤大学旧図書館(禅文化歴史博物館・耕雲館)
official_export_002:245,fire,13112,世田谷区,National,Registered,有形文化財,建造物,building_direct,坂間家住宅主屋
official_export_002:251,fire,13112,世田谷区,National,Registered,有形文化財,建造物,building_direct,志村家住宅門及び石垣
official_export_002:317,fire,13112,世田谷区,National,Registered,有形文化財,建造物,building_direct,築山家住宅石垣
official_export_002:318,fire,13112,世田谷区,National,Registered,有形文化財,建造物,building_direct,築山家住宅主屋
official_export_002:319,fire,13112,世田谷区,National,Registered,有形文化財,建造物,building_direct,築山家住宅水蓮池
official_export_002:320,fire,13112,世田谷区,National,Registered,有形文化財,建造物,building_direct,築山家住宅門
official_export_002:378,fire,13112,世田谷区,National,Registered,有形文化財,建造物,building_direct,日本学園一号館
official_export_002:381,fire,13112,世田谷区,National,Registered,有形文化財,建造物,building_direct,日本基督教団富士見丘教会
official_export_002:386,fire,13112,世田谷区,National,Registered,有形文化財,建造物,building_direct,日本聖公会東京教区東京聖十字教会聖堂
official_export_002:389,fire,13112,世田谷区,National,Registered,有形文化財,建造物,building_direct,萩原家住宅
official_export_002:391,fire,13112,世田谷区,National,Registered,有形文化財,建造物,building_direct,長谷川家住宅
official_export_002:403,fire,13112,世田谷区,National,Registered,有形文化財,建造物,building_direct,平田家住宅主屋
official_export_002:405,fire,13112,世田谷区,National,Registered,有形文化財,建造物,building_direct,平田家住宅門及び塀
official_export_002:413,fire,13112,世田谷区,National,Registered,有形文化財,建造物,building_direct,ブルーボックスハウス
official_export_002:457,fire,13112,世田谷区,National,Registered,有形文化財,建造物,building_direct,柳澤家住宅主屋
official_export_003:45,fire,13112,世田谷区,National,Designated,記念物,天然記念物,point,玉川上水
official_export_003:61,fire,13112,世田谷区,National,Designated,記念物,天然記念物,point,細井広沢墓
105,fire,13113,渋谷区,Tokyo Metropolitan,Designated,民俗文化財,有形民俗文化財,point,千駄ケ谷の冨士塚
official_export_001:2,fire,13113,渋谷区,National,Designated,有形文化財,建造物,building_direct,旧朝倉家住宅
official_export_001:32,fire,13113,渋谷区,National,Designated,有形文化財,建造物,building_direct,旧朝倉家住宅
official_export_001:36,fire,13113,渋谷区,National,Designated,有形文化財,建造物,building_direct,旧久邇宮邸(聖心女子大学)
official_export_001:143,fire,13113,渋谷区,National,Designated,有形文化財,建造物,building_direct,明治神宮
official_export_001:167,fire,13113,渋谷区,National,Designated,有形文化財,建造物,building_direct,明治神宮
official_export_001:179,fire,13113,渋谷区,National,Designated,有形文化財,建造物,building_direct,明治神宮宝物殿
official_export_001:180,fire,13113,渋谷区,National,Designated,有形文化財,建造物,building_direct,明治神宮宝物殿
official_export_001:181,fire,13113,渋谷区,National,Designated,有形文化財,建造物,building_direct,明治神宮宝物殿
official_export_001:182,fire,13113,渋谷区,National,Designated,有形文化財,建造物,building_direct,明治神宮宝物殿
official_export_001:183,fire,13113,渋谷区,National,Designated,有形文化財,建造物,building_direct,明治神宮宝物殿
official_export_001:184,fire,13113,渋谷区,National,Designated,有形文化財,建造物,building_direct,明治神宮宝物殿
official_export_001:185,fire,13113,渋谷区,National,Designated,有形文化財,建造物,building_direct,明治神宮宝物殿
official_export_001:186,fire,13113,渋谷区,National,Designated,有形文化財,建造物,building_direct,明治神宮宝物殿
official_export_001:187,fire,13113,渋谷区,National,Designated,有形文化財,建造物,building_direct,明治神宮宝物殿
official_export_001:188,fire,13113,渋谷区,National,Designated,有形文化財,建造物,building_direct,明治神宮宝物殿
official_export_001:189,fire,13113,渋谷区,National,Designated,有形文化財,建造物,building_direct,明治神宮宝物殿
official_export_001:190,fire,13113,渋谷区,National,Designated,有形文化財,建造物,building_direct,明治神宮宝物殿
official_export_001:191,fire,13113,渋谷区,National,Designated,有形文化財,建造物,building_direct,明治神宮宝物殿
official_export_001:195,fire,13113,渋谷区,National,Designated,有形文化財,建造物,building_direct,代々木競技場
official_export_001:196,fire,13113,渋谷区,National,Designated,有形文化財,建造物,building_direct,代々木競技場
official_export_002:2,fire,13113,渋谷区,National,Registered,有形文化財,建造物,building_direct,青山学院ベリーホール
official_export_002:3,fire,13113,渋谷区,National,Registered,有形文化財,建造物,building_direct,青山学院間島記念館
official_export_002:76,fire,13113,渋谷区,National,Registered,有形文化財,建造物,building_direct,温故学会会館
official_export_002:249,fire,13113,渋谷区,National,Registered,有形文化財,建造物,building_direct,渋谷区立広尾小学校
official_export_002:257,fire,13113,渋谷区,National,Registered,有形文化財,建造物,building_direct,上宮寺鐘楼
official_export_002:258,fire,13113,渋谷区,National,Registered,有形文化財,建造物,building_direct,上宮寺本堂
official_export_002:259,fire,13113,渋谷区,National,Registered,有形文化財,建造物,building_direct,上宮寺本堂応接部
official_export_002:434,fire,13113,渋谷区,National,Registered,有形文化財,建造物,building_direct,ミュージアム1999(旧千葉常五郎邸)
official_export_002:475,fire,13113,渋谷区,National,Registered,有形文化財,建造物,building_direct,代々木能舞台敷舞台及び座敷
official_export_002:476,fire,13113,渋谷区,National,Registered,有形文化財,建造物,building_direct,代々木能舞台舞台・橋掛・鏡の間
195,fire,13114,中野区,Tokyo Metropolitan,Designated,記念物,名勝,point,哲学堂公園
1000000001,fire,13114,中野区,Tokyo Metropolitan,Designated,記念物,旧跡,point,新井白石墓
1000000002,fire,13114,中野区,Tokyo Metropolitan,Designated,記念物,旧跡,point,鈴木九郎長者墓
1000000003,fire,13114,中野区,National,Designated,記念物,名勝,point,哲学堂公園
1000000004,fire,13114,中野区,Tokyo Metropolitan,Designated,民俗文化財,無形民俗文化財,point,江古田の獅子舞
2000000001,fire,13114,中野区,National,Registered,有形文化財,未細分,building_direct,旧野方配水塔
2000000002,fire,13114,中野区,National,Registered,有形文化財,未細分,building_direct,中村家住宅洋館
2000000003,fire,13114,中野区,National,Registered,有形文化財,未細分,building_direct,細井家住宅主屋
2000000004,fire,13114,中野区,National,Registered,有形文化財,未細分,building_direct,功運寺庫裏・鐘楼・山門
2000000005,fire,13114,中野区,National,Registered,有形文化財,未細分,building_direct,三岸家住宅アトリエ
2000000006,fire,13114,中野区,Municipal,Designated,有形文化財,未細分,building_direct,旧豊多摩監獄表門
official_export_002:172,fire,13114,中野区,National,Registered,有形文化財,建造物,building_direct,旧野方配水塔
official_export_002:208,fire,13114,中野区,National,Registered,有形文化財,建造物,building_direct,功運寺庫裏
official_export_002:209,fire,13114,中野区,National,Registered,有形文化財,建造物,building_direct,功運寺山門
official_export_002:210,fire,13114,中野区,National,Registered,有形文化財,建造物,building_direct,功運寺鐘楼
official_export_002:374,fire,13114,中野区,National,Registered,有形文化財,建造物,building_direct,中村家住宅洋館
official_export_002:424,fire,13114,中野区,National,Registered,有形文化財,建造物,building_direct,三岸家住宅アトリエ
7,fire,13115,杉並区,Tokyo Metropolitan,Designated,有形文化財,建造物,building_direct,妙法寺祖師堂
8,fire,13115,杉並区,Tokyo Metropolitan,Designated,有形文化財,建造物,building_direct,妙法寺書院(御成間)
9,fire,13115,杉並区,Tokyo Metropolitan,Designated,有形文化財,建造物,building_direct,妙法寺仁王門
131156000000.0,fire,13115,杉並区,Municipal,Unknown,民俗文化財,有形民俗文化財,point,寛文四年銘聖観音庚申供養塔
official_export_001:141,fire,13115,杉並区,National,Designated,有形文化財,建造物,building_direct,妙法寺鉄門
official_export_002:16,fire,13115,杉並区,National,Registered,有形文化財,建造物,building_direct,井草幼稚園園舎
official_export_002:34,fire,13115,杉並区,National,Registered,有形文化財,建造物,building_direct,伊藤家住宅主屋
official_export_002:69,fire,13115,杉並区,National,Registered,有形文化財,建造物,building_direct,岡田日帰上人記念講堂
official_export_002:142,fire,13115,杉並区,National,Registered,有形文化財,建造物,building_direct,旧大田黒家住宅蔵
official_export_002:143,fire,13115,杉並区,National,Registered,有形文化財,建造物,building_direct,旧大田黒家住宅洋館
official_export_002:156,fire,13115,杉並区,National,Registered,有形文化財,建造物,building_direct,旧滋賀家住宅主屋
official_export_002:206,fire,13115,杉並区,National,Registered,有形文化財,建造物,building_direct,幻戯山房(旧角川家住宅主屋)
official_export_002:212,fire,13115,杉並区,National,Registered,有形文化財,建造物,building_direct,古宇田家住宅
official_export_002:235,fire,13115,杉並区,National,Registered,有形文化財,建造物,building_direct,小杉湯
official_export_002:278,fire,13115,杉並区,National,Registered,有形文化財,建造物,building_direct,西郊ロッヂング
official_export_002:324,fire,13115,杉並区,National,Registered,有形文化財,建造物,building_direct,辻家住宅旧主屋
official_export_002:338,fire,13115,杉並区,National,Registered,有形文化財,建造物,building_direct,東京女子大学講堂・礼拝堂
official_export_002:339,fire,13115,杉並区,National,Registered,有形文化財,建造物,building_direct,東京女子大学17号館(ライシャワー館)
official_export_002:340,fire,13115,杉並区,National,Registered,有形文化財,建造物,building_direct,東京女子大学14号館(安井記念館)
official_export_002:341,fire,13115,杉並区,National,Registered,有形文化財,建造物,building_direct,東京女子大学16号館(外国人教師館)
official_export_002:342,fire,13115,杉並区,National,Registered,有形文化財,建造物,building_direct,東京女子大学7号館(西校舎)
official_export_002:343,fire,13115,杉並区,National,Registered,有形文化財,建造物,building_direct,東京女子大学本館
official_export_002:344,fire,13115,杉並区,National,Registered,有形文化財,建造物,building_direct,東京女子大学6号館(東校舎)
official_export_002:398,fire,13115,杉並区,National,Registered,有形文化財,建造物,building_direct,ビストロOJI(末光家住宅)
official_export_002:412,fire,13115,杉並区,National,Registered,有形文化財,建造物,building_direct,淵川家住宅主屋
official_export_002:428,fire,13115,杉並区,National,Registered,有形文化財,建造物,building_direct,水口家住宅洋館
official_export_002:479,fire,13115,杉並区,National,Registered,有形文化財,建造物,building_direct,旅館西郊本館
official_export_002:483,fire,13115,杉並区,National,Registered,有形文化財,建造物,building_direct,渡邊家住宅主屋
official_export_003:46,fire,13115,杉並区,National,Designated,記念物,天然記念物,point,荻外荘(近衞文麿旧宅)
10,fire,13116,豊島区,Tokyo Metropolitan,Designated,有形文化財,建造物,building_direct,旧マッケーレブ邸(雑司が谷旧宣教師館)
211,fire,13116,豊島区,Tokyo Metropolitan,Designated,記念物,天然記念物,point,鬼子母神大門ケヤキ並木
212,fire,13116,豊島区,Tokyo Metropolitan,Designated,記念物,天然記念物,point,雑司が谷鬼子母神のイチョウ
11,fire,13116,豊島区,Municipal,Designated,民俗文化財,有形民俗文化財,point,冨士元囃子用具一式(楽器9点、寿獅子、大黒舞用道具類11点
12,fire,13116,豊島区,Municipal,Designated,民俗文化財,無形民俗文化財,point,長崎獅子舞
13,fire,13116,豊島区,Municipal,Designated,民俗文化財,無形民俗文化財,point,冨士元囃子
14,fire,13116,豊島区,Municipal,Designated,民俗文化財,無形民俗文化財,point,雑司が谷鬼子母神御会式万燈練供養
15,fire,13116,豊島区,Municipal,Designated,記念物,史跡,point,池袋富士塚
16,fire,13116,豊島区,Municipal,Registered,有形文化財,未細分,building_direct,重林寺観音堂内厨子覆屋
17,fire,13116,豊島区,Municipal,Registered,有形文化財,未細分,building_direct,安田家住宅
18,fire,13116,豊島区,Municipal,Registered,有形文化財,未細分,building_direct,渡辺弘行・隆根アトリエ
official_export_001:69,fire,13116,豊島区,National,Designated,有形文化財,建造物,building_direct,自由学園明日館
official_export_001:70,fire,13116,豊島区,National,Designated,有形文化財,建造物,building_direct,自由学園明日館
official_export_001:71,fire,13116,豊島区,National,Designated,有形文化財,建造物,building_direct,自由学園明日館
official_export_001:72,fire,13116,豊島区,National,Designated,有形文化財,建造物,building_direct,自由学園明日館
official_export_001:92,fire,13116,豊島区,National,Designated,有形文化財,建造物,building_direct,雑司ケ谷鬼子母神堂
official_export_002:19,fire,13116,豊島区,National,Registered,有形文化財,建造物,building_direct,砂金家長屋
official_export_002:82,fire,13116,豊島区,National,Registered,有形文化財,建造物,building_direct,学習院北別館(旧図書館)
official_export_002:83,fire,13116,豊島区,National,Registered,有形文化財,建造物,building_direct,学習院厩舎
official_export_002:84,fire,13116,豊島区,National,Registered,有形文化財,建造物,building_direct,学習院正門
official_export_002:85,fire,13116,豊島区,National,Registered,有形文化財,建造物,building_direct,学習院西一号館(旧中等科教場)
official_export_002:86,fire,13116,豊島区,National,Registered,有形文化財,建造物,building_direct,学習院乃木館(旧総寮部)
official_export_002:87,fire,13116,豊島区,National,Registered,有形文化財,建造物,building_direct,学習院東別館(旧皇族寮)
official_export_002:88,fire,13116,豊島区,National,Registered,有形文化財,建造物,building_direct,学習院南一号館(旧理科特別教場)
official_export_002:170,fire,13116,豊島区,National,Registered,有形文化財,建造物,building_direct,旧丹羽家住宅蔵
official_export_002:211,fire,13116,豊島区,National,Registered,有形文化財,建造物,building_direct,高岩寺本堂
official_export_002:241,fire,13116,豊島区,National,Registered,有形文化財,建造物,building_direct,金剛院庫裏
official_export_002:242,fire,13116,豊島区,National,Registered,有形文化財,建造物,building_direct,金剛院本堂
official_export_002:281,fire,13116,豊島区,National,Registered,有形文化財,建造物,building_direct,ソルフェージスクール
official_export_002:375,fire,13116,豊島区,National,Registered,有形文化財,建造物,building_direct,並木ハウス
176,fire,13118,荒川区,Unknown,Unknown,未判定,未細分,point,彰義隊戦死者墓
214,fire,13118,荒川区,Unknown,Unknown,未判定,未細分,point,延命院のシイ
121,fire,13119,板橋区,Unknown,Unknown,未判定,未細分,point,茂呂遺跡
177,fire,13119,板橋区,Unknown,Unknown,未判定,未細分,point,徳丸ケ原
178,fire,13119,板橋区,Unknown,Unknown,未判定,未細分,point,松月院大堂
122,fire,13120,練馬区,Unknown,Unknown,未判定,未細分,point,尾崎遺跡
179,fire,13120,練馬区,Unknown,Unknown,未判定,未細分,point,池永道雲墓
180,fire,13121,足立区,Unknown,Unknown,未判定,未細分,point,初代安藤広重墓及び記念碑
123,fire,13122,葛飾区,Tokyo Metropolitan,Designated,記念物,史跡,point,葛西城跡
124,fire,13122,葛飾区,Tokyo Metropolitan,Designated,記念物,史跡,point,立石
181,fire,13122,葛飾区,Tokyo Metropolitan,Designated,記念物,旧跡,point,安積艮斎墓
182,fire,13122,葛飾区,Tokyo Metropolitan,Designated,記念物,旧跡,point,葛西清重墓
183,fire,13122,葛飾区,Tokyo Metropolitan,Designated,記念物,旧跡,point,山田検校墓
official_export_001:38,fire,13122,葛飾区,National,Designated,有形文化財,建造物,building_direct,旧小菅刑務所庁舎
98,fire,13123,江戸川区,Tokyo Metropolitan,Designated,有形文化財,歴史資料,point,天明三年浅間山噴火横死者供養碑
125,fire,13123,江戸川区,Tokyo Metropolitan,Designated,記念物,史跡,point,一之江名主屋敷
official_export_003:39,fire,13123,江戸川区,National,Designated,記念物,天然記念物,point,善養寺影向のマツ
126,fire,13201,八王子市,Tokyo Metropolitan,Designated,記念物,史跡,point,片倉城跡
127,fire,13201,八王子市,Tokyo Metropolitan,Designated,記念物,史跡,point,広園寺境域
184,fire,13201,八王子市,Tokyo Metropolitan,Designated,記念物,旧跡,point,原胤敦墓
215,fire,13201,八王子市,Tokyo Metropolitan,Designated,記念物,天然記念物,point,髙尾山のスギ並木
216,fire,13201,八王子市,Tokyo Metropolitan,Designated,記念物,天然記念物,point,髙尾山の飯盛スギ
official_export_003:22,fire,13201,八王子市,National,Designated,記念物,天然記念物,point,椚田遺跡
official_export_003:27,fire,13201,八王子市,National,Designated,記念物,天然記念物,point,小仏関跡
official_export_003:43,fire,13201,八王子市,National,Designated,記念物,天然記念物,point,滝山城跡
official_export_003:57,fire,13201,八王子市,National,Designated,記念物,天然記念物,point,八王子城跡
official_export_003:60,fire,13201,八王子市,National,Designated,記念物,天然記念物,point,船田石器時代遺跡
official_export_002:369,fire,13202,立川市,National,Registered,有形文化財,建造物,building_direct,中野家住宅蔵
official_export_002:370,fire,13202,立川市,National,Registered,有形文化財,建造物,building_direct,中野家住宅主屋
official_export_002:137,fire,13203,武蔵野市,National,Registered,有形文化財,建造物,building_direct,旧赤星鉄馬邸
official_export_002:165,fire,13203,武蔵野市,National,Registered,有形文化財,建造物,building_direct,旧東京市麻布区役所庁舎(日本獣医生命科学大学一号棟)
official_export_002:395,fire,13203,武蔵野市,National,Registered,有形文化財,建造物,building_direct,濵家住宅西洋館
official_export_003:26,fire,13203,武蔵野市,National,Designated,記念物,天然記念物,point,小金井(サクラ)
106,fire,13204,三鷹市,Tokyo Metropolitan,Designated,民俗文化財,有形民俗文化財,point,武蔵野(野川流域)の水車経営農家
128,fire,13204,三鷹市,Tokyo Metropolitan,Designated,記念物,史跡,point,出山横穴墓群第8号墓
official_export_002:14,fire,13204,三鷹市,National,Registered,有形文化財,建造物,building_direct,淡島家住宅主屋
official_export_002:15,fire,13204,三鷹市,National,Registered,有形文化財,建造物,building_direct,安藤家住宅主屋
official_export_002:36,fire,13204,三鷹市,National,Registered,有形文化財,建造物,building_direct,伊藤家住宅主屋
official_export_002:214,fire,13204,三鷹市,National,Registered,有形文化財,建造物,building_direct,国際基督教大学泰山荘表門
official_export_002:215,fire,13204,三鷹市,National,Registered,有形文化財,建造物,building_direct,国際基督教大学泰山荘蔵
official_export_002:216,fire,13204,三鷹市,National,Registered,有形文化財,建造物,building_direct,国際基督教大学泰山荘高風居
official_export_002:217,fire,13204,三鷹市,National,Registered,有形文化財,建造物,building_direct,国際基督教大学泰山荘車庫
official_export_002:218,fire,13204,三鷹市,National,Registered,有形文化財,建造物,building_direct,国際基督教大学泰山荘書院
official_export_002:219,fire,13204,三鷹市,National,Registered,有形文化財,建造物,building_direct,国際基督教大学泰山荘待合
official_export_002:220,fire,13204,三鷹市,National,Registered,有形文化財,建造物,building_direct,国際基督教大学ディッフェンドルファー記念館
official_export_002:221,fire,13204,三鷹市,National,Registered,有形文化財,建造物,building_direct,国際基督教大学本館
official_export_002:225,fire,13204,三鷹市,National,Registered,有形文化財,建造物,building_direct,国立天文台表門
official_export_002:226,fire,13204,三鷹市,National,Registered,有形文化財,建造物,building_direct,国立天文台旧図庫及び倉庫
official_export_002:227,fire,13204,三鷹市,National,Registered,有形文化財,建造物,building_direct,国立天文台ゴーチェ子午環室
official_export_002:228,fire,13204,三鷹市,National,Registered,有形文化財,建造物,building_direct,国立天文台第一子午線標室
official_export_002:229,fire,13204,三鷹市,National,Registered,有形文化財,建造物,building_direct,国立天文台第一赤道儀室
official_export_002:230,fire,13204,三鷹市,National,Registered,有形文化財,建造物,building_direct,国立天文台大赤道儀室
official_export_002:231,fire,13204,三鷹市,National,Registered,有形文化財,建造物,building_direct,国立天文台第二子午線標室
official_export_002:232,fire,13204,三鷹市,National,Registered,有形文化財,建造物,building_direct,国立天文台太陽分光写真儀室
official_export_002:233,fire,13204,三鷹市,National,Registered,有形文化財,建造物,building_direct,国立天文台門衛所
official_export_002:234,fire,13204,三鷹市,National,Registered,有形文化財,建造物,building_direct,国立天文台レプソルド子午儀室
official_export_002:368,fire,13204,三鷹市,National,Registered,有形文化財,建造物,building_direct,中島家住宅主屋
official_export_002:481,fire,13204,三鷹市,National,Registered,有形文化財,建造物,building_direct,渡辺家住宅主屋
official_export_002:482,fire,13204,三鷹市,National,Registered,有形文化財,建造物,building_direct,渡辺家住宅主屋
19,fire,13205,青梅市,Tokyo Metropolitan,Designated,有形文化財,建造物,building_direct,馬場家御師住宅
20,fire,13205,青梅市,Tokyo Metropolitan,Designated,有形文化財,建造物,building_direct,虎柏神社本殿
107,fire,13205,青梅市,Tokyo Metropolitan,Designated,民俗文化財,有形民俗文化財,point,旧稲葉家住宅
129,fire,13205,青梅市,Tokyo Metropolitan,Designated,記念物,史跡,point,天寧寺境域
130,fire,13205,青梅市,Tokyo Metropolitan,Designated,記念物,史跡,point,海禅寺境域
131,fire,13205,青梅市,Tokyo Metropolitan,Designated,記念物,史跡,point,安楽寺境域
132,fire,13205,青梅市,Tokyo Metropolitan,Designated,記念物,史跡,point,虎柏神社境域
133,fire,13205,青梅市,Tokyo Metropolitan,Designated,記念物,史跡,point,青梅新町の大井戸
185,fire,13205,青梅市,Tokyo Metropolitan,Designated,記念物,旧跡,point,鈴法寺跡
200,fire,13205,青梅市,Tokyo Metropolitan,Designated,記念物,名勝,point,奥御岳景園地
217,fire,13205,青梅市,Tokyo Metropolitan,Designated,記念物,天然記念物,point,安楽寺の大スギ
218,fire,13205,青梅市,Tokyo Metropolitan,Designated,記念物,天然記念物,point,塩船観音の大スギ
official_export_001:24,fire,13205,青梅市,National,Designated,有形文化財,建造物,building_direct,観音寺阿弥陀堂
official_export_001:25,fire,13205,青梅市,National,Designated,有形文化財,建造物,building_direct,観音寺仁王門
official_export_001:26,fire,13205,青梅市,National,Designated,有形文化財,建造物,building_direct,観音寺本堂
official_export_001:140,fire,13205,青梅市,National,Designated,有形文化財,建造物,building_direct,旧宮崎家住宅(旧所在 東京都青梅市成木)
official_export_002:48,fire,13205,青梅市,National,Registered,有形文化財,建造物,building_direct,宇津木家住宅主屋
official_export_002:54,fire,13205,青梅市,National,Registered,有形文化財,建造物,building_direct,青梅織物工業協同組合旧織物加工工場
official_export_002:55,fire,13205,青梅市,National,Registered,有形文化財,建造物,building_direct,青梅織物工業協同組合旧都立繊維試験場
official_export_002:56,fire,13205,青梅市,National,Registered,有形文化財,建造物,building_direct,青梅織物工業協同組合旧発券倉庫
official_export_002:57,fire,13205,青梅市,National,Registered,有形文化財,建造物,building_direct,青梅織物工業協同組合本館
official_export_002:90,fire,13205,青梅市,National,Registered,有形文化財,建造物,building_direct,河鹿園稲荷社
official_export_002:91,fire,13205,青梅市,National,Registered,有形文化財,建造物,building_direct,河鹿園渓梅庵
official_export_002:92,fire,13205,青梅市,National,Registered,有形文化財,建造物,building_direct,河鹿園山魚楼
official_export_002:93,fire,13205,青梅市,National,Registered,有形文化財,建造物,building_direct,河鹿園射山荘
official_export_002:94,fire,13205,青梅市,National,Registered,有形文化財,建造物,building_direct,河鹿園大浴場
official_export_002:95,fire,13205,青梅市,National,Registered,有形文化財,建造物,building_direct,河鹿園帳場兼主屋
official_export_002:96,fire,13205,青梅市,National,Registered,有形文化財,建造物,building_direct,河鹿園枕流亭
official_export_002:97,fire,13205,青梅市,National,Registered,有形文化財,建造物,building_direct,河鹿園渡廊下
official_export_002:176,fire,13205,青梅市,National,Registered,有形文化財,建造物,building_direct,旧ほていや玩具店店舗
official_export_002:191,fire,13205,青梅市,National,Registered,有形文化財,建造物,building_direct,旧吉川英治邸(草思堂)主屋
official_export_002:192,fire,13205,青梅市,National,Registered,有形文化財,建造物,building_direct,旧吉川英治邸(草思堂)土蔵
official_export_002:193,fire,13205,青梅市,National,Registered,有形文化財,建造物,building_direct,旧吉川英治邸(草思堂)長屋門
official_export_002:194,fire,13205,青梅市,National,Registered,有形文化財,建造物,building_direct,旧吉川英治邸(草思堂)洋館
official_export_002:321,fire,13205,青梅市,National,Registered,有形文化財,建造物,building_direct,津雲家住宅主屋
official_export_002:322,fire,13205,青梅市,National,Registered,有形文化財,建造物,building_direct,津雲家住宅塀
official_export_002:323,fire,13205,青梅市,National,Registered,有形文化財,建造物,building_direct,津雲家住宅門
official_export_003:63,fire,13205,青梅市,National,Designated,記念物,天然記念物,point,御岳の神代ケヤキ
21,fire,13206,府中市,Tokyo Metropolitan,Designated,有形文化財,建造物,building_direct,大国魂神社本殿
22,fire,13206,府中市,Tokyo Metropolitan,Designated,有形文化財,建造物,building_direct,旧府中町役場庁舎
23,fire,13206,府中市,Tokyo Metropolitan,Designated,有形文化財,建造物,building_direct,旧三岡家長屋門
186,fire,13206,府中市,Tokyo Metropolitan,Designated,記念物,旧跡,point,府中高札場
187,fire,13206,府中市,Tokyo Metropolitan,Designated,記念物,旧跡,point,川崎定孝墓
official_export_002:361,fire,13206,府中市,National,Registered,有形文化財,建造物,building_direct,東京農工大学農学部本館
official_export_003:58,fire,13206,府中市,National,Designated,記念物,天然記念物,point,馬場大門のケヤキ並木
official_export_003:66,fire,13206,府中市,National,Designated,記念物,天然記念物,point,武蔵国府跡
official_export_003:68,fire,13206,府中市,National,Designated,記念物,天然記念物,point,武蔵府中熊野神社古墳
24,fire,13207,昭島市,Tokyo Metropolitan,Designated,有形文化財,建造物,building_direct,旧三井家拝島別邸(啓明学園北泉寮)
134,fire,13207,昭島市,Tokyo Metropolitan,Designated,記念物,史跡,point,大日堂境域及び日吉神社境域
219,fire,13207,昭島市,Tokyo Metropolitan,Designated,記念物,天然記念物,point,拝島のフジ
official_export_002:377,fire,13207,昭島市,National,Registered,有形文化財,建造物,building_direct,西川家旧別邸蔵
220,fire,13208,調布市,Tokyo Metropolitan,Designated,記念物,天然記念物,point,佐須の禅寺丸古木
132080100003,fire,13208,調布市,National,Designated,記念物,史跡,point,下布田遺跡
132080100004,fire,13208,調布市,National,Designated,記念物,史跡,point,深大寺城跡
132080100005,fire,13208,調布市,National,Registered,有形文化財,建造物,building_direct,真木家住宅洋館
132080100006,fire,13208,調布市,National,Registered,有形文化財,建造物,building_direct,真木家住宅日本館
132080100007,fire,13208,調布市,National,Registered,有形文化財,建造物,building_direct,白百合女子大学めぐみ荘(旧菊池家住宅主屋)
132080100008,fire,13208,調布市,National,Registered,有形文化財,建造物,building_direct,新井家住宅主屋
132080100009,fire,13208,調布市,National,Registered,有形文化財,建造物,building_direct,新井家住宅内蔵
132080100010,fire,13208,調布市,National,Registered,有形文化財,建造物,building_direct,新井家住宅外蔵
132080100011,fire,13208,調布市,National,Registered,有形文化財,建造物,building_direct,新井家住宅旧蚕室
132080100012,fire,13208,調布市,National,Registered,有形文化財,建造物,building_direct,新井家住宅中門及び塀
132080100013,fire,13208,調布市,National,Registered,有形文化財,建造物,building_direct,旧武者小路実篤邸主屋
132080100014,fire,13208,調布市,National,Registered,有形文化財,建造物,building_direct,旧佐橋家住宅主屋
132080100015,fire,13208,調布市,National,Registered,有形文化財,建造物,building_direct,旧佐橋家住宅門
132080100018,fire,13208,調布市,Tokyo Metropolitan,Designated,記念物,史跡,point,狐塚古墳(下布田6号墳)
132080100019,fire,13208,調布市,Tokyo Metropolitan,Designated,記念物,天然記念物,point,佐須の禅寺丸古木
132080100020,fire,13208,調布市,Municipal,Designated,有形文化財,建造物,building_direct,上石原若宮八幡神社本殿
132080100021,fire,13208,調布市,Municipal,Designated,有形文化財,建造物,building_direct,西光寺仁王門
132080100022,fire,13208,調布市,Municipal,Designated,有形文化財,建造物,building_direct,布多天神社本殿
132080100023,fire,13208,調布市,Municipal,Designated,有形文化財,建造物,building_direct,深大寺山門
132080100024,fire,13208,調布市,Municipal,Designated,有形文化財,建造物,building_direct,深大寺深沙大王堂内宮殿
132080100025,fire,13208,調布市,Municipal,Designated,有形文化財,建造物,building_direct,蓮慶寺本堂
132080100026,fire,13208,調布市,Municipal,Designated,有形文化財,建造物,building_direct,虎狛神社本殿
132080100027,fire,13208,調布市,Municipal,Designated,有形文化財,建造物,building_direct,虎狛神社石鳥居
132080100050,fire,13208,調布市,Municipal,Designated,有形文化財,歴史資料,point,木造大日如来坐像
132080100051,fire,13208,調布市,Municipal,Designated,有形文化財,歴史資料,point,野口平一家資料
132080100052,fire,13208,調布市,Municipal,Designated,有形文化財,歴史資料,point,紙本着色仏涅槃図
132080100053,fire,13208,調布市,Municipal,Designated,有形文化財,歴史資料,point,ジュゼッペ・キアラ神父墓碑
132080100054,fire,13208,調布市,Municipal,Designated,有形文化財,歴史資料,point,虎狛神社之碑
132080100055,fire,13208,調布市,Municipal,Designated,有形文化財,歴史資料,point,絹本着色釈迦三尊十六善神図
132080100056,fire,13208,調布市,Municipal,Designated,民俗文化財,有形民俗文化財(民俗),point,調布の臼
132080100057,fire,13208,調布市,Municipal,Designated,民俗文化財,有形民俗文化財(民俗),point,下石原八幡神社の獅子頭
132080100058,fire,13208,調布市,Municipal,Designated,民俗文化財,有形民俗文化財(民俗),point,布多天神社狛犬
132080100059,fire,13208,調布市,Municipal,Designated,民俗文化財,有形民俗文化財(民俗),point,小橋の馬頭観音塔
132080100060,fire,13208,調布市,Municipal,Designated,民俗文化財,有形民俗文化財(民俗),point,飛田給石造瑠璃光薬師如来立像
132080100061,fire,13208,調布市,Municipal,Designated,民俗文化財,有形民俗文化財(民俗),point,深大寺元三大師参詣の道標
132080100062,fire,13208,調布市,Municipal,Designated,民俗文化財,有形民俗文化財(民俗),point,地蔵菩薩立像(妙円地蔵)
132080100063,fire,13208,調布市,Municipal,Designated,民俗文化財,有形民俗文化財(民俗),point,百万遍供養塔
132080100064,fire,13208,調布市,Municipal,Designated,民俗文化財,有形民俗文化財(民俗),point,山野庚申塚の庚申塔
132080100065,fire,13208,調布市,Municipal,Designated,民俗文化財,有形民俗文化財(金石文等),point,布多天神社太閤の制札
132080100066,fire,13208,調布市,Municipal,Designated,民俗文化財,有形民俗文化財(金石文等),point,弘安四年銘阿弥陀一尊板碑
132080100067,fire,13208,調布市,Municipal,Designated,民俗文化財,有形民俗文化財(金石文等),point,弘安五年銘阿弥陀三尊板碑
132080100068,fire,13208,調布市,Municipal,Designated,民俗文化財,有形民俗文化財(金石文等),point,文明三年銘阿弥陀図像板碑
132080100069,fire,13208,調布市,Municipal,Designated,民俗文化財,有形民俗文化財(金石文等),point,文明十六年銘胎蔵界大日板碑
132080100070,fire,13208,調布市,Municipal,Designated,民俗文化財,有形民俗文化財(金石文等),point,享徳二年銘法華曼荼羅板碑
132080100071,fire,13208,調布市,Municipal,Designated,民俗文化財,有形民俗文化財(金石文等),point,年未詳法華曼荼羅板碑
132080100072,fire,13208,調布市,Municipal,Designated,民俗文化財,無形民俗文化財(民俗芸能),point,調布の祭ばやし
132080100073,fire,13208,調布市,Municipal,Designated,記念物,史跡,point,飛田給薬師堂境内行人塚
132080100074,fire,13208,調布市,Municipal,Designated,記念物,史跡,point,近藤勇生家跡
132080100075,fire,13208,調布市,Municipal,Designated,記念物,旧跡,point,小島一里塚跡
132080100076,fire,13208,調布市,Municipal,Designated,記念物,旧跡,point,仙川一里塚跡
132080100077,fire,13208,調布市,Municipal,Designated,記念物,天然記念物,point,シロハナヤブツバキ
132080100078,fire,13208,調布市,Municipal,Designated,記念物,天然記念物,point,青渭神社のケヤキ
132080100079,fire,13208,調布市,Municipal,Designated,記念物,天然記念物,point,山野の禅寺丸古木
132080100080,fire,13208,調布市,Municipal,Designated,記念物,天然記念物,point,金子のイチョウ
132080100081,fire,13208,調布市,Municipal,Designated,記念物,天然記念物,point,絵堂のヒイラギ
132080100082,fire,13208,調布市,Municipal,Designated,有形文化財,歴史資料,point,黄檗版大般若波羅蜜多経
official_export_002:8,fire,13208,調布市,National,Registered,有形文化財,建造物,building_direct,新井家住宅内蔵
official_export_002:9,fire,13208,調布市,National,Registered,有形文化財,建造物,building_direct,新井家住宅旧蚕室
official_export_002:10,fire,13208,調布市,National,Registered,有形文化財,建造物,building_direct,新井家住宅主屋
official_export_002:12,fire,13208,調布市,National,Registered,有形文化財,建造物,building_direct,新井家住宅外蔵
official_export_002:13,fire,13208,調布市,National,Registered,有形文化財,建造物,building_direct,新井家住宅中門及び塀
official_export_002:154,fire,13208,調布市,National,Registered,有形文化財,建造物,building_direct,旧佐橋家住宅主屋
official_export_002:155,fire,13208,調布市,National,Registered,有形文化財,建造物,building_direct,旧佐橋家住宅門
official_export_002:265,fire,13208,調布市,National,Registered,有形文化財,建造物,building_direct,白百合女子大学めぐみ荘(旧菊池家住宅主屋)
official_export_002:417,fire,13208,調布市,National,Registered,有形文化財,建造物,building_direct,真木家住宅日本館
official_export_002:418,fire,13208,調布市,National,Registered,有形文化財,建造物,building_direct,真木家住宅洋館
official_export_003:35,fire,13208,調布市,National,Designated,記念物,天然記念物,point,下布田遺跡
official_export_003:36,fire,13208,調布市,National,Designated,記念物,天然記念物,point,深大寺城跡
25,fire,13209,町田市,Tokyo Metropolitan,Designated,有形文化財,建造物,building_direct,旧荻野家住宅
135,fire,13209,町田市,Tokyo Metropolitan,Designated,記念物,史跡,point,本町田遺跡
201,fire,13209,町田市,Tokyo Metropolitan,Designated,記念物,名勝,point,福王寺旧園地(薬師池公園)
official_export_001:111,fire,13209,町田市,National,Designated,有形文化財,建造物,building_direct,旧永井家住宅(旧所在 東京都町田市小野路町)
official_export_003:25,fire,13209,町田市,National,Designated,記念物,天然記念物,point,高ヶ坂石器時代遺跡
239,fire,13210,小金井市,Tokyo Metropolitan,Designated,有形文化財,建造物,building_direct,旧前川家住宅主屋
132101000000.0,fire,13210,小金井市,Unknown,Unknown,記念物,名勝,point,小金井(サクラ)
official_export_002:168,fire,13210,小金井市,National,Registered,有形文化財,建造物,building_direct,旧中村研一邸主屋
official_export_002:169,fire,13210,小金井市,National,Registered,有形文化財,建造物,building_direct,旧中村研一邸茶室(花侵庵)
official_export_003:37,fire,13211,小平市,National,Designated,記念物,天然記念物,point,鈴木遺跡
26,fire,13212,日野市,Tokyo Metropolitan,Designated,有形文化財,建造物,building_direct,金剛寺旧五部権現社殿
136,fire,13212,日野市,Tokyo Metropolitan,Designated,記念物,史跡,point,日野宿脇本陣跡
188,fire,13212,日野市,Tokyo Metropolitan,Designated,記念物,旧跡,point,平山季重墓
official_export_001:65,fire,13212,日野市,National,Designated,有形文化財,建造物,building_direct,金剛寺仁王門
official_export_001:66,fire,13212,日野市,National,Designated,有形文化財,建造物,building_direct,金剛寺不動堂
official_export_002:171,fire,13212,日野市,National,Registered,有形文化財,建造物,building_direct,旧農林省蚕糸試験場日野桑園第一蚕室
official_export_002:402,fire,13212,日野市,National,Registered,有形文化財,建造物,building_direct,日野市立中央図書館
189,fire,13213,東村山市,Tokyo Metropolitan,Designated,記念物,旧跡,point,久米川古戦場
221,fire,13213,東村山市,Tokyo Metropolitan,Designated,記念物,天然記念物,point,梅岩寺のケヤキ
132136100001,fire,13213,東村山市,Municipal,Unknown,民俗文化財,有形民俗文化財,point,貞和の板碑
132136100002,fire,13213,東村山市,Municipal,Other,記念物,史跡,point,浅間塚 ・ 境塚
132136100003,fire,13213,東村山市,Municipal,Unknown,記念物,天然記念物,point,万年橋のケヤキ
132136100006,fire,13213,東村山市,Municipal,Unknown,有形文化財,未細分,point,秋津神社本殿
132136100007,fire,13213,東村山市,Municipal,Unknown,民俗文化財,有形民俗文化財,point,武藤良由碑
132136100008,fire,13213,東村山市,Municipal,Unknown,民俗文化財,有形民俗文化財,point,梅岩寺の庚申塔
132136100009,fire,13213,東村山市,Municipal,Unknown,民俗文化財,有形民俗文化財,point,比 翼 碑 (ひよくひ)
132136100010,fire,13213,東村山市,Municipal,Unknown,民俗文化財,有形民俗文化財,point,千体小地蔵尊像
132136100011,fire,13213,東村山市,Municipal,Unknown,有形文化財,未細分,point,千体地蔵堂本尊地蔵菩薩立像
132136100012,fire,13213,東村山市,Municipal,Other,記念物,旧跡,point,鎌倉古街道
132136100013,fire,13213,東村山市,Municipal,Unknown,民俗文化財,有形民俗文化財,point,石造延命地蔵立像
132136100014,fire,13213,東村山市,Municipal,Unknown,民俗文化財,有形民俗文化財,point,一石六地蔵
132136100015,fire,13213,東村山市,Municipal,Unknown,有形文化財,未細分,point,獣脚付蔵骨器
132136100016,fire,13213,東村山市,Municipal,Other,記念物,旧跡,point,瓦塔出土地 (がとう)
132136100017,fire,13213,東村山市,Municipal,Unknown,民俗文化財,有形民俗文化財,point,応永の板碑
132136100018,fire,13213,東村山市,Municipal,Unknown,民俗文化財,有形民俗文化財,point,新・四国石仏
132136100019,fire,13213,東村山市,Municipal,Unknown,民俗文化財,有形民俗文化財,point,富田家の宝篋印塔
132136100020,fire,13213,東村山市,Municipal,Unknown,民俗文化財,有形民俗文化財,point,赤坂の庚申塔付6基
132136100021,fire,13213,東村山市,Municipal,Unknown,民俗文化財,有形民俗文化財,point,東村山停車場の碑
132136100022,fire,13213,東村山市,Municipal,Unknown,民俗文化財,有形民俗文化財,point,八坂神社の大獅子頭
132136100023,fire,13213,東村山市,Municipal,Unknown,民俗文化財,有形民俗文化財,point,白山神社の牛頭天王像
132136100024,fire,13213,東村山市,Municipal,Unknown,有形文化財,未細分,point,木造薬師如来立像
132136100025,fire,13213,東村山市,Municipal,Other,記念物,史跡,point,久米川の富士塚
132136100026,fire,13213,東村山市,Municipal,Unknown,有形文化財,未細分,point,正福寺山門
132136100027,fire,13213,東村山市,Municipal,Unknown,有形文化財,未細分,point,小町家文書
132136100028,fire,13213,東村山市,Municipal,Unknown,有形文化財,未細分,point,當麻勉家文書
132136100029,fire,13213,東村山市,Municipal,Unknown,有形文化財,未細分,point,江藤昌明家文書
132136100030,fire,13213,東村山市,Municipal,Unknown,有形文化財,未細分,point,下宅部遺跡出土品
132136100031,fire,13213,東村山市,Municipal,Other,記念物,旧跡,point,東京陸軍少年通信兵学校跡地
132136100032,fire,13213,東村山市,Municipal,Unknown,有形文化財,未細分,point,熊野神社遺跡出土陶磁器
132136100033,fire,13213,東村山市,Municipal,Unknown,民俗文化財,有形民俗文化財,point,はなびや人形店押絵羽子板製作関連資料
132136100034,fire,13213,東村山市,Municipal,Unknown,有形文化財,未細分,point,諏訪神社本殿
132136100035,fire,13213,東村山市,Municipal,Unknown,有形文化財,未細分,point,笹塚遺跡出土縄文土器
132136100036,fire,13213,東村山市,National,Designated,未判定,国宝,point,正福寺地蔵堂
132136100037,fire,13213,東村山市,National,Designated,有形文化財,未細分,point,板碑 元弘三年斎藤盛貞等戦死供養碑
132136100038,fire,13213,東村山市,National,Designated,有形文化財,未細分,point,東京都下宅部遺跡出土品
132136100039,fire,13213,東村山市,Tokyo Metropolitan,Unknown,記念物,天然記念物,point,梅岩寺のカヤ
132136100040,fire,13213,東村山市,Tokyo Metropolitan,Unknown,記念物,天然記念物,point,梅岩寺のケヤキ
132136100041,fire,13213,東村山市,Tokyo Metropolitan,Unknown,記念物,旧跡,point,久米川古戦場
132136100042,fire,13213,東村山市,Tokyo Metropolitan,Unknown,記念物,史跡,point,下宅部遺跡
official_export_001:78,fire,13213,東村山市,National,Designated,有形文化財,建造物,building_direct,正福寺地蔵堂
202,fire,13214,国分寺市,Tokyo Metropolitan,Designated,記念物,名勝,point,真姿の池湧水群
132144100002,fire,13214,国分寺市,National,Designated,その他,その他,point,武蔵国分寺跡 附東山道武蔵路跡
132144100003,fire,13214,国分寺市,National,Designated,その他,その他,point,武蔵多喜窪遺跡第一号住居跡出土品
132144100004,fire,13214,国分寺市,National,Designated,その他,その他,point,殿ヶ谷戸庭園 (随冝園)
132144100006,fire,13214,国分寺市,National,Registered,有形文化財,建造物,building_direct,沖本家住宅洋館
132144100007,fire,13214,国分寺市,National,Registered,有形文化財,建造物,building_direct,沖本家住宅和館
132144100009,fire,13214,国分寺市,Tokyo Metropolitan,Designated,その他,その他,point,武蔵国分寺跡出土の緑釉花文皿
132144100010,fire,13214,国分寺市,Tokyo Metropolitan,Designated,その他,その他,point,唐草四獣文銅蓋
132144100011,fire,13214,国分寺市,Tokyo Metropolitan,Designated,その他,その他,point,真姿の池湧水群
132144100012,fire,13214,国分寺市,Municipal,Designated,有形文化財,建造物,building_direct,川崎・伊奈両代官謝恩塔
132144100013,fire,13214,国分寺市,Municipal,Designated,有形文化財,建造物,building_direct,国分寺仁王門
132144100014,fire,13214,国分寺市,Municipal,Designated,その他,その他,point,国分寺所蔵資料(旧国分寺市文化財保存館資料)
132144100015,fire,13214,国分寺市,Municipal,Designated,その他,その他,point,土師竪穴住居跡
132144100016,fire,13214,国分寺市,Municipal,Designated,その他,その他,point,万葉植物園
132144100017,fire,13214,国分寺市,Municipal,Designated,その他,その他,point,国分寺のコウヤマキ
132144100018,fire,13214,国分寺市,Municipal,Designated,その他,その他,point,祥応寺のコノテガシワ
132144100019,fire,13214,国分寺市,Municipal,Designated,有形文化財,建造物,building_direct,国分寺薬師堂
132144100020,fire,13214,国分寺市,Municipal,Designated,有形文化財,建造物,building_direct,国分寺楼門
132144100021,fire,13214,国分寺市,Municipal,Designated,その他,その他,point,本多良雄家古文書
132144100022,fire,13214,国分寺市,Municipal,Designated,その他,その他,point,戸倉義助家古文書
132144100023,fire,13214,国分寺市,Municipal,Designated,その他,その他,point,元文元年野中新田検地帳
132144100024,fire,13214,国分寺市,Municipal,Designated,その他,その他,point,武蔵野新田養料金一件始末書
132144100025,fire,13214,国分寺市,Municipal,Designated,その他,その他,point,南北武蔵野新田養料金始末書
132144100026,fire,13214,国分寺市,Municipal,Designated,その他,その他,point,村巨細日記
132144100027,fire,13214,国分寺市,Municipal,Designated,その他,その他,point,武蔵野 新田成立期の御用留
132144100028,fire,13214,国分寺市,Municipal,Designated,その他,その他,point,徳川将軍家寺領安堵朱印状
132144100029,fire,13214,国分寺市,Municipal,Designated,その他,その他,point,伝鎌倉街道
132144100030,fire,13214,国分寺市,Municipal,Designated,その他,その他,point,立川ローム層第X層出土石斧群
132144100031,fire,13214,国分寺市,Municipal,Designated,その他,その他,point,川崎平右衛門及び観音寺中興開山供養塔
132144100032,fire,13214,国分寺市,Municipal,Designated,その他,その他,point,疫病神の詫び証文
132144100033,fire,13214,国分寺市,Municipal,Designated,その他,その他,point,硬玉製大珠
132144100034,fire,13214,国分寺市,Municipal,Designated,その他,その他,point,木造書見台 墨書銘 「弘治二年 」
132144100035,fire,13214,国分寺市,Municipal,Designated,有形文化財,建造物,building_direct,旧本多家住宅長屋門
132144100036,fire,13214,国分寺市,Municipal,Designated,有形文化財,建造物,building_direct,旧 本多家住宅倉
132144100037,fire,13214,国分寺市,Municipal,Designated,その他,その他,point,武蔵国分寺跡出土の小型海獣葡萄鏡
132144100038,fire,13214,国分寺市,Municipal,Designated,その他,その他,point,武蔵国分寺跡出土の金銅製円形飾金具
132144100039,fire,13214,国分寺市,Municipal,Designated,その他,その他,point,本多八幡神社の力石
132144100040,fire,13214,国分寺市,Municipal,Designated,その他,その他,point,西町五丁目の旧屋敷林
132144100041,fire,13214,国分寺市,Municipal,Designated,その他,その他,point,恋ヶ窪村分水
132144100042,fire,13214,国分寺市,Municipal,Designated,その他,その他,point,本多八幡神社神輿
132144100043,fire,13214,国分寺市,Municipal,Designated,その他,その他,point,中藤新田分水跡
official_export_002:70,fire,13214,国分寺市,National,Registered,有形文化財,建造物,building_direct,沖本家住宅洋館
official_export_002:71,fire,13214,国分寺市,National,Registered,有形文化財,建造物,building_direct,沖本家住宅和館
official_export_003:51,fire,13214,国分寺市,National,Designated,記念物,天然記念物,point,殿ヶ谷戸庭園(随冝園)
official_export_003:67,fire,13214,国分寺市,National,Designated,記念物,天然記念物,point,武蔵国分寺跡 附東山道武蔵路跡
190,fire,13215,国立市,Tokyo Metropolitan,Designated,記念物,旧跡,point,伊藤単朴墓
191,fire,13215,国立市,Tokyo Metropolitan,Designated,記念物,旧跡,point,三田氏館跡
222,fire,13215,国立市,Tokyo Metropolitan,Designated,記念物,天然記念物,point,谷保天満宮社叢
132152100005,fire,13215,国立市,National,Registered,有形文化財,未細分,building_direct,一橋大学兼松講堂
132152100006,fire,13215,国立市,National,Registered,有形文化財,未細分,building_direct,一橋大学旧門衛所
132152100007,fire,13215,国立市,National,Registered,有形文化財,未細分,building_direct,一橋大学東本館
132152100008,fire,13215,国立市,National,Registered,有形文化財,未細分,building_direct,滝乃川学園本館
132152100009,fire,13215,国立市,Tokyo Metropolitan,Designated,記念物,天然記念物,point,谷保天満宮社叢
132152100010,fire,13215,国立市,Tokyo Metropolitan,Designated,記念物,旧跡,point,三田氏館跡
132152100011,fire,13215,国立市,Tokyo Metropolitan,Designated,記念物,旧跡,point,伊藤単朴の墓
132152100012,fire,13215,国立市,Tokyo Metropolitan,Designated,有形文化財,未細分,building_direct,旧本田家住宅主屋・表門
132152100013,fire,13215,国立市,Municipal,Designated,有形文化財,未細分,building_direct,谷保天満宮本殿附棟札
132152100014,fire,13215,国立市,Municipal,Designated,有形文化財,未細分,building_direct,谷保天満宮拝殿
132152100015,fire,13215,国立市,Municipal,Designated,無形文化財,未細分,point,谷保天満宮獅子舞
132152100020,fire,13215,国立市,Municipal,Designated,有形文化財,未細分,building_direct,南養寺本堂
132152100022,fire,13215,国立市,Municipal,Designated,有形文化財,未細分,building_direct,南養寺総門
132152100023,fire,13215,国立市,Municipal,Designated,有形文化財,未細分,building_direct,南養寺鐘楼
132152100026,fire,13215,国立市,Municipal,Designated,有形文化財,未細分,point,古民家(旧柳澤家住宅)
132152100030,fire,13215,国立市,Municipal,Designated,記念物,史跡,point,下谷保一号墳
132152100031,fire,13215,国立市,Municipal,Designated,有形文化財,未細分,building_direct,旧国立駅舎
132152100035,fire,13215,国立市,Municipal,Registered,有形文化財,未細分,building_direct,青柳稲荷神社本殿
132152100036,fire,13215,国立市,Municipal,Registered,有形文化財,未細分,building_direct,滝乃川学園礼拝堂
132152100037,fire,13215,国立市,Municipal,Registered,有形文化財,未細分,building_direct,谷保天満宮末社厳島神社附棟札
132152100038,fire,13215,国立市,Municipal,Registered,有形文化財,未細分,building_direct,谷保天満宮神楽殿附棟札
132152100040,fire,13215,国立市,Municipal,Registered,有形文化財,未細分,building_direct,滝乃川学園鐘楼附鐘
132152100041,fire,13215,国立市,Municipal,Registered,有形文化財,未細分,building_direct,旧野島家住宅
132152100070,fire,13215,国立市,Municipal,Registered,有形文化財,未細分,point,甲野勇氏資料
132152100071,fire,13215,国立市,Municipal,Registered,有形文化財,未細分,point,神奈川県庁測定石
132152100072,fire,13215,国立市,Municipal,Registered,有形文化財,未細分,point,久保の地蔵菩薩像
132152100073,fire,13215,国立市,Municipal,Registered,有形文化財,未細分,point,千手観音供養塔
132152100074,fire,13215,国立市,Municipal,Registered,有形文化財,未細分,point,血文阿弥陀如来石塔
132152100075,fire,13215,国立市,Municipal,Registered,有形文化財,未細分,point,融通念仏盟約塔
132152100076,fire,13215,国立市,Municipal,Registered,有形文化財,未細分,point,五智如来(像塔・文字塔)
132152100077,fire,13215,国立市,Municipal,Registered,有形文化財,未細分,point,常夜燈(下谷保)
132152100078,fire,13215,国立市,Municipal,Registered,有形文化財,未細分,point,常夜燈(久保)
132152100079,fire,13215,国立市,Municipal,Registered,有形文化財,未細分,point,常夜燈(青柳)
132152100080,fire,13215,国立市,Municipal,Registered,有形文化財,未細分,point,高札
132152100081,fire,13215,国立市,Municipal,Registered,有形文化財,未細分,point,延文の板碑
132152100082,fire,13215,国立市,Municipal,Registered,有形文化財,未細分,point,滝の院板碑
132152100083,fire,13215,国立市,Municipal,Registered,有形文化財,未細分,point,滝の院庚申塔
132152100084,fire,13215,国立市,Municipal,Registered,有形文化財,未細分,point,江戸街道庚申塔
132152100085,fire,13215,国立市,Municipal,Registered,有形文化財,未細分,point,本田道庚申塔
132152100086,fire,13215,国立市,Municipal,Registered,有形文化財,未細分,point,谷保天満宮燈籠
132152100087,fire,13215,国立市,Municipal,Registered,有形文化財,未細分,point,滝の院不動明王
132152100088,fire,13215,国立市,Municipal,Registered,有形文化財,未細分,point,遠藤由晴墓
132152100089,fire,13215,国立市,Municipal,Registered,有形文化財,未細分,point,筆塚
132152100090,fire,13215,国立市,Municipal,Registered,有形文化財,未細分,point,廻国供養石燈籠
132152100091,fire,13215,国立市,Municipal,Registered,有形文化財,未細分,point,アップライトピアノ
132152100092,fire,13215,国立市,Municipal,Registered,有形文化財,未細分,point,谷保天満宮略縁記版木・典籍
132152100093,fire,13215,国立市,Municipal,Registered,有形文化財,未細分,point,聖観音立像(墓塔)
132152100094,fire,13215,国立市,Municipal,Registered,有形文化財,未細分,point,石橋供養塔(滝之院)
132152100095,fire,13215,国立市,Municipal,Registered,有形文化財,未細分,point,石橋供養塔(青柳)
132152100096,fire,13215,国立市,Municipal,Registered,有形文化財,未細分,point,石橋供養塔(矢川橋)
132152100097,fire,13215,国立市,Municipal,Registered,有形文化財,未細分,point,馬頭観音塔(滝之院・寛政元年在銘)
132152100098,fire,13215,国立市,Municipal,Registered,有形文化財,未細分,point,馬頭観音塔(青柳・嘉永二年在銘)
132152100099,fire,13215,国立市,Municipal,Registered,有形文化財,未細分,point,馬頭観音塔(滝之院・文久二年在銘)
132152100100,fire,13215,国立市,Municipal,Registered,有形文化財,未細分,point,勅許御鋳師文書箱
132152100101,fire,13215,国立市,Municipal,Registered,有形文化財,未細分,point,手水石(安政三年在銘)
132152100102,fire,13215,国立市,Municipal,Registered,有形文化財,未細分,point,廻国供養塔(正徳二年在銘)
132152100103,fire,13215,国立市,Municipal,Registered,有形文化財,未細分,point,廻国供養塔(正徳六年在銘)
132152100106,fire,13215,国立市,Municipal,Registered,有形文化財,未細分,point,有栖川宮威仁親王殿下台臨記念碑
132152100107,fire,13215,国立市,Municipal,Registered,有形文化財,未細分,point,孝林道人詩碑
132152100108,fire,13215,国立市,Municipal,Registered,有形文化財,未細分,point,三郎殿
132152100109,fire,13215,国立市,Municipal,Registered,有形文化財,未細分,point,獅子神社
132152100110,fire,13215,国立市,Municipal,Registered,有形文化財,未細分,point,馬頭観音塔(安政五年在銘)
132152100114,fire,13215,国立市,Municipal,Registered,有形文化財,未細分,point,坂下ほうぞう倉共同用具
132152100115,fire,13215,国立市,Municipal,Registered,有形文化財,未細分,point,祭礼幟旗
132152100119,fire,13215,国立市,Municipal,Registered,有形文化財,未細分,point,清水の立場(茶屋跡)
official_export_002:300,fire,13215,国立市,National,Registered,有形文化財,建造物,building_direct,滝乃川学園本館
official_export_002:399,fire,13215,国立市,National,Registered,有形文化財,建造物,building_direct,一橋大学兼松講堂
official_export_002:400,fire,13215,国立市,National,Registered,有形文化財,建造物,building_direct,一橋大学旧門衛所
official_export_002:401,fire,13215,国立市,National,Registered,有形文化財,建造物,building_direct,一橋大学東本館
27,fire,13218,福生市,Tokyo Metropolitan,Designated,有形文化財,建造物,building_direct,熊川神社本殿
official_export_002:20,fire,13218,福生市,National,Registered,有形文化財,建造物,building_direct,石川酒造雑蔵
official_export_002:21,fire,13218,福生市,National,Registered,有形文化財,建造物,building_direct,石川酒造新蔵
official_export_002:22,fire,13218,福生市,National,Registered,有形文化財,建造物,building_direct,石川酒造長屋門
official_export_002:23,fire,13218,福生市,National,Registered,有形文化財,建造物,building_direct,石川酒造文庫蔵
official_export_002:24,fire,13218,福生市,National,Registered,有形文化財,建造物,building_direct,石川酒造本蔵
official_export_002:25,fire,13218,福生市,National,Registered,有形文化財,建造物,building_direct,石川酒造向蔵
official_export_002:184,fire,13218,福生市,National,Registered,有形文化財,建造物,building_direct,旧ヤマジュウ田村家住宅主屋
official_export_002:185,fire,13218,福生市,National,Registered,有形文化財,建造物,building_direct,旧ヤマジュウ田村家住宅西土蔵
official_export_002:186,fire,13218,福生市,National,Registered,有形文化財,建造物,building_direct,旧ヤマジュウ田村家住宅東土蔵
official_export_002:306,fire,13218,福生市,National,Registered,有形文化財,建造物,building_direct,田村酒造石垣
official_export_002:307,fire,13218,福生市,National,Registered,有形文化財,建造物,building_direct,田村酒造旧水車小屋及び脇蔵
official_export_002:308,fire,13218,福生市,National,Registered,有形文化財,建造物,building_direct,田村酒造酒造蔵
official_export_002:309,fire,13218,福生市,National,Registered,有形文化財,建造物,building_direct,田村酒造雑蔵
official_export_002:310,fire,13218,福生市,National,Registered,有形文化財,建造物,building_direct,田村酒造前蔵
192,fire,13219,狛江市,Tokyo Metropolitan,Designated,記念物,旧跡,point,玉川碑跡
1.32209E+11,fire,13220,東大和市,Tokyo Metropolitan,Unknown,有形文化財,建造物,building_direct,豊鹿島神社本殿(附棟札)
official_export_002:187,fire,13220,東大和市,National,Registered,有形文化財,建造物,building_direct,旧吉岡家住宅蔵
official_export_002:188,fire,13220,東大和市,National,Registered,有形文化財,建造物,building_direct,旧吉岡家住宅主屋兼アトリエ
official_export_002:189,fire,13220,東大和市,National,Registered,有形文化財,建造物,building_direct,旧吉岡家住宅中門
official_export_002:190,fire,13220,東大和市,National,Registered,有形文化財,建造物,building_direct,旧吉岡家住宅長屋門
108,fire,13221,清瀬市,Tokyo Metropolitan,Designated,民俗文化財,有形民俗文化財,point,中里の富士塚
110,fire,13221,清瀬市,Tokyo Metropolitan,Designated,民俗文化財,無形民俗文化財(風俗慣習),point,清瀬市下宿の「ふせぎ」行事
137,fire,13222,東久留米市,Tokyo Metropolitan,Designated,記念物,史跡,point,新山遺跡
138,fire,13222,東久留米市,Tokyo Metropolitan,Designated,記念物,史跡,point,下里本邑遺跡
139,fire,13222,東久留米市,Tokyo Metropolitan,Designated,記念物,史跡,point,久喜藩主・長瀞藩主 米津家墓所
132000000000.0,fire,13222,東久留米市,Municipal,Unknown,民俗文化財,無形民俗文化財,point,南沢獅子舞
official_export_002:438,fire,13222,東久留米市,National,Registered,有形文化財,建造物,building_direct,村野家住宅穀蔵
official_export_002:439,fire,13222,東久留米市,National,Registered,有形文化財,建造物,building_direct,村野家住宅主屋
official_export_002:440,fire,13222,東久留米市,National,Registered,有形文化財,建造物,building_direct,村野家住宅新蔵
official_export_002:441,fire,13222,東久留米市,National,Registered,有形文化財,建造物,building_direct,村野家住宅中雀門
official_export_002:442,fire,13222,東久留米市,National,Registered,有形文化財,建造物,building_direct,村野家住宅土蔵
official_export_002:443,fire,13222,東久留米市,National,Registered,有形文化財,建造物,building_direct,村野家住宅離れ
official_export_002:444,fire,13222,東久留米市,National,Registered,有形文化財,建造物,building_direct,村野家住宅薬医門
103,fire,13223,武蔵村山市,Tokyo Metropolitan,Designated,無形文化財,工芸技術,point,村山大島紬 (板締絹絣織)
140,fire,13224,多摩市,Tokyo Metropolitan,Designated,記念物,史跡,point,稲荷塚古墳
141,fire,13224,多摩市,Tokyo Metropolitan,Designated,記念物,史跡,point,霞ノ関南木戸柵跡
142,fire,13224,多摩市,Tokyo Metropolitan,Designated,記念物,史跡,point,多摩ニュータウンNo.57遺跡
223,fire,13224,多摩市,Tokyo Metropolitan,Designated,記念物,天然記念物,point,平久保のシイ
official_export_002:109,fire,13224,多摩市,National,Registered,有形文化財,建造物,building_direct,川井家住宅主屋
official_export_002:146,fire,13224,多摩市,National,Registered,有形文化財,建造物,building_direct,旧川井家住宅土蔵
official_export_002:163,fire,13224,多摩市,National,Registered,有形文化財,建造物,building_direct,旧辻󠄀陶房主屋兼作業場
official_export_002:164,fire,13224,多摩市,National,Registered,有形文化財,建造物,building_direct,旧辻󠄀陶房登り窯
224,fire,13225,稲城市,Tokyo Metropolitan,Designated,記念物,天然記念物,point,高勝寺のカヤ
28,fire,13227,羽村市,Tokyo Metropolitan,Designated,有形文化財,建造物,building_direct,阿蘇神社本殿
225,fire,13227,羽村市,Tokyo Metropolitan,Designated,記念物,天然記念物,point,阿蘇神社のシイ
official_export_002:431,fire,13227,羽村市,National,Registered,有形文化財,建造物,building_direct,宮川家住宅主屋
official_export_002:432,fire,13227,羽村市,National,Registered,有形文化財,建造物,building_direct,宮川家住宅納屋
29,fire,13228,あきる野市,Tokyo Metropolitan,Designated,有形文化財,建造物,building_direct,真照寺薬師堂
104,fire,13228,あきる野市,Tokyo Metropolitan,Designated,無形文化財,工芸技術,point,軍道紙
143,fire,13228,あきる野市,Tokyo Metropolitan,Designated,記念物,史跡,point,瀬戸岡古墳群
144,fire,13228,あきる野市,Tokyo Metropolitan,Designated,記念物,史跡,point,戸倉城跡
145,fire,13228,あきる野市,Tokyo Metropolitan,Designated,記念物,史跡,point,広徳寺境域
147,fire,13228,あきる野市,Tokyo Metropolitan,Designated,記念物,史跡,point,前田耕地遺跡
193,fire,13228,あきる野市,Tokyo Metropolitan,Designated,記念物,旧跡,point,二宮神社並びに城跡
226,fire,13228,あきる野市,Tokyo Metropolitan,Designated,記念物,天然記念物,point,広徳寺のタラヨウ
227,fire,13228,あきる野市,Tokyo Metropolitan,Designated,記念物,天然記念物,point,広徳寺のカヤ
228,fire,13228,あきる野市,Tokyo Metropolitan,Designated,記念物,天然記念物,point,南沢の鳥ノ巣石灰岩産地
229,fire,13228,あきる野市,Tokyo Metropolitan,Designated,記念物,天然記念物,point,光厳寺のヤマザクラ
230,fire,13228,あきる野市,Tokyo Metropolitan,Designated,記念物,天然記念物,point,地蔵院のカゴノキ
31,fire,13228,あきる野市,Tokyo Metropolitan,Designated,記念物,天然記念物,point,大岳鍾乳洞
32,fire,13228,あきる野市,Tokyo Metropolitan,Designated,記念物,天然記念物,point,南沢の鳥ノ巣石灰岩産地
33,fire,13228,あきる野市,Tokyo Metropolitan,Designated,記念物,天然記念物,point,六枚屏風岩
34,fire,13228,あきる野市,Tokyo Metropolitan,Designated,記念物,天然記念物,point,慈勝寺のモッコク
35,fire,13228,あきる野市,Tokyo Metropolitan,Designated,記念物,天然記念物,point,光厳寺のヤマザクラ
36,fire,13228,あきる野市,Tokyo Metropolitan,Designated,記念物,天然記念物,point,地蔵院のカゴノキ
37,fire,13228,あきる野市,Municipal,Designated,有形文化財,未細分,building_direct,広徳寺総門
38,fire,13228,あきる野市,Municipal,Designated,有形文化財,未細分,building_direct,広徳寺山門
39,fire,13228,あきる野市,Municipal,Designated,有形文化財,未細分,building_direct,開光院本堂・庫裏
40,fire,13228,あきる野市,Municipal,Designated,有形文化財,未細分,building_direct,三島神社本殿
41,fire,13228,あきる野市,Municipal,Designated,有形文化財,未細分,building_direct,武多摩神社本殿
42,fire,13228,あきる野市,Municipal,Designated,有形文化財,未細分,building_direct,八雲神社の五輪塔
43,fire,13228,あきる野市,Municipal,Designated,有形文化財,未細分,building_direct,花蔵院の山門
44,fire,13228,あきる野市,Municipal,Designated,有形文化財,未細分,building_direct,真照寺の山門
45,fire,13228,あきる野市,Municipal,Designated,有形文化財,未細分,building_direct,福徳寺の山門
46,fire,13228,あきる野市,Municipal,Designated,有形文化財,未細分,building_direct,大悲願寺観音堂
47,fire,13228,あきる野市,Municipal,Designated,有形文化財,未細分,building_direct,大悲願寺楼門(仁王門)
48,fire,13228,あきる野市,Municipal,Designated,有形文化財,未細分,building_direct,大悲願寺中門(朱雀門)
49,fire,13228,あきる野市,Municipal,Designated,有形文化財,未細分,building_direct,旧市倉家住宅
50,fire,13228,あきる野市,Municipal,Designated,有形文化財,未細分,building_direct,二宮神社本殿
51,fire,13228,あきる野市,Municipal,Designated,有形文化財,未細分,building_direct,二宮神社宮殿
52,fire,13228,あきる野市,Municipal,Designated,有形文化財,未細分,building_direct,雨武主神社本殿
53,fire,13228,あきる野市,Municipal,Designated,有形文化財,未細分,building_direct,子生神社本殿
54,fire,13228,あきる野市,Municipal,Designated,有形文化財,未細分,building_direct,森山神社本殿
88,fire,13228,あきる野市,Municipal,Designated,有形文化財,未細分,point,瑞雲寺板碑
89,fire,13228,あきる野市,Municipal,Designated,有形文化財,未細分,point,大悲願寺井戸枠
90,fire,13228,あきる野市,Municipal,Designated,有形文化財,未細分,point,ところ芋の碑
91,fire,13228,あきる野市,Municipal,Designated,有形文化財,未細分,point,百番供養塔
92,fire,13228,あきる野市,Municipal,Designated,有形文化財,未細分,point,御嶽神社の懸仏
99,fire,13228,あきる野市,Municipal,Designated,民俗文化財,有形民俗文化財,point,珠陽院の巳待供養塔
146,fire,13228,あきる野市,Municipal,Designated,記念物,天然記念物,point,山抱きの大カシ(ウラジロガシ)
149,fire,13228,あきる野市,National,Registered,有形文化財,未細分,building_direct,森田家住宅前の蔵
150,fire,13228,あきる野市,National,Registered,有形文化財,未細分,building_direct,森田家住宅味噌蔵
151,fire,13228,あきる野市,National,Registered,有形文化財,未細分,building_direct,森田家住宅西蔵
153,fire,13228,あきる野市,National,Registered,有形文化財,未細分,building_direct,森田家住宅御看経堂
official_export_002:445,fire,13228,あきる野市,National,Registered,有形文化財,建造物,building_direct,森田家住宅板塀
official_export_002:446,fire,13228,あきる野市,National,Registered,有形文化財,建造物,building_direct,森田家住宅御看経堂
official_export_002:447,fire,13228,あきる野市,National,Registered,有形文化財,建造物,building_direct,森田家住宅旧米蔵
official_export_002:448,fire,13228,あきる野市,National,Registered,有形文化財,建造物,building_direct,森田家住宅主屋
official_export_002:449,fire,13228,あきる野市,National,Registered,有形文化財,建造物,building_direct,森田家住宅西蔵
official_export_002:450,fire,13228,あきる野市,National,Registered,有形文化財,建造物,building_direct,森田家住宅前の蔵
official_export_002:451,fire,13228,あきる野市,National,Registered,有形文化財,建造物,building_direct,森田家住宅見世蔵
official_export_002:452,fire,13228,あきる野市,National,Registered,有形文化財,建造物,building_direct,森田家住宅味噌蔵
official_export_002:453,fire,13228,あきる野市,National,Registered,有形文化財,建造物,building_direct,森田家住宅門
official_export_003:54,fire,13228,あきる野市,National,Designated,記念物,天然記念物,point,西秋留石器時代住居跡
official_export_002:240,fire,13229,西東京市,National,Registered,有形文化財,建造物,building_direct,小宮家住宅主屋
official_export_002:252,fire,13229,西東京市,National,Registered,有形文化財,建造物,building_direct,下田家住宅主屋
official_export_002:253,fire,13229,西東京市,National,Registered,有形文化財,建造物,building_direct,下田家住宅文庫蔵
official_export_002:290,fire,13229,西東京市,National,Registered,有形文化財,建造物,building_direct,髙橋家住宅衣装蔵
official_export_002:291,fire,13229,西東京市,National,Registered,有形文化財,建造物,building_direct,髙橋家住宅表門
official_export_002:292,fire,13229,西東京市,National,Registered,有形文化財,建造物,building_direct,髙橋家住宅主屋
official_export_002:293,fire,13229,西東京市,National,Registered,有形文化財,建造物,building_direct,髙橋家住宅土蔵
official_export_002:294,fire,13229,西東京市,National,Registered,有形文化財,建造物,building_direct,髙橋家住宅納屋
official_export_002:304,fire,13229,西東京市,National,Registered,有形文化財,建造物,building_direct,田無神社参集殿
official_export_003:32,fire,13229,西東京市,National,Designated,記念物,天然記念物,point,下野谷遺跡
official_export_003:28,fire,13305,日の出町,National,Designated,記念物,天然記念物,point,幸神神社のシダレアカシデ
203,fire,13307,檜原村,Tokyo Metropolitan,Designated,記念物,名勝,point,三頭大滝
official_export_001:64,fire,13307,檜原村,National,Designated,有形文化財,建造物,building_direct,小林家住宅(東京都西多摩郡檜原村)
official_export_002:162,fire,13307,檜原村,National,Registered,有形文化財,建造物,building_direct,旧高橋家住宅主屋
official_export_002:254,fire,13307,檜原村,National,Registered,有形文化財,建造物,building_direct,蛇の湯温泉たから荘
official_export_002:373,fire,13307,檜原村,National,Registered,有形文化財,建造物,building_direct,中村家住宅主屋
official_export_002:429,fire,13307,檜原村,National,Registered,有形文化財,建造物,building_direct,峯岸家住宅主屋
1,river_flooding,13105,文京区,Tokyo Metropolitan,Designated,有形文化財,建造物,building_direct,湯島天満宮表鳥居
1.32209E+11,river_flooding,13220,東大和市,Tokyo Metropolitan,Unknown,有形文化財,建造物,building_direct,豊鹿島神社本殿(附棟札)
10,river_flooding,13116,豊島区,Tokyo Metropolitan,Designated,有形文化財,建造物,building_direct,旧マッケーレブ邸(雑司が谷旧宣教師館)
1000000001,river_flooding,13114,中野区,Tokyo Metropolitan,Designated,記念物,旧跡,point,新井白石墓
1000000002,river_flooding,13114,中野区,Tokyo Metropolitan,Designated,記念物,旧跡,point,鈴木九郎長者墓
1000000003,river_flooding,13114,中野区,National,Designated,記念物,名勝,point,哲学堂公園
1000000004,river_flooding,13114,中野区,Tokyo Metropolitan,Designated,民俗文化財,無形民俗文化財,point,江古田の獅子舞
103,river_flooding,13223,武蔵村山市,Tokyo Metropolitan,Designated,無形文化財,工芸技術,point,村山大島紬 (板締絹絣織)
104,river_flooding,13228,あきる野市,Tokyo Metropolitan,Designated,無形文化財,工芸技術,point,軍道紙
105,river_flooding,13113,渋谷区,Tokyo Metropolitan,Designated,民俗文化財,有形民俗文化財,point,千駄ケ谷の冨士塚
106,river_flooding,13204,三鷹市,Tokyo Metropolitan,Designated,民俗文化財,有形民俗文化財,point,武蔵野(野川流域)の水車経営農家
108,river_flooding,13221,清瀬市,Tokyo Metropolitan,Designated,民俗文化財,有形民俗文化財,point,中里の富士塚
11,river_flooding,13116,豊島区,Municipal,Designated,民俗文化財,有形民俗文化財,point,冨士元囃子用具一式(楽器9点、寿獅子、大黒舞用道具類11点
110,river_flooding,13221,清瀬市,Tokyo Metropolitan,Designated,民俗文化財,無形民俗文化財(風俗慣習),point,清瀬市下宿の「ふせぎ」行事
112,river_flooding,13111,大田区,Tokyo Metropolitan,Designated,記念物,史跡,point,奥絵師狩野家墓所
113,river_flooding,13111,大田区,Tokyo Metropolitan,Designated,記念物,史跡,point,宝?山古墳
114,river_flooding,13111,大田区,Tokyo Metropolitan,Designated,記念物,史跡,point,多摩川台古墳群
115,river_flooding,13112,世田谷区,Tokyo Metropolitan,Designated,記念物,史跡,point,野毛大塚古墳
116,river_flooding,13112,世田谷区,Tokyo Metropolitan,Designated,記念物,史跡,point,世田谷代官屋敷
117,river_flooding,13112,世田谷区,Tokyo Metropolitan,Designated,記念物,史跡,point,等々力渓谷三号横穴
118,river_flooding,13112,世田谷区,Tokyo Metropolitan,Designated,記念物,史跡,point,徳冨蘆花旧宅
12,river_flooding,13116,豊島区,Municipal,Designated,民俗文化財,無形民俗文化財,point,長崎獅子舞
121,river_flooding,13119,板橋区,Unknown,Unknown,未判定,未細分,point,茂呂遺跡
122,river_flooding,13120,練馬区,Unknown,Unknown,未判定,未細分,point,尾崎遺跡
123,high_tide,13122,葛飾区,Tokyo Metropolitan,Designated,記念物,史跡,point,葛西城跡
123,river_flooding,13122,葛飾区,Tokyo Metropolitan,Designated,記念物,史跡,point,葛西城跡
124,high_tide,13122,葛飾区,Tokyo Metropolitan,Designated,記念物,史跡,point,立石
124,river_flooding,13122,葛飾区,Tokyo Metropolitan,Designated,記念物,史跡,point,立石
125,high_tide,13123,江戸川区,Tokyo Metropolitan,Designated,記念物,史跡,point,一之江名主屋敷
125,river_flooding,13123,江戸川区,Tokyo Metropolitan,Designated,記念物,史跡,point,一之江名主屋敷
126,river_flooding,13201,八王子市,Tokyo Metropolitan,Designated,記念物,史跡,point,片倉城跡
127,river_flooding,13201,八王子市,Tokyo Metropolitan,Designated,記念物,史跡,point,広園寺境域
128,river_flooding,13204,三鷹市,Tokyo Metropolitan,Designated,記念物,史跡,point,出山横穴墓群第8号墓
129,river_flooding,13205,青梅市,Tokyo Metropolitan,Designated,記念物,史跡,point,天寧寺境域
13,river_flooding,13116,豊島区,Municipal,Designated,民俗文化財,無形民俗文化財,point,冨士元囃子
130,river_flooding,13205,青梅市,Tokyo Metropolitan,Designated,記念物,史跡,point,海禅寺境域
131,river_flooding,13205,青梅市,Tokyo Metropolitan,Designated,記念物,史跡,point,安楽寺境域
131024000000.0,high_tide,13102,中央区,Municipal,Designated,有形文化財,建造物,building_direct,明治屋京橋ビル
131024000000.0,river_flooding,13102,中央区,Municipal,Designated,有形文化財,建造物,building_direct,明治屋京橋ビル
131024000000.0,tsunami,13102,中央区,Municipal,Designated,有形文化財,建造物,building_direct,明治屋京橋ビル
13104:0,river_flooding,13104,新宿区,Unknown,Unknown,未判定,未細分,point,市谷亀岡八幡宮の銅鳥居
13104:1,river_flooding,13104,新宿区,Unknown,Unknown,未判定,未細分,point,早稲田大学 坪内博士記念演劇博物館
13104:10,river_flooding,13104,新宿区,Unknown,Unknown,未判定,未細分,point,西迎寺の阿弥陀如来座像
13104:100,river_flooding,13104,新宿区,Unknown,Unknown,未判定,未細分,point,狛犬型庚申塔
13104:101,river_flooding,13104,新宿区,Unknown,Unknown,未判定,未細分,point,太宗寺の閻魔像
13104:102,river_flooding,13104,新宿区,Unknown,Unknown,未判定,未細分,point,太宗寺の奪衣婆像
13104:103,river_flooding,13104,新宿区,Unknown,Unknown,未判定,未細分,point,葛谷御霊神社の力石
13104:104,river_flooding,13104,新宿区,Unknown,Unknown,未判定,未細分,point,成子天神社の力石
13104:105,river_flooding,13104,新宿区,Unknown,Unknown,未判定,未細分,point,雨乞のむしろ旗
13104:106,river_flooding,13104,新宿区,Unknown,Unknown,未判定,未細分,point,市谷亀岡八幡宮の力石
13104:107,river_flooding,13104,新宿区,Unknown,Unknown,未判定,未細分,point,筑土八幡神社の庚申塔
13104:108,river_flooding,13104,新宿区,Unknown,Unknown,未判定,未細分,point,尺八「放下着」一式ならびに普化尺八伝授関連資料
13104:109,river_flooding,13104,新宿区,Unknown,Unknown,未判定,未細分,point,善国寺の石虎
13104:11,river_flooding,13104,新宿区,Unknown,Unknown,未判定,未細分,point,中井出世不動尊像
13104:110,river_flooding,13104,新宿区,Unknown,Unknown,未判定,未細分,point,中井御霊神社の狛犬
13104:111,river_flooding,13104,新宿区,Unknown,Unknown,未判定,未細分,point,巴講睦の獅子頭
13104:112,river_flooding,13104,新宿区,Unknown,Unknown,未判定,未細分,point,一行院の板碑
13104:113,river_flooding,13104,新宿区,Unknown,Unknown,未判定,未細分,point,塞神三柱の塔
13104:114,river_flooding,13104,新宿区,Unknown,Unknown,未判定,未細分,point,全龍寺の庚申塔
13104:115,river_flooding,13104,新宿区,Unknown,Unknown,未判定,未細分,point,慈雲山観音寺の庚申塔
13104:116,river_flooding,13104,新宿区,Unknown,Unknown,未判定,未細分,point,下落合二丁目の庚申塔
13104:117,river_flooding,13104,新宿区,Unknown,Unknown,未判定,未細分,point,旧源兵衛村の庚申塔
13104:118,river_flooding,13104,新宿区,Unknown,Unknown,未判定,未細分,point,幸国寺の題目塔
13104:119,river_flooding,13104,新宿区,Unknown,Unknown,未判定,未細分,point,熊野神社の狛犬
13104:12,river_flooding,13104,新宿区,Unknown,Unknown,未判定,未細分,point,花園神社の唐獅子像
13104:120,river_flooding,13104,新宿区,Unknown,Unknown,未判定,未細分,point,高田馬場の流鏑馬
13104:121,river_flooding,13104,新宿区,Unknown,Unknown,未判定,未細分,point,中井御霊神社の備射祭
13104:122,river_flooding,13104,新宿区,Unknown,Unknown,未判定,未細分,point,葛谷御霊神社の備謝祭
13104:123,river_flooding,13104,新宿区,Unknown,Unknown,未判定,未細分,point,丸藤宮元講社の富士講行事
13104:124,river_flooding,13104,新宿区,Unknown,Unknown,未判定,未細分,point,戸塚囃子
13104:125,river_flooding,13104,新宿区,Unknown,Unknown,未判定,未細分,point,萩原社中里神楽
13104:126,river_flooding,13104,新宿区,Unknown,Unknown,未判定,未細分,point,上落合餅つき唄
13104:127,river_flooding,13104,新宿区,Unknown,Unknown,未判定,未細分,point,鉄砲組百人隊行列
13104:128,river_flooding,13104,新宿区,Unknown,Unknown,未判定,未細分,point,高松喜六の墓
13104:129,river_flooding,13104,新宿区,Unknown,Unknown,未判定,未細分,point,服部半蔵の墓
13104:13,river_flooding,13104,新宿区,Unknown,Unknown,未判定,未細分,point,太宗寺の三日月不動像
13104:130,river_flooding,13104,新宿区,Unknown,Unknown,未判定,未細分,point,小泉八雲旧居跡
13104:131,river_flooding,13104,新宿区,Unknown,Unknown,未判定,未細分,point,塙保己一の墓
13104:132,river_flooding,13104,新宿区,Unknown,Unknown,未判定,未細分,point,山県大弐の墓
13104:133,river_flooding,13104,新宿区,Unknown,Unknown,未判定,未細分,point,十二社の碑
13104:134,river_flooding,13104,新宿区,Unknown,Unknown,未判定,未細分,point,松井須磨子の墓
13104:135,river_flooding,13104,新宿区,Unknown,Unknown,未判定,未細分,point,源清麿の墓
13104:136,river_flooding,13104,新宿区,Unknown,Unknown,未判定,未細分,point,尾崎紅葉旧居跡
13104:137,river_flooding,13104,新宿区,Unknown,Unknown,未判定,未細分,point,田村虎蔵旧居跡
13104:138,river_flooding,13104,新宿区,Unknown,Unknown,未判定,未細分,point,恋川春町の墓
13104:139,river_flooding,13104,新宿区,Unknown,Unknown,未判定,未細分,point,月岡芳年の墓
13104:14,river_flooding,13104,新宿区,Unknown,Unknown,未判定,未細分,point,熊野神社の水鉢
13104:140,river_flooding,13104,新宿区,Unknown,Unknown,未判定,未細分,point,浄瑠璃坂の仇討跡
13104:141,high_tide,13104,新宿区,Unknown,Unknown,未判定,未細分,point,国産飛行機発祥の地
13104:141,river_flooding,13104,新宿区,Unknown,Unknown,未判定,未細分,point,国産飛行機発祥の地
13104:142,river_flooding,13104,新宿区,Unknown,Unknown,未判定,未細分,point,大久保の犬御用屋敷跡
13104:143,river_flooding,13104,新宿区,Unknown,Unknown,未判定,未細分,point,三遊亭円朝旧居跡
13104:144,river_flooding,13104,新宿区,Unknown,Unknown,未判定,未細分,point,夏目漱石誕生の地
13104:145,river_flooding,13104,新宿区,Unknown,Unknown,未判定,未細分,point,夏目漱石終焉の地
13104:146,river_flooding,13104,新宿区,Unknown,Unknown,未判定,未細分,point,便々館湖鯉鮒狂歌碑
13104:147,river_flooding,13104,新宿区,Unknown,Unknown,未判定,未細分,point,永井荷風旧居跡
13104:148,river_flooding,13104,新宿区,Unknown,Unknown,未判定,未細分,point,岡崎三郎信康供養塔
13104:149,river_flooding,13104,新宿区,Unknown,Unknown,未判定,未細分,point,榊原鍵吉の墓
13104:15,river_flooding,13104,新宿区,Unknown,Unknown,未判定,未細分,point,亮朝院の金剛力士石像
13104:150,river_flooding,13104,新宿区,Unknown,Unknown,未判定,未細分,point,平秩東作の墓
13104:151,river_flooding,13104,新宿区,Unknown,Unknown,未判定,未細分,point,二葉亭四迷旧居跡
13104:152,river_flooding,13104,新宿区,Unknown,Unknown,未判定,未細分,point,大和田建樹終焉の地
13104:153,river_flooding,13104,新宿区,Unknown,Unknown,未判定,未細分,point,有島武郎旧居跡
13104:154,river_flooding,13104,新宿区,Unknown,Unknown,未判定,未細分,point,島村抱月終焉の地 (芸術倶楽部跡)
13104:155,river_flooding,13104,新宿区,Unknown,Unknown,未判定,未細分,point,内藤正勝の墓
13104:156,river_flooding,13104,新宿区,Unknown,Unknown,未判定,未細分,point,筒井政憲の墓
13104:157,river_flooding,13104,新宿区,Unknown,Unknown,未判定,未細分,point,小泉八雲終焉の地
13104:158,river_flooding,13104,新宿区,Unknown,Unknown,未判定,未細分,point,紅皿の墓
13104:159,river_flooding,13104,新宿区,Unknown,Unknown,未判定,未細分,point,坪内逍遙旧居跡(文芸協会演劇研究所跡)
13104:16,river_flooding,13104,新宿区,Unknown,Unknown,未判定,未細分,point,誓閑寺の梵鐘
13104:160,river_flooding,13104,新宿区,Unknown,Unknown,未判定,未細分,point,佐伯祐三アトリエの地
13104:161,river_flooding,13104,新宿区,Unknown,Unknown,未判定,未細分,point,滝沢馬琴終焉の地
13104:162,river_flooding,13104,新宿区,Unknown,Unknown,未判定,未細分,point,柳田國男旧居跡
13104:163,river_flooding,13104,新宿区,Unknown,Unknown,未判定,未細分,point,斎藤茂吉終焉の地
13104:164,river_flooding,13104,新宿区,Unknown,Unknown,未判定,未細分,point,下村湖人終焉の地
13104:165,river_flooding,13104,新宿区,Unknown,Unknown,未判定,未細分,point,落合秋艸堂跡(會津八一旧居跡)
13104:166,river_flooding,13104,新宿区,Unknown,Unknown,未判定,未細分,point,西條八十旧居跡
13104:167,river_flooding,13104,新宿区,Unknown,Unknown,未判定,未細分,point,女人芸術社跡(長谷川時雨・三上於菟吉旧居跡)
13104:168,river_flooding,13104,新宿区,Unknown,Unknown,未判定,未細分,point,内村鑑三終焉の地(今井館聖書講堂跡)
13104:169,river_flooding,13104,新宿区,Unknown,Unknown,未判定,未細分,point,鈴木三重吉終焉の地(「赤い鳥」社跡)
13104:17,river_flooding,13104,新宿区,Unknown,Unknown,未判定,未細分,point,善国寺の毘沙門天像
13104:170,river_flooding,13104,新宿区,Unknown,Unknown,未判定,未細分,point,鏑木清方旧居跡
13104:171,river_flooding,13104,新宿区,Unknown,Unknown,未判定,未細分,point,辰野金吾の墓
13104:172,river_flooding,13104,新宿区,Unknown,Unknown,未判定,未細分,point,牛込城跡
13104:173,river_flooding,13104,新宿区,Unknown,Unknown,未判定,未細分,point,富塚跡
13104:174,river_flooding,13104,新宿区,Unknown,Unknown,未判定,未細分,point,便々館湖鯉鮒の墓
13104:175,river_flooding,13104,新宿区,Unknown,Unknown,未判定,未細分,point,成子天神社の富士塚
13104:176,river_flooding,13104,新宿区,Unknown,Unknown,未判定,未細分,point,生田春月旧居跡
13104:177,river_flooding,13104,新宿区,Unknown,Unknown,未判定,未細分,point,泉鏡花旧居跡
13104:178,river_flooding,13104,新宿区,Unknown,Unknown,未判定,未細分,point,林芙美子終焉の地
13104:179,river_flooding,13104,新宿区,Unknown,Unknown,未判定,未細分,point,塚本明毅の墓碑
13104:18,river_flooding,13104,新宿区,Unknown,Unknown,未判定,未細分,point,経王寺の大黒天像
13104:180,river_flooding,13104,新宿区,Unknown,Unknown,未判定,未細分,point,萩原宗固の墓
13104:181,river_flooding,13104,新宿区,Unknown,Unknown,未判定,未細分,point,吉川湊一の墓
13104:182,river_flooding,13104,新宿区,Unknown,Unknown,未判定,未細分,point,東京府仮小学第三校跡
13104:183,river_flooding,13104,新宿区,Unknown,Unknown,未判定,未細分,point,シイ
13104:184,river_flooding,13104,新宿区,Unknown,Unknown,未判定,未細分,point,イチョウ
13104:185,river_flooding,13104,新宿区,Unknown,Unknown,未判定,未細分,point,末広亭
13104:186,river_flooding,13104,新宿区,Unknown,Unknown,未判定,未細分,point,歌舞伎町建設記念碑
13104:187,river_flooding,13104,新宿区,Unknown,Unknown,未判定,未細分,point,六桜社跡
13104:188,river_flooding,13104,新宿区,Unknown,Unknown,未判定,未細分,point,佐々木活字店
13104:189,river_flooding,13104,新宿区,Unknown,Unknown,未判定,未細分,point,近衛篤麿公記念碑
13104:19,river_flooding,13104,新宿区,Unknown,Unknown,未判定,未細分,point,法善寺の七面明神像
13104:190,river_flooding,13104,新宿区,Unknown,Unknown,未判定,未細分,point,花園神社の二宮尊徳像
13104:191,river_flooding,13104,新宿区,Unknown,Unknown,未判定,未細分,point,長谷川平蔵埋葬の地
13104:192,river_flooding,13104,新宿区,Unknown,Unknown,未判定,未細分,point,神楽坂の東八拳
13104:193,river_flooding,13104,新宿区,Unknown,Unknown,未判定,未細分,point,神楽坂をどり
13104:194,river_flooding,13104,新宿区,Unknown,Unknown,未判定,未細分,point,旧近衛邸のケヤキ
13104:195,river_flooding,13104,新宿区,Unknown,Unknown,未判定,未細分,point,オブジェ「歓び(PLAISIR)」
13104:196,river_flooding,13104,新宿区,Unknown,Unknown,未判定,未細分,point,源兵衛子育地蔵尊の石造物群
13104:197,river_flooding,13104,新宿区,Unknown,Unknown,未判定,未細分,point,彰忠碑
13104:198,river_flooding,13104,新宿区,Unknown,Unknown,未判定,未細分,point,太平洋戦争本土初空襲の地跡
13104:199,river_flooding,13104,新宿区,Unknown,Unknown,未判定,未細分,point,名曲喫茶らんぶる
13104:2,river_flooding,13104,新宿区,Unknown,Unknown,未判定,未細分,point,浄栄寺の山門「甘露門」
13104:20,river_flooding,13104,新宿区,Unknown,Unknown,未判定,未細分,point,布袋像の水鉢
13104:200,river_flooding,13104,新宿区,Unknown,Unknown,未判定,未細分,point,西落合耕地整理記念碑
13104:201,river_flooding,13104,新宿区,Unknown,Unknown,未判定,未細分,point,旧淀橋浄水場蝶型弁
13104:202,river_flooding,13104,新宿区,Unknown,Unknown,未判定,未細分,point,旧淀橋浄水場六角堂
13104:203,river_flooding,13104,新宿区,Unknown,Unknown,未判定,未細分,point,巴講睦の獅子図屏風
13104:204,river_flooding,13104,新宿区,Unknown,Unknown,未判定,未細分,point,服部良一旧居跡
13104:205,river_flooding,13104,新宿区,Unknown,Unknown,未判定,未細分,point,天祖神社の神門
13104:206,river_flooding,13104,新宿区,Unknown,Unknown,未判定,未細分,point,戸山射撃場跡
13104:207,river_flooding,13104,新宿区,Unknown,Unknown,未判定,未細分,point,喜久井町 戦災者供養観音像
13104:208,river_flooding,13104,新宿区,Unknown,Unknown,未判定,未細分,point,白糸塚
13104:209,river_flooding,13104,新宿区,Unknown,Unknown,未判定,未細分,point,獅子吼会の山門
13104:21,river_flooding,13104,新宿区,Unknown,Unknown,未判定,未細分,point,須賀神社の三十六歌仙絵
13104:210,river_flooding,13104,新宿区,Unknown,Unknown,未判定,未細分,point,田島森碑
13104:211,river_flooding,13104,新宿区,Unknown,Unknown,未判定,未細分,point,忠魂碑
13104:212,river_flooding,13104,新宿区,Unknown,Unknown,未判定,未細分,point,祭馬碑
13104:213,river_flooding,13104,新宿区,Unknown,Unknown,未判定,未細分,point,渡辺玉花旧居
13104:214,river_flooding,13104,新宿区,Unknown,Unknown,未判定,未細分,point,花園アパート跡
13104:215,river_flooding,13104,新宿区,Unknown,Unknown,未判定,未細分,point,美濃国高須藩主 松平家上屋敷跡
13104:216,river_flooding,13104,新宿区,Unknown,Unknown,未判定,未細分,point,水準点II号
13104:217,river_flooding,13104,新宿区,Unknown,Unknown,未判定,未細分,point,東京若葉キリスト教会
13104:218,river_flooding,13104,新宿区,Unknown,Unknown,未判定,未細分,point,稲荷鬼王神社の節分祭
13104:219,river_flooding,13104,新宿区,Unknown,Unknown,未判定,未細分,point,中井御霊神社の節分祭
13104:22,river_flooding,13104,新宿区,Unknown,Unknown,未判定,未細分,point,馬水槽
13104:220,river_flooding,13104,新宿区,Unknown,Unknown,未判定,未細分,point,花園神社の節分祭
13104:221,river_flooding,13104,新宿区,Unknown,Unknown,未判定,未細分,point,氷川神社の節分祭
13104:222,river_flooding,13104,新宿区,Unknown,Unknown,未判定,未細分,point,鎧神社の節分祭
13104:223,river_flooding,13104,新宿区,Unknown,Unknown,未判定,未細分,point,自性院の節分会
13104:224,river_flooding,13104,新宿区,Unknown,Unknown,未判定,未細分,point,有隣園跡
13104:225,river_flooding,13104,新宿区,Unknown,Unknown,未判定,未細分,point,太宗寺の閻魔大王開帳
13104:226,river_flooding,13104,新宿区,Unknown,Unknown,未判定,未細分,point,太宗寺の大震災紀念碑
13104:227,river_flooding,13104,新宿区,Unknown,Unknown,未判定,未細分,point,放生寺の水掛け地蔵と大震火災死亡群霊塔
13104:228,river_flooding,13104,新宿区,Unknown,Unknown,未判定,未細分,point,文学座アトリエ
13104:23,river_flooding,13104,新宿区,Unknown,Unknown,未判定,未細分,point,天龍寺の時の鐘
13104:230,high_tide,13104,新宿区,Unknown,Unknown,未判定,未細分,point,弘文学院跡
13104:230,river_flooding,13104,新宿区,Unknown,Unknown,未判定,未細分,point,弘文学院跡
13104:231,river_flooding,13104,新宿区,Unknown,Unknown,未判定,未細分,point,ムーラン・ルージュ新宿座跡
13104:24,river_flooding,13104,新宿区,Unknown,Unknown,未判定,未細分,point,天龍寺のやぐら時計
13104:25,river_flooding,13104,新宿区,Unknown,Unknown,未判定,未細分,point,大隈重信銅像
13104:26,river_flooding,13104,新宿区,Unknown,Unknown,未判定,未細分,point,長善寺(笹寺)のめのう観音像
13104:27,river_flooding,13104,新宿区,Unknown,Unknown,未判定,未細分,point,鬼王神社の水鉢
13104:28,river_flooding,13104,新宿区,Unknown,Unknown,未判定,未細分,point,聖徳太子画像
13104:29,river_flooding,13104,新宿区,Unknown,Unknown,未判定,未細分,point,太宗寺の観無量寿経曼荼羅
13104:3,river_flooding,13104,新宿区,Unknown,Unknown,未判定,未細分,point,幸国寺の山門
13104:30,river_flooding,13104,新宿区,Unknown,Unknown,未判定,未細分,point,七人役者図絵馬
13104:31,river_flooding,13104,新宿区,Unknown,Unknown,未判定,未細分,point,阿弥陀三尊来迎図(専福寺)
13104:32,river_flooding,13104,新宿区,Unknown,Unknown,未判定,未細分,point,木造阿弥陀如来立像
13104:33,river_flooding,13104,新宿区,Unknown,Unknown,未判定,未細分,point,木造地蔵菩薩坐像
13104:34,river_flooding,13104,新宿区,Unknown,Unknown,未判定,未細分,point,阿弥陀三尊来迎図(光照寺)
13104:35,river_flooding,13104,新宿区,Unknown,Unknown,未判定,未細分,point,法然上人画像
13104:36,river_flooding,13104,新宿区,Unknown,Unknown,未判定,未細分,point,西光庵の観無量寿経曼荼羅
13104:37,high_tide,13104,新宿区,Unknown,Unknown,未判定,未細分,point,天瑞元堤像 谷文晁筆
13104:37,river_flooding,13104,新宿区,Unknown,Unknown,未判定,未細分,point,天瑞元堤像 谷文晁筆
13104:38,high_tide,13104,新宿区,Unknown,Unknown,未判定,未細分,point,謙堂文益像 谷文晁筆
13104:38,river_flooding,13104,新宿区,Unknown,Unknown,未判定,未細分,point,謙堂文益像 谷文晁筆
13104:39,high_tide,13104,新宿区,Unknown,Unknown,未判定,未細分,point,八大龍王図 谷文晁筆
13104:39,river_flooding,13104,新宿区,Unknown,Unknown,未判定,未細分,point,八大龍王図 谷文晁筆
13104:4,river_flooding,13104,新宿区,Unknown,Unknown,未判定,未細分,point,中井御霊神社の本殿・幣殿・拝殿
13104:40,high_tide,13104,新宿区,Unknown,Unknown,未判定,未細分,point,十大弟子図 谷文晁筆
13104:40,river_flooding,13104,新宿区,Unknown,Unknown,未判定,未細分,point,十大弟子図 谷文晁筆
13104:41,river_flooding,13104,新宿区,Unknown,Unknown,未判定,未細分,point,永福寺の銅造大日如来坐像
13104:42,river_flooding,13104,新宿区,Unknown,Unknown,未判定,未細分,point,永福寺の銅造地蔵菩薩半跏像
13104:43,river_flooding,13104,新宿区,Unknown,Unknown,未判定,未細分,point,済松寺の加藤文麗筆絵画作品
13104:44,river_flooding,13104,新宿区,Unknown,Unknown,未判定,未細分,point,谷文晁の絵
13104:45,river_flooding,13104,新宿区,Unknown,Unknown,未判定,未細分,point,月見岡八幡神社の鰐口
13104:46,river_flooding,13104,新宿区,Unknown,Unknown,未判定,未細分,point,市谷亀岡八幡宮の軍配団扇
13104:47,river_flooding,13104,新宿区,Unknown,Unknown,未判定,未細分,point,林光寺の高僧先達連座画像
13104:48,river_flooding,13104,新宿区,Unknown,Unknown,未判定,未細分,point,木造十一面観音坐像
13104:49,river_flooding,13104,新宿区,Unknown,Unknown,未判定,未細分,point,亮朝院の梵鐘
13104:5,river_flooding,13104,新宿区,Unknown,Unknown,未判定,未細分,point,亮朝院本堂
13104:50,river_flooding,13104,新宿区,Unknown,Unknown,未判定,未細分,point,宝泉寺の梵鐘
13104:51,river_flooding,13104,新宿区,Unknown,Unknown,未判定,未細分,point,銅造地蔵菩薩半跏像
13104:52,river_flooding,13104,新宿区,Unknown,Unknown,未判定,未細分,point,正受院の梵鐘
13104:53,river_flooding,13104,新宿区,Unknown,Unknown,未判定,未細分,point,西迎寺の梵鐘
13104:54,river_flooding,13104,新宿区,Unknown,Unknown,未判定,未細分,point,浄栄寺の梵鐘
13104:55,river_flooding,13104,新宿区,Unknown,Unknown,未判定,未細分,point,善慶寺の梵鐘
13104:56,river_flooding,13104,新宿区,Unknown,Unknown,未判定,未細分,point,法雲寺の梵鐘
13104:57,river_flooding,13104,新宿区,Unknown,Unknown,未判定,未細分,point,圓照寺の梵鐘
13104:58,river_flooding,13104,新宿区,Unknown,Unknown,未判定,未細分,point,薬王院の梵鐘
13104:59,river_flooding,13104,新宿区,Unknown,Unknown,未判定,未細分,point,西應寺の梵鐘
13104:6,river_flooding,13104,新宿区,Unknown,Unknown,未判定,未細分,point,亮朝院七面堂
13104:60,river_flooding,13104,新宿区,Unknown,Unknown,未判定,未細分,point,光照寺の涅槃図
13104:61,river_flooding,13104,新宿区,Unknown,Unknown,未判定,未細分,point,長安寺の六地蔵塔
13104:62,river_flooding,13104,新宿区,Unknown,Unknown,未判定,未細分,point,太宗寺墓地出土品
13104:63,river_flooding,13104,新宿区,Unknown,Unknown,未判定,未細分,point,小銅鐸
13104:64,river_flooding,13104,新宿区,Unknown,Unknown,未判定,未細分,point,隆起線文系土器
13104:65,river_flooding,13104,新宿区,Unknown,Unknown,未判定,未細分,point,下落合横穴墓出土品
13104:66,river_flooding,13104,新宿区,Unknown,Unknown,未判定,未細分,point,一行院墓地出土品
13104:67,river_flooding,13104,新宿区,Unknown,Unknown,未判定,未細分,point,中村家文書
13104:68,river_flooding,13104,新宿区,Unknown,Unknown,未判定,未細分,point,林光寺の歴代宗主銘
13104:69,river_flooding,13104,新宿区,Unknown,Unknown,未判定,未細分,point,亮朝院文書
13104:7,river_flooding,13104,新宿区,Unknown,Unknown,未判定,未細分,point,永心寺本堂
13104:70,river_flooding,13104,新宿区,Unknown,Unknown,未判定,未細分,point,中井御霊神社文書
13104:71,river_flooding,13104,新宿区,Unknown,Unknown,未判定,未細分,point,長厳寺文書
13104:72,high_tide,13104,新宿区,Unknown,Unknown,未判定,未細分,point,済松寺文書
13104:72,river_flooding,13104,新宿区,Unknown,Unknown,未判定,未細分,point,済松寺文書
13104:73,river_flooding,13104,新宿区,Unknown,Unknown,未判定,未細分,point,林光寺文書
13104:74,river_flooding,13104,新宿区,Unknown,Unknown,未判定,未細分,point,大聖院文書
13104:75,river_flooding,13104,新宿区,Unknown,Unknown,未判定,未細分,point,法身寺文書
13104:76,river_flooding,13104,新宿区,Unknown,Unknown,未判定,未細分,point,旭地蔵
13104:77,river_flooding,13104,新宿区,Unknown,Unknown,未判定,未細分,point,子供合埋碑
13104:78,river_flooding,13104,新宿区,Unknown,Unknown,未判定,未細分,point,式三番奉納額
13104:79,river_flooding,13104,新宿区,Unknown,Unknown,未判定,未細分,point,旧鈴法寺江戸番所資料
13104:8,river_flooding,13104,新宿区,Unknown,Unknown,未判定,未細分,point,永心寺山門
13104:80,river_flooding,13104,新宿区,Unknown,Unknown,未判定,未細分,point,空印の石手水鉢
13104:81,river_flooding,13104,新宿区,Unknown,Unknown,未判定,未細分,point,堀部武庸加功遺跡之碑
13104:82,river_flooding,13104,新宿区,Unknown,Unknown,未判定,未細分,point,幸国寺の日蓮聖人六百遠忌供養塔
13104:83,river_flooding,13104,新宿区,Unknown,Unknown,未判定,未細分,point,太宗寺の切支丹灯籠
13104:84,river_flooding,13104,新宿区,Unknown,Unknown,未判定,未細分,point,諸国旅人供養碑
13104:85,river_flooding,13104,新宿区,Unknown,Unknown,未判定,未細分,point,服部半蔵の槍
13104:86,river_flooding,13104,新宿区,Unknown,Unknown,未判定,未細分,point,駿馬塚の碑
13104:87,river_flooding,13104,新宿区,Unknown,Unknown,未判定,未細分,point,月桂寺の切支丹灯籠
13104:88,river_flooding,13104,新宿区,Unknown,Unknown,未判定,未細分,point,木造七面明神半跏像及び宮殿
13104:89,river_flooding,13104,新宿区,Unknown,Unknown,未判定,未細分,point,木造妙見菩薩立像及び宮殿
13104:9,river_flooding,13104,新宿区,Unknown,Unknown,未判定,未細分,point,筑土八幡神社の石造鳥居
13104:90,river_flooding,13104,新宿区,Unknown,Unknown,未判定,未細分,point,木造諏訪大明神坐像及び宮殿
13104:91,river_flooding,13104,新宿区,Unknown,Unknown,未判定,未細分,point,市谷亀岡八幡宮の几号水準点(水鉢台座)
13104:93,river_flooding,13104,新宿区,Unknown,Unknown,未判定,未細分,point,自証院の阿弥陀三尊種子板碑
13104:94,river_flooding,13104,新宿区,Unknown,Unknown,未判定,未細分,point,来迎寺の庚申塔
13104:95,river_flooding,13104,新宿区,Unknown,Unknown,未判定,未細分,point,正受院の奪衣婆像
13104:96,river_flooding,13104,新宿区,Unknown,Unknown,未判定,未細分,point,中井御霊神社の備射祭絵馬
13104:97,river_flooding,13104,新宿区,Unknown,Unknown,未判定,未細分,point,中井御霊神社の分木
13104:98,river_flooding,13104,新宿区,Unknown,Unknown,未判定,未細分,point,自性院の私年号板碑
13104:99,river_flooding,13104,新宿区,Unknown,Unknown,未判定,未細分,point,月見岡八幡神社の庚申塔
131067100003,river_flooding,13106,台東区,Municipal,Designated,民俗文化財,有形民俗文化財,point,旧吉田屋酒店
131067100027,river_flooding,13106,台東区,Municipal,Other,記念物,史跡,point,狩野芳崖墓 附 狩野芳崖翁碑
131067100029,high_tide,13106,台東区,Municipal,Other,有形文化財,建造物,building_direct,石造宝篋印塔
131067100029,river_flooding,13106,台東区,Municipal,Other,有形文化財,建造物,building_direct,石造宝篋印塔
131067100039,river_flooding,13106,台東区,Municipal,Other,記念物,史跡,point,大沼枕山墓
131067100046,river_flooding,13106,台東区,Municipal,Other,記念物,史跡,point,藤堂家墓所
131067100047,river_flooding,13106,台東区,Municipal,Other,記念物,史跡,point,河鍋暁斎墓
131067100052,river_flooding,13106,台東区,Municipal,Other,記念物,史跡,point,福地源一郎(桜痴)墓
131067100053,river_flooding,13106,台東区,Municipal,Other,記念物,史跡,point,横山大観旧居
131067100059,river_flooding,13106,台東区,Municipal,Other,民俗文化財,有形民俗文化財,point,延寿寺日荷堂絵馬群
131067100060,high_tide,13106,台東区,Municipal,Other,記念物,史跡,point,柴田是真墓
131067100060,river_flooding,13106,台東区,Municipal,Other,記念物,史跡,point,柴田是真墓
131067100066,river_flooding,13106,台東区,Municipal,Other,記念物,史跡,point,町田久成墓
131067100067,river_flooding,13106,台東区,Municipal,Other,記念物,史跡,point,田中芳男墓
131067100075,high_tide,13106,台東区,Municipal,Designated,民俗文化財,有形民俗文化財,point,浅草浅間神社本殿并びに諸資料 付 境内地
131067100075,river_flooding,13106,台東区,Municipal,Designated,民俗文化財,有形民俗文化財,point,浅草浅間神社本殿并びに諸資料 付 境内地
131067100110,river_flooding,13106,台東区,Municipal,Other,有形文化財,建造物,building_direct,上野広小路三橋遺構 附 出土近世遺物一括
131067100132,high_tide,13106,台東区,Municipal,Other,民俗文化財,有形民俗文化財,point,大太刀(陰陽丸)
131067100132,river_flooding,13106,台東区,Municipal,Other,民俗文化財,有形民俗文化財,point,大太刀(陰陽丸)
131067100134,high_tide,13106,台東区,Municipal,Other,有形文化財,建造物,building_direct,石造多宝塔
131067100134,river_flooding,13106,台東区,Municipal,Other,有形文化財,建造物,building_direct,石造多宝塔
131067100147,high_tide,13106,台東区,Municipal,Other,民俗文化財,有形民俗文化財,point,浅草寺絵馬・扁額群
131067100147,river_flooding,13106,台東区,Municipal,Other,民俗文化財,有形民俗文化財,point,浅草寺絵馬・扁額群
131067100162,high_tide,13106,台東区,Municipal,Other,民俗文化財,有形民俗文化財,point,吉徳これくしょん(和書)
131067100162,river_flooding,13106,台東区,Municipal,Other,民俗文化財,有形民俗文化財,point,吉徳これくしょん(和書)
131067100163,high_tide,13106,台東区,Municipal,Other,民俗文化財,有形民俗文化財,point,吉徳これくしょん(一枚刷)
131067100163,river_flooding,13106,台東区,Municipal,Other,民俗文化財,有形民俗文化財,point,吉徳これくしょん(一枚刷)
131067100168,high_tide,13106,台東区,Municipal,Other,民俗文化財,有形民俗文化財,point,吉徳これくしょん〔芝居番付類(一枚刷)〕
131067100168,river_flooding,13106,台東区,Municipal,Other,民俗文化財,有形民俗文化財,point,吉徳これくしょん〔芝居番付類(一枚刷)〕
131067100171,high_tide,13106,台東区,Municipal,Other,民俗文化財,有形民俗文化財,point,吉徳これくしょん(古文書)
131067100171,river_flooding,13106,台東区,Municipal,Other,民俗文化財,有形民俗文化財,point,吉徳これくしょん(古文書)
131067100174,high_tide,13106,台東区,Municipal,Other,民俗文化財,有形民俗文化財,point,吉徳これくしょん(羽子板)
131067100174,river_flooding,13106,台東区,Municipal,Other,民俗文化財,有形民俗文化財,point,吉徳これくしょん(羽子板)
131067100178,high_tide,13106,台東区,Municipal,Other,民俗文化財,有形民俗文化財,point,吉徳これくしょん(五月人形)
131067100178,river_flooding,13106,台東区,Municipal,Other,民俗文化財,有形民俗文化財,point,吉徳これくしょん(五月人形)
131067100181,high_tide,13106,台東区,Municipal,Other,民俗文化財,有形民俗文化財,point,吉徳これくしょん(雛人形)
131067100181,river_flooding,13106,台東区,Municipal,Other,民俗文化財,有形民俗文化財,point,吉徳これくしょん(雛人形)
131067100182,river_flooding,13106,台東区,Municipal,Other,記念物,史跡,point,渋沢栄一家墓所
131067100187,river_flooding,13106,台東区,Municipal,Other,記念物,史跡,point,徳川家光薨去に伴う殉死者の墓
131075100001,high_tide,13107,墨田区,Municipal,Unknown,有形文化財,建造物,building_direct,牛嶋神社石造鳥居
131075100001,river_flooding,13107,墨田区,Municipal,Unknown,有形文化財,建造物,building_direct,牛嶋神社石造鳥居
131075100002,high_tide,13107,墨田区,Municipal,Unknown,有形文化財,建造物,building_direct,白髭神社石造鳥居
131075100002,river_flooding,13107,墨田区,Municipal,Unknown,有形文化財,建造物,building_direct,白髭神社石造鳥居
131075100003,high_tide,13107,墨田区,Municipal,Unknown,有形文化財,建造物,building_direct,多聞寺山門
131075100003,river_flooding,13107,墨田区,Municipal,Unknown,有形文化財,建造物,building_direct,多聞寺山門
131075100004,high_tide,13107,墨田区,Municipal,Unknown,有形文化財,建造物,building_direct,旧小山家住宅
131075100004,river_flooding,13107,墨田区,Municipal,Unknown,有形文化財,建造物,building_direct,旧小山家住宅
131075100006,high_tide,13107,墨田区,Municipal,Unknown,有形文化財,建造物,building_direct,三囲神社石造鳥居(堤下の大鳥居)
131075100006,river_flooding,13107,墨田区,Municipal,Unknown,有形文化財,建造物,building_direct,三囲神社石造鳥居(堤下の大鳥居)
131075100007,high_tide,13107,墨田区,Municipal,Unknown,有形文化財,建造物,building_direct,弘福寺本堂(大雄寳殿)
131075100007,river_flooding,13107,墨田区,Municipal,Unknown,有形文化財,建造物,building_direct,弘福寺本堂(大雄寳殿)
131075100008,high_tide,13107,墨田区,Municipal,Unknown,有形文化財,建造物,building_direct,三囲神社本社
131075100008,river_flooding,13107,墨田区,Municipal,Unknown,有形文化財,建造物,building_direct,三囲神社本社
131075100010,high_tide,13107,墨田区,Municipal,Unknown,有形文化財,建造物,building_direct,牛嶋神社社殿
131075100010,river_flooding,13107,墨田区,Municipal,Unknown,有形文化財,建造物,building_direct,牛嶋神社社殿
131075100011,high_tide,13107,墨田区,Municipal,Unknown,有形文化財,建造物,building_direct,牛嶋神社神輿蔵
131075100011,river_flooding,13107,墨田区,Municipal,Unknown,有形文化財,建造物,building_direct,牛嶋神社神輿蔵
131075100012,high_tide,13107,墨田区,Municipal,Unknown,有形文化財,建造物,building_direct,隅田川神社社殿
131075100012,river_flooding,13107,墨田区,Municipal,Unknown,有形文化財,建造物,building_direct,隅田川神社社殿
131075100014,high_tide,13107,墨田区,Municipal,Unknown,有形文化財,建造物,building_direct,實相寺熊谷稲荷堂 附再建関連文書ニ点・青図三枚・写真一点
131075100014,river_flooding,13107,墨田区,Municipal,Unknown,有形文化財,建造物,building_direct,實相寺熊谷稲荷堂 附再建関連文書ニ点・青図三枚・写真一点
131075100016,high_tide,13107,墨田区,Municipal,Unknown,有形文化財,歴史資料,point,楢崎宗重博士旧蔵美術資料群(楢崎宗重コレクション)
131075100016,river_flooding,13107,墨田区,Municipal,Unknown,有形文化財,歴史資料,point,楢崎宗重博士旧蔵美術資料群(楢崎宗重コレクション)
131075100017,high_tide,13107,墨田区,Municipal,Unknown,有形文化財,歴史資料,point,紙本着色「隅田川両岸景色図」一巻
131075100017,river_flooding,13107,墨田区,Municipal,Unknown,有形文化財,歴史資料,point,紙本着色「隅田川両岸景色図」一巻
131075100047,high_tide,13107,墨田区,Municipal,Unknown,有形文化財,歴史資料,point,都鳥手鑑 ※非公開
131075100047,river_flooding,13107,墨田区,Municipal,Unknown,有形文化財,歴史資料,point,都鳥手鑑 ※非公開
131075100048,high_tide,13107,墨田区,Municipal,Unknown,有形文化財,歴史資料,point,正福寺の板碑
131075100048,river_flooding,13107,墨田区,Municipal,Unknown,有形文化財,歴史資料,point,正福寺の板碑
131075100049,high_tide,13107,墨田区,Municipal,Unknown,有形文化財,歴史資料,point,法泉寺所蔵板碑 ※非公開
131075100049,river_flooding,13107,墨田区,Municipal,Unknown,有形文化財,歴史資料,point,法泉寺所蔵板碑 ※非公開
131075100050,high_tide,13107,墨田区,Municipal,Unknown,有形文化財,歴史資料,point,啓運閣所蔵板碑 ※非公開
131075100050,river_flooding,13107,墨田区,Municipal,Unknown,有形文化財,歴史資料,point,啓運閣所蔵板碑 ※非公開
131075100052,high_tide,13107,墨田区,Municipal,Unknown,有形文化財,歴史資料,point,松尾芭蕉「いざさらば」の句碑 (雪見の句碑)
131075100052,river_flooding,13107,墨田区,Municipal,Unknown,有形文化財,歴史資料,point,松尾芭蕉「いざさらば」の句碑 (雪見の句碑)
131075100053,high_tide,13107,墨田区,Municipal,Unknown,有形文化財,歴史資料,point,橋本家旧蔵板碑
131075100053,river_flooding,13107,墨田区,Municipal,Unknown,有形文化財,歴史資料,point,橋本家旧蔵板碑
131075100054,high_tide,13107,墨田区,Municipal,Unknown,有形文化財,歴史資料,point,烏亭焉馬「いそがずば」の狂歌碑
131075100054,river_flooding,13107,墨田区,Municipal,Unknown,有形文化財,歴史資料,point,烏亭焉馬「いそがずば」の狂歌碑
131075100055,high_tide,13107,墨田区,Municipal,Unknown,有形文化財,歴史資料,point,宝井其角「ゆうだちや」の句碑 (雨乞いの句碑)
131075100055,river_flooding,13107,墨田区,Municipal,Unknown,有形文化財,歴史資料,point,宝井其角「ゆうだちや」の句碑 (雨乞いの句碑)
131075100056,high_tide,13107,墨田区,Municipal,Unknown,有形文化財,歴史資料,point,秋葉神社の石造燈籠 寛保元年銘 二基 宝永元年銘 二基 宝永二年銘 二基
131075100056,river_flooding,13107,墨田区,Municipal,Unknown,有形文化財,歴史資料,point,秋葉神社の石造燈籠 寛保元年銘 二基 宝永元年銘 二基 宝永二年銘 二基
131075100057,high_tide,13107,墨田区,Municipal,Unknown,有形文化財,歴史資料,point,蓮花寺の石柱道標 文化十五年銘 一基 文政五年銘 一基
131075100057,river_flooding,13107,墨田区,Municipal,Unknown,有形文化財,歴史資料,point,蓮花寺の石柱道標 文化十五年銘 一基 文政五年銘 一基
131075100058,high_tide,13107,墨田区,Municipal,Unknown,有形文化財,歴史資料,point,要津寺雪中庵関係石碑群
131075100058,river_flooding,13107,墨田区,Municipal,Unknown,有形文化財,歴史資料,point,要津寺雪中庵関係石碑群
131075100059,high_tide,13107,墨田区,Municipal,Unknown,有形文化財,歴史資料,point,多聞寺の板碑
131075100059,river_flooding,13107,墨田区,Municipal,Unknown,有形文化財,歴史資料,point,多聞寺の板碑
131075100061,high_tide,13107,墨田区,Municipal,Unknown,有形文化財,歴史資料,point,石造海難供養碑
131075100061,river_flooding,13107,墨田区,Municipal,Unknown,有形文化財,歴史資料,point,石造海難供養碑
131075100062,high_tide,13107,墨田区,Municipal,Unknown,有形文化財,歴史資料,point,三囲神社の石造常夜燈
131075100062,river_flooding,13107,墨田区,Municipal,Unknown,有形文化財,歴史資料,point,三囲神社の石造常夜燈
131075100063,high_tide,13107,墨田区,Municipal,Unknown,有形文化財,歴史資料,point,石造墨堤永代常夜燈
131075100063,river_flooding,13107,墨田区,Municipal,Unknown,有形文化財,歴史資料,point,石造墨堤永代常夜燈
131075100064,high_tide,13107,墨田区,Municipal,Unknown,有形文化財,歴史資料,point,吾嬬神社の連理の楠
131075100064,river_flooding,13107,墨田区,Municipal,Unknown,有形文化財,歴史資料,point,吾嬬神社の連理の楠
131075100065,high_tide,13107,墨田区,Municipal,Unknown,有形文化財,歴史資料,point,墨堤植桜之碑
131075100065,river_flooding,13107,墨田区,Municipal,Unknown,有形文化財,歴史資料,point,墨堤植桜之碑
131075100066,high_tide,13107,墨田区,Municipal,Unknown,有形文化財,歴史資料,point,絹本墨書扁額「明明徳」
131075100066,river_flooding,13107,墨田区,Municipal,Unknown,有形文化財,歴史資料,point,絹本墨書扁額「明明徳」
131075100067,high_tide,13107,墨田区,Municipal,Unknown,有形文化財,歴史資料,point,歌川豊広辞世の狂歌碑
131075100067,river_flooding,13107,墨田区,Municipal,Unknown,有形文化財,歴史資料,point,歌川豊広辞世の狂歌碑
131075100068,river_flooding,13107,墨田区,Municipal,Unknown,有形文化財,歴史資料,point,石造標柱「隅田公園入口」
131075100069,high_tide,13107,墨田区,Municipal,Unknown,有形文化財,歴史資料,point,石造「夜寉井銘」の碑
131075100069,river_flooding,13107,墨田区,Municipal,Unknown,有形文化財,歴史資料,point,石造「夜寉井銘」の碑
131075100070,high_tide,13107,墨田区,Municipal,Unknown,有形文化財,歴史資料,point,生月鯨太左衛門の墓 ※非公開
131075100070,river_flooding,13107,墨田区,Municipal,Unknown,有形文化財,歴史資料,point,生月鯨太左衛門の墓 ※非公開
131075100071,high_tide,13107,墨田区,Municipal,Unknown,有形文化財,歴史資料,point,無縁法界塔
131075100071,river_flooding,13107,墨田区,Municipal,Unknown,有形文化財,歴史資料,point,無縁法界塔
131075100072,high_tide,13107,墨田区,Municipal,Unknown,有形文化財,歴史資料,point,板坂如春の碑(2基)
131075100072,river_flooding,13107,墨田区,Municipal,Unknown,有形文化財,歴史資料,point,板坂如春の碑(2基)
131075100073,high_tide,13107,墨田区,Municipal,Unknown,有形文化財,歴史資料,point,芥川家旧蔵雛人形
131075100073,river_flooding,13107,墨田区,Municipal,Unknown,有形文化財,歴史資料,point,芥川家旧蔵雛人形
131075100074,high_tide,13107,墨田区,Municipal,Unknown,有形文化財,歴史資料,point,「天下之糸平」の碑
131075100074,river_flooding,13107,墨田区,Municipal,Unknown,有形文化財,歴史資料,point,「天下之糸平」の碑
131075100075,high_tide,13107,墨田区,Municipal,Unknown,有形文化財,歴史資料,point,大石三平墓
131075100075,river_flooding,13107,墨田区,Municipal,Unknown,有形文化財,歴史資料,point,大石三平墓
131075100076,high_tide,13107,墨田区,Municipal,Unknown,有形文化財,歴史資料,point,江島杉山神社の銅製釣燈籠
131075100076,river_flooding,13107,墨田区,Municipal,Unknown,有形文化財,歴史資料,point,江島杉山神社の銅製釣燈籠
131075100077,high_tide,13107,墨田区,Municipal,Unknown,有形文化財,歴史資料,point,佐羽淡斎「墨多三絶」の漢詩碑
131075100077,river_flooding,13107,墨田区,Municipal,Unknown,有形文化財,歴史資料,point,佐羽淡斎「墨多三絶」の漢詩碑
131075100078,high_tide,13107,墨田区,Municipal,Unknown,有形文化財,歴史資料,point,亀田鵬斎「題隅田堤櫻花」の漢詩碑
131075100078,river_flooding,13107,墨田区,Municipal,Unknown,有形文化財,歴史資料,point,亀田鵬斎「題隅田堤櫻花」の漢詩碑
131075100079,high_tide,13107,墨田区,Municipal,Unknown,有形文化財,歴史資料,point,「吾嬬森碑」
131075100079,river_flooding,13107,墨田区,Municipal,Unknown,有形文化財,歴史資料,point,「吾嬬森碑」
131075100080,high_tide,13107,墨田区,Municipal,Unknown,有形文化財,歴史資料,point,近松門左衛門供養碑(断片) ※非公開
131075100080,river_flooding,13107,墨田区,Municipal,Unknown,有形文化財,歴史資料,point,近松門左衛門供養碑(断片) ※非公開
131075100081,high_tide,13107,墨田区,Municipal,Unknown,有形文化財,歴史資料,point,「一勇斎歌川先生墓表」(歌川国芳顕彰碑)
131075100081,river_flooding,13107,墨田区,Municipal,Unknown,有形文化財,歴史資料,point,「一勇斎歌川先生墓表」(歌川国芳顕彰碑)
131075100082,high_tide,13107,墨田区,Municipal,Unknown,有形文化財,歴史資料,point,「勝川春英翁略傳」の碑
131075100082,river_flooding,13107,墨田区,Municipal,Unknown,有形文化財,歴史資料,point,「勝川春英翁略傳」の碑
131075100083,high_tide,13107,墨田区,Municipal,Unknown,有形文化財,歴史資料,point,初代歌川豊国筆塚(断片)
131075100083,river_flooding,13107,墨田区,Municipal,Unknown,有形文化財,歴史資料,point,初代歌川豊国筆塚(断片)
131075100084,high_tide,13107,墨田区,Municipal,Unknown,有形文化財,歴史資料,point,窪俊満「故郷の」の歌碑
131075100084,river_flooding,13107,墨田区,Municipal,Unknown,有形文化財,歴史資料,point,窪俊満「故郷の」の歌碑
131075100085,high_tide,13107,墨田区,Municipal,Unknown,有形文化財,歴史資料,point,鈴木家旧蔵雛人形
131075100085,river_flooding,13107,墨田区,Municipal,Unknown,有形文化財,歴史資料,point,鈴木家旧蔵雛人形
131075100086,high_tide,13107,墨田区,Municipal,Unknown,有形文化財,歴史資料,point,太田氏七代供養塔
131075100086,river_flooding,13107,墨田区,Municipal,Unknown,有形文化財,歴史資料,point,太田氏七代供養塔
131075100087,high_tide,13107,墨田区,Municipal,Unknown,有形文化財,歴史資料,point,旗本太田資同墓碑
131075100087,river_flooding,13107,墨田区,Municipal,Unknown,有形文化財,歴史資料,point,旗本太田資同墓碑
131075100088,high_tide,13107,墨田区,Municipal,Unknown,有形文化財,歴史資料,point,隅田川神社資料
131075100088,river_flooding,13107,墨田区,Municipal,Unknown,有形文化財,歴史資料,point,隅田川神社資料
131075100089,high_tide,13107,墨田区,Municipal,Unknown,有形文化財,歴史資料,point,矢掛弓雄関係石碑群
131075100089,river_flooding,13107,墨田区,Municipal,Unknown,有形文化財,歴史資料,point,矢掛弓雄関係石碑群
131075100090,high_tide,13107,墨田区,Municipal,Unknown,有形文化財,歴史資料,point,木阿弥(元杢網)「けふよりも」の歌碑
131075100090,river_flooding,13107,墨田区,Municipal,Unknown,有形文化財,歴史資料,point,木阿弥(元杢網)「けふよりも」の歌碑
131075100091,high_tide,13107,墨田区,Municipal,Unknown,有形文化財,歴史資料,point,義士墓(那珂湊戦争関連資料)
131075100091,river_flooding,13107,墨田区,Municipal,Unknown,有形文化財,歴史資料,point,義士墓(那珂湊戦争関連資料)
131075100092,high_tide,13107,墨田区,Municipal,Unknown,有形文化財,歴史資料,point,回向院の石造歴史災害供養塔群
131075100092,river_flooding,13107,墨田区,Municipal,Unknown,有形文化財,歴史資料,point,回向院の石造歴史災害供養塔群
131075100095,high_tide,13107,墨田区,Municipal,Unknown,民俗文化財,有形民俗文化財,point,牛嶋神社の石造狛犬 享保十四年銘 一対 文政十年銘 一対
131075100095,river_flooding,13107,墨田区,Municipal,Unknown,民俗文化財,有形民俗文化財,point,牛嶋神社の石造狛犬 享保十四年銘 一対 文政十年銘 一対
131075100096,high_tide,13107,墨田区,Municipal,Unknown,民俗文化財,有形民俗文化財,point,三囲神社の石造狛犬
131075100096,river_flooding,13107,墨田区,Municipal,Unknown,民俗文化財,有形民俗文化財,point,三囲神社の石造狛犬
131075100097,high_tide,13107,墨田区,Municipal,Unknown,民俗文化財,有形民俗文化財,point,如意輪寺の六面六地蔵石幢
131075100097,river_flooding,13107,墨田区,Municipal,Unknown,民俗文化財,有形民俗文化財,point,如意輪寺の六面六地蔵石幢
131075100098,high_tide,13107,墨田区,Municipal,Unknown,民俗文化財,有形民俗文化財,point,正福寺の石造阿弥陀如来立像
131075100098,river_flooding,13107,墨田区,Municipal,Unknown,民俗文化財,有形民俗文化財,point,正福寺の石造阿弥陀如来立像
131075100099,high_tide,13107,墨田区,Municipal,Unknown,民俗文化財,有形民俗文化財,point,多聞寺の石造庚申塔(阿弥陀如来)
131075100099,river_flooding,13107,墨田区,Municipal,Unknown,民俗文化財,有形民俗文化財,point,多聞寺の石造庚申塔(阿弥陀如来)
131075100100,high_tide,13107,墨田区,Municipal,Unknown,民俗文化財,有形民俗文化財,point,圓徳寺の石造庚申塔(釈迦如来)
131075100100,river_flooding,13107,墨田区,Municipal,Unknown,民俗文化財,有形民俗文化財,point,圓徳寺の石造庚申塔(釈迦如来)
131075100101,high_tide,13107,墨田区,Municipal,Unknown,民俗文化財,有形民俗文化財,point,吾嬬神社の石造狛犬
131075100101,river_flooding,13107,墨田区,Municipal,Unknown,民俗文化財,有形民俗文化財,point,吾嬬神社の石造狛犬
131075100103,high_tide,13107,墨田区,Municipal,Unknown,民俗文化財,有形民俗文化財,point,萬福寺の石造庚申塔 (青面金剛童子)
131075100103,river_flooding,13107,墨田区,Municipal,Unknown,民俗文化財,有形民俗文化財,point,萬福寺の石造庚申塔 (青面金剛童子)
131075100104,high_tide,13107,墨田区,Municipal,Unknown,民俗文化財,有形民俗文化財,point,白鬚神社の石造狛犬
131075100104,river_flooding,13107,墨田区,Municipal,Unknown,民俗文化財,有形民俗文化財,point,白鬚神社の石造狛犬
131075100105,high_tide,13107,墨田区,Municipal,Unknown,民俗文化財,有形民俗文化財,point,香取神社の石造水鉢(禊盥)
131075100105,river_flooding,13107,墨田区,Municipal,Unknown,民俗文化財,有形民俗文化財,point,香取神社の石造水鉢(禊盥)
131075100106,high_tide,13107,墨田区,Municipal,Unknown,民俗文化財,有形民俗文化財,point,牛嶋神社の石造神牛
131075100106,river_flooding,13107,墨田区,Municipal,Unknown,民俗文化財,有形民俗文化財,point,牛嶋神社の石造神牛
131075100107,high_tide,13107,墨田区,Municipal,Unknown,民俗文化財,有形民俗文化財,point,三囲神社の石造神狐
131075100107,river_flooding,13107,墨田区,Municipal,Unknown,民俗文化財,有形民俗文化財,point,三囲神社の石造神狐
131075100108,high_tide,13107,墨田区,Municipal,Unknown,民俗文化財,有形民俗文化財,point,長命寺の石造庚申塔 (地蔵菩薩)
131075100108,river_flooding,13107,墨田区,Municipal,Unknown,民俗文化財,有形民俗文化財,point,長命寺の石造庚申塔 (地蔵菩薩)
131075100109,high_tide,13107,墨田区,Municipal,Unknown,民俗文化財,有形民俗文化財,point,正覚寺の石造庚申塔(青面金剛童子)
131075100109,river_flooding,13107,墨田区,Municipal,Unknown,民俗文化財,有形民俗文化財,point,正覚寺の石造庚申塔(青面金剛童子)
131075100110,high_tide,13107,墨田区,Municipal,Unknown,民俗文化財,有形民俗文化財,point,回向院の石造阿弥陀三尊立像
131075100110,river_flooding,13107,墨田区,Municipal,Unknown,民俗文化財,有形民俗文化財,point,回向院の石造阿弥陀三尊立像
131075100111,high_tide,13107,墨田区,Municipal,Unknown,民俗文化財,有形民俗文化財,point,円通寺の石造地蔵菩薩立像
131075100111,river_flooding,13107,墨田区,Municipal,Unknown,民俗文化財,有形民俗文化財,point,円通寺の石造地蔵菩薩立像
131075100112,high_tide,13107,墨田区,Municipal,Unknown,民俗文化財,有形民俗文化財,point,多聞寺の石造六地蔵坐像
131075100112,river_flooding,13107,墨田区,Municipal,Unknown,民俗文化財,有形民俗文化財,point,多聞寺の石造六地蔵坐像
131075100113,high_tide,13107,墨田区,Municipal,Unknown,民俗文化財,有形民俗文化財,point,法泉寺の石造地蔵菩薩立像
131075100113,river_flooding,13107,墨田区,Municipal,Unknown,民俗文化財,有形民俗文化財,point,法泉寺の石造地蔵菩薩立像
131075100114,high_tide,13107,墨田区,Municipal,Unknown,民俗文化財,有形民俗文化財,point,東漸寺の石造庚申道標
131075100114,river_flooding,13107,墨田区,Municipal,Unknown,民俗文化財,有形民俗文化財,point,東漸寺の石造庚申道標
131075100115,high_tide,13107,墨田区,Municipal,Unknown,民俗文化財,有形民俗文化財,point,牛嶋神社境内力石群
131075100115,river_flooding,13107,墨田区,Municipal,Unknown,民俗文化財,有形民俗文化財,point,牛嶋神社境内力石群
131075100116,high_tide,13107,墨田区,Municipal,Unknown,民俗文化財,有形民俗文化財,point,力石
131075100116,river_flooding,13107,墨田区,Municipal,Unknown,民俗文化財,有形民俗文化財,point,力石
131075100117,high_tide,13107,墨田区,Municipal,Unknown,民俗文化財,有形民俗文化財,point,吾嬬神社境内力石群
131075100117,river_flooding,13107,墨田区,Municipal,Unknown,民俗文化財,有形民俗文化財,point,吾嬬神社境内力石群
131075100118,high_tide,13107,墨田区,Municipal,Unknown,民俗文化財,有形民俗文化財,point,牛嶋神社石造神牛(撫牛)
131075100118,river_flooding,13107,墨田区,Municipal,Unknown,民俗文化財,有形民俗文化財,point,牛嶋神社石造神牛(撫牛)
131075100119,high_tide,13107,墨田区,Municipal,Unknown,民俗文化財,有形民俗文化財,point,鼠小僧供養碑(鼠小僧の墓)
131075100119,river_flooding,13107,墨田区,Municipal,Unknown,民俗文化財,有形民俗文化財,point,鼠小僧供養碑(鼠小僧の墓)
131075100120,high_tide,13107,墨田区,Municipal,Unknown,民俗文化財,有形民俗文化財,point,安藤家旧蔵田舟
131075100120,river_flooding,13107,墨田区,Municipal,Unknown,民俗文化財,有形民俗文化財,point,安藤家旧蔵田舟
131075100121,high_tide,13107,墨田区,Municipal,Unknown,民俗文化財,有形民俗文化財,point,江島杉山神社境内力石
131075100121,river_flooding,13107,墨田区,Municipal,Unknown,民俗文化財,有形民俗文化財,point,江島杉山神社境内力石
131075100122,high_tide,13107,墨田区,Municipal,Unknown,民俗文化財,有形民俗文化財,point,山玉向嶋講社の碑
131075100122,river_flooding,13107,墨田区,Municipal,Unknown,民俗文化財,有形民俗文化財,point,山玉向嶋講社の碑
131075100123,high_tide,13107,墨田区,Municipal,Unknown,民俗文化財,有形民俗文化財,point,山玉向嶋講社の碑
131075100123,river_flooding,13107,墨田区,Municipal,Unknown,民俗文化財,有形民俗文化財,point,山玉向嶋講社の碑
131075100124,high_tide,13107,墨田区,Municipal,Unknown,民俗文化財,有形民俗文化財,point,出羽三山の碑
131075100124,river_flooding,13107,墨田区,Municipal,Unknown,民俗文化財,有形民俗文化財,point,出羽三山の碑
131075100125,high_tide,13107,墨田区,Municipal,Unknown,民俗文化財,有形民俗文化財,point,柳嶋村念仏講道具一式 附関連文書
131075100125,river_flooding,13107,墨田区,Municipal,Unknown,民俗文化財,有形民俗文化財,point,柳嶋村念仏講道具一式 附関連文書
131075100149,high_tide,13107,墨田区,Municipal,Unknown,民俗文化財,無形民俗文化財(民俗芸能),point,隅田囃子(箕輪囃子)
131075100149,river_flooding,13107,墨田区,Municipal,Unknown,民俗文化財,無形民俗文化財(民俗芸能),point,隅田囃子(箕輪囃子)
131075100150,high_tide,13107,墨田区,Municipal,Unknown,民俗文化財,無形民俗文化財(風俗慣習),point,隅田川七福神めぐり
131075100150,river_flooding,13107,墨田区,Municipal,Unknown,民俗文化財,無形民俗文化財(風俗慣習),point,隅田川七福神めぐり
131075100151,high_tide,13107,墨田区,Municipal,Unknown,記念物,史跡,point,肥前平戸藩松浦家墓所 ※非公開
131075100151,river_flooding,13107,墨田区,Municipal,Unknown,記念物,史跡,point,肥前平戸藩松浦家墓所 ※非公開
131075100152,high_tide,13107,墨田区,Municipal,Unknown,記念物,史跡,point,橘守部墓・橘冬照墓
131075100152,river_flooding,13107,墨田区,Municipal,Unknown,記念物,史跡,point,橘守部墓・橘冬照墓
131075100153,high_tide,13107,墨田区,Municipal,Unknown,記念物,史跡,point,池田冠山墓
131075100153,river_flooding,13107,墨田区,Municipal,Unknown,記念物,史跡,point,池田冠山墓
131075100154,high_tide,13107,墨田区,Municipal,Unknown,記念物,史跡,point,常陸笠間藩牧野家墓所 ※非公開
131075100154,river_flooding,13107,墨田区,Municipal,Unknown,記念物,史跡,point,常陸笠間藩牧野家墓所 ※非公開
131075100155,high_tide,13107,墨田区,Municipal,Unknown,記念物,史跡,point,回向院相撲関係石碑群(力塚)
131075100155,river_flooding,13107,墨田区,Municipal,Unknown,記念物,史跡,point,回向院相撲関係石碑群(力塚)
131075100156,high_tide,13107,墨田区,Municipal,Unknown,記念物,天然記念物,point,飛木稲荷神社のイチョウ
131075100156,river_flooding,13107,墨田区,Municipal,Unknown,記念物,天然記念物,point,飛木稲荷神社のイチョウ
131075100157,high_tide,13107,墨田区,Municipal,Unknown,記念物,名勝,point,墨堤の桜
131075100157,river_flooding,13107,墨田区,Municipal,Unknown,記念物,名勝,point,墨堤の桜
131083000000.0,high_tide,13108,江東区,National,Designated,有形文化財,建造物,building_direct,清洲橋
131083000000.0,river_flooding,13108,江東区,National,Designated,有形文化財,建造物,building_direct,清洲橋
131083000000.0,tsunami,13108,江東区,National,Designated,有形文化財,建造物,building_direct,清洲橋
131156000000.0,river_flooding,13115,杉並区,Municipal,Unknown,民俗文化財,有形民俗文化財,point,寛文四年銘聖観音庚申供養塔
132,river_flooding,13205,青梅市,Tokyo Metropolitan,Designated,記念物,史跡,point,虎柏神社境域
132000000000.0,river_flooding,13222,東久留米市,Municipal,Unknown,民俗文化財,無形民俗文化財,point,南沢獅子舞
132080100003,river_flooding,13208,調布市,National,Designated,記念物,史跡,point,下布田遺跡
132080100004,river_flooding,13208,調布市,National,Designated,記念物,史跡,point,深大寺城跡
132080100007,river_flooding,13208,調布市,National,Registered,有形文化財,建造物,building_direct,白百合女子大学めぐみ荘(旧菊池家住宅主屋)
132080100008,river_flooding,13208,調布市,National,Registered,有形文化財,建造物,building_direct,新井家住宅主屋
132080100009,river_flooding,13208,調布市,National,Registered,有形文化財,建造物,building_direct,新井家住宅内蔵
132080100010,river_flooding,13208,調布市,National,Registered,有形文化財,建造物,building_direct,新井家住宅外蔵
132080100011,river_flooding,13208,調布市,National,Registered,有形文化財,建造物,building_direct,新井家住宅旧蚕室
132080100012,river_flooding,13208,調布市,National,Registered,有形文化財,建造物,building_direct,新井家住宅中門及び塀
132080100013,river_flooding,13208,調布市,National,Registered,有形文化財,建造物,building_direct,旧武者小路実篤邸主屋
132080100014,river_flooding,13208,調布市,National,Registered,有形文化財,建造物,building_direct,旧佐橋家住宅主屋
132080100015,river_flooding,13208,調布市,National,Registered,有形文化財,建造物,building_direct,旧佐橋家住宅門
132080100019,river_flooding,13208,調布市,Tokyo Metropolitan,Designated,記念物,天然記念物,point,佐須の禅寺丸古木
132080100020,river_flooding,13208,調布市,Municipal,Designated,有形文化財,建造物,building_direct,上石原若宮八幡神社本殿
132080100022,river_flooding,13208,調布市,Municipal,Designated,有形文化財,建造物,building_direct,布多天神社本殿
132080100023,river_flooding,13208,調布市,Municipal,Designated,有形文化財,建造物,building_direct,深大寺山門
132080100024,river_flooding,13208,調布市,Municipal,Designated,有形文化財,建造物,building_direct,深大寺深沙大王堂内宮殿
132080100026,river_flooding,13208,調布市,Municipal,Designated,有形文化財,建造物,building_direct,虎狛神社本殿
132080100027,river_flooding,13208,調布市,Municipal,Designated,有形文化財,建造物,building_direct,虎狛神社石鳥居
132080100051,river_flooding,13208,調布市,Municipal,Designated,有形文化財,歴史資料,point,野口平一家資料
132080100053,river_flooding,13208,調布市,Municipal,Designated,有形文化財,歴史資料,point,ジュゼッペ・キアラ神父墓碑
132080100054,river_flooding,13208,調布市,Municipal,Designated,有形文化財,歴史資料,point,虎狛神社之碑
132080100055,river_flooding,13208,調布市,Municipal,Designated,有形文化財,歴史資料,point,絹本着色釈迦三尊十六善神図
132080100057,river_flooding,13208,調布市,Municipal,Designated,民俗文化財,有形民俗文化財(民俗),point,下石原八幡神社の獅子頭
132080100058,river_flooding,13208,調布市,Municipal,Designated,民俗文化財,有形民俗文化財(民俗),point,布多天神社狛犬
132080100059,river_flooding,13208,調布市,Municipal,Designated,民俗文化財,有形民俗文化財(民俗),point,小橋の馬頭観音塔
132080100061,river_flooding,13208,調布市,Municipal,Designated,民俗文化財,有形民俗文化財(民俗),point,深大寺元三大師参詣の道標
132080100062,river_flooding,13208,調布市,Municipal,Designated,民俗文化財,有形民俗文化財(民俗),point,地蔵菩薩立像(妙円地蔵)
132080100063,river_flooding,13208,調布市,Municipal,Designated,民俗文化財,有形民俗文化財(民俗),point,百万遍供養塔
132080100064,river_flooding,13208,調布市,Municipal,Designated,民俗文化財,有形民俗文化財(民俗),point,山野庚申塚の庚申塔
132080100065,river_flooding,13208,調布市,Municipal,Designated,民俗文化財,有形民俗文化財(金石文等),point,布多天神社太閤の制札
132080100069,river_flooding,13208,調布市,Municipal,Designated,民俗文化財,有形民俗文化財(金石文等),point,文明十六年銘胎蔵界大日板碑
132080100072,river_flooding,13208,調布市,Municipal,Designated,民俗文化財,無形民俗文化財(民俗芸能),point,調布の祭ばやし
132080100074,river_flooding,13208,調布市,Municipal,Designated,記念物,史跡,point,近藤勇生家跡
132080100075,river_flooding,13208,調布市,Municipal,Designated,記念物,旧跡,point,小島一里塚跡
132080100076,river_flooding,13208,調布市,Municipal,Designated,記念物,旧跡,point,仙川一里塚跡
132080100078,river_flooding,13208,調布市,Municipal,Designated,記念物,天然記念物,point,青渭神社のケヤキ
132080100079,river_flooding,13208,調布市,Municipal,Designated,記念物,天然記念物,point,山野の禅寺丸古木
132080100080,river_flooding,13208,調布市,Municipal,Designated,記念物,天然記念物,point,金子のイチョウ
132080100081,river_flooding,13208,調布市,Municipal,Designated,記念物,天然記念物,point,絵堂のヒイラギ
132080100082,river_flooding,13208,調布市,Municipal,Designated,有形文化財,歴史資料,point,黄檗版大般若波羅蜜多経
132101000000.0,river_flooding,13210,小金井市,Unknown,Unknown,記念物,名勝,point,小金井(サクラ)
132136100001,river_flooding,13213,東村山市,Municipal,Unknown,民俗文化財,有形民俗文化財,point,貞和の板碑
132136100002,river_flooding,13213,東村山市,Municipal,Other,記念物,史跡,point,浅間塚 ・ 境塚
132136100003,river_flooding,13213,東村山市,Municipal,Unknown,記念物,天然記念物,point,万年橋のケヤキ
132136100006,river_flooding,13213,東村山市,Municipal,Unknown,有形文化財,未細分,point,秋津神社本殿
132136100007,river_flooding,13213,東村山市,Municipal,Unknown,民俗文化財,有形民俗文化財,point,武藤良由碑
132136100008,river_flooding,13213,東村山市,Municipal,Unknown,民俗文化財,有形民俗文化財,point,梅岩寺の庚申塔
132136100009,river_flooding,13213,東村山市,Municipal,Unknown,民俗文化財,有形民俗文化財,point,比 翼 碑 (ひよくひ)
132136100010,river_flooding,13213,東村山市,Municipal,Unknown,民俗文化財,有形民俗文化財,point,千体小地蔵尊像
132136100011,river_flooding,13213,東村山市,Municipal,Unknown,有形文化財,未細分,point,千体地蔵堂本尊地蔵菩薩立像
132136100012,river_flooding,13213,東村山市,Municipal,Other,記念物,旧跡,point,鎌倉古街道
132136100013,river_flooding,13213,東村山市,Municipal,Unknown,民俗文化財,有形民俗文化財,point,石造延命地蔵立像
132136100014,river_flooding,13213,東村山市,Municipal,Unknown,民俗文化財,有形民俗文化財,point,一石六地蔵
132136100015,river_flooding,13213,東村山市,Municipal,Unknown,有形文化財,未細分,point,獣脚付蔵骨器
132136100016,river_flooding,13213,東村山市,Municipal,Other,記念物,旧跡,point,瓦塔出土地 (がとう)
132136100017,river_flooding,13213,東村山市,Municipal,Unknown,民俗文化財,有形民俗文化財,point,応永の板碑
132136100018,river_flooding,13213,東村山市,Municipal,Unknown,民俗文化財,有形民俗文化財,point,新・四国石仏
132136100019,river_flooding,13213,東村山市,Municipal,Unknown,民俗文化財,有形民俗文化財,point,富田家の宝篋印塔
132136100020,river_flooding,13213,東村山市,Municipal,Unknown,民俗文化財,有形民俗文化財,point,赤坂の庚申塔付6基
132136100021,river_flooding,13213,東村山市,Municipal,Unknown,民俗文化財,有形民俗文化財,point,東村山停車場の碑
132136100022,river_flooding,13213,東村山市,Municipal,Unknown,民俗文化財,有形民俗文化財,point,八坂神社の大獅子頭
132136100023,river_flooding,13213,東村山市,Municipal,Unknown,民俗文化財,有形民俗文化財,point,白山神社の牛頭天王像
132136100024,river_flooding,13213,東村山市,Municipal,Unknown,有形文化財,未細分,point,木造薬師如来立像
132136100025,river_flooding,13213,東村山市,Municipal,Other,記念物,史跡,point,久米川の富士塚
132136100026,river_flooding,13213,東村山市,Municipal,Unknown,有形文化財,未細分,point,正福寺山門
132136100027,river_flooding,13213,東村山市,Municipal,Unknown,有形文化財,未細分,point,小町家文書
132136100028,river_flooding,13213,東村山市,Municipal,Unknown,有形文化財,未細分,point,當麻勉家文書
132136100029,river_flooding,13213,東村山市,Municipal,Unknown,有形文化財,未細分,point,江藤昌明家文書
132136100030,river_flooding,13213,東村山市,Municipal,Unknown,有形文化財,未細分,point,下宅部遺跡出土品
132136100031,river_flooding,13213,東村山市,Municipal,Other,記念物,旧跡,point,東京陸軍少年通信兵学校跡地
132136100032,river_flooding,13213,東村山市,Municipal,Unknown,有形文化財,未細分,point,熊野神社遺跡出土陶磁器
132136100033,river_flooding,13213,東村山市,Municipal,Unknown,民俗文化財,有形民俗文化財,point,はなびや人形店押絵羽子板製作関連資料
132136100034,river_flooding,13213,東村山市,Municipal,Unknown,有形文化財,未細分,point,諏訪神社本殿
132136100035,river_flooding,13213,東村山市,Municipal,Unknown,有形文化財,未細分,point,笹塚遺跡出土縄文土器
132136100036,river_flooding,13213,東村山市,National,Designated,未判定,国宝,point,正福寺地蔵堂
132136100037,river_flooding,13213,東村山市,National,Designated,有形文化財,未細分,point,板碑 元弘三年斎藤盛貞等戦死供養碑
132136100038,river_flooding,13213,東村山市,National,Designated,有形文化財,未細分,point,東京都下宅部遺跡出土品
132136100039,river_flooding,13213,東村山市,Tokyo Metropolitan,Unknown,記念物,天然記念物,point,梅岩寺のカヤ
132136100040,river_flooding,13213,東村山市,Tokyo Metropolitan,Unknown,記念物,天然記念物,point,梅岩寺のケヤキ
132136100041,river_flooding,13213,東村山市,Tokyo Metropolitan,Unknown,記念物,旧跡,point,久米川古戦場
132136100042,river_flooding,13213,東村山市,Tokyo Metropolitan,Unknown,記念物,史跡,point,下宅部遺跡
132144100002,river_flooding,13214,国分寺市,National,Designated,その他,その他,point,武蔵国分寺跡 附東山道武蔵路跡
132144100003,river_flooding,13214,国分寺市,National,Designated,その他,その他,point,武蔵多喜窪遺跡第一号住居跡出土品
132144100004,river_flooding,13214,国分寺市,National,Designated,その他,その他,point,殿ヶ谷戸庭園 (随冝園)
132144100006,river_flooding,13214,国分寺市,National,Registered,有形文化財,建造物,building_direct,沖本家住宅洋館
132144100007,river_flooding,13214,国分寺市,National,Registered,有形文化財,建造物,building_direct,沖本家住宅和館
132144100009,river_flooding,13214,国分寺市,Tokyo Metropolitan,Designated,その他,その他,point,武蔵国分寺跡出土の緑釉花文皿
132144100010,river_flooding,13214,国分寺市,Tokyo Metropolitan,Designated,その他,その他,point,唐草四獣文銅蓋
132144100011,river_flooding,13214,国分寺市,Tokyo Metropolitan,Designated,その他,その他,point,真姿の池湧水群
132144100012,river_flooding,13214,国分寺市,Municipal,Designated,有形文化財,建造物,building_direct,川崎・伊奈両代官謝恩塔
132144100013,river_flooding,13214,国分寺市,Municipal,Designated,有形文化財,建造物,building_direct,国分寺仁王門
132144100014,river_flooding,13214,国分寺市,Municipal,Designated,その他,その他,point,国分寺所蔵資料(旧国分寺市文化財保存館資料)
132144100015,river_flooding,13214,国分寺市,Municipal,Designated,その他,その他,point,土師竪穴住居跡
132144100016,river_flooding,13214,国分寺市,Municipal,Designated,その他,その他,point,万葉植物園
132144100017,river_flooding,13214,国分寺市,Municipal,Designated,その他,その他,point,国分寺のコウヤマキ
132144100018,river_flooding,13214,国分寺市,Municipal,Designated,その他,その他,point,祥応寺のコノテガシワ
132144100019,river_flooding,13214,国分寺市,Municipal,Designated,有形文化財,建造物,building_direct,国分寺薬師堂
132144100020,river_flooding,13214,国分寺市,Municipal,Designated,有形文化財,建造物,building_direct,国分寺楼門
132144100021,river_flooding,13214,国分寺市,Municipal,Designated,その他,その他,point,本多良雄家古文書
132144100022,river_flooding,13214,国分寺市,Municipal,Designated,その他,その他,point,戸倉義助家古文書
132144100023,river_flooding,13214,国分寺市,Municipal,Designated,その他,その他,point,元文元年野中新田検地帳
132144100024,river_flooding,13214,国分寺市,Municipal,Designated,その他,その他,point,武蔵野新田養料金一件始末書
132144100025,river_flooding,13214,国分寺市,Municipal,Designated,その他,その他,point,南北武蔵野新田養料金始末書
132144100026,river_flooding,13214,国分寺市,Municipal,Designated,その他,その他,point,村巨細日記
132144100027,river_flooding,13214,国分寺市,Municipal,Designated,その他,その他,point,武蔵野 新田成立期の御用留
132144100028,river_flooding,13214,国分寺市,Municipal,Designated,その他,その他,point,徳川将軍家寺領安堵朱印状
132144100030,river_flooding,13214,国分寺市,Municipal,Designated,その他,その他,point,立川ローム層第X層出土石斧群
132144100032,river_flooding,13214,国分寺市,Municipal,Designated,その他,その他,point,疫病神の詫び証文
132144100033,river_flooding,13214,国分寺市,Municipal,Designated,その他,その他,point,硬玉製大珠
132144100034,river_flooding,13214,国分寺市,Municipal,Designated,その他,その他,point,木造書見台 墨書銘 「弘治二年 」
132144100035,river_flooding,13214,国分寺市,Municipal,Designated,有形文化財,建造物,building_direct,旧本多家住宅長屋門
132144100036,river_flooding,13214,国分寺市,Municipal,Designated,有形文化財,建造物,building_direct,旧 本多家住宅倉
132144100037,river_flooding,13214,国分寺市,Municipal,Designated,その他,その他,point,武蔵国分寺跡出土の小型海獣葡萄鏡
132144100038,river_flooding,13214,国分寺市,Municipal,Designated,その他,その他,point,武蔵国分寺跡出土の金銅製円形飾金具
132144100039,river_flooding,13214,国分寺市,Municipal,Designated,その他,その他,point,本多八幡神社の力石
132144100040,river_flooding,13214,国分寺市,Municipal,Designated,その他,その他,point,西町五丁目の旧屋敷林
132144100041,river_flooding,13214,国分寺市,Municipal,Designated,その他,その他,point,恋ヶ窪村分水
132144100042,river_flooding,13214,国分寺市,Municipal,Designated,その他,その他,point,本多八幡神社神輿
132152100008,river_flooding,13215,国立市,National,Registered,有形文化財,未細分,building_direct,滝乃川学園本館
132152100035,river_flooding,13215,国立市,Municipal,Registered,有形文化財,未細分,building_direct,青柳稲荷神社本殿
132152100036,river_flooding,13215,国立市,Municipal,Registered,有形文化財,未細分,building_direct,滝乃川学園礼拝堂
132152100072,river_flooding,13215,国立市,Municipal,Registered,有形文化財,未細分,point,久保の地蔵菩薩像
132152100076,river_flooding,13215,国立市,Municipal,Registered,有形文化財,未細分,point,五智如来(像塔・文字塔)
132152100079,river_flooding,13215,国立市,Municipal,Registered,有形文化財,未細分,point,常夜燈(青柳)
132152100091,river_flooding,13215,国立市,Municipal,Registered,有形文化財,未細分,point,アップライトピアノ
132152100096,river_flooding,13215,国立市,Municipal,Registered,有形文化財,未細分,point,石橋供養塔(矢川橋)
133,river_flooding,13205,青梅市,Tokyo Metropolitan,Designated,記念物,史跡,point,青梅新町の大井戸
136,river_flooding,13212,日野市,Tokyo Metropolitan,Designated,記念物,史跡,point,日野宿脇本陣跡
137,river_flooding,13222,東久留米市,Tokyo Metropolitan,Designated,記念物,史跡,point,新山遺跡
139,river_flooding,13222,東久留米市,Tokyo Metropolitan,Designated,記念物,史跡,point,久喜藩主・長瀞藩主 米津家墓所
14,river_flooding,13116,豊島区,Municipal,Designated,民俗文化財,無形民俗文化財,point,雑司が谷鬼子母神御会式万燈練供養
140,river_flooding,13224,多摩市,Tokyo Metropolitan,Designated,記念物,史跡,point,稲荷塚古墳
141,river_flooding,13224,多摩市,Tokyo Metropolitan,Designated,記念物,史跡,point,霞ノ関南木戸柵跡
142,river_flooding,13224,多摩市,Tokyo Metropolitan,Designated,記念物,史跡,point,多摩ニュータウンNo.57遺跡
143,river_flooding,13228,あきる野市,Tokyo Metropolitan,Designated,記念物,史跡,point,瀬戸岡古墳群
144,river_flooding,13228,あきる野市,Tokyo Metropolitan,Designated,記念物,史跡,point,戸倉城跡
145,river_flooding,13228,あきる野市,Tokyo Metropolitan,Designated,記念物,史跡,point,広徳寺境域
146,river_flooding,13228,あきる野市,Municipal,Designated,記念物,天然記念物,point,山抱きの大カシ(ウラジロガシ)
15,river_flooding,13116,豊島区,Municipal,Designated,記念物,史跡,point,池袋富士塚
154,river_flooding,13101,千代田区,Tokyo Metropolitan,Designated,記念物,旧跡,point,将門塚
155,high_tide,13105,文京区,Tokyo Metropolitan,Designated,記念物,旧跡,point,藤田東湖護母致命の処
155,river_flooding,13105,文京区,Tokyo Metropolitan,Designated,記念物,旧跡,point,藤田東湖護母致命の処
156,river_flooding,13105,文京区,Tokyo Metropolitan,Designated,記念物,旧跡,point,森?外遺跡
157,river_flooding,13106,台東区,Tokyo Metropolitan,Designated,記念物,旧跡,point,戸田茂睡墓
158,river_flooding,13106,台東区,Tokyo Metropolitan,Designated,記念物,旧跡,point,六地蔵石燈籠
159,high_tide,13106,台東区,Tokyo Metropolitan,Designated,記念物,旧跡,point,玉川庄右衛門及び同清右衛門墓
159,river_flooding,13106,台東区,Tokyo Metropolitan,Designated,記念物,旧跡,point,玉川庄右衛門及び同清右衛門墓
16,river_flooding,13116,豊島区,Municipal,Registered,有形文化財,未細分,building_direct,重林寺観音堂内厨子覆屋
160,river_flooding,13106,台東区,Tokyo Metropolitan,Designated,記念物,旧跡,point,大久保主水墓
161,high_tide,13106,台東区,Tokyo Metropolitan,Designated,記念物,旧跡,point,谷文晁墓
161,river_flooding,13106,台東区,Tokyo Metropolitan,Designated,記念物,旧跡,point,谷文晁墓
162,high_tide,13106,台東区,Tokyo Metropolitan,Designated,記念物,旧跡,point,幡随院長兵衛墓
162,river_flooding,13106,台東区,Tokyo Metropolitan,Designated,記念物,旧跡,point,幡随院長兵衛墓
163,river_flooding,13106,台東区,Tokyo Metropolitan,Designated,記念物,旧跡,point,慈海僧正墓
164,high_tide,13106,台東区,Tokyo Metropolitan,Designated,記念物,旧跡,point,葛飾北斎墓
164,river_flooding,13106,台東区,Tokyo Metropolitan,Designated,記念物,旧跡,point,葛飾北斎墓
165,high_tide,13106,台東区,Tokyo Metropolitan,Designated,記念物,旧跡,point,山田宗?墓
165,river_flooding,13106,台東区,Tokyo Metropolitan,Designated,記念物,旧跡,point,山田宗?墓
166,river_flooding,13106,台東区,Tokyo Metropolitan,Designated,記念物,旧跡,point,了翁禅師塔碑
167,river_flooding,13106,台東区,Tokyo Metropolitan,Designated,記念物,旧跡,point,天海僧正毛髪塔
168,river_flooding,13106,台東区,Tokyo Metropolitan,Designated,記念物,旧跡,point,樋口定伊墓
169,river_flooding,13106,台東区,Tokyo Metropolitan,Designated,記念物,旧跡,point,山岡鉄舟墓
17,river_flooding,13116,豊島区,Municipal,Registered,有形文化財,未細分,building_direct,安田家住宅
170,river_flooding,13106,台東区,Tokyo Metropolitan,Designated,記念物,旧跡,point,三遊亭円朝墓
171,high_tide,13107,墨田区,Tokyo Metropolitan,Designated,記念物,旧跡,point,赤穂浪士元禄義挙の跡
171,river_flooding,13107,墨田区,Tokyo Metropolitan,Designated,記念物,旧跡,point,赤穂浪士元禄義挙の跡
172,high_tide,13107,墨田区,Tokyo Metropolitan,Designated,記念物,旧跡,point,加藤千蔭墓
172,river_flooding,13107,墨田区,Tokyo Metropolitan,Designated,記念物,旧跡,point,加藤千蔭墓
173,high_tide,13107,墨田区,Tokyo Metropolitan,Designated,記念物,旧跡,point,磐瀬京伝墓
173,river_flooding,13107,墨田区,Tokyo Metropolitan,Designated,記念物,旧跡,point,磐瀬京伝墓
174,high_tide,13107,墨田区,Tokyo Metropolitan,Designated,記念物,旧跡,point,磐瀬京山墓
174,river_flooding,13107,墨田区,Tokyo Metropolitan,Designated,記念物,旧跡,point,磐瀬京山墓
175,river_flooding,13111,大田区,Tokyo Metropolitan,Designated,記念物,旧跡,point,日蓮上人入滅の旧跡
176,high_tide,13118,荒川区,Unknown,Unknown,未判定,未細分,point,彰義隊戦死者墓
176,river_flooding,13118,荒川区,Unknown,Unknown,未判定,未細分,point,彰義隊戦死者墓
177,high_tide,13119,板橋区,Unknown,Unknown,未判定,未細分,point,徳丸ケ原
177,river_flooding,13119,板橋区,Unknown,Unknown,未判定,未細分,point,徳丸ケ原
178,river_flooding,13119,板橋区,Unknown,Unknown,未判定,未細分,point,松月院大堂
179,river_flooding,13120,練馬区,Unknown,Unknown,未判定,未細分,point,池永道雲墓
180,river_flooding,13121,足立区,Unknown,Unknown,未判定,未細分,point,初代安藤広重墓及び記念碑
181,high_tide,13122,葛飾区,Tokyo Metropolitan,Designated,記念物,旧跡,point,安積艮斎墓
181,river_flooding,13122,葛飾区,Tokyo Metropolitan,Designated,記念物,旧跡,point,安積艮斎墓
182,high_tide,13122,葛飾区,Tokyo Metropolitan,Designated,記念物,旧跡,point,葛西清重墓
182,river_flooding,13122,葛飾区,Tokyo Metropolitan,Designated,記念物,旧跡,point,葛西清重墓
183,high_tide,13122,葛飾区,Tokyo Metropolitan,Designated,記念物,旧跡,point,山田検校墓
183,river_flooding,13122,葛飾区,Tokyo Metropolitan,Designated,記念物,旧跡,point,山田検校墓
184,river_flooding,13201,八王子市,Tokyo Metropolitan,Designated,記念物,旧跡,point,原胤敦墓
188,river_flooding,13212,日野市,Tokyo Metropolitan,Designated,記念物,旧跡,point,平山季重墓
189,river_flooding,13213,東村山市,Tokyo Metropolitan,Designated,記念物,旧跡,point,久米川古戦場
19,river_flooding,13205,青梅市,Tokyo Metropolitan,Designated,有形文化財,建造物,building_direct,馬場家御師住宅
190,river_flooding,13215,国立市,Tokyo Metropolitan,Designated,記念物,旧跡,point,伊藤単朴墓
192,river_flooding,13219,狛江市,Tokyo Metropolitan,Designated,記念物,旧跡,point,玉川碑跡
195,river_flooding,13114,中野区,Tokyo Metropolitan,Designated,記念物,名勝,point,哲学堂公園
196,river_flooding,13105,文京区,Tokyo Metropolitan,Designated,記念物,名勝,point,旧安田楠雄邸庭園
197,high_tide,13107,墨田区,Tokyo Metropolitan,Designated,記念物,名勝,point,旧安田庭園
197,river_flooding,13107,墨田区,Tokyo Metropolitan,Designated,記念物,名勝,point,旧安田庭園
198,high_tide,13108,江東区,Tokyo Metropolitan,Designated,記念物,名勝,point,清澄庭園
198,river_flooding,13108,江東区,Tokyo Metropolitan,Designated,記念物,名勝,point,清澄庭園
199,river_flooding,13112,世田谷区,Tokyo Metropolitan,Designated,記念物,名勝,point,等々力渓谷
2,river_flooding,13105,文京区,Tokyo Metropolitan,Designated,有形文化財,建造物,building_direct,求道会館
20,river_flooding,13205,青梅市,Tokyo Metropolitan,Designated,有形文化財,建造物,building_direct,虎柏神社本殿
200,river_flooding,13205,青梅市,Tokyo Metropolitan,Designated,記念物,名勝,point,奥御岳景園地
2000000001,river_flooding,13114,中野区,National,Registered,有形文化財,未細分,building_direct,旧野方配水塔
2000000002,river_flooding,13114,中野区,National,Registered,有形文化財,未細分,building_direct,中村家住宅洋館
2000000003,river_flooding,13114,中野区,National,Registered,有形文化財,未細分,building_direct,細井家住宅主屋
2000000004,river_flooding,13114,中野区,National,Registered,有形文化財,未細分,building_direct,功運寺庫裏・鐘楼・山門
2000000005,river_flooding,13114,中野区,National,Registered,有形文化財,未細分,building_direct,三岸家住宅アトリエ
2000000006,river_flooding,13114,中野区,Municipal,Designated,有形文化財,未細分,building_direct,旧豊多摩監獄表門
202,river_flooding,13214,国分寺市,Tokyo Metropolitan,Designated,記念物,名勝,point,真姿の池湧水群
203,river_flooding,13307,檜原村,Tokyo Metropolitan,Designated,記念物,名勝,point,三頭大滝
205,river_flooding,13103,港区,Tokyo Metropolitan,Designated,記念物,天然記念物,point,旧細川邸のシイ
206,river_flooding,13106,台東区,Tokyo Metropolitan,Designated,記念物,天然記念物,point,玉林寺のシイ
207,river_flooding,13112,世田谷区,Tokyo Metropolitan,Designated,記念物,天然記念物,point,九品仏のカヤ
208,river_flooding,13112,世田谷区,Tokyo Metropolitan,Designated,記念物,天然記念物,point,九品仏のイチョウ
209,river_flooding,13112,世田谷区,Tokyo Metropolitan,Designated,記念物,天然記念物,point,善養寺のカヤ
21,river_flooding,13206,府中市,Tokyo Metropolitan,Designated,有形文化財,建造物,building_direct,大国魂神社本殿
210,river_flooding,13112,世田谷区,Tokyo Metropolitan,Designated,記念物,天然記念物,point,桜小学校のオオアカガシ
211,river_flooding,13116,豊島区,Tokyo Metropolitan,Designated,記念物,天然記念物,point,鬼子母神大門ケヤキ並木
212,river_flooding,13116,豊島区,Tokyo Metropolitan,Designated,記念物,天然記念物,point,雑司が谷鬼子母神のイチョウ
214,river_flooding,13118,荒川区,Unknown,Unknown,未判定,未細分,point,延命院のシイ
215,river_flooding,13201,八王子市,Tokyo Metropolitan,Designated,記念物,天然記念物,point,髙尾山のスギ並木
216,river_flooding,13201,八王子市,Tokyo Metropolitan,Designated,記念物,天然記念物,point,髙尾山の飯盛スギ
217,river_flooding,13205,青梅市,Tokyo Metropolitan,Designated,記念物,天然記念物,point,安楽寺の大スギ
218,river_flooding,13205,青梅市,Tokyo Metropolitan,Designated,記念物,天然記念物,point,塩船観音の大スギ
22,river_flooding,13206,府中市,Tokyo Metropolitan,Designated,有形文化財,建造物,building_direct,旧府中町役場庁舎
220,river_flooding,13208,調布市,Tokyo Metropolitan,Designated,記念物,天然記念物,point,佐須の禅寺丸古木
221,river_flooding,13213,東村山市,Tokyo Metropolitan,Designated,記念物,天然記念物,point,梅岩寺のケヤキ
223,river_flooding,13224,多摩市,Tokyo Metropolitan,Designated,記念物,天然記念物,point,平久保のシイ
224,river_flooding,13225,稲城市,Tokyo Metropolitan,Designated,記念物,天然記念物,point,高勝寺のカヤ
226,river_flooding,13228,あきる野市,Tokyo Metropolitan,Designated,記念物,天然記念物,point,広徳寺のタラヨウ
227,river_flooding,13228,あきる野市,Tokyo Metropolitan,Designated,記念物,天然記念物,point,広徳寺のカヤ
228,river_flooding,13228,あきる野市,Tokyo Metropolitan,Designated,記念物,天然記念物,point,南沢の鳥ノ巣石灰岩産地
229,river_flooding,13228,あきる野市,Tokyo Metropolitan,Designated,記念物,天然記念物,point,光厳寺のヤマザクラ
23,river_flooding,13206,府中市,Tokyo Metropolitan,Designated,有形文化財,建造物,building_direct,旧三岡家長屋門
230,river_flooding,13228,あきる野市,Tokyo Metropolitan,Designated,記念物,天然記念物,point,地蔵院のカゴノキ
239,river_flooding,13210,小金井市,Tokyo Metropolitan,Designated,有形文化財,建造物,building_direct,旧前川家住宅主屋
24,river_flooding,13207,昭島市,Tokyo Metropolitan,Designated,有形文化財,建造物,building_direct,旧三井家拝島別邸(啓明学園北泉寮)
240,river_flooding,13105,文京区,Tokyo Metropolitan,Designated,記念物,史跡,point,原氏墓所
241,river_flooding,13106,台東区,Tokyo Metropolitan,Designated,記念物,史跡,point,太宰春台墓
242,river_flooding,13106,台東区,Tokyo Metropolitan,Designated,記念物,史跡,point,浄厳律師墓
243,river_flooding,13106,台東区,Tokyo Metropolitan,Designated,記念物,史跡,point,子規庵
244,river_flooding,13106,台東区,Tokyo Metropolitan,Designated,記念物,史跡,point,中村不折旧宅(書道博物館)
245,river_flooding,13103,港区,Tokyo Metropolitan,Designated,記念物,天然記念物,point,芝東照宮のイチョウ
25,river_flooding,13209,町田市,Tokyo Metropolitan,Designated,有形文化財,建造物,building_direct,旧荻野家住宅
26,river_flooding,13212,日野市,Tokyo Metropolitan,Designated,有形文化財,建造物,building_direct,金剛寺旧五部権現社殿
27,river_flooding,13218,福生市,Tokyo Metropolitan,Designated,有形文化財,建造物,building_direct,熊川神社本殿
28,river_flooding,13227,羽村市,Tokyo Metropolitan,Designated,有形文化財,建造物,building_direct,阿蘇神社本殿
29,river_flooding,13228,あきる野市,Tokyo Metropolitan,Designated,有形文化財,建造物,building_direct,真照寺薬師堂
3,river_flooding,13106,台東区,Tokyo Metropolitan,Designated,有形文化財,建造物,building_direct,浅草寺六角堂
31,river_flooding,13228,あきる野市,Tokyo Metropolitan,Designated,記念物,天然記念物,point,大岳鍾乳洞
32,river_flooding,13228,あきる野市,Tokyo Metropolitan,Designated,記念物,天然記念物,point,南沢の鳥ノ巣石灰岩産地
33,river_flooding,13228,あきる野市,Tokyo Metropolitan,Designated,記念物,天然記念物,point,六枚屏風岩
34,river_flooding,13228,あきる野市,Tokyo Metropolitan,Designated,記念物,天然記念物,point,慈勝寺のモッコク
35,high_tide,13228,あきる野市,Tokyo Metropolitan,Designated,記念物,天然記念物,point,光厳寺のヤマザクラ
35,river_flooding,13228,あきる野市,Tokyo Metropolitan,Designated,記念物,天然記念物,point,光厳寺のヤマザクラ
36,river_flooding,13228,あきる野市,Tokyo Metropolitan,Designated,記念物,天然記念物,point,地蔵院のカゴノキ
37,river_flooding,13228,あきる野市,Municipal,Designated,有形文化財,未細分,building_direct,広徳寺総門
38,river_flooding,13228,あきる野市,Municipal,Designated,有形文化財,未細分,building_direct,広徳寺山門
39,river_flooding,13228,あきる野市,Municipal,Designated,有形文化財,未細分,building_direct,開光院本堂・庫裏
4,river_flooding,13109,品川区,Tokyo Metropolitan,Designated,有形文化財,建造物,building_direct,旧島津公爵家袖ヶ崎本邸洋館(清泉女子大学本館)
40,river_flooding,13228,あきる野市,Municipal,Designated,有形文化財,未細分,building_direct,三島神社本殿
41,river_flooding,13228,あきる野市,Municipal,Designated,有形文化財,未細分,building_direct,武多摩神社本殿
42,river_flooding,13228,あきる野市,Municipal,Designated,有形文化財,未細分,building_direct,八雲神社の五輪塔
43,river_flooding,13228,あきる野市,Municipal,Designated,有形文化財,未細分,building_direct,花蔵院の山門
44,river_flooding,13228,あきる野市,Municipal,Designated,有形文化財,未細分,building_direct,真照寺の山門
45,river_flooding,13228,あきる野市,Municipal,Designated,有形文化財,未細分,building_direct,福徳寺の山門
46,river_flooding,13228,あきる野市,Municipal,Designated,有形文化財,未細分,building_direct,大悲願寺観音堂
47,river_flooding,13228,あきる野市,Municipal,Designated,有形文化財,未細分,building_direct,大悲願寺楼門(仁王門)
49,river_flooding,13228,あきる野市,Municipal,Designated,有形文化財,未細分,building_direct,旧市倉家住宅
5,river_flooding,13110,目黒区,Tokyo Metropolitan,Designated,有形文化財,建造物,building_direct,滝泉寺前不動堂
50,river_flooding,13228,あきる野市,Municipal,Designated,有形文化財,未細分,building_direct,二宮神社本殿
51,river_flooding,13228,あきる野市,Municipal,Designated,有形文化財,未細分,building_direct,二宮神社宮殿
52,river_flooding,13228,あきる野市,Municipal,Designated,有形文化財,未細分,building_direct,雨武主神社本殿
53,river_flooding,13228,あきる野市,Municipal,Designated,有形文化財,未細分,building_direct,子生神社本殿
54,river_flooding,13228,あきる野市,Municipal,Designated,有形文化財,未細分,building_direct,森山神社本殿
6,river_flooding,13112,世田谷区,Tokyo Metropolitan,Designated,有形文化財,建造物,building_direct,武家屋敷門
7,river_flooding,13115,杉並区,Tokyo Metropolitan,Designated,有形文化財,建造物,building_direct,妙法寺祖師堂
8,river_flooding,13115,杉並区,Tokyo Metropolitan,Designated,有形文化財,建造物,building_direct,妙法寺書院(御成間)
88,river_flooding,13228,あきる野市,Municipal,Designated,有形文化財,未細分,point,瑞雲寺板碑
89,river_flooding,13228,あきる野市,Municipal,Designated,有形文化財,未細分,point,大悲願寺井戸枠
9,river_flooding,13115,杉並区,Tokyo Metropolitan,Designated,有形文化財,建造物,building_direct,妙法寺仁王門
90,river_flooding,13228,あきる野市,Municipal,Designated,有形文化財,未細分,point,ところ芋の碑
91,river_flooding,13228,あきる野市,Municipal,Designated,有形文化財,未細分,point,百番供養塔
92,river_flooding,13228,あきる野市,Municipal,Designated,有形文化財,未細分,point,御嶽神社の懸仏
93,river_flooding,13102,中央区,Tokyo Metropolitan,Designated,有形文化財,歴史資料,point,一石橋迷子しらせ石標
94,river_flooding,13106,台東区,Tokyo Metropolitan,Designated,有形文化財,歴史資料,point,西仏板碑
95,river_flooding,13107,墨田区,Tokyo Metropolitan,Designated,有形文化財,歴史資料,point,石造明暦大火横死者等供養塔
96,river_flooding,13110,目黒区,Tokyo Metropolitan,Designated,有形文化財,歴史資料,point,大円寺石仏群
97,river_flooding,13110,目黒区,Tokyo Metropolitan,Designated,有形文化財,歴史資料,point,文化4年永代橋崩落横死者供養塔及び石碑
98,high_tide,13123,江戸川区,Tokyo Metropolitan,Designated,有形文化財,歴史資料,point,天明三年浅間山噴火横死者供養碑
98,river_flooding,13123,江戸川区,Tokyo Metropolitan,Designated,有形文化財,歴史資料,point,天明三年浅間山噴火横死者供養碑
99,river_flooding,13228,あきる野市,Municipal,Designated,民俗文化財,有形民俗文化財,point,珠陽院の巳待供養塔
official_export_001:0,river_flooding,13106,台東区,National,Designated,有形文化財,建造物,building_direct,浅草神社
official_export_001:1,river_flooding,13106,台東区,National,Designated,有形文化財,建造物,building_direct,浅草神社
official_export_001:100,high_tide,13108,江東区,National,Designated,有形文化財,建造物,building_direct,旧弾正橋(八幡橋)
official_export_001:100,river_flooding,13108,江東区,National,Designated,有形文化財,建造物,building_direct,旧弾正橋(八幡橋)
official_export_001:101,high_tide,13102,中央区,National,Designated,有形文化財,建造物,building_direct,築地本願寺本堂
official_export_001:101,river_flooding,13102,中央区,National,Designated,有形文化財,建造物,building_direct,築地本願寺本堂
official_export_001:102,river_flooding,13105,文京区,National,Designated,有形文化財,建造物,building_direct,旧東京医学校本館
official_export_001:103,high_tide,13101,千代田区,National,Designated,有形文化財,建造物,building_direct,東京駅丸ノ内本屋
official_export_001:103,river_flooding,13101,千代田区,National,Designated,有形文化財,建造物,building_direct,東京駅丸ノ内本屋
official_export_001:104,river_flooding,13106,台東区,National,Designated,有形文化財,建造物,building_direct,旧東京音楽学校奏楽堂
official_export_001:105,river_flooding,13106,台東区,National,Designated,有形文化財,建造物,building_direct,旧東京帝室博物館本館
official_export_001:106,river_flooding,13103,港区,National,Designated,有形文化財,建造物,building_direct,旧東宮御所(迎賓館赤坂離宮)
official_export_001:107,river_flooding,13106,台東区,National,Designated,有形文化財,建造物,building_direct,東照宮社殿
official_export_001:108,river_flooding,13106,台東区,National,Designated,有形文化財,建造物,building_direct,東照宮社殿
official_export_001:109,river_flooding,13106,台東区,National,Designated,有形文化財,建造物,building_direct,東照宮社殿
official_export_001:11,river_flooding,13101,千代田区,National,Designated,有形文化財,建造物,building_direct,旧江戸城清水門
official_export_001:110,river_flooding,13106,台東区,National,Designated,有形文化財,建造物,building_direct,東照宮社殿
official_export_001:112,high_tide,13102,中央区,National,Designated,有形文化財,建造物,building_direct,日本銀行本店本館
official_export_001:112,river_flooding,13102,中央区,National,Designated,有形文化財,建造物,building_direct,日本銀行本店本館
official_export_001:114,river_flooding,13101,千代田区,National,Designated,有形文化財,建造物,building_direct,日本ハリストス正教会教団
official_export_001:115,river_flooding,13101,千代田区,National,Designated,有形文化財,建造物,building_direct,日本ハリストス正教会教団
official_export_001:116,river_flooding,13101,千代田区,National,Designated,有形文化財,建造物,building_direct,日本ハリストス正教会教団
official_export_001:117,river_flooding,13101,千代田区,National,Designated,有形文化財,建造物,building_direct,日本ハリストス正教会教団
official_export_001:118,river_flooding,13101,千代田区,National,Designated,有形文化財,建造物,building_direct,日本ハリストス正教会教団
official_export_001:119,river_flooding,13105,文京区,National,Designated,有形文化財,建造物,building_direct,根津神社
official_export_001:12,river_flooding,13101,千代田区,National,Designated,有形文化財,建造物,building_direct,旧江戸城清水門
official_export_001:120,river_flooding,13105,文京区,National,Designated,有形文化財,建造物,building_direct,根津神社
official_export_001:121,river_flooding,13105,文京区,National,Designated,有形文化財,建造物,building_direct,根津神社
official_export_001:122,river_flooding,13105,文京区,National,Designated,有形文化財,建造物,building_direct,根津神社
official_export_001:123,river_flooding,13105,文京区,National,Designated,有形文化財,建造物,building_direct,根津神社
official_export_001:124,river_flooding,13105,文京区,National,Designated,有形文化財,建造物,building_direct,根津神社
official_export_001:125,river_flooding,13105,文京区,National,Designated,有形文化財,建造物,building_direct,根津神社
official_export_001:126,river_flooding,13106,台東区,National,Designated,有形文化財,建造物,building_direct,表慶館
official_export_001:127,river_flooding,13103,港区,National,Designated,有形文化財,建造物,building_direct,武家屋敷門
official_export_001:128,river_flooding,13109,品川区,National,Designated,有形文化財,建造物,building_direct,宝篋印塔
official_export_001:13,river_flooding,13101,千代田区,National,Designated,有形文化財,建造物,building_direct,旧江戸城外桜田門
official_export_001:130,river_flooding,13101,千代田区,National,Designated,有形文化財,建造物,building_direct,法務省旧本館
official_export_001:131,river_flooding,13111,大田区,National,Designated,有形文化財,建造物,building_direct,本門寺五重塔
official_export_001:138,river_flooding,13102,中央区,National,Designated,有形文化財,建造物,building_direct,三井本館
official_export_001:139,river_flooding,13102,中央区,National,Designated,有形文化財,建造物,building_direct,三越日本橋本店
official_export_001:14,river_flooding,13101,千代田区,National,Designated,有形文化財,建造物,building_direct,旧江戸城田安門
official_export_001:140,river_flooding,13205,青梅市,National,Designated,有形文化財,建造物,building_direct,旧宮崎家住宅(旧所在 東京都青梅市成木)
official_export_001:141,river_flooding,13115,杉並区,National,Designated,有形文化財,建造物,building_direct,妙法寺鉄門
official_export_001:142,river_flooding,13103,港区,National,Designated,有形文化財,建造物,building_direct,明治学院インブリー館
official_export_001:143,river_flooding,13113,渋谷区,National,Designated,有形文化財,建造物,building_direct,明治神宮
official_export_001:15,river_flooding,13110,目黒区,National,Designated,有形文化財,建造物,building_direct,円融寺本堂
official_export_001:16,river_flooding,13112,世田谷区,National,Designated,有形文化財,建造物,building_direct,大場家住宅(東京都世田谷区世田谷)
official_export_001:167,river_flooding,13113,渋谷区,National,Designated,有形文化財,建造物,building_direct,明治神宮
official_export_001:17,river_flooding,13112,世田谷区,National,Designated,有形文化財,建造物,building_direct,大場家住宅(東京都世田谷区世田谷)
official_export_001:179,river_flooding,13113,渋谷区,National,Designated,有形文化財,建造物,building_direct,明治神宮宝物殿
official_export_001:18,river_flooding,13105,文京区,National,Designated,有形文化財,建造物,building_direct,旧加賀屋敷御守殿門(赤門)
official_export_001:180,river_flooding,13113,渋谷区,National,Designated,有形文化財,建造物,building_direct,明治神宮宝物殿
official_export_001:181,river_flooding,13113,渋谷区,National,Designated,有形文化財,建造物,building_direct,明治神宮宝物殿
official_export_001:182,river_flooding,13113,渋谷区,National,Designated,有形文化財,建造物,building_direct,明治神宮宝物殿
official_export_001:183,river_flooding,13113,渋谷区,National,Designated,有形文化財,建造物,building_direct,明治神宮宝物殿
official_export_001:184,river_flooding,13113,渋谷区,National,Designated,有形文化財,建造物,building_direct,明治神宮宝物殿
official_export_001:185,river_flooding,13113,渋谷区,National,Designated,有形文化財,建造物,building_direct,明治神宮宝物殿
official_export_001:186,river_flooding,13113,渋谷区,National,Designated,有形文化財,建造物,building_direct,明治神宮宝物殿
official_export_001:187,river_flooding,13113,渋谷区,National,Designated,有形文化財,建造物,building_direct,明治神宮宝物殿
official_export_001:188,river_flooding,13113,渋谷区,National,Designated,有形文化財,建造物,building_direct,明治神宮宝物殿
official_export_001:189,river_flooding,13113,渋谷区,National,Designated,有形文化財,建造物,building_direct,明治神宮宝物殿
official_export_001:19,river_flooding,13104,新宿区,National,Designated,有形文化財,建造物,building_direct,学習院旧正門
official_export_001:190,river_flooding,13113,渋谷区,National,Designated,有形文化財,建造物,building_direct,明治神宮宝物殿
official_export_001:191,river_flooding,13113,渋谷区,National,Designated,有形文化財,建造物,building_direct,明治神宮宝物殿
official_export_001:192,high_tide,13101,千代田区,National,Designated,有形文化財,建造物,building_direct,明治生命保険相互会社本社本館
official_export_001:192,river_flooding,13101,千代田区,National,Designated,有形文化財,建造物,building_direct,明治生命保険相互会社本社本館
official_export_001:193,high_tide,13108,江東区,National,Designated,有形文化財,建造物,building_direct,明治丸
official_export_001:193,river_flooding,13108,江東区,National,Designated,有形文化財,建造物,building_direct,明治丸
official_export_001:194,river_flooding,13103,港区,National,Designated,有形文化財,建造物,building_direct,有章院(徳川家継)霊廟二天門
official_export_001:195,river_flooding,13113,渋谷区,National,Designated,有形文化財,建造物,building_direct,代々木競技場
official_export_001:196,river_flooding,13113,渋谷区,National,Designated,有形文化財,建造物,building_direct,代々木競技場
official_export_001:197,river_flooding,13104,新宿区,National,Designated,有形文化財,建造物,building_direct,早稲田大学大隈記念講堂
official_export_001:2,river_flooding,13113,渋谷区,National,Designated,有形文化財,建造物,building_direct,旧朝倉家住宅
official_export_001:21,river_flooding,13106,台東区,National,Designated,有形文化財,建造物,building_direct,寛永寺旧本坊表門(黒門)
official_export_001:22,river_flooding,13106,台東区,National,Designated,有形文化財,建造物,building_direct,寛永寺清水堂
official_export_001:23,river_flooding,13106,台東区,National,Designated,有形文化財,建造物,building_direct,旧寛永寺五重塔
official_export_001:24,river_flooding,13205,青梅市,National,Designated,有形文化財,建造物,building_direct,観音寺阿弥陀堂
official_export_001:25,river_flooding,13205,青梅市,National,Designated,有形文化財,建造物,building_direct,観音寺仁王門
official_export_001:26,river_flooding,13205,青梅市,National,Designated,有形文化財,建造物,building_direct,観音寺本堂
official_export_001:27,river_flooding,13103,港区,National,Designated,有形文化財,建造物,building_direct,旧朝香宮邸
official_export_001:28,river_flooding,13103,港区,National,Designated,有形文化財,建造物,building_direct,旧朝香宮邸
official_export_001:29,river_flooding,13103,港区,National,Designated,有形文化財,建造物,building_direct,旧朝香宮邸
official_export_001:3,river_flooding,13111,大田区,National,Designated,有形文化財,建造物,building_direct,池上本門寺宝塔
official_export_001:30,river_flooding,13103,港区,National,Designated,有形文化財,建造物,building_direct,旧朝香宮邸
official_export_001:31,river_flooding,13103,港区,National,Designated,有形文化財,建造物,building_direct,旧朝香宮邸
official_export_001:32,river_flooding,13113,渋谷区,National,Designated,有形文化財,建造物,building_direct,旧朝倉家住宅
official_export_001:34,river_flooding,13101,千代田区,National,Designated,有形文化財,建造物,building_direct,旧江戸城外桜田門
official_export_001:35,river_flooding,13101,千代田区,National,Designated,有形文化財,建造物,building_direct,旧江戸城田安門
official_export_001:36,river_flooding,13113,渋谷区,National,Designated,有形文化財,建造物,building_direct,旧久邇宮邸(聖心女子大学)
official_export_001:38,river_flooding,13122,葛飾区,National,Designated,有形文化財,建造物,building_direct,旧小菅刑務所庁舎
official_export_001:39,river_flooding,13109,品川区,National,Designated,有形文化財,建造物,building_direct,旧島津家本邸
official_export_001:4,river_flooding,13105,文京区,National,Designated,有形文化財,建造物,building_direct,旧磯野家住宅
official_export_001:42,river_flooding,13106,台東区,National,Designated,有形文化財,建造物,building_direct,旧東京科学博物館本館
official_export_001:43,river_flooding,13104,新宿区,National,Designated,有形文化財,建造物,building_direct,旧馬場家牛込邸
official_export_001:44,river_flooding,13110,目黒区,National,Designated,有形文化財,建造物,building_direct,旧前田家本邸
official_export_001:45,river_flooding,13110,目黒区,National,Designated,有形文化財,建造物,building_direct,旧前田家本邸
official_export_001:46,river_flooding,13110,目黒区,National,Designated,有形文化財,建造物,building_direct,旧前田家本邸
official_export_001:47,river_flooding,13110,目黒区,National,Designated,有形文化財,建造物,building_direct,旧前田家本邸
official_export_001:48,river_flooding,13110,目黒区,National,Designated,有形文化財,建造物,building_direct,旧前田家本邸
official_export_001:49,river_flooding,13110,目黒区,National,Designated,有形文化財,建造物,building_direct,旧前田家本邸
official_export_001:5,river_flooding,13105,文京区,National,Designated,有形文化財,建造物,building_direct,旧磯野家住宅
official_export_001:50,river_flooding,13110,目黒区,National,Designated,有形文化財,建造物,building_direct,旧前田家本邸
official_export_001:51,river_flooding,13110,目黒区,National,Designated,有形文化財,建造物,building_direct,旧前田家本邸
official_export_001:54,river_flooding,13103,港区,National,Designated,有形文化財,建造物,building_direct,慶応義塾図書館
official_export_001:55,river_flooding,13103,港区,National,Designated,有形文化財,建造物,building_direct,慶応義塾三田演説館
official_export_001:56,river_flooding,13106,台東区,National,Designated,有形文化財,建造物,building_direct,厳有院霊廟奥院
official_export_001:58,river_flooding,13106,台東区,National,Designated,有形文化財,建造物,building_direct,厳有院霊廟勅額門及び水盤舎
official_export_001:59,river_flooding,13106,台東区,National,Designated,有形文化財,建造物,building_direct,厳有院霊廟勅額門及び水盤舎
official_export_001:6,river_flooding,13106,台東区,National,Designated,有形文化財,建造物,building_direct,旧岩崎家住宅(東京都台東区池之端一丁目)
official_export_001:60,river_flooding,13106,台東区,National,Designated,有形文化財,建造物,building_direct,国立西洋美術館本館
official_export_001:61,river_flooding,13105,文京区,National,Designated,有形文化財,建造物,building_direct,護国寺月光殿(旧日光院客殿)
official_export_001:62,river_flooding,13105,文京区,National,Designated,有形文化財,建造物,building_direct,護国寺本堂
official_export_001:63,river_flooding,13101,千代田区,National,Designated,有形文化財,建造物,building_direct,旧近衛師団司令部庁舎
official_export_001:64,river_flooding,13307,檜原村,National,Designated,有形文化財,建造物,building_direct,小林家住宅(東京都西多摩郡檜原村)
official_export_001:65,river_flooding,13212,日野市,National,Designated,有形文化財,建造物,building_direct,金剛寺仁王門
official_export_001:66,river_flooding,13212,日野市,National,Designated,有形文化財,建造物,building_direct,金剛寺不動堂
official_export_001:69,river_flooding,13116,豊島区,National,Designated,有形文化財,建造物,building_direct,自由学園明日館
official_export_001:7,river_flooding,13106,台東区,National,Designated,有形文化財,建造物,building_direct,旧岩崎家住宅(東京都台東区池之端一丁目)
official_export_001:70,river_flooding,13116,豊島区,National,Designated,有形文化財,建造物,building_direct,自由学園明日館
official_export_001:71,river_flooding,13116,豊島区,National,Designated,有形文化財,建造物,building_direct,自由学園明日館
official_export_001:72,river_flooding,13116,豊島区,National,Designated,有形文化財,建造物,building_direct,自由学園明日館
official_export_001:73,river_flooding,13106,台東区,National,Designated,有形文化財,建造物,building_direct,旧十輪院宝蔵
official_export_001:74,river_flooding,13106,台東区,National,Designated,有形文化財,建造物,building_direct,常憲院霊廟奥院
official_export_001:76,river_flooding,13106,台東区,National,Designated,有形文化財,建造物,building_direct,常憲院霊廟勅額門及び水盤舎
official_export_001:77,river_flooding,13106,台東区,National,Designated,有形文化財,建造物,building_direct,常憲院霊廟勅額門及び水盤舎
official_export_001:78,river_flooding,13213,東村山市,National,Designated,有形文化財,建造物,building_direct,正福寺地蔵堂
official_export_001:79,river_flooding,13104,新宿区,National,Designated,有形文化財,建造物,building_direct,新宿御苑旧洋館御休所
official_export_001:8,river_flooding,13106,台東区,National,Designated,有形文化財,建造物,building_direct,旧岩崎家住宅(東京都台東区池之端一丁目)
official_export_001:80,river_flooding,13101,千代田区,National,Designated,有形文化財,建造物,building_direct,水準原点
official_export_001:82,river_flooding,13103,港区,National,Designated,有形文化財,建造物,building_direct,瑞聖寺大雄宝殿
official_export_001:83,river_flooding,13105,文京区,National,Designated,有形文化財,建造物,building_direct,スカイハウス(旧菊竹清訓自邸)
official_export_001:84,river_flooding,13104,新宿区,National,Designated,有形文化財,建造物,building_direct,聖徳記念絵画館
official_export_001:85,river_flooding,13106,台東区,National,Designated,有形文化財,建造物,building_direct,浅草寺伝法院
official_export_001:86,river_flooding,13106,台東区,National,Designated,有形文化財,建造物,building_direct,浅草寺伝法院
official_export_001:87,river_flooding,13106,台東区,National,Designated,有形文化財,建造物,building_direct,浅草寺伝法院
official_export_001:88,river_flooding,13106,台東区,National,Designated,有形文化財,建造物,building_direct,浅草寺伝法院
official_export_001:89,river_flooding,13106,台東区,National,Designated,有形文化財,建造物,building_direct,浅草寺伝法院
official_export_001:9,river_flooding,13106,台東区,National,Designated,有形文化財,建造物,building_direct,旧因州池田屋敷表門
official_export_001:90,high_tide,13106,台東区,National,Designated,有形文化財,建造物,building_direct,浅草寺伝法院
official_export_001:90,river_flooding,13106,台東区,National,Designated,有形文化財,建造物,building_direct,浅草寺伝法院
official_export_001:91,river_flooding,13106,台東区,National,Designated,有形文化財,建造物,building_direct,浅草寺二天門
official_export_001:92,river_flooding,13116,豊島区,National,Designated,有形文化財,建造物,building_direct,雑司ケ谷鬼子母神堂
official_export_001:93,high_tide,13103,港区,National,Designated,有形文化財,建造物,building_direct,増上寺三解脱門
official_export_001:93,river_flooding,13103,港区,National,Designated,有形文化財,建造物,building_direct,増上寺三解脱門
official_export_001:94,river_flooding,13110,目黒区,National,Designated,有形文化財,建造物,building_direct,尊經閣文庫
official_export_001:95,river_flooding,13110,目黒区,National,Designated,有形文化財,建造物,building_direct,尊經閣文庫
official_export_001:96,river_flooding,13110,目黒区,National,Designated,有形文化財,建造物,building_direct,尊經閣文庫
official_export_001:97,river_flooding,13110,目黒区,National,Designated,有形文化財,建造物,building_direct,尊經閣文庫
official_export_001:98,high_tide,13103,港区,National,Designated,有形文化財,建造物,building_direct,旧台徳院霊廟惣門
official_export_001:98,river_flooding,13103,港区,National,Designated,有形文化財,建造物,building_direct,旧台徳院霊廟惣門
official_export_001:99,high_tide,13102,中央区,National,Designated,有形文化財,建造物,building_direct,髙島屋東京店
official_export_001:99,river_flooding,13102,中央区,National,Designated,有形文化財,建造物,building_direct,髙島屋東京店
official_export_002:10,river_flooding,13208,調布市,National,Registered,有形文化財,建造物,building_direct,新井家住宅主屋
official_export_002:100,high_tide,13101,千代田区,National,Registered,有形文化財,建造物,building_direct,カトリック神田教会聖堂
official_export_002:100,river_flooding,13101,千代田区,National,Registered,有形文化財,建造物,building_direct,カトリック神田教会聖堂
official_export_002:101,river_flooding,13105,文京区,National,Registered,有形文化財,建造物,building_direct,金澤家住宅主屋
official_export_002:102,river_flooding,13105,文京区,National,Registered,有形文化財,建造物,building_direct,金澤家住宅門及び塀
official_export_002:103,river_flooding,13105,文京区,National,Registered,有形文化財,建造物,building_direct,金澤家住宅洋館
official_export_002:104,river_flooding,13112,世田谷区,National,Registered,有形文化財,建造物,building_direct,鎌田家住宅主屋
official_export_002:105,river_flooding,13112,世田谷区,National,Registered,有形文化財,建造物,building_direct,鎌田家住宅離れ
official_export_002:106,river_flooding,13112,世田谷区,National,Registered,有形文化財,建造物,building_direct,鎌田家住宅門及び塀
official_export_002:107,river_flooding,13106,台東区,National,Registered,有形文化財,建造物,building_direct,神谷バー本館
official_export_002:108,river_flooding,13112,世田谷区,National,Registered,有形文化財,建造物,building_direct,亀井家住宅主屋
official_export_002:109,river_flooding,13224,多摩市,National,Registered,有形文化財,建造物,building_direct,川井家住宅主屋
official_export_002:11,river_flooding,13104,新宿区,National,Registered,有形文化財,建造物,building_direct,新井家住宅主屋
official_export_002:110,river_flooding,13112,世田谷区,National,Registered,有形文化財,建造物,building_direct,河津家住宅主屋
official_export_002:111,river_flooding,13111,大田区,National,Registered,有形文化財,建造物,building_direct,河原家住宅主屋
official_export_002:112,river_flooding,13106,台東区,National,Registered,有形文化財,建造物,building_direct,寛永寺葵の間
official_export_002:113,river_flooding,13106,台東区,National,Registered,有形文化財,建造物,building_direct,寛永寺護国院庫裏
official_export_002:114,river_flooding,13106,台東区,National,Registered,有形文化財,建造物,building_direct,寛永寺根本中堂
official_export_002:115,river_flooding,13106,台東区,National,Registered,有形文化財,建造物,building_direct,寛永寺渋沢家霊堂
official_export_002:116,river_flooding,13101,千代田区,National,Registered,有形文化財,建造物,building_direct,神田神社神饌所
official_export_002:117,river_flooding,13101,千代田区,National,Registered,有形文化財,建造物,building_direct,神田神社西門
official_export_002:118,river_flooding,13101,千代田区,National,Registered,有形文化財,建造物,building_direct,神田神社拝殿
official_export_002:119,river_flooding,13101,千代田区,National,Registered,有形文化財,建造物,building_direct,神田神社東門
official_export_002:12,river_flooding,13208,調布市,National,Registered,有形文化財,建造物,building_direct,新井家住宅外蔵
official_export_002:120,river_flooding,13101,千代田区,National,Registered,有形文化財,建造物,building_direct,神田神社幣殿
official_export_002:121,river_flooding,13101,千代田区,National,Registered,有形文化財,建造物,building_direct,神田神社宝庫
official_export_002:122,river_flooding,13101,千代田区,National,Registered,有形文化財,建造物,building_direct,神田神社本殿
official_export_002:123,river_flooding,13101,千代田区,National,Registered,有形文化財,建造物,building_direct,神田神社瑞垣
official_export_002:124,river_flooding,13106,台東区,National,Registered,有形文化財,建造物,building_direct,観音寺客殿
official_export_002:125,river_flooding,13106,台東区,National,Registered,有形文化財,建造物,building_direct,観音寺築地塀
official_export_002:126,river_flooding,13103,港区,National,Registered,有形文化財,建造物,building_direct,菊池寛実記念智美術館別館
official_export_002:13,river_flooding,13208,調布市,National,Registered,有形文化財,建造物,building_direct,新井家住宅中門及び塀
official_export_002:130,tsunami,13363,新島村,National,Registered,有形文化財,建造物,building_direct,紀野家住宅主屋
official_export_002:131,tsunami,13363,新島村,National,Registered,有形文化財,建造物,building_direct,紀野家住宅釜屋形
official_export_002:132,river_flooding,13106,台東区,National,Registered,有形文化財,建造物,building_direct,ギャラリー・エフ蔵(株式会社淵川金属事務所)
official_export_002:137,river_flooding,13203,武蔵野市,National,Registered,有形文化財,建造物,building_direct,旧赤星鉄馬邸
official_export_002:138,river_flooding,13102,中央区,National,Registered,有形文化財,建造物,building_direct,旧飯田家住宅店舗兼主屋
official_export_002:139,river_flooding,13106,台東区,National,Registered,有形文化財,建造物,building_direct,旧井阪屋本店河合ビル
official_export_002:14,river_flooding,13204,三鷹市,National,Registered,有形文化財,建造物,building_direct,淡島家住宅主屋
official_export_002:140,high_tide,13106,台東区,National,Registered,有形文化財,建造物,building_direct,旧井阪屋本店河合ビル稲荷社
official_export_002:140,river_flooding,13106,台東区,National,Registered,有形文化財,建造物,building_direct,旧井阪屋本店河合ビル稲荷社
official_export_002:142,river_flooding,13115,杉並区,National,Registered,有形文化財,建造物,building_direct,旧大田黒家住宅蔵
official_export_002:143,river_flooding,13115,杉並区,National,Registered,有形文化財,建造物,building_direct,旧大田黒家住宅洋館
official_export_002:144,river_flooding,13106,台東区,National,Registered,有形文化財,建造物,building_direct,旧柏湯
official_export_002:145,river_flooding,13106,台東区,National,Registered,有形文化財,建造物,building_direct,旧唐木田家住宅主屋
official_export_002:146,river_flooding,13224,多摩市,National,Registered,有形文化財,建造物,building_direct,旧川井家住宅土蔵
official_export_002:147,river_flooding,13106,台東区,National,Registered,有形文化財,建造物,building_direct,旧川嶋屋米倉庫
official_export_002:148,river_flooding,13106,台東区,National,Registered,有形文化財,建造物,building_direct,旧川嶋屋店舗兼住居
official_export_002:149,river_flooding,13111,大田区,National,Registered,有形文化財,建造物,building_direct,旧川端龍子邸主屋及び中門
official_export_002:15,river_flooding,13204,三鷹市,National,Registered,有形文化財,建造物,building_direct,安藤家住宅主屋
official_export_002:150,river_flooding,13111,大田区,National,Registered,有形文化財,建造物,building_direct,旧川端龍子邸画室
official_export_002:151,river_flooding,13111,大田区,National,Registered,有形文化財,建造物,building_direct,旧川端龍子邸持仏堂
official_export_002:152,river_flooding,13111,大田区,National,Registered,有形文化財,建造物,building_direct,旧川端龍子邸仏間棟
official_export_002:153,river_flooding,13101,千代田区,National,Registered,有形文化財,建造物,building_direct,旧九段会館
official_export_002:154,river_flooding,13208,調布市,National,Registered,有形文化財,建造物,building_direct,旧佐橋家住宅主屋
official_export_002:155,river_flooding,13208,調布市,National,Registered,有形文化財,建造物,building_direct,旧佐橋家住宅門
official_export_002:156,river_flooding,13115,杉並区,National,Registered,有形文化財,建造物,building_direct,旧滋賀家住宅主屋
official_export_002:157,high_tide,13109,品川区,National,Registered,有形文化財,建造物,building_direct,旧品川警察署品川橋交通待機所
official_export_002:157,river_flooding,13109,品川区,National,Registered,有形文化財,建造物,building_direct,旧品川警察署品川橋交通待機所
official_export_002:158,river_flooding,13104,新宿区,National,Registered,有形文化財,建造物,building_direct,旧島津家住宅アトリエ
official_export_002:159,river_flooding,13110,目黒区,National,Registered,有形文化財,建造物,building_direct,旧砂堀医院
official_export_002:16,river_flooding,13115,杉並区,National,Registered,有形文化財,建造物,building_direct,井草幼稚園園舎
official_export_002:160,river_flooding,13111,大田区,National,Registered,有形文化財,建造物,building_direct,旧清明文庫
official_export_002:161,river_flooding,13110,目黒区,National,Registered,有形文化財,建造物,building_direct,旧園田家住宅スタジオ
official_export_002:162,river_flooding,13307,檜原村,National,Registered,有形文化財,建造物,building_direct,旧高橋家住宅主屋
official_export_002:163,river_flooding,13224,多摩市,National,Registered,有形文化財,建造物,building_direct,旧辻󠄀陶房主屋兼作業場
official_export_002:164,river_flooding,13224,多摩市,National,Registered,有形文化財,建造物,building_direct,旧辻󠄀陶房登り窯
official_export_002:165,river_flooding,13203,武蔵野市,National,Registered,有形文化財,建造物,building_direct,旧東京市麻布区役所庁舎(日本獣医生命科学大学一号棟)
official_export_002:166,high_tide,13108,江東区,National,Registered,有形文化財,建造物,building_direct,旧東京市深川食堂
official_export_002:166,river_flooding,13108,江東区,National,Registered,有形文化財,建造物,building_direct,旧東京市深川食堂
official_export_002:167,river_flooding,13104,新宿区,National,Registered,有形文化財,建造物,building_direct,旧常盤家本館(石合家住宅主屋)
official_export_002:168,river_flooding,13210,小金井市,National,Registered,有形文化財,建造物,building_direct,旧中村研一邸主屋
official_export_002:169,river_flooding,13210,小金井市,National,Registered,有形文化財,建造物,building_direct,旧中村研一邸茶室(花侵庵)
official_export_002:17,river_flooding,13112,世田谷区,National,Registered,有形文化財,建造物,building_direct,池上家住宅主屋
official_export_002:170,river_flooding,13116,豊島区,National,Registered,有形文化財,建造物,building_direct,旧丹羽家住宅蔵
official_export_002:171,river_flooding,13212,日野市,National,Registered,有形文化財,建造物,building_direct,旧農林省蚕糸試験場日野桑園第一蚕室
official_export_002:172,river_flooding,13114,中野区,National,Registered,有形文化財,建造物,building_direct,旧野方配水塔
official_export_002:174,river_flooding,13105,文京区,National,Registered,有形文化財,建造物,building_direct,旧弘田家住宅主屋
official_export_002:175,river_flooding,13105,文京区,National,Registered,有形文化財,建造物,building_direct,旧弘田家住宅門柱及び塀
official_export_002:177,tsunami,13363,新島村,National,Registered,有形文化財,建造物,building_direct,旧前田家(キンデー)住宅釜屋形
official_export_002:178,river_flooding,13109,品川区,National,Registered,有形文化財,建造物,building_direct,旧三井文庫第二書庫
official_export_002:179,river_flooding,13102,中央区,National,Registered,有形文化財,建造物,building_direct,旧宮脇ビル(川崎ブランドデザインビルヂング)
official_export_002:18,river_flooding,13105,文京区,National,Registered,有形文化財,建造物,building_direct,池田家住宅主屋
official_export_002:181,river_flooding,13101,千代田区,National,Registered,有形文化財,建造物,building_direct,旧文部省庁舎
official_export_002:182,river_flooding,13101,千代田区,National,Registered,有形文化財,建造物,building_direct,旧山口萬吉邸主屋
official_export_002:183,river_flooding,13101,千代田区,National,Registered,有形文化財,建造物,building_direct,旧山口萬吉邸門及び塀
official_export_002:187,river_flooding,13220,東大和市,National,Registered,有形文化財,建造物,building_direct,旧吉岡家住宅蔵
official_export_002:188,river_flooding,13220,東大和市,National,Registered,有形文化財,建造物,building_direct,旧吉岡家住宅主屋兼アトリエ
official_export_002:189,river_flooding,13220,東大和市,National,Registered,有形文化財,建造物,building_direct,旧吉岡家住宅中門
official_export_002:19,river_flooding,13116,豊島区,National,Registered,有形文化財,建造物,building_direct,砂金家長屋
official_export_002:190,river_flooding,13220,東大和市,National,Registered,有形文化財,建造物,building_direct,旧吉岡家住宅長屋門
official_export_002:191,river_flooding,13205,青梅市,National,Registered,有形文化財,建造物,building_direct,旧吉川英治邸(草思堂)主屋
official_export_002:192,river_flooding,13205,青梅市,National,Registered,有形文化財,建造物,building_direct,旧吉川英治邸(草思堂)土蔵
official_export_002:193,river_flooding,13205,青梅市,National,Registered,有形文化財,建造物,building_direct,旧吉川英治邸(草思堂)長屋門
official_export_002:194,river_flooding,13205,青梅市,National,Registered,有形文化財,建造物,building_direct,旧吉川英治邸(草思堂)洋館
official_export_002:195,river_flooding,13106,台東区,National,Registered,有形文化財,建造物,building_direct,教證寺客殿
official_export_002:196,river_flooding,13106,台東区,National,Registered,有形文化財,建造物,building_direct,教證寺本堂
official_export_002:197,river_flooding,13102,中央区,National,Registered,有形文化財,建造物,building_direct,喜代川店舗
official_export_002:198,river_flooding,13103,港区,National,Registered,有形文化財,建造物,building_direct,キリスト友会フレンズセンター
official_export_002:199,river_flooding,13102,中央区,National,Registered,有形文化財,建造物,building_direct,銀座大野屋店舗兼主屋
official_export_002:2,river_flooding,13113,渋谷区,National,Registered,有形文化財,建造物,building_direct,青山学院ベリーホール
official_export_002:20,river_flooding,13218,福生市,National,Registered,有形文化財,建造物,building_direct,石川酒造雑蔵
official_export_002:200,river_flooding,13102,中央区,National,Registered,有形文化財,建造物,building_direct,銀座ライオンビル
official_export_002:201,river_flooding,13104,新宿区,National,Registered,有形文化財,建造物,building_direct,栗原家住宅稲荷社及び石鳥居
official_export_002:202,river_flooding,13104,新宿区,National,Registered,有形文化財,建造物,building_direct,栗原家住宅蔵
official_export_002:203,river_flooding,13104,新宿区,National,Registered,有形文化財,建造物,building_direct,栗原家住宅主屋
official_export_002:204,river_flooding,13104,新宿区,National,Registered,有形文化財,建造物,building_direct,栗原家住宅門柱及び塀
official_export_002:205,river_flooding,13106,台東区,National,Registered,有形文化財,建造物,building_direct,黒沢ビル
official_export_002:206,river_flooding,13115,杉並区,National,Registered,有形文化財,建造物,building_direct,幻戯山房(旧角川家住宅主屋)
official_export_002:207,river_flooding,13109,品川区,National,Registered,有形文化財,建造物,building_direct,小池家住宅主屋
official_export_002:208,river_flooding,13114,中野区,National,Registered,有形文化財,建造物,building_direct,功運寺庫裏
official_export_002:209,river_flooding,13114,中野区,National,Registered,有形文化財,建造物,building_direct,功運寺山門
official_export_002:21,river_flooding,13218,福生市,National,Registered,有形文化財,建造物,building_direct,石川酒造新蔵
official_export_002:210,river_flooding,13114,中野区,National,Registered,有形文化財,建造物,building_direct,功運寺鐘楼
official_export_002:211,river_flooding,13116,豊島区,National,Registered,有形文化財,建造物,building_direct,高岩寺本堂
official_export_002:212,river_flooding,13115,杉並区,National,Registered,有形文化財,建造物,building_direct,古宇田家住宅
official_export_002:213,high_tide,13103,港区,National,Registered,有形文化財,建造物,building_direct,廣度院表門及び練塀
official_export_002:213,river_flooding,13103,港区,National,Registered,有形文化財,建造物,building_direct,廣度院表門及び練塀
official_export_002:214,river_flooding,13204,三鷹市,National,Registered,有形文化財,建造物,building_direct,国際基督教大学泰山荘表門
official_export_002:215,river_flooding,13204,三鷹市,National,Registered,有形文化財,建造物,building_direct,国際基督教大学泰山荘蔵
official_export_002:216,river_flooding,13204,三鷹市,National,Registered,有形文化財,建造物,building_direct,国際基督教大学泰山荘高風居
official_export_002:217,river_flooding,13204,三鷹市,National,Registered,有形文化財,建造物,building_direct,国際基督教大学泰山荘車庫
official_export_002:218,river_flooding,13204,三鷹市,National,Registered,有形文化財,建造物,building_direct,国際基督教大学泰山荘書院
official_export_002:219,river_flooding,13204,三鷹市,National,Registered,有形文化財,建造物,building_direct,国際基督教大学泰山荘待合
official_export_002:22,river_flooding,13218,福生市,National,Registered,有形文化財,建造物,building_direct,石川酒造長屋門
official_export_002:220,river_flooding,13204,三鷹市,National,Registered,有形文化財,建造物,building_direct,国際基督教大学ディッフェンドルファー記念館
official_export_002:221,river_flooding,13204,三鷹市,National,Registered,有形文化財,建造物,building_direct,国際基督教大学本館
official_export_002:222,river_flooding,13103,港区,National,Registered,有形文化財,建造物,building_direct,国際文化会館本館
official_export_002:223,river_flooding,13112,世田谷区,National,Registered,有形文化財,建造物,building_direct,国士舘大講堂
official_export_002:225,river_flooding,13204,三鷹市,National,Registered,有形文化財,建造物,building_direct,国立天文台表門
official_export_002:226,river_flooding,13204,三鷹市,National,Registered,有形文化財,建造物,building_direct,国立天文台旧図庫及び倉庫
official_export_002:227,river_flooding,13204,三鷹市,National,Registered,有形文化財,建造物,building_direct,国立天文台ゴーチェ子午環室
official_export_002:228,river_flooding,13204,三鷹市,National,Registered,有形文化財,建造物,building_direct,国立天文台第一子午線標室
official_export_002:229,river_flooding,13204,三鷹市,National,Registered,有形文化財,建造物,building_direct,国立天文台第一赤道儀室
official_export_002:23,river_flooding,13218,福生市,National,Registered,有形文化財,建造物,building_direct,石川酒造文庫蔵
official_export_002:230,river_flooding,13204,三鷹市,National,Registered,有形文化財,建造物,building_direct,国立天文台大赤道儀室
official_export_002:231,river_flooding,13204,三鷹市,National,Registered,有形文化財,建造物,building_direct,国立天文台第二子午線標室
official_export_002:232,river_flooding,13204,三鷹市,National,Registered,有形文化財,建造物,building_direct,国立天文台太陽分光写真儀室
official_export_002:233,river_flooding,13204,三鷹市,National,Registered,有形文化財,建造物,building_direct,国立天文台門衛所
official_export_002:234,river_flooding,13204,三鷹市,National,Registered,有形文化財,建造物,building_direct,国立天文台レプソルド子午儀室
official_export_002:235,river_flooding,13115,杉並区,National,Registered,有形文化財,建造物,building_direct,小杉湯
official_export_002:236,river_flooding,13112,世田谷区,National,Registered,有形文化財,建造物,building_direct,五島美術館古経楼
official_export_002:237,river_flooding,13112,世田谷区,National,Registered,有形文化財,建造物,building_direct,五島美術館冨士見亭
official_export_002:238,river_flooding,13112,世田谷区,National,Registered,有形文化財,建造物,building_direct,五島美術館本館
official_export_002:239,river_flooding,13112,世田谷区,National,Registered,有形文化財,建造物,building_direct,駒澤大学旧図書館(禅文化歴史博物館・耕雲館)
official_export_002:24,river_flooding,13218,福生市,National,Registered,有形文化財,建造物,building_direct,石川酒造本蔵
official_export_002:240,river_flooding,13229,西東京市,National,Registered,有形文化財,建造物,building_direct,小宮家住宅主屋
official_export_002:241,river_flooding,13116,豊島区,National,Registered,有形文化財,建造物,building_direct,金剛院庫裏
official_export_002:242,river_flooding,13116,豊島区,National,Registered,有形文化財,建造物,building_direct,金剛院本堂
official_export_002:243,high_tide,13106,台東区,National,Registered,有形文化財,建造物,building_direct,西徳寺本堂
official_export_002:243,river_flooding,13106,台東区,National,Registered,有形文化財,建造物,building_direct,西徳寺本堂
official_export_002:244,river_flooding,13105,文京区,National,Registered,有形文化財,建造物,building_direct,さかえビル
official_export_002:245,river_flooding,13112,世田谷区,National,Registered,有形文化財,建造物,building_direct,坂間家住宅主屋
official_export_002:247,river_flooding,13111,大田区,National,Registered,有形文化財,建造物,building_direct,実相寺本堂
official_export_002:248,river_flooding,13111,大田区,National,Registered,有形文化財,建造物,building_direct,実相寺門
official_export_002:249,river_flooding,13113,渋谷区,National,Registered,有形文化財,建造物,building_direct,渋谷区立広尾小学校
official_export_002:25,river_flooding,13218,福生市,National,Registered,有形文化財,建造物,building_direct,石川酒造向蔵
official_export_002:250,river_flooding,13105,文京区,National,Registered,有形文化財,建造物,building_direct,島薗家住宅主屋
official_export_002:251,river_flooding,13112,世田谷区,National,Registered,有形文化財,建造物,building_direct,志村家住宅門及び石垣
official_export_002:252,river_flooding,13229,西東京市,National,Registered,有形文化財,建造物,building_direct,下田家住宅主屋
official_export_002:253,river_flooding,13229,西東京市,National,Registered,有形文化財,建造物,building_direct,下田家住宅文庫蔵
official_export_002:254,river_flooding,13307,檜原村,National,Registered,有形文化財,建造物,building_direct,蛇の湯温泉たから荘
official_export_002:255,river_flooding,13109,品川区,National,Registered,有形文化財,建造物,building_direct,十四世喜多六平太記念能楽堂
official_export_002:256,high_tide,13103,港区,National,Registered,有形文化財,建造物,building_direct,常行院納骨堂
official_export_002:256,river_flooding,13103,港区,National,Registered,有形文化財,建造物,building_direct,常行院納骨堂
official_export_002:257,river_flooding,13113,渋谷区,National,Registered,有形文化財,建造物,building_direct,上宮寺鐘楼
official_export_002:258,river_flooding,13113,渋谷区,National,Registered,有形文化財,建造物,building_direct,上宮寺本堂
official_export_002:259,river_flooding,13113,渋谷区,National,Registered,有形文化財,建造物,building_direct,上宮寺本堂応接部
official_export_002:26,river_flooding,13105,文京区,National,Registered,有形文化財,建造物,building_direct,伊勢五蔵
official_export_002:260,high_tide,13103,港区,National,Registered,有形文化財,建造物,building_direct,常照院本堂内陣
official_export_002:260,river_flooding,13103,港区,National,Registered,有形文化財,建造物,building_direct,常照院本堂内陣
official_export_002:261,river_flooding,13111,大田区,National,Registered,有形文化財,建造物,building_direct,松風荘主屋
official_export_002:262,river_flooding,13111,大田区,National,Registered,有形文化財,建造物,building_direct,松風荘待合
official_export_002:263,river_flooding,13111,大田区,National,Registered,有形文化財,建造物,building_direct,松風荘門
official_export_002:264,river_flooding,13111,大田区,National,Registered,有形文化財,建造物,building_direct,昭和のくらし博物館(旧小泉家住宅主屋)
official_export_002:265,river_flooding,13208,調布市,National,Registered,有形文化財,建造物,building_direct,白百合女子大学めぐみ荘(旧菊池家住宅主屋)
official_export_002:266,river_flooding,13105,文京区,National,Registered,有形文化財,建造物,building_direct,進開屋
official_export_002:267,river_flooding,13103,港区,National,Registered,有形文化財,建造物,building_direct,心光院表門
official_export_002:268,river_flooding,13103,港区,National,Registered,有形文化財,建造物,building_direct,心光院本堂
official_export_002:269,river_flooding,13104,新宿区,National,Registered,有形文化財,建造物,building_direct,新潮社倉庫
official_export_002:27,river_flooding,13105,文京区,National,Registered,有形文化財,建造物,building_direct,伊勢五主屋
official_export_002:270,river_flooding,13104,新宿区,National,Registered,有形文化財,建造物,building_direct,新潮社本館
official_export_002:271,high_tide,13102,中央区,National,Registered,有形文化財,建造物,building_direct,新富町躍金楼店舗
official_export_002:271,river_flooding,13102,中央区,National,Registered,有形文化財,建造物,building_direct,新富町躍金楼店舗
official_export_002:272,river_flooding,13105,文京区,National,Registered,有形文化財,建造物,building_direct,新町館(三宅家住宅)
official_export_002:273,river_flooding,13104,新宿区,National,Registered,有形文化財,建造物,building_direct,鈴木家住宅主屋
official_export_002:274,river_flooding,13106,台東区,National,Registered,有形文化財,建造物,building_direct,すぺーす小倉屋蔵
official_export_002:275,river_flooding,13106,台東区,National,Registered,有形文化財,建造物,building_direct,すぺーす小倉屋店舗
official_export_002:276,high_tide,13107,墨田区,National,Registered,有形文化財,建造物,building_direct,墨田区立言問小学校校舎
official_export_002:276,river_flooding,13107,墨田区,National,Registered,有形文化財,建造物,building_direct,墨田区立言問小学校校舎
official_export_002:277,high_tide,13107,墨田区,National,Registered,有形文化財,建造物,building_direct,墨田区立言問小学校講堂
official_export_002:277,river_flooding,13107,墨田区,National,Registered,有形文化財,建造物,building_direct,墨田区立言問小学校講堂
official_export_002:278,river_flooding,13115,杉並区,National,Registered,有形文化財,建造物,building_direct,西郊ロッヂング
official_export_002:279,river_flooding,13105,文京区,National,Registered,有形文化財,建造物,building_direct,瀬川家住宅(旧古市家住宅)蔵
official_export_002:28,high_tide,13106,台東区,National,Registered,有形文化財,建造物,building_direct,伊勢屋店舗兼主屋
official_export_002:28,river_flooding,13106,台東区,National,Registered,有形文化財,建造物,building_direct,伊勢屋店舗兼主屋
official_export_002:280,river_flooding,13105,文京区,National,Registered,有形文化財,建造物,building_direct,瀬川家住宅(旧古市家住宅)主屋
official_export_002:281,river_flooding,13116,豊島区,National,Registered,有形文化財,建造物,building_direct,ソルフェージスクール
official_export_002:282,high_tide,13106,台東区,National,Registered,有形文化財,建造物,building_direct,タイガービルヂング
official_export_002:282,river_flooding,13106,台東区,National,Registered,有形文化財,建造物,building_direct,タイガービルヂング
official_export_002:283,river_flooding,13106,台東区,National,Registered,有形文化財,建造物,building_direct,台東区立朝倉彫塑館東屋
official_export_002:284,river_flooding,13106,台東区,National,Registered,有形文化財,建造物,building_direct,台東区立朝倉彫塑館アトリエ棟
official_export_002:285,river_flooding,13106,台東区,National,Registered,有形文化財,建造物,building_direct,台東区立朝倉彫塑館旧アトリエ
official_export_002:286,river_flooding,13106,台東区,National,Registered,有形文化財,建造物,building_direct,台東区立朝倉彫塑館住居
official_export_002:287,river_flooding,13101,千代田区,National,Registered,有形文化財,建造物,building_direct,太洋ビルディング(丸石ビルディング)
official_export_002:288,river_flooding,13105,文京区,National,Registered,有形文化財,建造物,building_direct,髙木家住宅離れ
official_export_002:289,river_flooding,13105,文京区,National,Registered,有形文化財,建造物,building_direct,髙木家住宅洋館
official_export_002:29,river_flooding,13106,台東区,National,Registered,有形文化財,建造物,building_direct,市田家住宅裏門
official_export_002:290,river_flooding,13229,西東京市,National,Registered,有形文化財,建造物,building_direct,髙橋家住宅衣装蔵
official_export_002:291,river_flooding,13229,西東京市,National,Registered,有形文化財,建造物,building_direct,髙橋家住宅表門
official_export_002:292,river_flooding,13229,西東京市,National,Registered,有形文化財,建造物,building_direct,髙橋家住宅主屋
official_export_002:293,river_flooding,13229,西東京市,National,Registered,有形文化財,建造物,building_direct,髙橋家住宅土蔵
official_export_002:294,river_flooding,13229,西東京市,National,Registered,有形文化財,建造物,building_direct,髙橋家住宅納屋
official_export_002:295,river_flooding,13104,新宿区,National,Registered,有形文化財,建造物,building_direct,高橋建築事務所社屋
official_export_002:296,river_flooding,13111,大田区,National,Registered,有形文化財,建造物,building_direct,高橋診療所
official_export_002:297,river_flooding,13101,千代田区,National,Registered,有形文化財,建造物,building_direct,高畠家住宅主屋
official_export_002:298,river_flooding,13101,千代田区,National,Registered,有形文化財,建造物,building_direct,高畠家住宅正門
official_export_002:299,river_flooding,13101,千代田区,National,Registered,有形文化財,建造物,building_direct,高畠家住宅塀及び石垣
official_export_002:3,river_flooding,13113,渋谷区,National,Registered,有形文化財,建造物,building_direct,青山学院間島記念館
official_export_002:30,river_flooding,13106,台東区,National,Registered,有形文化財,建造物,building_direct,市田家住宅表門
official_export_002:300,river_flooding,13215,国立市,National,Registered,有形文化財,建造物,building_direct,滝乃川学園本館
official_export_002:301,river_flooding,13105,文京区,National,Registered,有形文化財,建造物,building_direct,田口家住宅主屋
official_export_002:302,river_flooding,13111,大田区,National,Registered,有形文化財,建造物,building_direct,竹中家住宅主屋
official_export_002:303,river_flooding,13105,文京区,National,Registered,有形文化財,建造物,building_direct,棚澤書店
official_export_002:304,river_flooding,13229,西東京市,National,Registered,有形文化財,建造物,building_direct,田無神社参集殿
official_export_002:305,high_tide,13102,中央区,National,Registered,有形文化財,建造物,building_direct,玉置文治郎ビル
official_export_002:305,river_flooding,13102,中央区,National,Registered,有形文化財,建造物,building_direct,玉置文治郎ビル
official_export_002:31,river_flooding,13106,台東区,National,Registered,有形文化財,建造物,building_direct,市田家住宅蔵
official_export_002:311,high_tide,13106,台東区,National,Registered,有形文化財,建造物,building_direct,茶寮一松表門及び塀
official_export_002:311,river_flooding,13106,台東区,National,Registered,有形文化財,建造物,building_direct,茶寮一松表門及び塀
official_export_002:312,high_tide,13106,台東区,National,Registered,有形文化財,建造物,building_direct,茶寮一松店舗及び住居
official_export_002:312,river_flooding,13106,台東区,National,Registered,有形文化財,建造物,building_direct,茶寮一松店舗及び住居
official_export_002:313,river_flooding,13105,文京区,National,Registered,有形文化財,建造物,building_direct,椿山荘残月
official_export_002:314,river_flooding,13105,文京区,National,Registered,有形文化財,建造物,building_direct,椿山荘三重塔
official_export_002:315,river_flooding,13111,大田区,National,Registered,有形文化財,建造物,building_direct,塚﨑家住宅主屋
official_export_002:316,river_flooding,13111,大田区,National,Registered,有形文化財,建造物,building_direct,塚﨑家住宅門及び塀
official_export_002:317,river_flooding,13112,世田谷区,National,Registered,有形文化財,建造物,building_direct,築山家住宅石垣
official_export_002:318,river_flooding,13112,世田谷区,National,Registered,有形文化財,建造物,building_direct,築山家住宅主屋
official_export_002:319,river_flooding,13112,世田谷区,National,Registered,有形文化財,建造物,building_direct,築山家住宅水蓮池
official_export_002:32,river_flooding,13106,台東区,National,Registered,有形文化財,建造物,building_direct,市田家住宅主屋
official_export_002:320,river_flooding,13112,世田谷区,National,Registered,有形文化財,建造物,building_direct,築山家住宅門
official_export_002:324,river_flooding,13115,杉並区,National,Registered,有形文化財,建造物,building_direct,辻家住宅旧主屋
official_export_002:325,river_flooding,13106,台東区,National,Registered,有形文化財,建造物,building_direct,燕湯
official_export_002:326,river_flooding,13106,台東区,National,Registered,有形文化財,建造物,building_direct,手焼せんべい嵯峨の家店舗
official_export_002:327,high_tide,13107,墨田区,National,Registered,有形文化財,建造物,building_direct,照田家住宅主屋
official_export_002:327,river_flooding,13107,墨田区,National,Registered,有形文化財,建造物,building_direct,照田家住宅主屋
official_export_002:328,river_flooding,13105,文京区,National,Registered,有形文化財,建造物,building_direct,東京カテドラル鐘塔
official_export_002:329,river_flooding,13105,文京区,National,Registered,有形文化財,建造物,building_direct,東京カテドラル聖マリア大聖堂
official_export_002:33,river_flooding,13104,新宿区,National,Registered,有形文化財,建造物,building_direct,一水寮
official_export_002:330,river_flooding,13110,目黒区,National,Registered,有形文化財,建造物,building_direct,東京工業大学大岡山西一号館(旧分析化学実験室)
official_export_002:331,river_flooding,13110,目黒区,National,Registered,有形文化財,建造物,building_direct,東京工業大学七〇周年記念講堂
official_export_002:332,river_flooding,13110,目黒区,National,Registered,有形文化財,建造物,building_direct,東京工業大学本館
official_export_002:333,high_tide,13108,江東区,National,Registered,有形文化財,建造物,building_direct,東京商船大学1号館
official_export_002:333,river_flooding,13108,江東区,National,Registered,有形文化財,建造物,building_direct,東京商船大学1号館
official_export_002:334,high_tide,13108,江東区,National,Registered,有形文化財,建造物,building_direct,東京商船大学旧天体観測所(第一観測台)
official_export_002:334,river_flooding,13108,江東区,National,Registered,有形文化財,建造物,building_direct,東京商船大学旧天体観測所(第一観測台)
official_export_002:335,high_tide,13108,江東区,National,Registered,有形文化財,建造物,building_direct,東京商船大学旧天体観測所(第二観測台)
official_export_002:335,river_flooding,13108,江東区,National,Registered,有形文化財,建造物,building_direct,東京商船大学旧天体観測所(第二観測台)
official_export_002:336,high_tide,13108,江東区,National,Registered,有形文化財,建造物,building_direct,東京商船大学事務局管理棟
official_export_002:336,river_flooding,13108,江東区,National,Registered,有形文化財,建造物,building_direct,東京商船大学事務局管理棟
official_export_002:337,high_tide,13108,江東区,National,Registered,有形文化財,建造物,building_direct,東京商船大学2号館
official_export_002:337,river_flooding,13108,江東区,National,Registered,有形文化財,建造物,building_direct,東京商船大学2号館
official_export_002:338,river_flooding,13115,杉並区,National,Registered,有形文化財,建造物,building_direct,東京女子大学講堂・礼拝堂
official_export_002:339,river_flooding,13115,杉並区,National,Registered,有形文化財,建造物,building_direct,東京女子大学17号館(ライシャワー館)
official_export_002:34,river_flooding,13115,杉並区,National,Registered,有形文化財,建造物,building_direct,伊藤家住宅主屋
official_export_002:340,river_flooding,13115,杉並区,National,Registered,有形文化財,建造物,building_direct,東京女子大学14号館(安井記念館)
official_export_002:341,river_flooding,13115,杉並区,National,Registered,有形文化財,建造物,building_direct,東京女子大学16号館(外国人教師館)
official_export_002:342,river_flooding,13115,杉並区,National,Registered,有形文化財,建造物,building_direct,東京女子大学7号館(西校舎)
official_export_002:343,river_flooding,13115,杉並区,National,Registered,有形文化財,建造物,building_direct,東京女子大学本館
official_export_002:344,river_flooding,13115,杉並区,National,Registered,有形文化財,建造物,building_direct,東京女子大学6号館(東校舎)
official_export_002:345,high_tide,13103,港区,National,Registered,有形文化財,建造物,building_direct,東京水産大学雲鷹丸
official_export_002:345,river_flooding,13103,港区,National,Registered,有形文化財,建造物,building_direct,東京水産大学雲鷹丸
official_export_002:346,river_flooding,13110,目黒区,National,Registered,有形文化財,建造物,building_direct,東京大学教養学部旧第一高等学校本館(時計台)
official_export_002:347,river_flooding,13105,文京区,National,Registered,有形文化財,建造物,building_direct,東京大学工学部1号館
official_export_002:348,river_flooding,13105,文京区,National,Registered,有形文化財,建造物,building_direct,東京大学工学部列品館
official_export_002:349,river_flooding,13110,目黒区,National,Registered,有形文化財,建造物,building_direct,東京大学先端科学技術研究センター十三号館(旧東京帝国大学航空研究所本館)
official_export_002:35,river_flooding,13111,大田区,National,Registered,有形文化財,建造物,building_direct,伊藤家住宅主屋
official_export_002:350,river_flooding,13105,文京区,National,Registered,有形文化財,建造物,building_direct,東京大学大講堂(安田講堂)
official_export_002:351,river_flooding,13105,文京区,National,Registered,有形文化財,建造物,building_direct,東京大学法学部3号館
official_export_002:352,river_flooding,13105,文京区,National,Registered,有形文化財,建造物,building_direct,東京大学法文1号館
official_export_002:353,river_flooding,13105,文京区,National,Registered,有形文化財,建造物,building_direct,東京大学法文2号館
official_export_002:354,river_flooding,13105,文京区,National,Registered,有形文化財,建造物,building_direct,東京大学本郷正門及び門衛所
official_export_002:355,river_flooding,13105,文京区,National,Registered,有形文化財,建造物,building_direct,東京大学野球場観覧席・ダッグアウト及びフェンス
official_export_002:356,river_flooding,13103,港区,National,Registered,有形文化財,建造物,building_direct,東京タワー
official_export_002:357,river_flooding,13106,台東区,National,Registered,有形文化財,建造物,building_direct,東京地下鉄銀座線浅草駅四番出入口上家
official_export_002:358,river_flooding,13105,文京区,National,Registered,有形文化財,建造物,building_direct,東京地下鉄丸ノ内線御茶ノ水駅出入口上家
official_export_002:359,river_flooding,13101,千代田区,National,Registered,有形文化財,建造物,building_direct,東京地下鉄丸ノ内線御茶ノ水橋梁
official_export_002:36,river_flooding,13204,三鷹市,National,Registered,有形文化財,建造物,building_direct,伊藤家住宅主屋
official_export_002:360,river_flooding,13101,千代田区,National,Registered,有形文化財,建造物,building_direct,東京地下鉄丸ノ内線四ツ谷跨線橋
official_export_002:362,river_flooding,13106,台東区,National,Registered,有形文化財,建造物,building_direct,東京文化財研究所黒田記念館書庫
official_export_002:363,river_flooding,13106,台東区,National,Registered,有形文化財,建造物,building_direct,東京文化財研究所黒田記念館本館
official_export_002:365,river_flooding,13103,港区,National,Registered,有形文化財,建造物,building_direct,虎ノ門大坂屋砂場店舗
official_export_002:366,high_tide,13111,大田区,National,Registered,有形文化財,建造物,building_direct,鳥海家住宅主屋
official_export_002:366,river_flooding,13111,大田区,National,Registered,有形文化財,建造物,building_direct,鳥海家住宅主屋
official_export_002:367,high_tide,13106,台東区,National,Registered,有形文化財,建造物,building_direct,中江店舗
official_export_002:367,river_flooding,13106,台東区,National,Registered,有形文化財,建造物,building_direct,中江店舗
official_export_002:368,river_flooding,13204,三鷹市,National,Registered,有形文化財,建造物,building_direct,中島家住宅主屋
official_export_002:371,river_flooding,13109,品川区,National,Registered,有形文化財,建造物,building_direct,長濱家住宅主屋
official_export_002:372,river_flooding,13109,品川区,National,Registered,有形文化財,建造物,building_direct,長濱家住宅門
official_export_002:373,river_flooding,13307,檜原村,National,Registered,有形文化財,建造物,building_direct,中村家住宅主屋
official_export_002:374,river_flooding,13114,中野区,National,Registered,有形文化財,建造物,building_direct,中村家住宅洋館
official_export_002:375,river_flooding,13116,豊島区,National,Registered,有形文化財,建造物,building_direct,並木ハウス
official_export_002:376,high_tide,13106,台東区,National,Registered,有形文化財,建造物,building_direct,難波商店店舗兼主屋
official_export_002:376,river_flooding,13106,台東区,National,Registered,有形文化財,建造物,building_direct,難波商店店舗兼主屋
official_export_002:377,river_flooding,13207,昭島市,National,Registered,有形文化財,建造物,building_direct,西川家旧別邸蔵
official_export_002:378,river_flooding,13112,世田谷区,National,Registered,有形文化財,建造物,building_direct,日本学園一号館
official_export_002:379,river_flooding,13105,文京区,National,Registered,有形文化財,建造物,building_direct,日本基督教団根津教会
official_export_002:380,river_flooding,13105,文京区,National,Registered,有形文化財,建造物,building_direct,日本基督教団根津教会門及び塀
official_export_002:381,river_flooding,13112,世田谷区,National,Registered,有形文化財,建造物,building_direct,日本基督教団富士見丘教会
official_export_002:382,river_flooding,13105,文京区,National,Registered,有形文化財,建造物,building_direct,日本基督教団本郷中央教会
official_export_002:383,river_flooding,13105,文京区,National,Registered,有形文化財,建造物,building_direct,日本基督教団弓町本郷教会
official_export_002:384,high_tide,13101,千代田区,National,Registered,有形文化財,建造物,building_direct,日本工業倶楽部会館
official_export_002:384,river_flooding,13101,千代田区,National,Registered,有形文化財,建造物,building_direct,日本工業倶楽部会館
official_export_002:385,high_tide,13106,台東区,National,Registered,有形文化財,建造物,building_direct,日本聖公会浅草聖ヨハネ教会
official_export_002:385,river_flooding,13106,台東区,National,Registered,有形文化財,建造物,building_direct,日本聖公会浅草聖ヨハネ教会
official_export_002:386,river_flooding,13112,世田谷区,National,Registered,有形文化財,建造物,building_direct,日本聖公会東京教区東京聖十字教会聖堂
official_export_002:387,river_flooding,13105,文京区,National,Registered,有形文化財,建造物,building_direct,日本聖公会東京教区東京諸聖徒教会礼拝堂
official_export_002:388,river_flooding,13104,新宿区,National,Registered,有形文化財,建造物,building_direct,日本バプテストキリスト教目白ヶ丘教会礼拝堂
official_export_002:389,river_flooding,13112,世田谷区,National,Registered,有形文化財,建造物,building_direct,萩原家住宅
official_export_002:39,river_flooding,13105,文京区,National,Registered,有形文化財,建造物,building_direct,今井家住宅蔵
official_export_002:390,river_flooding,13105,文京区,National,Registered,有形文化財,建造物,building_direct,橋本家住宅
official_export_002:391,river_flooding,13112,世田谷区,National,Registered,有形文化財,建造物,building_direct,長谷川家住宅
official_export_002:392,river_flooding,13109,品川区,National,Registered,有形文化財,建造物,building_direct,旗岡八幡神社絵馬殿
official_export_002:394,river_flooding,13106,台東区,National,Registered,有形文化財,建造物,building_direct,花重店舗
official_export_002:395,river_flooding,13203,武蔵野市,National,Registered,有形文化財,建造物,building_direct,濵家住宅西洋館
official_export_002:396,river_flooding,13102,中央区,National,Registered,有形文化財,建造物,building_direct,ハリオグラスビル
official_export_002:397,river_flooding,13105,文京区,National,Registered,有形文化財,建造物,building_direct,はん亭
official_export_002:398,river_flooding,13115,杉並区,National,Registered,有形文化財,建造物,building_direct,ビストロOJI(末光家住宅)
official_export_002:4,river_flooding,13110,目黒区,National,Registered,有形文化財,建造物,building_direct,浅田家住宅主屋
official_export_002:40,river_flooding,13106,台東区,National,Registered,有形文化財,建造物,building_direct,今半別館北棟
official_export_002:403,river_flooding,13112,世田谷区,National,Registered,有形文化財,建造物,building_direct,平田家住宅主屋
official_export_002:405,river_flooding,13112,世田谷区,National,Registered,有形文化財,建造物,building_direct,平田家住宅門及び塀
official_export_002:406,river_flooding,13105,文京区,National,Registered,有形文化財,建造物,building_direct,平野家住宅蔵
official_export_002:407,river_flooding,13105,文京区,National,Registered,有形文化財,建造物,building_direct,平野家住宅主屋
official_export_002:408,river_flooding,13105,文京区,National,Registered,有形文化財,建造物,building_direct,平野家住宅茶室
official_export_002:409,river_flooding,13105,文京区,National,Registered,有形文化財,建造物,building_direct,平野家住宅茶室門
official_export_002:41,river_flooding,13106,台東区,National,Registered,有形文化財,建造物,building_direct,今半別館玄関棟
official_export_002:410,river_flooding,13105,文京区,National,Registered,有形文化財,建造物,building_direct,平野家住宅門
official_export_002:411,river_flooding,13105,文京区,National,Registered,有形文化財,建造物,building_direct,平野家住宅洋館
official_export_002:412,river_flooding,13115,杉並区,National,Registered,有形文化財,建造物,building_direct,淵川家住宅主屋
official_export_002:413,river_flooding,13112,世田谷区,National,Registered,有形文化財,建造物,building_direct,ブルーボックスハウス
official_export_002:414,river_flooding,13105,文京区,National,Registered,有形文化財,建造物,building_direct,鳳明館本館
official_export_002:415,high_tide,13103,港区,National,Registered,有形文化財,建造物,building_direct,堀商店
official_export_002:415,river_flooding,13103,港区,National,Registered,有形文化財,建造物,building_direct,堀商店
official_export_002:416,tsunami,13363,新島村,National,Registered,有形文化財,建造物,building_direct,前田家住宅外便所
official_export_002:417,river_flooding,13208,調布市,National,Registered,有形文化財,建造物,building_direct,真木家住宅日本館
official_export_002:418,river_flooding,13208,調布市,National,Registered,有形文化財,建造物,building_direct,真木家住宅洋館
official_export_002:419,river_flooding,13105,文京区,National,Registered,有形文化財,建造物,building_direct,松井家住宅表門及び塀
official_export_002:42,river_flooding,13106,台東区,National,Registered,有形文化財,建造物,building_direct,今半別館南棟
official_export_002:420,river_flooding,13105,文京区,National,Registered,有形文化財,建造物,building_direct,松井家住宅主屋
official_export_002:421,river_flooding,13105,文京区,National,Registered,有形文化財,建造物,building_direct,松井家住宅蔵
official_export_002:422,river_flooding,13101,千代田区,National,Registered,有形文化財,建造物,building_direct,松本家住宅主屋
official_export_002:423,river_flooding,13102,中央区,National,Registered,有形文化財,建造物,building_direct,繭山龍泉堂店舗
official_export_002:424,river_flooding,13114,中野区,National,Registered,有形文化財,建造物,building_direct,三岸家住宅アトリエ
official_export_002:425,river_flooding,13103,港区,National,Registered,有形文化財,建造物,building_direct,三菱電機高輪荘蔵
official_export_002:426,river_flooding,13103,港区,National,Registered,有形文化財,建造物,building_direct,三菱電機高輪荘主屋
official_export_002:427,river_flooding,13103,港区,National,Registered,有形文化財,建造物,building_direct,三菱電機高輪荘洋館
official_export_002:428,river_flooding,13115,杉並区,National,Registered,有形文化財,建造物,building_direct,水口家住宅洋館
official_export_002:429,river_flooding,13307,檜原村,National,Registered,有形文化財,建造物,building_direct,峯岸家住宅主屋
official_export_002:43,river_flooding,13106,台東区,National,Registered,有形文化財,建造物,building_direct,今半本店北奥座敷
official_export_002:430,river_flooding,13111,大田区,National,Registered,有形文化財,建造物,building_direct,三橋家住宅主屋
official_export_002:431,river_flooding,13227,羽村市,National,Registered,有形文化財,建造物,building_direct,宮川家住宅主屋
official_export_002:432,river_flooding,13227,羽村市,National,Registered,有形文化財,建造物,building_direct,宮川家住宅納屋
official_export_002:433,river_flooding,13104,新宿区,National,Registered,有形文化財,建造物,building_direct,宮城道雄記念館検校の間
official_export_002:434,river_flooding,13113,渋谷区,National,Registered,有形文化財,建造物,building_direct,ミュージアム1999(旧千葉常五郎邸)
official_export_002:435,river_flooding,13103,港区,National,Registered,有形文化財,建造物,building_direct,妙定院上土蔵
official_export_002:436,river_flooding,13103,港区,National,Registered,有形文化財,建造物,building_direct,妙定院熊野堂
official_export_002:436,tsunami,13103,港区,National,Registered,有形文化財,建造物,building_direct,妙定院熊野堂
official_export_002:437,river_flooding,13111,大田区,National,Registered,有形文化財,建造物,building_direct,妙福寺祖師堂(旧七面大明神堂)
official_export_002:438,river_flooding,13222,東久留米市,National,Registered,有形文化財,建造物,building_direct,村野家住宅穀蔵
official_export_002:439,river_flooding,13222,東久留米市,National,Registered,有形文化財,建造物,building_direct,村野家住宅主屋
official_export_002:44,river_flooding,13106,台東区,National,Registered,有形文化財,建造物,building_direct,今半本店西奥座敷
official_export_002:440,river_flooding,13222,東久留米市,National,Registered,有形文化財,建造物,building_direct,村野家住宅新蔵
official_export_002:441,river_flooding,13222,東久留米市,National,Registered,有形文化財,建造物,building_direct,村野家住宅中雀門
official_export_002:442,river_flooding,13222,東久留米市,National,Registered,有形文化財,建造物,building_direct,村野家住宅土蔵
official_export_002:443,river_flooding,13222,東久留米市,National,Registered,有形文化財,建造物,building_direct,村野家住宅離れ
official_export_002:444,river_flooding,13222,東久留米市,National,Registered,有形文化財,建造物,building_direct,村野家住宅薬医門
official_export_002:445,river_flooding,13228,あきる野市,National,Registered,有形文化財,建造物,building_direct,森田家住宅板塀
official_export_002:45,river_flooding,13106,台東区,National,Registered,有形文化財,建造物,building_direct,今半本店東奥座敷
official_export_002:451,river_flooding,13228,あきる野市,National,Registered,有形文化財,建造物,building_direct,森田家住宅見世蔵
official_export_002:453,river_flooding,13228,あきる野市,National,Registered,有形文化財,建造物,building_direct,森田家住宅門
official_export_002:454,river_flooding,13105,文京区,National,Registered,有形文化財,建造物,building_direct,森博士の家
official_export_002:455,high_tide,13111,大田区,National,Registered,有形文化財,建造物,building_direct,守屋家住宅主屋
official_export_002:455,river_flooding,13111,大田区,National,Registered,有形文化財,建造物,building_direct,守屋家住宅主屋
official_export_002:456,river_flooding,13104,新宿区,National,Registered,有形文化財,建造物,building_direct,安与ビル
official_export_002:457,river_flooding,13112,世田谷区,National,Registered,有形文化財,建造物,building_direct,柳澤家住宅主屋
official_export_002:458,river_flooding,13111,大田区,National,Registered,有形文化財,建造物,building_direct,山﨑家住宅主屋
official_export_002:459,river_flooding,13105,文京区,National,Registered,有形文化財,建造物,building_direct,山﨑家住宅主屋
official_export_002:46,river_flooding,13106,台東区,National,Registered,有形文化財,建造物,building_direct,岩田家住宅和館
official_export_002:460,river_flooding,13101,千代田区,National,Registered,有形文化財,建造物,building_direct,山本歯科医院
official_export_002:461,river_flooding,13105,文京区,National,Registered,有形文化財,建造物,building_direct,山脇家住宅表門及び塀
official_export_002:462,river_flooding,13105,文京区,National,Registered,有形文化財,建造物,building_direct,山脇家住宅主屋
official_export_002:463,river_flooding,13105,文京区,National,Registered,有形文化財,建造物,building_direct,弥生正緑館(渋谷家住宅洋館)主屋
official_export_002:464,river_flooding,13105,文京区,National,Registered,有形文化財,建造物,building_direct,弥生正緑館(渋谷家住宅洋館)庭門
official_export_002:465,river_flooding,13104,新宿区,National,Registered,有形文化財,建造物,building_direct,矢来能楽堂
official_export_002:466,river_flooding,13110,目黒区,National,Registered,有形文化財,建造物,building_direct,祐天寺表門
official_export_002:467,river_flooding,13110,目黒区,National,Registered,有形文化財,建造物,building_direct,祐天寺地蔵堂
official_export_002:468,river_flooding,13110,目黒区,National,Registered,有形文化財,建造物,building_direct,祐天寺地蔵堂門
official_export_002:469,river_flooding,13110,目黒区,National,Registered,有形文化財,建造物,building_direct,祐天寺書院
official_export_002:47,river_flooding,13111,大田区,National,Registered,有形文化財,建造物,building_direct,位田家住宅主屋
official_export_002:470,river_flooding,13110,目黒区,National,Registered,有形文化財,建造物,building_direct,祐天寺鐘楼
official_export_002:471,river_flooding,13110,目黒区,National,Registered,有形文化財,建造物,building_direct,祐天寺本堂
official_export_002:472,river_flooding,13110,目黒区,National,Registered,有形文化財,建造物,building_direct,祐天寺水屋
official_export_002:473,river_flooding,13102,中央区,National,Registered,有形文化財,建造物,building_direct,よし梅芳町亭
official_export_002:474,river_flooding,13111,大田区,National,Registered,有形文化財,建造物,building_direct,吉川家住宅主屋
official_export_002:475,river_flooding,13113,渋谷区,National,Registered,有形文化財,建造物,building_direct,代々木能舞台敷舞台及び座敷
official_export_002:476,river_flooding,13113,渋谷区,National,Registered,有形文化財,建造物,building_direct,代々木能舞台舞台・橋掛・鏡の間
official_export_002:477,river_flooding,13111,大田区,National,Registered,有形文化財,建造物,building_direct,萬屋酒店
official_export_002:478,river_flooding,13111,大田区,National,Registered,有形文化財,建造物,building_direct,龍子記念館
official_export_002:479,river_flooding,13115,杉並区,National,Registered,有形文化財,建造物,building_direct,旅館西郊本館
official_export_002:480,river_flooding,13111,大田区,National,Registered,有形文化財,建造物,building_direct,私の家(清家清自邸)
official_export_002:481,river_flooding,13204,三鷹市,National,Registered,有形文化財,建造物,building_direct,渡辺家住宅主屋
official_export_002:482,river_flooding,13204,三鷹市,National,Registered,有形文化財,建造物,building_direct,渡辺家住宅主屋
official_export_002:483,river_flooding,13115,杉並区,National,Registered,有形文化財,建造物,building_direct,渡邊家住宅主屋
official_export_002:5,river_flooding,13105,文京区,National,Registered,有形文化財,建造物,building_direct,芦葉家住宅倉庫
official_export_002:50,river_flooding,13105,文京区,National,Registered,有形文化財,建造物,building_direct,梅村家住宅(旧山崎家住宅)主屋
official_export_002:51,river_flooding,13105,文京区,National,Registered,有形文化財,建造物,building_direct,梅村家住宅(旧山崎家住宅)門
official_export_002:52,river_flooding,13105,文京区,National,Registered,有形文化財,建造物,building_direct,エチソウビル
official_export_002:53,river_flooding,13102,中央区,National,Registered,有形文化財,建造物,building_direct,江戸屋店舗兼住宅
official_export_002:56,river_flooding,13205,青梅市,National,Registered,有形文化財,建造物,building_direct,青梅織物工業協同組合旧発券倉庫
official_export_002:58,river_flooding,13103,港区,National,Registered,有形文化財,建造物,building_direct,大倉集古館陳列館
official_export_002:59,river_flooding,13102,中央区,National,Registered,有形文化財,建造物,building_direct,大野屋總本店店舗
official_export_002:6,river_flooding,13105,文京区,National,Registered,有形文化財,建造物,building_direct,芦葉家住宅門
official_export_002:60,river_flooding,13103,港区,National,Registered,有形文化財,建造物,building_direct,大橋茶寮表門
official_export_002:61,river_flooding,13103,港区,National,Registered,有形文化財,建造物,building_direct,大橋茶寮茶室葵
official_export_002:62,river_flooding,13103,港区,National,Registered,有形文化財,建造物,building_direct,大橋茶寮茶室桂
official_export_002:63,river_flooding,13103,港区,National,Registered,有形文化財,建造物,building_direct,大橋茶寮茶室守貧庵
official_export_002:64,river_flooding,13103,港区,National,Registered,有形文化財,建造物,building_direct,大橋茶寮茶室如庵写
official_export_002:65,river_flooding,13103,港区,National,Registered,有形文化財,建造物,building_direct,大橋茶寮茶室山吹
official_export_002:66,river_flooding,13103,港区,National,Registered,有形文化財,建造物,building_direct,大橋茶寮中門
official_export_002:67,river_flooding,13103,港区,National,Registered,有形文化財,建造物,building_direct,大橋茶寮不老門
official_export_002:68,river_flooding,13103,港区,National,Registered,有形文化財,建造物,building_direct,大橋茶寮塀
official_export_002:69,river_flooding,13115,杉並区,National,Registered,有形文化財,建造物,building_direct,岡田日帰上人記念講堂
official_export_002:72,river_flooding,13105,文京区,National,Registered,有形文化財,建造物,building_direct,お茶の水女子大学表門
official_export_002:73,river_flooding,13105,文京区,National,Registered,有形文化財,建造物,building_direct,お茶の水女子大学講堂
official_export_002:74,river_flooding,13105,文京区,National,Registered,有形文化財,建造物,building_direct,お茶の水女子大学附属幼稚園園舎
official_export_002:75,river_flooding,13105,文京区,National,Registered,有形文化財,建造物,building_direct,お茶の水女子大学本館
official_export_002:76,river_flooding,13113,渋谷区,National,Registered,有形文化財,建造物,building_direct,温故学会会館
official_export_002:77,river_flooding,13111,大田区,National,Registered,有形文化財,建造物,building_direct,御嶽神社社務所
official_export_002:78,river_flooding,13111,大田区,National,Registered,有形文化財,建造物,building_direct,御嶽神社水行堂
official_export_002:79,river_flooding,13111,大田区,National,Registered,有形文化財,建造物,building_direct,御嶽神社末社一山神社祖霊社
official_export_002:8,river_flooding,13208,調布市,National,Registered,有形文化財,建造物,building_direct,新井家住宅内蔵
official_export_002:80,river_flooding,13110,目黒区,National,Registered,有形文化財,建造物,building_direct,海福寺本堂
official_export_002:81,high_tide,13101,千代田区,National,Registered,有形文化財,建造物,building_direct,学士会館
official_export_002:81,river_flooding,13101,千代田区,National,Registered,有形文化財,建造物,building_direct,学士会館
official_export_002:82,river_flooding,13116,豊島区,National,Registered,有形文化財,建造物,building_direct,学習院北別館(旧図書館)
official_export_002:83,river_flooding,13116,豊島区,National,Registered,有形文化財,建造物,building_direct,学習院厩舎
official_export_002:84,river_flooding,13116,豊島区,National,Registered,有形文化財,建造物,building_direct,学習院正門
official_export_002:85,river_flooding,13116,豊島区,National,Registered,有形文化財,建造物,building_direct,学習院西一号館(旧中等科教場)
official_export_002:86,river_flooding,13116,豊島区,National,Registered,有形文化財,建造物,building_direct,学習院乃木館(旧総寮部)
official_export_002:87,river_flooding,13116,豊島区,National,Registered,有形文化財,建造物,building_direct,学習院東別館(旧皇族寮)
official_export_002:88,river_flooding,13116,豊島区,National,Registered,有形文化財,建造物,building_direct,学習院南一号館(旧理科特別教場)
official_export_002:89,river_flooding,13112,世田谷区,National,Registered,有形文化財,建造物,building_direct,樫尾俊雄発明記念館(旧樫尾家住宅主屋)
official_export_002:9,river_flooding,13208,調布市,National,Registered,有形文化財,建造物,building_direct,新井家住宅旧蚕室
official_export_002:90,river_flooding,13205,青梅市,National,Registered,有形文化財,建造物,building_direct,河鹿園稲荷社
official_export_002:91,river_flooding,13205,青梅市,National,Registered,有形文化財,建造物,building_direct,河鹿園渓梅庵
official_export_002:92,river_flooding,13205,青梅市,National,Registered,有形文化財,建造物,building_direct,河鹿園山魚楼
official_export_002:93,river_flooding,13205,青梅市,National,Registered,有形文化財,建造物,building_direct,河鹿園射山荘
official_export_002:94,river_flooding,13205,青梅市,National,Registered,有形文化財,建造物,building_direct,河鹿園大浴場
official_export_002:95,river_flooding,13205,青梅市,National,Registered,有形文化財,建造物,building_direct,河鹿園帳場兼主屋
official_export_002:96,river_flooding,13205,青梅市,National,Registered,有形文化財,建造物,building_direct,河鹿園枕流亭
official_export_002:97,river_flooding,13205,青梅市,National,Registered,有形文化財,建造物,building_direct,河鹿園渡廊下
official_export_002:98,river_flooding,13111,大田区,National,Registered,有形文化財,建造物,building_direct,数江家住宅主屋
official_export_002:99,high_tide,13107,墨田区,National,Registered,有形文化財,建造物,building_direct,割烹美家古向島本店店舗
official_export_002:99,river_flooding,13107,墨田区,National,Registered,有形文化財,建造物,building_direct,割烹美家古向島本店店舗
official_export_003:0,river_flooding,13110,目黒区,National,Designated,記念物,天然記念物,point,青木昆陽墓
official_export_003:1,river_flooding,13103,港区,National,Designated,記念物,天然記念物,point,浅野長矩墓および赤穂義士墓
official_export_003:11,river_flooding,13103,港区,National,Designated,記念物,天然記念物,point,荻生徂徠墓
official_export_003:12,river_flooding,13105,文京区,National,Designated,記念物,天然記念物,point,懐徳館庭園(旧加賀藩主前田氏本郷本邸庭園)
official_export_003:13,river_flooding,13111,大田区,National,Designated,記念物,天然記念物,point,亀甲山古墳
official_export_003:14,river_flooding,13106,台東区,National,Designated,記念物,天然記念物,point,蒲生君平墓
official_export_003:15,river_flooding,13109,品川区,National,Designated,記念物,天然記念物,point,加茂真淵墓
official_export_003:16,river_flooding,13106,台東区,National,Designated,記念物,天然記念物,point,旧朝倉文夫氏庭園
official_export_003:17,high_tide,13103,港区,National,Designated,記念物,天然記念物,point,旧芝離宮庭園
official_export_003:17,river_flooding,13103,港区,National,Designated,記念物,天然記念物,point,旧芝離宮庭園
official_export_003:18,river_flooding,13109,品川区,National,Designated,記念物,天然記念物,point,旧白金御料地
official_export_003:19,river_flooding,13103,港区,National,Designated,記念物,天然記念物,point,旧新橋停車場跡及び高輪築堤跡
official_export_003:2,high_tide,13106,台東区,National,Designated,記念物,天然記念物,point,伊能忠敬墓
official_export_003:2,river_flooding,13106,台東区,National,Designated,記念物,天然記念物,point,伊能忠敬墓
official_export_003:20,high_tide,13102,中央区,National,Designated,記念物,天然記念物,point,旧浜離宮庭園
official_export_003:22,river_flooding,13201,八王子市,National,Designated,記念物,天然記念物,point,椚田遺跡
official_export_003:23,river_flooding,13105,文京区,National,Designated,記念物,天然記念物,point,小石川後楽園
official_export_003:24,river_flooding,13105,文京区,National,Designated,記念物,天然記念物,point,小石川植物園(御薬園跡及び養生所跡)
official_export_003:26,river_flooding,13203,武蔵野市,National,Designated,記念物,天然記念物,point,小金井(サクラ)
official_export_003:27,river_flooding,13201,八王子市,National,Designated,記念物,天然記念物,point,小仏関跡
official_export_003:28,river_flooding,13305,日の出町,National,Designated,記念物,天然記念物,point,幸神神社のシダレアカシデ
official_export_003:29,river_flooding,13103,港区,National,Designated,記念物,天然記念物,point,佐藤一斎墓
official_export_003:3,river_flooding,13101,千代田区,National,Designated,記念物,天然記念物,point,江戸城跡
official_export_003:32,river_flooding,13229,西東京市,National,Designated,記念物,天然記念物,point,下野谷遺跡
official_export_003:33,river_flooding,13103,港区,National,Designated,記念物,天然記念物,point,品川台場
official_export_003:36,river_flooding,13208,調布市,National,Designated,記念物,天然記念物,point,深大寺城跡
official_export_003:37,river_flooding,13211,小平市,National,Designated,記念物,天然記念物,point,鈴木遺跡
official_export_003:38,river_flooding,13103,港区,National,Designated,記念物,天然記念物,point,善福寺のイチョウ
official_export_003:39,high_tide,13123,江戸川区,National,Designated,記念物,天然記念物,point,善養寺影向のマツ
official_export_003:39,river_flooding,13123,江戸川区,National,Designated,記念物,天然記念物,point,善養寺影向のマツ
official_export_003:4,river_flooding,13101,千代田区,National,Designated,記念物,天然記念物,point,江戸城跡のヒカリゴケ生育地
official_export_003:40,river_flooding,13105,文京区,National,Designated,記念物,天然記念物,point,高島秋帆墓
official_export_003:41,river_flooding,13103,港区,National,Designated,記念物,天然記念物,point,高輪大木戸跡
official_export_003:42,high_tide,13106,台東区,National,Designated,記念物,天然記念物,point,高橋至時墓
official_export_003:42,river_flooding,13106,台東区,National,Designated,記念物,天然記念物,point,高橋至時墓
official_export_003:43,river_flooding,13201,八王子市,National,Designated,記念物,天然記念物,point,滝山城跡
official_export_003:44,river_flooding,13109,品川区,National,Designated,記念物,天然記念物,point,沢庵墓
official_export_003:45,river_flooding,13112,世田谷区,National,Designated,記念物,天然記念物,point,玉川上水
official_export_003:46,river_flooding,13115,杉並区,National,Designated,記念物,天然記念物,point,荻外荘(近衞文麿旧宅)
official_export_003:47,river_flooding,13104,新宿区,National,Designated,記念物,天然記念物,point,哲学堂公園
official_export_003:49,river_flooding,13103,港区,National,Designated,記念物,天然記念物,point,東禅寺
official_export_003:5,river_flooding,13101,千代田区,National,Designated,記念物,天然記念物,point,江戸城外堀跡
official_export_003:50,high_tide,13101,千代田区,National,Designated,記念物,天然記念物,point,常盤橋門跡
official_export_003:50,river_flooding,13101,千代田区,National,Designated,記念物,天然記念物,point,常盤橋門跡
official_export_003:50,tsunami,13101,千代田区,National,Designated,記念物,天然記念物,point,常盤橋門跡
official_export_003:51,river_flooding,13214,国分寺市,National,Designated,記念物,天然記念物,point,殿ヶ谷戸庭園(随冝園)
official_export_003:57,river_flooding,13201,八王子市,National,Designated,記念物,天然記念物,point,八王子城跡
official_export_003:59,high_tide,13106,台東区,National,Designated,記念物,天然記念物,point,平賀源内墓
official_export_003:59,river_flooding,13106,台東区,National,Designated,記念物,天然記念物,point,平賀源内墓
official_export_003:60,river_flooding,13201,八王子市,National,Designated,記念物,天然記念物,point,船田石器時代遺跡
official_export_003:61,river_flooding,13112,世田谷区,National,Designated,記念物,天然記念物,point,細井広沢墓
official_export_003:62,high_tide,13108,江東区,National,Designated,記念物,天然記念物,point,松平定信墓
official_export_003:62,river_flooding,13108,江東区,National,Designated,記念物,天然記念物,point,松平定信墓
official_export_003:63,river_flooding,13205,青梅市,National,Designated,記念物,天然記念物,point,御岳の神代ケヤキ
official_export_003:65,high_tide,13107,墨田区,National,Designated,記念物,天然記念物,point,向島百花園
official_export_003:65,river_flooding,13107,墨田区,National,Designated,記念物,天然記念物,point,向島百花園
official_export_003:67,river_flooding,13214,国分寺市,National,Designated,記念物,天然記念物,point,武蔵国分寺跡 附東山道武蔵路跡
official_export_003:69,river_flooding,13104,新宿区,National,Designated,記念物,天然記念物,point,山鹿素行墓
official_export_003:70,river_flooding,13105,文京区,National,Designated,記念物,天然記念物,point,弥生二丁目遺跡
official_export_003:71,river_flooding,13105,文京区,National,Designated,記念物,天然記念物,point,湯島聖堂
official_export_003:72,river_flooding,13106,台東区,National,Designated,記念物,天然記念物,point,横山大観旧宅及び庭園
official_export_003:73,river_flooding,13105,文京区,National,Designated,記念物,天然記念物,point,六義園
official_export_003:75,river_flooding,13104,新宿区,National,Designated,記念物,天然記念物,point,林氏墓地
official_export_003:8,river_flooding,13105,文京区,National,Designated,記念物,天然記念物,point,大塚先儒墓所
official_export_003:9,river_flooding,13109,品川区,National,Designated,記念物,天然記念物,point,大森貝塚
187,river_flooding,13206,府中市,Tokyo Metropolitan,Designated,記念物,旧跡,point,川崎定孝墓
132080100005,river_flooding,13208,調布市,National,Registered,有形文化財,建造物,building_direct,真木家住宅洋館
132080100006,river_flooding,13208,調布市,National,Registered,有形文化財,建造物,building_direct,真木家住宅日本館
132080100018,river_flooding,13208,調布市,Tokyo Metropolitan,Designated,記念物,史跡,point,狐塚古墳(下布田6号墳)
132080100056,river_flooding,13208,調布市,Municipal,Designated,民俗文化財,有形民俗文化財(民俗),point,調布の臼
132080100066,river_flooding,13208,調布市,Municipal,Designated,民俗文化財,有形民俗文化財(金石文等),point,弘安四年銘阿弥陀一尊板碑
132080100067,river_flooding,13208,調布市,Municipal,Designated,民俗文化財,有形民俗文化財(金石文等),point,弘安五年銘阿弥陀三尊板碑
132080100068,river_flooding,13208,調布市,Municipal,Designated,民俗文化財,有形民俗文化財(金石文等),point,文明三年銘阿弥陀図像板碑
official_export_003:35,river_flooding,13208,調布市,National,Designated,記念物,天然記念物,point,下布田遺跡
132152100026,river_flooding,13215,国立市,Municipal,Designated,有形文化財,未細分,point,古民家(旧柳澤家住宅)
132152100040,river_flooding,13215,国立市,Municipal,Registered,有形文化財,未細分,building_direct,滝乃川学園鐘楼附鐘
132152100095,river_flooding,13215,国立市,Municipal,Registered,有形文化財,未細分,point,石橋供養塔(青柳)
132152100098,river_flooding,13215,国立市,Municipal,Registered,有形文化財,未細分,point,馬頭観音塔(青柳・嘉永二年在銘)
132152100101,river_flooding,13215,国立市,Municipal,Registered,有形文化財,未細分,point,手水石(安政三年在銘)
official_export_001:113,river_flooding,13102,中央区,National,Designated,有形文化財,建造物,building_direct,日本橋
1.32209E+11,landslide,13220,東大和市,Tokyo Metropolitan,Unknown,有形文化財,建造物,building_direct,豊鹿島神社本殿(附棟札)
102,landslide,13228,あきる野市,Municipal,Designated,民俗文化財,無形民俗文化財,point,鹿島流引田獅子舞
104,landslide,13228,あきる野市,Tokyo Metropolitan,Designated,無形文化財,工芸技術,point,軍道紙
117,landslide,13112,世田谷区,Tokyo Metropolitan,Designated,記念物,史跡,point,等々力渓谷三号横穴
129,landslide,13205,青梅市,Tokyo Metropolitan,Designated,記念物,史跡,point,天寧寺境域
13104:158,landslide,13104,新宿区,Unknown,Unknown,未判定,未細分,point,紅皿の墓
13104:58,landslide,13104,新宿区,Unknown,Unknown,未判定,未細分,point,薬王院の梵鐘
13104:74,landslide,13104,新宿区,Unknown,Unknown,未判定,未細分,point,大聖院文書
132080100063,landslide,13208,調布市,Municipal,Designated,民俗文化財,有形民俗文化財(民俗),point,百万遍供養塔
132152100013,landslide,13215,国立市,Municipal,Designated,有形文化財,未細分,building_direct,谷保天満宮本殿附棟札
132152100014,landslide,13215,国立市,Municipal,Designated,有形文化財,未細分,building_direct,谷保天満宮拝殿
14,landslide,13116,豊島区,Municipal,Designated,民俗文化財,無形民俗文化財,point,雑司が谷鬼子母神御会式万燈練供養
140,landslide,13224,多摩市,Tokyo Metropolitan,Designated,記念物,史跡,point,稲荷塚古墳
142,landslide,13224,多摩市,Tokyo Metropolitan,Designated,記念物,史跡,point,多摩ニュータウンNo.57遺跡
144,landslide,13228,あきる野市,Tokyo Metropolitan,Designated,記念物,史跡,point,戸倉城跡
145,landslide,13228,あきる野市,Tokyo Metropolitan,Designated,記念物,史跡,point,広徳寺境域
146,landslide,13228,あきる野市,Municipal,Designated,記念物,天然記念物,point,山抱きの大カシ(ウラジロガシ)
151,landslide,13228,あきる野市,National,Registered,有形文化財,未細分,building_direct,森田家住宅西蔵
188,landslide,13212,日野市,Tokyo Metropolitan,Designated,記念物,旧跡,point,平山季重墓
19,landslide,13205,青梅市,Tokyo Metropolitan,Designated,有形文化財,建造物,building_direct,馬場家御師住宅
20,landslide,13205,青梅市,Tokyo Metropolitan,Designated,有形文化財,建造物,building_direct,虎柏神社本殿
203,landslide,13307,檜原村,Tokyo Metropolitan,Designated,記念物,名勝,point,三頭大滝
205,landslide,13103,港区,Tokyo Metropolitan,Designated,記念物,天然記念物,point,旧細川邸のシイ
215,landslide,13201,八王子市,Tokyo Metropolitan,Designated,記念物,天然記念物,point,髙尾山のスギ並木
216,landslide,13201,八王子市,Tokyo Metropolitan,Designated,記念物,天然記念物,point,髙尾山の飯盛スギ
22,landslide,13206,府中市,Tokyo Metropolitan,Designated,有形文化財,建造物,building_direct,旧府中町役場庁舎
225,landslide,13227,羽村市,Tokyo Metropolitan,Designated,記念物,天然記念物,point,阿蘇神社のシイ
226,landslide,13228,あきる野市,Tokyo Metropolitan,Designated,記念物,天然記念物,point,広徳寺のタラヨウ
227,landslide,13228,あきる野市,Tokyo Metropolitan,Designated,記念物,天然記念物,point,広徳寺のカヤ
229,landslide,13228,あきる野市,Tokyo Metropolitan,Designated,記念物,天然記念物,point,光厳寺のヤマザクラ
237,landslide,13381,三宅村,Tokyo Metropolitan,Designated,記念物,天然記念物,point,堂山のシイ
238,landslide,13381,三宅村,Tokyo Metropolitan,Designated,記念物,天然記念物,point,ビャクシン
28,landslide,13227,羽村市,Tokyo Metropolitan,Designated,有形文化財,建造物,building_direct,阿蘇神社本殿
32,landslide,13228,あきる野市,Tokyo Metropolitan,Designated,記念物,天然記念物,point,南沢の鳥ノ巣石灰岩産地
35,landslide,13228,あきる野市,Tokyo Metropolitan,Designated,記念物,天然記念物,point,光厳寺のヤマザクラ
37,landslide,13228,あきる野市,Municipal,Designated,有形文化財,未細分,building_direct,広徳寺総門
39,landslide,13228,あきる野市,Municipal,Designated,有形文化財,未細分,building_direct,開光院本堂・庫裏
4,landslide,13109,品川区,Tokyo Metropolitan,Designated,有形文化財,建造物,building_direct,旧島津公爵家袖ヶ崎本邸洋館(清泉女子大学本館)
42,landslide,13228,あきる野市,Municipal,Designated,有形文化財,未細分,building_direct,八雲神社の五輪塔
43,landslide,13228,あきる野市,Municipal,Designated,有形文化財,未細分,building_direct,花蔵院の山門
45,landslide,13228,あきる野市,Municipal,Designated,有形文化財,未細分,building_direct,福徳寺の山門
47,landslide,13228,あきる野市,Municipal,Designated,有形文化財,未細分,building_direct,大悲願寺楼門(仁王門)
49,landslide,13228,あきる野市,Municipal,Designated,有形文化財,未細分,building_direct,旧市倉家住宅
52,landslide,13228,あきる野市,Municipal,Designated,有形文化財,未細分,building_direct,雨武主神社本殿
53,landslide,13228,あきる野市,Municipal,Designated,有形文化財,未細分,building_direct,子生神社本殿
91,landslide,13228,あきる野市,Municipal,Designated,有形文化財,未細分,point,百番供養塔
92,landslide,13228,あきる野市,Municipal,Designated,有形文化財,未細分,point,御嶽神社の懸仏
96,landslide,13110,目黒区,Tokyo Metropolitan,Designated,有形文化財,歴史資料,point,大円寺石仏群
official_export_001:114,landslide,13101,千代田区,National,Designated,有形文化財,建造物,building_direct,日本ハリストス正教会教団
official_export_001:115,landslide,13101,千代田区,National,Designated,有形文化財,建造物,building_direct,日本ハリストス正教会教団
official_export_001:140,landslide,13205,青梅市,National,Designated,有形文化財,建造物,building_direct,旧宮崎家住宅(旧所在 東京都青梅市成木)
official_export_001:26,landslide,13205,青梅市,National,Designated,有形文化財,建造物,building_direct,観音寺本堂
official_export_001:54,landslide,13103,港区,National,Designated,有形文化財,建造物,building_direct,慶応義塾図書館
official_export_001:55,landslide,13103,港区,National,Designated,有形文化財,建造物,building_direct,慶応義塾三田演説館
official_export_001:64,landslide,13307,檜原村,National,Designated,有形文化財,建造物,building_direct,小林家住宅(東京都西多摩郡檜原村)
official_export_002:10,landslide,13208,調布市,National,Registered,有形文化財,建造物,building_direct,新井家住宅主屋
official_export_002:109,landslide,13224,多摩市,National,Registered,有形文化財,建造物,building_direct,川井家住宅主屋
official_export_002:130,landslide,13363,新島村,National,Registered,有形文化財,建造物,building_direct,紀野家住宅主屋
official_export_002:131,landslide,13363,新島村,National,Registered,有形文化財,建造物,building_direct,紀野家住宅釜屋形
official_export_002:146,landslide,13224,多摩市,National,Registered,有形文化財,建造物,building_direct,旧川井家住宅土蔵
official_export_002:162,landslide,13307,檜原村,National,Registered,有形文化財,建造物,building_direct,旧高橋家住宅主屋
official_export_002:163,landslide,13224,多摩市,National,Registered,有形文化財,建造物,building_direct,旧辻󠄀陶房主屋兼作業場
official_export_002:164,landslide,13224,多摩市,National,Registered,有形文化財,建造物,building_direct,旧辻󠄀陶房登り窯
official_export_002:191,landslide,13205,青梅市,National,Registered,有形文化財,建造物,building_direct,旧吉川英治邸(草思堂)主屋
official_export_002:194,landslide,13205,青梅市,National,Registered,有形文化財,建造物,building_direct,旧吉川英治邸(草思堂)洋館
official_export_002:222,landslide,13103,港区,National,Registered,有形文化財,建造物,building_direct,国際文化会館本館
official_export_002:224,landslide,13363,新島村,National,Registered,有形文化財,建造物,building_direct,小久保家住宅主屋
official_export_002:254,landslide,13307,檜原村,National,Registered,有形文化財,建造物,building_direct,蛇の湯温泉たから荘
official_export_002:373,landslide,13307,檜原村,National,Registered,有形文化財,建造物,building_direct,中村家住宅主屋
official_export_002:429,landslide,13307,檜原村,National,Registered,有形文化財,建造物,building_direct,峯岸家住宅主屋
official_export_002:49,landslide,13363,新島村,National,Registered,有形文化財,建造物,building_direct,梅田家(沖五郎)住宅石倉及び外便所
official_export_002:50,landslide,13105,文京区,National,Registered,有形文化財,建造物,building_direct,梅村家住宅(旧山崎家住宅)主屋
official_export_002:90,landslide,13205,青梅市,National,Registered,有形文化財,建造物,building_direct,河鹿園稲荷社
official_export_002:91,landslide,13205,青梅市,National,Registered,有形文化財,建造物,building_direct,河鹿園渓梅庵
official_export_002:92,landslide,13205,青梅市,National,Registered,有形文化財,建造物,building_direct,河鹿園山魚楼
official_export_002:94,landslide,13205,青梅市,National,Registered,有形文化財,建造物,building_direct,河鹿園大浴場
official_export_002:96,landslide,13205,青梅市,National,Registered,有形文化財,建造物,building_direct,河鹿園枕流亭
official_export_002:97,landslide,13205,青梅市,National,Registered,有形文化財,建造物,building_direct,河鹿園渡廊下
official_export_003:28,landslide,13305,日の出町,National,Designated,記念物,天然記念物,point,幸神神社のシダレアカシデ
official_export_003:6,landslide,13361,大島町,National,Designated,記念物,天然記念物,point,大島海浜植物群落
official_export_003:63,landslide,13205,青梅市,National,Designated,記念物,天然記念物,point,御岳の神代ケヤキ
official_export_003:70,landslide,13105,文京区,National,Designated,記念物,天然記念物,point,弥生二丁目遺跡
