record_id,risk_type,risk_type_ja,depth_m,hazard_source,scenario,risk_class,risk_basis,municipality_code,municipality_name,designation_level,designation_status,heritage_type_major,heritage_type_detail_norm,entity_class,name,depth_class
1,river_flooding,洪水浸水想定区域,0.015,神田川流域,L2（想定最大規模）,0.5m未満,PLATEAU building risk,13105,文京区,Tokyo Metropolitan,Designated,有形文化財,建造物,building_direct,湯島天満宮表鳥居,0–0.5 m
1.32209E+11,river_flooding,洪水浸水想定区域,1.15,荒川水系黒目川・落合川・柳瀬川・空堀川・奈良橋川;黒目川・落合川・柳瀬川・空堀川・奈良橋川流域,L2（想定最大規模）,0.5m以上3m未満;0.5m未満,PLATEAU building risk,13220,東大和市,Tokyo Metropolitan,Unknown,有形文化財,建造物,building_direct,豊鹿島神社本殿(附棟札),0.5–3 m
10,river_flooding,洪水浸水想定区域,0.006,神田川流域,L2（想定最大規模）,0.5m未満,PLATEAU building risk,13116,豊島区,Tokyo Metropolitan,Designated,有形文化財,建造物,building_direct,旧マッケーレブ邸(雑司が谷旧宣教師館),0–0.5 m
1000000001,river_flooding,洪水浸水想定区域,0.034,神田川流域,L2（想定最大規模）,0.5m未満,PLATEAU building risk,13114,中野区,Tokyo Metropolitan,Designated,記念物,旧跡,point,新井白石墓,0–0.5 m
1000000002,river_flooding,洪水浸水想定区域,0.075,神田川流域,L2（想定最大規模）,0.5m未満,PLATEAU building risk,13114,中野区,Tokyo Metropolitan,Designated,記念物,旧跡,point,鈴木九郎長者墓,0–0.5 m
1000000003,river_flooding,浸水予想区域,0.0,神田川流域,,0,external point-grid sampling,13114,中野区,National,Designated,記念物,名勝,point,哲学堂公園,0
1000000004,river_flooding,洪水浸水想定区域,0.006,神田川流域,L2（想定最大規模）,0.5m未満,PLATEAU building risk,13114,中野区,Tokyo Metropolitan,Designated,民俗文化財,無形民俗文化財,point,江古田の獅子舞,0–0.5 m
103,river_flooding,浸水予想区域,,残堀川流域;黒目川_落合川_柳瀬川_空堀川及び奈良橋川流域,,No data,external point-grid sampling,13223,武蔵村山市,Tokyo Metropolitan,Designated,無形文化財,工芸技術,point,村山大島紬 (板締絹絣織),No data
104,river_flooding,洪水浸水想定区域,0.16,秋川・平井川流域,L2（想定最大規模）,0.5m未満,PLATEAU building risk,13228,あきる野市,Tokyo Metropolitan,Designated,無形文化財,工芸技術,point,軍道紙,0–0.5 m
105,river_flooding,洪水浸水想定区域,0.002,城南地区河川流域,L2（想定最大規模）,0.5m未満,PLATEAU building risk,13113,渋谷区,Tokyo Metropolitan,Designated,民俗文化財,有形民俗文化財,point,千駄ケ谷の冨士塚,0–0.5 m
106,river_flooding,洪水浸水想定区域,1.12,多摩川水系野川・仙川・入間川・谷沢川・丸子川;野川・仙川・入間川・谷沢川・丸子川流域,L1（計画規模）;L2（想定最大規模）,0.5m以上3m未満,PLATEAU building risk,13204,三鷹市,Tokyo Metropolitan,Designated,民俗文化財,有形民俗文化財,point,武蔵野(野川流域)の水車経営農家,0.5–3 m
108,river_flooding,洪水浸水想定区域,0.01,黒目川・落合川・柳瀬川・空堀川・奈良橋川流域,L2（想定最大規模）,0.5m未満,PLATEAU building risk,13221,清瀬市,Tokyo Metropolitan,Designated,民俗文化財,有形民俗文化財,point,中里の富士塚,0–0.5 m
11,river_flooding,洪水浸水想定区域,0.028,神田川流域,L2（想定最大規模）,0.5m未満,PLATEAU building risk,13116,豊島区,Municipal,Designated,民俗文化財,有形民俗文化財,point,冨士元囃子用具一式(楽器9点、寿獅子、大黒舞用道具類11点,0–0.5 m
110,river_flooding,浸水予想区域,1.63,黒目川_落合川_柳瀬川_空堀川及び奈良橋川流域,,0.5–3 m,external point-grid sampling,13221,清瀬市,Tokyo Metropolitan,Designated,民俗文化財,無形民俗文化財(風俗慣習),point,清瀬市下宿の「ふせぎ」行事,0.5–3 m
112,river_flooding,洪水浸水想定区域,0.168,城南地区河川流域,L2（想定最大規模）,0.5m未満,PLATEAU building risk,13111,大田区,Tokyo Metropolitan,Designated,記念物,史跡,point,奥絵師狩野家墓所,0–0.5 m
113,river_flooding,浸水予想区域,0.006,野川_仙川_入間川_谷沢川及び丸子川流域,,0–0.5 m,external point-grid sampling,13111,大田区,Tokyo Metropolitan,Designated,記念物,史跡,point,宝?山古墳,0–0.5 m
114,river_flooding,浸水予想区域,0.008,野川_仙川_入間川_谷沢川及び丸子川流域,,0–0.5 m,external point-grid sampling,13111,大田区,Tokyo Metropolitan,Designated,記念物,史跡,point,多摩川台古墳群,0–0.5 m
115,river_flooding,浸水予想区域,0.007,野川_仙川_入間川_谷沢川及び丸子川流域,,0–0.5 m,external point-grid sampling,13112,世田谷区,Tokyo Metropolitan,Designated,記念物,史跡,point,野毛大塚古墳,0–0.5 m
116,river_flooding,洪水浸水想定区域,0.004,城南地区河川流域,L2（想定最大規模）,0.5m未満,PLATEAU building risk,13112,世田谷区,Tokyo Metropolitan,Designated,記念物,史跡,point,世田谷代官屋敷,0–0.5 m
117,river_flooding,浸水予想区域,0.03,野川_仙川_入間川_谷沢川及び丸子川流域,,0–0.5 m,external point-grid sampling,13112,世田谷区,Tokyo Metropolitan,Designated,記念物,史跡,point,等々力渓谷三号横穴,0–0.5 m
118,river_flooding,洪水浸水想定区域,0.058,城南地区河川流域,L2（想定最大規模）,0.5m未満,PLATEAU building risk,13112,世田谷区,Tokyo Metropolitan,Designated,記念物,史跡,point,徳冨蘆花旧宅,0–0.5 m
12,river_flooding,洪水浸水想定区域,0.01,秋川・平井川流域,L2（想定最大規模）,0.5m未満,PLATEAU building risk,13116,豊島区,Municipal,Designated,民俗文化財,無形民俗文化財,point,長崎獅子舞,0–0.5 m
121,river_flooding,浸水予想区域,0.0,石神井川及び白子川流域,,0,external point-grid sampling,13119,板橋区,Unknown,Unknown,未判定,未細分,point,茂呂遺跡,0
122,river_flooding,浸水予想区域,0.0,石神井川及び白子川流域,,0,external point-grid sampling,13120,練馬区,Unknown,Unknown,未判定,未細分,point,尾崎遺跡,0
123,high_tide,高潮浸水想定,1.89,東京都 高潮浸水想定区域図,,0.5–3 m,external polygon point-in-area,13122,葛飾区,Tokyo Metropolitan,Designated,記念物,史跡,point,葛西城跡,0.5–3 m
123,river_flooding,浸水予想区域,0.0,中川_綾瀬川圏域,,0,external point-grid sampling,13122,葛飾区,Tokyo Metropolitan,Designated,記念物,史跡,point,葛西城跡,0
124,high_tide,高潮浸水想定,3.24,東京都 高潮浸水想定区域図,,3–5 m,external polygon point-in-area,13122,葛飾区,Tokyo Metropolitan,Designated,記念物,史跡,point,立石,3–5 m
124,river_flooding,洪水浸水想定区域,4.16,中川・綾瀬川圏域;利根川水系中川;利根川水系利根川;利根川水系江戸川;利根川水系綾瀬川,L1（計画規模）;L2（想定最大規模）,0.5m以上3m未満;0.5m未満;3m以上5m未満,PLATEAU building risk,13122,葛飾区,Tokyo Metropolitan,Designated,記念物,史跡,point,立石,3–5 m
125,high_tide,高潮浸水想定,2.46,東京都高潮浸水想定区域図（令和6年12月19日）,,0.5m以上3m未満,PLATEAU building risk,13123,江戸川区,Tokyo Metropolitan,Designated,記念物,史跡,point,一之江名主屋敷,0.5–3 m
125,river_flooding,洪水浸水想定区域,3.238,中川・綾瀬川圏域;利根川水系中川;利根川水系中川・綾瀬川・新中川・旧江戸川・毛長川・大場川・伝右川・垳川・新川;利根川水系利根川;利根川水系江戸川,L1（計画規模）;L2（想定最大規模）,0.5m以上3m未満;0.5m未満;3m以上5m未満,PLATEAU building risk,13123,江戸川区,Tokyo Metropolitan,Designated,記念物,史跡,point,一之江名主屋敷,3–5 m
126,river_flooding,浸水予想区域,0.0,浅川圏域_大栗川及び三沢川流域,,0,external point-grid sampling,13201,八王子市,Tokyo Metropolitan,Designated,記念物,史跡,point,片倉城跡,0
127,river_flooding,浸水予想区域,0.09,浅川圏域_大栗川及び三沢川流域,,0–0.5 m,external point-grid sampling,13201,八王子市,Tokyo Metropolitan,Designated,記念物,史跡,point,広園寺境域,0–0.5 m
128,river_flooding,浸水予想区域,0.0,野川_仙川_入間川_谷沢川及び丸子川流域,,0,external point-grid sampling,13204,三鷹市,Tokyo Metropolitan,Designated,記念物,史跡,point,出山横穴墓群第8号墓,0
129,river_flooding,洪水浸水想定区域,0.01,霞川・多摩川上流圏域,L2（想定最大規模）,0.5m未満,PLATEAU building risk,13205,青梅市,Tokyo Metropolitan,Designated,記念物,史跡,point,天寧寺境域,0–0.5 m
13,river_flooding,浸水予想区域,0.0,神田川流域,,0,external point-grid sampling,13116,豊島区,Municipal,Designated,民俗文化財,無形民俗文化財,point,冨士元囃子,0
130,river_flooding,洪水浸水想定区域,0.04,秋川・平井川流域,L2（想定最大規模）,0.5m未満,PLATEAU building risk,13205,青梅市,Tokyo Metropolitan,Designated,記念物,史跡,point,海禅寺境域,0–0.5 m
131,river_flooding,洪水浸水想定区域,0.01,霞川・多摩川上流圏域,L2（想定最大規模）,0.5m未満,PLATEAU building risk,13205,青梅市,Tokyo Metropolitan,Designated,記念物,史跡,point,安楽寺境域,0–0.5 m
131024000000.0,high_tide,高潮浸水想定,0.78,東京都高潮浸水想定区域図（令和6年12月19日）,,0.5m以上3m未満;0.5m未満,PLATEAU building risk,13102,中央区,Municipal,Designated,有形文化財,建造物,building_direct,明治屋京橋ビル,0.5–3 m
131024000000.0,river_flooding,洪水浸水想定区域,0.962,神田川流域;荒川水系神田川流域;隅田川・新河岸川流域,L2（想定最大規模）,0.5m以上3m未満;0.5m未満,PLATEAU building risk,13102,中央区,Municipal,Designated,有形文化財,建造物,building_direct,明治屋京橋ビル,0.5–3 m
131024000000.0,tsunami,津波浸水想定,0.7832,区部,南海トラフ巨大地震_ケース1;南海トラフ巨大地震_ケース2;南海トラフ巨大地震_ケース5;南海トラフ巨大地震_ケース6;南海トラフ巨大地震_ケース8;南海トラフ巨大地震_全5ケース最大値;大正関東地震,0.5–3 m;0–0.5 m,external point-grid sampling,13102,中央区,Municipal,Designated,有形文化財,建造物,building_direct,明治屋京橋ビル,0.5–3 m
13104:0,river_flooding,浸水予想区域,0.0,神田川流域,,0,external point-grid sampling,13104,新宿区,Unknown,Unknown,未判定,未細分,point,市谷亀岡八幡宮の銅鳥居,0
13104:1,river_flooding,浸水予想区域,2.0,神田川流域,,0.5–3 m,external point-grid sampling,13104,新宿区,Unknown,Unknown,未判定,未細分,point,早稲田大学 坪内博士記念演劇博物館,0.5–3 m
13104:10,river_flooding,浸水予想区域,0.0,神田川流域,,0,external point-grid sampling,13104,新宿区,Unknown,Unknown,未判定,未細分,point,西迎寺の阿弥陀如来座像,0
13104:100,river_flooding,浸水予想区域,0.0,神田川流域,,0,external point-grid sampling,13104,新宿区,Unknown,Unknown,未判定,未細分,point,狛犬型庚申塔,0
13104:101,river_flooding,浸水予想区域,0.0,神田川流域,,0,external point-grid sampling,13104,新宿区,Unknown,Unknown,未判定,未細分,point,太宗寺の閻魔像,0
13104:102,river_flooding,浸水予想区域,0.0,神田川流域,,0,external point-grid sampling,13104,新宿区,Unknown,Unknown,未判定,未細分,point,太宗寺の奪衣婆像,0
13104:103,river_flooding,浸水予想区域,0.0,神田川流域,,0,external point-grid sampling,13104,新宿区,Unknown,Unknown,未判定,未細分,point,葛谷御霊神社の力石,0
13104:104,river_flooding,浸水予想区域,0.0,神田川流域,,0,external point-grid sampling,13104,新宿区,Unknown,Unknown,未判定,未細分,point,成子天神社の力石,0
13104:105,river_flooding,浸水予想区域,0.0,神田川流域,,0,external point-grid sampling,13104,新宿区,Unknown,Unknown,未判定,未細分,point,雨乞のむしろ旗,0
13104:106,river_flooding,浸水予想区域,0.0,神田川流域,,0,external point-grid sampling,13104,新宿区,Unknown,Unknown,未判定,未細分,point,市谷亀岡八幡宮の力石,0
13104:107,river_flooding,浸水予想区域,0.0,神田川流域,,0,external point-grid sampling,13104,新宿区,Unknown,Unknown,未判定,未細分,point,筑土八幡神社の庚申塔,0
13104:108,river_flooding,洪水浸水想定区域,0.188,神田川流域,L2（想定最大規模）,0.5m未満,PLATEAU building risk,13104,新宿区,Unknown,Unknown,未判定,未細分,point,尺八「放下着」一式ならびに普化尺八伝授関連資料,0–0.5 m
13104:109,river_flooding,浸水予想区域,0.0,神田川流域,,0,external point-grid sampling,13104,新宿区,Unknown,Unknown,未判定,未細分,point,善国寺の石虎,0
13104:11,river_flooding,洪水浸水想定区域,0.059,神田川流域,L2（想定最大規模）,0.5m未満,PLATEAU building risk,13104,新宿区,Unknown,Unknown,未判定,未細分,point,中井出世不動尊像,0–0.5 m
13104:110,river_flooding,浸水予想区域,0.0,神田川流域,,0,external point-grid sampling,13104,新宿区,Unknown,Unknown,未判定,未細分,point,中井御霊神社の狛犬,0
13104:111,river_flooding,浸水予想区域,0.0,神田川流域,,0,external point-grid sampling,13104,新宿区,Unknown,Unknown,未判定,未細分,point,巴講睦の獅子頭,0
13104:112,river_flooding,浸水予想区域,0.0,城南地区河川流域,,0,external point-grid sampling,13104,新宿区,Unknown,Unknown,未判定,未細分,point,一行院の板碑,0
13104:113,river_flooding,浸水予想区域,0.0,神田川流域,,0,external point-grid sampling,13104,新宿区,Unknown,Unknown,未判定,未細分,point,塞神三柱の塔,0
13104:114,river_flooding,浸水予想区域,0.0,神田川流域,,0,external point-grid sampling,13104,新宿区,Unknown,Unknown,未判定,未細分,point,全龍寺の庚申塔,0
13104:115,river_flooding,浸水予想区域,0.0,神田川流域,,0,external point-grid sampling,13104,新宿区,Unknown,Unknown,未判定,未細分,point,慈雲山観音寺の庚申塔,0
13104:116,river_flooding,浸水予想区域,0.0,神田川流域,,0,external point-grid sampling,13104,新宿区,Unknown,Unknown,未判定,未細分,point,下落合二丁目の庚申塔,0
13104:117,river_flooding,浸水予想区域,0.0,神田川流域,,0,external point-grid sampling,13104,新宿区,Unknown,Unknown,未判定,未細分,point,旧源兵衛村の庚申塔,0
13104:118,river_flooding,浸水予想区域,0.0,神田川流域,,0,external point-grid sampling,13104,新宿区,Unknown,Unknown,未判定,未細分,point,幸国寺の題目塔,0
13104:119,river_flooding,浸水予想区域,0.0,神田川流域,,0,external point-grid sampling,13104,新宿区,Unknown,Unknown,未判定,未細分,point,熊野神社の狛犬,0
13104:12,river_flooding,浸水予想区域,0.0,神田川流域,,0,external point-grid sampling,13104,新宿区,Unknown,Unknown,未判定,未細分,point,花園神社の唐獅子像,0
13104:120,river_flooding,浸水予想区域,0.0,神田川流域,,0,external point-grid sampling,13104,新宿区,Unknown,Unknown,未判定,未細分,point,高田馬場の流鏑馬,0
13104:121,river_flooding,浸水予想区域,0.0,神田川流域,,0,external point-grid sampling,13104,新宿区,Unknown,Unknown,未判定,未細分,point,中井御霊神社の備射祭,0
13104:122,river_flooding,浸水予想区域,0.0,神田川流域,,0,external point-grid sampling,13104,新宿区,Unknown,Unknown,未判定,未細分,point,葛谷御霊神社の備謝祭,0
13104:123,river_flooding,洪水浸水想定区域,0.058,神田川流域,L2（想定最大規模）,0.5m未満,PLATEAU building risk,13104,新宿区,Unknown,Unknown,未判定,未細分,point,丸藤宮元講社の富士講行事,0–0.5 m
13104:124,river_flooding,洪水浸水想定区域,0.077,神田川流域,L2（想定最大規模）,0.5m未満,PLATEAU building risk,13104,新宿区,Unknown,Unknown,未判定,未細分,point,戸塚囃子,0–0.5 m
13104:125,river_flooding,洪水浸水想定区域,0.058,神田川流域,L2（想定最大規模）,0.5m未満,PLATEAU building risk,13104,新宿区,Unknown,Unknown,未判定,未細分,point,萩原社中里神楽,0–0.5 m
13104:126,river_flooding,浸水予想区域,0.0,神田川流域,,0,external point-grid sampling,13104,新宿区,Unknown,Unknown,未判定,未細分,point,上落合餅つき唄,0
13104:127,river_flooding,洪水浸水想定区域,0.017,神田川流域,L2（想定最大規模）,0.5m未満,PLATEAU building risk,13104,新宿区,Unknown,Unknown,未判定,未細分,point,鉄砲組百人隊行列,0–0.5 m
13104:128,river_flooding,浸水予想区域,0.0,隅田川及び新河岸川流域,,0,external point-grid sampling,13104,新宿区,Unknown,Unknown,未判定,未細分,point,高松喜六の墓,0
13104:129,river_flooding,浸水予想区域,0.0,隅田川及び新河岸川流域,,0,external point-grid sampling,13104,新宿区,Unknown,Unknown,未判定,未細分,point,服部半蔵の墓,0
13104:13,river_flooding,浸水予想区域,0.0,神田川流域,,0,external point-grid sampling,13104,新宿区,Unknown,Unknown,未判定,未細分,point,太宗寺の三日月不動像,0
13104:130,river_flooding,浸水予想区域,0.0,神田川流域,,0,external point-grid sampling,13104,新宿区,Unknown,Unknown,未判定,未細分,point,小泉八雲旧居跡,0
13104:131,river_flooding,浸水予想区域,0.0,隅田川及び新河岸川流域,,0,external point-grid sampling,13104,新宿区,Unknown,Unknown,未判定,未細分,point,塙保己一の墓,0
13104:132,river_flooding,洪水浸水想定区域,0.006,神田川流域,L2（想定最大規模）,0.5m未満,PLATEAU building risk,13104,新宿区,Unknown,Unknown,未判定,未細分,point,山県大弐の墓,0–0.5 m
13104:133,river_flooding,浸水予想区域,0.0,神田川流域,,0,external point-grid sampling,13104,新宿区,Unknown,Unknown,未判定,未細分,point,十二社の碑,0
13104:134,river_flooding,浸水予想区域,0.0,神田川流域,,0,external point-grid sampling,13104,新宿区,Unknown,Unknown,未判定,未細分,point,松井須磨子の墓,0
13104:135,river_flooding,浸水予想区域,0.0,隅田川及び新河岸川流域,,0,external point-grid sampling,13104,新宿区,Unknown,Unknown,未判定,未細分,point,源清麿の墓,0
13104:136,river_flooding,洪水浸水想定区域,0.078,神田川流域,L2（想定最大規模）,0.5m未満,PLATEAU building risk,13104,新宿区,Unknown,Unknown,未判定,未細分,point,尾崎紅葉旧居跡,0–0.5 m
13104:137,river_flooding,浸水予想区域,0.0,神田川流域,,0,external point-grid sampling,13104,新宿区,Unknown,Unknown,未判定,未細分,point,田村虎蔵旧居跡,0
13104:138,river_flooding,浸水予想区域,0.0,神田川流域,,0,external point-grid sampling,13104,新宿区,Unknown,Unknown,未判定,未細分,point,恋川春町の墓,0
13104:139,river_flooding,浸水予想区域,0.0,神田川流域,,0,external point-grid sampling,13104,新宿区,Unknown,Unknown,未判定,未細分,point,月岡芳年の墓,0
13104:14,river_flooding,浸水予想区域,0.0,神田川流域,,0,external point-grid sampling,13104,新宿区,Unknown,Unknown,未判定,未細分,point,熊野神社の水鉢,0
13104:140,river_flooding,浸水予想区域,0.0,神田川流域,,0,external point-grid sampling,13104,新宿区,Unknown,Unknown,未判定,未細分,point,浄瑠璃坂の仇討跡,0
13104:141,high_tide,高潮浸水想定,1.79,東京都 高潮浸水想定区域図,,0.5–3 m,external polygon point-in-area,13104,新宿区,Unknown,Unknown,未判定,未細分,point,国産飛行機発祥の地,0.5–3 m
13104:141,river_flooding,浸水予想区域,2.0,神田川流域,,0.5–3 m,external point-grid sampling,13104,新宿区,Unknown,Unknown,未判定,未細分,point,国産飛行機発祥の地,0.5–3 m
13104:142,river_flooding,浸水予想区域,0.0,神田川流域,,0,external point-grid sampling,13104,新宿区,Unknown,Unknown,未判定,未細分,point,大久保の犬御用屋敷跡,0
13104:143,river_flooding,浸水予想区域,0.0,神田川流域,,0,external point-grid sampling,13104,新宿区,Unknown,Unknown,未判定,未細分,point,三遊亭円朝旧居跡,0
13104:144,river_flooding,洪水浸水想定区域,0.277,神田川流域,L2（想定最大規模）,0.5m未満,PLATEAU building risk,13104,新宿区,Unknown,Unknown,未判定,未細分,point,夏目漱石誕生の地,0–0.5 m
13104:145,river_flooding,浸水予想区域,0.0,神田川流域,,0,external point-grid sampling,13104,新宿区,Unknown,Unknown,未判定,未細分,point,夏目漱石終焉の地,0
13104:146,river_flooding,浸水予想区域,0.0,神田川流域,,0,external point-grid sampling,13104,新宿区,Unknown,Unknown,未判定,未細分,point,便々館湖鯉鮒狂歌碑,0
13104:147,river_flooding,浸水予想区域,0.0,神田川流域,,0,external point-grid sampling,13104,新宿区,Unknown,Unknown,未判定,未細分,point,永井荷風旧居跡,0
13104:148,river_flooding,浸水予想区域,0.0,隅田川及び新河岸川流域,,0,external point-grid sampling,13104,新宿区,Unknown,Unknown,未判定,未細分,point,岡崎三郎信康供養塔,0
13104:149,river_flooding,浸水予想区域,0.0,隅田川及び新河岸川流域,,0,external point-grid sampling,13104,新宿区,Unknown,Unknown,未判定,未細分,point,榊原鍵吉の墓,0
13104:15,river_flooding,浸水予想区域,0.0,神田川流域,,0,external point-grid sampling,13104,新宿区,Unknown,Unknown,未判定,未細分,point,亮朝院の金剛力士石像,0
13104:150,river_flooding,浸水予想区域,0.0,神田川流域,,0,external point-grid sampling,13104,新宿区,Unknown,Unknown,未判定,未細分,point,平秩東作の墓,0
13104:151,river_flooding,浸水予想区域,0.0,神田川流域,,0,external point-grid sampling,13104,新宿区,Unknown,Unknown,未判定,未細分,point,二葉亭四迷旧居跡,0
13104:152,river_flooding,浸水予想区域,0.0,神田川流域,,0,external point-grid sampling,13104,新宿区,Unknown,Unknown,未判定,未細分,point,大和田建樹終焉の地,0
13104:153,river_flooding,洪水浸水想定区域,0.011,神田川流域,L2（想定最大規模）,0.5m未満,PLATEAU building risk,13104,新宿区,Unknown,Unknown,未判定,未細分,point,有島武郎旧居跡,0–0.5 m
13104:154,river_flooding,浸水予想区域,0.0,神田川流域,,0,external point-grid sampling,13104,新宿区,Unknown,Unknown,未判定,未細分,point,島村抱月終焉の地 (芸術倶楽部跡),0
13104:155,river_flooding,浸水予想区域,0.0,神田川流域,,0,external point-grid sampling,13104,新宿区,Unknown,Unknown,未判定,未細分,point,内藤正勝の墓,0
13104:156,river_flooding,浸水予想区域,0.0,神田川流域,,0,external point-grid sampling,13104,新宿区,Unknown,Unknown,未判定,未細分,point,筒井政憲の墓,0
13104:157,river_flooding,浸水予想区域,0.0,神田川流域,,0,external point-grid sampling,13104,新宿区,Unknown,Unknown,未判定,未細分,point,小泉八雲終焉の地,0
13104:158,river_flooding,浸水予想区域,0.0,神田川流域,,0,external point-grid sampling,13104,新宿区,Unknown,Unknown,未判定,未細分,point,紅皿の墓,0
13104:159,river_flooding,洪水浸水想定区域,0.019,神田川流域,L2（想定最大規模）,0.5m未満,PLATEAU building risk,13104,新宿区,Unknown,Unknown,未判定,未細分,point,坪内逍遙旧居跡(文芸協会演劇研究所跡),0–0.5 m
13104:16,river_flooding,浸水予想区域,0.0,神田川流域,,0,external point-grid sampling,13104,新宿区,Unknown,Unknown,未判定,未細分,point,誓閑寺の梵鐘,0
13104:160,river_flooding,浸水予想区域,0.0,神田川流域,,0,external point-grid sampling,13104,新宿区,Unknown,Unknown,未判定,未細分,point,佐伯祐三アトリエの地,0
13104:161,river_flooding,浸水予想区域,0.0,城南地区河川流域,,0,external point-grid sampling,13104,新宿区,Unknown,Unknown,未判定,未細分,point,滝沢馬琴終焉の地,0
13104:162,river_flooding,浸水予想区域,0.0,神田川流域,,0,external point-grid sampling,13104,新宿区,Unknown,Unknown,未判定,未細分,point,柳田國男旧居跡,0
13104:163,river_flooding,浸水予想区域,0.0,神田川流域,,0,external point-grid sampling,13104,新宿区,Unknown,Unknown,未判定,未細分,point,斎藤茂吉終焉の地,0
13104:164,river_flooding,浸水予想区域,0.0,神田川流域,,0,external point-grid sampling,13104,新宿区,Unknown,Unknown,未判定,未細分,point,下村湖人終焉の地,0
13104:165,river_flooding,洪水浸水想定区域,0.051,神田川流域,L2（想定最大規模）,0.5m未満,PLATEAU building risk,13104,新宿区,Unknown,Unknown,未判定,未細分,point,落合秋艸堂跡(會津八一旧居跡),0–0.5 m
13104:166,river_flooding,浸水予想区域,0.0,神田川流域,,0,external point-grid sampling,13104,新宿区,Unknown,Unknown,未判定,未細分,point,西條八十旧居跡,0
13104:167,river_flooding,洪水浸水想定区域,0.23,神田川流域,L2（想定最大規模）,0.5m未満,PLATEAU building risk,13104,新宿区,Unknown,Unknown,未判定,未細分,point,女人芸術社跡(長谷川時雨・三上於菟吉旧居跡),0–0.5 m
13104:168,river_flooding,洪水浸水想定区域,0.147,神田川流域,L2（想定最大規模）,0.5m未満,PLATEAU building risk,13104,新宿区,Unknown,Unknown,未判定,未細分,point,内村鑑三終焉の地(今井館聖書講堂跡),0–0.5 m
13104:169,river_flooding,浸水予想区域,0.0,神田川流域,,0,external point-grid sampling,13104,新宿区,Unknown,Unknown,未判定,未細分,point,鈴木三重吉終焉の地(「赤い鳥」社跡),0
13104:17,river_flooding,浸水予想区域,0.0,神田川流域,,0,external point-grid sampling,13104,新宿区,Unknown,Unknown,未判定,未細分,point,善国寺の毘沙門天像,0
13104:170,river_flooding,浸水予想区域,0.0,神田川流域,,0,external point-grid sampling,13104,新宿区,Unknown,Unknown,未判定,未細分,point,鏑木清方旧居跡,0
13104:171,river_flooding,浸水予想区域,0.0,神田川流域,,0,external point-grid sampling,13104,新宿区,Unknown,Unknown,未判定,未細分,point,辰野金吾の墓,0
13104:172,river_flooding,浸水予想区域,0.0,神田川流域,,0,external point-grid sampling,13104,新宿区,Unknown,Unknown,未判定,未細分,point,牛込城跡,0
13104:173,river_flooding,浸水予想区域,2.0,神田川流域,,0.5–3 m,external point-grid sampling,13104,新宿区,Unknown,Unknown,未判定,未細分,point,富塚跡,0.5–3 m
13104:174,river_flooding,浸水予想区域,0.0,神田川流域,,0,external point-grid sampling,13104,新宿区,Unknown,Unknown,未判定,未細分,point,便々館湖鯉鮒の墓,0
13104:175,river_flooding,浸水予想区域,0.0,神田川流域,,0,external point-grid sampling,13104,新宿区,Unknown,Unknown,未判定,未細分,point,成子天神社の富士塚,0
13104:176,river_flooding,洪水浸水想定区域,0.021,神田川流域,L2（想定最大規模）,0.5m未満,PLATEAU building risk,13104,新宿区,Unknown,Unknown,未判定,未細分,point,生田春月旧居跡,0–0.5 m
13104:177,river_flooding,浸水予想区域,0.0,神田川流域,,0,external point-grid sampling,13104,新宿区,Unknown,Unknown,未判定,未細分,point,泉鏡花旧居跡,0
13104:178,river_flooding,浸水予想区域,0.0,神田川流域,,0,external point-grid sampling,13104,新宿区,Unknown,Unknown,未判定,未細分,point,林芙美子終焉の地,0
13104:179,river_flooding,浸水予想区域,0.0,神田川流域,,0,external point-grid sampling,13104,新宿区,Unknown,Unknown,未判定,未細分,point,塚本明毅の墓碑,0
13104:18,river_flooding,浸水予想区域,0.0,神田川流域,,0,external point-grid sampling,13104,新宿区,Unknown,Unknown,未判定,未細分,point,経王寺の大黒天像,0
13104:180,river_flooding,浸水予想区域,0.0,隅田川及び新河岸川流域,,0,external point-grid sampling,13104,新宿区,Unknown,Unknown,未判定,未細分,point,萩原宗固の墓,0
13104:181,river_flooding,浸水予想区域,0.0,神田川流域,,0,external point-grid sampling,13104,新宿区,Unknown,Unknown,未判定,未細分,point,吉川湊一の墓,0
13104:182,river_flooding,浸水予想区域,0.0,神田川流域,,0,external point-grid sampling,13104,新宿区,Unknown,Unknown,未判定,未細分,point,東京府仮小学第三校跡,0
13104:183,river_flooding,浸水予想区域,0.0,城南地区河川流域,,0,external point-grid sampling,13104,新宿区,Unknown,Unknown,未判定,未細分,point,シイ,0
13104:184,river_flooding,浸水予想区域,0.0,神田川流域,,0,external point-grid sampling,13104,新宿区,Unknown,Unknown,未判定,未細分,point,イチョウ,0
13104:185,river_flooding,洪水浸水想定区域,0.013,神田川流域,L2（想定最大規模）,0.5m未満,PLATEAU building risk,13104,新宿区,Unknown,Unknown,未判定,未細分,point,末広亭,0–0.5 m
13104:186,river_flooding,洪水浸水想定区域,0.203,神田川流域,L2（想定最大規模）,0.5m未満,PLATEAU building risk,13104,新宿区,Unknown,Unknown,未判定,未細分,point,歌舞伎町建設記念碑,0–0.5 m
13104:187,river_flooding,浸水予想区域,0.0,神田川流域,,0,external point-grid sampling,13104,新宿区,Unknown,Unknown,未判定,未細分,point,六桜社跡,0
13104:188,river_flooding,洪水浸水想定区域,0.003,神田川流域,L2（想定最大規模）,0.5m未満,PLATEAU building risk,13104,新宿区,Unknown,Unknown,未判定,未細分,point,佐々木活字店,0–0.5 m
13104:189,river_flooding,浸水予想区域,0.0,神田川流域,,0,external point-grid sampling,13104,新宿区,Unknown,Unknown,未判定,未細分,point,近衛篤麿公記念碑,0
13104:19,river_flooding,浸水予想区域,0.0,神田川流域,,0,external point-grid sampling,13104,新宿区,Unknown,Unknown,未判定,未細分,point,法善寺の七面明神像,0
13104:190,river_flooding,洪水浸水想定区域,0.005,神田川流域,L2（想定最大規模）,0.5m未満,PLATEAU building risk,13104,新宿区,Unknown,Unknown,未判定,未細分,point,花園神社の二宮尊徳像,0–0.5 m
13104:191,river_flooding,浸水予想区域,0.0,隅田川及び新河岸川流域,,0,external point-grid sampling,13104,新宿区,Unknown,Unknown,未判定,未細分,point,長谷川平蔵埋葬の地,0
13104:192,river_flooding,洪水浸水想定区域,0.016,神田川流域,L2（想定最大規模）,0.5m未満,PLATEAU building risk,13104,新宿区,Unknown,Unknown,未判定,未細分,point,神楽坂の東八拳,0–0.5 m
13104:193,river_flooding,洪水浸水想定区域,0.01,神田川流域,L2（想定最大規模）,0.5m未満,PLATEAU building risk,13104,新宿区,Unknown,Unknown,未判定,未細分,point,神楽坂をどり,0–0.5 m
13104:194,river_flooding,洪水浸水想定区域,0.018,神田川流域,L2（想定最大規模）,0.5m未満,PLATEAU building risk,13104,新宿区,Unknown,Unknown,未判定,未細分,point,旧近衛邸のケヤキ,0–0.5 m
13104:195,river_flooding,洪水浸水想定区域,0.012,神田川流域,L2（想定最大規模）,0.5m未満,PLATEAU building risk,13104,新宿区,Unknown,Unknown,未判定,未細分,point,オブジェ「歓び(PLAISIR)」,0–0.5 m
13104:196,river_flooding,浸水予想区域,0.0,神田川流域,,0,external point-grid sampling,13104,新宿区,Unknown,Unknown,未判定,未細分,point,源兵衛子育地蔵尊の石造物群,0
13104:197,river_flooding,浸水予想区域,0.0,神田川流域,,0,external point-grid sampling,13104,新宿区,Unknown,Unknown,未判定,未細分,point,彰忠碑,0
13104:198,river_flooding,洪水浸水想定区域,0.109,神田川流域;荒川水系神田川流域,L2（想定最大規模）,0.5m未満,PLATEAU building risk,13104,新宿区,Unknown,Unknown,未判定,未細分,point,太平洋戦争本土初空襲の地跡,0–0.5 m
13104:199,river_flooding,洪水浸水想定区域,0.159,神田川流域,L2（想定最大規模）,0.5m未満,PLATEAU building risk,13104,新宿区,Unknown,Unknown,未判定,未細分,point,名曲喫茶らんぶる,0–0.5 m
13104:2,river_flooding,浸水予想区域,0.0,神田川流域,,0,external point-grid sampling,13104,新宿区,Unknown,Unknown,未判定,未細分,point,浄栄寺の山門「甘露門」,0
13104:20,river_flooding,浸水予想区域,0.0,神田川流域,,0,external point-grid sampling,13104,新宿区,Unknown,Unknown,未判定,未細分,point,布袋像の水鉢,0
13104:200,river_flooding,洪水浸水想定区域,0.058,神田川流域,L2（想定最大規模）,0.5m未満,PLATEAU building risk,13104,新宿区,Unknown,Unknown,未判定,未細分,point,西落合耕地整理記念碑,0–0.5 m
13104:201,river_flooding,洪水浸水想定区域,0.02,神田川流域,L2（想定最大規模）,0.5m未満,PLATEAU building risk,13104,新宿区,Unknown,Unknown,未判定,未細分,point,旧淀橋浄水場蝶型弁,0–0.5 m
13104:202,river_flooding,浸水予想区域,0.0,神田川流域,,0,external point-grid sampling,13104,新宿区,Unknown,Unknown,未判定,未細分,point,旧淀橋浄水場六角堂,0
13104:203,river_flooding,浸水予想区域,0.0,神田川流域,,0,external point-grid sampling,13104,新宿区,Unknown,Unknown,未判定,未細分,point,巴講睦の獅子図屏風,0
13104:204,river_flooding,浸水予想区域,0.0,神田川流域,,0,external point-grid sampling,13104,新宿区,Unknown,Unknown,未判定,未細分,point,服部良一旧居跡,0
13104:205,river_flooding,浸水予想区域,0.0,神田川流域,,0,external point-grid sampling,13104,新宿区,Unknown,Unknown,未判定,未細分,point,天祖神社の神門,0
13104:206,river_flooding,浸水予想区域,0.0,神田川流域,,0,external point-grid sampling,13104,新宿区,Unknown,Unknown,未判定,未細分,point,戸山射撃場跡,0
13104:207,river_flooding,浸水予想区域,0.0,神田川流域,,0,external point-grid sampling,13104,新宿区,Unknown,Unknown,未判定,未細分,point,喜久井町 戦災者供養観音像,0
13104:208,river_flooding,浸水予想区域,0.0,神田川流域,,0,external point-grid sampling,13104,新宿区,Unknown,Unknown,未判定,未細分,point,白糸塚,0
13104:209,river_flooding,洪水浸水想定区域,0.063,神田川流域,L2（想定最大規模）,0.5m未満,PLATEAU building risk,13104,新宿区,Unknown,Unknown,未判定,未細分,point,獅子吼会の山門,0–0.5 m
13104:21,river_flooding,浸水予想区域,0.05,隅田川及び新河岸川流域,,0–0.5 m,external point-grid sampling,13104,新宿区,Unknown,Unknown,未判定,未細分,point,須賀神社の三十六歌仙絵,0–0.5 m
13104:210,river_flooding,洪水浸水想定区域,1.556,神田川流域;荒川水系神田川流域,L2（想定最大規模）,0.5m以上3m未満,PLATEAU building risk,13104,新宿区,Unknown,Unknown,未判定,未細分,point,田島森碑,0.5–3 m
13104:211,river_flooding,洪水浸水想定区域,0.005,神田川流域,L2（想定最大規模）,0.5m未満,PLATEAU building risk,13104,新宿区,Unknown,Unknown,未判定,未細分,point,忠魂碑,0–0.5 m
13104:212,river_flooding,浸水予想区域,0.0,神田川流域,,0,external point-grid sampling,13104,新宿区,Unknown,Unknown,未判定,未細分,point,祭馬碑,0
13104:213,river_flooding,洪水浸水想定区域,0.192,神田川流域,L2（想定最大規模）,0.5m未満,PLATEAU building risk,13104,新宿区,Unknown,Unknown,未判定,未細分,point,渡辺玉花旧居,0–0.5 m
13104:214,river_flooding,洪水浸水想定区域,0.032,神田川流域,L2（想定最大規模）,0.5m未満,PLATEAU building risk,13104,新宿区,Unknown,Unknown,未判定,未細分,point,花園アパート跡,0–0.5 m
13104:215,river_flooding,洪水浸水想定区域,0.057,神田川流域,L2（想定最大規模）,0.5m未満,PLATEAU building risk,13104,新宿区,Unknown,Unknown,未判定,未細分,point,美濃国高須藩主 松平家上屋敷跡,0–0.5 m
13104:216,river_flooding,浸水予想区域,0.0,神田川流域,,0,external point-grid sampling,13104,新宿区,Unknown,Unknown,未判定,未細分,point,水準点II号,0
13104:217,river_flooding,浸水予想区域,0.0,神田川流域;隅田川及び新河岸川流域,,0,external point-grid sampling,13104,新宿区,Unknown,Unknown,未判定,未細分,point,東京若葉キリスト教会,0
13104:218,river_flooding,浸水予想区域,0.0,神田川流域,,0,external point-grid sampling,13104,新宿区,Unknown,Unknown,未判定,未細分,point,稲荷鬼王神社の節分祭,0
13104:219,river_flooding,浸水予想区域,0.0,神田川流域,,0,external point-grid sampling,13104,新宿区,Unknown,Unknown,未判定,未細分,point,中井御霊神社の節分祭,0
13104:22,river_flooding,浸水予想区域,0.0,神田川流域,,0,external point-grid sampling,13104,新宿区,Unknown,Unknown,未判定,未細分,point,馬水槽,0
13104:220,river_flooding,浸水予想区域,0.0,神田川流域,,0,external point-grid sampling,13104,新宿区,Unknown,Unknown,未判定,未細分,point,花園神社の節分祭,0
13104:221,river_flooding,浸水予想区域,0.0,神田川流域,,0,external point-grid sampling,13104,新宿区,Unknown,Unknown,未判定,未細分,point,氷川神社の節分祭,0
13104:222,river_flooding,浸水予想区域,0.0,神田川流域,,0,external point-grid sampling,13104,新宿区,Unknown,Unknown,未判定,未細分,point,鎧神社の節分祭,0
13104:223,river_flooding,浸水予想区域,0.0,神田川流域,,0,external point-grid sampling,13104,新宿区,Unknown,Unknown,未判定,未細分,point,自性院の節分会,0
13104:224,river_flooding,浸水予想区域,0.0,神田川流域,,0,external point-grid sampling,13104,新宿区,Unknown,Unknown,未判定,未細分,point,有隣園跡,0
13104:225,river_flooding,洪水浸水想定区域,0.195,神田川流域,L2（想定最大規模）,0.5m未満,PLATEAU building risk,13104,新宿区,Unknown,Unknown,未判定,未細分,point,太宗寺の閻魔大王開帳,0–0.5 m
13104:226,river_flooding,浸水予想区域,0.0,神田川流域,,0,external point-grid sampling,13104,新宿区,Unknown,Unknown,未判定,未細分,point,太宗寺の大震災紀念碑,0
13104:227,river_flooding,浸水予想区域,0.0,神田川流域,,0,external point-grid sampling,13104,新宿区,Unknown,Unknown,未判定,未細分,point,放生寺の水掛け地蔵と大震火災死亡群霊塔,0
13104:228,river_flooding,浸水予想区域,0.0,隅田川及び新河岸川流域,,0,external point-grid sampling,13104,新宿区,Unknown,Unknown,未判定,未細分,point,文学座アトリエ,0
13104:23,river_flooding,浸水予想区域,0.0,神田川流域,,0,external point-grid sampling,13104,新宿区,Unknown,Unknown,未判定,未細分,point,天龍寺の時の鐘,0
13104:230,high_tide,高潮浸水想定,1.04,東京都高潮浸水想定区域図（令和6年12月19日）,,0.5m以上3m未満,PLATEAU building risk,13104,新宿区,Unknown,Unknown,未判定,未細分,point,弘文学院跡,0.5–3 m
13104:230,river_flooding,洪水浸水想定区域,2.383,神田川流域;荒川水系神田川流域,L1（計画規模）;L2（想定最大規模）,0.5m以上3m未満;0.5m未満,PLATEAU building risk,13104,新宿区,Unknown,Unknown,未判定,未細分,point,弘文学院跡,0.5–3 m
13104:231,river_flooding,浸水予想区域,0.0,神田川流域,,0,external point-grid sampling,13104,新宿区,Unknown,Unknown,未判定,未細分,point,ムーラン・ルージュ新宿座跡,0
13104:24,river_flooding,浸水予想区域,0.0,神田川流域,,0,external point-grid sampling,13104,新宿区,Unknown,Unknown,未判定,未細分,point,天龍寺のやぐら時計,0
13104:25,river_flooding,浸水予想区域,2.0,神田川流域,,0.5–3 m,external point-grid sampling,13104,新宿区,Unknown,Unknown,未判定,未細分,point,大隈重信銅像,0.5–3 m
13104:26,river_flooding,洪水浸水想定区域,0.04,隅田川・新河岸川流域,L2（想定最大規模）,0.5m未満,PLATEAU building risk,13104,新宿区,Unknown,Unknown,未判定,未細分,point,長善寺(笹寺)のめのう観音像,0–0.5 m
13104:27,river_flooding,浸水予想区域,0.0,神田川流域,,0,external point-grid sampling,13104,新宿区,Unknown,Unknown,未判定,未細分,point,鬼王神社の水鉢,0
13104:28,river_flooding,浸水予想区域,0.0,神田川流域,,0,external point-grid sampling,13104,新宿区,Unknown,Unknown,未判定,未細分,point,聖徳太子画像,0
13104:29,river_flooding,浸水予想区域,0.0,神田川流域,,0,external point-grid sampling,13104,新宿区,Unknown,Unknown,未判定,未細分,point,太宗寺の観無量寿経曼荼羅,0
13104:3,river_flooding,浸水予想区域,0.0,神田川流域,,0,external point-grid sampling,13104,新宿区,Unknown,Unknown,未判定,未細分,point,幸国寺の山門,0
13104:30,river_flooding,浸水予想区域,0.0,神田川流域,,0,external point-grid sampling,13104,新宿区,Unknown,Unknown,未判定,未細分,point,七人役者図絵馬,0
13104:31,river_flooding,浸水予想区域,0.0,神田川流域,,0,external point-grid sampling,13104,新宿区,Unknown,Unknown,未判定,未細分,point,阿弥陀三尊来迎図(専福寺),0
13104:32,river_flooding,浸水予想区域,0.0,神田川流域,,0,external point-grid sampling,13104,新宿区,Unknown,Unknown,未判定,未細分,point,木造阿弥陀如来立像,0
13104:33,river_flooding,浸水予想区域,0.0,神田川流域,,0,external point-grid sampling,13104,新宿区,Unknown,Unknown,未判定,未細分,point,木造地蔵菩薩坐像,0
13104:34,river_flooding,浸水予想区域,0.0,神田川流域,,0,external point-grid sampling,13104,新宿区,Unknown,Unknown,未判定,未細分,point,阿弥陀三尊来迎図(光照寺),0
13104:35,river_flooding,浸水予想区域,0.0,神田川流域,,0,external point-grid sampling,13104,新宿区,Unknown,Unknown,未判定,未細分,point,法然上人画像,0
13104:36,river_flooding,浸水予想区域,0.0,神田川流域,,0,external point-grid sampling,13104,新宿区,Unknown,Unknown,未判定,未細分,point,西光庵の観無量寿経曼荼羅,0
13104:37,high_tide,高潮浸水想定,0.16,東京都 高潮浸水想定区域図,,0–0.5 m,external polygon point-in-area,13104,新宿区,Unknown,Unknown,未判定,未細分,point,天瑞元堤像 谷文晁筆,0–0.5 m
13104:37,river_flooding,浸水予想区域,2.0,神田川流域,,0.5–3 m,external point-grid sampling,13104,新宿区,Unknown,Unknown,未判定,未細分,point,天瑞元堤像 谷文晁筆,0.5–3 m
13104:38,high_tide,高潮浸水想定,0.16,東京都 高潮浸水想定区域図,,0–0.5 m,external polygon point-in-area,13104,新宿区,Unknown,Unknown,未判定,未細分,point,謙堂文益像 谷文晁筆,0–0.5 m
13104:38,river_flooding,浸水予想区域,2.0,神田川流域,,0.5–3 m,external point-grid sampling,13104,新宿区,Unknown,Unknown,未判定,未細分,point,謙堂文益像 谷文晁筆,0.5–3 m
13104:39,high_tide,高潮浸水想定,0.16,東京都 高潮浸水想定区域図,,0–0.5 m,external polygon point-in-area,13104,新宿区,Unknown,Unknown,未判定,未細分,point,八大龍王図 谷文晁筆,0–0.5 m
13104:39,river_flooding,浸水予想区域,2.0,神田川流域,,0.5–3 m,external point-grid sampling,13104,新宿区,Unknown,Unknown,未判定,未細分,point,八大龍王図 谷文晁筆,0.5–3 m
13104:4,river_flooding,浸水予想区域,0.0,神田川流域,,0,external point-grid sampling,13104,新宿区,Unknown,Unknown,未判定,未細分,point,中井御霊神社の本殿・幣殿・拝殿,0
13104:40,high_tide,高潮浸水想定,0.16,東京都 高潮浸水想定区域図,,0–0.5 m,external polygon point-in-area,13104,新宿区,Unknown,Unknown,未判定,未細分,point,十大弟子図 谷文晁筆,0–0.5 m
13104:40,river_flooding,浸水予想区域,2.0,神田川流域,,0.5–3 m,external point-grid sampling,13104,新宿区,Unknown,Unknown,未判定,未細分,point,十大弟子図 谷文晁筆,0.5–3 m
13104:41,river_flooding,浸水予想区域,0.0,神田川流域,,0,external point-grid sampling,13104,新宿区,Unknown,Unknown,未判定,未細分,point,永福寺の銅造大日如来坐像,0
13104:42,river_flooding,浸水予想区域,0.0,神田川流域,,0,external point-grid sampling,13104,新宿区,Unknown,Unknown,未判定,未細分,point,永福寺の銅造地蔵菩薩半跏像,0
13104:43,river_flooding,洪水浸水想定区域,0.346,神田川流域,L2（想定最大規模）,0.5m未満,PLATEAU building risk,13104,新宿区,Unknown,Unknown,未判定,未細分,point,済松寺の加藤文麗筆絵画作品,0–0.5 m
13104:44,river_flooding,浸水予想区域,0.0,神田川流域,,0,external point-grid sampling,13104,新宿区,Unknown,Unknown,未判定,未細分,point,谷文晁の絵,0
13104:45,river_flooding,浸水予想区域,0.0,神田川流域,,0,external point-grid sampling,13104,新宿区,Unknown,Unknown,未判定,未細分,point,月見岡八幡神社の鰐口,0
13104:46,river_flooding,浸水予想区域,0.0,神田川流域,,0,external point-grid sampling,13104,新宿区,Unknown,Unknown,未判定,未細分,point,市谷亀岡八幡宮の軍配団扇,0
13104:47,river_flooding,浸水予想区域,0.3,隅田川及び新河岸川流域,,0–0.5 m,external point-grid sampling,13104,新宿区,Unknown,Unknown,未判定,未細分,point,林光寺の高僧先達連座画像,0–0.5 m
13104:48,river_flooding,浸水予想区域,0.0,神田川流域,,0,external point-grid sampling,13104,新宿区,Unknown,Unknown,未判定,未細分,point,木造十一面観音坐像,0
13104:49,river_flooding,浸水予想区域,0.0,神田川流域,,0,external point-grid sampling,13104,新宿区,Unknown,Unknown,未判定,未細分,point,亮朝院の梵鐘,0
13104:5,river_flooding,洪水浸水想定区域,0.161,神田川流域,L2（想定最大規模）,0.5m未満,PLATEAU building risk,13104,新宿区,Unknown,Unknown,未判定,未細分,point,亮朝院本堂,0–0.5 m
13104:50,river_flooding,浸水予想区域,0.0,神田川流域,,0,external point-grid sampling,13104,新宿区,Unknown,Unknown,未判定,未細分,point,宝泉寺の梵鐘,0
13104:51,river_flooding,浸水予想区域,0.0,神田川流域,,0,external point-grid sampling,13104,新宿区,Unknown,Unknown,未判定,未細分,point,銅造地蔵菩薩半跏像,0
13104:52,river_flooding,浸水予想区域,0.0,神田川流域,,0,external point-grid sampling,13104,新宿区,Unknown,Unknown,未判定,未細分,point,正受院の梵鐘,0
13104:53,river_flooding,浸水予想区域,0.0,神田川流域,,0,external point-grid sampling,13104,新宿区,Unknown,Unknown,未判定,未細分,point,西迎寺の梵鐘,0
13104:54,river_flooding,浸水予想区域,0.0,神田川流域,,0,external point-grid sampling,13104,新宿区,Unknown,Unknown,未判定,未細分,point,浄栄寺の梵鐘,0
13104:55,river_flooding,浸水予想区域,0.0,神田川流域,,0,external point-grid sampling,13104,新宿区,Unknown,Unknown,未判定,未細分,point,善慶寺の梵鐘,0
13104:56,river_flooding,洪水浸水想定区域,0.009,神田川流域,L2（想定最大規模）,0.5m未満,PLATEAU building risk,13104,新宿区,Unknown,Unknown,未判定,未細分,point,法雲寺の梵鐘,0–0.5 m
13104:57,river_flooding,洪水浸水想定区域,0.007,神田川流域,L2（想定最大規模）,0.5m未満,PLATEAU building risk,13104,新宿区,Unknown,Unknown,未判定,未細分,point,圓照寺の梵鐘,0–0.5 m
13104:58,river_flooding,洪水浸水想定区域,0.097,神田川流域,L2（想定最大規模）,0.5m未満,PLATEAU building risk,13104,新宿区,Unknown,Unknown,未判定,未細分,point,薬王院の梵鐘,0–0.5 m
13104:59,river_flooding,浸水予想区域,0.02,隅田川及び新河岸川流域,,0–0.5 m,external point-grid sampling,13104,新宿区,Unknown,Unknown,未判定,未細分,point,西應寺の梵鐘,0–0.5 m
13104:6,river_flooding,洪水浸水想定区域,0.161,神田川流域,L2（想定最大規模）,0.5m未満,PLATEAU building risk,13104,新宿区,Unknown,Unknown,未判定,未細分,point,亮朝院七面堂,0–0.5 m
13104:60,river_flooding,洪水浸水想定区域,0.007,神田川流域,L2（想定最大規模）,0.5m未満,PLATEAU building risk,13104,新宿区,Unknown,Unknown,未判定,未細分,point,光照寺の涅槃図,0–0.5 m
13104:61,river_flooding,浸水予想区域,0.01,隅田川及び新河岸川流域,,0–0.5 m,external point-grid sampling,13104,新宿区,Unknown,Unknown,未判定,未細分,point,長安寺の六地蔵塔,0–0.5 m
13104:62,river_flooding,浸水予想区域,0.0,神田川流域,,0,external point-grid sampling,13104,新宿区,Unknown,Unknown,未判定,未細分,point,太宗寺墓地出土品,0
13104:63,river_flooding,浸水予想区域,0.0,神田川流域,,0,external point-grid sampling,13104,新宿区,Unknown,Unknown,未判定,未細分,point,小銅鐸,0
13104:64,river_flooding,浸水予想区域,0.0,神田川流域,,0,external point-grid sampling,13104,新宿区,Unknown,Unknown,未判定,未細分,point,隆起線文系土器,0
13104:65,river_flooding,浸水予想区域,0.0,神田川流域,,0,external point-grid sampling,13104,新宿区,Unknown,Unknown,未判定,未細分,point,下落合横穴墓出土品,0
13104:66,river_flooding,浸水予想区域,0.0,城南地区河川流域,,0,external point-grid sampling,13104,新宿区,Unknown,Unknown,未判定,未細分,point,一行院墓地出土品,0
13104:67,river_flooding,浸水予想区域,0.0,神田川流域,,0,external point-grid sampling,13104,新宿区,Unknown,Unknown,未判定,未細分,point,中村家文書,0
13104:68,river_flooding,浸水予想区域,0.3,隅田川及び新河岸川流域,,0–0.5 m,external point-grid sampling,13104,新宿区,Unknown,Unknown,未判定,未細分,point,林光寺の歴代宗主銘,0–0.5 m
13104:69,river_flooding,浸水予想区域,0.0,神田川流域,,0,external point-grid sampling,13104,新宿区,Unknown,Unknown,未判定,未細分,point,亮朝院文書,0
13104:7,river_flooding,洪水浸水想定区域,0.01,隅田川・新河岸川流域,L2（想定最大規模）,0.5m未満,PLATEAU building risk,13104,新宿区,Unknown,Unknown,未判定,未細分,point,永心寺本堂,0–0.5 m
13104:70,river_flooding,浸水予想区域,0.0,神田川流域,,0,external point-grid sampling,13104,新宿区,Unknown,Unknown,未判定,未細分,point,中井御霊神社文書,0
13104:71,river_flooding,浸水予想区域,0.0,神田川流域,,0,external point-grid sampling,13104,新宿区,Unknown,Unknown,未判定,未細分,point,長厳寺文書,0
13104:72,high_tide,高潮浸水想定,0.16,東京都 高潮浸水想定区域図,,0–0.5 m,external polygon point-in-area,13104,新宿区,Unknown,Unknown,未判定,未細分,point,済松寺文書,0–0.5 m
13104:72,river_flooding,浸水予想区域,2.0,神田川流域,,0.5–3 m,external point-grid sampling,13104,新宿区,Unknown,Unknown,未判定,未細分,point,済松寺文書,0.5–3 m
13104:73,river_flooding,浸水予想区域,0.3,隅田川及び新河岸川流域,,0–0.5 m,external point-grid sampling,13104,新宿区,Unknown,Unknown,未判定,未細分,point,林光寺文書,0–0.5 m
13104:74,river_flooding,浸水予想区域,0.0,神田川流域,,0,external point-grid sampling,13104,新宿区,Unknown,Unknown,未判定,未細分,point,大聖院文書,0
13104:75,river_flooding,浸水予想区域,0.0,神田川流域,,0,external point-grid sampling,13104,新宿区,Unknown,Unknown,未判定,未細分,point,法身寺文書,0
13104:76,river_flooding,浸水予想区域,0.0,神田川流域,,0,external point-grid sampling,13104,新宿区,Unknown,Unknown,未判定,未細分,point,旭地蔵,0
13104:77,river_flooding,浸水予想区域,0.0,神田川流域,,0,external point-grid sampling,13104,新宿区,Unknown,Unknown,未判定,未細分,point,子供合埋碑,0
13104:78,river_flooding,浸水予想区域,0.0,神田川流域,,0,external point-grid sampling,13104,新宿区,Unknown,Unknown,未判定,未細分,point,式三番奉納額,0
13104:79,river_flooding,浸水予想区域,0.0,神田川流域,,0,external point-grid sampling,13104,新宿区,Unknown,Unknown,未判定,未細分,point,旧鈴法寺江戸番所資料,0
13104:8,river_flooding,洪水浸水想定区域,0.01,隅田川・新河岸川流域,L2（想定最大規模）,0.5m未満,PLATEAU building risk,13104,新宿区,Unknown,Unknown,未判定,未細分,point,永心寺山門,0–0.5 m
13104:80,river_flooding,浸水予想区域,0.0,神田川流域,,0,external point-grid sampling,13104,新宿区,Unknown,Unknown,未判定,未細分,point,空印の石手水鉢,0
13104:81,river_flooding,浸水予想区域,0.0,神田川流域,,0,external point-grid sampling,13104,新宿区,Unknown,Unknown,未判定,未細分,point,堀部武庸加功遺跡之碑,0
13104:82,river_flooding,浸水予想区域,0.0,神田川流域,,0,external point-grid sampling,13104,新宿区,Unknown,Unknown,未判定,未細分,point,幸国寺の日蓮聖人六百遠忌供養塔,0
13104:83,river_flooding,浸水予想区域,0.0,神田川流域,,0,external point-grid sampling,13104,新宿区,Unknown,Unknown,未判定,未細分,point,太宗寺の切支丹灯籠,0
13104:84,river_flooding,浸水予想区域,0.0,神田川流域,,0,external point-grid sampling,13104,新宿区,Unknown,Unknown,未判定,未細分,point,諸国旅人供養碑,0
13104:85,river_flooding,浸水予想区域,0.0,隅田川及び新河岸川流域,,0,external point-grid sampling,13104,新宿区,Unknown,Unknown,未判定,未細分,point,服部半蔵の槍,0
13104:86,river_flooding,浸水予想区域,0.0,城南地区河川流域,,0,external point-grid sampling,13104,新宿区,Unknown,Unknown,未判定,未細分,point,駿馬塚の碑,0
13104:87,river_flooding,浸水予想区域,0.0,神田川流域,,0,external point-grid sampling,13104,新宿区,Unknown,Unknown,未判定,未細分,point,月桂寺の切支丹灯籠,0
13104:88,river_flooding,洪水浸水想定区域,0.161,神田川流域,L2（想定最大規模）,0.5m未満,PLATEAU building risk,13104,新宿区,Unknown,Unknown,未判定,未細分,point,木造七面明神半跏像及び宮殿,0–0.5 m
13104:89,river_flooding,洪水浸水想定区域,0.161,神田川流域,L2（想定最大規模）,0.5m未満,PLATEAU building risk,13104,新宿区,Unknown,Unknown,未判定,未細分,point,木造妙見菩薩立像及び宮殿,0–0.5 m
13104:9,river_flooding,浸水予想区域,0.0,神田川流域,,0,external point-grid sampling,13104,新宿区,Unknown,Unknown,未判定,未細分,point,筑土八幡神社の石造鳥居,0
13104:90,river_flooding,洪水浸水想定区域,0.161,神田川流域,L2（想定最大規模）,0.5m未満,PLATEAU building risk,13104,新宿区,Unknown,Unknown,未判定,未細分,point,木造諏訪大明神坐像及び宮殿,0–0.5 m
13104:91,river_flooding,洪水浸水想定区域,0.003,神田川流域,L2（想定最大規模）,0.5m未満,PLATEAU building risk,13104,新宿区,Unknown,Unknown,未判定,未細分,point,市谷亀岡八幡宮の几号水準点(水鉢台座),0–0.5 m
13104:93,river_flooding,洪水浸水想定区域,0.052,神田川流域,L2（想定最大規模）,0.5m未満,PLATEAU building risk,13104,新宿区,Unknown,Unknown,未判定,未細分,point,自証院の阿弥陀三尊種子板碑,0–0.5 m
13104:94,river_flooding,浸水予想区域,0.0,神田川流域,,0,external point-grid sampling,13104,新宿区,Unknown,Unknown,未判定,未細分,point,来迎寺の庚申塔,0
13104:95,river_flooding,浸水予想区域,0.0,神田川流域,,0,external point-grid sampling,13104,新宿区,Unknown,Unknown,未判定,未細分,point,正受院の奪衣婆像,0
13104:96,river_flooding,浸水予想区域,0.0,神田川流域,,0,external point-grid sampling,13104,新宿区,Unknown,Unknown,未判定,未細分,point,中井御霊神社の備射祭絵馬,0
13104:97,river_flooding,浸水予想区域,0.0,神田川流域,,0,external point-grid sampling,13104,新宿区,Unknown,Unknown,未判定,未細分,point,中井御霊神社の分木,0
13104:98,river_flooding,浸水予想区域,0.0,神田川流域,,0,external point-grid sampling,13104,新宿区,Unknown,Unknown,未判定,未細分,point,自性院の私年号板碑,0
13104:99,river_flooding,浸水予想区域,0.0,神田川流域,,0,external point-grid sampling,13104,新宿区,Unknown,Unknown,未判定,未細分,point,月見岡八幡神社の庚申塔,0
131067100003,river_flooding,洪水浸水想定区域,0.012,神田川流域,L2（想定最大規模）,0.5m未満,PLATEAU building risk,13106,台東区,Municipal,Designated,民俗文化財,有形民俗文化財,point,旧吉田屋酒店,0–0.5 m
131067100027,river_flooding,浸水予想区域,0.0,神田川流域,,0,external point-grid sampling,13106,台東区,Municipal,Other,記念物,史跡,point,狩野芳崖墓 附 狩野芳崖翁碑,0
131067100029,high_tide,高潮浸水想定,1.26,東京都高潮浸水想定区域図（令和6年12月19日）,,0.5m以上3m未満,PLATEAU building risk,13106,台東区,Municipal,Other,有形文化財,建造物,building_direct,石造宝篋印塔,0.5–3 m
131067100029,river_flooding,洪水浸水想定区域,0.78,神田川流域;荒川水系神田川流域;隅田川・新河岸川流域,L2（想定最大規模）,0.5m以上3m未満;0.5m未満,PLATEAU building risk,13106,台東区,Municipal,Other,有形文化財,建造物,building_direct,石造宝篋印塔,0.5–3 m
131067100039,river_flooding,浸水予想区域,0.0,神田川流域,,0,external point-grid sampling,13106,台東区,Municipal,Other,記念物,史跡,point,大沼枕山墓,0
131067100046,river_flooding,浸水予想区域,0.0,神田川流域,,0,external point-grid sampling,13106,台東区,Municipal,Other,記念物,史跡,point,藤堂家墓所,0
131067100047,river_flooding,浸水予想区域,0.0,神田川流域,,0,external point-grid sampling,13106,台東区,Municipal,Other,記念物,史跡,point,河鍋暁斎墓,0
131067100052,river_flooding,浸水予想区域,0.0,神田川流域,,0,external point-grid sampling,13106,台東区,Municipal,Other,記念物,史跡,point,福地源一郎(桜痴)墓,0
131067100053,river_flooding,洪水浸水想定区域,0.117,神田川流域,L2（想定最大規模）,0.5m未満,PLATEAU building risk,13106,台東区,Municipal,Other,記念物,史跡,point,横山大観旧居,0–0.5 m
131067100059,river_flooding,浸水予想区域,0.0,神田川流域,,0,external point-grid sampling,13106,台東区,Municipal,Other,民俗文化財,有形民俗文化財,point,延寿寺日荷堂絵馬群,0
131067100060,high_tide,高潮浸水想定,1.33,東京都 高潮浸水想定区域図,,0.5–3 m,external polygon point-in-area,13106,台東区,Municipal,Other,記念物,史跡,point,柴田是真墓,0.5–3 m
131067100060,river_flooding,浸水予想区域,1.07,隅田川及び新河岸川流域,,0.5–3 m,external point-grid sampling,13106,台東区,Municipal,Other,記念物,史跡,point,柴田是真墓,0.5–3 m
131067100066,river_flooding,洪水浸水想定区域,0.061,神田川流域,L2（想定最大規模）,0.5m未満,PLATEAU building risk,13106,台東区,Municipal,Other,記念物,史跡,point,町田久成墓,0–0.5 m
131067100067,river_flooding,浸水予想区域,0.0,神田川流域,,0,external point-grid sampling,13106,台東区,Municipal,Other,記念物,史跡,point,田中芳男墓,0
131067100075,high_tide,高潮浸水想定,1.14,東京都高潮浸水想定区域図（令和6年12月19日）,,0.5m以上3m未満,PLATEAU building risk,13106,台東区,Municipal,Designated,民俗文化財,有形民俗文化財,point,浅草浅間神社本殿并びに諸資料 付 境内地,0.5–3 m
131067100075,river_flooding,洪水浸水想定区域,0.87,隅田川・新河岸川流域,L2（想定最大規模）,0.5m以上3m未満,PLATEAU building risk,13106,台東区,Municipal,Designated,民俗文化財,有形民俗文化財,point,浅草浅間神社本殿并びに諸資料 付 境内地,0.5–3 m
131067100110,river_flooding,浸水予想区域,0.0,神田川流域,,0,external point-grid sampling,13106,台東区,Municipal,Other,有形文化財,建造物,building_direct,上野広小路三橋遺構 附 出土近世遺物一括,0
131067100132,high_tide,高潮浸水想定,1.33,東京都 高潮浸水想定区域図,,0.5–3 m,external polygon point-in-area,13106,台東区,Municipal,Other,民俗文化財,有形民俗文化財,point,大太刀(陰陽丸),0.5–3 m
131067100132,river_flooding,浸水予想区域,1.07,隅田川及び新河岸川流域,,0.5–3 m,external point-grid sampling,13106,台東区,Municipal,Other,民俗文化財,有形民俗文化財,point,大太刀(陰陽丸),0.5–3 m
131067100134,high_tide,高潮浸水想定,0.51,東京都 高潮浸水想定区域図,,0.5–3 m,external polygon point-in-area,13106,台東区,Municipal,Other,有形文化財,建造物,building_direct,石造多宝塔,0.5–3 m
131067100134,river_flooding,浸水予想区域,0.35,神田川流域;隅田川及び新河岸川流域,,0;0–0.5 m,external point-grid sampling,13106,台東区,Municipal,Other,有形文化財,建造物,building_direct,石造多宝塔,0–0.5 m
131067100147,high_tide,高潮浸水想定,0.51,東京都 高潮浸水想定区域図,,0.5–3 m,external polygon point-in-area,13106,台東区,Municipal,Other,民俗文化財,有形民俗文化財,point,浅草寺絵馬・扁額群,0.5–3 m
131067100147,river_flooding,浸水予想区域,0.35,神田川流域;隅田川及び新河岸川流域,,0;0–0.5 m,external point-grid sampling,13106,台東区,Municipal,Other,民俗文化財,有形民俗文化財,point,浅草寺絵馬・扁額群,0–0.5 m
131067100162,high_tide,高潮浸水想定,1.01,東京都 高潮浸水想定区域図,,0.5–3 m,external polygon point-in-area,13106,台東区,Municipal,Other,民俗文化財,有形民俗文化財,point,吉徳これくしょん(和書),0.5–3 m
131067100162,river_flooding,浸水予想区域,0.42,神田川流域;隅田川及び新河岸川流域,,0;0–0.5 m,external point-grid sampling,13106,台東区,Municipal,Other,民俗文化財,有形民俗文化財,point,吉徳これくしょん(和書),0–0.5 m
131067100163,high_tide,高潮浸水想定,1.01,東京都 高潮浸水想定区域図,,0.5–3 m,external polygon point-in-area,13106,台東区,Municipal,Other,民俗文化財,有形民俗文化財,point,吉徳これくしょん(一枚刷),0.5–3 m
131067100163,river_flooding,浸水予想区域,0.42,神田川流域;隅田川及び新河岸川流域,,0;0–0.5 m,external point-grid sampling,13106,台東区,Municipal,Other,民俗文化財,有形民俗文化財,point,吉徳これくしょん(一枚刷),0–0.5 m
131067100168,high_tide,高潮浸水想定,1.01,東京都 高潮浸水想定区域図,,0.5–3 m,external polygon point-in-area,13106,台東区,Municipal,Other,民俗文化財,有形民俗文化財,point,吉徳これくしょん〔芝居番付類(一枚刷)〕,0.5–3 m
131067100168,river_flooding,浸水予想区域,0.42,神田川流域;隅田川及び新河岸川流域,,0;0–0.5 m,external point-grid sampling,13106,台東区,Municipal,Other,民俗文化財,有形民俗文化財,point,吉徳これくしょん〔芝居番付類(一枚刷)〕,0–0.5 m
131067100171,high_tide,高潮浸水想定,1.01,東京都 高潮浸水想定区域図,,0.5–3 m,external polygon point-in-area,13106,台東区,Municipal,Other,民俗文化財,有形民俗文化財,point,吉徳これくしょん(古文書),0.5–3 m
131067100171,river_flooding,浸水予想区域,0.42,神田川流域;隅田川及び新河岸川流域,,0;0–0.5 m,external point-grid sampling,13106,台東区,Municipal,Other,民俗文化財,有形民俗文化財,point,吉徳これくしょん(古文書),0–0.5 m
131067100174,high_tide,高潮浸水想定,1.01,東京都 高潮浸水想定区域図,,0.5–3 m,external polygon point-in-area,13106,台東区,Municipal,Other,民俗文化財,有形民俗文化財,point,吉徳これくしょん(羽子板),0.5–3 m
131067100174,river_flooding,浸水予想区域,0.42,神田川流域;隅田川及び新河岸川流域,,0;0–0.5 m,external point-grid sampling,13106,台東区,Municipal,Other,民俗文化財,有形民俗文化財,point,吉徳これくしょん(羽子板),0–0.5 m
131067100178,high_tide,高潮浸水想定,1.01,東京都 高潮浸水想定区域図,,0.5–3 m,external polygon point-in-area,13106,台東区,Municipal,Other,民俗文化財,有形民俗文化財,point,吉徳これくしょん(五月人形),0.5–3 m
131067100178,river_flooding,浸水予想区域,0.42,神田川流域;隅田川及び新河岸川流域,,0;0–0.5 m,external point-grid sampling,13106,台東区,Municipal,Other,民俗文化財,有形民俗文化財,point,吉徳これくしょん(五月人形),0–0.5 m
131067100181,high_tide,高潮浸水想定,1.01,東京都 高潮浸水想定区域図,,0.5–3 m,external polygon point-in-area,13106,台東区,Municipal,Other,民俗文化財,有形民俗文化財,point,吉徳これくしょん(雛人形),0.5–3 m
131067100181,river_flooding,浸水予想区域,0.42,神田川流域;隅田川及び新河岸川流域,,0;0–0.5 m,external point-grid sampling,13106,台東区,Municipal,Other,民俗文化財,有形民俗文化財,point,吉徳これくしょん(雛人形),0–0.5 m
131067100182,river_flooding,浸水予想区域,0.0,神田川流域,,0,external point-grid sampling,13106,台東区,Municipal,Other,記念物,史跡,point,渋沢栄一家墓所,0
131067100187,river_flooding,浸水予想区域,0.0,神田川流域,,0,external point-grid sampling,13106,台東区,Municipal,Other,記念物,史跡,point,徳川家光薨去に伴う殉死者の墓,0
131075100001,high_tide,高潮浸水想定,2.3,東京都 高潮浸水想定区域図,,0.5–3 m,external polygon point-in-area,13107,墨田区,Municipal,Unknown,有形文化財,建造物,building_direct,牛嶋神社石造鳥居,0.5–3 m
131075100001,river_flooding,浸水予想区域,0.15,隅田川及び新河岸川流域,,0–0.5 m,external point-grid sampling,13107,墨田区,Municipal,Unknown,有形文化財,建造物,building_direct,牛嶋神社石造鳥居,0–0.5 m
131075100002,high_tide,高潮浸水想定,4.73,東京都 高潮浸水想定区域図,,3–5 m,external polygon point-in-area,13107,墨田区,Municipal,Unknown,有形文化財,建造物,building_direct,白髭神社石造鳥居,3–5 m
131075100002,river_flooding,浸水予想区域,0.49,江東内部河川流域,,0–0.5 m,external point-grid sampling,13107,墨田区,Municipal,Unknown,有形文化財,建造物,building_direct,白髭神社石造鳥居,0–0.5 m
131075100003,high_tide,高潮浸水想定,3.75,東京都 高潮浸水想定区域図,,3–5 m,external polygon point-in-area,13107,墨田区,Municipal,Unknown,有形文化財,建造物,building_direct,多聞寺山門,3–5 m
131075100003,river_flooding,浸水予想区域,0.33,隅田川及び新河岸川流域,,0–0.5 m,external point-grid sampling,13107,墨田区,Municipal,Unknown,有形文化財,建造物,building_direct,多聞寺山門,0–0.5 m
131075100004,high_tide,高潮浸水想定,5.1,東京都高潮浸水想定区域図（令和6年12月19日）,,5m以上10m未満,PLATEAU building risk,13107,墨田区,Municipal,Unknown,有形文化財,建造物,building_direct,旧小山家住宅,5 m以上
131075100004,river_flooding,洪水浸水想定区域,1.3,江東内部河川流域,L2（想定最大規模）,0.5m以上3m未満,PLATEAU building risk,13107,墨田区,Municipal,Unknown,有形文化財,建造物,building_direct,旧小山家住宅,0.5–3 m
131075100006,high_tide,高潮浸水想定,2.83,東京都 高潮浸水想定区域図,,0.5–3 m,external polygon point-in-area,13107,墨田区,Municipal,Unknown,有形文化財,建造物,building_direct,三囲神社石造鳥居(堤下の大鳥居),0.5–3 m
131075100006,river_flooding,浸水予想区域,0.24,隅田川及び新河岸川流域,,0–0.5 m,external point-grid sampling,13107,墨田区,Municipal,Unknown,有形文化財,建造物,building_direct,三囲神社石造鳥居(堤下の大鳥居),0–0.5 m
131075100007,high_tide,高潮浸水想定,2.29,東京都 高潮浸水想定区域図,,0.5–3 m,external polygon point-in-area,13107,墨田区,Municipal,Unknown,有形文化財,建造物,building_direct,弘福寺本堂(大雄寳殿),0.5–3 m
131075100007,river_flooding,浸水予想区域,0.0,隅田川及び新河岸川流域,,0,external point-grid sampling,13107,墨田区,Municipal,Unknown,有形文化財,建造物,building_direct,弘福寺本堂(大雄寳殿),0
131075100008,high_tide,高潮浸水想定,2.83,東京都 高潮浸水想定区域図,,0.5–3 m,external polygon point-in-area,13107,墨田区,Municipal,Unknown,有形文化財,建造物,building_direct,三囲神社本社,0.5–3 m
131075100008,river_flooding,浸水予想区域,0.24,隅田川及び新河岸川流域,,0–0.5 m,external point-grid sampling,13107,墨田区,Municipal,Unknown,有形文化財,建造物,building_direct,三囲神社本社,0–0.5 m
131075100010,high_tide,高潮浸水想定,2.3,東京都 高潮浸水想定区域図,,0.5–3 m,external polygon point-in-area,13107,墨田区,Municipal,Unknown,有形文化財,建造物,building_direct,牛嶋神社社殿,0.5–3 m
131075100010,river_flooding,浸水予想区域,0.15,隅田川及び新河岸川流域,,0–0.5 m,external point-grid sampling,13107,墨田区,Municipal,Unknown,有形文化財,建造物,building_direct,牛嶋神社社殿,0–0.5 m
131075100011,high_tide,高潮浸水想定,2.3,東京都 高潮浸水想定区域図,,0.5–3 m,external polygon point-in-area,13107,墨田区,Municipal,Unknown,有形文化財,建造物,building_direct,牛嶋神社神輿蔵,0.5–3 m
131075100011,river_flooding,浸水予想区域,0.15,隅田川及び新河岸川流域,,0–0.5 m,external point-grid sampling,13107,墨田区,Municipal,Unknown,有形文化財,建造物,building_direct,牛嶋神社神輿蔵,0–0.5 m
131075100012,high_tide,高潮浸水想定,1.15,東京都 高潮浸水想定区域図,,0.5–3 m,external polygon point-in-area,13107,墨田区,Municipal,Unknown,有形文化財,建造物,building_direct,隅田川神社社殿,0.5–3 m
131075100012,river_flooding,浸水予想区域,0.0,隅田川及び新河岸川流域,,0,external point-grid sampling,13107,墨田区,Municipal,Unknown,有形文化財,建造物,building_direct,隅田川神社社殿,0
131075100014,high_tide,高潮浸水想定,1.22,東京都高潮浸水想定区域図（令和6年12月19日）,,0.5m以上3m未満,PLATEAU building risk,13107,墨田区,Municipal,Unknown,有形文化財,建造物,building_direct,實相寺熊谷稲荷堂 附再建関連文書ニ点・青図三枚・写真一点,0.5–3 m
131075100014,river_flooding,洪水浸水想定区域,0.08,隅田川・新河岸川流域,L2（想定最大規模）,0.5m未満,PLATEAU building risk,13107,墨田区,Municipal,Unknown,有形文化財,建造物,building_direct,實相寺熊谷稲荷堂 附再建関連文書ニ点・青図三枚・写真一点,0–0.5 m
131075100016,high_tide,高潮浸水想定,1.41,東京都 高潮浸水想定区域図,,0.5–3 m,external polygon point-in-area,13107,墨田区,Municipal,Unknown,有形文化財,歴史資料,point,楢崎宗重博士旧蔵美術資料群(楢崎宗重コレクション),0.5–3 m
131075100016,river_flooding,浸水予想区域,0.0,隅田川及び新河岸川流域,,0,external point-grid sampling,13107,墨田区,Municipal,Unknown,有形文化財,歴史資料,point,楢崎宗重博士旧蔵美術資料群(楢崎宗重コレクション),0
131075100017,high_tide,高潮浸水想定,1.41,東京都 高潮浸水想定区域図,,0.5–3 m,external polygon point-in-area,13107,墨田区,Municipal,Unknown,有形文化財,歴史資料,point,紙本着色「隅田川両岸景色図」一巻,0.5–3 m
131075100017,river_flooding,浸水予想区域,0.0,隅田川及び新河岸川流域,,0,external point-grid sampling,13107,墨田区,Municipal,Unknown,有形文化財,歴史資料,point,紙本着色「隅田川両岸景色図」一巻,0
131075100047,high_tide,高潮浸水想定,1.05,東京都 高潮浸水想定区域図,,0.5–3 m,external polygon point-in-area,13107,墨田区,Municipal,Unknown,有形文化財,歴史資料,point,都鳥手鑑 ※非公開,0.5–3 m
131075100047,river_flooding,浸水予想区域,0.0,隅田川及び新河岸川流域,,0,external point-grid sampling,13107,墨田区,Municipal,Unknown,有形文化財,歴史資料,point,都鳥手鑑 ※非公開,0
131075100048,high_tide,高潮浸水想定,4.37,東京都 高潮浸水想定区域図,,3–5 m,external polygon point-in-area,13107,墨田区,Municipal,Unknown,有形文化財,歴史資料,point,正福寺の板碑,3–5 m
131075100048,river_flooding,浸水予想区域,0.64,隅田川及び新河岸川流域,,0.5–3 m,external point-grid sampling,13107,墨田区,Municipal,Unknown,有形文化財,歴史資料,point,正福寺の板碑,0.5–3 m
131075100049,high_tide,高潮浸水想定,3.53,東京都 高潮浸水想定区域図,,3–5 m,external polygon point-in-area,13107,墨田区,Municipal,Unknown,有形文化財,歴史資料,point,法泉寺所蔵板碑 ※非公開,3–5 m
131075100049,river_flooding,浸水予想区域,0.11,隅田川及び新河岸川流域,,0–0.5 m,external point-grid sampling,13107,墨田区,Municipal,Unknown,有形文化財,歴史資料,point,法泉寺所蔵板碑 ※非公開,0–0.5 m
131075100050,high_tide,高潮浸水想定,4.12,東京都高潮浸水想定区域図（令和6年12月19日）,,3m以上5m未満,PLATEAU building risk,13107,墨田区,Municipal,Unknown,有形文化財,歴史資料,point,啓運閣所蔵板碑 ※非公開,3–5 m
131075100050,river_flooding,洪水浸水想定区域,0.56,江東内部河川流域,L2（想定最大規模）,0.5m以上3m未満,PLATEAU building risk,13107,墨田区,Municipal,Unknown,有形文化財,歴史資料,point,啓運閣所蔵板碑 ※非公開,0.5–3 m
131075100052,high_tide,高潮浸水想定,2.63,東京都 高潮浸水想定区域図,,0.5–3 m,external polygon point-in-area,13107,墨田区,Municipal,Unknown,有形文化財,歴史資料,point,松尾芭蕉「いざさらば」の句碑 (雪見の句碑),0.5–3 m
131075100052,river_flooding,浸水予想区域,0.08,隅田川及び新河岸川流域,,0–0.5 m,external point-grid sampling,13107,墨田区,Municipal,Unknown,有形文化財,歴史資料,point,松尾芭蕉「いざさらば」の句碑 (雪見の句碑),0–0.5 m
131075100053,high_tide,高潮浸水想定,2.77,東京都 高潮浸水想定区域図,,0.5–3 m,external polygon point-in-area,13107,墨田区,Municipal,Unknown,有形文化財,歴史資料,point,橋本家旧蔵板碑,0.5–3 m
131075100053,river_flooding,浸水予想区域,0.3,隅田川及び新河岸川流域,,0–0.5 m,external point-grid sampling,13107,墨田区,Municipal,Unknown,有形文化財,歴史資料,point,橋本家旧蔵板碑,0–0.5 m
131075100054,high_tide,高潮浸水想定,2.3,東京都 高潮浸水想定区域図,,0.5–3 m,external polygon point-in-area,13107,墨田区,Municipal,Unknown,有形文化財,歴史資料,point,烏亭焉馬「いそがずば」の狂歌碑,0.5–3 m
131075100054,river_flooding,浸水予想区域,0.15,隅田川及び新河岸川流域,,0–0.5 m,external point-grid sampling,13107,墨田区,Municipal,Unknown,有形文化財,歴史資料,point,烏亭焉馬「いそがずば」の狂歌碑,0–0.5 m
131075100055,high_tide,高潮浸水想定,2.83,東京都 高潮浸水想定区域図,,0.5–3 m,external polygon point-in-area,13107,墨田区,Municipal,Unknown,有形文化財,歴史資料,point,宝井其角「ゆうだちや」の句碑 (雨乞いの句碑),0.5–3 m
131075100055,river_flooding,浸水予想区域,0.24,隅田川及び新河岸川流域,,0–0.5 m,external point-grid sampling,13107,墨田区,Municipal,Unknown,有形文化財,歴史資料,point,宝井其角「ゆうだちや」の句碑 (雨乞いの句碑),0–0.5 m
131075100056,high_tide,高潮浸水想定,3.18,東京都 高潮浸水想定区域図,,3–5 m,external polygon point-in-area,13107,墨田区,Municipal,Unknown,有形文化財,歴史資料,point,秋葉神社の石造燈籠 寛保元年銘 二基 宝永元年銘 二基 宝永二年銘 二基,3–5 m
131075100056,river_flooding,浸水予想区域,0.29,隅田川及び新河岸川流域,,0–0.5 m,external point-grid sampling,13107,墨田区,Municipal,Unknown,有形文化財,歴史資料,point,秋葉神社の石造燈籠 寛保元年銘 二基 宝永元年銘 二基 宝永二年銘 二基,0–0.5 m
131075100057,high_tide,高潮浸水想定,3.23,東京都高潮浸水想定区域図（令和6年12月19日）,,3m以上5m未満,PLATEAU building risk,13107,墨田区,Municipal,Unknown,有形文化財,歴史資料,point,蓮花寺の石柱道標 文化十五年銘 一基 文政五年銘 一基,3–5 m
131075100057,river_flooding,洪水浸水想定区域,0.13,隅田川・新河岸川流域,L2（想定最大規模）,0.5m未満,PLATEAU building risk,13107,墨田区,Municipal,Unknown,有形文化財,歴史資料,point,蓮花寺の石柱道標 文化十五年銘 一基 文政五年銘 一基,0–0.5 m
131075100058,high_tide,高潮浸水想定,2.24,東京都 高潮浸水想定区域図,,0.5–3 m,external polygon point-in-area,13107,墨田区,Municipal,Unknown,有形文化財,歴史資料,point,要津寺雪中庵関係石碑群,0.5–3 m
131075100058,river_flooding,浸水予想区域,0.35,隅田川及び新河岸川流域,,0–0.5 m,external point-grid sampling,13107,墨田区,Municipal,Unknown,有形文化財,歴史資料,point,要津寺雪中庵関係石碑群,0–0.5 m
131075100059,high_tide,高潮浸水想定,3.75,東京都 高潮浸水想定区域図,,3–5 m,external polygon point-in-area,13107,墨田区,Municipal,Unknown,有形文化財,歴史資料,point,多聞寺の板碑,3–5 m
131075100059,river_flooding,浸水予想区域,0.33,隅田川及び新河岸川流域,,0–0.5 m,external point-grid sampling,13107,墨田区,Municipal,Unknown,有形文化財,歴史資料,point,多聞寺の板碑,0–0.5 m
131075100061,high_tide,高潮浸水想定,1.24,東京都 高潮浸水想定区域図,,0.5–3 m,external polygon point-in-area,13107,墨田区,Municipal,Unknown,有形文化財,歴史資料,point,石造海難供養碑,0.5–3 m
131075100061,river_flooding,浸水予想区域,0.0,隅田川及び新河岸川流域,,0,external point-grid sampling,13107,墨田区,Municipal,Unknown,有形文化財,歴史資料,point,石造海難供養碑,0
131075100062,high_tide,高潮浸水想定,2.83,東京都 高潮浸水想定区域図,,0.5–3 m,external polygon point-in-area,13107,墨田区,Municipal,Unknown,有形文化財,歴史資料,point,三囲神社の石造常夜燈,0.5–3 m
131075100062,river_flooding,浸水予想区域,0.24,隅田川及び新河岸川流域,,0–0.5 m,external point-grid sampling,13107,墨田区,Municipal,Unknown,有形文化財,歴史資料,point,三囲神社の石造常夜燈,0–0.5 m
131075100063,high_tide,高潮浸水想定,1.66,東京都 高潮浸水想定区域図,,0.5–3 m,external polygon point-in-area,13107,墨田区,Municipal,Unknown,有形文化財,歴史資料,point,石造墨堤永代常夜燈,0.5–3 m
131075100063,river_flooding,浸水予想区域,0.08,隅田川及び新河岸川流域,,0–0.5 m,external point-grid sampling,13107,墨田区,Municipal,Unknown,有形文化財,歴史資料,point,石造墨堤永代常夜燈,0–0.5 m
131075100064,high_tide,高潮浸水想定,3.71,東京都 高潮浸水想定区域図,,3–5 m,external polygon point-in-area,13107,墨田区,Municipal,Unknown,有形文化財,歴史資料,point,吾嬬神社の連理の楠,3–5 m
131075100064,river_flooding,浸水予想区域,0.02,江東内部河川流域,,0–0.5 m,external point-grid sampling,13107,墨田区,Municipal,Unknown,有形文化財,歴史資料,point,吾嬬神社の連理の楠,0–0.5 m
131075100065,high_tide,高潮浸水想定,2.68,東京都 高潮浸水想定区域図,,0.5–3 m,external polygon point-in-area,13107,墨田区,Municipal,Unknown,有形文化財,歴史資料,point,墨堤植桜之碑,0.5–3 m
131075100065,river_flooding,浸水予想区域,0.11,隅田川及び新河岸川流域,,0–0.5 m,external point-grid sampling,13107,墨田区,Municipal,Unknown,有形文化財,歴史資料,point,墨堤植桜之碑,0–0.5 m
131075100066,high_tide,高潮浸水想定,2.41,東京都高潮浸水想定区域図（令和6年12月19日）,,0.5m以上3m未満,PLATEAU building risk,13107,墨田区,Municipal,Unknown,有形文化財,歴史資料,point,絹本墨書扁額「明明徳」,0.5–3 m
131075100066,river_flooding,洪水浸水想定区域,0.45,隅田川・新河岸川流域,L2（想定最大規模）,0.5m未満,PLATEAU building risk,13107,墨田区,Municipal,Unknown,有形文化財,歴史資料,point,絹本墨書扁額「明明徳」,0–0.5 m
131075100067,high_tide,高潮浸水想定,3.84,東京都高潮浸水想定区域図（令和6年12月19日）,,3m以上5m未満,PLATEAU building risk,13107,墨田区,Municipal,Unknown,有形文化財,歴史資料,point,歌川豊広辞世の狂歌碑,3–5 m
131075100067,river_flooding,洪水浸水想定区域,0.46,隅田川・新河岸川流域,L2（想定最大規模）,0.5m未満,PLATEAU building risk,13107,墨田区,Municipal,Unknown,有形文化財,歴史資料,point,歌川豊広辞世の狂歌碑,0–0.5 m
131075100068,river_flooding,浸水予想区域,0.0,隅田川及び新河岸川流域,,0,external point-grid sampling,13107,墨田区,Municipal,Unknown,有形文化財,歴史資料,point,石造標柱「隅田公園入口」,0
131075100069,high_tide,高潮浸水想定,1.96,東京都高潮浸水想定区域図（令和6年12月19日）,,0.5m以上3m未満,PLATEAU building risk,13107,墨田区,Municipal,Unknown,有形文化財,歴史資料,point,石造「夜寉井銘」の碑,0.5–3 m
131075100069,river_flooding,洪水浸水想定区域,0.01,隅田川・新河岸川流域,L2（想定最大規模）,0.5m未満,PLATEAU building risk,13107,墨田区,Municipal,Unknown,有形文化財,歴史資料,point,石造「夜寉井銘」の碑,0–0.5 m
131075100070,high_tide,高潮浸水想定,1.5,東京都 高潮浸水想定区域図,,0.5–3 m,external polygon point-in-area,13107,墨田区,Municipal,Unknown,有形文化財,歴史資料,point,生月鯨太左衛門の墓 ※非公開,0.5–3 m
131075100070,river_flooding,浸水予想区域,0.0,隅田川及び新河岸川流域,,0,external point-grid sampling,13107,墨田区,Municipal,Unknown,有形文化財,歴史資料,point,生月鯨太左衛門の墓 ※非公開,0
131075100071,high_tide,高潮浸水想定,1.24,東京都 高潮浸水想定区域図,,0.5–3 m,external polygon point-in-area,13107,墨田区,Municipal,Unknown,有形文化財,歴史資料,point,無縁法界塔,0.5–3 m
131075100071,river_flooding,浸水予想区域,0.0,隅田川及び新河岸川流域,,0,external point-grid sampling,13107,墨田区,Municipal,Unknown,有形文化財,歴史資料,point,無縁法界塔,0
131075100072,high_tide,高潮浸水想定,5.84,東京都 高潮浸水想定区域図,,5 m以上,external polygon point-in-area,13107,墨田区,Municipal,Unknown,有形文化財,歴史資料,point,板坂如春の碑(2基),5 m以上
131075100072,river_flooding,浸水予想区域,1.39,江東内部河川流域,,0.5–3 m,external point-grid sampling,13107,墨田区,Municipal,Unknown,有形文化財,歴史資料,point,板坂如春の碑(2基),0.5–3 m
131075100073,high_tide,高潮浸水想定,2.77,東京都 高潮浸水想定区域図,,0.5–3 m,external polygon point-in-area,13107,墨田区,Municipal,Unknown,有形文化財,歴史資料,point,芥川家旧蔵雛人形,0.5–3 m
131075100073,river_flooding,浸水予想区域,0.3,隅田川及び新河岸川流域,,0–0.5 m,external point-grid sampling,13107,墨田区,Municipal,Unknown,有形文化財,歴史資料,point,芥川家旧蔵雛人形,0–0.5 m
131075100074,high_tide,高潮浸水想定,1.05,東京都 高潮浸水想定区域図,,0.5–3 m,external polygon point-in-area,13107,墨田区,Municipal,Unknown,有形文化財,歴史資料,point,「天下之糸平」の碑,0.5–3 m
131075100074,river_flooding,浸水予想区域,0.0,隅田川及び新河岸川流域,,0,external point-grid sampling,13107,墨田区,Municipal,Unknown,有形文化財,歴史資料,point,「天下之糸平」の碑,0
131075100075,high_tide,高潮浸水想定,1.84,東京都高潮浸水想定区域図（令和6年12月19日）,,0.5m以上3m未満,PLATEAU building risk,13107,墨田区,Municipal,Unknown,有形文化財,歴史資料,point,大石三平墓,0.5–3 m
131075100075,river_flooding,洪水浸水想定区域,0.11,隅田川・新河岸川流域,L2（想定最大規模）,0.5m未満,PLATEAU building risk,13107,墨田区,Municipal,Unknown,有形文化財,歴史資料,point,大石三平墓,0–0.5 m
131075100076,high_tide,高潮浸水想定,1.92,東京都 高潮浸水想定区域図,,0.5–3 m,external polygon point-in-area,13107,墨田区,Municipal,Unknown,有形文化財,歴史資料,point,江島杉山神社の銅製釣燈籠,0.5–3 m
131075100076,river_flooding,浸水予想区域,0.0,隅田川及び新河岸川流域,,0,external point-grid sampling,13107,墨田区,Municipal,Unknown,有形文化財,歴史資料,point,江島杉山神社の銅製釣燈籠,0
131075100077,high_tide,高潮浸水想定,3.12,東京都 高潮浸水想定区域図,,3–5 m,external polygon point-in-area,13107,墨田区,Municipal,Unknown,有形文化財,歴史資料,point,佐羽淡斎「墨多三絶」の漢詩碑,3–5 m
131075100077,river_flooding,浸水予想区域,0.0,隅田川及び新河岸川流域,,0,external point-grid sampling,13107,墨田区,Municipal,Unknown,有形文化財,歴史資料,point,佐羽淡斎「墨多三絶」の漢詩碑,0
131075100078,high_tide,高潮浸水想定,1.05,東京都 高潮浸水想定区域図,,0.5–3 m,external polygon point-in-area,13107,墨田区,Municipal,Unknown,有形文化財,歴史資料,point,亀田鵬斎「題隅田堤櫻花」の漢詩碑,0.5–3 m
131075100078,river_flooding,浸水予想区域,0.0,隅田川及び新河岸川流域,,0,external point-grid sampling,13107,墨田区,Municipal,Unknown,有形文化財,歴史資料,point,亀田鵬斎「題隅田堤櫻花」の漢詩碑,0
131075100079,high_tide,高潮浸水想定,3.71,東京都 高潮浸水想定区域図,,3–5 m,external polygon point-in-area,13107,墨田区,Municipal,Unknown,有形文化財,歴史資料,point,「吾嬬森碑」,3–5 m
131075100079,river_flooding,浸水予想区域,0.02,江東内部河川流域,,0–0.5 m,external point-grid sampling,13107,墨田区,Municipal,Unknown,有形文化財,歴史資料,point,「吾嬬森碑」,0–0.5 m
131075100080,high_tide,高潮浸水想定,1.65,東京都 高潮浸水想定区域図,,0.5–3 m,external polygon point-in-area,13107,墨田区,Municipal,Unknown,有形文化財,歴史資料,point,近松門左衛門供養碑(断片) ※非公開,0.5–3 m
131075100080,river_flooding,浸水予想区域,0.0,隅田川及び新河岸川流域,,0,external point-grid sampling,13107,墨田区,Municipal,Unknown,有形文化財,歴史資料,point,近松門左衛門供養碑(断片) ※非公開,0
131075100081,high_tide,高潮浸水想定,2.83,東京都 高潮浸水想定区域図,,0.5–3 m,external polygon point-in-area,13107,墨田区,Municipal,Unknown,有形文化財,歴史資料,point,「一勇斎歌川先生墓表」(歌川国芳顕彰碑),0.5–3 m
131075100081,river_flooding,浸水予想区域,0.24,隅田川及び新河岸川流域,,0–0.5 m,external point-grid sampling,13107,墨田区,Municipal,Unknown,有形文化財,歴史資料,point,「一勇斎歌川先生墓表」(歌川国芳顕彰碑),0–0.5 m
131075100082,high_tide,高潮浸水想定,2.63,東京都 高潮浸水想定区域図,,0.5–3 m,external polygon point-in-area,13107,墨田区,Municipal,Unknown,有形文化財,歴史資料,point,「勝川春英翁略傳」の碑,0.5–3 m
131075100082,river_flooding,浸水予想区域,0.08,隅田川及び新河岸川流域,,0–0.5 m,external point-grid sampling,13107,墨田区,Municipal,Unknown,有形文化財,歴史資料,point,「勝川春英翁略傳」の碑,0–0.5 m
131075100083,high_tide,高潮浸水想定,1.65,東京都 高潮浸水想定区域図,,0.5–3 m,external polygon point-in-area,13107,墨田区,Municipal,Unknown,有形文化財,歴史資料,point,初代歌川豊国筆塚(断片),0.5–3 m
131075100083,river_flooding,浸水予想区域,0.0,隅田川及び新河岸川流域,,0,external point-grid sampling,13107,墨田区,Municipal,Unknown,有形文化財,歴史資料,point,初代歌川豊国筆塚(断片),0
131075100084,high_tide,高潮浸水想定,3.53,東京都 高潮浸水想定区域図,,3–5 m,external polygon point-in-area,13107,墨田区,Municipal,Unknown,有形文化財,歴史資料,point,窪俊満「故郷の」の歌碑,3–5 m
131075100084,river_flooding,浸水予想区域,0.11,隅田川及び新河岸川流域,,0–0.5 m,external point-grid sampling,13107,墨田区,Municipal,Unknown,有形文化財,歴史資料,point,窪俊満「故郷の」の歌碑,0–0.5 m
131075100085,high_tide,高潮浸水想定,2.77,東京都 高潮浸水想定区域図,,0.5–3 m,external polygon point-in-area,13107,墨田区,Municipal,Unknown,有形文化財,歴史資料,point,鈴木家旧蔵雛人形,0.5–3 m
131075100085,river_flooding,浸水予想区域,0.3,隅田川及び新河岸川流域,,0–0.5 m,external point-grid sampling,13107,墨田区,Municipal,Unknown,有形文化財,歴史資料,point,鈴木家旧蔵雛人形,0–0.5 m
131075100086,high_tide,高潮浸水想定,3.01,東京都 高潮浸水想定区域図,,3–5 m,external polygon point-in-area,13107,墨田区,Municipal,Unknown,有形文化財,歴史資料,point,太田氏七代供養塔,3–5 m
131075100086,river_flooding,浸水予想区域,0.34,隅田川及び新河岸川流域,,0–0.5 m,external point-grid sampling,13107,墨田区,Municipal,Unknown,有形文化財,歴史資料,point,太田氏七代供養塔,0–0.5 m
131075100087,high_tide,高潮浸水想定,3.01,東京都 高潮浸水想定区域図,,3–5 m,external polygon point-in-area,13107,墨田区,Municipal,Unknown,有形文化財,歴史資料,point,旗本太田資同墓碑,3–5 m
131075100087,river_flooding,浸水予想区域,0.34,隅田川及び新河岸川流域,,0–0.5 m,external point-grid sampling,13107,墨田区,Municipal,Unknown,有形文化財,歴史資料,point,旗本太田資同墓碑,0–0.5 m
131075100088,high_tide,高潮浸水想定,1.15,東京都 高潮浸水想定区域図,,0.5–3 m,external polygon point-in-area,13107,墨田区,Municipal,Unknown,有形文化財,歴史資料,point,隅田川神社資料,0.5–3 m
131075100088,river_flooding,浸水予想区域,0.0,隅田川及び新河岸川流域,,0,external point-grid sampling,13107,墨田区,Municipal,Unknown,有形文化財,歴史資料,point,隅田川神社資料,0
131075100089,high_tide,高潮浸水想定,1.15,東京都 高潮浸水想定区域図,,0.5–3 m,external polygon point-in-area,13107,墨田区,Municipal,Unknown,有形文化財,歴史資料,point,矢掛弓雄関係石碑群,0.5–3 m
131075100089,river_flooding,浸水予想区域,0.0,隅田川及び新河岸川流域,,0,external point-grid sampling,13107,墨田区,Municipal,Unknown,有形文化財,歴史資料,point,矢掛弓雄関係石碑群,0
131075100090,high_tide,高潮浸水想定,1.15,東京都 高潮浸水想定区域図,,0.5–3 m,external polygon point-in-area,13107,墨田区,Municipal,Unknown,有形文化財,歴史資料,point,木阿弥(元杢網)「けふよりも」の歌碑,0.5–3 m
131075100090,river_flooding,浸水予想区域,0.0,隅田川及び新河岸川流域,,0,external point-grid sampling,13107,墨田区,Municipal,Unknown,有形文化財,歴史資料,point,木阿弥(元杢網)「けふよりも」の歌碑,0
131075100091,high_tide,高潮浸水想定,1.39,東京都 高潮浸水想定区域図,,0.5–3 m,external polygon point-in-area,13107,墨田区,Municipal,Unknown,有形文化財,歴史資料,point,義士墓(那珂湊戦争関連資料),0.5–3 m
131075100091,river_flooding,浸水予想区域,0.0,隅田川及び新河岸川流域,,0,external point-grid sampling,13107,墨田区,Municipal,Unknown,有形文化財,歴史資料,point,義士墓(那珂湊戦争関連資料),0
131075100092,high_tide,高潮浸水想定,1.42,東京都 高潮浸水想定区域図,,0.5–3 m,external polygon point-in-area,13107,墨田区,Municipal,Unknown,有形文化財,歴史資料,point,回向院の石造歴史災害供養塔群,0.5–3 m
131075100092,river_flooding,浸水予想区域,0.0,隅田川及び新河岸川流域,,0,external point-grid sampling,13107,墨田区,Municipal,Unknown,有形文化財,歴史資料,point,回向院の石造歴史災害供養塔群,0
131075100095,high_tide,高潮浸水想定,2.3,東京都 高潮浸水想定区域図,,0.5–3 m,external polygon point-in-area,13107,墨田区,Municipal,Unknown,民俗文化財,有形民俗文化財,point,牛嶋神社の石造狛犬 享保十四年銘 一対 文政十年銘 一対,0.5–3 m
131075100095,river_flooding,浸水予想区域,0.15,隅田川及び新河岸川流域,,0–0.5 m,external point-grid sampling,13107,墨田区,Municipal,Unknown,民俗文化財,有形民俗文化財,point,牛嶋神社の石造狛犬 享保十四年銘 一対 文政十年銘 一対,0–0.5 m
131075100096,high_tide,高潮浸水想定,2.83,東京都 高潮浸水想定区域図,,0.5–3 m,external polygon point-in-area,13107,墨田区,Municipal,Unknown,民俗文化財,有形民俗文化財,point,三囲神社の石造狛犬,0.5–3 m
131075100096,river_flooding,浸水予想区域,0.24,隅田川及び新河岸川流域,,0–0.5 m,external point-grid sampling,13107,墨田区,Municipal,Unknown,民俗文化財,有形民俗文化財,point,三囲神社の石造狛犬,0–0.5 m
131075100097,high_tide,高潮浸水想定,1.79,東京都高潮浸水想定区域図（令和6年12月19日）,,0.5m以上3m未満,PLATEAU building risk,13107,墨田区,Municipal,Unknown,民俗文化財,有形民俗文化財,point,如意輪寺の六面六地蔵石幢,0.5–3 m
131075100097,river_flooding,洪水浸水想定区域,0.13,隅田川・新河岸川流域,L2（想定最大規模）,0.5m未満,PLATEAU building risk,13107,墨田区,Municipal,Unknown,民俗文化財,有形民俗文化財,point,如意輪寺の六面六地蔵石幢,0–0.5 m
131075100098,high_tide,高潮浸水想定,4.37,東京都 高潮浸水想定区域図,,3–5 m,external polygon point-in-area,13107,墨田区,Municipal,Unknown,民俗文化財,有形民俗文化財,point,正福寺の石造阿弥陀如来立像,3–5 m
131075100098,river_flooding,浸水予想区域,0.64,隅田川及び新河岸川流域,,0.5–3 m,external point-grid sampling,13107,墨田区,Municipal,Unknown,民俗文化財,有形民俗文化財,point,正福寺の石造阿弥陀如来立像,0.5–3 m
131075100099,high_tide,高潮浸水想定,3.75,東京都 高潮浸水想定区域図,,3–5 m,external polygon point-in-area,13107,墨田区,Municipal,Unknown,民俗文化財,有形民俗文化財,point,多聞寺の石造庚申塔(阿弥陀如来),3–5 m
131075100099,river_flooding,浸水予想区域,0.33,隅田川及び新河岸川流域,,0–0.5 m,external point-grid sampling,13107,墨田区,Municipal,Unknown,民俗文化財,有形民俗文化財,point,多聞寺の石造庚申塔(阿弥陀如来),0–0.5 m
131075100100,high_tide,高潮浸水想定,3.8,東京都 高潮浸水想定区域図,,3–5 m,external polygon point-in-area,13107,墨田区,Municipal,Unknown,民俗文化財,有形民俗文化財,point,圓徳寺の石造庚申塔(釈迦如来),3–5 m
131075100100,river_flooding,浸水予想区域,0.47,隅田川及び新河岸川流域,,0–0.5 m,external point-grid sampling,13107,墨田区,Municipal,Unknown,民俗文化財,有形民俗文化財,point,圓徳寺の石造庚申塔(釈迦如来),0–0.5 m
131075100101,high_tide,高潮浸水想定,3.71,東京都 高潮浸水想定区域図,,3–5 m,external polygon point-in-area,13107,墨田区,Municipal,Unknown,民俗文化財,有形民俗文化財,point,吾嬬神社の石造狛犬,3–5 m
131075100101,river_flooding,浸水予想区域,0.02,江東内部河川流域,,0–0.5 m,external point-grid sampling,13107,墨田区,Municipal,Unknown,民俗文化財,有形民俗文化財,point,吾嬬神社の石造狛犬,0–0.5 m
131075100103,high_tide,高潮浸水想定,4.03,東京都高潮浸水想定区域図（令和6年12月19日）,,3m以上5m未満,PLATEAU building risk,13107,墨田区,Municipal,Unknown,民俗文化財,有形民俗文化財,point,萬福寺の石造庚申塔 (青面金剛童子),3–5 m
131075100103,river_flooding,洪水浸水想定区域,0.7,江東内部河川流域,L2（想定最大規模）,0.5m以上3m未満,PLATEAU building risk,13107,墨田区,Municipal,Unknown,民俗文化財,有形民俗文化財,point,萬福寺の石造庚申塔 (青面金剛童子),0.5–3 m
131075100104,high_tide,高潮浸水想定,3.12,東京都 高潮浸水想定区域図,,3–5 m,external polygon point-in-area,13107,墨田区,Municipal,Unknown,民俗文化財,有形民俗文化財,point,白鬚神社の石造狛犬,3–5 m
131075100104,river_flooding,浸水予想区域,0.0,隅田川及び新河岸川流域,,0,external point-grid sampling,13107,墨田区,Municipal,Unknown,民俗文化財,有形民俗文化財,point,白鬚神社の石造狛犬,0
131075100105,high_tide,高潮浸水想定,4.78,東京都高潮浸水想定区域図（令和6年12月19日）,,3m以上5m未満,PLATEAU building risk,13107,墨田区,Municipal,Unknown,民俗文化財,有形民俗文化財,point,香取神社の石造水鉢(禊盥),3–5 m
131075100105,river_flooding,洪水浸水想定区域,0.69,江東内部河川流域,L2（想定最大規模）,0.5m以上3m未満,PLATEAU building risk,13107,墨田区,Municipal,Unknown,民俗文化財,有形民俗文化財,point,香取神社の石造水鉢(禊盥),0.5–3 m
131075100106,high_tide,高潮浸水想定,2.3,東京都 高潮浸水想定区域図,,0.5–3 m,external polygon point-in-area,13107,墨田区,Municipal,Unknown,民俗文化財,有形民俗文化財,point,牛嶋神社の石造神牛,0.5–3 m
131075100106,river_flooding,浸水予想区域,0.15,隅田川及び新河岸川流域,,0–0.5 m,external point-grid sampling,13107,墨田区,Municipal,Unknown,民俗文化財,有形民俗文化財,point,牛嶋神社の石造神牛,0–0.5 m
131075100107,high_tide,高潮浸水想定,2.83,東京都 高潮浸水想定区域図,,0.5–3 m,external polygon point-in-area,13107,墨田区,Municipal,Unknown,民俗文化財,有形民俗文化財,point,三囲神社の石造神狐,0.5–3 m
131075100107,river_flooding,浸水予想区域,0.24,隅田川及び新河岸川流域,,0–0.5 m,external point-grid sampling,13107,墨田区,Municipal,Unknown,民俗文化財,有形民俗文化財,point,三囲神社の石造神狐,0–0.5 m
131075100108,high_tide,高潮浸水想定,2.63,東京都 高潮浸水想定区域図,,0.5–3 m,external polygon point-in-area,13107,墨田区,Municipal,Unknown,民俗文化財,有形民俗文化財,point,長命寺の石造庚申塔 (地蔵菩薩),0.5–3 m
131075100108,river_flooding,浸水予想区域,0.08,隅田川及び新河岸川流域,,0–0.5 m,external point-grid sampling,13107,墨田区,Municipal,Unknown,民俗文化財,有形民俗文化財,point,長命寺の石造庚申塔 (地蔵菩薩),0–0.5 m
131075100109,high_tide,高潮浸水想定,3.9,東京都 高潮浸水想定区域図,,3–5 m,external polygon point-in-area,13107,墨田区,Municipal,Unknown,民俗文化財,有形民俗文化財,point,正覚寺の石造庚申塔(青面金剛童子),3–5 m
131075100109,river_flooding,浸水予想区域,0.26,江東内部河川流域,,0–0.5 m,external point-grid sampling,13107,墨田区,Municipal,Unknown,民俗文化財,有形民俗文化財,point,正覚寺の石造庚申塔(青面金剛童子),0–0.5 m
131075100110,high_tide,高潮浸水想定,1.24,東京都 高潮浸水想定区域図,,0.5–3 m,external polygon point-in-area,13107,墨田区,Municipal,Unknown,民俗文化財,有形民俗文化財,point,回向院の石造阿弥陀三尊立像,0.5–3 m
131075100110,river_flooding,浸水予想区域,0.0,隅田川及び新河岸川流域,,0,external point-grid sampling,13107,墨田区,Municipal,Unknown,民俗文化財,有形民俗文化財,point,回向院の石造阿弥陀三尊立像,0
131075100111,high_tide,高潮浸水想定,3.31,東京都 高潮浸水想定区域図,,3–5 m,external polygon point-in-area,13107,墨田区,Municipal,Unknown,民俗文化財,有形民俗文化財,point,円通寺の石造地蔵菩薩立像,3–5 m
131075100111,river_flooding,浸水予想区域,0.45,江東内部河川流域,,0–0.5 m,external point-grid sampling,13107,墨田区,Municipal,Unknown,民俗文化財,有形民俗文化財,point,円通寺の石造地蔵菩薩立像,0–0.5 m
131075100112,high_tide,高潮浸水想定,3.75,東京都 高潮浸水想定区域図,,3–5 m,external polygon point-in-area,13107,墨田区,Municipal,Unknown,民俗文化財,有形民俗文化財,point,多聞寺の石造六地蔵坐像,3–5 m
131075100112,river_flooding,浸水予想区域,0.33,隅田川及び新河岸川流域,,0–0.5 m,external point-grid sampling,13107,墨田区,Municipal,Unknown,民俗文化財,有形民俗文化財,point,多聞寺の石造六地蔵坐像,0–0.5 m
131075100113,high_tide,高潮浸水想定,3.53,東京都 高潮浸水想定区域図,,3–5 m,external polygon point-in-area,13107,墨田区,Municipal,Unknown,民俗文化財,有形民俗文化財,point,法泉寺の石造地蔵菩薩立像,3–5 m
131075100113,river_flooding,浸水予想区域,0.11,隅田川及び新河岸川流域,,0–0.5 m,external point-grid sampling,13107,墨田区,Municipal,Unknown,民俗文化財,有形民俗文化財,point,法泉寺の石造地蔵菩薩立像,0–0.5 m
131075100114,high_tide,高潮浸水想定,5.84,東京都 高潮浸水想定区域図,,5 m以上,external polygon point-in-area,13107,墨田区,Municipal,Unknown,民俗文化財,有形民俗文化財,point,東漸寺の石造庚申道標,5 m以上
131075100114,river_flooding,浸水予想区域,1.39,江東内部河川流域,,0.5–3 m,external point-grid sampling,13107,墨田区,Municipal,Unknown,民俗文化財,有形民俗文化財,point,東漸寺の石造庚申道標,0.5–3 m
131075100115,high_tide,高潮浸水想定,2.3,東京都 高潮浸水想定区域図,,0.5–3 m,external polygon point-in-area,13107,墨田区,Municipal,Unknown,民俗文化財,有形民俗文化財,point,牛嶋神社境内力石群,0.5–3 m
131075100115,river_flooding,浸水予想区域,0.15,隅田川及び新河岸川流域,,0–0.5 m,external point-grid sampling,13107,墨田区,Municipal,Unknown,民俗文化財,有形民俗文化財,point,牛嶋神社境内力石群,0–0.5 m
131075100116,high_tide,高潮浸水想定,4.08,東京都高潮浸水想定区域図（令和6年12月19日）,,3m以上5m未満,PLATEAU building risk,13107,墨田区,Municipal,Unknown,民俗文化財,有形民俗文化財,point,力石,3–5 m
131075100116,river_flooding,洪水浸水想定区域,0.51,江東内部河川流域,L2（想定最大規模）,0.5m以上3m未満,PLATEAU building risk,13107,墨田区,Municipal,Unknown,民俗文化財,有形民俗文化財,point,力石,0.5–3 m
131075100117,high_tide,高潮浸水想定,3.71,東京都 高潮浸水想定区域図,,3–5 m,external polygon point-in-area,13107,墨田区,Municipal,Unknown,民俗文化財,有形民俗文化財,point,吾嬬神社境内力石群,3–5 m
131075100117,river_flooding,浸水予想区域,0.02,江東内部河川流域,,0–0.5 m,external point-grid sampling,13107,墨田区,Municipal,Unknown,民俗文化財,有形民俗文化財,point,吾嬬神社境内力石群,0–0.5 m
131075100118,high_tide,高潮浸水想定,2.3,東京都 高潮浸水想定区域図,,0.5–3 m,external polygon point-in-area,13107,墨田区,Municipal,Unknown,民俗文化財,有形民俗文化財,point,牛嶋神社石造神牛(撫牛),0.5–3 m
131075100118,river_flooding,浸水予想区域,0.15,隅田川及び新河岸川流域,,0–0.5 m,external point-grid sampling,13107,墨田区,Municipal,Unknown,民俗文化財,有形民俗文化財,point,牛嶋神社石造神牛(撫牛),0–0.5 m
131075100119,high_tide,高潮浸水想定,1.24,東京都 高潮浸水想定区域図,,0.5–3 m,external polygon point-in-area,13107,墨田区,Municipal,Unknown,民俗文化財,有形民俗文化財,point,鼠小僧供養碑(鼠小僧の墓),0.5–3 m
131075100119,river_flooding,浸水予想区域,0.0,隅田川及び新河岸川流域,,0,external point-grid sampling,13107,墨田区,Municipal,Unknown,民俗文化財,有形民俗文化財,point,鼠小僧供養碑(鼠小僧の墓),0
131075100120,high_tide,高潮浸水想定,1.63,東京都高潮浸水想定区域図（令和6年12月19日）,,0.5m以上3m未満,PLATEAU building risk,13107,墨田区,Municipal,Unknown,民俗文化財,有形民俗文化財,point,安藤家旧蔵田舟,0.5–3 m
131075100120,river_flooding,洪水浸水想定区域,0.03,隅田川・新河岸川流域,L2（想定最大規模）,0.5m未満,PLATEAU building risk,13107,墨田区,Municipal,Unknown,民俗文化財,有形民俗文化財,point,安藤家旧蔵田舟,0–0.5 m
131075100121,high_tide,高潮浸水想定,1.92,東京都 高潮浸水想定区域図,,0.5–3 m,external polygon point-in-area,13107,墨田区,Municipal,Unknown,民俗文化財,有形民俗文化財,point,江島杉山神社境内力石,0.5–3 m
131075100121,river_flooding,浸水予想区域,0.0,隅田川及び新河岸川流域,,0,external point-grid sampling,13107,墨田区,Municipal,Unknown,民俗文化財,有形民俗文化財,point,江島杉山神社境内力石,0
131075100122,high_tide,高潮浸水想定,3.65,東京都高潮浸水想定区域図（令和6年12月19日）,,3m以上5m未満,PLATEAU building risk,13107,墨田区,Municipal,Unknown,民俗文化財,有形民俗文化財,point,山玉向嶋講社の碑,3–5 m
131075100122,river_flooding,洪水浸水想定区域,0.46,江東内部河川流域,L2（想定最大規模）,0.5m未満,PLATEAU building risk,13107,墨田区,Municipal,Unknown,民俗文化財,有形民俗文化財,point,山玉向嶋講社の碑,0–0.5 m
131075100123,high_tide,高潮浸水想定,3.12,東京都 高潮浸水想定区域図,,3–5 m,external polygon point-in-area,13107,墨田区,Municipal,Unknown,民俗文化財,有形民俗文化財,point,山玉向嶋講社の碑,3–5 m
131075100123,river_flooding,浸水予想区域,0.0,隅田川及び新河岸川流域,,0,external point-grid sampling,13107,墨田区,Municipal,Unknown,民俗文化財,有形民俗文化財,point,山玉向嶋講社の碑,0
131075100124,high_tide,高潮浸水想定,2.63,東京都 高潮浸水想定区域図,,0.5–3 m,external polygon point-in-area,13107,墨田区,Municipal,Unknown,民俗文化財,有形民俗文化財,point,出羽三山の碑,0.5–3 m
131075100124,river_flooding,浸水予想区域,0.08,隅田川及び新河岸川流域,,0–0.5 m,external point-grid sampling,13107,墨田区,Municipal,Unknown,民俗文化財,有形民俗文化財,point,出羽三山の碑,0–0.5 m
131075100125,high_tide,高潮浸水想定,2.77,東京都 高潮浸水想定区域図,,0.5–3 m,external polygon point-in-area,13107,墨田区,Municipal,Unknown,民俗文化財,有形民俗文化財,point,柳嶋村念仏講道具一式 附関連文書,0.5–3 m
131075100125,river_flooding,浸水予想区域,0.3,隅田川及び新河岸川流域,,0–0.5 m,external point-grid sampling,13107,墨田区,Municipal,Unknown,民俗文化財,有形民俗文化財,point,柳嶋村念仏講道具一式 附関連文書,0–0.5 m
131075100149,high_tide,高潮浸水想定,3.53,東京都高潮浸水想定区域図（令和6年12月19日）,,3m以上5m未満,PLATEAU building risk,13107,墨田区,Municipal,Unknown,民俗文化財,無形民俗文化財(民俗芸能),point,隅田囃子(箕輪囃子),3–5 m
131075100149,river_flooding,洪水浸水想定区域,0.02,隅田川・新河岸川流域,L2（想定最大規模）,0.5m未満,PLATEAU building risk,13107,墨田区,Municipal,Unknown,民俗文化財,無形民俗文化財(民俗芸能),point,隅田囃子(箕輪囃子),0–0.5 m
131075100150,high_tide,高潮浸水想定,2.63,東京都 高潮浸水想定区域図,,0.5–3 m,external polygon point-in-area,13107,墨田区,Municipal,Unknown,民俗文化財,無形民俗文化財(風俗慣習),point,隅田川七福神めぐり,0.5–3 m
131075100150,river_flooding,浸水予想区域,0.08,隅田川及び新河岸川流域,,0–0.5 m,external point-grid sampling,13107,墨田区,Municipal,Unknown,民俗文化財,無形民俗文化財(風俗慣習),point,隅田川七福神めぐり,0–0.5 m
131075100151,high_tide,高潮浸水想定,1.5,東京都 高潮浸水想定区域図,,0.5–3 m,external polygon point-in-area,13107,墨田区,Municipal,Unknown,記念物,史跡,point,肥前平戸藩松浦家墓所 ※非公開,0.5–3 m
131075100151,river_flooding,浸水予想区域,0.0,隅田川及び新河岸川流域,,0,external point-grid sampling,13107,墨田区,Municipal,Unknown,記念物,史跡,point,肥前平戸藩松浦家墓所 ※非公開,0
131075100152,high_tide,高潮浸水想定,2.63,東京都 高潮浸水想定区域図,,0.5–3 m,external polygon point-in-area,13107,墨田区,Municipal,Unknown,記念物,史跡,point,橘守部墓・橘冬照墓,0.5–3 m
131075100152,river_flooding,浸水予想区域,0.08,隅田川及び新河岸川流域,,0–0.5 m,external point-grid sampling,13107,墨田区,Municipal,Unknown,記念物,史跡,point,橘守部墓・橘冬照墓,0–0.5 m
131075100153,high_tide,高潮浸水想定,2.29,東京都 高潮浸水想定区域図,,0.5–3 m,external polygon point-in-area,13107,墨田区,Municipal,Unknown,記念物,史跡,point,池田冠山墓,0.5–3 m
131075100153,river_flooding,浸水予想区域,0.0,隅田川及び新河岸川流域,,0,external point-grid sampling,13107,墨田区,Municipal,Unknown,記念物,史跡,point,池田冠山墓,0
131075100154,high_tide,高潮浸水想定,2.24,東京都 高潮浸水想定区域図,,0.5–3 m,external polygon point-in-area,13107,墨田区,Municipal,Unknown,記念物,史跡,point,常陸笠間藩牧野家墓所 ※非公開,0.5–3 m
131075100154,river_flooding,浸水予想区域,0.35,隅田川及び新河岸川流域,,0–0.5 m,external point-grid sampling,13107,墨田区,Municipal,Unknown,記念物,史跡,point,常陸笠間藩牧野家墓所 ※非公開,0–0.5 m
131075100155,high_tide,高潮浸水想定,1.24,東京都 高潮浸水想定区域図,,0.5–3 m,external polygon point-in-area,13107,墨田区,Municipal,Unknown,記念物,史跡,point,回向院相撲関係石碑群(力塚),0.5–3 m
131075100155,river_flooding,浸水予想区域,0.0,隅田川及び新河岸川流域,,0,external point-grid sampling,13107,墨田区,Municipal,Unknown,記念物,史跡,point,回向院相撲関係石碑群(力塚),0
131075100156,high_tide,高潮浸水想定,3.31,東京都 高潮浸水想定区域図,,3–5 m,external polygon point-in-area,13107,墨田区,Municipal,Unknown,記念物,天然記念物,point,飛木稲荷神社のイチョウ,3–5 m
131075100156,river_flooding,浸水予想区域,0.45,江東内部河川流域,,0–0.5 m,external point-grid sampling,13107,墨田区,Municipal,Unknown,記念物,天然記念物,point,飛木稲荷神社のイチョウ,0–0.5 m
131075100157,high_tide,高潮浸水想定,0.15,東京都 高潮浸水想定区域図,,0–0.5 m,external polygon point-in-area,13107,墨田区,Municipal,Unknown,記念物,名勝,point,墨堤の桜,0–0.5 m
131075100157,river_flooding,浸水予想区域,0.0,隅田川及び新河岸川流域,,0,external point-grid sampling,13107,墨田区,Municipal,Unknown,記念物,名勝,point,墨堤の桜,0
131083000000.0,high_tide,高潮浸水想定,6.38,東京都高潮浸水想定区域図（令和6年12月19日）,,0.5m以上3m未満;0.5m未満;3m以上5m未満;5m以上10m未満,PLATEAU building risk,13108,江東区,National,Designated,有形文化財,建造物,building_direct,清洲橋,5 m以上
131083000000.0,river_flooding,洪水浸水想定区域,1.24,江東内部河川流域;隅田川・新河岸川流域,L2（想定最大規模）,0.5m以上3m未満;0.5m未満,PLATEAU building risk,13108,江東区,National,Designated,有形文化財,建造物,building_direct,清洲橋,0.5–3 m
131083000000.0,tsunami,津波浸水想定,0.4425,区部,南海トラフ巨大地震_ケース1;南海トラフ巨大地震_ケース2;南海トラフ巨大地震_ケース5;南海トラフ巨大地震_ケース6;南海トラフ巨大地震_ケース8;南海トラフ巨大地震_全5ケース最大値;大正関東地震,0–0.5 m,external point-grid sampling,13108,江東区,National,Designated,有形文化財,建造物,building_direct,清洲橋,0–0.5 m
131156000000.0,river_flooding,洪水浸水想定区域,0.965,城南地区河川流域;神田川流域;荒川水系神田川流域,L2（想定最大規模）,0.5m以上3m未満;0.5m未満,PLATEAU building risk,13115,杉並区,Municipal,Unknown,民俗文化財,有形民俗文化財,point,寛文四年銘聖観音庚申供養塔,0.5–3 m
132,river_flooding,洪水浸水想定区域,0.07,秋川・平井川流域;霞川・多摩川上流圏域,L2（想定最大規模）,0.5m未満,PLATEAU building risk,13205,青梅市,Tokyo Metropolitan,Designated,記念物,史跡,point,虎柏神社境域,0–0.5 m
132000000000.0,river_flooding,洪水浸水想定区域,2.09,荒川水系黒目川・落合川・柳瀬川・空堀川・奈良橋川;黒目川・落合川・柳瀬川・空堀川・奈良橋川流域,L2（想定最大規模）,0.5m以上3m未満;0.5m未満,PLATEAU building risk,13222,東久留米市,Municipal,Unknown,民俗文化財,無形民俗文化財,point,南沢獅子舞,0.5–3 m
132080100003,river_flooding,洪水浸水想定区域,2.9,多摩川水系多摩川・浅川・大栗川,L1（計画規模）;L2（想定最大規模）,0.5m以上3m未満,PLATEAU building risk,13208,調布市,National,Designated,記念物,史跡,point,下布田遺跡,0.5–3 m
132080100004,river_flooding,浸水予想区域,0.0,野川_仙川_入間川_谷沢川及び丸子川流域,,0,external point-grid sampling,13208,調布市,National,Designated,記念物,史跡,point,深大寺城跡,0
132080100007,river_flooding,浸水予想区域,0.0,野川_仙川_入間川_谷沢川及び丸子川流域,,0,external point-grid sampling,13208,調布市,National,Registered,有形文化財,建造物,building_direct,白百合女子大学めぐみ荘(旧菊池家住宅主屋),0
132080100008,river_flooding,浸水予想区域,0.2067,野川_仙川_入間川_谷沢川及び丸子川流域,,0–0.5 m,external point-grid sampling,13208,調布市,National,Registered,有形文化財,建造物,building_direct,新井家住宅主屋,0–0.5 m
132080100009,river_flooding,浸水予想区域,0.2067,野川_仙川_入間川_谷沢川及び丸子川流域,,0–0.5 m,external point-grid sampling,13208,調布市,National,Registered,有形文化財,建造物,building_direct,新井家住宅内蔵,0–0.5 m
132080100010,river_flooding,浸水予想区域,0.2067,野川_仙川_入間川_谷沢川及び丸子川流域,,0–0.5 m,external point-grid sampling,13208,調布市,National,Registered,有形文化財,建造物,building_direct,新井家住宅外蔵,0–0.5 m
132080100011,river_flooding,浸水予想区域,0.2067,野川_仙川_入間川_谷沢川及び丸子川流域,,0–0.5 m,external point-grid sampling,13208,調布市,National,Registered,有形文化財,建造物,building_direct,新井家住宅旧蚕室,0–0.5 m
132080100012,river_flooding,浸水予想区域,0.2067,野川_仙川_入間川_谷沢川及び丸子川流域,,0–0.5 m,external point-grid sampling,13208,調布市,National,Registered,有形文化財,建造物,building_direct,新井家住宅中門及び塀,0–0.5 m
132080100013,river_flooding,浸水予想区域,0.0,野川_仙川_入間川_谷沢川及び丸子川流域,,0,external point-grid sampling,13208,調布市,National,Registered,有形文化財,建造物,building_direct,旧武者小路実篤邸主屋,0
132080100014,river_flooding,浸水予想区域,0.0,野川_仙川_入間川_谷沢川及び丸子川流域,,0,external point-grid sampling,13208,調布市,National,Registered,有形文化財,建造物,building_direct,旧佐橋家住宅主屋,0
132080100015,river_flooding,浸水予想区域,0.0,野川_仙川_入間川_谷沢川及び丸子川流域,,0,external point-grid sampling,13208,調布市,National,Registered,有形文化財,建造物,building_direct,旧佐橋家住宅門,0
132080100019,river_flooding,浸水予想区域,0.9744,野川_仙川_入間川_谷沢川及び丸子川流域,,0.5–3 m,external point-grid sampling,13208,調布市,Tokyo Metropolitan,Designated,記念物,天然記念物,point,佐須の禅寺丸古木,0.5–3 m
132080100020,river_flooding,洪水浸水想定区域,0.2,多摩川水系多摩川・浅川・大栗川,L2（想定最大規模）,0.5m未満,PLATEAU building risk,13208,調布市,Municipal,Designated,有形文化財,建造物,building_direct,上石原若宮八幡神社本殿,0–0.5 m
132080100022,river_flooding,浸水予想区域,0.0845,野川_仙川_入間川_谷沢川及び丸子川流域,,0–0.5 m,external point-grid sampling,13208,調布市,Municipal,Designated,有形文化財,建造物,building_direct,布多天神社本殿,0–0.5 m
132080100023,river_flooding,浸水予想区域,0.0,野川_仙川_入間川_谷沢川及び丸子川流域,,0,external point-grid sampling,13208,調布市,Municipal,Designated,有形文化財,建造物,building_direct,深大寺山門,0
132080100024,river_flooding,浸水予想区域,0.0,野川_仙川_入間川_谷沢川及び丸子川流域,,0,external point-grid sampling,13208,調布市,Municipal,Designated,有形文化財,建造物,building_direct,深大寺深沙大王堂内宮殿,0
132080100026,river_flooding,浸水予想区域,0.0096,野川_仙川_入間川_谷沢川及び丸子川流域,,0–0.5 m,external point-grid sampling,13208,調布市,Municipal,Designated,有形文化財,建造物,building_direct,虎狛神社本殿,0–0.5 m
132080100027,river_flooding,浸水予想区域,0.0096,野川_仙川_入間川_谷沢川及び丸子川流域,,0–0.5 m,external point-grid sampling,13208,調布市,Municipal,Designated,有形文化財,建造物,building_direct,虎狛神社石鳥居,0–0.5 m
132080100051,river_flooding,洪水浸水想定区域,4.53,多摩川水系多摩川・浅川・大栗川,L1（計画規模）;L2（想定最大規模）,0.5m以上3m未満;3m以上5m未満,PLATEAU building risk,13208,調布市,Municipal,Designated,有形文化財,歴史資料,point,野口平一家資料,3–5 m
132080100053,river_flooding,洪水浸水想定区域,0.05,野川・仙川・入間川・谷沢川・丸子川流域,L2（想定最大規模）,0.5m未満,PLATEAU building risk,13208,調布市,Municipal,Designated,有形文化財,歴史資料,point,ジュゼッペ・キアラ神父墓碑,0–0.5 m
132080100054,river_flooding,浸水予想区域,0.0096,野川_仙川_入間川_谷沢川及び丸子川流域,,0–0.5 m,external point-grid sampling,13208,調布市,Municipal,Designated,有形文化財,歴史資料,point,虎狛神社之碑,0–0.5 m
132080100055,river_flooding,浸水予想区域,0.0,野川_仙川_入間川_谷沢川及び丸子川流域,,0,external point-grid sampling,13208,調布市,Municipal,Designated,有形文化財,歴史資料,point,絹本着色釈迦三尊十六善神図,0
132080100057,river_flooding,浸水予想区域,0.0,野川_仙川_入間川_谷沢川及び丸子川流域,,0,external point-grid sampling,13208,調布市,Municipal,Designated,民俗文化財,有形民俗文化財(民俗),point,下石原八幡神社の獅子頭,0
132080100058,river_flooding,浸水予想区域,0.0845,野川_仙川_入間川_谷沢川及び丸子川流域,,0–0.5 m,external point-grid sampling,13208,調布市,Municipal,Designated,民俗文化財,有形民俗文化財(民俗),point,布多天神社狛犬,0–0.5 m
132080100059,river_flooding,洪水浸水想定区域,0.28,野川・仙川・入間川・谷沢川・丸子川流域,L2（想定最大規模）,0.5m未満,PLATEAU building risk,13208,調布市,Municipal,Designated,民俗文化財,有形民俗文化財(民俗),point,小橋の馬頭観音塔,0–0.5 m
132080100061,river_flooding,浸水予想区域,0.0,野川_仙川_入間川_谷沢川及び丸子川流域,,0,external point-grid sampling,13208,調布市,Municipal,Designated,民俗文化財,有形民俗文化財(民俗),point,深大寺元三大師参詣の道標,0
132080100062,river_flooding,浸水予想区域,0.4173,野川_仙川_入間川_谷沢川及び丸子川流域,,0–0.5 m,external point-grid sampling,13208,調布市,Municipal,Designated,民俗文化財,有形民俗文化財(民俗),point,地蔵菩薩立像(妙円地蔵),0–0.5 m
132080100063,river_flooding,浸水予想区域,0.0,野川_仙川_入間川_谷沢川及び丸子川流域,,0,external point-grid sampling,13208,調布市,Municipal,Designated,民俗文化財,有形民俗文化財(民俗),point,百万遍供養塔,0
132080100064,river_flooding,浸水予想区域,0.0,野川_仙川_入間川_谷沢川及び丸子川流域,,0,external point-grid sampling,13208,調布市,Municipal,Designated,民俗文化財,有形民俗文化財(民俗),point,山野庚申塚の庚申塔,0
132080100065,river_flooding,浸水予想区域,0.0845,野川_仙川_入間川_谷沢川及び丸子川流域,,0–0.5 m,external point-grid sampling,13208,調布市,Municipal,Designated,民俗文化財,有形民俗文化財(金石文等),point,布多天神社太閤の制札,0–0.5 m
132080100069,river_flooding,浸水予想区域,0.0,野川_仙川_入間川_谷沢川及び丸子川流域,,0,external point-grid sampling,13208,調布市,Municipal,Designated,民俗文化財,有形民俗文化財(金石文等),point,文明十六年銘胎蔵界大日板碑,0
132080100072,river_flooding,洪水浸水想定区域,0.05,多摩川水系多摩川・浅川・大栗川,L2（想定最大規模）,0.5m未満,PLATEAU building risk,13208,調布市,Municipal,Designated,民俗文化財,無形民俗文化財(民俗芸能),point,調布の祭ばやし,0–0.5 m
132080100074,river_flooding,浸水予想区域,1.3413,野川_仙川_入間川_谷沢川及び丸子川流域,,0.5–3 m,external point-grid sampling,13208,調布市,Municipal,Designated,記念物,史跡,point,近藤勇生家跡,0.5–3 m
132080100075,river_flooding,洪水浸水想定区域,0.01,野川・仙川・入間川・谷沢川・丸子川流域,L2（想定最大規模）,0.5m未満,PLATEAU building risk,13208,調布市,Municipal,Designated,記念物,旧跡,point,小島一里塚跡,0–0.5 m
132080100076,river_flooding,洪水浸水想定区域,0.1,野川・仙川・入間川・谷沢川・丸子川流域,L2（想定最大規模）,0.5m未満,PLATEAU building risk,13208,調布市,Municipal,Designated,記念物,旧跡,point,仙川一里塚跡,0–0.5 m
132080100078,river_flooding,浸水予想区域,0.0,野川_仙川_入間川_谷沢川及び丸子川流域,,0,external point-grid sampling,13208,調布市,Municipal,Designated,記念物,天然記念物,point,青渭神社のケヤキ,0
132080100079,river_flooding,洪水浸水想定区域,0.37,野川・仙川・入間川・谷沢川・丸子川流域,L2（想定最大規模）,0.5m未満,PLATEAU building risk,13208,調布市,Municipal,Designated,記念物,天然記念物,point,山野の禅寺丸古木,0–0.5 m
132080100080,river_flooding,浸水予想区域,0.0,野川_仙川_入間川_谷沢川及び丸子川流域,,0,external point-grid sampling,13208,調布市,Municipal,Designated,記念物,天然記念物,point,金子のイチョウ,0
132080100081,river_flooding,浸水予想区域,0.0,野川_仙川_入間川_谷沢川及び丸子川流域,,0,external point-grid sampling,13208,調布市,Municipal,Designated,記念物,天然記念物,point,絵堂のヒイラギ,0
132080100082,river_flooding,浸水予想区域,0.0,野川_仙川_入間川_谷沢川及び丸子川流域,,0,external point-grid sampling,13208,調布市,Municipal,Designated,有形文化財,歴史資料,point,黄檗版大般若波羅蜜多経,0
132101000000.0,river_flooding,洪水浸水想定区域,0.58,多摩川水系野川・仙川・入間川・谷沢川・丸子川;野川・仙川・入間川・谷沢川・丸子川流域,L2（想定最大規模）,0.5m以上3m未満;0.5m未満,PLATEAU building risk,13210,小金井市,Unknown,Unknown,記念物,名勝,point,小金井(サクラ),0.5–3 m
132136100001,river_flooding,浸水予想区域,0.0174,黒目川_落合川_柳瀬川_空堀川及び奈良橋川流域,,0–0.5 m,external point-grid sampling,13213,東村山市,Municipal,Unknown,民俗文化財,有形民俗文化財,point,貞和の板碑,0–0.5 m
132136100002,river_flooding,浸水予想区域,0.1,黒目川_落合川_柳瀬川_空堀川及び奈良橋川流域,,0–0.5 m,external point-grid sampling,13213,東村山市,Municipal,Other,記念物,史跡,point,浅間塚 ・ 境塚,0–0.5 m
132136100003,river_flooding,浸水予想区域,0.32,黒目川_落合川_柳瀬川_空堀川及び奈良橋川流域,,0–0.5 m;No data,external point-grid sampling,13213,東村山市,Municipal,Unknown,記念物,天然記念物,point,万年橋のケヤキ,0–0.5 m
132136100006,river_flooding,洪水浸水想定区域,0.01,黒目川・落合川・柳瀬川・空堀川・奈良橋川流域,L2（想定最大規模）,0.5m未満,PLATEAU building risk,13213,東村山市,Municipal,Unknown,有形文化財,未細分,point,秋津神社本殿,0–0.5 m
132136100007,river_flooding,浸水予想区域,0.14,黒目川_落合川_柳瀬川_空堀川及び奈良橋川流域,,0–0.5 m,external point-grid sampling,13213,東村山市,Municipal,Unknown,民俗文化財,有形民俗文化財,point,武藤良由碑,0–0.5 m
132136100008,river_flooding,洪水浸水想定区域,0.01,黒目川・落合川・柳瀬川・空堀川・奈良橋川流域,L2（想定最大規模）,0.5m未満,PLATEAU building risk,13213,東村山市,Municipal,Unknown,民俗文化財,有形民俗文化財,point,梅岩寺の庚申塔,0–0.5 m
132136100009,river_flooding,浸水予想区域,0.51,黒目川_落合川_柳瀬川_空堀川及び奈良橋川流域,,0.5–3 m,external point-grid sampling,13213,東村山市,Municipal,Unknown,民俗文化財,有形民俗文化財,point,比 翼 碑 (ひよくひ),0.5–3 m
132136100010,river_flooding,浸水予想区域,0.0174,黒目川_落合川_柳瀬川_空堀川及び奈良橋川流域,,0–0.5 m,external point-grid sampling,13213,東村山市,Municipal,Unknown,民俗文化財,有形民俗文化財,point,千体小地蔵尊像,0–0.5 m
132136100011,river_flooding,浸水予想区域,0.0174,黒目川_落合川_柳瀬川_空堀川及び奈良橋川流域,,0–0.5 m,external point-grid sampling,13213,東村山市,Municipal,Unknown,有形文化財,未細分,point,千体地蔵堂本尊地蔵菩薩立像,0–0.5 m
132136100012,river_flooding,浸水予想区域,0.0527,黒目川_落合川_柳瀬川_空堀川及び奈良橋川流域,,0–0.5 m,external point-grid sampling,13213,東村山市,Municipal,Other,記念物,旧跡,point,鎌倉古街道,0–0.5 m
132136100013,river_flooding,洪水浸水想定区域,0.05,黒目川・落合川・柳瀬川・空堀川・奈良橋川流域,L2（想定最大規模）,0.5m未満,PLATEAU building risk,13213,東村山市,Municipal,Unknown,民俗文化財,有形民俗文化財,point,石造延命地蔵立像,0–0.5 m
132136100014,river_flooding,浸水予想区域,0.02,黒目川_落合川_柳瀬川_空堀川及び奈良橋川流域,,0–0.5 m,external point-grid sampling,13213,東村山市,Municipal,Unknown,民俗文化財,有形民俗文化財,point,一石六地蔵,0–0.5 m
132136100015,river_flooding,浸水予想区域,0.51,黒目川_落合川_柳瀬川_空堀川及び奈良橋川流域,,0.5–3 m,external point-grid sampling,13213,東村山市,Municipal,Unknown,有形文化財,未細分,point,獣脚付蔵骨器,0.5–3 m
132136100016,river_flooding,洪水浸水想定区域,0.01,黒目川・落合川・柳瀬川・空堀川・奈良橋川流域,L2（想定最大規模）,0.5m未満,PLATEAU building risk,13213,東村山市,Municipal,Other,記念物,旧跡,point,瓦塔出土地 (がとう),0–0.5 m
132136100017,river_flooding,浸水予想区域,0.01,黒目川_落合川_柳瀬川_空堀川及び奈良橋川流域,,0–0.5 m,external point-grid sampling,13213,東村山市,Municipal,Unknown,民俗文化財,有形民俗文化財,point,応永の板碑,0–0.5 m
132136100018,river_flooding,浸水予想区域,,黒目川_落合川_柳瀬川_空堀川及び奈良橋川流域,,No data,external point-grid sampling,13213,東村山市,Municipal,Unknown,民俗文化財,有形民俗文化財,point,新・四国石仏,No data
132136100019,river_flooding,浸水予想区域,0.01,黒目川_落合川_柳瀬川_空堀川及び奈良橋川流域,,0–0.5 m,external point-grid sampling,13213,東村山市,Municipal,Unknown,民俗文化財,有形民俗文化財,point,富田家の宝篋印塔,0–0.5 m
132136100020,river_flooding,浸水予想区域,0.04,黒目川_落合川_柳瀬川_空堀川及び奈良橋川流域,,0–0.5 m,external point-grid sampling,13213,東村山市,Municipal,Unknown,民俗文化財,有形民俗文化財,point,赤坂の庚申塔付6基,0–0.5 m
132136100021,river_flooding,浸水予想区域,0.1246,黒目川_落合川_柳瀬川_空堀川及び奈良橋川流域,,0–0.5 m,external point-grid sampling,13213,東村山市,Municipal,Unknown,民俗文化財,有形民俗文化財,point,東村山停車場の碑,0–0.5 m
132136100022,river_flooding,浸水予想区域,0.1157,黒目川_落合川_柳瀬川_空堀川及び奈良橋川流域,,0–0.5 m,external point-grid sampling,13213,東村山市,Municipal,Unknown,民俗文化財,有形民俗文化財,point,八坂神社の大獅子頭,0–0.5 m
132136100023,river_flooding,浸水予想区域,0.0123,黒目川_落合川_柳瀬川_空堀川及び奈良橋川流域,,0–0.5 m,external point-grid sampling,13213,東村山市,Municipal,Unknown,民俗文化財,有形民俗文化財,point,白山神社の牛頭天王像,0–0.5 m
132136100024,river_flooding,浸水予想区域,0.01,黒目川_落合川_柳瀬川_空堀川及び奈良橋川流域,,0–0.5 m,external point-grid sampling,13213,東村山市,Municipal,Unknown,有形文化財,未細分,point,木造薬師如来立像,0–0.5 m
132136100025,river_flooding,浸水予想区域,0.01,黒目川_落合川_柳瀬川_空堀川及び奈良橋川流域,,0–0.5 m,external point-grid sampling,13213,東村山市,Municipal,Other,記念物,史跡,point,久米川の富士塚,0–0.5 m
132136100026,river_flooding,浸水予想区域,0.0174,黒目川_落合川_柳瀬川_空堀川及び奈良橋川流域,,0–0.5 m,external point-grid sampling,13213,東村山市,Municipal,Unknown,有形文化財,未細分,point,正福寺山門,0–0.5 m
132136100027,river_flooding,浸水予想区域,,黒目川_落合川_柳瀬川_空堀川及び奈良橋川流域,,No data,external point-grid sampling,13213,東村山市,Municipal,Unknown,有形文化財,未細分,point,小町家文書,No data
132136100028,river_flooding,浸水予想区域,,黒目川_落合川_柳瀬川_空堀川及び奈良橋川流域,,No data,external point-grid sampling,13213,東村山市,Municipal,Unknown,有形文化財,未細分,point,當麻勉家文書,No data
132136100029,river_flooding,浸水予想区域,,黒目川_落合川_柳瀬川_空堀川及び奈良橋川流域,,No data,external point-grid sampling,13213,東村山市,Municipal,Unknown,有形文化財,未細分,point,江藤昌明家文書,No data
132136100030,river_flooding,浸水予想区域,0.65,黒目川_落合川_柳瀬川_空堀川及び奈良橋川流域,,0.5–3 m,external point-grid sampling,13213,東村山市,Municipal,Unknown,有形文化財,未細分,point,下宅部遺跡出土品,0.5–3 m
132136100031,river_flooding,浸水予想区域,0.35,黒目川_落合川_柳瀬川_空堀川及び奈良橋川流域,,0–0.5 m;No data,external point-grid sampling,13213,東村山市,Municipal,Other,記念物,旧跡,point,東京陸軍少年通信兵学校跡地,0–0.5 m
132136100032,river_flooding,浸水予想区域,,黒目川_落合川_柳瀬川_空堀川及び奈良橋川流域,,No data,external point-grid sampling,13213,東村山市,Municipal,Unknown,有形文化財,未細分,point,熊野神社遺跡出土陶磁器,No data
132136100033,river_flooding,浸水予想区域,,黒目川_落合川_柳瀬川_空堀川及び奈良橋川流域,,No data,external point-grid sampling,13213,東村山市,Municipal,Unknown,民俗文化財,有形民俗文化財,point,はなびや人形店押絵羽子板製作関連資料,No data
132136100034,river_flooding,洪水浸水想定区域,0.01,黒目川・落合川・柳瀬川・空堀川・奈良橋川流域,L2（想定最大規模）,0.5m未満,PLATEAU building risk,13213,東村山市,Municipal,Unknown,有形文化財,未細分,point,諏訪神社本殿,0–0.5 m
132136100035,river_flooding,浸水予想区域,,黒目川_落合川_柳瀬川_空堀川及び奈良橋川流域,,No data,external point-grid sampling,13213,東村山市,Municipal,Unknown,有形文化財,未細分,point,笹塚遺跡出土縄文土器,No data
132136100036,river_flooding,浸水予想区域,0.0174,黒目川_落合川_柳瀬川_空堀川及び奈良橋川流域,,0–0.5 m,external point-grid sampling,13213,東村山市,National,Designated,未判定,国宝,point,正福寺地蔵堂,0–0.5 m
132136100037,river_flooding,浸水予想区域,0.51,黒目川_落合川_柳瀬川_空堀川及び奈良橋川流域,,0.5–3 m,external point-grid sampling,13213,東村山市,National,Designated,有形文化財,未細分,point,板碑 元弘三年斎藤盛貞等戦死供養碑,0.5–3 m
132136100038,river_flooding,浸水予想区域,0.65,黒目川_落合川_柳瀬川_空堀川及び奈良橋川流域,,0.5–3 m,external point-grid sampling,13213,東村山市,National,Designated,有形文化財,未細分,point,東京都下宅部遺跡出土品,0.5–3 m
132136100039,river_flooding,浸水予想区域,,黒目川_落合川_柳瀬川_空堀川及び奈良橋川流域,,No data,external point-grid sampling,13213,東村山市,Tokyo Metropolitan,Unknown,記念物,天然記念物,point,梅岩寺のカヤ,No data
132136100040,river_flooding,浸水予想区域,,黒目川_落合川_柳瀬川_空堀川及び奈良橋川流域,,No data,external point-grid sampling,13213,東村山市,Tokyo Metropolitan,Unknown,記念物,天然記念物,point,梅岩寺のケヤキ,No data
132136100041,river_flooding,洪水浸水想定区域,0.01,黒目川・落合川・柳瀬川・空堀川・奈良橋川流域,L2（想定最大規模）,0.5m未満,PLATEAU building risk,13213,東村山市,Tokyo Metropolitan,Unknown,記念物,旧跡,point,久米川古戦場,0–0.5 m
132136100042,river_flooding,洪水浸水想定区域,0.29,黒目川・落合川・柳瀬川・空堀川・奈良橋川流域,L2（想定最大規模）,0.5m未満,PLATEAU building risk,13213,東村山市,Tokyo Metropolitan,Unknown,記念物,史跡,point,下宅部遺跡,0–0.5 m
132144100002,river_flooding,浸水予想区域,0.0,野川_仙川_入間川_谷沢川及び丸子川流域,,0,external point-grid sampling,13214,国分寺市,National,Designated,その他,その他,point,武蔵国分寺跡 附東山道武蔵路跡,0
132144100003,river_flooding,浸水予想区域,0.0,野川_仙川_入間川_谷沢川及び丸子川流域,,0,external point-grid sampling,13214,国分寺市,National,Designated,その他,その他,point,武蔵多喜窪遺跡第一号住居跡出土品,0
132144100004,river_flooding,浸水予想区域,0.0,野川_仙川_入間川_谷沢川及び丸子川流域,,0,external point-grid sampling,13214,国分寺市,National,Designated,その他,その他,point,殿ヶ谷戸庭園 (随冝園),0
132144100006,river_flooding,浸水予想区域,0.0,野川_仙川_入間川_谷沢川及び丸子川流域,,0,external point-grid sampling,13214,国分寺市,National,Registered,有形文化財,建造物,building_direct,沖本家住宅洋館,0
132144100007,river_flooding,浸水予想区域,0.0,野川_仙川_入間川_谷沢川及び丸子川流域,,0,external point-grid sampling,13214,国分寺市,National,Registered,有形文化財,建造物,building_direct,沖本家住宅和館,0
132144100009,river_flooding,浸水予想区域,0.0,野川_仙川_入間川_谷沢川及び丸子川流域,,0,external point-grid sampling,13214,国分寺市,Tokyo Metropolitan,Designated,その他,その他,point,武蔵国分寺跡出土の緑釉花文皿,0
132144100010,river_flooding,浸水予想区域,0.0,野川_仙川_入間川_谷沢川及び丸子川流域,,0,external point-grid sampling,13214,国分寺市,Tokyo Metropolitan,Designated,その他,その他,point,唐草四獣文銅蓋,0
132144100011,river_flooding,浸水予想区域,0.0,野川_仙川_入間川_谷沢川及び丸子川流域,,0,external point-grid sampling,13214,国分寺市,Tokyo Metropolitan,Designated,その他,その他,point,真姿の池湧水群,0
132144100012,river_flooding,浸水予想区域,0.0,野川_仙川_入間川_谷沢川及び丸子川流域,,0,external point-grid sampling,13214,国分寺市,Municipal,Designated,有形文化財,建造物,building_direct,川崎・伊奈両代官謝恩塔,0
132144100013,river_flooding,浸水予想区域,0.0,野川_仙川_入間川_谷沢川及び丸子川流域,,0,external point-grid sampling,13214,国分寺市,Municipal,Designated,有形文化財,建造物,building_direct,国分寺仁王門,0
132144100014,river_flooding,浸水予想区域,0.0,野川_仙川_入間川_谷沢川及び丸子川流域,,0,external point-grid sampling,13214,国分寺市,Municipal,Designated,その他,その他,point,国分寺所蔵資料(旧国分寺市文化財保存館資料),0
132144100015,river_flooding,浸水予想区域,0.0,野川_仙川_入間川_谷沢川及び丸子川流域,,0,external point-grid sampling,13214,国分寺市,Municipal,Designated,その他,その他,point,土師竪穴住居跡,0
132144100016,river_flooding,浸水予想区域,0.0,野川_仙川_入間川_谷沢川及び丸子川流域,,0,external point-grid sampling,13214,国分寺市,Municipal,Designated,その他,その他,point,万葉植物園,0
132144100017,river_flooding,浸水予想区域,0.0,野川_仙川_入間川_谷沢川及び丸子川流域,,0,external point-grid sampling,13214,国分寺市,Municipal,Designated,その他,その他,point,国分寺のコウヤマキ,0
132144100018,river_flooding,浸水予想区域,0.2374,野川_仙川_入間川_谷沢川及び丸子川流域,,0–0.5 m,external point-grid sampling,13214,国分寺市,Municipal,Designated,その他,その他,point,祥応寺のコノテガシワ,0–0.5 m
132144100019,river_flooding,浸水予想区域,0.0,野川_仙川_入間川_谷沢川及び丸子川流域,,0,external point-grid sampling,13214,国分寺市,Municipal,Designated,有形文化財,建造物,building_direct,国分寺薬師堂,0
132144100020,river_flooding,洪水浸水想定区域,0.23,野川・仙川・入間川・谷沢川・丸子川流域,L2（想定最大規模）,0.5m未満,PLATEAU building risk,13214,国分寺市,Municipal,Designated,有形文化財,建造物,building_direct,国分寺楼門,0–0.5 m
132144100021,river_flooding,浸水予想区域,0.5748,野川_仙川_入間川_谷沢川及び丸子川流域,,0.5–3 m,external point-grid sampling,13214,国分寺市,Municipal,Designated,その他,その他,point,本多良雄家古文書,0.5–3 m
132144100022,river_flooding,浸水予想区域,0.5748,野川_仙川_入間川_谷沢川及び丸子川流域,,0.5–3 m,external point-grid sampling,13214,国分寺市,Municipal,Designated,その他,その他,point,戸倉義助家古文書,0.5–3 m
132144100023,river_flooding,浸水予想区域,0.0892,野川_仙川_入間川_谷沢川及び丸子川流域,,0–0.5 m,external point-grid sampling,13214,国分寺市,Municipal,Designated,その他,その他,point,元文元年野中新田検地帳,0–0.5 m
132144100024,river_flooding,浸水予想区域,0.0,野川_仙川_入間川_谷沢川及び丸子川流域,,0,external point-grid sampling,13214,国分寺市,Municipal,Designated,その他,その他,point,武蔵野新田養料金一件始末書,0
132144100025,river_flooding,浸水予想区域,0.0,野川_仙川_入間川_谷沢川及び丸子川流域,,0,external point-grid sampling,13214,国分寺市,Municipal,Designated,その他,その他,point,南北武蔵野新田養料金始末書,0
132144100026,river_flooding,浸水予想区域,0.5748,野川_仙川_入間川_谷沢川及び丸子川流域,,0.5–3 m,external point-grid sampling,13214,国分寺市,Municipal,Designated,その他,その他,point,村巨細日記,0.5–3 m
132144100027,river_flooding,浸水予想区域,0.0,野川_仙川_入間川_谷沢川及び丸子川流域,,0,external point-grid sampling,13214,国分寺市,Municipal,Designated,その他,その他,point,武蔵野 新田成立期の御用留,0
132144100028,river_flooding,浸水予想区域,0.0,野川_仙川_入間川_谷沢川及び丸子川流域,,0,external point-grid sampling,13214,国分寺市,Municipal,Designated,その他,その他,point,徳川将軍家寺領安堵朱印状,0
132144100030,river_flooding,浸水予想区域,0.0,野川_仙川_入間川_谷沢川及び丸子川流域,,0,external point-grid sampling,13214,国分寺市,Municipal,Designated,その他,その他,point,立川ローム層第X層出土石斧群,0
132144100032,river_flooding,浸水予想区域,0.5748,野川_仙川_入間川_谷沢川及び丸子川流域,,0.5–3 m,external point-grid sampling,13214,国分寺市,Municipal,Designated,その他,その他,point,疫病神の詫び証文,0.5–3 m
132144100033,river_flooding,浸水予想区域,0.0,野川_仙川_入間川_谷沢川及び丸子川流域,,0,external point-grid sampling,13214,国分寺市,Municipal,Designated,その他,その他,point,硬玉製大珠,0
132144100034,river_flooding,浸水予想区域,0.0,野川_仙川_入間川_谷沢川及び丸子川流域,,0,external point-grid sampling,13214,国分寺市,Municipal,Designated,その他,その他,point,木造書見台 墨書銘 「弘治二年 」,0
132144100035,river_flooding,浸水予想区域,0.0,野川_仙川_入間川_谷沢川及び丸子川流域,,0,external point-grid sampling,13214,国分寺市,Municipal,Designated,有形文化財,建造物,building_direct,旧本多家住宅長屋門,0
132144100036,river_flooding,浸水予想区域,0.0,野川_仙川_入間川_谷沢川及び丸子川流域,,0,external point-grid sampling,13214,国分寺市,Municipal,Designated,有形文化財,建造物,building_direct,旧 本多家住宅倉,0
132144100037,river_flooding,浸水予想区域,0.0,野川_仙川_入間川_谷沢川及び丸子川流域,,0,external point-grid sampling,13214,国分寺市,Municipal,Designated,その他,その他,point,武蔵国分寺跡出土の小型海獣葡萄鏡,0
132144100038,river_flooding,浸水予想区域,0.0,野川_仙川_入間川_谷沢川及び丸子川流域,,0,external point-grid sampling,13214,国分寺市,Municipal,Designated,その他,その他,point,武蔵国分寺跡出土の金銅製円形飾金具,0
132144100039,river_flooding,浸水予想区域,0.3131,野川_仙川_入間川_谷沢川及び丸子川流域,,0–0.5 m,external point-grid sampling,13214,国分寺市,Municipal,Designated,その他,その他,point,本多八幡神社の力石,0–0.5 m
132144100040,river_flooding,浸水予想区域,0.0,野川_仙川_入間川_谷沢川及び丸子川流域,,0,external point-grid sampling,13214,国分寺市,Municipal,Designated,その他,その他,point,西町五丁目の旧屋敷林,0
132144100041,river_flooding,浸水予想区域,0.0,野川_仙川_入間川_谷沢川及び丸子川流域,,0,external point-grid sampling,13214,国分寺市,Municipal,Designated,その他,その他,point,恋ヶ窪村分水,0
132144100042,river_flooding,浸水予想区域,0.3131,野川_仙川_入間川_谷沢川及び丸子川流域,,0–0.5 m,external point-grid sampling,13214,国分寺市,Municipal,Designated,その他,その他,point,本多八幡神社神輿,0–0.5 m
132152100008,river_flooding,洪水浸水想定区域,0.27,多摩川水系多摩川・浅川・大栗川,L2（想定最大規模）,0.5m未満,PLATEAU building risk,13215,国立市,National,Registered,有形文化財,未細分,building_direct,滝乃川学園本館,0–0.5 m
132152100035,river_flooding,洪水浸水想定区域,5.92,多摩川水系多摩川・浅川・大栗川,L2（想定最大規模）,5m以上10m未満,PLATEAU building risk,13215,国立市,Municipal,Registered,有形文化財,未細分,building_direct,青柳稲荷神社本殿,5 m以上
132152100036,river_flooding,洪水浸水想定区域,0.41,多摩川水系多摩川・浅川・大栗川,L2（想定最大規模）,0.5m未満,PLATEAU building risk,13215,国立市,Municipal,Registered,有形文化財,未細分,building_direct,滝乃川学園礼拝堂,0–0.5 m
132152100072,river_flooding,洪水浸水想定区域,0.1,多摩川水系多摩川・浅川・大栗川,L2（想定最大規模）,0.5m未満,PLATEAU building risk,13215,国立市,Municipal,Registered,有形文化財,未細分,point,久保の地蔵菩薩像,0–0.5 m
132152100076,river_flooding,洪水浸水想定区域,0.77,多摩川水系多摩川・浅川・大栗川,L2（想定最大規模）,0.5m以上3m未満,PLATEAU building risk,13215,国立市,Municipal,Registered,有形文化財,未細分,point,五智如来(像塔・文字塔),0.5–3 m
132152100079,river_flooding,洪水浸水想定区域,0.22,多摩川水系多摩川・浅川・大栗川,L2（想定最大規模）,0.5m未満,PLATEAU building risk,13215,国立市,Municipal,Registered,有形文化財,未細分,point,常夜燈(青柳),0–0.5 m
132152100091,river_flooding,洪水浸水想定区域,0.06,多摩川水系多摩川・浅川・大栗川,L2（想定最大規模）,0.5m未満,PLATEAU building risk,13215,国立市,Municipal,Registered,有形文化財,未細分,point,アップライトピアノ,0–0.5 m
132152100096,river_flooding,洪水浸水想定区域,0.77,多摩川水系多摩川・浅川・大栗川,L2（想定最大規模）,0.5m以上3m未満,PLATEAU building risk,13215,国立市,Municipal,Registered,有形文化財,未細分,point,石橋供養塔(矢川橋),0.5–3 m
133,river_flooding,洪水浸水想定区域,0.01,秋川・平井川流域,L2（想定最大規模）,0.5m未満,PLATEAU building risk,13205,青梅市,Tokyo Metropolitan,Designated,記念物,史跡,point,青梅新町の大井戸,0–0.5 m
136,river_flooding,洪水浸水想定区域,0.23,多摩川水系多摩川・浅川・大栗川;秋川・平井川流域,L2（想定最大規模）,0.5m未満,PLATEAU building risk,13212,日野市,Tokyo Metropolitan,Designated,記念物,史跡,point,日野宿脇本陣跡,0–0.5 m
137,river_flooding,洪水浸水想定区域,0.48,秋川・平井川流域;黒目川・落合川・柳瀬川・空堀川・奈良橋川流域,L2（想定最大規模）,0.5m未満,PLATEAU building risk,13222,東久留米市,Tokyo Metropolitan,Designated,記念物,史跡,point,新山遺跡,0–0.5 m
139,river_flooding,洪水浸水想定区域,0.01,黒目川・落合川・柳瀬川・空堀川・奈良橋川流域,L2（想定最大規模）,0.5m未満,PLATEAU building risk,13222,東久留米市,Tokyo Metropolitan,Designated,記念物,史跡,point,久喜藩主・長瀞藩主 米津家墓所,0–0.5 m
14,river_flooding,洪水浸水想定区域,0.01,秋川・平井川流域,L2（想定最大規模）,0.5m未満,PLATEAU building risk,13116,豊島区,Municipal,Designated,民俗文化財,無形民俗文化財,point,雑司が谷鬼子母神御会式万燈練供養,0–0.5 m
140,river_flooding,洪水浸水想定区域,0.48,秋川・平井川流域,L2（想定最大規模）,0.5m未満,PLATEAU building risk,13224,多摩市,Tokyo Metropolitan,Designated,記念物,史跡,point,稲荷塚古墳,0–0.5 m
141,river_flooding,洪水浸水想定区域,0.03,浅川圏域・大栗川・三沢川流域;秋川・平井川流域,L2（想定最大規模）,0.5m未満,PLATEAU building risk,13224,多摩市,Tokyo Metropolitan,Designated,記念物,史跡,point,霞ノ関南木戸柵跡,0–0.5 m
142,river_flooding,洪水浸水想定区域,0.29,浅川圏域・大栗川・三沢川流域;秋川・平井川流域,L2（想定最大規模）,0.5m未満,PLATEAU building risk,13224,多摩市,Tokyo Metropolitan,Designated,記念物,史跡,point,多摩ニュータウンNo.57遺跡,0–0.5 m
143,river_flooding,洪水浸水想定区域,1.98,多摩川水系秋川・北秋川・養沢川・平井川・氷沢川・鯉川・玉の内川・北大久野川;秋川・平井川流域,L2（想定最大規模）,0.5m以上3m未満,PLATEAU building risk,13228,あきる野市,Tokyo Metropolitan,Designated,記念物,史跡,point,瀬戸岡古墳群,0.5–3 m
144,river_flooding,洪水浸水想定区域,0.11,秋川・平井川流域,L2（想定最大規模）,0.5m未満,PLATEAU building risk,13228,あきる野市,Tokyo Metropolitan,Designated,記念物,史跡,point,戸倉城跡,0–0.5 m
145,river_flooding,洪水浸水想定区域,0.01,秋川・平井川流域,L2（想定最大規模）,0.5m未満,PLATEAU building risk,13228,あきる野市,Tokyo Metropolitan,Designated,記念物,史跡,point,広徳寺境域,0–0.5 m
146,river_flooding,洪水浸水想定区域,1.97,秋川・平井川流域,L2（想定最大規模）,0.5m以上3m未満,PLATEAU building risk,13228,あきる野市,Municipal,Designated,記念物,天然記念物,point,山抱きの大カシ(ウラジロガシ),0.5–3 m
15,river_flooding,洪水浸水想定区域,0.01,秋川・平井川流域,L2（想定最大規模）,0.5m未満,PLATEAU building risk,13116,豊島区,Municipal,Designated,記念物,史跡,point,池袋富士塚,0–0.5 m
154,river_flooding,浸水予想区域,0.0,神田川流域;隅田川及び新河岸川流域,,0,external point-grid sampling,13101,千代田区,Tokyo Metropolitan,Designated,記念物,旧跡,point,将門塚,0
155,high_tide,高潮浸水想定,0.18,東京都高潮浸水想定区域図（令和6年12月19日）,,0.5m未満,PLATEAU building risk,13105,文京区,Tokyo Metropolitan,Designated,記念物,旧跡,point,藤田東湖護母致命の処,0–0.5 m
155,river_flooding,洪水浸水想定区域,0.866,神田川流域;荒川水系神田川流域,L2（想定最大規模）,0.5m以上3m未満,PLATEAU building risk,13105,文京区,Tokyo Metropolitan,Designated,記念物,旧跡,point,藤田東湖護母致命の処,0.5–3 m
156,river_flooding,浸水予想区域,0.0,神田川流域,,0,external point-grid sampling,13105,文京区,Tokyo Metropolitan,Designated,記念物,旧跡,point,森?外遺跡,0
157,river_flooding,浸水予想区域,0.0,神田川流域;隅田川及び新河岸川流域,,0,external point-grid sampling,13106,台東区,Tokyo Metropolitan,Designated,記念物,旧跡,point,戸田茂睡墓,0
158,river_flooding,浸水予想区域,0.0,神田川流域;隅田川及び新河岸川流域,,0,external point-grid sampling,13106,台東区,Tokyo Metropolitan,Designated,記念物,旧跡,point,六地蔵石燈籠,0
159,high_tide,高潮浸水想定,0.74,東京都高潮浸水想定区域図（令和6年12月19日）,,0.5m以上3m未満,PLATEAU building risk,13106,台東区,Tokyo Metropolitan,Designated,記念物,旧跡,point,玉川庄右衛門及び同清右衛門墓,0.5–3 m
159,river_flooding,洪水浸水想定区域,0.67,神田川流域;隅田川・新河岸川流域,L2（想定最大規模）,0.5m以上3m未満;0.5m未満,PLATEAU building risk,13106,台東区,Tokyo Metropolitan,Designated,記念物,旧跡,point,玉川庄右衛門及び同清右衛門墓,0.5–3 m
16,river_flooding,洪水浸水想定区域,0.01,秋川・平井川流域,L2（想定最大規模）,0.5m未満,PLATEAU building risk,13116,豊島区,Municipal,Registered,有形文化財,未細分,building_direct,重林寺観音堂内厨子覆屋,0–0.5 m
160,river_flooding,洪水浸水想定区域,0.057,神田川流域,L2（想定最大規模）,0.5m未満,PLATEAU building risk,13106,台東区,Tokyo Metropolitan,Designated,記念物,旧跡,point,大久保主水墓,0–0.5 m
161,high_tide,高潮浸水想定,0.33,東京都 高潮浸水想定区域図,,0–0.5 m,external polygon point-in-area,13106,台東区,Tokyo Metropolitan,Designated,記念物,旧跡,point,谷文晁墓,0–0.5 m
161,river_flooding,浸水予想区域,0.19,神田川流域;隅田川及び新河岸川流域,,0;0–0.5 m,external point-grid sampling,13106,台東区,Tokyo Metropolitan,Designated,記念物,旧跡,point,谷文晁墓,0–0.5 m
162,high_tide,高潮浸水想定,0.33,東京都 高潮浸水想定区域図,,0–0.5 m,external polygon point-in-area,13106,台東区,Tokyo Metropolitan,Designated,記念物,旧跡,point,幡随院長兵衛墓,0–0.5 m
162,river_flooding,浸水予想区域,0.19,神田川流域;隅田川及び新河岸川流域,,0;0–0.5 m,external point-grid sampling,13106,台東区,Tokyo Metropolitan,Designated,記念物,旧跡,point,幡随院長兵衛墓,0–0.5 m
163,river_flooding,浸水予想区域,0.0,神田川流域,,0,external point-grid sampling,13106,台東区,Tokyo Metropolitan,Designated,記念物,旧跡,point,慈海僧正墓,0
164,high_tide,高潮浸水想定,0.53,東京都高潮浸水想定区域図（令和6年12月19日）,,0.5m以上3m未満,PLATEAU building risk,13106,台東区,Tokyo Metropolitan,Designated,記念物,旧跡,point,葛飾北斎墓,0.5–3 m
164,river_flooding,洪水浸水想定区域,0.29,隅田川・新河岸川流域,L2（想定最大規模）,0.5m未満,PLATEAU building risk,13106,台東区,Tokyo Metropolitan,Designated,記念物,旧跡,point,葛飾北斎墓,0–0.5 m
165,high_tide,高潮浸水想定,0.5,東京都高潮浸水想定区域図（令和6年12月19日）,,0.5m以上3m未満,PLATEAU building risk,13106,台東区,Tokyo Metropolitan,Designated,記念物,旧跡,point,山田宗?墓,0.5–3 m
165,river_flooding,洪水浸水想定区域,0.43,隅田川・新河岸川流域,L2（想定最大規模）,0.5m未満,PLATEAU building risk,13106,台東区,Tokyo Metropolitan,Designated,記念物,旧跡,point,山田宗?墓,0–0.5 m
166,river_flooding,浸水予想区域,0.0,神田川流域,,0,external point-grid sampling,13106,台東区,Tokyo Metropolitan,Designated,記念物,旧跡,point,了翁禅師塔碑,0
167,river_flooding,浸水予想区域,0.0,神田川流域,,0,external point-grid sampling,13106,台東区,Tokyo Metropolitan,Designated,記念物,旧跡,point,天海僧正毛髪塔,0
168,river_flooding,浸水予想区域,0.0,神田川流域,,0,external point-grid sampling,13106,台東区,Tokyo Metropolitan,Designated,記念物,旧跡,point,樋口定伊墓,0
169,river_flooding,浸水予想区域,0.0,神田川流域,,0,external point-grid sampling,13106,台東区,Tokyo Metropolitan,Designated,記念物,旧跡,point,山岡鉄舟墓,0
17,river_flooding,洪水浸水想定区域,0.075,神田川流域,L2（想定最大規模）,0.5m未満,PLATEAU building risk,13116,豊島区,Municipal,Registered,有形文化財,未細分,building_direct,安田家住宅,0–0.5 m
170,river_flooding,浸水予想区域,0.0,神田川流域,,0,external point-grid sampling,13106,台東区,Tokyo Metropolitan,Designated,記念物,旧跡,point,三遊亭円朝墓,0
171,high_tide,高潮浸水想定,2.22,東京都 高潮浸水想定区域図,,0.5–3 m,external polygon point-in-area,13107,墨田区,Tokyo Metropolitan,Designated,記念物,旧跡,point,赤穂浪士元禄義挙の跡,0.5–3 m
171,river_flooding,浸水予想区域,0.0,隅田川及び新河岸川流域,,0,external point-grid sampling,13107,墨田区,Tokyo Metropolitan,Designated,記念物,旧跡,point,赤穂浪士元禄義挙の跡,0
172,high_tide,高潮浸水想定,1.42,東京都 高潮浸水想定区域図,,0.5–3 m,external polygon point-in-area,13107,墨田区,Tokyo Metropolitan,Designated,記念物,旧跡,point,加藤千蔭墓,0.5–3 m
172,river_flooding,浸水予想区域,0.0,隅田川及び新河岸川流域,,0,external point-grid sampling,13107,墨田区,Tokyo Metropolitan,Designated,記念物,旧跡,point,加藤千蔭墓,0
173,high_tide,高潮浸水想定,1.42,東京都 高潮浸水想定区域図,,0.5–3 m,external polygon point-in-area,13107,墨田区,Tokyo Metropolitan,Designated,記念物,旧跡,point,磐瀬京伝墓,0.5–3 m
173,river_flooding,浸水予想区域,0.0,隅田川及び新河岸川流域,,0,external point-grid sampling,13107,墨田区,Tokyo Metropolitan,Designated,記念物,旧跡,point,磐瀬京伝墓,0
174,high_tide,高潮浸水想定,1.42,東京都 高潮浸水想定区域図,,0.5–3 m,external polygon point-in-area,13107,墨田区,Tokyo Metropolitan,Designated,記念物,旧跡,point,磐瀬京山墓,0.5–3 m
174,river_flooding,浸水予想区域,0.0,隅田川及び新河岸川流域,,0,external point-grid sampling,13107,墨田区,Tokyo Metropolitan,Designated,記念物,旧跡,point,磐瀬京山墓,0
175,river_flooding,浸水予想区域,0.026,城南地区河川流域,,0–0.5 m,external point-grid sampling,13111,大田区,Tokyo Metropolitan,Designated,記念物,旧跡,point,日蓮上人入滅の旧跡,0–0.5 m
176,high_tide,高潮浸水想定,0.03,東京都 高潮浸水想定区域図,,0–0.5 m,external polygon point-in-area,13118,荒川区,Unknown,Unknown,未判定,未細分,point,彰義隊戦死者墓,0–0.5 m
176,river_flooding,浸水予想区域,0.19,隅田川及び新河岸川流域,,0–0.5 m,external point-grid sampling,13118,荒川区,Unknown,Unknown,未判定,未細分,point,彰義隊戦死者墓,0–0.5 m
177,high_tide,高潮浸水想定,1.44,東京都 高潮浸水想定区域図,,0.5–3 m,external polygon point-in-area,13119,板橋区,Unknown,Unknown,未判定,未細分,point,徳丸ケ原,0.5–3 m
177,river_flooding,浸水予想区域,2.21,隅田川及び新河岸川流域,,0.5–3 m,external point-grid sampling,13119,板橋区,Unknown,Unknown,未判定,未細分,point,徳丸ケ原,0.5–3 m
178,river_flooding,浸水予想区域,0.0,隅田川及び新河岸川流域,,0,external point-grid sampling,13119,板橋区,Unknown,Unknown,未判定,未細分,point,松月院大堂,0
179,river_flooding,浸水予想区域,0.0,石神井川及び白子川流域,,0,external point-grid sampling,13120,練馬区,Unknown,Unknown,未判定,未細分,point,池永道雲墓,0
180,river_flooding,浸水予想区域,0.35,中川_綾瀬川圏域,,0–0.5 m,external point-grid sampling,13121,足立区,Unknown,Unknown,未判定,未細分,point,初代安藤広重墓及び記念碑,0–0.5 m
181,high_tide,高潮浸水想定,3.47,東京都 高潮浸水想定区域図,,3–5 m,external polygon point-in-area,13122,葛飾区,Tokyo Metropolitan,Designated,記念物,旧跡,point,安積艮斎墓,3–5 m
181,river_flooding,洪水浸水想定区域,4.53,中川・綾瀬川圏域;利根川水系中川;利根川水系利根川;利根川水系江戸川;利根川水系綾瀬川,L1（計画規模）;L2（想定最大規模）,0.5m以上3m未満;0.5m未満;3m以上5m未満,PLATEAU building risk,13122,葛飾区,Tokyo Metropolitan,Designated,記念物,旧跡,point,安積艮斎墓,3–5 m
182,high_tide,高潮浸水想定,3.71,東京都 高潮浸水想定区域図,,3–5 m,external polygon point-in-area,13122,葛飾区,Tokyo Metropolitan,Designated,記念物,旧跡,point,葛西清重墓,3–5 m
182,river_flooding,浸水予想区域,0.27,中川_綾瀬川圏域,,0–0.5 m,external point-grid sampling,13122,葛飾区,Tokyo Metropolitan,Designated,記念物,旧跡,point,葛西清重墓,0–0.5 m
183,high_tide,高潮浸水想定,2.18,東京都 高潮浸水想定区域図,,0.5–3 m,external polygon point-in-area,13122,葛飾区,Tokyo Metropolitan,Designated,記念物,旧跡,point,山田検校墓,0.5–3 m
183,river_flooding,洪水浸水想定区域,3.22,中川・綾瀬川圏域;利根川水系中川;利根川水系中川・綾瀬川・新中川・旧江戸川・毛長川・大場川・伝右川・垳川・新川;利根川水系利根川;利根川水系江戸川,L1（計画規模）;L2（想定最大規模）,0.5m以上3m未満;3m以上5m未満,PLATEAU building risk,13122,葛飾区,Tokyo Metropolitan,Designated,記念物,旧跡,point,山田検校墓,3–5 m
184,river_flooding,浸水予想区域,0.11,浅川圏域_大栗川及び三沢川流域,,0–0.5 m,external point-grid sampling,13201,八王子市,Tokyo Metropolitan,Designated,記念物,旧跡,point,原胤敦墓,0–0.5 m
188,river_flooding,浸水予想区域,0.0,浅川圏域_大栗川及び三沢川流域,,0,external point-grid sampling,13212,日野市,Tokyo Metropolitan,Designated,記念物,旧跡,point,平山季重墓,0
189,river_flooding,洪水浸水想定区域,0.01,黒目川・落合川・柳瀬川・空堀川・奈良橋川流域,L2（想定最大規模）,0.5m未満,PLATEAU building risk,13213,東村山市,Tokyo Metropolitan,Designated,記念物,旧跡,point,久米川古戦場,0–0.5 m
19,river_flooding,洪水浸水想定区域,0.171,神田川流域;荒川水系神田川流域;霞川・多摩川上流圏域,L2（想定最大規模）,0.5m未満,PLATEAU building risk,13205,青梅市,Tokyo Metropolitan,Designated,有形文化財,建造物,building_direct,馬場家御師住宅,0–0.5 m
190,river_flooding,洪水浸水想定区域,0.46,多摩川水系多摩川・浅川・大栗川,L2（想定最大規模）,0.5m未満,PLATEAU building risk,13215,国立市,Tokyo Metropolitan,Designated,記念物,旧跡,point,伊藤単朴墓,0–0.5 m
192,river_flooding,洪水浸水想定区域,1.31,多摩川水系多摩川・浅川・大栗川;野川・仙川・入間川・谷沢川・丸子川流域,L1（計画規模）;L2（想定最大規模）,0.5m以上3m未満;0.5m未満,PLATEAU building risk,13219,狛江市,Tokyo Metropolitan,Designated,記念物,旧跡,point,玉川碑跡,0.5–3 m
195,river_flooding,浸水予想区域,0.0,神田川流域,,0,external point-grid sampling,13114,中野区,Tokyo Metropolitan,Designated,記念物,名勝,point,哲学堂公園,0
196,river_flooding,洪水浸水想定区域,0.01,神田川流域,L2（想定最大規模）,0.5m未満,PLATEAU building risk,13105,文京区,Tokyo Metropolitan,Designated,記念物,名勝,point,旧安田楠雄邸庭園,0–0.5 m
197,high_tide,高潮浸水想定,2.49,東京都 高潮浸水想定区域図,,0.5–3 m,external polygon point-in-area,13107,墨田区,Tokyo Metropolitan,Designated,記念物,名勝,point,旧安田庭園,0.5–3 m
197,river_flooding,浸水予想区域,0.0,隅田川及び新河岸川流域,,0,external point-grid sampling,13107,墨田区,Tokyo Metropolitan,Designated,記念物,名勝,point,旧安田庭園,0
198,high_tide,高潮浸水想定,2.29,東京都 高潮浸水想定区域図,,0.5–3 m,external polygon point-in-area,13108,江東区,Tokyo Metropolitan,Designated,記念物,名勝,point,清澄庭園,0.5–3 m
198,river_flooding,浸水予想区域,0.0,江東内部河川流域,,0,external point-grid sampling,13108,江東区,Tokyo Metropolitan,Designated,記念物,名勝,point,清澄庭園,0
199,river_flooding,洪水浸水想定区域,0.034,野川・仙川・入間川・谷沢川・丸子川流域,L2（想定最大規模）,0.5m未満,PLATEAU building risk,13112,世田谷区,Tokyo Metropolitan,Designated,記念物,名勝,point,等々力渓谷,0–0.5 m
2,river_flooding,洪水浸水想定区域,0.03,神田川流域;秋川・平井川流域,L2（想定最大規模）,0.5m未満,PLATEAU building risk,13105,文京区,Tokyo Metropolitan,Designated,有形文化財,建造物,building_direct,求道会館,0–0.5 m
20,river_flooding,洪水浸水想定区域,1.97,多摩川水系多摩川・浅川・大栗川;秋川・平井川流域;野川・仙川・入間川・谷沢川・丸子川流域;霞川・多摩川上流圏域,L1（計画規模）;L2（想定最大規模）,0.5m以上3m未満;0.5m未満,PLATEAU building risk,13205,青梅市,Tokyo Metropolitan,Designated,有形文化財,建造物,building_direct,虎柏神社本殿,0.5–3 m
200,river_flooding,洪水浸水想定区域,1.31,秋川・平井川流域,L2（想定最大規模）,0.5m以上3m未満,PLATEAU building risk,13205,青梅市,Tokyo Metropolitan,Designated,記念物,名勝,point,奥御岳景園地,0.5–3 m
2000000001,river_flooding,浸水予想区域,0.0,神田川流域,,0,external point-grid sampling,13114,中野区,National,Registered,有形文化財,未細分,building_direct,旧野方配水塔,0
2000000002,river_flooding,洪水浸水想定区域,0.027,神田川流域,L2（想定最大規模）,0.5m未満,PLATEAU building risk,13114,中野区,National,Registered,有形文化財,未細分,building_direct,中村家住宅洋館,0–0.5 m
2000000003,river_flooding,洪水浸水想定区域,0.004,神田川流域,L2（想定最大規模）,0.5m未満,PLATEAU building risk,13114,中野区,National,Registered,有形文化財,未細分,building_direct,細井家住宅主屋,0–0.5 m
2000000004,river_flooding,洪水浸水想定区域,0.076,神田川流域,L2（想定最大規模）,0.5m未満,PLATEAU building risk,13114,中野区,National,Registered,有形文化財,未細分,building_direct,功運寺庫裏・鐘楼・山門,0–0.5 m
2000000005,river_flooding,洪水浸水想定区域,0.112,神田川流域,L2（想定最大規模）,0.5m未満,PLATEAU building risk,13114,中野区,National,Registered,有形文化財,未細分,building_direct,三岸家住宅アトリエ,0–0.5 m
2000000006,river_flooding,浸水予想区域,0.0,神田川流域,,0,external point-grid sampling,13114,中野区,Municipal,Designated,有形文化財,未細分,building_direct,旧豊多摩監獄表門,0
202,river_flooding,浸水予想区域,0.0,野川_仙川_入間川_谷沢川及び丸子川流域,,0,external point-grid sampling,13214,国分寺市,Tokyo Metropolitan,Designated,記念物,名勝,point,真姿の池湧水群,0
203,river_flooding,浸水予想区域,1.03,秋川及び平井川流域,,0.5–3 m,external point-grid sampling,13307,檜原村,Tokyo Metropolitan,Designated,記念物,名勝,point,三頭大滝,0.5–3 m
205,river_flooding,洪水浸水想定区域,0.027,城南地区河川流域,L2（想定最大規模）,0.5m未満,PLATEAU building risk,13103,港区,Tokyo Metropolitan,Designated,記念物,天然記念物,point,旧細川邸のシイ,0–0.5 m
206,river_flooding,洪水浸水想定区域,0.822,神田川流域,L2（想定最大規模）,0.5m以上3m未満,PLATEAU building risk,13106,台東区,Tokyo Metropolitan,Designated,記念物,天然記念物,point,玉林寺のシイ,0.5–3 m
207,river_flooding,浸水予想区域,0.0,城南地区河川流域,,0,external point-grid sampling,13112,世田谷区,Tokyo Metropolitan,Designated,記念物,天然記念物,point,九品仏のカヤ,0
208,river_flooding,浸水予想区域,0.0,城南地区河川流域,,0,external point-grid sampling,13112,世田谷区,Tokyo Metropolitan,Designated,記念物,天然記念物,point,九品仏のイチョウ,0
209,river_flooding,洪水浸水想定区域,0.044,野川・仙川・入間川・谷沢川・丸子川流域,L2（想定最大規模）,0.5m未満,PLATEAU building risk,13112,世田谷区,Tokyo Metropolitan,Designated,記念物,天然記念物,point,善養寺のカヤ,0–0.5 m
21,river_flooding,浸水予想区域,0.0,神田川流域,,0,external point-grid sampling,13206,府中市,Tokyo Metropolitan,Designated,有形文化財,建造物,building_direct,大国魂神社本殿,0
210,river_flooding,洪水浸水想定区域,0.025,城南地区河川流域,L2（想定最大規模）,0.5m未満,PLATEAU building risk,13112,世田谷区,Tokyo Metropolitan,Designated,記念物,天然記念物,point,桜小学校のオオアカガシ,0–0.5 m
211,river_flooding,浸水予想区域,0.0,神田川流域,,0,external point-grid sampling,13116,豊島区,Tokyo Metropolitan,Designated,記念物,天然記念物,point,鬼子母神大門ケヤキ並木,0
212,river_flooding,浸水予想区域,0.0,神田川流域,,0,external point-grid sampling,13116,豊島区,Tokyo Metropolitan,Designated,記念物,天然記念物,point,雑司が谷鬼子母神のイチョウ,0
214,river_flooding,浸水予想区域,0.0,神田川流域;隅田川及び新河岸川流域,,0,external point-grid sampling,13118,荒川区,Unknown,Unknown,未判定,未細分,point,延命院のシイ,0
215,river_flooding,浸水予想区域,0.01,浅川圏域_大栗川及び三沢川流域,,0–0.5 m,external point-grid sampling,13201,八王子市,Tokyo Metropolitan,Designated,記念物,天然記念物,point,髙尾山のスギ並木,0–0.5 m
216,river_flooding,浸水予想区域,0.01,浅川圏域_大栗川及び三沢川流域,,0–0.5 m,external point-grid sampling,13201,八王子市,Tokyo Metropolitan,Designated,記念物,天然記念物,point,髙尾山の飯盛スギ,0–0.5 m
217,river_flooding,浸水予想区域,0.02,霞川及び多摩川上流圏域,,0–0.5 m,external point-grid sampling,13205,青梅市,Tokyo Metropolitan,Designated,記念物,天然記念物,point,安楽寺の大スギ,0–0.5 m
218,river_flooding,浸水予想区域,0.03,霞川及び多摩川上流圏域,,0–0.5 m,external point-grid sampling,13205,青梅市,Tokyo Metropolitan,Designated,記念物,天然記念物,point,塩船観音の大スギ,0–0.5 m
22,river_flooding,洪水浸水想定区域,0.01,秋川・平井川流域,L2（想定最大規模）,0.5m未満,PLATEAU building risk,13206,府中市,Tokyo Metropolitan,Designated,有形文化財,建造物,building_direct,旧府中町役場庁舎,0–0.5 m
220,river_flooding,浸水予想区域,0.9227,野川_仙川_入間川_谷沢川及び丸子川流域,,0.5–3 m,external point-grid sampling,13208,調布市,Tokyo Metropolitan,Designated,記念物,天然記念物,point,佐須の禅寺丸古木,0.5–3 m
221,river_flooding,洪水浸水想定区域,0.01,黒目川・落合川・柳瀬川・空堀川・奈良橋川流域,L2（想定最大規模）,0.5m未満,PLATEAU building risk,13213,東村山市,Tokyo Metropolitan,Designated,記念物,天然記念物,point,梅岩寺のケヤキ,0–0.5 m
223,river_flooding,浸水予想区域,0.0,浅川圏域_大栗川及び三沢川流域,,0,external point-grid sampling,13224,多摩市,Tokyo Metropolitan,Designated,記念物,天然記念物,point,平久保のシイ,0
224,river_flooding,洪水浸水想定区域,0.01,浅川圏域・大栗川・三沢川流域,L2（想定最大規模）,0.5m未満,PLATEAU building risk,13225,稲城市,Tokyo Metropolitan,Designated,記念物,天然記念物,point,高勝寺のカヤ,0–0.5 m
226,river_flooding,浸水予想区域,0.01,秋川及び平井川流域,,0–0.5 m,external point-grid sampling,13228,あきる野市,Tokyo Metropolitan,Designated,記念物,天然記念物,point,広徳寺のタラヨウ,0–0.5 m
227,river_flooding,浸水予想区域,0.01,秋川及び平井川流域,,0–0.5 m,external point-grid sampling,13228,あきる野市,Tokyo Metropolitan,Designated,記念物,天然記念物,point,広徳寺のカヤ,0–0.5 m
228,river_flooding,浸水予想区域,0.01,秋川及び平井川流域,,0–0.5 m,external point-grid sampling,13228,あきる野市,Tokyo Metropolitan,Designated,記念物,天然記念物,point,南沢の鳥ノ巣石灰岩産地,0–0.5 m
229,river_flooding,洪水浸水想定区域,0.1,秋川・平井川流域,L2（想定最大規模）,0.5m未満,PLATEAU building risk,13228,あきる野市,Tokyo Metropolitan,Designated,記念物,天然記念物,point,光厳寺のヤマザクラ,0–0.5 m
23,river_flooding,浸水予想区域,0.0,野川_仙川_入間川_谷沢川及び丸子川流域,,0,external point-grid sampling,13206,府中市,Tokyo Metropolitan,Designated,有形文化財,建造物,building_direct,旧三岡家長屋門,0
230,river_flooding,洪水浸水想定区域,0.01,秋川・平井川流域,L2（想定最大規模）,0.5m未満,PLATEAU building risk,13228,あきる野市,Tokyo Metropolitan,Designated,記念物,天然記念物,point,地蔵院のカゴノキ,0–0.5 m
239,river_flooding,浸水予想区域,0.0,石神井川及び白子川流域,,0,external point-grid sampling,13210,小金井市,Tokyo Metropolitan,Designated,有形文化財,建造物,building_direct,旧前川家住宅主屋,0
24,river_flooding,洪水浸水想定区域,0.01,秋川・平井川流域,L2（想定最大規模）,0.5m未満,PLATEAU building risk,13207,昭島市,Tokyo Metropolitan,Designated,有形文化財,建造物,building_direct,旧三井家拝島別邸(啓明学園北泉寮),0–0.5 m
240,river_flooding,浸水予想区域,0.0,隅田川及び新河岸川流域,,0,external point-grid sampling,13105,文京区,Tokyo Metropolitan,Designated,記念物,史跡,point,原氏墓所,0
241,river_flooding,洪水浸水想定区域,0.215,神田川流域,L2（想定最大規模）,0.5m未満,PLATEAU building risk,13106,台東区,Tokyo Metropolitan,Designated,記念物,史跡,point,太宰春台墓,0–0.5 m
242,river_flooding,浸水予想区域,0.0,神田川流域,,0,external point-grid sampling,13106,台東区,Tokyo Metropolitan,Designated,記念物,史跡,point,浄厳律師墓,0
243,river_flooding,洪水浸水想定区域,0.07,隅田川・新河岸川流域,L2（想定最大規模）,0.5m未満,PLATEAU building risk,13106,台東区,Tokyo Metropolitan,Designated,記念物,史跡,point,子規庵,0–0.5 m
244,river_flooding,洪水浸水想定区域,0.06,隅田川・新河岸川流域,L2（想定最大規模）,0.5m未満,PLATEAU building risk,13106,台東区,Tokyo Metropolitan,Designated,記念物,史跡,point,中村不折旧宅(書道博物館),0–0.5 m
245,river_flooding,浸水予想区域,0.0,城南地区河川流域,,0,external point-grid sampling,13103,港区,Tokyo Metropolitan,Designated,記念物,天然記念物,point,芝東照宮のイチョウ,0
25,river_flooding,洪水浸水想定区域,0.004,神田川流域,L2（想定最大規模）,0.5m未満,PLATEAU building risk,13209,町田市,Tokyo Metropolitan,Designated,有形文化財,建造物,building_direct,旧荻野家住宅,0–0.5 m
26,river_flooding,洪水浸水想定区域,0.06,秋川・平井川流域,L2（想定最大規模）,0.5m未満,PLATEAU building risk,13212,日野市,Tokyo Metropolitan,Designated,有形文化財,建造物,building_direct,金剛寺旧五部権現社殿,0–0.5 m
27,river_flooding,洪水浸水想定区域,0.04,神田川流域;秋川・平井川流域,L2（想定最大規模）,0.5m未満,PLATEAU building risk,13218,福生市,Tokyo Metropolitan,Designated,有形文化財,建造物,building_direct,熊川神社本殿,0–0.5 m
28,river_flooding,洪水浸水想定区域,0.2,多摩川水系秋川・北秋川・養沢川・平井川・氷沢川・鯉川・玉の内川・北大久野川;秋川・平井川流域,L2（想定最大規模）,0.5m未満,PLATEAU building risk,13227,羽村市,Tokyo Metropolitan,Designated,有形文化財,建造物,building_direct,阿蘇神社本殿,0–0.5 m
29,river_flooding,洪水浸水想定区域,0.01,秋川・平井川流域,L2（想定最大規模）,0.5m未満,PLATEAU building risk,13228,あきる野市,Tokyo Metropolitan,Designated,有形文化財,建造物,building_direct,真照寺薬師堂,0–0.5 m
3,river_flooding,浸水予想区域,0.01,神田川流域;秋川及び平井川流域;隅田川及び新河岸川流域,,0;0–0.5 m,external point-grid sampling,13106,台東区,Tokyo Metropolitan,Designated,有形文化財,建造物,building_direct,浅草寺六角堂,0–0.5 m
31,river_flooding,洪水浸水想定区域,12.91,秋川・平井川流域,L2（想定最大規模）,10m以上20m未満,PLATEAU building risk,13228,あきる野市,Tokyo Metropolitan,Designated,記念物,天然記念物,point,大岳鍾乳洞,5 m以上
32,river_flooding,洪水浸水想定区域,1.97,神田川流域;秋川・平井川流域,L2（想定最大規模）,0.5m以上3m未満;0.5m未満,PLATEAU building risk,13228,あきる野市,Tokyo Metropolitan,Designated,記念物,天然記念物,point,南沢の鳥ノ巣石灰岩産地,0.5–3 m
33,river_flooding,洪水浸水想定区域,0.01,秋川・平井川流域,L2（想定最大規模）,0.5m未満,PLATEAU building risk,13228,あきる野市,Tokyo Metropolitan,Designated,記念物,天然記念物,point,六枚屏風岩,0–0.5 m
34,river_flooding,洪水浸水想定区域,0.294,神田川流域;秋川・平井川流域,L2（想定最大規模）,0.5m未満,PLATEAU building risk,13228,あきる野市,Tokyo Metropolitan,Designated,記念物,天然記念物,point,慈勝寺のモッコク,0–0.5 m
35,high_tide,高潮浸水想定,0.98,東京都高潮浸水想定区域図（令和6年12月19日）,,0.5m以上3m未満,PLATEAU building risk,13228,あきる野市,Tokyo Metropolitan,Designated,記念物,天然記念物,point,光厳寺のヤマザクラ,0.5–3 m
35,river_flooding,洪水浸水想定区域,1.09,神田川流域;秋川・平井川流域;隅田川・新河岸川流域,L2（想定最大規模）,0.5m以上3m未満;0.5m未満,PLATEAU building risk,13228,あきる野市,Tokyo Metropolitan,Designated,記念物,天然記念物,point,光厳寺のヤマザクラ,0.5–3 m
36,river_flooding,洪水浸水想定区域,0.013,神田川流域;秋川・平井川流域,L2（想定最大規模）,0.5m未満,PLATEAU building risk,13228,あきる野市,Tokyo Metropolitan,Designated,記念物,天然記念物,point,地蔵院のカゴノキ,0–0.5 m
37,river_flooding,浸水予想区域,0.01,秋川及び平井川流域,,0–0.5 m,external point-grid sampling,13228,あきる野市,Municipal,Designated,有形文化財,未細分,building_direct,広徳寺総門,0–0.5 m
38,river_flooding,浸水予想区域,0.0,神田川流域,,0,external point-grid sampling,13228,あきる野市,Municipal,Designated,有形文化財,未細分,building_direct,広徳寺山門,0
39,river_flooding,洪水浸水想定区域,0.011,城南地区河川流域;秋川・平井川流域,L2（想定最大規模）,0.5m未満,PLATEAU building risk,13228,あきる野市,Municipal,Designated,有形文化財,未細分,building_direct,開光院本堂・庫裏,0–0.5 m
4,river_flooding,洪水浸水想定区域,0.013,神田川流域,L2（想定最大規模）,0.5m未満,PLATEAU building risk,13109,品川区,Tokyo Metropolitan,Designated,有形文化財,建造物,building_direct,旧島津公爵家袖ヶ崎本邸洋館(清泉女子大学本館),0–0.5 m
40,river_flooding,洪水浸水想定区域,0.171,城南地区河川流域;神田川流域;秋川・平井川流域;荒川水系神田川流域,L2（想定最大規模）,0.5m未満,PLATEAU building risk,13228,あきる野市,Municipal,Designated,有形文化財,未細分,building_direct,三島神社本殿,0–0.5 m
41,river_flooding,洪水浸水想定区域,0.011,神田川流域;秋川・平井川流域,L2（想定最大規模）,0.5m未満,PLATEAU building risk,13228,あきる野市,Municipal,Designated,有形文化財,未細分,building_direct,武多摩神社本殿,0–0.5 m
42,river_flooding,洪水浸水想定区域,0.02,浅川圏域・大栗川・三沢川流域,L2（想定最大規模）,0.5m未満,PLATEAU building risk,13228,あきる野市,Municipal,Designated,有形文化財,未細分,building_direct,八雲神社の五輪塔,0–0.5 m
43,river_flooding,洪水浸水想定区域,0.08,浅川圏域・大栗川・三沢川流域;神田川流域;秋川・平井川流域,L2（想定最大規模）,0.5m未満,PLATEAU building risk,13228,あきる野市,Municipal,Designated,有形文化財,未細分,building_direct,花蔵院の山門,0–0.5 m
44,river_flooding,洪水浸水想定区域,0.071,神田川流域,L2（想定最大規模）,0.5m未満,PLATEAU building risk,13228,あきる野市,Municipal,Designated,有形文化財,未細分,building_direct,真照寺の山門,0–0.5 m
45,river_flooding,洪水浸水想定区域,0.01,秋川・平井川流域,L2（想定最大規模）,0.5m未満,PLATEAU building risk,13228,あきる野市,Municipal,Designated,有形文化財,未細分,building_direct,福徳寺の山門,0–0.5 m
46,river_flooding,洪水浸水想定区域,0.025,神田川流域,L2（想定最大規模）,0.5m未満,PLATEAU building risk,13228,あきる野市,Municipal,Designated,有形文化財,未細分,building_direct,大悲願寺観音堂,0–0.5 m
47,river_flooding,浸水予想区域,0.11,秋川及び平井川流域,,0–0.5 m,external point-grid sampling,13228,あきる野市,Municipal,Designated,有形文化財,未細分,building_direct,大悲願寺楼門(仁王門),0–0.5 m
49,river_flooding,洪水浸水想定区域,0.64,神田川流域;秋川・平井川流域,L2（想定最大規模）,0.5m以上3m未満;0.5m未満,PLATEAU building risk,13228,あきる野市,Municipal,Designated,有形文化財,未細分,building_direct,旧市倉家住宅,0.5–3 m
5,river_flooding,洪水浸水想定区域,2.2,城南地区河川流域;多摩川水系多摩川・浅川・大栗川,L1（計画規模）;L2（想定最大規模）,0.5m以上3m未満,PLATEAU building risk,13110,目黒区,Tokyo Metropolitan,Designated,有形文化財,建造物,building_direct,滝泉寺前不動堂,0.5–3 m
50,river_flooding,洪水浸水想定区域,0.01,秋川・平井川流域,L2（想定最大規模）,0.5m未満,PLATEAU building risk,13228,あきる野市,Municipal,Designated,有形文化財,未細分,building_direct,二宮神社本殿,0–0.5 m
51,river_flooding,洪水浸水想定区域,0.071,神田川流域,L2（想定最大規模）,0.5m未満,PLATEAU building risk,13228,あきる野市,Municipal,Designated,有形文化財,未細分,building_direct,二宮神社宮殿,0–0.5 m
52,river_flooding,洪水浸水想定区域,0.01,秋川・平井川流域,L2（想定最大規模）,0.5m未満,PLATEAU building risk,13228,あきる野市,Municipal,Designated,有形文化財,未細分,building_direct,雨武主神社本殿,0–0.5 m
53,river_flooding,洪水浸水想定区域,0.01,秋川・平井川流域,L2（想定最大規模）,0.5m未満,PLATEAU building risk,13228,あきる野市,Municipal,Designated,有形文化財,未細分,building_direct,子生神社本殿,0–0.5 m
54,river_flooding,洪水浸水想定区域,0.01,秋川・平井川流域,L2（想定最大規模）,0.5m未満,PLATEAU building risk,13228,あきる野市,Municipal,Designated,有形文化財,未細分,building_direct,森山神社本殿,0–0.5 m
6,river_flooding,洪水浸水想定区域,0.017,城南地区河川流域,L2（想定最大規模）,0.5m未満,PLATEAU building risk,13112,世田谷区,Tokyo Metropolitan,Designated,有形文化財,建造物,building_direct,武家屋敷門,0–0.5 m
7,river_flooding,洪水浸水想定区域,0.375,神田川流域,L2（想定最大規模）,0.5m未満,PLATEAU building risk,13115,杉並区,Tokyo Metropolitan,Designated,有形文化財,建造物,building_direct,妙法寺祖師堂,0–0.5 m
8,river_flooding,洪水浸水想定区域,0.032,神田川流域,L2（想定最大規模）,0.5m未満,PLATEAU building risk,13115,杉並区,Tokyo Metropolitan,Designated,有形文化財,建造物,building_direct,妙法寺書院(御成間),0–0.5 m
88,river_flooding,浸水予想区域,0.0,神田川流域,,0,external point-grid sampling,13228,あきる野市,Municipal,Designated,有形文化財,未細分,point,瑞雲寺板碑,0
89,river_flooding,洪水浸水想定区域,0.025,神田川流域,L2（想定最大規模）,0.5m未満,PLATEAU building risk,13228,あきる野市,Municipal,Designated,有形文化財,未細分,point,大悲願寺井戸枠,0–0.5 m
9,river_flooding,洪水浸水想定区域,0.076,神田川流域,L2（想定最大規模）,0.5m未満,PLATEAU building risk,13115,杉並区,Tokyo Metropolitan,Designated,有形文化財,建造物,building_direct,妙法寺仁王門,0–0.5 m
90,river_flooding,浸水予想区域,0.0,神田川流域,,0,external point-grid sampling,13228,あきる野市,Municipal,Designated,有形文化財,未細分,point,ところ芋の碑,0
91,river_flooding,洪水浸水想定区域,0.01,秋川・平井川流域,L2（想定最大規模）,0.5m未満,PLATEAU building risk,13228,あきる野市,Municipal,Designated,有形文化財,未細分,point,百番供養塔,0–0.5 m
92,river_flooding,洪水浸水想定区域,0.01,秋川・平井川流域,L2（想定最大規模）,0.5m未満,PLATEAU building risk,13228,あきる野市,Municipal,Designated,有形文化財,未細分,point,御嶽神社の懸仏,0–0.5 m
93,river_flooding,浸水予想区域,0.0,神田川流域,,0,external point-grid sampling,13102,中央区,Tokyo Metropolitan,Designated,有形文化財,歴史資料,point,一石橋迷子しらせ石標,0
94,river_flooding,浸水予想区域,0.0,神田川流域,,0,external point-grid sampling,13106,台東区,Tokyo Metropolitan,Designated,有形文化財,歴史資料,point,西仏板碑,0
95,river_flooding,洪水浸水想定区域,0.01,秋川・平井川流域,L2（想定最大規模）,0.5m未満,PLATEAU building risk,13107,墨田区,Tokyo Metropolitan,Designated,有形文化財,歴史資料,point,石造明暦大火横死者等供養塔,0–0.5 m
96,river_flooding,洪水浸水想定区域,0.003,城南地区河川流域,L2（想定最大規模）,0.5m未満,PLATEAU building risk,13110,目黒区,Tokyo Metropolitan,Designated,有形文化財,歴史資料,point,大円寺石仏群,0–0.5 m
97,river_flooding,浸水予想区域,0.0,神田川流域,,0,external point-grid sampling,13110,目黒区,Tokyo Metropolitan,Designated,有形文化財,歴史資料,point,文化4年永代橋崩落横死者供養塔及び石碑,0
98,high_tide,高潮浸水想定,2.38,東京都高潮浸水想定区域図（令和6年12月19日）,,0.5m以上3m未満,PLATEAU building risk,13123,江戸川区,Tokyo Metropolitan,Designated,有形文化財,歴史資料,point,天明三年浅間山噴火横死者供養碑,0.5–3 m
98,river_flooding,洪水浸水想定区域,3.282,中川・綾瀬川圏域;利根川水系利根川;利根川水系江戸川,L1（計画規模）;L2（想定最大規模）,0.5m以上3m未満;0.5m未満;3m以上5m未満,PLATEAU building risk,13123,江戸川区,Tokyo Metropolitan,Designated,有形文化財,歴史資料,point,天明三年浅間山噴火横死者供養碑,3–5 m
99,river_flooding,洪水浸水想定区域,0.01,秋川・平井川流域,L2（想定最大規模）,0.5m未満,PLATEAU building risk,13228,あきる野市,Municipal,Designated,民俗文化財,有形民俗文化財,point,珠陽院の巳待供養塔,0–0.5 m
official_export_001:0,river_flooding,洪水浸水想定区域,0.1,隅田川・新河岸川流域,L2（想定最大規模）,0.5m未満,PLATEAU building risk,13106,台東区,National,Designated,有形文化財,建造物,building_direct,浅草神社,0–0.5 m
official_export_001:1,river_flooding,洪水浸水想定区域,0.1,隅田川・新河岸川流域,L2（想定最大規模）,0.5m未満,PLATEAU building risk,13106,台東区,National,Designated,有形文化財,建造物,building_direct,浅草神社,0–0.5 m
official_export_001:100,high_tide,高潮浸水想定,3.25,東京都 高潮浸水想定区域図,,3–5 m,external polygon point-in-area,13108,江東区,National,Designated,有形文化財,建造物,building_direct,旧弾正橋(八幡橋),3–5 m
official_export_001:100,river_flooding,浸水予想区域,1.26,江東内部河川流域,,0.5–3 m,external point-grid sampling,13108,江東区,National,Designated,有形文化財,建造物,building_direct,旧弾正橋(八幡橋),0.5–3 m
official_export_001:101,high_tide,高潮浸水想定,0.03,東京都高潮浸水想定区域図（令和6年12月19日）,,0.5m未満,PLATEAU building risk,13102,中央区,National,Designated,有形文化財,建造物,building_direct,築地本願寺本堂,0–0.5 m
official_export_001:101,river_flooding,洪水浸水想定区域,0.01,隅田川・新河岸川流域,L2（想定最大規模）,0.5m未満,PLATEAU building risk,13102,中央区,National,Designated,有形文化財,建造物,building_direct,築地本願寺本堂,0–0.5 m
official_export_001:102,river_flooding,洪水浸水想定区域,0.523,神田川流域,L2（想定最大規模）,0.5m以上3m未満,PLATEAU building risk,13105,文京区,National,Designated,有形文化財,建造物,building_direct,旧東京医学校本館,0.5–3 m
official_export_001:103,high_tide,高潮浸水想定,0.02,東京都高潮浸水想定区域図（令和6年12月19日）,,0.5m未満,PLATEAU building risk,13101,千代田区,National,Designated,有形文化財,建造物,building_direct,東京駅丸ノ内本屋,0–0.5 m
official_export_001:103,river_flooding,洪水浸水想定区域,0.149,神田川流域;荒川水系神田川流域;隅田川・新河岸川流域,L2（想定最大規模）,0.5m未満,PLATEAU building risk,13101,千代田区,National,Designated,有形文化財,建造物,building_direct,東京駅丸ノ内本屋,0–0.5 m
official_export_001:104,river_flooding,洪水浸水想定区域,0.085,神田川流域,L2（想定最大規模）,0.5m未満,PLATEAU building risk,13106,台東区,National,Designated,有形文化財,建造物,building_direct,旧東京音楽学校奏楽堂,0–0.5 m
official_export_001:105,river_flooding,浸水予想区域,0.0,神田川流域,,0,external point-grid sampling,13106,台東区,National,Designated,有形文化財,建造物,building_direct,旧東京帝室博物館本館,0
official_export_001:106,river_flooding,浸水予想区域,0.0,隅田川及び新河岸川流域,,0,external point-grid sampling,13103,港区,National,Designated,有形文化財,建造物,building_direct,旧東宮御所(迎賓館赤坂離宮),0
official_export_001:107,river_flooding,浸水予想区域,0.0,神田川流域,,0,external point-grid sampling,13106,台東区,National,Designated,有形文化財,建造物,building_direct,東照宮社殿,0
official_export_001:108,river_flooding,浸水予想区域,0.0,神田川流域,,0,external point-grid sampling,13106,台東区,National,Designated,有形文化財,建造物,building_direct,東照宮社殿,0
official_export_001:109,river_flooding,浸水予想区域,0.0,神田川流域,,0,external point-grid sampling,13106,台東区,National,Designated,有形文化財,建造物,building_direct,東照宮社殿,0
official_export_001:11,river_flooding,浸水予想区域,0.0,隅田川及び新河岸川流域,,0,external point-grid sampling,13101,千代田区,National,Designated,有形文化財,建造物,building_direct,旧江戸城清水門,0
official_export_001:110,river_flooding,浸水予想区域,0.0,神田川流域,,0,external point-grid sampling,13106,台東区,National,Designated,有形文化財,建造物,building_direct,東照宮社殿,0
official_export_001:112,high_tide,高潮浸水想定,0.03,東京都高潮浸水想定区域図（令和6年12月19日）,,0.5m未満,PLATEAU building risk,13102,中央区,National,Designated,有形文化財,建造物,building_direct,日本銀行本店本館,0–0.5 m
official_export_001:112,river_flooding,洪水浸水想定区域,1.627,神田川流域;荒川水系神田川流域,L2（想定最大規模）,0.5m以上3m未満,PLATEAU building risk,13102,中央区,National,Designated,有形文化財,建造物,building_direct,日本銀行本店本館,0.5–3 m
official_export_001:114,river_flooding,浸水予想区域,0.0,神田川流域,,0,external point-grid sampling,13101,千代田区,National,Designated,有形文化財,建造物,building_direct,日本ハリストス正教会教団,0
official_export_001:115,river_flooding,浸水予想区域,0.0,神田川流域,,0,external point-grid sampling,13101,千代田区,National,Designated,有形文化財,建造物,building_direct,日本ハリストス正教会教団,0
official_export_001:116,river_flooding,洪水浸水想定区域,0.006,神田川流域,L2（想定最大規模）,0.5m未満,PLATEAU building risk,13101,千代田区,National,Designated,有形文化財,建造物,building_direct,日本ハリストス正教会教団,0–0.5 m
official_export_001:117,river_flooding,浸水予想区域,0.0,神田川流域,,0,external point-grid sampling,13101,千代田区,National,Designated,有形文化財,建造物,building_direct,日本ハリストス正教会教団,0
official_export_001:118,river_flooding,洪水浸水想定区域,0.045,神田川流域,L2（想定最大規模）,0.5m未満,PLATEAU building risk,13101,千代田区,National,Designated,有形文化財,建造物,building_direct,日本ハリストス正教会教団,0–0.5 m
official_export_001:119,river_flooding,浸水予想区域,0.0,神田川流域,,0,external point-grid sampling,13105,文京区,National,Designated,有形文化財,建造物,building_direct,根津神社,0
official_export_001:12,river_flooding,浸水予想区域,0.0,隅田川及び新河岸川流域,,0,external point-grid sampling,13101,千代田区,National,Designated,有形文化財,建造物,building_direct,旧江戸城清水門,0
official_export_001:120,river_flooding,浸水予想区域,0.0,神田川流域,,0,external point-grid sampling,13105,文京区,National,Designated,有形文化財,建造物,building_direct,根津神社,0
official_export_001:121,river_flooding,浸水予想区域,0.0,神田川流域,,0,external point-grid sampling,13105,文京区,National,Designated,有形文化財,建造物,building_direct,根津神社,0
official_export_001:122,river_flooding,浸水予想区域,0.0,神田川流域,,0,external point-grid sampling,13105,文京区,National,Designated,有形文化財,建造物,building_direct,根津神社,0
official_export_001:123,river_flooding,浸水予想区域,0.0,神田川流域,,0,external point-grid sampling,13105,文京区,National,Designated,有形文化財,建造物,building_direct,根津神社,0
official_export_001:124,river_flooding,浸水予想区域,0.0,神田川流域,,0,external point-grid sampling,13105,文京区,National,Designated,有形文化財,建造物,building_direct,根津神社,0
official_export_001:125,river_flooding,浸水予想区域,0.0,神田川流域,,0,external point-grid sampling,13105,文京区,National,Designated,有形文化財,建造物,building_direct,根津神社,0
official_export_001:126,river_flooding,浸水予想区域,0.0,神田川流域,,0,external point-grid sampling,13106,台東区,National,Designated,有形文化財,建造物,building_direct,表慶館,0
official_export_001:127,river_flooding,浸水予想区域,0.22,隅田川及び新河岸川流域,,0–0.5 m,external point-grid sampling,13103,港区,National,Designated,有形文化財,建造物,building_direct,武家屋敷門,0–0.5 m
official_export_001:128,river_flooding,洪水浸水想定区域,0.05,城南地区河川流域,L2（想定最大規模）,0.5m未満,PLATEAU building risk,13109,品川区,National,Designated,有形文化財,建造物,building_direct,宝篋印塔,0–0.5 m
official_export_001:13,river_flooding,浸水予想区域,0.0,隅田川及び新河岸川流域,,0,external point-grid sampling,13101,千代田区,National,Designated,有形文化財,建造物,building_direct,旧江戸城外桜田門,0
official_export_001:130,river_flooding,浸水予想区域,0.0,神田川流域;隅田川及び新河岸川流域,,0,external point-grid sampling,13101,千代田区,National,Designated,有形文化財,建造物,building_direct,法務省旧本館,0
official_export_001:131,river_flooding,洪水浸水想定区域,0.063,城南地区河川流域,L2（想定最大規模）,0.5m未満,PLATEAU building risk,13111,大田区,National,Designated,有形文化財,建造物,building_direct,本門寺五重塔,0–0.5 m
official_export_001:138,river_flooding,浸水予想区域,0.22,隅田川及び新河岸川流域,,0–0.5 m,external point-grid sampling,13102,中央区,National,Designated,有形文化財,建造物,building_direct,三井本館,0–0.5 m
official_export_001:139,river_flooding,洪水浸水想定区域,0.031,神田川流域,L2（想定最大規模）,0.5m未満,PLATEAU building risk,13102,中央区,National,Designated,有形文化財,建造物,building_direct,三越日本橋本店,0–0.5 m
official_export_001:14,river_flooding,浸水予想区域,0.0,隅田川及び新河岸川流域,,0,external point-grid sampling,13101,千代田区,National,Designated,有形文化財,建造物,building_direct,旧江戸城田安門,0
official_export_001:140,river_flooding,洪水浸水想定区域,4.84,多摩川水系多摩川・浅川・大栗川,L2（想定最大規模）,3m以上5m未満,PLATEAU building risk,13205,青梅市,National,Designated,有形文化財,建造物,building_direct,旧宮崎家住宅(旧所在 東京都青梅市成木),3–5 m
official_export_001:141,river_flooding,浸水予想区域,0.0,神田川流域,,0,external point-grid sampling,13115,杉並区,National,Designated,有形文化財,建造物,building_direct,妙法寺鉄門,0
official_export_001:142,river_flooding,浸水予想区域,0.0,城南地区河川流域,,0,external point-grid sampling,13103,港区,National,Designated,有形文化財,建造物,building_direct,明治学院インブリー館,0
official_export_001:143,river_flooding,浸水予想区域,0.0,城南地区河川流域,,0,external point-grid sampling,13113,渋谷区,National,Designated,有形文化財,建造物,building_direct,明治神宮,0
official_export_001:15,river_flooding,浸水予想区域,0.0,城南地区河川流域,,0,external point-grid sampling,13110,目黒区,National,Designated,有形文化財,建造物,building_direct,円融寺本堂,0
official_export_001:16,river_flooding,洪水浸水想定区域,0.004,城南地区河川流域,L2（想定最大規模）,0.5m未満,PLATEAU building risk,13112,世田谷区,National,Designated,有形文化財,建造物,building_direct,大場家住宅(東京都世田谷区世田谷),0–0.5 m
official_export_001:167,river_flooding,浸水予想区域,0.0,城南地区河川流域,,0,external point-grid sampling,13113,渋谷区,National,Designated,有形文化財,建造物,building_direct,明治神宮,0
official_export_001:17,river_flooding,浸水予想区域,0.0,城南地区河川流域,,0,external point-grid sampling,13112,世田谷区,National,Designated,有形文化財,建造物,building_direct,大場家住宅(東京都世田谷区世田谷),0
official_export_001:179,river_flooding,浸水予想区域,0.0,城南地区河川流域,,0,external point-grid sampling,13113,渋谷区,National,Designated,有形文化財,建造物,building_direct,明治神宮宝物殿,0
official_export_001:18,river_flooding,洪水浸水想定区域,0.005,神田川流域,L2（想定最大規模）,0.5m未満,PLATEAU building risk,13105,文京区,National,Designated,有形文化財,建造物,building_direct,旧加賀屋敷御守殿門(赤門),0–0.5 m
official_export_001:180,river_flooding,浸水予想区域,0.0,城南地区河川流域,,0,external point-grid sampling,13113,渋谷区,National,Designated,有形文化財,建造物,building_direct,明治神宮宝物殿,0
official_export_001:181,river_flooding,浸水予想区域,0.0,城南地区河川流域,,0,external point-grid sampling,13113,渋谷区,National,Designated,有形文化財,建造物,building_direct,明治神宮宝物殿,0
official_export_001:182,river_flooding,浸水予想区域,0.0,城南地区河川流域,,0,external point-grid sampling,13113,渋谷区,National,Designated,有形文化財,建造物,building_direct,明治神宮宝物殿,0
official_export_001:183,river_flooding,浸水予想区域,0.0,城南地区河川流域,,0,external point-grid sampling,13113,渋谷区,National,Designated,有形文化財,建造物,building_direct,明治神宮宝物殿,0
official_export_001:184,river_flooding,浸水予想区域,0.0,城南地区河川流域,,0,external point-grid sampling,13113,渋谷区,National,Designated,有形文化財,建造物,building_direct,明治神宮宝物殿,0
official_export_001:185,river_flooding,浸水予想区域,0.0,城南地区河川流域,,0,external point-grid sampling,13113,渋谷区,National,Designated,有形文化財,建造物,building_direct,明治神宮宝物殿,0
official_export_001:186,river_flooding,浸水予想区域,0.0,城南地区河川流域,,0,external point-grid sampling,13113,渋谷区,National,Designated,有形文化財,建造物,building_direct,明治神宮宝物殿,0
official_export_001:187,river_flooding,浸水予想区域,0.0,城南地区河川流域,,0,external point-grid sampling,13113,渋谷区,National,Designated,有形文化財,建造物,building_direct,明治神宮宝物殿,0
official_export_001:188,river_flooding,浸水予想区域,0.0,城南地区河川流域,,0,external point-grid sampling,13113,渋谷区,National,Designated,有形文化財,建造物,building_direct,明治神宮宝物殿,0
official_export_001:189,river_flooding,浸水予想区域,0.0,城南地区河川流域,,0,external point-grid sampling,13113,渋谷区,National,Designated,有形文化財,建造物,building_direct,明治神宮宝物殿,0
official_export_001:19,river_flooding,浸水予想区域,0.0,神田川流域,,0,external point-grid sampling,13104,新宿区,National,Designated,有形文化財,建造物,building_direct,学習院旧正門,0
official_export_001:190,river_flooding,浸水予想区域,0.0,城南地区河川流域,,0,external point-grid sampling,13113,渋谷区,National,Designated,有形文化財,建造物,building_direct,明治神宮宝物殿,0
official_export_001:191,river_flooding,浸水予想区域,0.0,城南地区河川流域,,0,external point-grid sampling,13113,渋谷区,National,Designated,有形文化財,建造物,building_direct,明治神宮宝物殿,0
official_export_001:192,high_tide,高潮浸水想定,0.16,東京都高潮浸水想定区域図（令和6年12月19日）,,0.5m未満,PLATEAU building risk,13101,千代田区,National,Designated,有形文化財,建造物,building_direct,明治生命保険相互会社本社本館,0–0.5 m
official_export_001:192,river_flooding,洪水浸水想定区域,0.73,隅田川・新河岸川流域,L2（想定最大規模）,0.5m以上3m未満,PLATEAU building risk,13101,千代田区,National,Designated,有形文化財,建造物,building_direct,明治生命保険相互会社本社本館,0.5–3 m
official_export_001:193,high_tide,高潮浸水想定,1.44,東京都高潮浸水想定区域図（令和6年12月19日）,,0.5m以上3m未満,PLATEAU building risk,13108,江東区,National,Designated,有形文化財,建造物,building_direct,明治丸,0.5–3 m
official_export_001:193,river_flooding,浸水予想区域,0.0,江東内部河川流域,,0,external point-grid sampling,13108,江東区,National,Designated,有形文化財,建造物,building_direct,明治丸,0
official_export_001:194,river_flooding,浸水予想区域,0.0,城南地区河川流域,,0,external point-grid sampling,13103,港区,National,Designated,有形文化財,建造物,building_direct,有章院(徳川家継)霊廟二天門,0
official_export_001:195,river_flooding,浸水予想区域,0.0,城南地区河川流域,,0,external point-grid sampling,13113,渋谷区,National,Designated,有形文化財,建造物,building_direct,代々木競技場,0
official_export_001:196,river_flooding,洪水浸水想定区域,0.89,城南地区河川流域,L2（想定最大規模）,0.5m以上3m未満,PLATEAU building risk,13113,渋谷区,National,Designated,有形文化財,建造物,building_direct,代々木競技場,0.5–3 m
official_export_001:197,river_flooding,洪水浸水想定区域,0.716,神田川流域,L2（想定最大規模）,0.5m以上3m未満,PLATEAU building risk,13104,新宿区,National,Designated,有形文化財,建造物,building_direct,早稲田大学大隈記念講堂,0.5–3 m
official_export_001:2,river_flooding,浸水予想区域,0.0,城南地区河川流域,,0,external point-grid sampling,13113,渋谷区,National,Designated,有形文化財,建造物,building_direct,旧朝倉家住宅,0
official_export_001:21,river_flooding,浸水予想区域,0.0,神田川流域,,0,external point-grid sampling,13106,台東区,National,Designated,有形文化財,建造物,building_direct,寛永寺旧本坊表門(黒門),0
official_export_001:22,river_flooding,浸水予想区域,0.0,神田川流域,,0,external point-grid sampling,13106,台東区,National,Designated,有形文化財,建造物,building_direct,寛永寺清水堂,0
official_export_001:23,river_flooding,浸水予想区域,0.0,神田川流域,,0,external point-grid sampling,13106,台東区,National,Designated,有形文化財,建造物,building_direct,旧寛永寺五重塔,0
official_export_001:24,river_flooding,洪水浸水想定区域,0.01,霞川・多摩川上流圏域,L2（想定最大規模）,0.5m未満,PLATEAU building risk,13205,青梅市,National,Designated,有形文化財,建造物,building_direct,観音寺阿弥陀堂,0–0.5 m
official_export_001:25,river_flooding,洪水浸水想定区域,0.01,霞川・多摩川上流圏域,L2（想定最大規模）,0.5m未満,PLATEAU building risk,13205,青梅市,National,Designated,有形文化財,建造物,building_direct,観音寺仁王門,0–0.5 m
official_export_001:26,river_flooding,洪水浸水想定区域,0.01,霞川・多摩川上流圏域,L2（想定最大規模）,0.5m未満,PLATEAU building risk,13205,青梅市,National,Designated,有形文化財,建造物,building_direct,観音寺本堂,0–0.5 m
official_export_001:27,river_flooding,浸水予想区域,0.009,城南地区河川流域,,0–0.5 m,external point-grid sampling,13103,港区,National,Designated,有形文化財,建造物,building_direct,旧朝香宮邸,0–0.5 m
official_export_001:28,river_flooding,洪水浸水想定区域,0.743,城南地区河川流域,L2（想定最大規模）,0.5m以上3m未満,PLATEAU building risk,13103,港区,National,Designated,有形文化財,建造物,building_direct,旧朝香宮邸,0.5–3 m
official_export_001:29,river_flooding,浸水予想区域,0.0,城南地区河川流域,,0,external point-grid sampling,13103,港区,National,Designated,有形文化財,建造物,building_direct,旧朝香宮邸,0
official_export_001:3,river_flooding,洪水浸水想定区域,0.423,城南地区河川流域,L2（想定最大規模）,0.5m未満,PLATEAU building risk,13111,大田区,National,Designated,有形文化財,建造物,building_direct,池上本門寺宝塔,0–0.5 m
official_export_001:30,river_flooding,浸水予想区域,0.0,城南地区河川流域,,0,external point-grid sampling,13103,港区,National,Designated,有形文化財,建造物,building_direct,旧朝香宮邸,0
official_export_001:31,river_flooding,浸水予想区域,0.0,城南地区河川流域,,0,external point-grid sampling,13103,港区,National,Designated,有形文化財,建造物,building_direct,旧朝香宮邸,0
official_export_001:32,river_flooding,浸水予想区域,0.0,城南地区河川流域,,0,external point-grid sampling,13113,渋谷区,National,Designated,有形文化財,建造物,building_direct,旧朝倉家住宅,0
official_export_001:34,river_flooding,浸水予想区域,0.0,隅田川及び新河岸川流域,,0,external point-grid sampling,13101,千代田区,National,Designated,有形文化財,建造物,building_direct,旧江戸城外桜田門,0
official_export_001:35,river_flooding,浸水予想区域,0.0,隅田川及び新河岸川流域,,0,external point-grid sampling,13101,千代田区,National,Designated,有形文化財,建造物,building_direct,旧江戸城田安門,0
official_export_001:36,river_flooding,浸水予想区域,0.0,城南地区河川流域,,0,external point-grid sampling,13113,渋谷区,National,Designated,有形文化財,建造物,building_direct,旧久邇宮邸(聖心女子大学),0
official_export_001:38,river_flooding,洪水浸水想定区域,3.3,利根川水系利根川,L1（計画規模）;L2（想定最大規模）,0.5m以上3m未満;3m以上5m未満,PLATEAU building risk,13122,葛飾区,National,Designated,有形文化財,建造物,building_direct,旧小菅刑務所庁舎,3–5 m
official_export_001:39,river_flooding,洪水浸水想定区域,0.004,城南地区河川流域,L2（想定最大規模）,0.5m未満,PLATEAU building risk,13109,品川区,National,Designated,有形文化財,建造物,building_direct,旧島津家本邸,0–0.5 m
official_export_001:4,river_flooding,浸水予想区域,0.0,神田川流域,,0,external point-grid sampling,13105,文京区,National,Designated,有形文化財,建造物,building_direct,旧磯野家住宅,0
official_export_001:42,river_flooding,浸水予想区域,0.0,神田川流域,,0,external point-grid sampling,13106,台東区,National,Designated,有形文化財,建造物,building_direct,旧東京科学博物館本館,0
official_export_001:43,river_flooding,浸水予想区域,0.0,神田川流域,,0,external point-grid sampling,13104,新宿区,National,Designated,有形文化財,建造物,building_direct,旧馬場家牛込邸,0
official_export_001:44,river_flooding,浸水予想区域,0.0,城南地区河川流域,,0,external point-grid sampling,13110,目黒区,National,Designated,有形文化財,建造物,building_direct,旧前田家本邸,0
official_export_001:45,river_flooding,浸水予想区域,0.0,城南地区河川流域,,0,external point-grid sampling,13110,目黒区,National,Designated,有形文化財,建造物,building_direct,旧前田家本邸,0
official_export_001:46,river_flooding,浸水予想区域,0.0,城南地区河川流域,,0,external point-grid sampling,13110,目黒区,National,Designated,有形文化財,建造物,building_direct,旧前田家本邸,0
official_export_001:47,river_flooding,浸水予想区域,0.0,城南地区河川流域,,0,external point-grid sampling,13110,目黒区,National,Designated,有形文化財,建造物,building_direct,旧前田家本邸,0
official_export_001:48,river_flooding,浸水予想区域,0.0,城南地区河川流域,,0,external point-grid sampling,13110,目黒区,National,Designated,有形文化財,建造物,building_direct,旧前田家本邸,0
official_export_001:49,river_flooding,浸水予想区域,0.0,城南地区河川流域,,0,external point-grid sampling,13110,目黒区,National,Designated,有形文化財,建造物,building_direct,旧前田家本邸,0
official_export_001:5,river_flooding,洪水浸水想定区域,0.004,神田川流域,L2（想定最大規模）,0.5m未満,PLATEAU building risk,13105,文京区,National,Designated,有形文化財,建造物,building_direct,旧磯野家住宅,0–0.5 m
official_export_001:50,river_flooding,浸水予想区域,0.0,城南地区河川流域,,0,external point-grid sampling,13110,目黒区,National,Designated,有形文化財,建造物,building_direct,旧前田家本邸,0
official_export_001:51,river_flooding,浸水予想区域,0.0,城南地区河川流域,,0,external point-grid sampling,13110,目黒区,National,Designated,有形文化財,建造物,building_direct,旧前田家本邸,0
official_export_001:54,river_flooding,浸水予想区域,0.0,城南地区河川流域,,0,external point-grid sampling,13103,港区,National,Designated,有形文化財,建造物,building_direct,慶応義塾図書館,0
official_export_001:55,river_flooding,浸水予想区域,0.0,城南地区河川流域,,0,external point-grid sampling,13103,港区,National,Designated,有形文化財,建造物,building_direct,慶応義塾三田演説館,0
official_export_001:56,river_flooding,浸水予想区域,0.0,神田川流域,,0,external point-grid sampling,13106,台東区,National,Designated,有形文化財,建造物,building_direct,厳有院霊廟奥院,0
official_export_001:58,river_flooding,洪水浸水想定区域,0.581,神田川流域,L2（想定最大規模）,0.5m以上3m未満,PLATEAU building risk,13106,台東区,National,Designated,有形文化財,建造物,building_direct,厳有院霊廟勅額門及び水盤舎,0.5–3 m
official_export_001:59,river_flooding,浸水予想区域,0.0,神田川流域;隅田川及び新河岸川流域,,0,external point-grid sampling,13106,台東区,National,Designated,有形文化財,建造物,building_direct,厳有院霊廟勅額門及び水盤舎,0
official_export_001:6,river_flooding,洪水浸水想定区域,0.014,神田川流域,L2（想定最大規模）,0.5m未満,PLATEAU building risk,13106,台東区,National,Designated,有形文化財,建造物,building_direct,旧岩崎家住宅(東京都台東区池之端一丁目),0–0.5 m
official_export_001:60,river_flooding,浸水予想区域,0.0,神田川流域,,0,external point-grid sampling,13106,台東区,National,Designated,有形文化財,建造物,building_direct,国立西洋美術館本館,0
official_export_001:61,river_flooding,浸水予想区域,0.0,神田川流域,,0,external point-grid sampling,13105,文京区,National,Designated,有形文化財,建造物,building_direct,護国寺月光殿(旧日光院客殿),0
official_export_001:62,river_flooding,浸水予想区域,0.0,神田川流域,,0,external point-grid sampling,13105,文京区,National,Designated,有形文化財,建造物,building_direct,護国寺本堂,0
official_export_001:63,river_flooding,浸水予想区域,0.0,隅田川及び新河岸川流域,,0,external point-grid sampling,13101,千代田区,National,Designated,有形文化財,建造物,building_direct,旧近衛師団司令部庁舎,0
official_export_001:64,river_flooding,洪水浸水想定区域,0.01,秋川・平井川流域,L2（想定最大規模）,0.5m未満,PLATEAU building risk,13307,檜原村,National,Designated,有形文化財,建造物,building_direct,小林家住宅(東京都西多摩郡檜原村),0–0.5 m
official_export_001:65,river_flooding,洪水浸水想定区域,0.03,浅川圏域・大栗川・三沢川流域,L2（想定最大規模）,0.5m未満,PLATEAU building risk,13212,日野市,National,Designated,有形文化財,建造物,building_direct,金剛寺仁王門,0–0.5 m
official_export_001:66,river_flooding,洪水浸水想定区域,0.02,浅川圏域・大栗川・三沢川流域,L2（想定最大規模）,0.5m未満,PLATEAU building risk,13212,日野市,National,Designated,有形文化財,建造物,building_direct,金剛寺不動堂,0–0.5 m
official_export_001:69,river_flooding,浸水予想区域,0.0,神田川流域,,0,external point-grid sampling,13116,豊島区,National,Designated,有形文化財,建造物,building_direct,自由学園明日館,0
official_export_001:7,river_flooding,洪水浸水想定区域,0.014,神田川流域,L2（想定最大規模）,0.5m未満,PLATEAU building risk,13106,台東区,National,Designated,有形文化財,建造物,building_direct,旧岩崎家住宅(東京都台東区池之端一丁目),0–0.5 m
official_export_001:70,river_flooding,浸水予想区域,0.0,神田川流域,,0,external point-grid sampling,13116,豊島区,National,Designated,有形文化財,建造物,building_direct,自由学園明日館,0
official_export_001:71,river_flooding,浸水予想区域,0.0,神田川流域,,0,external point-grid sampling,13116,豊島区,National,Designated,有形文化財,建造物,building_direct,自由学園明日館,0
official_export_001:72,river_flooding,浸水予想区域,0.0,神田川流域,,0,external point-grid sampling,13116,豊島区,National,Designated,有形文化財,建造物,building_direct,自由学園明日館,0
official_export_001:73,river_flooding,浸水予想区域,0.0,神田川流域,,0,external point-grid sampling,13106,台東区,National,Designated,有形文化財,建造物,building_direct,旧十輪院宝蔵,0
official_export_001:74,river_flooding,浸水予想区域,0.0,神田川流域;隅田川及び新河岸川流域,,0,external point-grid sampling,13106,台東区,National,Designated,有形文化財,建造物,building_direct,常憲院霊廟奥院,0
official_export_001:76,river_flooding,洪水浸水想定区域,0.012,神田川流域,L2（想定最大規模）,0.5m未満,PLATEAU building risk,13106,台東区,National,Designated,有形文化財,建造物,building_direct,常憲院霊廟勅額門及び水盤舎,0–0.5 m
official_export_001:77,river_flooding,浸水予想区域,0.0,神田川流域,,0,external point-grid sampling,13106,台東区,National,Designated,有形文化財,建造物,building_direct,常憲院霊廟勅額門及び水盤舎,0
official_export_001:78,river_flooding,洪水浸水想定区域,0.01,黒目川・落合川・柳瀬川・空堀川・奈良橋川流域,L2（想定最大規模）,0.5m未満,PLATEAU building risk,13213,東村山市,National,Designated,有形文化財,建造物,building_direct,正福寺地蔵堂,0–0.5 m
official_export_001:79,river_flooding,浸水予想区域,0.0,城南地区河川流域,,0,external point-grid sampling,13104,新宿区,National,Designated,有形文化財,建造物,building_direct,新宿御苑旧洋館御休所,0
official_export_001:8,river_flooding,浸水予想区域,0.0,神田川流域,,0,external point-grid sampling,13106,台東区,National,Designated,有形文化財,建造物,building_direct,旧岩崎家住宅(東京都台東区池之端一丁目),0
official_export_001:80,river_flooding,浸水予想区域,0.0,隅田川及び新河岸川流域,,0,external point-grid sampling,13101,千代田区,National,Designated,有形文化財,建造物,building_direct,水準原点,0
official_export_001:82,river_flooding,浸水予想区域,0.0,城南地区河川流域,,0,external point-grid sampling,13103,港区,National,Designated,有形文化財,建造物,building_direct,瑞聖寺大雄宝殿,0
official_export_001:83,river_flooding,洪水浸水想定区域,0.14,神田川流域,L2（想定最大規模）,0.5m未満,PLATEAU building risk,13105,文京区,National,Designated,有形文化財,建造物,building_direct,スカイハウス(旧菊竹清訓自邸),0–0.5 m
official_export_001:84,river_flooding,浸水予想区域,0.0,城南地区河川流域,,0,external point-grid sampling,13104,新宿区,National,Designated,有形文化財,建造物,building_direct,聖徳記念絵画館,0
official_export_001:85,river_flooding,洪水浸水想定区域,0.07,隅田川・新河岸川流域,L2（想定最大規模）,0.5m未満,PLATEAU building risk,13106,台東区,National,Designated,有形文化財,建造物,building_direct,浅草寺伝法院,0–0.5 m
official_export_001:86,river_flooding,浸水予想区域,0.0,神田川流域;隅田川及び新河岸川流域,,0,external point-grid sampling,13106,台東区,National,Designated,有形文化財,建造物,building_direct,浅草寺伝法院,0
official_export_001:87,river_flooding,浸水予想区域,0.0,神田川流域;隅田川及び新河岸川流域,,0,external point-grid sampling,13106,台東区,National,Designated,有形文化財,建造物,building_direct,浅草寺伝法院,0
official_export_001:88,river_flooding,洪水浸水想定区域,0.07,隅田川・新河岸川流域,L2（想定最大規模）,0.5m未満,PLATEAU building risk,13106,台東区,National,Designated,有形文化財,建造物,building_direct,浅草寺伝法院,0–0.5 m
official_export_001:89,river_flooding,浸水予想区域,0.0,神田川流域;隅田川及び新河岸川流域,,0,external point-grid sampling,13106,台東区,National,Designated,有形文化財,建造物,building_direct,浅草寺伝法院,0
official_export_001:9,river_flooding,洪水浸水想定区域,0.075,神田川流域,L2（想定最大規模）,0.5m未満,PLATEAU building risk,13106,台東区,National,Designated,有形文化財,建造物,building_direct,旧因州池田屋敷表門,0–0.5 m
official_export_001:90,high_tide,高潮浸水想定,0.18,東京都高潮浸水想定区域図（令和6年12月19日）,,0.5m未満,PLATEAU building risk,13106,台東区,National,Designated,有形文化財,建造物,building_direct,浅草寺伝法院,0–0.5 m
official_export_001:90,river_flooding,洪水浸水想定区域,0.08,隅田川・新河岸川流域,L2（想定最大規模）,0.5m未満,PLATEAU building risk,13106,台東区,National,Designated,有形文化財,建造物,building_direct,浅草寺伝法院,0–0.5 m
official_export_001:91,river_flooding,洪水浸水想定区域,0.3,隅田川・新河岸川流域,L2（想定最大規模）,0.5m未満,PLATEAU building risk,13106,台東区,National,Designated,有形文化財,建造物,building_direct,浅草寺二天門,0–0.5 m
official_export_001:92,river_flooding,洪水浸水想定区域,0.033,神田川流域,L2（想定最大規模）,0.5m未満,PLATEAU building risk,13116,豊島区,National,Designated,有形文化財,建造物,building_direct,雑司ケ谷鬼子母神堂,0–0.5 m
official_export_001:93,high_tide,高潮浸水想定,0.07,東京都高潮浸水想定区域図（令和6年12月19日）,,0.5m未満,PLATEAU building risk,13103,港区,National,Designated,有形文化財,建造物,building_direct,増上寺三解脱門,0–0.5 m
official_export_001:93,river_flooding,洪水浸水想定区域,0.38,古川水系渋谷川・古川・目黒川水系目黒川・呑川水系呑川・立会川水系立会川・内川水系内川;城南地区河川流域,L2（想定最大規模）,0.5m未満,PLATEAU building risk,13103,港区,National,Designated,有形文化財,建造物,building_direct,増上寺三解脱門,0–0.5 m
official_export_001:94,river_flooding,浸水予想区域,0.0,城南地区河川流域,,0,external point-grid sampling,13110,目黒区,National,Designated,有形文化財,建造物,building_direct,尊經閣文庫,0
official_export_001:95,river_flooding,浸水予想区域,0.0,城南地区河川流域,,0,external point-grid sampling,13110,目黒区,National,Designated,有形文化財,建造物,building_direct,尊經閣文庫,0
official_export_001:96,river_flooding,浸水予想区域,0.0,城南地区河川流域,,0,external point-grid sampling,13110,目黒区,National,Designated,有形文化財,建造物,building_direct,尊經閣文庫,0
official_export_001:97,river_flooding,浸水予想区域,0.0,城南地区河川流域,,0,external point-grid sampling,13110,目黒区,National,Designated,有形文化財,建造物,building_direct,尊經閣文庫,0
official_export_001:98,high_tide,高潮浸水想定,0.34,東京都 高潮浸水想定区域図,,0–0.5 m,external polygon point-in-area,13103,港区,National,Designated,有形文化財,建造物,building_direct,旧台徳院霊廟惣門,0–0.5 m
official_export_001:98,river_flooding,浸水予想区域,0.497,城南地区河川流域,,0–0.5 m,external point-grid sampling,13103,港区,National,Designated,有形文化財,建造物,building_direct,旧台徳院霊廟惣門,0–0.5 m
official_export_001:99,high_tide,高潮浸水想定,0.02,東京都高潮浸水想定区域図（令和6年12月19日）,,0.5m未満,PLATEAU building risk,13102,中央区,National,Designated,有形文化財,建造物,building_direct,髙島屋東京店,0–0.5 m
official_export_001:99,river_flooding,洪水浸水想定区域,0.07,隅田川・新河岸川流域,L2（想定最大規模）,0.5m未満,PLATEAU building risk,13102,中央区,National,Designated,有形文化財,建造物,building_direct,髙島屋東京店,0–0.5 m
official_export_002:10,river_flooding,洪水浸水想定区域,0.004,野川・仙川・入間川・谷沢川・丸子川流域,L2（想定最大規模）,0.5m未満,PLATEAU building risk,13208,調布市,National,Registered,有形文化財,建造物,building_direct,新井家住宅主屋,0–0.5 m
official_export_002:100,high_tide,高潮浸水想定,0.18,東京都高潮浸水想定区域図（令和6年12月19日）,,0.5m未満,PLATEAU building risk,13101,千代田区,National,Registered,有形文化財,建造物,building_direct,カトリック神田教会聖堂,0–0.5 m
official_export_002:100,river_flooding,洪水浸水想定区域,0.117,神田川流域;荒川水系神田川流域,L2（想定最大規模）,0.5m未満,PLATEAU building risk,13101,千代田区,National,Registered,有形文化財,建造物,building_direct,カトリック神田教会聖堂,0–0.5 m
official_export_002:101,river_flooding,洪水浸水想定区域,0.01,神田川流域,L2（想定最大規模）,0.5m未満,PLATEAU building risk,13105,文京区,National,Registered,有形文化財,建造物,building_direct,金澤家住宅主屋,0–0.5 m
official_export_002:102,river_flooding,浸水予想区域,0.0,神田川流域,,0,external point-grid sampling,13105,文京区,National,Registered,有形文化財,建造物,building_direct,金澤家住宅門及び塀,0
official_export_002:103,river_flooding,洪水浸水想定区域,0.01,神田川流域,L2（想定最大規模）,0.5m未満,PLATEAU building risk,13105,文京区,National,Registered,有形文化財,建造物,building_direct,金澤家住宅洋館,0–0.5 m
official_export_002:104,river_flooding,洪水浸水想定区域,0.003,城南地区河川流域,L2（想定最大規模）,0.5m未満,PLATEAU building risk,13112,世田谷区,National,Registered,有形文化財,建造物,building_direct,鎌田家住宅主屋,0–0.5 m
official_export_002:105,river_flooding,洪水浸水想定区域,0.003,城南地区河川流域,L2（想定最大規模）,0.5m未満,PLATEAU building risk,13112,世田谷区,National,Registered,有形文化財,建造物,building_direct,鎌田家住宅離れ,0–0.5 m
official_export_002:106,river_flooding,浸水予想区域,0.0,城南地区河川流域,,0,external point-grid sampling,13112,世田谷区,National,Registered,有形文化財,建造物,building_direct,鎌田家住宅門及び塀,0
official_export_002:107,river_flooding,洪水浸水想定区域,0.03,隅田川・新河岸川流域,L2（想定最大規模）,0.5m未満,PLATEAU building risk,13106,台東区,National,Registered,有形文化財,建造物,building_direct,神谷バー本館,0–0.5 m
official_export_002:108,river_flooding,洪水浸水想定区域,0.019,城南地区河川流域,L2（想定最大規模）,0.5m未満,PLATEAU building risk,13112,世田谷区,National,Registered,有形文化財,建造物,building_direct,亀井家住宅主屋,0–0.5 m
official_export_002:109,river_flooding,洪水浸水想定区域,0.0,浅川圏域・大栗川・三沢川流域,L2（想定最大規模）,0.5m未満,PLATEAU building risk,13224,多摩市,National,Registered,有形文化財,建造物,building_direct,川井家住宅主屋,0
official_export_002:11,river_flooding,洪水浸水想定区域,0.063,神田川流域,L2（想定最大規模）,0.5m未満,PLATEAU building risk,13104,新宿区,National,Registered,有形文化財,建造物,building_direct,新井家住宅主屋,0–0.5 m
official_export_002:110,river_flooding,洪水浸水想定区域,0.06,野川・仙川・入間川・谷沢川・丸子川流域,L2（想定最大規模）,0.5m未満,PLATEAU building risk,13112,世田谷区,National,Registered,有形文化財,建造物,building_direct,河津家住宅主屋,0–0.5 m
official_export_002:111,river_flooding,洪水浸水想定区域,0.017,城南地区河川流域,L2（想定最大規模）,0.5m未満,PLATEAU building risk,13111,大田区,National,Registered,有形文化財,建造物,building_direct,河原家住宅主屋,0–0.5 m
official_export_002:112,river_flooding,浸水予想区域,0.0,神田川流域,,0,external point-grid sampling,13106,台東区,National,Registered,有形文化財,建造物,building_direct,寛永寺葵の間,0
official_export_002:113,river_flooding,浸水予想区域,0.0,神田川流域,,0,external point-grid sampling,13106,台東区,National,Registered,有形文化財,建造物,building_direct,寛永寺護国院庫裏,0
official_export_002:114,river_flooding,浸水予想区域,0.0,神田川流域,,0,external point-grid sampling,13106,台東区,National,Registered,有形文化財,建造物,building_direct,寛永寺根本中堂,0
official_export_002:115,river_flooding,浸水予想区域,0.0,神田川流域,,0,external point-grid sampling,13106,台東区,National,Registered,有形文化財,建造物,building_direct,寛永寺渋沢家霊堂,0
official_export_002:116,river_flooding,浸水予想区域,0.0,神田川流域,,0,external point-grid sampling,13101,千代田区,National,Registered,有形文化財,建造物,building_direct,神田神社神饌所,0
official_export_002:117,river_flooding,浸水予想区域,0.0,神田川流域,,0,external point-grid sampling,13101,千代田区,National,Registered,有形文化財,建造物,building_direct,神田神社西門,0
official_export_002:118,river_flooding,浸水予想区域,0.0,神田川流域,,0,external point-grid sampling,13101,千代田区,National,Registered,有形文化財,建造物,building_direct,神田神社拝殿,0
official_export_002:119,river_flooding,浸水予想区域,0.0,神田川流域,,0,external point-grid sampling,13101,千代田区,National,Registered,有形文化財,建造物,building_direct,神田神社東門,0
official_export_002:12,river_flooding,浸水予想区域,0.08,野川_仙川_入間川_谷沢川及び丸子川流域,,0–0.5 m,external point-grid sampling,13208,調布市,National,Registered,有形文化財,建造物,building_direct,新井家住宅外蔵,0–0.5 m
official_export_002:120,river_flooding,浸水予想区域,0.0,神田川流域,,0,external point-grid sampling,13101,千代田区,National,Registered,有形文化財,建造物,building_direct,神田神社幣殿,0
official_export_002:121,river_flooding,浸水予想区域,0.0,神田川流域,,0,external point-grid sampling,13101,千代田区,National,Registered,有形文化財,建造物,building_direct,神田神社宝庫,0
official_export_002:122,river_flooding,浸水予想区域,0.0,神田川流域,,0,external point-grid sampling,13101,千代田区,National,Registered,有形文化財,建造物,building_direct,神田神社本殿,0
official_export_002:123,river_flooding,浸水予想区域,0.0,神田川流域,,0,external point-grid sampling,13101,千代田区,National,Registered,有形文化財,建造物,building_direct,神田神社瑞垣,0
official_export_002:124,river_flooding,洪水浸水想定区域,0.045,神田川流域,L2（想定最大規模）,0.5m未満,PLATEAU building risk,13106,台東区,National,Registered,有形文化財,建造物,building_direct,観音寺客殿,0–0.5 m
official_export_002:125,river_flooding,洪水浸水想定区域,0.045,神田川流域,L2（想定最大規模）,0.5m未満,PLATEAU building risk,13106,台東区,National,Registered,有形文化財,建造物,building_direct,観音寺築地塀,0–0.5 m
official_export_002:126,river_flooding,浸水予想区域,0.0,隅田川及び新河岸川流域,,0,external point-grid sampling,13103,港区,National,Registered,有形文化財,建造物,building_direct,菊池寛実記念智美術館別館,0
official_export_002:13,river_flooding,浸水予想区域,0.0628,野川_仙川_入間川_谷沢川及び丸子川流域,,0–0.5 m,external point-grid sampling,13208,調布市,National,Registered,有形文化財,建造物,building_direct,新井家住宅中門及び塀,0–0.5 m
official_export_002:130,tsunami,津波浸水想定,3.211,南海トラフケース１（島しょ部）;南海トラフケース６（島しょ部）;南海トラフケース８（島しょ部）,,2m以上5m未満,PLATEAU building risk,13363,新島村,National,Registered,有形文化財,建造物,building_direct,紀野家住宅主屋,3–5 m
official_export_002:131,tsunami,津波浸水想定,3.211,南海トラフケース１（島しょ部）;南海トラフケース６（島しょ部）;南海トラフケース８（島しょ部）,,2m以上5m未満,PLATEAU building risk,13363,新島村,National,Registered,有形文化財,建造物,building_direct,紀野家住宅釜屋形,3–5 m
official_export_002:132,river_flooding,洪水浸水想定区域,0.03,隅田川・新河岸川流域,L2（想定最大規模）,0.5m未満,PLATEAU building risk,13106,台東区,National,Registered,有形文化財,建造物,building_direct,ギャラリー・エフ蔵(株式会社淵川金属事務所),0–0.5 m
official_export_002:137,river_flooding,浸水予想区域,0.0,神田川流域,,0,external point-grid sampling,13203,武蔵野市,National,Registered,有形文化財,建造物,building_direct,旧赤星鉄馬邸,0
official_export_002:138,river_flooding,浸水予想区域,0.0,隅田川及び新河岸川流域,,0,external point-grid sampling,13102,中央区,National,Registered,有形文化財,建造物,building_direct,旧飯田家住宅店舗兼主屋,0
official_export_002:139,river_flooding,浸水予想区域,0.0,神田川流域;隅田川及び新河岸川流域,,0,external point-grid sampling,13106,台東区,National,Registered,有形文化財,建造物,building_direct,旧井阪屋本店河合ビル,0
official_export_002:14,river_flooding,浸水予想区域,0.0,神田川流域,,0,external point-grid sampling,13204,三鷹市,National,Registered,有形文化財,建造物,building_direct,淡島家住宅主屋,0
official_export_002:140,high_tide,高潮浸水想定,0.98,東京都高潮浸水想定区域図（令和6年12月19日）,,0.5m以上3m未満,PLATEAU building risk,13106,台東区,National,Registered,有形文化財,建造物,building_direct,旧井阪屋本店河合ビル稲荷社,0.5–3 m
official_export_002:140,river_flooding,洪水浸水想定区域,0.54,神田川流域;荒川水系神田川流域;隅田川・新河岸川流域,L2（想定最大規模）,0.5m以上3m未満;0.5m未満,PLATEAU building risk,13106,台東区,National,Registered,有形文化財,建造物,building_direct,旧井阪屋本店河合ビル稲荷社,0.5–3 m
official_export_002:142,river_flooding,洪水浸水想定区域,0.014,神田川流域,L2（想定最大規模）,0.5m未満,PLATEAU building risk,13115,杉並区,National,Registered,有形文化財,建造物,building_direct,旧大田黒家住宅蔵,0–0.5 m
official_export_002:143,river_flooding,洪水浸水想定区域,0.021,神田川流域,L2（想定最大規模）,0.5m未満,PLATEAU building risk,13115,杉並区,National,Registered,有形文化財,建造物,building_direct,旧大田黒家住宅洋館,0–0.5 m
official_export_002:144,river_flooding,洪水浸水想定区域,0.042,神田川流域,L2（想定最大規模）,0.5m未満,PLATEAU building risk,13106,台東区,National,Registered,有形文化財,建造物,building_direct,旧柏湯,0–0.5 m
official_export_002:145,river_flooding,洪水浸水想定区域,0.014,神田川流域,L2（想定最大規模）,0.5m未満,PLATEAU building risk,13106,台東区,National,Registered,有形文化財,建造物,building_direct,旧唐木田家住宅主屋,0–0.5 m
official_export_002:146,river_flooding,洪水浸水想定区域,0.01,浅川圏域・大栗川・三沢川流域,L2（想定最大規模）,0.5m未満,PLATEAU building risk,13224,多摩市,National,Registered,有形文化財,建造物,building_direct,旧川井家住宅土蔵,0–0.5 m
official_export_002:147,river_flooding,浸水予想区域,0.0,神田川流域,,0,external point-grid sampling,13106,台東区,National,Registered,有形文化財,建造物,building_direct,旧川嶋屋米倉庫,0
official_export_002:148,river_flooding,浸水予想区域,0.0,神田川流域,,0,external point-grid sampling,13106,台東区,National,Registered,有形文化財,建造物,building_direct,旧川嶋屋店舗兼住居,0
official_export_002:149,river_flooding,洪水浸水想定区域,0.375,城南地区河川流域,L2（想定最大規模）,0.5m未満,PLATEAU building risk,13111,大田区,National,Registered,有形文化財,建造物,building_direct,旧川端龍子邸主屋及び中門,0–0.5 m
official_export_002:15,river_flooding,浸水予想区域,0.0,神田川流域,,0,external point-grid sampling,13204,三鷹市,National,Registered,有形文化財,建造物,building_direct,安藤家住宅主屋,0
official_export_002:150,river_flooding,洪水浸水想定区域,0.085,城南地区河川流域,L2（想定最大規模）,0.5m未満,PLATEAU building risk,13111,大田区,National,Registered,有形文化財,建造物,building_direct,旧川端龍子邸画室,0–0.5 m
official_export_002:151,river_flooding,洪水浸水想定区域,0.375,城南地区河川流域,L2（想定最大規模）,0.5m未満,PLATEAU building risk,13111,大田区,National,Registered,有形文化財,建造物,building_direct,旧川端龍子邸持仏堂,0–0.5 m
official_export_002:152,river_flooding,洪水浸水想定区域,0.375,城南地区河川流域,L2（想定最大規模）,0.5m未満,PLATEAU building risk,13111,大田区,National,Registered,有形文化財,建造物,building_direct,旧川端龍子邸仏間棟,0–0.5 m
official_export_002:153,river_flooding,浸水予想区域,0.0,神田川流域;隅田川及び新河岸川流域,,0,external point-grid sampling,13101,千代田区,National,Registered,有形文化財,建造物,building_direct,旧九段会館,0
official_export_002:154,river_flooding,浸水予想区域,0.0,野川_仙川_入間川_谷沢川及び丸子川流域,,0,external point-grid sampling,13208,調布市,National,Registered,有形文化財,建造物,building_direct,旧佐橋家住宅主屋,0
official_export_002:155,river_flooding,浸水予想区域,0.0,野川_仙川_入間川_谷沢川及び丸子川流域,,0,external point-grid sampling,13208,調布市,National,Registered,有形文化財,建造物,building_direct,旧佐橋家住宅門,0
official_export_002:156,river_flooding,浸水予想区域,0.0,神田川流域,,0,external point-grid sampling,13115,杉並区,National,Registered,有形文化財,建造物,building_direct,旧滋賀家住宅主屋,0
official_export_002:157,high_tide,高潮浸水想定,0.22,東京都高潮浸水想定区域図（令和6年12月19日）,,0.5m未満,PLATEAU building risk,13109,品川区,National,Registered,有形文化財,建造物,building_direct,旧品川警察署品川橋交通待機所,0–0.5 m
official_export_002:157,river_flooding,洪水浸水想定区域,0.29,古川水系渋谷川・古川・目黒川水系目黒川・呑川水系呑川・立会川水系立会川・内川水系内川;城南地区河川流域,L2（想定最大規模）,0.5m未満,PLATEAU building risk,13109,品川区,National,Registered,有形文化財,建造物,building_direct,旧品川警察署品川橋交通待機所,0–0.5 m
official_export_002:158,river_flooding,浸水予想区域,0.0,神田川流域,,0,external point-grid sampling,13104,新宿区,National,Registered,有形文化財,建造物,building_direct,旧島津家住宅アトリエ,0
official_export_002:159,river_flooding,浸水予想区域,0.0,城南地区河川流域,,0,external point-grid sampling,13110,目黒区,National,Registered,有形文化財,建造物,building_direct,旧砂堀医院,0
official_export_002:16,river_flooding,浸水予想区域,0.0,神田川流域,,0,external point-grid sampling,13115,杉並区,National,Registered,有形文化財,建造物,building_direct,井草幼稚園園舎,0
official_export_002:160,river_flooding,洪水浸水想定区域,0.004,城南地区河川流域,L2（想定最大規模）,0.5m未満,PLATEAU building risk,13111,大田区,National,Registered,有形文化財,建造物,building_direct,旧清明文庫,0–0.5 m
official_export_002:161,river_flooding,浸水予想区域,0.0,城南地区河川流域,,0,external point-grid sampling,13110,目黒区,National,Registered,有形文化財,建造物,building_direct,旧園田家住宅スタジオ,0
official_export_002:162,river_flooding,洪水浸水想定区域,0.01,秋川・平井川流域,L2（想定最大規模）,0.5m未満,PLATEAU building risk,13307,檜原村,National,Registered,有形文化財,建造物,building_direct,旧高橋家住宅主屋,0–0.5 m
official_export_002:163,river_flooding,洪水浸水想定区域,0.01,浅川圏域・大栗川・三沢川流域,L2（想定最大規模）,0.5m未満,PLATEAU building risk,13224,多摩市,National,Registered,有形文化財,建造物,building_direct,旧辻󠄀陶房主屋兼作業場,0–0.5 m
official_export_002:164,river_flooding,洪水浸水想定区域,0.01,浅川圏域・大栗川・三沢川流域,L2（想定最大規模）,0.5m未満,PLATEAU building risk,13224,多摩市,National,Registered,有形文化財,建造物,building_direct,旧辻󠄀陶房登り窯,0–0.5 m
official_export_002:165,river_flooding,浸水予想区域,0.0,野川_仙川_入間川_谷沢川及び丸子川流域,,0,external point-grid sampling,13203,武蔵野市,National,Registered,有形文化財,建造物,building_direct,旧東京市麻布区役所庁舎(日本獣医生命科学大学一号棟),0
official_export_002:166,high_tide,高潮浸水想定,2.22,東京都高潮浸水想定区域図（令和6年12月19日）,,0.5m以上3m未満,PLATEAU building risk,13108,江東区,National,Registered,有形文化財,建造物,building_direct,旧東京市深川食堂,0.5–3 m
official_export_002:166,river_flooding,洪水浸水想定区域,0.28,江東内部河川流域,L2（想定最大規模）,0.5m未満,PLATEAU building risk,13108,江東区,National,Registered,有形文化財,建造物,building_direct,旧東京市深川食堂,0–0.5 m
official_export_002:167,river_flooding,洪水浸水想定区域,0.013,神田川流域,L2（想定最大規模）,0.5m未満,PLATEAU building risk,13104,新宿区,National,Registered,有形文化財,建造物,building_direct,旧常盤家本館(石合家住宅主屋),0–0.5 m
official_export_002:168,river_flooding,浸水予想区域,3.434,野川_仙川_入間川_谷沢川及び丸子川流域,,3–5 m,external point-grid sampling,13210,小金井市,National,Registered,有形文化財,建造物,building_direct,旧中村研一邸主屋,3–5 m
official_export_002:169,river_flooding,浸水予想区域,3.434,野川_仙川_入間川_谷沢川及び丸子川流域,,3–5 m,external point-grid sampling,13210,小金井市,National,Registered,有形文化財,建造物,building_direct,旧中村研一邸茶室(花侵庵),3–5 m
official_export_002:17,river_flooding,洪水浸水想定区域,0.024,城南地区河川流域,L2（想定最大規模）,0.5m未満,PLATEAU building risk,13112,世田谷区,National,Registered,有形文化財,建造物,building_direct,池上家住宅主屋,0–0.5 m
official_export_002:170,river_flooding,浸水予想区域,0.0,隅田川及び新河岸川流域,,0,external point-grid sampling,13116,豊島区,National,Registered,有形文化財,建造物,building_direct,旧丹羽家住宅蔵,0
official_export_002:171,river_flooding,洪水浸水想定区域,0.54,多摩川水系多摩川・浅川・大栗川,L2（想定最大規模）,0.5m以上3m未満,PLATEAU building risk,13212,日野市,National,Registered,有形文化財,建造物,building_direct,旧農林省蚕糸試験場日野桑園第一蚕室,0.5–3 m
official_export_002:172,river_flooding,浸水予想区域,0.0,神田川流域,,0,external point-grid sampling,13114,中野区,National,Registered,有形文化財,建造物,building_direct,旧野方配水塔,0
official_export_002:174,river_flooding,浸水予想区域,0.0,神田川流域,,0,external point-grid sampling,13105,文京区,National,Registered,有形文化財,建造物,building_direct,旧弘田家住宅主屋,0
official_export_002:175,river_flooding,浸水予想区域,0.0,神田川流域,,0,external point-grid sampling,13105,文京区,National,Registered,有形文化財,建造物,building_direct,旧弘田家住宅門柱及び塀,0
official_export_002:177,tsunami,津波浸水想定,0.561,南海トラフケース１（島しょ部）;南海トラフケース６（島しょ部）;南海トラフケース８（島しょ部）,,0.3ｍ以上1m未満,PLATEAU building risk,13363,新島村,National,Registered,有形文化財,建造物,building_direct,旧前田家(キンデー)住宅釜屋形,0.5–3 m
official_export_002:178,river_flooding,洪水浸水想定区域,0.05,城南地区河川流域,L2（想定最大規模）,0.5m未満,PLATEAU building risk,13109,品川区,National,Registered,有形文化財,建造物,building_direct,旧三井文庫第二書庫,0–0.5 m
official_export_002:179,river_flooding,洪水浸水想定区域,0.11,隅田川・新河岸川流域,L2（想定最大規模）,0.5m未満,PLATEAU building risk,13102,中央区,National,Registered,有形文化財,建造物,building_direct,旧宮脇ビル(川崎ブランドデザインビルヂング),0–0.5 m
official_export_002:18,river_flooding,洪水浸水想定区域,0.063,神田川流域,L2（想定最大規模）,0.5m未満,PLATEAU building risk,13105,文京区,National,Registered,有形文化財,建造物,building_direct,池田家住宅主屋,0–0.5 m
official_export_002:181,river_flooding,浸水予想区域,0.0,隅田川及び新河岸川流域,,0,external point-grid sampling,13101,千代田区,National,Registered,有形文化財,建造物,building_direct,旧文部省庁舎,0
official_export_002:182,river_flooding,洪水浸水想定区域,0.028,神田川流域,L2（想定最大規模）,0.5m未満,PLATEAU building risk,13101,千代田区,National,Registered,有形文化財,建造物,building_direct,旧山口萬吉邸主屋,0–0.5 m
official_export_002:183,river_flooding,浸水予想区域,0.0,神田川流域,,0,external point-grid sampling,13101,千代田区,National,Registered,有形文化財,建造物,building_direct,旧山口萬吉邸門及び塀,0
official_export_002:187,river_flooding,洪水浸水想定区域,0.01,黒目川・落合川・柳瀬川・空堀川・奈良橋川流域,L2（想定最大規模）,0.5m未満,PLATEAU building risk,13220,東大和市,National,Registered,有形文化財,建造物,building_direct,旧吉岡家住宅蔵,0–0.5 m
official_export_002:188,river_flooding,洪水浸水想定区域,0.78,黒目川・落合川・柳瀬川・空堀川・奈良橋川流域,L2（想定最大規模）,0.5m以上3m未満,PLATEAU building risk,13220,東大和市,National,Registered,有形文化財,建造物,building_direct,旧吉岡家住宅主屋兼アトリエ,0.5–3 m
official_export_002:189,river_flooding,浸水予想区域,0.35,黒目川_落合川_柳瀬川_空堀川及び奈良橋川流域,,0–0.5 m,external point-grid sampling,13220,東大和市,National,Registered,有形文化財,建造物,building_direct,旧吉岡家住宅中門,0–0.5 m
official_export_002:19,river_flooding,洪水浸水想定区域,0.03,神田川流域,L2（想定最大規模）,0.5m未満,PLATEAU building risk,13116,豊島区,National,Registered,有形文化財,建造物,building_direct,砂金家長屋,0–0.5 m
official_export_002:190,river_flooding,洪水浸水想定区域,0.44,黒目川・落合川・柳瀬川・空堀川・奈良橋川流域,L2（想定最大規模）,0.5m未満,PLATEAU building risk,13220,東大和市,National,Registered,有形文化財,建造物,building_direct,旧吉岡家住宅長屋門,0–0.5 m
official_export_002:191,river_flooding,洪水浸水想定区域,0.05,霞川・多摩川上流圏域,L2（想定最大規模）,0.5m未満,PLATEAU building risk,13205,青梅市,National,Registered,有形文化財,建造物,building_direct,旧吉川英治邸(草思堂)主屋,0–0.5 m
official_export_002:192,river_flooding,洪水浸水想定区域,0.05,霞川・多摩川上流圏域,L2（想定最大規模）,0.5m未満,PLATEAU building risk,13205,青梅市,National,Registered,有形文化財,建造物,building_direct,旧吉川英治邸(草思堂)土蔵,0–0.5 m
official_export_002:193,river_flooding,洪水浸水想定区域,0.05,霞川・多摩川上流圏域,L2（想定最大規模）,0.5m未満,PLATEAU building risk,13205,青梅市,National,Registered,有形文化財,建造物,building_direct,旧吉川英治邸(草思堂)長屋門,0–0.5 m
official_export_002:194,river_flooding,洪水浸水想定区域,0.05,霞川・多摩川上流圏域,L2（想定最大規模）,0.5m未満,PLATEAU building risk,13205,青梅市,National,Registered,有形文化財,建造物,building_direct,旧吉川英治邸(草思堂)洋館,0–0.5 m
official_export_002:195,river_flooding,洪水浸水想定区域,0.007,神田川流域,L2（想定最大規模）,0.5m未満,PLATEAU building risk,13106,台東区,National,Registered,有形文化財,建造物,building_direct,教證寺客殿,0–0.5 m
official_export_002:196,river_flooding,洪水浸水想定区域,0.034,神田川流域,L2（想定最大規模）,0.5m未満,PLATEAU building risk,13106,台東区,National,Registered,有形文化財,建造物,building_direct,教證寺本堂,0–0.5 m
official_export_002:197,river_flooding,洪水浸水想定区域,0.214,神田川流域;荒川水系神田川流域,L2（想定最大規模）,0.5m未満,PLATEAU building risk,13102,中央区,National,Registered,有形文化財,建造物,building_direct,喜代川店舗,0–0.5 m
official_export_002:198,river_flooding,洪水浸水想定区域,0.035,城南地区河川流域,L2（想定最大規模）,0.5m未満,PLATEAU building risk,13103,港区,National,Registered,有形文化財,建造物,building_direct,キリスト友会フレンズセンター,0–0.5 m
official_export_002:199,river_flooding,洪水浸水想定区域,0.04,隅田川・新河岸川流域,L2（想定最大規模）,0.5m未満,PLATEAU building risk,13102,中央区,National,Registered,有形文化財,建造物,building_direct,銀座大野屋店舗兼主屋,0–0.5 m
official_export_002:2,river_flooding,浸水予想区域,0.0,城南地区河川流域,,0,external point-grid sampling,13113,渋谷区,National,Registered,有形文化財,建造物,building_direct,青山学院ベリーホール,0
official_export_002:20,river_flooding,洪水浸水想定区域,0.9,多摩川水系多摩川・浅川・大栗川,L2（想定最大規模）,0.5m以上3m未満,PLATEAU building risk,13218,福生市,National,Registered,有形文化財,建造物,building_direct,石川酒造雑蔵,0.5–3 m
official_export_002:200,river_flooding,洪水浸水想定区域,0.06,隅田川・新河岸川流域,L2（想定最大規模）,0.5m未満,PLATEAU building risk,13102,中央区,National,Registered,有形文化財,建造物,building_direct,銀座ライオンビル,0–0.5 m
official_export_002:201,river_flooding,浸水予想区域,0.0,神田川流域,,0,external point-grid sampling,13104,新宿区,National,Registered,有形文化財,建造物,building_direct,栗原家住宅稲荷社及び石鳥居,0
official_export_002:202,river_flooding,洪水浸水想定区域,0.009,神田川流域,L2（想定最大規模）,0.5m未満,PLATEAU building risk,13104,新宿区,National,Registered,有形文化財,建造物,building_direct,栗原家住宅蔵,0–0.5 m
official_export_002:203,river_flooding,洪水浸水想定区域,0.009,神田川流域,L2（想定最大規模）,0.5m未満,PLATEAU building risk,13104,新宿区,National,Registered,有形文化財,建造物,building_direct,栗原家住宅主屋,0–0.5 m
official_export_002:204,river_flooding,浸水予想区域,0.0,神田川流域,,0,external point-grid sampling,13104,新宿区,National,Registered,有形文化財,建造物,building_direct,栗原家住宅門柱及び塀,0
official_export_002:205,river_flooding,浸水予想区域,0.0,神田川流域,,0,external point-grid sampling,13106,台東区,National,Registered,有形文化財,建造物,building_direct,黒沢ビル,0
official_export_002:206,river_flooding,洪水浸水想定区域,0.017,神田川流域,L2（想定最大規模）,0.5m未満,PLATEAU building risk,13115,杉並区,National,Registered,有形文化財,建造物,building_direct,幻戯山房(旧角川家住宅主屋),0–0.5 m
official_export_002:207,river_flooding,浸水予想区域,0.0,城南地区河川流域,,0,external point-grid sampling,13109,品川区,National,Registered,有形文化財,建造物,building_direct,小池家住宅主屋,0
official_export_002:208,river_flooding,洪水浸水想定区域,0.006,神田川流域,L2（想定最大規模）,0.5m未満,PLATEAU building risk,13114,中野区,National,Registered,有形文化財,建造物,building_direct,功運寺庫裏,0–0.5 m
official_export_002:209,river_flooding,浸水予想区域,0.0,神田川流域,,0,external point-grid sampling,13114,中野区,National,Registered,有形文化財,建造物,building_direct,功運寺山門,0
official_export_002:21,river_flooding,洪水浸水想定区域,1.16,多摩川水系多摩川・浅川・大栗川,L2（想定最大規模）,0.5m以上3m未満,PLATEAU building risk,13218,福生市,National,Registered,有形文化財,建造物,building_direct,石川酒造新蔵,0.5–3 m
official_export_002:210,river_flooding,浸水予想区域,0.0,神田川流域,,0,external point-grid sampling,13114,中野区,National,Registered,有形文化財,建造物,building_direct,功運寺鐘楼,0
official_export_002:211,river_flooding,洪水浸水想定区域,0.01,隅田川・新河岸川流域,L2（想定最大規模）,0.5m未満,PLATEAU building risk,13116,豊島区,National,Registered,有形文化財,建造物,building_direct,高岩寺本堂,0–0.5 m
official_export_002:212,river_flooding,浸水予想区域,0.0,神田川流域,,0,external point-grid sampling,13115,杉並区,National,Registered,有形文化財,建造物,building_direct,古宇田家住宅,0
official_export_002:213,high_tide,高潮浸水想定,1.24,東京都高潮浸水想定区域図（令和6年12月19日）,,0.5m以上3m未満,PLATEAU building risk,13103,港区,National,Registered,有形文化財,建造物,building_direct,廣度院表門及び練塀,0.5–3 m
official_export_002:213,river_flooding,洪水浸水想定区域,1.411,古川水系渋谷川・古川・目黒川水系目黒川・呑川水系呑川・立会川水系立会川・内川水系内川;城南地区河川流域,L2（想定最大規模）,0.5m以上3m未満,PLATEAU building risk,13103,港区,National,Registered,有形文化財,建造物,building_direct,廣度院表門及び練塀,0.5–3 m
official_export_002:214,river_flooding,浸水予想区域,0.0,野川_仙川_入間川_谷沢川及び丸子川流域,,0,external point-grid sampling,13204,三鷹市,National,Registered,有形文化財,建造物,building_direct,国際基督教大学泰山荘表門,0
official_export_002:215,river_flooding,浸水予想区域,0.0,野川_仙川_入間川_谷沢川及び丸子川流域,,0,external point-grid sampling,13204,三鷹市,National,Registered,有形文化財,建造物,building_direct,国際基督教大学泰山荘蔵,0
official_export_002:216,river_flooding,浸水予想区域,0.0,野川_仙川_入間川_谷沢川及び丸子川流域,,0,external point-grid sampling,13204,三鷹市,National,Registered,有形文化財,建造物,building_direct,国際基督教大学泰山荘高風居,0
official_export_002:217,river_flooding,浸水予想区域,0.0,野川_仙川_入間川_谷沢川及び丸子川流域,,0,external point-grid sampling,13204,三鷹市,National,Registered,有形文化財,建造物,building_direct,国際基督教大学泰山荘車庫,0
official_export_002:218,river_flooding,浸水予想区域,0.0,野川_仙川_入間川_谷沢川及び丸子川流域,,0,external point-grid sampling,13204,三鷹市,National,Registered,有形文化財,建造物,building_direct,国際基督教大学泰山荘書院,0
official_export_002:219,river_flooding,浸水予想区域,0.0,野川_仙川_入間川_谷沢川及び丸子川流域,,0,external point-grid sampling,13204,三鷹市,National,Registered,有形文化財,建造物,building_direct,国際基督教大学泰山荘待合,0
official_export_002:22,river_flooding,洪水浸水想定区域,0.96,多摩川水系多摩川・浅川・大栗川,L2（想定最大規模）,0.5m以上3m未満,PLATEAU building risk,13218,福生市,National,Registered,有形文化財,建造物,building_direct,石川酒造長屋門,0.5–3 m
official_export_002:220,river_flooding,浸水予想区域,0.0,野川_仙川_入間川_谷沢川及び丸子川流域,,0,external point-grid sampling,13204,三鷹市,National,Registered,有形文化財,建造物,building_direct,国際基督教大学ディッフェンドルファー記念館,0
official_export_002:221,river_flooding,浸水予想区域,0.0,野川_仙川_入間川_谷沢川及び丸子川流域,,0,external point-grid sampling,13204,三鷹市,National,Registered,有形文化財,建造物,building_direct,国際基督教大学本館,0
official_export_002:222,river_flooding,浸水予想区域,0.0,城南地区河川流域,,0,external point-grid sampling,13103,港区,National,Registered,有形文化財,建造物,building_direct,国際文化会館本館,0
official_export_002:223,river_flooding,浸水予想区域,0.0,城南地区河川流域,,0,external point-grid sampling,13112,世田谷区,National,Registered,有形文化財,建造物,building_direct,国士舘大講堂,0
official_export_002:225,river_flooding,浸水予想区域,0.0,野川_仙川_入間川_谷沢川及び丸子川流域,,0,external point-grid sampling,13204,三鷹市,National,Registered,有形文化財,建造物,building_direct,国立天文台表門,0
official_export_002:226,river_flooding,洪水浸水想定区域,0.16,野川・仙川・入間川・谷沢川・丸子川流域,L2（想定最大規模）,0.5m未満,PLATEAU building risk,13204,三鷹市,National,Registered,有形文化財,建造物,building_direct,国立天文台旧図庫及び倉庫,0–0.5 m
official_export_002:227,river_flooding,浸水予想区域,0.0,野川_仙川_入間川_谷沢川及び丸子川流域,,0,external point-grid sampling,13204,三鷹市,National,Registered,有形文化財,建造物,building_direct,国立天文台ゴーチェ子午環室,0
official_export_002:228,river_flooding,浸水予想区域,0.0,野川_仙川_入間川_谷沢川及び丸子川流域,,0,external point-grid sampling,13204,三鷹市,National,Registered,有形文化財,建造物,building_direct,国立天文台第一子午線標室,0
official_export_002:229,river_flooding,浸水予想区域,0.0,野川_仙川_入間川_谷沢川及び丸子川流域,,0,external point-grid sampling,13204,三鷹市,National,Registered,有形文化財,建造物,building_direct,国立天文台第一赤道儀室,0
official_export_002:23,river_flooding,洪水浸水想定区域,1.16,多摩川水系多摩川・浅川・大栗川,L2（想定最大規模）,0.5m以上3m未満,PLATEAU building risk,13218,福生市,National,Registered,有形文化財,建造物,building_direct,石川酒造文庫蔵,0.5–3 m
official_export_002:230,river_flooding,洪水浸水想定区域,0.03,野川・仙川・入間川・谷沢川・丸子川流域,L2（想定最大規模）,0.5m未満,PLATEAU building risk,13204,三鷹市,National,Registered,有形文化財,建造物,building_direct,国立天文台大赤道儀室,0–0.5 m
official_export_002:231,river_flooding,浸水予想区域,0.0393,野川_仙川_入間川_谷沢川及び丸子川流域,,0–0.5 m,external point-grid sampling,13204,三鷹市,National,Registered,有形文化財,建造物,building_direct,国立天文台第二子午線標室,0–0.5 m
official_export_002:232,river_flooding,浸水予想区域,0.0,野川_仙川_入間川_谷沢川及び丸子川流域,,0,external point-grid sampling,13204,三鷹市,National,Registered,有形文化財,建造物,building_direct,国立天文台太陽分光写真儀室,0
official_export_002:233,river_flooding,浸水予想区域,0.0,野川_仙川_入間川_谷沢川及び丸子川流域,,0,external point-grid sampling,13204,三鷹市,National,Registered,有形文化財,建造物,building_direct,国立天文台門衛所,0
official_export_002:234,river_flooding,浸水予想区域,0.0,野川_仙川_入間川_谷沢川及び丸子川流域,,0,external point-grid sampling,13204,三鷹市,National,Registered,有形文化財,建造物,building_direct,国立天文台レプソルド子午儀室,0
official_export_002:235,river_flooding,洪水浸水想定区域,0.026,神田川流域,L2（想定最大規模）,0.5m未満,PLATEAU building risk,13115,杉並区,National,Registered,有形文化財,建造物,building_direct,小杉湯,0–0.5 m
official_export_002:236,river_flooding,洪水浸水想定区域,0.017,野川・仙川・入間川・谷沢川・丸子川流域,L2（想定最大規模）,0.5m未満,PLATEAU building risk,13112,世田谷区,National,Registered,有形文化財,建造物,building_direct,五島美術館古経楼,0–0.5 m
official_export_002:237,river_flooding,洪水浸水想定区域,0.01,野川・仙川・入間川・谷沢川・丸子川流域,L2（想定最大規模）,0.5m未満,PLATEAU building risk,13112,世田谷区,National,Registered,有形文化財,建造物,building_direct,五島美術館冨士見亭,0–0.5 m
official_export_002:238,river_flooding,洪水浸水想定区域,0.017,野川・仙川・入間川・谷沢川・丸子川流域,L2（想定最大規模）,0.5m未満,PLATEAU building risk,13112,世田谷区,National,Registered,有形文化財,建造物,building_direct,五島美術館本館,0–0.5 m
official_export_002:239,river_flooding,浸水予想区域,0.0,城南地区河川流域,,0,external point-grid sampling,13112,世田谷区,National,Registered,有形文化財,建造物,building_direct,駒澤大学旧図書館(禅文化歴史博物館・耕雲館),0
official_export_002:24,river_flooding,洪水浸水想定区域,1.16,多摩川水系多摩川・浅川・大栗川,L2（想定最大規模）,0.5m以上3m未満,PLATEAU building risk,13218,福生市,National,Registered,有形文化財,建造物,building_direct,石川酒造本蔵,0.5–3 m
official_export_002:240,river_flooding,浸水予想区域,0.0,石神井川及び白子川流域;黒目川_落合川_柳瀬川_空堀川及び奈良橋川流域,,0;No data,external point-grid sampling,13229,西東京市,National,Registered,有形文化財,建造物,building_direct,小宮家住宅主屋,0
official_export_002:241,river_flooding,浸水予想区域,0.0,石神井川及び白子川流域,,0,external point-grid sampling,13116,豊島区,National,Registered,有形文化財,建造物,building_direct,金剛院庫裏,0
official_export_002:242,river_flooding,浸水予想区域,0.0,石神井川及び白子川流域,,0,external point-grid sampling,13116,豊島区,National,Registered,有形文化財,建造物,building_direct,金剛院本堂,0
official_export_002:243,high_tide,高潮浸水想定,0.24,東京都高潮浸水想定区域図（令和6年12月19日）,,0.5m未満,PLATEAU building risk,13106,台東区,National,Registered,有形文化財,建造物,building_direct,西徳寺本堂,0–0.5 m
official_export_002:243,river_flooding,洪水浸水想定区域,0.37,隅田川・新河岸川流域,L2（想定最大規模）,0.5m未満,PLATEAU building risk,13106,台東区,National,Registered,有形文化財,建造物,building_direct,西徳寺本堂,0–0.5 m
official_export_002:244,river_flooding,洪水浸水想定区域,0.13,神田川流域,L2（想定最大規模）,0.5m未満,PLATEAU building risk,13105,文京区,National,Registered,有形文化財,建造物,building_direct,さかえビル,0–0.5 m
official_export_002:245,river_flooding,浸水予想区域,0.0,城南地区河川流域,,0,external point-grid sampling,13112,世田谷区,National,Registered,有形文化財,建造物,building_direct,坂間家住宅主屋,0
official_export_002:247,river_flooding,洪水浸水想定区域,0.68,古川水系渋谷川・古川・目黒川水系目黒川・呑川水系呑川・立会川水系立会川・内川水系内川;城南地区河川流域,L2（想定最大規模）,0.5m以上3m未満,PLATEAU building risk,13111,大田区,National,Registered,有形文化財,建造物,building_direct,実相寺本堂,0.5–3 m
official_export_002:248,river_flooding,洪水浸水想定区域,1.6,古川水系渋谷川・古川・目黒川水系目黒川・呑川水系呑川・立会川水系立会川・内川水系内川;城南地区河川流域,L1（計画規模）;L2（想定最大規模）,0.5m以上3m未満;0.5m未満,PLATEAU building risk,13111,大田区,National,Registered,有形文化財,建造物,building_direct,実相寺門,0.5–3 m
official_export_002:249,river_flooding,洪水浸水想定区域,0.01,城南地区河川流域,L2（想定最大規模）,0.5m未満,PLATEAU building risk,13113,渋谷区,National,Registered,有形文化財,建造物,building_direct,渋谷区立広尾小学校,0–0.5 m
official_export_002:25,river_flooding,洪水浸水想定区域,0.77,多摩川水系多摩川・浅川・大栗川,L2（想定最大規模）,0.5m以上3m未満,PLATEAU building risk,13218,福生市,National,Registered,有形文化財,建造物,building_direct,石川酒造向蔵,0.5–3 m
official_export_002:250,river_flooding,浸水予想区域,0.0,神田川流域,,0,external point-grid sampling,13105,文京区,National,Registered,有形文化財,建造物,building_direct,島薗家住宅主屋,0
official_export_002:251,river_flooding,浸水予想区域,0.119,野川_仙川_入間川_谷沢川及び丸子川流域,,0–0.5 m,external point-grid sampling,13112,世田谷区,National,Registered,有形文化財,建造物,building_direct,志村家住宅門及び石垣,0–0.5 m
official_export_002:252,river_flooding,浸水予想区域,0.0,石神井川及び白子川流域,,0,external point-grid sampling,13229,西東京市,National,Registered,有形文化財,建造物,building_direct,下田家住宅主屋,0
official_export_002:253,river_flooding,浸水予想区域,0.0,石神井川及び白子川流域,,0,external point-grid sampling,13229,西東京市,National,Registered,有形文化財,建造物,building_direct,下田家住宅文庫蔵,0
official_export_002:254,river_flooding,洪水浸水想定区域,0.01,秋川・平井川流域,L2（想定最大規模）,0.5m未満,PLATEAU building risk,13307,檜原村,National,Registered,有形文化財,建造物,building_direct,蛇の湯温泉たから荘,0–0.5 m
official_export_002:255,river_flooding,洪水浸水想定区域,0.021,城南地区河川流域,L2（想定最大規模）,0.5m未満,PLATEAU building risk,13109,品川区,National,Registered,有形文化財,建造物,building_direct,十四世喜多六平太記念能楽堂,0–0.5 m
official_export_002:256,high_tide,高潮浸水想定,0.73,東京都高潮浸水想定区域図（令和6年12月19日）,,0.5m以上3m未満,PLATEAU building risk,13103,港区,National,Registered,有形文化財,建造物,building_direct,常行院納骨堂,0.5–3 m
official_export_002:256,river_flooding,洪水浸水想定区域,0.653,古川水系渋谷川・古川・目黒川水系目黒川・呑川水系呑川・立会川水系立会川・内川水系内川;城南地区河川流域,L2（想定最大規模）,0.5m以上3m未満,PLATEAU building risk,13103,港区,National,Registered,有形文化財,建造物,building_direct,常行院納骨堂,0.5–3 m
official_export_002:257,river_flooding,洪水浸水想定区域,0.019,城南地区河川流域,L2（想定最大規模）,0.5m未満,PLATEAU building risk,13113,渋谷区,National,Registered,有形文化財,建造物,building_direct,上宮寺鐘楼,0–0.5 m
official_export_002:258,river_flooding,洪水浸水想定区域,0.016,城南地区河川流域,L2（想定最大規模）,0.5m未満,PLATEAU building risk,13113,渋谷区,National,Registered,有形文化財,建造物,building_direct,上宮寺本堂,0–0.5 m
official_export_002:259,river_flooding,洪水浸水想定区域,0.016,城南地区河川流域,L2（想定最大規模）,0.5m未満,PLATEAU building risk,13113,渋谷区,National,Registered,有形文化財,建造物,building_direct,上宮寺本堂応接部,0–0.5 m
official_export_002:26,river_flooding,浸水予想区域,0.0,神田川流域,,0,external point-grid sampling,13105,文京区,National,Registered,有形文化財,建造物,building_direct,伊勢五蔵,0
official_export_002:260,high_tide,高潮浸水想定,1.15,東京都高潮浸水想定区域図（令和6年12月19日）,,0.5m以上3m未満,PLATEAU building risk,13103,港区,National,Registered,有形文化財,建造物,building_direct,常照院本堂内陣,0.5–3 m
official_export_002:260,river_flooding,洪水浸水想定区域,1.243,古川水系渋谷川・古川・目黒川水系目黒川・呑川水系呑川・立会川水系立会川・内川水系内川;城南地区河川流域,L2（想定最大規模）,0.5m以上3m未満,PLATEAU building risk,13103,港区,National,Registered,有形文化財,建造物,building_direct,常照院本堂内陣,0.5–3 m
official_export_002:261,river_flooding,洪水浸水想定区域,0.019,城南地区河川流域,L2（想定最大規模）,0.5m未満,PLATEAU building risk,13111,大田区,National,Registered,有形文化財,建造物,building_direct,松風荘主屋,0–0.5 m
official_export_002:262,river_flooding,洪水浸水想定区域,0.013,城南地区河川流域,L2（想定最大規模）,0.5m未満,PLATEAU building risk,13111,大田区,National,Registered,有形文化財,建造物,building_direct,松風荘待合,0–0.5 m
official_export_002:263,river_flooding,洪水浸水想定区域,0.019,城南地区河川流域,L2（想定最大規模）,0.5m未満,PLATEAU building risk,13111,大田区,National,Registered,有形文化財,建造物,building_direct,松風荘門,0–0.5 m
official_export_002:264,river_flooding,浸水予想区域,0.0,城南地区河川流域,,0,external point-grid sampling,13111,大田区,National,Registered,有形文化財,建造物,building_direct,昭和のくらし博物館(旧小泉家住宅主屋),0
official_export_002:265,river_flooding,洪水浸水想定区域,0.1,野川・仙川・入間川・谷沢川・丸子川流域,L2（想定最大規模）,0.5m未満,PLATEAU building risk,13208,調布市,National,Registered,有形文化財,建造物,building_direct,白百合女子大学めぐみ荘(旧菊池家住宅主屋),0–0.5 m
official_export_002:266,river_flooding,洪水浸水想定区域,0.043,神田川流域,L2（想定最大規模）,0.5m未満,PLATEAU building risk,13105,文京区,National,Registered,有形文化財,建造物,building_direct,進開屋,0–0.5 m
official_export_002:267,river_flooding,浸水予想区域,0.02,城南地区河川流域,,0–0.5 m,external point-grid sampling,13103,港区,National,Registered,有形文化財,建造物,building_direct,心光院表門,0–0.5 m
official_export_002:268,river_flooding,洪水浸水想定区域,0.02,城南地区河川流域,L2（想定最大規模）,0.5m未満,PLATEAU building risk,13103,港区,National,Registered,有形文化財,建造物,building_direct,心光院本堂,0–0.5 m
official_export_002:269,river_flooding,洪水浸水想定区域,0.11,神田川流域,L2（想定最大規模）,0.5m未満,PLATEAU building risk,13104,新宿区,National,Registered,有形文化財,建造物,building_direct,新潮社倉庫,0–0.5 m
official_export_002:27,river_flooding,浸水予想区域,0.0,神田川流域,,0,external point-grid sampling,13105,文京区,National,Registered,有形文化財,建造物,building_direct,伊勢五主屋,0
official_export_002:270,river_flooding,洪水浸水想定区域,0.11,神田川流域,L2（想定最大規模）,0.5m未満,PLATEAU building risk,13104,新宿区,National,Registered,有形文化財,建造物,building_direct,新潮社本館,0–0.5 m
official_export_002:271,high_tide,高潮浸水想定,0.13,東京都高潮浸水想定区域図（令和6年12月19日）,,0.5m未満,PLATEAU building risk,13102,中央区,National,Registered,有形文化財,建造物,building_direct,新富町躍金楼店舗,0–0.5 m
official_export_002:271,river_flooding,洪水浸水想定区域,0.04,隅田川・新河岸川流域,L2（想定最大規模）,0.5m未満,PLATEAU building risk,13102,中央区,National,Registered,有形文化財,建造物,building_direct,新富町躍金楼店舗,0–0.5 m
official_export_002:272,river_flooding,洪水浸水想定区域,0.014,神田川流域,L2（想定最大規模）,0.5m未満,PLATEAU building risk,13105,文京区,National,Registered,有形文化財,建造物,building_direct,新町館(三宅家住宅),0–0.5 m
official_export_002:273,river_flooding,洪水浸水想定区域,0.197,神田川流域,L2（想定最大規模）,0.5m未満,PLATEAU building risk,13104,新宿区,National,Registered,有形文化財,建造物,building_direct,鈴木家住宅主屋,0–0.5 m
official_export_002:274,river_flooding,浸水予想区域,0.0,神田川流域,,0,external point-grid sampling,13106,台東区,National,Registered,有形文化財,建造物,building_direct,すぺーす小倉屋蔵,0
official_export_002:275,river_flooding,浸水予想区域,0.0,神田川流域,,0,external point-grid sampling,13106,台東区,National,Registered,有形文化財,建造物,building_direct,すぺーす小倉屋店舗,0
official_export_002:276,high_tide,高潮浸水想定,3.58,東京都高潮浸水想定区域図（令和6年12月19日）,,3m以上5m未満,PLATEAU building risk,13107,墨田区,National,Registered,有形文化財,建造物,building_direct,墨田区立言問小学校校舎,3–5 m
official_export_002:276,river_flooding,洪水浸水想定区域,0.66,隅田川・新河岸川流域,L2（想定最大規模）,0.5m以上3m未満,PLATEAU building risk,13107,墨田区,National,Registered,有形文化財,建造物,building_direct,墨田区立言問小学校校舎,0.5–3 m
official_export_002:277,high_tide,高潮浸水想定,3.56,東京都高潮浸水想定区域図（令和6年12月19日）,,3m以上5m未満,PLATEAU building risk,13107,墨田区,National,Registered,有形文化財,建造物,building_direct,墨田区立言問小学校講堂,3–5 m
official_export_002:277,river_flooding,洪水浸水想定区域,0.66,隅田川・新河岸川流域,L2（想定最大規模）,0.5m以上3m未満,PLATEAU building risk,13107,墨田区,National,Registered,有形文化財,建造物,building_direct,墨田区立言問小学校講堂,0.5–3 m
official_export_002:278,river_flooding,浸水予想区域,0.0,神田川流域,,0,external point-grid sampling,13115,杉並区,National,Registered,有形文化財,建造物,building_direct,西郊ロッヂング,0
official_export_002:279,river_flooding,浸水予想区域,0.0,神田川流域,,0,external point-grid sampling,13105,文京区,National,Registered,有形文化財,建造物,building_direct,瀬川家住宅(旧古市家住宅)蔵,0
official_export_002:28,high_tide,高潮浸水想定,0.02,東京都高潮浸水想定区域図（令和6年12月19日）,,0.5m未満,PLATEAU building risk,13106,台東区,National,Registered,有形文化財,建造物,building_direct,伊勢屋店舗兼主屋,0–0.5 m
official_export_002:28,river_flooding,洪水浸水想定区域,0.01,隅田川・新河岸川流域,L2（想定最大規模）,0.5m未満,PLATEAU building risk,13106,台東区,National,Registered,有形文化財,建造物,building_direct,伊勢屋店舗兼主屋,0–0.5 m
official_export_002:280,river_flooding,洪水浸水想定区域,0.019,神田川流域,L2（想定最大規模）,0.5m未満,PLATEAU building risk,13105,文京区,National,Registered,有形文化財,建造物,building_direct,瀬川家住宅(旧古市家住宅)主屋,0–0.5 m
official_export_002:281,river_flooding,洪水浸水想定区域,0.084,石神井川・白子川流域,L2（想定最大規模）,0.5m未満,PLATEAU building risk,13116,豊島区,National,Registered,有形文化財,建造物,building_direct,ソルフェージスクール,0–0.5 m
official_export_002:282,high_tide,高潮浸水想定,1.1,東京都高潮浸水想定区域図（令和6年12月19日）,,0.5m以上3m未満,PLATEAU building risk,13106,台東区,National,Registered,有形文化財,建造物,building_direct,タイガービルヂング,0.5–3 m
official_export_002:282,river_flooding,洪水浸水想定区域,0.68,神田川流域;荒川水系神田川流域;隅田川・新河岸川流域,L2（想定最大規模）,0.5m以上3m未満;0.5m未満,PLATEAU building risk,13106,台東区,National,Registered,有形文化財,建造物,building_direct,タイガービルヂング,0.5–3 m
official_export_002:283,river_flooding,浸水予想区域,0.0,神田川流域,,0,external point-grid sampling,13106,台東区,National,Registered,有形文化財,建造物,building_direct,台東区立朝倉彫塑館東屋,0
official_export_002:284,river_flooding,浸水予想区域,0.0,神田川流域,,0,external point-grid sampling,13106,台東区,National,Registered,有形文化財,建造物,building_direct,台東区立朝倉彫塑館アトリエ棟,0
official_export_002:285,river_flooding,浸水予想区域,0.0,神田川流域,,0,external point-grid sampling,13106,台東区,National,Registered,有形文化財,建造物,building_direct,台東区立朝倉彫塑館旧アトリエ,0
official_export_002:286,river_flooding,浸水予想区域,0.0,神田川流域,,0,external point-grid sampling,13106,台東区,National,Registered,有形文化財,建造物,building_direct,台東区立朝倉彫塑館住居,0
official_export_002:287,river_flooding,洪水浸水想定区域,0.022,神田川流域,L2（想定最大規模）,0.5m未満,PLATEAU building risk,13101,千代田区,National,Registered,有形文化財,建造物,building_direct,太洋ビルディング(丸石ビルディング),0–0.5 m
official_export_002:288,river_flooding,浸水予想区域,0.0,隅田川及び新河岸川流域,,0,external point-grid sampling,13105,文京区,National,Registered,有形文化財,建造物,building_direct,髙木家住宅離れ,0
official_export_002:289,river_flooding,浸水予想区域,0.0,隅田川及び新河岸川流域,,0,external point-grid sampling,13105,文京区,National,Registered,有形文化財,建造物,building_direct,髙木家住宅洋館,0
official_export_002:29,river_flooding,浸水予想区域,0.0,神田川流域,,0,external point-grid sampling,13106,台東区,National,Registered,有形文化財,建造物,building_direct,市田家住宅裏門,0
official_export_002:290,river_flooding,浸水予想区域,0.0,石神井川及び白子川流域,,0,external point-grid sampling,13229,西東京市,National,Registered,有形文化財,建造物,building_direct,髙橋家住宅衣装蔵,0
official_export_002:291,river_flooding,浸水予想区域,0.0,石神井川及び白子川流域,,0,external point-grid sampling,13229,西東京市,National,Registered,有形文化財,建造物,building_direct,髙橋家住宅表門,0
official_export_002:292,river_flooding,浸水予想区域,0.0,石神井川及び白子川流域,,0,external point-grid sampling,13229,西東京市,National,Registered,有形文化財,建造物,building_direct,髙橋家住宅主屋,0
official_export_002:293,river_flooding,浸水予想区域,0.0,石神井川及び白子川流域,,0,external point-grid sampling,13229,西東京市,National,Registered,有形文化財,建造物,building_direct,髙橋家住宅土蔵,0
official_export_002:294,river_flooding,浸水予想区域,0.0,石神井川及び白子川流域,,0,external point-grid sampling,13229,西東京市,National,Registered,有形文化財,建造物,building_direct,髙橋家住宅納屋,0
official_export_002:295,river_flooding,浸水予想区域,0.0,神田川流域,,0,external point-grid sampling,13104,新宿区,National,Registered,有形文化財,建造物,building_direct,高橋建築事務所社屋,0
official_export_002:296,river_flooding,浸水予想区域,0.0,城南地区河川流域,,0,external point-grid sampling,13111,大田区,National,Registered,有形文化財,建造物,building_direct,高橋診療所,0
official_export_002:297,river_flooding,洪水浸水想定区域,0.057,神田川流域,L2（想定最大規模）,0.5m未満,PLATEAU building risk,13101,千代田区,National,Registered,有形文化財,建造物,building_direct,高畠家住宅主屋,0–0.5 m
official_export_002:298,river_flooding,浸水予想区域,0.0,神田川流域,,0,external point-grid sampling,13101,千代田区,National,Registered,有形文化財,建造物,building_direct,高畠家住宅正門,0
official_export_002:299,river_flooding,浸水予想区域,0.0,神田川流域,,0,external point-grid sampling,13101,千代田区,National,Registered,有形文化財,建造物,building_direct,高畠家住宅塀及び石垣,0
official_export_002:3,river_flooding,浸水予想区域,0.0,城南地区河川流域,,0,external point-grid sampling,13113,渋谷区,National,Registered,有形文化財,建造物,building_direct,青山学院間島記念館,0
official_export_002:30,river_flooding,浸水予想区域,0.0,神田川流域,,0,external point-grid sampling,13106,台東区,National,Registered,有形文化財,建造物,building_direct,市田家住宅表門,0
official_export_002:300,river_flooding,洪水浸水想定区域,0.27,多摩川水系多摩川・浅川・大栗川,L2（想定最大規模）,0.5m未満,PLATEAU building risk,13215,国立市,National,Registered,有形文化財,建造物,building_direct,滝乃川学園本館,0–0.5 m
official_export_002:301,river_flooding,浸水予想区域,0.0,神田川流域,,0,external point-grid sampling,13105,文京区,National,Registered,有形文化財,建造物,building_direct,田口家住宅主屋,0
official_export_002:302,river_flooding,洪水浸水想定区域,0.007,野川・仙川・入間川・谷沢川・丸子川流域,L2（想定最大規模）,0.5m未満,PLATEAU building risk,13111,大田区,National,Registered,有形文化財,建造物,building_direct,竹中家住宅主屋,0–0.5 m
official_export_002:303,river_flooding,洪水浸水想定区域,0.183,神田川流域,L2（想定最大規模）,0.5m未満,PLATEAU building risk,13105,文京区,National,Registered,有形文化財,建造物,building_direct,棚澤書店,0–0.5 m
official_export_002:304,river_flooding,洪水浸水想定区域,0.029,石神井川・白子川流域,L2（想定最大規模）,0.5m未満,PLATEAU building risk,13229,西東京市,National,Registered,有形文化財,建造物,building_direct,田無神社参集殿,0–0.5 m
official_export_002:305,high_tide,高潮浸水想定,0.32,東京都高潮浸水想定区域図（令和6年12月19日）,,0.5m未満,PLATEAU building risk,13102,中央区,National,Registered,有形文化財,建造物,building_direct,玉置文治郎ビル,0–0.5 m
official_export_002:305,river_flooding,浸水予想区域,0.0,神田川流域;隅田川及び新河岸川流域,,0,external point-grid sampling,13102,中央区,National,Registered,有形文化財,建造物,building_direct,玉置文治郎ビル,0
official_export_002:31,river_flooding,洪水浸水想定区域,0.047,神田川流域,L2（想定最大規模）,0.5m未満,PLATEAU building risk,13106,台東区,National,Registered,有形文化財,建造物,building_direct,市田家住宅蔵,0–0.5 m
official_export_002:311,high_tide,高潮浸水想定,0.03,東京都高潮浸水想定区域図（令和6年12月19日）,,0.5m未満,PLATEAU building risk,13106,台東区,National,Registered,有形文化財,建造物,building_direct,茶寮一松表門及び塀,0–0.5 m
official_export_002:311,river_flooding,洪水浸水想定区域,0.02,隅田川・新河岸川流域,L2（想定最大規模）,0.5m未満,PLATEAU building risk,13106,台東区,National,Registered,有形文化財,建造物,building_direct,茶寮一松表門及び塀,0–0.5 m
official_export_002:312,high_tide,高潮浸水想定,0.13,東京都高潮浸水想定区域図（令和6年12月19日）,,0.5m未満,PLATEAU building risk,13106,台東区,National,Registered,有形文化財,建造物,building_direct,茶寮一松店舗及び住居,0–0.5 m
official_export_002:312,river_flooding,洪水浸水想定区域,0.02,隅田川・新河岸川流域,L2（想定最大規模）,0.5m未満,PLATEAU building risk,13106,台東区,National,Registered,有形文化財,建造物,building_direct,茶寮一松店舗及び住居,0–0.5 m
official_export_002:313,river_flooding,浸水予想区域,0.0,神田川流域,,0,external point-grid sampling,13105,文京区,National,Registered,有形文化財,建造物,building_direct,椿山荘残月,0
official_export_002:314,river_flooding,浸水予想区域,0.0,神田川流域,,0,external point-grid sampling,13105,文京区,National,Registered,有形文化財,建造物,building_direct,椿山荘三重塔,0
official_export_002:315,river_flooding,洪水浸水想定区域,0.009,城南地区河川流域,L2（想定最大規模）,0.5m未満,PLATEAU building risk,13111,大田区,National,Registered,有形文化財,建造物,building_direct,塚﨑家住宅主屋,0–0.5 m
official_export_002:316,river_flooding,浸水予想区域,0.016,城南地区河川流域,,0–0.5 m,external point-grid sampling,13111,大田区,National,Registered,有形文化財,建造物,building_direct,塚﨑家住宅門及び塀,0–0.5 m
official_export_002:317,river_flooding,浸水予想区域,0.276,野川_仙川_入間川_谷沢川及び丸子川流域,,0–0.5 m,external point-grid sampling,13112,世田谷区,National,Registered,有形文化財,建造物,building_direct,築山家住宅石垣,0–0.5 m
official_export_002:318,river_flooding,洪水浸水想定区域,0.276,野川・仙川・入間川・谷沢川・丸子川流域,L2（想定最大規模）,0.5m未満,PLATEAU building risk,13112,世田谷区,National,Registered,有形文化財,建造物,building_direct,築山家住宅主屋,0–0.5 m
official_export_002:319,river_flooding,浸水予想区域,0.016,野川_仙川_入間川_谷沢川及び丸子川流域,,0–0.5 m,external point-grid sampling,13112,世田谷区,National,Registered,有形文化財,建造物,building_direct,築山家住宅水蓮池,0–0.5 m
official_export_002:32,river_flooding,洪水浸水想定区域,0.047,神田川流域,L2（想定最大規模）,0.5m未満,PLATEAU building risk,13106,台東区,National,Registered,有形文化財,建造物,building_direct,市田家住宅主屋,0–0.5 m
official_export_002:320,river_flooding,浸水予想区域,0.276,野川_仙川_入間川_谷沢川及び丸子川流域,,0–0.5 m,external point-grid sampling,13112,世田谷区,National,Registered,有形文化財,建造物,building_direct,築山家住宅門,0–0.5 m
official_export_002:324,river_flooding,浸水予想区域,0.0,神田川流域,,0,external point-grid sampling,13115,杉並区,National,Registered,有形文化財,建造物,building_direct,辻家住宅旧主屋,0
official_export_002:325,river_flooding,洪水浸水想定区域,0.12,隅田川・新河岸川流域,L2（想定最大規模）,0.5m未満,PLATEAU building risk,13106,台東区,National,Registered,有形文化財,建造物,building_direct,燕湯,0–0.5 m
official_export_002:326,river_flooding,洪水浸水想定区域,0.012,神田川流域,L2（想定最大規模）,0.5m未満,PLATEAU building risk,13106,台東区,National,Registered,有形文化財,建造物,building_direct,手焼せんべい嵯峨の家店舗,0–0.5 m
official_export_002:327,high_tide,高潮浸水想定,2.07,東京都高潮浸水想定区域図（令和6年12月19日）,,0.5m以上3m未満,PLATEAU building risk,13107,墨田区,National,Registered,有形文化財,建造物,building_direct,照田家住宅主屋,0.5–3 m
official_export_002:327,river_flooding,洪水浸水想定区域,0.04,隅田川・新河岸川流域,L2（想定最大規模）,0.5m未満,PLATEAU building risk,13107,墨田区,National,Registered,有形文化財,建造物,building_direct,照田家住宅主屋,0–0.5 m
official_export_002:328,river_flooding,浸水予想区域,0.0,神田川流域,,0,external point-grid sampling,13105,文京区,National,Registered,有形文化財,建造物,building_direct,東京カテドラル鐘塔,0
official_export_002:329,river_flooding,浸水予想区域,0.0,神田川流域,,0,external point-grid sampling,13105,文京区,National,Registered,有形文化財,建造物,building_direct,東京カテドラル聖マリア大聖堂,0
official_export_002:33,river_flooding,浸水予想区域,0.0,神田川流域,,0,external point-grid sampling,13104,新宿区,National,Registered,有形文化財,建造物,building_direct,一水寮,0
official_export_002:330,river_flooding,浸水予想区域,0.0,城南地区河川流域,,0,external point-grid sampling,13110,目黒区,National,Registered,有形文化財,建造物,building_direct,東京工業大学大岡山西一号館(旧分析化学実験室),0
official_export_002:331,river_flooding,浸水予想区域,0.0,城南地区河川流域,,0,external point-grid sampling,13110,目黒区,National,Registered,有形文化財,建造物,building_direct,東京工業大学七〇周年記念講堂,0
official_export_002:332,river_flooding,洪水浸水想定区域,0.348,城南地区河川流域,L2（想定最大規模）,0.5m未満,PLATEAU building risk,13110,目黒区,National,Registered,有形文化財,建造物,building_direct,東京工業大学本館,0–0.5 m
official_export_002:333,high_tide,高潮浸水想定,1.82,東京都高潮浸水想定区域図（令和6年12月19日）,,0.5m以上3m未満,PLATEAU building risk,13108,江東区,National,Registered,有形文化財,建造物,building_direct,東京商船大学1号館,0.5–3 m
official_export_002:333,river_flooding,浸水予想区域,0.0,江東内部河川流域,,0,external point-grid sampling,13108,江東区,National,Registered,有形文化財,建造物,building_direct,東京商船大学1号館,0
official_export_002:334,high_tide,高潮浸水想定,2.24,東京都高潮浸水想定区域図（令和6年12月19日）,,0.5m以上3m未満,PLATEAU building risk,13108,江東区,National,Registered,有形文化財,建造物,building_direct,東京商船大学旧天体観測所(第一観測台),0.5–3 m
official_export_002:334,river_flooding,洪水浸水想定区域,0.11,江東内部河川流域,L2（想定最大規模）,0.5m未満,PLATEAU building risk,13108,江東区,National,Registered,有形文化財,建造物,building_direct,東京商船大学旧天体観測所(第一観測台),0–0.5 m
official_export_002:335,high_tide,高潮浸水想定,2.39,東京都高潮浸水想定区域図（令和6年12月19日）,,0.5m以上3m未満,PLATEAU building risk,13108,江東区,National,Registered,有形文化財,建造物,building_direct,東京商船大学旧天体観測所(第二観測台),0.5–3 m
official_export_002:335,river_flooding,洪水浸水想定区域,0.12,江東内部河川流域,L2（想定最大規模）,0.5m未満,PLATEAU building risk,13108,江東区,National,Registered,有形文化財,建造物,building_direct,東京商船大学旧天体観測所(第二観測台),0–0.5 m
official_export_002:336,high_tide,高潮浸水想定,1.69,東京都高潮浸水想定区域図（令和6年12月19日）,,0.5m以上3m未満,PLATEAU building risk,13108,江東区,National,Registered,有形文化財,建造物,building_direct,東京商船大学事務局管理棟,0.5–3 m
official_export_002:336,river_flooding,洪水浸水想定区域,0.2,江東内部河川流域,L2（想定最大規模）,0.5m未満,PLATEAU building risk,13108,江東区,National,Registered,有形文化財,建造物,building_direct,東京商船大学事務局管理棟,0–0.5 m
official_export_002:337,high_tide,高潮浸水想定,1.44,東京都高潮浸水想定区域図（令和6年12月19日）,,0.5m以上3m未満,PLATEAU building risk,13108,江東区,National,Registered,有形文化財,建造物,building_direct,東京商船大学2号館,0.5–3 m
official_export_002:337,river_flooding,浸水予想区域,0.0,江東内部河川流域,,0,external point-grid sampling,13108,江東区,National,Registered,有形文化財,建造物,building_direct,東京商船大学2号館,0
official_export_002:338,river_flooding,洪水浸水想定区域,0.089,神田川流域,L2（想定最大規模）,0.5m未満,PLATEAU building risk,13115,杉並区,National,Registered,有形文化財,建造物,building_direct,東京女子大学講堂・礼拝堂,0–0.5 m
official_export_002:339,river_flooding,浸水予想区域,0.0,神田川流域,,0,external point-grid sampling,13115,杉並区,National,Registered,有形文化財,建造物,building_direct,東京女子大学17号館(ライシャワー館),0
official_export_002:34,river_flooding,浸水予想区域,0.0,神田川流域,,0,external point-grid sampling,13115,杉並区,National,Registered,有形文化財,建造物,building_direct,伊藤家住宅主屋,0
official_export_002:340,river_flooding,浸水予想区域,0.0,神田川流域,,0,external point-grid sampling,13115,杉並区,National,Registered,有形文化財,建造物,building_direct,東京女子大学14号館(安井記念館),0
official_export_002:341,river_flooding,浸水予想区域,0.0,神田川流域,,0,external point-grid sampling,13115,杉並区,National,Registered,有形文化財,建造物,building_direct,東京女子大学16号館(外国人教師館),0
official_export_002:342,river_flooding,浸水予想区域,0.0,神田川流域,,0,external point-grid sampling,13115,杉並区,National,Registered,有形文化財,建造物,building_direct,東京女子大学7号館(西校舎),0
official_export_002:343,river_flooding,浸水予想区域,0.0,神田川流域,,0,external point-grid sampling,13115,杉並区,National,Registered,有形文化財,建造物,building_direct,東京女子大学本館,0
official_export_002:344,river_flooding,浸水予想区域,0.0,神田川流域,,0,external point-grid sampling,13115,杉並区,National,Registered,有形文化財,建造物,building_direct,東京女子大学6号館(東校舎),0
official_export_002:345,high_tide,高潮浸水想定,0.03,東京都高潮浸水想定区域図（令和6年12月19日）,,0.5m未満,PLATEAU building risk,13103,港区,National,Registered,有形文化財,建造物,building_direct,東京水産大学雲鷹丸,0–0.5 m
official_export_002:345,river_flooding,洪水浸水想定区域,0.081,城南地区河川流域,L2（想定最大規模）,0.5m未満,PLATEAU building risk,13103,港区,National,Registered,有形文化財,建造物,building_direct,東京水産大学雲鷹丸,0–0.5 m
official_export_002:346,river_flooding,浸水予想区域,0.0,城南地区河川流域,,0,external point-grid sampling,13110,目黒区,National,Registered,有形文化財,建造物,building_direct,東京大学教養学部旧第一高等学校本館(時計台),0
official_export_002:347,river_flooding,浸水予想区域,0.0,神田川流域,,0,external point-grid sampling,13105,文京区,National,Registered,有形文化財,建造物,building_direct,東京大学工学部1号館,0
official_export_002:348,river_flooding,浸水予想区域,0.0,神田川流域,,0,external point-grid sampling,13105,文京区,National,Registered,有形文化財,建造物,building_direct,東京大学工学部列品館,0
official_export_002:349,river_flooding,浸水予想区域,0.0,城南地区河川流域,,0,external point-grid sampling,13110,目黒区,National,Registered,有形文化財,建造物,building_direct,東京大学先端科学技術研究センター十三号館(旧東京帝国大学航空研究所本館),0
official_export_002:35,river_flooding,洪水浸水想定区域,0.007,城南地区河川流域,L2（想定最大規模）,0.5m未満,PLATEAU building risk,13111,大田区,National,Registered,有形文化財,建造物,building_direct,伊藤家住宅主屋,0–0.5 m
official_export_002:350,river_flooding,浸水予想区域,0.0,神田川流域,,0,external point-grid sampling,13105,文京区,National,Registered,有形文化財,建造物,building_direct,東京大学大講堂(安田講堂),0
official_export_002:351,river_flooding,洪水浸水想定区域,0.071,神田川流域,L2（想定最大規模）,0.5m未満,PLATEAU building risk,13105,文京区,National,Registered,有形文化財,建造物,building_direct,東京大学法学部3号館,0–0.5 m
official_export_002:352,river_flooding,浸水予想区域,0.0,神田川流域,,0,external point-grid sampling,13105,文京区,National,Registered,有形文化財,建造物,building_direct,東京大学法文1号館,0
official_export_002:353,river_flooding,浸水予想区域,0.0,神田川流域,,0,external point-grid sampling,13105,文京区,National,Registered,有形文化財,建造物,building_direct,東京大学法文2号館,0
official_export_002:354,river_flooding,浸水予想区域,0.0,神田川流域,,0,external point-grid sampling,13105,文京区,National,Registered,有形文化財,建造物,building_direct,東京大学本郷正門及び門衛所,0
official_export_002:355,river_flooding,洪水浸水想定区域,0.003,神田川流域,L2（想定最大規模）,0.5m未満,PLATEAU building risk,13105,文京区,National,Registered,有形文化財,建造物,building_direct,東京大学野球場観覧席・ダッグアウト及びフェンス,0–0.5 m
official_export_002:356,river_flooding,洪水浸水想定区域,0.23,城南地区河川流域,L2（想定最大規模）,0.5m未満,PLATEAU building risk,13103,港区,National,Registered,有形文化財,建造物,building_direct,東京タワー,0–0.5 m
official_export_002:357,river_flooding,浸水予想区域,0.0,神田川流域;隅田川及び新河岸川流域,,0,external point-grid sampling,13106,台東区,National,Registered,有形文化財,建造物,building_direct,東京地下鉄銀座線浅草駅四番出入口上家,0
official_export_002:358,river_flooding,浸水予想区域,1.0,神田川流域,,0.5–3 m,external point-grid sampling,13105,文京区,National,Registered,有形文化財,建造物,building_direct,東京地下鉄丸ノ内線御茶ノ水駅出入口上家,0.5–3 m
official_export_002:359,river_flooding,洪水浸水想定区域,0.014,神田川流域,L2（想定最大規模）,0.5m未満,PLATEAU building risk,13101,千代田区,National,Registered,有形文化財,建造物,building_direct,東京地下鉄丸ノ内線御茶ノ水橋梁,0–0.5 m
official_export_002:36,river_flooding,浸水予想区域,0.0,野川_仙川_入間川_谷沢川及び丸子川流域,,0,external point-grid sampling,13204,三鷹市,National,Registered,有形文化財,建造物,building_direct,伊藤家住宅主屋,0
official_export_002:360,river_flooding,浸水予想区域,0.0,隅田川及び新河岸川流域,,0,external point-grid sampling,13101,千代田区,National,Registered,有形文化財,建造物,building_direct,東京地下鉄丸ノ内線四ツ谷跨線橋,0
official_export_002:362,river_flooding,洪水浸水想定区域,0.095,神田川流域,L2（想定最大規模）,0.5m未満,PLATEAU building risk,13106,台東区,National,Registered,有形文化財,建造物,building_direct,東京文化財研究所黒田記念館書庫,0–0.5 m
official_export_002:363,river_flooding,洪水浸水想定区域,0.293,神田川流域,L2（想定最大規模）,0.5m未満,PLATEAU building risk,13106,台東区,National,Registered,有形文化財,建造物,building_direct,東京文化財研究所黒田記念館本館,0–0.5 m
official_export_002:365,river_flooding,洪水浸水想定区域,0.32,隅田川・新河岸川流域,L2（想定最大規模）,0.5m未満,PLATEAU building risk,13103,港区,National,Registered,有形文化財,建造物,building_direct,虎ノ門大坂屋砂場店舗,0–0.5 m
official_export_002:366,high_tide,高潮浸水想定,0.04,東京都高潮浸水想定区域図（令和6年12月19日）,,0.5m未満,PLATEAU building risk,13111,大田区,National,Registered,有形文化財,建造物,building_direct,鳥海家住宅主屋,0–0.5 m
official_export_002:366,river_flooding,洪水浸水想定区域,1.14,古川水系渋谷川・古川・目黒川水系目黒川・呑川水系呑川・立会川水系立会川・内川水系内川;城南地区河川流域;多摩川水系多摩川・浅川・大栗川,L1（計画規模）;L2（想定最大規模）,0.5m以上3m未満;0.5m未満,PLATEAU building risk,13111,大田区,National,Registered,有形文化財,建造物,building_direct,鳥海家住宅主屋,0.5–3 m
official_export_002:367,high_tide,高潮浸水想定,0.05,東京都高潮浸水想定区域図（令和6年12月19日）,,0.5m未満,PLATEAU building risk,13106,台東区,National,Registered,有形文化財,建造物,building_direct,中江店舗,0–0.5 m
official_export_002:367,river_flooding,洪水浸水想定区域,0.01,隅田川・新河岸川流域,L2（想定最大規模）,0.5m未満,PLATEAU building risk,13106,台東区,National,Registered,有形文化財,建造物,building_direct,中江店舗,0–0.5 m
official_export_002:368,river_flooding,洪水浸水想定区域,0.01,野川・仙川・入間川・谷沢川・丸子川流域,L2（想定最大規模）,0.5m未満,PLATEAU building risk,13204,三鷹市,National,Registered,有形文化財,建造物,building_direct,中島家住宅主屋,0–0.5 m
official_export_002:371,river_flooding,浸水予想区域,0.005,城南地区河川流域,,0–0.5 m,external point-grid sampling,13109,品川区,National,Registered,有形文化財,建造物,building_direct,長濱家住宅主屋,0–0.5 m
official_export_002:372,river_flooding,浸水予想区域,0.005,城南地区河川流域,,0–0.5 m,external point-grid sampling,13109,品川区,National,Registered,有形文化財,建造物,building_direct,長濱家住宅門,0–0.5 m
official_export_002:373,river_flooding,洪水浸水想定区域,0.01,秋川・平井川流域,L2（想定最大規模）,0.5m未満,PLATEAU building risk,13307,檜原村,National,Registered,有形文化財,建造物,building_direct,中村家住宅主屋,0–0.5 m
official_export_002:374,river_flooding,洪水浸水想定区域,0.027,神田川流域,L2（想定最大規模）,0.5m未満,PLATEAU building risk,13114,中野区,National,Registered,有形文化財,建造物,building_direct,中村家住宅洋館,0–0.5 m
official_export_002:375,river_flooding,洪水浸水想定区域,0.03,神田川流域,L2（想定最大規模）,0.5m未満,PLATEAU building risk,13116,豊島区,National,Registered,有形文化財,建造物,building_direct,並木ハウス,0–0.5 m
official_export_002:376,high_tide,高潮浸水想定,0.98,東京都高潮浸水想定区域図（令和6年12月19日）,,0.5m以上3m未満,PLATEAU building risk,13106,台東区,National,Registered,有形文化財,建造物,building_direct,難波商店店舗兼主屋,0.5–3 m
official_export_002:376,river_flooding,洪水浸水想定区域,0.54,神田川流域;荒川水系神田川流域;隅田川・新河岸川流域,L2（想定最大規模）,0.5m以上3m未満;0.5m未満,PLATEAU building risk,13106,台東区,National,Registered,有形文化財,建造物,building_direct,難波商店店舗兼主屋,0.5–3 m
official_export_002:377,river_flooding,洪水浸水想定区域,1.13,多摩川水系多摩川・浅川・大栗川,L1（計画規模）;L2（想定最大規模）,0.5m以上3m未満;0.5m未満,PLATEAU building risk,13207,昭島市,National,Registered,有形文化財,建造物,building_direct,西川家旧別邸蔵,0.5–3 m
official_export_002:378,river_flooding,洪水浸水想定区域,0.005,城南地区河川流域,L2（想定最大規模）,0.5m未満,PLATEAU building risk,13112,世田谷区,National,Registered,有形文化財,建造物,building_direct,日本学園一号館,0–0.5 m
official_export_002:379,river_flooding,洪水浸水想定区域,0.107,神田川流域,L2（想定最大規模）,0.5m未満,PLATEAU building risk,13105,文京区,National,Registered,有形文化財,建造物,building_direct,日本基督教団根津教会,0–0.5 m
official_export_002:380,river_flooding,浸水予想区域,0.0,神田川流域,,0,external point-grid sampling,13105,文京区,National,Registered,有形文化財,建造物,building_direct,日本基督教団根津教会門及び塀,0
official_export_002:381,river_flooding,洪水浸水想定区域,0.086,城南地区河川流域,L2（想定最大規模）,0.5m未満,PLATEAU building risk,13112,世田谷区,National,Registered,有形文化財,建造物,building_direct,日本基督教団富士見丘教会,0–0.5 m
official_export_002:382,river_flooding,洪水浸水想定区域,0.135,神田川流域,L2（想定最大規模）,0.5m未満,PLATEAU building risk,13105,文京区,National,Registered,有形文化財,建造物,building_direct,日本基督教団本郷中央教会,0–0.5 m
official_export_002:383,river_flooding,洪水浸水想定区域,0.011,神田川流域,L2（想定最大規模）,0.5m未満,PLATEAU building risk,13105,文京区,National,Registered,有形文化財,建造物,building_direct,日本基督教団弓町本郷教会,0–0.5 m
official_export_002:384,high_tide,高潮浸水想定,0.5,東京都高潮浸水想定区域図（令和6年12月19日）,,0.5m以上3m未満,PLATEAU building risk,13101,千代田区,National,Registered,有形文化財,建造物,building_direct,日本工業倶楽部会館,0.5–3 m
official_export_002:384,river_flooding,洪水浸水想定区域,0.83,神田川流域;荒川水系神田川流域;隅田川・新河岸川流域,L2（想定最大規模）,0.5m以上3m未満;0.5m未満,PLATEAU building risk,13101,千代田区,National,Registered,有形文化財,建造物,building_direct,日本工業倶楽部会館,0.5–3 m
official_export_002:385,high_tide,高潮浸水想定,0.7,東京都高潮浸水想定区域図（令和6年12月19日）,,0.5m以上3m未満,PLATEAU building risk,13106,台東区,National,Registered,有形文化財,建造物,building_direct,日本聖公会浅草聖ヨハネ教会,0.5–3 m
official_export_002:385,river_flooding,洪水浸水想定区域,0.25,隅田川・新河岸川流域,L2（想定最大規模）,0.5m未満,PLATEAU building risk,13106,台東区,National,Registered,有形文化財,建造物,building_direct,日本聖公会浅草聖ヨハネ教会,0–0.5 m
official_export_002:386,river_flooding,浸水予想区域,0.0,城南地区河川流域,,0,external point-grid sampling,13112,世田谷区,National,Registered,有形文化財,建造物,building_direct,日本聖公会東京教区東京聖十字教会聖堂,0
official_export_002:387,river_flooding,洪水浸水想定区域,0.034,神田川流域,L2（想定最大規模）,0.5m未満,PLATEAU building risk,13105,文京区,National,Registered,有形文化財,建造物,building_direct,日本聖公会東京教区東京諸聖徒教会礼拝堂,0–0.5 m
official_export_002:388,river_flooding,洪水浸水想定区域,0.012,神田川流域,L2（想定最大規模）,0.5m未満,PLATEAU building risk,13104,新宿区,National,Registered,有形文化財,建造物,building_direct,日本バプテストキリスト教目白ヶ丘教会礼拝堂,0–0.5 m
official_export_002:389,river_flooding,浸水予想区域,0.0,城南地区河川流域,,0,external point-grid sampling,13112,世田谷区,National,Registered,有形文化財,建造物,building_direct,萩原家住宅,0
official_export_002:39,river_flooding,洪水浸水想定区域,0.002,神田川流域,L2（想定最大規模）,0.5m未満,PLATEAU building risk,13105,文京区,National,Registered,有形文化財,建造物,building_direct,今井家住宅蔵,0–0.5 m
official_export_002:390,river_flooding,洪水浸水想定区域,0.176,神田川流域,L2（想定最大規模）,0.5m未満,PLATEAU building risk,13105,文京区,National,Registered,有形文化財,建造物,building_direct,橋本家住宅,0–0.5 m
official_export_002:391,river_flooding,浸水予想区域,0.0,城南地区河川流域,,0,external point-grid sampling,13112,世田谷区,National,Registered,有形文化財,建造物,building_direct,長谷川家住宅,0
official_export_002:392,river_flooding,浸水予想区域,0.0,城南地区河川流域,,0,external point-grid sampling,13109,品川区,National,Registered,有形文化財,建造物,building_direct,旗岡八幡神社絵馬殿,0
official_export_002:394,river_flooding,浸水予想区域,0.0,神田川流域,,0,external point-grid sampling,13106,台東区,National,Registered,有形文化財,建造物,building_direct,花重店舗,0
official_export_002:395,river_flooding,浸水予想区域,0.0,神田川流域,,0,external point-grid sampling,13203,武蔵野市,National,Registered,有形文化財,建造物,building_direct,濵家住宅西洋館,0
official_export_002:396,river_flooding,洪水浸水想定区域,0.019,神田川流域,L2（想定最大規模）,0.5m未満,PLATEAU building risk,13102,中央区,National,Registered,有形文化財,建造物,building_direct,ハリオグラスビル,0–0.5 m
official_export_002:397,river_flooding,浸水予想区域,0.0,神田川流域,,0,external point-grid sampling,13105,文京区,National,Registered,有形文化財,建造物,building_direct,はん亭,0
official_export_002:398,river_flooding,浸水予想区域,0.0,神田川流域,,0,external point-grid sampling,13115,杉並区,National,Registered,有形文化財,建造物,building_direct,ビストロOJI(末光家住宅),0
official_export_002:4,river_flooding,洪水浸水想定区域,0.009,城南地区河川流域,L2（想定最大規模）,0.5m未満,PLATEAU building risk,13110,目黒区,National,Registered,有形文化財,建造物,building_direct,浅田家住宅主屋,0–0.5 m
official_export_002:40,river_flooding,洪水浸水想定区域,0.03,隅田川・新河岸川流域,L2（想定最大規模）,0.5m未満,PLATEAU building risk,13106,台東区,National,Registered,有形文化財,建造物,building_direct,今半別館北棟,0–0.5 m
official_export_002:403,river_flooding,浸水予想区域,0.0,城南地区河川流域,,0,external point-grid sampling,13112,世田谷区,National,Registered,有形文化財,建造物,building_direct,平田家住宅主屋,0
official_export_002:405,river_flooding,浸水予想区域,0.0,城南地区河川流域,,0,external point-grid sampling,13112,世田谷区,National,Registered,有形文化財,建造物,building_direct,平田家住宅門及び塀,0
official_export_002:406,river_flooding,浸水予想区域,0.0,神田川流域,,0,external point-grid sampling,13105,文京区,National,Registered,有形文化財,建造物,building_direct,平野家住宅蔵,0
official_export_002:407,river_flooding,浸水予想区域,0.0,神田川流域,,0,external point-grid sampling,13105,文京区,National,Registered,有形文化財,建造物,building_direct,平野家住宅主屋,0
official_export_002:408,river_flooding,浸水予想区域,0.0,神田川流域,,0,external point-grid sampling,13105,文京区,National,Registered,有形文化財,建造物,building_direct,平野家住宅茶室,0
official_export_002:409,river_flooding,浸水予想区域,0.0,神田川流域,,0,external point-grid sampling,13105,文京区,National,Registered,有形文化財,建造物,building_direct,平野家住宅茶室門,0
official_export_002:41,river_flooding,浸水予想区域,0.0,神田川流域;隅田川及び新河岸川流域,,0,external point-grid sampling,13106,台東区,National,Registered,有形文化財,建造物,building_direct,今半別館玄関棟,0
official_export_002:410,river_flooding,浸水予想区域,0.0,神田川流域,,0,external point-grid sampling,13105,文京区,National,Registered,有形文化財,建造物,building_direct,平野家住宅門,0
official_export_002:411,river_flooding,浸水予想区域,0.0,神田川流域,,0,external point-grid sampling,13105,文京区,National,Registered,有形文化財,建造物,building_direct,平野家住宅洋館,0
official_export_002:412,river_flooding,浸水予想区域,0.0,神田川流域,,0,external point-grid sampling,13115,杉並区,National,Registered,有形文化財,建造物,building_direct,淵川家住宅主屋,0
official_export_002:413,river_flooding,洪水浸水想定区域,0.009,野川・仙川・入間川・谷沢川・丸子川流域,L2（想定最大規模）,0.5m未満,PLATEAU building risk,13112,世田谷区,National,Registered,有形文化財,建造物,building_direct,ブルーボックスハウス,0–0.5 m
official_export_002:414,river_flooding,洪水浸水想定区域,0.023,神田川流域,L2（想定最大規模）,0.5m未満,PLATEAU building risk,13105,文京区,National,Registered,有形文化財,建造物,building_direct,鳳明館本館,0–0.5 m
official_export_002:415,high_tide,高潮浸水想定,0.09,東京都高潮浸水想定区域図（令和6年12月19日）,,0.5m未満,PLATEAU building risk,13103,港区,National,Registered,有形文化財,建造物,building_direct,堀商店,0–0.5 m
official_export_002:415,river_flooding,洪水浸水想定区域,0.45,隅田川・新河岸川流域,L2（想定最大規模）,0.5m未満,PLATEAU building risk,13103,港区,National,Registered,有形文化財,建造物,building_direct,堀商店,0–0.5 m
official_export_002:416,tsunami,津波浸水想定,8.1251,新島・式根島,南海トラフ巨大地震_ケース1;南海トラフ巨大地震_ケース6;南海トラフ巨大地震_ケース8,5 m以上,external point-grid sampling,13363,新島村,National,Registered,有形文化財,建造物,building_direct,前田家住宅外便所,5 m以上
official_export_002:417,river_flooding,洪水浸水想定区域,2.12,多摩川水系多摩川・浅川・大栗川,L2（想定最大規模）,0.5m以上3m未満,PLATEAU building risk,13208,調布市,National,Registered,有形文化財,建造物,building_direct,真木家住宅日本館,0.5–3 m
official_export_002:418,river_flooding,洪水浸水想定区域,2.12,多摩川水系多摩川・浅川・大栗川,L2（想定最大規模）,0.5m以上3m未満,PLATEAU building risk,13208,調布市,National,Registered,有形文化財,建造物,building_direct,真木家住宅洋館,0.5–3 m
official_export_002:419,river_flooding,洪水浸水想定区域,0.042,神田川流域,L2（想定最大規模）,0.5m未満,PLATEAU building risk,13105,文京区,National,Registered,有形文化財,建造物,building_direct,松井家住宅表門及び塀,0–0.5 m
official_export_002:42,river_flooding,浸水予想区域,0.0,神田川流域;隅田川及び新河岸川流域,,0,external point-grid sampling,13106,台東区,National,Registered,有形文化財,建造物,building_direct,今半別館南棟,0
official_export_002:420,river_flooding,洪水浸水想定区域,0.042,神田川流域,L2（想定最大規模）,0.5m未満,PLATEAU building risk,13105,文京区,National,Registered,有形文化財,建造物,building_direct,松井家住宅主屋,0–0.5 m
official_export_002:421,river_flooding,洪水浸水想定区域,0.042,神田川流域,L2（想定最大規模）,0.5m未満,PLATEAU building risk,13105,文京区,National,Registered,有形文化財,建造物,building_direct,松井家住宅蔵,0–0.5 m
official_export_002:422,river_flooding,浸水予想区域,0.0,神田川流域,,0,external point-grid sampling,13101,千代田区,National,Registered,有形文化財,建造物,building_direct,松本家住宅主屋,0
official_export_002:423,river_flooding,洪水浸水想定区域,0.02,隅田川・新河岸川流域,L2（想定最大規模）,0.5m未満,PLATEAU building risk,13102,中央区,National,Registered,有形文化財,建造物,building_direct,繭山龍泉堂店舗,0–0.5 m
official_export_002:424,river_flooding,洪水浸水想定区域,0.112,神田川流域,L2（想定最大規模）,0.5m未満,PLATEAU building risk,13114,中野区,National,Registered,有形文化財,建造物,building_direct,三岸家住宅アトリエ,0–0.5 m
official_export_002:425,river_flooding,浸水予想区域,0.0,城南地区河川流域,,0,external point-grid sampling,13103,港区,National,Registered,有形文化財,建造物,building_direct,三菱電機高輪荘蔵,0
official_export_002:426,river_flooding,浸水予想区域,0.0,城南地区河川流域,,0,external point-grid sampling,13103,港区,National,Registered,有形文化財,建造物,building_direct,三菱電機高輪荘主屋,0
official_export_002:427,river_flooding,浸水予想区域,0.0,城南地区河川流域,,0,external point-grid sampling,13103,港区,National,Registered,有形文化財,建造物,building_direct,三菱電機高輪荘洋館,0
official_export_002:428,river_flooding,洪水浸水想定区域,0.074,神田川流域,L2（想定最大規模）,0.5m未満,PLATEAU building risk,13115,杉並区,National,Registered,有形文化財,建造物,building_direct,水口家住宅洋館,0–0.5 m
official_export_002:429,river_flooding,洪水浸水想定区域,0.01,秋川・平井川流域,L2（想定最大規模）,0.5m未満,PLATEAU building risk,13307,檜原村,National,Registered,有形文化財,建造物,building_direct,峯岸家住宅主屋,0–0.5 m
official_export_002:43,river_flooding,洪水浸水想定区域,0.01,隅田川・新河岸川流域,L2（想定最大規模）,0.5m未満,PLATEAU building risk,13106,台東区,National,Registered,有形文化財,建造物,building_direct,今半本店北奥座敷,0–0.5 m
official_export_002:430,river_flooding,浸水予想区域,0.0,城南地区河川流域,,0,external point-grid sampling,13111,大田区,National,Registered,有形文化財,建造物,building_direct,三橋家住宅主屋,0
official_export_002:431,river_flooding,洪水浸水想定区域,0.22,多摩川水系多摩川・浅川・大栗川,L2（想定最大規模）,0.5m未満,PLATEAU building risk,13227,羽村市,National,Registered,有形文化財,建造物,building_direct,宮川家住宅主屋,0–0.5 m
official_export_002:432,river_flooding,洪水浸水想定区域,0.32,多摩川水系多摩川・浅川・大栗川,L2（想定最大規模）,0.5m未満,PLATEAU building risk,13227,羽村市,National,Registered,有形文化財,建造物,building_direct,宮川家住宅納屋,0–0.5 m
official_export_002:433,river_flooding,浸水予想区域,0.0,神田川流域,,0,external point-grid sampling,13104,新宿区,National,Registered,有形文化財,建造物,building_direct,宮城道雄記念館検校の間,0
official_export_002:434,river_flooding,浸水予想区域,0.0,城南地区河川流域,,0,external point-grid sampling,13113,渋谷区,National,Registered,有形文化財,建造物,building_direct,ミュージアム1999(旧千葉常五郎邸),0
official_export_002:435,river_flooding,浸水予想区域,0.0,城南地区河川流域,,0,external point-grid sampling,13103,港区,National,Registered,有形文化財,建造物,building_direct,妙定院上土蔵,0
official_export_002:436,river_flooding,浸水予想区域,0.0,城南地区河川流域,,0,external point-grid sampling,13103,港区,National,Registered,有形文化財,建造物,building_direct,妙定院熊野堂,0
official_export_002:436,tsunami,津波浸水想定,1.586,区部,南海トラフ巨大地震_ケース1;南海トラフ巨大地震_ケース2;南海トラフ巨大地震_ケース5;南海トラフ巨大地震_ケース6;南海トラフ巨大地震_ケース8;南海トラフ巨大地震_全5ケース最大値;大正関東地震,0.5–3 m,external point-grid sampling,13103,港区,National,Registered,有形文化財,建造物,building_direct,妙定院熊野堂,0.5–3 m
official_export_002:437,river_flooding,洪水浸水想定区域,0.002,城南地区河川流域,L2（想定最大規模）,0.5m未満,PLATEAU building risk,13111,大田区,National,Registered,有形文化財,建造物,building_direct,妙福寺祖師堂(旧七面大明神堂),0–0.5 m
official_export_002:438,river_flooding,浸水予想区域,,黒目川_落合川_柳瀬川_空堀川及び奈良橋川流域,,No data,external point-grid sampling,13222,東久留米市,National,Registered,有形文化財,建造物,building_direct,村野家住宅穀蔵,No data
official_export_002:439,river_flooding,浸水予想区域,,黒目川_落合川_柳瀬川_空堀川及び奈良橋川流域,,No data,external point-grid sampling,13222,東久留米市,National,Registered,有形文化財,建造物,building_direct,村野家住宅主屋,No data
official_export_002:44,river_flooding,洪水浸水想定区域,0.01,隅田川・新河岸川流域,L2（想定最大規模）,0.5m未満,PLATEAU building risk,13106,台東区,National,Registered,有形文化財,建造物,building_direct,今半本店西奥座敷,0–0.5 m
official_export_002:440,river_flooding,浸水予想区域,,黒目川_落合川_柳瀬川_空堀川及び奈良橋川流域,,No data,external point-grid sampling,13222,東久留米市,National,Registered,有形文化財,建造物,building_direct,村野家住宅新蔵,No data
official_export_002:441,river_flooding,浸水予想区域,,黒目川_落合川_柳瀬川_空堀川及び奈良橋川流域,,No data,external point-grid sampling,13222,東久留米市,National,Registered,有形文化財,建造物,building_direct,村野家住宅中雀門,No data
official_export_002:442,river_flooding,浸水予想区域,,黒目川_落合川_柳瀬川_空堀川及び奈良橋川流域,,No data,external point-grid sampling,13222,東久留米市,National,Registered,有形文化財,建造物,building_direct,村野家住宅土蔵,No data
official_export_002:443,river_flooding,浸水予想区域,,黒目川_落合川_柳瀬川_空堀川及び奈良橋川流域,,No data,external point-grid sampling,13222,東久留米市,National,Registered,有形文化財,建造物,building_direct,村野家住宅離れ,No data
official_export_002:444,river_flooding,浸水予想区域,,黒目川_落合川_柳瀬川_空堀川及び奈良橋川流域,,No data,external point-grid sampling,13222,東久留米市,National,Registered,有形文化財,建造物,building_direct,村野家住宅薬医門,No data
official_export_002:445,river_flooding,浸水予想区域,0.17,秋川及び平井川流域,,0–0.5 m,external point-grid sampling,13228,あきる野市,National,Registered,有形文化財,建造物,building_direct,森田家住宅板塀,0–0.5 m
official_export_002:45,river_flooding,洪水浸水想定区域,0.01,隅田川・新河岸川流域,L2（想定最大規模）,0.5m未満,PLATEAU building risk,13106,台東区,National,Registered,有形文化財,建造物,building_direct,今半本店東奥座敷,0–0.5 m
official_export_002:451,river_flooding,浸水予想区域,0.11,秋川及び平井川流域,,0–0.5 m,external point-grid sampling,13228,あきる野市,National,Registered,有形文化財,建造物,building_direct,森田家住宅見世蔵,0–0.5 m
official_export_002:453,river_flooding,浸水予想区域,0.11,秋川及び平井川流域,,0–0.5 m,external point-grid sampling,13228,あきる野市,National,Registered,有形文化財,建造物,building_direct,森田家住宅門,0–0.5 m
official_export_002:454,river_flooding,洪水浸水想定区域,0.21,神田川流域,L2（想定最大規模）,0.5m未満,PLATEAU building risk,13105,文京区,National,Registered,有形文化財,建造物,building_direct,森博士の家,0–0.5 m
official_export_002:455,high_tide,高潮浸水想定,0.93,東京都高潮浸水想定区域図（令和6年12月19日）,,0.5m以上3m未満,PLATEAU building risk,13111,大田区,National,Registered,有形文化財,建造物,building_direct,守屋家住宅主屋,0.5–3 m
official_export_002:455,river_flooding,洪水浸水想定区域,0.36,古川水系渋谷川・古川・目黒川水系目黒川・呑川水系呑川・立会川水系立会川・内川水系内川;城南地区河川流域;多摩川水系多摩川・浅川・大栗川,L2（想定最大規模）,0.5m未満,PLATEAU building risk,13111,大田区,National,Registered,有形文化財,建造物,building_direct,守屋家住宅主屋,0–0.5 m
official_export_002:456,river_flooding,浸水予想区域,0.0,神田川流域,,0,external point-grid sampling,13104,新宿区,National,Registered,有形文化財,建造物,building_direct,安与ビル,0
official_export_002:457,river_flooding,浸水予想区域,0.0,城南地区河川流域,,0,external point-grid sampling,13112,世田谷区,National,Registered,有形文化財,建造物,building_direct,柳澤家住宅主屋,0
official_export_002:458,river_flooding,浸水予想区域,0.0,城南地区河川流域,,0,external point-grid sampling,13111,大田区,National,Registered,有形文化財,建造物,building_direct,山﨑家住宅主屋,0
official_export_002:459,river_flooding,洪水浸水想定区域,0.013,神田川流域,L2（想定最大規模）,0.5m未満,PLATEAU building risk,13105,文京区,National,Registered,有形文化財,建造物,building_direct,山﨑家住宅主屋,0–0.5 m
official_export_002:46,river_flooding,洪水浸水想定区域,0.016,神田川流域,L2（想定最大規模）,0.5m未満,PLATEAU building risk,13106,台東区,National,Registered,有形文化財,建造物,building_direct,岩田家住宅和館,0–0.5 m
official_export_002:460,river_flooding,洪水浸水想定区域,0.285,神田川流域,L2（想定最大規模）,0.5m未満,PLATEAU building risk,13101,千代田区,National,Registered,有形文化財,建造物,building_direct,山本歯科医院,0–0.5 m
official_export_002:461,river_flooding,浸水予想区域,0.0,神田川流域,,0,external point-grid sampling,13105,文京区,National,Registered,有形文化財,建造物,building_direct,山脇家住宅表門及び塀,0
official_export_002:462,river_flooding,浸水予想区域,0.0,神田川流域,,0,external point-grid sampling,13105,文京区,National,Registered,有形文化財,建造物,building_direct,山脇家住宅主屋,0
official_export_002:463,river_flooding,浸水予想区域,0.0,神田川流域,,0,external point-grid sampling,13105,文京区,National,Registered,有形文化財,建造物,building_direct,弥生正緑館(渋谷家住宅洋館)主屋,0
official_export_002:464,river_flooding,浸水予想区域,0.0,神田川流域,,0,external point-grid sampling,13105,文京区,National,Registered,有形文化財,建造物,building_direct,弥生正緑館(渋谷家住宅洋館)庭門,0
official_export_002:465,river_flooding,洪水浸水想定区域,0.057,神田川流域,L2（想定最大規模）,0.5m未満,PLATEAU building risk,13104,新宿区,National,Registered,有形文化財,建造物,building_direct,矢来能楽堂,0–0.5 m
official_export_002:466,river_flooding,洪水浸水想定区域,0.011,城南地区河川流域,L2（想定最大規模）,0.5m未満,PLATEAU building risk,13110,目黒区,National,Registered,有形文化財,建造物,building_direct,祐天寺表門,0–0.5 m
official_export_002:467,river_flooding,洪水浸水想定区域,0.013,城南地区河川流域,L2（想定最大規模）,0.5m未満,PLATEAU building risk,13110,目黒区,National,Registered,有形文化財,建造物,building_direct,祐天寺地蔵堂,0–0.5 m
official_export_002:468,river_flooding,洪水浸水想定区域,0.013,城南地区河川流域,L2（想定最大規模）,0.5m未満,PLATEAU building risk,13110,目黒区,National,Registered,有形文化財,建造物,building_direct,祐天寺地蔵堂門,0–0.5 m
official_export_002:469,river_flooding,浸水予想区域,0.0,城南地区河川流域,,0,external point-grid sampling,13110,目黒区,National,Registered,有形文化財,建造物,building_direct,祐天寺書院,0
official_export_002:47,river_flooding,洪水浸水想定区域,0.009,野川・仙川・入間川・谷沢川・丸子川流域,L2（想定最大規模）,0.5m未満,PLATEAU building risk,13111,大田区,National,Registered,有形文化財,建造物,building_direct,位田家住宅主屋,0–0.5 m
official_export_002:470,river_flooding,洪水浸水想定区域,0.007,城南地区河川流域,L2（想定最大規模）,0.5m未満,PLATEAU building risk,13110,目黒区,National,Registered,有形文化財,建造物,building_direct,祐天寺鐘楼,0–0.5 m
official_export_002:471,river_flooding,浸水予想区域,0.0,城南地区河川流域,,0,external point-grid sampling,13110,目黒区,National,Registered,有形文化財,建造物,building_direct,祐天寺本堂,0
official_export_002:472,river_flooding,洪水浸水想定区域,0.033,城南地区河川流域,L2（想定最大規模）,0.5m未満,PLATEAU building risk,13110,目黒区,National,Registered,有形文化財,建造物,building_direct,祐天寺水屋,0–0.5 m
official_export_002:473,river_flooding,洪水浸水想定区域,0.017,神田川流域,L2（想定最大規模）,0.5m未満,PLATEAU building risk,13102,中央区,National,Registered,有形文化財,建造物,building_direct,よし梅芳町亭,0–0.5 m
official_export_002:474,river_flooding,洪水浸水想定区域,0.039,野川・仙川・入間川・谷沢川・丸子川流域,L2（想定最大規模）,0.5m未満,PLATEAU building risk,13111,大田区,National,Registered,有形文化財,建造物,building_direct,吉川家住宅主屋,0–0.5 m
official_export_002:475,river_flooding,洪水浸水想定区域,0.135,城南地区河川流域,L2（想定最大規模）,0.5m未満,PLATEAU building risk,13113,渋谷区,National,Registered,有形文化財,建造物,building_direct,代々木能舞台敷舞台及び座敷,0–0.5 m
official_export_002:476,river_flooding,洪水浸水想定区域,0.135,城南地区河川流域,L2（想定最大規模）,0.5m未満,PLATEAU building risk,13113,渋谷区,National,Registered,有形文化財,建造物,building_direct,代々木能舞台舞台・橋掛・鏡の間,0–0.5 m
official_export_002:477,river_flooding,洪水浸水想定区域,0.404,古川水系渋谷川・古川・目黒川水系目黒川・呑川水系呑川・立会川水系立会川・内川水系内川;城南地区河川流域,L2（想定最大規模）,0.5m未満,PLATEAU building risk,13111,大田区,National,Registered,有形文化財,建造物,building_direct,萬屋酒店,0–0.5 m
official_export_002:478,river_flooding,洪水浸水想定区域,0.299,城南地区河川流域,L2（想定最大規模）,0.5m未満,PLATEAU building risk,13111,大田区,National,Registered,有形文化財,建造物,building_direct,龍子記念館,0–0.5 m
official_export_002:479,river_flooding,浸水予想区域,0.0,神田川流域,,0,external point-grid sampling,13115,杉並区,National,Registered,有形文化財,建造物,building_direct,旅館西郊本館,0
official_export_002:480,river_flooding,浸水予想区域,0.0,城南地区河川流域,,0,external point-grid sampling,13111,大田区,National,Registered,有形文化財,建造物,building_direct,私の家(清家清自邸),0
official_export_002:481,river_flooding,浸水予想区域,0.0,神田川流域,,0,external point-grid sampling,13204,三鷹市,National,Registered,有形文化財,建造物,building_direct,渡辺家住宅主屋,0
official_export_002:482,river_flooding,洪水浸水想定区域,1.17,多摩川水系野川・仙川・入間川・谷沢川・丸子川;野川・仙川・入間川・谷沢川・丸子川流域,L2（想定最大規模）,0.5m以上3m未満,PLATEAU building risk,13204,三鷹市,National,Registered,有形文化財,建造物,building_direct,渡辺家住宅主屋,0.5–3 m
official_export_002:483,river_flooding,洪水浸水想定区域,0.04,神田川流域,L2（想定最大規模）,0.5m未満,PLATEAU building risk,13115,杉並区,National,Registered,有形文化財,建造物,building_direct,渡邊家住宅主屋,0–0.5 m
official_export_002:5,river_flooding,浸水予想区域,0.0,神田川流域,,0,external point-grid sampling,13105,文京区,National,Registered,有形文化財,建造物,building_direct,芦葉家住宅倉庫,0
official_export_002:50,river_flooding,洪水浸水想定区域,0.021,神田川流域,L2（想定最大規模）,0.5m未満,PLATEAU building risk,13105,文京区,National,Registered,有形文化財,建造物,building_direct,梅村家住宅(旧山崎家住宅)主屋,0–0.5 m
official_export_002:51,river_flooding,浸水予想区域,0.0,神田川流域,,0,external point-grid sampling,13105,文京区,National,Registered,有形文化財,建造物,building_direct,梅村家住宅(旧山崎家住宅)門,0
official_export_002:52,river_flooding,洪水浸水想定区域,0.02,神田川流域,L2（想定最大規模）,0.5m未満,PLATEAU building risk,13105,文京区,National,Registered,有形文化財,建造物,building_direct,エチソウビル,0–0.5 m
official_export_002:53,river_flooding,浸水予想区域,0.0,神田川流域,,0,external point-grid sampling,13102,中央区,National,Registered,有形文化財,建造物,building_direct,江戸屋店舗兼住宅,0
official_export_002:56,river_flooding,浸水予想区域,0.0,霞川及び多摩川上流圏域,,0,external point-grid sampling,13205,青梅市,National,Registered,有形文化財,建造物,building_direct,青梅織物工業協同組合旧発券倉庫,0
official_export_002:58,river_flooding,洪水浸水想定区域,0.01,隅田川・新河岸川流域,L2（想定最大規模）,0.5m未満,PLATEAU building risk,13103,港区,National,Registered,有形文化財,建造物,building_direct,大倉集古館陳列館,0–0.5 m
official_export_002:59,river_flooding,浸水予想区域,0.0,神田川流域;隅田川及び新河岸川流域,,0,external point-grid sampling,13102,中央区,National,Registered,有形文化財,建造物,building_direct,大野屋總本店店舗,0
official_export_002:6,river_flooding,浸水予想区域,0.0,神田川流域,,0,external point-grid sampling,13105,文京区,National,Registered,有形文化財,建造物,building_direct,芦葉家住宅門,0
official_export_002:60,river_flooding,洪水浸水想定区域,0.01,隅田川・新河岸川流域,L2（想定最大規模）,0.5m未満,PLATEAU building risk,13103,港区,National,Registered,有形文化財,建造物,building_direct,大橋茶寮表門,0–0.5 m
official_export_002:61,river_flooding,浸水予想区域,0.01,隅田川及び新河岸川流域,,0–0.5 m,external point-grid sampling,13103,港区,National,Registered,有形文化財,建造物,building_direct,大橋茶寮茶室葵,0–0.5 m
official_export_002:62,river_flooding,浸水予想区域,0.0,隅田川及び新河岸川流域,,0,external point-grid sampling,13103,港区,National,Registered,有形文化財,建造物,building_direct,大橋茶寮茶室桂,0
official_export_002:63,river_flooding,洪水浸水想定区域,0.01,隅田川・新河岸川流域,L2（想定最大規模）,0.5m未満,PLATEAU building risk,13103,港区,National,Registered,有形文化財,建造物,building_direct,大橋茶寮茶室守貧庵,0–0.5 m
official_export_002:64,river_flooding,洪水浸水想定区域,0.01,隅田川・新河岸川流域,L2（想定最大規模）,0.5m未満,PLATEAU building risk,13103,港区,National,Registered,有形文化財,建造物,building_direct,大橋茶寮茶室如庵写,0–0.5 m
official_export_002:65,river_flooding,洪水浸水想定区域,0.01,隅田川・新河岸川流域,L2（想定最大規模）,0.5m未満,PLATEAU building risk,13103,港区,National,Registered,有形文化財,建造物,building_direct,大橋茶寮茶室山吹,0–0.5 m
official_export_002:66,river_flooding,浸水予想区域,0.0,隅田川及び新河岸川流域,,0,external point-grid sampling,13103,港区,National,Registered,有形文化財,建造物,building_direct,大橋茶寮中門,0
official_export_002:67,river_flooding,洪水浸水想定区域,0.01,隅田川・新河岸川流域,L2（想定最大規模）,0.5m未満,PLATEAU building risk,13103,港区,National,Registered,有形文化財,建造物,building_direct,大橋茶寮不老門,0–0.5 m
official_export_002:68,river_flooding,洪水浸水想定区域,0.01,隅田川・新河岸川流域,L2（想定最大規模）,0.5m未満,PLATEAU building risk,13103,港区,National,Registered,有形文化財,建造物,building_direct,大橋茶寮塀,0–0.5 m
official_export_002:69,river_flooding,洪水浸水想定区域,0.051,神田川流域,L2（想定最大規模）,0.5m未満,PLATEAU building risk,13115,杉並区,National,Registered,有形文化財,建造物,building_direct,岡田日帰上人記念講堂,0–0.5 m
official_export_002:72,river_flooding,浸水予想区域,0.0,神田川流域,,0,external point-grid sampling,13105,文京区,National,Registered,有形文化財,建造物,building_direct,お茶の水女子大学表門,0
official_export_002:73,river_flooding,洪水浸水想定区域,0.069,神田川流域,L2（想定最大規模）,0.5m未満,PLATEAU building risk,13105,文京区,National,Registered,有形文化財,建造物,building_direct,お茶の水女子大学講堂,0–0.5 m
official_export_002:74,river_flooding,洪水浸水想定区域,0.196,神田川流域,L2（想定最大規模）,0.5m未満,PLATEAU building risk,13105,文京区,National,Registered,有形文化財,建造物,building_direct,お茶の水女子大学附属幼稚園園舎,0–0.5 m
official_export_002:75,river_flooding,洪水浸水想定区域,0.069,神田川流域,L2（想定最大規模）,0.5m未満,PLATEAU building risk,13105,文京区,National,Registered,有形文化財,建造物,building_direct,お茶の水女子大学本館,0–0.5 m
official_export_002:76,river_flooding,洪水浸水想定区域,0.314,城南地区河川流域,L2（想定最大規模）,0.5m未満,PLATEAU building risk,13113,渋谷区,National,Registered,有形文化財,建造物,building_direct,温故学会会館,0–0.5 m
official_export_002:77,river_flooding,洪水浸水想定区域,0.038,城南地区河川流域,L2（想定最大規模）,0.5m未満,PLATEAU building risk,13111,大田区,National,Registered,有形文化財,建造物,building_direct,御嶽神社社務所,0–0.5 m
official_export_002:78,river_flooding,浸水予想区域,0.0,城南地区河川流域,,0,external point-grid sampling,13111,大田区,National,Registered,有形文化財,建造物,building_direct,御嶽神社水行堂,0
official_export_002:79,river_flooding,浸水予想区域,0.0,城南地区河川流域,,0,external point-grid sampling,13111,大田区,National,Registered,有形文化財,建造物,building_direct,御嶽神社末社一山神社祖霊社,0
official_export_002:8,river_flooding,浸水予想区域,0.4647,野川_仙川_入間川_谷沢川及び丸子川流域,,0–0.5 m,external point-grid sampling,13208,調布市,National,Registered,有形文化財,建造物,building_direct,新井家住宅内蔵,0–0.5 m
official_export_002:80,river_flooding,洪水浸水想定区域,0.019,城南地区河川流域,L2（想定最大規模）,0.5m未満,PLATEAU building risk,13110,目黒区,National,Registered,有形文化財,建造物,building_direct,海福寺本堂,0–0.5 m
official_export_002:81,high_tide,高潮浸水想定,0.8,東京都高潮浸水想定区域図（令和6年12月19日）,,0.5m以上3m未満,PLATEAU building risk,13101,千代田区,National,Registered,有形文化財,建造物,building_direct,学士会館,0.5–3 m
official_export_002:81,river_flooding,洪水浸水想定区域,0.26,神田川流域;荒川水系神田川流域,L2（想定最大規模）,0.5m未満,PLATEAU building risk,13101,千代田区,National,Registered,有形文化財,建造物,building_direct,学士会館,0–0.5 m
official_export_002:82,river_flooding,浸水予想区域,0.0,神田川流域,,0,external point-grid sampling,13116,豊島区,National,Registered,有形文化財,建造物,building_direct,学習院北別館(旧図書館),0
official_export_002:83,river_flooding,浸水予想区域,0.0,神田川流域,,0,external point-grid sampling,13116,豊島区,National,Registered,有形文化財,建造物,building_direct,学習院厩舎,0
official_export_002:84,river_flooding,浸水予想区域,0.0,神田川流域,,0,external point-grid sampling,13116,豊島区,National,Registered,有形文化財,建造物,building_direct,学習院正門,0
official_export_002:85,river_flooding,浸水予想区域,0.0,神田川流域,,0,external point-grid sampling,13116,豊島区,National,Registered,有形文化財,建造物,building_direct,学習院西一号館(旧中等科教場),0
official_export_002:86,river_flooding,浸水予想区域,0.0,神田川流域,,0,external point-grid sampling,13116,豊島区,National,Registered,有形文化財,建造物,building_direct,学習院乃木館(旧総寮部),0
official_export_002:87,river_flooding,浸水予想区域,0.0,神田川流域,,0,external point-grid sampling,13116,豊島区,National,Registered,有形文化財,建造物,building_direct,学習院東別館(旧皇族寮),0
official_export_002:88,river_flooding,浸水予想区域,0.0,神田川流域,,0,external point-grid sampling,13116,豊島区,National,Registered,有形文化財,建造物,building_direct,学習院南一号館(旧理科特別教場),0
official_export_002:89,river_flooding,浸水予想区域,0.004,野川_仙川_入間川_谷沢川及び丸子川流域,,0–0.5 m,external point-grid sampling,13112,世田谷区,National,Registered,有形文化財,建造物,building_direct,樫尾俊雄発明記念館(旧樫尾家住宅主屋),0–0.5 m
official_export_002:9,river_flooding,洪水浸水想定区域,0.001,野川・仙川・入間川・谷沢川・丸子川流域,L2（想定最大規模）,0.5m未満,PLATEAU building risk,13208,調布市,National,Registered,有形文化財,建造物,building_direct,新井家住宅旧蚕室,0–0.5 m
official_export_002:90,river_flooding,浸水予想区域,0.05,霞川及び多摩川上流圏域,,0–0.5 m,external point-grid sampling,13205,青梅市,National,Registered,有形文化財,建造物,building_direct,河鹿園稲荷社,0–0.5 m
official_export_002:91,river_flooding,洪水浸水想定区域,5.74,荒川水系霞川・成木川・黒沢川・直竹川・北小曽木川・多摩川水系多摩川（上流）・日原川・鳶巣川・大荷田川;霞川・多摩川上流圏域,L2（想定最大規模）,0.5m未満;5m以上10m未満,PLATEAU building risk,13205,青梅市,National,Registered,有形文化財,建造物,building_direct,河鹿園渓梅庵,5 m以上
official_export_002:92,river_flooding,洪水浸水想定区域,5.74,荒川水系霞川・成木川・黒沢川・直竹川・北小曽木川・多摩川水系多摩川（上流）・日原川・鳶巣川・大荷田川;霞川・多摩川上流圏域,L2（想定最大規模）,0.5m未満;5m以上10m未満,PLATEAU building risk,13205,青梅市,National,Registered,有形文化財,建造物,building_direct,河鹿園山魚楼,5 m以上
official_export_002:93,river_flooding,洪水浸水想定区域,0.05,霞川・多摩川上流圏域,L2（想定最大規模）,0.5m未満,PLATEAU building risk,13205,青梅市,National,Registered,有形文化財,建造物,building_direct,河鹿園射山荘,0–0.5 m
official_export_002:94,river_flooding,洪水浸水想定区域,5.74,荒川水系霞川・成木川・黒沢川・直竹川・北小曽木川・多摩川水系多摩川（上流）・日原川・鳶巣川・大荷田川;霞川・多摩川上流圏域,L2（想定最大規模）,0.5m未満;5m以上10m未満,PLATEAU building risk,13205,青梅市,National,Registered,有形文化財,建造物,building_direct,河鹿園大浴場,5 m以上
official_export_002:95,river_flooding,洪水浸水想定区域,0.05,霞川・多摩川上流圏域,L2（想定最大規模）,0.5m未満,PLATEAU building risk,13205,青梅市,National,Registered,有形文化財,建造物,building_direct,河鹿園帳場兼主屋,0–0.5 m
official_export_002:96,river_flooding,洪水浸水想定区域,7.83,荒川水系霞川・成木川・黒沢川・直竹川・北小曽木川・多摩川水系多摩川（上流）・日原川・鳶巣川・大荷田川;霞川・多摩川上流圏域,L2（想定最大規模）,0.5m未満;5m以上10m未満,PLATEAU building risk,13205,青梅市,National,Registered,有形文化財,建造物,building_direct,河鹿園枕流亭,5 m以上
official_export_002:97,river_flooding,洪水浸水想定区域,5.74,荒川水系霞川・成木川・黒沢川・直竹川・北小曽木川・多摩川水系多摩川（上流）・日原川・鳶巣川・大荷田川;霞川・多摩川上流圏域,L2（想定最大規模）,0.5m未満;5m以上10m未満,PLATEAU building risk,13205,青梅市,National,Registered,有形文化財,建造物,building_direct,河鹿園渡廊下,5 m以上
official_export_002:98,river_flooding,洪水浸水想定区域,0.028,城南地区河川流域,L2（想定最大規模）,0.5m未満,PLATEAU building risk,13111,大田区,National,Registered,有形文化財,建造物,building_direct,数江家住宅主屋,0–0.5 m
official_export_002:99,high_tide,高潮浸水想定,2.2,東京都高潮浸水想定区域図（令和6年12月19日）,,0.5m以上3m未満,PLATEAU building risk,13107,墨田区,National,Registered,有形文化財,建造物,building_direct,割烹美家古向島本店店舗,0.5–3 m
official_export_002:99,river_flooding,洪水浸水想定区域,0.06,隅田川・新河岸川流域,L2（想定最大規模）,0.5m未満,PLATEAU building risk,13107,墨田区,National,Registered,有形文化財,建造物,building_direct,割烹美家古向島本店店舗,0–0.5 m
official_export_003:0,river_flooding,浸水予想区域,0.0,城南地区河川流域,,0,external point-grid sampling,13110,目黒区,National,Designated,記念物,天然記念物,point,青木昆陽墓,0
official_export_003:1,river_flooding,浸水予想区域,0.0,城南地区河川流域,,0,external point-grid sampling,13103,港区,National,Designated,記念物,天然記念物,point,浅野長矩墓および赤穂義士墓,0
official_export_003:11,river_flooding,浸水予想区域,0.003,城南地区河川流域,,0–0.5 m,external point-grid sampling,13103,港区,National,Designated,記念物,天然記念物,point,荻生徂徠墓,0–0.5 m
official_export_003:12,river_flooding,浸水予想区域,0.0,神田川流域,,0,external point-grid sampling,13105,文京区,National,Designated,記念物,天然記念物,point,懐徳館庭園(旧加賀藩主前田氏本郷本邸庭園),0
official_export_003:13,river_flooding,浸水予想区域,0.005,野川_仙川_入間川_谷沢川及び丸子川流域,,0–0.5 m,external point-grid sampling,13111,大田区,National,Designated,記念物,天然記念物,point,亀甲山古墳,0–0.5 m
official_export_003:14,river_flooding,浸水予想区域,0.0,神田川流域,,0,external point-grid sampling,13106,台東区,National,Designated,記念物,天然記念物,point,蒲生君平墓,0
official_export_003:15,river_flooding,浸水予想区域,0.0,城南地区河川流域,,0,external point-grid sampling,13109,品川区,National,Designated,記念物,天然記念物,point,加茂真淵墓,0
official_export_003:16,river_flooding,浸水予想区域,0.0,神田川流域,,0,external point-grid sampling,13106,台東区,National,Designated,記念物,天然記念物,point,旧朝倉文夫氏庭園,0
official_export_003:17,high_tide,高潮浸水想定,3.62,東京都 高潮浸水想定区域図,,3–5 m,external polygon point-in-area,13103,港区,National,Designated,記念物,天然記念物,point,旧芝離宮庭園,3–5 m
official_export_003:17,river_flooding,浸水予想区域,2.895,城南地区河川流域,,0.5–3 m,external point-grid sampling,13103,港区,National,Designated,記念物,天然記念物,point,旧芝離宮庭園,0.5–3 m
official_export_003:18,river_flooding,浸水予想区域,0.0,城南地区河川流域,,0,external point-grid sampling,13109,品川区,National,Designated,記念物,天然記念物,point,旧白金御料地,0
official_export_003:19,river_flooding,浸水予想区域,0.0,城南地区河川流域;隅田川及び新河岸川流域,,0,external point-grid sampling,13103,港区,National,Designated,記念物,天然記念物,point,旧新橋停車場跡及び高輪築堤跡,0
official_export_003:2,high_tide,高潮浸水想定,0.43,東京都 高潮浸水想定区域図,,0–0.5 m,external polygon point-in-area,13106,台東区,National,Designated,記念物,天然記念物,point,伊能忠敬墓,0–0.5 m
official_export_003:2,river_flooding,浸水予想区域,0.37,神田川流域;隅田川及び新河岸川流域,,0;0–0.5 m,external point-grid sampling,13106,台東区,National,Designated,記念物,天然記念物,point,伊能忠敬墓,0–0.5 m
official_export_003:20,high_tide,高潮浸水想定,1.65,東京都 高潮浸水想定区域図,,0.5–3 m,external polygon point-in-area,13102,中央区,National,Designated,記念物,天然記念物,point,旧浜離宮庭園,0.5–3 m
official_export_003:22,river_flooding,浸水予想区域,0.05,浅川圏域_大栗川及び三沢川流域,,0–0.5 m,external point-grid sampling,13201,八王子市,National,Designated,記念物,天然記念物,point,椚田遺跡,0–0.5 m
official_export_003:23,river_flooding,浸水予想区域,1.0,神田川流域,,0.5–3 m,external point-grid sampling,13105,文京区,National,Designated,記念物,天然記念物,point,小石川後楽園,0.5–3 m
official_export_003:24,river_flooding,洪水浸水想定区域,0.243,神田川流域,L2（想定最大規模）,0.5m未満,PLATEAU building risk,13105,文京区,National,Designated,記念物,天然記念物,point,小石川植物園(御薬園跡及び養生所跡),0–0.5 m
official_export_003:26,river_flooding,浸水予想区域,0.0,石神井川及び白子川流域;野川_仙川_入間川_谷沢川及び丸子川流域,,0,external point-grid sampling,13203,武蔵野市,National,Designated,記念物,天然記念物,point,小金井(サクラ),0
official_export_003:27,river_flooding,浸水予想区域,0.01,浅川圏域_大栗川及び三沢川流域,,0–0.5 m,external point-grid sampling,13201,八王子市,National,Designated,記念物,天然記念物,point,小仏関跡,0–0.5 m
official_export_003:28,river_flooding,浸水予想区域,0.01,秋川及び平井川流域,,0–0.5 m,external point-grid sampling,13305,日の出町,National,Designated,記念物,天然記念物,point,幸神神社のシダレアカシデ,0–0.5 m
official_export_003:29,river_flooding,浸水予想区域,0.0,城南地区河川流域,,0,external point-grid sampling,13103,港区,National,Designated,記念物,天然記念物,point,佐藤一斎墓,0
official_export_003:3,river_flooding,浸水予想区域,0.0,隅田川及び新河岸川流域,,0,external point-grid sampling,13101,千代田区,National,Designated,記念物,天然記念物,point,江戸城跡,0
official_export_003:32,river_flooding,浸水予想区域,0.0,石神井川及び白子川流域,,0,external point-grid sampling,13229,西東京市,National,Designated,記念物,天然記念物,point,下野谷遺跡,0
official_export_003:33,river_flooding,浸水予想区域,0.0,江東内部河川流域,,0,external point-grid sampling,13103,港区,National,Designated,記念物,天然記念物,point,品川台場,0
official_export_003:36,river_flooding,浸水予想区域,0.0,野川_仙川_入間川_谷沢川及び丸子川流域,,0,external point-grid sampling,13208,調布市,National,Designated,記念物,天然記念物,point,深大寺城跡,0
official_export_003:37,river_flooding,浸水予想区域,0.0,石神井川及び白子川流域,,0,external point-grid sampling,13211,小平市,National,Designated,記念物,天然記念物,point,鈴木遺跡,0
official_export_003:38,river_flooding,浸水予想区域,0.012,城南地区河川流域,,0–0.5 m,external point-grid sampling,13103,港区,National,Designated,記念物,天然記念物,point,善福寺のイチョウ,0–0.5 m
official_export_003:39,high_tide,高潮浸水想定,2.35,東京都 高潮浸水想定区域図,,0.5–3 m,external polygon point-in-area,13123,江戸川区,National,Designated,記念物,天然記念物,point,善養寺影向のマツ,0.5–3 m
official_export_003:39,river_flooding,浸水予想区域,0.08,中川_綾瀬川圏域,,0–0.5 m,external point-grid sampling,13123,江戸川区,National,Designated,記念物,天然記念物,point,善養寺影向のマツ,0–0.5 m
official_export_003:4,river_flooding,浸水予想区域,0.0,隅田川及び新河岸川流域,,0,external point-grid sampling,13101,千代田区,National,Designated,記念物,天然記念物,point,江戸城跡のヒカリゴケ生育地,0
official_export_003:40,river_flooding,浸水予想区域,0.0,神田川流域,,0,external point-grid sampling,13105,文京区,National,Designated,記念物,天然記念物,point,高島秋帆墓,0
official_export_003:41,river_flooding,浸水予想区域,0.52999997,城南地区河川流域,,0.5–3 m,external point-grid sampling,13103,港区,National,Designated,記念物,天然記念物,point,高輪大木戸跡,0.5–3 m
official_export_003:42,high_tide,高潮浸水想定,0.43,東京都 高潮浸水想定区域図,,0–0.5 m,external polygon point-in-area,13106,台東区,National,Designated,記念物,天然記念物,point,高橋至時墓,0–0.5 m
official_export_003:42,river_flooding,浸水予想区域,0.84,神田川流域;隅田川及び新河岸川流域,,0;0.5–3 m,external point-grid sampling,13106,台東区,National,Designated,記念物,天然記念物,point,高橋至時墓,0.5–3 m
official_export_003:43,river_flooding,浸水予想区域,0.0,浅川圏域_大栗川及び三沢川流域,,0,external point-grid sampling,13201,八王子市,National,Designated,記念物,天然記念物,point,滝山城跡,0
official_export_003:44,river_flooding,浸水予想区域,0.0,城南地区河川流域,,0,external point-grid sampling,13109,品川区,National,Designated,記念物,天然記念物,point,沢庵墓,0
official_export_003:45,river_flooding,浸水予想区域,0.0,石神井川及び白子川流域;野川_仙川_入間川_谷沢川及び丸子川流域,,0,external point-grid sampling,13112,世田谷区,National,Designated,記念物,天然記念物,point,玉川上水,0
official_export_003:46,river_flooding,浸水予想区域,0.0,神田川流域,,0,external point-grid sampling,13115,杉並区,National,Designated,記念物,天然記念物,point,荻外荘(近衞文麿旧宅),0
official_export_003:47,river_flooding,浸水予想区域,0.0,神田川流域,,0,external point-grid sampling,13104,新宿区,National,Designated,記念物,天然記念物,point,哲学堂公園,0
official_export_003:49,river_flooding,洪水浸水想定区域,0.002,城南地区河川流域,L2（想定最大規模）,0.5m未満,PLATEAU building risk,13103,港区,National,Designated,記念物,天然記念物,point,東禅寺,0–0.5 m
official_export_003:5,river_flooding,浸水予想区域,0.0,神田川流域,,0,external point-grid sampling,13101,千代田区,National,Designated,記念物,天然記念物,point,江戸城外堀跡,0
official_export_003:50,high_tide,高潮浸水想定,0.35,東京都 高潮浸水想定区域図,,0–0.5 m,external polygon point-in-area,13101,千代田区,National,Designated,記念物,天然記念物,point,常盤橋門跡,0–0.5 m
official_export_003:50,river_flooding,浸水予想区域,0.02,神田川流域;隅田川及び新河岸川流域,,0;0–0.5 m,external point-grid sampling,13101,千代田区,National,Designated,記念物,天然記念物,point,常盤橋門跡,0–0.5 m
official_export_003:50,tsunami,津波浸水想定,0.7547,区部,南海トラフ巨大地震_ケース1;南海トラフ巨大地震_ケース2;南海トラフ巨大地震_ケース5;南海トラフ巨大地震_ケース6;南海トラフ巨大地震_ケース8;南海トラフ巨大地震_全5ケース最大値;大正関東地震,0.5–3 m;0–0.5 m,external point-grid sampling,13101,千代田区,National,Designated,記念物,天然記念物,point,常盤橋門跡,0.5–3 m
official_export_003:51,river_flooding,浸水予想区域,0.0,野川_仙川_入間川_谷沢川及び丸子川流域,,0,external point-grid sampling,13214,国分寺市,National,Designated,記念物,天然記念物,point,殿ヶ谷戸庭園(随冝園),0
official_export_003:57,river_flooding,浸水予想区域,0.01,浅川圏域_大栗川及び三沢川流域,,0–0.5 m,external point-grid sampling,13201,八王子市,National,Designated,記念物,天然記念物,point,八王子城跡,0–0.5 m
official_export_003:59,high_tide,高潮浸水想定,0.79,東京都 高潮浸水想定区域図,,0.5–3 m,external polygon point-in-area,13106,台東区,National,Designated,記念物,天然記念物,point,平賀源内墓,0.5–3 m
official_export_003:59,river_flooding,浸水予想区域,0.59,隅田川及び新河岸川流域,,0.5–3 m,external point-grid sampling,13106,台東区,National,Designated,記念物,天然記念物,point,平賀源内墓,0.5–3 m
official_export_003:60,river_flooding,浸水予想区域,0.01,浅川圏域_大栗川及び三沢川流域,,0–0.5 m,external point-grid sampling,13201,八王子市,National,Designated,記念物,天然記念物,point,船田石器時代遺跡,0–0.5 m
official_export_003:61,river_flooding,浸水予想区域,0.019,野川_仙川_入間川_谷沢川及び丸子川流域,,0–0.5 m,external point-grid sampling,13112,世田谷区,National,Designated,記念物,天然記念物,point,細井広沢墓,0–0.5 m
official_export_003:62,high_tide,高潮浸水想定,1.77,東京都高潮浸水想定区域図（令和6年12月19日）,,0.5m以上3m未満,PLATEAU building risk,13108,江東区,National,Designated,記念物,天然記念物,point,松平定信墓,0.5–3 m
official_export_003:62,river_flooding,浸水予想区域,0.0,江東内部河川流域,,0,external point-grid sampling,13108,江東区,National,Designated,記念物,天然記念物,point,松平定信墓,0
official_export_003:63,river_flooding,浸水予想区域,0.05,霞川及び多摩川上流圏域,,0–0.5 m,external point-grid sampling,13205,青梅市,National,Designated,記念物,天然記念物,point,御岳の神代ケヤキ,0–0.5 m
official_export_003:65,high_tide,高潮浸水想定,3.74,東京都 高潮浸水想定区域図,,3–5 m,external polygon point-in-area,13107,墨田区,National,Designated,記念物,天然記念物,point,向島百花園,3–5 m
official_export_003:65,river_flooding,浸水予想区域,0.36,隅田川及び新河岸川流域,,0–0.5 m,external point-grid sampling,13107,墨田区,National,Designated,記念物,天然記念物,point,向島百花園,0–0.5 m
official_export_003:67,river_flooding,浸水予想区域,0.0,野川_仙川_入間川_谷沢川及び丸子川流域,,0,external point-grid sampling,13214,国分寺市,National,Designated,記念物,天然記念物,point,武蔵国分寺跡 附東山道武蔵路跡,0
official_export_003:69,river_flooding,浸水予想区域,0.0,神田川流域,,0,external point-grid sampling,13104,新宿区,National,Designated,記念物,天然記念物,point,山鹿素行墓,0
official_export_003:70,river_flooding,浸水予想区域,0.0,神田川流域,,0,external point-grid sampling,13105,文京区,National,Designated,記念物,天然記念物,point,弥生二丁目遺跡,0
official_export_003:71,river_flooding,浸水予想区域,0.0,神田川流域,,0,external point-grid sampling,13105,文京区,National,Designated,記念物,天然記念物,point,湯島聖堂,0
official_export_003:72,river_flooding,浸水予想区域,0.0,神田川流域,,0,external point-grid sampling,13106,台東区,National,Designated,記念物,天然記念物,point,横山大観旧宅及び庭園,0
official_export_003:73,river_flooding,浸水予想区域,0.0,隅田川及び新河岸川流域,,0,external point-grid sampling,13105,文京区,National,Designated,記念物,天然記念物,point,六義園,0
official_export_003:75,river_flooding,浸水予想区域,0.0,神田川流域,,0,external point-grid sampling,13104,新宿区,National,Designated,記念物,天然記念物,point,林氏墓地,0
official_export_003:8,river_flooding,浸水予想区域,0.0,神田川流域,,0,external point-grid sampling,13105,文京区,National,Designated,記念物,天然記念物,point,大塚先儒墓所,0
official_export_003:9,river_flooding,浸水予想区域,0.0,城南地区河川流域,,0,external point-grid sampling,13109,品川区,National,Designated,記念物,天然記念物,point,大森貝塚,0
