source_level,source_authority,source_dataset,source_record_id,source_url,source_file,name,name_kana,place_name,address_detail,owner,address,municipality,municipality_code,category,type,designation,designation_date,latitude,longitude,entity_class,geometry_role,designation_level,raw_category,raw_type,raw_designation,_designation_reason
municipal_source,中央区,文化財一覧,131024000000.0,https://www.city.chuo.lg.jp/documents/984/bunkazai.csv,13Tokyo/raw/municipal/13102/data.csv,住吉神社水盤舎,,,,,,中央区,13102,区民有形文化財,建造物,ambiguous,,35.667974,139.783399,building_direct,building_candidate_point,ambiguous,区民有形文化財,建造物,,no_explicit_designation_level
municipal_source,中央区,文化財一覧,131024000000.0,https://www.city.chuo.lg.jp/documents/984/bunkazai.csv,13Tokyo/raw/municipal/13102/data.csv,南高橋,,,,,,中央区,13102,区民有形文化財,建造物,ambiguous,,35.676922,139.779886,building_direct,building_candidate_point,ambiguous,区民有形文化財,建造物,,no_explicit_designation_level
municipal_source,中央区,文化財一覧,131024000000.0,https://www.city.chuo.lg.jp/documents/984/bunkazai.csv,13Tokyo/raw/municipal/13102/data.csv,小網神社社殿及び神楽殿 附 棟札・造営関係資料,,,,,,中央区,13102,区民有形文化財,建造物,ambiguous,,35.684121,139.780455,building_direct,building_candidate_point,ambiguous,区民有形文化財,建造物,,no_explicit_designation_level
municipal_source,中央区,文化財一覧,131024000000.0,https://www.city.chuo.lg.jp/documents/984/bunkazai.csv,13Tokyo/raw/municipal/13102/data.csv,京橋の親柱,,,,,,中央区,13102,区民有形文化財,建造物,ambiguous,,35.676061,139.768867,building_direct,building_candidate_point,ambiguous,区民有形文化財,建造物,,no_explicit_designation_level
municipal_source,中央区,文化財一覧,131024000000.0,https://www.city.chuo.lg.jp/documents/984/bunkazai.csv,13Tokyo/raw/municipal/13102/data.csv,鐵砲洲稲荷神社,,,,,,中央区,13102,区民有形文化財,建造物,ambiguous,,35.672449,139.779701,building_direct,building_candidate_point,ambiguous,区民有形文化財,建造物,,no_explicit_designation_level
municipal_source,中央区,文化財一覧,131024000000.0,https://www.city.chuo.lg.jp/documents/984/bunkazai.csv,13Tokyo/raw/municipal/13102/data.csv,海運橋親柱,,,,,,中央区,13102,区民有形文化財,建造物,ambiguous,,35.682526,139.777315,building_direct,building_candidate_point,ambiguous,区民有形文化財,建造物,,no_explicit_designation_level
municipal_source,中央区,文化財一覧,131024000000.0,https://www.city.chuo.lg.jp/documents/984/bunkazai.csv,13Tokyo/raw/municipal/13102/data.csv,豊海橋,,,,,,中央区,13102,区民有形文化財,建造物,ambiguous,,35.67731,139.782666,building_direct,building_candidate_point,ambiguous,区民有形文化財,建造物,,no_explicit_designation_level
municipal_source,中央区,文化財一覧,131024000000.0,https://www.city.chuo.lg.jp/documents/984/bunkazai.csv,13Tokyo/raw/municipal/13102/data.csv,椙森神社 附 造営関係資料,,,,,,中央区,13102,区民有形文化財,建造物,ambiguous,,35.688429,139.779641,building_direct,building_candidate_point,ambiguous,区民有形文化財,建造物,,no_explicit_designation_level
municipal_source,中央区,文化財一覧,131024000000.0,https://www.city.chuo.lg.jp/documents/984/bunkazai.csv,13Tokyo/raw/municipal/13102/data.csv,柳橋,,,,,,中央区,13102,区民有形文化財,建造物,ambiguous,,35.696368,139.786933,building_direct,building_candidate_point,ambiguous,区民有形文化財,建造物,,no_explicit_designation_level
municipal_source,中央区,文化財一覧,131024000000.0,https://www.city.chuo.lg.jp/documents/984/bunkazai.csv,13Tokyo/raw/municipal/13102/data.csv,カトリック築地教会聖堂,,,,,,中央区,13102,区民有形文化財,建造物,ambiguous,,35.668117,139.776934,building_direct,building_candidate_point,ambiguous,区民有形文化財,建造物,,no_explicit_designation_level
municipal_source,中央区,文化財一覧,131024000000.0,https://www.city.chuo.lg.jp/documents/984/bunkazai.csv,13Tokyo/raw/municipal/13102/data.csv,一石橋の親柱,,,,,,中央区,13102,区民有形文化財,建造物,ambiguous,,35.684118,139.770925,building_direct,building_candidate_point,ambiguous,区民有形文化財,建造物,,no_explicit_designation_level
municipal_source,中央区,文化財一覧,131024000000.0,https://www.city.chuo.lg.jp/documents/984/bunkazai.csv,13Tokyo/raw/municipal/13102/data.csv,海幸橋の親柱 附 橋梁竣工図面,,,,,,中央区,13102,区民有形文化財,建造物,ambiguous,,35.662395,139.769171,building_direct,building_candidate_point,ambiguous,区民有形文化財,建造物,,no_explicit_designation_level
municipal_source,中央区,文化財一覧,131024000000.0,https://www.city.chuo.lg.jp/documents/984/bunkazai.csv,13Tokyo/raw/municipal/13102/data.csv,聖路加国際病院 トイスラー記念館,,,,,,中央区,13102,区民有形文化財,建造物,ambiguous,,35.667764,139.775515,building_direct,building_candidate_point,ambiguous,区民有形文化財,建造物,,no_explicit_designation_level
municipal_source,中央区,文化財一覧,131024000000.0,https://www.city.chuo.lg.jp/documents/984/bunkazai.csv,13Tokyo/raw/municipal/13102/data.csv,明治屋京橋ビル,,,,,,中央区,13102,区民有形文化財;指定文化財,建造物,ambiguous,,35.677355,139.770138,building_direct,building_candidate_point,ambiguous,区民有形文化財;指定文化財,建造物,,no_explicit_designation_level
municipal_source,中央区,文化財一覧,131024000000.0,https://www.city.chuo.lg.jp/documents/984/bunkazai.csv,13Tokyo/raw/municipal/13102/data.csv,為替バンク三井組柱頭,,,,,,中央区,13102,区民有形文化財,建造物,ambiguous,,35.676449,139.773025,building_direct,building_candidate_point,ambiguous,区民有形文化財,建造物,,no_explicit_designation_level
municipal_source,中央区,文化財一覧,131024000000.0,https://www.city.chuo.lg.jp/documents/984/bunkazai.csv,13Tokyo/raw/municipal/13102/data.csv,日本橋野村ビルディング旧館,,,,,,中央区,13102,区民有形文化財;指定文化財,建造物,ambiguous,,35.683647,139.774858,building_direct,building_candidate_point,ambiguous,区民有形文化財;指定文化財,建造物,,no_explicit_designation_level
municipal_source,中央区,文化財一覧,131024000000.0,https://www.city.chuo.lg.jp/documents/984/bunkazai.csv,13Tokyo/raw/municipal/13102/data.csv,門跡橋の親柱及び高欄,,,,,,中央区,13102,区民有形文化財,建造物,ambiguous,,35.665692,139.771871,building_direct,building_candidate_point,ambiguous,区民有形文化財,建造物,,no_explicit_designation_level
municipal_source,中央区,文化財一覧,131024000000.0,https://www.city.chuo.lg.jp/documents/984/bunkazai.csv,13Tokyo/raw/municipal/13102/data.csv,陶製住吉神社扁額,,,,,,中央区,13102,区民有形文化財,美術工芸品,ambiguous,,35.667974,139.783399,movable,representative_point,ambiguous,区民有形文化財,絵画・彫刻・工芸品,,no_explicit_designation_level
municipal_source,中央区,文化財一覧,131024000000.0,https://www.city.chuo.lg.jp/documents/984/bunkazai.csv,13Tokyo/raw/municipal/13102/data.csv,銅製洋鐘,,,,,,中央区,13102,区民有形文化財,美術工芸品,ambiguous,,35.668117,139.776934,movable,representative_point,ambiguous,区民有形文化財,絵画・彫刻・工芸品,,no_explicit_designation_level
municipal_source,中央区,文化財一覧,131024000000.0,https://www.city.chuo.lg.jp/documents/984/bunkazai.csv,13Tokyo/raw/municipal/13102/data.csv,板絵着色蘭陵王図額,,,,,,中央区,13102,区民有形文化財,美術工芸品,ambiguous,,35.667974,139.783399,movable,representative_point,ambiguous,区民有形文化財,絵画・彫刻・工芸品,,no_explicit_designation_level
municipal_source,中央区,文化財一覧,131024000000.0,https://www.city.chuo.lg.jp/documents/984/bunkazai.csv,13Tokyo/raw/municipal/13102/data.csv,木板金地着色蘆鷺図額,,,,,,中央区,13102,区民有形文化財,美術工芸品,ambiguous,,35.667974,139.783399,movable,representative_point,ambiguous,区民有形文化財,絵画・彫刻・工芸品,,no_explicit_designation_level
municipal_source,中央区,文化財一覧,131024000000.0,https://www.city.chuo.lg.jp/documents/984/bunkazai.csv,13Tokyo/raw/municipal/13102/data.csv,紙本墨画淡彩瀑布図,,,,,,中央区,13102,区民有形文化財,美術工芸品,ambiguous,,35.665932,139.771658,movable,representative_point,ambiguous,区民有形文化財,絵画・彫刻・工芸品,,no_explicit_designation_level
municipal_source,中央区,文化財一覧,131024000000.0,https://www.city.chuo.lg.jp/documents/984/bunkazai.csv,13Tokyo/raw/municipal/13102/data.csv,絹本着色白梅図,,,,,,中央区,13102,区民有形文化財,美術工芸品,ambiguous,,35.665932,139.771658,movable,representative_point,ambiguous,区民有形文化財,絵画・彫刻・工芸品,,no_explicit_designation_level
municipal_source,中央区,文化財一覧,131024000000.0,https://www.city.chuo.lg.jp/documents/984/bunkazai.csv,13Tokyo/raw/municipal/13102/data.csv,銅造 地蔵菩薩立像,,,,,,中央区,13102,区民有形文化財,美術工芸品,ambiguous,,35.680916,139.779323,movable,representative_point,ambiguous,区民有形文化財,絵画・彫刻・工芸品,,no_explicit_designation_level
municipal_source,中央区,文化財一覧,131024000000.0,https://www.city.chuo.lg.jp/documents/984/bunkazai.csv,13Tokyo/raw/municipal/13102/data.csv,新大橋の橋名板,,,,,,中央区,13102,区民有形文化財,美術工芸品,ambiguous,,35.673688,139.7756,movable,representative_point,ambiguous,区民有形文化財,絵画・彫刻・工芸品,,no_explicit_designation_level
municipal_source,中央区,文化財一覧,131024000000.0,https://www.city.chuo.lg.jp/documents/984/bunkazai.csv,13Tokyo/raw/municipal/13102/data.csv,魚河岸水神社加茂能人形山車巡行模型,,,,,,中央区,13102,区民有形文化財,美術工芸品,ambiguous,,35.673688,139.7756,movable,representative_point,ambiguous,区民有形文化財,絵画・彫刻・工芸品,,no_explicit_designation_level
municipal_source,中央区,文化財一覧,131024000000.0,https://www.city.chuo.lg.jp/documents/984/bunkazai.csv,13Tokyo/raw/municipal/13102/data.csv,法重寺の大?,,,,,,中央区,13102,区民有形文化財,美術工芸品,ambiguous,,35.665932,139.771658,movable,representative_point,ambiguous,区民有形文化財,絵画・彫刻・工芸品,,no_explicit_designation_level
municipal_source,中央区,文化財一覧,131024000000.0,https://www.city.chuo.lg.jp/documents/984/bunkazai.csv,13Tokyo/raw/municipal/13102/data.csv,日本橋の橋柱装飾品-青銅製麒麟像鰭及び附属品,,,,,,中央区,13102,区民有形文化財,美術工芸品,ambiguous,,35.673688,139.7756,movable,representative_point,ambiguous,区民有形文化財,絵画・彫刻・工芸品,,no_explicit_designation_level
municipal_source,中央区,文化財一覧,131024000000.0,https://www.city.chuo.lg.jp/documents/984/bunkazai.csv,13Tokyo/raw/municipal/13102/data.csv,紺糸威丸胴具足 附 具足櫃,,,,,,中央区,13102,区民有形文化財,美術工芸品,ambiguous,,35.669619,139.784505,movable,representative_point,ambiguous,区民有形文化財,絵画・彫刻・工芸品,,no_explicit_designation_level
municipal_source,中央区,文化財一覧,131024000000.0,https://www.city.chuo.lg.jp/documents/984/bunkazai.csv,13Tokyo/raw/municipal/13102/data.csv,燈臺 北村西望作 銅造彫刻 附 石造台座,,,,,,中央区,13102,区民有形文化財,美術工芸品,ambiguous,,35.672842,139.763297,movable,representative_point,ambiguous,区民有形文化財,絵画・彫刻・工芸品,,no_explicit_designation_level
municipal_source,中央区,文化財一覧,131024000000.0,https://www.city.chuo.lg.jp/documents/984/bunkazai.csv,13Tokyo/raw/municipal/13102/data.csv,長谷川春子作挿絵の原画及び素描,,,,,,中央区,13102,区民有形文化財,美術工芸品,ambiguous,,35.673688,139.7756,movable,representative_point,ambiguous,区民有形文化財,絵画・彫刻・工芸品,,no_explicit_designation_level
municipal_source,中央区,文化財一覧,131024000000.0,https://www.city.chuo.lg.jp/documents/984/bunkazai.csv,13Tokyo/raw/municipal/13102/data.csv,近岡善次郎作 築地・隅田川等風景画,,,,,,中央区,13102,区民有形文化財,美術工芸品,ambiguous,,35.673688,139.7756,movable,representative_point,ambiguous,区民有形文化財,絵画・彫刻・工芸品,,no_explicit_designation_level
municipal_source,中央区,文化財一覧,131024000000.0,https://www.city.chuo.lg.jp/documents/984/bunkazai.csv,13Tokyo/raw/municipal/13102/data.csv,寛保沽券図,,,,,,中央区,13102,区民有形文化財,古文書,ambiguous,,35.673688,139.7756,movable,representative_point,ambiguous,区民有形文化財,古文書・古記録,,no_explicit_designation_level
municipal_source,中央区,文化財一覧,131024000000.0,https://www.city.chuo.lg.jp/documents/984/bunkazai.csv,13Tokyo/raw/municipal/13102/data.csv,末廣神社所蔵文書,,,,,,中央区,13102,区民有形文化財,古文書,ambiguous,,35.686829,139.784064,movable,representative_point,ambiguous,区民有形文化財,古文書・古記録,,no_explicit_designation_level
municipal_source,中央区,文化財一覧,131024000000.0,https://www.city.chuo.lg.jp/documents/984/bunkazai.csv,13Tokyo/raw/municipal/13102/data.csv,小津家文書,,,,,,中央区,13102,区民有形文化財,古文書,ambiguous,,35.688763,139.776393,movable,representative_point,ambiguous,区民有形文化財,古文書・古記録,,no_explicit_designation_level
municipal_source,中央区,文化財一覧,131024000000.0,https://www.city.chuo.lg.jp/documents/984/bunkazai.csv,13Tokyo/raw/municipal/13102/data.csv,佐々木家文書,,,,,,中央区,13102,区民有形文化財,古文書,ambiguous,,35.688887,139.772176,movable,representative_point,ambiguous,区民有形文化財,古文書・古記録,,no_explicit_designation_level
municipal_source,中央区,文化財一覧,131024000000.0,https://www.city.chuo.lg.jp/documents/984/bunkazai.csv,13Tokyo/raw/municipal/13102/data.csv,椙森神社文書,,,,,,中央区,13102,区民有形文化財,古文書,ambiguous,,35.688429,139.779641,movable,representative_point,ambiguous,区民有形文化財,古文書・古記録,,no_explicit_designation_level
municipal_source,中央区,文化財一覧,131024000000.0,https://www.city.chuo.lg.jp/documents/984/bunkazai.csv,13Tokyo/raw/municipal/13102/data.csv,中村家文書,,,,,,中央区,13102,区民有形文化財,古文書,ambiguous,,35.692279,139.781491,movable,representative_point,ambiguous,区民有形文化財,古文書・古記録,,no_explicit_designation_level
municipal_source,中央区,文化財一覧,131024000000.0,https://www.city.chuo.lg.jp/documents/984/bunkazai.csv,13Tokyo/raw/municipal/13102/data.csv,佃島渡船関係文書,,,,,,中央区,13102,区民有形文化財,古文書,ambiguous,,35.673688,139.7756,movable,representative_point,ambiguous,区民有形文化財,古文書・古記録,,no_explicit_designation_level
municipal_source,中央区,文化財一覧,131024000000.0,https://www.city.chuo.lg.jp/documents/984/bunkazai.csv,13Tokyo/raw/municipal/13102/data.csv,住吉神社文書,,,,,,中央区,13102,区民有形文化財,古文書,ambiguous,,35.667974,139.783399,movable,representative_point,ambiguous,区民有形文化財,古文書・古記録,,no_explicit_designation_level
municipal_source,中央区,文化財一覧,131024000000.0,https://www.city.chuo.lg.jp/documents/984/bunkazai.csv,13Tokyo/raw/municipal/13102/data.csv,服部家文書,,,,,,中央区,13102,区民有形文化財,古文書,ambiguous,,35.673688,139.7756,movable,representative_point,ambiguous,区民有形文化財,古文書・古記録,,no_explicit_designation_level
municipal_source,中央区,文化財一覧,131024000000.0,https://www.city.chuo.lg.jp/documents/984/bunkazai.csv,13Tokyo/raw/municipal/13102/data.csv,宝永七年の通二丁目沽券図写,,,,,,中央区,13102,区民有形文化財,古文書,ambiguous,,35.682418,139.77308,movable,representative_point,ambiguous,区民有形文化財,古文書・古記録,,no_explicit_designation_level
municipal_source,中央区,文化財一覧,131024000000.0,https://www.city.chuo.lg.jp/documents/984/bunkazai.csv,13Tokyo/raw/municipal/13102/data.csv,日本橋魚市場絵図面,,,,,,中央区,13102,区民有形文化財;指定文化財,古文書,ambiguous,,35.666487,139.771,movable,representative_point,ambiguous,区民有形文化財;指定文化財,古文書・古記録,,no_explicit_designation_level
municipal_source,中央区,文化財一覧,131024000000.0,https://www.city.chuo.lg.jp/documents/984/bunkazai.csv,13Tokyo/raw/municipal/13102/data.csv,東京証券取引所所蔵文書,,,,,,中央区,13102,区民有形文化財,古文書,ambiguous,,35.682639,139.778784,movable,representative_point,ambiguous,区民有形文化財,古文書・古記録,,no_explicit_designation_level
municipal_source,中央区,文化財一覧,131024000000.0,https://www.city.chuo.lg.jp/documents/984/bunkazai.csv,13Tokyo/raw/municipal/13102/data.csv,佃島沽券絵図 控,,,,,,中央区,13102,区民有形文化財;指定文化財,古文書,ambiguous,,35.666487,139.771,movable,representative_point,ambiguous,区民有形文化財;指定文化財,古文書・古記録,,no_explicit_designation_level
municipal_source,中央区,文化財一覧,131024000000.0,https://www.city.chuo.lg.jp/documents/984/bunkazai.csv,13Tokyo/raw/municipal/13102/data.csv,原胤昭関係文書,,,,,,中央区,13102,区民有形文化財,古文書,ambiguous,,35.673688,139.7756,movable,representative_point,ambiguous,区民有形文化財,古文書・古記録,,no_explicit_designation_level
municipal_source,中央区,文化財一覧,131024000000.0,https://www.city.chuo.lg.jp/documents/984/bunkazai.csv,13Tokyo/raw/municipal/13102/data.csv,片岡家文書,,,,,,中央区,13102,区民有形文化財,古文書,ambiguous,,35.673688,139.7756,movable,representative_point,ambiguous,区民有形文化財,古文書・古記録,,no_explicit_designation_level
municipal_source,中央区,文化財一覧,131024000000.0,https://www.city.chuo.lg.jp/documents/984/bunkazai.csv,13Tokyo/raw/municipal/13102/data.csv,清川玄道関係文書,,,,,,中央区,13102,区民有形文化財,古文書,ambiguous,,35.673688,139.7756,movable,representative_point,ambiguous,区民有形文化財,古文書・古記録,,no_explicit_designation_level
municipal_source,中央区,文化財一覧,131024000000.0,https://www.city.chuo.lg.jp/documents/984/bunkazai.csv,13Tokyo/raw/municipal/13102/data.csv,埋桝及び木樋,,,,,,中央区,13102,区民有形文化財,考古資料,ambiguous,,35.673688,139.7756,movable,representative_point,ambiguous,区民有形文化財,考古資料,,no_explicit_designation_level
municipal_source,中央区,文化財一覧,131024000000.0,https://www.city.chuo.lg.jp/documents/984/bunkazai.csv,13Tokyo/raw/municipal/13102/data.csv,江戸三座入場券,,,,,,中央区,13102,区民有形文化財;指定文化財,考古資料,ambiguous,,35.673688,139.7756,movable,representative_point,ambiguous,区民有形文化財;指定文化財,考古資料,,no_explicit_designation_level
municipal_source,中央区,文化財一覧,131024000000.0,https://www.city.chuo.lg.jp/documents/984/bunkazai.csv,13Tokyo/raw/municipal/13102/data.csv,明石町遺跡内 築地外国人居留地 445号遺構出土遺物 附 556号遺構出土クレイパイプ,,,,,,中央区,13102,区民有形文化財,考古資料,ambiguous,,35.658848,139.785703,movable,representative_point,ambiguous,区民有形文化財,考古資料,,no_explicit_designation_level
municipal_source,中央区,文化財一覧,131024000000.0,https://www.city.chuo.lg.jp/documents/984/bunkazai.csv,13Tokyo/raw/municipal/13102/data.csv,八丁堀三丁目(第二次)遺跡 朗惺寺跡出土 こけら経,,,,,,中央区,13102,区民有形文化財,考古資料,ambiguous,,35.658848,139.785703,movable,representative_point,ambiguous,区民有形文化財,考古資料,,no_explicit_designation_level
municipal_source,中央区,文化財一覧,131024000000.0,https://www.city.chuo.lg.jp/documents/984/bunkazai.csv,13Tokyo/raw/municipal/13102/data.csv,八丁堀三丁目遺跡内朗惺寺跡出土骨蔵器 附 瀬戸・美濃産陶器 鳴海織部向付,,,,,,中央区,13102,区民有形文化財,考古資料,ambiguous,,35.666391,139.768187,movable,representative_point,ambiguous,区民有形文化財,考古資料,,no_explicit_designation_level
municipal_source,中央区,文化財一覧,131024000000.0,https://www.city.chuo.lg.jp/documents/984/bunkazai.csv,13Tokyo/raw/municipal/13102/data.csv,日本橋人形町三丁目(第二次)遺跡出土陶磁器・土器,,,,,,中央区,13102,区民有形文化財,考古資料,ambiguous,,35.673688,139.7756,movable,representative_point,ambiguous,区民有形文化財,考古資料,,no_explicit_designation_level
municipal_source,中央区,文化財一覧,131024000000.0,https://www.city.chuo.lg.jp/documents/984/bunkazai.csv,13Tokyo/raw/municipal/13102/data.csv,八丁堀三丁目遺跡内朗惺寺跡出土木製卒塔婆,,,,,,中央区,13102,区民有形文化財,考古資料,ambiguous,,35.658848,139.785703,movable,representative_point,ambiguous,区民有形文化財,考古資料,,no_explicit_designation_level
municipal_source,中央区,文化財一覧,131024000000.0,https://www.city.chuo.lg.jp/documents/984/bunkazai.csv,13Tokyo/raw/municipal/13102/data.csv,日本橋蛎殻町一丁目遺跡内 播磨国山崎藩本多家屋敷跡125号遺構出土遺物,,,,,,中央区,13102,区民有形文化財,考古資料,ambiguous,,35.658848,139.785703,movable,representative_point,ambiguous,区民有形文化財,考古資料,,no_explicit_designation_level
municipal_source,中央区,文化財一覧,131024000000.0,https://www.city.chuo.lg.jp/documents/984/bunkazai.csv,13Tokyo/raw/municipal/13102/data.csv,豊後岡藩中川家上屋敷跡(明石町遺跡)出土文書 附 12号遺構穴蔵部材,,,,,,中央区,13102,区民有形文化財,考古資料,ambiguous,,35.673688,139.7756,movable,representative_point,ambiguous,区民有形文化財,考古資料及び古文書,,no_explicit_designation_level
municipal_source,中央区,文化財一覧,131024000000.0,https://www.city.chuo.lg.jp/documents/984/bunkazai.csv,13Tokyo/raw/municipal/13102/data.csv,アメリカ公使館跡の記念碑,,,,,,中央区,13102,区民有形文化財,歴史資料,ambiguous,,35.666733,139.778656,point,representative_point,ambiguous,区民有形文化財,歴史資料,,no_explicit_designation_level
municipal_source,中央区,文化財一覧,131024000000.0,https://www.city.chuo.lg.jp/documents/984/bunkazai.csv,13Tokyo/raw/municipal/13102/data.csv,白魚献上箱,,,,,,中央区,13102,区民有形文化財,歴史資料,ambiguous,,35.673688,139.7756,point,representative_point,ambiguous,区民有形文化財,歴史資料,,no_explicit_designation_level
municipal_source,中央区,文化財一覧,131024000000.0,https://www.city.chuo.lg.jp/documents/984/bunkazai.csv,13Tokyo/raw/municipal/13102/data.csv,板絵着色お千世の図額 附 目録,,,,,,中央区,13102,区民有形文化財,歴史資料,ambiguous,,35.683825,139.772033,point,representative_point,ambiguous,区民有形文化財,歴史資料,,no_explicit_designation_level
municipal_source,中央区,文化財一覧,131024000000.0,https://www.city.chuo.lg.jp/documents/984/bunkazai.csv,13Tokyo/raw/municipal/13102/data.csv,引幕図案見本帳,,,,,,中央区,13102,区民有形文化財,歴史資料,ambiguous,,35.674081,139.768358,point,representative_point,ambiguous,区民有形文化財,歴史資料,,no_explicit_designation_level
municipal_source,中央区,文化財一覧,131024000000.0,https://www.city.chuo.lg.jp/documents/984/bunkazai.csv,13Tokyo/raw/municipal/13102/data.csv,絹本着色 日本製菓子舗榮太樓本店製造塲略図 附 写生帖,,,,,,中央区,13102,区民有形文化財,歴史資料,ambiguous,,35.683414,139.773416,point,representative_point,ambiguous,区民有形文化財,歴史資料,,no_explicit_designation_level
municipal_source,中央区,文化財一覧,131024000000.0,https://www.city.chuo.lg.jp/documents/984/bunkazai.csv,13Tokyo/raw/municipal/13102/data.csv,船宿山崎屋関係資料,,,,,,中央区,13102,区民有形文化財,歴史資料,ambiguous,,35.673688,139.7756,point,representative_point,ambiguous,区民有形文化財,歴史資料,,no_explicit_designation_level
municipal_source,中央区,文化財一覧,131024000000.0,https://www.city.chuo.lg.jp/documents/984/bunkazai.csv,13Tokyo/raw/municipal/13102/data.csv,寛正三年板碑,,,,,,中央区,13102,区民有形文化財;指定文化財,歴史資料,ambiguous,,35.673688,139.7756,point,representative_point,ambiguous,区民有形文化財;指定文化財,歴史資料,,no_explicit_designation_level
municipal_source,中央区,文化財一覧,131024000000.0,https://www.city.chuo.lg.jp/documents/984/bunkazai.csv,13Tokyo/raw/municipal/13102/data.csv,岸田吟香謹製鐵飴煎の看板,,,,,,中央区,13102,区民有形文化財,歴史資料,ambiguous,,35.673688,139.7756,point,representative_point,ambiguous,区民有形文化財,歴史資料,,no_explicit_designation_level
municipal_source,中央区,文化財一覧,131024000000.0,https://www.city.chuo.lg.jp/documents/984/bunkazai.csv,13Tokyo/raw/municipal/13102/data.csv,平野活版製造所(平野富二)製造の活版印刷機,,,,,,中央区,13102,区民有形文化財,歴史資料,ambiguous,,35.671533,139.777553,point,representative_point,ambiguous,区民有形文化財,歴史資料,,no_explicit_designation_level
municipal_source,中央区,文化財一覧,131024000000.0,https://www.city.chuo.lg.jp/documents/984/bunkazai.csv,13Tokyo/raw/municipal/13102/data.csv,東京薬事協会所蔵文書,,,,,,中央区,13102,区民有形文化財,歴史資料,ambiguous,,35.688755,139.77513,point,representative_point,ambiguous,区民有形文化財,歴史資料,,no_explicit_designation_level
municipal_source,中央区,文化財一覧,131024000000.0,https://www.city.chuo.lg.jp/documents/984/bunkazai.csv,13Tokyo/raw/municipal/13102/data.csv,紀元二千六百年記念日本万国博覧会開催準備関係資料,,,,,,中央区,13102,区民有形文化財,歴史資料,ambiguous,,35.673688,139.7756,point,representative_point,ambiguous,区民有形文化財,歴史資料,,no_explicit_designation_level
municipal_source,中央区,文化財一覧,131024000000.0,https://www.city.chuo.lg.jp/documents/984/bunkazai.csv,13Tokyo/raw/municipal/13102/data.csv,日本橋三越本店のパイプオルガン,,,,,,中央区,13102,区民有形文化財,歴史資料,ambiguous,,35.685631,139.77343,point,representative_point,ambiguous,区民有形文化財,歴史資料,,no_explicit_designation_level
municipal_source,中央区,文化財一覧,131024000000.0,https://www.city.chuo.lg.jp/documents/984/bunkazai.csv,13Tokyo/raw/municipal/13102/data.csv,震災復興橋梁図面,,,,,,中央区,13102,区民有形文化財,歴史資料,ambiguous,,35.673688,139.7756,point,representative_point,ambiguous,区民有形文化財,歴史資料,,no_explicit_designation_level
municipal_source,中央区,文化財一覧,131024000000.0,https://www.city.chuo.lg.jp/documents/984/bunkazai.csv,13Tokyo/raw/municipal/13102/data.csv,越後屋文書,,,,,,中央区,13102,区民有形文化財,歴史資料,ambiguous,,35.673645,139.767292,point,representative_point,ambiguous,区民有形文化財,歴史資料,,no_explicit_designation_level
municipal_source,中央区,文化財一覧,131024000000.0,https://www.city.chuo.lg.jp/documents/984/bunkazai.csv,13Tokyo/raw/municipal/13102/data.csv,常盤橋擬宝珠,,,,,,中央区,13102,区民有形文化財,歴史資料,ambiguous,,35.673688,139.7756,point,representative_point,ambiguous,区民有形文化財,歴史資料,,no_explicit_designation_level
municipal_source,中央区,文化財一覧,131024000000.0,https://www.city.chuo.lg.jp/documents/984/bunkazai.csv,13Tokyo/raw/municipal/13102/data.csv,佃嶋住吉御社再建仕法書版木,,,,,,中央区,13102,区民有形文化財,歴史資料,ambiguous,,35.667974,139.783399,point,representative_point,ambiguous,区民有形文化財,歴史資料,,no_explicit_designation_level
municipal_source,中央区,文化財一覧,131024000000.0,https://www.city.chuo.lg.jp/documents/984/bunkazai.csv,13Tokyo/raw/municipal/13102/data.csv,長谷川時雨関連資料,,,,,,中央区,13102,区民有形文化財,歴史資料,ambiguous,,35.673688,139.7756,point,representative_point,ambiguous,区民有形文化財,歴史資料,,no_explicit_designation_level
municipal_source,中央区,文化財一覧,131024000000.0,https://www.city.chuo.lg.jp/documents/984/bunkazai.csv,13Tokyo/raw/municipal/13102/data.csv,一等水準点標石(交無号),,,,,,中央区,13102,区民有形文化財,歴史資料,ambiguous,,35.672888,139.784409,point,representative_point,ambiguous,区民有形文化財,歴史資料,,no_explicit_designation_level
municipal_source,中央区,文化財一覧,131024000000.0,https://www.city.chuo.lg.jp/documents/984/bunkazai.csv,13Tokyo/raw/municipal/13102/data.csv,住吉神社大祭の獅子頭宮出し,,,,,,中央区,13102,区民無形民俗文化財,区民無形民俗文化財,ambiguous,,35.667974,139.783399,point,representative_point,ambiguous,区民無形民俗文化財,,,no_explicit_designation_level
municipal_source,中央区,文化財一覧,131024000000.0,https://www.city.chuo.lg.jp/documents/984/bunkazai.csv,13Tokyo/raw/municipal/13102/data.csv,魚河岸水神社加茂能人形山車,,,,,,中央区,13102,区民有形民俗文化財,区民有形民俗文化財,ambiguous,,35.664493,139.769213,point,representative_point,ambiguous,区民有形民俗文化財,,,no_explicit_designation_level
municipal_source,中央区,文化財一覧,131024000000.0,https://www.city.chuo.lg.jp/documents/984/bunkazai.csv,13Tokyo/raw/municipal/13102/data.csv,龍虎の獅子頭,,,,,,中央区,13102,区民有形民俗文化財,区民有形民俗文化財,ambiguous,,35.667974,139.783399,point,representative_point,ambiguous,区民有形民俗文化財,,,no_explicit_designation_level
municipal_source,中央区,文化財一覧,131024000000.0,https://www.city.chuo.lg.jp/documents/984/bunkazai.csv,13Tokyo/raw/municipal/13102/data.csv,黒駒の獅子頭,,,,,,中央区,13102,区民有形民俗文化財,区民有形民俗文化財,ambiguous,,35.667974,139.783399,point,representative_point,ambiguous,区民有形民俗文化財,,,no_explicit_designation_level
municipal_source,中央区,文化財一覧,131024000000.0,https://www.city.chuo.lg.jp/documents/984/bunkazai.csv,13Tokyo/raw/municipal/13102/data.csv,鐵砲洲稲荷神社の富士塚,,,,,,中央区,13102,区民有形民俗文化財,区民有形民俗文化財,ambiguous,,35.672449,139.779701,point,representative_point,ambiguous,区民有形民俗文化財,,,no_explicit_designation_level
municipal_source,中央区,文化財一覧,131024000000.0,https://www.city.chuo.lg.jp/documents/984/bunkazai.csv,13Tokyo/raw/municipal/13102/data.csv,波除稲荷神社の獅子頭,,,,,,中央区,13102,区民有形民俗文化財,区民有形民俗文化財,ambiguous,,35.663474,139.771555,point,representative_point,ambiguous,区民有形民俗文化財,,,no_explicit_designation_level
municipal_source,中央区,文化財一覧,131024000000.0,https://www.city.chuo.lg.jp/documents/984/bunkazai.csv,13Tokyo/raw/municipal/13102/data.csv,鐵砲洲稲荷神社の力石,,,,,,中央区,13102,区民有形民俗文化財,区民有形民俗文化財,ambiguous,,35.672449,139.779701,point,representative_point,ambiguous,区民有形民俗文化財,,,no_explicit_designation_level
municipal_source,中央区,文化財一覧,131024000000.0,https://www.city.chuo.lg.jp/documents/984/bunkazai.csv,13Tokyo/raw/municipal/13102/data.csv,佃浪除稲荷神社の力石,,,,,,中央区,13102,区民有形民俗文化財,区民有形民俗文化財,ambiguous,,35.66685,139.783291,point,representative_point,ambiguous,区民有形民俗文化財,,,no_explicit_designation_level
municipal_source,中央区,文化財一覧,131024000000.0,https://www.city.chuo.lg.jp/documents/984/bunkazai.csv,13Tokyo/raw/municipal/13102/data.csv,鐵砲洲稲荷神社富士塚内の力石,,,,,,中央区,13102,区民有形民俗文化財,区民有形民俗文化財,ambiguous,,35.672449,139.779701,point,representative_point,ambiguous,区民有形民俗文化財,,,no_explicit_designation_level
municipal_source,中央区,文化財一覧,131024000000.0,https://www.city.chuo.lg.jp/documents/984/bunkazai.csv,13Tokyo/raw/municipal/13102/data.csv,智泉院の天水鉢,,,,,,中央区,13102,区民有形民俗文化財,区民有形民俗文化財,ambiguous,,35.680916,139.779323,point,representative_point,ambiguous,区民有形民俗文化財,,,no_explicit_designation_level
municipal_source,中央区,文化財一覧,131024000000.0,https://www.city.chuo.lg.jp/documents/984/bunkazai.csv,13Tokyo/raw/municipal/13102/data.csv,波除稲荷神社の天水鉢,,,,,,中央区,13102,区民有形民俗文化財,区民有形民俗文化財,ambiguous,,35.663474,139.771555,point,representative_point,ambiguous,区民有形民俗文化財,,,no_explicit_designation_level
municipal_source,中央区,文化財一覧,131024000000.0,https://www.city.chuo.lg.jp/documents/984/bunkazai.csv,13Tokyo/raw/municipal/13102/data.csv,鉄製大釜残欠,,,,,,中央区,13102,区民有形民俗文化財,区民有形民俗文化財,ambiguous,,35.681615,139.781643,point,representative_point,ambiguous,区民有形民俗文化財,,,no_explicit_designation_level
municipal_source,中央区,文化財一覧,131024000000.0,https://www.city.chuo.lg.jp/documents/984/bunkazai.csv,13Tokyo/raw/municipal/13102/data.csv,佃島初代名主 佃忠兵衛報恩塔,,,,,,中央区,13102,区民有形民俗文化財,区民有形民俗文化財,ambiguous,,35.666054,139.771988,point,representative_point,ambiguous,区民有形民俗文化財,,,no_explicit_designation_level
municipal_source,中央区,文化財一覧,131024000000.0,https://www.city.chuo.lg.jp/documents/984/bunkazai.csv,13Tokyo/raw/municipal/13102/data.csv,銀座出世地蔵尊,,,,,,中央区,13102,区民有形民俗文化財,区民有形民俗文化財,ambiguous,,35.671429,139.765739,point,representative_point,ambiguous,区民有形民俗文化財,,,no_explicit_designation_level
municipal_source,中央区,文化財一覧,131024000000.0,https://www.city.chuo.lg.jp/documents/984/bunkazai.csv,13Tokyo/raw/municipal/13102/data.csv,椙森神社の富札・富塚の碑,,,,,,中央区,13102,区民有形民俗文化財,区民有形民俗文化財,ambiguous,,35.688429,139.779641,point,representative_point,ambiguous,区民有形民俗文化財,,,no_explicit_designation_level
municipal_source,中央区,文化財一覧,131024000000.0,https://www.city.chuo.lg.jp/documents/984/bunkazai.csv,13Tokyo/raw/municipal/13102/data.csv,於岩稲荷田宮神社の鳥居,,,,,,中央区,13102,区民有形民俗文化財,区民有形民俗文化財,ambiguous,,35.674738,139.783114,point,representative_point,ambiguous,区民有形民俗文化財,,,no_explicit_designation_level
municipal_source,中央区,文化財一覧,131024000000.0,https://www.city.chuo.lg.jp/documents/984/bunkazai.csv,13Tokyo/raw/municipal/13102/data.csv,於岩稲荷田宮神社の百度石,,,,,,中央区,13102,区民有形民俗文化財,区民有形民俗文化財,ambiguous,,35.674738,139.783114,point,representative_point,ambiguous,区民有形民俗文化財,,,no_explicit_designation_level
municipal_source,中央区,文化財一覧,131024000000.0,https://www.city.chuo.lg.jp/documents/984/bunkazai.csv,13Tokyo/raw/municipal/13102/data.csv,うぶけや鍛造打刃物類,,,,,,中央区,13102,区民有形民俗文化財,区民有形民俗文化財,ambiguous,,35.686907,139.781952,point,representative_point,ambiguous,区民有形民俗文化財,,,no_explicit_designation_level
municipal_source,中央区,文化財一覧,131024000000.0,https://www.city.chuo.lg.jp/documents/984/bunkazai.csv,13Tokyo/raw/municipal/13102/data.csv,小津商店江戸店営業関係用具類,,,,,,中央区,13102,区民有形民俗文化財,区民有形民俗文化財,ambiguous,,35.688763,139.776393,point,representative_point,ambiguous,区民有形民俗文化財,,,no_explicit_designation_level
municipal_source,中央区,文化財一覧,131024000000.0,https://www.city.chuo.lg.jp/documents/984/bunkazai.csv,13Tokyo/raw/municipal/13102/data.csv,釜屋もぐさの振売箱,,,,,,中央区,13102,区民有形民俗文化財,区民有形民俗文化財,ambiguous,,35.681615,139.781643,point,representative_point,ambiguous,区民有形民俗文化財,,,no_explicit_designation_level
municipal_source,中央区,文化財一覧,131024000000.0,https://www.city.chuo.lg.jp/documents/984/bunkazai.csv,13Tokyo/raw/municipal/13102/data.csv,住吉神社神輿,,,,,,中央区,13102,区民有形民俗文化財,区民有形民俗文化財,ambiguous,,35.667974,139.783399,point,representative_point,ambiguous,区民有形民俗文化財,,,no_explicit_designation_level
municipal_source,中央区,文化財一覧,131024000000.0,https://www.city.chuo.lg.jp/documents/984/bunkazai.csv,13Tokyo/raw/municipal/13102/data.csv,佃島渡船場跡,,,,,,中央区,13102,区民史跡,史跡,ambiguous,,35.668789,139.782755,point,representative_point,ambiguous,区民史跡,,,no_explicit_designation_level
municipal_source,中央区,文化財一覧,131024000000.0,https://www.city.chuo.lg.jp/documents/984/bunkazai.csv,13Tokyo/raw/municipal/13102/data.csv,十返舎一九墓,,,,,,中央区,13102,区民史跡,史跡,ambiguous,,35.656891,139.775046,point,representative_point,ambiguous,区民史跡,,,no_explicit_designation_level
municipal_source,中央区,文化財一覧,131024000000.0,https://www.city.chuo.lg.jp/documents/984/bunkazai.csv,13Tokyo/raw/municipal/13102/data.csv,郵便発祥の地,,,,,,中央区,13102,区民史跡,史跡,ambiguous,,35.683252,139.777281,point,representative_point,ambiguous,区民史跡,,,no_explicit_designation_level
municipal_source,中央区,文化財一覧,131024000000.0,https://www.city.chuo.lg.jp/documents/984/bunkazai.csv,13Tokyo/raw/municipal/13102/data.csv,江戸秤座跡,,,,,,中央区,13102,区民史跡,史跡,ambiguous,,35.67995,139.772738,point,representative_point,ambiguous,区民史跡,,,no_explicit_designation_level
municipal_source,中央区,文化財一覧,131024000000.0,https://www.city.chuo.lg.jp/documents/984/bunkazai.csv,13Tokyo/raw/municipal/13102/data.csv,霊岸島検潮所・量水標跡,,,,,,中央区,13102,区民史跡,史跡,ambiguous,,35.672127,139.783134,point,representative_point,ambiguous,区民史跡,,,no_explicit_designation_level
municipal_source,中央区,文化財一覧,131024000000.0,https://www.city.chuo.lg.jp/documents/984/bunkazai.csv,13Tokyo/raw/municipal/13102/data.csv,長崎屋跡,,,,,,中央区,13102,区民史跡,史跡,ambiguous,,35.689036,139.773312,point,representative_point,ambiguous,区民史跡,,,no_explicit_designation_level
municipal_source,中央区,文化財一覧,131024000000.0,https://www.city.chuo.lg.jp/documents/984/bunkazai.csv,13Tokyo/raw/municipal/13102/data.csv,海水館跡,,,,,,中央区,13102,区民史跡,史跡,ambiguous,,35.664423,139.787203,point,representative_point,ambiguous,区民史跡,,,no_explicit_designation_level
municipal_source,新宿区,新宿区の文化財一覧,13104:0,https://data.odp.jig.jp/viewcsv/jp/tokyo/shinjuku/723.csv,13Tokyo/raw/municipal/13104/data.csv,市谷亀岡八幡宮の銅鳥居,,,,,東京都新宿区市谷八幡町15,新宿区,13104,,,ambiguous,,35.69249,139.73428,point,representative_point,ambiguous,,,,no_explicit_designation_level
municipal_source,新宿区,新宿区の文化財一覧,13104:1,https://data.odp.jig.jp/viewcsv/jp/tokyo/shinjuku/723.csv,13Tokyo/raw/municipal/13104/data.csv,早稲田大学 坪内博士記念演劇博物館,,,,,東京都新宿区西早稲田一丁目6,新宿区,13104,,,ambiguous,,35.70923,139.71909,point,representative_point,ambiguous,,,,no_explicit_designation_level
municipal_source,新宿区,新宿区の文化財一覧,13104:2,https://data.odp.jig.jp/viewcsv/jp/tokyo/shinjuku/723.csv,13Tokyo/raw/municipal/13104/data.csv,浄栄寺の山門「甘露門」,,,,,東京都新宿区市谷薬王寺町27,新宿区,13104,,,ambiguous,,35.697178,139.724597,point,representative_point,ambiguous,,,,no_explicit_designation_level
municipal_source,新宿区,新宿区の文化財一覧,13104:3,https://data.odp.jig.jp/viewcsv/jp/tokyo/shinjuku/723.csv,13Tokyo/raw/municipal/13104/data.csv,幸国寺の山門,,,,,東京都新宿区原町2-20,新宿区,13104,,,ambiguous,,35.700149,139.72423,point,representative_point,ambiguous,,,,no_explicit_designation_level
municipal_source,新宿区,新宿区の文化財一覧,13104:4,https://data.odp.jig.jp/viewcsv/jp/tokyo/shinjuku/723.csv,13Tokyo/raw/municipal/13104/data.csv,中井御霊神社の本殿・幣殿・拝殿,,,,,東京都新宿区中井2-29-16,新宿区,13104,,,ambiguous,,35.716277,139.680002,point,representative_point,ambiguous,,,,no_explicit_designation_level
municipal_source,新宿区,新宿区の文化財一覧,13104:5,https://data.odp.jig.jp/viewcsv/jp/tokyo/shinjuku/723.csv,13Tokyo/raw/municipal/13104/data.csv,亮朝院本堂,,,,,東京都新宿区西早稲田3-16-24,新宿区,13104,,,ambiguous,,35.712031,139.71366,point,representative_point,ambiguous,,,,no_explicit_designation_level
municipal_source,新宿区,新宿区の文化財一覧,13104:6,https://data.odp.jig.jp/viewcsv/jp/tokyo/shinjuku/723.csv,13Tokyo/raw/municipal/13104/data.csv,亮朝院七面堂,,,,,東京都新宿区西早稲田3-16-24,新宿区,13104,,,ambiguous,,35.712109,139.713789,point,representative_point,ambiguous,,,,no_explicit_designation_level
municipal_source,新宿区,新宿区の文化財一覧,13104:7,https://data.odp.jig.jp/viewcsv/jp/tokyo/shinjuku/723.csv,13Tokyo/raw/municipal/13104/data.csv,永心寺本堂,,,,,東京都新宿区須賀町11,新宿区,13104,,,ambiguous,,35.683887,139.722476,point,representative_point,ambiguous,,,,no_explicit_designation_level
municipal_source,新宿区,新宿区の文化財一覧,13104:8,https://data.odp.jig.jp/viewcsv/jp/tokyo/shinjuku/723.csv,13Tokyo/raw/municipal/13104/data.csv,永心寺山門,,,,,東京都新宿区須賀町11,新宿区,13104,,,ambiguous,,35.684173,139.722562,point,representative_point,ambiguous,,,,no_explicit_designation_level
municipal_source,新宿区,新宿区の文化財一覧,13104:9,https://data.odp.jig.jp/viewcsv/jp/tokyo/shinjuku/723.csv,13Tokyo/raw/municipal/13104/data.csv,筑土八幡神社の石造鳥居,,,,,東京都新宿区筑土八幡町2-1,新宿区,13104,,,ambiguous,,35.70395,139.74054,point,representative_point,ambiguous,,,,no_explicit_designation_level
municipal_source,新宿区,新宿区の文化財一覧,13104:10,https://data.odp.jig.jp/viewcsv/jp/tokyo/shinjuku/723.csv,13Tokyo/raw/municipal/13104/data.csv,西迎寺の阿弥陀如来座像,,,,,東京都新宿区舟町13,新宿区,13104,,,ambiguous,,35.69116,139.72099,point,representative_point,ambiguous,,,,no_explicit_designation_level
municipal_source,新宿区,新宿区の文化財一覧,13104:11,https://data.odp.jig.jp/viewcsv/jp/tokyo/shinjuku/723.csv,13Tokyo/raw/municipal/13104/data.csv,中井出世不動尊像,,,,,東京都新宿区中落合四丁目18-16(中井出世不動堂),新宿区,13104,,,ambiguous,,35.71915,139.68327,point,representative_point,ambiguous,,,,no_explicit_designation_level
municipal_source,新宿区,新宿区の文化財一覧,13104:12,https://data.odp.jig.jp/viewcsv/jp/tokyo/shinjuku/723.csv,13Tokyo/raw/municipal/13104/data.csv,花園神社の唐獅子像,,,,,東京都新宿区新宿五丁目17-3,新宿区,13104,,,ambiguous,,35.69283,139.70569,point,representative_point,ambiguous,,,,no_explicit_designation_level
municipal_source,新宿区,新宿区の文化財一覧,13104:13,https://data.odp.jig.jp/viewcsv/jp/tokyo/shinjuku/723.csv,13Tokyo/raw/municipal/13104/data.csv,太宗寺の三日月不動像,,,,,東京都新宿区新宿二丁目9-2,新宿区,13104,,,ambiguous,,35.68982,139.70921,point,representative_point,ambiguous,,,,no_explicit_designation_level
municipal_source,新宿区,新宿区の文化財一覧,13104:14,https://data.odp.jig.jp/viewcsv/jp/tokyo/shinjuku/723.csv,13Tokyo/raw/municipal/13104/data.csv,熊野神社の水鉢,,,,,東京都新宿区西新宿二丁目11-2,新宿区,13104,,,ambiguous,,35.69091,139.6882,point,representative_point,ambiguous,,,,no_explicit_designation_level
municipal_source,新宿区,新宿区の文化財一覧,13104:15,https://data.odp.jig.jp/viewcsv/jp/tokyo/shinjuku/723.csv,13Tokyo/raw/municipal/13104/data.csv,亮朝院の金剛力士石像,,,,,東京都新宿区西早稲田三丁目16-24,新宿区,13104,,,ambiguous,,35.71174,139.71346,point,representative_point,ambiguous,,,,no_explicit_designation_level
municipal_source,新宿区,新宿区の文化財一覧,13104:16,https://data.odp.jig.jp/viewcsv/jp/tokyo/shinjuku/723.csv,13Tokyo/raw/municipal/13104/data.csv,誓閑寺の梵鐘,,,,,東京都新宿区喜久井町61,新宿区,13104,,,ambiguous,,35.70485,139.71944,point,representative_point,ambiguous,,,,no_explicit_designation_level
municipal_source,新宿区,新宿区の文化財一覧,13104:17,https://data.odp.jig.jp/viewcsv/jp/tokyo/shinjuku/723.csv,13Tokyo/raw/municipal/13104/data.csv,善国寺の毘沙門天像,,,,,東京都新宿区神楽坂五丁目36,新宿区,13104,,,ambiguous,,35.70146,139.73917,point,representative_point,ambiguous,,,,no_explicit_designation_level
municipal_source,新宿区,新宿区の文化財一覧,13104:18,https://data.odp.jig.jp/viewcsv/jp/tokyo/shinjuku/723.csv,13Tokyo/raw/municipal/13104/data.csv,経王寺の大黒天像,,,,,東京都新宿区原町一丁目14,新宿区,13104,,,ambiguous,,35.69906,139.72548,point,representative_point,ambiguous,,,,no_explicit_designation_level
municipal_source,新宿区,新宿区の文化財一覧,13104:19,https://data.odp.jig.jp/viewcsv/jp/tokyo/shinjuku/723.csv,13Tokyo/raw/municipal/13104/data.csv,法善寺の七面明神像,,,,,東京都新宿区新宿六丁目20-6,新宿区,13104,,,ambiguous,,35.69754,139.71193,point,representative_point,ambiguous,,,,no_explicit_designation_level
municipal_source,新宿区,新宿区の文化財一覧,13104:20,https://data.odp.jig.jp/viewcsv/jp/tokyo/shinjuku/723.csv,13Tokyo/raw/municipal/13104/data.csv,布袋像の水鉢,,,,,東京都新宿区西早稲田二丁目1-11,新宿区,13104,,,ambiguous,,35.70717,139.71747,point,representative_point,ambiguous,,,,no_explicit_designation_level
municipal_source,新宿区,新宿区の文化財一覧,13104:21,https://data.odp.jig.jp/viewcsv/jp/tokyo/shinjuku/723.csv,13Tokyo/raw/municipal/13104/data.csv,須賀神社の三十六歌仙絵,,,,,東京都新宿区須賀町5-6,新宿区,13104,,,ambiguous,,35.68541,139.72229,point,representative_point,ambiguous,,,,no_explicit_designation_level
municipal_source,新宿区,新宿区の文化財一覧,13104:22,https://data.odp.jig.jp/viewcsv/jp/tokyo/shinjuku/723.csv,13Tokyo/raw/municipal/13104/data.csv,馬水槽,,,,,東京都新宿区新宿三丁目38,新宿区,13104,,,ambiguous,,35.69209,139.70121,point,representative_point,ambiguous,,,,no_explicit_designation_level
municipal_source,新宿区,新宿区の文化財一覧,13104:23,https://data.odp.jig.jp/viewcsv/jp/tokyo/shinjuku/723.csv,13Tokyo/raw/municipal/13104/data.csv,天龍寺の時の鐘,,,,,東京都新宿区新宿四丁目3-19,新宿区,13104,,,ambiguous,,35.68887,139.70406,point,representative_point,ambiguous,,,,no_explicit_designation_level
municipal_source,新宿区,新宿区の文化財一覧,13104:24,https://data.odp.jig.jp/viewcsv/jp/tokyo/shinjuku/723.csv,13Tokyo/raw/municipal/13104/data.csv,天龍寺のやぐら時計,,,,,東京都新宿区新宿四丁目3-19,新宿区,13104,,,ambiguous,,35.68887,139.70406,point,representative_point,ambiguous,,,,no_explicit_designation_level
municipal_source,新宿区,新宿区の文化財一覧,13104:25,https://data.odp.jig.jp/viewcsv/jp/tokyo/shinjuku/723.csv,13Tokyo/raw/municipal/13104/data.csv,大隈重信銅像,,,,,東京都新宿区西早稲田一丁目6,新宿区,13104,,,ambiguous,,35.70923,139.71909,point,representative_point,ambiguous,,,,no_explicit_designation_level
municipal_source,新宿区,新宿区の文化財一覧,13104:26,https://data.odp.jig.jp/viewcsv/jp/tokyo/shinjuku/723.csv,13Tokyo/raw/municipal/13104/data.csv,長善寺(笹寺)のめのう観音像,,,,,東京都新宿区四谷四丁目4,新宿区,13104,,,ambiguous,,35.68661,139.71782,point,representative_point,ambiguous,,,,no_explicit_designation_level
municipal_source,新宿区,新宿区の文化財一覧,13104:27,https://data.odp.jig.jp/viewcsv/jp/tokyo/shinjuku/723.csv,13Tokyo/raw/municipal/13104/data.csv,鬼王神社の水鉢,,,,,東京都新宿区歌舞伎町二丁目17-5,新宿区,13104,,,ambiguous,,35.69778,139.70526,point,representative_point,ambiguous,,,,no_explicit_designation_level
municipal_source,新宿区,新宿区の文化財一覧,13104:28,https://data.odp.jig.jp/viewcsv/jp/tokyo/shinjuku/723.csv,13Tokyo/raw/municipal/13104/data.csv,聖徳太子画像,,,,,東京都新宿区四谷三栄町12-16(新宿歴史博物館),新宿区,13104,,,ambiguous,,35.69006,139.72568,point,representative_point,ambiguous,,,,no_explicit_designation_level
municipal_source,新宿区,新宿区の文化財一覧,13104:29,https://data.odp.jig.jp/viewcsv/jp/tokyo/shinjuku/723.csv,13Tokyo/raw/municipal/13104/data.csv,太宗寺の観無量寿経曼荼羅,,,,,東京都新宿区新宿二丁目9-2,新宿区,13104,,,ambiguous,,35.68982,139.70921,point,representative_point,ambiguous,,,,no_explicit_designation_level
municipal_source,新宿区,新宿区の文化財一覧,13104:30,https://data.odp.jig.jp/viewcsv/jp/tokyo/shinjuku/723.csv,13Tokyo/raw/municipal/13104/data.csv,七人役者図絵馬,,,,,東京都新宿区西新宿二丁目11-2,新宿区,13104,,,ambiguous,,35.69091,139.6882,point,representative_point,ambiguous,,,,no_explicit_designation_level
municipal_source,新宿区,新宿区の文化財一覧,13104:31,https://data.odp.jig.jp/viewcsv/jp/tokyo/shinjuku/723.csv,13Tokyo/raw/municipal/13104/data.csv,阿弥陀三尊来迎図(専福寺),,,,,東京都新宿区新宿六丁目20-9,新宿区,13104,,,ambiguous,,35.69754,139.71193,point,representative_point,ambiguous,,,,no_explicit_designation_level
municipal_source,新宿区,新宿区の文化財一覧,13104:32,https://data.odp.jig.jp/viewcsv/jp/tokyo/shinjuku/723.csv,13Tokyo/raw/municipal/13104/data.csv,木造阿弥陀如来立像,,,,,東京都新宿区早稲田町77,新宿区,13104,,,ambiguous,,35.70577,139.72383,point,representative_point,ambiguous,,,,no_explicit_designation_level
municipal_source,新宿区,新宿区の文化財一覧,13104:33,https://data.odp.jig.jp/viewcsv/jp/tokyo/shinjuku/723.csv,13Tokyo/raw/municipal/13104/data.csv,木造地蔵菩薩坐像,,,,,東京都新宿区袋町15,新宿区,13104,,,ambiguous,,35.7006,139.73819,point,representative_point,ambiguous,,,,no_explicit_designation_level
municipal_source,新宿区,新宿区の文化財一覧,13104:34,https://data.odp.jig.jp/viewcsv/jp/tokyo/shinjuku/723.csv,13Tokyo/raw/municipal/13104/data.csv,阿弥陀三尊来迎図(光照寺),,,,,東京都新宿区袋町15,新宿区,13104,,,ambiguous,,35.7006,139.73819,point,representative_point,ambiguous,,,,no_explicit_designation_level
municipal_source,新宿区,新宿区の文化財一覧,13104:35,https://data.odp.jig.jp/viewcsv/jp/tokyo/shinjuku/723.csv,13Tokyo/raw/municipal/13104/data.csv,法然上人画像,,,,,東京都新宿区袋町15,新宿区,13104,,,ambiguous,,35.7006,139.73819,point,representative_point,ambiguous,,,,no_explicit_designation_level
municipal_source,新宿区,新宿区の文化財一覧,13104:36,https://data.odp.jig.jp/viewcsv/jp/tokyo/shinjuku/723.csv,13Tokyo/raw/municipal/13104/data.csv,西光庵の観無量寿経曼荼羅,,,,,東京都新宿区四谷三栄町12-16(新宿歴史博物館)※新宿区に寄託中,新宿区,13104,,,ambiguous,,35.69006,139.72568,point,representative_point,ambiguous,,,,no_explicit_designation_level
municipal_source,新宿区,新宿区の文化財一覧,13104:37,https://data.odp.jig.jp/viewcsv/jp/tokyo/shinjuku/723.csv,13Tokyo/raw/municipal/13104/data.csv,天瑞元堤像 谷文晁筆,,,,,東京都新宿区榎町77,新宿区,13104,,,ambiguous,,35.70661,139.72807,point,representative_point,ambiguous,,,,no_explicit_designation_level
municipal_source,新宿区,新宿区の文化財一覧,13104:38,https://data.odp.jig.jp/viewcsv/jp/tokyo/shinjuku/723.csv,13Tokyo/raw/municipal/13104/data.csv,謙堂文益像 谷文晁筆,,,,,東京都新宿区榎町77,新宿区,13104,,,ambiguous,,35.70661,139.72807,point,representative_point,ambiguous,,,,no_explicit_designation_level
municipal_source,新宿区,新宿区の文化財一覧,13104:39,https://data.odp.jig.jp/viewcsv/jp/tokyo/shinjuku/723.csv,13Tokyo/raw/municipal/13104/data.csv,八大龍王図 谷文晁筆,,,,,東京都新宿区榎町77,新宿区,13104,,,ambiguous,,35.70661,139.72807,point,representative_point,ambiguous,,,,no_explicit_designation_level
municipal_source,新宿区,新宿区の文化財一覧,13104:40,https://data.odp.jig.jp/viewcsv/jp/tokyo/shinjuku/723.csv,13Tokyo/raw/municipal/13104/data.csv,十大弟子図 谷文晁筆,,,,,東京都新宿区榎町77,新宿区,13104,,,ambiguous,,35.70661,139.72807,point,representative_point,ambiguous,,,,no_explicit_designation_level
municipal_source,新宿区,新宿区の文化財一覧,13104:41,https://data.odp.jig.jp/viewcsv/jp/tokyo/shinjuku/723.csv,13Tokyo/raw/municipal/13104/data.csv,永福寺の銅造大日如来坐像,,,,,東京都新宿区新宿7-11-2,新宿区,13104,,,ambiguous,,35.69808,139.712437,point,representative_point,ambiguous,,,,no_explicit_designation_level
municipal_source,新宿区,新宿区の文化財一覧,13104:42,https://data.odp.jig.jp/viewcsv/jp/tokyo/shinjuku/723.csv,13Tokyo/raw/municipal/13104/data.csv,永福寺の銅造地蔵菩薩半跏像,,,,,東京都新宿区新宿7-11-2,新宿区,13104,,,ambiguous,,35.698078,139.712458,point,representative_point,ambiguous,,,,no_explicit_designation_level
municipal_source,新宿区,新宿区の文化財一覧,13104:43,https://data.odp.jig.jp/viewcsv/jp/tokyo/shinjuku/723.csv,13Tokyo/raw/municipal/13104/data.csv,済松寺の加藤文麗筆絵画作品,,,,,東京都新宿区榎町77,新宿区,13104,,,ambiguous,,35.706094,139.727816,point,representative_point,ambiguous,,,,no_explicit_designation_level
municipal_source,新宿区,新宿区の文化財一覧,13104:44,https://data.odp.jig.jp/viewcsv/jp/tokyo/shinjuku/723.csv,13Tokyo/raw/municipal/13104/data.csv,谷文晁の絵,,,,,東京都新宿区上落合一丁目26-19,新宿区,13104,,,ambiguous,,35.71285,139.69092,point,representative_point,ambiguous,,,,no_explicit_designation_level
municipal_source,新宿区,新宿区の文化財一覧,13104:45,https://data.odp.jig.jp/viewcsv/jp/tokyo/shinjuku/723.csv,13Tokyo/raw/municipal/13104/data.csv,月見岡八幡神社の鰐口,,,,,東京都新宿区上落合一丁目26-19,新宿区,13104,,,ambiguous,,35.71285,139.69092,point,representative_point,ambiguous,,,,no_explicit_designation_level
municipal_source,新宿区,新宿区の文化財一覧,13104:46,https://data.odp.jig.jp/viewcsv/jp/tokyo/shinjuku/723.csv,13Tokyo/raw/municipal/13104/data.csv,市谷亀岡八幡宮の軍配団扇,,,,,東京都新宿区市谷八幡町15,新宿区,13104,,,ambiguous,,35.69249,139.73428,point,representative_point,ambiguous,,,,no_explicit_designation_level
municipal_source,新宿区,新宿区の文化財一覧,13104:47,https://data.odp.jig.jp/viewcsv/jp/tokyo/shinjuku/723.csv,13Tokyo/raw/municipal/13104/data.csv,林光寺の高僧先達連座画像,,,,,東京都新宿区南元町15-3,新宿区,13104,,,ambiguous,,35.67962,139.7231,point,representative_point,ambiguous,,,,no_explicit_designation_level
municipal_source,新宿区,新宿区の文化財一覧,13104:48,https://data.odp.jig.jp/viewcsv/jp/tokyo/shinjuku/723.csv,13Tokyo/raw/municipal/13104/data.csv,木造十一面観音坐像,,,,,東京都新宿区袋町15,新宿区,13104,,,ambiguous,,35.7006,139.73819,point,representative_point,ambiguous,,,,no_explicit_designation_level
municipal_source,新宿区,新宿区の文化財一覧,13104:49,https://data.odp.jig.jp/viewcsv/jp/tokyo/shinjuku/723.csv,13Tokyo/raw/municipal/13104/data.csv,亮朝院の梵鐘,,,,,東京都新宿区西早稲田三丁目16-24,新宿区,13104,,,ambiguous,,35.71174,139.71346,point,representative_point,ambiguous,,,,no_explicit_designation_level
municipal_source,新宿区,新宿区の文化財一覧,13104:50,https://data.odp.jig.jp/viewcsv/jp/tokyo/shinjuku/723.csv,13Tokyo/raw/municipal/13104/data.csv,宝泉寺の梵鐘,,,,,東京都新宿区西早稲田一丁目1-2,新宿区,13104,,,ambiguous,,35.70743,139.71909,point,representative_point,ambiguous,,,,no_explicit_designation_level
municipal_source,新宿区,新宿区の文化財一覧,13104:51,https://data.odp.jig.jp/viewcsv/jp/tokyo/shinjuku/723.csv,13Tokyo/raw/municipal/13104/data.csv,銅造地蔵菩薩半跏像,,,,,東京都新宿区喜久井町61,新宿区,13104,,,ambiguous,,35.70485,139.71944,point,representative_point,ambiguous,,,,no_explicit_designation_level
municipal_source,新宿区,新宿区の文化財一覧,13104:52,https://data.odp.jig.jp/viewcsv/jp/tokyo/shinjuku/723.csv,13Tokyo/raw/municipal/13104/data.csv,正受院の梵鐘,,,,,東京都新宿区新宿二丁目15-20,新宿区,13104,,,ambiguous,,35.69101,139.70885,point,representative_point,ambiguous,,,,no_explicit_designation_level
municipal_source,新宿区,新宿区の文化財一覧,13104:53,https://data.odp.jig.jp/viewcsv/jp/tokyo/shinjuku/723.csv,13Tokyo/raw/municipal/13104/data.csv,西迎寺の梵鐘,,,,,東京都新宿区舟町13,新宿区,13104,,,ambiguous,,35.69116,139.72099,point,representative_point,ambiguous,,,,no_explicit_designation_level
municipal_source,新宿区,新宿区の文化財一覧,13104:54,https://data.odp.jig.jp/viewcsv/jp/tokyo/shinjuku/723.csv,13Tokyo/raw/municipal/13104/data.csv,浄栄寺の梵鐘,,,,,東京都新宿区市谷薬王寺27,新宿区,13104,,,ambiguous,,35.69703,139.72646,point,representative_point,ambiguous,,,,no_explicit_designation_level
municipal_source,新宿区,新宿区の文化財一覧,13104:55,https://data.odp.jig.jp/viewcsv/jp/tokyo/shinjuku/723.csv,13Tokyo/raw/municipal/13104/data.csv,善慶寺の梵鐘,,,,,東京都新宿区富久町2-12,新宿区,13104,,,ambiguous,,35.69268,139.71838,point,representative_point,ambiguous,,,,no_explicit_designation_level
municipal_source,新宿区,新宿区の文化財一覧,13104:56,https://data.odp.jig.jp/viewcsv/jp/tokyo/shinjuku/723.csv,13Tokyo/raw/municipal/13104/data.csv,法雲寺の梵鐘,,,,,東京都新宿区愛住町10−3,新宿区,13104,,,ambiguous,,35.68972,139.71898,point,representative_point,ambiguous,,,,no_explicit_designation_level
municipal_source,新宿区,新宿区の文化財一覧,13104:57,https://data.odp.jig.jp/viewcsv/jp/tokyo/shinjuku/723.csv,13Tokyo/raw/municipal/13104/data.csv,圓照寺の梵鐘,,,,,東京都新宿区北新宿三丁目23-2,新宿区,13104,,,ambiguous,,35.703906,139.69013,point,representative_point,ambiguous,,,,no_explicit_designation_level
municipal_source,新宿区,新宿区の文化財一覧,13104:58,https://data.odp.jig.jp/viewcsv/jp/tokyo/shinjuku/723.csv,13Tokyo/raw/municipal/13104/data.csv,薬王院の梵鐘,,,,,東京都新宿区下落合四丁目8-2,新宿区,13104,,,ambiguous,,35.718235,139.697248,point,representative_point,ambiguous,,,,no_explicit_designation_level
municipal_source,新宿区,新宿区の文化財一覧,13104:59,https://data.odp.jig.jp/viewcsv/jp/tokyo/shinjuku/723.csv,13Tokyo/raw/municipal/13104/data.csv,西應寺の梵鐘,,,,,東京都新宿区須賀町11-4,新宿区,13104,,,ambiguous,,35.683978,139.723072,point,representative_point,ambiguous,,,,no_explicit_designation_level
municipal_source,新宿区,新宿区の文化財一覧,13104:60,https://data.odp.jig.jp/viewcsv/jp/tokyo/shinjuku/723.csv,13Tokyo/raw/municipal/13104/data.csv,光照寺の涅槃図,,,,,東京都新宿区袋町15,新宿区,13104,,,ambiguous,,35.700534,139.738114,point,representative_point,ambiguous,,,,no_explicit_designation_level
municipal_source,新宿区,新宿区の文化財一覧,13104:61,https://data.odp.jig.jp/viewcsv/jp/tokyo/shinjuku/723.csv,13Tokyo/raw/municipal/13104/data.csv,長安寺の六地蔵塔,,,,,東京都新宿区信濃町2-8,新宿区,13104,,,ambiguous,,35.684431,139.719262,point,representative_point,ambiguous,,,,no_explicit_designation_level
municipal_source,新宿区,新宿区の文化財一覧,13104:62,https://data.odp.jig.jp/viewcsv/jp/tokyo/shinjuku/723.csv,13Tokyo/raw/municipal/13104/data.csv,太宗寺墓地出土品,,,,,東京都新宿区新宿二丁目9-2,新宿区,13104,,,ambiguous,,35.68982,139.70921,point,representative_point,ambiguous,,,,no_explicit_designation_level
municipal_source,新宿区,新宿区の文化財一覧,13104:63,https://data.odp.jig.jp/viewcsv/jp/tokyo/shinjuku/723.csv,13Tokyo/raw/municipal/13104/data.csv,小銅鐸,,,,,東京都新宿区四谷三栄町12-16(新宿歴史博物館),新宿区,13104,,,ambiguous,,35.69006,139.72568,point,representative_point,ambiguous,,,,no_explicit_designation_level
municipal_source,新宿区,新宿区の文化財一覧,13104:64,https://data.odp.jig.jp/viewcsv/jp/tokyo/shinjuku/723.csv,13Tokyo/raw/municipal/13104/data.csv,隆起線文系土器,,,,,東京都新宿区四谷三栄町12-16(新宿歴史博物館),新宿区,13104,,,ambiguous,,35.69006,139.72568,point,representative_point,ambiguous,,,,no_explicit_designation_level
municipal_source,新宿区,新宿区の文化財一覧,13104:65,https://data.odp.jig.jp/viewcsv/jp/tokyo/shinjuku/723.csv,13Tokyo/raw/municipal/13104/data.csv,下落合横穴墓出土品,,,,,東京都新宿区四谷三栄町12-16(新宿歴史博物館),新宿区,13104,,,ambiguous,,35.69006,139.72568,point,representative_point,ambiguous,,,,no_explicit_designation_level
municipal_source,新宿区,新宿区の文化財一覧,13104:66,https://data.odp.jig.jp/viewcsv/jp/tokyo/shinjuku/723.csv,13Tokyo/raw/municipal/13104/data.csv,一行院墓地出土品,,,,,東京都新宿区南元町19-2,新宿区,13104,,,ambiguous,,35.6794,139.71996,point,representative_point,ambiguous,,,,no_explicit_designation_level
municipal_source,新宿区,新宿区の文化財一覧,13104:67,https://data.odp.jig.jp/viewcsv/jp/tokyo/shinjuku/723.csv,13Tokyo/raw/municipal/13104/data.csv,中村家文書,,,,,東京都新宿区四谷三栄町12-16(新宿歴史博物館),新宿区,13104,,,ambiguous,,35.69006,139.72568,point,representative_point,ambiguous,,,,no_explicit_designation_level
municipal_source,新宿区,新宿区の文化財一覧,13104:68,https://data.odp.jig.jp/viewcsv/jp/tokyo/shinjuku/723.csv,13Tokyo/raw/municipal/13104/data.csv,林光寺の歴代宗主銘,,,,,東京都新宿区南元町15-3,新宿区,13104,,,ambiguous,,35.67962,139.7231,point,representative_point,ambiguous,,,,no_explicit_designation_level
municipal_source,新宿区,新宿区の文化財一覧,13104:69,https://data.odp.jig.jp/viewcsv/jp/tokyo/shinjuku/723.csv,13Tokyo/raw/municipal/13104/data.csv,亮朝院文書,,,,,東京都新宿区西早稲田三丁目16-24,新宿区,13104,,,ambiguous,,35.71174,139.71346,point,representative_point,ambiguous,,,,no_explicit_designation_level
municipal_source,新宿区,新宿区の文化財一覧,13104:70,https://data.odp.jig.jp/viewcsv/jp/tokyo/shinjuku/723.csv,13Tokyo/raw/municipal/13104/data.csv,中井御霊神社文書,,,,,東京都新宿区中井二丁目29-16,新宿区,13104,,,ambiguous,,35.71631,139.679992,point,representative_point,ambiguous,,,,no_explicit_designation_level
municipal_source,新宿区,新宿区の文化財一覧,13104:71,https://data.odp.jig.jp/viewcsv/jp/tokyo/shinjuku/723.csv,13Tokyo/raw/municipal/13104/data.csv,長厳寺文書,,,,,東京都新宿区市谷薬王寺町25,新宿区,13104,,,ambiguous,,35.697069,139.724095,point,representative_point,ambiguous,,,,no_explicit_designation_level
municipal_source,新宿区,新宿区の文化財一覧,13104:72,https://data.odp.jig.jp/viewcsv/jp/tokyo/shinjuku/723.csv,13Tokyo/raw/municipal/13104/data.csv,済松寺文書,,,,,東京都新宿区榎町77,新宿区,13104,,,ambiguous,,35.70661,139.72807,point,representative_point,ambiguous,,,,no_explicit_designation_level
municipal_source,新宿区,新宿区の文化財一覧,13104:73,https://data.odp.jig.jp/viewcsv/jp/tokyo/shinjuku/723.csv,13Tokyo/raw/municipal/13104/data.csv,林光寺文書,,,,,東京都新宿区南元町15-3,新宿区,13104,,,ambiguous,,35.67962,139.7231,point,representative_point,ambiguous,,,,no_explicit_designation_level
municipal_source,新宿区,新宿区の文化財一覧,13104:74,https://data.odp.jig.jp/viewcsv/jp/tokyo/shinjuku/723.csv,13Tokyo/raw/municipal/13104/data.csv,大聖院文書,,,,,東京都新宿区新宿六丁目21-11,新宿区,13104,,,ambiguous,,35.69674,139.7113,point,representative_point,ambiguous,,,,no_explicit_designation_level
municipal_source,新宿区,新宿区の文化財一覧,13104:75,https://data.odp.jig.jp/viewcsv/jp/tokyo/shinjuku/723.csv,13Tokyo/raw/municipal/13104/data.csv,法身寺文書,,,,,東京都新宿区原町三丁目82,新宿区,13104,,,ambiguous,,35.70052,139.72285,point,representative_point,ambiguous,,,,no_explicit_designation_level
municipal_source,新宿区,新宿区の文化財一覧,13104:76,https://data.odp.jig.jp/viewcsv/jp/tokyo/shinjuku/723.csv,13Tokyo/raw/municipal/13104/data.csv,旭地蔵,,,,,東京都新宿区新宿二丁目15-18,新宿区,13104,,,ambiguous,,35.69101,139.70885,point,representative_point,ambiguous,,,,no_explicit_designation_level
municipal_source,新宿区,新宿区の文化財一覧,13104:77,https://data.odp.jig.jp/viewcsv/jp/tokyo/shinjuku/723.csv,13Tokyo/raw/municipal/13104/data.csv,子供合埋碑,,,,,東京都新宿区新宿二丁目15-18,新宿区,13104,,,ambiguous,,35.69101,139.70885,point,representative_point,ambiguous,,,,no_explicit_designation_level
municipal_source,新宿区,新宿区の文化財一覧,13104:78,https://data.odp.jig.jp/viewcsv/jp/tokyo/shinjuku/723.csv,13Tokyo/raw/municipal/13104/data.csv,式三番奉納額,,,,,東京都新宿区西新宿二丁目11-2,新宿区,13104,,,ambiguous,,35.69091,139.6882,point,representative_point,ambiguous,,,,no_explicit_designation_level
municipal_source,新宿区,新宿区の文化財一覧,13104:79,https://data.odp.jig.jp/viewcsv/jp/tokyo/shinjuku/723.csv,13Tokyo/raw/municipal/13104/data.csv,旧鈴法寺江戸番所資料,,,,,東京都新宿区原町三丁目82,新宿区,13104,,,ambiguous,,35.70052,139.72285,point,representative_point,ambiguous,,,,no_explicit_designation_level
municipal_source,新宿区,新宿区の文化財一覧,13104:80,https://data.odp.jig.jp/viewcsv/jp/tokyo/shinjuku/723.csv,13Tokyo/raw/municipal/13104/data.csv,空印の石手水鉢,,,,,東京都新宿区四谷三栄町12-16(新宿歴史博物館),新宿区,13104,,,ambiguous,,35.69006,139.72568,point,representative_point,ambiguous,,,,no_explicit_designation_level
municipal_source,新宿区,新宿区の文化財一覧,13104:81,https://data.odp.jig.jp/viewcsv/jp/tokyo/shinjuku/723.csv,13Tokyo/raw/municipal/13104/data.csv,堀部武庸加功遺跡之碑,,,,,東京都新宿区西早稲田三丁目5-43,新宿区,13104,,,ambiguous,,35.710907,139.716693,point,representative_point,ambiguous,,,,no_explicit_designation_level
municipal_source,新宿区,新宿区の文化財一覧,13104:82,https://data.odp.jig.jp/viewcsv/jp/tokyo/shinjuku/723.csv,13Tokyo/raw/municipal/13104/data.csv,幸国寺の日蓮聖人六百遠忌供養塔,,,,,東京都新宿区原町2-20,新宿区,13104,,,ambiguous,,35.700195,139.724133,point,representative_point,ambiguous,,,,no_explicit_designation_level
municipal_source,新宿区,新宿区の文化財一覧,13104:83,https://data.odp.jig.jp/viewcsv/jp/tokyo/shinjuku/723.csv,13Tokyo/raw/municipal/13104/data.csv,太宗寺の切支丹灯籠,,,,,東京都新宿区新宿二丁目9-2,新宿区,13104,,,ambiguous,,35.68982,139.70921,point,representative_point,ambiguous,,,,no_explicit_designation_level
municipal_source,新宿区,新宿区の文化財一覧,13104:84,https://data.odp.jig.jp/viewcsv/jp/tokyo/shinjuku/723.csv,13Tokyo/raw/municipal/13104/data.csv,諸国旅人供養碑,,,,,東京都新宿区袋町15,新宿区,13104,,,ambiguous,,35.7006,139.73819,point,representative_point,ambiguous,,,,no_explicit_designation_level
municipal_source,新宿区,新宿区の文化財一覧,13104:85,https://data.odp.jig.jp/viewcsv/jp/tokyo/shinjuku/723.csv,13Tokyo/raw/municipal/13104/data.csv,服部半蔵の槍,,,,,東京都新宿区若葉二丁目9,新宿区,13104,,,ambiguous,,35.68463,139.7253,point,representative_point,ambiguous,,,,no_explicit_designation_level
municipal_source,新宿区,新宿区の文化財一覧,13104:86,https://data.odp.jig.jp/viewcsv/jp/tokyo/shinjuku/723.csv,13Tokyo/raw/municipal/13104/data.csv,駿馬塚の碑,,,,,東京都新宿区内藤町1,新宿区,13104,,,ambiguous,,35.68496,139.7124,point,representative_point,ambiguous,,,,no_explicit_designation_level
municipal_source,新宿区,新宿区の文化財一覧,13104:87,https://data.odp.jig.jp/viewcsv/jp/tokyo/shinjuku/723.csv,13Tokyo/raw/municipal/13104/data.csv,月桂寺の切支丹灯籠,,,,,東京都新宿区河田町2-5,新宿区,13104,,,ambiguous,,35.69704,139.72238,point,representative_point,ambiguous,,,,no_explicit_designation_level
municipal_source,新宿区,新宿区の文化財一覧,13104:88,https://data.odp.jig.jp/viewcsv/jp/tokyo/shinjuku/723.csv,13Tokyo/raw/municipal/13104/data.csv,木造七面明神半跏像及び宮殿,,,,,東京都新宿区西早稲田三丁目16-24,新宿区,13104,,,ambiguous,,35.712122,139.713761,point,representative_point,ambiguous,,,,no_explicit_designation_level
municipal_source,新宿区,新宿区の文化財一覧,13104:89,https://data.odp.jig.jp/viewcsv/jp/tokyo/shinjuku/723.csv,13Tokyo/raw/municipal/13104/data.csv,木造妙見菩薩立像及び宮殿,,,,,東京都新宿区西早稲田三丁目16-24,新宿区,13104,,,ambiguous,,35.712118,139.713736,point,representative_point,ambiguous,,,,no_explicit_designation_level
municipal_source,新宿区,新宿区の文化財一覧,13104:90,https://data.odp.jig.jp/viewcsv/jp/tokyo/shinjuku/723.csv,13Tokyo/raw/municipal/13104/data.csv,木造諏訪大明神坐像及び宮殿,,,,,東京都新宿区西早稲田三丁目16-24,新宿区,13104,,,ambiguous,,35.712123,139.713708,point,representative_point,ambiguous,,,,no_explicit_designation_level
municipal_source,新宿区,新宿区の文化財一覧,13104:91,https://data.odp.jig.jp/viewcsv/jp/tokyo/shinjuku/723.csv,13Tokyo/raw/municipal/13104/data.csv,市谷亀岡八幡宮の几号水準点(水鉢台座),,,,,東京都新宿区市谷八幡町15,新宿区,13104,,,ambiguous,,35.692534,139.733916,point,representative_point,ambiguous,,,,no_explicit_designation_level
municipal_source,新宿区,新宿区の文化財一覧,13104:92,https://data.odp.jig.jp/viewcsv/jp/tokyo/shinjuku/723.csv,13Tokyo/raw/municipal/13104/data.csv,美術工芸品保存桐箱製作(保持者 大坂重雄),,,,,東京都新宿区原町一丁目2,新宿区,13104,,,ambiguous,,,,point,representative_point,ambiguous,,,,no_explicit_designation_level
municipal_source,新宿区,新宿区の文化財一覧,13104:93,https://data.odp.jig.jp/viewcsv/jp/tokyo/shinjuku/723.csv,13Tokyo/raw/municipal/13104/data.csv,自証院の阿弥陀三尊種子板碑,,,,,東京都新宿区富久町4-5,新宿区,13104,,,ambiguous,,35.6926,139.7169,point,representative_point,ambiguous,,,,no_explicit_designation_level
municipal_source,新宿区,新宿区の文化財一覧,13104:94,https://data.odp.jig.jp/viewcsv/jp/tokyo/shinjuku/723.csv,13Tokyo/raw/municipal/13104/data.csv,来迎寺の庚申塔,,,,,東京都新宿区喜久井町46,新宿区,13104,,,ambiguous,,35.70439,139.72015,point,representative_point,ambiguous,,,,no_explicit_designation_level
municipal_source,新宿区,新宿区の文化財一覧,13104:95,https://data.odp.jig.jp/viewcsv/jp/tokyo/shinjuku/723.csv,13Tokyo/raw/municipal/13104/data.csv,正受院の奪衣婆像,,,,,東京都新宿区新宿二丁目15-20,新宿区,13104,,,ambiguous,,35.69101,139.70885,point,representative_point,ambiguous,,,,no_explicit_designation_level
municipal_source,新宿区,新宿区の文化財一覧,13104:96,https://data.odp.jig.jp/viewcsv/jp/tokyo/shinjuku/723.csv,13Tokyo/raw/municipal/13104/data.csv,中井御霊神社の備射祭絵馬,,,,,東京都新宿区中井二丁目29-16,新宿区,13104,,,ambiguous,,35.71649,139.68018,point,representative_point,ambiguous,,,,no_explicit_designation_level
municipal_source,新宿区,新宿区の文化財一覧,13104:97,https://data.odp.jig.jp/viewcsv/jp/tokyo/shinjuku/723.csv,13Tokyo/raw/municipal/13104/data.csv,中井御霊神社の分木,,,,,東京都新宿区中井二丁目29-16,新宿区,13104,,,ambiguous,,35.71649,139.68018,point,representative_point,ambiguous,,,,no_explicit_designation_level
municipal_source,新宿区,新宿区の文化財一覧,13104:98,https://data.odp.jig.jp/viewcsv/jp/tokyo/shinjuku/723.csv,13Tokyo/raw/municipal/13104/data.csv,自性院の私年号板碑,,,,,東京都新宿区西落合一丁目11-23,新宿区,13104,,,ambiguous,,35.72176,139.68257,point,representative_point,ambiguous,,,,no_explicit_designation_level
municipal_source,新宿区,新宿区の文化財一覧,13104:99,https://data.odp.jig.jp/viewcsv/jp/tokyo/shinjuku/723.csv,13Tokyo/raw/municipal/13104/data.csv,月見岡八幡神社の庚申塔,,,,,東京都新宿区上落合一丁目26-19,新宿区,13104,,,ambiguous,,35.71285,139.69092,point,representative_point,ambiguous,,,,no_explicit_designation_level
municipal_source,新宿区,新宿区の文化財一覧,13104:100,https://data.odp.jig.jp/viewcsv/jp/tokyo/shinjuku/723.csv,13Tokyo/raw/municipal/13104/data.csv,狛犬型庚申塔,,,,,東京都新宿区北新宿三丁目16-18,新宿区,13104,,,ambiguous,,35.70451,139.69171,point,representative_point,ambiguous,,,,no_explicit_designation_level
municipal_source,新宿区,新宿区の文化財一覧,13104:101,https://data.odp.jig.jp/viewcsv/jp/tokyo/shinjuku/723.csv,13Tokyo/raw/municipal/13104/data.csv,太宗寺の閻魔像,,,,,東京都新宿区新宿二丁目9-2,新宿区,13104,,,ambiguous,,35.68982,139.70921,point,representative_point,ambiguous,,,,no_explicit_designation_level
municipal_source,新宿区,新宿区の文化財一覧,13104:102,https://data.odp.jig.jp/viewcsv/jp/tokyo/shinjuku/723.csv,13Tokyo/raw/municipal/13104/data.csv,太宗寺の奪衣婆像,,,,,東京都新宿区新宿二丁目9-2,新宿区,13104,,,ambiguous,,35.68982,139.70921,point,representative_point,ambiguous,,,,no_explicit_designation_level
municipal_source,新宿区,新宿区の文化財一覧,13104:103,https://data.odp.jig.jp/viewcsv/jp/tokyo/shinjuku/723.csv,13Tokyo/raw/municipal/13104/data.csv,葛谷御霊神社の力石,,,,,東京都新宿区西落合二丁目17-17,新宿区,13104,,,ambiguous,,35.72188,139.67607,point,representative_point,ambiguous,,,,no_explicit_designation_level
municipal_source,新宿区,新宿区の文化財一覧,13104:104,https://data.odp.jig.jp/viewcsv/jp/tokyo/shinjuku/723.csv,13Tokyo/raw/municipal/13104/data.csv,成子天神社の力石,,,,,東京都新宿区西新宿八丁目14-10,新宿区,13104,,,ambiguous,,35.69624,139.69225,point,representative_point,ambiguous,,,,no_explicit_designation_level
municipal_source,新宿区,新宿区の文化財一覧,13104:105,https://data.odp.jig.jp/viewcsv/jp/tokyo/shinjuku/723.csv,13Tokyo/raw/municipal/13104/data.csv,雨乞のむしろ旗,,,,,東京都新宿区中井二丁目29-16,新宿区,13104,,,ambiguous,,35.71649,139.68018,point,representative_point,ambiguous,,,,no_explicit_designation_level
municipal_source,新宿区,新宿区の文化財一覧,13104:106,https://data.odp.jig.jp/viewcsv/jp/tokyo/shinjuku/723.csv,13Tokyo/raw/municipal/13104/data.csv,市谷亀岡八幡宮の力石,,,,,東京都新宿区市谷八幡町15,新宿区,13104,,,ambiguous,,35.69249,139.73428,point,representative_point,ambiguous,,,,no_explicit_designation_level
municipal_source,新宿区,新宿区の文化財一覧,13104:107,https://data.odp.jig.jp/viewcsv/jp/tokyo/shinjuku/723.csv,13Tokyo/raw/municipal/13104/data.csv,筑土八幡神社の庚申塔,,,,,東京都新宿区筑土八幡町2-1,新宿区,13104,,,ambiguous,,35.70395,139.74054,point,representative_point,ambiguous,,,,no_explicit_designation_level
municipal_source,新宿区,新宿区の文化財一覧,13104:108,https://data.odp.jig.jp/viewcsv/jp/tokyo/shinjuku/723.csv,13Tokyo/raw/municipal/13104/data.csv,尺八「放下着」一式ならびに普化尺八伝授関連資料,,,,,東京都新宿区市谷薬王寺町27,新宿区,13104,,,ambiguous,,35.69789,139.7261,point,representative_point,ambiguous,,,,no_explicit_designation_level
municipal_source,新宿区,新宿区の文化財一覧,13104:109,https://data.odp.jig.jp/viewcsv/jp/tokyo/shinjuku/723.csv,13Tokyo/raw/municipal/13104/data.csv,善国寺の石虎,,,,,東京都新宿区神楽坂5-36,新宿区,13104,,,ambiguous,,35.70146,139.73917,point,representative_point,ambiguous,,,,no_explicit_designation_level
municipal_source,新宿区,新宿区の文化財一覧,13104:110,https://data.odp.jig.jp/viewcsv/jp/tokyo/shinjuku/723.csv,13Tokyo/raw/municipal/13104/data.csv,中井御霊神社の狛犬,,,,,東京都新宿区中井二丁目29-16,新宿区,13104,,,ambiguous,,35.716275,139.680072,point,representative_point,ambiguous,,,,no_explicit_designation_level
municipal_source,新宿区,新宿区の文化財一覧,13104:111,https://data.odp.jig.jp/viewcsv/jp/tokyo/shinjuku/723.csv,13Tokyo/raw/municipal/13104/data.csv,巴講睦の獅子頭,,,,,東京都新宿区四谷三栄町12-16(新宿歴史博物館)※新宿区に寄託中,新宿区,13104,,,ambiguous,,35.69006,139.72568,point,representative_point,ambiguous,,,,no_explicit_designation_level
municipal_source,新宿区,新宿区の文化財一覧,13104:112,https://data.odp.jig.jp/viewcsv/jp/tokyo/shinjuku/723.csv,13Tokyo/raw/municipal/13104/data.csv,一行院の板碑,,,,,東京都新宿区南元町19-2,新宿区,13104,,,ambiguous,,35.6794,139.71996,point,representative_point,ambiguous,,,,no_explicit_designation_level
municipal_source,新宿区,新宿区の文化財一覧,13104:113,https://data.odp.jig.jp/viewcsv/jp/tokyo/shinjuku/723.csv,13Tokyo/raw/municipal/13104/data.csv,塞神三柱の塔,,,,,東京都新宿区高田馬場一丁目12-6,新宿区,13104,,,ambiguous,,35.70904,139.70752,point,representative_point,ambiguous,,,,no_explicit_designation_level
municipal_source,新宿区,新宿区の文化財一覧,13104:114,https://data.odp.jig.jp/viewcsv/jp/tokyo/shinjuku/723.csv,13Tokyo/raw/municipal/13104/data.csv,全龍寺の庚申塔,,,,,東京都新宿区大久保一丁目16-15,新宿区,13104,,,ambiguous,,35.700731,139.70272,point,representative_point,ambiguous,,,,no_explicit_designation_level
municipal_source,新宿区,新宿区の文化財一覧,13104:115,https://data.odp.jig.jp/viewcsv/jp/tokyo/shinjuku/723.csv,13Tokyo/raw/municipal/13104/data.csv,慈雲山観音寺の庚申塔,,,,,東京都新宿区西早稲田一丁目7-1,新宿区,13104,,,ambiguous,,35.709859,139.719996,point,representative_point,ambiguous,,,,no_explicit_designation_level
municipal_source,新宿区,新宿区の文化財一覧,13104:116,https://data.odp.jig.jp/viewcsv/jp/tokyo/shinjuku/723.csv,13Tokyo/raw/municipal/13104/data.csv,下落合二丁目の庚申塔,,,,,東京都新宿区下落合二丁目8-2,新宿区,13104,,,ambiguous,,35.716976,139.699656,point,representative_point,ambiguous,,,,no_explicit_designation_level
municipal_source,新宿区,新宿区の文化財一覧,13104:117,https://data.odp.jig.jp/viewcsv/jp/tokyo/shinjuku/723.csv,13Tokyo/raw/municipal/13104/data.csv,旧源兵衛村の庚申塔,,,,,東京都新宿区西早稲田三丁目24,新宿区,13104,,,ambiguous,,35.713584,139.712247,point,representative_point,ambiguous,,,,no_explicit_designation_level
municipal_source,新宿区,新宿区の文化財一覧,13104:118,https://data.odp.jig.jp/viewcsv/jp/tokyo/shinjuku/723.csv,13Tokyo/raw/municipal/13104/data.csv,幸国寺の題目塔,,,,,東京都新宿区原町2-20,新宿区,13104,,,ambiguous,,35.700082,139.724217,point,representative_point,ambiguous,,,,no_explicit_designation_level
municipal_source,新宿区,新宿区の文化財一覧,13104:119,https://data.odp.jig.jp/viewcsv/jp/tokyo/shinjuku/723.csv,13Tokyo/raw/municipal/13104/data.csv,熊野神社の狛犬,,,,,東京都新宿区西新宿二丁目11-2,新宿区,13104,,,ambiguous,,35.69091,139.6882,point,representative_point,ambiguous,,,,no_explicit_designation_level
municipal_source,新宿区,新宿区の文化財一覧,13104:120,https://data.odp.jig.jp/viewcsv/jp/tokyo/shinjuku/723.csv,13Tokyo/raw/municipal/13104/data.csv,高田馬場の流鏑馬,,,,,東京都新宿区西早稲田二丁目1-11(穴八幡宮)                              ※開催は都立戸山公園(箱根山地区),新宿区,13104,,,ambiguous,,35.70717,139.71747,point,representative_point,ambiguous,,,,no_explicit_designation_level
municipal_source,新宿区,新宿区の文化財一覧,13104:121,https://data.odp.jig.jp/viewcsv/jp/tokyo/shinjuku/723.csv,13Tokyo/raw/municipal/13104/data.csv,中井御霊神社の備射祭,,,,,東京都新宿区中井二丁目29-16,新宿区,13104,,,ambiguous,,35.71649,139.68018,point,representative_point,ambiguous,,,,no_explicit_designation_level
municipal_source,新宿区,新宿区の文化財一覧,13104:122,https://data.odp.jig.jp/viewcsv/jp/tokyo/shinjuku/723.csv,13Tokyo/raw/municipal/13104/data.csv,葛谷御霊神社の備謝祭,,,,,東京都新宿区西落合二丁目17-17,新宿区,13104,,,ambiguous,,35.72188,139.67607,point,representative_point,ambiguous,,,,no_explicit_designation_level
municipal_source,新宿区,新宿区の文化財一覧,13104:123,https://data.odp.jig.jp/viewcsv/jp/tokyo/shinjuku/723.csv,13Tokyo/raw/municipal/13104/data.csv,丸藤宮元講社の富士講行事,,,,,東京都新宿区早稲田鶴巻町506(丸藤宮元講社),新宿区,13104,,,ambiguous,,35.70658,139.72426,point,representative_point,ambiguous,,,,no_explicit_designation_level
municipal_source,新宿区,新宿区の文化財一覧,13104:124,https://data.odp.jig.jp/viewcsv/jp/tokyo/shinjuku/723.csv,13Tokyo/raw/municipal/13104/data.csv,戸塚囃子,,,,,東京都新宿区西早稲田三丁目1-5(戸塚囃子保存会),新宿区,13104,,,ambiguous,,35.709628,139.715947,point,representative_point,ambiguous,,,,no_explicit_designation_level
municipal_source,新宿区,新宿区の文化財一覧,13104:125,https://data.odp.jig.jp/viewcsv/jp/tokyo/shinjuku/723.csv,13Tokyo/raw/municipal/13104/data.csv,萩原社中里神楽,,,,,東京都新宿区西落合四丁目22−5(里神楽萩原社中),新宿区,13104,,,ambiguous,,35.72824,139.67715,point,representative_point,ambiguous,,,,no_explicit_designation_level
municipal_source,新宿区,新宿区の文化財一覧,13104:126,https://data.odp.jig.jp/viewcsv/jp/tokyo/shinjuku/723.csv,13Tokyo/raw/municipal/13104/data.csv,上落合餅つき唄,,,,,東京都新宿区上落合一丁目26-19(月見岡八幡神社),新宿区,13104,,,ambiguous,,35.71285,139.69092,point,representative_point,ambiguous,,,,no_explicit_designation_level
municipal_source,新宿区,新宿区の文化財一覧,13104:127,https://data.odp.jig.jp/viewcsv/jp/tokyo/shinjuku/723.csv,13Tokyo/raw/municipal/13104/data.csv,鉄砲組百人隊行列,,,,,東京都新宿区百人町一丁目11-16(皆中稲荷神社),新宿区,13104,,,ambiguous,,35.7006,139.69942,point,representative_point,ambiguous,,,,no_explicit_designation_level
municipal_source,新宿区,新宿区の文化財一覧,13104:128,https://data.odp.jig.jp/viewcsv/jp/tokyo/shinjuku/723.csv,13Tokyo/raw/municipal/13104/data.csv,高松喜六の墓,,,,,東京都新宿区若葉2-8,新宿区,13104,,,ambiguous,,35.68531,139.72475,point,representative_point,ambiguous,,,,no_explicit_designation_level
municipal_source,新宿区,新宿区の文化財一覧,13104:129,https://data.odp.jig.jp/viewcsv/jp/tokyo/shinjuku/723.csv,13Tokyo/raw/municipal/13104/data.csv,服部半蔵の墓,,,,,東京都新宿区若葉2-9,新宿区,13104,,,ambiguous,,35.68463,139.7253,point,representative_point,ambiguous,,,,no_explicit_designation_level
municipal_source,新宿区,新宿区の文化財一覧,13104:130,https://data.odp.jig.jp/viewcsv/jp/tokyo/shinjuku/723.csv,13Tokyo/raw/municipal/13104/data.csv,小泉八雲旧居跡,,,,,東京都新宿区富久町7-30(成女学園),新宿区,13104,,,ambiguous,,35.69199,139.71655,point,representative_point,ambiguous,,,,no_explicit_designation_level
municipal_source,新宿区,新宿区の文化財一覧,13104:131,https://data.odp.jig.jp/viewcsv/jp/tokyo/shinjuku/723.csv,13Tokyo/raw/municipal/13104/data.csv,塙保己一の墓,,,,,東京都新宿区若葉2-8,新宿区,13104,,,ambiguous,,35.68531,139.72475,point,representative_point,ambiguous,,,,no_explicit_designation_level
municipal_source,新宿区,新宿区の文化財一覧,13104:132,https://data.odp.jig.jp/viewcsv/jp/tokyo/shinjuku/723.csv,13Tokyo/raw/municipal/13104/data.csv,山県大弐の墓,,,,,東京都新宿区舟町11,新宿区,13104,,,ambiguous,,35.69048,139.72128,point,representative_point,ambiguous,,,,no_explicit_designation_level
municipal_source,新宿区,新宿区の文化財一覧,13104:133,https://data.odp.jig.jp/viewcsv/jp/tokyo/shinjuku/723.csv,13Tokyo/raw/municipal/13104/data.csv,十二社の碑,,,,,東京都新宿区西新宿二丁目11-2,新宿区,13104,,,ambiguous,,35.69091,139.6882,point,representative_point,ambiguous,,,,no_explicit_designation_level
municipal_source,新宿区,新宿区の文化財一覧,13104:134,https://data.odp.jig.jp/viewcsv/jp/tokyo/shinjuku/723.csv,13Tokyo/raw/municipal/13104/data.csv,松井須磨子の墓,,,,,東京都新宿区弁天町100,新宿区,13104,,,ambiguous,,35.70324,139.72742,point,representative_point,ambiguous,,,,no_explicit_designation_level
municipal_source,新宿区,新宿区の文化財一覧,13104:135,https://data.odp.jig.jp/viewcsv/jp/tokyo/shinjuku/723.csv,13Tokyo/raw/municipal/13104/data.csv,源清麿の墓,,,,,東京都新宿区須賀町10,新宿区,13104,,,ambiguous,,35.68366,139.72372,point,representative_point,ambiguous,,,,no_explicit_designation_level
municipal_source,新宿区,新宿区の文化財一覧,13104:136,https://data.odp.jig.jp/viewcsv/jp/tokyo/shinjuku/723.csv,13Tokyo/raw/municipal/13104/data.csv,尾崎紅葉旧居跡,,,,,東京都新宿区横寺町47,新宿区,13104,,,ambiguous,,35.70098,139.73425,point,representative_point,ambiguous,,,,no_explicit_designation_level
municipal_source,新宿区,新宿区の文化財一覧,13104:137,https://data.odp.jig.jp/viewcsv/jp/tokyo/shinjuku/723.csv,13Tokyo/raw/municipal/13104/data.csv,田村虎蔵旧居跡,,,,,東京都新宿区筑土八幡町4-24,新宿区,13104,,,ambiguous,,35.70459,139.73967,point,representative_point,ambiguous,,,,no_explicit_designation_level
municipal_source,新宿区,新宿区の文化財一覧,13104:138,https://data.odp.jig.jp/viewcsv/jp/tokyo/shinjuku/723.csv,13Tokyo/raw/municipal/13104/data.csv,恋川春町の墓,,,,,東京都新宿区新宿二丁目15-18,新宿区,13104,,,ambiguous,,35.69101,139.70885,point,representative_point,ambiguous,,,,no_explicit_designation_level
municipal_source,新宿区,新宿区の文化財一覧,13104:139,https://data.odp.jig.jp/viewcsv/jp/tokyo/shinjuku/723.csv,13Tokyo/raw/municipal/13104/data.csv,月岡芳年の墓,,,,,東京都新宿区新宿六丁目20-9,新宿区,13104,,,ambiguous,,35.69754,139.71193,point,representative_point,ambiguous,,,,no_explicit_designation_level
municipal_source,新宿区,新宿区の文化財一覧,13104:140,https://data.odp.jig.jp/viewcsv/jp/tokyo/shinjuku/723.csv,13Tokyo/raw/municipal/13104/data.csv,浄瑠璃坂の仇討跡,,,,,東京都新宿区市谷鷹匠町・払方町境 浄瑠璃坂上,新宿区,13104,,,ambiguous,,35.69614,139.73389,point,representative_point,ambiguous,,,,no_explicit_designation_level
municipal_source,新宿区,新宿区の文化財一覧,13104:141,https://data.odp.jig.jp/viewcsv/jp/tokyo/shinjuku/723.csv,13Tokyo/raw/municipal/13104/data.csv,国産飛行機発祥の地,,,,,東京都新宿区西五軒町12,新宿区,13104,,,ambiguous,,35.70829,139.73802,point,representative_point,ambiguous,,,,no_explicit_designation_level
municipal_source,新宿区,新宿区の文化財一覧,13104:142,https://data.odp.jig.jp/viewcsv/jp/tokyo/shinjuku/723.csv,13Tokyo/raw/municipal/13104/data.csv,大久保の犬御用屋敷跡,,,,,東京都新宿区若松町13(新宿区立余丁町小学校),新宿区,13104,,,ambiguous,,35.69905,139.71588,point,representative_point,ambiguous,,,,no_explicit_designation_level
municipal_source,新宿区,新宿区の文化財一覧,13104:143,https://data.odp.jig.jp/viewcsv/jp/tokyo/shinjuku/723.csv,13Tokyo/raw/municipal/13104/data.csv,三遊亭円朝旧居跡,,,,,東京都新宿区新宿一丁目21(新宿区立花園公園),新宿区,13104,,,ambiguous,,35.689,139.71339,point,representative_point,ambiguous,,,,no_explicit_designation_level
municipal_source,新宿区,新宿区の文化財一覧,13104:144,https://data.odp.jig.jp/viewcsv/jp/tokyo/shinjuku/723.csv,13Tokyo/raw/municipal/13104/data.csv,夏目漱石誕生の地,,,,,東京都新宿区喜久井町1,新宿区,13104,,,ambiguous,,35.7044,139.72237,point,representative_point,ambiguous,,,,no_explicit_designation_level
municipal_source,新宿区,新宿区の文化財一覧,13104:145,https://data.odp.jig.jp/viewcsv/jp/tokyo/shinjuku/723.csv,13Tokyo/raw/municipal/13104/data.csv,夏目漱石終焉の地,,,,,東京都新宿区早稲田南町7                                                                                      (新宿区立漱石公園・漱石山房記念館),新宿区,13104,,,ambiguous,,35.70397,139.72577,point,representative_point,ambiguous,,,,no_explicit_designation_level
municipal_source,新宿区,新宿区の文化財一覧,13104:146,https://data.odp.jig.jp/viewcsv/jp/tokyo/shinjuku/723.csv,13Tokyo/raw/municipal/13104/data.csv,便々館湖鯉鮒狂歌碑,,,,,東京都新宿区西新宿七丁目12-5,新宿区,13104,,,ambiguous,,35.69395,139.69643,point,representative_point,ambiguous,,,,no_explicit_designation_level
municipal_source,新宿区,新宿区の文化財一覧,13104:147,https://data.odp.jig.jp/viewcsv/jp/tokyo/shinjuku/723.csv,13Tokyo/raw/municipal/13104/data.csv,永井荷風旧居跡,,,,,東京都新宿区余丁町14-3・4,新宿区,13104,,,ambiguous,,35.69572,139.71771,point,representative_point,ambiguous,,,,no_explicit_designation_level
municipal_source,新宿区,新宿区の文化財一覧,13104:148,https://data.odp.jig.jp/viewcsv/jp/tokyo/shinjuku/723.csv,13Tokyo/raw/municipal/13104/data.csv,岡崎三郎信康供養塔,,,,,東京都新宿区若葉二丁目9,新宿区,13104,,,ambiguous,,35.68463,139.7253,point,representative_point,ambiguous,,,,no_explicit_designation_level
municipal_source,新宿区,新宿区の文化財一覧,13104:149,https://data.odp.jig.jp/viewcsv/jp/tokyo/shinjuku/723.csv,13Tokyo/raw/municipal/13104/data.csv,榊原鍵吉の墓,,,,,東京都新宿区須賀町11-4,新宿区,13104,,,ambiguous,,35.68386,139.72267,point,representative_point,ambiguous,,,,no_explicit_designation_level
municipal_source,新宿区,新宿区の文化財一覧,13104:150,https://data.odp.jig.jp/viewcsv/jp/tokyo/shinjuku/723.csv,13Tokyo/raw/municipal/13104/data.csv,平秩東作の墓,,,,,東京都新宿区富久町2-12,新宿区,13104,,,ambiguous,,35.69268,139.71838,point,representative_point,ambiguous,,,,no_explicit_designation_level
municipal_source,新宿区,新宿区の文化財一覧,13104:151,https://data.odp.jig.jp/viewcsv/jp/tokyo/shinjuku/723.csv,13Tokyo/raw/municipal/13104/data.csv,二葉亭四迷旧居跡,,,,,東京都新宿区四谷一丁目13,新宿区,13104,,,ambiguous,,35.68501,139.72809,point,representative_point,ambiguous,,,,no_explicit_designation_level
municipal_source,新宿区,新宿区の文化財一覧,13104:152,https://data.odp.jig.jp/viewcsv/jp/tokyo/shinjuku/723.csv,13Tokyo/raw/municipal/13104/data.csv,大和田建樹終焉の地,,,,,東京都新宿区原町三丁目82,新宿区,13104,,,ambiguous,,35.70052,139.72285,point,representative_point,ambiguous,,,,no_explicit_designation_level
municipal_source,新宿区,新宿区の文化財一覧,13104:153,https://data.odp.jig.jp/viewcsv/jp/tokyo/shinjuku/723.csv,13Tokyo/raw/municipal/13104/data.csv,有島武郎旧居跡,,,,,東京都新宿区原町二丁目71,新宿区,13104,,,ambiguous,,35.70222,139.72229,point,representative_point,ambiguous,,,,no_explicit_designation_level
municipal_source,新宿区,新宿区の文化財一覧,13104:154,https://data.odp.jig.jp/viewcsv/jp/tokyo/shinjuku/723.csv,13Tokyo/raw/municipal/13104/data.csv,"島村抱月終焉の地
(芸術倶楽部跡)",,,,,東京都新宿区横寺町9・10・11,新宿区,13104,,,ambiguous,,35.70235,139.73521,point,representative_point,ambiguous,,,,no_explicit_designation_level
municipal_source,新宿区,新宿区の文化財一覧,13104:155,https://data.odp.jig.jp/viewcsv/jp/tokyo/shinjuku/723.csv,13Tokyo/raw/municipal/13104/data.csv,内藤正勝の墓,,,,,東京都新宿区新宿二丁目9-2,新宿区,13104,,,ambiguous,,35.68982,139.70921,point,representative_point,ambiguous,,,,no_explicit_designation_level
municipal_source,新宿区,新宿区の文化財一覧,13104:156,https://data.odp.jig.jp/viewcsv/jp/tokyo/shinjuku/723.csv,13Tokyo/raw/municipal/13104/data.csv,筒井政憲の墓,,,,,東京都新宿区西新宿七丁目12-5,新宿区,13104,,,ambiguous,,35.69395,139.69643,point,representative_point,ambiguous,,,,no_explicit_designation_level
municipal_source,新宿区,新宿区の文化財一覧,13104:157,https://data.odp.jig.jp/viewcsv/jp/tokyo/shinjuku/723.csv,13Tokyo/raw/municipal/13104/data.csv,小泉八雲終焉の地,,,,,東京都新宿区大久保一丁目1-17,新宿区,13104,,,ambiguous,,35.69898,139.70615,point,representative_point,ambiguous,,,,no_explicit_designation_level
municipal_source,新宿区,新宿区の文化財一覧,13104:158,https://data.odp.jig.jp/viewcsv/jp/tokyo/shinjuku/723.csv,13Tokyo/raw/municipal/13104/data.csv,紅皿の墓,,,,,東京都新宿区新宿六丁目-21-11,新宿区,13104,,,ambiguous,,35.69674,139.7113,point,representative_point,ambiguous,,,,no_explicit_designation_level
municipal_source,新宿区,新宿区の文化財一覧,13104:159,https://data.odp.jig.jp/viewcsv/jp/tokyo/shinjuku/723.csv,13Tokyo/raw/municipal/13104/data.csv,坪内逍遙旧居跡(文芸協会演劇研究所跡),,,,,東京都新宿区余丁町7先,新宿区,13104,,,ambiguous,,35.69703,139.71426,point,representative_point,ambiguous,,,,no_explicit_designation_level
municipal_source,新宿区,新宿区の文化財一覧,13104:160,https://data.odp.jig.jp/viewcsv/jp/tokyo/shinjuku/723.csv,13Tokyo/raw/municipal/13104/data.csv,佐伯祐三アトリエの地,,,,,東京都新宿区中落合二丁目4-21(新宿区立佐伯公園・佐伯祐三アトリエ記念館),新宿区,13104,,,ambiguous,,35.72089,139.69379,point,representative_point,ambiguous,,,,no_explicit_designation_level
municipal_source,新宿区,新宿区の文化財一覧,13104:161,https://data.odp.jig.jp/viewcsv/jp/tokyo/shinjuku/723.csv,13Tokyo/raw/municipal/13104/data.csv,滝沢馬琴終焉の地,,,,,東京都新宿区霞ヶ丘町14-1,新宿区,13104,,,ambiguous,,35.679839,139.719403,point,representative_point,ambiguous,,,,no_explicit_designation_level
municipal_source,新宿区,新宿区の文化財一覧,13104:162,https://data.odp.jig.jp/viewcsv/jp/tokyo/shinjuku/723.csv,13Tokyo/raw/municipal/13104/data.csv,柳田國男旧居跡,,,,,東京都新宿区市谷加賀町二丁目4-31,新宿区,13104,,,ambiguous,,35.697008,139.728963,point,representative_point,ambiguous,,,,no_explicit_designation_level
municipal_source,新宿区,新宿区の文化財一覧,13104:163,https://data.odp.jig.jp/viewcsv/jp/tokyo/shinjuku/723.csv,13Tokyo/raw/municipal/13104/data.csv,斎藤茂吉終焉の地,,,,,東京都新宿区大京町22-2,新宿区,13104,,,ambiguous,,35.686823,139.716083,point,representative_point,ambiguous,,,,no_explicit_designation_level
municipal_source,新宿区,新宿区の文化財一覧,13104:164,https://data.odp.jig.jp/viewcsv/jp/tokyo/shinjuku/723.csv,13Tokyo/raw/municipal/13104/data.csv,下村湖人終焉の地,,,,,東京都新宿区百人町二丁目7-16,新宿区,13104,,,ambiguous,,35.70371,139.699897,point,representative_point,ambiguous,,,,no_explicit_designation_level
municipal_source,新宿区,新宿区の文化財一覧,13104:165,https://data.odp.jig.jp/viewcsv/jp/tokyo/shinjuku/723.csv,13Tokyo/raw/municipal/13104/data.csv,落合秋艸堂跡(會津八一旧居跡),,,,,東京都新宿区中落合二丁目14-13,新宿区,13104,,,ambiguous,,35.718643,139.691444,point,representative_point,ambiguous,,,,no_explicit_designation_level
municipal_source,新宿区,新宿区の文化財一覧,13104:166,https://data.odp.jig.jp/viewcsv/jp/tokyo/shinjuku/723.csv,13Tokyo/raw/municipal/13104/data.csv,西條八十旧居跡,,,,,東京都新宿区北新宿一丁目23-2,新宿区,13104,,,ambiguous,,35.698403,139.694109,point,representative_point,ambiguous,,,,no_explicit_designation_level
municipal_source,新宿区,新宿区の文化財一覧,13104:167,https://data.odp.jig.jp/viewcsv/jp/tokyo/shinjuku/723.csv,13Tokyo/raw/municipal/13104/data.csv,女人芸術社跡(長谷川時雨・三上於菟吉旧居跡),,,,,東京都新宿区市谷左内町29-36,新宿区,13104,,,ambiguous,,35.694313,139.733315,point,representative_point,ambiguous,,,,no_explicit_designation_level
municipal_source,新宿区,新宿区の文化財一覧,13104:168,https://data.odp.jig.jp/viewcsv/jp/tokyo/shinjuku/723.csv,13Tokyo/raw/municipal/13104/data.csv,内村鑑三終焉の地(今井館聖書講堂跡),,,,,東京都新宿区北新宿三丁目10-1,新宿区,13104,,,ambiguous,,35.701873,139.691552,point,representative_point,ambiguous,,,,no_explicit_designation_level
municipal_source,新宿区,新宿区の文化財一覧,13104:169,https://data.odp.jig.jp/viewcsv/jp/tokyo/shinjuku/723.csv,13Tokyo/raw/municipal/13104/data.csv,鈴木三重吉終焉の地(「赤い鳥」社跡),,,,,東京都新宿区歌舞伎町二丁目23-12,新宿区,13104,,,ambiguous,,35.695485,139.704341,point,representative_point,ambiguous,,,,no_explicit_designation_level
municipal_source,新宿区,新宿区の文化財一覧,13104:170,https://data.odp.jig.jp/viewcsv/jp/tokyo/shinjuku/723.csv,13Tokyo/raw/municipal/13104/data.csv,鏑木清方旧居跡,,,,,東京都新宿区矢来町38-3,新宿区,13104,,,ambiguous,,35.70327,139.731319,point,representative_point,ambiguous,,,,no_explicit_designation_level
municipal_source,新宿区,新宿区の文化財一覧,13104:171,https://data.odp.jig.jp/viewcsv/jp/tokyo/shinjuku/723.csv,13Tokyo/raw/municipal/13104/data.csv,辰野金吾の墓,,,,,東京都新宿区西新宿七丁目13 常圓寺墓地,新宿区,13104,,,ambiguous,,35.69459,139.69694,point,representative_point,ambiguous,,,,no_explicit_designation_level
municipal_source,新宿区,新宿区の文化財一覧,13104:172,https://data.odp.jig.jp/viewcsv/jp/tokyo/shinjuku/723.csv,13Tokyo/raw/municipal/13104/data.csv,牛込城跡,,,,,東京都新宿区袋町15,新宿区,13104,,,ambiguous,,35.7006,139.73819,point,representative_point,ambiguous,,,,no_explicit_designation_level
municipal_source,新宿区,新宿区の文化財一覧,13104:173,https://data.odp.jig.jp/viewcsv/jp/tokyo/shinjuku/723.csv,13Tokyo/raw/municipal/13104/data.csv,富塚跡,,,,,東京都新宿区西早稲田一丁目6,新宿区,13104,,,ambiguous,,35.70923,139.71909,point,representative_point,ambiguous,,,,no_explicit_designation_level
municipal_source,新宿区,新宿区の文化財一覧,13104:174,https://data.odp.jig.jp/viewcsv/jp/tokyo/shinjuku/723.csv,13Tokyo/raw/municipal/13104/data.csv,便々館湖鯉鮒の墓,,,,,東京都新宿区袋町15,新宿区,13104,,,ambiguous,,35.7006,139.73819,point,representative_point,ambiguous,,,,no_explicit_designation_level
municipal_source,新宿区,新宿区の文化財一覧,13104:175,https://data.odp.jig.jp/viewcsv/jp/tokyo/shinjuku/723.csv,13Tokyo/raw/municipal/13104/data.csv,成子天神社の富士塚,,,,,東京都新宿区西新宿八丁目14-10,新宿区,13104,,,ambiguous,,35.69624,139.69225,point,representative_point,ambiguous,,,,no_explicit_designation_level
municipal_source,新宿区,新宿区の文化財一覧,13104:176,https://data.odp.jig.jp/viewcsv/jp/tokyo/shinjuku/723.csv,13Tokyo/raw/municipal/13104/data.csv,生田春月旧居跡,,,,,東京都新宿区天神町63,新宿区,13104,,,ambiguous,,35.70526,139.73058,point,representative_point,ambiguous,,,,no_explicit_designation_level
municipal_source,新宿区,新宿区の文化財一覧,13104:177,https://data.odp.jig.jp/viewcsv/jp/tokyo/shinjuku/723.csv,13Tokyo/raw/municipal/13104/data.csv,泉鏡花旧居跡,,,,,東京都新宿区南榎町22,新宿区,13104,,,ambiguous,,35.70191,139.72987,point,representative_point,ambiguous,,,,no_explicit_designation_level
municipal_source,新宿区,新宿区の文化財一覧,13104:178,https://data.odp.jig.jp/viewcsv/jp/tokyo/shinjuku/723.csv,13Tokyo/raw/municipal/13104/data.csv,林芙美子終焉の地,,,,,東京都新宿区中井二丁目20-1(新宿区立林芙美子記念館),新宿区,13104,,,ambiguous,,35.71557,139.68381,point,representative_point,ambiguous,,,,no_explicit_designation_level
municipal_source,新宿区,新宿区の文化財一覧,13104:179,https://data.odp.jig.jp/viewcsv/jp/tokyo/shinjuku/723.csv,13Tokyo/raw/municipal/13104/data.csv,塚本明毅の墓碑,,,,,東京都新宿区新宿二丁目15-18,新宿区,13104,,,ambiguous,,35.69101,139.70885,point,representative_point,ambiguous,,,,no_explicit_designation_level
municipal_source,新宿区,新宿区の文化財一覧,13104:180,https://data.odp.jig.jp/viewcsv/jp/tokyo/shinjuku/723.csv,13Tokyo/raw/municipal/13104/data.csv,萩原宗固の墓,,,,,東京都新宿区須賀町13,新宿区,13104,,,ambiguous,,35.68414,139.72127,point,representative_point,ambiguous,,,,no_explicit_designation_level
municipal_source,新宿区,新宿区の文化財一覧,13104:181,https://data.odp.jig.jp/viewcsv/jp/tokyo/shinjuku/723.csv,13Tokyo/raw/municipal/13104/data.csv,吉川湊一の墓,,,,,東京都新宿区弁天町100,新宿区,13104,,,ambiguous,,35.70324,139.72742,point,representative_point,ambiguous,,,,no_explicit_designation_level
municipal_source,新宿区,新宿区の文化財一覧,13104:182,https://data.odp.jig.jp/viewcsv/jp/tokyo/shinjuku/723.csv,13Tokyo/raw/municipal/13104/data.csv,東京府仮小学第三校跡,,,,,筑土八幡町6-12,新宿区,13104,,,ambiguous,,35.704146,139.739647,point,representative_point,ambiguous,,,,no_explicit_designation_level
municipal_source,新宿区,新宿区の文化財一覧,13104:183,https://data.odp.jig.jp/viewcsv/jp/tokyo/shinjuku/723.csv,13Tokyo/raw/municipal/13104/data.csv,シイ,,,,,東京都新宿区霞ヶ丘町10-1(国立競技場),新宿区,13104,,,ambiguous,,35.675804,139.714774,point,representative_point,ambiguous,,,,no_explicit_designation_level
municipal_source,新宿区,新宿区の文化財一覧,13104:184,https://data.odp.jig.jp/viewcsv/jp/tokyo/shinjuku/723.csv,13Tokyo/raw/municipal/13104/data.csv,イチョウ,,,,,東京都新宿区原町二丁目20,新宿区,13104,,,ambiguous,,35.70074,139.72375,point,representative_point,ambiguous,,,,no_explicit_designation_level
municipal_source,新宿区,新宿区の文化財一覧,13104:185,https://data.odp.jig.jp/viewcsv/jp/tokyo/shinjuku/723.csv,13Tokyo/raw/municipal/13104/data.csv,末広亭,,,,,東京都新宿区新宿三丁目6-12,新宿区,13104,,,ambiguous,,35.69127,139.70581,point,representative_point,ambiguous,,,,no_explicit_designation_level
municipal_source,新宿区,新宿区の文化財一覧,13104:186,https://data.odp.jig.jp/viewcsv/jp/tokyo/shinjuku/723.csv,13Tokyo/raw/municipal/13104/data.csv,歌舞伎町建設記念碑,,,,,東京都新宿区歌舞伎町一丁目20と21の間,新宿区,13104,,,ambiguous,,35.69585,139.70139,point,representative_point,ambiguous,,,,no_explicit_designation_level
municipal_source,新宿区,新宿区の文化財一覧,13104:187,https://data.odp.jig.jp/viewcsv/jp/tokyo/shinjuku/723.csv,13Tokyo/raw/municipal/13104/data.csv,六桜社跡,,,,,東京都新宿区西新宿二丁目11 新宿中央公園内,新宿区,13104,,,ambiguous,,35.69091,139.6882,point,representative_point,ambiguous,,,,no_explicit_designation_level
municipal_source,新宿区,新宿区の文化財一覧,13104:188,https://data.odp.jig.jp/viewcsv/jp/tokyo/shinjuku/723.csv,13Tokyo/raw/municipal/13104/data.csv,佐々木活字店,,,,,東京都新宿区榎町75,新宿区,13104,,,ambiguous,,35.70493,139.72737,point,representative_point,ambiguous,,,,no_explicit_designation_level
municipal_source,新宿区,新宿区の文化財一覧,13104:189,https://data.odp.jig.jp/viewcsv/jp/tokyo/shinjuku/723.csv,13Tokyo/raw/municipal/13104/data.csv,近衛篤麿公記念碑,,,,,東京都新宿区下落合二丁目19-23付近,新宿区,13104,,,ambiguous,,35.71921,139.70291,point,representative_point,ambiguous,,,,no_explicit_designation_level
municipal_source,新宿区,新宿区の文化財一覧,13104:190,https://data.odp.jig.jp/viewcsv/jp/tokyo/shinjuku/723.csv,13Tokyo/raw/municipal/13104/data.csv,花園神社の二宮尊徳像,,,,,東京都新宿区新宿五丁目17-3 花園神社境内,新宿区,13104,,,ambiguous,,35.69283,139.70569,point,representative_point,ambiguous,,,,no_explicit_designation_level
municipal_source,新宿区,新宿区の文化財一覧,13104:191,https://data.odp.jig.jp/viewcsv/jp/tokyo/shinjuku/723.csv,13Tokyo/raw/municipal/13104/data.csv,長谷川平蔵埋葬の地,,,,,東京都新宿区須賀町9-3 戒行寺境内,新宿区,13104,,,ambiguous,,35.68442,139.72362,point,representative_point,ambiguous,,,,no_explicit_designation_level
municipal_source,新宿区,新宿区の文化財一覧,13104:192,https://data.odp.jig.jp/viewcsv/jp/tokyo/shinjuku/723.csv,13Tokyo/raw/municipal/13104/data.csv,神楽坂の東八拳,,,,,東京都新宿区矢来町,新宿区,13104,,,ambiguous,,35.70348,139.73259,point,representative_point,ambiguous,,,,no_explicit_designation_level
municipal_source,新宿区,新宿区の文化財一覧,13104:193,https://data.odp.jig.jp/viewcsv/jp/tokyo/shinjuku/723.csv,13Tokyo/raw/municipal/13104/data.csv,神楽坂をどり,,,,,東京都新宿区神楽坂3丁目6,新宿区,13104,,,ambiguous,,35.70137,139.73985,point,representative_point,ambiguous,,,,no_explicit_designation_level
municipal_source,新宿区,新宿区の文化財一覧,13104:194,https://data.odp.jig.jp/viewcsv/jp/tokyo/shinjuku/723.csv,13Tokyo/raw/municipal/13104/data.csv,旧近衛邸のケヤキ,,,,,東京都新宿区下落合二丁目17・18間の区道上,新宿区,13104,,,ambiguous,,35.71976,139.70462,point,representative_point,ambiguous,,,,no_explicit_designation_level
municipal_source,新宿区,新宿区の文化財一覧,13104:195,https://data.odp.jig.jp/viewcsv/jp/tokyo/shinjuku/723.csv,13Tokyo/raw/municipal/13104/data.csv,オブジェ「歓び(PLAISIR)」,,,,,東京都新宿区四谷一丁目7 持田製薬株式会社,新宿区,13104,,,ambiguous,,35.68677,139.72882,point,representative_point,ambiguous,,,,no_explicit_designation_level
municipal_source,新宿区,新宿区の文化財一覧,13104:196,https://data.odp.jig.jp/viewcsv/jp/tokyo/shinjuku/723.csv,13Tokyo/raw/municipal/13104/data.csv,源兵衛子育地蔵尊の石造物群,,,,,東京都新宿区西早稲田二丁目18-26隣,新宿区,13104,,,ambiguous,,35.71052,139.71127,point,representative_point,ambiguous,,,,no_explicit_designation_level
municipal_source,新宿区,新宿区の文化財一覧,13104:197,https://data.odp.jig.jp/viewcsv/jp/tokyo/shinjuku/723.csv,13Tokyo/raw/municipal/13104/data.csv,彰忠碑,,,,,東京都新宿区西早稲田二丁目18-26隣,新宿区,13104,,,ambiguous,,35.71052,139.71127,point,representative_point,ambiguous,,,,no_explicit_designation_level
municipal_source,新宿区,新宿区の文化財一覧,13104:198,https://data.odp.jig.jp/viewcsv/jp/tokyo/shinjuku/723.csv,13Tokyo/raw/municipal/13104/data.csv,太平洋戦争本土初空襲の地跡,,,,,東京都新宿区早稲田鶴巻町519,新宿区,13104,,,ambiguous,,35.70781,139.72351,point,representative_point,ambiguous,,,,no_explicit_designation_level
municipal_source,新宿区,新宿区の文化財一覧,13104:199,https://data.odp.jig.jp/viewcsv/jp/tokyo/shinjuku/723.csv,13Tokyo/raw/municipal/13104/data.csv,名曲喫茶らんぶる,,,,,東京都新宿区新宿三丁目31-3,新宿区,13104,,,ambiguous,,35.69073,139.7039,point,representative_point,ambiguous,,,,no_explicit_designation_level
municipal_source,新宿区,新宿区の文化財一覧,13104:200,https://data.odp.jig.jp/viewcsv/jp/tokyo/shinjuku/723.csv,13Tokyo/raw/municipal/13104/data.csv,西落合耕地整理記念碑,,,,,東京都新宿区西落合二丁目17-17 御霊神社境内,新宿区,13104,,,ambiguous,,35.72188,139.67607,point,representative_point,ambiguous,,,,no_explicit_designation_level
municipal_source,新宿区,新宿区の文化財一覧,13104:201,https://data.odp.jig.jp/viewcsv/jp/tokyo/shinjuku/723.csv,13Tokyo/raw/municipal/13104/data.csv,旧淀橋浄水場蝶型弁,,,,,東京都新宿区西新宿二丁目6-1 新宿住友ビル,新宿区,13104,,,ambiguous,,35.69144,139.69254,point,representative_point,ambiguous,,,,no_explicit_designation_level
municipal_source,新宿区,新宿区の文化財一覧,13104:202,https://data.odp.jig.jp/viewcsv/jp/tokyo/shinjuku/723.csv,13Tokyo/raw/municipal/13104/data.csv,旧淀橋浄水場六角堂,,,,,東京都新宿区西新宿二丁目11(新宿区立新宿中央公園),新宿区,13104,,,ambiguous,,35.69091,139.6882,point,representative_point,ambiguous,,,,no_explicit_designation_level
municipal_source,新宿区,新宿区の文化財一覧,13104:203,https://data.odp.jig.jp/viewcsv/jp/tokyo/shinjuku/723.csv,13Tokyo/raw/municipal/13104/data.csv,巴講睦の獅子図屏風,,,,,東京都新宿区四谷三栄町12-16(新宿歴史博物館)※新宿区に寄託中,新宿区,13104,,,ambiguous,,35.69006,139.72568,point,representative_point,ambiguous,,,,no_explicit_designation_level
municipal_source,新宿区,新宿区の文化財一覧,13104:204,https://data.odp.jig.jp/viewcsv/jp/tokyo/shinjuku/723.csv,13Tokyo/raw/municipal/13104/data.csv,服部良一旧居跡,,,,,東京都新宿区若松町24-1,新宿区,13104,,,ambiguous,,35.70074,139.7169,point,representative_point,ambiguous,,,,no_explicit_designation_level
municipal_source,新宿区,新宿区の文化財一覧,13104:205,https://data.odp.jig.jp/viewcsv/jp/tokyo/shinjuku/723.csv,13Tokyo/raw/municipal/13104/data.csv,天祖神社の神門,,,,,東京都新宿区原町一丁目42 天祖神社,新宿区,13104,,,ambiguous,,35.70068,139.72572,point,representative_point,ambiguous,,,,no_explicit_designation_level
municipal_source,新宿区,新宿区の文化財一覧,13104:206,https://data.odp.jig.jp/viewcsv/jp/tokyo/shinjuku/723.csv,13Tokyo/raw/municipal/13104/data.csv,戸山射撃場跡,,,,,東京都新宿区大久保三丁目1-2 新宿コズミックスポーツセンター,新宿区,13104,,,ambiguous,,35.70489,139.70763,point,representative_point,ambiguous,,,,no_explicit_designation_level
municipal_source,新宿区,新宿区の文化財一覧,13104:207,https://data.odp.jig.jp/viewcsv/jp/tokyo/shinjuku/723.csv,13Tokyo/raw/municipal/13104/data.csv,喜久井町 戦災者供養観音像,,,,,東京都新宿区喜久井町17(早稲田大学喜久井町キャンパス),新宿区,13104,,,ambiguous,,35.70491,139.72133,point,representative_point,ambiguous,,,,no_explicit_designation_level
municipal_source,新宿区,新宿区の文化財一覧,13104:208,https://data.odp.jig.jp/viewcsv/jp/tokyo/shinjuku/723.csv,13Tokyo/raw/municipal/13104/data.csv,白糸塚,,,,,東京都新宿区新宿二丁目15-18 成覚寺,新宿区,13104,,,ambiguous,,35.69101,139.70885,point,representative_point,ambiguous,,,,no_explicit_designation_level
municipal_source,新宿区,新宿区の文化財一覧,13104:209,https://data.odp.jig.jp/viewcsv/jp/tokyo/shinjuku/723.csv,13Tokyo/raw/municipal/13104/data.csv,獅子吼会の山門,,,,,東京都新宿区中井二丁目14-1 獅子吼会,新宿区,13104,,,ambiguous,,35.71717,139.68559,point,representative_point,ambiguous,,,,no_explicit_designation_level
municipal_source,新宿区,新宿区の文化財一覧,13104:210,https://data.odp.jig.jp/viewcsv/jp/tokyo/shinjuku/723.csv,13Tokyo/raw/municipal/13104/data.csv,田島森碑,,,,,東京都新宿区早稲田鶴巻町568 元赤城神社,新宿区,13104,,,ambiguous,,35.70813,139.72626,point,representative_point,ambiguous,,,,no_explicit_designation_level
municipal_source,新宿区,新宿区の文化財一覧,13104:211,https://data.odp.jig.jp/viewcsv/jp/tokyo/shinjuku/723.csv,13Tokyo/raw/municipal/13104/data.csv,忠魂碑,,,,,東京都新宿区新宿五丁目17-3 花園神社,新宿区,13104,,,ambiguous,,35.69283,139.70569,point,representative_point,ambiguous,,,,no_explicit_designation_level
municipal_source,新宿区,新宿区の文化財一覧,13104:212,https://data.odp.jig.jp/viewcsv/jp/tokyo/shinjuku/723.csv,13Tokyo/raw/municipal/13104/data.csv,祭馬碑,,,,,東京都新宿区市谷左内町11 長泰寺,新宿区,13104,,,ambiguous,,35.69488,139.73357,point,representative_point,ambiguous,,,,no_explicit_designation_level
municipal_source,新宿区,新宿区の文化財一覧,13104:213,https://data.odp.jig.jp/viewcsv/jp/tokyo/shinjuku/723.csv,13Tokyo/raw/municipal/13104/data.csv,渡辺玉花旧居,,,,,東京都新宿区中落合三丁目18-8,新宿区,13104,,,ambiguous,,35.72153,139.68832,point,representative_point,ambiguous,,,,no_explicit_designation_level
municipal_source,新宿区,新宿区の文化財一覧,13104:214,https://data.odp.jig.jp/viewcsv/jp/tokyo/shinjuku/723.csv,13Tokyo/raw/municipal/13104/data.csv,花園アパート跡,,,,,東京都新宿区新宿一丁目27-7 トヨタモビリティ東京 新宿靖国通り店,新宿区,13104,,,ambiguous,,35.69086,139.71397,point,representative_point,ambiguous,,,,no_explicit_designation_level
municipal_source,新宿区,新宿区の文化財一覧,13104:215,https://data.odp.jig.jp/viewcsv/jp/tokyo/shinjuku/723.csv,13Tokyo/raw/municipal/13104/data.csv,美濃国高須藩主 松平家上屋敷跡,,,,,東京都新宿区荒木町10(策の池・荒木町弁財天),新宿区,13104,,,ambiguous,,35.69012,139.7225,point,representative_point,ambiguous,,,,no_explicit_designation_level
municipal_source,新宿区,新宿区の文化財一覧,13104:216,https://data.odp.jig.jp/viewcsv/jp/tokyo/shinjuku/723.csv,13Tokyo/raw/municipal/13104/data.csv,水準点II号,,,,,東京都新宿区西新宿八丁目14-10 成子天神社,新宿区,13104,,,ambiguous,,35.69624,139.69225,point,representative_point,ambiguous,,,,no_explicit_designation_level
municipal_source,新宿区,新宿区の文化財一覧,13104:217,https://data.odp.jig.jp/viewcsv/jp/tokyo/shinjuku/723.csv,13Tokyo/raw/municipal/13104/data.csv,東京若葉キリスト教会,,,,,東京都新宿区若葉一丁目16,新宿区,13104,,,ambiguous,,35.68339,139.72754,point,representative_point,ambiguous,,,,no_explicit_designation_level
municipal_source,新宿区,新宿区の文化財一覧,13104:218,https://data.odp.jig.jp/viewcsv/jp/tokyo/shinjuku/723.csv,13Tokyo/raw/municipal/13104/data.csv,稲荷鬼王神社の節分祭,,,,,東京都新宿区歌舞伎町二丁目17-5,新宿区,13104,,,ambiguous,,35.69778,139.70526,point,representative_point,ambiguous,,,,no_explicit_designation_level
municipal_source,新宿区,新宿区の文化財一覧,13104:219,https://data.odp.jig.jp/viewcsv/jp/tokyo/shinjuku/723.csv,13Tokyo/raw/municipal/13104/data.csv,中井御霊神社の節分祭,,,,,東京都新宿区中井二丁目29-16,新宿区,13104,,,ambiguous,,35.71649,139.68018,point,representative_point,ambiguous,,,,no_explicit_designation_level
municipal_source,新宿区,新宿区の文化財一覧,13104:220,https://data.odp.jig.jp/viewcsv/jp/tokyo/shinjuku/723.csv,13Tokyo/raw/municipal/13104/data.csv,花園神社の節分祭,,,,,東京都新宿区新宿五丁目17-3,新宿区,13104,,,ambiguous,,35.69283,139.70569,point,representative_point,ambiguous,,,,no_explicit_designation_level
municipal_source,新宿区,新宿区の文化財一覧,13104:221,https://data.odp.jig.jp/viewcsv/jp/tokyo/shinjuku/723.csv,13Tokyo/raw/municipal/13104/data.csv,氷川神社の節分祭,,,,,東京都新宿区下落合二丁目7-12,新宿区,13104,,,ambiguous,,35.7168,139.69917,point,representative_point,ambiguous,,,,no_explicit_designation_level
municipal_source,新宿区,新宿区の文化財一覧,13104:222,https://data.odp.jig.jp/viewcsv/jp/tokyo/shinjuku/723.csv,13Tokyo/raw/municipal/13104/data.csv,鎧神社の節分祭,,,,,東京都新宿区北新宿三丁目16-18,新宿区,13104,,,ambiguous,,35.70451,139.69171,point,representative_point,ambiguous,,,,no_explicit_designation_level
municipal_source,新宿区,新宿区の文化財一覧,13104:223,https://data.odp.jig.jp/viewcsv/jp/tokyo/shinjuku/723.csv,13Tokyo/raw/municipal/13104/data.csv,自性院の節分会,,,,,東京都新宿区西落合一丁目11-23,新宿区,13104,,,ambiguous,,35.72176,139.68257,point,representative_point,ambiguous,,,,no_explicit_designation_level
municipal_source,新宿区,新宿区の文化財一覧,13104:224,https://data.odp.jig.jp/viewcsv/jp/tokyo/shinjuku/723.csv,13Tokyo/raw/municipal/13104/data.csv,有隣園跡,,,,,東京都新宿区西新宿八丁目16,新宿区,13104,,,ambiguous,,35.696745,139.692562,point,representative_point,ambiguous,,,,no_explicit_designation_level
municipal_source,新宿区,新宿区の文化財一覧,13104:225,https://data.odp.jig.jp/viewcsv/jp/tokyo/shinjuku/723.csv,13Tokyo/raw/municipal/13104/data.csv,太宗寺の閻魔大王開帳,,,,,東京都新宿区新宿二丁目9-2,新宿区,13104,,,ambiguous,,35.689941,139.709359,point,representative_point,ambiguous,,,,no_explicit_designation_level
municipal_source,新宿区,新宿区の文化財一覧,13104:226,https://data.odp.jig.jp/viewcsv/jp/tokyo/shinjuku/723.csv,13Tokyo/raw/municipal/13104/data.csv,太宗寺の大震災紀念碑,,,,,東京都新宿区新宿二丁目9-2,新宿区,13104,,,ambiguous,,35.689584,139.709219,point,representative_point,ambiguous,,,,no_explicit_designation_level
municipal_source,新宿区,新宿区の文化財一覧,13104:227,https://data.odp.jig.jp/viewcsv/jp/tokyo/shinjuku/723.csv,13Tokyo/raw/municipal/13104/data.csv,放生寺の水掛け地蔵と大震火災死亡群霊塔,,,,,東京都新宿区西早稲田二丁目1-14,新宿区,13104,,,ambiguous,,35.706585,139.717714,point,representative_point,ambiguous,,,,no_explicit_designation_level
municipal_source,新宿区,新宿区の文化財一覧,13104:228,https://data.odp.jig.jp/viewcsv/jp/tokyo/shinjuku/723.csv,13Tokyo/raw/municipal/13104/data.csv,文学座アトリエ,,,,,東京都新宿区信濃町10,新宿区,13104,,,ambiguous,,35.683535,139.719168,point,representative_point,ambiguous,,,,no_explicit_designation_level
municipal_source,新宿区,新宿区の文化財一覧,13104:229,https://data.odp.jig.jp/viewcsv/jp/tokyo/shinjuku/723.csv,13Tokyo/raw/municipal/13104/data.csv,新宿園跡,,,,,東京都新宿区新宿五丁目9-2,新宿区,13104,,,ambiguous,,,,point,representative_point,ambiguous,,,,no_explicit_designation_level
municipal_source,新宿区,新宿区の文化財一覧,13104:230,https://data.odp.jig.jp/viewcsv/jp/tokyo/shinjuku/723.csv,13Tokyo/raw/municipal/13104/data.csv,弘文学院跡,,,,,東京都新宿区西五軒町13 住友不動産飯田橋ビル3号館,新宿区,13104,,,ambiguous,,35.708319,139.737643,point,representative_point,ambiguous,,,,no_explicit_designation_level
municipal_source,新宿区,新宿区の文化財一覧,13104:231,https://data.odp.jig.jp/viewcsv/jp/tokyo/shinjuku/723.csv,13Tokyo/raw/municipal/13104/data.csv,ムーラン・ルージュ新宿座跡,,,,,東京都新宿区新宿三丁目36-16 GLITTERS Shinjukuビル,新宿区,13104,,,ambiguous,,35.69014,139.70199,point,representative_point,ambiguous,,,,no_explicit_designation_level
municipal_source,台東区,文化財一覧,131067100004,https://www.city.taito.lg.jp/kusei/online/opendata/iryo/bunkazai.files/20250314_bunkazai.csv,13Tokyo/raw/municipal/13106/data.csv,木造阿弥陀如来立像,,浄念寺,,浄念寺,,台東区,13106,区民文化財,美術工芸品,ambiguous,1991-02-14,35.704407,139.789296,movable,representative_point,ambiguous,区民文化財,美術工芸品,,no_explicit_designation_level
municipal_source,台東区,文化財一覧,131067100005,https://www.city.taito.lg.jp/kusei/online/opendata/iryo/bunkazai.files/20250314_bunkazai.csv,13Tokyo/raw/municipal/13106/data.csv,紙本著色善信聖人親鸞伝絵,,報恩寺,,報恩寺,,台東区,13106,区民文化財,美術工芸品,ambiguous,1989-02-20,35.714568,139.784095,movable,representative_point,ambiguous,区民文化財,美術工芸品,,no_explicit_designation_level
municipal_source,台東区,文化財一覧,131067100006,https://www.city.taito.lg.jp/kusei/online/opendata/iryo/bunkazai.files/20250314_bunkazai.csv,13Tokyo/raw/municipal/13106/data.csv,絹本著色親鸞上人絵伝,,東本願寺,,東本願寺,,台東区,13106,区民文化財,美術工芸品,ambiguous,1989-02-20,35.710826,139.790448,movable,representative_point,ambiguous,区民文化財,美術工芸品,,no_explicit_designation_level
municipal_source,台東区,文化財一覧,131067100008,https://www.city.taito.lg.jp/kusei/online/opendata/iryo/bunkazai.files/20250314_bunkazai.csv,13Tokyo/raw/municipal/13106/data.csv,木造阿弥陀如来坐像,,自性院,,自性院,,台東区,13106,区民文化財,美術工芸品,ambiguous,1989-02-20,35.721578,139.770059,movable,representative_point,ambiguous,区民文化財,美術工芸品,,no_explicit_designation_level
municipal_source,台東区,文化財一覧,131067100009,https://www.city.taito.lg.jp/kusei/online/opendata/iryo/bunkazai.files/20250314_bunkazai.csv,13Tokyo/raw/municipal/13106/data.csv,木造地蔵菩薩立像,,天龍院,,天龍院,,台東区,13106,区民文化財,美術工芸品,ambiguous,1989-02-20,35.722716,139.767424,movable,representative_point,ambiguous,区民文化財,美術工芸品,,no_explicit_designation_level
municipal_source,台東区,文化財一覧,131067100011,https://www.city.taito.lg.jp/kusei/online/opendata/iryo/bunkazai.files/20250314_bunkazai.csv,13Tokyo/raw/municipal/13106/data.csv,絹本著色不動明王二童子画像,,護国院,,護国院,,台東区,13106,区民文化財,美術工芸品,ambiguous,1990-02-19,35.718098,139.777876,movable,representative_point,ambiguous,区民文化財,美術工芸品,,no_explicit_designation_level
municipal_source,台東区,文化財一覧,131067100013,https://www.city.taito.lg.jp/kusei/online/opendata/iryo/bunkazai.files/20250314_bunkazai.csv,13Tokyo/raw/municipal/13106/data.csv,木造阿弥陀如来立像,,唯念寺,,唯念寺,,台東区,13106,区民文化財,美術工芸品,ambiguous,1990-02-19,35.70976,139.78411,movable,representative_point,ambiguous,区民文化財,美術工芸品,,no_explicit_designation_level
municipal_source,台東区,文化財一覧,131067100014,https://www.city.taito.lg.jp/kusei/online/opendata/iryo/bunkazai.files/20250314_bunkazai.csv,13Tokyo/raw/municipal/13106/data.csv,正応六年銘不動板碑,,竜宝寺,,竜宝寺,,台東区,13106,区民文化財,美術工芸品,ambiguous,1990-02-19,35.704407,139.789296,movable,representative_point,ambiguous,区民文化財,美術工芸品,,no_explicit_designation_level
municipal_source,台東区,文化財一覧,131067100015,https://www.city.taito.lg.jp/kusei/online/opendata/iryo/bunkazai.files/20250314_bunkazai.csv,13Tokyo/raw/municipal/13106/data.csv,山東京伝机塚の碑,,浅草寺,,浅草寺,,台東区,13106,区民文化財,美術工芸品,ambiguous,1990-02-19,35.71461,139.794125,movable,representative_point,ambiguous,区民文化財,美術工芸品,,no_explicit_designation_level
municipal_source,台東区,文化財一覧,131067100017,https://www.city.taito.lg.jp/kusei/online/opendata/iryo/bunkazai.files/20250314_bunkazai.csv,13Tokyo/raw/municipal/13106/data.csv,絹本著色両界曼荼羅,,天王寺,,天王寺,,台東区,13106,区民文化財,美術工芸品,ambiguous,1991-02-14,35.727344,139.769368,movable,representative_point,ambiguous,区民文化財,美術工芸品,,no_explicit_designation_level
municipal_source,台東区,文化財一覧,131067100018,https://www.city.taito.lg.jp/kusei/online/opendata/iryo/bunkazai.files/20250314_bunkazai.csv,13Tokyo/raw/municipal/13106/data.csv,木造阿弥陀如来立像,,覚音寺,,覚音寺,,台東区,13106,区民文化財,美術工芸品,ambiguous,1991-02-14,35.707892,139.786369,movable,representative_point,ambiguous,区民文化財,美術工芸品,,no_explicit_designation_level
municipal_source,台東区,文化財一覧,131067100020,https://www.city.taito.lg.jp/kusei/online/opendata/iryo/bunkazai.files/20250314_bunkazai.csv,13Tokyo/raw/municipal/13106/data.csv,彰義隊墓碑,,上野公園,,東京都,,台東区,13106,区民文化財,美術工芸品,ambiguous,1991-02-14,35.711995,139.774376,movable,representative_point,ambiguous,区民文化財,美術工芸品,,no_explicit_designation_level
municipal_source,台東区,文化財一覧,131067100021,https://www.city.taito.lg.jp/kusei/online/opendata/iryo/bunkazai.files/20250314_bunkazai.csv,13Tokyo/raw/municipal/13106/data.csv,下谷地区板碑群,,長安寺ほか,,長安寺ほか,,台東区,13106,区民文化財,美術工芸品,ambiguous,1991-02-14,35.72441,139.768063,movable,representative_point,ambiguous,区民文化財,美術工芸品,,no_explicit_designation_level
municipal_source,台東区,文化財一覧,131067100022,https://www.city.taito.lg.jp/kusei/online/opendata/iryo/bunkazai.files/20250314_bunkazai.csv,13Tokyo/raw/municipal/13106/data.csv,絹本著色仏眼曼荼羅,,西蔵院,,西蔵院,,台東区,13106,区民文化財,美術工芸品,ambiguous,1992-03-10,35.723762,139.782708,movable,representative_point,ambiguous,区民文化財,美術工芸品,,no_explicit_designation_level
municipal_source,台東区,文化財一覧,131067100023,https://www.city.taito.lg.jp/kusei/online/opendata/iryo/bunkazai.files/20250314_bunkazai.csv,13Tokyo/raw/municipal/13106/data.csv,絹本著色阿弥陀二十五菩薩来迎図,,天王寺,,天王寺,,台東区,13106,区民文化財,美術工芸品,ambiguous,1992-03-10,35.727344,139.769368,movable,representative_point,ambiguous,区民文化財,美術工芸品,,no_explicit_designation_level
municipal_source,台東区,文化財一覧,131067100024,https://www.city.taito.lg.jp/kusei/online/opendata/iryo/bunkazai.files/20250314_bunkazai.csv,13Tokyo/raw/municipal/13106/data.csv,絹本墨画普賢・文殊菩薩画像,,世尊寺,,世尊寺,,台東区,13106,区民文化財,美術工芸品,ambiguous,1992-03-10,35.723762,139.782708,movable,representative_point,ambiguous,区民文化財,美術工芸品,,no_explicit_designation_level
municipal_source,台東区,文化財一覧,131067100025,https://www.city.taito.lg.jp/kusei/online/opendata/iryo/bunkazai.files/20250314_bunkazai.csv,13Tokyo/raw/municipal/13106/data.csv,木造阿弥陀如来立像,,安立院,,安立院,,台東区,13106,区民文化財,美術工芸品,ambiguous,1992-03-10,35.727344,139.769368,movable,representative_point,ambiguous,区民文化財,美術工芸品,,no_explicit_designation_level
municipal_source,台東区,文化財一覧,131067100027,https://www.city.taito.lg.jp/kusei/online/opendata/iryo/bunkazai.files/20250314_bunkazai.csv,13Tokyo/raw/municipal/13106/data.csv,狩野芳崖墓 附 狩野芳崖翁碑,,長安寺,,個人,,台東区,13106,区民文化財,史跡,ambiguous,1992-03-10,35.72441,139.768063,point,representative_point,ambiguous,区民文化財,史跡,,no_explicit_designation_level
municipal_source,台東区,文化財一覧,131067100029,https://www.city.taito.lg.jp/kusei/online/opendata/iryo/bunkazai.files/20250314_bunkazai.csv,13Tokyo/raw/municipal/13106/data.csv,石造宝篋印塔,,長応院,,長応院,,台東区,13106,区民文化財,建造物,ambiguous,1993-03-09,35.704407,139.789296,building_direct,building_candidate_point,ambiguous,区民文化財,建造物,,no_explicit_designation_level
municipal_source,台東区,文化財一覧,131067100030,https://www.city.taito.lg.jp/kusei/online/opendata/iryo/bunkazai.files/20250314_bunkazai.csv,13Tokyo/raw/municipal/13106/data.csv,絹本著色天台大師画像,,天王寺,,天王寺,,台東区,13106,区民文化財,美術工芸品,ambiguous,1993-03-09,35.727344,139.769368,movable,representative_point,ambiguous,区民文化財,美術工芸品,,no_explicit_designation_level
municipal_source,台東区,文化財一覧,131067100031,https://www.city.taito.lg.jp/kusei/online/opendata/iryo/bunkazai.files/20250314_bunkazai.csv,13Tokyo/raw/municipal/13106/data.csv,絹本著色親鸞上人絵伝,,東本願寺,,東本願寺,,台東区,13106,区民文化財,美術工芸品,ambiguous,1993-03-09,35.710826,139.790448,movable,representative_point,ambiguous,区民文化財,美術工芸品,,no_explicit_designation_level
municipal_source,台東区,文化財一覧,131067100032,https://www.city.taito.lg.jp/kusei/online/opendata/iryo/bunkazai.files/20250314_bunkazai.csv,13Tokyo/raw/municipal/13106/data.csv,絹本著色八相涅槃図,,瑞輪寺,,瑞輪寺,,台東区,13106,区民文化財,美術工芸品,ambiguous,1993-03-09,35.722716,139.767424,movable,representative_point,ambiguous,区民文化財,美術工芸品,,no_explicit_designation_level
municipal_source,台東区,文化財一覧,131067100033,https://www.city.taito.lg.jp/kusei/online/opendata/iryo/bunkazai.files/20250314_bunkazai.csv,13Tokyo/raw/municipal/13106/data.csv,木造綱敷天神坐像,,梅林寺,,梅林寺,,台東区,13106,区民文化財,美術工芸品,ambiguous,1993-03-09,35.727505,139.793157,movable,representative_point,ambiguous,区民文化財,美術工芸品,,no_explicit_designation_level
municipal_source,台東区,文化財一覧,131067100034,https://www.city.taito.lg.jp/kusei/online/opendata/iryo/bunkazai.files/20250314_bunkazai.csv,13Tokyo/raw/municipal/13106/data.csv,銅造阿弥陀如来坐像,,九品寺,,九品寺,,台東区,13106,区民文化財,美術工芸品,ambiguous,1993-03-09,35.714115,139.799667,movable,representative_point,ambiguous,区民文化財,美術工芸品,,no_explicit_designation_level
municipal_source,台東区,文化財一覧,131067100035,https://www.city.taito.lg.jp/kusei/online/opendata/iryo/bunkazai.files/20250314_bunkazai.csv,13Tokyo/raw/municipal/13106/data.csv,銅造釈迦如来坐像,,天王寺,,天王寺,,台東区,13106,区民文化財,美術工芸品,ambiguous,1993-03-09,35.727344,139.769368,movable,representative_point,ambiguous,区民文化財,美術工芸品,,no_explicit_designation_level
municipal_source,台東区,文化財一覧,131067100036,https://www.city.taito.lg.jp/kusei/online/opendata/iryo/bunkazai.files/20250314_bunkazai.csv,13Tokyo/raw/municipal/13106/data.csv,紺紙金字大般若波羅蜜多経 巻第四百卅一,,長安寺,,長安寺,,台東区,13106,区民文化財,美術工芸品,ambiguous,1993-03-09,35.72441,139.768063,movable,representative_point,ambiguous,区民文化財,美術工芸品,,no_explicit_designation_level
municipal_source,台東区,文化財一覧,131067100037,https://www.city.taito.lg.jp/kusei/online/opendata/iryo/bunkazai.files/20250314_bunkazai.csv,13Tokyo/raw/municipal/13106/data.csv,弘法大師二十一ヶ寺御詠歌所附版木,,多宝院,,多宝院,,台東区,13106,区民文化財,美術工芸品,ambiguous,1993-03-09,35.721578,139.770059,movable,representative_point,ambiguous,区民文化財,美術工芸品,,no_explicit_designation_level
municipal_source,台東区,文化財一覧,131067100038,https://www.city.taito.lg.jp/kusei/online/opendata/iryo/bunkazai.files/20250314_bunkazai.csv,13Tokyo/raw/municipal/13106/data.csv,御府内八十八ヶ所大意版木,,多宝院,,多宝院,,台東区,13106,区民文化財,美術工芸品,ambiguous,1993-03-09,35.721578,139.770059,movable,representative_point,ambiguous,区民文化財,美術工芸品,,no_explicit_designation_level
municipal_source,台東区,文化財一覧,131067100039,https://www.city.taito.lg.jp/kusei/online/opendata/iryo/bunkazai.files/20250314_bunkazai.csv,13Tokyo/raw/municipal/13106/data.csv,大沼枕山墓,,瑞輪寺,,個人,,台東区,13106,区民文化財,史跡,ambiguous,1993-03-09,35.722716,139.767424,point,representative_point,ambiguous,区民文化財,史跡,,no_explicit_designation_level
municipal_source,台東区,文化財一覧,131067100040,https://www.city.taito.lg.jp/kusei/online/opendata/iryo/bunkazai.files/20250314_bunkazai.csv,13Tokyo/raw/municipal/13106/data.csv,木造薬師如来立像,,仙蔵寺,,仙蔵寺,,台東区,13106,区民文化財,美術工芸品,ambiguous,1994-02-22,35.709613,139.78851,movable,representative_point,ambiguous,区民文化財,美術工芸品,,no_explicit_designation_level
municipal_source,台東区,文化財一覧,131067100041,https://www.city.taito.lg.jp/kusei/online/opendata/iryo/bunkazai.files/20250314_bunkazai.csv,13Tokyo/raw/municipal/13106/data.csv,木造阿弥陀如来立像,,称念寺,,称念寺,,台東区,13106,区民文化財,美術工芸品,ambiguous,1994-02-22,35.707892,139.786369,movable,representative_point,ambiguous,区民文化財,美術工芸品,,no_explicit_designation_level
municipal_source,台東区,文化財一覧,131067100042,https://www.city.taito.lg.jp/kusei/online/opendata/iryo/bunkazai.files/20250314_bunkazai.csv,13Tokyo/raw/municipal/13106/data.csv,木造親鸞上人坐像,,称念寺,,称念寺,,台東区,13106,区民文化財,美術工芸品,ambiguous,1994-02-22,35.707892,139.786369,movable,representative_point,ambiguous,区民文化財,美術工芸品,,no_explicit_designation_level
municipal_source,台東区,文化財一覧,131067100043,https://www.city.taito.lg.jp/kusei/online/opendata/iryo/bunkazai.files/20250314_bunkazai.csv,13Tokyo/raw/municipal/13106/data.csv,木造日蓮上人坐像,,要伝寺,,要伝寺,,台東区,13106,区民文化財,美術工芸品,ambiguous,1994-02-22,35.723762,139.782708,movable,representative_point,ambiguous,区民文化財,美術工芸品,,no_explicit_designation_level
municipal_source,台東区,文化財一覧,131067100044,https://www.city.taito.lg.jp/kusei/online/opendata/iryo/bunkazai.files/20250314_bunkazai.csv,13Tokyo/raw/municipal/13106/data.csv,銅造阿弥陀如来坐像,,天嶽院,,天嶽院,,台東区,13106,区民文化財,美術工芸品,ambiguous,1994-02-22,35.714906,139.790259,movable,representative_point,ambiguous,区民文化財,美術工芸品,,no_explicit_designation_level
municipal_source,台東区,文化財一覧,131067100045,https://www.city.taito.lg.jp/kusei/online/opendata/iryo/bunkazai.files/20250314_bunkazai.csv,13Tokyo/raw/municipal/13106/data.csv,木造日蓮上人坐像,,宗賢寺,,宗賢寺,,台東区,13106,区民文化財,美術工芸品,ambiguous,1994-02-22,35.715773,139.766418,movable,representative_point,ambiguous,区民文化財,美術工芸品,,no_explicit_designation_level
municipal_source,台東区,文化財一覧,131067100046,https://www.city.taito.lg.jp/kusei/online/opendata/iryo/bunkazai.files/20250314_bunkazai.csv,13Tokyo/raw/municipal/13106/data.csv,藤堂家墓所,,寒松院,,寒松院,,台東区,13106,区民文化財,史跡,ambiguous,1994-02-22,35.718098,139.777876,point,representative_point,ambiguous,区民文化財,史跡,,no_explicit_designation_level
municipal_source,台東区,文化財一覧,131067100047,https://www.city.taito.lg.jp/kusei/online/opendata/iryo/bunkazai.files/20250314_bunkazai.csv,13Tokyo/raw/municipal/13106/data.csv,河鍋暁斎墓,,正行院,,個人,,台東区,13106,区民文化財,史跡,ambiguous,1994-02-22,35.722716,139.767424,point,representative_point,ambiguous,区民文化財,史跡,,no_explicit_designation_level
municipal_source,台東区,文化財一覧,131067100048,https://www.city.taito.lg.jp/kusei/online/opendata/iryo/bunkazai.files/20250314_bunkazai.csv,13Tokyo/raw/municipal/13106/data.csv,絹本著色孔雀明王画像,,明王院,,明王院,,台東区,13106,区民文化財,美術工芸品,ambiguous,1995-03-09,35.72441,139.768063,movable,representative_point,ambiguous,区民文化財,美術工芸品,,no_explicit_designation_level
municipal_source,台東区,文化財一覧,131067100049,https://www.city.taito.lg.jp/kusei/online/opendata/iryo/bunkazai.files/20250314_bunkazai.csv,13Tokyo/raw/municipal/13106/data.csv,一遍聖人行状図版木 附 版木箱,,日輪寺,,日輪寺,,台東区,13106,区民文化財,美術工芸品,ambiguous,1995-03-09,35.714906,139.790259,movable,representative_point,ambiguous,区民文化財,美術工芸品,,no_explicit_designation_level
municipal_source,台東区,文化財一覧,131067100050,https://www.city.taito.lg.jp/kusei/online/opendata/iryo/bunkazai.files/20250314_bunkazai.csv,13Tokyo/raw/municipal/13106/data.csv,木造日蓮上人坐像,,仏心寺,,仏心寺,,台東区,13106,区民文化財,美術工芸品,ambiguous,1995-03-09,35.71932,139.767543,movable,representative_point,ambiguous,区民文化財,美術工芸品,,no_explicit_designation_level
municipal_source,台東区,文化財一覧,131067100051,https://www.city.taito.lg.jp/kusei/online/opendata/iryo/bunkazai.files/20250314_bunkazai.csv,13Tokyo/raw/municipal/13106/data.csv,紙本墨書御遺告(二十五条本),,世尊寺,,世尊寺,,台東区,13106,区民文化財,美術工芸品,ambiguous,1995-03-09,35.723762,139.782708,movable,representative_point,ambiguous,区民文化財,美術工芸品,,no_explicit_designation_level
municipal_source,台東区,文化財一覧,131067100052,https://www.city.taito.lg.jp/kusei/online/opendata/iryo/bunkazai.files/20250314_bunkazai.csv,13Tokyo/raw/municipal/13106/data.csv,福地源一郎(桜痴)墓,,谷中霊園,,個人,,台東区,13106,区民文化財,史跡,ambiguous,1995-03-09,35.727344,139.769368,point,representative_point,ambiguous,区民文化財,史跡,,no_explicit_designation_level
municipal_source,台東区,文化財一覧,131067100053,https://www.city.taito.lg.jp/kusei/online/opendata/iryo/bunkazai.files/20250314_bunkazai.csv,13Tokyo/raw/municipal/13106/data.csv,横山大観旧居,,横山大観記念館,,(公財)横山大観記念館,,台東区,13106,区民文化財,史跡,ambiguous,1995-03-09,35.711474,139.768354,point,representative_point,ambiguous,区民文化財,史跡,,no_explicit_designation_level
municipal_source,台東区,文化財一覧,131067100054,https://www.city.taito.lg.jp/kusei/online/opendata/iryo/bunkazai.files/20250314_bunkazai.csv,13Tokyo/raw/municipal/13106/data.csv,紙本著色仏涅槃図,,玉林寺,,玉林寺,,台東区,13106,区民文化財,美術工芸品,ambiguous,1996-02-15,35.71932,139.767543,movable,representative_point,ambiguous,区民文化財,美術工芸品,,no_explicit_designation_level
municipal_source,台東区,文化財一覧,131067100055,https://www.city.taito.lg.jp/kusei/online/opendata/iryo/bunkazai.files/20250314_bunkazai.csv,13Tokyo/raw/municipal/13106/data.csv,絹本著色骸骨図,,誓教寺,,誓教寺,,台東区,13106,区民文化財,美術工芸品,ambiguous,1996-02-15,35.709415,139.78668,movable,representative_point,ambiguous,区民文化財,美術工芸品,,no_explicit_designation_level
municipal_source,台東区,文化財一覧,131067100056,https://www.city.taito.lg.jp/kusei/online/opendata/iryo/bunkazai.files/20250314_bunkazai.csv,13Tokyo/raw/municipal/13106/data.csv,木造閻魔王坐像,,立善寺,,立善寺,,台東区,13106,区民文化財,美術工芸品,ambiguous,1996-02-15,35.72441,139.768063,movable,representative_point,ambiguous,区民文化財,美術工芸品,,no_explicit_designation_level
municipal_source,台東区,文化財一覧,131067100057,https://www.city.taito.lg.jp/kusei/online/opendata/iryo/bunkazai.files/20250314_bunkazai.csv,13Tokyo/raw/municipal/13106/data.csv,銅造釈迦如来坐像,,瑞輪寺,,瑞輪寺,,台東区,13106,区民文化財,美術工芸品,ambiguous,1996-02-15,35.722716,139.767424,movable,representative_point,ambiguous,区民文化財,美術工芸品,,no_explicit_designation_level
municipal_source,台東区,文化財一覧,131067100058,https://www.city.taito.lg.jp/kusei/online/opendata/iryo/bunkazai.files/20250314_bunkazai.csv,13Tokyo/raw/municipal/13106/data.csv,銅鐘,,報恩寺,,報恩寺,,台東区,13106,区民文化財,美術工芸品,ambiguous,1996-02-15,35.714568,139.784095,movable,representative_point,ambiguous,区民文化財,美術工芸品,,no_explicit_designation_level
municipal_source,台東区,文化財一覧,131067100059,https://www.city.taito.lg.jp/kusei/online/opendata/iryo/bunkazai.files/20250314_bunkazai.csv,13Tokyo/raw/municipal/13106/data.csv,延寿寺日荷堂絵馬群,,延寿寺,,延寿寺,,台東区,13106,区民文化財,有形民俗文化財,ambiguous,1996-02-15,35.71932,139.767543,point,representative_point,ambiguous,区民文化財,有形民俗文化財,,no_explicit_designation_level
municipal_source,台東区,文化財一覧,131067100060,https://www.city.taito.lg.jp/kusei/online/opendata/iryo/bunkazai.files/20250314_bunkazai.csv,13Tokyo/raw/municipal/13106/data.csv,柴田是真墓,,称福寺,,個人,,台東区,13106,区民文化財,史跡,ambiguous,1996-02-15,35.721618,139.803194,point,representative_point,ambiguous,区民文化財,史跡,,no_explicit_designation_level
municipal_source,台東区,文化財一覧,131067100061,https://www.city.taito.lg.jp/kusei/online/opendata/iryo/bunkazai.files/20250314_bunkazai.csv,13Tokyo/raw/municipal/13106/data.csv,絹本著色仏涅槃図,,世尊寺,,世尊寺,,台東区,13106,区民文化財,美術工芸品,ambiguous,1997-02-28,35.723762,139.782708,movable,representative_point,ambiguous,区民文化財,美術工芸品,,no_explicit_designation_level
municipal_source,台東区,文化財一覧,131067100062,https://www.city.taito.lg.jp/kusei/online/opendata/iryo/bunkazai.files/20250314_bunkazai.csv,13Tokyo/raw/municipal/13106/data.csv,銅造菩薩立像,,保元寺,,保元寺,,台東区,13106,区民文化財,美術工芸品,ambiguous,1997-02-28,35.72453,139.805771,movable,representative_point,ambiguous,区民文化財,美術工芸品,,no_explicit_designation_level
municipal_source,台東区,文化財一覧,131067100063,https://www.city.taito.lg.jp/kusei/online/opendata/iryo/bunkazai.files/20250314_bunkazai.csv,13Tokyo/raw/municipal/13106/data.csv,木造大黒天立像,,感応寺,,感応寺,,台東区,13106,区民文化財,美術工芸品,ambiguous,1997-02-28,35.722019,139.783591,movable,representative_point,ambiguous,区民文化財,美術工芸品,,no_explicit_designation_level
municipal_source,台東区,文化財一覧,131067100064,https://www.city.taito.lg.jp/kusei/online/opendata/iryo/bunkazai.files/20250314_bunkazai.csv,13Tokyo/raw/municipal/13106/data.csv,銅鐘,,源空寺,,源空寺,,台東区,13106,区民文化財,美術工芸品,ambiguous,1997-02-28,35.714568,139.784095,movable,representative_point,ambiguous,区民文化財,美術工芸品,,no_explicit_designation_level
municipal_source,台東区,文化財一覧,131067100065,https://www.city.taito.lg.jp/kusei/online/opendata/iryo/bunkazai.files/20250314_bunkazai.csv,13Tokyo/raw/municipal/13106/data.csv,六十六部造立石造閻魔王坐像及び両脇侍像,,長久院,,長久院,,台東区,13106,区民文化財,美術工芸品,ambiguous,1997-02-28,35.721578,139.770059,movable,representative_point,ambiguous,区民文化財,美術工芸品,,no_explicit_designation_level
municipal_source,台東区,文化財一覧,131067100066,https://www.city.taito.lg.jp/kusei/online/opendata/iryo/bunkazai.files/20250314_bunkazai.csv,13Tokyo/raw/municipal/13106/data.csv,町田久成墓,,津梁院,,津梁院,,台東区,13106,区民文化財,史跡,ambiguous,1997-02-28,35.720447,139.770152,point,representative_point,ambiguous,区民文化財,史跡,,no_explicit_designation_level
municipal_source,台東区,文化財一覧,131067100067,https://www.city.taito.lg.jp/kusei/online/opendata/iryo/bunkazai.files/20250314_bunkazai.csv,13Tokyo/raw/municipal/13106/data.csv,田中芳男墓,,谷中霊園,,個人,,台東区,13106,区民文化財,史跡,ambiguous,1997-02-28,35.727344,139.769368,point,representative_point,ambiguous,区民文化財,史跡,,no_explicit_designation_level
municipal_source,台東区,文化財一覧,131067100068,https://www.city.taito.lg.jp/kusei/online/opendata/iryo/bunkazai.files/20250314_bunkazai.csv,13Tokyo/raw/municipal/13106/data.csv,両界曼荼羅版木,,加納院,,加納院,,台東区,13106,区民文化財,美術工芸品,ambiguous,1998-03-06,35.72441,139.768063,movable,representative_point,ambiguous,区民文化財,美術工芸品,,no_explicit_designation_level
municipal_source,台東区,文化財一覧,131067100069,https://www.city.taito.lg.jp/kusei/online/opendata/iryo/bunkazai.files/20250314_bunkazai.csv,13Tokyo/raw/municipal/13106/data.csv,絹本著色仏涅槃図,,安立院,,安立院,,台東区,13106,区民文化財,美術工芸品,ambiguous,1998-03-06,35.727344,139.769368,movable,representative_point,ambiguous,区民文化財,美術工芸品,,no_explicit_designation_level
municipal_source,台東区,文化財一覧,131067100070,https://www.city.taito.lg.jp/kusei/online/opendata/iryo/bunkazai.files/20250314_bunkazai.csv,13Tokyo/raw/municipal/13106/data.csv,木造阿弥陀如来立像,,廣楽寺,,廣楽寺,,台東区,13106,区民文化財,美術工芸品,ambiguous,1998-03-06,35.721618,139.803194,movable,representative_point,ambiguous,区民文化財,美術工芸品,,no_explicit_designation_level
municipal_source,台東区,文化財一覧,131067100071,https://www.city.taito.lg.jp/kusei/online/opendata/iryo/bunkazai.files/20250314_bunkazai.csv,13Tokyo/raw/municipal/13106/data.csv,木造阿弥陀如来坐像,,正寶院,,正寶院,,台東区,13106,区民文化財,美術工芸品,ambiguous,1998-03-06,35.725935,139.791833,movable,representative_point,ambiguous,区民文化財,美術工芸品,,no_explicit_designation_level
municipal_source,台東区,文化財一覧,131067100072,https://www.city.taito.lg.jp/kusei/online/opendata/iryo/bunkazai.files/20250314_bunkazai.csv,13Tokyo/raw/municipal/13106/data.csv,銅鐘,,長昌寺,,長昌寺,,台東区,13106,区民文化財,美術工芸品,ambiguous,1998-03-06,35.721618,139.803194,movable,representative_point,ambiguous,区民文化財,美術工芸品,,no_explicit_designation_level
municipal_source,台東区,文化財一覧,131067100073,https://www.city.taito.lg.jp/kusei/online/opendata/iryo/bunkazai.files/20250314_bunkazai.csv,13Tokyo/raw/municipal/13106/data.csv,銅鐘,,妙経寺,,妙経寺,,台東区,13106,区民文化財,美術工芸品,ambiguous,1998-03-06,35.70976,139.78411,movable,representative_point,ambiguous,区民文化財,美術工芸品,,no_explicit_designation_level
municipal_source,台東区,文化財一覧,131067100074,https://www.city.taito.lg.jp/kusei/online/opendata/iryo/bunkazai.files/20250314_bunkazai.csv,13Tokyo/raw/municipal/13106/data.csv,旧柏湯所蔵資料,,,,個人,,台東区,13106,区民文化財,美術工芸品,ambiguous,1998-03-06,,,movable,representative_point,ambiguous,区民文化財,美術工芸品,,no_explicit_designation_level
municipal_source,台東区,文化財一覧,131067100076,https://www.city.taito.lg.jp/kusei/online/opendata/iryo/bunkazai.files/20250314_bunkazai.csv,13Tokyo/raw/municipal/13106/data.csv,"歳寒三友図(絹本著色梅図,絹本墨画竹図,絹本墨画松図)",,永称寺,,永称寺,,台東区,13106,区民文化財,美術工芸品,ambiguous,1999-03-01,35.723762,139.782708,movable,representative_point,ambiguous,区民文化財,美術工芸品,,no_explicit_designation_level
municipal_source,台東区,文化財一覧,131067100077,https://www.city.taito.lg.jp/kusei/online/opendata/iryo/bunkazai.files/20250314_bunkazai.csv,13Tokyo/raw/municipal/13106/data.csv,紙本墨画淡彩達磨図 葛飾北斎筆,,誓教寺,,誓教寺,,台東区,13106,区民文化財,美術工芸品,ambiguous,1999-03-01,35.709415,139.78668,movable,representative_point,ambiguous,区民文化財,美術工芸品,,no_explicit_designation_level
municipal_source,台東区,文化財一覧,131067100078,https://www.city.taito.lg.jp/kusei/online/opendata/iryo/bunkazai.files/20250314_bunkazai.csv,13Tokyo/raw/municipal/13106/data.csv,木造観音菩薩立像,,福寿院,,福寿院,,台東区,13106,区民文化財,美術工芸品,ambiguous,1999-03-01,35.72453,139.805771,movable,representative_point,ambiguous,区民文化財,美術工芸品,,no_explicit_designation_level
municipal_source,台東区,文化財一覧,131067100079,https://www.city.taito.lg.jp/kusei/online/opendata/iryo/bunkazai.files/20250314_bunkazai.csv,13Tokyo/raw/municipal/13106/data.csv,木造千手観音坐像,,清水寺,,清水寺,,台東区,13106,区民文化財,美術工芸品,ambiguous,1999-03-01,35.713256,139.787564,movable,representative_point,ambiguous,区民文化財,美術工芸品,,no_explicit_designation_level
municipal_source,台東区,文化財一覧,131067100080,https://www.city.taito.lg.jp/kusei/online/opendata/iryo/bunkazai.files/20250314_bunkazai.csv,13Tokyo/raw/municipal/13106/data.csv,『初音里鶯之記』碑,,,,個人,,台東区,13106,区民文化財,美術工芸品,ambiguous,1999-03-01,,,movable,representative_point,ambiguous,区民文化財,美術工芸品,,no_explicit_designation_level
municipal_source,台東区,文化財一覧,131067100081,https://www.city.taito.lg.jp/kusei/online/opendata/iryo/bunkazai.files/20250314_bunkazai.csv,13Tokyo/raw/municipal/13106/data.csv,絹本著色朝顔・蜻蛉図 喜多川歌麿ほか筆,,真源寺,,真源寺,,台東区,13106,区民文化財,美術工芸品,ambiguous,2000-03-06,35.718551,139.781782,movable,representative_point,ambiguous,区民文化財,美術工芸品,,no_explicit_designation_level
municipal_source,台東区,文化財一覧,131067100082,https://www.city.taito.lg.jp/kusei/online/opendata/iryo/bunkazai.files/20250314_bunkazai.csv,13Tokyo/raw/municipal/13106/data.csv,板絵著色雲竜図(天井画) 横山大観筆,,下谷神社,,下谷神社,,台東区,13106,区民文化財,美術工芸品,ambiguous,2000-03-06,35.710538,139.780304,movable,representative_point,ambiguous,区民文化財,美術工芸品,,no_explicit_designation_level
municipal_source,台東区,文化財一覧,131067100083,https://www.city.taito.lg.jp/kusei/online/opendata/iryo/bunkazai.files/20250314_bunkazai.csv,13Tokyo/raw/municipal/13106/data.csv,木造法然上人立像,,法善寺,,法善寺,,台東区,13106,区民文化財,美術工芸品,ambiguous,2000-03-06,35.714568,139.784095,movable,representative_point,ambiguous,区民文化財,美術工芸品,,no_explicit_designation_level
municipal_source,台東区,文化財一覧,131067100084,https://www.city.taito.lg.jp/kusei/online/opendata/iryo/bunkazai.files/20250314_bunkazai.csv,13Tokyo/raw/municipal/13106/data.csv,絹本墨画著色髑髏図 伊藤若冲筆,,臨江寺,,臨江寺,,台東区,13106,区民文化財,美術工芸品,ambiguous,2001-03-05,35.71932,139.767543,movable,representative_point,ambiguous,区民文化財,美術工芸品,,no_explicit_designation_level
municipal_source,台東区,文化財一覧,131067100085,https://www.city.taito.lg.jp/kusei/online/opendata/iryo/bunkazai.files/20250314_bunkazai.csv,13Tokyo/raw/municipal/13106/data.csv,木造阿弥陀如来立像,,西徳寺,,西徳寺,,台東区,13106,区民文化財,美術工芸品,ambiguous,2001-03-05,35.724296,139.789563,movable,representative_point,ambiguous,区民文化財,美術工芸品,,no_explicit_designation_level
municipal_source,台東区,文化財一覧,131067100086,https://www.city.taito.lg.jp/kusei/online/opendata/iryo/bunkazai.files/20250314_bunkazai.csv,13Tokyo/raw/municipal/13106/data.csv,銅鐘,,長明寺,,長明寺,,台東区,13106,区民文化財,美術工芸品,ambiguous,2001-03-05,35.72441,139.768063,movable,representative_point,ambiguous,区民文化財,美術工芸品,,no_explicit_designation_level
municipal_source,台東区,文化財一覧,131067100087,https://www.city.taito.lg.jp/kusei/online/opendata/iryo/bunkazai.files/20250314_bunkazai.csv,13Tokyo/raw/municipal/13106/data.csv,本寿寺文書,,本寿寺,,本寿寺,,台東区,13106,区民文化財,美術工芸品,ambiguous,2001-03-05,35.71932,139.767543,movable,representative_point,ambiguous,区民文化財,美術工芸品,,no_explicit_designation_level
municipal_source,台東区,文化財一覧,131067100088,https://www.city.taito.lg.jp/kusei/online/opendata/iryo/bunkazai.files/20250314_bunkazai.csv,13Tokyo/raw/municipal/13106/data.csv,木造聖徳太子孝養像,,西徳寺,,西徳寺,,台東区,13106,区民文化財,美術工芸品,ambiguous,2002-03-05,35.724296,139.789563,movable,representative_point,ambiguous,区民文化財,美術工芸品,,no_explicit_designation_level
municipal_source,台東区,文化財一覧,131067100089,https://www.city.taito.lg.jp/kusei/online/opendata/iryo/bunkazai.files/20250314_bunkazai.csv,13Tokyo/raw/municipal/13106/data.csv,銅造宝篋印塔,,本龍院(待乳山聖天),,本龍院(待乳山聖天),,台東区,13106,区民文化財,美術工芸品,ambiguous,2002-03-05,35.716394,139.803646,movable,representative_point,ambiguous,区民文化財,美術工芸品,,no_explicit_designation_level
municipal_source,台東区,文化財一覧,131067100090,https://www.city.taito.lg.jp/kusei/online/opendata/iryo/bunkazai.files/20250314_bunkazai.csv,13Tokyo/raw/municipal/13106/data.csv,聯 酒井抱一筆,,永称寺,,永称寺,,台東区,13106,区民文化財,美術工芸品,ambiguous,2002-03-05,35.723762,139.782708,movable,representative_point,ambiguous,区民文化財,美術工芸品,,no_explicit_designation_level
municipal_source,台東区,文化財一覧,131067100091,https://www.city.taito.lg.jp/kusei/online/opendata/iryo/bunkazai.files/20250314_bunkazai.csv,13Tokyo/raw/municipal/13106/data.csv,俳書「蓮飯は」 酒井抱一筆,,永称寺,,永称寺,,台東区,13106,区民文化財,美術工芸品,ambiguous,2002-03-05,35.723762,139.782708,movable,representative_point,ambiguous,区民文化財,美術工芸品,,no_explicit_designation_level
municipal_source,台東区,文化財一覧,131067100092,https://www.city.taito.lg.jp/kusei/online/opendata/iryo/bunkazai.files/20250314_bunkazai.csv,13Tokyo/raw/municipal/13106/data.csv,本寿寺版木 附.御鬮箱及び御鬮竹,,本寿寺,,本寿寺,,台東区,13106,区民文化財,美術工芸品,ambiguous,2002-03-05,35.71932,139.767543,movable,representative_point,ambiguous,区民文化財,美術工芸品,,no_explicit_designation_level
municipal_source,台東区,文化財一覧,131067100093,https://www.city.taito.lg.jp/kusei/online/opendata/iryo/bunkazai.files/20250314_bunkazai.csv,13Tokyo/raw/municipal/13106/data.csv,絹本著色慈恵大師画像,,護国院,,護国院,,台東区,13106,区民文化財,美術工芸品,ambiguous,2003-03-01,35.718098,139.777876,movable,representative_point,ambiguous,区民文化財,美術工芸品,,no_explicit_designation_level
municipal_source,台東区,文化財一覧,131067100094,https://www.city.taito.lg.jp/kusei/online/opendata/iryo/bunkazai.files/20250314_bunkazai.csv,13Tokyo/raw/municipal/13106/data.csv,木造日蓮上人坐像,,本寿寺,,本寿寺,,台東区,13106,区民文化財,美術工芸品,ambiguous,2003-03-01,35.71932,139.767543,movable,representative_point,ambiguous,区民文化財,美術工芸品,,no_explicit_designation_level
municipal_source,台東区,文化財一覧,131067100095,https://www.city.taito.lg.jp/kusei/online/opendata/iryo/bunkazai.files/20250314_bunkazai.csv,13Tokyo/raw/municipal/13106/data.csv,木造日朝上人坐像,,本寿寺,,本寿寺,,台東区,13106,区民文化財,美術工芸品,ambiguous,2003-03-01,35.71932,139.767543,movable,representative_point,ambiguous,区民文化財,美術工芸品,,no_explicit_designation_level
municipal_source,台東区,文化財一覧,131067100096,https://www.city.taito.lg.jp/kusei/online/opendata/iryo/bunkazai.files/20250314_bunkazai.csv,13Tokyo/raw/municipal/13106/data.csv,銅鐘,,東本願寺,,東本願寺,,台東区,13106,区民文化財,美術工芸品,ambiguous,2003-03-01,35.710826,139.790448,movable,representative_point,ambiguous,区民文化財,美術工芸品,,no_explicit_designation_level
municipal_source,台東区,文化財一覧,131067100097,https://www.city.taito.lg.jp/kusei/online/opendata/iryo/bunkazai.files/20250314_bunkazai.csv,13Tokyo/raw/municipal/13106/data.csv,石造狛犬,,今戸神社,,今戸神社,,台東区,13106,区民文化財,美術工芸品,ambiguous,2003-03-01,35.719423,139.804258,movable,representative_point,ambiguous,区民文化財,美術工芸品,,no_explicit_designation_level
municipal_source,台東区,文化財一覧,131067100098,https://www.city.taito.lg.jp/kusei/online/opendata/iryo/bunkazai.files/20250314_bunkazai.csv,13Tokyo/raw/municipal/13106/data.csv,木造四天王立像,,寛永寺,,寛永寺,,台東区,13106,区民文化財,美術工芸品,ambiguous,2004-03-02,35.720447,139.770152,movable,representative_point,ambiguous,区民文化財,美術工芸品,,no_explicit_designation_level
municipal_source,台東区,文化財一覧,131067100099,https://www.city.taito.lg.jp/kusei/online/opendata/iryo/bunkazai.files/20250314_bunkazai.csv,13Tokyo/raw/municipal/13106/data.csv,下谷地区板碑群(追加5基),,金嶺寺,,金嶺寺,,台東区,13106,区民文化財,美術工芸品,ambiguous,2004-03-02,35.71932,139.767543,movable,representative_point,ambiguous,区民文化財,美術工芸品,,no_explicit_designation_level
municipal_source,台東区,文化財一覧,131067100100,https://www.city.taito.lg.jp/kusei/online/opendata/iryo/bunkazai.files/20250314_bunkazai.csv,13Tokyo/raw/municipal/13106/data.csv,橋場地域の生活資料(鈴木家資料),,,,個人,,台東区,13106,区民文化財,有形民俗文化財,ambiguous,2004-03-02,,,point,representative_point,ambiguous,区民文化財,有形民俗文化財,,no_explicit_designation_level
municipal_source,台東区,文化財一覧,131067100101,https://www.city.taito.lg.jp/kusei/online/opendata/iryo/bunkazai.files/20250314_bunkazai.csv,13Tokyo/raw/municipal/13106/data.csv,橋場地域の生活資料(東城家資料),,,,個人,,台東区,13106,区民文化財,有形民俗文化財,ambiguous,2004-03-02,,,point,representative_point,ambiguous,区民文化財,有形民俗文化財,,no_explicit_designation_level
municipal_source,台東区,文化財一覧,131067100102,https://www.city.taito.lg.jp/kusei/online/opendata/iryo/bunkazai.files/20250314_bunkazai.csv,13Tokyo/raw/municipal/13106/data.csv,刺繍仏涅槃図,,安楽寺,,安楽寺,,台東区,13106,区民文化財,美術工芸品,ambiguous,2005-03-01,35.725445,139.783576,movable,representative_point,ambiguous,区民文化財,美術工芸品,,no_explicit_designation_level
municipal_source,台東区,文化財一覧,131067100103,https://www.city.taito.lg.jp/kusei/online/opendata/iryo/bunkazai.files/20250314_bunkazai.csv,13Tokyo/raw/municipal/13106/data.csv,木造大黒天立像,,護国院,,護国院,,台東区,13106,区民文化財,美術工芸品,ambiguous,2005-03-01,35.718098,139.777876,movable,representative_point,ambiguous,区民文化財,美術工芸品,,no_explicit_designation_level
municipal_source,台東区,文化財一覧,131067100104,https://www.city.taito.lg.jp/kusei/online/opendata/iryo/bunkazai.files/20250314_bunkazai.csv,13Tokyo/raw/municipal/13106/data.csv,一石五輪塔,,西福寺,,西福寺,,台東区,13106,区民文化財,美術工芸品,ambiguous,2005-03-01,35.704407,139.789296,movable,representative_point,ambiguous,区民文化財,美術工芸品,,no_explicit_designation_level
municipal_source,台東区,文化財一覧,131067100105,https://www.city.taito.lg.jp/kusei/online/opendata/iryo/bunkazai.files/20250314_bunkazai.csv,13Tokyo/raw/municipal/13106/data.csv,木造四天王立像,,寛永寺,,寛永寺,,台東区,13106,区民文化財,美術工芸品,ambiguous,2006-03-01,35.720447,139.770152,movable,representative_point,ambiguous,区民文化財,美術工芸品,,no_explicit_designation_level
municipal_source,台東区,文化財一覧,131067100106,https://www.city.taito.lg.jp/kusei/online/opendata/iryo/bunkazai.files/20250314_bunkazai.csv,13Tokyo/raw/municipal/13106/data.csv,銅鐘,,輪王寺,,輪王寺,,台東区,13106,区民文化財,美術工芸品,ambiguous,2006-03-01,35.718098,139.777876,movable,representative_point,ambiguous,区民文化財,美術工芸品,,no_explicit_designation_level
municipal_source,台東区,文化財一覧,131067100107,https://www.city.taito.lg.jp/kusei/online/opendata/iryo/bunkazai.files/20250314_bunkazai.csv,13Tokyo/raw/municipal/13106/data.csv,銅鐘,,寛永寺,,寛永寺,,台東区,13106,区民文化財,美術工芸品,ambiguous,2006-03-01,35.720447,139.770152,movable,representative_point,ambiguous,区民文化財,美術工芸品,,no_explicit_designation_level
municipal_source,台東区,文化財一覧,131067100108,https://www.city.taito.lg.jp/kusei/online/opendata/iryo/bunkazai.files/20250314_bunkazai.csv,13Tokyo/raw/municipal/13106/data.csv,鰐口,,寛永寺,,寛永寺,,台東区,13106,区民文化財,美術工芸品,ambiguous,2006-03-01,35.720447,139.770152,movable,representative_point,ambiguous,区民文化財,美術工芸品,,no_explicit_designation_level
municipal_source,台東区,文化財一覧,131067100109,https://www.city.taito.lg.jp/kusei/online/opendata/iryo/bunkazai.files/20250314_bunkazai.csv,13Tokyo/raw/municipal/13106/data.csv,猿若町旧市村座太鼓,,猿若町会,,猿若町会,,台東区,13106,区民文化財,美術工芸品,ambiguous,2006-03-01,35.716255,139.799964,movable,representative_point,ambiguous,区民文化財,美術工芸品,,no_explicit_designation_level
municipal_source,台東区,文化財一覧,131067100110,https://www.city.taito.lg.jp/kusei/online/opendata/iryo/bunkazai.files/20250314_bunkazai.csv,13Tokyo/raw/municipal/13106/data.csv,上野広小路三橋遺構 附 出土近世遺物一括,,上野公園,,台東区教育委員会,,台東区,13106,区民文化財,建造物,ambiguous,2007-03-01,35.718098,139.777876,building_direct,building_candidate_point,ambiguous,区民文化財,建造物,,no_explicit_designation_level
municipal_source,台東区,文化財一覧,131067100112,https://www.city.taito.lg.jp/kusei/online/opendata/iryo/bunkazai.files/20250314_bunkazai.csv,13Tokyo/raw/municipal/13106/data.csv,絹本著色珪山宗璜像 附 絹本著色珪山宗璜像 紙本墨書珪山宗璜遺偈,,臨江寺,,臨江寺,,台東区,13106,区民文化財,美術工芸品,ambiguous,2007-03-01,35.71932,139.767543,movable,representative_point,ambiguous,区民文化財,美術工芸品,,no_explicit_designation_level
municipal_source,台東区,文化財一覧,131067100113,https://www.city.taito.lg.jp/kusei/online/opendata/iryo/bunkazai.files/20250314_bunkazai.csv,13Tokyo/raw/municipal/13106/data.csv,紙本著色金亀図 酒井抱一筆,,永称寺,,永称寺,,台東区,13106,区民文化財,美術工芸品,ambiguous,2007-03-01,35.723762,139.782708,movable,representative_point,ambiguous,区民文化財,美術工芸品,,no_explicit_designation_level
municipal_source,台東区,文化財一覧,131067100114,https://www.city.taito.lg.jp/kusei/online/opendata/iryo/bunkazai.files/20250314_bunkazai.csv,13Tokyo/raw/municipal/13106/data.csv,木造観音菩薩立像,,寛永寺清水観音堂,,寛永寺,,台東区,13106,区民文化財,美術工芸品,ambiguous,2007-03-01,35.718098,139.777876,movable,representative_point,ambiguous,区民文化財,美術工芸品,,no_explicit_designation_level
municipal_source,台東区,文化財一覧,131067100115,https://www.city.taito.lg.jp/kusei/online/opendata/iryo/bunkazai.files/20250314_bunkazai.csv,13Tokyo/raw/municipal/13106/data.csv,天王寺棟札,,天王寺,,天王寺,,台東区,13106,区民文化財,美術工芸品,ambiguous,2007-03-01,35.727344,139.769368,movable,representative_point,ambiguous,区民文化財,美術工芸品,,no_explicit_designation_level
municipal_source,台東区,文化財一覧,131067100116,https://www.city.taito.lg.jp/kusei/online/opendata/iryo/bunkazai.files/20250314_bunkazai.csv,13Tokyo/raw/municipal/13106/data.csv,庚申塔,,小野照崎神社ほか,,小野照崎神社ほか,,台東区,13106,区民文化財,有形民俗文化財,ambiguous,2007-03-01,,,point,representative_point,ambiguous,区民文化財,有形民俗文化財,,no_explicit_designation_level
municipal_source,台東区,文化財一覧,131067100118,https://www.city.taito.lg.jp/kusei/online/opendata/iryo/bunkazai.files/20250314_bunkazai.csv,13Tokyo/raw/municipal/13106/data.csv,絹本著色東叡山之図,,寛永寺,,寛永寺,,台東区,13106,区民文化財,美術工芸品,ambiguous,2008-03-17,35.720447,139.770152,movable,representative_point,ambiguous,区民文化財,美術工芸品,,no_explicit_designation_level
municipal_source,台東区,文化財一覧,131067100119,https://www.city.taito.lg.jp/kusei/online/opendata/iryo/bunkazai.files/20250314_bunkazai.csv,13Tokyo/raw/municipal/13106/data.csv,銅造観音菩薩坐像・銅造勢至菩薩坐像 附 石造基壇 石造手水鉢 石燈籠竿石,,浅草寺,,浅草寺,,台東区,13106,区民文化財,美術工芸品,ambiguous,2008-03-17,35.71461,139.794125,movable,representative_point,ambiguous,区民文化財,美術工芸品,,no_explicit_designation_level
municipal_source,台東区,文化財一覧,131067100121,https://www.city.taito.lg.jp/kusei/online/opendata/iryo/bunkazai.files/20250314_bunkazai.csv,13Tokyo/raw/municipal/13106/data.csv,坂本村文書,,台東区教育委員会,,台東区教育委員会,,台東区,13106,区民文化財,美術工芸品,ambiguous,2008-03-17,35.717536,139.789599,movable,representative_point,ambiguous,区民文化財,美術工芸品,,no_explicit_designation_level
municipal_source,台東区,文化財一覧,131067100122,https://www.city.taito.lg.jp/kusei/online/opendata/iryo/bunkazai.files/20250314_bunkazai.csv,13Tokyo/raw/municipal/13106/data.csv,三社船祭礼再興碑,,浅草寺,,浅草寺,,台東区,13106,区民文化財,美術工芸品,ambiguous,2008-03-17,35.71461,139.794125,movable,representative_point,ambiguous,区民文化財,美術工芸品,,no_explicit_designation_level
municipal_source,台東区,文化財一覧,131067100123,https://www.city.taito.lg.jp/kusei/online/opendata/iryo/bunkazai.files/20250314_bunkazai.csv,13Tokyo/raw/municipal/13106/data.csv,銅造阿弥陀如来立像及び両脇侍像,,灯明寺,,灯明寺,,台東区,13106,区民文化財,美術工芸品,ambiguous,2009-03-23,35.716979,139.783839,movable,representative_point,ambiguous,区民文化財,美術工芸品,,no_explicit_designation_level
municipal_source,台東区,文化財一覧,131067100124,https://www.city.taito.lg.jp/kusei/online/opendata/iryo/bunkazai.files/20250314_bunkazai.csv,13Tokyo/raw/municipal/13106/data.csv,銅鐘,,浅草寺,,浅草寺,,台東区,13106,区民文化財,美術工芸品,ambiguous,2009-03-23,35.71461,139.794125,movable,representative_point,ambiguous,区民文化財,美術工芸品,,no_explicit_designation_level
municipal_source,台東区,文化財一覧,131067100125,https://www.city.taito.lg.jp/kusei/online/opendata/iryo/bunkazai.files/20250314_bunkazai.csv,13Tokyo/raw/municipal/13106/data.csv,鰐口,,寛永寺,,寛永寺,,台東区,13106,区民文化財,美術工芸品,ambiguous,2009-03-23,35.720447,139.770152,movable,representative_point,ambiguous,区民文化財,美術工芸品,,no_explicit_designation_level
municipal_source,台東区,文化財一覧,131067100126,https://www.city.taito.lg.jp/kusei/online/opendata/iryo/bunkazai.files/20250314_bunkazai.csv,13Tokyo/raw/municipal/13106/data.csv,銘石「黒髪山」附.箱.紙本著色黒髪山縁起絵巻,,寛永寺,,寛永寺,,台東区,13106,区民文化財,美術工芸品,ambiguous,2009-03-23,35.720447,139.770152,movable,representative_point,ambiguous,区民文化財,美術工芸品,,no_explicit_designation_level
municipal_source,台東区,文化財一覧,131067100128,https://www.city.taito.lg.jp/kusei/online/opendata/iryo/bunkazai.files/20250314_bunkazai.csv,13Tokyo/raw/municipal/13106/data.csv,木造十二神将立像,,寛永寺,,寛永寺,,台東区,13106,区民文化財,美術工芸品,ambiguous,2010-03-02,35.720447,139.770152,movable,representative_point,ambiguous,区民文化財,美術工芸品,,no_explicit_designation_level
municipal_source,台東区,文化財一覧,131067100129,https://www.city.taito.lg.jp/kusei/online/opendata/iryo/bunkazai.files/20250314_bunkazai.csv,13Tokyo/raw/municipal/13106/data.csv,銅鐘,,唯念寺,,唯念寺,,台東区,13106,区民文化財,美術工芸品,ambiguous,2010-03-02,35.70976,139.78411,movable,representative_point,ambiguous,区民文化財,美術工芸品,,no_explicit_designation_level
municipal_source,台東区,文化財一覧,131067100130,https://www.city.taito.lg.jp/kusei/online/opendata/iryo/bunkazai.files/20250314_bunkazai.csv,13Tokyo/raw/municipal/13106/data.csv,鰐口,,寛永寺,,寛永寺,,台東区,13106,区民文化財,美術工芸品,ambiguous,2010-03-02,35.720447,139.770152,movable,representative_point,ambiguous,区民文化財,美術工芸品,,no_explicit_designation_level
municipal_source,台東区,文化財一覧,131067100131,https://www.city.taito.lg.jp/kusei/online/opendata/iryo/bunkazai.files/20250314_bunkazai.csv,13Tokyo/raw/municipal/13106/data.csv,日本図大鏡,,東照宮,,東照宮,,台東区,13106,区民文化財,美術工芸品,ambiguous,2010-03-02,35.718098,139.777876,movable,representative_point,ambiguous,区民文化財,美術工芸品,,no_explicit_designation_level
municipal_source,台東区,文化財一覧,131067100132,https://www.city.taito.lg.jp/kusei/online/opendata/iryo/bunkazai.files/20250314_bunkazai.csv,13Tokyo/raw/municipal/13106/data.csv,大太刀(陰陽丸),,熱田神社,,熱田神社,,台東区,13106,区民文化財,有形民俗文化財,ambiguous,2010-03-02,35.721618,139.803194,point,representative_point,ambiguous,区民文化財,有形民俗文化財,,no_explicit_designation_level
municipal_source,台東区,文化財一覧,131067100134,https://www.city.taito.lg.jp/kusei/online/opendata/iryo/bunkazai.files/20250314_bunkazai.csv,13Tokyo/raw/municipal/13106/data.csv,石造多宝塔,,浅草寺,,浅草寺,,台東区,13106,区民文化財,建造物,ambiguous,2011-03-16,35.71461,139.794125,building_direct,building_candidate_point,ambiguous,区民文化財,建造物,,no_explicit_designation_level
municipal_source,台東区,文化財一覧,131067100135,https://www.city.taito.lg.jp/kusei/online/opendata/iryo/bunkazai.files/20250314_bunkazai.csv,13Tokyo/raw/municipal/13106/data.csv,銅造観音菩薩坐像,,榧寺,,榧寺,,台東区,13106,区民文化財,美術工芸品,ambiguous,2011-03-16,35.70465,139.791433,movable,representative_point,ambiguous,区民文化財,美術工芸品,,no_explicit_designation_level
municipal_source,台東区,文化財一覧,131067100136,https://www.city.taito.lg.jp/kusei/online/opendata/iryo/bunkazai.files/20250314_bunkazai.csv,13Tokyo/raw/municipal/13106/data.csv,銅造宝篋印塔,,浅草寺,,浅草寺,,台東区,13106,区民文化財,美術工芸品,ambiguous,2011-03-16,35.71461,139.794125,movable,representative_point,ambiguous,区民文化財,美術工芸品,,no_explicit_designation_level
municipal_source,台東区,文化財一覧,131067100137,https://www.city.taito.lg.jp/kusei/online/opendata/iryo/bunkazai.files/20250314_bunkazai.csv,13Tokyo/raw/municipal/13106/data.csv,大久保主水忠記の井戸,,瑞輪寺,,瑞輪寺,,台東区,13106,区民文化財,美術工芸品,ambiguous,2011-03-16,35.722716,139.767424,movable,representative_point,ambiguous,区民文化財,美術工芸品,,no_explicit_designation_level
municipal_source,台東区,文化財一覧,131067100138,https://www.city.taito.lg.jp/kusei/online/opendata/iryo/bunkazai.files/20250314_bunkazai.csv,13Tokyo/raw/municipal/13106/data.csv,谷中三崎町会文書(野池家所蔵),,台東区教育委員会,,台東区教育委員会,,台東区,13106,区民文化財,美術工芸品,ambiguous,2011-03-16,35.717536,139.789599,movable,representative_point,ambiguous,区民文化財,美術工芸品,,no_explicit_designation_level
municipal_source,台東区,文化財一覧,131067100139,https://www.city.taito.lg.jp/kusei/online/opendata/iryo/bunkazai.files/20250314_bunkazai.csv,13Tokyo/raw/municipal/13106/data.csv,銅造阿弥陀如来坐像,,浅草寺,,浅草寺,,台東区,13106,区民文化財,美術工芸品,ambiguous,2012-03-05,35.71461,139.794125,movable,representative_point,ambiguous,区民文化財,美術工芸品,,no_explicit_designation_level
municipal_source,台東区,文化財一覧,131067100140,https://www.city.taito.lg.jp/kusei/online/opendata/iryo/bunkazai.files/20250314_bunkazai.csv,13Tokyo/raw/municipal/13106/data.csv,天王寺版木,,天王寺,,天王寺,,台東区,13106,区民文化財,美術工芸品,ambiguous,2012-03-05,35.727344,139.769368,movable,representative_point,ambiguous,区民文化財,美術工芸品,,no_explicit_designation_level
municipal_source,台東区,文化財一覧,131067100141,https://www.city.taito.lg.jp/kusei/online/opendata/iryo/bunkazai.files/20250314_bunkazai.csv,13Tokyo/raw/municipal/13106/data.csv,谷中三崎町会文書(台東区教育委員会所蔵),,台東区教育委員会,,台東区教育委員会,,台東区,13106,区民文化財,美術工芸品,ambiguous,2012-03-05,35.717536,139.789599,movable,representative_point,ambiguous,区民文化財,美術工芸品,,no_explicit_designation_level
municipal_source,台東区,文化財一覧,131067100142,https://www.city.taito.lg.jp/kusei/online/opendata/iryo/bunkazai.files/20250314_bunkazai.csv,13Tokyo/raw/municipal/13106/data.csv,下谷地区板碑群(追加2基),,天王寺,,天王寺,,台東区,13106,区民文化財,美術工芸品,ambiguous,2012-03-05,35.727344,139.769368,movable,representative_point,ambiguous,区民文化財,美術工芸品,,no_explicit_designation_level
municipal_source,台東区,文化財一覧,131067100143,https://www.city.taito.lg.jp/kusei/online/opendata/iryo/bunkazai.files/20250314_bunkazai.csv,13Tokyo/raw/municipal/13106/data.csv,木造秋葉権現騎狐像,,榧寺,,榧寺,,台東区,13106,区民文化財,美術工芸品,ambiguous,2013-03-14,35.70465,139.791433,movable,representative_point,ambiguous,区民文化財,美術工芸品,,no_explicit_designation_level
municipal_source,台東区,文化財一覧,131067100144,https://www.city.taito.lg.jp/kusei/online/opendata/iryo/bunkazai.files/20250314_bunkazai.csv,13Tokyo/raw/municipal/13106/data.csv,浅草寺版木,,浅草寺,,浅草寺,,台東区,13106,区民文化財,美術工芸品,ambiguous,2013-03-14,35.71461,139.794125,movable,representative_point,ambiguous,区民文化財,美術工芸品,,no_explicit_designation_level
municipal_source,台東区,文化財一覧,131067100145,https://www.city.taito.lg.jp/kusei/online/opendata/iryo/bunkazai.files/20250314_bunkazai.csv,13Tokyo/raw/municipal/13106/data.csv,北豊島郡浅草区地方今戸町(自壱番地至拾五番地)実測図,,台東区教育委員会,,台東区教育委員会,,台東区,13106,区民文化財,美術工芸品,ambiguous,2013-03-14,35.717536,139.789599,movable,representative_point,ambiguous,区民文化財,美術工芸品,,no_explicit_designation_level
municipal_source,台東区,文化財一覧,131067100146,https://www.city.taito.lg.jp/kusei/online/opendata/iryo/bunkazai.files/20250314_bunkazai.csv,13Tokyo/raw/municipal/13106/data.csv,今戸人形の型,,,,個人,,台東区,13106,区民文化財,有形民俗文化財,ambiguous,2013-03-14,,,point,representative_point,ambiguous,区民文化財,有形民俗文化財,,no_explicit_designation_level
municipal_source,台東区,文化財一覧,131067100147,https://www.city.taito.lg.jp/kusei/online/opendata/iryo/bunkazai.files/20250314_bunkazai.csv,13Tokyo/raw/municipal/13106/data.csv,浅草寺絵馬・扁額群,,浅草寺,,浅草寺,,台東区,13106,区民文化財,有形民俗文化財,ambiguous,2013-03-14,35.71461,139.794125,point,representative_point,ambiguous,区民文化財,有形民俗文化財,,no_explicit_designation_level
municipal_source,台東区,文化財一覧,131067100148,https://www.city.taito.lg.jp/kusei/online/opendata/iryo/bunkazai.files/20250314_bunkazai.csv,13Tokyo/raw/municipal/13106/data.csv,銅造観音菩薩坐像,,浅草寺,,浅草寺,,台東区,13106,区民文化財,美術工芸品,ambiguous,2014-03-03,35.71461,139.794125,movable,representative_point,ambiguous,区民文化財,美術工芸品,,no_explicit_designation_level
municipal_source,台東区,文化財一覧,131067100149,https://www.city.taito.lg.jp/kusei/online/opendata/iryo/bunkazai.files/20250314_bunkazai.csv,13Tokyo/raw/municipal/13106/data.csv,浅草神社の仮面 附.鬼毛,,浅草神社,,浅草神社,,台東区,13106,区民文化財,美術工芸品,ambiguous,2014-03-03,35.71461,139.794125,movable,representative_point,ambiguous,区民文化財,美術工芸品,,no_explicit_designation_level
municipal_source,台東区,文化財一覧,131067100150,https://www.city.taito.lg.jp/kusei/online/opendata/iryo/bunkazai.files/20250314_bunkazai.csv,13Tokyo/raw/municipal/13106/data.csv,柏木家文書,,台東区教育委員会,,台東区教育委員会,,台東区,13106,区民文化財,美術工芸品,ambiguous,2014-03-03,35.717536,139.789599,movable,representative_point,ambiguous,区民文化財,美術工芸品,,no_explicit_designation_level
municipal_source,台東区,文化財一覧,131067100151,https://www.city.taito.lg.jp/kusei/online/opendata/iryo/bunkazai.files/20250314_bunkazai.csv,13Tokyo/raw/municipal/13106/data.csv,木造阿弥陀如来坐像,,光明寺,,光明寺,,台東区,13106,区民文化財,美術工芸品,ambiguous,2015-03-13,35.709415,139.78668,movable,representative_point,ambiguous,区民文化財,美術工芸品,,no_explicit_designation_level
municipal_source,台東区,文化財一覧,131067100152,https://www.city.taito.lg.jp/kusei/online/opendata/iryo/bunkazai.files/20250314_bunkazai.csv,13Tokyo/raw/municipal/13106/data.csv,徳川将軍家朱印状,,浅草寺,,浅草寺,,台東区,13106,区民文化財,美術工芸品,ambiguous,2015-03-13,35.71461,139.794125,movable,representative_point,ambiguous,区民文化財,美術工芸品,,no_explicit_designation_level
municipal_source,台東区,文化財一覧,131067100153,https://www.city.taito.lg.jp/kusei/online/opendata/iryo/bunkazai.files/20250314_bunkazai.csv,13Tokyo/raw/municipal/13106/data.csv,諸願伺届扣(感応寺旧蔵),,台東区教育委員会,,台東区教育委員会,,台東区,13106,区民文化財,美術工芸品,ambiguous,2015-03-13,35.717536,139.789599,movable,representative_point,ambiguous,区民文化財,美術工芸品,,no_explicit_designation_level
municipal_source,台東区,文化財一覧,131067100154,https://www.city.taito.lg.jp/kusei/online/opendata/iryo/bunkazai.files/20250314_bunkazai.csv,13Tokyo/raw/municipal/13106/data.csv,谷素外寿碑,,慶養寺,,慶養寺,,台東区,13106,区民文化財,美術工芸品,ambiguous,2015-03-13,35.719423,139.804258,movable,representative_point,ambiguous,区民文化財,美術工芸品,,no_explicit_designation_level
municipal_source,台東区,文化財一覧,131067100155,https://www.city.taito.lg.jp/kusei/online/opendata/iryo/bunkazai.files/20250314_bunkazai.csv,13Tokyo/raw/municipal/13106/data.csv,谷素外墓碑,,慶養寺,,慶養寺,,台東区,13106,区民文化財,美術工芸品,ambiguous,2015-03-13,35.719423,139.804258,movable,representative_point,ambiguous,区民文化財,美術工芸品,,no_explicit_designation_level
municipal_source,台東区,文化財一覧,131067100156,https://www.city.taito.lg.jp/kusei/online/opendata/iryo/bunkazai.files/20250314_bunkazai.csv,13Tokyo/raw/municipal/13106/data.csv,浅草寺棟札,,浅草寺,,浅草寺,,台東区,13106,区民文化財,美術工芸品,ambiguous,2015-03-13,35.71461,139.794125,movable,representative_point,ambiguous,区民文化財,美術工芸品,,no_explicit_designation_level
municipal_source,台東区,文化財一覧,131067100158,https://www.city.taito.lg.jp/kusei/online/opendata/iryo/bunkazai.files/20250314_bunkazai.csv,13Tokyo/raw/municipal/13106/data.csv,銅鐘,,宗林寺,,宗林寺,,台東区,13106,区民文化財,美術工芸品,ambiguous,2016-03-15,35.726192,139.765089,movable,representative_point,ambiguous,区民文化財,美術工芸品,,no_explicit_designation_level
municipal_source,台東区,文化財一覧,131067100159,https://www.city.taito.lg.jp/kusei/online/opendata/iryo/bunkazai.files/20250314_bunkazai.csv,13Tokyo/raw/municipal/13106/data.csv,今戸人形の型(追加),,,,個人,,台東区,13106,区民文化財,有形民俗文化財,ambiguous,2016-03-15,,,point,representative_point,ambiguous,区民文化財,有形民俗文化財,,no_explicit_designation_level
municipal_source,台東区,文化財一覧,131067100160,https://www.city.taito.lg.jp/kusei/online/opendata/iryo/bunkazai.files/20250314_bunkazai.csv,13Tokyo/raw/municipal/13106/data.csv,西蔵院棟札,,西蔵院,,西蔵院,,台東区,13106,区民文化財,美術工芸品,ambiguous,2016-03-15,35.723762,139.782708,movable,representative_point,ambiguous,区民文化財,美術工芸品,,no_explicit_designation_level
municipal_source,台東区,文化財一覧,131067100162,https://www.city.taito.lg.jp/kusei/online/opendata/iryo/bunkazai.files/20250314_bunkazai.csv,13Tokyo/raw/municipal/13106/data.csv,吉徳これくしょん(和書),,株式会社吉徳,,株式会社吉徳,,台東区,13106,区民文化財,有形民俗文化財,ambiguous,2016-03-15,35.698366,139.784325,point,representative_point,ambiguous,区民文化財,有形民俗文化財,,no_explicit_designation_level
municipal_source,台東区,文化財一覧,131067100163,https://www.city.taito.lg.jp/kusei/online/opendata/iryo/bunkazai.files/20250314_bunkazai.csv,13Tokyo/raw/municipal/13106/data.csv,吉徳これくしょん(一枚刷),,株式会社吉徳,,株式会社吉徳,,台東区,13106,区民文化財,有形民俗文化財,ambiguous,2016-03-15,35.698366,139.784325,point,representative_point,ambiguous,区民文化財,有形民俗文化財,,no_explicit_designation_level
municipal_source,台東区,文化財一覧,131067100164,https://www.city.taito.lg.jp/kusei/online/opendata/iryo/bunkazai.files/20250314_bunkazai.csv,13Tokyo/raw/municipal/13106/data.csv,銅造阿弥陀如来坐像,,仰願寺,,仰願寺,,台東区,13106,区民文化財,美術工芸品,ambiguous,2017-03-15,35.724747,139.803682,movable,representative_point,ambiguous,区民文化財,美術工芸品,,no_explicit_designation_level
municipal_source,台東区,文化財一覧,131067100165,https://www.city.taito.lg.jp/kusei/online/opendata/iryo/bunkazai.files/20250314_bunkazai.csv,13Tokyo/raw/municipal/13106/data.csv,銅造地蔵菩薩片足踏下げ像,,念佛院,,念佛院,,台東区,13106,区民文化財,美術工芸品,ambiguous,2017-03-15,35.724747,139.803682,movable,representative_point,ambiguous,区民文化財,美術工芸品,,no_explicit_designation_level
municipal_source,台東区,文化財一覧,131067100166,https://www.city.taito.lg.jp/kusei/online/opendata/iryo/bunkazai.files/20250314_bunkazai.csv,13Tokyo/raw/municipal/13106/data.csv,護国院版木 附 印章等,,護国院,,護国院,,台東区,13106,区民文化財,美術工芸品,ambiguous,2017-03-15,35.718098,139.777876,movable,representative_point,ambiguous,区民文化財,美術工芸品,,no_explicit_designation_level
municipal_source,台東区,文化財一覧,131067100167,https://www.city.taito.lg.jp/kusei/online/opendata/iryo/bunkazai.files/20250314_bunkazai.csv,13Tokyo/raw/municipal/13106/data.csv,紙本著色文恭院殿葬送絵巻,,春性院,,春性院,,台東区,13106,区民文化財,美術工芸品,ambiguous,2017-03-15,35.718098,139.777876,movable,representative_point,ambiguous,区民文化財,美術工芸品,,no_explicit_designation_level
municipal_source,台東区,文化財一覧,131067100168,https://www.city.taito.lg.jp/kusei/online/opendata/iryo/bunkazai.files/20250314_bunkazai.csv,13Tokyo/raw/municipal/13106/data.csv,吉徳これくしょん〔芝居番付類(一枚刷)〕,,株式会社吉徳,,株式会社吉徳,,台東区,13106,区民文化財,有形民俗文化財,ambiguous,2017-03-15,35.698366,139.784325,point,representative_point,ambiguous,区民文化財,有形民俗文化財,,no_explicit_designation_level
municipal_source,台東区,文化財一覧,131067100169,https://www.city.taito.lg.jp/kusei/online/opendata/iryo/bunkazai.files/20250314_bunkazai.csv,13Tokyo/raw/municipal/13106/data.csv,木造聖徳太子立像,,報恩寺,,報恩寺,,台東区,13106,区民文化財,美術工芸品,ambiguous,2018-03-15,35.714568,139.784095,movable,representative_point,ambiguous,区民文化財,美術工芸品,,no_explicit_designation_level
municipal_source,台東区,文化財一覧,131067100170,https://www.city.taito.lg.jp/kusei/online/opendata/iryo/bunkazai.files/20250314_bunkazai.csv,13Tokyo/raw/municipal/13106/data.csv,髪繍六字名号,,念佛院,,念佛院,,台東区,13106,区民文化財,美術工芸品,ambiguous,2018-03-15,35.724747,139.803682,movable,representative_point,ambiguous,区民文化財,美術工芸品,,no_explicit_designation_level
municipal_source,台東区,文化財一覧,131067100171,https://www.city.taito.lg.jp/kusei/online/opendata/iryo/bunkazai.files/20250314_bunkazai.csv,13Tokyo/raw/municipal/13106/data.csv,吉徳これくしょん(古文書),,株式会社吉徳,,株式会社吉徳,,台東区,13106,区民文化財,有形民俗文化財,ambiguous,2018-03-15,35.698366,139.784325,point,representative_point,ambiguous,区民文化財,有形民俗文化財,,no_explicit_designation_level
municipal_source,台東区,文化財一覧,131067100172,https://www.city.taito.lg.jp/kusei/online/opendata/iryo/bunkazai.files/20250314_bunkazai.csv,13Tokyo/raw/municipal/13106/data.csv,浅草寺版木(追加),,浅草寺,,浅草寺,,台東区,13106,区民文化財,美術工芸品,ambiguous,2019-03-15,35.71461,139.794125,movable,representative_point,ambiguous,区民文化財,美術工芸品,,no_explicit_designation_level
municipal_source,台東区,文化財一覧,131067100173,https://www.city.taito.lg.jp/kusei/online/opendata/iryo/bunkazai.files/20250314_bunkazai.csv,13Tokyo/raw/municipal/13106/data.csv,網野宥俊採集の浅草寺旧本堂跡出土資料一括,,浅草寺,,浅草寺,,台東区,13106,区民文化財,美術工芸品,ambiguous,2019-03-15,35.71461,139.794125,movable,representative_point,ambiguous,区民文化財,美術工芸品,,no_explicit_designation_level
municipal_source,台東区,文化財一覧,131067100174,https://www.city.taito.lg.jp/kusei/online/opendata/iryo/bunkazai.files/20250314_bunkazai.csv,13Tokyo/raw/municipal/13106/data.csv,吉徳これくしょん(羽子板),,株式会社吉徳,,株式会社吉徳,,台東区,13106,区民文化財,有形民俗文化財,ambiguous,2019-03-15,35.698366,139.784325,point,representative_point,ambiguous,区民文化財,有形民俗文化財,,no_explicit_designation_level
municipal_source,台東区,文化財一覧,131067100176,https://www.city.taito.lg.jp/kusei/online/opendata/iryo/bunkazai.files/20250314_bunkazai.csv,13Tokyo/raw/municipal/13106/data.csv,長安寺版木,,長安寺,,長安寺,,台東区,13106,区民文化財,美術工芸品,ambiguous,2020-03-13,35.72441,139.768063,movable,representative_point,ambiguous,区民文化財,美術工芸品,,no_explicit_designation_level
municipal_source,台東区,文化財一覧,131067100177,https://www.city.taito.lg.jp/kusei/online/opendata/iryo/bunkazai.files/20250314_bunkazai.csv,13Tokyo/raw/municipal/13106/data.csv,総持院版木,,総持院,,総持院,,台東区,13106,区民文化財,美術工芸品,ambiguous,2020-03-13,35.721578,139.770059,movable,representative_point,ambiguous,区民文化財,美術工芸品,,no_explicit_designation_level
municipal_source,台東区,文化財一覧,131067100178,https://www.city.taito.lg.jp/kusei/online/opendata/iryo/bunkazai.files/20250314_bunkazai.csv,13Tokyo/raw/municipal/13106/data.csv,吉徳これくしょん(五月人形),,株式会社吉徳,,株式会社吉徳,,台東区,13106,区民文化財,有形民俗文化財,ambiguous,2020-03-13,35.698366,139.784325,point,representative_point,ambiguous,区民文化財,有形民俗文化財,,no_explicit_designation_level
municipal_source,台東区,文化財一覧,131067100179,https://www.city.taito.lg.jp/kusei/online/opendata/iryo/bunkazai.files/20250314_bunkazai.csv,13Tokyo/raw/municipal/13106/data.csv,木造僧形坐像,,浅草寺,,浅草寺,,台東区,13106,区民文化財,美術工芸品,ambiguous,2021-03-01,35.71461,139.794125,movable,representative_point,ambiguous,区民文化財,美術工芸品,,no_explicit_designation_level
municipal_source,台東区,文化財一覧,131067100180,https://www.city.taito.lg.jp/kusei/online/opendata/iryo/bunkazai.files/20250314_bunkazai.csv,13Tokyo/raw/municipal/13106/data.csv,望月家文書 附 浅草質屋組合資料,,台東区教育委員会,,台東区教育委員会,,台東区,13106,区民文化財,美術工芸品,ambiguous,2021-03-01,35.717536,139.789599,movable,representative_point,ambiguous,区民文化財,美術工芸品,,no_explicit_designation_level
municipal_source,台東区,文化財一覧,131067100181,https://www.city.taito.lg.jp/kusei/online/opendata/iryo/bunkazai.files/20250314_bunkazai.csv,13Tokyo/raw/municipal/13106/data.csv,吉徳これくしょん(雛人形),,株式会社吉徳,,株式会社吉徳,,台東区,13106,区民文化財,有形民俗文化財,ambiguous,2021-03-01,35.698366,139.784325,point,representative_point,ambiguous,区民文化財,有形民俗文化財,,no_explicit_designation_level
municipal_source,台東区,文化財一覧,131067100182,https://www.city.taito.lg.jp/kusei/online/opendata/iryo/bunkazai.files/20250314_bunkazai.csv,13Tokyo/raw/municipal/13106/data.csv,渋沢栄一家墓所,,谷中霊園,,個人,,台東区,13106,区民文化財,史跡,ambiguous,2021-03-01,35.727344,139.769368,point,representative_point,ambiguous,区民文化財,史跡,,no_explicit_designation_level
municipal_source,台東区,文化財一覧,131067100183,https://www.city.taito.lg.jp/kusei/online/opendata/iryo/bunkazai.files/20250314_bunkazai.csv,13Tokyo/raw/municipal/13106/data.csv,鰐口,,千手院,,千手院,,台東区,13106,区民文化財,美術工芸品,ambiguous,2022-02-01,35.723762,139.782708,movable,representative_point,ambiguous,区民文化財,美術工芸品,,no_explicit_designation_level
municipal_source,台東区,文化財一覧,131067100184,https://www.city.taito.lg.jp/kusei/online/opendata/iryo/bunkazai.files/20250314_bunkazai.csv,13Tokyo/raw/municipal/13106/data.csv,鰐口,,要伝寺,,要伝寺,,台東区,13106,区民文化財,美術工芸品,ambiguous,2022-02-01,35.723762,139.782708,movable,representative_point,ambiguous,区民文化財,美術工芸品,,no_explicit_designation_level
municipal_source,台東区,文化財一覧,131067100185,https://www.city.taito.lg.jp/kusei/online/opendata/iryo/bunkazai.files/20250314_bunkazai.csv,13Tokyo/raw/municipal/13106/data.csv,稲垣利兵衛家文書,,台東区教育委員会,,台東区教育委員会,,台東区,13106,区民文化財,美術工芸品,ambiguous,2022-02-01,35.717536,139.789599,movable,representative_point,ambiguous,区民文化財,美術工芸品,,no_explicit_designation_level
municipal_source,台東区,文化財一覧,131067100186,https://www.city.taito.lg.jp/kusei/online/opendata/iryo/bunkazai.files/20250314_bunkazai.csv,13Tokyo/raw/municipal/13106/data.csv,東叡開山慈眼大師伝記,,春性院,,春性院,,台東区,13106,区民文化財,美術工芸品,ambiguous,2022-02-01,35.718098,139.777876,movable,representative_point,ambiguous,区民文化財,美術工芸品,,no_explicit_designation_level
municipal_source,台東区,文化財一覧,131067100187,https://www.city.taito.lg.jp/kusei/online/opendata/iryo/bunkazai.files/20250314_bunkazai.csv,13Tokyo/raw/municipal/13106/data.csv,徳川家光薨去に伴う殉死者の墓,,現龍院,,現龍院,,台東区,13106,区民文化財,史跡,ambiguous,2022-02-01,35.718098,139.777876,point,representative_point,ambiguous,区民文化財,史跡,,no_explicit_designation_level
municipal_source,台東区,文化財一覧,131067100188,https://www.city.taito.lg.jp/kusei/online/opendata/iryo/bunkazai.files/20250314_bunkazai.csv,13Tokyo/raw/municipal/13106/data.csv,喚鐘,,護国院,,護国院,,台東区,13106,区民文化財,美術工芸品,ambiguous,2023-02-07,35.718098,139.777876,movable,representative_point,ambiguous,区民文化財,美術工芸品,,no_explicit_designation_level
municipal_source,台東区,文化財一覧,131067100189,https://www.city.taito.lg.jp/kusei/online/opendata/iryo/bunkazai.files/20250314_bunkazai.csv,13Tokyo/raw/municipal/13106/data.csv,びんざさら舞獅子役附畑地譲証文,,台東区教育委員会,,台東区教育委員会,,台東区,13106,区民文化財,美術工芸品,ambiguous,2023-02-07,35.717536,139.789599,movable,representative_point,ambiguous,区民文化財,美術工芸品,,no_explicit_designation_level
municipal_source,台東区,文化財一覧,131067100190,https://www.city.taito.lg.jp/kusei/online/opendata/iryo/bunkazai.files/20250314_bunkazai.csv,13Tokyo/raw/municipal/13106/data.csv,関東大震災復興区画整理完成記念碑,,御徒町公園,,台東区,,台東区,13106,区民文化財,美術工芸品,ambiguous,2023-02-07,35.706226,139.77787,movable,representative_point,ambiguous,区民文化財,美術工芸品,,no_explicit_designation_level
municipal_source,墨田区,文化財一覧,131075100001,https://www.opendata.metro.tokyo.lg.jp/sumida/131075_cultural_property.csv,13Tokyo/raw/municipal/13107/data.csv,牛嶋神社石造鳥居,,,,宗教法人 牛嶋神社,,墨田区,13107,有形文化財(建造物),建造物,ambiguous,1984-06-15,35.712626,139.804857,building_direct,building_candidate_point,ambiguous,有形文化財(建造物),,,no_explicit_designation_level
municipal_source,墨田区,文化財一覧,131075100002,https://www.opendata.metro.tokyo.lg.jp/sumida/131075_cultural_property.csv,13Tokyo/raw/municipal/13107/data.csv,白髭神社石造鳥居,,,,宗教法人 白髭神社,,墨田区,13107,有形文化財(建造物),建造物,ambiguous,1984-06-15,35.711242,139.837081,building_direct,building_candidate_point,ambiguous,有形文化財(建造物),,,no_explicit_designation_level
municipal_source,墨田区,文化財一覧,131075100003,https://www.opendata.metro.tokyo.lg.jp/sumida/131075_cultural_property.csv,13Tokyo/raw/municipal/13107/data.csv,多聞寺山門,,,,宗教法人 多聞寺,,墨田区,13107,有形文化財(建造物),建造物,ambiguous,1989-12-08(2004-10-01),35.738489,139.819313,building_direct,building_candidate_point,ambiguous,有形文化財(建造物),,,no_explicit_designation_level
municipal_source,墨田区,文化財一覧,131075100004,https://www.opendata.metro.tokyo.lg.jp/sumida/131075_cultural_property.csv,13Tokyo/raw/municipal/13107/data.csv,旧小山家住宅,,,,墨田区(郷土文化資料館),,墨田区,13107,有形文化財(建造物),建造物,ambiguous,1999-02-16(1999-08-05),35.709865,139.838144,building_direct,building_candidate_point,ambiguous,有形文化財(建造物),,,no_explicit_designation_level
municipal_source,墨田区,文化財一覧,131075100005,https://www.opendata.metro.tokyo.lg.jp/sumida/131075_cultural_property.csv,13Tokyo/raw/municipal/13107/data.csv,小林家住宅 ※非公開,,,,個人,,墨田区,13107,有形文化財(建造物),建造物,ambiguous,2001-02-08,,,building_direct,building_candidate_point,ambiguous,有形文化財(建造物),,,no_explicit_designation_level
municipal_source,墨田区,文化財一覧,131075100006,https://www.opendata.metro.tokyo.lg.jp/sumida/131075_cultural_property.csv,13Tokyo/raw/municipal/13107/data.csv,三囲神社石造鳥居(堤下の大鳥居),,,,宗教法人 三囲神社,,墨田区,13107,有形文化財(建造物),建造物,ambiguous,2002-02-07,35.71499,139.806798,building_direct,building_candidate_point,ambiguous,有形文化財(建造物),,,no_explicit_designation_level
municipal_source,墨田区,文化財一覧,131075100007,https://www.opendata.metro.tokyo.lg.jp/sumida/131075_cultural_property.csv,13Tokyo/raw/municipal/13107/data.csv,弘福寺本堂(大雄寳殿),,,,宗教法人 弘福寺,,墨田区,13107,有形文化財(建造物),建造物,ambiguous,2003-10-16(2017-06-01),35.717119,139.808921,building_direct,building_candidate_point,ambiguous,有形文化財(建造物),,,no_explicit_designation_level
municipal_source,墨田区,文化財一覧,131075100008,https://www.opendata.metro.tokyo.lg.jp/sumida/131075_cultural_property.csv,13Tokyo/raw/municipal/13107/data.csv,三囲神社本社,,,,宗教法人 三囲神社,,墨田区,13107,有形文化財(建造物),建造物,ambiguous,2003-10-16,35.71499,139.806798,building_direct,building_candidate_point,ambiguous,有形文化財(建造物),,,no_explicit_designation_level
municipal_source,墨田区,文化財一覧,131075100009,https://www.opendata.metro.tokyo.lg.jp/sumida/131075_cultural_property.csv,13Tokyo/raw/municipal/13107/data.csv,旧鈴木八太郎家住宅 ※非公開,,,,個人,,墨田区,13107,有形文化財(建造物),建造物,ambiguous,2011-08-24,,,building_direct,building_candidate_point,ambiguous,有形文化財(建造物),,,no_explicit_designation_level
municipal_source,墨田区,文化財一覧,131075100010,https://www.opendata.metro.tokyo.lg.jp/sumida/131075_cultural_property.csv,13Tokyo/raw/municipal/13107/data.csv,牛嶋神社社殿,,,,宗教法人 牛嶋神社,,墨田区,13107,有形文化財(建造物),建造物,ambiguous,2018-11-08,35.712626,139.804857,building_direct,building_candidate_point,ambiguous,有形文化財(建造物),,,no_explicit_designation_level
municipal_source,墨田区,文化財一覧,131075100011,https://www.opendata.metro.tokyo.lg.jp/sumida/131075_cultural_property.csv,13Tokyo/raw/municipal/13107/data.csv,牛嶋神社神輿蔵,,,,宗教法人 牛嶋神社,,墨田区,13107,有形文化財(建造物),建造物,ambiguous,2018-11-08,35.712626,139.804857,building_direct,building_candidate_point,ambiguous,有形文化財(建造物),,,no_explicit_designation_level
municipal_source,墨田区,文化財一覧,131075100012,https://www.opendata.metro.tokyo.lg.jp/sumida/131075_cultural_property.csv,13Tokyo/raw/municipal/13107/data.csv,隅田川神社社殿,,,,宗教法人 隅田川神社,,墨田区,13107,有形文化財(建造物),建造物,ambiguous,2020-08-27(2024-10-24),35.732617,139.812738,building_direct,building_candidate_point,ambiguous,有形文化財(建造物),,,no_explicit_designation_level
municipal_source,墨田区,文化財一覧,131075100013,https://www.opendata.metro.tokyo.lg.jp/sumida/131075_cultural_property.csv,13Tokyo/raw/municipal/13107/data.csv,吉野家住宅主屋及び表門,,,,一般社団法人ワイズマネジメント,,墨田区,13107,有形文化財(建造物),建造物,ambiguous,2023-04-24,35.423292,139.493784,building_direct,building_candidate_point,ambiguous,有形文化財(建造物),,,no_explicit_designation_level
municipal_source,墨田区,文化財一覧,131075100014,https://www.opendata.metro.tokyo.lg.jp/sumida/131075_cultural_property.csv,13Tokyo/raw/municipal/13107/data.csv,實相寺熊谷稲荷堂 附再建関連文書ニ点・青図三枚・写真一点,,,,宗教法人 實相寺,,墨田区,13107,有形文化財(建造物),建造物,ambiguous,2024-05-24,35.70591,139.800125,building_direct,building_candidate_point,ambiguous,有形文化財(建造物),,,no_explicit_designation_level
municipal_source,墨田区,文化財一覧,131075100015,https://www.opendata.metro.tokyo.lg.jp/sumida/131075_cultural_property.csv,13Tokyo/raw/municipal/13107/data.csv,紙本着色「梅若権現御縁起」(全三巻) 附漆箱二匣 ※非公開,,,,宗教法人 木母寺,,墨田区,13107,有形文化財(絵画・典籍),典籍,ambiguous,1988-08-05(1996-07-11),35.733936,139.814255,movable,representative_point,ambiguous,有形文化財(絵画・典籍),,,no_explicit_designation_level
municipal_source,墨田区,文化財一覧,131075100016,https://www.opendata.metro.tokyo.lg.jp/sumida/131075_cultural_property.csv,13Tokyo/raw/municipal/13107/data.csv,楢崎宗重博士旧蔵美術資料群(楢崎宗重コレクション),,,,墨田区(文化芸術振興課),,墨田区,13107,有形文化財(絵画・歴史資料),歴史資料,ambiguous,1998-04-14,35.710228,139.801576,point,representative_point,ambiguous,有形文化財(絵画・歴史資料),,,no_explicit_designation_level
municipal_source,墨田区,文化財一覧,131075100017,https://www.opendata.metro.tokyo.lg.jp/sumida/131075_cultural_property.csv,13Tokyo/raw/municipal/13107/data.csv,紙本着色「隅田川両岸景色図」一巻,,,,墨田区(文化芸術振興課),,墨田区,13107,有形文化財(絵画・歴史資料),歴史資料,ambiguous,2015-11-19,35.710228,139.801576,point,representative_point,ambiguous,有形文化財(絵画・歴史資料),,,no_explicit_designation_level
municipal_source,墨田区,文化財一覧,131075100018,https://www.opendata.metro.tokyo.lg.jp/sumida/131075_cultural_property.csv,13Tokyo/raw/municipal/13107/data.csv,板絵墨絵「神竜図」 鴨下晁湖筆,,,,宗教法人 隅田稲荷神社,,墨田区,13107,有形文化財(絵画),美術工芸品,ambiguous,2000-12-07,35.731603,139.824495,movable,representative_point,ambiguous,有形文化財(絵画),,,no_explicit_designation_level
municipal_source,墨田区,文化財一覧,131075100019,https://www.opendata.metro.tokyo.lg.jp/sumida/131075_cultural_property.csv,13Tokyo/raw/municipal/13107/data.csv,ピーター・モース氏旧蔵北斎関係美術資料群(ピーター・モースコレクション),,,,墨田区(文化芸術振興課),,墨田区,13107,有形文化財(絵画),美術工芸品,ambiguous,2004-01-08,35.710228,139.801576,movable,representative_point,ambiguous,有形文化財(絵画),,,no_explicit_designation_level
municipal_source,墨田区,文化財一覧,131075100020,https://www.opendata.metro.tokyo.lg.jp/sumida/131075_cultural_property.csv,13Tokyo/raw/municipal/13107/data.csv,絹本着色涅槃図 神田吉左衛門筆 ※非公開,,,,宗教法人 圓徳寺,,墨田区,13107,有形文化財(絵画),美術工芸品,ambiguous,2008-06-16,35.734315,139.819065,movable,representative_point,ambiguous,有形文化財(絵画),,,no_explicit_designation_level
municipal_source,墨田区,文化財一覧,131075100021,https://www.opendata.metro.tokyo.lg.jp/sumida/131075_cultural_property.csv,13Tokyo/raw/municipal/13107/data.csv,弘福寺所蔵絵画資料 ※非公開,,,,宗教法人 弘福寺,,墨田区,13107,有形文化財(絵画),美術工芸品,ambiguous,H26.2.5;H30.3.22,35.717119,139.808921,movable,representative_point,ambiguous,有形文化財(絵画),,,no_explicit_designation_level
municipal_source,墨田区,文化財一覧,131075100022,https://www.opendata.metro.tokyo.lg.jp/sumida/131075_cultural_property.csv,13Tokyo/raw/municipal/13107/data.csv,紙本着色涅槃図 ※通常非公開,,,,宗教法人 法泉寺,,墨田区,13107,有形文化財(絵画),美術工芸品,ambiguous,2018-11-08,35.726204,139.813847,movable,representative_point,ambiguous,有形文化財(絵画),,,no_explicit_designation_level
municipal_source,墨田区,文化財一覧,131075100023,https://www.opendata.metro.tokyo.lg.jp/sumida/131075_cultural_property.csv,13Tokyo/raw/municipal/13107/data.csv,法泉寺の銅造地蔵菩薩立像,,,,宗教法人 法泉寺,,墨田区,13107,有形文化財(彫刻),美術工芸品,ambiguous,1988-08-05,35.726204,139.813847,movable,representative_point,ambiguous,有形文化財(彫刻),,,no_explicit_designation_level
municipal_source,墨田区,文化財一覧,131075100024,https://www.opendata.metro.tokyo.lg.jp/sumida/131075_cultural_property.csv,13Tokyo/raw/municipal/13107/data.csv,春慶寺の木造普賢菩薩立像,,,,宗教法人 春慶寺,,墨田区,13107,有形文化財(彫刻),美術工芸品,ambiguous,1994-06-16,35.708602,139.812373,movable,representative_point,ambiguous,有形文化財(彫刻),,,no_explicit_designation_level
municipal_source,墨田区,文化財一覧,131075100025,https://www.opendata.metro.tokyo.lg.jp/sumida/131075_cultural_property.csv,13Tokyo/raw/municipal/13107/data.csv,銅造榎本武揚像,,,,墨田区(道路公園課),,墨田区,13107,有形文化財(彫刻),美術工芸品,ambiguous,2000-12-07,35.733019,139.815519,movable,representative_point,ambiguous,有形文化財(彫刻),,,no_explicit_designation_level
municipal_source,墨田区,文化財一覧,131075100026,https://www.opendata.metro.tokyo.lg.jp/sumida/131075_cultural_property.csv,13Tokyo/raw/municipal/13107/data.csv,弘福寺の木造鐵牛禅師倚像 附蓮華形木板貼付銅鋳三十五尊 ※非公開,,,,宗教法人 弘福寺,,墨田区,13107,有形文化財(彫刻),美術工芸品,ambiguous,2009-06-22(2012-09-04),35.717119,139.808921,movable,representative_point,ambiguous,有形文化財(彫刻),,,no_explicit_designation_level
municipal_source,墨田区,文化財一覧,131075100027,https://www.opendata.metro.tokyo.lg.jp/sumida/131075_cultural_property.csv,13Tokyo/raw/municipal/13107/data.csv,本久寺の木造日蓮聖人坐像,,,,宗教法人 本久寺,,墨田区,13107,有形文化財(彫刻),美術工芸品,ambiguous,2009-12-21,35.707161,139.799731,movable,representative_point,ambiguous,有形文化財(彫刻),,,no_explicit_designation_level
municipal_source,墨田区,文化財一覧,131075100028,https://www.opendata.metro.tokyo.lg.jp/sumida/131075_cultural_property.csv,13Tokyo/raw/municipal/13107/data.csv,本久寺の木造四天王立像,,,,宗教法人 本久寺,,墨田区,13107,有形文化財(彫刻),美術工芸品,ambiguous,2010-04-21,35.707161,139.799731,movable,representative_point,ambiguous,有形文化財(彫刻),,,no_explicit_designation_level
municipal_source,墨田区,文化財一覧,131075100029,https://www.opendata.metro.tokyo.lg.jp/sumida/131075_cultural_property.csv,13Tokyo/raw/municipal/13107/data.csv,法泉寺の木造釈迦如来坐像、木造阿難尊者立像及び木造迦葉尊者立像 ※非公開,,,,宗教法人 法泉寺,,墨田区,13107,有形文化財(彫刻),美術工芸品,ambiguous,2019-11-07,35.726204,139.813847,movable,representative_point,ambiguous,有形文化財(彫刻),,,no_explicit_designation_level
municipal_source,墨田区,文化財一覧,131075100030,https://www.opendata.metro.tokyo.lg.jp/sumida/131075_cultural_property.csv,13Tokyo/raw/municipal/13107/data.csv,法泉寺の木造達磨大師坐像及び木造大権修理菩薩倚像 ※非公開,,,,宗教法人 法泉寺,,墨田区,13107,有形文化財(彫刻),美術工芸品,ambiguous,2019-11-07,35.726204,139.813847,movable,representative_point,ambiguous,有形文化財(彫刻),,,no_explicit_designation_level
municipal_source,墨田区,文化財一覧,131075100031,https://www.opendata.metro.tokyo.lg.jp/sumida/131075_cultural_property.csv,13Tokyo/raw/municipal/13107/data.csv,弘福寺の木造釈迦如来坐像,,,,宗教法人 弘福寺,,墨田区,13107,有形文化財(彫刻),美術工芸品,ambiguous,2019-12-19,35.717119,139.808921,movable,representative_point,ambiguous,有形文化財(彫刻),,,no_explicit_designation_level
municipal_source,墨田区,文化財一覧,131075100032,https://www.opendata.metro.tokyo.lg.jp/sumida/131075_cultural_property.csv,13Tokyo/raw/municipal/13107/data.csv,大徳院の木造薬師如来坐像,,,,宗教法人 大徳院,,墨田区,13107,有形文化財(彫刻),美術工芸品,ambiguous,2022-06-23,35.693045,139.791839,movable,representative_point,ambiguous,有形文化財(彫刻),,,no_explicit_designation_level
municipal_source,墨田区,文化財一覧,131075100033,https://www.opendata.metro.tokyo.lg.jp/sumida/131075_cultural_property.csv,13Tokyo/raw/municipal/13107/data.csv,大徳院の木造日光菩薩立像及び木造月光菩薩立像,,,,宗教法人 大徳院,,墨田区,13107,有形文化財(彫刻),美術工芸品,ambiguous,2022-06-23,35.693045,139.791839,movable,representative_point,ambiguous,有形文化財(彫刻),,,no_explicit_designation_level
municipal_source,墨田区,文化財一覧,131075100034,https://www.opendata.metro.tokyo.lg.jp/sumida/131075_cultural_property.csv,13Tokyo/raw/municipal/13107/data.csv,佐原家所蔵隅田川焼 ※非公開,,,,個人,,墨田区,13107,有形文化財(工芸品),美術工芸品,ambiguous,1999-12-02,,,movable,representative_point,ambiguous,有形文化財(工芸品),,,no_explicit_designation_level
municipal_source,墨田区,文化財一覧,131075100035,https://www.opendata.metro.tokyo.lg.jp/sumida/131075_cultural_property.csv,13Tokyo/raw/municipal/13107/data.csv,鳥井家所蔵京山焼 ※非公開,,,,個人,,墨田区,13107,有形文化財(工芸品),美術工芸品,ambiguous,2000-03-23,,,movable,representative_point,ambiguous,有形文化財(工芸品),,,no_explicit_designation_level
municipal_source,墨田区,文化財一覧,131075100036,https://www.opendata.metro.tokyo.lg.jp/sumida/131075_cultural_property.csv,13Tokyo/raw/municipal/13107/data.csv,弘福寺の梵鐘,,,,宗教法人 弘福寺,,墨田区,13107,有形文化財(工芸品),美術工芸品,ambiguous,2003-01-23,35.717119,139.808921,movable,representative_point,ambiguous,有形文化財(工芸品),,,no_explicit_designation_level
municipal_source,墨田区,文化財一覧,131075100037,https://www.opendata.metro.tokyo.lg.jp/sumida/131075_cultural_property.csv,13Tokyo/raw/municipal/13107/data.csv,江島杉山神社所蔵琵琶 附 撥1点、柱1点、琵琶箱1点、琵琶箱蓋断片2点,,,,宗教法人 江島杉山神社,,墨田区,13107,有形文化財(工芸品),美術工芸品,ambiguous,2025‐01‐23,35.412917,139.473426,movable,representative_point,ambiguous,有形文化財(工芸品),,,no_explicit_designation_level
municipal_source,墨田区,文化財一覧,131075100038,https://www.opendata.metro.tokyo.lg.jp/sumida/131075_cultural_property.csv,13Tokyo/raw/municipal/13107/data.csv,伊勢参宮致道中覚之帳 ※非公開,,,,個人,,墨田区,13107,有形文化財(古文書),古文書,ambiguous,1983-03-31,,,movable,representative_point,ambiguous,有形文化財(古文書),,,no_explicit_designation_level
municipal_source,墨田区,文化財一覧,131075100039,https://www.opendata.metro.tokyo.lg.jp/sumida/131075_cultural_property.csv,13Tokyo/raw/municipal/13107/data.csv,武蔵国隅田村成林庵由来中興再建旨趣書 ※非公開,,,,宗教法人 成林庵,,墨田区,13107,有形文化財(古文書),古文書,ambiguous,1984-03-15,35.733465,139.818093,movable,representative_point,ambiguous,有形文化財(古文書),,,no_explicit_designation_level
municipal_source,墨田区,文化財一覧,131075100040,https://www.opendata.metro.tokyo.lg.jp/sumida/131075_cultural_property.csv,13Tokyo/raw/municipal/13107/data.csv,村方議定書 ※非公開,,,,宗教法人 白髭神社,,墨田区,13107,有形文化財(古文書),古文書,ambiguous,1984-03-15,35.711242,139.837081,movable,representative_point,ambiguous,有形文化財(古文書),,,no_explicit_designation_level
municipal_source,墨田区,文化財一覧,131075100041,https://www.opendata.metro.tokyo.lg.jp/sumida/131075_cultural_property.csv,13Tokyo/raw/municipal/13107/data.csv,秋葉神社文書 ※非公開,,,,宗教法人 秋葉神社,,墨田区,13107,有形文化財(古文書),古文書,ambiguous,1988-08-05,35.716955,139.812858,movable,representative_point,ambiguous,有形文化財(古文書),,,no_explicit_designation_level
municipal_source,墨田区,文化財一覧,131075100042,https://www.opendata.metro.tokyo.lg.jp/sumida/131075_cultural_property.csv,13Tokyo/raw/municipal/13107/data.csv,大沢家文書 ※非公開,,,,墨田区(郷土文化資料館),,墨田区,13107,有形文化財(古文書),古文書,ambiguous,2000-06-01,35.713923,139.805933,movable,representative_point,ambiguous,有形文化財(古文書),,,no_explicit_designation_level
municipal_source,墨田区,文化財一覧,131075100043,https://www.opendata.metro.tokyo.lg.jp/sumida/131075_cultural_property.csv,13Tokyo/raw/municipal/13107/data.csv,法泉寺文書 ※一部非公開,,,,宗教法人 法泉寺,,墨田区,13107,有形文化財(古文書),古文書,ambiguous,2017-10-02,35.726204,139.813847,movable,representative_point,ambiguous,有形文化財(古文書),,,no_explicit_designation_level
municipal_source,墨田区,文化財一覧,131075100044,https://www.opendata.metro.tokyo.lg.jp/sumida/131075_cultural_property.csv,13Tokyo/raw/municipal/13107/data.csv,近衛信尹墨跡 紙本墨書詠草二首 近衛信尹筆一幅 紙本墨書木母寺 近衛信尹筆一幅 (附木箱および極状一通) ※非公開,,,,宗教法人 木母寺,,墨田区,13107,有形文化財(書跡),典籍,ambiguous,1983-03-31,35.733936,139.814255,movable,representative_point,ambiguous,有形文化財(書跡),,,no_explicit_designation_level
municipal_source,墨田区,文化財一覧,131075100045,https://www.opendata.metro.tokyo.lg.jp/sumida/131075_cultural_property.csv,13Tokyo/raw/municipal/13107/data.csv,木造扁額「牛嶋学校」 榎本武揚筆,,,,墨田区(郷土文化資料館),,墨田区,13107,有形文化財(歴史資料・書跡),典籍,ambiguous,1990-07-19,35.713923,139.805933,movable,representative_point,ambiguous,有形文化財(歴史資料・書跡),,,no_explicit_designation_level
municipal_source,墨田区,文化財一覧,131075100046,https://www.opendata.metro.tokyo.lg.jp/sumida/131075_cultural_property.csv,13Tokyo/raw/municipal/13107/data.csv,紙本墨書扁額「時敏塾」 池田輝知筆,,,,墨田区(郷土文化資料館),,墨田区,13107,有形文化財(歴史資料・書跡),典籍,ambiguous,1993-10-05,35.713923,139.805933,movable,representative_point,ambiguous,有形文化財(歴史資料・書跡),,,no_explicit_designation_level
municipal_source,墨田区,文化財一覧,131075100047,https://www.opendata.metro.tokyo.lg.jp/sumida/131075_cultural_property.csv,13Tokyo/raw/municipal/13107/data.csv,都鳥手鑑 ※非公開,,,,宗教法人 木母寺,,墨田区,13107,有形文化財(歴史資料),歴史資料,ambiguous,1983-03-31,35.733936,139.814255,point,representative_point,ambiguous,有形文化財(歴史資料),,,no_explicit_designation_level
municipal_source,墨田区,文化財一覧,131075100048,https://www.opendata.metro.tokyo.lg.jp/sumida/131075_cultural_property.csv,13Tokyo/raw/municipal/13107/data.csv,正福寺の板碑,,,,宗教法人 正福寺,,墨田区,13107,有形文化財(歴史資料),歴史資料,ambiguous,S58.3.31;S60.9.30,35.732531,139.816728,point,representative_point,ambiguous,有形文化財(歴史資料),,,no_explicit_designation_level
municipal_source,墨田区,文化財一覧,131075100049,https://www.opendata.metro.tokyo.lg.jp/sumida/131075_cultural_property.csv,13Tokyo/raw/municipal/13107/data.csv,法泉寺所蔵板碑 ※非公開,,,,宗教法人 法泉寺,,墨田区,13107,有形文化財(歴史資料),歴史資料,ambiguous,S58.3.31;S59.3.15;S60.9.30,35.726204,139.813847,point,representative_point,ambiguous,有形文化財(歴史資料),,,no_explicit_designation_level
municipal_source,墨田区,文化財一覧,131075100050,https://www.opendata.metro.tokyo.lg.jp/sumida/131075_cultural_property.csv,13Tokyo/raw/municipal/13107/data.csv,啓運閣所蔵板碑 ※非公開,,,,宗教法人 啓運閣教会,,墨田区,13107,有形文化財(歴史資料),歴史資料,ambiguous,1984-03-15,35.72812,139.820866,point,representative_point,ambiguous,有形文化財(歴史資料),,,no_explicit_designation_level
municipal_source,墨田区,文化財一覧,131075100051,https://www.opendata.metro.tokyo.lg.jp/sumida/131075_cultural_property.csv,13Tokyo/raw/municipal/13107/data.csv,鈴木家所蔵板碑 ※非公開,,,,個人,,墨田区,13107,有形文化財(歴史資料),歴史資料,ambiguous,1984-03-15,,,point,representative_point,ambiguous,有形文化財(歴史資料),,,no_explicit_designation_level
municipal_source,墨田区,文化財一覧,131075100052,https://www.opendata.metro.tokyo.lg.jp/sumida/131075_cultural_property.csv,13Tokyo/raw/municipal/13107/data.csv,松尾芭蕉「いざさらば」の句碑 (雪見の句碑),,,,宗教法人 長命寺,,墨田区,13107,有形文化財(歴史資料),歴史資料,ambiguous,1984-03-15,35.717594,139.809165,point,representative_point,ambiguous,有形文化財(歴史資料),,,no_explicit_designation_level
municipal_source,墨田区,文化財一覧,131075100053,https://www.opendata.metro.tokyo.lg.jp/sumida/131075_cultural_property.csv,13Tokyo/raw/municipal/13107/data.csv,橋本家旧蔵板碑,,,,墨田区(郷土文化資料館),,墨田区,13107,有形文化財(歴史資料),歴史資料,ambiguous,S59.3.15;S60.9.30,35.713923,139.805933,point,representative_point,ambiguous,有形文化財(歴史資料),,,no_explicit_designation_level
municipal_source,墨田区,文化財一覧,131075100054,https://www.opendata.metro.tokyo.lg.jp/sumida/131075_cultural_property.csv,13Tokyo/raw/municipal/13107/data.csv,烏亭焉馬「いそがずば」の狂歌碑,,,,宗教法人 牛嶋神社,,墨田区,13107,有形文化財(歴史資料),歴史資料,ambiguous,1984-06-15,35.712626,139.804857,point,representative_point,ambiguous,有形文化財(歴史資料),,,no_explicit_designation_level
municipal_source,墨田区,文化財一覧,131075100055,https://www.opendata.metro.tokyo.lg.jp/sumida/131075_cultural_property.csv,13Tokyo/raw/municipal/13107/data.csv,宝井其角「ゆうだちや」の句碑 (雨乞いの句碑),,,,宗教法人 三囲神社,,墨田区,13107,有形文化財(歴史資料),歴史資料,ambiguous,1984-06-15,35.71499,139.806798,point,representative_point,ambiguous,有形文化財(歴史資料),,,no_explicit_designation_level
municipal_source,墨田区,文化財一覧,131075100056,https://www.opendata.metro.tokyo.lg.jp/sumida/131075_cultural_property.csv,13Tokyo/raw/municipal/13107/data.csv,秋葉神社の石造燈籠 寛保元年銘 二基 宝永元年銘 二基 宝永二年銘 二基,,,,宗教法人 秋葉神社,,墨田区,13107,有形文化財(歴史資料),歴史資料,ambiguous,S59.6.15;H8.7.11;H9.5.15,35.716955,139.812858,point,representative_point,ambiguous,有形文化財(歴史資料),,,no_explicit_designation_level
municipal_source,墨田区,文化財一覧,131075100057,https://www.opendata.metro.tokyo.lg.jp/sumida/131075_cultural_property.csv,13Tokyo/raw/municipal/13107/data.csv,蓮花寺の石柱道標 文化十五年銘 一基 文政五年銘 一基,,,,宗教法人 蓮花寺,,墨田区,13107,有形文化財(歴史資料),歴史資料,ambiguous,1984-06-15,35.723048,139.816183,point,representative_point,ambiguous,有形文化財(歴史資料),,,no_explicit_designation_level
municipal_source,墨田区,文化財一覧,131075100058,https://www.opendata.metro.tokyo.lg.jp/sumida/131075_cultural_property.csv,13Tokyo/raw/municipal/13107/data.csv,要津寺雪中庵関係石碑群,,,,宗教法人 要津寺,,墨田区,13107,有形文化財(歴史資料),歴史資料,ambiguous,S59.6.15;H13.3.22,35.690234,139.7955,point,representative_point,ambiguous,有形文化財(歴史資料),,,no_explicit_designation_level
municipal_source,墨田区,文化財一覧,131075100059,https://www.opendata.metro.tokyo.lg.jp/sumida/131075_cultural_property.csv,13Tokyo/raw/municipal/13107/data.csv,多聞寺の板碑,,,,宗教法人 多聞寺,,墨田区,13107,有形文化財(歴史資料),歴史資料,ambiguous,1985-09-30,35.738489,139.819313,point,representative_point,ambiguous,有形文化財(歴史資料),,,no_explicit_designation_level
municipal_source,墨田区,文化財一覧,131075100060,https://www.opendata.metro.tokyo.lg.jp/sumida/131075_cultural_property.csv,13Tokyo/raw/municipal/13107/data.csv,鈴木家所蔵板碑 ※非公開,,,,個人,,墨田区,13107,有形文化財(歴史資料),歴史資料,ambiguous,1985-09-30,,,point,representative_point,ambiguous,有形文化財(歴史資料),,,no_explicit_designation_level
municipal_source,墨田区,文化財一覧,131075100061,https://www.opendata.metro.tokyo.lg.jp/sumida/131075_cultural_property.csv,13Tokyo/raw/municipal/13107/data.csv,石造海難供養碑,,,,宗教法人 回向院,,墨田区,13107,有形文化財(歴史資料),歴史資料,ambiguous,1988-08-05,35.693423,139.791932,point,representative_point,ambiguous,有形文化財(歴史資料),,,no_explicit_designation_level
municipal_source,墨田区,文化財一覧,131075100062,https://www.opendata.metro.tokyo.lg.jp/sumida/131075_cultural_property.csv,13Tokyo/raw/municipal/13107/data.csv,三囲神社の石造常夜燈,,,,宗教法人 三囲神社,,墨田区,13107,有形文化財(歴史資料),歴史資料,ambiguous,1989-12-08,35.71499,139.806798,point,representative_point,ambiguous,有形文化財(歴史資料),,,no_explicit_designation_level
municipal_source,墨田区,文化財一覧,131075100063,https://www.opendata.metro.tokyo.lg.jp/sumida/131075_cultural_property.csv,13Tokyo/raw/municipal/13107/data.csv,石造墨堤永代常夜燈,,,,宗教法人 牛嶋神社,,墨田区,13107,有形文化財(歴史資料),歴史資料,ambiguous,1994-06-16(2016-07-21),35.717585,139.808453,point,representative_point,ambiguous,有形文化財(歴史資料),,,no_explicit_designation_level
municipal_source,墨田区,文化財一覧,131075100064,https://www.opendata.metro.tokyo.lg.jp/sumida/131075_cultural_property.csv,13Tokyo/raw/municipal/13107/data.csv,吾嬬神社の連理の楠,,,,宗教法人 吾嬬神社,,墨田区,13107,有形文化財(歴史資料),歴史資料,ambiguous,1999-04-15,35.705541,139.82679,point,representative_point,ambiguous,有形文化財(歴史資料),,,no_explicit_designation_level
municipal_source,墨田区,文化財一覧,131075100065,https://www.opendata.metro.tokyo.lg.jp/sumida/131075_cultural_property.csv,13Tokyo/raw/municipal/13107/data.csv,墨堤植桜之碑,,,,墨田区(道路公園課),,墨田区,13107,有形文化財(歴史資料),歴史資料,ambiguous,1999-08-05,35.717722,139.809058,point,representative_point,ambiguous,有形文化財(歴史資料),,,no_explicit_designation_level
municipal_source,墨田区,文化財一覧,131075100066,https://www.opendata.metro.tokyo.lg.jp/sumida/131075_cultural_property.csv,13Tokyo/raw/municipal/13107/data.csv,絹本墨書扁額「明明徳」,,,,明徳校友会,,墨田区,13107,有形文化財(歴史資料),歴史資料,ambiguous,2001-03-22,35.705311,139.802833,point,representative_point,ambiguous,有形文化財(歴史資料),,,no_explicit_designation_level
municipal_source,墨田区,文化財一覧,131075100067,https://www.opendata.metro.tokyo.lg.jp/sumida/131075_cultural_property.csv,13Tokyo/raw/municipal/13107/data.csv,歌川豊広辞世の狂歌碑,,,,墨田区,,墨田区,13107,有形文化財(歴史資料),歴史資料,ambiguous,2001-03-22,35.721914,139.813071,point,representative_point,ambiguous,有形文化財(歴史資料),,,no_explicit_designation_level
municipal_source,墨田区,文化財一覧,131075100068,https://www.opendata.metro.tokyo.lg.jp/sumida/131075_cultural_property.csv,13Tokyo/raw/municipal/13107/data.csv,石造標柱「隅田公園入口」,,,,墨田区(道路公園課),,墨田区,13107,有形文化財(歴史資料),歴史資料,ambiguous,2001-10-04,35.710042,139.800815,point,representative_point,ambiguous,有形文化財(歴史資料),,,no_explicit_designation_level
municipal_source,墨田区,文化財一覧,131075100069,https://www.opendata.metro.tokyo.lg.jp/sumida/131075_cultural_property.csv,13Tokyo/raw/municipal/13107/data.csv,石造「夜寉井銘」の碑,,,,宗教法人 妙縁寺,,墨田区,13107,有形文化財(歴史資料),歴史資料,ambiguous,2001-12-06,35.708209,139.803982,point,representative_point,ambiguous,有形文化財(歴史資料),,,no_explicit_designation_level
municipal_source,墨田区,文化財一覧,131075100070,https://www.opendata.metro.tokyo.lg.jp/sumida/131075_cultural_property.csv,13Tokyo/raw/municipal/13107/data.csv,生月鯨太左衛門の墓 ※非公開,,,,宗教法人 天祥寺,,墨田区,13107,有形文化財(歴史資料),歴史資料,ambiguous,2002-05-29,35.709205,139.803653,point,representative_point,ambiguous,有形文化財(歴史資料),,,no_explicit_designation_level
municipal_source,墨田区,文化財一覧,131075100071,https://www.opendata.metro.tokyo.lg.jp/sumida/131075_cultural_property.csv,13Tokyo/raw/municipal/13107/data.csv,無縁法界塔,,,,宗教法人 回向院,,墨田区,13107,有形文化財(歴史資料),歴史資料,ambiguous,2003-03-20,35.693423,139.791932,point,representative_point,ambiguous,有形文化財(歴史資料),,,no_explicit_designation_level
municipal_source,墨田区,文化財一覧,131075100072,https://www.opendata.metro.tokyo.lg.jp/sumida/131075_cultural_property.csv,13Tokyo/raw/municipal/13107/data.csv,板坂如春の碑(2基),,,,宗教法人 東漸寺,,墨田区,13107,有形文化財(歴史資料),歴史資料,ambiguous,2004-03-02,35.710387,139.836811,point,representative_point,ambiguous,有形文化財(歴史資料),,,no_explicit_designation_level
municipal_source,墨田区,文化財一覧,131075100073,https://www.opendata.metro.tokyo.lg.jp/sumida/131075_cultural_property.csv,13Tokyo/raw/municipal/13107/data.csv,芥川家旧蔵雛人形,,,,墨田区(郷土文化資料館),,墨田区,13107,有形文化財(歴史資料),歴史資料,ambiguous,2005-02-01,35.713923,139.805933,point,representative_point,ambiguous,有形文化財(歴史資料),,,no_explicit_designation_level
municipal_source,墨田区,文化財一覧,131075100074,https://www.opendata.metro.tokyo.lg.jp/sumida/131075_cultural_property.csv,13Tokyo/raw/municipal/13107/data.csv,「天下之糸平」の碑,,,,宗教法人 木母寺,,墨田区,13107,有形文化財(歴史資料),歴史資料,ambiguous,2005-06-02,35.733936,139.814255,point,representative_point,ambiguous,有形文化財(歴史資料),,,no_explicit_designation_level
municipal_source,墨田区,文化財一覧,131075100075,https://www.opendata.metro.tokyo.lg.jp/sumida/131075_cultural_property.csv,13Tokyo/raw/municipal/13107/data.csv,大石三平墓,,,,宗教法人 福厳寺,,墨田区,13107,有形文化財(歴史資料),歴史資料,ambiguous,2006-04-17,35.707604,139.803535,point,representative_point,ambiguous,有形文化財(歴史資料),,,no_explicit_designation_level
municipal_source,墨田区,文化財一覧,131075100076,https://www.opendata.metro.tokyo.lg.jp/sumida/131075_cultural_property.csv,13Tokyo/raw/municipal/13107/data.csv,江島杉山神社の銅製釣燈籠,,,,宗教法人 江島杉山神社,,墨田区,13107,有形文化財(歴史資料),歴史資料,ambiguous,2006-08-21,35.691257,139.792144,point,representative_point,ambiguous,有形文化財(歴史資料),,,no_explicit_designation_level
municipal_source,墨田区,文化財一覧,131075100077,https://www.opendata.metro.tokyo.lg.jp/sumida/131075_cultural_property.csv,13Tokyo/raw/municipal/13107/data.csv,佐羽淡斎「墨多三絶」の漢詩碑,,,,宗教法人 白鬚神社,,墨田区,13107,有形文化財(歴史資料),歴史資料,ambiguous,2006-08-21,35.725193,139.81288,point,representative_point,ambiguous,有形文化財(歴史資料),,,no_explicit_designation_level
municipal_source,墨田区,文化財一覧,131075100078,https://www.opendata.metro.tokyo.lg.jp/sumida/131075_cultural_property.csv,13Tokyo/raw/municipal/13107/data.csv,亀田鵬斎「題隅田堤櫻花」の漢詩碑,,,,宗教法人 木母寺,,墨田区,13107,有形文化財(歴史資料),歴史資料,ambiguous,2008-02-18,35.733936,139.814255,point,representative_point,ambiguous,有形文化財(歴史資料),,,no_explicit_designation_level
municipal_source,墨田区,文化財一覧,131075100079,https://www.opendata.metro.tokyo.lg.jp/sumida/131075_cultural_property.csv,13Tokyo/raw/municipal/13107/data.csv,「吾嬬森碑」,,,,宗教法人 吾嬬神社,,墨田区,13107,有形文化財(歴史資料),歴史資料,ambiguous,2008-12-08,35.705541,139.82679,point,representative_point,ambiguous,有形文化財(歴史資料),,,no_explicit_designation_level
municipal_source,墨田区,文化財一覧,131075100080,https://www.opendata.metro.tokyo.lg.jp/sumida/131075_cultural_property.csv,13Tokyo/raw/municipal/13107/data.csv,近松門左衛門供養碑(断片) ※非公開,,,,宗教法人 法性寺,,墨田区,13107,有形文化財(歴史資料),歴史資料,ambiguous,2009-06-22,35.707575,139.818299,point,representative_point,ambiguous,有形文化財(歴史資料),,,no_explicit_designation_level
municipal_source,墨田区,文化財一覧,131075100081,https://www.opendata.metro.tokyo.lg.jp/sumida/131075_cultural_property.csv,13Tokyo/raw/municipal/13107/data.csv,「一勇斎歌川先生墓表」(歌川国芳顕彰碑),,,,宗教法人 三囲神社,,墨田区,13107,有形文化財(歴史資料),歴史資料,ambiguous,2010-06-16(2011-10-19),35.71499,139.806798,point,representative_point,ambiguous,有形文化財(歴史資料),,,no_explicit_designation_level
municipal_source,墨田区,文化財一覧,131075100082,https://www.opendata.metro.tokyo.lg.jp/sumida/131075_cultural_property.csv,13Tokyo/raw/municipal/13107/data.csv,「勝川春英翁略傳」の碑,,,,宗教法人 長命寺,,墨田区,13107,有形文化財(歴史資料),歴史資料,ambiguous,2011-02-16,35.717594,139.809165,point,representative_point,ambiguous,有形文化財(歴史資料),,,no_explicit_designation_level
municipal_source,墨田区,文化財一覧,131075100083,https://www.opendata.metro.tokyo.lg.jp/sumida/131075_cultural_property.csv,13Tokyo/raw/municipal/13107/data.csv,初代歌川豊国筆塚(断片),,,,宗教法人 法性寺,,墨田区,13107,有形文化財(歴史資料),歴史資料,ambiguous,2013-03-27,35.707575,139.818299,point,representative_point,ambiguous,有形文化財(歴史資料),,,no_explicit_designation_level
municipal_source,墨田区,文化財一覧,131075100084,https://www.opendata.metro.tokyo.lg.jp/sumida/131075_cultural_property.csv,13Tokyo/raw/municipal/13107/data.csv,窪俊満「故郷の」の歌碑,,,,宗教法人 法泉寺,,墨田区,13107,有形文化財(歴史資料),歴史資料,ambiguous,2014-11-07,35.726204,139.813847,point,representative_point,ambiguous,有形文化財(歴史資料),,,no_explicit_designation_level
municipal_source,墨田区,文化財一覧,131075100085,https://www.opendata.metro.tokyo.lg.jp/sumida/131075_cultural_property.csv,13Tokyo/raw/municipal/13107/data.csv,鈴木家旧蔵雛人形,,,,墨田区(郷土文化資料館),,墨田区,13107,有形文化財(歴史資料),歴史資料,ambiguous,2015-08-20,35.713923,139.805933,point,representative_point,ambiguous,有形文化財(歴史資料),,,no_explicit_designation_level
municipal_source,墨田区,文化財一覧,131075100086,https://www.opendata.metro.tokyo.lg.jp/sumida/131075_cultural_property.csv,13Tokyo/raw/municipal/13107/data.csv,太田氏七代供養塔,,,,宗教法人 法恩寺,,墨田区,13107,有形文化財(歴史資料),歴史資料,ambiguous,H12.3.23;H30.3.22,35.702225,139.810233,point,representative_point,ambiguous,有形文化財(歴史資料),,,no_explicit_designation_level
municipal_source,墨田区,文化財一覧,131075100087,https://www.opendata.metro.tokyo.lg.jp/sumida/131075_cultural_property.csv,13Tokyo/raw/municipal/13107/data.csv,旗本太田資同墓碑,,,,宗教法人 法恩寺,,墨田区,13107,有形文化財(歴史資料),歴史資料,ambiguous,2018-03-22,35.702225,139.810233,point,representative_point,ambiguous,有形文化財(歴史資料),,,no_explicit_designation_level
municipal_source,墨田区,文化財一覧,131075100088,https://www.opendata.metro.tokyo.lg.jp/sumida/131075_cultural_property.csv,13Tokyo/raw/municipal/13107/data.csv,隅田川神社資料,,,,宗教法人 隅田川神社,,墨田区,13107,有形文化財(歴史資料),歴史資料,ambiguous,H31.3.8;R2.8.27,35.732617,139.812738,point,representative_point,ambiguous,有形文化財(歴史資料),,,no_explicit_designation_level
municipal_source,墨田区,文化財一覧,131075100089,https://www.opendata.metro.tokyo.lg.jp/sumida/131075_cultural_property.csv,13Tokyo/raw/municipal/13107/data.csv,矢掛弓雄関係石碑群,,,,宗教法人 隅田川神社,,墨田区,13107,有形文化財(歴史資料),歴史資料,ambiguous,2022-10-03,35.732617,139.812738,point,representative_point,ambiguous,有形文化財(歴史資料),,,no_explicit_designation_level
municipal_source,墨田区,文化財一覧,131075100090,https://www.opendata.metro.tokyo.lg.jp/sumida/131075_cultural_property.csv,13Tokyo/raw/municipal/13107/data.csv,木阿弥(元杢網)「けふよりも」の歌碑,,,,宗教法人 隅田川神社,,墨田区,13107,有形文化財(歴史資料),歴史資料,ambiguous,2022-10-03,35.732617,139.812738,point,representative_point,ambiguous,有形文化財(歴史資料),,,no_explicit_designation_level
municipal_source,墨田区,文化財一覧,131075100091,https://www.opendata.metro.tokyo.lg.jp/sumida/131075_cultural_property.csv,13Tokyo/raw/municipal/13107/data.csv,義士墓(那珂湊戦争関連資料),,,,宗教法人 回向院,,墨田区,13107,有形文化財(歴史資料),歴史資料,ambiguous,2024-02-08,35.693339,139.792449,point,representative_point,ambiguous,有形文化財(歴史資料),,,no_explicit_designation_level
municipal_source,墨田区,文化財一覧,131075100092,https://www.opendata.metro.tokyo.lg.jp/sumida/131075_cultural_property.csv,13Tokyo/raw/municipal/13107/data.csv,回向院の石造歴史災害供養塔群,,,,宗教法人 回向院,,墨田区,13107,有形文化財(歴史資料),歴史資料,ambiguous,2024-02-08,35.693421,139.792418,point,representative_point,ambiguous,有形文化財(歴史資料),,,no_explicit_designation_level
municipal_source,墨田区,文化財一覧,131075100093,https://www.opendata.metro.tokyo.lg.jp/sumida/131075_cultural_property.csv,13Tokyo/raw/municipal/13107/data.csv,錦糸町駅北口遺跡出土木製大小暦,,,,墨田区(郷土文化資料館),,墨田区,13107,有形文化財(考古資料),考古資料,ambiguous,1999-04-15,35.713923,139.805933,movable,representative_point,ambiguous,有形文化財(考古資料),,,no_explicit_designation_level
municipal_source,墨田区,文化財一覧,131075100094,https://www.opendata.metro.tokyo.lg.jp/sumida/131075_cultural_property.csv,13Tokyo/raw/municipal/13107/data.csv,江東橋二丁目遺跡出土土製品類 ※非公開,,,,墨田区(郷土文化資料館),,墨田区,13107,有形文化財(考古資料),考古資料,ambiguous,H11.4.15;H25.8.21,35.713923,139.805933,movable,representative_point,ambiguous,有形文化財(考古資料),,,no_explicit_designation_level
municipal_source,墨田区,文化財一覧,131075100095,https://www.opendata.metro.tokyo.lg.jp/sumida/131075_cultural_property.csv,13Tokyo/raw/municipal/13107/data.csv,牛嶋神社の石造狛犬 享保十四年銘 一対 文政十年銘 一対,,,,宗教法人 牛嶋神社,,墨田区,13107,有形民俗文化財,有形民俗文化財,ambiguous,S58.3.15;H1.12.8,35.712626,139.804857,point,representative_point,ambiguous,有形民俗文化財,,,no_explicit_designation_level
municipal_source,墨田区,文化財一覧,131075100096,https://www.opendata.metro.tokyo.lg.jp/sumida/131075_cultural_property.csv,13Tokyo/raw/municipal/13107/data.csv,三囲神社の石造狛犬,,,,宗教法人 三囲神社,,墨田区,13107,有形民俗文化財,有形民俗文化財,ambiguous,1983-03-31,35.71499,139.806798,point,representative_point,ambiguous,有形民俗文化財,,,no_explicit_designation_level
municipal_source,墨田区,文化財一覧,131075100097,https://www.opendata.metro.tokyo.lg.jp/sumida/131075_cultural_property.csv,13Tokyo/raw/municipal/13107/data.csv,如意輪寺の六面六地蔵石幢,,,,宗教法人 如意輪寺,,墨田区,13107,有形民俗文化財,有形民俗文化財,ambiguous,1984-03-15,35.709356,139.801581,point,representative_point,ambiguous,有形民俗文化財,,,no_explicit_designation_level
municipal_source,墨田区,文化財一覧,131075100098,https://www.opendata.metro.tokyo.lg.jp/sumida/131075_cultural_property.csv,13Tokyo/raw/municipal/13107/data.csv,正福寺の石造阿弥陀如来立像,,,,宗教法人 正福寺,,墨田区,13107,有形民俗文化財,有形民俗文化財,ambiguous,1984-03-15,35.732531,139.816728,point,representative_point,ambiguous,有形民俗文化財,,,no_explicit_designation_level
municipal_source,墨田区,文化財一覧,131075100099,https://www.opendata.metro.tokyo.lg.jp/sumida/131075_cultural_property.csv,13Tokyo/raw/municipal/13107/data.csv,多聞寺の石造庚申塔(阿弥陀如来),,,,宗教法人 多聞寺,,墨田区,13107,有形民俗文化財,有形民俗文化財,ambiguous,1984-03-15,35.738489,139.819313,point,representative_point,ambiguous,有形民俗文化財,,,no_explicit_designation_level
municipal_source,墨田区,文化財一覧,131075100100,https://www.opendata.metro.tokyo.lg.jp/sumida/131075_cultural_property.csv,13Tokyo/raw/municipal/13107/data.csv,圓徳寺の石造庚申塔(釈迦如来),,,,宗教法人 圓徳寺,,墨田区,13107,有形民俗文化財,有形民俗文化財,ambiguous,1984-03-15,35.734315,139.819065,point,representative_point,ambiguous,有形民俗文化財,,,no_explicit_designation_level
municipal_source,墨田区,文化財一覧,131075100101,https://www.opendata.metro.tokyo.lg.jp/sumida/131075_cultural_property.csv,13Tokyo/raw/municipal/13107/data.csv,吾嬬神社の石造狛犬,,,,宗教法人 吾嬬神社,,墨田区,13107,有形民俗文化財,有形民俗文化財,ambiguous,1984-03-15,35.705541,139.82679,point,representative_point,ambiguous,有形民俗文化財,,,no_explicit_designation_level
municipal_source,墨田区,文化財一覧,131075100102,https://www.opendata.metro.tokyo.lg.jp/sumida/131075_cultural_property.csv,13Tokyo/raw/municipal/13107/data.csv,庚申講法具 ※非公開,,,,個人,,墨田区,13107,有形民俗文化財,有形民俗文化財,ambiguous,1984-03-15,,,point,representative_point,ambiguous,有形民俗文化財,,,no_explicit_designation_level
municipal_source,墨田区,文化財一覧,131075100103,https://www.opendata.metro.tokyo.lg.jp/sumida/131075_cultural_property.csv,13Tokyo/raw/municipal/13107/data.csv,萬福寺の石造庚申塔 (青面金剛童子),,,,宗教法人 萬福寺,,墨田区,13107,有形民俗文化財,有形民俗文化財,ambiguous,1984-03-15,35.720736,139.835841,point,representative_point,ambiguous,有形民俗文化財,,,no_explicit_designation_level
municipal_source,墨田区,文化財一覧,131075100104,https://www.opendata.metro.tokyo.lg.jp/sumida/131075_cultural_property.csv,13Tokyo/raw/municipal/13107/data.csv,白鬚神社の石造狛犬,,,,宗教法人 白鬚神社,,墨田区,13107,有形民俗文化財,有形民俗文化財,ambiguous,1984-03-15,35.725193,139.81288,point,representative_point,ambiguous,有形民俗文化財,,,no_explicit_designation_level
municipal_source,墨田区,文化財一覧,131075100105,https://www.opendata.metro.tokyo.lg.jp/sumida/131075_cultural_property.csv,13Tokyo/raw/municipal/13107/data.csv,香取神社の石造水鉢(禊盥),,,,宗教法人 香取神社,,墨田区,13107,有形民俗文化財,有形民俗文化財,ambiguous,1984-03-15,35.708657,139.825911,point,representative_point,ambiguous,有形民俗文化財,,,no_explicit_designation_level
municipal_source,墨田区,文化財一覧,131075100106,https://www.opendata.metro.tokyo.lg.jp/sumida/131075_cultural_property.csv,13Tokyo/raw/municipal/13107/data.csv,牛嶋神社の石造神牛,,,,宗教法人 牛嶋神社,,墨田区,13107,有形民俗文化財,有形民俗文化財,ambiguous,1984-03-15,35.712626,139.804857,point,representative_point,ambiguous,有形民俗文化財,,,no_explicit_designation_level
municipal_source,墨田区,文化財一覧,131075100107,https://www.opendata.metro.tokyo.lg.jp/sumida/131075_cultural_property.csv,13Tokyo/raw/municipal/13107/data.csv,三囲神社の石造神狐,,,,宗教法人 三囲神社,,墨田区,13107,有形民俗文化財,有形民俗文化財,ambiguous,1984-03-15,35.71499,139.806798,point,representative_point,ambiguous,有形民俗文化財,,,no_explicit_designation_level
municipal_source,墨田区,文化財一覧,131075100108,https://www.opendata.metro.tokyo.lg.jp/sumida/131075_cultural_property.csv,13Tokyo/raw/municipal/13107/data.csv,長命寺の石造庚申塔 (地蔵菩薩),,,,宗教法人 長命寺,,墨田区,13107,有形民俗文化財,有形民俗文化財,ambiguous,1984-03-15,35.717594,139.809165,point,representative_point,ambiguous,有形民俗文化財,,,no_explicit_designation_level
municipal_source,墨田区,文化財一覧,131075100109,https://www.opendata.metro.tokyo.lg.jp/sumida/131075_cultural_property.csv,13Tokyo/raw/municipal/13107/data.csv,正覚寺の石造庚申塔(青面金剛童子),,,,宗教法人 正覚寺,,墨田区,13107,有形民俗文化財,有形民俗文化財,ambiguous,1984-03-15,35.725822,139.827742,point,representative_point,ambiguous,有形民俗文化財,,,no_explicit_designation_level
municipal_source,墨田区,文化財一覧,131075100110,https://www.opendata.metro.tokyo.lg.jp/sumida/131075_cultural_property.csv,13Tokyo/raw/municipal/13107/data.csv,回向院の石造阿弥陀三尊立像,,,,宗教法人 回向院,,墨田区,13107,有形民俗文化財,有形民俗文化財,ambiguous,1988-08-05,35.693423,139.791932,point,representative_point,ambiguous,有形民俗文化財,,,no_explicit_designation_level
municipal_source,墨田区,文化財一覧,131075100111,https://www.opendata.metro.tokyo.lg.jp/sumida/131075_cultural_property.csv,13Tokyo/raw/municipal/13107/data.csv,円通寺の石造地蔵菩薩立像,,,,宗教法人 圓通寺,,墨田区,13107,有形民俗文化財,有形民俗文化財,ambiguous,1988-08-05,35.714129,139.816009,point,representative_point,ambiguous,有形民俗文化財,,,no_explicit_designation_level
municipal_source,墨田区,文化財一覧,131075100112,https://www.opendata.metro.tokyo.lg.jp/sumida/131075_cultural_property.csv,13Tokyo/raw/municipal/13107/data.csv,多聞寺の石造六地蔵坐像,,,,宗教法人 多聞寺,,墨田区,13107,有形民俗文化財,有形民俗文化財,ambiguous,1988-08-05,35.738489,139.819313,point,representative_point,ambiguous,有形民俗文化財,,,no_explicit_designation_level
municipal_source,墨田区,文化財一覧,131075100113,https://www.opendata.metro.tokyo.lg.jp/sumida/131075_cultural_property.csv,13Tokyo/raw/municipal/13107/data.csv,法泉寺の石造地蔵菩薩立像,,,,宗教法人 法泉寺,,墨田区,13107,有形民俗文化財,有形民俗文化財,ambiguous,1989-12-08,35.726204,139.813847,point,representative_point,ambiguous,有形民俗文化財,,,no_explicit_designation_level
municipal_source,墨田区,文化財一覧,131075100114,https://www.opendata.metro.tokyo.lg.jp/sumida/131075_cultural_property.csv,13Tokyo/raw/municipal/13107/data.csv,東漸寺の石造庚申道標,,,,宗教法人 東漸寺,,墨田区,13107,有形民俗文化財,有形民俗文化財,ambiguous,1991-05-02,35.710387,139.836811,point,representative_point,ambiguous,有形民俗文化財,,,no_explicit_designation_level
municipal_source,墨田区,文化財一覧,131075100115,https://www.opendata.metro.tokyo.lg.jp/sumida/131075_cultural_property.csv,13Tokyo/raw/municipal/13107/data.csv,牛嶋神社境内力石群,,,,宗教法人 牛嶋神社,,墨田区,13107,有形民俗文化財,有形民俗文化財,ambiguous,1995-10-05,35.712626,139.804857,point,representative_point,ambiguous,有形民俗文化財,,,no_explicit_designation_level
municipal_source,墨田区,文化財一覧,131075100116,https://www.opendata.metro.tokyo.lg.jp/sumida/131075_cultural_property.csv,13Tokyo/raw/municipal/13107/data.csv,力石,,,,墨田区,,墨田区,13107,有形民俗文化財,有形民俗文化財,ambiguous,1996-07-11,35.721047,139.819478,point,representative_point,ambiguous,有形民俗文化財,,,no_explicit_designation_level
municipal_source,墨田区,文化財一覧,131075100117,https://www.opendata.metro.tokyo.lg.jp/sumida/131075_cultural_property.csv,13Tokyo/raw/municipal/13107/data.csv,吾嬬神社境内力石群,,,,宗教法人 吾嬬神社,,墨田区,13107,有形民俗文化財,有形民俗文化財,ambiguous,1997-05-15,35.705541,139.82679,point,representative_point,ambiguous,有形民俗文化財,,,no_explicit_designation_level
municipal_source,墨田区,文化財一覧,131075100118,https://www.opendata.metro.tokyo.lg.jp/sumida/131075_cultural_property.csv,13Tokyo/raw/municipal/13107/data.csv,牛嶋神社石造神牛(撫牛),,,,宗教法人 牛嶋神社,,墨田区,13107,有形民俗文化財,有形民俗文化財,ambiguous,2002-03-15,35.712626,139.804857,point,representative_point,ambiguous,有形民俗文化財,,,no_explicit_designation_level
municipal_source,墨田区,文化財一覧,131075100119,https://www.opendata.metro.tokyo.lg.jp/sumida/131075_cultural_property.csv,13Tokyo/raw/municipal/13107/data.csv,鼠小僧供養碑(鼠小僧の墓),,,,宗教法人 回向院,,墨田区,13107,有形民俗文化財,有形民俗文化財,ambiguous,2002-05-29,35.693423,139.791932,point,representative_point,ambiguous,有形民俗文化財,,,no_explicit_designation_level
municipal_source,墨田区,文化財一覧,131075100120,https://www.opendata.metro.tokyo.lg.jp/sumida/131075_cultural_property.csv,13Tokyo/raw/municipal/13107/data.csv,安藤家旧蔵田舟,,,,墨田区(郷土文化資料館),,墨田区,13107,有形民俗文化財,有形民俗文化財,ambiguous,2008-02-18,35.714475,139.805949,point,representative_point,ambiguous,有形民俗文化財,,,no_explicit_designation_level
municipal_source,墨田区,文化財一覧,131075100121,https://www.opendata.metro.tokyo.lg.jp/sumida/131075_cultural_property.csv,13Tokyo/raw/municipal/13107/data.csv,江島杉山神社境内力石,,,,宗教法人 江島杉山神社,,墨田区,13107,有形民俗文化財,有形民俗文化財,ambiguous,2009-06-22,35.691257,139.792144,point,representative_point,ambiguous,有形民俗文化財,,,no_explicit_designation_level
municipal_source,墨田区,文化財一覧,131075100122,https://www.opendata.metro.tokyo.lg.jp/sumida/131075_cultural_property.csv,13Tokyo/raw/municipal/13107/data.csv,山玉向嶋講社の碑,,,,宗教法人 高木神社,,墨田区,13107,有形民俗文化財,有形民俗文化財,ambiguous,2011-02-16,35.714769,139.815243,point,representative_point,ambiguous,有形民俗文化財,,,no_explicit_designation_level
municipal_source,墨田区,文化財一覧,131075100123,https://www.opendata.metro.tokyo.lg.jp/sumida/131075_cultural_property.csv,13Tokyo/raw/municipal/13107/data.csv,山玉向嶋講社の碑,,,,宗教法人 白鬚神社,,墨田区,13107,有形民俗文化財,有形民俗文化財,ambiguous,2011-10-19,35.725193,139.81288,point,representative_point,ambiguous,有形民俗文化財,,,no_explicit_designation_level
municipal_source,墨田区,文化財一覧,131075100124,https://www.opendata.metro.tokyo.lg.jp/sumida/131075_cultural_property.csv,13Tokyo/raw/municipal/13107/data.csv,出羽三山の碑,,,,宗教法人 長命寺,,墨田区,13107,有形民俗文化財,有形民俗文化財,ambiguous,2012-12-19,35.717594,139.809165,point,representative_point,ambiguous,有形民俗文化財,,,no_explicit_designation_level
municipal_source,墨田区,文化財一覧,131075100125,https://www.opendata.metro.tokyo.lg.jp/sumida/131075_cultural_property.csv,13Tokyo/raw/municipal/13107/data.csv,柳嶋村念仏講道具一式 附関連文書,,,,墨田区(郷土文化資料館),,墨田区,13107,有形民俗文化財,有形民俗文化財,ambiguous,2012-12-19,35.713923,139.805933,point,representative_point,ambiguous,有形民俗文化財,,,no_explicit_designation_level
municipal_source,墨田区,文化財一覧,131075100126,https://www.opendata.metro.tokyo.lg.jp/sumida/131075_cultural_property.csv,13Tokyo/raw/municipal/13107/data.csv,山玉向嶋講社富士講祭祀具一式 附関連資料 ※非公開,,,,個人,,墨田区,13107,有形民俗文化財,有形民俗文化財,ambiguous,2013-03-27,,,point,representative_point,ambiguous,有形民俗文化財,,,no_explicit_designation_level
municipal_source,墨田区,文化財一覧,131075100127,https://www.opendata.metro.tokyo.lg.jp/sumida/131075_cultural_property.csv,13Tokyo/raw/municipal/13107/data.csv,山玉向嶋講社富士講先達遺品 附関連資料 ※非公開,,,,個人,,墨田区,13107,有形民俗文化財,有形民俗文化財,ambiguous,2013-03-27,,,point,representative_point,ambiguous,有形民俗文化財,,,no_explicit_designation_level
municipal_source,墨田区,文化財一覧,131075100128,https://www.opendata.metro.tokyo.lg.jp/sumida/131075_cultural_property.csv,13Tokyo/raw/municipal/13107/data.csv,旧小村井村の庚申塔群 附関連資料,,,,個人,,墨田区,13107,有形民俗文化財,有形民俗文化財,ambiguous,2014-06-19,,,point,representative_point,ambiguous,有形民俗文化財,,,no_explicit_designation_level
municipal_source,墨田区,文化財一覧,131075100129,https://www.opendata.metro.tokyo.lg.jp/sumida/131075_cultural_property.csv,13Tokyo/raw/municipal/13107/data.csv,裁縫(足袋仕立て),,,,宮内 順子,,墨田区,13107,無形文化財(工芸技術),美術工芸品,ambiguous,1999-12-02,,,movable,representative_point,ambiguous,無形文化財(工芸技術),,,no_explicit_designation_level
municipal_source,墨田区,文化財一覧,131075100130,https://www.opendata.metro.tokyo.lg.jp/sumida/131075_cultural_property.csv,13Tokyo/raw/municipal/13107/data.csv,人形製作(市松人形づくり),,,,藤村 泰夫(光環),,墨田区,13107,無形文化財(工芸技術),美術工芸品,ambiguous,2000-06-01,35.704742,139.802307,movable,representative_point,ambiguous,無形文化財(工芸技術),,,no_explicit_designation_level
municipal_source,墨田区,文化財一覧,131075100131,https://www.opendata.metro.tokyo.lg.jp/sumida/131075_cultural_property.csv,13Tokyo/raw/municipal/13107/data.csv,裁縫(鳶装束づくり),,,,磯貝 鉄夫,,墨田区,13107,無形文化財(工芸技術),美術工芸品,ambiguous,2002-05-29,,,movable,representative_point,ambiguous,無形文化財(工芸技術),,,no_explicit_designation_level
municipal_source,墨田区,文化財一覧,131075100132,https://www.opendata.metro.tokyo.lg.jp/sumida/131075_cultural_property.csv,13Tokyo/raw/municipal/13107/data.csv,ブラシ製作(手植えブラシづくり),,,,田中 久継,,墨田区,13107,無形文化財(工芸技術),美術工芸品,ambiguous,2005-02-01,,,movable,representative_point,ambiguous,無形文化財(工芸技術),,,no_explicit_designation_level
municipal_source,墨田区,文化財一覧,131075100133,https://www.opendata.metro.tokyo.lg.jp/sumida/131075_cultural_property.csv,13Tokyo/raw/municipal/13107/data.csv,江戸木目込人形づくり,,,,塚田 進(詠春),,墨田区,13107,無形文化財(工芸技術),美術工芸品,ambiguous,2005-02-01,35.715931,139.809509,movable,representative_point,ambiguous,無形文化財(工芸技術),,,no_explicit_designation_level
municipal_source,墨田区,文化財一覧,131075100134,https://www.opendata.metro.tokyo.lg.jp/sumida/131075_cultural_property.csv,13Tokyo/raw/municipal/13107/data.csv,竹細工(江戸和竿製作),,,,奥平 辰之(三代竿辰),,墨田区,13107,無形文化財(工芸技術),美術工芸品,ambiguous,2005-06-02,35.709106,139.811539,movable,representative_point,ambiguous,無形文化財(工芸技術),,,no_explicit_designation_level
municipal_source,墨田区,文化財一覧,131075100135,https://www.opendata.metro.tokyo.lg.jp/sumida/131075_cultural_property.csv,13Tokyo/raw/municipal/13107/data.csv,押絵羽子板製作(押絵),,,,青山 美代子,,墨田区,13107,無形文化財(工芸技術),美術工芸品,ambiguous,2005-12-05,,,movable,representative_point,ambiguous,無形文化財(工芸技術),,,no_explicit_designation_level
municipal_source,墨田区,文化財一覧,131075100136,https://www.opendata.metro.tokyo.lg.jp/sumida/131075_cultural_property.csv,13Tokyo/raw/municipal/13107/data.csv,押絵羽子板製作(面相),,,,野口 豊生(五代武蔵屋豊山),,墨田区,13107,無形文化財(工芸技術),美術工芸品,ambiguous,2005-12-05,35.700654,139.797371,movable,representative_point,ambiguous,無形文化財(工芸技術),,,no_explicit_designation_level
municipal_source,墨田区,文化財一覧,131075100137,https://www.opendata.metro.tokyo.lg.jp/sumida/131075_cultural_property.csv,13Tokyo/raw/municipal/13107/data.csv,ガラス工芸(江戸切子),,,,山田 輝雄,,墨田区,13107,無形文化財(工芸技術),美術工芸品,ambiguous,2006-08-21,35.704872,139.828323,movable,representative_point,ambiguous,無形文化財(工芸技術),,,no_explicit_designation_level
municipal_source,墨田区,文化財一覧,131075100138,https://www.opendata.metro.tokyo.lg.jp/sumida/131075_cultural_property.csv,13Tokyo/raw/municipal/13107/data.csv,組み紐・紐結び,,,,深井 しげ子,,墨田区,13107,無形文化財(工芸技術),美術工芸品,ambiguous,2007-08-06,,,movable,representative_point,ambiguous,無形文化財(工芸技術),,,no_explicit_designation_level
municipal_source,墨田区,文化財一覧,131075100139,https://www.opendata.metro.tokyo.lg.jp/sumida/131075_cultural_property.csv,13Tokyo/raw/municipal/13107/data.csv,江戸小紋,,,,五月女 利夫(利光),,墨田区,13107,無形文化財(工芸技術),美術工芸品,ambiguous,2007-12-17,35.705479,139.807098,movable,representative_point,ambiguous,無形文化財(工芸技術),,,no_explicit_designation_level
municipal_source,墨田区,文化財一覧,131075100140,https://www.opendata.metro.tokyo.lg.jp/sumida/131075_cultural_property.csv,13Tokyo/raw/municipal/13107/data.csv,漆工,,,,安宅 信太郎,,墨田区,13107,無形文化財(工芸技術),美術工芸品,ambiguous,2007-12-17,35.713843,139.811904,movable,representative_point,ambiguous,無形文化財(工芸技術),,,no_explicit_designation_level
municipal_source,墨田区,文化財一覧,131075100141,https://www.opendata.metro.tokyo.lg.jp/sumida/131075_cultural_property.csv,13Tokyo/raw/municipal/13107/data.csv,江戸小紋,,,,中條 隆一,,墨田区,13107,無形文化財(工芸技術),美術工芸品,ambiguous,2012-02-13,35.717472,139.826492,movable,representative_point,ambiguous,無形文化財(工芸技術),,,no_explicit_designation_level
municipal_source,墨田区,文化財一覧,131075100142,https://www.opendata.metro.tokyo.lg.jp/sumida/131075_cultural_property.csv,13Tokyo/raw/municipal/13107/data.csv,裁縫(足袋仕立て),,,,石井 芳和,,墨田区,13107,無形文化財(工芸技術),美術工芸品,ambiguous,2012-03-28,35.7163,139.809456,movable,representative_point,ambiguous,無形文化財(工芸技術),,,no_explicit_designation_level
municipal_source,墨田区,文化財一覧,131075100143,https://www.opendata.metro.tokyo.lg.jp/sumida/131075_cultural_property.csv,13Tokyo/raw/municipal/13107/data.csv,裁縫(足袋仕立て),,,,石井 きよ子,,墨田区,13107,無形文化財(工芸技術),美術工芸品,ambiguous,2012-03-28,35.7163,139.809456,movable,representative_point,ambiguous,無形文化財(工芸技術),,,no_explicit_designation_level
municipal_source,墨田区,文化財一覧,131075100144,https://www.opendata.metro.tokyo.lg.jp/sumida/131075_cultural_property.csv,13Tokyo/raw/municipal/13107/data.csv,藍染(長板中形),,,,藤澤 幸宏,,墨田区,13107,無形文化財(工芸技術),美術工芸品,ambiguous,2013-08-21,35.716888,139.821136,movable,representative_point,ambiguous,無形文化財(工芸技術),,,no_explicit_designation_level
municipal_source,墨田区,文化財一覧,131075100145,https://www.opendata.metro.tokyo.lg.jp/sumida/131075_cultural_property.csv,13Tokyo/raw/municipal/13107/data.csv,金工(錺金具づくり),,,,塩澤 政子,,墨田区,13107,無形文化財(工芸技術),美術工芸品,ambiguous,2014-12-18,35.701378,139.799255,movable,representative_point,ambiguous,無形文化財(工芸技術),,,no_explicit_designation_level
municipal_source,墨田区,文化財一覧,131075100146,https://www.opendata.metro.tokyo.lg.jp/sumida/131075_cultural_property.csv,13Tokyo/raw/municipal/13107/data.csv,押絵羽子板製作(面相・押絵),,,,西山 和宏(二代鴻月),,墨田区,13107,無形文化財(工芸技術),美術工芸品,ambiguous,2015-11-19,,,movable,representative_point,ambiguous,無形文化財(工芸技術),,,no_explicit_designation_level
municipal_source,墨田区,文化財一覧,131075100147,https://www.opendata.metro.tokyo.lg.jp/sumida/131075_cultural_property.csv,13Tokyo/raw/municipal/13107/data.csv,江戸表具,,,,前川 治,,墨田区,13107,無形文化財(工芸技術),美術工芸品,ambiguous,2017-05-02,35.689556,139.797989,movable,representative_point,ambiguous,無形文化財(工芸技術),,,no_explicit_designation_level
municipal_source,墨田区,文化財一覧,131075100148,https://www.opendata.metro.tokyo.lg.jp/sumida/131075_cultural_property.csv,13Tokyo/raw/municipal/13107/data.csv,表装(屏風づくり),,,,片岡 恭一,,墨田区,13107,無形文化財(工芸技術),美術工芸品,ambiguous,2021-12-10,35.710445,139.807831,movable,representative_point,ambiguous,無形文化財(工芸技術),,,no_explicit_designation_level
municipal_source,墨田区,文化財一覧,131075100149,https://www.opendata.metro.tokyo.lg.jp/sumida/131075_cultural_property.csv,13Tokyo/raw/municipal/13107/data.csv,隅田囃子(箕輪囃子),,,,箕輪家流墨田囃子保存会,,墨田区,13107,無形民俗文化財(民俗芸能),無形民俗文化財(民俗芸能),ambiguous,2000-12-07,35.736741,139.819586,point,representative_point,ambiguous,無形民俗文化財(民俗芸能),,,no_explicit_designation_level
municipal_source,墨田区,文化財一覧,131075100150,https://www.opendata.metro.tokyo.lg.jp/sumida/131075_cultural_property.csv,13Tokyo/raw/municipal/13107/data.csv,隅田川七福神めぐり,,,,隅田川七福会,,墨田区,13107,無形民俗文化財(風俗慣習),無形民俗文化財(風俗慣習),ambiguous,2003-10-16,35.717594,139.809165,point,representative_point,ambiguous,無形民俗文化財(風俗慣習),,,no_explicit_designation_level
municipal_source,墨田区,文化財一覧,131075100151,https://www.opendata.metro.tokyo.lg.jp/sumida/131075_cultural_property.csv,13Tokyo/raw/municipal/13107/data.csv,肥前平戸藩松浦家墓所 ※非公開,,,,宗教法人 天祥寺,,墨田区,13107,史跡,史跡,ambiguous,S59.6.15;H1.12.8,35.709205,139.803653,point,representative_point,ambiguous,史跡,,,no_explicit_designation_level
municipal_source,墨田区,文化財一覧,131075100152,https://www.opendata.metro.tokyo.lg.jp/sumida/131075_cultural_property.csv,13Tokyo/raw/municipal/13107/data.csv,橘守部墓・橘冬照墓,,,,宗教法人 長命寺,,墨田区,13107,史跡,史跡,ambiguous,1989-12-08,35.717594,139.809165,point,representative_point,ambiguous,史跡,,,no_explicit_designation_level
municipal_source,墨田区,文化財一覧,131075100153,https://www.opendata.metro.tokyo.lg.jp/sumida/131075_cultural_property.csv,13Tokyo/raw/municipal/13107/data.csv,池田冠山墓,,,,宗教法人 弘福寺,,墨田区,13107,史跡,史跡,ambiguous,1990-07-19,35.717119,139.808921,point,representative_point,ambiguous,史跡,,,no_explicit_designation_level
municipal_source,墨田区,文化財一覧,131075100154,https://www.opendata.metro.tokyo.lg.jp/sumida/131075_cultural_property.csv,13Tokyo/raw/municipal/13107/data.csv,常陸笠間藩牧野家墓所 ※非公開,,,,宗教法人 要津寺,,墨田区,13107,史跡,史跡,ambiguous,1993-10-05,35.690234,139.7955,point,representative_point,ambiguous,史跡,,,no_explicit_designation_level
municipal_source,墨田区,文化財一覧,131075100155,https://www.opendata.metro.tokyo.lg.jp/sumida/131075_cultural_property.csv,13Tokyo/raw/municipal/13107/data.csv,回向院相撲関係石碑群(力塚),,,,公益財団法人 日本相撲協会,,墨田区,13107,史跡,史跡,ambiguous,1999-02-16,35.693423,139.791932,point,representative_point,ambiguous,史跡,,,no_explicit_designation_level
municipal_source,墨田区,文化財一覧,131075100156,https://www.opendata.metro.tokyo.lg.jp/sumida/131075_cultural_property.csv,13Tokyo/raw/municipal/13107/data.csv,飛木稲荷神社のイチョウ,,,,宗教法人 飛木稲荷神社,,墨田区,13107,天然記念物,天然記念物,ambiguous,1999-02-16(1999-08-05),35.714129,139.816009,point,representative_point,ambiguous,天然記念物,,,no_explicit_designation_level
municipal_source,墨田区,文化財一覧,131075100157,https://www.opendata.metro.tokyo.lg.jp/sumida/131075_cultural_property.csv,13Tokyo/raw/municipal/13107/data.csv,墨堤の桜,,,,墨田区(道路公園課),,墨田区,13107,名勝,名勝,ambiguous,2001-03-22,35.715077,139.805991,point,representative_point,ambiguous,名勝,,,no_explicit_designation_level
municipal_source,墨田区,文化財一覧,131075100158,https://www.opendata.metro.tokyo.lg.jp/sumida/131075_cultural_property.csv,13Tokyo/raw/municipal/13107/data.csv,絹本着色「水野忠啓像」 椿椿山筆(楢崎宗重コレクション),,,,墨田区(文化芸術振興課),,墨田区,13107,有形文化財(絵画),美術工芸品,ambiguous,(1998-06-04),35.423292,139.493784,movable,representative_point,ambiguous,有形文化財(絵画),,,no_explicit_designation_level
municipal_source,墨田区,文化財一覧,131075100159,https://www.opendata.metro.tokyo.lg.jp/sumida/131075_cultural_property.csv,13Tokyo/raw/municipal/13107/data.csv,麻布油絵「三宅康直像」 高橋由一筆(楢崎宗重コレクション),,,,墨田区(文化芸術振興課),,墨田区,13107,有形文化財(絵画),美術工芸品,ambiguous,(1998-06-04),35.423292,139.493784,movable,representative_point,ambiguous,有形文化財(絵画),,,no_explicit_designation_level
municipal_source,墨田区,文化財一覧,131075100160,https://www.opendata.metro.tokyo.lg.jp/sumida/131075_cultural_property.csv,13Tokyo/raw/municipal/13107/data.csv,絹本着色「佐久間象山蟄居図」 川上冬崖筆(楢崎宗重コレクション),,,,墨田区(文化芸術振興課),,墨田区,13107,有形文化財(絵画),美術工芸品,ambiguous,(1998-06-04),35.423292,139.493784,movable,representative_point,ambiguous,有形文化財(絵画),,,no_explicit_designation_level
municipal_source,墨田区,文化財一覧,131075100161,https://www.opendata.metro.tokyo.lg.jp/sumida/131075_cultural_property.csv,13Tokyo/raw/municipal/13107/data.csv,紙本淡彩「山水図」 高芙蓉筆(楢崎宗重コレクション),,,,墨田区(文化芸術振興課),,墨田区,13107,有形文化財(絵画),美術工芸品,ambiguous,(1998-06-04),35.423292,139.493784,movable,representative_point,ambiguous,有形文化財(絵画),,,no_explicit_designation_level
municipal_source,墨田区,文化財一覧,131075100162,https://www.opendata.metro.tokyo.lg.jp/sumida/131075_cultural_property.csv,13Tokyo/raw/municipal/13107/data.csv,紙本着色「花卉図」 深江蘆舟筆(楢崎宗重コレクション),,,,墨田区(文化芸術振興課),,墨田区,13107,有形文化財(絵画),美術工芸品,ambiguous,(1998-06-04),35.423292,139.493784,movable,representative_point,ambiguous,有形文化財(絵画),,,no_explicit_designation_level
municipal_source,墨田区,文化財一覧,131075100163,https://www.opendata.metro.tokyo.lg.jp/sumida/131075_cultural_property.csv,13Tokyo/raw/municipal/13107/data.csv,絹本着色「峠茶屋図」 蹄斎北馬筆(楢崎宗重コレクション),,,,墨田区(文化芸術振興課),,墨田区,13107,有形文化財(絵画),美術工芸品,ambiguous,(1998-06-04),35.423292,139.493784,movable,representative_point,ambiguous,有形文化財(絵画),,,no_explicit_designation_level
municipal_source,墨田区,文化財一覧,131075100164,https://www.opendata.metro.tokyo.lg.jp/sumida/131075_cultural_property.csv,13Tokyo/raw/municipal/13107/data.csv,紙本着色「母子犬図」 長沢蘆雪筆(楢崎宗重コレクション),,,,墨田区(文化芸術振興課),,墨田区,13107,有形文化財(絵画),美術工芸品,ambiguous,(1998-06-04),35.423292,139.493784,movable,representative_point,ambiguous,有形文化財(絵画),,,no_explicit_designation_level
municipal_source,墨田区,文化財一覧,131075100165,https://www.opendata.metro.tokyo.lg.jp/sumida/131075_cultural_property.csv,13Tokyo/raw/municipal/13107/data.csv,紙本着色「耶馬溪真景図巻」 森寛斎筆(楢崎宗重コレクション),,,,墨田区(文化芸術振興課),,墨田区,13107,有形文化財(絵画),美術工芸品,ambiguous,(1998-06-04),35.423292,139.493784,movable,representative_point,ambiguous,有形文化財(絵画),,,no_explicit_designation_level
municipal_source,墨田区,文化財一覧,131075100166,https://www.opendata.metro.tokyo.lg.jp/sumida/131075_cultural_property.csv,13Tokyo/raw/municipal/13107/data.csv,木版画「冨嶽三十六景 武州玉川」 葛飾北斎筆 錦絵大判(ピーター・モースコレクション),,,,墨田区(文化芸術振興課),,墨田区,13107,有形文化財(絵画),美術工芸品,ambiguous,(2004-07-15),35.423292,139.493784,movable,representative_point,ambiguous,有形文化財(絵画),,,no_explicit_designation_level
municipal_source,墨田区,文化財一覧,131075100167,https://www.opendata.metro.tokyo.lg.jp/sumida/131075_cultural_property.csv,13Tokyo/raw/municipal/13107/data.csv,木版画「牡丹に胡蝶」 葛飾北斎筆 錦絵大判(ピーター・モースコレクション),,,,墨田区(文化芸術振興課),,墨田区,13107,有形文化財(絵画),美術工芸品,ambiguous,(2004-07-15),35.423292,139.493784,movable,representative_point,ambiguous,有形文化財(絵画),,,no_explicit_designation_level
municipal_source,墨田区,文化財一覧,131075100168,https://www.opendata.metro.tokyo.lg.jp/sumida/131075_cultural_property.csv,13Tokyo/raw/municipal/13107/data.csv,木版画「寺島法泉寺詣」 葛飾北斎筆(ピーター・モースコレクション),,,,墨田区(文化芸術振興課),,墨田区,13107,有形文化財(絵画),美術工芸品,ambiguous,(2004-07-15),35.423292,139.493784,movable,representative_point,ambiguous,有形文化財(絵画),,,no_explicit_designation_level
municipal_source,墨田区,文化財一覧,131075100169,https://www.opendata.metro.tokyo.lg.jp/sumida/131075_cultural_property.csv,13Tokyo/raw/municipal/13107/data.csv,木版画「伊勢屋利兵衛板 新板浮絵江戸名所」 葛飾北斎筆(ピーター・モースコレクション),,,,墨田区(文化芸術振興課),,墨田区,13107,有形文化財(絵画),美術工芸品,ambiguous,(2004-07-15),35.423292,139.493784,movable,representative_point,ambiguous,有形文化財(絵画),,,no_explicit_designation_level
municipal_source,墨田区,文化財一覧,131075100170,https://www.opendata.metro.tokyo.lg.jp/sumida/131075_cultural_property.csv,13Tokyo/raw/municipal/13107/data.csv,狂歌絵本(版本)「初若菜」 樵歌亭笛成序 葛飾北斎挿絵(ピーター・モースコレクション),,,,墨田区(文化芸術振興課),,墨田区,13107,有形文化財(絵画),美術工芸品,ambiguous,(2004-07-15),35.423292,139.493784,movable,representative_point,ambiguous,有形文化財(絵画),,,no_explicit_designation_level
municipal_source,墨田区,文化財一覧,131075100171,https://www.opendata.metro.tokyo.lg.jp/sumida/131075_cultural_property.csv,13Tokyo/raw/municipal/13107/data.csv,狂歌絵本(版本)「さむたらかすみ」 千穐庵三陀羅法師撰 葛飾北斎挿絵(ピーター・モースコレクション),,,,墨田区(文化芸術振興課),,墨田区,13107,有形文化財(絵画),美術工芸品,ambiguous,(2004-07-15),35.423292,139.493784,movable,representative_point,ambiguous,有形文化財(絵画),,,no_explicit_designation_level
municipal_source,杉並区,文化財一覧,131156000000.0,https://www.city.suginami.tokyo.jp/documents/7581/r8-bunkazai-csv.csv,13Tokyo/raw/municipal/13115/data.csv,木造日蓮上人立像,,,,,,杉並区,13115,有形文化財,美術工芸品,ambiguous,,35.693142,139.609307,movable,representative_point,ambiguous,有形文化財,彫刻,,no_explicit_designation_level
municipal_source,杉並区,文化財一覧,131156000000.0,https://www.city.suginami.tokyo.jp/documents/7581/r8-bunkazai-csv.csv,13Tokyo/raw/municipal/13115/data.csv,寛文四年銘聖観音庚申供養塔,,,,,,杉並区,13115,有形民俗文化財,信仰,ambiguous,,35.697179,139.636941,point,representative_point,ambiguous,有形民俗文化財,信仰,,no_explicit_designation_level
municipal_source,杉並区,文化財一覧,131156000000.0,https://www.city.suginami.tokyo.jp/documents/7581/r8-bunkazai-csv.csv,13Tokyo/raw/municipal/13115/data.csv,鎌倉橋上遺跡D地点住居跡出土遺物,,郷土博物館内,,,,杉並区,13115,有形文化財,考古資料,ambiguous,,35.685988,139.645467,movable,representative_point,ambiguous,有形文化財,考古資料,,no_explicit_designation_level
municipal_source,杉並区,文化財一覧,131156000000.0,https://www.city.suginami.tokyo.jp/documents/7581/r8-bunkazai-csv.csv,13Tokyo/raw/municipal/13115/data.csv,高円寺南一丁目(旧中山谷)所在民間信仰石造物,,天祖神社内,,,,杉並区,13115,有形民俗文化財,信仰,ambiguous,,35.698165,139.655904,point,representative_point,ambiguous,有形民俗文化財,信仰,,no_explicit_designation_level
municipal_source,杉並区,文化財一覧,131156000000.0,https://www.city.suginami.tokyo.jp/documents/7581/r8-bunkazai-csv.csv,13Tokyo/raw/municipal/13115/data.csv,宗源寺開基碑,,,,,,杉並区,13115,有形文化財,歴史資料,ambiguous,,35.670393,139.629976,point,representative_point,ambiguous,有形文化財,歴史資料,,no_explicit_designation_level
municipal_source,杉並区,文化財一覧,131156000000.0,https://www.city.suginami.tokyo.jp/documents/7581/r8-bunkazai-csv.csv,13Tokyo/raw/municipal/13115/data.csv,紙本著色四季耕作図屏風,,,,,,杉並区,13115,有形文化財,美術工芸品,ambiguous,,35.694983,139.653461,movable,representative_point,ambiguous,有形文化財,絵画,,no_explicit_designation_level
municipal_source,杉並区,文化財一覧,131156000000.0,https://www.city.suginami.tokyo.jp/documents/7581/r8-bunkazai-csv.csv,13Tokyo/raw/municipal/13115/data.csv,木造弘法大師坐像,,,,,,杉並区,13115,有形文化財,美術工芸品,ambiguous,,35.679125,139.652086,movable,representative_point,ambiguous,有形文化財,彫刻,,no_explicit_designation_level
municipal_source,杉並区,文化財一覧,131156000000.0,https://www.city.suginami.tokyo.jp/documents/7581/r8-bunkazai-csv.csv,13Tokyo/raw/municipal/13115/data.csv,医王寺所蔵板碑群,,郷土博物館,,,,杉並区,13115,有形文化財,古文書,ambiguous,,35.685988,139.645467,movable,representative_point,ambiguous,有形文化財,古文書,,no_explicit_designation_level
municipal_source,杉並区,文化財一覧,131156000000.0,https://www.city.suginami.tokyo.jp/documents/7581/r8-bunkazai-csv.csv,13Tokyo/raw/municipal/13115/data.csv,板絵着色製茶図,,,,,,杉並区,13115,有形民俗文化財,信仰,ambiguous,,35.71055,139.606609,point,representative_point,ambiguous,有形民俗文化財,信仰,,no_explicit_designation_level
municipal_source,杉並区,文化財一覧,131156000000.0,https://www.city.suginami.tokyo.jp/documents/7581/r8-bunkazai-csv.csv,13Tokyo/raw/municipal/13115/data.csv,井荻町土地区画整理碑,,,,,,杉並区,13115,有形文化財,古文書,ambiguous,,35.71603,139.595213,movable,representative_point,ambiguous,有形文化財,古文書,,no_explicit_designation_level
municipal_source,杉並区,文化財一覧,131156000000.0,https://www.city.suginami.tokyo.jp/documents/7581/r8-bunkazai-csv.csv,13Tokyo/raw/municipal/13115/data.csv,井口美世子家所蔵文書,,,,,,杉並区,13115,有形文化財,古文書,ambiguous,,35.719979,139.619169,movable,representative_point,ambiguous,有形文化財,古文書,,no_explicit_designation_level
municipal_source,杉並区,文化財一覧,131156000000.0,https://www.city.suginami.tokyo.jp/documents/7581/r8-bunkazai-csv.csv,13Tokyo/raw/municipal/13115/data.csv,丸山遺跡土坑墓内出土縄文土器,,郷土博物館内,,,,杉並区,13115,有形文化財,考古資料,ambiguous,,35.685988,139.645467,movable,representative_point,ambiguous,有形文化財,考古資料,,no_explicit_designation_level
municipal_source,杉並区,文化財一覧,131156000000.0,https://www.city.suginami.tokyo.jp/documents/7581/r8-bunkazai-csv.csv,13Tokyo/raw/municipal/13115/data.csv,田端神社の木槌,,,,,,杉並区,13115,有形民俗文化財,信仰,ambiguous,,35.693766,139.627614,point,representative_point,ambiguous,有形民俗文化財,信仰,,no_explicit_designation_level
municipal_source,杉並区,文化財一覧,131156000000.0,https://www.city.suginami.tokyo.jp/documents/7581/r8-bunkazai-csv.csv,13Tokyo/raw/municipal/13115/data.csv,絹本著色舞楽図六曲屏風,,,,,,杉並区,13115,有形文化財,美術工芸品,ambiguous,,35.692286,139.652735,movable,representative_point,ambiguous,有形文化財,絵画,,no_explicit_designation_level
municipal_source,杉並区,文化財一覧,131156000000.0,https://www.city.suginami.tokyo.jp/documents/7581/r8-bunkazai-csv.csv,13Tokyo/raw/municipal/13115/data.csv,西照寺道了堂,,,,,,杉並区,13115,有形文化財,建造物,ambiguous,,35.699976,139.65082,building_direct,building_candidate_point,ambiguous,有形文化財,建造物,,no_explicit_designation_level
municipal_source,杉並区,文化財一覧,131156000000.0,https://www.city.suginami.tokyo.jp/documents/7581/r8-bunkazai-csv.csv,13Tokyo/raw/municipal/13115/data.csv,久我山五丁目二番出土無頭石棒,,郷土博物館内,,,,杉並区,13115,有形文化財,考古資料,ambiguous,,35.685988,139.645467,movable,representative_point,ambiguous,有形文化財,考古資料,,no_explicit_designation_level
municipal_source,杉並区,文化財一覧,131156000000.0,https://www.city.suginami.tokyo.jp/documents/7581/r8-bunkazai-csv.csv,13Tokyo/raw/municipal/13115/data.csv,下高井戸塚山遺跡,,,,,,杉並区,13115,史跡,史跡,ambiguous,,35.67556,139.625215,point,representative_point,ambiguous,史跡,遺跡,,no_explicit_designation_level
municipal_source,杉並区,文化財一覧,131156000000.0,https://www.city.suginami.tokyo.jp/documents/7581/r8-bunkazai-csv.csv,13Tokyo/raw/municipal/13115/data.csv,正応四年銘釈迦種子板碑,,,,,,杉並区,13115,有形文化財,古文書,ambiguous,,35.708621,139.626769,movable,representative_point,ambiguous,有形文化財,古文書,,no_explicit_designation_level
municipal_source,杉並区,文化財一覧,131156000000.0,https://www.city.suginami.tokyo.jp/documents/7581/r8-bunkazai-csv.csv,13Tokyo/raw/municipal/13115/data.csv,横倉善次郎家文書,,郷土博物館内,,,,杉並区,13115,有形文化財,古文書,ambiguous,,35.685988,139.645467,movable,representative_point,ambiguous,有形文化財,古文書,,no_explicit_designation_level
municipal_source,杉並区,文化財一覧,131156000000.0,https://www.city.suginami.tokyo.jp/documents/7581/r8-bunkazai-csv.csv,13Tokyo/raw/municipal/13115/data.csv,上高井戸二丁目二番所在民間信仰石造物,,,,,,杉並区,13115,有形民俗文化財,信仰,ambiguous,,35.676974,139.613407,point,representative_point,ambiguous,有形民俗文化財,信仰,,no_explicit_designation_level
municipal_source,杉並区,文化財一覧,131156000000.0,https://www.city.suginami.tokyo.jp/documents/7581/r8-bunkazai-csv.csv,13Tokyo/raw/municipal/13115/data.csv,宝暦四年銘青面金剛立像,,,,,,杉並区,13115,有形民俗文化財,信仰,ambiguous,,35.677292,139.608317,point,representative_point,ambiguous,有形民俗文化財,信仰,,no_explicit_designation_level
municipal_source,杉並区,文化財一覧,131156000000.0,https://www.city.suginami.tokyo.jp/documents/7581/r8-bunkazai-csv.csv,13Tokyo/raw/municipal/13115/data.csv,板絵着色雷神図(狩野洞月詮信筆),,,,,,杉並区,13115,有形民俗文化財,信仰,ambiguous,,35.692857,139.609408,point,representative_point,ambiguous,有形民俗文化財,信仰,,no_explicit_designation_level
municipal_source,杉並区,文化財一覧,131156000000.0,https://www.city.suginami.tokyo.jp/documents/7581/r8-bunkazai-csv.csv,13Tokyo/raw/municipal/13115/data.csv,成田東三丁目所在民間信仰石造物,,,,,,杉並区,13115,有形民俗文化財,信仰,ambiguous,,35.692214,139.634862,point,representative_point,ambiguous,有形民俗文化財,信仰,,no_explicit_designation_level
municipal_source,杉並区,文化財一覧,131156000000.0,https://www.city.suginami.tokyo.jp/documents/7581/r8-bunkazai-csv.csv,13Tokyo/raw/municipal/13115/data.csv,木造大日如来坐像,,,,,,杉並区,13115,有形文化財,美術工芸品,ambiguous,,35.691995,139.631731,movable,representative_point,ambiguous,有形文化財,彫刻,,no_explicit_designation_level
municipal_source,杉並区,文化財一覧,131156000000.0,https://www.city.suginami.tokyo.jp/documents/7581/r8-bunkazai-csv.csv,13Tokyo/raw/municipal/13115/data.csv,木造随身坐像,,,,,,杉並区,13115,有形文化財,美術工芸品,ambiguous,,35.682018,139.640671,movable,representative_point,ambiguous,有形文化財,彫刻,,no_explicit_designation_level
municipal_source,杉並区,文化財一覧,131156000000.0,https://www.city.suginami.tokyo.jp/documents/7581/r8-bunkazai-csv.csv,13Tokyo/raw/municipal/13115/data.csv,天沼一丁目五番所在民間信仰石造物,,,,,,杉並区,13115,有形民俗文化財,信仰,ambiguous,,35.705656,139.628187,point,representative_point,ambiguous,有形民俗文化財,信仰,,no_explicit_designation_level
municipal_source,杉並区,文化財一覧,131156000000.0,https://www.city.suginami.tokyo.jp/documents/7581/r8-bunkazai-csv.csv,13Tokyo/raw/municipal/13115/data.csv,済美台遺跡出土祭祀関係遺物,,郷土博物館内,,,,杉並区,13115,有形文化財,考古資料,ambiguous,,35.685988,139.645467,movable,representative_point,ambiguous,有形文化財,考古資料,,no_explicit_designation_level
municipal_source,杉並区,文化財一覧,131156000000.0,https://www.city.suginami.tokyo.jp/documents/7581/r8-bunkazai-csv.csv,13Tokyo/raw/municipal/13115/data.csv,宗源寺のラカンマキ,,,,,,杉並区,13115,天然記念物,天然記念物,ambiguous,,35.670393,139.629976,point,representative_point,ambiguous,天然記念物,植物,,no_explicit_designation_level
municipal_source,杉並区,文化財一覧,131156000000.0,https://www.city.suginami.tokyo.jp/documents/7581/r8-bunkazai-csv.csv,13Tokyo/raw/municipal/13115/data.csv,大宮八幡宮境内出土瓦,,,,,,杉並区,13115,有形文化財,考古資料,ambiguous,,35.682018,139.640671,movable,representative_point,ambiguous,有形文化財,考古資料,,no_explicit_designation_level
municipal_source,杉並区,文化財一覧,131156000000.0,https://www.city.suginami.tokyo.jp/documents/7581/r8-bunkazai-csv.csv,13Tokyo/raw/municipal/13115/data.csv,荻窪三丁目旧在民間信仰石造物,,田端神社内,,,,杉並区,13115,有形民俗文化財,信仰,ambiguous,,35.693766,139.627614,point,representative_point,ambiguous,有形民俗文化財,信仰,,no_explicit_designation_level
municipal_source,杉並区,文化財一覧,131156000000.0,https://www.city.suginami.tokyo.jp/documents/7581/r8-bunkazai-csv.csv,13Tokyo/raw/municipal/13115/data.csv,真盛寺客殿・書院及び庫裏,,,,,,杉並区,13115,有形文化財,建造物,ambiguous,,35.694983,139.653461,building_direct,building_candidate_point,ambiguous,有形文化財,建造物,,no_explicit_designation_level
municipal_source,杉並区,文化財一覧,131156000000.0,https://www.city.suginami.tokyo.jp/documents/7581/r8-bunkazai-csv.csv,13Tokyo/raw/municipal/13115/data.csv,當麻家所蔵文書,,,,,,杉並区,13115,有形文化財,古文書,ambiguous,,35.678377,139.645733,movable,representative_point,ambiguous,有形文化財,古文書,,no_explicit_designation_level
municipal_source,杉並区,文化財一覧,131156000000.0,https://www.city.suginami.tokyo.jp/documents/7581/r8-bunkazai-csv.csv,13Tokyo/raw/municipal/13115/data.csv,板絵着色老翁奇瑞の図(北溪筆),,,,,,杉並区,13115,有形民俗文化財,信仰,ambiguous,,35.692286,139.652735,point,representative_point,ambiguous,有形民俗文化財,信仰,,no_explicit_designation_level
municipal_source,杉並区,文化財一覧,131156000000.0,https://www.city.suginami.tokyo.jp/documents/7581/r8-bunkazai-csv.csv,13Tokyo/raw/municipal/13115/data.csv,石造観音六面幢,,,,,,杉並区,13115,有形文化財,美術工芸品,ambiguous,,35.694711,139.648888,movable,representative_point,ambiguous,有形文化財,彫刻,,no_explicit_designation_level
municipal_source,杉並区,文化財一覧,131156000000.0,https://www.city.suginami.tokyo.jp/documents/7581/r8-bunkazai-csv.csv,13Tokyo/raw/municipal/13115/data.csv,文保元年銘阿弥陀三尊種子板碑,,,,,,杉並区,13115,有形文化財,古文書,ambiguous,,35.678377,139.645733,movable,representative_point,ambiguous,有形文化財,古文書,,no_explicit_designation_level
municipal_source,杉並区,文化財一覧,131156000000.0,https://www.city.suginami.tokyo.jp/documents/7581/r8-bunkazai-csv.csv,13Tokyo/raw/municipal/13115/data.csv,佐藤信淵の墓,,,,,,杉並区,13115,史跡,史跡,ambiguous,,35.699652,139.651349,point,representative_point,ambiguous,史跡,墓・碑,,no_explicit_designation_level
municipal_source,杉並区,文化財一覧,131156000000.0,https://www.city.suginami.tokyo.jp/documents/7581/r8-bunkazai-csv.csv,13Tokyo/raw/municipal/13115/data.csv,向ノ原遺跡B地点出土縄文時代草創期遺物,,郷土博物館内,,,,杉並区,13115,有形文化財,考古資料,ambiguous,,35.685988,139.645467,movable,representative_point,ambiguous,有形文化財,考古資料,,no_explicit_designation_level
municipal_source,杉並区,文化財一覧,131156000000.0,https://www.city.suginami.tokyo.jp/documents/7581/r8-bunkazai-csv.csv,13Tokyo/raw/municipal/13115/data.csv,井草観音堂民間信仰石造物,,井草観音堂内,,,,杉並区,13115,有形民俗文化財,信仰,ambiguous,,35.7243,139.623351,point,representative_point,ambiguous,有形民俗文化財,信仰,,no_explicit_designation_level
municipal_source,杉並区,文化財一覧,131156000000.0,https://www.city.suginami.tokyo.jp/documents/7581/r8-bunkazai-csv.csv,13Tokyo/raw/municipal/13115/data.csv,馬場轂里の墓,,宗延寺墓地内,,,,杉並区,13115,史跡,史跡,ambiguous,,35.69541,139.653117,point,representative_point,ambiguous,史跡,墓・碑,,no_explicit_designation_level
municipal_source,杉並区,文化財一覧,131156000000.0,https://www.city.suginami.tokyo.jp/documents/7581/r8-bunkazai-csv.csv,13Tokyo/raw/municipal/13115/data.csv,高井戸東遺跡出土の旧石器,,郷土博物館内,,,,杉並区,13115,有形文化財,考古資料,ambiguous,,35.685988,139.645467,movable,representative_point,ambiguous,有形文化財,考古資料,,no_explicit_designation_level
municipal_source,杉並区,文化財一覧,131156000000.0,https://www.city.suginami.tokyo.jp/documents/7581/r8-bunkazai-csv.csv,13Tokyo/raw/municipal/13115/data.csv,八成百万遍念仏講用具,,,,,,杉並区,13115,有形民俗文化財,信仰,ambiguous,,35.725938,139.61947,point,representative_point,ambiguous,有形民俗文化財,信仰,,no_explicit_designation_level
municipal_source,杉並区,文化財一覧,131156000000.0,https://www.city.suginami.tokyo.jp/documents/7581/r8-bunkazai-csv.csv,13Tokyo/raw/municipal/13115/data.csv,中道寺鐘楼門,,,,,,杉並区,13115,有形文化財,建造物,ambiguous,,35.696611,139.61966,building_direct,building_candidate_point,ambiguous,有形文化財,建造物,,no_explicit_designation_level
municipal_source,杉並区,文化財一覧,131156000000.0,https://www.city.suginami.tokyo.jp/documents/7581/r8-bunkazai-csv.csv,13Tokyo/raw/municipal/13115/data.csv,乾山焼色絵花唐草文水注,,,,,,杉並区,13115,有形文化財,美術工芸品,ambiguous,,35.692286,139.652735,movable,representative_point,ambiguous,有形文化財,工芸品,,no_explicit_designation_level
municipal_source,杉並区,文化財一覧,131156000000.0,https://www.city.suginami.tokyo.jp/documents/7581/r8-bunkazai-csv.csv,13Tokyo/raw/municipal/13115/data.csv,本阿弥光悦筆和歌巻・同断簡,,,,,,杉並区,13115,有形文化財,典籍,ambiguous,,35.692286,139.652735,movable,representative_point,ambiguous,有形文化財,書跡,,no_explicit_designation_level
municipal_source,杉並区,文化財一覧,131156000000.0,https://www.city.suginami.tokyo.jp/documents/7581/r8-bunkazai-csv.csv,13Tokyo/raw/municipal/13115/data.csv,小美野家所蔵文書,,郷土博物館,,,,杉並区,13115,有形文化財,古文書,ambiguous,,35.685988,139.645467,movable,representative_point,ambiguous,有形文化財,古文書,,no_explicit_designation_level
municipal_source,杉並区,文化財一覧,131156000000.0,https://www.city.suginami.tokyo.jp/documents/7581/r8-bunkazai-csv.csv,13Tokyo/raw/municipal/13115/data.csv,木造不動明王立像,,,,,,杉並区,13115,有形文化財,美術工芸品,ambiguous,,35.704623,139.648286,movable,representative_point,ambiguous,有形文化財,彫刻,,no_explicit_designation_level
municipal_source,杉並区,文化財一覧,131156000000.0,https://www.city.suginami.tokyo.jp/documents/7581/r8-bunkazai-csv.csv,13Tokyo/raw/municipal/13115/data.csv,松島家所蔵文書,,郷土博物館内,,,,杉並区,13115,有形文化財,古文書,ambiguous,,35.685988,139.645467,movable,representative_point,ambiguous,有形文化財,古文書,,no_explicit_designation_level
municipal_source,杉並区,文化財一覧,131156000000.0,https://www.city.suginami.tokyo.jp/documents/7581/r8-bunkazai-csv.csv,13Tokyo/raw/municipal/13115/data.csv,鈴木重胤の墓,,長延寺内,,,,杉並区,13115,史跡,史跡,ambiguous,,35.693538,139.660699,point,representative_point,ambiguous,史跡,墓・碑,,no_explicit_designation_level
municipal_source,杉並区,文化財一覧,131156000000.0,https://www.city.suginami.tokyo.jp/documents/7581/r8-bunkazai-csv.csv,13Tokyo/raw/municipal/13115/data.csv,向山遺跡出土近世遺物,,郷土博物館内,,,,杉並区,13115,有形文化財,考古資料,ambiguous,,35.685988,139.645467,movable,representative_point,ambiguous,有形文化財,考古資料,,no_explicit_designation_level
municipal_source,杉並区,文化財一覧,131156000000.0,https://www.city.suginami.tokyo.jp/documents/7581/r8-bunkazai-csv.csv,13Tokyo/raw/municipal/13115/data.csv,阿弥陀三尊来迎図像庚申板碑,,,,,,杉並区,13115,有形文化財,古文書,ambiguous,,35.7068,139.636572,movable,representative_point,ambiguous,有形文化財,古文書,,no_explicit_designation_level
municipal_source,杉並区,文化財一覧,131156000000.0,https://www.city.suginami.tokyo.jp/documents/7581/r8-bunkazai-csv.csv,13Tokyo/raw/municipal/13115/data.csv,木造千手観音菩薩坐像,,,,,,杉並区,13115,有形文化財,美術工芸品,ambiguous,,35.704748,139.61541,movable,representative_point,ambiguous,有形文化財,彫刻,,no_explicit_designation_level
municipal_source,杉並区,文化財一覧,131156000000.0,https://www.city.suginami.tokyo.jp/documents/7581/r8-bunkazai-csv.csv,13Tokyo/raw/municipal/13115/data.csv,板絵着色祭礼図,,,,,,杉並区,13115,有形民俗文化財,信仰,ambiguous,,35.712581,139.624973,point,representative_point,ambiguous,有形民俗文化財,信仰,,no_explicit_designation_level
municipal_source,杉並区,文化財一覧,131156000000.0,https://www.city.suginami.tokyo.jp/documents/7581/r8-bunkazai-csv.csv,13Tokyo/raw/municipal/13115/data.csv,石造地蔵菩薩立像,,,,,,杉並区,13115,有形民俗文化財,信仰,ambiguous,,35.699682,139.652237,point,representative_point,ambiguous,有形民俗文化財,信仰,,no_explicit_designation_level
municipal_source,杉並区,文化財一覧,131156000000.0,https://www.city.suginami.tokyo.jp/documents/7581/r8-bunkazai-csv.csv,13Tokyo/raw/municipal/13115/data.csv,和泉熊野神社のクロマツ,,,,,,杉並区,13115,天然記念物,天然記念物,ambiguous,,35.676463,139.647678,point,representative_point,ambiguous,天然記念物,植物,,no_explicit_designation_level
municipal_source,杉並区,文化財一覧,131156000000.0,https://www.city.suginami.tokyo.jp/documents/7581/r8-bunkazai-csv.csv,13Tokyo/raw/municipal/13115/data.csv,阿佐谷南三丁目共同墓地・北島達夫家所蔵板碑,,共同墓地内,,,,杉並区,13115,有形文化財,古文書,ambiguous,,35.703723,139.63619,movable,representative_point,ambiguous,有形文化財,古文書,,no_explicit_designation_level
municipal_source,杉並区,文化財一覧,131156000000.0,https://www.city.suginami.tokyo.jp/documents/7581/r8-bunkazai-csv.csv,13Tokyo/raw/municipal/13115/data.csv,木造聖観音菩薩坐像,,,,,,杉並区,13115,有形文化財,美術工芸品,ambiguous,,35.668678,139.642601,movable,representative_point,ambiguous,有形文化財,彫刻,,no_explicit_designation_level
municipal_source,杉並区,文化財一覧,131156000000.0,https://www.city.suginami.tokyo.jp/documents/7581/r8-bunkazai-csv.csv,13Tokyo/raw/municipal/13115/data.csv,明恵上人書状(附宝永三年二月智海添状),,,,,,杉並区,13115,有形文化財,典籍,ambiguous,,35.692286,139.652735,movable,representative_point,ambiguous,有形文化財,書跡,,no_explicit_designation_level
municipal_source,杉並区,文化財一覧,131156000000.0,https://www.city.suginami.tokyo.jp/documents/7581/r8-bunkazai-csv.csv,13Tokyo/raw/municipal/13115/data.csv,阿佐谷南三丁目共同墓地・朝倉周一家旧蔵板碑,,,,,,杉並区,13115,有形文化財,古文書,ambiguous,,35.7068,139.636572,movable,representative_point,ambiguous,有形文化財,古文書,,no_explicit_designation_level
municipal_source,杉並区,文化財一覧,131156000000.0,https://www.city.suginami.tokyo.jp/documents/7581/r8-bunkazai-csv.csv,13Tokyo/raw/municipal/13115/data.csv,阿佐谷南三丁目共同墓地・朝倉崇家所蔵板碑,,共同墓地内,,,,杉並区,13115,有形文化財,古文書,ambiguous,,35.703723,139.63619,movable,representative_point,ambiguous,有形文化財,古文書,,no_explicit_designation_level
municipal_source,杉並区,文化財一覧,131156000000.0,https://www.city.suginami.tokyo.jp/documents/7581/r8-bunkazai-csv.csv,13Tokyo/raw/municipal/13115/data.csv,阿佐谷南三丁目共同墓地・細野友治郎家所蔵板碑,,共同墓地内,,,,杉並区,13115,有形文化財,古文書,ambiguous,,35.703723,139.63619,movable,representative_point,ambiguous,有形文化財,古文書,,no_explicit_designation_level
municipal_source,杉並区,文化財一覧,131156000000.0,https://www.city.suginami.tokyo.jp/documents/7581/r8-bunkazai-csv.csv,13Tokyo/raw/municipal/13115/data.csv,阿佐谷南三丁目共同墓地・横川芳江家所蔵板碑,,共同墓地内,,,,杉並区,13115,有形文化財,古文書,ambiguous,,35.703723,139.63619,movable,representative_point,ambiguous,有形文化財,古文書,,no_explicit_designation_level
municipal_source,杉並区,文化財一覧,131156000000.0,https://www.city.suginami.tokyo.jp/documents/7581/r8-bunkazai-csv.csv,13Tokyo/raw/municipal/13115/data.csv,阿佐谷南三丁目共同墓地・横川功家所蔵板碑,,共同墓地内,,,,杉並区,13115,有形文化財,古文書,ambiguous,,35.703723,139.63619,movable,representative_point,ambiguous,有形文化財,古文書,,no_explicit_designation_level
municipal_source,杉並区,文化財一覧,131156000000.0,https://www.city.suginami.tokyo.jp/documents/7581/r8-bunkazai-csv.csv,13Tokyo/raw/municipal/13115/data.csv,阿佐谷南三丁目共同墓地・横川俊夫家所蔵板碑,,共同墓地内,,,,杉並区,13115,有形文化財,古文書,ambiguous,,35.703723,139.63619,movable,representative_point,ambiguous,有形文化財,古文書,,no_explicit_designation_level
municipal_source,杉並区,文化財一覧,131156000000.0,https://www.city.suginami.tokyo.jp/documents/7581/r8-bunkazai-csv.csv,13Tokyo/raw/municipal/13115/data.csv,井口益太郎家所蔵文書,,,,,,杉並区,13115,有形文化財,古文書,ambiguous,,35.722706,139.612117,movable,representative_point,ambiguous,有形文化財,古文書,,no_explicit_designation_level
municipal_source,杉並区,文化財一覧,131156000000.0,https://www.city.suginami.tokyo.jp/documents/7581/r8-bunkazai-csv.csv,13Tokyo/raw/municipal/13115/data.csv,光明寺跡共有墓地所在民間信仰石造物,,,,,,杉並区,13115,有形民俗文化財,信仰,ambiguous,,35.68996,139.599664,point,representative_point,ambiguous,有形民俗文化財,信仰,,no_explicit_designation_level
municipal_source,杉並区,文化財一覧,131156000000.0,https://www.city.suginami.tokyo.jp/documents/7581/r8-bunkazai-csv.csv,13Tokyo/raw/municipal/13115/data.csv,元禄二年銘半鐘,,,,,,杉並区,13115,有形文化財,美術工芸品,ambiguous,,35.680717,139.658264,movable,representative_point,ambiguous,有形文化財,工芸品,,no_explicit_designation_level
municipal_source,杉並区,文化財一覧,131156000000.0,https://www.city.suginami.tokyo.jp/documents/7581/r8-bunkazai-csv.csv,13Tokyo/raw/municipal/13115/data.csv,旧大宮寺宝篋印塔,,,,,,杉並区,13115,有形文化財,建造物,ambiguous,,35.686962,139.64903,building_direct,building_candidate_point,ambiguous,有形文化財,建造物,,no_explicit_designation_level
municipal_source,杉並区,文化財一覧,131156000000.0,https://www.city.suginami.tokyo.jp/documents/7581/r8-bunkazai-csv.csv,13Tokyo/raw/municipal/13115/data.csv,木造聖観音菩薩立像,,,,,,杉並区,13115,有形文化財,美術工芸品,ambiguous,,35.7068,139.636572,movable,representative_point,ambiguous,有形文化財,彫刻,,no_explicit_designation_level
municipal_source,杉並区,文化財一覧,131156000000.0,https://www.city.suginami.tokyo.jp/documents/7581/r8-bunkazai-csv.csv,13Tokyo/raw/municipal/13115/data.csv,蓮華寺所蔵文書,,,,,,杉並区,13115,有形文化財,古文書,ambiguous,,35.712848,139.626654,movable,representative_point,ambiguous,有形文化財,古文書,,no_explicit_designation_level
municipal_source,杉並区,文化財一覧,131156000000.0,https://www.city.suginami.tokyo.jp/documents/7581/r8-bunkazai-csv.csv,13Tokyo/raw/municipal/13115/data.csv,大沢家所蔵文書,,,,,,杉並区,13115,有形文化財,古文書,ambiguous,,35.719979,139.619169,movable,representative_point,ambiguous,有形文化財,古文書,,no_explicit_designation_level
municipal_source,杉並区,文化財一覧,131156000000.0,https://www.city.suginami.tokyo.jp/documents/7581/r8-bunkazai-csv.csv,13Tokyo/raw/municipal/13115/data.csv,下高井戸塚山遺跡出土局部磨製石斧・ナイフ型石器,,郷土博物館内,,,,杉並区,13115,有形文化財,考古資料,ambiguous,,35.685988,139.645467,movable,representative_point,ambiguous,有形文化財,考古資料,,no_explicit_designation_level
municipal_source,杉並区,文化財一覧,131156000000.0,https://www.city.suginami.tokyo.jp/documents/7581/r8-bunkazai-csv.csv,13Tokyo/raw/municipal/13115/data.csv,享和元年銘石造狛犬,,,,,,杉並区,13115,有形文化財,美術工芸品,ambiguous,,35.686111,139.652342,movable,representative_point,ambiguous,有形文化財,彫刻,,no_explicit_designation_level
municipal_source,杉並区,文化財一覧,131156000000.0,https://www.city.suginami.tokyo.jp/documents/7581/r8-bunkazai-csv.csv,13Tokyo/raw/municipal/13115/data.csv,前野良澤の墓,,慶安寺内,,,,杉並区,13115,史跡,史跡,ambiguous,,35.695468,139.648309,point,representative_point,ambiguous,史跡,墓・碑,,no_explicit_designation_level
municipal_source,杉並区,文化財一覧,131156000000.0,https://www.city.suginami.tokyo.jp/documents/7581/r8-bunkazai-csv.csv,13Tokyo/raw/municipal/13115/data.csv,大宮前「當村開起慈宏寺大檀那」供養塔,,慈宏寺内,,,,杉並区,13115,有形文化財,建造物,ambiguous,,35.693142,139.609307,building_direct,building_candidate_point,ambiguous,有形文化財,建造物,,no_explicit_designation_level
municipal_source,杉並区,文化財一覧,131156000000.0,https://www.city.suginami.tokyo.jp/documents/7581/r8-bunkazai-csv.csv,13Tokyo/raw/municipal/13115/data.csv,明和八年銘石造狛犬,,,,,,杉並区,13115,有形文化財,美術工芸品,ambiguous,,35.678839,139.612013,movable,representative_point,ambiguous,有形文化財,彫刻,,no_explicit_designation_level
municipal_source,杉並区,文化財一覧,131156000000.0,https://www.city.suginami.tokyo.jp/documents/7581/r8-bunkazai-csv.csv,13Tokyo/raw/municipal/13115/data.csv,木造日蓮上人坐像,,,,,,杉並区,13115,有形文化財,美術工芸品,ambiguous,,35.696611,139.61966,movable,representative_point,ambiguous,有形文化財,彫刻,,no_explicit_designation_level
municipal_source,杉並区,文化財一覧,131156000000.0,https://www.city.suginami.tokyo.jp/documents/7581/r8-bunkazai-csv.csv,13Tokyo/raw/municipal/13115/data.csv,繭額,,郷土博物館内,,,,杉並区,13115,有形民俗文化財,信仰,ambiguous,,35.685988,139.645467,point,representative_point,ambiguous,有形民俗文化財,信仰,,no_explicit_designation_level
municipal_source,杉並区,文化財一覧,131156000000.0,https://www.city.suginami.tokyo.jp/documents/7581/r8-bunkazai-csv.csv,13Tokyo/raw/municipal/13115/data.csv,力石,,,,,,杉並区,13115,有形民俗文化財,競技・娯楽,ambiguous,,35.692857,139.609408,point,representative_point,ambiguous,有形民俗文化財,競技・娯楽,,no_explicit_designation_level
municipal_source,杉並区,文化財一覧,131156000000.0,https://www.city.suginami.tokyo.jp/documents/7581/r8-bunkazai-csv.csv,13Tokyo/raw/municipal/13115/data.csv,旧井口家住宅長屋門,,郷土博物館内,,,,杉並区,13115,有形文化財,建造物,ambiguous,,35.685988,139.645467,building_direct,building_candidate_point,ambiguous,有形文化財,建造物,,no_explicit_designation_level
municipal_source,杉並区,文化財一覧,131156000000.0,https://www.city.suginami.tokyo.jp/documents/7581/r8-bunkazai-csv.csv,13Tokyo/raw/municipal/13115/data.csv,ダニ圧痕付椀状把手土器片,,郷土博物館内,,,,杉並区,13115,有形文化財,考古資料,ambiguous,,35.685988,139.645467,movable,representative_point,ambiguous,有形文化財,考古資料,,no_explicit_designation_level
municipal_source,杉並区,文化財一覧,131156000000.0,https://www.city.suginami.tokyo.jp/documents/7581/r8-bunkazai-csv.csv,13Tokyo/raw/municipal/13115/data.csv,尾崎熊野神社のクロマツ,,,,,,杉並区,13115,天然記念物,天然記念物,ambiguous,,35.693328,139.631219,point,representative_point,ambiguous,天然記念物,植物,,no_explicit_designation_level
municipal_source,杉並区,文化財一覧,131156000000.0,https://www.city.suginami.tokyo.jp/documents/7581/r8-bunkazai-csv.csv,13Tokyo/raw/municipal/13115/data.csv,木造阿弥陀如来及び両脇侍像,,,,,,杉並区,13115,有形文化財,美術工芸品,ambiguous,,35.718181,139.591478,movable,representative_point,ambiguous,有形文化財,彫刻,,no_explicit_designation_level
municipal_source,杉並区,文化財一覧,131156000000.0,https://www.city.suginami.tokyo.jp/documents/7581/r8-bunkazai-csv.csv,13Tokyo/raw/municipal/13115/data.csv,樋口一葉の墓,,和田堀廟所内,,,,杉並区,13115,史跡,史跡,ambiguous,,35.668951,139.647037,point,representative_point,ambiguous,史跡,墓・碑,,no_explicit_designation_level
municipal_source,杉並区,文化財一覧,131156000000.0,https://www.city.suginami.tokyo.jp/documents/7581/r8-bunkazai-csv.csv,13Tokyo/raw/municipal/13115/data.csv,旧篠崎家住宅主屋,,郷土博物館内,,,,杉並区,13115,有形文化財,建造物,ambiguous,,35.685988,139.645467,building_direct,building_candidate_point,ambiguous,有形文化財,建造物,,no_explicit_designation_level
municipal_source,杉並区,文化財一覧,131156000000.0,https://www.city.suginami.tokyo.jp/documents/7581/r8-bunkazai-csv.csv,13Tokyo/raw/municipal/13115/data.csv,荻窪八幡神社のコウヤマキ,,,,,,杉並区,13115,天然記念物,天然記念物,ambiguous,,35.71055,139.606609,point,representative_point,ambiguous,天然記念物,植物,,no_explicit_designation_level
municipal_source,杉並区,文化財一覧,131156000000.0,https://www.city.suginami.tokyo.jp/documents/7581/r8-bunkazai-csv.csv,13Tokyo/raw/municipal/13115/data.csv,慶長廿年銘織部型燈籠,,,,,,杉並区,13115,有形文化財,建造物,ambiguous,,35.692286,139.652735,building_direct,building_candidate_point,ambiguous,有形文化財,建造物,,no_explicit_designation_level
municipal_source,杉並区,文化財一覧,131156000000.0,https://www.city.suginami.tokyo.jp/documents/7581/r8-bunkazai-csv.csv,13Tokyo/raw/municipal/13115/data.csv,八成所在道標付石造物,,,,,,杉並区,13115,有形文化財,建造物,ambiguous,,35.728537,139.617947,building_direct,building_candidate_point,ambiguous,有形文化財,建造物,,no_explicit_designation_level
municipal_source,杉並区,文化財一覧,131156000000.0,https://www.city.suginami.tokyo.jp/documents/7581/r8-bunkazai-csv.csv,13Tokyo/raw/municipal/13115/data.csv,紙本著色真観上人画像,,,,,,杉並区,13115,有形文化財,美術工芸品,ambiguous,,35.694983,139.653461,movable,representative_point,ambiguous,有形文化財,絵画,,no_explicit_designation_level
municipal_source,杉並区,文化財一覧,131156000000.0,https://www.city.suginami.tokyo.jp/documents/7581/r8-bunkazai-csv.csv,13Tokyo/raw/municipal/13115/data.csv,井口公家所蔵文書,,,,,,杉並区,13115,有形文化財,古文書,ambiguous,,35.714228,139.618925,movable,representative_point,ambiguous,有形文化財,古文書,,no_explicit_designation_level
municipal_source,杉並区,文化財一覧,131156000000.0,https://www.city.suginami.tokyo.jp/documents/7581/r8-bunkazai-csv.csv,13Tokyo/raw/municipal/13115/data.csv,宝昌寺民間信仰石造物,,,,,,杉並区,13115,有形民俗文化財,信仰,ambiguous,,35.691995,139.631731,point,representative_point,ambiguous,有形民俗文化財,信仰,,no_explicit_designation_level
municipal_source,杉並区,文化財一覧,131156000000.0,https://www.city.suginami.tokyo.jp/documents/7581/r8-bunkazai-csv.csv,13Tokyo/raw/municipal/13115/data.csv,木造地蔵菩薩坐像,,,,,,杉並区,13115,有形文化財,美術工芸品,ambiguous,,35.699936,139.652024,movable,representative_point,ambiguous,有形文化財,彫刻,,no_explicit_designation_level
municipal_source,杉並区,文化財一覧,131156000000.0,https://www.city.suginami.tokyo.jp/documents/7581/r8-bunkazai-csv.csv,13Tokyo/raw/municipal/13115/data.csv,大円寺所蔵板碑群,,,,,,杉並区,13115,有形文化財,古文書,ambiguous,,35.681301,139.647321,movable,representative_point,ambiguous,有形文化財,古文書,,no_explicit_designation_level
municipal_source,杉並区,文化財一覧,131156000000.0,https://www.city.suginami.tokyo.jp/documents/7581/r8-bunkazai-csv.csv,13Tokyo/raw/municipal/13115/data.csv,並木氏(武蔵屋銘)の墓,,長泉寺内,,,,杉並区,13115,有形文化財,歴史資料,ambiguous,,35.671035,139.610158,point,representative_point,ambiguous,有形文化財,歴史資料,,no_explicit_designation_level
municipal_source,杉並区,文化財一覧,131156000000.0,https://www.city.suginami.tokyo.jp/documents/7581/r8-bunkazai-csv.csv,13Tokyo/raw/municipal/13115/data.csv,享保七年銘道標付庚申塔,,,,,,杉並区,13115,有形文化財,建造物,ambiguous,,35.688115,139.603749,building_direct,building_candidate_point,ambiguous,有形文化財,建造物,,no_explicit_designation_level
municipal_source,杉並区,文化財一覧,131156000000.0,https://www.city.suginami.tokyo.jp/documents/7581/r8-bunkazai-csv.csv,13Tokyo/raw/municipal/13115/data.csv,木造薬師如来坐像,,,,,,杉並区,13115,有形文化財,美術工芸品,ambiguous,,35.673949,139.612088,movable,representative_point,ambiguous,有形文化財,彫刻,,no_explicit_designation_level
municipal_source,杉並区,文化財一覧,131156000000.0,https://www.city.suginami.tokyo.jp/documents/7581/r8-bunkazai-csv.csv,13Tokyo/raw/municipal/13115/data.csv,木造薬師如来坐像,,,,,,杉並区,13115,有形文化財,美術工芸品,ambiguous,,35.694257,139.660575,movable,representative_point,ambiguous,有形文化財,彫刻,,no_explicit_designation_level
municipal_source,杉並区,文化財一覧,131156000000.0,https://www.city.suginami.tokyo.jp/documents/7581/r8-bunkazai-csv.csv,13Tokyo/raw/municipal/13115/data.csv,高千穂学園武道場,,,,,,杉並区,13115,有形文化財,建造物,ambiguous,,35.68209,139.63884,building_direct,building_candidate_point,ambiguous,有形文化財,建造物,,no_explicit_designation_level
municipal_source,杉並区,文化財一覧,131156000000.0,https://www.city.suginami.tokyo.jp/documents/7581/r8-bunkazai-csv.csv,13Tokyo/raw/municipal/13115/data.csv,大宮前里神楽,,,,,,杉並区,13115,無形民俗文化財,民俗芸能,ambiguous,,35.701296,139.599873,point,representative_point,ambiguous,無形民俗文化財,民俗芸能,,no_explicit_designation_level
municipal_source,杉並区,文化財一覧,131156000000.0,https://www.city.suginami.tokyo.jp/documents/7581/r8-bunkazai-csv.csv,13Tokyo/raw/municipal/13115/data.csv,絹本著色 阿弥陀三尊来迎図,,,,,,杉並区,13115,有形文化財,美術工芸品,ambiguous,,35.694711,139.648888,movable,representative_point,ambiguous,有形文化財,絵画,,no_explicit_designation_level
municipal_source,杉並区,文化財一覧,131156000000.0,https://www.city.suginami.tokyo.jp/documents/7581/r8-bunkazai-csv.csv,13Tokyo/raw/municipal/13115/data.csv,延宝七年銘石造狛犬,,,,,,杉並区,13115,有形文化財,美術工芸品,ambiguous,,35.71055,139.606609,movable,representative_point,ambiguous,有形文化財,彫刻,,no_explicit_designation_level
municipal_source,杉並区,文化財一覧,131156000000.0,https://www.city.suginami.tokyo.jp/documents/7581/r8-bunkazai-csv.csv,13Tokyo/raw/municipal/13115/data.csv,本因坊六世知伯の墓,,妙正寺内,,,,杉並区,13115,史跡,史跡,ambiguous,,35.715925,139.617868,point,representative_point,ambiguous,史跡,墓・碑,,no_explicit_designation_level
municipal_source,杉並区,文化財一覧,131156000000.0,https://www.city.suginami.tokyo.jp/documents/7581/r8-bunkazai-csv.csv,13Tokyo/raw/municipal/13115/data.csv,正保三年銘 五輪庚申供養塔,,,,,,杉並区,13115,有形文化財,建造物,ambiguous,,35.672474,139.643912,building_direct,building_candidate_point,ambiguous,有形文化財,建造物,,no_explicit_designation_level
municipal_source,杉並区,文化財一覧,131156000000.0,https://www.city.suginami.tokyo.jp/documents/7581/r8-bunkazai-csv.csv,13Tokyo/raw/municipal/13115/data.csv,夜念仏供養結衆交名板碑,,,,,,杉並区,13115,有形文化財,古文書,ambiguous,,35.704748,139.61541,movable,representative_point,ambiguous,有形文化財,古文書,,no_explicit_designation_level
municipal_source,杉並区,文化財一覧,131156000000.0,https://www.city.suginami.tokyo.jp/documents/7581/r8-bunkazai-csv.csv,13Tokyo/raw/municipal/13115/data.csv,木村常陸介・前田孫四郎 制札,,,,,,杉並区,13115,有形文化財,古文書,ambiguous,,35.682018,139.640671,movable,representative_point,ambiguous,有形文化財,古文書,,no_explicit_designation_level
municipal_source,杉並区,文化財一覧,131156000000.0,https://www.city.suginami.tokyo.jp/documents/7581/r8-bunkazai-csv.csv,13Tokyo/raw/municipal/13115/data.csv,井口喜容家所蔵文書,,,,,,杉並区,13115,有形文化財,古文書,ambiguous,,35.714228,139.618925,movable,representative_point,ambiguous,有形文化財,古文書,,no_explicit_designation_level
municipal_source,杉並区,文化財一覧,131156000000.0,https://www.city.suginami.tokyo.jp/documents/7581/r8-bunkazai-csv.csv,13Tokyo/raw/municipal/13115/data.csv,大宮前囃子,,,,,,杉並区,13115,無形民俗文化財,民俗芸能,ambiguous,,35.701296,139.599873,point,representative_point,ambiguous,無形民俗文化財,民俗芸能,,no_explicit_designation_level
municipal_source,杉並区,文化財一覧,131156000000.0,https://www.city.suginami.tokyo.jp/documents/7581/r8-bunkazai-csv.csv,13Tokyo/raw/municipal/13115/data.csv,高井戸囃子,,,,,,杉並区,13115,無形民俗文化財,民俗芸能,ambiguous,,35.670002,139.615826,point,representative_point,ambiguous,無形民俗文化財,民俗芸能,,no_explicit_designation_level
municipal_source,杉並区,文化財一覧,131156000000.0,https://www.city.suginami.tokyo.jp/documents/7581/r8-bunkazai-csv.csv,13Tokyo/raw/municipal/13115/data.csv,岡部氏一族の墓 附位牌,,天桂寺,,,,杉並区,13115,史跡,史跡,ambiguous,,35.697179,139.636941,point,representative_point,ambiguous,史跡,墓・碑,,no_explicit_designation_level
municipal_source,杉並区,文化財一覧,131156000000.0,https://www.city.suginami.tokyo.jp/documents/7581/r8-bunkazai-csv.csv,13Tokyo/raw/municipal/13115/data.csv,西山家穀櫃,,,,,,杉並区,13115,有形文化財,歴史資料,ambiguous,,35.721474,139.597448,point,representative_point,ambiguous,有形文化財,歴史資料,,no_explicit_designation_level
municipal_source,杉並区,文化財一覧,131156000000.0,https://www.city.suginami.tokyo.jp/documents/7581/r8-bunkazai-csv.csv,13Tokyo/raw/municipal/13115/data.csv,阿佐ヶ谷囃子,,,,,,杉並区,13115,無形民俗文化財,民俗芸能,ambiguous,,35.709584,139.636732,point,representative_point,ambiguous,無形民俗文化財,民俗芸能,,no_explicit_designation_level
municipal_source,杉並区,文化財一覧,131156000000.0,https://www.city.suginami.tokyo.jp/documents/7581/r8-bunkazai-csv.csv,13Tokyo/raw/municipal/13115/data.csv,井草囃子,,,,,,杉並区,13115,無形民俗文化財,民俗芸能,ambiguous,,35.711026,139.593429,point,representative_point,ambiguous,無形民俗文化財,民俗芸能,,no_explicit_designation_level
municipal_source,杉並区,文化財一覧,131156000000.0,https://www.city.suginami.tokyo.jp/documents/7581/r8-bunkazai-csv.csv,13Tokyo/raw/municipal/13115/data.csv,板絵着色西国巡礼図,,,,,,杉並区,13115,有形民俗文化財,信仰,ambiguous,,35.671035,139.610158,point,representative_point,ambiguous,有形民俗文化財,信仰,,no_explicit_designation_level
municipal_source,杉並区,文化財一覧,131156000000.0,https://www.city.suginami.tokyo.jp/documents/7581/r8-bunkazai-csv.csv,13Tokyo/raw/municipal/13115/data.csv,妙法寺旧参道入口燈籠,,,,,,杉並区,13115,有形民俗文化財,信仰,ambiguous,,35.697853,139.655525,point,representative_point,ambiguous,有形民俗文化財,信仰,,no_explicit_designation_level
municipal_source,杉並区,文化財一覧,131156000000.0,https://www.city.suginami.tokyo.jp/documents/7581/r8-bunkazai-csv.csv,13Tokyo/raw/municipal/13115/data.csv,板絵着色遅の井伝説図,,,,,,杉並区,13115,有形民俗文化財,信仰,ambiguous,,35.71603,139.595213,point,representative_point,ambiguous,有形民俗文化財,信仰,,no_explicit_designation_level
municipal_source,杉並区,文化財一覧,131156000000.0,https://www.city.suginami.tokyo.jp/documents/7581/r8-bunkazai-csv.csv,13Tokyo/raw/municipal/13115/data.csv,題目月待供養板碑,,郷土博物館内,,,,杉並区,13115,有形文化財,古文書,ambiguous,,35.685988,139.645467,movable,representative_point,ambiguous,有形文化財,古文書,,no_explicit_designation_level
municipal_source,杉並区,文化財一覧,131156000000.0,https://www.city.suginami.tokyo.jp/documents/7581/r8-bunkazai-csv.csv,13Tokyo/raw/municipal/13115/data.csv,和田堀公園・大宮遺跡方形周溝墓出土遺物,,郷土博物館内;大宮八幡宮内,,,,杉並区,13115,有形文化財,考古資料,ambiguous,,35.685988,139.645467,movable,representative_point,ambiguous,有形文化財,考古資料,,no_explicit_designation_level
municipal_source,杉並区,文化財一覧,131156000000.0,https://www.city.suginami.tokyo.jp/documents/7581/r8-bunkazai-csv.csv,13Tokyo/raw/municipal/13115/data.csv,板絵着色榛名山社頭図,,,,,,杉並区,13115,有形民俗文化財,信仰,ambiguous,,35.71603,139.595213,point,representative_point,ambiguous,有形民俗文化財,信仰,,no_explicit_designation_level
municipal_source,杉並区,文化財一覧,131156000000.0,https://www.city.suginami.tokyo.jp/documents/7581/r8-bunkazai-csv.csv,13Tokyo/raw/municipal/13115/data.csv,木造如来形坐像,,,,,,杉並区,13115,有形文化財,美術工芸品,ambiguous,,35.692286,139.652735,movable,representative_point,ambiguous,有形文化財,彫刻,,no_explicit_designation_level
municipal_source,杉並区,文化財一覧,131156000000.0,https://www.city.suginami.tokyo.jp/documents/7581/r8-bunkazai-csv.csv,13Tokyo/raw/municipal/13115/data.csv,大谷家所蔵文書,,郷土博物館内,,,,杉並区,13115,有形文化財,古文書,ambiguous,,35.685988,139.645467,movable,representative_point,ambiguous,有形文化財,古文書,,no_explicit_designation_level
municipal_source,杉並区,文化財一覧,131156000000.0,https://www.city.suginami.tokyo.jp/documents/7581/r8-bunkazai-csv.csv,13Tokyo/raw/municipal/13115/data.csv,寛永二年秀忠朱印状,,郷土博物館内,,,,杉並区,13115,有形文化財,古文書,ambiguous,,35.685988,139.645467,movable,representative_point,ambiguous,有形文化財,古文書,,no_explicit_designation_level
municipal_source,杉並区,文化財一覧,131156000000.0,https://www.city.suginami.tokyo.jp/documents/7581/r8-bunkazai-csv.csv,13Tokyo/raw/municipal/13115/data.csv,角川源義所蔵美術資料,,郷土博物館,,,,杉並区,13115,有形文化財,歴史資料,ambiguous,,35.685988,139.645467,point,representative_point,ambiguous,有形文化財,歴史資料,,no_explicit_designation_level
municipal_source,杉並区,文化財一覧,131156000000.0,https://www.city.suginami.tokyo.jp/documents/7581/r8-bunkazai-csv.csv,13Tokyo/raw/municipal/13115/data.csv,光明院南遺跡F地点出土石棒,,郷土博物館,,,,杉並区,13115,有形文化財,考古資料,ambiguous,,35.685988,139.645467,movable,representative_point,ambiguous,有形文化財,考古資料,,no_explicit_designation_level
municipal_source,杉並区,文化財一覧,131156000000.0,https://www.city.suginami.tokyo.jp/documents/7581/r8-bunkazai-csv.csv,13Tokyo/raw/municipal/13115/data.csv,柏屋七兵衛干菓子製造道具,,郷土博物館,,,,杉並区,13115,有形民俗文化財,生業,ambiguous,,35.685988,139.645467,point,representative_point,ambiguous,有形民俗文化財,生業,,no_explicit_designation_level
municipal_source,杉並区,文化財一覧,131156000000.0,https://www.city.suginami.tokyo.jp/documents/7581/r8-bunkazai-csv.csv,13Tokyo/raw/municipal/13115/data.csv,松ノ木一丁目所在民間信仰石造物,,,,,,杉並区,13115,有形民俗文化財,信仰,ambiguous,,35.687531,139.641467,point,representative_point,ambiguous,有形民俗文化財,信仰,,no_explicit_designation_level
municipal_source,杉並区,文化財一覧,131156000000.0,https://www.city.suginami.tokyo.jp/documents/7581/r8-bunkazai-csv.csv,13Tokyo/raw/municipal/13115/data.csv,荻外荘近衞家関係資料,,郷土博物館/荻外荘,,,,杉並区,13115,有形文化財,歴史資料,ambiguous,,35.685988,139.645467,point,representative_point,ambiguous,有形文化財,歴史資料,,no_explicit_designation_level
municipal_source,杉並区,文化財一覧,131156000000.0,https://www.city.suginami.tokyo.jp/documents/7581/r8-bunkazai-csv.csv,13Tokyo/raw/municipal/13115/data.csv,入澤達吉関係資料,,郷土博物館,,,,杉並区,13115,有形文化財,歴史資料,ambiguous,,35.685988,139.645467,point,representative_point,ambiguous,有形文化財,歴史資料,,no_explicit_designation_level
municipal_source,杉並区,文化財一覧,131156000000.0,https://www.city.suginami.tokyo.jp/documents/7581/r8-bunkazai-csv.csv,13Tokyo/raw/municipal/13115/data.csv,明和八年銘石造狛犬,,,,,,杉並区,13115,有形文化財,美術工芸品,ambiguous,,35.682018,139.640671,movable,representative_point,ambiguous,有形文化財,彫刻,,no_explicit_designation_level
municipal_source,杉並区,文化財一覧,131156000000.0,https://www.city.suginami.tokyo.jp/documents/7581/r8-bunkazai-csv.csv,13Tokyo/raw/municipal/13115/data.csv,与謝野晶子自筆杉並区立桃井第二小学校校歌・関係資料,,郷土博物館内,,,,杉並区,13115,有形文化財,典籍,ambiguous,,35.685988,139.645467,movable,representative_point,ambiguous,有形文化財,書跡,,no_explicit_designation_level
municipal_source,杉並区,文化財一覧,131156000000.0,https://www.city.suginami.tokyo.jp/documents/7581/r8-bunkazai-csv.csv,13Tokyo/raw/municipal/13115/data.csv,勝海舟筆荻窪八幡神社大幟,,荻窪八幡神社,,,,杉並区,13115,有形文化財,典籍,ambiguous,,35.71055,139.606609,movable,representative_point,ambiguous,有形文化財,書跡,,no_explicit_designation_level
municipal_source,杉並区,文化財一覧,131156000000.0,https://www.city.suginami.tokyo.jp/documents/7581/r8-bunkazai-csv.csv,13Tokyo/raw/municipal/13115/data.csv,天和二年銘手水鉢,,,,,,杉並区,13115,有形文化財,美術工芸品,ambiguous,,35.704748,139.61541,movable,representative_point,ambiguous,有形文化財,彫刻,,no_explicit_designation_level
municipal_source,杉並区,文化財一覧,131156000000.0,https://www.city.suginami.tokyo.jp/documents/7581/r8-bunkazai-csv.csv,13Tokyo/raw/municipal/13115/data.csv,星野家文書,,郷土博物館内,,,,杉並区,13115,有形文化財,古文書,ambiguous,,35.685988,139.645467,movable,representative_point,ambiguous,有形文化財,古文書,,no_explicit_designation_level
municipal_source,杉並区,文化財一覧,131156000000.0,https://www.city.suginami.tokyo.jp/documents/7581/r8-bunkazai-csv.csv,13Tokyo/raw/municipal/13115/data.csv,杉並能楽堂舞台,,,,,,杉並区,13115,有形文化財,建造物,ambiguous,,35.693096,139.66572,building_direct,building_candidate_point,ambiguous,有形文化財,建造物,,no_explicit_designation_level
municipal_source,杉並区,文化財一覧,131156000000.0,https://www.city.suginami.tokyo.jp/documents/7581/r8-bunkazai-csv.csv,13Tokyo/raw/municipal/13115/data.csv,井口正一家文書,,郷土博物館内,,,,杉並区,13115,有形文化財,古文書,ambiguous,,35.685988,139.645467,movable,representative_point,ambiguous,有形文化財,古文書,,no_explicit_designation_level
municipal_source,杉並区,文化財一覧,131156000000.0,https://www.city.suginami.tokyo.jp/documents/7581/r8-bunkazai-csv.csv,13Tokyo/raw/municipal/13115/data.csv,向方南遺跡出土縄文時代遺物,,郷土博物館内,,,,杉並区,13115,有形文化財,考古資料,ambiguous,,35.685988,139.645467,movable,representative_point,ambiguous,有形文化財,考古資料,,no_explicit_designation_level
municipal_source,杉並区,文化財一覧,131156000000.0,https://www.city.suginami.tokyo.jp/documents/7581/r8-bunkazai-csv.csv,13Tokyo/raw/municipal/13115/data.csv,井草八幡宮富士講燈籠並びに丸を講資料,,,,,,杉並区,13115,有形民俗文化財,信仰,ambiguous,,35.71603,139.595213,point,representative_point,ambiguous,有形民俗文化財,信仰,,no_explicit_designation_level
municipal_source,杉並区,文化財一覧,131156000000.0,https://www.city.suginami.tokyo.jp/documents/7581/r8-bunkazai-csv.csv,13Tokyo/raw/municipal/13115/data.csv,須田家文書 (附文書収納容器一式),,郷土博物館内,,,,杉並区,13115,有形文化財,古文書,ambiguous,,35.685988,139.645467,movable,representative_point,ambiguous,有形文化財,古文書,,no_explicit_designation_level
municipal_source,杉並区,文化財一覧,131156000000.0,https://www.city.suginami.tokyo.jp/documents/7581/r8-bunkazai-csv.csv,13Tokyo/raw/municipal/13115/data.csv,享保十年銘梵鐘 附鐘楼一棟,,,,,,杉並区,13115,有形文化財,美術工芸品,ambiguous,,35.692286,139.652735,movable,representative_point,ambiguous,有形文化財,工芸品,,no_explicit_designation_level
municipal_source,杉並区,文化財一覧,131156000000.0,https://www.city.suginami.tokyo.jp/documents/7581/r8-bunkazai-csv.csv,13Tokyo/raw/municipal/13115/data.csv,渡邉錠太郎関係資料,,郷土博物館内,,,,杉並区,13115,有形文化財,歴史資料,ambiguous,,35.685988,139.645467,point,representative_point,ambiguous,有形文化財,歴史資料,,no_explicit_designation_level
municipal_source,杉並区,文化財一覧,131156000000.0,https://www.city.suginami.tokyo.jp/documents/7581/r8-bunkazai-csv.csv,13Tokyo/raw/municipal/13115/data.csv,高千穂大学大宮遺跡円墳出土遺物,,郷土博物館内,,,,杉並区,13115,有形文化財,考古資料,ambiguous,,35.685988,139.645467,movable,representative_point,ambiguous,有形文化財,考古資料,,no_explicit_designation_level
municipal_source,杉並区,文化財一覧,131156000000.0,https://www.city.suginami.tokyo.jp/documents/7581/r8-bunkazai-csv.csv,13Tokyo/raw/municipal/13115/data.csv,釜寺東(近隣第一)遺跡出土古墳時代遺物,,郷土博物館内,,,,杉並区,13115,有形文化財,考古資料,ambiguous,,35.685988,139.645467,movable,representative_point,ambiguous,有形文化財,考古資料,,no_explicit_designation_level
municipal_source,杉並区,文化財一覧,131156000000.0,https://www.city.suginami.tokyo.jp/documents/7581/r8-bunkazai-csv.csv,13Tokyo/raw/municipal/13115/data.csv,阿佐谷北五丁目四二番所在民間信仰石造物,,,,,,杉並区,13115,有形民俗文化財,信仰,ambiguous,,35.712553,139.639491,point,representative_point,ambiguous,有形民俗文化財,信仰,,no_explicit_designation_level
municipal_source,杉並区,文化財一覧,131156000000.0,https://www.city.suginami.tokyo.jp/documents/7581/r8-bunkazai-csv.csv,13Tokyo/raw/municipal/13115/data.csv,木造馬頭観音立像,,,,,,杉並区,13115,有形文化財,美術工芸品,ambiguous,,35.693142,139.609307,movable,representative_point,ambiguous,有形文化財,彫刻,,no_explicit_designation_level
municipal_source,杉並区,文化財一覧,131156000000.0,https://www.city.suginami.tokyo.jp/documents/7581/r8-bunkazai-csv.csv,13Tokyo/raw/municipal/13115/data.csv,市川団蔵歴代の墓,,,,,,杉並区,13115,史跡,史跡,ambiguous,,35.6686,139.642896,point,representative_point,ambiguous,史跡,墓・碑,,no_explicit_designation_level
municipal_source,杉並区,文化財一覧,131156000000.0,https://www.city.suginami.tokyo.jp/documents/7581/r8-bunkazai-csv.csv,13Tokyo/raw/municipal/13115/data.csv,福相寺木造大黒天像及び大黒天信仰関係等版木並びに石造物,,,,,,杉並区,13115,有形民俗文化財,信仰,ambiguous,,35.692993,139.653239,point,representative_point,ambiguous,有形民俗文化財,信仰,,no_explicit_designation_level
municipal_source,杉並区,文化財一覧,131156000000.0,https://www.city.suginami.tokyo.jp/documents/7581/r8-bunkazai-csv.csv,13Tokyo/raw/municipal/13115/data.csv,中野村・高円寺村・馬橋村三ヶ村用水記念碑,,成宗五色弁財天境内,,,,杉並区,13115,有形文化財,歴史資料,ambiguous,,35.697856,139.631089,point,representative_point,ambiguous,有形文化財,歴史資料,,no_explicit_designation_level
municipal_source,杉並区,文化財一覧,131156000000.0,https://www.city.suginami.tokyo.jp/documents/7581/r8-bunkazai-csv.csv,13Tokyo/raw/municipal/13115/data.csv,力石,,,,,,杉並区,13115,有形民俗文化財,競技・娯楽,ambiguous,,35.71603,139.595213,point,representative_point,ambiguous,有形民俗文化財,競技・娯楽,,no_explicit_designation_level
municipal_source,杉並区,文化財一覧,131156000000.0,https://www.city.suginami.tokyo.jp/documents/7581/r8-bunkazai-csv.csv,13Tokyo/raw/municipal/13115/data.csv,力石,,,,,,杉並区,13115,有形民俗文化財,競技・娯楽,ambiguous,,35.682018,139.640671,point,representative_point,ambiguous,有形民俗文化財,競技・娯楽,,no_explicit_designation_level
municipal_source,杉並区,文化財一覧,131156000000.0,https://www.city.suginami.tokyo.jp/documents/7581/r8-bunkazai-csv.csv,13Tokyo/raw/municipal/13115/data.csv,昭和二十一年製樽神輿,,郷土博物館内,,,,杉並区,13115,有形民俗文化財,信仰,ambiguous,,35.685988,139.645467,point,representative_point,ambiguous,有形民俗文化財,信仰,,no_explicit_designation_level
municipal_source,杉並区,文化財一覧,131156000000.0,https://www.city.suginami.tokyo.jp/documents/7581/r8-bunkazai-csv.csv,13Tokyo/raw/municipal/13115/data.csv,立教女学院・聖マーガレット礼拝堂,,,,,,杉並区,13115,有形文化財,建造物,ambiguous,,35.693535,139.589424,building_direct,building_candidate_point,ambiguous,有形文化財,建造物,,no_explicit_designation_level
municipal_source,杉並区,文化財一覧,131156000000.0,https://www.city.suginami.tokyo.jp/documents/7581/r8-bunkazai-csv.csv,13Tokyo/raw/municipal/13115/data.csv,力石ならびに板絵着色力石持上図,,,,,,杉並区,13115,有形民俗文化財,信仰;娯楽・競技,ambiguous,,35.693766,139.627614,point,representative_point,ambiguous,有形民俗文化財,信仰;娯楽・競技,,no_explicit_designation_level
municipal_source,杉並区,文化財一覧,131156000000.0,https://www.city.suginami.tokyo.jp/documents/7581/r8-bunkazai-csv.csv,13Tokyo/raw/municipal/13115/data.csv,尾崎喜八関係資料(ガラス乾板 附ネガフィルム),,郷土博物館内,,,,杉並区,13115,有形文化財,歴史資料,ambiguous,,35.685988,139.645467,point,representative_point,ambiguous,有形文化財,歴史資料,,no_explicit_designation_level
municipal_source,杉並区,文化財一覧,131156000000.0,https://www.city.suginami.tokyo.jp/documents/7581/r8-bunkazai-csv.csv,13Tokyo/raw/municipal/13115/data.csv,柳井平八関係資料,,郷土博物館内,,,,杉並区,13115,有形文化財,歴史資料,ambiguous,,35.685988,139.645467,point,representative_point,ambiguous,有形文化財,歴史資料,,no_explicit_designation_level
municipal_source,杉並区,文化財一覧,131156000000.0,https://www.city.suginami.tokyo.jp/documents/7581/r8-bunkazai-csv.csv,13Tokyo/raw/municipal/13115/data.csv,荻外荘旧蔵長胴太鼓,,荻外荘,,,,杉並区,13115,有形文化財,歴史資料,ambiguous,,35.69873,139.62233,point,representative_point,ambiguous,有形文化財,歴史資料,,no_explicit_designation_level
municipal_source,荒川区,文化財一覧,131181100001,https://www.city.arakawa.tokyo.jp/documents/23112/131181_cultural_property.csv,13Tokyo/raw/municipal/13118/data.csv,養福寺仁王門,,,,養福寺,,荒川区,13118,有形文化財(建造物),建造物,ambiguous,,35.729469,139.76833,building_direct,building_candidate_point,ambiguous,有形文化財(建造物),,,no_explicit_designation_level
municipal_source,荒川区,文化財一覧,131181100002,https://www.city.arakawa.tokyo.jp/documents/23112/131181_cultural_property.csv,13Tokyo/raw/municipal/13118/data.csv,経王寺山門 付門番所,,,,経王寺,,荒川区,13118,有形文化財(建造物),建造物,ambiguous,,35.728053,139.768748,building_direct,building_candidate_point,ambiguous,有形文化財(建造物),,,no_explicit_designation_level
municipal_source,荒川区,文化財一覧,131181100003,https://www.city.arakawa.tokyo.jp/documents/23112/131181_cultural_property.csv,13Tokyo/raw/municipal/13118/data.csv,諏方神社鳥居,,,,諏方神社,,荒川区,13118,有形文化財(建造物),建造物,ambiguous,,35.730864,139.767072,building_direct,building_candidate_point,ambiguous,有形文化財(建造物),,,no_explicit_designation_level
municipal_source,荒川区,文化財一覧,131181100004,https://www.city.arakawa.tokyo.jp/documents/23112/131181_cultural_property.csv,13Tokyo/raw/municipal/13118/data.csv,石浜神社鳥居(寛延二年八月哉生明銘),,,,石浜神社,,荒川区,13118,有形文化財(建造物),建造物,ambiguous,,35.729044,139.808171,building_direct,building_candidate_point,ambiguous,有形文化財(建造物),,,no_explicit_designation_level
municipal_source,荒川区,文化財一覧,131181100005,https://www.city.arakawa.tokyo.jp/documents/23112/131181_cultural_property.csv,13Tokyo/raw/municipal/13118/data.csv,石浜神社鳥居(安永八年六月十六日銘),,,,石浜神社,,荒川区,13118,有形文化財(建造物),建造物,ambiguous,,35.729044,139.808171,building_direct,building_candidate_point,ambiguous,有形文化財(建造物),,,no_explicit_designation_level
municipal_source,荒川区,文化財一覧,131181100006,https://www.city.arakawa.tokyo.jp/documents/23112/131181_cultural_property.csv,13Tokyo/raw/municipal/13118/data.csv,胡録神社本殿,,,,胡録神社,,荒川区,13118,有形文化財(建造物),建造物,ambiguous,,35.738517,139.806939,building_direct,building_candidate_point,ambiguous,有形文化財(建造物),,,no_explicit_designation_level
municipal_source,荒川区,文化財一覧,131181100007,https://www.city.arakawa.tokyo.jp/documents/23112/131181_cultural_property.csv,13Tokyo/raw/municipal/13118/data.csv,浄閑寺表門,,,,浄閑寺,,荒川区,13118,有形文化財(建造物),建造物,ambiguous,,35.730717,139.792775,building_direct,building_candidate_point,ambiguous,有形文化財(建造物),,,no_explicit_designation_level
municipal_source,荒川区,文化財一覧,131181100008,https://www.city.arakawa.tokyo.jp/documents/23112/131181_cultural_property.csv,13Tokyo/raw/municipal/13118/data.csv,旧三河島汚水処分場喞筒場施設,,,,東京都,,荒川区,13118,有形文化財(建造物),建造物,ambiguous,,35.737585,139.784987,building_direct,building_candidate_point,ambiguous,有形文化財(建造物),,,no_explicit_designation_level
municipal_source,荒川区,文化財一覧,131181100009,https://www.city.arakawa.tokyo.jp/documents/23112/131181_cultural_property.csv,13Tokyo/raw/municipal/13118/data.csv,日枝神社本殿,,,,素盞雄神社,,荒川区,13118,有形文化財(建造物),建造物,ambiguous,,35.738347,139.799097,building_direct,building_candidate_point,ambiguous,有形文化財(建造物),,,no_explicit_designation_level
municipal_source,荒川区,文化財一覧,131181100010,https://www.city.arakawa.tokyo.jp/documents/23112/131181_cultural_property.csv,13Tokyo/raw/municipal/13118/data.csv,麁香神社社殿,,,,石浜神社,,荒川区,13118,有形文化財(建造物),建造物,ambiguous,,35.729044,139.808171,building_direct,building_candidate_point,ambiguous,有形文化財(建造物),,,no_explicit_designation_level
municipal_source,荒川区,文化財一覧,131181100011,https://www.city.arakawa.tokyo.jp/documents/23112/131181_cultural_property.csv,13Tokyo/raw/municipal/13118/data.csv,本行寺山門 付門番所及び築地塀,,,,本行寺,,荒川区,13118,有形文化財(建造物),建造物,ambiguous,,35.728056,139.76949,building_direct,building_candidate_point,ambiguous,有形文化財(建造物),,,no_explicit_designation_level
municipal_source,荒川区,文化財一覧,131181100012,https://www.city.arakawa.tokyo.jp/documents/23112/131181_cultural_property.csv,13Tokyo/raw/municipal/13118/data.csv,荒川遊園煉瓦塀,,,,荒川区,,荒川区,13118,有形文化財(建造物),建造物,ambiguous,,35.753248,139.75996,building_direct,building_candidate_point,ambiguous,有形文化財(建造物),,,no_explicit_designation_level
municipal_source,荒川区,文化財一覧,131181100013,https://www.city.arakawa.tokyo.jp/documents/23112/131181_cultural_property.csv,13Tokyo/raw/municipal/13118/data.csv,旧千住製絨所煉瓦塀,,,,東京都,,荒川区,13118,有形文化財(建造物),建造物,ambiguous,,35.737699,139.792234,building_direct,building_candidate_point,ambiguous,有形文化財(建造物),,,no_explicit_designation_level
municipal_source,荒川区,文化財一覧,131181100014,https://www.city.arakawa.tokyo.jp/documents/23112/131181_cultural_property.csv,13Tokyo/raw/municipal/13118/data.csv,石浜神社本殿,,,,石浜神社,,荒川区,13118,有形文化財(建造物),建造物,ambiguous,,35.729044,139.808171,building_direct,building_candidate_point,ambiguous,有形文化財(建造物),,,no_explicit_designation_level
municipal_source,荒川区,文化財一覧,131181100268,https://www.city.arakawa.tokyo.jp/documents/23112/131181_cultural_property.csv,13Tokyo/raw/municipal/13118/data.csv,木造七面明神立像宮殿,,,,延命院,,荒川区,13118,有形文化財(建造物),建造物,ambiguous,,35.72822,139.767553,building_direct,building_candidate_point,ambiguous,有形文化財(建造物),,,no_explicit_designation_level
municipal_source,荒川区,文化財一覧,131181100015,https://www.city.arakawa.tokyo.jp/documents/23112/131181_cultural_property.csv,13Tokyo/raw/municipal/13118/data.csv,紙本着色仏涅槃図,,,,公春院,,荒川区,13118,有形文化財(絵画),美術工芸品,ambiguous,,35.732823,139.792679,movable,representative_point,ambiguous,有形文化財(絵画),,,no_explicit_designation_level
municipal_source,荒川区,文化財一覧,131181100016,https://www.city.arakawa.tokyo.jp/documents/23112/131181_cultural_property.csv,13Tokyo/raw/municipal/13118/data.csv,紙本着色山越阿弥陀図,,,,満光寺,,荒川区,13118,有形文化財(絵画),美術工芸品,ambiguous,,35.74436,139.775,movable,representative_point,ambiguous,有形文化財(絵画),,,no_explicit_designation_level
municipal_source,荒川区,文化財一覧,131181100017,https://www.city.arakawa.tokyo.jp/documents/23112/131181_cultural_property.csv,13Tokyo/raw/municipal/13118/data.csv,紙本着色善導・円光両大師画像,,,,大聖寺,,荒川区,13118,有形文化財(絵画),美術工芸品,ambiguous,,35.735981,139.787892,movable,representative_point,ambiguous,有形文化財(絵画),,,no_explicit_designation_level
municipal_source,荒川区,文化財一覧,131181100018,https://www.city.arakawa.tokyo.jp/documents/23112/131181_cultural_property.csv,13Tokyo/raw/municipal/13118/data.csv,絹本着色真言八祖画像,,,,観音寺,,荒川区,13118,有形文化財(絵画),美術工芸品,ambiguous,,35.736896,139.779094,movable,representative_point,ambiguous,有形文化財(絵画),,,no_explicit_designation_level
municipal_source,荒川区,文化財一覧,131181100019,https://www.city.arakawa.tokyo.jp/documents/23112/131181_cultural_property.csv,13Tokyo/raw/municipal/13118/data.csv,紙本着色仏涅槃図,,,,本行寺,,荒川区,13118,有形文化財(絵画),美術工芸品,ambiguous,,35.728056,139.76949,movable,representative_point,ambiguous,有形文化財(絵画),,,no_explicit_designation_level
municipal_source,荒川区,文化財一覧,131181100020,https://www.city.arakawa.tokyo.jp/documents/23112/131181_cultural_property.csv,13Tokyo/raw/municipal/13118/data.csv,絹本着色虚無僧像,,,,地蔵寺,,荒川区,13118,有形文化財(絵画),美術工芸品,ambiguous,,35.75184,139.763525,movable,representative_point,ambiguous,有形文化財(絵画),,,no_explicit_designation_level
municipal_source,荒川区,文化財一覧,131181100021,https://www.city.arakawa.tokyo.jp/documents/23112/131181_cultural_property.csv,13Tokyo/raw/municipal/13118/data.csv,絹本着色献上鶴図,,,,個人蔵,,荒川区,13118,有形文化財(絵画),美術工芸品,ambiguous,,35.733845,139.781795,movable,representative_point,ambiguous,有形文化財(絵画),,,no_explicit_designation_level
municipal_source,荒川区,文化財一覧,131181100022,https://www.city.arakawa.tokyo.jp/documents/23112/131181_cultural_property.csv,13Tokyo/raw/municipal/13118/data.csv,板本着色平経正竹生島詣図絵馬,,,,延命院,,荒川区,13118,有形文化財(絵画),美術工芸品,ambiguous,,35.72822,139.767553,movable,representative_point,ambiguous,有形文化財(絵画),,,no_explicit_designation_level
municipal_source,荒川区,文化財一覧,131181100023,https://www.city.arakawa.tokyo.jp/documents/23112/131181_cultural_property.csv,13Tokyo/raw/municipal/13118/data.csv,銅造地蔵菩薩立像,,,,浄光寺,,荒川区,13118,有形文化財(彫刻),美術工芸品,ambiguous,,35.730304,139.767583,movable,representative_point,ambiguous,有形文化財(彫刻),,,no_explicit_designation_level
municipal_source,荒川区,文化財一覧,131181100024,https://www.city.arakawa.tokyo.jp/documents/23112/131181_cultural_property.csv,13Tokyo/raw/municipal/13118/data.csv,木造二天王立像,,,,養福寺,,荒川区,13118,有形文化財(彫刻),美術工芸品,ambiguous,,35.729469,139.76833,movable,representative_point,ambiguous,有形文化財(彫刻),,,no_explicit_designation_level
municipal_source,荒川区,文化財一覧,131181100025,https://www.city.arakawa.tokyo.jp/documents/23112/131181_cultural_property.csv,13Tokyo/raw/municipal/13118/data.csv,木造毘沙門天像,,,,啓運寺,,荒川区,13118,有形文化財(彫刻),美術工芸品,ambiguous,,35.728767,139.768067,movable,representative_point,ambiguous,有形文化財(彫刻),,,no_explicit_designation_level
municipal_source,荒川区,文化財一覧,131181100026,https://www.city.arakawa.tokyo.jp/documents/23112/131181_cultural_property.csv,13Tokyo/raw/municipal/13118/data.csv,木造智天上人坐像,,,,満光寺,,荒川区,13118,有形文化財(彫刻),美術工芸品,ambiguous,,35.74436,139.775,movable,representative_point,ambiguous,有形文化財(彫刻),,,no_explicit_designation_level
municipal_source,荒川区,文化財一覧,131181100027,https://www.city.arakawa.tokyo.jp/documents/23112/131181_cultural_property.csv,13Tokyo/raw/municipal/13118/data.csv,銅造地蔵菩薩坐像,,,,浄光寺,,荒川区,13118,有形文化財(彫刻),美術工芸品,ambiguous,,35.730304,139.767583,movable,representative_point,ambiguous,有形文化財(彫刻),,,no_explicit_designation_level
municipal_source,荒川区,文化財一覧,131181100028,https://www.city.arakawa.tokyo.jp/documents/23112/131181_cultural_property.csv,13Tokyo/raw/municipal/13118/data.csv,銅造菩薩立像,,,,南泉寺,,荒川区,13118,有形文化財(彫刻),美術工芸品,ambiguous,,35.729097,139.766248,movable,representative_point,ambiguous,有形文化財(彫刻),,,no_explicit_designation_level
municipal_source,荒川区,文化財一覧,131181100029,https://www.city.arakawa.tokyo.jp/documents/23112/131181_cultural_property.csv,13Tokyo/raw/municipal/13118/data.csv,木造七面明神立像,,,,延命院,,荒川区,13118,有形文化財(彫刻),美術工芸品,ambiguous,,35.72822,139.767553,movable,representative_point,ambiguous,有形文化財(彫刻),,,no_explicit_designation_level
municipal_source,荒川区,文化財一覧,131181100030,https://www.city.arakawa.tokyo.jp/documents/23112/131181_cultural_property.csv,13Tokyo/raw/municipal/13118/data.csv,木造阿弥陀如来立像(付宝永二年正月二五日銘台座),,,,法界寺,,荒川区,13118,有形文化財(彫刻),美術工芸品,ambiguous,,35.735804,139.779798,movable,representative_point,ambiguous,有形文化財(彫刻),,,no_explicit_designation_level
municipal_source,荒川区,文化財一覧,131181100031,https://www.city.arakawa.tokyo.jp/documents/23112/131181_cultural_property.csv,13Tokyo/raw/municipal/13118/data.csv,木造聖観音菩薩立像,,,,南泉寺,,荒川区,13118,有形文化財(彫刻),美術工芸品,ambiguous,,35.729097,139.766248,movable,representative_point,ambiguous,有形文化財(彫刻),,,no_explicit_designation_level
municipal_source,荒川区,文化財一覧,131181100032,https://www.city.arakawa.tokyo.jp/documents/23112/131181_cultural_property.csv,13Tokyo/raw/municipal/13118/data.csv,木造閻魔坐像(元禄一六年七月銘),,,,満光寺,,荒川区,13118,有形文化財(彫刻),美術工芸品,ambiguous,,35.74436,139.775,movable,representative_point,ambiguous,有形文化財(彫刻),,,no_explicit_designation_level
municipal_source,荒川区,文化財一覧,131181100033,https://www.city.arakawa.tokyo.jp/documents/23112/131181_cultural_property.csv,13Tokyo/raw/municipal/13118/data.csv,木造一塔両尊仏坐像 付胎内文書,,,,修性院,,荒川区,13118,有形文化財(彫刻),美術工芸品,ambiguous,,35.730164,139.766107,movable,representative_point,ambiguous,有形文化財(彫刻),,,no_explicit_designation_level
municipal_source,荒川区,文化財一覧,131181100034,https://www.city.arakawa.tokyo.jp/documents/23112/131181_cultural_property.csv,13Tokyo/raw/municipal/13118/data.csv,木造三十番神坐像,,,,修性院,,荒川区,13118,有形文化財(彫刻),美術工芸品,ambiguous,,35.730164,139.766107,movable,representative_point,ambiguous,有形文化財(彫刻),,,no_explicit_designation_level
municipal_source,荒川区,文化財一覧,131181100035,https://www.city.arakawa.tokyo.jp/documents/23112/131181_cultural_property.csv,13Tokyo/raw/municipal/13118/data.csv,鉄製天水桶(永瀬源内富広作),,,,素盞雄神社,,荒川区,13118,有形文化財(工芸品),美術工芸品,ambiguous,,35.737158,139.79608,movable,representative_point,ambiguous,有形文化財(工芸品),,,no_explicit_designation_level
municipal_source,荒川区,文化財一覧,131181100036,https://www.city.arakawa.tokyo.jp/documents/23112/131181_cultural_property.csv,13Tokyo/raw/municipal/13118/data.csv,太鼓(天明七年二月吉日銘),,,,公春院,,荒川区,13118,有形文化財(工芸品),美術工芸品,ambiguous,,35.732823,139.792679,movable,representative_point,ambiguous,有形文化財(工芸品),,,no_explicit_designation_level
municipal_source,荒川区,文化財一覧,131181100037,https://www.city.arakawa.tokyo.jp/documents/23112/131181_cultural_property.csv,13Tokyo/raw/municipal/13118/data.csv,大般若経,,,,大林院,,荒川区,13118,有形文化財(典籍),典籍,ambiguous,,35.751273,139.764637,movable,representative_point,ambiguous,有形文化財(典籍),,,no_explicit_designation_level
municipal_source,荒川区,文化財一覧,131181100038,https://www.city.arakawa.tokyo.jp/documents/23112/131181_cultural_property.csv,13Tokyo/raw/municipal/13118/data.csv,後北条氏関係資料,,,,浄光寺,,荒川区,13118,有形文化財(古文書),古文書,ambiguous,,35.730304,139.767583,movable,representative_point,ambiguous,有形文化財(古文書),,,no_explicit_designation_level
municipal_source,荒川区,文化財一覧,131181100039,https://www.city.arakawa.tokyo.jp/documents/23112/131181_cultural_property.csv,13Tokyo/raw/municipal/13118/data.csv,日蓮書状,,,,本行寺,,荒川区,13118,有形文化財(古文書),古文書,ambiguous,,35.728056,139.76949,movable,representative_point,ambiguous,有形文化財(古文書),,,no_explicit_designation_level
municipal_source,荒川区,文化財一覧,131181100040,https://www.city.arakawa.tokyo.jp/documents/23112/131181_cultural_property.csv,13Tokyo/raw/municipal/13118/data.csv,本行寺文書,,,,本行寺,,荒川区,13118,有形文化財(古文書),古文書,ambiguous,,35.728056,139.76949,movable,representative_point,ambiguous,有形文化財(古文書),,,no_explicit_designation_level
municipal_source,荒川区,文化財一覧,131181100041,https://www.city.arakawa.tokyo.jp/documents/23112/131181_cultural_property.csv,13Tokyo/raw/municipal/13118/data.csv,上尾久村村絵図,,,,八幡神社,,荒川区,13118,有形文化財(古文書),古文書,ambiguous,,35.750414,139.765253,movable,representative_point,ambiguous,有形文化財(古文書),,,no_explicit_designation_level
municipal_source,荒川区,文化財一覧,131181100042,https://www.city.arakawa.tokyo.jp/documents/23112/131181_cultural_property.csv,13Tokyo/raw/municipal/13118/data.csv,小塚原村絵図,,,,荒川区教育委員会,,荒川区,13118,有形文化財(古文書),古文書,ambiguous,,35.737426,139.79541,movable,representative_point,ambiguous,有形文化財(古文書),,,no_explicit_designation_level
municipal_source,荒川区,文化財一覧,131181100043,https://www.city.arakawa.tokyo.jp/documents/23112/131181_cultural_property.csv,13Tokyo/raw/municipal/13118/data.csv,浄閑寺過去帳,,,,浄閑寺,,荒川区,13118,有形文化財(古文書),古文書,ambiguous,,35.730717,139.792775,movable,representative_point,ambiguous,有形文化財(古文書),,,no_explicit_designation_level
municipal_source,荒川区,文化財一覧,131181100044,https://www.city.arakawa.tokyo.jp/documents/23112/131181_cultural_property.csv,13Tokyo/raw/municipal/13118/data.csv,満光寺文書,,,,満光寺,,荒川区,13118,有形文化財(古文書),古文書,ambiguous,,35.74436,139.775,movable,representative_point,ambiguous,有形文化財(古文書),,,no_explicit_designation_level
municipal_source,荒川区,文化財一覧,131181100045,https://www.city.arakawa.tokyo.jp/documents/23112/131181_cultural_property.csv,13Tokyo/raw/municipal/13118/data.csv,善性寺文書,,,,善性寺,,荒川区,13118,有形文化財(古文書),古文書,ambiguous,,35.727168,139.773921,movable,representative_point,ambiguous,有形文化財(古文書),,,no_explicit_designation_level
municipal_source,荒川区,文化財一覧,131181100046,https://www.city.arakawa.tokyo.jp/documents/23112/131181_cultural_property.csv,13Tokyo/raw/municipal/13118/data.csv,両岸渡世向書物,,,,個人蔵,,荒川区,13118,有形文化財(古文書),古文書,ambiguous,,35.737426,139.79541,movable,representative_point,ambiguous,有形文化財(古文書),,,no_explicit_designation_level
municipal_source,荒川区,文化財一覧,131181100047,https://www.city.arakawa.tokyo.jp/documents/23112/131181_cultural_property.csv,13Tokyo/raw/municipal/13118/data.csv,一月寺文書,,,,地蔵寺,,荒川区,13118,有形文化財(古文書),古文書,ambiguous,,35.75184,139.763525,movable,representative_point,ambiguous,有形文化財(古文書),,,no_explicit_designation_level
municipal_source,荒川区,文化財一覧,131181100048,https://www.city.arakawa.tokyo.jp/documents/23112/131181_cultural_property.csv,13Tokyo/raw/municipal/13118/data.csv,伊藤家文書,,,,荒川区教育委員会,,荒川区,13118,有形文化財(古文書),古文書,ambiguous,,35.737426,139.79541,movable,representative_point,ambiguous,有形文化財(古文書),,,no_explicit_designation_level
municipal_source,荒川区,文化財一覧,131181100049,https://www.city.arakawa.tokyo.jp/documents/23112/131181_cultural_property.csv,13Tokyo/raw/municipal/13118/data.csv,諏方神社文書,,,,諏方神社,,荒川区,13118,有形文化財(古文書),古文書,ambiguous,,35.730864,139.767072,movable,representative_point,ambiguous,有形文化財(古文書),,,no_explicit_designation_level
municipal_source,荒川区,文化財一覧,131181100050,https://www.city.arakawa.tokyo.jp/documents/23112/131181_cultural_property.csv,13Tokyo/raw/municipal/13118/data.csv,浄光寺文書,,,,浄光寺,,荒川区,13118,有形文化財(古文書),古文書,ambiguous,,35.730304,139.767583,movable,representative_point,ambiguous,有形文化財(古文書),,,no_explicit_designation_level
municipal_source,荒川区,文化財一覧,131181100051,https://www.city.arakawa.tokyo.jp/documents/23112/131181_cultural_property.csv,13Tokyo/raw/municipal/13118/data.csv,小泉家文書,,,,個人蔵,,荒川区,13118,有形文化財(古文書),古文書,ambiguous,,35.737426,139.79541,movable,representative_point,ambiguous,有形文化財(古文書),,,no_explicit_designation_level
municipal_source,荒川区,文化財一覧,131181100052,https://www.city.arakawa.tokyo.jp/documents/23112/131181_cultural_property.csv,13Tokyo/raw/municipal/13118/data.csv,地蔵寺文書,,,,地蔵寺,,荒川区,13118,有形文化財(古文書),古文書,ambiguous,,35.75184,139.763525,movable,representative_point,ambiguous,有形文化財(古文書),,,no_explicit_designation_level
municipal_source,荒川区,文化財一覧,131181100053,https://www.city.arakawa.tokyo.jp/documents/23112/131181_cultural_property.csv,13Tokyo/raw/municipal/13118/data.csv,尾久村役場水害関係資料,,,,荒川区教育委員会,,荒川区,13118,有形文化財(古文書),古文書,ambiguous,,35.737426,139.79541,movable,representative_point,ambiguous,有形文化財(古文書),,,no_explicit_designation_level
municipal_source,荒川区,文化財一覧,131181100054,https://www.city.arakawa.tokyo.jp/documents/23112/131181_cultural_property.csv,13Tokyo/raw/municipal/13118/data.csv,関家文書,,,,荒川区教育委員会,,荒川区,13118,有形文化財(古文書),古文書,ambiguous,,35.737426,139.79541,movable,representative_point,ambiguous,有形文化財(古文書),,,no_explicit_designation_level
municipal_source,荒川区,文化財一覧,131181100055,https://www.city.arakawa.tokyo.jp/documents/23112/131181_cultural_property.csv,13Tokyo/raw/municipal/13118/data.csv,回向院文書,,,,回向院,,荒川区,13118,有形文化財(古文書),古文書,ambiguous,,35.732209,139.797786,movable,representative_point,ambiguous,有形文化財(古文書),,,no_explicit_designation_level
municipal_source,荒川区,文化財一覧,131181100056,https://www.city.arakawa.tokyo.jp/documents/23112/131181_cultural_property.csv,13Tokyo/raw/municipal/13118/data.csv,千住製絨所関係文書,,,,荒川区教育委員会,,荒川区,13118,有形文化財(古文書),古文書,ambiguous,,35.737426,139.79541,movable,representative_point,ambiguous,有形文化財(古文書),,,no_explicit_designation_level
municipal_source,荒川区,文化財一覧,131181100057,https://www.city.arakawa.tokyo.jp/documents/23112/131181_cultural_property.csv,13Tokyo/raw/municipal/13118/data.csv,碩運寺文書,,,,碩運寺,,荒川区,13118,有形文化財(古文書),古文書,ambiguous,,35.749918,139.76404,movable,representative_point,ambiguous,有形文化財(古文書),,,no_explicit_designation_level
municipal_source,荒川区,文化財一覧,131181100058,https://www.city.arakawa.tokyo.jp/documents/23112/131181_cultural_property.csv,13Tokyo/raw/municipal/13118/data.csv,延命院文書,,,,延命院,,荒川区,13118,有形文化財(古文書),古文書,ambiguous,,35.72822,139.767553,movable,representative_point,ambiguous,有形文化財(古文書),,,no_explicit_designation_level
municipal_source,荒川区,文化財一覧,131181100059,https://www.city.arakawa.tokyo.jp/documents/23112/131181_cultural_property.csv,13Tokyo/raw/municipal/13118/data.csv,伊藤家文書,,,,個人蔵,,荒川区,13118,有形文化財(古文書),古文書,ambiguous,,35.733845,139.781795,movable,representative_point,ambiguous,有形文化財(古文書),,,no_explicit_designation_level
municipal_source,荒川区,文化財一覧,131181100060,https://www.city.arakawa.tokyo.jp/documents/23112/131181_cultural_property.csv,13Tokyo/raw/municipal/13118/data.csv,道灌山遺跡出土品,,,,荒川区教育委員会,,荒川区,13118,有形文化財(考古資料),考古資料,ambiguous,,35.737426,139.79541,movable,representative_point,ambiguous,有形文化財(考古資料),,,no_explicit_designation_level
municipal_source,荒川区,文化財一覧,131181100061,https://www.city.arakawa.tokyo.jp/documents/23112/131181_cultural_property.csv,13Tokyo/raw/municipal/13118/data.csv,日暮里延命院貝塚出土品,,,,荒川区教育委員会,,荒川区,13118,有形文化財(考古資料),考古資料,ambiguous,,35.737426,139.79541,movable,representative_point,ambiguous,有形文化財(考古資料),,,no_explicit_designation_level
municipal_source,荒川区,文化財一覧,131181100062,https://www.city.arakawa.tokyo.jp/documents/23112/131181_cultural_property.csv,13Tokyo/raw/municipal/13118/data.csv,町屋四丁目実揚遺跡出土品,,,,荒川区教育委員会,,荒川区,13118,有形文化財(考古資料),考古資料,ambiguous,,35.737426,139.79541,movable,representative_point,ambiguous,有形文化財(考古資料),,,no_explicit_designation_level
municipal_source,荒川区,文化財一覧,131181100063,https://www.city.arakawa.tokyo.jp/documents/23112/131181_cultural_property.csv,13Tokyo/raw/municipal/13118/data.csv,板碑(正応二年四月日銘),,,,日慶寺,,荒川区,13118,有形文化財(歴史資料),歴史資料,ambiguous,,35.736825,139.797919,point,representative_point,ambiguous,有形文化財(歴史資料),,,no_explicit_designation_level
municipal_source,荒川区,文化財一覧,131181100064,https://www.city.arakawa.tokyo.jp/documents/23112/131181_cultural_property.csv,13Tokyo/raw/municipal/13118/data.csv,板碑(文明十五年十月七日銘他),,,,地蔵寺,,荒川区,13118,有形文化財(歴史資料),歴史資料,ambiguous,,35.75184,139.763525,point,representative_point,ambiguous,有形文化財(歴史資料),,,no_explicit_designation_level
municipal_source,荒川区,文化財一覧,131181100065,https://www.city.arakawa.tokyo.jp/documents/23112/131181_cultural_property.csv,13Tokyo/raw/municipal/13118/data.csv,松尾芭蕉の碑,,,,素盞雄神社,,荒川区,13118,有形文化財(歴史資料),歴史資料,ambiguous,,35.737158,139.79608,point,representative_point,ambiguous,有形文化財(歴史資料),,,no_explicit_designation_level
municipal_source,荒川区,文化財一覧,131181100066,https://www.city.arakawa.tokyo.jp/documents/23112/131181_cultural_property.csv,13Tokyo/raw/municipal/13118/data.csv,談林派歴代の句碑,,,,養福寺,,荒川区,13118,有形文化財(歴史資料),歴史資料,ambiguous,,35.729469,139.76833,point,representative_point,ambiguous,有形文化財(歴史資料),,,no_explicit_designation_level
municipal_source,荒川区,文化財一覧,131181100067,https://www.city.arakawa.tokyo.jp/documents/23112/131181_cultural_property.csv,13Tokyo/raw/municipal/13118/data.csv,滝沢馬琴筆塚の碑,,,,青雲寺,,荒川区,13118,有形文化財(歴史資料),歴史資料,ambiguous,,35.730699,139.765585,point,representative_point,ambiguous,有形文化財(歴史資料),,,no_explicit_designation_level
municipal_source,荒川区,文化財一覧,131181100068,https://www.city.arakawa.tokyo.jp/documents/23112/131181_cultural_property.csv,13Tokyo/raw/municipal/13118/data.csv,新吉原総霊塔,,,,浄閑寺,,荒川区,13118,有形文化財(歴史資料),歴史資料,ambiguous,,35.730717,139.792775,point,representative_point,ambiguous,有形文化財(歴史資料),,,no_explicit_designation_level
municipal_source,荒川区,文化財一覧,131181100069,https://www.city.arakawa.tokyo.jp/documents/23112/131181_cultural_property.csv,13Tokyo/raw/municipal/13118/data.csv,旧上野の黒門,,,,円通寺,,荒川区,13118,有形文化財(歴史資料),歴史資料,ambiguous,,35.734047,139.792986,point,representative_point,ambiguous,有形文化財(歴史資料),,,no_explicit_designation_level
municipal_source,荒川区,文化財一覧,131181100071,https://www.city.arakawa.tokyo.jp/documents/23112/131181_cultural_property.csv,13Tokyo/raw/municipal/13118/data.csv,板碑(正和五年十月日銘),,,,大林院,,荒川区,13118,有形文化財(歴史資料),歴史資料,ambiguous,,35.751273,139.764637,point,representative_point,ambiguous,有形文化財(歴史資料),,,no_explicit_designation_level
municipal_source,荒川区,文化財一覧,131181100072,https://www.city.arakawa.tokyo.jp/documents/23112/131181_cultural_property.csv,13Tokyo/raw/municipal/13118/data.csv,板碑(応永三十一年四月二十日銘他),,,,法界寺,,荒川区,13118,有形文化財(歴史資料),歴史資料,ambiguous,,35.735804,139.779798,point,representative_point,ambiguous,有形文化財(歴史資料),,,no_explicit_designation_level
municipal_source,荒川区,文化財一覧,131181100073,https://www.city.arakawa.tokyo.jp/documents/23112/131181_cultural_property.csv,13Tokyo/raw/municipal/13118/data.csv,板碑(文安六年七月三日銘),,,,浄正寺,,荒川区,13118,有形文化財(歴史資料),歴史資料,ambiguous,,35.735371,139.779833,point,representative_point,ambiguous,有形文化財(歴史資料),,,no_explicit_designation_level
municipal_source,荒川区,文化財一覧,131181100074,https://www.city.arakawa.tokyo.jp/documents/23112/131181_cultural_property.csv,13Tokyo/raw/municipal/13118/data.csv,滝沢馬琴硯塚の碑,,,,青雲寺,,荒川区,13118,有形文化財(歴史資料),歴史資料,ambiguous,,35.730699,139.765585,point,representative_point,ambiguous,有形文化財(歴史資料),,,no_explicit_designation_level
municipal_source,荒川区,文化財一覧,131181100075,https://www.city.arakawa.tokyo.jp/documents/23112/131181_cultural_property.csv,13Tokyo/raw/municipal/13118/data.csv,伊勢物語の歌碑,,,,石浜神社,,荒川区,13118,有形文化財(歴史資料),歴史資料,ambiguous,,35.729044,139.808171,point,representative_point,ambiguous,有形文化財(歴史資料),,,no_explicit_designation_level
municipal_source,荒川区,文化財一覧,131181100076,https://www.city.arakawa.tokyo.jp/documents/23112/131181_cultural_property.csv,13Tokyo/raw/municipal/13118/data.csv,亀田鵬斎の詩碑,,,,石浜神社,,荒川区,13118,有形文化財(歴史資料),歴史資料,ambiguous,,35.729044,139.808171,point,representative_point,ambiguous,有形文化財(歴史資料),,,no_explicit_designation_level
municipal_source,荒川区,文化財一覧,131181100077,https://www.city.arakawa.tokyo.jp/documents/23112/131181_cultural_property.csv,13Tokyo/raw/municipal/13118/data.csv,道灌丘碑,,,,本行寺,,荒川区,13118,有形文化財(歴史資料),歴史資料,ambiguous,,35.728056,139.76949,point,representative_point,ambiguous,有形文化財(歴史資料),,,no_explicit_designation_level
municipal_source,荒川区,文化財一覧,131181100078,https://www.city.arakawa.tokyo.jp/documents/23112/131181_cultural_property.csv,13Tokyo/raw/municipal/13118/data.csv,小塚原の首切地蔵,,,,延命寺,,荒川区,13118,有形文化財(歴史資料),歴史資料,ambiguous,,35.731672,139.797964,point,representative_point,ambiguous,有形文化財(歴史資料),,,no_explicit_designation_level
municipal_source,荒川区,文化財一覧,131181100079,https://www.city.arakawa.tokyo.jp/documents/23112/131181_cultural_property.csv,13Tokyo/raw/municipal/13118/data.csv,板碑群二十三基(正中二年八月日銘他),,,,個人蔵,,荒川区,13118,有形文化財(歴史資料),歴史資料,ambiguous,,35.732741,139.791324,point,representative_point,ambiguous,有形文化財(歴史資料),,,no_explicit_designation_level
municipal_source,荒川区,文化財一覧,131181100080,https://www.city.arakawa.tokyo.jp/documents/23112/131181_cultural_property.csv,13Tokyo/raw/municipal/13118/data.csv,日尾荊山衣?碑,,,,修性院,,荒川区,13118,有形文化財(歴史資料),歴史資料,ambiguous,,35.730164,139.766107,point,representative_point,ambiguous,有形文化財(歴史資料),,,no_explicit_designation_level
municipal_source,荒川区,文化財一覧,131181100081,https://www.city.arakawa.tokyo.jp/documents/23112/131181_cultural_property.csv,13Tokyo/raw/municipal/13118/data.csv,柏木如亭の碑,,,,養福寺,,荒川区,13118,有形文化財(歴史資料),歴史資料,ambiguous,,35.729469,139.76833,point,representative_point,ambiguous,有形文化財(歴史資料),,,no_explicit_designation_level
municipal_source,荒川区,文化財一覧,131181100082,https://www.city.arakawa.tokyo.jp/documents/23112/131181_cultural_property.csv,13Tokyo/raw/municipal/13118/data.csv,日暮里舟繋松の碑,,,,青雲寺,,荒川区,13118,有形文化財(歴史資料),歴史資料,ambiguous,,35.730699,139.765585,point,representative_point,ambiguous,有形文化財(歴史資料),,,no_explicit_designation_level
municipal_source,荒川区,文化財一覧,131181100083,https://www.city.arakawa.tokyo.jp/documents/23112/131181_cultural_property.csv,13Tokyo/raw/municipal/13118/data.csv,手水鉢(元禄元年十二月吉日銘),,,,石浜神社,,荒川区,13118,有形文化財(歴史資料),歴史資料,ambiguous,,35.729044,139.808171,point,representative_point,ambiguous,有形文化財(歴史資料),,,no_explicit_designation_level
municipal_source,荒川区,文化財一覧,131181100084,https://www.city.arakawa.tokyo.jp/documents/23112/131181_cultural_property.csv,13Tokyo/raw/municipal/13118/data.csv,手水鉢(享保十四年九月吉日銘),,,,八幡神社,,荒川区,13118,有形文化財(歴史資料),歴史資料,ambiguous,,35.750414,139.765253,point,representative_point,ambiguous,有形文化財(歴史資料),,,no_explicit_designation_level
municipal_source,荒川区,文化財一覧,131181100085,https://www.city.arakawa.tokyo.jp/documents/23112/131181_cultural_property.csv,13Tokyo/raw/municipal/13118/data.csv,板碑四基(永仁四年十月日銘他),,,,円通寺,,荒川区,13118,有形文化財(歴史資料),歴史資料,ambiguous,,35.734047,139.792986,point,representative_point,ambiguous,有形文化財(歴史資料),,,no_explicit_designation_level
municipal_source,荒川区,文化財一覧,131181100086,https://www.city.arakawa.tokyo.jp/documents/23112/131181_cultural_property.csv,13Tokyo/raw/municipal/13118/data.csv,板碑三基(建武五年八月日銘他),,,,阿遮院,,荒川区,13118,有形文化財(歴史資料),歴史資料,ambiguous,,35.744767,139.773499,point,representative_point,ambiguous,有形文化財(歴史資料),,,no_explicit_designation_level
municipal_source,荒川区,文化財一覧,131181100087,https://www.city.arakawa.tokyo.jp/documents/23112/131181_cultural_property.csv,13Tokyo/raw/municipal/13118/data.csv,自堕落先生の碑,,,,養福寺,,荒川区,13118,有形文化財(歴史資料),歴史資料,ambiguous,,35.729469,139.76833,point,representative_point,ambiguous,有形文化財(歴史資料),,,no_explicit_designation_level
municipal_source,荒川区,文化財一覧,131181100088,https://www.city.arakawa.tokyo.jp/documents/23112/131181_cultural_property.csv,13Tokyo/raw/municipal/13118/data.csv,加藤雀庵文・長谷川雪旦画、森昌庵追慕の碑,,,,素盞雄神社,,荒川区,13118,有形文化財(歴史資料),歴史資料,ambiguous,,35.737158,139.79608,point,representative_point,ambiguous,有形文化財(歴史資料),,,no_explicit_designation_level
municipal_source,荒川区,文化財一覧,131181100089,https://www.city.arakawa.tokyo.jp/documents/23112/131181_cultural_property.csv,13Tokyo/raw/municipal/13118/data.csv,手水鉢(安永八年二月初午銘),,,,稲荷神社,,荒川区,13118,有形文化財(歴史資料),歴史資料,ambiguous,,35.73451,139.778692,point,representative_point,ambiguous,有形文化財(歴史資料),,,no_explicit_designation_level
municipal_source,荒川区,文化財一覧,131181100090,https://www.city.arakawa.tokyo.jp/documents/23112/131181_cultural_property.csv,13Tokyo/raw/municipal/13118/data.csv,手水鉢(明和元年九月吉日銘),,,,胡録神社,,荒川区,13118,有形文化財(歴史資料),歴史資料,ambiguous,,35.73774,139.810324,point,representative_point,ambiguous,有形文化財(歴史資料),,,no_explicit_designation_level
municipal_source,荒川区,文化財一覧,131181100091,https://www.city.arakawa.tokyo.jp/documents/23112/131181_cultural_property.csv,13Tokyo/raw/municipal/13118/data.csv,手水鉢(文化七年四月吉日銘),,,,猿田彦神社,,荒川区,13118,有形文化財(歴史資料),歴史資料,ambiguous,,35.729338,139.782937,point,representative_point,ambiguous,有形文化財(歴史資料),,,no_explicit_designation_level
municipal_source,荒川区,文化財一覧,131181100092,https://www.city.arakawa.tokyo.jp/documents/23112/131181_cultural_property.csv,13Tokyo/raw/municipal/13118/data.csv,手水鉢(弘化二歳十月日銘),,,,熊野神社,,荒川区,13118,有形文化財(歴史資料),歴史資料,ambiguous,,35.738817,139.796554,point,representative_point,ambiguous,有形文化財(歴史資料),,,no_explicit_designation_level
municipal_source,荒川区,文化財一覧,131181100093,https://www.city.arakawa.tokyo.jp/documents/23112/131181_cultural_property.csv,13Tokyo/raw/municipal/13118/data.csv,板碑六基(永和元年六月十二日銘他),,,,満光寺,,荒川区,13118,有形文化財(歴史資料),歴史資料,ambiguous,,35.74436,139.775,point,representative_point,ambiguous,有形文化財(歴史資料),,,no_explicit_designation_level
municipal_source,荒川区,文化財一覧,131181100094,https://www.city.arakawa.tokyo.jp/documents/23112/131181_cultural_property.csv,13Tokyo/raw/municipal/13118/data.csv,板碑二基(文安三年十二月銘他) 付青石片一基,,,,個人蔵,,荒川区,13118,有形文化財(歴史資料),歴史資料,ambiguous,,35.743035,139.766418,point,representative_point,ambiguous,有形文化財(歴史資料),,,no_explicit_designation_level
municipal_source,荒川区,文化財一覧,131181100095,https://www.city.arakawa.tokyo.jp/documents/23112/131181_cultural_property.csv,13Tokyo/raw/municipal/13118/data.csv,板碑三基(永和五年七月十五日銘他),,,,荒川区教育委員会,,荒川区,13118,有形文化財(歴史資料),歴史資料,ambiguous,,35.737426,139.79541,point,representative_point,ambiguous,有形文化財(歴史資料),,,no_explicit_designation_level
municipal_source,荒川区,文化財一覧,131181100096,https://www.city.arakawa.tokyo.jp/documents/23112/131181_cultural_property.csv,13Tokyo/raw/municipal/13118/data.csv,手水鉢(寛文十年五月十八日銘),,,,公春院,,荒川区,13118,有形文化財(歴史資料),歴史資料,ambiguous,,35.732823,139.792679,point,representative_point,ambiguous,有形文化財(歴史資料),,,no_explicit_designation_level
municipal_source,荒川区,文化財一覧,131181100097,https://www.city.arakawa.tokyo.jp/documents/23112/131181_cultural_property.csv,13Tokyo/raw/municipal/13118/data.csv,手水鉢(享保十年十一月銘),,,,浄光寺,,荒川区,13118,有形文化財(歴史資料),歴史資料,ambiguous,,35.730304,139.767583,point,representative_point,ambiguous,有形文化財(歴史資料),,,no_explicit_designation_level
municipal_source,荒川区,文化財一覧,131181100098,https://www.city.arakawa.tokyo.jp/documents/23112/131181_cultural_property.csv,13Tokyo/raw/municipal/13118/data.csv,麁香神社関係資料(石碑二基、由緒書木板一面、扁額一面),,,,石浜神社,,荒川区,13118,有形文化財(歴史資料),歴史資料,ambiguous,,35.729044,139.808171,point,representative_point,ambiguous,有形文化財(歴史資料),,,no_explicit_designation_level
municipal_source,荒川区,文化財一覧,131181100099,https://www.city.arakawa.tokyo.jp/documents/23112/131181_cultural_property.csv,13Tokyo/raw/municipal/13118/data.csv,石造七重塔(享保七歳次壬寅端午日銘),,,,円通寺,,荒川区,13118,有形文化財(歴史資料),歴史資料,ambiguous,,35.734047,139.792986,point,representative_point,ambiguous,有形文化財(歴史資料),,,no_explicit_designation_level
municipal_source,荒川区,文化財一覧,131181100100,https://www.city.arakawa.tokyo.jp/documents/23112/131181_cultural_property.csv,13Tokyo/raw/municipal/13118/data.csv,板碑二基(光明遍照偈板碑他),,,,華蔵院,,荒川区,13118,有形文化財(歴史資料),歴史資料,ambiguous,,35.752317,139.766801,point,representative_point,ambiguous,有形文化財(歴史資料),,,no_explicit_designation_level
municipal_source,荒川区,文化財一覧,131181100101,https://www.city.arakawa.tokyo.jp/documents/23112/131181_cultural_property.csv,13Tokyo/raw/municipal/13118/data.csv,板碑(天文九年四月十九日銘),,,,密巌院,,荒川区,13118,有形文化財(歴史資料),歴史資料,ambiguous,,35.737547,139.779999,point,representative_point,ambiguous,有形文化財(歴史資料),,,no_explicit_designation_level
municipal_source,荒川区,文化財一覧,131181100102,https://www.city.arakawa.tokyo.jp/documents/23112/131181_cultural_property.csv,13Tokyo/raw/municipal/13118/data.csv,板碑三基(天文九年銘他),,,,個人蔵,,荒川区,13118,有形文化財(歴史資料),歴史資料,ambiguous,,35.749765,139.781921,point,representative_point,ambiguous,有形文化財(歴史資料),,,no_explicit_designation_level
municipal_source,荒川区,文化財一覧,131181100103,https://www.city.arakawa.tokyo.jp/documents/23112/131181_cultural_property.csv,13Tokyo/raw/municipal/13118/data.csv,板碑(年未詳),,,,誓願寺,,荒川区,13118,有形文化財(歴史資料),歴史資料,ambiguous,,35.738174,139.796501,point,representative_point,ambiguous,有形文化財(歴史資料),,,no_explicit_designation_level
municipal_source,荒川区,文化財一覧,131181100104,https://www.city.arakawa.tokyo.jp/documents/23112/131181_cultural_property.csv,13Tokyo/raw/municipal/13118/data.csv,板碑(年未詳),,,,宝蔵院,,荒川区,13118,有形文化財(歴史資料),歴史資料,ambiguous,,35.752734,139.763029,point,representative_point,ambiguous,有形文化財(歴史資料),,,no_explicit_designation_level
municipal_source,荒川区,文化財一覧,131181100105,https://www.city.arakawa.tokyo.jp/documents/23112/131181_cultural_property.csv,13Tokyo/raw/municipal/13118/data.csv,宝篋印塔二基(明徳二年銘他),,,,荒川区教育委員会,,荒川区,13118,有形文化財(歴史資料),歴史資料,ambiguous,,35.737426,139.79541,point,representative_point,ambiguous,有形文化財(歴史資料),,,no_explicit_designation_level
municipal_source,荒川区,文化財一覧,131181100106,https://www.city.arakawa.tokyo.jp/documents/23112/131181_cultural_property.csv,13Tokyo/raw/municipal/13118/data.csv,手水鉢(天保二年三月吉日銘),,,,諏方神社,,荒川区,13118,有形文化財(歴史資料),歴史資料,ambiguous,,35.730864,139.767072,point,representative_point,ambiguous,有形文化財(歴史資料),,,no_explicit_designation_level
municipal_source,荒川区,文化財一覧,131181100107,https://www.city.arakawa.tokyo.jp/documents/23112/131181_cultural_property.csv,13Tokyo/raw/municipal/13118/data.csv,板碑二基(年未詳),,,,個人蔵,,荒川区,13118,有形文化財(歴史資料),歴史資料,ambiguous,,35.737426,139.79541,point,representative_point,ambiguous,有形文化財(歴史資料),,,no_explicit_designation_level
municipal_source,荒川区,文化財一覧,131181100108,https://www.city.arakawa.tokyo.jp/documents/23112/131181_cultural_property.csv,13Tokyo/raw/municipal/13118/data.csv,板碑(正和二年十一月日銘),,,,浄閑寺,,荒川区,13118,有形文化財(歴史資料),歴史資料,ambiguous,,35.730717,139.792775,point,representative_point,ambiguous,有形文化財(歴史資料),,,no_explicit_designation_level
municipal_source,荒川区,文化財一覧,131181100109,https://www.city.arakawa.tokyo.jp/documents/23112/131181_cultural_property.csv,13Tokyo/raw/municipal/13118/data.csv,八幡神社棟札,,,,八幡神社,,荒川区,13118,有形文化財(歴史資料),歴史資料,ambiguous,,35.750414,139.765253,point,representative_point,ambiguous,有形文化財(歴史資料),,,no_explicit_designation_level
municipal_source,荒川区,文化財一覧,131181100110,https://www.city.arakawa.tokyo.jp/documents/23112/131181_cultural_property.csv,13Tokyo/raw/municipal/13118/data.csv,安井金毘羅大権現鎮座碑,,,,青雲寺,,荒川区,13118,有形文化財(歴史資料),歴史資料,ambiguous,,35.730699,139.765585,point,representative_point,ambiguous,有形文化財(歴史資料),,,no_explicit_designation_level
municipal_source,荒川区,文化財一覧,131181100111,https://www.city.arakawa.tokyo.jp/documents/23112/131181_cultural_property.csv,13Tokyo/raw/municipal/13118/data.csv,景岳橋本君碑,,,,回向院,,荒川区,13118,有形文化財(歴史資料),歴史資料,ambiguous,,35.732209,139.797786,point,representative_point,ambiguous,有形文化財(歴史資料),,,no_explicit_designation_level
municipal_source,荒川区,文化財一覧,131181100112,https://www.city.arakawa.tokyo.jp/documents/23112/131181_cultural_property.csv,13Tokyo/raw/municipal/13118/data.csv,板碑二基(応安元年十一月□日銘他),,,,個人蔵,,荒川区,13118,有形文化財(歴史資料),歴史資料,ambiguous,,35.743035,139.766418,point,representative_point,ambiguous,有形文化財(歴史資料),,,no_explicit_designation_level
municipal_source,荒川区,文化財一覧,131181100113,https://www.city.arakawa.tokyo.jp/documents/23112/131181_cultural_property.csv,13Tokyo/raw/municipal/13118/data.csv,宝篋印塔(元禄十六年六月二十六日銘),,,,養福寺,,荒川区,13118,有形文化財(歴史資料),歴史資料,ambiguous,,35.729469,139.76833,point,representative_point,ambiguous,有形文化財(歴史資料),,,no_explicit_designation_level
municipal_source,荒川区,文化財一覧,131181100114,https://www.city.arakawa.tokyo.jp/documents/23112/131181_cultural_property.csv,13Tokyo/raw/municipal/13118/data.csv,板碑一基(年未詳),,,,荒川区教育委員会,,荒川区,13118,有形文化財(歴史資料),歴史資料,ambiguous,,35.737426,139.79541,point,representative_point,ambiguous,有形文化財(歴史資料),,,no_explicit_designation_level
municipal_source,荒川区,文化財一覧,131181100115,https://www.city.arakawa.tokyo.jp/documents/23112/131181_cultural_property.csv,13Tokyo/raw/municipal/13118/data.csv,宝篋印塔(元和七年八月十五日銘),,,,浄正寺,,荒川区,13118,有形文化財(歴史資料),歴史資料,ambiguous,,35.735371,139.779833,point,representative_point,ambiguous,有形文化財(歴史資料),,,no_explicit_designation_level
municipal_source,荒川区,文化財一覧,131181100116,https://www.city.arakawa.tokyo.jp/documents/23112/131181_cultural_property.csv,13Tokyo/raw/municipal/13118/data.csv,井上省三君碑,,,,荒川区教育委員会,,荒川区,13118,有形文化財(歴史資料),歴史資料,ambiguous,,35.74178,139.776505,point,representative_point,ambiguous,有形文化財(歴史資料),,,no_explicit_designation_level
municipal_source,荒川区,文化財一覧,131181100117,https://www.city.arakawa.tokyo.jp/documents/23112/131181_cultural_property.csv,13Tokyo/raw/municipal/13118/data.csv,板碑(貞治四年銘),,,,個人蔵,,荒川区,13118,有形文化財(歴史資料),歴史資料,ambiguous,,35.749765,139.781921,point,representative_point,ambiguous,有形文化財(歴史資料),,,no_explicit_designation_level
municipal_source,荒川区,文化財一覧,131181100118,https://www.city.arakawa.tokyo.jp/documents/23112/131181_cultural_property.csv,13Tokyo/raw/municipal/13118/data.csv,高島秋帆関係資料,,,,個人蔵,,荒川区,13118,有形文化財(歴史資料),歴史資料,ambiguous,,35.732741,139.791324,point,representative_point,ambiguous,有形文化財(歴史資料),,,no_explicit_designation_level
municipal_source,荒川区,文化財一覧,131181100119,https://www.city.arakawa.tokyo.jp/documents/23112/131181_cultural_property.csv,13Tokyo/raw/municipal/13118/data.csv,法界寺近世墓塔群,,,,法界寺,,荒川区,13118,有形文化財(歴史資料),歴史資料,ambiguous,,35.735804,139.779798,point,representative_point,ambiguous,有形文化財(歴史資料),,,no_explicit_designation_level
municipal_source,荒川区,文化財一覧,131181100120,https://www.city.arakawa.tokyo.jp/documents/23112/131181_cultural_property.csv,13Tokyo/raw/municipal/13118/data.csv,皆川号外コレクション,,,,荒川区教育委員会,,荒川区,13118,有形文化財(歴史資料),歴史資料,ambiguous,,35.737426,139.79541,point,representative_point,ambiguous,有形文化財(歴史資料),,,no_explicit_designation_level
municipal_source,荒川区,文化財一覧,131181100121,https://www.city.arakawa.tokyo.jp/documents/23112/131181_cultural_property.csv,13Tokyo/raw/municipal/13118/data.csv,宝篋印塔残欠(応永二十八年「鏡圓禅門」銘),,,,個人蔵,,荒川区,13118,有形文化財(歴史資料),歴史資料,ambiguous,,35.732741,139.791324,point,representative_point,ambiguous,有形文化財(歴史資料),,,no_explicit_designation_level
municipal_source,荒川区,文化財一覧,131181100122,https://www.city.arakawa.tokyo.jp/documents/23112/131181_cultural_property.csv,13Tokyo/raw/municipal/13118/data.csv,神翁寺関係資料,,,,個人蔵,,荒川区,13118,有形文化財(歴史資料),歴史資料,ambiguous,,35.732741,139.791324,point,representative_point,ambiguous,有形文化財(歴史資料),,,no_explicit_designation_level
municipal_source,荒川区,文化財一覧,131181100123,https://www.city.arakawa.tokyo.jp/documents/23112/131181_cultural_property.csv,13Tokyo/raw/municipal/13118/data.csv,日枝神社棟札,,,,素盞雄神社,,荒川区,13118,有形文化財(歴史資料),歴史資料,ambiguous,,35.737426,139.79541,point,representative_point,ambiguous,有形文化財(歴史資料),,,no_explicit_designation_level
municipal_source,荒川区,文化財一覧,131181100124,https://www.city.arakawa.tokyo.jp/documents/23112/131181_cultural_property.csv,13Tokyo/raw/municipal/13118/data.csv,物見塚記版木,,,,本行寺,,荒川区,13118,有形文化財(歴史資料),歴史資料,ambiguous,,35.728056,139.76949,point,representative_point,ambiguous,有形文化財(歴史資料),,,no_explicit_designation_level
municipal_source,荒川区,文化財一覧,131181100125,https://www.city.arakawa.tokyo.jp/documents/23112/131181_cultural_property.csv,13Tokyo/raw/municipal/13118/data.csv,富士講関係石造物群,,,,石浜神社,,荒川区,13118,有形文化財(歴史資料),歴史資料,ambiguous,,35.729044,139.808171,point,representative_point,ambiguous,有形文化財(歴史資料),,,no_explicit_designation_level
municipal_source,荒川区,文化財一覧,131181100126,https://www.city.arakawa.tokyo.jp/documents/23112/131181_cultural_property.csv,13Tokyo/raw/municipal/13118/data.csv,千住製絨所絵馬,,,,荒川区教育委員会,,荒川区,13118,有形文化財(歴史資料),歴史資料,ambiguous,,35.737426,139.79541,point,representative_point,ambiguous,有形文化財(歴史資料),,,no_explicit_designation_level
municipal_source,荒川区,文化財一覧,131181100127,https://www.city.arakawa.tokyo.jp/documents/23112/131181_cultural_property.csv,13Tokyo/raw/municipal/13118/data.csv,熊野神社棟札二点(貞享元年銘・天保十三年銘),,,,素盞雄神社,,荒川区,13118,有形文化財(歴史資料),歴史資料,ambiguous,,35.737426,139.79541,point,representative_point,ambiguous,有形文化財(歴史資料),,,no_explicit_designation_level
municipal_source,荒川区,文化財一覧,131181100070,https://www.city.arakawa.tokyo.jp/documents/23112/131181_cultural_property.csv,13Tokyo/raw/municipal/13118/data.csv,橋本左内の墓,,,,,,荒川区,13118,有形文化財(歴史資料),歴史資料,ambiguous,,35.732209,139.797786,point,representative_point,ambiguous,有形文化財(歴史資料),,,no_explicit_designation_level
municipal_source,荒川区,文化財一覧,131181100128,https://www.city.arakawa.tokyo.jp/documents/23112/131181_cultural_property.csv,13Tokyo/raw/municipal/13118/data.csv,橋本左内の墓旧套堂,,,,荒川区教育委員会,,荒川区,13118,有形文化財(歴史資料),歴史資料,ambiguous,,35.737426,139.79541,point,representative_point,ambiguous,有形文化財(歴史資料),,,no_explicit_designation_level
municipal_source,荒川区,文化財一覧,131181100129,https://www.city.arakawa.tokyo.jp/documents/23112/131181_cultural_property.csv,13Tokyo/raw/municipal/13118/data.csv,三十番神像版木(寛政十三年四月大吉辰銘),,,,修性院,,荒川区,13118,有形文化財(歴史資料),歴史資料,ambiguous,,35.730164,139.766107,point,representative_point,ambiguous,有形文化財(歴史資料),,,no_explicit_designation_level
municipal_source,荒川区,文化財一覧,131181100130,https://www.city.arakawa.tokyo.jp/documents/23112/131181_cultural_property.csv,13Tokyo/raw/municipal/13118/data.csv,飯塚家資料,,,,個人蔵,,荒川区,13118,有形文化財(歴史資料),歴史資料,ambiguous,,35.732741,139.791324,point,representative_point,ambiguous,有形文化財(歴史資料),,,no_explicit_designation_level
municipal_source,荒川区,文化財一覧,131181100131,https://www.city.arakawa.tokyo.jp/documents/23112/131181_cultural_property.csv,13Tokyo/raw/municipal/13118/data.csv,石造燈籠一対(文化十四年四月銘),,,,素盞雄神社,,荒川区,13118,有形文化財(歴史資料),歴史資料,ambiguous,,35.737158,139.79608,point,representative_point,ambiguous,有形文化財(歴史資料),,,no_explicit_designation_level
municipal_source,荒川区,文化財一覧,131181100132,https://www.city.arakawa.tokyo.jp/documents/23112/131181_cultural_property.csv,13Tokyo/raw/municipal/13118/data.csv,旧千住製絨所煉瓦塀,,,,荒川区教育委員会,,荒川区,13118,有形文化財(歴史資料),歴史資料,ambiguous,,35.73694,139.793304,point,representative_point,ambiguous,有形文化財(歴史資料),,,no_explicit_designation_level
municipal_source,荒川区,文化財一覧,131181100133,https://www.city.arakawa.tokyo.jp/documents/23112/131181_cultural_property.csv,13Tokyo/raw/municipal/13118/data.csv,彰義隊関係追悼碑群,,,,円通寺,,荒川区,13118,有形文化財(歴史資料),歴史資料,ambiguous,,35.734047,139.792986,point,representative_point,ambiguous,有形文化財(歴史資料),,,no_explicit_designation_level
municipal_source,荒川区,文化財一覧,131181100134,https://www.city.arakawa.tokyo.jp/documents/23112/131181_cultural_property.csv,13Tokyo/raw/municipal/13118/data.csv,日慶寺鬼子母神像,,,,日慶寺,,荒川区,13118,有形文化財(歴史資料),歴史資料,ambiguous,,35.736825,139.797919,point,representative_point,ambiguous,有形文化財(歴史資料),,,no_explicit_designation_level
municipal_source,荒川区,文化財一覧,131181100135,https://www.city.arakawa.tokyo.jp/documents/23112/131181_cultural_property.csv,13Tokyo/raw/municipal/13118/data.csv,題目塔(元禄十一年二月中浣五日銘),,,,延命寺,,荒川区,13118,有形文化財(歴史資料),歴史資料,ambiguous,,35.731672,139.797964,point,representative_point,ambiguous,有形文化財(歴史資料),,,no_explicit_designation_level
municipal_source,荒川区,文化財一覧,131181100136,https://www.city.arakawa.tokyo.jp/documents/23112/131181_cultural_property.csv,13Tokyo/raw/municipal/13118/data.csv,皆川氷業史関係コレクション,,,,個人蔵,,荒川区,13118,有形文化財(歴史資料),歴史資料,ambiguous,,35.732741,139.791324,point,representative_point,ambiguous,有形文化財(歴史資料),,,no_explicit_designation_level
municipal_source,荒川区,文化財一覧,131181100137,https://www.city.arakawa.tokyo.jp/documents/23112/131181_cultural_property.csv,13Tokyo/raw/municipal/13118/data.csv,武蔵国豊島郡新堀邨諏訪神社記碑,,,,諏方神社,,荒川区,13118,有形文化財(歴史資料),歴史資料,ambiguous,,35.730864,139.767072,point,representative_point,ambiguous,有形文化財(歴史資料),,,no_explicit_designation_level
municipal_source,荒川区,文化財一覧,131181100138,https://www.city.arakawa.tokyo.jp/documents/23112/131181_cultural_property.csv,13Tokyo/raw/municipal/13118/data.csv,法華曼荼羅三界万霊塔(寛文十一年二月中旬六日銘),,,,真養寺,,荒川区,13118,有形文化財(歴史資料),歴史資料,ambiguous,,35.736413,139.795986,point,representative_point,ambiguous,有形文化財(歴史資料),,,no_explicit_designation_level
municipal_source,荒川区,文化財一覧,131181100139,https://www.city.arakawa.tokyo.jp/documents/23112/131181_cultural_property.csv,13Tokyo/raw/municipal/13118/data.csv,梅花仏鑑塔,,,,養福寺,,荒川区,13118,有形文化財(歴史資料),歴史資料,ambiguous,,35.729469,139.76833,point,representative_point,ambiguous,有形文化財(歴史資料),,,no_explicit_designation_level
municipal_source,荒川区,文化財一覧,131181100140,https://www.city.arakawa.tokyo.jp/documents/23112/131181_cultural_property.csv,13Tokyo/raw/municipal/13118/data.csv,杉野中尉殉難遺蹟の碑,,,,荒川区,,荒川区,13118,有形文化財(歴史資料),歴史資料,ambiguous,,35.747046,139.769043,point,representative_point,ambiguous,有形文化財(歴史資料),,,no_explicit_designation_level
municipal_source,荒川区,文化財一覧,131181100141,https://www.city.arakawa.tokyo.jp/documents/23112/131181_cultural_property.csv,13Tokyo/raw/municipal/13118/data.csv,経王寺法華経御鬮関連資料,,,,経王寺,,荒川区,13118,有形文化財(歴史資料),歴史資料,ambiguous,,35.728053,139.768748,point,representative_point,ambiguous,有形文化財(歴史資料),,,no_explicit_designation_level
municipal_source,荒川区,文化財一覧,131181100142,https://www.city.arakawa.tokyo.jp/documents/23112/131181_cultural_property.csv,13Tokyo/raw/municipal/13118/data.csv,日枝神社棟札(嘉永六年六月吉祥日銘),,,,素盞雄神社,,荒川区,13118,有形文化財(歴史資料),歴史資料,ambiguous,,35.737158,139.79608,point,representative_point,ambiguous,有形文化財(歴史資料),,,no_explicit_designation_level
municipal_source,荒川区,文化財一覧,131181100143,https://www.city.arakawa.tokyo.jp/documents/23112/131181_cultural_property.csv,13Tokyo/raw/municipal/13118/data.csv,妍斎落歯塚の碑(寛政九年十月銘),,,,養福寺,,荒川区,13118,有形文化財(歴史資料),歴史資料,ambiguous,,35.729469,139.76833,point,representative_point,ambiguous,有形文化財(歴史資料),,,no_explicit_designation_level
municipal_source,荒川区,文化財一覧,131181100269,https://www.city.arakawa.tokyo.jp/documents/23112/131181_cultural_property.csv,13Tokyo/raw/municipal/13118/data.csv,出羽三山供養塔(文政十年丁亥歳四月銘),,,,素盞雄神社,,荒川区,13118,有形文化財(歴史資料),歴史資料,ambiguous,,35.737158,139.79608,point,representative_point,ambiguous,有形文化財(歴史資料),,,no_explicit_designation_level
municipal_source,荒川区,文化財一覧,131181100144,https://www.city.arakawa.tokyo.jp/documents/23112/131181_cultural_property.csv,13Tokyo/raw/municipal/13118/data.csv,裁鋏,,,,石塚昭一郎(長太郎),,荒川区,13118,無形文化財(工芸技術),美術工芸品,ambiguous,,,,movable,representative_point,ambiguous,無形文化財(工芸技術),,,no_explicit_designation_level
municipal_source,荒川区,文化財一覧,131181100145,https://www.city.arakawa.tokyo.jp/documents/23112/131181_cultural_property.csv,13Tokyo/raw/municipal/13118/data.csv,桐たんす,,,,町田金三郎,,荒川区,13118,無形文化財(工芸技術),美術工芸品,ambiguous,,,,movable,representative_point,ambiguous,無形文化財(工芸技術),,,no_explicit_designation_level
municipal_source,荒川区,文化財一覧,131181100146,https://www.city.arakawa.tokyo.jp/documents/23112/131181_cultural_property.csv,13Tokyo/raw/municipal/13118/data.csv,和竿,,,,中根喜三郎(竿忠),,荒川区,13118,無形文化財(工芸技術),美術工芸品,ambiguous,,,,movable,representative_point,ambiguous,無形文化財(工芸技術),,,no_explicit_designation_level
municipal_source,荒川区,文化財一覧,131181100147,https://www.city.arakawa.tokyo.jp/documents/23112/131181_cultural_property.csv,13Tokyo/raw/municipal/13118/data.csv,唐木細工,,,,吉田吉勝,,荒川区,13118,無形文化財(工芸技術),美術工芸品,ambiguous,,,,movable,representative_point,ambiguous,無形文化財(工芸技術),,,no_explicit_designation_level
municipal_source,荒川区,文化財一覧,131181100149,https://www.city.arakawa.tokyo.jp/documents/23112/131181_cultural_property.csv,13Tokyo/raw/municipal/13118/data.csv,衣裳着人形,,,,竹中重男(幸甫),,荒川区,13118,無形文化財(工芸技術),美術工芸品,ambiguous,,,,movable,representative_point,ambiguous,無形文化財(工芸技術),,,no_explicit_designation_level
municipal_source,荒川区,文化財一覧,131181100151,https://www.city.arakawa.tokyo.jp/documents/23112/131181_cultural_property.csv,13Tokyo/raw/municipal/13118/data.csv,木版画摺,,,,松崎啓三郎,,荒川区,13118,無形文化財(工芸技術),美術工芸品,ambiguous,,,,movable,representative_point,ambiguous,無形文化財(工芸技術),,,no_explicit_designation_level
municipal_source,荒川区,文化財一覧,131181100152,https://www.city.arakawa.tokyo.jp/documents/23112/131181_cultural_property.csv,13Tokyo/raw/municipal/13118/data.csv,金切鋏,,,,田中清介(茂盛光),,荒川区,13118,無形文化財(工芸技術),美術工芸品,ambiguous,,,,movable,representative_point,ambiguous,無形文化財(工芸技術),,,no_explicit_designation_level
municipal_source,荒川区,文化財一覧,131181100153,https://www.city.arakawa.tokyo.jp/documents/23112/131181_cultural_property.csv,13Tokyo/raw/municipal/13118/data.csv,指物,,,,井上喜夫,,荒川区,13118,無形文化財(工芸技術),美術工芸品,ambiguous,,,,movable,representative_point,ambiguous,無形文化財(工芸技術),,,no_explicit_designation_level
municipal_source,荒川区,文化財一覧,131181100154,https://www.city.arakawa.tokyo.jp/documents/23112/131181_cultural_property.csv,13Tokyo/raw/municipal/13118/data.csv,金箔押,,,,竹澤光雄(光輝),,荒川区,13118,無形文化財(工芸技術),美術工芸品,ambiguous,,,,movable,representative_point,ambiguous,無形文化財(工芸技術),,,no_explicit_designation_level
municipal_source,荒川区,文化財一覧,131181100157,https://www.city.arakawa.tokyo.jp/documents/23112/131181_cultural_property.csv,13Tokyo/raw/municipal/13118/data.csv,鍛金,,,,菅原悦夫(友夫),,荒川区,13118,無形文化財(工芸技術),美術工芸品,ambiguous,,,,movable,representative_point,ambiguous,無形文化財(工芸技術),,,no_explicit_designation_level
municipal_source,荒川区,文化財一覧,131181100159,https://www.city.arakawa.tokyo.jp/documents/23112/131181_cultural_property.csv,13Tokyo/raw/municipal/13118/data.csv,つまみかんざし,,,,石田一郎,,荒川区,13118,無形文化財(工芸技術),美術工芸品,ambiguous,,,,movable,representative_point,ambiguous,無形文化財(工芸技術),,,no_explicit_designation_level
municipal_source,荒川区,文化財一覧,131181100160,https://www.city.arakawa.tokyo.jp/documents/23112/131181_cultural_property.csv,13Tokyo/raw/municipal/13118/data.csv,つまみかんざし,,,,戸村絹代,,荒川区,13118,無形文化財(工芸技術),美術工芸品,ambiguous,,,,movable,representative_point,ambiguous,無形文化財(工芸技術),,,no_explicit_designation_level
municipal_source,荒川区,文化財一覧,131181100161,https://www.city.arakawa.tokyo.jp/documents/23112/131181_cultural_property.csv,13Tokyo/raw/municipal/13118/data.csv,漆塗,,,,角光男,,荒川区,13118,無形文化財(工芸技術),美術工芸品,ambiguous,,,,movable,representative_point,ambiguous,無形文化財(工芸技術),,,no_explicit_designation_level
municipal_source,荒川区,文化財一覧,131181100162,https://www.city.arakawa.tokyo.jp/documents/23112/131181_cultural_property.csv,13Tokyo/raw/municipal/13118/data.csv,鍛金,,,,松本隆一,,荒川区,13118,無形文化財(工芸技術),美術工芸品,ambiguous,,,,movable,representative_point,ambiguous,無形文化財(工芸技術),,,no_explicit_designation_level
municipal_source,荒川区,文化財一覧,131181100164,https://www.city.arakawa.tokyo.jp/documents/23112/131181_cultural_property.csv,13Tokyo/raw/municipal/13118/data.csv,指物,,,,渡辺光,,荒川区,13118,無形文化財(工芸技術),美術工芸品,ambiguous,,,,movable,representative_point,ambiguous,無形文化財(工芸技術),,,no_explicit_designation_level
municipal_source,荒川区,文化財一覧,131181100165,https://www.city.arakawa.tokyo.jp/documents/23112/131181_cultural_property.csv,13Tokyo/raw/municipal/13118/data.csv,手描友禅,,,,井出英世,,荒川区,13118,無形文化財(工芸技術),美術工芸品,ambiguous,,,,movable,representative_point,ambiguous,無形文化財(工芸技術),,,no_explicit_designation_level
municipal_source,荒川区,文化財一覧,131181100166,https://www.city.arakawa.tokyo.jp/documents/23112/131181_cultural_property.csv,13Tokyo/raw/municipal/13118/data.csv,勘亭流文字・寄席文字・江戸文字,,,,中村泰士(荒井三鯉(勘亭流文字)橘右橋(寄席文字・江戸文字)),,荒川区,13118,無形文化財(工芸技術),美術工芸品,ambiguous,,,,movable,representative_point,ambiguous,無形文化財(工芸技術),,,no_explicit_designation_level
municipal_source,荒川区,文化財一覧,131181100167,https://www.city.arakawa.tokyo.jp/documents/23112/131181_cultural_property.csv,13Tokyo/raw/municipal/13118/data.csv,指物,,,,根本一徳,,荒川区,13118,無形文化財(工芸技術),美術工芸品,ambiguous,,,,movable,representative_point,ambiguous,無形文化財(工芸技術),,,no_explicit_designation_level
municipal_source,荒川区,文化財一覧,131181100168,https://www.city.arakawa.tokyo.jp/documents/23112/131181_cultural_property.csv,13Tokyo/raw/municipal/13118/data.csv,三味線,,,,加藤金治,,荒川区,13118,無形文化財(工芸技術),美術工芸品,ambiguous,,,,movable,representative_point,ambiguous,無形文化財(工芸技術),,,no_explicit_designation_level
municipal_source,荒川区,文化財一覧,131181100169,https://www.city.arakawa.tokyo.jp/documents/23112/131181_cultural_property.csv,13Tokyo/raw/municipal/13118/data.csv,木版画摺,,,,川瀬秀勝,,荒川区,13118,無形文化財(工芸技術),美術工芸品,ambiguous,,,,movable,representative_point,ambiguous,無形文化財(工芸技術),,,no_explicit_designation_level
municipal_source,荒川区,文化財一覧,131181100172,https://www.city.arakawa.tokyo.jp/documents/23112/131181_cultural_property.csv,13Tokyo/raw/municipal/13118/data.csv,衣裳着人形,,,,竹中温恵(鶴屋半兵衛),,荒川区,13118,無形文化財(工芸技術),美術工芸品,ambiguous,,,,movable,representative_point,ambiguous,無形文化財(工芸技術),,,no_explicit_designation_level
municipal_source,荒川区,文化財一覧,131181100173,https://www.city.arakawa.tokyo.jp/documents/23112/131181_cultural_property.csv,13Tokyo/raw/municipal/13118/data.csv,提灯文字・地口絵,,,,村田修一(瑞龍(地口絵)),,荒川区,13118,無形文化財(工芸技術),美術工芸品,ambiguous,,,,movable,representative_point,ambiguous,無形文化財(工芸技術),,,no_explicit_designation_level
municipal_source,荒川区,文化財一覧,131181100174,https://www.city.arakawa.tokyo.jp/documents/23112/131181_cultural_property.csv,13Tokyo/raw/municipal/13118/data.csv,鋳造,,,,大江隆之,,荒川区,13118,無形文化財(工芸技術),美術工芸品,ambiguous,,,,movable,representative_point,ambiguous,無形文化財(工芸技術),,,no_explicit_designation_level
municipal_source,荒川区,文化財一覧,131181100175,https://www.city.arakawa.tokyo.jp/documents/23112/131181_cultural_property.csv,13Tokyo/raw/municipal/13118/data.csv,桐たんす,,,,村井正孝,,荒川区,13118,無形文化財(工芸技術),美術工芸品,ambiguous,,,,movable,representative_point,ambiguous,無形文化財(工芸技術),,,no_explicit_designation_level
municipal_source,荒川区,文化財一覧,131181100176,https://www.city.arakawa.tokyo.jp/documents/23112/131181_cultural_property.csv,13Tokyo/raw/municipal/13118/data.csv,七宝,,,,畠山弘,,荒川区,13118,無形文化財(工芸技術),美術工芸品,ambiguous,,,,movable,representative_point,ambiguous,無形文化財(工芸技術),,,no_explicit_designation_level
municipal_source,荒川区,文化財一覧,131181100177,https://www.city.arakawa.tokyo.jp/documents/23112/131181_cultural_property.csv,13Tokyo/raw/municipal/13118/data.csv,花かご,,,,武関章(翠篁),,荒川区,13118,無形文化財(工芸技術),美術工芸品,ambiguous,,,,movable,representative_point,ambiguous,無形文化財(工芸技術),,,no_explicit_designation_level
municipal_source,荒川区,文化財一覧,131181100179,https://www.city.arakawa.tokyo.jp/documents/23112/131181_cultural_property.csv,13Tokyo/raw/municipal/13118/data.csv,木版画彫,,,,関岡裕介(扇令),,荒川区,13118,無形文化財(工芸技術),美術工芸品,ambiguous,,,,movable,representative_point,ambiguous,無形文化財(工芸技術),,,no_explicit_designation_level
municipal_source,荒川区,文化財一覧,131181100180,https://www.city.arakawa.tokyo.jp/documents/23112/131181_cultural_property.csv,13Tokyo/raw/municipal/13118/data.csv,桐たんす仕上げ,,,,村井泰雄,,荒川区,13118,無形文化財(工芸技術),美術工芸品,ambiguous,,,,movable,representative_point,ambiguous,無形文化財(工芸技術),,,no_explicit_designation_level
municipal_source,荒川区,文化財一覧,131181100181,https://www.city.arakawa.tokyo.jp/documents/23112/131181_cultural_property.csv,13Tokyo/raw/municipal/13118/data.csv,手描友禅,,,,笠原以津子,,荒川区,13118,無形文化財(工芸技術),美術工芸品,ambiguous,,,,movable,representative_point,ambiguous,無形文化財(工芸技術),,,no_explicit_designation_level
municipal_source,荒川区,文化財一覧,131181100182,https://www.city.arakawa.tokyo.jp/documents/23112/131181_cultural_property.csv,13Tokyo/raw/municipal/13118/data.csv,提灯文字,,,,前森宏之,,荒川区,13118,無形文化財(工芸技術),美術工芸品,ambiguous,,,,movable,representative_point,ambiguous,無形文化財(工芸技術),,,no_explicit_designation_level
municipal_source,荒川区,文化財一覧,131181100183,https://www.city.arakawa.tokyo.jp/documents/23112/131181_cultural_property.csv,13Tokyo/raw/municipal/13118/data.csv,表具,,,,田尻和久,,荒川区,13118,無形文化財(工芸技術),美術工芸品,ambiguous,,,,movable,representative_point,ambiguous,無形文化財(工芸技術),,,no_explicit_designation_level
municipal_source,荒川区,文化財一覧,131181100184,https://www.city.arakawa.tokyo.jp/documents/23112/131181_cultural_property.csv,13Tokyo/raw/municipal/13118/data.csv,鍛金,,,,長澤利久,,荒川区,13118,無形文化財(工芸技術),美術工芸品,ambiguous,,,,movable,representative_point,ambiguous,無形文化財(工芸技術),,,no_explicit_designation_level
municipal_source,荒川区,文化財一覧,131181100185,https://www.city.arakawa.tokyo.jp/documents/23112/131181_cultural_property.csv,13Tokyo/raw/municipal/13118/data.csv,木版画摺,,,,松崎浩繁,,荒川区,13118,無形文化財(工芸技術),美術工芸品,ambiguous,,,,movable,representative_point,ambiguous,無形文化財(工芸技術),,,no_explicit_designation_level
municipal_source,荒川区,文化財一覧,131181100186,https://www.city.arakawa.tokyo.jp/documents/23112/131181_cultural_property.csv,13Tokyo/raw/municipal/13118/data.csv,彫金,,,,田村尚子(北東尚呼),,荒川区,13118,無形文化財(工芸技術),美術工芸品,ambiguous,,,,movable,representative_point,ambiguous,無形文化財(工芸技術),,,no_explicit_designation_level
municipal_source,荒川区,文化財一覧,131181100187,https://www.city.arakawa.tokyo.jp/documents/23112/131181_cultural_property.csv,13Tokyo/raw/municipal/13118/data.csv,指物,,,,井上健志,,荒川区,13118,無形文化財(工芸技術),美術工芸品,ambiguous,,,,movable,representative_point,ambiguous,無形文化財(工芸技術),,,no_explicit_designation_level
municipal_source,荒川区,文化財一覧,131181100270,https://www.city.arakawa.tokyo.jp/documents/23112/131181_cultural_property.csv,13Tokyo/raw/municipal/13118/data.csv,提灯文字,,,,石井達也,,荒川区,13118,無形文化財(工芸技術),美術工芸品,ambiguous,,,,movable,representative_point,ambiguous,無形文化財(工芸技術),,,no_explicit_designation_level
municipal_source,荒川区,文化財一覧,131181100188,https://www.city.arakawa.tokyo.jp/documents/23112/131181_cultural_property.csv,13Tokyo/raw/municipal/13118/data.csv,庚申塔(寛永十五年十二月八日銘),,,,,,荒川区,13118,有形民俗文化財,有形民俗文化財,ambiguous,,35.753311,139.775849,point,representative_point,ambiguous,有形民俗文化財,,,no_explicit_designation_level
municipal_source,荒川区,文化財一覧,131181100189,https://www.city.arakawa.tokyo.jp/documents/23112/131181_cultural_property.csv,13Tokyo/raw/municipal/13118/data.csv,阿弥陀三尊来迎図像庚申塔(正保四年二月吉日銘),,,,稲荷神社,,荒川区,13118,有形民俗文化財,有形民俗文化財,ambiguous,,35.743888,139.780065,point,representative_point,ambiguous,有形民俗文化財,,,no_explicit_designation_level
municipal_source,荒川区,文化財一覧,131181100190,https://www.city.arakawa.tokyo.jp/documents/23112/131181_cultural_property.csv,13Tokyo/raw/municipal/13118/data.csv,庚申塔群七基(寛文十年八月十五日銘他),,,,浄光寺,,荒川区,13118,有形民俗文化財,有形民俗文化財,ambiguous,,35.730304,139.767583,point,representative_point,ambiguous,有形民俗文化財,,,no_explicit_designation_level
municipal_source,荒川区,文化財一覧,131181100191,https://www.city.arakawa.tokyo.jp/documents/23112/131181_cultural_property.csv,13Tokyo/raw/municipal/13118/data.csv,念仏講用具,,,,阿遮院,,荒川区,13118,有形民俗文化財,有形民俗文化財,ambiguous,,35.744767,139.773499,point,representative_point,ambiguous,有形民俗文化財,,,no_explicit_designation_level
municipal_source,荒川区,文化財一覧,131181100192,https://www.city.arakawa.tokyo.jp/documents/23112/131181_cultural_property.csv,13Tokyo/raw/municipal/13118/data.csv,うすさま明王石像,,,,正覚寺,,荒川区,13118,有形民俗文化財,有形民俗文化財,ambiguous,,35.732798,139.769704,point,representative_point,ambiguous,有形民俗文化財,,,no_explicit_designation_level
municipal_source,荒川区,文化財一覧,131181100193,https://www.city.arakawa.tokyo.jp/documents/23112/131181_cultural_property.csv,13Tokyo/raw/municipal/13118/data.csv,地蔵堀の石地蔵,,,,,,荒川区,13118,有形民俗文化財,有形民俗文化財,ambiguous,,35.734523,139.784534,point,representative_point,ambiguous,有形民俗文化財,,,no_explicit_designation_level
municipal_source,荒川区,文化財一覧,131181100194,https://www.city.arakawa.tokyo.jp/documents/23112/131181_cultural_property.csv,13Tokyo/raw/municipal/13118/data.csv,袈裟塚の耳無不動,,,,,,荒川区,13118,有形民俗文化財,有形民俗文化財,ambiguous,,35.734586,139.782193,point,representative_point,ambiguous,有形民俗文化財,,,no_explicit_designation_level
municipal_source,荒川区,文化財一覧,131181100195,https://www.city.arakawa.tokyo.jp/documents/23112/131181_cultural_property.csv,13Tokyo/raw/municipal/13118/data.csv,木造布袋尊像,,,,修性院,,荒川区,13118,有形民俗文化財,有形民俗文化財,ambiguous,,35.730164,139.766107,point,representative_point,ambiguous,有形民俗文化財,,,no_explicit_designation_level
municipal_source,荒川区,文化財一覧,131181100196,https://www.city.arakawa.tokyo.jp/documents/23112/131181_cultural_property.csv,13Tokyo/raw/municipal/13118/data.csv,庚申塔二基(寛文十年銘他),,,,宝蔵院,,荒川区,13118,有形民俗文化財,有形民俗文化財,ambiguous,,35.749992,139.763708,point,representative_point,ambiguous,有形民俗文化財,,,no_explicit_designation_level
municipal_source,荒川区,文化財一覧,131181100197,https://www.city.arakawa.tokyo.jp/documents/23112/131181_cultural_property.csv,13Tokyo/raw/municipal/13118/data.csv,庚申塔(寛文八年九月吉日銘),,,,荒川区教育委員会,,荒川区,13118,有形民俗文化財,有形民俗文化財,ambiguous,,35.74665,139.783748,point,representative_point,ambiguous,有形民俗文化財,,,no_explicit_designation_level
municipal_source,荒川区,文化財一覧,131181100198,https://www.city.arakawa.tokyo.jp/documents/23112/131181_cultural_property.csv,13Tokyo/raw/municipal/13118/data.csv,庚申塔(延宝四年十月十一日銘),,,,誓願寺,,荒川区,13118,有形民俗文化財,有形民俗文化財,ambiguous,,35.738174,139.796501,point,representative_point,ambiguous,有形民俗文化財,,,no_explicit_designation_level
municipal_source,荒川区,文化財一覧,131181100199,https://www.city.arakawa.tokyo.jp/documents/23112/131181_cultural_property.csv,13Tokyo/raw/municipal/13118/data.csv,庚申塔(享保十年五月吉良日銘),,,,誓願寺,,荒川区,13118,有形民俗文化財,有形民俗文化財,ambiguous,,35.738174,139.796501,point,representative_point,ambiguous,有形民俗文化財,,,no_explicit_designation_level
municipal_source,荒川区,文化財一覧,131181100200,https://www.city.arakawa.tokyo.jp/documents/23112/131181_cultural_property.csv,13Tokyo/raw/municipal/13118/data.csv,庚申塔(寛文九年十月十二日銘),,,,,,荒川区,13118,有形民俗文化財,有形民俗文化財,ambiguous,,35.738279,139.799521,point,representative_point,ambiguous,有形民俗文化財,,,no_explicit_designation_level
municipal_source,荒川区,文化財一覧,131181100201,https://www.city.arakawa.tokyo.jp/documents/23112/131181_cultural_property.csv,13Tokyo/raw/municipal/13118/data.csv,庚申塔群三基(慶安五年「本地青面金剛待」銘他),,,,,,荒川区,13118,有形民俗文化財,有形民俗文化財,ambiguous,,35.734586,139.782193,point,representative_point,ambiguous,有形民俗文化財,,,no_explicit_designation_level
municipal_source,荒川区,文化財一覧,131181100202,https://www.city.arakawa.tokyo.jp/documents/23112/131181_cultural_property.csv,13Tokyo/raw/municipal/13118/data.csv,木造大黒天像,,,,経王寺,,荒川区,13118,有形民俗文化財,有形民俗文化財,ambiguous,,35.728053,139.768748,point,representative_point,ambiguous,有形民俗文化財,,,no_explicit_designation_level
municipal_source,荒川区,文化財一覧,131181100203,https://www.city.arakawa.tokyo.jp/documents/23112/131181_cultural_property.csv,13Tokyo/raw/municipal/13118/data.csv,庚申塔群(庚申塔四基を含む石造物十基),,,,,,荒川区,13118,有形民俗文化財,有形民俗文化財,ambiguous,,35.737785,139.777722,point,representative_point,ambiguous,有形民俗文化財,,,no_explicit_designation_level
municipal_source,荒川区,文化財一覧,131181100204,https://www.city.arakawa.tokyo.jp/documents/23112/131181_cultural_property.csv,13Tokyo/raw/municipal/13118/data.csv,庚申待供養碑(寛文六年十月十三日銘),,,,浄正寺,,荒川区,13118,有形民俗文化財,有形民俗文化財,ambiguous,,35.735371,139.779833,point,representative_point,ambiguous,有形民俗文化財,,,no_explicit_designation_level
municipal_source,荒川区,文化財一覧,131181100205,https://www.city.arakawa.tokyo.jp/documents/23112/131181_cultural_property.csv,13Tokyo/raw/municipal/13118/data.csv,江戸西国二十七番札所碑,,,,養福寺,,荒川区,13118,有形民俗文化財,有形民俗文化財,ambiguous,,35.729469,139.76833,point,representative_point,ambiguous,有形民俗文化財,,,no_explicit_designation_level
municipal_source,荒川区,文化財一覧,131181100206,https://www.city.arakawa.tokyo.jp/documents/23112/131181_cultural_property.csv,13Tokyo/raw/municipal/13118/data.csv,庚申塔群(寛文十三年二月八日銘他),,,,素盞雄神社,,荒川区,13118,有形民俗文化財,有形民俗文化財,ambiguous,,35.737158,139.79608,point,representative_point,ambiguous,有形民俗文化財,,,no_explicit_designation_level
municipal_source,荒川区,文化財一覧,131181100207,https://www.city.arakawa.tokyo.jp/documents/23112/131181_cultural_property.csv,13Tokyo/raw/municipal/13118/data.csv,庚申塔(延宝八年十一月五日銘),,,,啓運寺,,荒川区,13118,有形民俗文化財,有形民俗文化財,ambiguous,,35.728767,139.768067,point,representative_point,ambiguous,有形民俗文化財,,,no_explicit_designation_level
municipal_source,荒川区,文化財一覧,131181100208,https://www.city.arakawa.tokyo.jp/documents/23112/131181_cultural_property.csv,13Tokyo/raw/municipal/13118/data.csv,成田講用具,,,,荒川区教育委員会,,荒川区,13118,有形民俗文化財,有形民俗文化財,ambiguous,,35.737426,139.79541,point,representative_point,ambiguous,有形民俗文化財,,,no_explicit_designation_level
municipal_source,荒川区,文化財一覧,131181100209,https://www.city.arakawa.tokyo.jp/documents/23112/131181_cultural_property.csv,13Tokyo/raw/municipal/13118/data.csv,日待供養碑(寛文九年十一月十六日銘他),,,,,,荒川区,13118,有形民俗文化財,有形民俗文化財,ambiguous,,35.751991,139.757961,point,representative_point,ambiguous,有形民俗文化財,,,no_explicit_designation_level
municipal_source,荒川区,文化財一覧,131181100210,https://www.city.arakawa.tokyo.jp/documents/23112/131181_cultural_property.csv,13Tokyo/raw/municipal/13118/data.csv,庚申塔(正徳三年十一月十六日銘他),,,,大林院,,荒川区,13118,有形民俗文化財,有形民俗文化財,ambiguous,,35.751273,139.764637,point,representative_point,ambiguous,有形民俗文化財,,,no_explicit_designation_level
municipal_source,荒川区,文化財一覧,131181100211,https://www.city.arakawa.tokyo.jp/documents/23112/131181_cultural_property.csv,13Tokyo/raw/municipal/13118/data.csv,庚申塔(元禄十一年十一月吉祥日銘),,,,,,荒川区,13118,有形民俗文化財,有形民俗文化財,ambiguous,,35.748405,139.774261,point,representative_point,ambiguous,有形民俗文化財,,,no_explicit_designation_level
municipal_source,荒川区,文化財一覧,131181100212,https://www.city.arakawa.tokyo.jp/documents/23112/131181_cultural_property.csv,13Tokyo/raw/municipal/13118/data.csv,光明真言三百六十万遍供養塔,,,,阿遮院,,荒川区,13118,有形民俗文化財,有形民俗文化財,ambiguous,,35.744767,139.773499,point,representative_point,ambiguous,有形民俗文化財,,,no_explicit_designation_level
municipal_source,荒川区,文化財一覧,131181100213,https://www.city.arakawa.tokyo.jp/documents/23112/131181_cultural_property.csv,13Tokyo/raw/municipal/13118/data.csv,六地蔵(元禄十五年霜月二十四日銘他),,,,華蔵院,,荒川区,13118,有形民俗文化財,有形民俗文化財,ambiguous,,35.750668,139.767178,point,representative_point,ambiguous,有形民俗文化財,,,no_explicit_designation_level
municipal_source,荒川区,文化財一覧,131181100214,https://www.city.arakawa.tokyo.jp/documents/23112/131181_cultural_property.csv,13Tokyo/raw/municipal/13118/data.csv,庚申塔三基(貞享三年五月吉祥日銘他),,,,石浜神社,,荒川区,13118,有形民俗文化財,有形民俗文化財,ambiguous,,35.729044,139.808171,point,representative_point,ambiguous,有形民俗文化財,,,no_explicit_designation_level
municipal_source,荒川区,文化財一覧,131181100215,https://www.city.arakawa.tokyo.jp/documents/23112/131181_cultural_property.csv,13Tokyo/raw/municipal/13118/data.csv,庚申塔二基(承応三年二月八日銘他),,,,満光寺,,荒川区,13118,有形民俗文化財,有形民俗文化財,ambiguous,,35.74436,139.775,point,representative_point,ambiguous,有形民俗文化財,,,no_explicit_designation_level
municipal_source,荒川区,文化財一覧,131181100216,https://www.city.arakawa.tokyo.jp/documents/23112/131181_cultural_property.csv,13Tokyo/raw/municipal/13118/data.csv,庚申塔二基(元禄十二年十月吉日銘他),,,,諏方神社,,荒川区,13118,有形民俗文化財,有形民俗文化財,ambiguous,,35.730864,139.767072,point,representative_point,ambiguous,有形民俗文化財,,,no_explicit_designation_level
municipal_source,荒川区,文化財一覧,131181100217,https://www.city.arakawa.tokyo.jp/documents/23112/131181_cultural_property.csv,13Tokyo/raw/municipal/13118/data.csv,六地蔵(元禄十六年二月十五日銘他),,,,浄光寺,,荒川区,13118,有形民俗文化財,有形民俗文化財,ambiguous,,35.730304,139.767583,point,representative_point,ambiguous,有形民俗文化財,,,no_explicit_designation_level
municipal_source,荒川区,文化財一覧,131181100218,https://www.city.arakawa.tokyo.jp/documents/23112/131181_cultural_property.csv,13Tokyo/raw/municipal/13118/data.csv,庚申塔(元禄十五年□月八日銘他),,,,養福寺,,荒川区,13118,有形民俗文化財,有形民俗文化財,ambiguous,,35.729469,139.76833,point,representative_point,ambiguous,有形民俗文化財,,,no_explicit_designation_level
municipal_source,荒川区,文化財一覧,131181100219,https://www.city.arakawa.tokyo.jp/documents/23112/131181_cultural_property.csv,13Tokyo/raw/municipal/13118/data.csv,和蝋燭屋看板二点,,,,個人蔵,,荒川区,13118,有形民俗文化財,有形民俗文化財,ambiguous,,35.737426,139.79541,point,representative_point,ambiguous,有形民俗文化財,,,no_explicit_designation_level
municipal_source,荒川区,文化財一覧,131181100220,https://www.city.arakawa.tokyo.jp/documents/23112/131181_cultural_property.csv,13Tokyo/raw/municipal/13118/data.csv,庚申塔一基(宝永三年十一月十八日銘),,,,円通寺,,荒川区,13118,有形民俗文化財,有形民俗文化財,ambiguous,,35.734047,139.792986,point,representative_point,ambiguous,有形民俗文化財,,,no_explicit_designation_level
municipal_source,荒川区,文化財一覧,131181100221,https://www.city.arakawa.tokyo.jp/documents/23112/131181_cultural_property.csv,13Tokyo/raw/municipal/13118/data.csv,庚申塔一基(享保九年十一月二十日銘),,,,華蔵院,,荒川区,13118,有形民俗文化財,有形民俗文化財,ambiguous,,35.752317,139.766801,point,representative_point,ambiguous,有形民俗文化財,,,no_explicit_designation_level
municipal_source,荒川区,文化財一覧,131181100222,https://www.city.arakawa.tokyo.jp/documents/23112/131181_cultural_property.csv,13Tokyo/raw/municipal/13118/data.csv,胡粉袋版木,,,,個人蔵,,荒川区,13118,有形民俗文化財,有形民俗文化財,ambiguous,,35.732741,139.791324,point,representative_point,ambiguous,有形民俗文化財,,,no_explicit_designation_level
municipal_source,荒川区,文化財一覧,131181100223,https://www.city.arakawa.tokyo.jp/documents/23112/131181_cultural_property.csv,13Tokyo/raw/municipal/13118/data.csv,庚申塔二基(享保十三年銘及び年未詳「猿田彦太神」銘),,,,猿田彦神社,,荒川区,13118,有形民俗文化財,有形民俗文化財,ambiguous,,35.729338,139.782937,point,representative_point,ambiguous,有形民俗文化財,,,no_explicit_designation_level
municipal_source,荒川区,文化財一覧,131181100224,https://www.city.arakawa.tokyo.jp/documents/23112/131181_cultural_property.csv,13Tokyo/raw/municipal/13118/data.csv,三河島山車人形・熊坂長範,,,,荒川中央町会,,荒川区,13118,有形民俗文化財,有形民俗文化財,ambiguous,,35.733845,139.781795,point,representative_point,ambiguous,有形民俗文化財,,,no_explicit_designation_level
municipal_source,荒川区,文化財一覧,131181100225,https://www.city.arakawa.tokyo.jp/documents/23112/131181_cultural_property.csv,13Tokyo/raw/municipal/13118/data.csv,三河島山車人形・稲田姫,,,,三河島山車人形・稲田姫保存会(荒川四丁目西仲睦会・荒川文化会・大西町会・荒川宮地町会),,荒川区,13118,有形民俗文化財,有形民俗文化財,ambiguous,,35.733845,139.781795,point,representative_point,ambiguous,有形民俗文化財,,,no_explicit_designation_level
municipal_source,荒川区,文化財一覧,131181100226,https://www.city.arakawa.tokyo.jp/documents/23112/131181_cultural_property.csv,13Tokyo/raw/municipal/13118/data.csv,小児活生丸看板三点,,,,個人蔵,,荒川区,13118,有形民俗文化財,有形民俗文化財,ambiguous,,35.737426,139.79541,point,representative_point,ambiguous,有形民俗文化財,,,no_explicit_designation_level
municipal_source,荒川区,文化財一覧,131181100227,https://www.city.arakawa.tokyo.jp/documents/23112/131181_cultural_property.csv,13Tokyo/raw/municipal/13118/data.csv,獅子頭一対(文政九年六月吉日銘),,,,通新町睦,,荒川区,13118,有形民俗文化財,有形民俗文化財,ambiguous,,35.732741,139.791324,point,representative_point,ambiguous,有形民俗文化財,,,no_explicit_designation_level
municipal_source,荒川区,文化財一覧,131181100228,https://www.city.arakawa.tokyo.jp/documents/23112/131181_cultural_property.csv,13Tokyo/raw/municipal/13118/data.csv,山富講下谷講社富士講用具,,,,通新町睦,,荒川区,13118,有形民俗文化財,有形民俗文化財,ambiguous,,35.732741,139.791324,point,representative_point,ambiguous,有形民俗文化財,,,no_explicit_designation_level
municipal_source,荒川区,文化財一覧,131181100229,https://www.city.arakawa.tokyo.jp/documents/23112/131181_cultural_property.csv,13Tokyo/raw/municipal/13118/data.csv,丸生講尾久講社富士講用具,,,,荒川区教育委員会,,荒川区,13118,有形民俗文化財,有形民俗文化財,ambiguous,,35.737426,139.79541,point,representative_point,ambiguous,有形民俗文化財,,,no_explicit_designation_level
municipal_source,荒川区,文化財一覧,131181100230,https://www.city.arakawa.tokyo.jp/documents/23112/131181_cultural_property.csv,13Tokyo/raw/municipal/13118/data.csv,木造大黒天像・恵比寿像,,,,素盞雄神社,,荒川区,13118,有形民俗文化財,有形民俗文化財,ambiguous,,35.737158,139.79608,point,representative_point,ambiguous,有形民俗文化財,,,no_explicit_designation_level
municipal_source,荒川区,文化財一覧,131181100231,https://www.city.arakawa.tokyo.jp/documents/23112/131181_cultural_property.csv,13Tokyo/raw/municipal/13118/data.csv,日暮里山車人形・鎮西八郎源為朝,,,,諏方神社,,荒川区,13118,有形民俗文化財,有形民俗文化財,ambiguous,,35.730864,139.767072,point,representative_point,ambiguous,有形民俗文化財,,,no_explicit_designation_level
municipal_source,荒川区,文化財一覧,131181100232,https://www.city.arakawa.tokyo.jp/documents/23112/131181_cultural_property.csv,13Tokyo/raw/municipal/13118/data.csv,三河島山車人形・熊坂長範組立技術,,,,荒川中央町会,,荒川区,13118,無形民俗文化財(風俗慣習),無形民俗文化財(風俗慣習),ambiguous,,35.736219,139.781527,point,representative_point,ambiguous,無形民俗文化財(風俗慣習),,,no_explicit_designation_level
municipal_source,荒川区,文化財一覧,131181100233,https://www.city.arakawa.tokyo.jp/documents/23112/131181_cultural_property.csv,13Tokyo/raw/municipal/13118/data.csv,三河島山車人形・稲田姫組立技術,,,,三河島山車人形・稲田姫保存会(荒川四丁目西仲睦会・荒川文化会・大西町会・荒川宮地町会),,荒川区,13118,無形民俗文化財(風俗慣習),無形民俗文化財(風俗慣習),ambiguous,,35.735712,139.77594,point,representative_point,ambiguous,無形民俗文化財(風俗慣習),,,no_explicit_designation_level
municipal_source,荒川区,文化財一覧,131181100234,https://www.city.arakawa.tokyo.jp/documents/23112/131181_cultural_property.csv,13Tokyo/raw/municipal/13118/data.csv,素盞雄神社天王祭,,,,素盞雄神社氏中,,荒川区,13118,無形民俗文化財(風俗慣習),無形民俗文化財(風俗慣習),ambiguous,,,,point,representative_point,ambiguous,無形民俗文化財(風俗慣習),,,no_explicit_designation_level
municipal_source,荒川区,文化財一覧,131181100235,https://www.city.arakawa.tokyo.jp/documents/23112/131181_cultural_property.csv,13Tokyo/raw/municipal/13118/data.csv,江戸の里神楽,,,,松本社中(松本源之助),,荒川区,13118,無形民俗文化財(民俗芸能),無形民俗文化財(民俗芸能),ambiguous,,35.737173,139.770938,point,representative_point,ambiguous,無形民俗文化財(民俗芸能),,,no_explicit_designation_level
municipal_source,荒川区,文化財一覧,131181100236,https://www.city.arakawa.tokyo.jp/documents/23112/131181_cultural_property.csv,13Tokyo/raw/municipal/13118/data.csv,永井尚志の墓,,,,本行寺,,荒川区,13118,記念物(史跡),史跡,ambiguous,,35.728056,139.76949,point,representative_point,ambiguous,記念物(史跡),,,no_explicit_designation_level
municipal_source,荒川区,文化財一覧,131181100237,https://www.city.arakawa.tokyo.jp/documents/23112/131181_cultural_property.csv,13Tokyo/raw/municipal/13118/data.csv,市河寛斎の墓,,,,本行寺,,荒川区,13118,記念物(史跡),史跡,ambiguous,,35.728056,139.76949,point,representative_point,ambiguous,記念物(史跡),,,no_explicit_designation_level
municipal_source,荒川区,文化財一覧,131181100238,https://www.city.arakawa.tokyo.jp/documents/23112/131181_cultural_property.csv,13Tokyo/raw/municipal/13118/data.csv,市河米庵の墓,,,,本行寺,,荒川区,13118,記念物(史跡),史跡,ambiguous,,35.728056,139.76949,point,representative_point,ambiguous,記念物(史跡),,,no_explicit_designation_level
municipal_source,荒川区,文化財一覧,131181100239,https://www.city.arakawa.tokyo.jp/documents/23112/131181_cultural_property.csv,13Tokyo/raw/municipal/13118/data.csv,彰義隊戦士の墓,,,,円通寺,,荒川区,13118,記念物(史跡),史跡,ambiguous,,35.734047,139.792986,point,representative_point,ambiguous,記念物(史跡),,,no_explicit_designation_level
municipal_source,荒川区,文化財一覧,131181100240,https://www.city.arakawa.tokyo.jp/documents/23112/131181_cultural_property.csv,13Tokyo/raw/municipal/13118/data.csv,松林伯円の墓(初代・二代),,,,南泉寺,,荒川区,13118,記念物(史跡),史跡,ambiguous,,35.729097,139.766248,point,representative_point,ambiguous,記念物(史跡),,,no_explicit_designation_level
municipal_source,荒川区,文化財一覧,131181100241,https://www.city.arakawa.tokyo.jp/documents/23112/131181_cultural_property.csv,13Tokyo/raw/municipal/13118/data.csv,吉田松陰の墓,,,,回向院,,荒川区,13118,記念物(史跡),史跡,ambiguous,,35.732209,139.797786,point,representative_point,ambiguous,記念物(史跡),,,no_explicit_designation_level
municipal_source,荒川区,文化財一覧,131181100242,https://www.city.arakawa.tokyo.jp/documents/23112/131181_cultural_property.csv,13Tokyo/raw/municipal/13118/data.csv,小塚原の刑場跡,,,,回向院,,荒川区,13118,記念物(史跡),史跡,ambiguous,,35.732209,139.797786,point,representative_point,ambiguous,記念物(史跡),,,no_explicit_designation_level
municipal_source,荒川区,文化財一覧,131181100243,https://www.city.arakawa.tokyo.jp/documents/23112/131181_cultural_property.csv,13Tokyo/raw/municipal/13118/data.csv,観臓記念碑,,,,回向院,,荒川区,13118,記念物(史跡),史跡,ambiguous,,35.732209,139.797786,point,representative_point,ambiguous,記念物(史跡),,,no_explicit_designation_level
municipal_source,荒川区,文化財一覧,131181100244,https://www.city.arakawa.tokyo.jp/documents/23112/131181_cultural_property.csv,13Tokyo/raw/municipal/13118/data.csv,千住大橋,,,,,,荒川区,13118,記念物(史跡),史跡,ambiguous,,35.737162,139.789637,point,representative_point,ambiguous,記念物(史跡),,,no_explicit_designation_level
municipal_source,荒川区,文化財一覧,131181100245,https://www.city.arakawa.tokyo.jp/documents/23112/131181_cultural_property.csv,13Tokyo/raw/municipal/13118/data.csv,石川氏屋敷跡,,,,,,荒川区,13118,記念物(史跡),史跡,ambiguous,,35.733164,139.791219,point,representative_point,ambiguous,記念物(史跡),,,no_explicit_designation_level
municipal_source,荒川区,文化財一覧,131181100246,https://www.city.arakawa.tokyo.jp/documents/23112/131181_cultural_property.csv,13Tokyo/raw/municipal/13118/data.csv,大関氏屋敷跡,,,,,,荒川区,13118,記念物(史跡),史跡,ambiguous,,35.733164,139.791219,point,representative_point,ambiguous,記念物(史跡),,,no_explicit_designation_level
municipal_source,荒川区,文化財一覧,131181100247,https://www.city.arakawa.tokyo.jp/documents/23112/131181_cultural_property.csv,13Tokyo/raw/municipal/13118/data.csv,宗氏屋敷跡,,,,,,荒川区,13118,記念物(史跡),史跡,ambiguous,,35.733164,139.791219,point,representative_point,ambiguous,記念物(史跡),,,no_explicit_designation_level
municipal_source,荒川区,文化財一覧,131181100248,https://www.city.arakawa.tokyo.jp/documents/23112/131181_cultural_property.csv,13Tokyo/raw/municipal/13118/data.csv,池田氏屋敷跡,,,,,,荒川区,13118,記念物(史跡),史跡,ambiguous,,35.729698,139.788088,point,representative_point,ambiguous,記念物(史跡),,,no_explicit_designation_level
municipal_source,荒川区,文化財一覧,131181100249,https://www.city.arakawa.tokyo.jp/documents/23112/131181_cultural_property.csv,13Tokyo/raw/municipal/13118/data.csv,佐竹氏屋敷跡,,,,,,荒川区,13118,記念物(史跡),史跡,ambiguous,,35.732813,139.762453,point,representative_point,ambiguous,記念物(史跡),,,no_explicit_designation_level
municipal_source,荒川区,文化財一覧,131181100250,https://www.city.arakawa.tokyo.jp/documents/23112/131181_cultural_property.csv,13Tokyo/raw/municipal/13118/data.csv,頼三樹三郎の墓,,,,回向院,,荒川区,13118,記念物(史跡),史跡,ambiguous,,35.732209,139.797786,point,representative_point,ambiguous,記念物(史跡),,,no_explicit_designation_level
municipal_source,荒川区,文化財一覧,131181100251,https://www.city.arakawa.tokyo.jp/documents/23112/131181_cultural_property.csv,13Tokyo/raw/municipal/13118/data.csv,東龍斎清寿の墓,,,,真養寺,,荒川区,13118,記念物(史跡),史跡,ambiguous,,35.736413,139.795986,point,representative_point,ambiguous,記念物(史跡),,,no_explicit_designation_level
municipal_source,荒川区,文化財一覧,131181100252,https://www.city.arakawa.tokyo.jp/documents/23112/131181_cultural_property.csv,13Tokyo/raw/municipal/13118/data.csv,水神の渡し跡,,,,,,荒川区,13118,記念物(史跡),史跡,ambiguous,,35.73185,139.808417,point,representative_point,ambiguous,記念物(史跡),,,no_explicit_designation_level
municipal_source,荒川区,文化財一覧,131181100253,https://www.city.arakawa.tokyo.jp/documents/23112/131181_cultural_property.csv,13Tokyo/raw/municipal/13118/data.csv,汐入の渡し跡,,,,,,荒川区,13118,記念物(史跡),史跡,ambiguous,,35.738631,139.810756,point,representative_point,ambiguous,記念物(史跡),,,no_explicit_designation_level
municipal_source,荒川区,文化財一覧,131181100254,https://www.city.arakawa.tokyo.jp/documents/23112/131181_cultural_property.csv,13Tokyo/raw/municipal/13118/data.csv,一本松の渡し跡,,,,,,荒川区,13118,記念物(史跡),史跡,ambiguous,,35.747745,139.786537,point,representative_point,ambiguous,記念物(史跡),,,no_explicit_designation_level
municipal_source,荒川区,文化財一覧,131181100255,https://www.city.arakawa.tokyo.jp/documents/23112/131181_cultural_property.csv,13Tokyo/raw/municipal/13118/data.csv,お茶屋の渡し跡(お竹の渡し跡),,,,,,荒川区,13118,記念物(史跡),史跡,ambiguous,,35.75015,139.787408,point,representative_point,ambiguous,記念物(史跡),,,no_explicit_designation_level
municipal_source,荒川区,文化財一覧,131181100256,https://www.city.arakawa.tokyo.jp/documents/23112/131181_cultural_property.csv,13Tokyo/raw/municipal/13118/data.csv,新渡し跡,,,,,,荒川区,13118,記念物(史跡),史跡,ambiguous,,35.750511,139.779896,point,representative_point,ambiguous,記念物(史跡),,,no_explicit_designation_level
municipal_source,荒川区,文化財一覧,131181100257,https://www.city.arakawa.tokyo.jp/documents/23112/131181_cultural_property.csv,13Tokyo/raw/municipal/13118/data.csv,熊野の渡し跡,,,,,,荒川区,13118,記念物(史跡),史跡,ambiguous,,35.751208,139.768128,point,representative_point,ambiguous,記念物(史跡),,,no_explicit_designation_level
municipal_source,荒川区,文化財一覧,131181100258,https://www.city.arakawa.tokyo.jp/documents/23112/131181_cultural_property.csv,13Tokyo/raw/municipal/13118/data.csv,小台の渡し跡,,,,,,荒川区,13118,記念物(史跡),史跡,ambiguous,,35.751564,139.759771,point,representative_point,ambiguous,記念物(史跡),,,no_explicit_designation_level
municipal_source,荒川区,文化財一覧,131181100259,https://www.city.arakawa.tokyo.jp/documents/23112/131181_cultural_property.csv,13Tokyo/raw/municipal/13118/data.csv,道灌山遺跡,,,,,,荒川区,13118,記念物(史跡),史跡,ambiguous,,35.732813,139.762453,point,representative_point,ambiguous,記念物(史跡),,,no_explicit_designation_level
municipal_source,荒川区,文化財一覧,131181100260,https://www.city.arakawa.tokyo.jp/documents/23112/131181_cultural_property.csv,13Tokyo/raw/municipal/13118/data.csv,日暮里延命院貝塚,,,,,,荒川区,13118,記念物(史跡),史跡,ambiguous,,35.727913,139.766899,point,representative_point,ambiguous,記念物(史跡),,,no_explicit_designation_level
municipal_source,荒川区,文化財一覧,131181100261,https://www.city.arakawa.tokyo.jp/documents/23112/131181_cultural_property.csv,13Tokyo/raw/municipal/13118/data.csv,加藤氏屋敷跡,,,,,,荒川区,13118,記念物(史跡),史跡,ambiguous,,35.733401,139.788082,point,representative_point,ambiguous,記念物(史跡),,,no_explicit_designation_level
municipal_source,荒川区,文化財一覧,131181100262,https://www.city.arakawa.tokyo.jp/documents/23112/131181_cultural_property.csv,13Tokyo/raw/municipal/13118/data.csv,真先銭座跡,,,,,,荒川区,13118,記念物(史跡),史跡,ambiguous,,35.730497,139.808116,point,representative_point,ambiguous,記念物(史跡),,,no_explicit_designation_level
municipal_source,荒川区,文化財一覧,131181100263,https://www.city.arakawa.tokyo.jp/documents/23112/131181_cultural_property.csv,13Tokyo/raw/municipal/13118/data.csv,米倉氏屋敷跡,,,,,,荒川区,13118,記念物(史跡),史跡,ambiguous,,35.738036,139.79488,point,representative_point,ambiguous,記念物(史跡),,,no_explicit_designation_level
municipal_source,荒川区,文化財一覧,131181100264,https://www.city.arakawa.tokyo.jp/documents/23112/131181_cultural_property.csv,13Tokyo/raw/municipal/13118/data.csv,酒井氏屋敷跡,,,,,,荒川区,13118,記念物(史跡),史跡,ambiguous,,35.72956,139.809501,point,representative_point,ambiguous,記念物(史跡),,,no_explicit_designation_level
municipal_source,荒川区,文化財一覧,131181100265,https://www.city.arakawa.tokyo.jp/documents/23112/131181_cultural_property.csv,13Tokyo/raw/municipal/13118/data.csv,富士塚,,,,素盞雄神社,,荒川区,13118,記念物(史跡),史跡,ambiguous,,35.737158,139.79608,point,representative_point,ambiguous,記念物(史跡),,,no_explicit_designation_level
municipal_source,荒川区,文化財一覧,131181100266,https://www.city.arakawa.tokyo.jp/documents/23112/131181_cultural_property.csv,13Tokyo/raw/municipal/13118/data.csv,延命院のシイ,,,,延命院,,荒川区,13118,記念物(天然記念物),天然記念物,ambiguous,,35.72822,139.767553,point,representative_point,ambiguous,記念物(天然記念物),,,no_explicit_designation_level
municipal_source,荒川区,文化財一覧,131181100267,https://www.city.arakawa.tokyo.jp/documents/23112/131181_cultural_property.csv,13Tokyo/raw/municipal/13118/data.csv,八幡堀跡,,,,,,荒川区,13118,記念物(史跡),史跡,ambiguous,,,,point,representative_point,ambiguous,記念物(史跡),,,no_explicit_designation_level
municipal_source,板橋区,文化財一覧,131199100001,https://service.api.metro.tokyo.lg.jp/api/t131199d0000000002-d7416203d34a222e725d9a61274347ef-0/json,13Tokyo/raw/municipal/13119/data.json,日曜寺,,,,,,板橋区,13119,,,ambiguous,,35.758068,139.703944,point,representative_point,ambiguous,,,,no_explicit_designation_level
municipal_source,板橋区,文化財一覧,131199100002,https://service.api.metro.tokyo.lg.jp/api/t131199d0000000002-d7416203d34a222e725d9a61274347ef-0/json,13Tokyo/raw/municipal/13119/data.json,縁切榎,,,,,,板橋区,13119,,,ambiguous,,35.759674,139.707755,point,representative_point,ambiguous,,,,no_explicit_designation_level
municipal_source,板橋区,文化財一覧,131199100003,https://service.api.metro.tokyo.lg.jp/api/t131199d0000000002-d7416203d34a222e725d9a61274347ef-0/json,13Tokyo/raw/municipal/13119/data.json,稲荷台遺跡,,,,,,板橋区,13119,,,ambiguous,,35.761891,139.710061,point,representative_point,ambiguous,,,,no_explicit_designation_level
municipal_source,板橋区,文化財一覧,131199100004,https://service.api.metro.tokyo.lg.jp/api/t131199d0000000002-d7416203d34a222e725d9a61274347ef-0/json,13Tokyo/raw/municipal/13119/data.json,板橋,,,,,,板橋区,13119,,,ambiguous,,35.757306,139.708888,point,representative_point,ambiguous,,,,no_explicit_designation_level
municipal_source,板橋区,文化財一覧,131199100005,https://service.api.metro.tokyo.lg.jp/api/t131199d0000000002-d7416203d34a222e725d9a61274347ef-0/json,13Tokyo/raw/municipal/13119/data.json,中宿脇本陣跡,,,,,,板橋区,13119,,,ambiguous,,35.755819,139.708424,point,representative_point,ambiguous,,,,no_explicit_designation_level
municipal_source,板橋区,文化財一覧,131199100006,https://service.api.metro.tokyo.lg.jp/api/t131199d0000000002-d7416203d34a222e725d9a61274347ef-0/json,13Tokyo/raw/municipal/13119/data.json,板橋宿本陣跡,,,,,,板橋区,13119,,,ambiguous,,35.755138,139.709301,point,representative_point,ambiguous,,,,no_explicit_designation_level
municipal_source,板橋区,文化財一覧,131199100007,https://service.api.metro.tokyo.lg.jp/api/t131199d0000000002-d7416203d34a222e725d9a61274347ef-0/json,13Tokyo/raw/municipal/13119/data.json,旧板橋町役場跡地,,,,,,板橋区,13119,,,ambiguous,,35.753903,139.709928,point,representative_point,ambiguous,,,,no_explicit_designation_level
municipal_source,板橋区,文化財一覧,131199100008,https://service.api.metro.tokyo.lg.jp/api/t131199d0000000002-d7416203d34a222e725d9a61274347ef-0/json,13Tokyo/raw/municipal/13119/data.json,平尾宿名主屋敷跡,,,,,,板橋区,13119,,,ambiguous,,35.750999,139.713178,point,representative_point,ambiguous,,,,no_explicit_designation_level
municipal_source,板橋区,文化財一覧,131199100009,https://service.api.metro.tokyo.lg.jp/api/t131199d0000000002-d7416203d34a222e725d9a61274347ef-0/json,13Tokyo/raw/municipal/13119/data.json,東光寺,,,,,,板橋区,13119,,,ambiguous,,35.750025,139.715121,point,representative_point,ambiguous,,,,no_explicit_designation_level
municipal_source,板橋区,文化財一覧,131199100010,https://service.api.metro.tokyo.lg.jp/api/t131199d0000000002-d7416203d34a222e725d9a61274347ef-0/json,13Tokyo/raw/municipal/13119/data.json,加賀公園,,,,,,板橋区,13119,,,ambiguous,,35.752951,139.719824,point,representative_point,ambiguous,,,,no_explicit_designation_level
municipal_source,板橋区,文化財一覧,131199100011,https://service.api.metro.tokyo.lg.jp/api/t131199d0000000002-d7416203d34a222e725d9a61274347ef-0/json,13Tokyo/raw/municipal/13119/data.json,圧磨機圧輪記念碑,,,,,,板橋区,13119,,,ambiguous,,35.753452,139.716113,point,representative_point,ambiguous,,,,no_explicit_designation_level
municipal_source,板橋区,文化財一覧,131199100012,https://service.api.metro.tokyo.lg.jp/api/t131199d0000000002-d7416203d34a222e725d9a61274347ef-0/json,13Tokyo/raw/municipal/13119/data.json,東上線記念碑,,,,,,板橋区,13119,,,ambiguous,,35.746046,139.713964,point,representative_point,ambiguous,,,,no_explicit_designation_level
municipal_source,板橋区,文化財一覧,131199100013,https://service.api.metro.tokyo.lg.jp/api/t131199d0000000002-d7416203d34a222e725d9a61274347ef-0/json,13Tokyo/raw/municipal/13119/data.json,空襲犠牲者供養の地蔵,,,,,,板橋区,13119,,,ambiguous,,35.744689,139.706824,point,representative_point,ambiguous,,,,no_explicit_designation_level
municipal_source,板橋区,文化財一覧,131199100014,https://service.api.metro.tokyo.lg.jp/api/t131199d0000000002-d7416203d34a222e725d9a61274347ef-0/json,13Tokyo/raw/municipal/13119/data.json,西光院,,,,,,板橋区,13119,,,ambiguous,,35.740921,139.70171,point,representative_point,ambiguous,,,,no_explicit_designation_level
municipal_source,板橋区,文化財一覧,131199100015,https://service.api.metro.tokyo.lg.jp/api/t131199d0000000002-d7416203d34a222e725d9a61274347ef-0/json,13Tokyo/raw/municipal/13119/data.json,新田坂,,,,,,板橋区,13119,,,ambiguous,,35.779279,139.626851,point,representative_point,ambiguous,,,,no_explicit_designation_level
municipal_source,板橋区,文化財一覧,131199100016,https://service.api.metro.tokyo.lg.jp/api/t131199d0000000002-d7416203d34a222e725d9a61274347ef-0/json,13Tokyo/raw/municipal/13119/data.json,氷川神社,,,,,,板橋区,13119,,,ambiguous,,35.785448,139.640044,point,representative_point,ambiguous,,,,no_explicit_designation_level
municipal_source,板橋区,文化財一覧,131199100017,https://service.api.metro.tokyo.lg.jp/api/t131199d0000000002-d7416203d34a222e725d9a61274347ef-0/json,13Tokyo/raw/municipal/13119/data.json,大門遺跡,,,,,,板橋区,13119,,,ambiguous,,35.781514,139.649252,point,representative_point,ambiguous,,,,no_explicit_designation_level
municipal_source,板橋区,文化財一覧,131199100018,https://service.api.metro.tokyo.lg.jp/api/t131199d0000000002-d7416203d34a222e725d9a61274347ef-0/json,13Tokyo/raw/municipal/13119/data.json,旧赤塚村役場跡地,,,,,,板橋区,13119,,,ambiguous,,35.78016,139.647429,point,representative_point,ambiguous,,,,no_explicit_designation_level
municipal_source,板橋区,文化財一覧,131199100019,https://service.api.metro.tokyo.lg.jp/api/t131199d0000000002-d7416203d34a222e725d9a61274347ef-0/json,13Tokyo/raw/municipal/13119/data.json,大堂,,,,,,板橋区,13119,,,ambiguous,,35.779301,139.646857,point,representative_point,ambiguous,,,,no_explicit_designation_level
municipal_source,板橋区,文化財一覧,131199100020,https://service.api.metro.tokyo.lg.jp/api/t131199d0000000002-d7416203d34a222e725d9a61274347ef-0/json,13Tokyo/raw/municipal/13119/data.json,増福寺,,,,,,板橋区,13119,,,ambiguous,,35.776382,139.648937,point,representative_point,ambiguous,,,,no_explicit_designation_level
municipal_source,板橋区,文化財一覧,131199100021,https://service.api.metro.tokyo.lg.jp/api/t131199d0000000002-d7416203d34a222e725d9a61274347ef-0/json,13Tokyo/raw/municipal/13119/data.json,徳丸東遺跡,,,,,,板橋区,13119,,,ambiguous,,35.778689,139.659701,point,representative_point,ambiguous,,,,no_explicit_designation_level
municipal_source,板橋区,文化財一覧,131199100022,https://service.api.metro.tokyo.lg.jp/api/t131199d0000000002-d7416203d34a222e725d9a61274347ef-0/json,13Tokyo/raw/municipal/13119/data.json,成増との山遺跡,,,,,,板橋区,13119,,,ambiguous,,35.781305,139.631057,point,representative_point,ambiguous,,,,no_explicit_designation_level
municipal_source,板橋区,文化財一覧,131199100023,https://service.api.metro.tokyo.lg.jp/api/t131199d0000000002-d7416203d34a222e725d9a61274347ef-0/json,13Tokyo/raw/municipal/13119/data.json,赤塚諏訪神社のこぶケヤキ,,,,,,板橋区,13119,,,ambiguous,,35.782029,139.648169,point,representative_point,ambiguous,,,,no_explicit_designation_level
municipal_source,板橋区,文化財一覧,131199100024,https://service.api.metro.tokyo.lg.jp/api/t131199d0000000002-d7416203d34a222e725d9a61274347ef-0/json,13Tokyo/raw/municipal/13119/data.json,旧粕谷家(東の隠居)住宅,,,,,,板橋区,13119,,,ambiguous,,35.780268,139.659281,point,representative_point,ambiguous,,,,no_explicit_designation_level
municipal_source,板橋区,文化財一覧,131199100025,https://service.api.metro.tokyo.lg.jp/api/t131199d0000000002-d7416203d34a222e725d9a61274347ef-0/json,13Tokyo/raw/municipal/13119/data.json,徳丸ヶ原,,,,,,板橋区,13119,,,ambiguous,,35.791808,139.660881,point,representative_point,ambiguous,,,,no_explicit_designation_level
municipal_source,板橋区,文化財一覧,131199100026,https://service.api.metro.tokyo.lg.jp/api/t131199d0000000002-d7416203d34a222e725d9a61274347ef-0/json,13Tokyo/raw/municipal/13119/data.json,早瀬の渡し,,,,,,板橋区,13119,,,ambiguous,,35.795817,139.64969,point,representative_point,ambiguous,,,,no_explicit_designation_level
municipal_source,板橋区,文化財一覧,131199100027,https://service.api.metro.tokyo.lg.jp/api/t131199d0000000002-d7416203d34a222e725d9a61274347ef-0/json,13Tokyo/raw/municipal/13119/data.json,御嶽神社,,,,,,板橋区,13119,,,ambiguous,,35.757397,139.67454,point,representative_point,ambiguous,,,,no_explicit_designation_level
municipal_source,板橋区,文化財一覧,131199100028,https://service.api.metro.tokyo.lg.jp/api/t131199d0000000002-d7416203d34a222e725d9a61274347ef-0/json,13Tokyo/raw/municipal/13119/data.json,茂呂遺跡,,,,,,板橋区,13119,,,ambiguous,,35.754328,139.675798,point,representative_point,ambiguous,,,,no_explicit_designation_level
municipal_source,板橋区,文化財一覧,131199100029,https://service.api.metro.tokyo.lg.jp/api/t131199d0000000002-d7416203d34a222e725d9a61274347ef-0/json,13Tokyo/raw/municipal/13119/data.json,旧上板橋村役場跡地,,,,,,板橋区,13119,,,ambiguous,,35.753894,139.680406,point,representative_point,ambiguous,,,,no_explicit_designation_level
municipal_source,板橋区,文化財一覧,131199100030,https://service.api.metro.tokyo.lg.jp/api/t131199d0000000002-d7416203d34a222e725d9a61274347ef-0/json,13Tokyo/raw/municipal/13119/data.json,氷川神社,,,,,,板橋区,13119,,,ambiguous,,35.754715,139.682671,point,representative_point,ambiguous,,,,no_explicit_designation_level
municipal_source,板橋区,文化財一覧,131199100031,https://service.api.metro.tokyo.lg.jp/api/t131199d0000000002-d7416203d34a222e725d9a61274347ef-0/json,13Tokyo/raw/municipal/13119/data.json,平安地蔵,,,,,,板橋区,13119,,,ambiguous,,35.757897,139.685573,point,representative_point,ambiguous,,,,no_explicit_designation_level
municipal_source,板橋区,文化財一覧,131199100032,https://service.api.metro.tokyo.lg.jp/api/t131199d0000000002-d7416203d34a222e725d9a61274347ef-0/json,13Tokyo/raw/municipal/13119/data.json,下頭橋と六蔵祠,,,,,,板橋区,13119,,,ambiguous,,35.755497,139.691448,point,representative_point,ambiguous,,,,no_explicit_designation_level
municipal_source,板橋区,文化財一覧,131199100033,https://service.api.metro.tokyo.lg.jp/api/t131199d0000000002-d7416203d34a222e725d9a61274347ef-0/json,13Tokyo/raw/municipal/13119/data.json,西光寺,,,,,,板橋区,13119,,,ambiguous,,35.746087,139.6885,point,representative_point,ambiguous,,,,no_explicit_designation_level
municipal_source,板橋区,文化財一覧,131199100034,https://service.api.metro.tokyo.lg.jp/api/t131199d0000000002-d7416203d34a222e725d9a61274347ef-0/json,13Tokyo/raw/municipal/13119/data.json,根ノ上遺跡,,,,,,板橋区,13119,,,ambiguous,,35.74582,139.680891,point,representative_point,ambiguous,,,,no_explicit_designation_level
municipal_source,板橋区,文化財一覧,131199100035,https://service.api.metro.tokyo.lg.jp/api/t131199d0000000002-d7416203d34a222e725d9a61274347ef-0/json,13Tokyo/raw/municipal/13119/data.json,京徳観音堂,,,,,,板橋区,13119,,,ambiguous,,35.777188,139.667419,point,representative_point,ambiguous,,,,no_explicit_designation_level
municipal_source,板橋区,文化財一覧,131199100036,https://service.api.metro.tokyo.lg.jp/api/t131199d0000000002-d7416203d34a222e725d9a61274347ef-0/json,13Tokyo/raw/municipal/13119/data.json,中台馬場崎貝塚,,,,,,板橋区,13119,,,ambiguous,,35.774152,139.676854,point,representative_point,ambiguous,,,,no_explicit_designation_level
municipal_source,板橋区,文化財一覧,131199100037,https://service.api.metro.tokyo.lg.jp/api/t131199d0000000002-d7416203d34a222e725d9a61274347ef-0/json,13Tokyo/raw/municipal/13119/data.json,旧志村役場跡地,,,,,,板橋区,13119,,,ambiguous,,35.775229,139.687981,point,representative_point,ambiguous,,,,no_explicit_designation_level
municipal_source,板橋区,文化財一覧,131199100038,https://service.api.metro.tokyo.lg.jp/api/t131199d0000000002-d7416203d34a222e725d9a61274347ef-0/json,13Tokyo/raw/municipal/13119/data.json,富士大山道道標,,,,,,板橋区,13119,,,ambiguous,,35.777064,139.692717,point,representative_point,ambiguous,,,,no_explicit_designation_level
municipal_source,板橋区,文化財一覧,131199100039,https://service.api.metro.tokyo.lg.jp/api/t131199d0000000002-d7416203d34a222e725d9a61274347ef-0/json,13Tokyo/raw/municipal/13119/data.json,薬師の泉庭園,,,,,,板橋区,13119,,,ambiguous,,35.77849,139.692936,point,representative_point,ambiguous,,,,no_explicit_designation_level
municipal_source,板橋区,文化財一覧,131199100040,https://service.api.metro.tokyo.lg.jp/api/t131199d0000000002-d7416203d34a222e725d9a61274347ef-0/json,13Tokyo/raw/municipal/13119/data.json,小豆沢神社,,,,,,板橋区,13119,,,ambiguous,,35.780207,139.699131,point,representative_point,ambiguous,,,,no_explicit_designation_level
municipal_source,板橋区,文化財一覧,131199100041,https://service.api.metro.tokyo.lg.jp/api/t131199d0000000002-d7416203d34a222e725d9a61274347ef-0/json,13Tokyo/raw/municipal/13119/data.json,龍福寺,,,,,,板橋区,13119,,,ambiguous,,35.780377,139.699421,point,representative_point,ambiguous,,,,no_explicit_designation_level
municipal_source,板橋区,文化財一覧,131199100042,https://service.api.metro.tokyo.lg.jp/api/t131199d0000000002-d7416203d34a222e725d9a61274347ef-0/json,13Tokyo/raw/municipal/13119/data.json,小豆沢貝塚,,,,,,板橋区,13119,,,ambiguous,,35.778577,139.69941,point,representative_point,ambiguous,,,,no_explicit_designation_level
municipal_source,板橋区,文化財一覧,131199100043,https://service.api.metro.tokyo.lg.jp/api/t131199d0000000002-d7416203d34a222e725d9a61274347ef-0/json,13Tokyo/raw/municipal/13119/data.json,前野田向遺跡第2地点,,,,,,板橋区,13119,,,ambiguous,,35.770422,139.696568,point,representative_point,ambiguous,,,,no_explicit_designation_level
municipal_source,板橋区,文化財一覧,131199100044,https://service.api.metro.tokyo.lg.jp/api/t131199d0000000002-d7416203d34a222e725d9a61274347ef-0/json,13Tokyo/raw/municipal/13119/data.json,南蔵院,,,,,,板橋区,13119,,,ambiguous,,35.770703,139.701711,point,representative_point,ambiguous,,,,no_explicit_designation_level
municipal_source,板橋区,文化財一覧,131199100045,https://service.api.metro.tokyo.lg.jp/api/t131199d0000000002-d7416203d34a222e725d9a61274347ef-0/json,13Tokyo/raw/municipal/13119/data.json,西台遺跡,,,,,,板橋区,13119,,,ambiguous,,35.778034,139.667859,point,representative_point,ambiguous,,,,no_explicit_designation_level
municipal_source,板橋区,文化財一覧,131199100046,https://service.api.metro.tokyo.lg.jp/api/t131199d0000000002-d7416203d34a222e725d9a61274347ef-0/json,13Tokyo/raw/municipal/13119/data.json,稲荷神社,,,,,,板橋区,13119,,,ambiguous,,35.764446,139.70231,point,representative_point,ambiguous,,,,no_explicit_designation_level
municipal_source,板橋区,文化財一覧,131199100047,https://service.api.metro.tokyo.lg.jp/api/t131199d0000000002-d7416203d34a222e725d9a61274347ef-0/json,13Tokyo/raw/municipal/13119/data.json,中台畠中遺跡,,,,,,板橋区,13119,,,ambiguous,,35.773684,139.682624,point,representative_point,ambiguous,,,,no_explicit_designation_level
municipal_source,板橋区,文化財一覧,131199100048,https://service.api.metro.tokyo.lg.jp/api/t131199d0000000002-d7416203d34a222e725d9a61274347ef-0/json,13Tokyo/raw/municipal/13119/data.json,延命寺,,,,,,板橋区,13119,,,ambiguous,,35.774881,139.692494,point,representative_point,ambiguous,,,,no_explicit_designation_level
municipal_source,板橋区,文化財一覧,131199100049,https://service.api.metro.tokyo.lg.jp/api/t131199d0000000002-d7416203d34a222e725d9a61274347ef-0/json,13Tokyo/raw/municipal/13119/data.json,志村一里塚,,,,,,板橋区,13119,,,ambiguous,,35.775028,139.695895,point,representative_point,ambiguous,,,,no_explicit_designation_level
municipal_source,板橋区,文化財一覧,131199100050,https://service.api.metro.tokyo.lg.jp/api/t131199d0000000002-d7416203d34a222e725d9a61274347ef-0/json,13Tokyo/raw/municipal/13119/data.json,熊野神社,,,,,,板橋区,13119,,,ambiguous,,35.776054,139.687027,point,representative_point,ambiguous,,,,no_explicit_designation_level
municipal_source,板橋区,文化財一覧,131199100051,https://service.api.metro.tokyo.lg.jp/api/t131199d0000000002-d7416203d34a222e725d9a61274347ef-0/json,13Tokyo/raw/municipal/13119/data.json,智清寺,,,,,,板橋区,13119,,,ambiguous,,35.758691,139.705067,point,representative_point,ambiguous,,,,no_explicit_designation_level
municipal_source,板橋区,文化財一覧,131199100052,https://service.api.metro.tokyo.lg.jp/api/t131199d0000000002-d7416203d34a222e725d9a61274347ef-0/json,13Tokyo/raw/municipal/13119/data.json,文殊院,,,,,,板橋区,13119,,,ambiguous,,35.756002,139.709793,point,representative_point,ambiguous,,,,no_explicit_designation_level
municipal_source,板橋区,文化財一覧,131199100053,https://service.api.metro.tokyo.lg.jp/api/t131199d0000000002-d7416203d34a222e725d9a61274347ef-0/json,13Tokyo/raw/municipal/13119/data.json,諏訪神社,,,,,,板橋区,13119,,,ambiguous,,35.784643,139.648442,point,representative_point,ambiguous,,,,no_explicit_designation_level
municipal_source,板橋区,文化財一覧,131199100054,https://service.api.metro.tokyo.lg.jp/api/t131199d0000000002-d7416203d34a222e725d9a61274347ef-0/json,13Tokyo/raw/municipal/13119/data.json,乗蓮寺,,,,,,板橋区,13119,,,ambiguous,,35.781871,139.644234,point,representative_point,ambiguous,,,,no_explicit_designation_level
municipal_source,板橋区,文化財一覧,131199100055,https://service.api.metro.tokyo.lg.jp/api/t131199d0000000002-d7416203d34a222e725d9a61274347ef-0/json,13Tokyo/raw/municipal/13119/data.json,安養院,,,,,,板橋区,13119,,,ambiguous,,35.754247,139.679839,point,representative_point,ambiguous,,,,no_explicit_designation_level
municipal_source,板橋区,文化財一覧,131199100056,https://service.api.metro.tokyo.lg.jp/api/t131199d0000000002-d7416203d34a222e725d9a61274347ef-0/json,13Tokyo/raw/municipal/13119/data.json,圓福寺,,,,,,板橋区,13119,,,ambiguous,,35.774851,139.669639,point,representative_point,ambiguous,,,,no_explicit_designation_level
municipal_source,板橋区,文化財一覧,131199100057,https://service.api.metro.tokyo.lg.jp/api/t131199d0000000002-d7416203d34a222e725d9a61274347ef-0/json,13Tokyo/raw/municipal/13119/data.json,常楽院,,,,,,板橋区,13119,,,ambiguous,,35.771339,139.690697,point,representative_point,ambiguous,,,,no_explicit_designation_level
municipal_source,板橋区,文化財一覧,131199100058,https://service.api.metro.tokyo.lg.jp/api/t131199d0000000002-d7416203d34a222e725d9a61274347ef-0/json,13Tokyo/raw/municipal/13119/data.json,松月院,,,,,,板橋区,13119,,,ambiguous,,35.781186,139.647822,point,representative_point,ambiguous,,,,no_explicit_designation_level
municipal_source,板橋区,文化財一覧,131199100059,https://service.api.metro.tokyo.lg.jp/api/t131199d0000000002-d7416203d34a222e725d9a61274347ef-0/json,13Tokyo/raw/municipal/13119/data.json,遍照寺,,,,,,板橋区,13119,,,ambiguous,,35.752786,139.710615,point,representative_point,ambiguous,,,,no_explicit_designation_level
municipal_source,板橋区,文化財一覧,131199100060,https://service.api.metro.tokyo.lg.jp/api/t131199d0000000002-d7416203d34a222e725d9a61274347ef-0/json,13Tokyo/raw/municipal/13119/data.json,観明寺,,,,,,板橋区,13119,,,ambiguous,,35.750776,139.713714,point,representative_point,ambiguous,,,,no_explicit_designation_level
municipal_source,板橋区,文化財一覧,131199100061,https://service.api.metro.tokyo.lg.jp/api/t131199d0000000002-d7416203d34a222e725d9a61274347ef-0/json,13Tokyo/raw/municipal/13119/data.json,泉福寺,,,,,,板橋区,13119,,,ambiguous,,35.779073,139.645817,point,representative_point,ambiguous,,,,no_explicit_designation_level
municipal_source,板橋区,文化財一覧,131199100062,https://service.api.metro.tokyo.lg.jp/api/t131199d0000000002-d7416203d34a222e725d9a61274347ef-0/json,13Tokyo/raw/municipal/13119/data.json,長徳寺,,,,,,板橋区,13119,,,ambiguous,,35.76967,139.697106,point,representative_point,ambiguous,,,,no_explicit_designation_level
municipal_source,板橋区,文化財一覧,131199100063,https://service.api.metro.tokyo.lg.jp/api/t131199d0000000002-d7416203d34a222e725d9a61274347ef-0/json,13Tokyo/raw/municipal/13119/data.json,子易神社,,,,,,板橋区,13119,,,ambiguous,,35.74789,139.709112,point,representative_point,ambiguous,,,,no_explicit_designation_level
municipal_source,板橋区,文化財一覧,131199100064,https://service.api.metro.tokyo.lg.jp/api/t131199d0000000002-d7416203d34a222e725d9a61274347ef-0/json,13Tokyo/raw/municipal/13119/data.json,稲荷神社,,,,,,板橋区,13119,,,ambiguous,,35.76867,139.676033,point,representative_point,ambiguous,,,,no_explicit_designation_level
municipal_source,練馬区,文化財一覧（令和8年1月1日時点）,131202100001,https://www.city.nerima.tokyo.jp/kusei/tokei/opendata/opendatasite/bunka/cultural_property.files/131202_cultural_property.csv,13Tokyo/raw/municipal/13120/data.csv,八丁堀三吉囃子,,,,八丁堀三吉囃子保存会,,練馬区,13120,無形民俗,無形民俗,ambiguous,,35.765538,139.623134,point,representative_point,ambiguous,無形民俗,,,no_explicit_designation_level
municipal_source,練馬区,文化財一覧（令和8年1月1日時点）,131202100002,https://www.city.nerima.tokyo.jp/kusei/tokei/opendata/opendatasite/bunka/cultural_property.files/131202_cultural_property.csv,13Tokyo/raw/municipal/13120/data.csv,本覚寺の版木〈非公開〉,,本覚寺,,本覚寺,,練馬区,13120,有形民俗,有形民俗,ambiguous,,35.764561,139.621394,point,representative_point,ambiguous,有形民俗,,,no_explicit_designation_level
municipal_source,練馬区,文化財一覧（令和8年1月1日時点）,131202100003,https://www.city.nerima.tokyo.jp/kusei/tokei/opendata/opendatasite/bunka/cultural_property.files/131202_cultural_property.csv,13Tokyo/raw/municipal/13120/data.csv,丸彫聖観音立像廻国供養塔,,上練馬公園,,練馬区,,練馬区,13120,有形民俗,有形民俗,ambiguous,,35.773035,139.626716,point,representative_point,ambiguous,有形民俗,,,no_explicit_designation_level
municipal_source,練馬区,文化財一覧（令和8年1月1日時点）,131202100004,https://www.city.nerima.tokyo.jp/kusei/tokei/opendata/opendatasite/bunka/cultural_property.files/131202_cultural_property.csv,13Tokyo/raw/municipal/13120/data.csv,小美濃英男家文書〈非公開〉,,,,個人,,練馬区,13120,有形,美術工芸品,ambiguous,2000-01,35.755997,139.585296,movable,representative_point,ambiguous,有形,美術工芸品,,no_explicit_designation_level
municipal_source,練馬区,文化財一覧（令和8年1月1日時点）,131202100005,https://www.city.nerima.tokyo.jp/kusei/tokei/opendata/opendatasite/bunka/cultural_property.files/131202_cultural_property.csv,13Tokyo/raw/municipal/13120/data.csv,旧大泉村役場跡,,大泉中島公園,,練馬区,,練馬区,13120,史跡,史跡,ambiguous,,35.754467,139.584362,point,representative_point,ambiguous,史跡,,,no_explicit_designation_level
municipal_source,練馬区,文化財一覧（令和8年1月1日時点）,131202100006,https://www.city.nerima.tokyo.jp/kusei/tokei/opendata/opendatasite/bunka/cultural_property.files/131202_cultural_property.csv,13Tokyo/raw/municipal/13120/data.csv,力持ち惣兵衛の馬頭観音,,,,個人,,練馬区,13120,有形民俗,有形民俗,ambiguous,,35.755912,139.58419,point,representative_point,ambiguous,有形民俗,,,no_explicit_designation_level
municipal_source,練馬区,文化財一覧（令和8年1月1日時点）,131202100007,https://www.city.nerima.tokyo.jp/kusei/tokei/opendata/opendatasite/bunka/cultural_property.files/131202_cultural_property.csv,13Tokyo/raw/municipal/13120/data.csv,中里囃子,,,,中里囃子連,,練馬区,13120,無形民俗,無形民俗,ambiguous,,35.763723,139.603159,point,representative_point,ambiguous,無形民俗,,,no_explicit_designation_level
municipal_source,練馬区,文化財一覧（令和8年1月1日時点）,131202100008,https://www.city.nerima.tokyo.jp/kusei/tokei/opendata/opendatasite/bunka/cultural_property.files/131202_cultural_property.csv,13Tokyo/raw/municipal/13120/data.csv,カタクリ群落,,清水山の森,,練馬区,,練馬区,13120,天然記念物,天然記念物,ambiguous,,35.764592,139.608034,point,representative_point,ambiguous,天然記念物,,,no_explicit_designation_level
municipal_source,練馬区,文化財一覧（令和8年1月1日時点）,131202100009,https://www.city.nerima.tokyo.jp/kusei/tokei/opendata/opendatasite/bunka/cultural_property.files/131202_cultural_property.csv,13Tokyo/raw/municipal/13120/data.csv,中里の富士塚,,富士浅間神社※八坂神社脇,,中里富士講(管理者),,練馬区,13120,有形民俗,有形民俗,ambiguous,1991-02,35.767382,139.606514,point,representative_point,ambiguous,有形民俗,,,no_explicit_designation_level
municipal_source,練馬区,文化財一覧（令和8年1月1日時点）,131202100010,https://www.city.nerima.tokyo.jp/kusei/tokei/opendata/opendatasite/bunka/cultural_property.files/131202_cultural_property.csv,13Tokyo/raw/municipal/13120/data.csv,尾張殿鷹場碑,,大泉第一小学校,,練馬区,,練馬区,13120,有形,美術工芸品,ambiguous,,35.765875,139.599791,movable,representative_point,ambiguous,有形,美術工芸品,,no_explicit_designation_level
municipal_source,練馬区,文化財一覧（令和8年1月1日時点）,131202100011,https://www.city.nerima.tokyo.jp/kusei/tokei/opendata/opendatasite/bunka/cultural_property.files/131202_cultural_property.csv,13Tokyo/raw/municipal/13120/data.csv,伊賀衆奉納の水盤・鳥居,,氷川神社,,氷川神社,,練馬区,13120,有形,建造物,ambiguous,2003-02,35.758389,139.594667,building_direct,building_candidate_point,ambiguous,有形,建造物,,no_explicit_designation_level
municipal_source,練馬区,文化財一覧（令和8年1月1日時点）,131202100012,https://www.city.nerima.tokyo.jp/kusei/tokei/opendata/opendatasite/bunka/cultural_property.files/131202_cultural_property.csv,13Tokyo/raw/municipal/13120/data.csv,閻魔・十王像と檀拏幢,,教学院,,教学院,,練馬区,13120,有形,建造物,ambiguous,1999-01,35.756652,139.592524,building_direct,building_candidate_point,ambiguous,有形,建造物,,no_explicit_designation_level
municipal_source,練馬区,文化財一覧（令和8年1月1日時点）,131202100013,https://www.city.nerima.tokyo.jp/kusei/tokei/opendata/opendatasite/bunka/cultural_property.files/131202_cultural_property.csv,13Tokyo/raw/municipal/13120/data.csv,春日町囃子,,,,春日町囃子連,,練馬区,13120,無形民俗,無形民俗,ambiguous,,35.755307,139.640348,point,representative_point,ambiguous,無形民俗,,,no_explicit_designation_level
municipal_source,練馬区,文化財一覧（令和8年1月1日時点）,131202100014,https://www.city.nerima.tokyo.jp/kusei/tokei/opendata/opendatasite/bunka/cultural_property.files/131202_cultural_property.csv,13Tokyo/raw/municipal/13120/data.csv,練馬東小学校のフジ,,練馬東小学校,,練馬区,,練馬区,13120,天然記念物,天然記念物,ambiguous,1997-03,35.752358,139.647464,point,representative_point,ambiguous,天然記念物,,,no_explicit_designation_level
municipal_source,練馬区,文化財一覧（令和8年1月1日時点）,131202100015,https://www.city.nerima.tokyo.jp/kusei/tokei/opendata/opendatasite/bunka/cultural_property.files/131202_cultural_property.csv,13Tokyo/raw/municipal/13120/data.csv,河野鎮平筆子碑,,寿福寺墓地,,寿福寺,,練馬区,13120,史跡,史跡,ambiguous,,35.748088,139.643857,point,representative_point,ambiguous,史跡,,,no_explicit_designation_level
municipal_source,練馬区,文化財一覧（令和8年1月1日時点）,131202100016,https://www.city.nerima.tokyo.jp/kusei/tokei/opendata/opendatasite/bunka/cultural_property.files/131202_cultural_property.csv,13Tokyo/raw/municipal/13120/data.csv,長谷川家文書〈非公開〉,,,,個人,,練馬区,13120,有形,美術工芸品,ambiguous,,35.751143,139.642678,movable,representative_point,ambiguous,有形,美術工芸品,,no_explicit_designation_level
municipal_source,練馬区,文化財一覧（令和8年1月1日時点）,131202100017,https://www.city.nerima.tokyo.jp/kusei/tokei/opendata/opendatasite/bunka/cultural_property.files/131202_cultural_property.csv,13Tokyo/raw/municipal/13120/data.csv,愛染院の梵鐘,,愛染院,,愛染院,,練馬区,13120,有形,美術工芸品,ambiguous,,35.753536,139.639957,movable,representative_point,ambiguous,有形,美術工芸品,,no_explicit_designation_level
municipal_source,練馬区,文化財一覧（令和8年1月1日時点）,131202100018,https://www.city.nerima.tokyo.jp/kusei/tokei/opendata/opendatasite/bunka/cultural_property.files/131202_cultural_property.csv,13Tokyo/raw/municipal/13120/data.csv,愛染院文書〈非公開〉,,愛染院,,愛染院,,練馬区,13120,有形,美術工芸品,ambiguous,2010-01,35.753536,139.639957,movable,representative_point,ambiguous,有形,美術工芸品,,no_explicit_designation_level
municipal_source,練馬区,文化財一覧（令和8年1月1日時点）,131202100019,https://www.city.nerima.tokyo.jp/kusei/tokei/opendata/opendatasite/bunka/cultural_property.files/131202_cultural_property.csv,13Tokyo/raw/municipal/13120/data.csv,尾崎遺跡,,春日小学校,,練馬区,,練馬区,13120,史跡,史跡,ambiguous,1983-05-06,35.747028,139.639928,point,representative_point,ambiguous,史跡,,,no_explicit_designation_level
municipal_source,練馬区,文化財一覧（令和8年1月1日時点）,131202100020,https://www.city.nerima.tokyo.jp/kusei/tokei/opendata/opendatasite/bunka/cultural_property.files/131202_cultural_property.csv,13Tokyo/raw/municipal/13120/data.csv,尾崎遺跡出土品,,春日小学校尾崎遺跡資料展示室,,練馬区,,練馬区,13120,有形,美術工芸品,ambiguous,1993-03,35.747028,139.639928,movable,representative_point,ambiguous,有形,美術工芸品,,no_explicit_designation_level
municipal_source,練馬区,文化財一覧（令和8年1月1日時点）,131202100021,https://www.city.nerima.tokyo.jp/kusei/tokei/opendata/opendatasite/bunka/cultural_property.files/131202_cultural_property.csv,13Tokyo/raw/municipal/13120/data.csv,相原正太郎家住宅〈非公開〉,,,,個人,,練馬区,13120,有形,建造物,ambiguous,,35.745752,139.638238,building_direct,building_candidate_point,ambiguous,有形,建造物,,no_explicit_designation_level
municipal_source,練馬区,文化財一覧（令和8年1月1日時点）,131202100022,https://www.city.nerima.tokyo.jp/kusei/tokei/opendata/opendatasite/bunka/cultural_property.files/131202_cultural_property.csv,13Tokyo/raw/municipal/13120/data.csv,圓淨法師塚,,,,練馬区,,練馬区,13120,史跡,史跡,ambiguous,,35.749922,139.636568,point,representative_point,ambiguous,史跡,,,no_explicit_designation_level
municipal_source,練馬区,文化財一覧（令和8年1月1日時点）,131202100023,https://www.city.nerima.tokyo.jp/kusei/tokei/opendata/opendatasite/bunka/cultural_property.files/131202_cultural_property.csv,13Tokyo/raw/municipal/13120/data.csv,上石神井囃子,,,,上石神井囃子連中,,練馬区,13120,無形民俗,無形民俗,ambiguous,,35.725499,139.59079,point,representative_point,ambiguous,無形民俗,,,no_explicit_designation_level
municipal_source,練馬区,文化財一覧（令和8年1月1日時点）,131202100024,https://www.city.nerima.tokyo.jp/kusei/tokei/opendata/opendatasite/bunka/cultural_property.files/131202_cultural_property.csv,13Tokyo/raw/municipal/13120/data.csv,上石神井立野の庚申塔,,,,練馬区,,練馬区,13120,有形民俗,有形民俗,ambiguous,,35.723495,139.59162,point,representative_point,ambiguous,有形民俗,,,no_explicit_designation_level
municipal_source,練馬区,文化財一覧（令和8年1月1日時点）,131202100025,https://www.city.nerima.tokyo.jp/kusei/tokei/opendata/opendatasite/bunka/cultural_property.files/131202_cultural_property.csv,13Tokyo/raw/municipal/13120/data.csv,出羽三山・百八十八ヶ所観音供養塔,,,,練馬区,,練馬区,13120,有形民俗,有形民俗,ambiguous,,35.723495,139.59162,point,representative_point,ambiguous,有形民俗,,,no_explicit_designation_level
municipal_source,練馬区,文化財一覧（令和8年1月1日時点）,131202100026,https://www.city.nerima.tokyo.jp/kusei/tokei/opendata/opendatasite/bunka/cultural_property.files/131202_cultural_property.csv,13Tokyo/raw/municipal/13120/data.csv,北町囃子,,,,北町囃子保存会,,練馬区,13120,無形民俗,無形民俗,ambiguous,,35.767726,139.66322,point,representative_point,ambiguous,無形民俗,,,no_explicit_designation_level
municipal_source,練馬区,文化財一覧（令和8年1月1日時点）,131202100027,https://www.city.nerima.tokyo.jp/kusei/tokei/opendata/opendatasite/bunka/cultural_property.files/131202_cultural_property.csv,13Tokyo/raw/municipal/13120/data.csv,下練馬の大山道道標,,,,練馬区,,練馬区,13120,有形,建造物,ambiguous,1994-03,35.76573,139.667023,building_direct,building_candidate_point,ambiguous,有形,建造物,,no_explicit_designation_level
municipal_source,練馬区,文化財一覧（令和8年1月1日時点）,131202100028,https://www.city.nerima.tokyo.jp/kusei/tokei/opendata/opendatasite/bunka/cultural_property.files/131202_cultural_property.csv,13Tokyo/raw/municipal/13120/data.csv,千川家の墓,,阿弥陀堂墓地,,個人,,練馬区,13120,史跡,史跡,ambiguous,,35.766456,139.662757,point,representative_point,ambiguous,史跡,,,no_explicit_designation_level
municipal_source,練馬区,文化財一覧（令和8年1月1日時点）,131202100029,https://www.city.nerima.tokyo.jp/kusei/tokei/opendata/opendatasite/bunka/cultural_property.files/131202_cultural_property.csv,13Tokyo/raw/municipal/13120/data.csv,阿弥陀堂の半鐘,,阿弥陀堂,,阿弥陀堂,,練馬区,13120,有形,美術工芸品,ambiguous,,35.763836,139.643385,movable,representative_point,ambiguous,有形,美術工芸品,,no_explicit_designation_level
municipal_source,練馬区,文化財一覧（令和8年1月1日時点）,131202100030,https://www.city.nerima.tokyo.jp/kusei/tokei/opendata/opendatasite/bunka/cultural_property.files/131202_cultural_property.csv,13Tokyo/raw/municipal/13120/data.csv,北町聖観音座像,,北町聖観音堂,,北町二丁目町会(管理者),,練馬区,13120,有形民俗,有形民俗,ambiguous,1996-02,35.768005,139.662011,point,representative_point,ambiguous,有形民俗,,,no_explicit_designation_level
municipal_source,練馬区,文化財一覧（令和8年1月1日時点）,131202100031,https://www.city.nerima.tokyo.jp/kusei/tokei/opendata/opendatasite/bunka/cultural_property.files/131202_cultural_property.csv,13Tokyo/raw/municipal/13120/data.csv,北町の仁王像,,北町聖観音堂,,北町二丁目町会(管理者),,練馬区,13120,有形,美術工芸品,ambiguous,,35.768005,139.662011,movable,representative_point,ambiguous,有形,美術工芸品,,no_explicit_designation_level
municipal_source,練馬区,文化財一覧（令和8年1月1日時点）,131202100032,https://www.city.nerima.tokyo.jp/kusei/tokei/opendata/opendatasite/bunka/cultural_property.files/131202_cultural_property.csv,13Tokyo/raw/municipal/13120/data.csv,下練馬の富士塚,,浅間神社,,浅間神社,,練馬区,13120,有形民俗,有形民俗,ambiguous,1994-03,35.767568,139.663802,point,representative_point,ambiguous,有形民俗,,,no_explicit_designation_level
municipal_source,練馬区,文化財一覧（令和8年1月1日時点）,131202100033,https://www.city.nerima.tokyo.jp/kusei/tokei/opendata/opendatasite/bunka/cultural_property.files/131202_cultural_property.csv,13Tokyo/raw/municipal/13120/data.csv,ちがや馬飾り,,,,丹羽幸男(保持者),,練馬区,13120,無形民俗,無形民俗,ambiguous,,35.767624,139.653062,point,representative_point,ambiguous,無形民俗,,,no_explicit_designation_level
municipal_source,練馬区,文化財一覧（令和8年1月1日時点）,131202100034,https://www.city.nerima.tokyo.jp/kusei/tokei/opendata/opendatasite/bunka/cultural_property.files/131202_cultural_property.csv,13Tokyo/raw/municipal/13120/data.csv,田中家資料〈非公開〉,,,,個人,,練馬区,13120,有形,美術工芸品,ambiguous,2017-02,35.764692,139.655844,movable,representative_point,ambiguous,有形,美術工芸品,,no_explicit_designation_level
municipal_source,練馬区,文化財一覧（令和8年1月1日時点）,131202100035,https://www.city.nerima.tokyo.jp/kusei/tokei/opendata/opendatasite/bunka/cultural_property.files/131202_cultural_property.csv,13Tokyo/raw/municipal/13120/data.csv,氷川神社富士塚,,氷川神社,,氷川神社,,練馬区,13120,有形民俗,有形民俗,ambiguous,1995-03,35.766334,139.650969,point,representative_point,ambiguous,有形民俗,,,no_explicit_designation_level
municipal_source,練馬区,文化財一覧（令和8年1月1日時点）,131202100036,https://www.city.nerima.tokyo.jp/kusei/tokei/opendata/opendatasite/bunka/cultural_property.files/131202_cultural_property.csv,13Tokyo/raw/municipal/13120/data.csv,練馬城跡,,,,東京都,,練馬区,13120,,,ambiguous,1952-04-01,35.744056,139.645057,point,representative_point,ambiguous,,,,no_explicit_designation_level
municipal_source,練馬区,文化財一覧（令和8年1月1日時点）,131202100037,https://www.city.nerima.tokyo.jp/kusei/tokei/opendata/opendatasite/bunka/cultural_property.files/131202_cultural_property.csv,13Tokyo/raw/municipal/13120/data.csv,千川堤植櫻楓碑,,浅間神社,,浅間神社,,練馬区,13120,有形,美術工芸品,ambiguous,,35.738321,139.672346,movable,representative_point,ambiguous,有形,美術工芸品,,no_explicit_designation_level
municipal_source,練馬区,文化財一覧（令和8年1月1日時点）,131202100038,https://www.city.nerima.tokyo.jp/kusei/tokei/opendata/opendatasite/bunka/cultural_property.files/131202_cultural_property.csv,13Tokyo/raw/municipal/13120/data.csv,江古田の富士塚〈外観の見学可〉,,浅間神社,,浅間神社,,練馬区,13120,有形民俗,有形民俗,ambiguous,1979-05-21,35.738321,139.672346,point,representative_point,ambiguous,有形民俗,,,no_explicit_designation_level
municipal_source,練馬区,文化財一覧（令和8年1月1日時点）,131202100039,https://www.city.nerima.tokyo.jp/kusei/tokei/opendata/opendatasite/bunka/cultural_property.files/131202_cultural_property.csv,13Tokyo/raw/municipal/13120/data.csv,江古田の富士講関係資料〈非公開〉,,浅間神社,,浅間神社,,練馬区,13120,有形民俗,有形民俗,ambiguous,,35.738321,139.672346,point,representative_point,ambiguous,有形民俗,,,no_explicit_designation_level
municipal_source,練馬区,文化財一覧（令和8年1月1日時点）,131202100040,https://www.city.nerima.tokyo.jp/kusei/tokei/opendata/opendatasite/bunka/cultural_property.files/131202_cultural_property.csv,13Tokyo/raw/municipal/13120/data.csv,篠家文書〈非公開〉,,,,個人,,練馬区,13120,有形,美術工芸品,ambiguous,,35.74309,139.662603,movable,representative_point,ambiguous,有形,美術工芸品,,no_explicit_designation_level
municipal_source,練馬区,文化財一覧（令和8年1月1日時点）,131202100041,https://www.city.nerima.tokyo.jp/kusei/tokei/opendata/opendatasite/bunka/cultural_property.files/131202_cultural_property.csv,13Tokyo/raw/municipal/13120/data.csv,新井家文書〈非公開〉,,,,個人,,練馬区,13120,有形,美術工芸品,ambiguous,,35.74626,139.66813,movable,representative_point,ambiguous,有形,美術工芸品,,no_explicit_designation_level
municipal_source,練馬区,文化財一覧（令和8年1月1日時点）,131202100042,https://www.city.nerima.tokyo.jp/kusei/tokei/opendata/opendatasite/bunka/cultural_property.files/131202_cultural_property.csv,13Tokyo/raw/municipal/13120/data.csv,小林家住宅〈非公開〉,,,,個人,,練馬区,13120,有形,建造物,ambiguous,,35.743634,139.656616,building_direct,building_candidate_point,ambiguous,有形,建造物,,no_explicit_designation_level
municipal_source,練馬区,文化財一覧（令和8年1月1日時点）,131202100043,https://www.city.nerima.tokyo.jp/kusei/tokei/opendata/opendatasite/bunka/cultural_property.files/131202_cultural_property.csv,13Tokyo/raw/municipal/13120/data.csv,紙本着色以天宗清像〈非公開〉,,廣徳寺,,廣徳寺,,練馬区,13120,有形,美術工芸品,ambiguous,,35.747898,139.656176,movable,representative_point,ambiguous,有形,美術工芸品,,no_explicit_designation_level
municipal_source,練馬区,文化財一覧（令和8年1月1日時点）,131202100044,https://www.city.nerima.tokyo.jp/kusei/tokei/opendata/opendatasite/bunka/cultural_property.files/131202_cultural_property.csv,13Tokyo/raw/municipal/13120/data.csv,絹本着色明叟宗普像〈非公開〉,,廣徳寺,,廣徳寺,,練馬区,13120,有形,美術工芸品,ambiguous,,35.747898,139.656176,movable,representative_point,ambiguous,有形,美術工芸品,,no_explicit_designation_level
municipal_source,練馬区,文化財一覧（令和8年1月1日時点）,131202100045,https://www.city.nerima.tokyo.jp/kusei/tokei/opendata/opendatasite/bunka/cultural_property.files/131202_cultural_property.csv,13Tokyo/raw/municipal/13120/data.csv,紙本墨画淡彩希叟宗罕像〈非公開〉,,廣徳寺,,廣徳寺,,練馬区,13120,有形,美術工芸品,ambiguous,,35.747898,139.656176,movable,representative_point,ambiguous,有形,美術工芸品,,no_explicit_designation_level
municipal_source,練馬区,文化財一覧（令和8年1月1日時点）,131202100046,https://www.city.nerima.tokyo.jp/kusei/tokei/opendata/opendatasite/bunka/cultural_property.files/131202_cultural_property.csv,13Tokyo/raw/municipal/13120/data.csv,明叟宗普の墨跡〈非公開〉,,廣徳寺,,廣徳寺,,練馬区,13120,有形,美術工芸品,ambiguous,,35.747898,139.656176,movable,representative_point,ambiguous,有形,美術工芸品,,no_explicit_designation_level
municipal_source,練馬区,文化財一覧（令和8年1月1日時点）,131202100047,https://www.city.nerima.tokyo.jp/kusei/tokei/opendata/opendatasite/bunka/cultural_property.files/131202_cultural_property.csv,13Tokyo/raw/municipal/13120/data.csv,絹本着色釈迦十六善神像〈非公開〉,,廣徳寺,,廣徳寺,,練馬区,13120,有形,美術工芸品,ambiguous,,35.747898,139.656176,movable,representative_point,ambiguous,有形,美術工芸品,,no_explicit_designation_level
municipal_source,練馬区,文化財一覧（令和8年1月1日時点）,131202100048,https://www.city.nerima.tokyo.jp/kusei/tokei/opendata/opendatasite/bunka/cultural_property.files/131202_cultural_property.csv,13Tokyo/raw/municipal/13120/data.csv,正親町天皇綸旨〈非公開〉,,廣徳寺,,廣徳寺,,練馬区,13120,有形,美術工芸品,ambiguous,,35.747898,139.656176,movable,representative_point,ambiguous,有形,美術工芸品,,no_explicit_designation_level
municipal_source,練馬区,文化財一覧（令和8年1月1日時点）,131202100049,https://www.city.nerima.tokyo.jp/kusei/tokei/opendata/opendatasite/bunka/cultural_property.files/131202_cultural_property.csv,13Tokyo/raw/municipal/13120/data.csv,明叟宗普道号頌〈非公開〉,,廣徳寺,,廣徳寺,,練馬区,13120,有形,美術工芸品,ambiguous,,35.747898,139.656176,movable,representative_point,ambiguous,有形,美術工芸品,,no_explicit_designation_level
municipal_source,練馬区,文化財一覧（令和8年1月1日時点）,131202100050,https://www.city.nerima.tokyo.jp/kusei/tokei/opendata/opendatasite/bunka/cultural_property.files/131202_cultural_property.csv,13Tokyo/raw/municipal/13120/data.csv,明叟宗普書状〈非公開〉,,廣徳寺,,廣徳寺,,練馬区,13120,有形,美術工芸品,ambiguous,,35.747898,139.656176,movable,representative_point,ambiguous,有形,美術工芸品,,no_explicit_designation_level
municipal_source,練馬区,文化財一覧（令和8年1月1日時点）,131202100051,https://www.city.nerima.tokyo.jp/kusei/tokei/opendata/opendatasite/bunka/cultural_property.files/131202_cultural_property.csv,13Tokyo/raw/municipal/13120/data.csv,大山講灯籠立て行事,,,,向三谷大山講,,練馬区,13120,無形民俗,無形民俗,ambiguous,,35.729572,139.612601,point,representative_point,ambiguous,無形民俗,,,no_explicit_designation_level
municipal_source,練馬区,文化財一覧（令和8年1月1日時点）,131202100052,https://www.city.nerima.tokyo.jp/kusei/tokei/opendata/opendatasite/bunka/cultural_property.files/131202_cultural_property.csv,13Tokyo/raw/municipal/13120/data.csv,丸彫青面金剛庚申塔,,,,伊保ヶ谷戸庚申講,,練馬区,13120,有形民俗,有形民俗,ambiguous,,35.732882,139.602225,point,representative_point,ambiguous,有形民俗,,,no_explicit_designation_level
municipal_source,練馬区,文化財一覧（令和8年1月1日時点）,131202100053,https://www.city.nerima.tokyo.jp/kusei/tokei/opendata/opendatasite/bunka/cultural_property.files/131202_cultural_property.csv,13Tokyo/raw/municipal/13120/data.csv,二十三夜待供養塔,,天祖神社,,天祖神社,,練馬区,13120,有形民俗,有形民俗,ambiguous,,35.732518,139.60549,point,representative_point,ambiguous,有形民俗,,,no_explicit_designation_level
municipal_source,練馬区,文化財一覧（令和8年1月1日時点）,131202100054,https://www.city.nerima.tokyo.jp/kusei/tokei/opendata/opendatasite/bunka/cultural_property.files/131202_cultural_property.csv,13Tokyo/raw/municipal/13120/data.csv,石神井台囃子,,,,石神井台囃子連,,練馬区,13120,無形民俗,無形民俗,ambiguous,,35.737388,139.59071,point,representative_point,ambiguous,無形民俗,,,no_explicit_designation_level
municipal_source,練馬区,文化財一覧（令和8年1月1日時点）,131202100055,https://www.city.nerima.tokyo.jp/kusei/tokei/opendata/opendatasite/bunka/cultural_property.files/131202_cultural_property.csv,13Tokyo/raw/municipal/13120/data.csv,三宝寺の梵鐘,,三宝寺,,三宝寺,,練馬区,13120,有形,美術工芸品,ambiguous,1998-02,35.736244,139.597684,movable,representative_point,ambiguous,有形,美術工芸品,,no_explicit_designation_level
municipal_source,練馬区,文化財一覧（令和8年1月1日時点）,131202100056,https://www.city.nerima.tokyo.jp/kusei/tokei/opendata/opendatasite/bunka/cultural_property.files/131202_cultural_property.csv,13Tokyo/raw/municipal/13120/data.csv,三宝寺山門,,三宝寺,,三宝寺,,練馬区,13120,有形,建造物,ambiguous,2025-03,35.736244,139.597684,building_direct,building_candidate_point,ambiguous,有形,建造物,,no_explicit_designation_level
municipal_source,練馬区,文化財一覧（令和8年1月1日時点）,131202100057,https://www.city.nerima.tokyo.jp/kusei/tokei/opendata/opendatasite/bunka/cultural_property.files/131202_cultural_property.csv,13Tokyo/raw/municipal/13120/data.csv,弥陀三尊来迎画像板碑,,三宝寺,,三宝寺,,練馬区,13120,有形民俗,有形民俗,ambiguous,,35.736244,139.597684,point,representative_point,ambiguous,有形民俗,,,no_explicit_designation_level
municipal_source,練馬区,文化財一覧（令和8年1月1日時点）,131202100058,https://www.city.nerima.tokyo.jp/kusei/tokei/opendata/opendatasite/bunka/cultural_property.files/131202_cultural_property.csv,13Tokyo/raw/municipal/13120/data.csv,永享八年の夜念仏板碑,,三宝寺,,三宝寺,,練馬区,13120,有形民俗,有形民俗,ambiguous,2020-03,35.736244,139.597684,point,representative_point,ambiguous,有形民俗,,,no_explicit_designation_level
municipal_source,練馬区,文化財一覧（令和8年1月1日時点）,131202100059,https://www.city.nerima.tokyo.jp/kusei/tokei/opendata/opendatasite/bunka/cultural_property.files/131202_cultural_property.csv,13Tokyo/raw/municipal/13120/data.csv,北条氏康印判状〈非公開〉,,道場寺,,道場寺,,練馬区,13120,有形,美術工芸品,ambiguous,1991-02,35.736382,139.598558,movable,representative_point,ambiguous,有形,美術工芸品,,no_explicit_designation_level
municipal_source,練馬区,文化財一覧（令和8年1月1日時点）,131202100060,https://www.city.nerima.tokyo.jp/kusei/tokei/opendata/opendatasite/bunka/cultural_property.files/131202_cultural_property.csv,13Tokyo/raw/municipal/13120/data.csv,文応元年の弥陀板碑〈非公開〉,,道場寺,,道場寺,,練馬区,13120,有形民俗,有形民俗,ambiguous,,35.736382,139.598558,point,representative_point,ambiguous,有形民俗,,,no_explicit_designation_level
municipal_source,練馬区,文化財一覧（令和8年1月1日時点）,131202100061,https://www.city.nerima.tokyo.jp/kusei/tokei/opendata/opendatasite/bunka/cultural_property.files/131202_cultural_property.csv,13Tokyo/raw/municipal/13120/data.csv,豊島氏奉納の石燈籠,,氷川神社,,氷川神社,,練馬区,13120,有形,建造物,ambiguous,1995-03,35.736782,139.595874,building_direct,building_candidate_point,ambiguous,有形,建造物,,no_explicit_designation_level
municipal_source,練馬区,文化財一覧（令和8年1月1日時点）,131202100062,https://www.city.nerima.tokyo.jp/kusei/tokei/opendata/opendatasite/bunka/cultural_property.files/131202_cultural_property.csv,13Tokyo/raw/municipal/13120/data.csv,氷川神社の水盤,,氷川神社,,氷川神社,,練馬区,13120,有形,建造物,ambiguous,,35.736782,139.595874,building_direct,building_candidate_point,ambiguous,有形,建造物,,no_explicit_designation_level
municipal_source,練馬区,文化財一覧（令和8年1月1日時点）,131202100063,https://www.city.nerima.tokyo.jp/kusei/tokei/opendata/opendatasite/bunka/cultural_property.files/131202_cultural_property.csv,13Tokyo/raw/municipal/13120/data.csv,三宝寺池沼沢植物群落,,石神井公園,,東京都,,練馬区,13120,,,ambiguous,1935-12-24,35.737659,139.596733,point,representative_point,ambiguous,,,,no_explicit_designation_level
municipal_source,練馬区,文化財一覧（令和8年1月1日時点）,131202100064,https://www.city.nerima.tokyo.jp/kusei/tokei/opendata/opendatasite/bunka/cultural_property.files/131202_cultural_property.csv,13Tokyo/raw/municipal/13120/data.csv,石神井城跡,,石神井公園,,東京都,,練馬区,13120,,,ambiguous,1952-04-01,35.737501,139.596628,point,representative_point,ambiguous,,,,no_explicit_designation_level
municipal_source,練馬区,文化財一覧（令和8年1月1日時点）,131202100065,https://www.city.nerima.tokyo.jp/kusei/tokei/opendata/opendatasite/bunka/cultural_property.files/131202_cultural_property.csv,13Tokyo/raw/municipal/13120/data.csv,田柄用水跡,,けやき憩いの森,,練馬区,,練馬区,13120,史跡,史跡,ambiguous,,35.737416,139.582139,point,representative_point,ambiguous,史跡,,,no_explicit_designation_level
municipal_source,練馬区,文化財一覧（令和8年1月1日時点）,131202100066,https://www.city.nerima.tokyo.jp/kusei/tokei/opendata/opendatasite/bunka/cultural_property.files/131202_cultural_property.csv,13Tokyo/raw/municipal/13120/data.csv,石神井囃子,,,,石神井町囃子連,,練馬区,13120,無形民俗,無形民俗,ambiguous,,35.742746,139.604148,point,representative_point,ambiguous,無形民俗,,,no_explicit_designation_level
municipal_source,練馬区,文化財一覧（令和8年1月1日時点）,131202100067,https://www.city.nerima.tokyo.jp/kusei/tokei/opendata/opendatasite/bunka/cultural_property.files/131202_cultural_property.csv,13Tokyo/raw/municipal/13120/data.csv,石神井火車站之碑,,石神井公園駅前,,練馬区,,練馬区,13120,有形,美術工芸品,ambiguous,,35.743367,139.60675,movable,representative_point,ambiguous,有形,美術工芸品,,no_explicit_designation_level
municipal_source,練馬区,文化財一覧（令和8年1月1日時点）,131202100068,https://www.city.nerima.tokyo.jp/kusei/tokei/opendata/opendatasite/bunka/cultural_property.files/131202_cultural_property.csv,13Tokyo/raw/municipal/13120/data.csv,小島家文書,,石神井公園ふるさと文化館,,個人,,練馬区,13120,有形,美術工芸品,ambiguous,1990-02,35.737466,139.599614,movable,representative_point,ambiguous,有形,美術工芸品,,no_explicit_designation_level
municipal_source,練馬区,文化財一覧（令和8年1月1日時点）,131202100069,https://www.city.nerima.tokyo.jp/kusei/tokei/opendata/opendatasite/bunka/cultural_property.files/131202_cultural_property.csv,13Tokyo/raw/municipal/13120/data.csv,春日町出土の壺形土器,,石神井公園ふるさと文化館,,練馬区,,練馬区,13120,有形,美術工芸品,ambiguous,1992-02,35.737466,139.599614,movable,representative_point,ambiguous,有形,美術工芸品,,no_explicit_designation_level
municipal_source,練馬区,文化財一覧（令和8年1月1日時点）,131202100070,https://www.city.nerima.tokyo.jp/kusei/tokei/opendata/opendatasite/bunka/cultural_property.files/131202_cultural_property.csv,13Tokyo/raw/municipal/13120/data.csv,縄文時代の竹カゴ,,石神井公園ふるさと文化館,,練馬区,,練馬区,13120,有形,美術工芸品,ambiguous,,35.737466,139.599614,movable,representative_point,ambiguous,有形,美術工芸品,,no_explicit_designation_level
municipal_source,練馬区,文化財一覧（令和8年1月1日時点）,131202100071,https://www.city.nerima.tokyo.jp/kusei/tokei/opendata/opendatasite/bunka/cultural_property.files/131202_cultural_property.csv,13Tokyo/raw/municipal/13120/data.csv,金銅製飾具,,石神井公園ふるさと文化館,,練馬区,,練馬区,13120,有形,美術工芸品,ambiguous,2015-02,35.737466,139.599614,movable,representative_point,ambiguous,有形,美術工芸品,,no_explicit_designation_level
municipal_source,練馬区,文化財一覧（令和8年1月1日時点）,131202100072,https://www.city.nerima.tokyo.jp/kusei/tokei/opendata/opendatasite/bunka/cultural_property.files/131202_cultural_property.csv,13Tokyo/raw/municipal/13120/data.csv,尾張殿鷹場碑,,石神井公園ふるさと文化館,,個人,,練馬区,13120,有形,美術工芸品,ambiguous,,35.737466,139.599614,movable,representative_point,ambiguous,有形,美術工芸品,,no_explicit_designation_level
municipal_source,練馬区,文化財一覧（令和8年1月1日時点）,131202100073,https://www.city.nerima.tokyo.jp/kusei/tokei/opendata/opendatasite/bunka/cultural_property.files/131202_cultural_property.csv,13Tokyo/raw/municipal/13120/data.csv,荘家文書,,石神井公園ふるさと文化館,,個人,,練馬区,13120,有形,美術工芸品,ambiguous,,35.737466,139.599614,movable,representative_point,ambiguous,有形,美術工芸品,,no_explicit_designation_level
municipal_source,練馬区,文化財一覧（令和8年1月1日時点）,131202100074,https://www.city.nerima.tokyo.jp/kusei/tokei/opendata/opendatasite/bunka/cultural_property.files/131202_cultural_property.csv,13Tokyo/raw/municipal/13120/data.csv,比丘尼橋遺跡出土の旧石器,,石神井公園ふるさと文化館,,練馬区,,練馬区,13120,有形,美術工芸品,ambiguous,,35.737466,139.599614,movable,representative_point,ambiguous,有形,美術工芸品,,no_explicit_designation_level
municipal_source,練馬区,文化財一覧（令和8年1月1日時点）,131202100075,https://www.city.nerima.tokyo.jp/kusei/tokei/opendata/opendatasite/bunka/cultural_property.files/131202_cultural_property.csv,13Tokyo/raw/municipal/13120/data.csv,武蔵関遺跡出土の大型槍先形石器,,石神井公園ふるさと文化館,,練馬区,,練馬区,13120,有形,美術工芸品,ambiguous,,35.737466,139.599614,movable,representative_point,ambiguous,有形,美術工芸品,,no_explicit_designation_level
municipal_source,練馬区,文化財一覧（令和8年1月1日時点）,131202100076,https://www.city.nerima.tokyo.jp/kusei/tokei/opendata/opendatasite/bunka/cultural_property.files/131202_cultural_property.csv,13Tokyo/raw/municipal/13120/data.csv,高稲荷遺跡出土の旧石器,,石神井公園ふるさと文化館,,練馬区,,練馬区,13120,有形,美術工芸品,ambiguous,,35.737466,139.599614,movable,representative_point,ambiguous,有形,美術工芸品,,no_explicit_designation_level
municipal_source,練馬区,文化財一覧（令和8年1月1日時点）,131202100077,https://www.city.nerima.tokyo.jp/kusei/tokei/opendata/opendatasite/bunka/cultural_property.files/131202_cultural_property.csv,13Tokyo/raw/municipal/13120/data.csv,丸山東遺跡出土の木製品,,石神井公園ふるさと文化館,,練馬区,,練馬区,13120,有形,美術工芸品,ambiguous,1999-01,35.737466,139.599614,movable,representative_point,ambiguous,有形,美術工芸品,,no_explicit_designation_level
municipal_source,練馬区,文化財一覧（令和8年1月1日時点）,131202100078,https://www.city.nerima.tokyo.jp/kusei/tokei/opendata/opendatasite/bunka/cultural_property.files/131202_cultural_property.csv,13Tokyo/raw/municipal/13120/data.csv,中宮遺跡5号住居址の盛土状遺構出土品,,石神井公園ふるさと文化館,,練馬区,,練馬区,13120,有形,美術工芸品,ambiguous,2009-01,35.737466,139.599614,movable,representative_point,ambiguous,有形,美術工芸品,,no_explicit_designation_level
municipal_source,練馬区,文化財一覧（令和8年1月1日時点）,131202100079,https://www.city.nerima.tokyo.jp/kusei/tokei/opendata/opendatasite/bunka/cultural_property.files/131202_cultural_property.csv,13Tokyo/raw/municipal/13120/data.csv,千川家文書,,石神井公園ふるさと文化館,,練馬区,,練馬区,13120,有形,美術工芸品,ambiguous,1999-01,35.737466,139.599614,movable,representative_point,ambiguous,有形,美術工芸品,,no_explicit_designation_level
municipal_source,練馬区,文化財一覧（令和8年1月1日時点）,131202100080,https://www.city.nerima.tokyo.jp/kusei/tokei/opendata/opendatasite/bunka/cultural_property.files/131202_cultural_property.csv,13Tokyo/raw/municipal/13120/data.csv,八ヶ谷戸遺跡出土の大形把手付縄文土器,,石神井公園ふるさと文化館,,練馬区,,練馬区,13120,有形,美術工芸品,ambiguous,,35.737466,139.599614,movable,representative_point,ambiguous,有形,美術工芸品,,no_explicit_designation_level
municipal_source,練馬区,文化財一覧（令和8年1月1日時点）,131202100081,https://www.city.nerima.tokyo.jp/kusei/tokei/opendata/opendatasite/bunka/cultural_property.files/131202_cultural_property.csv,13Tokyo/raw/municipal/13120/data.csv,中野屋商店文書,,石神井公園ふるさと文化館,,練馬区,,練馬区,13120,有形,美術工芸品,ambiguous,,35.737466,139.599614,movable,representative_point,ambiguous,有形,美術工芸品,,no_explicit_designation_level
municipal_source,練馬区,文化財一覧（令和8年1月1日時点）,131202100082,https://www.city.nerima.tokyo.jp/kusei/tokei/opendata/opendatasite/bunka/cultural_property.files/131202_cultural_property.csv,13Tokyo/raw/municipal/13120/data.csv,石神井城跡出土小刀,,石神井公園ふるさと文化館,,練馬区,,練馬区,13120,有形,美術工芸品,ambiguous,,35.737466,139.599614,movable,representative_point,ambiguous,有形,美術工芸品,,no_explicit_designation_level
municipal_source,練馬区,文化財一覧（令和8年1月1日時点）,131202100083,https://www.city.nerima.tokyo.jp/kusei/tokei/opendata/opendatasite/bunka/cultural_property.files/131202_cultural_property.csv,13Tokyo/raw/municipal/13120/data.csv,石神井西尋常小学校のリードオルガン,,石神井公園ふるさと文化館,,練馬区,,練馬区,13120,有形,美術工芸品,ambiguous,,35.737466,139.599614,movable,representative_point,ambiguous,有形,美術工芸品,,no_explicit_designation_level
municipal_source,練馬区,文化財一覧（令和8年1月1日時点）,131202100084,https://www.city.nerima.tokyo.jp/kusei/tokei/opendata/opendatasite/bunka/cultural_property.files/131202_cultural_property.csv,13Tokyo/raw/municipal/13120/data.csv,木下家文書,,石神井公園ふるさと文化館,,練馬区,,練馬区,13120,有形,美術工芸品,ambiguous,,35.737466,139.599614,movable,representative_point,ambiguous,有形,美術工芸品,,no_explicit_designation_level
municipal_source,練馬区,文化財一覧（令和8年1月1日時点）,131202100085,https://www.city.nerima.tokyo.jp/kusei/tokei/opendata/opendatasite/bunka/cultural_property.files/131202_cultural_property.csv,13Tokyo/raw/municipal/13120/data.csv,栗原家文書,,石神井公園ふるさと文化館,,練馬区,,練馬区,13120,有形,美術工芸品,ambiguous,,35.737466,139.599614,movable,representative_point,ambiguous,有形,美術工芸品,,no_explicit_designation_level
municipal_source,練馬区,文化財一覧（令和8年1月1日時点）,131202100086,https://www.city.nerima.tokyo.jp/kusei/tokei/opendata/opendatasite/bunka/cultural_property.files/131202_cultural_property.csv,13Tokyo/raw/municipal/13120/data.csv,小竹遺跡出土の大珠,,石神井公園ふるさと文化館,,練馬区,,練馬区,13120,有形,美術工芸品,ambiguous,2013-01,35.737466,139.599614,movable,representative_point,ambiguous,有形,美術工芸品,,no_explicit_designation_level
municipal_source,練馬区,文化財一覧（令和8年1月1日時点）,131202100087,https://www.city.nerima.tokyo.jp/kusei/tokei/opendata/opendatasite/bunka/cultural_property.files/131202_cultural_property.csv,13Tokyo/raw/municipal/13120/data.csv,丸山東遺跡方形周溝墓出土品,,石神井公園ふるさと文化館,,練馬区,,練馬区,13120,有形,美術工芸品,ambiguous,2005-02-22,35.737466,139.599614,movable,representative_point,ambiguous,有形,美術工芸品,,no_explicit_designation_level
municipal_source,練馬区,文化財一覧（令和8年1月1日時点）,131202100088,https://www.city.nerima.tokyo.jp/kusei/tokei/opendata/opendatasite/bunka/cultural_property.files/131202_cultural_property.csv,13Tokyo/raw/municipal/13120/data.csv,千川上水の記録フィルム,,石神井公園ふるさと文化館,,練馬区,,練馬区,13120,有形,美術工芸品,ambiguous,,35.737466,139.599614,movable,representative_point,ambiguous,有形,美術工芸品,,no_explicit_designation_level
municipal_source,練馬区,文化財一覧（令和8年1月1日時点）,131202100089,https://www.city.nerima.tokyo.jp/kusei/tokei/opendata/opendatasite/bunka/cultural_property.files/131202_cultural_property.csv,13Tokyo/raw/municipal/13120/data.csv,内国勧業博覧会褒状,,石神井公園ふるさと文化館,,練馬区,,練馬区,13120,有形,美術工芸品,ambiguous,,35.737466,139.599614,movable,representative_point,ambiguous,有形,美術工芸品,,no_explicit_designation_level
municipal_source,練馬区,文化財一覧（令和8年1月1日時点）,131202100090,https://www.city.nerima.tokyo.jp/kusei/tokei/opendata/opendatasite/bunka/cultural_property.files/131202_cultural_property.csv,13Tokyo/raw/municipal/13120/data.csv,東早淵遺跡出土の局部磨製石斧,,石神井公園ふるさと文化館,,練馬区,,練馬区,13120,有形,美術工芸品,ambiguous,,35.737466,139.599614,movable,representative_point,ambiguous,有形,美術工芸品,,no_explicit_designation_level
municipal_source,練馬区,文化財一覧（令和8年1月1日時点）,131202100091,https://www.city.nerima.tokyo.jp/kusei/tokei/opendata/opendatasite/bunka/cultural_property.files/131202_cultural_property.csv,13Tokyo/raw/municipal/13120/data.csv,大泉井頭遺跡出土の有孔鍔付土器,,石神井公園ふるさと文化館,,練馬区,,練馬区,13120,有形,美術工芸品,ambiguous,,35.737466,139.599614,movable,representative_point,ambiguous,有形,美術工芸品,,no_explicit_designation_level
municipal_source,練馬区,文化財一覧（令和8年1月1日時点）,131202100092,https://www.city.nerima.tokyo.jp/kusei/tokei/opendata/opendatasite/bunka/cultural_property.files/131202_cultural_property.csv,13Tokyo/raw/municipal/13120/data.csv,丸山東遺跡出土の石棒,,石神井公園ふるさと文化館,,練馬区,,練馬区,13120,有形,美術工芸品,ambiguous,2012-01,35.737466,139.599614,movable,representative_point,ambiguous,有形,美術工芸品,,no_explicit_designation_level
municipal_source,練馬区,文化財一覧（令和8年1月1日時点）,131202100093,https://www.city.nerima.tokyo.jp/kusei/tokei/opendata/opendatasite/bunka/cultural_property.files/131202_cultural_property.csv,13Tokyo/raw/municipal/13120/data.csv,武内家資料,,石神井公園ふるさと文化館,,練馬区,,練馬区,13120,有形,美術工芸品,ambiguous,,35.737466,139.599614,movable,representative_point,ambiguous,有形,美術工芸品,,no_explicit_designation_level
municipal_source,練馬区,文化財一覧（令和8年1月1日時点）,131202100094,https://www.city.nerima.tokyo.jp/kusei/tokei/opendata/opendatasite/bunka/cultural_property.files/131202_cultural_property.csv,13Tokyo/raw/municipal/13120/data.csv,天祖神社東遺跡出土の石核,,石神井公園ふるさと文化館,,練馬区,,練馬区,13120,有形,美術工芸品,ambiguous,,35.737466,139.599614,movable,representative_point,ambiguous,有形,美術工芸品,,no_explicit_designation_level
municipal_source,練馬区,文化財一覧（令和8年1月1日時点）,131202100095,https://www.city.nerima.tokyo.jp/kusei/tokei/opendata/opendatasite/bunka/cultural_property.files/131202_cultural_property.csv,13Tokyo/raw/municipal/13120/data.csv,北新井遺跡出土の土偶,,石神井公園ふるさと文化館,,練馬区,,練馬区,13120,有形,美術工芸品,ambiguous,,35.737466,139.599614,movable,representative_point,ambiguous,有形,美術工芸品,,no_explicit_designation_level
municipal_source,練馬区,文化財一覧（令和8年1月1日時点）,131202100096,https://www.city.nerima.tokyo.jp/kusei/tokei/opendata/opendatasite/bunka/cultural_property.files/131202_cultural_property.csv,13Tokyo/raw/municipal/13120/data.csv,森田家資料,,石神井公園ふるさと文化館,,練馬区,,練馬区,13120,有形,美術工芸品,ambiguous,,35.737466,139.599614,movable,representative_point,ambiguous,有形,美術工芸品,,no_explicit_designation_level
municipal_source,練馬区,文化財一覧（令和8年1月1日時点）,131202100097,https://www.city.nerima.tokyo.jp/kusei/tokei/opendata/opendatasite/bunka/cultural_property.files/131202_cultural_property.csv,13Tokyo/raw/municipal/13120/data.csv,丸山東遺跡出土の片口土器,,石神井公園ふるさと文化館,,練馬区,,練馬区,13120,有形,美術工芸品,ambiguous,2021-03,35.737466,139.599614,movable,representative_point,ambiguous,有形,美術工芸品,,no_explicit_designation_level
municipal_source,練馬区,文化財一覧（令和8年1月1日時点）,131202100098,https://www.city.nerima.tokyo.jp/kusei/tokei/opendata/opendatasite/bunka/cultural_property.files/131202_cultural_property.csv,13Tokyo/raw/municipal/13120/data.csv,アニメーション撮影台,,石神井公園ふるさと文化館,,練馬区,,練馬区,13120,有形,美術工芸品,ambiguous,,35.737466,139.599614,movable,representative_point,ambiguous,有形,美術工芸品,,no_explicit_designation_level
municipal_source,練馬区,文化財一覧（令和8年1月1日時点）,131202100099,https://www.city.nerima.tokyo.jp/kusei/tokei/opendata/opendatasite/bunka/cultural_property.files/131202_cultural_property.csv,13Tokyo/raw/municipal/13120/data.csv,五十嵐家文書,,石神井公園ふるさと文化館,,練馬区,,練馬区,13120,有形,美術工芸品,ambiguous,,35.737466,139.599614,movable,representative_point,ambiguous,有形,美術工芸品,,no_explicit_designation_level
municipal_source,練馬区,文化財一覧（令和8年1月1日時点）,131202100100,https://www.city.nerima.tokyo.jp/kusei/tokei/opendata/opendatasite/bunka/cultural_property.files/131202_cultural_property.csv,13Tokyo/raw/municipal/13120/data.csv,山口家資料,,石神井公園ふるさと文化館,,練馬区,,練馬区,13120,有形,美術工芸品,ambiguous,,35.737466,139.599614,movable,representative_point,ambiguous,有形,美術工芸品,,no_explicit_designation_level
municipal_source,練馬区,文化財一覧（令和8年1月1日時点）,131202100101,https://www.city.nerima.tokyo.jp/kusei/tokei/opendata/opendatasite/bunka/cultural_property.files/131202_cultural_property.csv,13Tokyo/raw/municipal/13120/data.csv,鴨下家文書,,石神井公園ふるさと文化館,,練馬区,,練馬区,13120,有形,美術工芸品,ambiguous,2021-03,35.737466,139.599614,movable,representative_point,ambiguous,有形,美術工芸品,,no_explicit_designation_level
municipal_source,練馬区,文化財一覧（令和8年1月1日時点）,131202100102,https://www.city.nerima.tokyo.jp/kusei/tokei/opendata/opendatasite/bunka/cultural_property.files/131202_cultural_property.csv,13Tokyo/raw/municipal/13120/data.csv,豊島家文書,,石神井公園ふるさと文化館,,練馬区,,練馬区,13120,有形,美術工芸品,ambiguous,,35.737466,139.599614,movable,representative_point,ambiguous,有形,美術工芸品,,no_explicit_designation_level
municipal_source,練馬区,文化財一覧（令和8年1月1日時点）,131202100103,https://www.city.nerima.tokyo.jp/kusei/tokei/opendata/opendatasite/bunka/cultural_property.files/131202_cultural_property.csv,13Tokyo/raw/municipal/13120/data.csv,大八車,,石神井公園ふるさと文化館,,練馬区,,練馬区,13120,有形民俗,有形民俗,ambiguous,1991-02,35.737466,139.599614,point,representative_point,ambiguous,有形民俗,,,no_explicit_designation_level
municipal_source,練馬区,文化財一覧（令和8年1月1日時点）,131202100104,https://www.city.nerima.tokyo.jp/kusei/tokei/opendata/opendatasite/bunka/cultural_property.files/131202_cultural_property.csv,13Tokyo/raw/municipal/13120/data.csv,沢庵漬製造用具,,石神井公園ふるさと文化館,,練馬区,,練馬区,13120,有形民俗,有形民俗,ambiguous,,35.737466,139.599614,point,representative_point,ambiguous,有形民俗,,,no_explicit_designation_level
municipal_source,練馬区,文化財一覧（令和8年1月1日時点）,131202100105,https://www.city.nerima.tokyo.jp/kusei/tokei/opendata/opendatasite/bunka/cultural_property.files/131202_cultural_property.csv,13Tokyo/raw/municipal/13120/data.csv,長享二年の申待板碑,,石神井公園ふるさと文化館,,練馬区,,練馬区,13120,有形民俗,有形民俗,ambiguous,1997-03,35.737466,139.599614,point,representative_point,ambiguous,有形民俗,,,no_explicit_designation_level
municipal_source,練馬区,文化財一覧（令和8年1月1日時点）,131202100106,https://www.city.nerima.tokyo.jp/kusei/tokei/opendata/opendatasite/bunka/cultural_property.files/131202_cultural_property.csv,13Tokyo/raw/municipal/13120/data.csv,富士講巡拝装束,,石神井公園ふるさと文化館,,練馬区,,練馬区,13120,有形民俗,有形民俗,ambiguous,,35.737466,139.599614,point,representative_point,ambiguous,有形民俗,,,no_explicit_designation_level
municipal_source,練馬区,文化財一覧（令和8年1月1日時点）,131202100107,https://www.city.nerima.tokyo.jp/kusei/tokei/opendata/opendatasite/bunka/cultural_property.files/131202_cultural_property.csv,13Tokyo/raw/municipal/13120/data.csv,棒屋資料,,石神井公園ふるさと文化館,,練馬区,,練馬区,13120,有形民俗,有形民俗,ambiguous,,35.737466,139.599614,point,representative_point,ambiguous,有形民俗,,,no_explicit_designation_level
municipal_source,練馬区,文化財一覧（令和8年1月1日時点）,131202100108,https://www.city.nerima.tokyo.jp/kusei/tokei/opendata/opendatasite/bunka/cultural_property.files/131202_cultural_property.csv,13Tokyo/raw/municipal/13120/data.csv,井戸替え用具,,石神井公園ふるさと文化館,,練馬区,,練馬区,13120,有形民俗,有形民俗,ambiguous,,35.737466,139.599614,point,representative_point,ambiguous,有形民俗,,,no_explicit_designation_level
municipal_source,練馬区,文化財一覧（令和8年1月1日時点）,131202100109,https://www.city.nerima.tokyo.jp/kusei/tokei/opendata/opendatasite/bunka/cultural_property.files/131202_cultural_property.csv,13Tokyo/raw/municipal/13120/data.csv,醤油醸造業用具,,石神井公園ふるさと文化館,,練馬区,,練馬区,13120,有形民俗,有形民俗,ambiguous,,35.737466,139.599614,point,representative_point,ambiguous,有形民俗,,,no_explicit_designation_level
municipal_source,練馬区,文化財一覧（令和8年1月1日時点）,131202100110,https://www.city.nerima.tokyo.jp/kusei/tokei/opendata/opendatasite/bunka/cultural_property.files/131202_cultural_property.csv,13Tokyo/raw/municipal/13120/data.csv,池淵遺跡,,池淵史跡公園,,練馬区,,練馬区,13120,史跡,史跡,ambiguous,,35.737692,139.600557,point,representative_point,ambiguous,史跡,,,no_explicit_designation_level
municipal_source,練馬区,文化財一覧（令和8年1月1日時点）,131202100111,https://www.city.nerima.tokyo.jp/kusei/tokei/opendata/opendatasite/bunka/cultural_property.files/131202_cultural_property.csv,13Tokyo/raw/municipal/13120/data.csv,旧内田家住宅,,池淵史跡公園,,練馬区,,練馬区,13120,有形,建造物,ambiguous,2008-01,35.737692,139.600557,building_direct,building_candidate_point,ambiguous,有形,建造物,,no_explicit_designation_level
municipal_source,練馬区,文化財一覧（令和8年1月1日時点）,131202100112,https://www.city.nerima.tokyo.jp/kusei/tokei/opendata/opendatasite/bunka/cultural_property.files/131202_cultural_property.csv,13Tokyo/raw/municipal/13120/data.csv,橘紋椿几帳柄鏡〈非公開〉,,禅定院,,禅定院,,練馬区,13120,有形,美術工芸品,ambiguous,,35.737635,139.604647,movable,representative_point,ambiguous,有形,美術工芸品,,no_explicit_designation_level
municipal_source,練馬区,文化財一覧（令和8年1月1日時点）,131202100113,https://www.city.nerima.tokyo.jp/kusei/tokei/opendata/opendatasite/bunka/cultural_property.files/131202_cultural_property.csv,13Tokyo/raw/municipal/13120/data.csv,石幢六面六地蔵,,禅定院,,禅定院,,練馬区,13120,有形民俗,有形民俗,ambiguous,,35.737635,139.604647,point,representative_point,ambiguous,有形民俗,,,no_explicit_designation_level
municipal_source,練馬区,文化財一覧（令和8年1月1日時点）,131202100114,https://www.city.nerima.tokyo.jp/kusei/tokei/opendata/opendatasite/bunka/cultural_property.files/131202_cultural_property.csv,13Tokyo/raw/municipal/13120/data.csv,織部燈籠,,禅定院,,禅定院,,練馬区,13120,有形民俗,有形民俗,ambiguous,,35.737635,139.604647,point,representative_point,ambiguous,有形民俗,,,no_explicit_designation_level
municipal_source,練馬区,文化財一覧（令和8年1月1日時点）,131202100115,https://www.city.nerima.tokyo.jp/kusei/tokei/opendata/opendatasite/bunka/cultural_property.files/131202_cultural_property.csv,13Tokyo/raw/municipal/13120/data.csv,関町囃子,,,,関町囃子保存会,,練馬区,13120,無形民俗,無形民俗,ambiguous,,35.727473,139.576366,point,representative_point,ambiguous,無形民俗,,,no_explicit_designation_level
municipal_source,練馬区,文化財一覧（令和8年1月1日時点）,131202100116,https://www.city.nerima.tokyo.jp/kusei/tokei/opendata/opendatasite/bunka/cultural_property.files/131202_cultural_property.csv,13Tokyo/raw/municipal/13120/data.csv,井口家文書〈非公開〉,,,,個人,,練馬区,13120,有形,美術工芸品,ambiguous,1997-03,35.726709,139.576204,movable,representative_point,ambiguous,有形,美術工芸品,,no_explicit_designation_level
municipal_source,練馬区,文化財一覧（令和8年1月1日時点）,131202100117,https://www.city.nerima.tokyo.jp/kusei/tokei/opendata/opendatasite/bunka/cultural_property.files/131202_cultural_property.csv,13Tokyo/raw/municipal/13120/data.csv,井口家文書〈非公開〉,,,,個人,,練馬区,13120,有形,美術工芸品,ambiguous,1997-03,35.726709,139.576204,movable,representative_point,ambiguous,有形,美術工芸品,,no_explicit_designation_level
municipal_source,練馬区,文化財一覧（令和8年1月1日時点）,131202100118,https://www.city.nerima.tokyo.jp/kusei/tokei/opendata/opendatasite/bunka/cultural_property.files/131202_cultural_property.csv,13Tokyo/raw/municipal/13120/data.csv,関のぼろ市,,本立寺門前,,本立寺,,練馬区,13120,無形民俗,無形民俗,ambiguous,,35.728468,139.574693,point,representative_point,ambiguous,無形民俗,,,no_explicit_designation_level
municipal_source,練馬区,文化財一覧（令和8年1月1日時点）,131202100119,https://www.city.nerima.tokyo.jp/kusei/tokei/opendata/opendatasite/bunka/cultural_property.files/131202_cultural_property.csv,13Tokyo/raw/municipal/13120/data.csv,関のかんかん地蔵,,,,三宝寺(管理者),,練馬区,13120,有形民俗,有形民俗,ambiguous,2001-02,35.723146,139.583566,point,representative_point,ambiguous,有形民俗,,,no_explicit_designation_level
municipal_source,練馬区,文化財一覧（令和8年1月1日時点）,131202100120,https://www.city.nerima.tokyo.jp/kusei/tokei/opendata/opendatasite/bunka/cultural_property.files/131202_cultural_property.csv,13Tokyo/raw/municipal/13120/data.csv,井口家文書〈非公開〉,,,,個人,,練馬区,13120,有形,美術工芸品,ambiguous,1997-03,35.72075,139.574271,movable,representative_point,ambiguous,有形,美術工芸品,,no_explicit_designation_level
municipal_source,練馬区,文化財一覧（令和8年1月1日時点）,131202100121,https://www.city.nerima.tokyo.jp/kusei/tokei/opendata/opendatasite/bunka/cultural_property.files/131202_cultural_property.csv,13Tokyo/raw/municipal/13120/data.csv,千川上水跡,,,,東京都,,練馬区,13120,史跡,史跡,ambiguous,,35.720878,139.588417,point,representative_point,ambiguous,史跡,,,no_explicit_designation_level
municipal_source,練馬区,文化財一覧（令和8年1月1日時点）,131202100122,https://www.city.nerima.tokyo.jp/kusei/tokei/opendata/opendatasite/bunka/cultural_property.files/131202_cultural_property.csv,13Tokyo/raw/municipal/13120/data.csv,横山家文書〈非公開〉,,,,個人,,練馬区,13120,有形,美術工芸品,ambiguous,,35.744059,139.617617,movable,representative_point,ambiguous,有形,美術工芸品,,no_explicit_designation_level
municipal_source,練馬区,文化財一覧（令和8年1月1日時点）,131202100123,https://www.city.nerima.tokyo.jp/kusei/tokei/opendata/opendatasite/bunka/cultural_property.files/131202_cultural_property.csv,13Tokyo/raw/municipal/13120/data.csv,東高野山奥之院,,長命寺,,長命寺,,練馬区,13120,史跡,史跡,ambiguous,1956-03-03,35.743821,139.614376,point,representative_point,ambiguous,史跡,,,no_explicit_designation_level
municipal_source,練馬区,文化財一覧（令和8年1月1日時点）,131202100124,https://www.city.nerima.tokyo.jp/kusei/tokei/opendata/opendatasite/bunka/cultural_property.files/131202_cultural_property.csv,13Tokyo/raw/municipal/13120/data.csv,長命寺の梵鐘,,長命寺,,長命寺,,練馬区,13120,有形,美術工芸品,ambiguous,,35.743821,139.614376,movable,representative_point,ambiguous,有形,美術工芸品,,no_explicit_designation_level
municipal_source,練馬区,文化財一覧（令和8年1月1日時点）,131202100125,https://www.city.nerima.tokyo.jp/kusei/tokei/opendata/opendatasite/bunka/cultural_property.files/131202_cultural_property.csv,13Tokyo/raw/municipal/13120/data.csv,双蝶々曲輪日記図絵馬〈非公開〉(都指定文化財名称:板絵着色役者絵),,長命寺,,長命寺,,練馬区,13120,有形,美術工芸品,ambiguous,1952-11-03,35.743821,139.614376,movable,representative_point,ambiguous,有形,美術工芸品,,no_explicit_designation_level
municipal_source,練馬区,文化財一覧（令和8年1月1日時点）,131202100126,https://www.city.nerima.tokyo.jp/kusei/tokei/opendata/opendatasite/bunka/cultural_property.files/131202_cultural_property.csv,13Tokyo/raw/municipal/13120/data.csv,牛若丸・弁慶図絵馬〈非公開〉,,長命寺,,長命寺,,練馬区,13120,有形,美術工芸品,ambiguous,,35.743821,139.614376,movable,representative_point,ambiguous,有形,美術工芸品,,no_explicit_designation_level
municipal_source,練馬区,文化財一覧（令和8年1月1日時点）,131202100127,https://www.city.nerima.tokyo.jp/kusei/tokei/opendata/opendatasite/bunka/cultural_property.files/131202_cultural_property.csv,13Tokyo/raw/municipal/13120/data.csv,長命寺仁王門,,長命寺,,長命寺,,練馬区,13120,有形,建造物,ambiguous,1992-02,35.743821,139.614376,building_direct,building_candidate_point,ambiguous,有形,建造物,,no_explicit_designation_level
municipal_source,練馬区,文化財一覧（令和8年1月1日時点）,131202100128,https://www.city.nerima.tokyo.jp/kusei/tokei/opendata/opendatasite/bunka/cultural_property.files/131202_cultural_property.csv,13Tokyo/raw/municipal/13120/data.csv,八幡神社の石造大山不動明王像,,八幡神社,,八幡神社,,練馬区,13120,有形民俗,有形民俗,ambiguous,,35.747057,139.633593,point,representative_point,ambiguous,有形民俗,,,no_explicit_designation_level
municipal_source,練馬区,文化財一覧（令和8年1月1日時点）,131202100129,https://www.city.nerima.tokyo.jp/kusei/tokei/opendata/opendatasite/bunka/cultural_property.files/131202_cultural_property.csv,13Tokyo/raw/municipal/13120/data.csv,高松の板碑型庚申塔,,,,個人,,練馬区,13120,有形民俗,有形民俗,ambiguous,,35.747037,139.636608,point,representative_point,ambiguous,有形民俗,,,no_explicit_designation_level
municipal_source,練馬区,文化財一覧（令和8年1月1日時点）,131202100130,https://www.city.nerima.tokyo.jp/kusei/tokei/opendata/opendatasite/bunka/cultural_property.files/131202_cultural_property.csv,13Tokyo/raw/municipal/13120/data.csv,宮田橋敷石供養塔,,,,練馬区,,練馬区,13120,有形,建造物,ambiguous,,35.745963,139.632051,building_direct,building_candidate_point,ambiguous,有形,建造物,,no_explicit_designation_level
municipal_source,練馬区,文化財一覧（令和8年1月1日時点）,131202100131,https://www.city.nerima.tokyo.jp/kusei/tokei/opendata/opendatasite/bunka/cultural_property.files/131202_cultural_property.csv,13Tokyo/raw/municipal/13120/data.csv,高松の庚申塔,,,,練馬区,,練馬区,13120,有形民俗,有形民俗,ambiguous,,35.745963,139.632051,point,representative_point,ambiguous,有形民俗,,,no_explicit_designation_level
municipal_source,練馬区,文化財一覧（令和8年1月1日時点）,131202100132,https://www.city.nerima.tokyo.jp/kusei/tokei/opendata/opendatasite/bunka/cultural_property.files/131202_cultural_property.csv,13Tokyo/raw/municipal/13120/data.csv,織部燈籠〈非公開〉,,石神井公園ふるさと文化館,,練馬区,,練馬区,13120,有形,美術工芸品,ambiguous,,35.737466,139.599614,movable,representative_point,ambiguous,有形,美術工芸品,,no_explicit_designation_level
municipal_source,練馬区,文化財一覧（令和8年1月1日時点）,131202100133,https://www.city.nerima.tokyo.jp/kusei/tokei/opendata/opendatasite/bunka/cultural_property.files/131202_cultural_property.csv,13Tokyo/raw/municipal/13120/data.csv,服部半蔵奉納の仁王像,,御嶽神社,,御嶽神社,,練馬区,13120,有形,建造物,ambiguous,1992-02,35.749768,139.627861,building_direct,building_candidate_point,ambiguous,有形,建造物,,no_explicit_designation_level
municipal_source,練馬区,文化財一覧（令和8年1月1日時点）,131202100134,https://www.city.nerima.tokyo.jp/kusei/tokei/opendata/opendatasite/bunka/cultural_property.files/131202_cultural_property.csv,13Tokyo/raw/municipal/13120/data.csv,高松の御嶽講関係資料〈非公開〉,,御嶽神社,,練馬御嶽一山開闢講社,,練馬区,13120,有形民俗,有形民俗,ambiguous,,35.760364,139.619838,point,representative_point,ambiguous,有形民俗,,,no_explicit_designation_level
municipal_source,練馬区,文化財一覧（令和8年1月1日時点）,131202100135,https://www.city.nerima.tokyo.jp/kusei/tokei/opendata/opendatasite/bunka/cultural_property.files/131202_cultural_property.csv,13Tokyo/raw/municipal/13120/data.csv,田柄囃子,,,,田柄囃子保存会,,練馬区,13120,無形民俗,無形民俗,ambiguous,,35.761608,139.646956,point,representative_point,ambiguous,無形民俗,,,no_explicit_designation_level
municipal_source,練馬区,文化財一覧（令和8年1月1日時点）,131202100136,https://www.city.nerima.tokyo.jp/kusei/tokei/opendata/opendatasite/bunka/cultural_property.files/131202_cultural_property.csv,13Tokyo/raw/municipal/13120/data.csv,田柄用水記念碑,,天祖神社,,天祖神社,,練馬区,13120,史跡,史跡,ambiguous,,35.764066,139.641899,point,representative_point,ambiguous,史跡,,,no_explicit_designation_level
municipal_source,練馬区,文化財一覧（令和8年1月1日時点）,131202100137,https://www.city.nerima.tokyo.jp/kusei/tokei/opendata/opendatasite/bunka/cultural_property.files/131202_cultural_property.csv,13Tokyo/raw/municipal/13120/data.csv,相原好吉家文書〈非公開〉,,,,個人,,練馬区,13120,有形,美術工芸品,ambiguous,,35.759907,139.632954,movable,representative_point,ambiguous,有形,美術工芸品,,no_explicit_designation_level
municipal_source,練馬区,文化財一覧（令和8年1月1日時点）,131202100138,https://www.city.nerima.tokyo.jp/kusei/tokei/opendata/opendatasite/bunka/cultural_property.files/131202_cultural_property.csv,13Tokyo/raw/municipal/13120/data.csv,相原家薬医門〈路上見学のみ〉,,,,個人,,練馬区,13120,有形,建造物,ambiguous,2001-02,35.759907,139.632954,building_direct,building_candidate_point,ambiguous,有形,建造物,,no_explicit_designation_level
municipal_source,練馬区,文化財一覧（令和8年1月1日時点）,131202100139,https://www.city.nerima.tokyo.jp/kusei/tokei/opendata/opendatasite/bunka/cultural_property.files/131202_cultural_property.csv,13Tokyo/raw/municipal/13120/data.csv,井口家の屋敷林,,立野町街かどの森,,個人,,練馬区,13120,天然記念物,天然記念物,ambiguous,,35.718761,139.575851,point,representative_point,ambiguous,天然記念物,,,no_explicit_designation_level
municipal_source,練馬区,文化財一覧（令和8年1月1日時点）,131202100140,https://www.city.nerima.tokyo.jp/kusei/tokei/opendata/opendatasite/bunka/cultural_property.files/131202_cultural_property.csv,13Tokyo/raw/municipal/13120/data.csv,関口家文書〈非公開〉,,,,個人,,練馬区,13120,有形,美術工芸品,ambiguous,,35.760347,139.607196,movable,representative_point,ambiguous,有形,美術工芸品,,no_explicit_designation_level
municipal_source,練馬区,文化財一覧（令和8年1月1日時点）,131202100141,https://www.city.nerima.tokyo.jp/kusei/tokei/opendata/opendatasite/bunka/cultural_property.files/131202_cultural_property.csv,13Tokyo/raw/municipal/13120/data.csv,旧見留家納屋,,土支田農業公園,,練馬区,,練馬区,13120,有形,建造物,ambiguous,2020-02,35.760488,139.609491,building_direct,building_candidate_point,ambiguous,有形,建造物,,no_explicit_designation_level
municipal_source,練馬区,文化財一覧（令和8年1月1日時点）,131202100142,https://www.city.nerima.tokyo.jp/kusei/tokei/opendata/opendatasite/bunka/cultural_property.files/131202_cultural_property.csv,13Tokyo/raw/municipal/13120/data.csv,加藤家文書〈非公開〉,,,,個人,,練馬区,13120,有形,美術工芸品,ambiguous,,35.768316,139.614522,movable,representative_point,ambiguous,有形,美術工芸品,,no_explicit_designation_level
municipal_source,練馬区,文化財一覧（令和8年1月1日時点）,131202100143,https://www.city.nerima.tokyo.jp/kusei/tokei/opendata/opendatasite/bunka/cultural_property.files/131202_cultural_property.csv,13Tokyo/raw/municipal/13120/data.csv,土支田八幡宮の半鐘〈非公開〉,,土支田八幡宮,,土支田八幡宮,,練馬区,13120,有形,美術工芸品,ambiguous,,35.768158,139.61331,movable,representative_point,ambiguous,有形,美術工芸品,,no_explicit_designation_level
municipal_source,練馬区,文化財一覧（令和8年1月1日時点）,131202100144,https://www.city.nerima.tokyo.jp/kusei/tokei/opendata/opendatasite/bunka/cultural_property.files/131202_cultural_property.csv,13Tokyo/raw/municipal/13120/data.csv,土支田八幡宮の社叢,,土支田八幡宮,,土支田八幡宮,,練馬区,13120,天然記念物,天然記念物,ambiguous,,35.768158,139.61331,point,representative_point,ambiguous,天然記念物,,,no_explicit_designation_level
municipal_source,練馬区,文化財一覧（令和8年1月1日時点）,131202100145,https://www.city.nerima.tokyo.jp/kusei/tokei/opendata/opendatasite/bunka/cultural_property.files/131202_cultural_property.csv,13Tokyo/raw/municipal/13120/data.csv,千川上水調査アルバム,,武蔵学園記念室,,根津育英会武蔵学園,,練馬区,13120,有形,美術工芸品,ambiguous,,35.736435,139.667936,movable,representative_point,ambiguous,有形,美術工芸品,,no_explicit_designation_level
municipal_source,練馬区,文化財一覧（令和8年1月1日時点）,131202100146,https://www.city.nerima.tokyo.jp/kusei/tokei/opendata/opendatasite/bunka/cultural_property.files/131202_cultural_property.csv,13Tokyo/raw/municipal/13120/data.csv,武蔵学園大講堂,,根津育英会武蔵学園,,根津育英会武蔵学園,,練馬区,13120,有形,建造物,ambiguous,,35.73784,139.666988,building_direct,building_candidate_point,ambiguous,有形,建造物,,no_explicit_designation_level
municipal_source,練馬区,文化財一覧（令和8年1月1日時点）,131202100147,https://www.city.nerima.tokyo.jp/kusei/tokei/opendata/opendatasite/bunka/cultural_property.files/131202_cultural_property.csv,13Tokyo/raw/municipal/13120/data.csv,武蔵大学3号館,,根津育英会武蔵学園,,根津育英会武蔵学園,,練馬区,13120,有形,建造物,ambiguous,,35.737036,139.668159,building_direct,building_candidate_point,ambiguous,有形,建造物,,no_explicit_designation_level
municipal_source,練馬区,文化財一覧（令和8年1月1日時点）,131202100148,https://www.city.nerima.tokyo.jp/kusei/tokei/opendata/opendatasite/bunka/cultural_property.files/131202_cultural_property.csv,13Tokyo/raw/municipal/13120/data.csv,林稲荷神社の庚申塔,,林稲荷神社,,林稲荷神社,,練馬区,13120,有形民俗,有形民俗,ambiguous,,35.732248,139.668294,point,representative_point,ambiguous,有形民俗,,,no_explicit_designation_level
municipal_source,練馬区,文化財一覧（令和8年1月1日時点）,131202100149,https://www.city.nerima.tokyo.jp/kusei/tokei/opendata/opendatasite/bunka/cultural_property.files/131202_cultural_property.csv,13Tokyo/raw/municipal/13120/data.csv,氷川神社の旧拝殿,,氷川神社,,氷川神社,,練馬区,13120,有形,建造物,ambiguous,,35.728719,139.656331,building_direct,building_candidate_point,ambiguous,有形,建造物,,no_explicit_designation_level
municipal_source,練馬区,文化財一覧（令和8年1月1日時点）,131202100150,https://www.city.nerima.tokyo.jp/kusei/tokei/opendata/opendatasite/bunka/cultural_property.files/131202_cultural_property.csv,13Tokyo/raw/municipal/13120/data.csv,氷川神社の神輿〈非公開〉,,氷川神社,,氷川神社,,練馬区,13120,有形,美術工芸品,ambiguous,,35.728719,139.656331,movable,representative_point,ambiguous,有形,美術工芸品,,no_explicit_designation_level
municipal_source,練馬区,文化財一覧（令和8年1月1日時点）,131202100151,https://www.city.nerima.tokyo.jp/kusei/tokei/opendata/opendatasite/bunka/cultural_property.files/131202_cultural_property.csv,13Tokyo/raw/municipal/13120/data.csv,氷川神社の力石,,氷川神社,,氷川神社,,練馬区,13120,有形民俗,有形民俗,ambiguous,,35.728719,139.656331,point,representative_point,ambiguous,有形民俗,,,no_explicit_designation_level
municipal_source,練馬区,文化財一覧（令和8年1月1日時点）,131202100152,https://www.city.nerima.tokyo.jp/kusei/tokei/opendata/opendatasite/bunka/cultural_property.files/131202_cultural_property.csv,13Tokyo/raw/municipal/13120/data.csv,中村囃子,,,,中村囃子連,,練馬区,13120,無形民俗,無形民俗,ambiguous,,35.732227,139.648034,point,representative_point,ambiguous,無形民俗,,,no_explicit_designation_level
municipal_source,練馬区,文化財一覧（令和8年1月1日時点）,131202100153,https://www.city.nerima.tokyo.jp/kusei/tokei/opendata/opendatasite/bunka/cultural_property.files/131202_cultural_property.csv,13Tokyo/raw/municipal/13120/data.csv,南蔵院鐘楼門,,南蔵院,,南蔵院,,練馬区,13120,有形,建造物,ambiguous,1990-02,35.73087,139.64636,building_direct,building_candidate_point,ambiguous,有形,建造物,,no_explicit_designation_level
municipal_source,練馬区,文化財一覧（令和8年1月1日時点）,131202100154,https://www.city.nerima.tokyo.jp/kusei/tokei/opendata/opendatasite/bunka/cultural_property.files/131202_cultural_property.csv,13Tokyo/raw/municipal/13120/data.csv,探湯の儀,,御嶽神社,,御嶽神社,,練馬区,13120,無形民俗,無形民俗,ambiguous,,35.73119,139.640017,point,representative_point,ambiguous,無形民俗,,,no_explicit_designation_level
municipal_source,練馬区,文化財一覧（令和8年1月1日時点）,131202100155,https://www.city.nerima.tokyo.jp/kusei/tokei/opendata/opendatasite/bunka/cultural_property.files/131202_cultural_property.csv,13Tokyo/raw/municipal/13120/data.csv,石幢七面六観音勢至道しるべ〈路上見学のみ〉,,良弁塚,,南蔵院,,練馬区,13120,有形,建造物,ambiguous,1998-02,35.732699,139.640624,building_direct,building_candidate_point,ambiguous,有形,建造物,,no_explicit_designation_level
municipal_source,練馬区,文化財一覧（令和8年1月1日時点）,131202100156,https://www.city.nerima.tokyo.jp/kusei/tokei/opendata/opendatasite/bunka/cultural_property.files/131202_cultural_property.csv,13Tokyo/raw/municipal/13120/data.csv,中村南遺跡第2地点5号住居址出土土器,,中村南スポーツ交流センター,,練馬区,,練馬区,13120,有形,美術工芸品,ambiguous,,35.72921,139.648835,movable,representative_point,ambiguous,有形,美術工芸品,,no_explicit_designation_level
municipal_source,練馬区,文化財一覧（令和8年1月1日時点）,131202100157,https://www.city.nerima.tokyo.jp/kusei/tokei/opendata/opendatasite/bunka/cultural_property.files/131202_cultural_property.csv,13Tokyo/raw/municipal/13120/data.csv,八幡神社の本殿〈非公開〉,,八幡神社,,八幡神社,,練馬区,13120,有形,建造物,ambiguous,,35.72979,139.641302,building_direct,building_candidate_point,ambiguous,有形,建造物,,no_explicit_designation_level
municipal_source,練馬区,文化財一覧（令和8年1月1日時点）,131202100158,https://www.city.nerima.tokyo.jp/kusei/tokei/opendata/opendatasite/bunka/cultural_property.files/131202_cultural_property.csv,13Tokyo/raw/municipal/13120/data.csv,八幡神社の水盤,,八幡神社,,八幡神社,,練馬区,13120,有形,建造物,ambiguous,,35.72979,139.641302,building_direct,building_candidate_point,ambiguous,有形,建造物,,no_explicit_designation_level
municipal_source,練馬区,文化財一覧（令和8年1月1日時点）,131202100159,https://www.city.nerima.tokyo.jp/kusei/tokei/opendata/opendatasite/bunka/cultural_property.files/131202_cultural_property.csv,13Tokyo/raw/municipal/13120/data.csv,狐の大根取り入れ図絵馬〈非公開〉,,諏訪神社,,諏訪神社,,練馬区,13120,有形民俗,有形民俗,ambiguous,,35.755853,139.580516,point,representative_point,ambiguous,有形民俗,,,no_explicit_designation_level
municipal_source,練馬区,文化財一覧（令和8年1月1日時点）,131202100160,https://www.city.nerima.tokyo.jp/kusei/tokei/opendata/opendatasite/bunka/cultural_property.files/131202_cultural_property.csv,13Tokyo/raw/municipal/13120/data.csv,西大泉の稲荷神社本殿〈非公開〉,,稲荷神社,,稲荷神社,,練馬区,13120,有形,建造物,ambiguous,,35.760714,139.574859,building_direct,building_candidate_point,ambiguous,有形,建造物,,no_explicit_designation_level
municipal_source,練馬区,文化財一覧（令和8年1月1日時点）,131202100161,https://www.city.nerima.tokyo.jp/kusei/tokei/opendata/opendatasite/bunka/cultural_property.files/131202_cultural_property.csv,13Tokyo/raw/municipal/13120/data.csv,ちがや馬飾り,,,,伊藤弥五郎(保持者),,練馬区,13120,無形民俗,無形民俗,ambiguous,,35.76025,139.66915,point,representative_point,ambiguous,無形民俗,,,no_explicit_designation_level
municipal_source,練馬区,文化財一覧（令和8年1月1日時点）,131202100162,https://www.city.nerima.tokyo.jp/kusei/tokei/opendata/opendatasite/bunka/cultural_property.files/131202_cultural_property.csv,13Tokyo/raw/municipal/13120/data.csv,関東大震災犠牲者慰霊碑,,円明院,,円明院,,練馬区,13120,有形,美術工芸品,ambiguous,,35.758517,139.668797,movable,representative_point,ambiguous,有形,美術工芸品,,no_explicit_designation_level
municipal_source,練馬区,文化財一覧（令和8年1月1日時点）,131202100163,https://www.city.nerima.tokyo.jp/kusei/tokei/opendata/opendatasite/bunka/cultural_property.files/131202_cultural_property.csv,13Tokyo/raw/municipal/13120/data.csv,文明十七年の月待板碑〈非公開〉,,円明院,,円明院,,練馬区,13120,有形民俗,有形民俗,ambiguous,,35.758517,139.668797,point,representative_point,ambiguous,有形民俗,,,no_explicit_designation_level
municipal_source,練馬区,文化財一覧（令和8年1月1日時点）,131202100164,https://www.city.nerima.tokyo.jp/kusei/tokei/opendata/opendatasite/bunka/cultural_property.files/131202_cultural_property.csv,13Tokyo/raw/municipal/13120/data.csv,文亀元年の月待板碑〈非公開〉,,円明院,,円明院,,練馬区,13120,有形民俗,有形民俗,ambiguous,,35.758517,139.668797,point,representative_point,ambiguous,有形民俗,,,no_explicit_designation_level
municipal_source,練馬区,文化財一覧（令和8年1月1日時点）,131202100165,https://www.city.nerima.tokyo.jp/kusei/tokei/opendata/opendatasite/bunka/cultural_property.files/131202_cultural_property.csv,13Tokyo/raw/municipal/13120/data.csv,金乗院の一石六地蔵,,金乗院,,金乗院,,練馬区,13120,有形民俗,有形民俗,ambiguous,,35.760944,139.666665,point,representative_point,ambiguous,有形民俗,,,no_explicit_designation_level
municipal_source,練馬区,文化財一覧（令和8年1月1日時点）,131202100166,https://www.city.nerima.tokyo.jp/kusei/tokei/opendata/opendatasite/bunka/cultural_property.files/131202_cultural_property.csv,13Tokyo/raw/municipal/13120/data.csv,金乗院の大イチョウ,,金乗院,,金乗院,,練馬区,13120,天然記念物,天然記念物,ambiguous,,35.760944,139.666665,point,representative_point,ambiguous,天然記念物,,,no_explicit_designation_level
municipal_source,練馬区,文化財一覧（令和8年1月1日時点）,131202100167,https://www.city.nerima.tokyo.jp/kusei/tokei/opendata/opendatasite/bunka/cultural_property.files/131202_cultural_property.csv,13Tokyo/raw/municipal/13120/data.csv,金乗院御朱印状〈非公開〉,,金乗院,,金乗院,,練馬区,13120,有形,美術工芸品,ambiguous,2001-02,35.760944,139.666665,movable,representative_point,ambiguous,有形,美術工芸品,,no_explicit_designation_level
municipal_source,練馬区,文化財一覧（令和8年1月1日時点）,131202100169,https://www.city.nerima.tokyo.jp/kusei/tokei/opendata/opendatasite/bunka/cultural_property.files/131202_cultural_property.csv,13Tokyo/raw/municipal/13120/data.csv,貫井囃子,,,,貫井囃子保存会,,練馬区,13120,無形民俗,無形民俗,ambiguous,,35.736792,139.628946,point,representative_point,ambiguous,無形民俗,,,no_explicit_designation_level
municipal_source,練馬区,文化財一覧（令和8年1月1日時点）,131202100170,https://www.city.nerima.tokyo.jp/kusei/tokei/opendata/opendatasite/bunka/cultural_property.files/131202_cultural_property.csv,13Tokyo/raw/municipal/13120/data.csv,絵馬制作,,,,平田郡司(保持者),,練馬区,13120,無形,美術工芸品,ambiguous,,35.744997,139.633333,movable,representative_point,ambiguous,無形,工芸技術,,no_explicit_designation_level
municipal_source,練馬区,文化財一覧（令和8年1月1日時点）,131202100171,https://www.city.nerima.tokyo.jp/kusei/tokei/opendata/opendatasite/bunka/cultural_property.files/131202_cultural_property.csv,13Tokyo/raw/municipal/13120/data.csv,子ノ聖観世音碑,,円光院,,円光院,,練馬区,13120,有形,美術工芸品,ambiguous,,35.742772,139.635146,movable,representative_point,ambiguous,有形,美術工芸品,,no_explicit_designation_level
municipal_source,練馬区,文化財一覧（令和8年1月1日時点）,131202100172,https://www.city.nerima.tokyo.jp/kusei/tokei/opendata/opendatasite/bunka/cultural_property.files/131202_cultural_property.csv,13Tokyo/raw/municipal/13120/data.csv,貫井の東高野山道道標,,,,個人,,練馬区,13120,有形,美術工芸品,ambiguous,,35.742373,139.633607,movable,representative_point,ambiguous,有形,美術工芸品,,no_explicit_designation_level
municipal_source,練馬区,文化財一覧（令和8年1月1日時点）,131202100173,https://www.city.nerima.tokyo.jp/kusei/tokei/opendata/opendatasite/bunka/cultural_property.files/131202_cultural_property.csv,13Tokyo/raw/municipal/13120/data.csv,白山神社囃子,,,,白山神社囃子連,,練馬区,13120,無形民俗,無形民俗,ambiguous,,35.739759,139.655716,point,representative_point,ambiguous,無形民俗,,,no_explicit_designation_level
municipal_source,練馬区,文化財一覧（令和8年1月1日時点）,131202100174,https://www.city.nerima.tokyo.jp/kusei/tokei/opendata/opendatasite/bunka/cultural_property.files/131202_cultural_property.csv,13Tokyo/raw/municipal/13120/data.csv,阿弥陀寺の半鐘〈非公開〉,,阿弥陀寺,,阿弥陀寺,,練馬区,13120,有形,美術工芸品,ambiguous,,35.739972,139.650809,movable,representative_point,ambiguous,有形,美術工芸品,,no_explicit_designation_level
municipal_source,練馬区,文化財一覧（令和8年1月1日時点）,131202100175,https://www.city.nerima.tokyo.jp/kusei/tokei/opendata/opendatasite/bunka/cultural_property.files/131202_cultural_property.csv,13Tokyo/raw/municipal/13120/data.csv,阿弥陀寺の伏せ鉦〈非公開〉,,阿弥陀寺,,阿弥陀寺,,練馬区,13120,有形,美術工芸品,ambiguous,,35.739972,139.650809,movable,representative_point,ambiguous,有形,美術工芸品,,no_explicit_designation_level
municipal_source,練馬区,文化財一覧（令和8年1月1日時点）,131202100176,https://www.city.nerima.tokyo.jp/kusei/tokei/opendata/opendatasite/bunka/cultural_property.files/131202_cultural_property.csv,13Tokyo/raw/municipal/13120/data.csv,広川松五郎関係資料〈非公開〉,,,,個人,,練馬区,13120,有形,美術工芸品,ambiguous,,35.741547,139.649285,movable,representative_point,ambiguous,有形,美術工芸品,,no_explicit_designation_level
municipal_source,練馬区,文化財一覧（令和8年1月1日時点）,131202100177,https://www.city.nerima.tokyo.jp/kusei/tokei/opendata/opendatasite/bunka/cultural_property.files/131202_cultural_property.csv,13Tokyo/raw/municipal/13120/data.csv,練馬白山神社の大ケヤキ,,白山神社,,白山神社,,練馬区,13120,天然記念物,天然記念物,ambiguous,1940-07-12,35.740344,139.650398,point,representative_point,ambiguous,天然記念物,,,no_explicit_designation_level
municipal_source,練馬区,文化財一覧（令和8年1月1日時点）,131202100178,https://www.city.nerima.tokyo.jp/kusei/tokei/opendata/opendatasite/bunka/cultural_property.files/131202_cultural_property.csv,13Tokyo/raw/municipal/13120/data.csv,小野蘭山墓および墓誌(都指定名称:小野蘭山墓及び墓誌),,迎接院墓地,,迎接院,,練馬区,13120,有形,美術工芸品,ambiguous,1952-04-01,35.74165,139.650872,movable,representative_point,ambiguous,有形,美術工芸品,,no_explicit_designation_level
municipal_source,練馬区,文化財一覧（令和8年1月1日時点）,131202100179,https://www.city.nerima.tokyo.jp/kusei/tokei/opendata/opendatasite/bunka/cultural_property.files/131202_cultural_property.csv,13Tokyo/raw/municipal/13120/data.csv,池永道雲墓,,受用院墓地,,個人,,練馬区,13120,史跡,史跡,ambiguous,1952-04-01,35.742003,139.650709,point,representative_point,ambiguous,史跡,,,no_explicit_designation_level
municipal_source,練馬区,文化財一覧（令和8年1月1日時点）,131202100180,https://www.city.nerima.tokyo.jp/kusei/tokei/opendata/opendatasite/bunka/cultural_property.files/131202_cultural_property.csv,13Tokyo/raw/municipal/13120/data.csv,青柳家住宅主屋〈路上見学のみ〉,,,,個人,,練馬区,13120,有形,有形,ambiguous,,35.740848,139.671243,point,representative_point,ambiguous,有形,,,no_explicit_designation_level
municipal_source,練馬区,文化財一覧（令和8年1月1日時点）,131202100181,https://www.city.nerima.tokyo.jp/kusei/tokei/opendata/opendatasite/bunka/cultural_property.files/131202_cultural_property.csv,13Tokyo/raw/municipal/13120/data.csv,開進第一小学校のクスノキ,,開進第一小学校,,練馬区,,練馬区,13120,天然記念物,天然記念物,ambiguous,,35.75469,139.658539,point,representative_point,ambiguous,天然記念物,,,no_explicit_designation_level
municipal_source,練馬区,文化財一覧（令和8年1月1日時点）,131202100182,https://www.city.nerima.tokyo.jp/kusei/tokei/opendata/opendatasite/bunka/cultural_property.files/131202_cultural_property.csv,13Tokyo/raw/municipal/13120/data.csv,本寿院の賽銭箱〈非公開〉,,本寿院,,本寿院,,練馬区,13120,有形,美術工芸品,ambiguous,,35.755681,139.64996,movable,representative_point,ambiguous,有形,美術工芸品,,no_explicit_designation_level
municipal_source,練馬区,文化財一覧（令和8年1月1日時点）,131202100183,https://www.city.nerima.tokyo.jp/kusei/tokei/opendata/opendatasite/bunka/cultural_property.files/131202_cultural_property.csv,13Tokyo/raw/municipal/13120/data.csv,僧形馬頭観音,,本寿院,,本寿院,,練馬区,13120,有形民俗,有形民俗,ambiguous,,35.755681,139.64996,point,representative_point,ambiguous,有形民俗,,,no_explicit_designation_level
municipal_source,練馬区,文化財一覧（令和8年1月1日時点）,131202100184,https://www.city.nerima.tokyo.jp/kusei/tokei/opendata/opendatasite/bunka/cultural_property.files/131202_cultural_property.csv,13Tokyo/raw/municipal/13120/data.csv,本寿院のみくじ道具〈非公開〉,,本寿院,,本寿院,,練馬区,13120,有形民俗,有形民俗,ambiguous,2000-01,35.755681,139.64996,point,representative_point,ambiguous,有形民俗,,,no_explicit_designation_level
municipal_source,練馬区,文化財一覧（令和8年1月1日時点）,131202100185,https://www.city.nerima.tokyo.jp/kusei/tokei/opendata/opendatasite/bunka/cultural_property.files/131202_cultural_property.csv,13Tokyo/raw/municipal/13120/data.csv,内田家の屋敷林〈路上見学のみ〉,,,,個人,,練馬区,13120,天然記念物,天然記念物,ambiguous,2008-01,35.745778,139.649465,point,representative_point,ambiguous,天然記念物,,,no_explicit_designation_level
municipal_source,練馬区,文化財一覧（令和8年1月1日時点）,131202100186,https://www.city.nerima.tokyo.jp/kusei/tokei/opendata/opendatasite/bunka/cultural_property.files/131202_cultural_property.csv,13Tokyo/raw/municipal/13120/data.csv,八の釜の湧き水,,,,国,,練馬区,13120,天然記念物,天然記念物,ambiguous,,35.756292,139.598799,point,representative_point,ambiguous,天然記念物,,,no_explicit_designation_level
municipal_source,練馬区,文化財一覧（令和8年1月1日時点）,131202100187,https://www.city.nerima.tokyo.jp/kusei/tokei/opendata/opendatasite/bunka/cultural_property.files/131202_cultural_property.csv,13Tokyo/raw/municipal/13120/data.csv,牧野記念庭園(都指定名称:牧野記念庭園(牧野富太郎宅跡),,牧野記念庭園,,練馬区,,練馬区,13120,名勝,名勝,ambiguous,2020-03-16,35.746336,139.58555,point,representative_point,ambiguous,名勝,,,no_explicit_designation_level
municipal_source,練馬区,文化財一覧（令和8年1月1日時点）,131202100188,https://www.city.nerima.tokyo.jp/kusei/tokei/opendata/opendatasite/bunka/cultural_property.files/131202_cultural_property.csv,13Tokyo/raw/municipal/13120/data.csv,町田家文書〈非公開〉,,,,個人,,練馬区,13120,有形,美術工芸品,ambiguous,1991-02,35.740389,139.580192,movable,representative_point,ambiguous,有形,美術工芸品,,no_explicit_designation_level
municipal_source,練馬区,文化財一覧（令和8年1月1日時点）,131202100189,https://www.city.nerima.tokyo.jp/kusei/tokei/opendata/opendatasite/bunka/cultural_property.files/131202_cultural_property.csv,13Tokyo/raw/municipal/13120/data.csv,井頭のヤナギ,,大泉井頭公園,,練馬区,,練馬区,13120,天然記念物,天然記念物,ambiguous,2003-03,35.744896,139.576955,point,representative_point,ambiguous,天然記念物,,,no_explicit_designation_level
municipal_source,練馬区,文化財一覧（令和8年1月1日時点）,131202100190,https://www.city.nerima.tokyo.jp/kusei/tokei/opendata/opendatasite/bunka/cultural_property.files/131202_cultural_property.csv,13Tokyo/raw/municipal/13120/data.csv,栗原遺跡の竪穴住居跡,,都立城北中央公園,,東京都,,練馬区,13120,史跡,史跡,ambiguous,,35.754707,139.672353,point,representative_point,ambiguous,史跡,,,no_explicit_designation_level
municipal_source,練馬区,文化財一覧（令和8年1月1日時点）,131202100191,https://www.city.nerima.tokyo.jp/kusei/tokei/opendata/opendatasite/bunka/cultural_property.files/131202_cultural_property.csv,13Tokyo/raw/municipal/13120/data.csv,十一面観音懸仏〈非公開〉,,光傳寺,,光傳寺,,練馬区,13120,有形,美術工芸品,ambiguous,,35.752123,139.667809,movable,representative_point,ambiguous,有形,美術工芸品,,no_explicit_designation_level
municipal_source,練馬区,文化財一覧（令和8年1月1日時点）,131202100192,https://www.city.nerima.tokyo.jp/kusei/tokei/opendata/opendatasite/bunka/cultural_property.files/131202_cultural_property.csv,13Tokyo/raw/municipal/13120/data.csv,光伝寺の地蔵菩薩立像および閻魔十王像〈非公開〉,,光傳寺,,光傳寺,,練馬区,13120,有形,美術工芸品,ambiguous,,35.752123,139.667809,movable,representative_point,ambiguous,有形,美術工芸品,,no_explicit_designation_level
municipal_source,練馬区,文化財一覧（令和8年1月1日時点）,131202100193,https://www.city.nerima.tokyo.jp/kusei/tokei/opendata/opendatasite/bunka/cultural_property.files/131202_cultural_property.csv,13Tokyo/raw/municipal/13120/data.csv,下練馬の三十三所観音菩薩像〈非公開〉,,光傳寺,,光傳寺,,練馬区,13120,有形,美術工芸品,ambiguous,,35.752123,139.667809,movable,representative_point,ambiguous,有形,美術工芸品,,no_explicit_designation_level
municipal_source,練馬区,文化財一覧（令和8年1月1日時点）,131202100194,https://www.city.nerima.tokyo.jp/kusei/tokei/opendata/opendatasite/bunka/cultural_property.files/131202_cultural_property.csv,13Tokyo/raw/municipal/13120/data.csv,光伝寺のコウヤマキ,,光傳寺,,光傳寺,,練馬区,13120,天然記念物,天然記念物,ambiguous,,35.752123,139.667809,point,representative_point,ambiguous,天然記念物,,,no_explicit_designation_level
municipal_source,練馬区,文化財一覧（令和8年1月1日時点）,131202100195,https://www.city.nerima.tokyo.jp/kusei/tokei/opendata/opendatasite/bunka/cultural_property.files/131202_cultural_property.csv,13Tokyo/raw/municipal/13120/data.csv,光傳寺の半鐘〈非公開〉,,光傳寺,,光傳寺,,練馬区,13120,有形,美術工芸品,ambiguous,,35.752123,139.667809,movable,representative_point,ambiguous,有形,美術工芸品,,no_explicit_designation_level
municipal_source,練馬区,文化財一覧（令和8年1月1日時点）,131202100196,https://www.city.nerima.tokyo.jp/kusei/tokei/opendata/opendatasite/bunka/cultural_property.files/131202_cultural_property.csv,13Tokyo/raw/municipal/13120/data.csv,角柱型水盤,,氷川神社,,氷川神社,,練馬区,13120,有形,建造物,ambiguous,,35.75224,139.664828,building_direct,building_candidate_point,ambiguous,有形,建造物,,no_explicit_designation_level
municipal_source,練馬区,文化財一覧（令和8年1月1日時点）,131202100197,https://www.city.nerima.tokyo.jp/kusei/tokei/opendata/opendatasite/bunka/cultural_property.files/131202_cultural_property.csv,13Tokyo/raw/municipal/13120/data.csv,氷川神社の狛犬,,氷川神社,,氷川神社,,練馬区,13120,有形,美術工芸品,ambiguous,,35.75224,139.664828,movable,representative_point,ambiguous,有形,美術工芸品,,no_explicit_designation_level
municipal_source,練馬区,文化財一覧（令和8年1月1日時点）,131202100198,https://www.city.nerima.tokyo.jp/kusei/tokei/opendata/opendatasite/bunka/cultural_property.files/131202_cultural_property.csv,13Tokyo/raw/municipal/13120/data.csv,草摺引図絵馬〈非公開〉,,氷川神社,,氷川神社,,練馬区,13120,有形,美術工芸品,ambiguous,,35.75224,139.664828,movable,representative_point,ambiguous,有形,美術工芸品,,no_explicit_designation_level
municipal_source,練馬区,文化財一覧（令和8年1月1日時点）,131202100199,https://www.city.nerima.tokyo.jp/kusei/tokei/opendata/opendatasite/bunka/cultural_property.files/131202_cultural_property.csv,13Tokyo/raw/municipal/13120/data.csv,神輿渡御行列図絵馬〈非公開〉,,氷川神社,,氷川神社,,練馬区,13120,有形民俗,有形民俗,ambiguous,2005-02,35.75224,139.664828,point,representative_point,ambiguous,有形民俗,,,no_explicit_designation_level
municipal_source,練馬区,文化財一覧（令和8年1月1日時点）,131202100200,https://www.city.nerima.tokyo.jp/kusei/tokei/opendata/opendatasite/bunka/cultural_property.files/131202_cultural_property.csv,13Tokyo/raw/municipal/13120/data.csv,大氷川の力石,,氷川神社,,氷川神社,,練馬区,13120,有形民俗,有形民俗,ambiguous,,35.75224,139.664828,point,representative_point,ambiguous,有形民俗,,,no_explicit_designation_level
municipal_source,練馬区,文化財一覧（令和8年1月1日時点）,131202100201,https://www.city.nerima.tokyo.jp/kusei/tokei/opendata/opendatasite/bunka/cultural_property.files/131202_cultural_property.csv,13Tokyo/raw/municipal/13120/data.csv,鶴の舞,,氷川神社,,氷川神社宮宿鶴の舞保存会,,練馬区,13120,無形民俗,無形民俗,ambiguous,1995-03,35.75224,139.664828,point,representative_point,ambiguous,無形民俗,,,no_explicit_designation_level
municipal_source,練馬区,文化財一覧（令和8年1月1日時点）,131202100202,https://www.city.nerima.tokyo.jp/kusei/tokei/opendata/opendatasite/bunka/cultural_property.files/131202_cultural_property.csv,13Tokyo/raw/municipal/13120/data.csv,神輿渡御の御供道中歌,,氷川神社,,氷川神社宮宿鶴の舞保存会,,練馬区,13120,無形民俗,無形民俗,ambiguous,,35.75224,139.664828,point,representative_point,ambiguous,無形民俗,,,no_explicit_designation_level
municipal_source,練馬区,文化財一覧（令和8年1月1日時点）,131202100203,https://www.city.nerima.tokyo.jp/kusei/tokei/opendata/opendatasite/bunka/cultural_property.files/131202_cultural_property.csv,13Tokyo/raw/municipal/13120/data.csv,富士見台囃子,,,,富士見台囃子保存会,,練馬区,13120,無形民俗,無形民俗,ambiguous,,35.735376,139.620296,point,representative_point,ambiguous,無形民俗,,,no_explicit_designation_level
municipal_source,練馬区,文化財一覧（令和8年1月1日時点）,131202100204,https://www.city.nerima.tokyo.jp/kusei/tokei/opendata/opendatasite/bunka/cultural_property.files/131202_cultural_property.csv,13Tokyo/raw/municipal/13120/data.csv,御嶽講奉納の水盤,,稲荷神社境内,,稲荷神社,,練馬区,13120,有形民俗,有形民俗,ambiguous,,35.741168,139.620551,point,representative_point,ambiguous,有形民俗,,,no_explicit_designation_level
municipal_source,練馬区,文化財一覧（令和8年1月1日時点）,131202100205,https://www.city.nerima.tokyo.jp/kusei/tokei/opendata/opendatasite/bunka/cultural_property.files/131202_cultural_property.csv,13Tokyo/raw/municipal/13120/data.csv,谷原の庚申塔,,,,個人,,練馬区,13120,有形民俗,有形民俗,ambiguous,1996-02,35.741453,139.620483,point,representative_point,ambiguous,有形民俗,,,no_explicit_designation_level
municipal_source,練馬区,文化財一覧（令和8年1月1日時点）,131202100206,https://www.city.nerima.tokyo.jp/kusei/tokei/opendata/opendatasite/bunka/cultural_property.files/131202_cultural_property.csv,13Tokyo/raw/municipal/13120/data.csv,御府内并村方旧記〈非公開〉,,,,個人,,練馬区,13120,有形,美術工芸品,ambiguous,,35.758983,139.666524,movable,representative_point,ambiguous,有形,美術工芸品,,no_explicit_designation_level
municipal_source,練馬区,文化財一覧（令和8年1月1日時点）,131202100207,https://www.city.nerima.tokyo.jp/kusei/tokei/opendata/opendatasite/bunka/cultural_property.files/131202_cultural_property.csv,13Tokyo/raw/municipal/13120/data.csv,東本村の庚申塔,,,,練馬区,,練馬区,13120,有形民俗,有形民俗,ambiguous,,35.759698,139.667904,point,representative_point,ambiguous,有形民俗,,,no_explicit_designation_level
municipal_source,練馬区,文化財一覧（令和8年1月1日時点）,131202100208,https://www.city.nerima.tokyo.jp/kusei/tokei/opendata/opendatasite/bunka/cultural_property.files/131202_cultural_property.csv,13Tokyo/raw/municipal/13120/data.csv,加藤家文書〈非公開〉,,,,個人,,練馬区,13120,有形,美術工芸品,ambiguous,,35.7416,139.572162,movable,representative_point,ambiguous,有形,美術工芸品,,no_explicit_designation_level
municipal_source,練馬区,文化財一覧（令和8年1月1日時点）,131202100209,https://www.city.nerima.tokyo.jp/kusei/tokei/opendata/opendatasite/bunka/cultural_property.files/131202_cultural_property.csv,13Tokyo/raw/municipal/13120/data.csv,妙福寺の梵鐘,,妙福寺,,妙福寺,,練馬区,13120,有形,美術工芸品,ambiguous,1998-02,35.751021,139.578302,movable,representative_point,ambiguous,有形,美術工芸品,,no_explicit_designation_level
municipal_source,練馬区,文化財一覧（令和8年1月1日時点）,131202100210,https://www.city.nerima.tokyo.jp/kusei/tokei/opendata/opendatasite/bunka/cultural_property.files/131202_cultural_property.csv,13Tokyo/raw/municipal/13120/data.csv,妙福寺文書〈非公開〉,,妙福寺,,妙福寺,,練馬区,13120,有形,美術工芸品,ambiguous,1993-03,35.751184,139.577841,movable,representative_point,ambiguous,有形,美術工芸品,,no_explicit_designation_level
municipal_source,練馬区,文化財一覧（令和8年1月1日時点）,131202100211,https://www.city.nerima.tokyo.jp/kusei/tokei/opendata/opendatasite/bunka/cultural_property.files/131202_cultural_property.csv,13Tokyo/raw/municipal/13120/data.csv,妙福寺の駕籠〈非公開〉,,妙福寺,,妙福寺,,練馬区,13120,有形,美術工芸品,ambiguous,,35.751184,139.577841,movable,representative_point,ambiguous,有形,美術工芸品,,no_explicit_designation_level
municipal_source,練馬区,文化財一覧（令和8年1月1日時点）,131202100212,https://www.city.nerima.tokyo.jp/kusei/tokei/opendata/opendatasite/bunka/cultural_property.files/131202_cultural_property.csv,13Tokyo/raw/municipal/13120/data.csv,福徳元年の月待板碑〈非公開〉,,妙福寺,,妙福寺,,練馬区,13120,有形民俗,有形民俗,ambiguous,,35.751184,139.577841,point,representative_point,ambiguous,有形民俗,,,no_explicit_designation_level
municipal_source,練馬区,文化財一覧（令和8年1月1日時点）,131202100213,https://www.city.nerima.tokyo.jp/kusei/tokei/opendata/opendatasite/bunka/cultural_property.files/131202_cultural_property.csv,13Tokyo/raw/municipal/13120/data.csv,妙福寺の半鐘,,妙福寺,,妙福寺,,練馬区,13120,有形,美術工芸品,ambiguous,,35.751184,139.577841,movable,representative_point,ambiguous,有形,美術工芸品,,no_explicit_designation_level
municipal_source,練馬区,文化財一覧（令和8年1月1日時点）,131202100214,https://www.city.nerima.tokyo.jp/kusei/tokei/opendata/opendatasite/bunka/cultural_property.files/131202_cultural_property.csv,13Tokyo/raw/municipal/13120/data.csv,妙福寺の半鐘,,妙福寺,,妙福寺,,練馬区,13120,有形,美術工芸品,ambiguous,,35.751184,139.577841,movable,representative_point,ambiguous,有形,美術工芸品,,no_explicit_designation_level
municipal_source,練馬区,文化財一覧（令和8年1月1日時点）,131202100215,https://www.city.nerima.tokyo.jp/kusei/tokei/opendata/opendatasite/bunka/cultural_property.files/131202_cultural_property.csv,13Tokyo/raw/municipal/13120/data.csv,南田中囃子,,,,南田中囃子保存会,,練馬区,13120,無形民俗,無形民俗,ambiguous,,35.731603,139.616372,point,representative_point,ambiguous,無形民俗,,,no_explicit_designation_level
municipal_source,練馬区,文化財一覧（令和8年1月1日時点）,131202100216,https://www.city.nerima.tokyo.jp/kusei/tokei/opendata/opendatasite/bunka/cultural_property.files/131202_cultural_property.csv,13Tokyo/raw/municipal/13120/data.csv,斎藤水車用具〈非公開〉,,,,個人,,練馬区,13120,有形民俗,有形民俗,ambiguous,,35.730914,139.615035,point,representative_point,ambiguous,有形民俗,,,no_explicit_designation_level
municipal_source,練馬区,文化財一覧（令和8年1月1日時点）,131202100217,https://www.city.nerima.tokyo.jp/kusei/tokei/opendata/opendatasite/bunka/cultural_property.files/131202_cultural_property.csv,13Tokyo/raw/municipal/13120/data.csv,榎本家長屋門〈路上見学のみ〉,,,,個人,,練馬区,13120,有形,建造物,ambiguous,,35.735244,139.610495,building_direct,building_candidate_point,ambiguous,有形,建造物,,no_explicit_designation_level
municipal_source,練馬区,文化財一覧（令和8年1月1日時点）,131202100218,https://www.city.nerima.tokyo.jp/kusei/tokei/opendata/opendatasite/bunka/cultural_property.files/131202_cultural_property.csv,13Tokyo/raw/municipal/13120/data.csv,観蔵院の筆子碑,,,,観蔵院,,練馬区,13120,史跡,史跡,ambiguous,,35.736128,139.612872,point,representative_point,ambiguous,史跡,,,no_explicit_designation_level
municipal_source,練馬区,文化財一覧（令和8年1月1日時点）,131202100219,https://www.city.nerima.tokyo.jp/kusei/tokei/opendata/opendatasite/bunka/cultural_property.files/131202_cultural_property.csv,13Tokyo/raw/municipal/13120/data.csv,石製絵馬〈非公開〉,,稲荷神社,,稲荷神社,,練馬区,13120,有形,美術工芸品,ambiguous,,35.738209,139.611399,movable,representative_point,ambiguous,有形,美術工芸品,,no_explicit_designation_level
municipal_source,練馬区,文化財一覧（令和8年1月1日時点）,131202100220,https://www.city.nerima.tokyo.jp/kusei/tokei/opendata/opendatasite/bunka/cultural_property.files/131202_cultural_property.csv,13Tokyo/raw/municipal/13120/data.csv,三原台の馬頭観音,,,,練馬区,,練馬区,13120,有形民俗,有形民俗,ambiguous,,,,point,representative_point,ambiguous,有形民俗,,,no_explicit_designation_level
municipal_source,練馬区,文化財一覧（令和8年1月1日時点）,131202100221,https://www.city.nerima.tokyo.jp/kusei/tokei/opendata/opendatasite/bunka/cultural_property.files/131202_cultural_property.csv,13Tokyo/raw/municipal/13120/data.csv,谷原囃子,,,,谷原囃子保存会,,練馬区,13120,無形民俗,無形民俗,ambiguous,,35.750483,139.617336,point,representative_point,ambiguous,無形民俗,,,no_explicit_designation_level
municipal_source,練馬区,文化財一覧（令和8年1月1日時点）,131202100222,https://www.city.nerima.tokyo.jp/kusei/tokei/opendata/opendatasite/bunka/cultural_property.files/131202_cultural_property.csv,13Tokyo/raw/municipal/13120/data.csv,増島家薬医門〈路上見学のみ〉,,,,個人,,練馬区,13120,有形,建造物,ambiguous,,35.754758,139.618826,building_direct,building_candidate_point,ambiguous,有形,建造物,,no_explicit_designation_level
municipal_source,練馬区,文化財一覧（令和8年1月1日時点）,131202100223,https://www.city.nerima.tokyo.jp/kusei/tokei/opendata/opendatasite/bunka/cultural_property.files/131202_cultural_property.csv,13Tokyo/raw/municipal/13120/data.csv,谷原延命地蔵,,,,練馬区,,練馬区,13120,有形民俗,有形民俗,ambiguous,,35.750545,139.623292,point,representative_point,ambiguous,有形民俗,,,no_explicit_designation_level
municipal_source,練馬区,文化財一覧（令和8年1月1日時点）,131202100224,https://www.city.nerima.tokyo.jp/kusei/tokei/opendata/opendatasite/bunka/cultural_property.files/131202_cultural_property.csv,13Tokyo/raw/municipal/13120/data.csv,北新井遺跡出土の縄文土器,,武蔵高等学校中学校,,根津育英会武蔵学園,,練馬区,13120,有形,美術工芸品,ambiguous,,35.735878,139.66718,movable,representative_point,ambiguous,有形,美術工芸品,,no_explicit_designation_level
municipal_source,葛飾区,文化財一覧,131229000000.0,https://www.opendata.metro.tokyo.lg.jp/katsushika/131229_cultural_property.csv,13Tokyo/raw/municipal/13122/data.csv,江戸小紋,,,,,,葛飾区,13122,重要無形文化財,美術工芸品,ambiguous,,,,movable,representative_point,ambiguous,重要無形文化財,工芸技術,,no_explicit_designation_level
municipal_source,葛飾区,文化財一覧,131229000000.0,https://www.opendata.metro.tokyo.lg.jp/katsushika/131229_cultural_property.csv,13Tokyo/raw/municipal/13122/data.csv,三味線製作修理,,,,,,葛飾区,13122,選定保存技術,選定保存技術,ambiguous,,,,point,representative_point,ambiguous,選定保存技術,,,no_explicit_designation_level
municipal_source,葛飾区,文化財一覧,131229000000.0,https://www.opendata.metro.tokyo.lg.jp/katsushika/131229_cultural_property.csv,13Tokyo/raw/municipal/13122/data.csv,普賢寺宝篋印塔 三基,,,,,,葛飾区,13122,有形文化財,建造物,ambiguous,,,,building_direct,building_candidate_point,ambiguous,有形文化財,建造物,,no_explicit_designation_level
municipal_source,葛飾区,文化財一覧,131229000000.0,https://www.opendata.metro.tokyo.lg.jp/katsushika/131229_cultural_property.csv,13Tokyo/raw/municipal/13122/data.csv,柴又八幡神社古墳出土埴輪,,,,郷土と天文の博物館他,,葛飾区,13122,有形文化財,考古資料,ambiguous,,,,movable,representative_point,ambiguous,有形文化財,考古資料,,no_explicit_designation_level
municipal_source,葛飾区,文化財一覧,131229000000.0,https://www.opendata.metro.tokyo.lg.jp/katsushika/131229_cultural_property.csv,13Tokyo/raw/municipal/13122/data.csv,日本刀製作技術,,,,,,葛飾区,13122,無形文化財,美術工芸品,ambiguous,,,,movable,representative_point,ambiguous,無形文化財,工芸技術,,no_explicit_designation_level
municipal_source,葛飾区,文化財一覧,131229000000.0,https://www.opendata.metro.tokyo.lg.jp/katsushika/131229_cultural_property.csv,13Tokyo/raw/municipal/13122/data.csv,葛西囃子,,,,,,葛飾区,13122,無形民俗文化財,民俗芸能,ambiguous,,,,point,representative_point,ambiguous,無形民俗文化財,民俗芸能,,no_explicit_designation_level
municipal_source,葛飾区,文化財一覧,131229000000.0,https://www.opendata.metro.tokyo.lg.jp/katsushika/131229_cultural_property.csv,13Tokyo/raw/municipal/13122/data.csv,葛西清重墓,,,,,,葛飾区,13122,旧跡,旧跡,ambiguous,,,,point,representative_point,ambiguous,旧跡,,,no_explicit_designation_level
municipal_source,葛飾区,文化財一覧,131229000000.0,https://www.opendata.metro.tokyo.lg.jp/katsushika/131229_cultural_property.csv,13Tokyo/raw/municipal/13122/data.csv,安積艮斎墓,,,,,,葛飾区,13122,旧跡,旧跡,ambiguous,,,,point,representative_point,ambiguous,旧跡,,,no_explicit_designation_level
municipal_source,葛飾区,文化財一覧,131229000000.0,https://www.opendata.metro.tokyo.lg.jp/katsushika/131229_cultural_property.csv,13Tokyo/raw/municipal/13122/data.csv,山田検校墓,,,,,,葛飾区,13122,旧跡,旧跡,ambiguous,,,,point,representative_point,ambiguous,旧跡,,,no_explicit_designation_level
municipal_source,葛飾区,文化財一覧,131229000000.0,https://www.opendata.metro.tokyo.lg.jp/katsushika/131229_cultural_property.csv,13Tokyo/raw/municipal/13122/data.csv,葛西城跡,,,,,,葛飾区,13122,史跡,史跡,ambiguous,,,,point,representative_point,ambiguous,史跡,,,no_explicit_designation_level
municipal_source,葛飾区,文化財一覧,131229000000.0,https://www.opendata.metro.tokyo.lg.jp/katsushika/131229_cultural_property.csv,13Tokyo/raw/municipal/13122/data.csv,立石,,,,,,葛飾区,13122,史跡,史跡,ambiguous,,,,point,representative_point,ambiguous,史跡,,,no_explicit_designation_level
municipal_source,葛飾区,文化財一覧,131229000000.0,https://www.opendata.metro.tokyo.lg.jp/katsushika/131229_cultural_property.csv,13Tokyo/raw/municipal/13122/data.csv,題経寺 邃渓園,,,,,,葛飾区,13122,名勝,名勝,ambiguous,,,,point,representative_point,ambiguous,名勝,,,no_explicit_designation_level
municipal_source,葛飾区,文化財一覧,131229000000.0,https://www.opendata.metro.tokyo.lg.jp/katsushika/131229_cultural_property.csv,13Tokyo/raw/municipal/13122/data.csv,水元のオニバス,,,,,,葛飾区,13122,天然記念物,天然記念物,ambiguous,,,,point,representative_point,ambiguous,天然記念物,,,no_explicit_designation_level
municipal_source,葛飾区,文化財一覧,131229000000.0,https://www.opendata.metro.tokyo.lg.jp/katsushika/131229_cultural_property.csv,13Tokyo/raw/municipal/13122/data.csv,瑞龍のマツ,,,,,,葛飾区,13122,天然記念物,天然記念物,ambiguous,,,,point,representative_point,ambiguous,天然記念物,,,no_explicit_designation_level
municipal_source,葛飾区,文化財一覧,131229000000.0,https://www.opendata.metro.tokyo.lg.jp/katsushika/131229_cultural_property.csv,13Tokyo/raw/municipal/13122/data.csv,絹本着色東照大権現(徳川家康)像1幅 附木造黒漆塗内箱及び外箱2口,,,,,,葛飾区,13122,有形文化財,有形文化財,ambiguous,,,,point,representative_point,ambiguous,有形文化財,,,no_explicit_designation_level
municipal_source,葛飾区,文化財一覧,131229000000.0,https://www.opendata.metro.tokyo.lg.jp/katsushika/131229_cultural_property.csv,13Tokyo/raw/municipal/13122/data.csv,板絵着色赤穂浪士討入の図 1面,,,,,,葛飾区,13122,有形文化財,有形文化財,ambiguous,,,,point,representative_point,ambiguous,有形文化財,,,no_explicit_designation_level
municipal_source,葛飾区,文化財一覧,131229000000.0,https://www.opendata.metro.tokyo.lg.jp/katsushika/131229_cultural_property.csv,13Tokyo/raw/municipal/13122/data.csv,木造聖徳太子立像 1躯 附木造仏形立像 1躯,,,,,,葛飾区,13122,有形文化財,有形文化財,ambiguous,,,,point,representative_point,ambiguous,有形文化財,,,no_explicit_designation_level
municipal_source,葛飾区,文化財一覧,131229000000.0,https://www.opendata.metro.tokyo.lg.jp/katsushika/131229_cultural_property.csv,13Tokyo/raw/municipal/13122/data.csv,梵鐘(松浦の鐘) 1口,,,,,,葛飾区,13122,有形文化財,有形文化財,ambiguous,,,,point,representative_point,ambiguous,有形文化財,,,no_explicit_designation_level
municipal_source,葛飾区,文化財一覧,131229000000.0,https://www.opendata.metro.tokyo.lg.jp/katsushika/131229_cultural_property.csv,13Tokyo/raw/municipal/13122/data.csv,浅野長吉添状 1点,,,,,,葛飾区,13122,有形文化財,有形文化財,ambiguous,,,,point,representative_point,ambiguous,有形文化財,,,no_explicit_designation_level
municipal_source,葛飾区,文化財一覧,131229000000.0,https://www.opendata.metro.tokyo.lg.jp/katsushika/131229_cultural_property.csv,13Tokyo/raw/municipal/13122/data.csv,鈴木家文書 3点,,,,,,葛飾区,13122,有形文化財,有形文化財,ambiguous,,,,point,representative_point,ambiguous,有形文化財,,,no_explicit_designation_level
municipal_source,葛飾区,文化財一覧,131229000000.0,https://www.opendata.metro.tokyo.lg.jp/katsushika/131229_cultural_property.csv,13Tokyo/raw/municipal/13122/data.csv,金町・松戸関所関係文書 11点,,,,郷土と天文の博物館(一部寄託),,葛飾区,13122,有形文化財,有形文化財,ambiguous,,,,point,representative_point,ambiguous,有形文化財,,,no_explicit_designation_level
municipal_source,葛飾区,文化財一覧,131229000000.0,https://www.opendata.metro.tokyo.lg.jp/katsushika/131229_cultural_property.csv,13Tokyo/raw/municipal/13122/data.csv,普賢寺庚申灯籠 一対,,,,,,葛飾区,13122,有形文化財,有形文化財,ambiguous,,,,point,representative_point,ambiguous,有形文化財,,,no_explicit_designation_level
municipal_source,葛飾区,文化財一覧,131229000000.0,https://www.opendata.metro.tokyo.lg.jp/katsushika/131229_cultural_property.csv,13Tokyo/raw/municipal/13122/data.csv,板絵着色鷹白鳥を捕える図 1面,,,,,,葛飾区,13122,有形文化財,有形文化財,ambiguous,,,,point,representative_point,ambiguous,有形文化財,,,no_explicit_designation_level
municipal_source,葛飾区,文化財一覧,131229000000.0,https://www.opendata.metro.tokyo.lg.jp/katsushika/131229_cultural_property.csv,13Tokyo/raw/municipal/13122/data.csv,刊本大般若経 600帖,,,,,,葛飾区,13122,有形文化財,有形文化財,ambiguous,,,,point,representative_point,ambiguous,有形文化財,,,no_explicit_designation_level
municipal_source,葛飾区,文化財一覧,131229000000.0,https://www.opendata.metro.tokyo.lg.jp/katsushika/131229_cultural_property.csv,13Tokyo/raw/municipal/13122/data.csv,紙本着色地蔵・十王図,,,,,,葛飾区,13122,有形文化財,有形文化財,ambiguous,,,,point,representative_point,ambiguous,有形文化財,,,no_explicit_designation_level
municipal_source,葛飾区,文化財一覧,131229000000.0,https://www.opendata.metro.tokyo.lg.jp/katsushika/131229_cultural_property.csv,13Tokyo/raw/municipal/13122/data.csv,五鈷種子鈴 1口,,,,,,葛飾区,13122,有形文化財,有形文化財,ambiguous,,,,point,representative_point,ambiguous,有形文化財,,,no_explicit_designation_level
municipal_source,葛飾区,文化財一覧,131229000000.0,https://www.opendata.metro.tokyo.lg.jp/katsushika/131229_cultural_property.csv,13Tokyo/raw/municipal/13122/data.csv,正福寺惣門末起立録・正福寺本末帳 2冊,,,,,,葛飾区,13122,有形文化財,有形文化財,ambiguous,,,,point,representative_point,ambiguous,有形文化財,,,no_explicit_designation_level
municipal_source,葛飾区,文化財一覧,131229000000.0,https://www.opendata.metro.tokyo.lg.jp/katsushika/131229_cultural_property.csv,13Tokyo/raw/municipal/13122/data.csv,出土銭一括 附壷1口 高札1面,,,,,,葛飾区,13122,有形文化財,有形文化財,ambiguous,,,,point,representative_point,ambiguous,有形文化財,,,no_explicit_designation_level
municipal_source,葛飾区,文化財一覧,131229000000.0,https://www.opendata.metro.tokyo.lg.jp/katsushika/131229_cultural_property.csv,13Tokyo/raw/municipal/13122/data.csv,木造薬師如来立像 1躯,,,,,,葛飾区,13122,有形文化財,有形文化財,ambiguous,,,,point,representative_point,ambiguous,有形文化財,,,no_explicit_designation_level
municipal_source,葛飾区,文化財一覧,131229000000.0,https://www.opendata.metro.tokyo.lg.jp/katsushika/131229_cultural_property.csv,13Tokyo/raw/municipal/13122/data.csv,金銅幡残欠 1坪,,,,,,葛飾区,13122,有形文化財,有形文化財,ambiguous,,,,point,representative_point,ambiguous,有形文化財,,,no_explicit_designation_level
municipal_source,葛飾区,文化財一覧,131229000000.0,https://www.opendata.metro.tokyo.lg.jp/katsushika/131229_cultural_property.csv,13Tokyo/raw/municipal/13122/data.csv,紙本墨書胎蔵界私糸玉抄・紙本金剛界私糸玉抄 2冊,,,,,,葛飾区,13122,有形文化財,有形文化財,ambiguous,,,,point,representative_point,ambiguous,有形文化財,,,no_explicit_designation_level
municipal_source,葛飾区,文化財一覧,131229000000.0,https://www.opendata.metro.tokyo.lg.jp/katsushika/131229_cultural_property.csv,13Tokyo/raw/municipal/13122/data.csv,金町・松戸関所文書 2冊 附関所印 印箱 御用印 硯箱 船橋用虎綱残欠,,,,郷土と天文の博物館他,,葛飾区,13122,有形文化財,有形文化財,ambiguous,,,,point,representative_point,ambiguous,有形文化財,,,no_explicit_designation_level
municipal_source,葛飾区,文化財一覧,131229000000.0,https://www.opendata.metro.tokyo.lg.jp/katsushika/131229_cultural_property.csv,13Tokyo/raw/municipal/13122/data.csv,絹本着色盤珪永琢禅師頂相 1幅,,,,,,葛飾区,13122,有形文化財,有形文化財,ambiguous,,,,point,representative_point,ambiguous,有形文化財,,,no_explicit_designation_level
municipal_source,葛飾区,文化財一覧,131229000000.0,https://www.opendata.metro.tokyo.lg.jp/katsushika/131229_cultural_property.csv,13Tokyo/raw/municipal/13122/data.csv,絹本着色霊源周蔭禅師頂相 1幅,,,,,,葛飾区,13122,有形文化財,有形文化財,ambiguous,,,,point,representative_point,ambiguous,有形文化財,,,no_explicit_designation_level
municipal_source,葛飾区,文化財一覧,131229000000.0,https://www.opendata.metro.tokyo.lg.jp/katsushika/131229_cultural_property.csv,13Tokyo/raw/municipal/13122/data.csv,真禅寺中興記 1巻,,,,,,葛飾区,13122,有形文化財,有形文化財,ambiguous,,,,point,representative_point,ambiguous,有形文化財,,,no_explicit_designation_level
municipal_source,葛飾区,文化財一覧,131229000000.0,https://www.opendata.metro.tokyo.lg.jp/katsushika/131229_cultural_property.csv,13Tokyo/raw/municipal/13122/data.csv,水元小学校旧校舎 1棟,,,,,,葛飾区,13122,有形文化財,有形文化財,ambiguous,,,,point,representative_point,ambiguous,有形文化財,,,no_explicit_designation_level
municipal_source,葛飾区,文化財一覧,131229000000.0,https://www.opendata.metro.tokyo.lg.jp/katsushika/131229_cultural_property.csv,13Tokyo/raw/municipal/13122/data.csv,紙本墨画豊臣秀吉徳川家康甲冑像 2幅1対,,,,,,葛飾区,13122,有形文化財,有形文化財,ambiguous,,,,point,representative_point,ambiguous,有形文化財,,,no_explicit_designation_level
municipal_source,葛飾区,文化財一覧,131229000000.0,https://www.opendata.metro.tokyo.lg.jp/katsushika/131229_cultural_property.csv,13Tokyo/raw/municipal/13122/data.csv,木造如来形立像 1躯,,,,,,葛飾区,13122,有形文化財,有形文化財,ambiguous,,,,point,representative_point,ambiguous,有形文化財,,,no_explicit_designation_level
municipal_source,葛飾区,文化財一覧,131229000000.0,https://www.opendata.metro.tokyo.lg.jp/katsushika/131229_cultural_property.csv,13Tokyo/raw/municipal/13122/data.csv,木造金剛界大日如来坐像 1躯,,,,,,葛飾区,13122,有形文化財,有形文化財,ambiguous,,,,point,representative_point,ambiguous,有形文化財,,,no_explicit_designation_level
municipal_source,葛飾区,文化財一覧,131229000000.0,https://www.opendata.metro.tokyo.lg.jp/katsushika/131229_cultural_property.csv,13Tokyo/raw/municipal/13122/data.csv,木造千手観世音菩薩立像 1躯,,,,,,葛飾区,13122,有形文化財,有形文化財,ambiguous,,,,point,representative_point,ambiguous,有形文化財,,,no_explicit_designation_level
municipal_source,葛飾区,文化財一覧,131229000000.0,https://www.opendata.metro.tokyo.lg.jp/katsushika/131229_cultural_property.csv,13Tokyo/raw/municipal/13122/data.csv,木造釈迦如来及両脇侍坐像 3躯,,,,,,葛飾区,13122,有形文化財,有形文化財,ambiguous,,,,point,representative_point,ambiguous,有形文化財,,,no_explicit_designation_level
municipal_source,葛飾区,文化財一覧,131229000000.0,https://www.opendata.metro.tokyo.lg.jp/katsushika/131229_cultural_property.csv,13Tokyo/raw/municipal/13122/data.csv,木造慈慧大師坐像 1躯,,,,,,葛飾区,13122,有形文化財,有形文化財,ambiguous,,,,point,representative_point,ambiguous,有形文化財,,,no_explicit_designation_level
municipal_source,葛飾区,文化財一覧,131229000000.0,https://www.opendata.metro.tokyo.lg.jp/katsushika/131229_cultural_property.csv,13Tokyo/raw/municipal/13122/data.csv,葵紋入御簾 1張,,,,,,葛飾区,13122,有形文化財,有形文化財,ambiguous,,,,point,representative_point,ambiguous,有形文化財,,,no_explicit_designation_level
municipal_source,葛飾区,文化財一覧,131229000000.0,https://www.opendata.metro.tokyo.lg.jp/katsushika/131229_cultural_property.csv,13Tokyo/raw/municipal/13122/data.csv,藤原家定薬師堂別当職并寺領等寄進状 1通,,,,,,葛飾区,13122,有形文化財,有形文化財,ambiguous,,,,point,representative_point,ambiguous,有形文化財,,,no_explicit_designation_level
municipal_source,葛飾区,文化財一覧,131229000000.0,https://www.opendata.metro.tokyo.lg.jp/katsushika/131229_cultural_property.csv,13Tokyo/raw/municipal/13122/data.csv,青龍山薬師仏像縁記,,,,,,葛飾区,13122,有形文化財,有形文化財,ambiguous,,,,point,representative_point,ambiguous,有形文化財,,,no_explicit_designation_level
municipal_source,葛飾区,文化財一覧,131229000000.0,https://www.opendata.metro.tokyo.lg.jp/katsushika/131229_cultural_property.csv,13Tokyo/raw/municipal/13122/data.csv,徳川家康書状 1通,,,,,,葛飾区,13122,有形文化財,有形文化財,ambiguous,,,,point,representative_point,ambiguous,有形文化財,,,no_explicit_designation_level
municipal_source,葛飾区,文化財一覧,131229000000.0,https://www.opendata.metro.tokyo.lg.jp/katsushika/131229_cultural_property.csv,13Tokyo/raw/municipal/13122/data.csv,徳川家光・三世御ちキリ 1通,,,,,,葛飾区,13122,有形文化財,有形文化財,ambiguous,,,,point,representative_point,ambiguous,有形文化財,,,no_explicit_designation_level
municipal_source,葛飾区,文化財一覧,131229000000.0,https://www.opendata.metro.tokyo.lg.jp/katsushika/131229_cultural_property.csv,13Tokyo/raw/municipal/13122/data.csv,文書収納箱,,,,郷土と天文の博物館,,葛飾区,13122,有形文化財,有形文化財,ambiguous,,,,point,representative_point,ambiguous,有形文化財,,,no_explicit_designation_level
municipal_source,葛飾区,文化財一覧,131229000000.0,https://www.opendata.metro.tokyo.lg.jp/katsushika/131229_cultural_property.csv,13Tokyo/raw/municipal/13122/data.csv,熊野神社古墳出土遺物一括,,,,郷土と天文の博物館,,葛飾区,13122,有形文化財,有形文化財,ambiguous,,,,point,representative_point,ambiguous,有形文化財,,,no_explicit_designation_level
municipal_source,葛飾区,文化財一覧,131229000000.0,https://www.opendata.metro.tokyo.lg.jp/katsushika/131229_cultural_property.csv,13Tokyo/raw/municipal/13122/data.csv,半田稲荷神社神泉遺構,,,,,,葛飾区,13122,有形文化財,有形文化財,ambiguous,,,,point,representative_point,ambiguous,有形文化財,,,no_explicit_designation_level
municipal_source,葛飾区,文化財一覧,131229000000.0,https://www.opendata.metro.tokyo.lg.jp/katsushika/131229_cultural_property.csv,13Tokyo/raw/municipal/13122/data.csv,郷倉 1棟,,,,,,葛飾区,13122,有形文化財,有形文化財,ambiguous,,,,point,representative_point,ambiguous,有形文化財,,,no_explicit_designation_level
municipal_source,葛飾区,文化財一覧,131229000000.0,https://www.opendata.metro.tokyo.lg.jp/katsushika/131229_cultural_property.csv,13Tokyo/raw/municipal/13122/data.csv,東京府南葛飾郡新宿町農事調査書 1冊,,,,郷土と天文の博物館,,葛飾区,13122,有形文化財,有形文化財,ambiguous,,,,point,representative_point,ambiguous,有形文化財,,,no_explicit_designation_level
municipal_source,葛飾区,文化財一覧,131229000000.0,https://www.opendata.metro.tokyo.lg.jp/katsushika/131229_cultural_property.csv,13Tokyo/raw/municipal/13122/data.csv,関口家文書 134点,,,,郷土と天文の博物館(寄託),,葛飾区,13122,有形文化財,有形文化財,ambiguous,,,,point,representative_point,ambiguous,有形文化財,,,no_explicit_designation_level
municipal_source,葛飾区,文化財一覧,131229000000.0,https://www.opendata.metro.tokyo.lg.jp/katsushika/131229_cultural_property.csv,13Tokyo/raw/municipal/13122/data.csv,中茎家文書 148点,,,,郷土と天文の博物館,,葛飾区,13122,有形文化財,有形文化財,ambiguous,,,,point,representative_point,ambiguous,有形文化財,,,no_explicit_designation_level
municipal_source,葛飾区,文化財一覧,131229000000.0,https://www.opendata.metro.tokyo.lg.jp/katsushika/131229_cultural_property.csv,13Tokyo/raw/municipal/13122/data.csv,帝釋人車鉄道関係文書 50点,,,,郷土と天文の博物館,,葛飾区,13122,有形文化財,有形文化財,ambiguous,,,,point,representative_point,ambiguous,有形文化財,,,no_explicit_designation_level
municipal_source,葛飾区,文化財一覧,131229000000.0,https://www.opendata.metro.tokyo.lg.jp/katsushika/131229_cultural_property.csv,13Tokyo/raw/municipal/13122/data.csv,浄光寺近世文書 36点,,,,,,葛飾区,13122,有形文化財,有形文化財,ambiguous,,,,point,representative_point,ambiguous,有形文化財,,,no_explicit_designation_level
municipal_source,葛飾区,文化財一覧,131229000000.0,https://www.opendata.metro.tokyo.lg.jp/katsushika/131229_cultural_property.csv,13Tokyo/raw/municipal/13122/data.csv,遍照院異形板碑 1基,,,,,,葛飾区,13122,有形文化財,有形文化財,ambiguous,,,,point,representative_point,ambiguous,有形文化財,,,no_explicit_designation_level
municipal_source,葛飾区,文化財一覧,131229000000.0,https://www.opendata.metro.tokyo.lg.jp/katsushika/131229_cultural_property.csv,13Tokyo/raw/municipal/13122/data.csv,浅間山噴火川流溺死者供養碑 1基,,,,,,葛飾区,13122,有形文化財,有形文化財,ambiguous,,,,point,representative_point,ambiguous,有形文化財,,,no_explicit_designation_level
municipal_source,葛飾区,文化財一覧,131229000000.0,https://www.opendata.metro.tokyo.lg.jp/katsushika/131229_cultural_property.csv,13Tokyo/raw/municipal/13122/data.csv,寛永九年銘佐野家石造五輪塔 1基,,,,,,葛飾区,13122,有形文化財,有形文化財,ambiguous,,,,point,representative_point,ambiguous,有形文化財,,,no_explicit_designation_level
municipal_source,葛飾区,文化財一覧,131229000000.0,https://www.opendata.metro.tokyo.lg.jp/katsushika/131229_cultural_property.csv,13Tokyo/raw/municipal/13122/data.csv,松浦河内守信正墓碑 1基,,,,,,葛飾区,13122,有形文化財,有形文化財,ambiguous,,,,point,representative_point,ambiguous,有形文化財,,,no_explicit_designation_level
municipal_source,葛飾区,文化財一覧,131229000000.0,https://www.opendata.metro.tokyo.lg.jp/katsushika/131229_cultural_property.csv,13Tokyo/raw/municipal/13122/data.csv,五智如来石像 5躯 附 造立碑,,,,,,葛飾区,13122,有形文化財,有形文化財,ambiguous,,,,point,representative_point,ambiguous,有形文化財,,,no_explicit_designation_level
municipal_source,葛飾区,文化財一覧,131229000000.0,https://www.opendata.metro.tokyo.lg.jp/katsushika/131229_cultural_property.csv,13Tokyo/raw/municipal/13122/data.csv,柴又勧農事績碑 1基,,,,,,葛飾区,13122,有形文化財,有形文化財,ambiguous,,,,point,representative_point,ambiguous,有形文化財,,,no_explicit_designation_level
municipal_source,葛飾区,文化財一覧,131229000000.0,https://www.opendata.metro.tokyo.lg.jp/katsushika/131229_cultural_property.csv,13Tokyo/raw/municipal/13122/data.csv,加藤ひな子の碑 1基 附 山田顕義風折烏帽子の碑 1基 空斎山田伯造墨碑建設者名簿の碑 1基,,,,,,葛飾区,13122,有形文化財,有形文化財,ambiguous,,,,point,representative_point,ambiguous,有形文化財,,,no_explicit_designation_level
municipal_source,葛飾区,文化財一覧,131229000000.0,https://www.opendata.metro.tokyo.lg.jp/katsushika/131229_cultural_property.csv,13Tokyo/raw/municipal/13122/data.csv,玄恵井の碑 1基,,,,,,葛飾区,13122,有形文化財,有形文化財,ambiguous,,,,point,representative_point,ambiguous,有形文化財,,,no_explicit_designation_level
municipal_source,葛飾区,文化財一覧,131229000000.0,https://www.opendata.metro.tokyo.lg.jp/katsushika/131229_cultural_property.csv,13Tokyo/raw/municipal/13122/data.csv,銅造懸仏 1面,,,,,,葛飾区,13122,有形文化財,有形文化財,ambiguous,,,,point,representative_point,ambiguous,有形文化財,,,no_explicit_designation_level
municipal_source,葛飾区,文化財一覧,131229000000.0,https://www.opendata.metro.tokyo.lg.jp/katsushika/131229_cultural_property.csv,13Tokyo/raw/municipal/13122/data.csv,小合不動堂棟札 4枚,,,,郷土と天文の博物館,,葛飾区,13122,有形文化財,有形文化財,ambiguous,,,,point,representative_point,ambiguous,有形文化財,,,no_explicit_designation_level
municipal_source,葛飾区,文化財一覧,131229000000.0,https://www.opendata.metro.tokyo.lg.jp/katsushika/131229_cultural_property.csv,13Tokyo/raw/municipal/13122/data.csv,八劔神社棟札 1枚,,,,,,葛飾区,13122,有形文化財,有形文化財,ambiguous,,,,point,representative_point,ambiguous,有形文化財,,,no_explicit_designation_level
municipal_source,葛飾区,文化財一覧,131229000000.0,https://www.opendata.metro.tokyo.lg.jp/katsushika/131229_cultural_property.csv,13Tokyo/raw/municipal/13122/data.csv,高砂天祖神社棟札 1枚,,,,,,葛飾区,13122,有形文化財,有形文化財,ambiguous,,,,point,representative_point,ambiguous,有形文化財,,,no_explicit_designation_level
municipal_source,葛飾区,文化財一覧,131229000000.0,https://www.opendata.metro.tokyo.lg.jp/katsushika/131229_cultural_property.csv,13Tokyo/raw/municipal/13122/data.csv,奥戸天祖神社棟札 1枚,,,,,,葛飾区,13122,有形文化財,有形文化財,ambiguous,,,,point,representative_point,ambiguous,有形文化財,,,no_explicit_designation_level
municipal_source,葛飾区,文化財一覧,131229000000.0,https://www.opendata.metro.tokyo.lg.jp/katsushika/131229_cultural_property.csv,13Tokyo/raw/municipal/13122/data.csv,寛永十年銘柴又八幡神社棟札 1枚,,,,,,葛飾区,13122,有形文化財,有形文化財,ambiguous,,,,point,representative_point,ambiguous,有形文化財,,,no_explicit_designation_level
municipal_source,葛飾区,文化財一覧,131229000000.0,https://www.opendata.metro.tokyo.lg.jp/katsushika/131229_cultural_property.csv,13Tokyo/raw/municipal/13122/data.csv,上千葉三十番神堂木牌 1基 附 元和五年略本尊 1基,,,,,,葛飾区,13122,有形文化財,有形文化財,ambiguous,,,,point,representative_point,ambiguous,有形文化財,,,no_explicit_designation_level
municipal_source,葛飾区,文化財一覧,131229000000.0,https://www.opendata.metro.tokyo.lg.jp/katsushika/131229_cultural_property.csv,13Tokyo/raw/municipal/13122/data.csv,木造金剛力士立像 2躯,,,,,,葛飾区,13122,有形文化財,有形文化財,ambiguous,,,,point,representative_point,ambiguous,有形文化財,,,no_explicit_designation_level
municipal_source,葛飾区,文化財一覧,131229000000.0,https://www.opendata.metro.tokyo.lg.jp/katsushika/131229_cultural_property.csv,13Tokyo/raw/municipal/13122/data.csv,木造山号扁額 1面,,,,,,葛飾区,13122,有形文化財,有形文化財,ambiguous,,,,point,representative_point,ambiguous,有形文化財,,,no_explicit_designation_level
municipal_source,葛飾区,文化財一覧,131229000000.0,https://www.opendata.metro.tokyo.lg.jp/katsushika/131229_cultural_property.csv,13Tokyo/raw/municipal/13122/data.csv,柴又河川敷出土遺物,,,,郷土と天文の博物館,,葛飾区,13122,有形文化財,有形文化財,ambiguous,,,,point,representative_point,ambiguous,有形文化財,,,no_explicit_designation_level
municipal_source,葛飾区,文化財一覧,131229000000.0,https://www.opendata.metro.tokyo.lg.jp/katsushika/131229_cultural_property.csv,13Tokyo/raw/municipal/13122/data.csv,研磨(日本刀),,,,,,葛飾区,13122,無形文化財,無形文化財,ambiguous,,,,point,representative_point,ambiguous,無形文化財,,,no_explicit_designation_level
municipal_source,葛飾区,文化財一覧,131229000000.0,https://www.opendata.metro.tokyo.lg.jp/katsushika/131229_cultural_property.csv,13Tokyo/raw/municipal/13122/data.csv,金工(日本刀),,,,,,葛飾区,13122,無形文化財,無形文化財,ambiguous,,,,point,representative_point,ambiguous,無形文化財,,,no_explicit_designation_level
municipal_source,葛飾区,文化財一覧,131229000000.0,https://www.opendata.metro.tokyo.lg.jp/katsushika/131229_cultural_property.csv,13Tokyo/raw/municipal/13122/data.csv,二十一仏庚申塔 1基,,,,,,葛飾区,13122,有形民俗文化財,有形民俗文化財,ambiguous,,,,point,representative_point,ambiguous,有形民俗文化財,,,no_explicit_designation_level
municipal_source,葛飾区,文化財一覧,131229000000.0,https://www.opendata.metro.tokyo.lg.jp/katsushika/131229_cultural_property.csv,13Tokyo/raw/municipal/13122/data.csv,寛正六年月待供養画像板碑 1基,,,,,,葛飾区,13122,有形民俗文化財,有形民俗文化財,ambiguous,,,,point,representative_point,ambiguous,有形民俗文化財,,,no_explicit_designation_level
municipal_source,葛飾区,文化財一覧,131229000000.0,https://www.opendata.metro.tokyo.lg.jp/katsushika/131229_cultural_property.csv,13Tokyo/raw/municipal/13122/data.csv,半田稲荷神社板絵類 12面 附小絵馬浮彫狐額 発句額錦絵願人坊主額,,,,,,葛飾区,13122,有形民俗文化財,有形民俗文化財,ambiguous,,,,point,representative_point,ambiguous,有形民俗文化財,,,no_explicit_designation_level
municipal_source,葛飾区,文化財一覧,131229000000.0,https://www.opendata.metro.tokyo.lg.jp/katsushika/131229_cultural_property.csv,13Tokyo/raw/municipal/13122/data.csv,蓮昌寺板絵類 19面,,,,,,葛飾区,13122,有形民俗文化財,有形民俗文化財,ambiguous,,,,point,representative_point,ambiguous,有形民俗文化財,,,no_explicit_designation_level
municipal_source,葛飾区,文化財一覧,131229000000.0,https://www.opendata.metro.tokyo.lg.jp/katsushika/131229_cultural_property.csv,13Tokyo/raw/municipal/13122/data.csv,阿弥陀三尊来迎月待供養板碑 1基,,,,,,葛飾区,13122,有形民俗文化財,有形民俗文化財,ambiguous,,,,point,representative_point,ambiguous,有形民俗文化財,,,no_explicit_designation_level
municipal_source,葛飾区,文化財一覧,131229000000.0,https://www.opendata.metro.tokyo.lg.jp/katsushika/131229_cultural_property.csv,13Tokyo/raw/municipal/13122/data.csv,水戸街道石橋供養道標 1基,,,,,,葛飾区,13122,有形民俗文化財,有形民俗文化財,ambiguous,,,,point,representative_point,ambiguous,有形民俗文化財,,,no_explicit_designation_level
municipal_source,葛飾区,文化財一覧,131229000000.0,https://www.opendata.metro.tokyo.lg.jp/katsushika/131229_cultural_property.csv,13Tokyo/raw/municipal/13122/data.csv,井戸掘絵額 1基,,,,,,葛飾区,13122,有形民俗文化財,有形民俗文化財,ambiguous,,,,point,representative_point,ambiguous,有形民俗文化財,,,no_explicit_designation_level
municipal_source,葛飾区,文化財一覧,131229000000.0,https://www.opendata.metro.tokyo.lg.jp/katsushika/131229_cultural_property.csv,13Tokyo/raw/municipal/13122/data.csv,板絵着色雨乞図絵馬額 1面,,,,,,葛飾区,13122,有形民俗文化財,有形民俗文化財,ambiguous,,,,point,representative_point,ambiguous,有形民俗文化財,,,no_explicit_designation_level
municipal_source,葛飾区,文化財一覧,131229000000.0,https://www.opendata.metro.tokyo.lg.jp/katsushika/131229_cultural_property.csv,13Tokyo/raw/municipal/13122/data.csv,板絵着色富士講図絵馬額 1面,,,,,,葛飾区,13122,有形民俗文化財,有形民俗文化財,ambiguous,,,,point,representative_point,ambiguous,有形民俗文化財,,,no_explicit_designation_level
municipal_source,葛飾区,文化財一覧,131229000000.0,https://www.opendata.metro.tokyo.lg.jp/katsushika/131229_cultural_property.csv,13Tokyo/raw/municipal/13122/data.csv,施餓鬼音楽法要碑 1基,,,,,,葛飾区,13122,有形民俗文化財,有形民俗文化財,ambiguous,,,,point,representative_point,ambiguous,有形民俗文化財,,,no_explicit_designation_level
municipal_source,葛飾区,文化財一覧,131229000000.0,https://www.opendata.metro.tokyo.lg.jp/katsushika/131229_cultural_property.csv,13Tokyo/raw/municipal/13122/data.csv,板絵着色裸参り絵馬額 1面,,,,,,葛飾区,13122,有形民俗文化財,有形民俗文化財,ambiguous,,,,point,representative_point,ambiguous,有形民俗文化財,,,no_explicit_designation_level
municipal_source,葛飾区,文化財一覧,131229000000.0,https://www.opendata.metro.tokyo.lg.jp/katsushika/131229_cultural_property.csv,13Tokyo/raw/municipal/13122/data.csv,板絵着色裸参り絵馬額 1面,,,,,,葛飾区,13122,有形民俗文化財,有形民俗文化財,ambiguous,,,,point,representative_point,ambiguous,有形民俗文化財,,,no_explicit_designation_level
municipal_source,葛飾区,文化財一覧,131229000000.0,https://www.opendata.metro.tokyo.lg.jp/katsushika/131229_cultural_property.csv,13Tokyo/raw/municipal/13122/data.csv,柴又題経寺帝釈天出現由来碑 1基,,,,,,葛飾区,13122,有形民俗文化財,有形民俗文化財,ambiguous,,,,point,representative_point,ambiguous,有形民俗文化財,,,no_explicit_designation_level
municipal_source,葛飾区,文化財一覧,131229000000.0,https://www.opendata.metro.tokyo.lg.jp/katsushika/131229_cultural_property.csv,13Tokyo/raw/municipal/13122/data.csv,金蓮院愛染明王石像 1基,,,,,,葛飾区,13122,有形民俗文化財,有形民俗文化財,ambiguous,,,,point,representative_point,ambiguous,有形民俗文化財,,,no_explicit_designation_level
municipal_source,葛飾区,文化財一覧,131229000000.0,https://www.opendata.metro.tokyo.lg.jp/katsushika/131229_cultural_property.csv,13Tokyo/raw/municipal/13122/data.csv,葛西神社鍾馗石像 1基,,,,,,葛飾区,13122,有形民俗文化財,有形民俗文化財,ambiguous,,,,point,representative_point,ambiguous,有形民俗文化財,,,no_explicit_designation_level
municipal_source,葛飾区,文化財一覧,131229000000.0,https://www.opendata.metro.tokyo.lg.jp/katsushika/131229_cultural_property.csv,13Tokyo/raw/municipal/13122/data.csv,小合不動堂石灯籠 1基,,,,,,葛飾区,13122,有形民俗文化財,有形民俗文化財,ambiguous,,,,point,representative_point,ambiguous,有形民俗文化財,,,no_explicit_designation_level
municipal_source,葛飾区,文化財一覧,131229000000.0,https://www.opendata.metro.tokyo.lg.jp/katsushika/131229_cultural_property.csv,13Tokyo/raw/municipal/13122/data.csv,人足幟,,,,郷土と天文の博物館,,葛飾区,13122,有形民俗文化財,有形民俗文化財,ambiguous,,,,point,representative_point,ambiguous,有形民俗文化財,,,no_explicit_designation_level
municipal_source,葛飾区,文化財一覧,131229000000.0,https://www.opendata.metro.tokyo.lg.jp/katsushika/131229_cultural_property.csv,13Tokyo/raw/municipal/13122/data.csv,角柱三猿浮彫道標,,,,,,葛飾区,13122,有形民俗文化財,有形民俗文化財,ambiguous,,,,point,representative_point,ambiguous,有形民俗文化財,,,no_explicit_designation_level
municipal_source,葛飾区,文化財一覧,131229000000.0,https://www.opendata.metro.tokyo.lg.jp/katsushika/131229_cultural_property.csv,13Tokyo/raw/municipal/13122/data.csv,舟形地蔵道標,,,,,,葛飾区,13122,有形民俗文化財,有形民俗文化財,ambiguous,,,,point,representative_point,ambiguous,有形民俗文化財,,,no_explicit_designation_level
municipal_source,葛飾区,文化財一覧,131229000000.0,https://www.opendata.metro.tokyo.lg.jp/katsushika/131229_cultural_property.csv,13Tokyo/raw/municipal/13122/data.csv,柴又八幡神社の神獅子,,,,,,葛飾区,13122,無形民俗文化財,無形民俗文化財,ambiguous,,,,point,representative_point,ambiguous,無形民俗文化財,,,no_explicit_designation_level
municipal_source,葛飾区,文化財一覧,131229000000.0,https://www.opendata.metro.tokyo.lg.jp/katsushika/131229_cultural_property.csv,13Tokyo/raw/municipal/13122/data.csv,飯塚の富士講,,,,,,葛飾区,13122,無形民俗文化財,無形民俗文化財,ambiguous,,,,point,representative_point,ambiguous,無形民俗文化財,,,no_explicit_designation_level
municipal_source,葛飾区,文化財一覧,131229000000.0,https://www.opendata.metro.tokyo.lg.jp/katsushika/131229_cultural_property.csv,13Tokyo/raw/municipal/13122/data.csv,柴又八幡神社の古墳石室,,,,,,葛飾区,13122,史跡,史跡,ambiguous,,,,point,representative_point,ambiguous,史跡,,,no_explicit_designation_level
municipal_source,葛飾区,文化財一覧,131229000000.0,https://www.opendata.metro.tokyo.lg.jp/katsushika/131229_cultural_property.csv,13Tokyo/raw/municipal/13122/data.csv,俳人 鈴木松什の墓,,,,,,葛飾区,13122,史跡,史跡,ambiguous,,,,point,representative_point,ambiguous,史跡,,,no_explicit_designation_level
municipal_source,葛飾区,文化財一覧,131229000000.0,https://www.opendata.metro.tokyo.lg.jp/katsushika/131229_cultural_property.csv,13Tokyo/raw/municipal/13122/data.csv,小菅銭座跡,,,,,,葛飾区,13122,史跡,史跡,ambiguous,,,,point,representative_point,ambiguous,史跡,,,no_explicit_designation_level
municipal_source,葛飾区,文化財一覧,131229000000.0,https://www.opendata.metro.tokyo.lg.jp/katsushika/131229_cultural_property.csv,13Tokyo/raw/municipal/13122/data.csv,鬼塚,,,,,,葛飾区,13122,史跡,史跡,ambiguous,,,,point,representative_point,ambiguous,史跡,,,no_explicit_designation_level
municipal_source,葛飾区,文化財一覧,131229000000.0,https://www.opendata.metro.tokyo.lg.jp/katsushika/131229_cultural_property.csv,13Tokyo/raw/municipal/13122/data.csv,堀切菖蒲園,,,,,,葛飾区,13122,名勝,名勝,ambiguous,,,,point,representative_point,ambiguous,名勝,,,no_explicit_designation_level
municipal_source,葛飾区,文化財一覧,131229000000.0,https://www.opendata.metro.tokyo.lg.jp/katsushika/131229_cultural_property.csv,13Tokyo/raw/municipal/13122/data.csv,金蓮院のラカンマキ 1株,,,,,,葛飾区,13122,天然記念物,天然記念物,ambiguous,,,,point,representative_point,ambiguous,天然記念物,,,no_explicit_designation_level
municipal_source,葛飾区,文化財一覧,131229000000.0,https://www.opendata.metro.tokyo.lg.jp/katsushika/131229_cultural_property.csv,13Tokyo/raw/municipal/13122/data.csv,吉田家のクスノキ 1株,,,,,,葛飾区,13122,天然記念物,天然記念物,ambiguous,,,,point,representative_point,ambiguous,天然記念物,,,no_explicit_designation_level
municipal_source,葛飾区,文化財一覧,131229000000.0,https://www.opendata.metro.tokyo.lg.jp/katsushika/131229_cultural_property.csv,13Tokyo/raw/municipal/13122/data.csv,高木神社のイチョウ 1株,,,,,,葛飾区,13122,天然記念物,天然記念物,ambiguous,,,,point,representative_point,ambiguous,天然記念物,,,no_explicit_designation_level
municipal_source,葛飾区,文化財一覧,131229000000.0,https://www.opendata.metro.tokyo.lg.jp/katsushika/131229_cultural_property.csv,13Tokyo/raw/municipal/13122/data.csv,東水元熊野神社のタブノキ 2株,,,,,,葛飾区,13122,天然記念物,天然記念物,ambiguous,,,,point,representative_point,ambiguous,天然記念物,,,no_explicit_designation_level
municipal_source,葛飾区,文化財一覧,131229000000.0,https://www.opendata.metro.tokyo.lg.jp/katsushika/131229_cultural_property.csv,13Tokyo/raw/municipal/13122/data.csv,葛西神社のイチョウ 3株,,,,,,葛飾区,13122,天然記念物,天然記念物,ambiguous,,,,point,representative_point,ambiguous,天然記念物,,,no_explicit_designation_level
municipal_source,葛飾区,文化財一覧,131229000000.0,https://www.opendata.metro.tokyo.lg.jp/katsushika/131229_cultural_property.csv,13Tokyo/raw/municipal/13122/data.csv,新宿日枝神社のイチョウ 1株,,,,,,葛飾区,13122,天然記念物,天然記念物,ambiguous,,,,point,representative_point,ambiguous,天然記念物,,,no_explicit_designation_level
municipal_source,葛飾区,文化財一覧,131229000000.0,https://www.opendata.metro.tokyo.lg.jp/katsushika/131229_cultural_property.csv,13Tokyo/raw/municipal/13122/data.csv,龍こて絵,,,,郷土と天文の博物館,,葛飾区,13122,有形文化財,有形文化財,ambiguous,,,,point,representative_point,ambiguous,有形文化財,,,no_explicit_designation_level
municipal_source,葛飾区,文化財一覧,131229000000.0,https://www.opendata.metro.tokyo.lg.jp/katsushika/131229_cultural_property.csv,13Tokyo/raw/municipal/13122/data.csv,武蔵国葛飾郡木下川村検地水帳,,,,郷土と天文の博物館,,葛飾区,13122,有形文化財,有形文化財,ambiguous,,,,point,representative_point,ambiguous,有形文化財,,,no_explicit_designation_level
municipal_source,葛飾区,文化財一覧,131229000000.0,https://www.opendata.metro.tokyo.lg.jp/katsushika/131229_cultural_property.csv,13Tokyo/raw/municipal/13122/data.csv,清水巡査部長墓 附故清水巡査部長の碑,,,,,,葛飾区,13122,有形文化財,有形文化財,ambiguous,,,,point,representative_point,ambiguous,有形文化財,,,no_explicit_designation_level
municipal_source,葛飾区,文化財一覧,131229000000.0,https://www.opendata.metro.tokyo.lg.jp/katsushika/131229_cultural_property.csv,13Tokyo/raw/municipal/13122/data.csv,東葛西夕顔観音縁起,,,,郷土と天文の博物館(寄託),,葛飾区,13122,有形文化財,有形文化財,ambiguous,,,,point,representative_point,ambiguous,有形文化財,,,no_explicit_designation_level
municipal_source,葛飾区,文化財一覧,131229000000.0,https://www.opendata.metro.tokyo.lg.jp/katsushika/131229_cultural_property.csv,13Tokyo/raw/municipal/13122/data.csv,上野・下野・武蔵・下総・常陸水利一覧図,,,,郷土と天文の博物館(寄託),,葛飾区,13122,有形文化財,有形文化財,ambiguous,,,,point,representative_point,ambiguous,有形文化財,,,no_explicit_designation_level
municipal_source,葛飾区,文化財一覧,131229000000.0,https://www.opendata.metro.tokyo.lg.jp/katsushika/131229_cultural_property.csv,13Tokyo/raw/municipal/13122/data.csv,平野家文書(一括),,,,郷土と天文の博物館,,葛飾区,13122,有形文化財,有形文化財,ambiguous,,,,point,representative_point,ambiguous,有形文化財,,,no_explicit_designation_level
municipal_source,葛飾区,文化財一覧,131229000000.0,https://www.opendata.metro.tokyo.lg.jp/katsushika/131229_cultural_property.csv,13Tokyo/raw/municipal/13122/data.csv,旧小菅御殿石灯籠,,,,,,葛飾区,13122,有形文化財,有形文化財,ambiguous,,,,point,representative_point,ambiguous,有形文化財,,,no_explicit_designation_level
municipal_source,葛飾区,文化財一覧,131229000000.0,https://www.opendata.metro.tokyo.lg.jp/katsushika/131229_cultural_property.csv,13Tokyo/raw/municipal/13122/data.csv,東條一堂の墓 附 東條一堂先生百年祭記念碑 一堂先生遺著刊行の碑,,,,,,葛飾区,13122,有形文化財,有形文化財,ambiguous,,,,point,representative_point,ambiguous,有形文化財,,,no_explicit_designation_level
municipal_source,葛飾区,文化財一覧,131229000000.0,https://www.opendata.metro.tokyo.lg.jp/katsushika/131229_cultural_property.csv,13Tokyo/raw/municipal/13122/data.csv,柴又用水の碑,,,,,,葛飾区,13122,有形文化財,有形文化財,ambiguous,,,,point,representative_point,ambiguous,有形文化財,,,no_explicit_designation_level
municipal_source,葛飾区,文化財一覧,131229000000.0,https://www.opendata.metro.tokyo.lg.jp/katsushika/131229_cultural_property.csv,13Tokyo/raw/municipal/13122/data.csv,細谷家文書,,,,郷土と天文の博物館,,葛飾区,13122,有形文化財,有形文化財,ambiguous,,,,point,representative_point,ambiguous,有形文化財,,,no_explicit_designation_level
municipal_source,葛飾区,文化財一覧,131229000000.0,https://www.opendata.metro.tokyo.lg.jp/katsushika/131229_cultural_property.csv,13Tokyo/raw/municipal/13122/data.csv,葛西神社文書,,,,,,葛飾区,13122,有形文化財,有形文化財,ambiguous,,,,point,representative_point,ambiguous,有形文化財,,,no_explicit_designation_level
municipal_source,葛飾区,文化財一覧,131229000000.0,https://www.opendata.metro.tokyo.lg.jp/katsushika/131229_cultural_property.csv,13Tokyo/raw/municipal/13122/data.csv,坂本家文書,,,,郷土と天文の博物館,,葛飾区,13122,有形文化財,有形文化財,ambiguous,,,,point,representative_point,ambiguous,有形文化財,,,no_explicit_designation_level
municipal_source,葛飾区,文化財一覧,131229000000.0,https://www.opendata.metro.tokyo.lg.jp/katsushika/131229_cultural_property.csv,13Tokyo/raw/municipal/13122/data.csv,関口家文書,,,,,,葛飾区,13122,有形文化財,有形文化財,ambiguous,,,,point,representative_point,ambiguous,有形文化財,,,no_explicit_designation_level
municipal_source,葛飾区,文化財一覧,131229000000.0,https://www.opendata.metro.tokyo.lg.jp/katsushika/131229_cultural_property.csv,13Tokyo/raw/municipal/13122/data.csv,新宿町遺跡出土遺物,,,,郷土と天文の博物館,,葛飾区,13122,有形文化財,有形文化財,ambiguous,,,,point,representative_point,ambiguous,有形文化財,,,no_explicit_designation_level
municipal_source,葛飾区,文化財一覧,131229000000.0,https://www.opendata.metro.tokyo.lg.jp/katsushika/131229_cultural_property.csv,13Tokyo/raw/municipal/13122/data.csv,小高園絵画資料 明治27年花菖蒲図譜,,,,,,葛飾区,13122,有形文化財,有形文化財,ambiguous,,,,point,representative_point,ambiguous,有形文化財,,,no_explicit_designation_level
municipal_source,葛飾区,文化財一覧,131229000000.0,https://www.opendata.metro.tokyo.lg.jp/katsushika/131229_cultural_property.csv,13Tokyo/raw/municipal/13122/data.csv,閘門橋,,,,,,葛飾区,13122,有形文化財,有形文化財,ambiguous,,,,point,representative_point,ambiguous,有形文化財,,,no_explicit_designation_level
municipal_source,葛飾区,文化財一覧,131229000000.0,https://www.opendata.metro.tokyo.lg.jp/katsushika/131229_cultural_property.csv,13Tokyo/raw/municipal/13122/data.csv,半田稲荷神社狐 一対,,,,,,葛飾区,13122,有形文化財,有形文化財,ambiguous,,,,point,representative_point,ambiguous,有形文化財,,,no_explicit_designation_level
municipal_source,葛飾区,文化財一覧,131229000000.0,https://www.opendata.metro.tokyo.lg.jp/katsushika/131229_cultural_property.csv,13Tokyo/raw/municipal/13122/data.csv,角型水盤,,,,,,葛飾区,13122,有形文化財,有形文化財,ambiguous,,,,point,representative_point,ambiguous,有形文化財,,,no_explicit_designation_level
municipal_source,葛飾区,文化財一覧,131229000000.0,https://www.opendata.metro.tokyo.lg.jp/katsushika/131229_cultural_property.csv,13Tokyo/raw/municipal/13122/data.csv,宝篋塔,,,,,,葛飾区,13122,有形文化財,有形文化財,ambiguous,,,,point,representative_point,ambiguous,有形文化財,,,no_explicit_designation_level
municipal_source,葛飾区,文化財一覧,131229000000.0,https://www.opendata.metro.tokyo.lg.jp/katsushika/131229_cultural_property.csv,13Tokyo/raw/municipal/13122/data.csv,柴又八幡神社古墳出土遺物,,,,郷土と天文の博物館他,,葛飾区,13122,有形文化財,有形文化財,ambiguous,,,,point,representative_point,ambiguous,有形文化財,,,no_explicit_designation_level
municipal_source,葛飾区,文化財一覧,131229000000.0,https://www.opendata.metro.tokyo.lg.jp/katsushika/131229_cultural_property.csv,13Tokyo/raw/municipal/13122/data.csv,嘉永七年褒賞青ざし一貫文 附古文書2点,,,,,,葛飾区,13122,有形文化財,有形文化財,ambiguous,,,,point,representative_point,ambiguous,有形文化財,,,no_explicit_designation_level
municipal_source,葛飾区,文化財一覧,131229000000.0,https://www.opendata.metro.tokyo.lg.jp/katsushika/131229_cultural_property.csv,13Tokyo/raw/municipal/13122/data.csv,市原学校教科書認可通知書,,,,,,葛飾区,13122,有形文化財,有形文化財,ambiguous,,,,point,representative_point,ambiguous,有形文化財,,,no_explicit_designation_level
municipal_source,葛飾区,文化財一覧,131229000000.0,https://www.opendata.metro.tokyo.lg.jp/katsushika/131229_cultural_property.csv,13Tokyo/raw/municipal/13122/data.csv,湯殿山供養碑,,,,,,葛飾区,13122,有形文化財,有形文化財,ambiguous,,,,point,representative_point,ambiguous,有形文化財,,,no_explicit_designation_level
municipal_source,葛飾区,文化財一覧,131229000000.0,https://www.opendata.metro.tokyo.lg.jp/katsushika/131229_cultural_property.csv,13Tokyo/raw/municipal/13122/data.csv,解念仏供養碑 二基,,,,,,葛飾区,13122,有形文化財,有形文化財,ambiguous,,,,point,representative_point,ambiguous,有形文化財,,,no_explicit_designation_level
municipal_source,葛飾区,文化財一覧,131229000000.0,https://www.opendata.metro.tokyo.lg.jp/katsushika/131229_cultural_property.csv,13Tokyo/raw/municipal/13122/data.csv,南蔵院裏古墳出土遺物一括,,,,,,葛飾区,13122,有形文化財,有形文化財,ambiguous,,,,point,representative_point,ambiguous,有形文化財,,,no_explicit_designation_level
municipal_source,葛飾区,文化財一覧,131229000000.0,https://www.opendata.metro.tokyo.lg.jp/katsushika/131229_cultural_property.csv,13Tokyo/raw/municipal/13122/data.csv,題経寺諸堂内及び二天門建築装飾彫刻一括,,,,,,葛飾区,13122,有形文化財,有形文化財,ambiguous,,,,point,representative_point,ambiguous,有形文化財,,,no_explicit_designation_level
municipal_source,葛飾区,文化財一覧,131229000000.0,https://www.opendata.metro.tokyo.lg.jp/katsushika/131229_cultural_property.csv,13Tokyo/raw/municipal/13122/data.csv,地籍図類一括,,,,郷土と天文の博物館他10ヵ所,,葛飾区,13122,有形文化財,有形文化財,ambiguous,,,,point,representative_point,ambiguous,有形文化財,,,no_explicit_designation_level
municipal_source,葛飾区,文化財一覧,131229000000.0,https://www.opendata.metro.tokyo.lg.jp/katsushika/131229_cultural_property.csv,13Tokyo/raw/municipal/13122/data.csv,宝篋印塔,,,,,,葛飾区,13122,有形文化財,有形文化財,ambiguous,,,,point,representative_point,ambiguous,有形文化財,,,no_explicit_designation_level
municipal_source,葛飾区,文化財一覧,131229000000.0,https://www.opendata.metro.tokyo.lg.jp/katsushika/131229_cultural_property.csv,13Tokyo/raw/municipal/13122/data.csv,千葉村育英会関連資料一括,,,,,,葛飾区,13122,有形文化財,有形文化財,ambiguous,,,,point,representative_point,ambiguous,有形文化財,,,no_explicit_designation_level
municipal_source,葛飾区,文化財一覧,131229000000.0,https://www.opendata.metro.tokyo.lg.jp/katsushika/131229_cultural_property.csv,13Tokyo/raw/municipal/13122/data.csv,舞鳳?猊背文八稜鏡,,,,,,葛飾区,13122,有形文化財,有形文化財,ambiguous,,,,point,representative_point,ambiguous,有形文化財,,,no_explicit_designation_level
municipal_source,葛飾区,文化財一覧,131229000000.0,https://www.opendata.metro.tokyo.lg.jp/katsushika/131229_cultural_property.csv,13Tokyo/raw/municipal/13122/data.csv,海獣葡萄鏡,,,,,,葛飾区,13122,有形文化財,有形文化財,ambiguous,,,,point,representative_point,ambiguous,有形文化財,,,no_explicit_designation_level
municipal_source,葛飾区,文化財一覧,131229000000.0,https://www.opendata.metro.tokyo.lg.jp/katsushika/131229_cultural_property.csv,13Tokyo/raw/municipal/13122/data.csv,菊花散双鳥鏡,,,,,,葛飾区,13122,有形文化財,有形文化財,ambiguous,,,,point,representative_point,ambiguous,有形文化財,,,no_explicit_designation_level
municipal_source,葛飾区,文化財一覧,131229000000.0,https://www.opendata.metro.tokyo.lg.jp/katsushika/131229_cultural_property.csv,13Tokyo/raw/municipal/13122/data.csv,亀形瓦 一対,,,,郷土と天文の博物館,,葛飾区,13122,有形文化財,有形文化財,ambiguous,,,,point,representative_point,ambiguous,有形文化財,,,no_explicit_designation_level
municipal_source,葛飾区,文化財一覧,131229000000.0,https://www.opendata.metro.tokyo.lg.jp/katsushika/131229_cultural_property.csv,13Tokyo/raw/municipal/13122/data.csv,石造鳥居,,,,,,葛飾区,13122,有形文化財,有形文化財,ambiguous,,,,point,representative_point,ambiguous,有形文化財,,,no_explicit_designation_level
municipal_source,葛飾区,文化財一覧,131229000000.0,https://www.opendata.metro.tokyo.lg.jp/katsushika/131229_cultural_property.csv,13Tokyo/raw/municipal/13122/data.csv,孝子褒賞状 附他関係資料一括,,,,,,葛飾区,13122,有形文化財,有形文化財,ambiguous,,,,point,representative_point,ambiguous,有形文化財,,,no_explicit_designation_level
municipal_source,葛飾区,文化財一覧,131229000000.0,https://www.opendata.metro.tokyo.lg.jp/katsushika/131229_cultural_property.csv,13Tokyo/raw/municipal/13122/data.csv,四季農耕図,,,,郷土と天文の博物館,,葛飾区,13122,有形文化財,有形文化財,ambiguous,,,,point,representative_point,ambiguous,有形文化財,,,no_explicit_designation_level
municipal_source,葛飾区,文化財一覧,131229000000.0,https://www.opendata.metro.tokyo.lg.jp/katsushika/131229_cultural_property.csv,13Tokyo/raw/municipal/13122/data.csv,金銅華鬘 二面,,,,,,葛飾区,13122,有形文化財,有形文化財,ambiguous,,,,point,representative_point,ambiguous,有形文化財,,,no_explicit_designation_level
municipal_source,葛飾区,文化財一覧,131229000000.0,https://www.opendata.metro.tokyo.lg.jp/katsushika/131229_cultural_property.csv,13Tokyo/raw/municipal/13122/data.csv,木彫地蔵菩薩像,,,,,,葛飾区,13122,有形文化財,有形文化財,ambiguous,,,,point,representative_point,ambiguous,有形文化財,,,no_explicit_designation_level
municipal_source,葛飾区,文化財一覧,131229000000.0,https://www.opendata.metro.tokyo.lg.jp/katsushika/131229_cultural_property.csv,13Tokyo/raw/municipal/13122/data.csv,弘法大師画像 附厨子,,,,,,葛飾区,13122,有形文化財,有形文化財,ambiguous,,,,point,representative_point,ambiguous,有形文化財,,,no_explicit_designation_level
municipal_source,葛飾区,文化財一覧,131229000000.0,https://www.opendata.metro.tokyo.lg.jp/katsushika/131229_cultural_property.csv,13Tokyo/raw/municipal/13122/data.csv,涅槃図,,,,,,葛飾区,13122,有形文化財,有形文化財,ambiguous,,,,point,representative_point,ambiguous,有形文化財,,,no_explicit_designation_level
municipal_source,葛飾区,文化財一覧,131229000000.0,https://www.opendata.metro.tokyo.lg.jp/katsushika/131229_cultural_property.csv,13Tokyo/raw/municipal/13122/data.csv,小高園(菖蒲園)関係資料一括,,,,,,葛飾区,13122,有形文化財,有形文化財,ambiguous,,,,point,representative_point,ambiguous,有形文化財,,,no_explicit_designation_level
municipal_source,葛飾区,文化財一覧,131229000000.0,https://www.opendata.metro.tokyo.lg.jp/katsushika/131229_cultural_property.csv,13Tokyo/raw/municipal/13122/data.csv,吉野園(菖蒲園)関係資料一括,,,,,,葛飾区,13122,有形文化財,有形文化財,ambiguous,,,,point,representative_point,ambiguous,有形文化財,,,no_explicit_designation_level
municipal_source,葛飾区,文化財一覧,131229000000.0,https://www.opendata.metro.tokyo.lg.jp/katsushika/131229_cultural_property.csv,13Tokyo/raw/municipal/13122/data.csv,堀切園(菖蒲園)関係資料一括,,,,,,葛飾区,13122,有形文化財,有形文化財,ambiguous,,,,point,representative_point,ambiguous,有形文化財,,,no_explicit_designation_level
municipal_source,葛飾区,文化財一覧,131229000000.0,https://www.opendata.metro.tokyo.lg.jp/katsushika/131229_cultural_property.csv,13Tokyo/raw/municipal/13122/data.csv,菖香園(菖蒲園)関係資料一括,,,,郷土と天文の博物館,,葛飾区,13122,有形文化財,有形文化財,ambiguous,,,,point,representative_point,ambiguous,有形文化財,,,no_explicit_designation_level
municipal_source,葛飾区,文化財一覧,131229000000.0,https://www.opendata.metro.tokyo.lg.jp/katsushika/131229_cultural_property.csv,13Tokyo/raw/municipal/13122/data.csv,武蔵国葛飾郡上千葉村検地水帳,,,,郷土と天文の博物館,,葛飾区,13122,有形文化財,有形文化財,ambiguous,,,,point,representative_point,ambiguous,有形文化財,,,no_explicit_designation_level
municipal_source,葛飾区,文化財一覧,131229000000.0,https://www.opendata.metro.tokyo.lg.jp/katsushika/131229_cultural_property.csv,13Tokyo/raw/municipal/13122/data.csv,元禄拾年丑十二月亥御検地御水帳之写,,,,,,葛飾区,13122,有形文化財,有形文化財,ambiguous,,,,point,representative_point,ambiguous,有形文化財,,,no_explicit_designation_level
municipal_source,葛飾区,文化財一覧,131229000000.0,https://www.opendata.metro.tokyo.lg.jp/katsushika/131229_cultural_property.csv,13Tokyo/raw/municipal/13122/data.csv,薙刀(拵共) 1口,,,,,,葛飾区,13122,有形文化財,有形文化財,ambiguous,,,,point,representative_point,ambiguous,有形文化財,,,no_explicit_designation_level
municipal_source,葛飾区,文化財一覧,131229000000.0,https://www.opendata.metro.tokyo.lg.jp/katsushika/131229_cultural_property.csv,13Tokyo/raw/municipal/13122/data.csv,三間社流造石祠 2棟 附建立記碑 1基,,,,,,葛飾区,13122,有形文化財,有形文化財,ambiguous,,,,point,representative_point,ambiguous,有形文化財,,,no_explicit_designation_level
municipal_source,葛飾区,文化財一覧,131229000000.0,https://www.opendata.metro.tokyo.lg.jp/katsushika/131229_cultural_property.csv,13Tokyo/raw/municipal/13122/data.csv,文書箪笥,,,,郷土と天文の博物館,,葛飾区,13122,有形文化財,有形文化財,ambiguous,,,,point,representative_point,ambiguous,有形文化財,,,no_explicit_designation_level
municipal_source,葛飾区,文化財一覧,131229000000.0,https://www.opendata.metro.tokyo.lg.jp/katsushika/131229_cultural_property.csv,13Tokyo/raw/municipal/13122/data.csv,千両箱,,,,郷土と天文の博物館,,葛飾区,13122,有形文化財,有形文化財,ambiguous,,,,point,representative_point,ambiguous,有形文化財,,,no_explicit_designation_level
municipal_source,葛飾区,文化財一覧,131229000000.0,https://www.opendata.metro.tokyo.lg.jp/katsushika/131229_cultural_property.csv,13Tokyo/raw/municipal/13122/data.csv,五百両箱,,,,郷土と天文の博物館,,葛飾区,13122,有形文化財,有形文化財,ambiguous,,,,point,representative_point,ambiguous,有形文化財,,,no_explicit_designation_level
municipal_source,葛飾区,文化財一覧,131229000000.0,https://www.opendata.metro.tokyo.lg.jp/katsushika/131229_cultural_property.csv,13Tokyo/raw/municipal/13122/data.csv,草相撲板番付,,,,,,葛飾区,13122,有形文化財,有形文化財,ambiguous,,,,point,representative_point,ambiguous,有形文化財,,,no_explicit_designation_level
municipal_source,葛飾区,文化財一覧,131229000000.0,https://www.opendata.metro.tokyo.lg.jp/katsushika/131229_cultural_property.csv,13Tokyo/raw/municipal/13122/data.csv,相撲連奉納額,,,,,,葛飾区,13122,有形文化財,有形文化財,ambiguous,,,,point,representative_point,ambiguous,有形文化財,,,no_explicit_designation_level
municipal_source,葛飾区,文化財一覧,131229000000.0,https://www.opendata.metro.tokyo.lg.jp/katsushika/131229_cultural_property.csv,13Tokyo/raw/municipal/13122/data.csv,大相撲板番付,,,,,,葛飾区,13122,有形文化財,有形文化財,ambiguous,,,,point,representative_point,ambiguous,有形文化財,,,no_explicit_designation_level
municipal_source,葛飾区,文化財一覧,131229000000.0,https://www.opendata.metro.tokyo.lg.jp/katsushika/131229_cultural_property.csv,13Tokyo/raw/municipal/13122/data.csv,欄間彫刻,,,,,,葛飾区,13122,有形文化財,有形文化財,ambiguous,,,,point,representative_point,ambiguous,有形文化財,,,no_explicit_designation_level
municipal_source,葛飾区,文化財一覧,131229000000.0,https://www.opendata.metro.tokyo.lg.jp/katsushika/131229_cultural_property.csv,13Tokyo/raw/municipal/13122/data.csv,横幕,,,,,,葛飾区,13122,有形文化財,有形文化財,ambiguous,,,,point,representative_point,ambiguous,有形文化財,,,no_explicit_designation_level
municipal_source,葛飾区,文化財一覧,131229000000.0,https://www.opendata.metro.tokyo.lg.jp/katsushika/131229_cultural_property.csv,13Tokyo/raw/municipal/13122/data.csv,絹本著色大般若十六善神図,,,,,,葛飾区,13122,有形文化財,有形文化財,ambiguous,,,,point,representative_point,ambiguous,有形文化財,,,no_explicit_designation_level
municipal_source,葛飾区,文化財一覧,131229000000.0,https://www.opendata.metro.tokyo.lg.jp/katsushika/131229_cultural_property.csv,13Tokyo/raw/municipal/13122/data.csv,夕顔観音堂及び門棟札,,,,郷土と天文の博物館(寄託),,葛飾区,13122,有形文化財,有形文化財,ambiguous,,,,point,representative_point,ambiguous,有形文化財,,,no_explicit_designation_level
municipal_source,葛飾区,文化財一覧,131229000000.0,https://www.opendata.metro.tokyo.lg.jp/katsushika/131229_cultural_property.csv,13Tokyo/raw/municipal/13122/data.csv,力士若柳図1幅,,,,郷土と天文の博物館,,葛飾区,13122,有形文化財,有形文化財,ambiguous,,,,point,representative_point,ambiguous,有形文化財,,,no_explicit_designation_level
municipal_source,葛飾区,文化財一覧,131229000000.0,https://www.opendata.metro.tokyo.lg.jp/katsushika/131229_cultural_property.csv,13Tokyo/raw/municipal/13122/data.csv,上小松正福寺遺跡出土緑釉陶器一括,,,,葛飾区遺跡調査会,,葛飾区,13122,有形文化財,有形文化財,ambiguous,,,,point,representative_point,ambiguous,有形文化財,,,no_explicit_designation_level
municipal_source,葛飾区,文化財一覧,131229000000.0,https://www.opendata.metro.tokyo.lg.jp/katsushika/131229_cultural_property.csv,13Tokyo/raw/municipal/13122/data.csv,今戸焼関連資料一括,,,,郷土と天文の博物館,,葛飾区,13122,有形文化財,有形文化財,ambiguous,,,,point,representative_point,ambiguous,有形文化財,,,no_explicit_designation_level
municipal_source,葛飾区,文化財一覧,131229000000.0,https://www.opendata.metro.tokyo.lg.jp/katsushika/131229_cultural_property.csv,13Tokyo/raw/municipal/13122/data.csv,山本亭 附庭園,,,,,,葛飾区,13122,有形文化財,有形文化財,ambiguous,,,,point,representative_point,ambiguous,有形文化財,,,no_explicit_designation_level
municipal_source,葛飾区,文化財一覧,131229000000.0,https://www.opendata.metro.tokyo.lg.jp/katsushika/131229_cultural_property.csv,13Tokyo/raw/municipal/13122/data.csv,観花園(菖蒲園)関連資料,,,,郷土と天文の博物館,,葛飾区,13122,有形文化財,有形文化財,ambiguous,,,,point,representative_point,ambiguous,有形文化財,,,no_explicit_designation_level
municipal_source,葛飾区,文化財一覧,131229000000.0,https://www.opendata.metro.tokyo.lg.jp/katsushika/131229_cultural_property.csv,13Tokyo/raw/municipal/13122/data.csv,第五建設事務所前古井戸,,,,,,葛飾区,13122,有形文化財,有形文化財,ambiguous,,,,point,representative_point,ambiguous,有形文化財,,,no_explicit_designation_level
municipal_source,葛飾区,文化財一覧,131229000000.0,https://www.opendata.metro.tokyo.lg.jp/katsushika/131229_cultural_property.csv,13Tokyo/raw/municipal/13122/data.csv,櫃(非常持ち出し用),,,,,,葛飾区,13122,有形文化財,有形文化財,ambiguous,,,,point,representative_point,ambiguous,有形文化財,,,no_explicit_designation_level
municipal_source,葛飾区,文化財一覧,131229000000.0,https://www.opendata.metro.tokyo.lg.jp/katsushika/131229_cultural_property.csv,13Tokyo/raw/municipal/13122/data.csv,奥戸連句碑,,,,,,葛飾区,13122,有形民俗文化財,有形民俗文化財,ambiguous,,,,point,representative_point,ambiguous,有形民俗文化財,,,no_explicit_designation_level
municipal_source,葛飾区,文化財一覧,131229000000.0,https://www.opendata.metro.tokyo.lg.jp/katsushika/131229_cultural_property.csv,13Tokyo/raw/municipal/13122/data.csv,題目曼荼羅(一括),,,,,,葛飾区,13122,有形民俗文化財,有形民俗文化財,ambiguous,,,,point,representative_point,ambiguous,有形民俗文化財,,,no_explicit_designation_level
municipal_source,葛飾区,文化財一覧,131229000000.0,https://www.opendata.metro.tokyo.lg.jp/katsushika/131229_cultural_property.csv,13Tokyo/raw/municipal/13122/data.csv,石造題目塔,,,,,,葛飾区,13122,有形民俗文化財,有形民俗文化財,ambiguous,,,,point,representative_point,ambiguous,有形民俗文化財,,,no_explicit_designation_level
municipal_source,葛飾区,文化財一覧,131229000000.0,https://www.opendata.metro.tokyo.lg.jp/katsushika/131229_cultural_property.csv,13Tokyo/raw/municipal/13122/data.csv,石造地蔵像,,,,,,葛飾区,13122,有形民俗文化財,有形民俗文化財,ambiguous,,,,point,representative_point,ambiguous,有形民俗文化財,,,no_explicit_designation_level
municipal_source,葛飾区,文化財一覧,131229000000.0,https://www.opendata.metro.tokyo.lg.jp/katsushika/131229_cultural_property.csv,13Tokyo/raw/municipal/13122/data.csv,渡辺千秋の歌碑,,,,,,葛飾区,13122,有形民俗文化財,有形民俗文化財,ambiguous,,,,point,representative_point,ambiguous,有形民俗文化財,,,no_explicit_designation_level
municipal_source,葛飾区,文化財一覧,131229000000.0,https://www.opendata.metro.tokyo.lg.jp/katsushika/131229_cultural_property.csv,13Tokyo/raw/municipal/13122/data.csv,葛飾区セルロイド工業発祥記念碑,,,,,,葛飾区,13122,有形民俗文化財,有形民俗文化財,ambiguous,,,,point,representative_point,ambiguous,有形民俗文化財,,,no_explicit_designation_level
municipal_source,葛飾区,文化財一覧,131229000000.0,https://www.opendata.metro.tokyo.lg.jp/katsushika/131229_cultural_property.csv,13Tokyo/raw/municipal/13122/data.csv,旧セキグチドールハウス収蔵品一括,,,,,,葛飾区,13122,有形民俗文化財,有形民俗文化財,ambiguous,,,,point,representative_point,ambiguous,有形民俗文化財,,,no_explicit_designation_level
municipal_source,葛飾区,文化財一覧,131229000000.0,https://www.opendata.metro.tokyo.lg.jp/katsushika/131229_cultural_property.csv,13Tokyo/raw/municipal/13122/data.csv,石造鳥居,,,,,,葛飾区,13122,有形民俗文化財,有形民俗文化財,ambiguous,,,,point,representative_point,ambiguous,有形民俗文化財,,,no_explicit_designation_level
municipal_source,葛飾区,文化財一覧,131229000000.0,https://www.opendata.metro.tokyo.lg.jp/katsushika/131229_cultural_property.csv,13Tokyo/raw/municipal/13122/data.csv,柴又帝釈天絵馬 4点,,,,,,葛飾区,13122,有形民俗文化財,有形民俗文化財,ambiguous,,,,point,representative_point,ambiguous,有形民俗文化財,,,no_explicit_designation_level
municipal_source,葛飾区,文化財一覧,131229000000.0,https://www.opendata.metro.tokyo.lg.jp/katsushika/131229_cultural_property.csv,13Tokyo/raw/municipal/13122/data.csv,明暦二年銘庚申塔,,,,,,葛飾区,13122,有形民俗文化財,有形民俗文化財,ambiguous,,,,point,representative_point,ambiguous,有形民俗文化財,,,no_explicit_designation_level
municipal_source,葛飾区,文化財一覧,131229000000.0,https://www.opendata.metro.tokyo.lg.jp/katsushika/131229_cultural_property.csv,13Tokyo/raw/municipal/13122/data.csv,板絵着色武者図絵馬 一対,,,,,,葛飾区,13122,有形民俗文化財,有形民俗文化財,ambiguous,,,,point,representative_point,ambiguous,有形民俗文化財,,,no_explicit_designation_level
municipal_source,葛飾区,文化財一覧,131229000000.0,https://www.opendata.metro.tokyo.lg.jp/katsushika/131229_cultural_property.csv,13Tokyo/raw/municipal/13122/data.csv,板絵着色屋形船兵庫丸大和丸図絵馬,,,,,,葛飾区,13122,有形民俗文化財,有形民俗文化財,ambiguous,,,,point,representative_point,ambiguous,有形民俗文化財,,,no_explicit_designation_level
municipal_source,葛飾区,文化財一覧,131229000000.0,https://www.opendata.metro.tokyo.lg.jp/katsushika/131229_cultural_property.csv,13Tokyo/raw/municipal/13122/data.csv,板絵着色源頼政鵺退治図絵馬,,,,,,葛飾区,13122,有形民俗文化財,有形民俗文化財,ambiguous,,,,point,representative_point,ambiguous,有形民俗文化財,,,no_explicit_designation_level
municipal_source,葛飾区,文化財一覧,131229000000.0,https://www.opendata.metro.tokyo.lg.jp/katsushika/131229_cultural_property.csv,13Tokyo/raw/municipal/13122/data.csv,吉田家題目曼荼羅一括,,,,,,葛飾区,13122,有形民俗文化財,有形民俗文化財,ambiguous,,,,point,representative_point,ambiguous,有形民俗文化財,,,no_explicit_designation_level
municipal_source,葛飾区,文化財一覧,131229000000.0,https://www.opendata.metro.tokyo.lg.jp/katsushika/131229_cultural_property.csv,13Tokyo/raw/municipal/13122/data.csv,十三仏信仰関係遺品一括,,,,,,葛飾区,13122,有形民俗文化財,有形民俗文化財,ambiguous,,,,point,representative_point,ambiguous,有形民俗文化財,,,no_explicit_designation_level
municipal_source,葛飾区,文化財一覧,131229000000.0,https://www.opendata.metro.tokyo.lg.jp/katsushika/131229_cultural_property.csv,13Tokyo/raw/municipal/13122/data.csv,女人橋関係石材一括,,,,,,葛飾区,13122,有形民俗文化財,有形民俗文化財,ambiguous,,,,point,representative_point,ambiguous,有形民俗文化財,,,no_explicit_designation_level
municipal_source,葛飾区,文化財一覧,131229000000.0,https://www.opendata.metro.tokyo.lg.jp/katsushika/131229_cultural_property.csv,13Tokyo/raw/municipal/13122/data.csv,上小松の富士講関係資料,,,,,,葛飾区,13122,有形民俗文化財,有形民俗文化財,ambiguous,,,,point,representative_point,ambiguous,有形民俗文化財,,,no_explicit_designation_level
municipal_source,葛飾区,文化財一覧,131229000000.0,https://www.opendata.metro.tokyo.lg.jp/katsushika/131229_cultural_property.csv,13Tokyo/raw/municipal/13122/data.csv,木曽御嶽講関係資料,,,,,,葛飾区,13122,有形民俗文化財,有形民俗文化財,ambiguous,,,,point,representative_point,ambiguous,有形民俗文化財,,,no_explicit_designation_level
municipal_source,葛飾区,文化財一覧,131229000000.0,https://www.opendata.metro.tokyo.lg.jp/katsushika/131229_cultural_property.csv,13Tokyo/raw/municipal/13122/data.csv,身延講関係資料,,,,郷土と天文の博物館,,葛飾区,13122,有形民俗文化財,有形民俗文化財,ambiguous,,,,point,representative_point,ambiguous,有形民俗文化財,,,no_explicit_designation_level
municipal_source,葛飾区,文化財一覧,131229000000.0,https://www.opendata.metro.tokyo.lg.jp/katsushika/131229_cultural_property.csv,13Tokyo/raw/municipal/13122/data.csv,大根おろし具,,,,,,葛飾区,13122,有形民俗文化財,有形民俗文化財,ambiguous,,,,point,representative_point,ambiguous,有形民俗文化財,,,no_explicit_designation_level
municipal_source,葛飾区,文化財一覧,131229000000.0,https://www.opendata.metro.tokyo.lg.jp/katsushika/131229_cultural_property.csv,13Tokyo/raw/municipal/13122/data.csv,夕顔観音灯籠・水盤,,,,,,葛飾区,13122,有形民俗文化財,有形民俗文化財,ambiguous,,,,point,representative_point,ambiguous,有形民俗文化財,,,no_explicit_designation_level
municipal_source,葛飾区,文化財一覧,131229000000.0,https://www.opendata.metro.tokyo.lg.jp/katsushika/131229_cultural_property.csv,13Tokyo/raw/municipal/13122/data.csv,ブリキ玩具ジープ,,,,郷土と天文の博物館,,葛飾区,13122,有形民俗文化財,有形民俗文化財,ambiguous,,,,point,representative_point,ambiguous,有形民俗文化財,,,no_explicit_designation_level
municipal_source,葛飾区,文化財一覧,131229000000.0,https://www.opendata.metro.tokyo.lg.jp/katsushika/131229_cultural_property.csv,13Tokyo/raw/municipal/13122/data.csv,新宿観音堂馬頭観音像 1躯,,,,,,葛飾区,13122,有形民俗文化財,有形民俗文化財,ambiguous,,,,point,representative_point,ambiguous,有形民俗文化財,,,no_explicit_designation_level
municipal_source,葛飾区,文化財一覧,131229000000.0,https://www.opendata.metro.tokyo.lg.jp/katsushika/131229_cultural_property.csv,13Tokyo/raw/municipal/13122/data.csv,小菅正覚寺念仏結衆地蔵像 1基,,,,,,葛飾区,13122,有形民俗文化財,有形民俗文化財,ambiguous,,,,point,representative_point,ambiguous,有形民俗文化財,,,no_explicit_designation_level
municipal_source,葛飾区,文化財一覧,131229000000.0,https://www.opendata.metro.tokyo.lg.jp/katsushika/131229_cultural_property.csv,13Tokyo/raw/municipal/13122/data.csv,句碑(力持連中),,,,,,葛飾区,13122,有形民俗文化財,有形民俗文化財,ambiguous,,,,point,representative_point,ambiguous,有形民俗文化財,,,no_explicit_designation_level
municipal_source,葛飾区,文化財一覧,131229000000.0,https://www.opendata.metro.tokyo.lg.jp/katsushika/131229_cultural_property.csv,13Tokyo/raw/municipal/13122/data.csv,半田稲荷神社講看板,,,,,,葛飾区,13122,有形民俗文化財,有形民俗文化財,ambiguous,,,,point,representative_point,ambiguous,有形民俗文化財,,,no_explicit_designation_level
municipal_source,葛飾区,文化財一覧,131229000000.0,https://www.opendata.metro.tokyo.lg.jp/katsushika/131229_cultural_property.csv,13Tokyo/raw/municipal/13122/data.csv,六字名号塔1基,,,,,,葛飾区,13122,有形民俗文化財,有形民俗文化財,ambiguous,,,,point,representative_point,ambiguous,有形民俗文化財,,,no_explicit_designation_level
municipal_source,葛飾区,文化財一覧,131229000000.0,https://www.opendata.metro.tokyo.lg.jp/katsushika/131229_cultural_property.csv,13Tokyo/raw/municipal/13122/data.csv,阿弥陀三尊立像3基,,,,,,葛飾区,13122,有形民俗文化財,有形民俗文化財,ambiguous,,,,point,representative_point,ambiguous,有形民俗文化財,,,no_explicit_designation_level
municipal_source,葛飾区,文化財一覧,131229000000.0,https://www.opendata.metro.tokyo.lg.jp/katsushika/131229_cultural_property.csv,13Tokyo/raw/municipal/13122/data.csv,一茎三蓮 附ビードロケース・台座,,,,,,葛飾区,13122,有形民俗文化財,有形民俗文化財,ambiguous,,,,point,representative_point,ambiguous,有形民俗文化財,,,no_explicit_designation_level
municipal_source,葛飾区,文化財一覧,131229000000.0,https://www.opendata.metro.tokyo.lg.jp/katsushika/131229_cultural_property.csv,13Tokyo/raw/municipal/13122/data.csv,水塚,,,,,,葛飾区,13122,有形民俗文化財,有形民俗文化財,ambiguous,,,,point,representative_point,ambiguous,有形民俗文化財,,,no_explicit_designation_level
municipal_source,葛飾区,文化財一覧,131229000000.0,https://www.opendata.metro.tokyo.lg.jp/katsushika/131229_cultural_property.csv,13Tokyo/raw/municipal/13122/data.csv,浄光寺のみくじ道具,,,,,,葛飾区,13122,有形民俗文化財,有形民俗文化財,ambiguous,,,,point,representative_point,ambiguous,有形民俗文化財,,,no_explicit_designation_level
municipal_source,葛飾区,文化財一覧,131229000000.0,https://www.opendata.metro.tokyo.lg.jp/katsushika/131229_cultural_property.csv,13Tokyo/raw/municipal/13122/data.csv,板絵着色産育祈願小絵馬一括 附 奉納者名簿1冊,,,,郷土と天文の博物館,,葛飾区,13122,有形民俗文化財,有形民俗文化財,ambiguous,,,,point,representative_point,ambiguous,有形民俗文化財,,,no_explicit_designation_level
municipal_source,葛飾区,文化財一覧,131229000000.0,https://www.opendata.metro.tokyo.lg.jp/katsushika/131229_cultural_property.csv,13Tokyo/raw/municipal/13122/data.csv,大しめ縄神事,,,,,,葛飾区,13122,無形民俗文化財,無形民俗文化財,ambiguous,,,,point,representative_point,ambiguous,無形民俗文化財,,,no_explicit_designation_level
municipal_source,葛飾区,文化財一覧,131229000000.0,https://www.opendata.metro.tokyo.lg.jp/katsushika/131229_cultural_property.csv,13Tokyo/raw/municipal/13122/data.csv,茅の輪くぐり神事,,,,,,葛飾区,13122,無形民俗文化財,無形民俗文化財,ambiguous,,,,point,representative_point,ambiguous,無形民俗文化財,,,no_explicit_designation_level
municipal_source,葛飾区,文化財一覧,131229000000.0,https://www.opendata.metro.tokyo.lg.jp/katsushika/131229_cultural_property.csv,13Tokyo/raw/municipal/13122/data.csv,生簀守の墓 附 矢作藤左衛門銘供養碑,,,,,,葛飾区,13122,史跡,史跡,ambiguous,,,,point,representative_point,ambiguous,史跡,,,no_explicit_designation_level
municipal_source,葛飾区,文化財一覧,131229000000.0,https://www.opendata.metro.tokyo.lg.jp/katsushika/131229_cultural_property.csv,13Tokyo/raw/municipal/13122/data.csv,熊野神社のクスノキ 2株,,,,,,葛飾区,13122,天然記念物,天然記念物,ambiguous,,,,point,representative_point,ambiguous,天然記念物,,,no_explicit_designation_level
municipal_source,葛飾区,文化財一覧,131229000000.0,https://www.opendata.metro.tokyo.lg.jp/katsushika/131229_cultural_property.csv,13Tokyo/raw/municipal/13122/data.csv,上平井のサイカチ,,,,,,葛飾区,13122,天然記念物,天然記念物,ambiguous,,,,point,representative_point,ambiguous,天然記念物,,,no_explicit_designation_level
municipal_source,葛飾区,文化財一覧,131229000000.0,https://www.opendata.metro.tokyo.lg.jp/katsushika/131229_cultural_property.csv,13Tokyo/raw/municipal/13122/data.csv,フジバカマ自然群生地,,,,,,葛飾区,13122,天然記念物,天然記念物,ambiguous,,,,point,representative_point,ambiguous,天然記念物,,,no_explicit_designation_level
municipal_source,葛飾区,文化財一覧,131229000000.0,https://www.opendata.metro.tokyo.lg.jp/katsushika/131229_cultural_property.csv,13Tokyo/raw/municipal/13122/data.csv,正福寺のスダジイ,,,,,,葛飾区,13122,天然記念物,天然記念物,ambiguous,,,,point,representative_point,ambiguous,天然記念物,,,no_explicit_designation_level
municipal_source,江戸川区,文化財一覧,131237100001,https://www.opendata.metro.tokyo.lg.jp/edogawa/131237_cultural_property.csv,13Tokyo/raw/municipal/13123/data.csv,下鎌田の富士講用具(追加指定),,,,,,江戸川区,13123,,,ambiguous,,,,point,representative_point,ambiguous,,,,no_explicit_designation_level
municipal_source,江戸川区,文化財一覧,131237100002,https://www.opendata.metro.tokyo.lg.jp/edogawa/131237_cultural_property.csv,13Tokyo/raw/municipal/13123/data.csv,上今井の富士講用具及び関係資料,,,,,,江戸川区,13123,,,ambiguous,,,,point,representative_point,ambiguous,,,,no_explicit_designation_level
municipal_source,江戸川区,文化財一覧,131237100003,https://www.opendata.metro.tokyo.lg.jp/edogawa/131237_cultural_property.csv,13Tokyo/raw/municipal/13123/data.csv,昇覚寺鐘楼,,,,,,江戸川区,13123,,,ambiguous,,,,point,representative_point,ambiguous,,,,no_explicit_designation_level
municipal_source,江戸川区,文化財一覧,131237100004,https://www.opendata.metro.tokyo.lg.jp/edogawa/131237_cultural_property.csv,13Tokyo/raw/municipal/13123/data.csv,葛西囃子(旧囃子),,,,,,江戸川区,13123,,,ambiguous,,,,point,representative_point,ambiguous,,,,no_explicit_designation_level
municipal_source,江戸川区,文化財一覧,131237100005,https://www.opendata.metro.tokyo.lg.jp/edogawa/131237_cultural_property.csv,13Tokyo/raw/municipal/13123/data.csv,浅間神社のぼり祭り,,,,,,江戸川区,13123,,,ambiguous,,,,point,representative_point,ambiguous,,,,no_explicit_designation_level
municipal_source,江戸川区,文化財一覧,131237100006,https://www.opendata.metro.tokyo.lg.jp/edogawa/131237_cultural_property.csv,13Tokyo/raw/municipal/13123/data.csv,茅の輪くぐり,,,,,,江戸川区,13123,,,ambiguous,,,,point,representative_point,ambiguous,,,,no_explicit_designation_level
municipal_source,江戸川区,文化財一覧,131237100007,https://www.opendata.metro.tokyo.lg.jp/edogawa/131237_cultural_property.csv,13Tokyo/raw/municipal/13123/data.csv,天祖神社のイチョウ,,,,,,江戸川区,13123,,,ambiguous,,,,point,representative_point,ambiguous,,,,no_explicit_designation_level
municipal_source,江戸川区,文化財一覧,131237100008,https://www.opendata.metro.tokyo.lg.jp/edogawa/131237_cultural_property.csv,13Tokyo/raw/municipal/13123/data.csv,木造親鸞聖人坐像,,,,,,江戸川区,13123,,,ambiguous,,,,point,representative_point,ambiguous,,,,no_explicit_designation_level
municipal_source,江戸川区,文化財一覧,131237100009,https://www.opendata.metro.tokyo.lg.jp/edogawa/131237_cultural_property.csv,13Tokyo/raw/municipal/13123/data.csv,木造聖観世音菩薩立像,,,,,,江戸川区,13123,,,ambiguous,,,,point,representative_point,ambiguous,,,,no_explicit_designation_level
municipal_source,江戸川区,文化財一覧,131237100010,https://www.opendata.metro.tokyo.lg.jp/edogawa/131237_cultural_property.csv,13Tokyo/raw/municipal/13123/data.csv,感応寺梵鐘,,,,,,江戸川区,13123,,,ambiguous,,,,point,representative_point,ambiguous,,,,no_explicit_designation_level
municipal_source,江戸川区,文化財一覧,131237100011,https://www.opendata.metro.tokyo.lg.jp/edogawa/131237_cultural_property.csv,13Tokyo/raw/municipal/13123/data.csv,須原家文書,,,,,,江戸川区,13123,,,ambiguous,,,,point,representative_point,ambiguous,,,,no_explicit_designation_level
municipal_source,江戸川区,文化財一覧,131237100012,https://www.opendata.metro.tokyo.lg.jp/edogawa/131237_cultural_property.csv,13Tokyo/raw/municipal/13123/data.csv,板碑・正応元年八月日銘,,,,,,江戸川区,13123,,,ambiguous,,,,point,representative_point,ambiguous,,,,no_explicit_designation_level
municipal_source,江戸川区,文化財一覧,131237100013,https://www.opendata.metro.tokyo.lg.jp/edogawa/131237_cultural_property.csv,13Tokyo/raw/municipal/13123/data.csv,板碑・正応三年九月日銘,,,,,,江戸川区,13123,,,ambiguous,,,,point,representative_point,ambiguous,,,,no_explicit_designation_level
municipal_source,江戸川区,文化財一覧,131237100014,https://www.opendata.metro.tokyo.lg.jp/edogawa/131237_cultural_property.csv,13Tokyo/raw/municipal/13123/data.csv,板碑・永仁三年十二月日銘,,,,,,江戸川区,13123,,,ambiguous,,,,point,representative_point,ambiguous,,,,no_explicit_designation_level
municipal_source,江戸川区,文化財一覧,131237100015,https://www.opendata.metro.tokyo.lg.jp/edogawa/131237_cultural_property.csv,13Tokyo/raw/municipal/13123/data.csv,板碑・正安元年十二月日銘,,,,,,江戸川区,13123,,,ambiguous,,,,point,representative_point,ambiguous,,,,no_explicit_designation_level
municipal_source,江戸川区,文化財一覧,131237100016,https://www.opendata.metro.tokyo.lg.jp/edogawa/131237_cultural_property.csv,13Tokyo/raw/municipal/13123/data.csv,板碑・正安四年八月三日銘,,,,,,江戸川区,13123,,,ambiguous,,,,point,representative_point,ambiguous,,,,no_explicit_designation_level
municipal_source,江戸川区,文化財一覧,131237100017,https://www.opendata.metro.tokyo.lg.jp/edogawa/131237_cultural_property.csv,13Tokyo/raw/municipal/13123/data.csv,板碑・嘉元二年十二月銘,,,,,,江戸川区,13123,,,ambiguous,,,,point,representative_point,ambiguous,,,,no_explicit_designation_level
municipal_source,江戸川区,文化財一覧,131237100018,https://www.opendata.metro.tokyo.lg.jp/edogawa/131237_cultural_property.csv,13Tokyo/raw/municipal/13123/data.csv,板碑・嘉元四年二月日銘,,,,,,江戸川区,13123,,,ambiguous,,,,point,representative_point,ambiguous,,,,no_explicit_designation_level
municipal_source,江戸川区,文化財一覧,131237100019,https://www.opendata.metro.tokyo.lg.jp/edogawa/131237_cultural_property.csv,13Tokyo/raw/municipal/13123/data.csv,板碑・徳治三年戊申四月日銘,,,,,,江戸川区,13123,,,ambiguous,,,,point,representative_point,ambiguous,,,,no_explicit_designation_level
municipal_source,江戸川区,文化財一覧,131237100020,https://www.opendata.metro.tokyo.lg.jp/edogawa/131237_cultural_property.csv,13Tokyo/raw/municipal/13123/data.csv,板碑・文保元年六月日銘,,,,,,江戸川区,13123,,,ambiguous,,,,point,representative_point,ambiguous,,,,no_explicit_designation_level
municipal_source,江戸川区,文化財一覧,131237100021,https://www.opendata.metro.tokyo.lg.jp/edogawa/131237_cultural_property.csv,13Tokyo/raw/municipal/13123/data.csv,板碑・文保三年三月日銘,,,,,,江戸川区,13123,,,ambiguous,,,,point,representative_point,ambiguous,,,,no_explicit_designation_level
municipal_source,江戸川区,文化財一覧,131237100022,https://www.opendata.metro.tokyo.lg.jp/edogawa/131237_cultural_property.csv,13Tokyo/raw/municipal/13123/data.csv,板碑・元応元年十二月日銘,,,,,,江戸川区,13123,,,ambiguous,,,,point,representative_point,ambiguous,,,,no_explicit_designation_level
municipal_source,江戸川区,文化財一覧,131237100023,https://www.opendata.metro.tokyo.lg.jp/edogawa/131237_cultural_property.csv,13Tokyo/raw/municipal/13123/data.csv,和傘製造用具,,,,,,江戸川区,13123,,,ambiguous,,,,point,representative_point,ambiguous,,,,no_explicit_designation_level
municipal_source,江戸川区,文化財一覧,131237100024,https://www.opendata.metro.tokyo.lg.jp/edogawa/131237_cultural_property.csv,13Tokyo/raw/municipal/13123/data.csv,海苔養殖用具 附 海苔関係書類,,,,,,江戸川区,13123,,,ambiguous,,,,point,representative_point,ambiguous,,,,no_explicit_designation_level
municipal_source,江戸川区,文化財一覧,131237100025,https://www.opendata.metro.tokyo.lg.jp/edogawa/131237_cultural_property.csv,13Tokyo/raw/municipal/13123/data.csv,板絵額,,,,,,江戸川区,13123,,,ambiguous,,,,point,representative_point,ambiguous,,,,no_explicit_designation_level
municipal_source,江戸川区,文化財一覧,131237100026,https://www.opendata.metro.tokyo.lg.jp/edogawa/131237_cultural_property.csv,13Tokyo/raw/municipal/13123/data.csv,雷の大般若,,,,,,江戸川区,13123,,,ambiguous,,,,point,representative_point,ambiguous,,,,no_explicit_designation_level
municipal_source,江戸川区,文化財一覧,131237100027,https://www.opendata.metro.tokyo.lg.jp/edogawa/131237_cultural_property.csv,13Tokyo/raw/municipal/13123/data.csv,平井聖天(燈明寺),,,,,,江戸川区,13123,,,ambiguous,,,,point,representative_point,ambiguous,,,,no_explicit_designation_level
municipal_source,江戸川区,文化財一覧,131237100028,https://www.opendata.metro.tokyo.lg.jp/edogawa/131237_cultural_property.csv,13Tokyo/raw/municipal/13123/data.csv,浅間神社の社叢,,,,,,江戸川区,13123,,,ambiguous,,,,point,representative_point,ambiguous,,,,no_explicit_designation_level
municipal_source,江戸川区,文化財一覧,131237100029,https://www.opendata.metro.tokyo.lg.jp/edogawa/131237_cultural_property.csv,13Tokyo/raw/municipal/13123/data.csv,豊田神社の社叢,,,,,,江戸川区,13123,,,ambiguous,,,,point,representative_point,ambiguous,,,,no_explicit_designation_level
municipal_source,江戸川区,文化財一覧,131237100030,https://www.opendata.metro.tokyo.lg.jp/edogawa/131237_cultural_property.csv,13Tokyo/raw/municipal/13123/data.csv,宇田川家文書 附・漢籍 版本 写本類,,,,,,江戸川区,13123,,,ambiguous,,,,point,representative_point,ambiguous,,,,no_explicit_designation_level
municipal_source,江戸川区,文化財一覧,131237100031,https://www.opendata.metro.tokyo.lg.jp/edogawa/131237_cultural_property.csv,13Tokyo/raw/municipal/13123/data.csv,加納家文書,,,,,,江戸川区,13123,,,ambiguous,,,,point,representative_point,ambiguous,,,,no_explicit_designation_level
municipal_source,江戸川区,文化財一覧,131237100032,https://www.opendata.metro.tokyo.lg.jp/edogawa/131237_cultural_property.csv,13Tokyo/raw/municipal/13123/data.csv,細野家文書,,,,,,江戸川区,13123,,,ambiguous,,,,point,representative_point,ambiguous,,,,no_explicit_designation_level
municipal_source,江戸川区,文化財一覧,131237100033,https://www.opendata.metro.tokyo.lg.jp/edogawa/131237_cultural_property.csv,13Tokyo/raw/municipal/13123/data.csv,板碑・徳治三年三月日銘,,,,,,江戸川区,13123,,,ambiguous,,,,point,representative_point,ambiguous,,,,no_explicit_designation_level
municipal_source,江戸川区,文化財一覧,131237100034,https://www.opendata.metro.tokyo.lg.jp/edogawa/131237_cultural_property.csv,13Tokyo/raw/municipal/13123/data.csv,石造線刻地蔵菩薩立像碑,,,,,,江戸川区,13123,,,ambiguous,,,,point,representative_point,ambiguous,,,,no_explicit_designation_level
municipal_source,江戸川区,文化財一覧,131237100035,https://www.opendata.metro.tokyo.lg.jp/edogawa/131237_cultural_property.csv,13Tokyo/raw/municipal/13123/data.csv,渡辺家文書,,,,,,江戸川区,13123,,,ambiguous,,,,point,representative_point,ambiguous,,,,no_explicit_designation_level
municipal_source,江戸川区,文化財一覧,131237100036,https://www.opendata.metro.tokyo.lg.jp/edogawa/131237_cultural_property.csv,13Tokyo/raw/municipal/13123/data.csv,板碑・応長元年十二月銘,,,,,,江戸川区,13123,,,ambiguous,,,,point,representative_point,ambiguous,,,,no_explicit_designation_level
municipal_source,江戸川区,文化財一覧,131237100037,https://www.opendata.metro.tokyo.lg.jp/edogawa/131237_cultural_property.csv,13Tokyo/raw/municipal/13123/data.csv,木造日朗・日像聖人坐像附、像内納入紙本釈迦如来摺仏五十五枚,,,,,,江戸川区,13123,,,ambiguous,,,,point,representative_point,ambiguous,,,,no_explicit_designation_level
municipal_source,江戸川区,文化財一覧,131237100038,https://www.opendata.metro.tokyo.lg.jp/edogawa/131237_cultural_property.csv,13Tokyo/raw/municipal/13123/data.csv,新川,,,,,,江戸川区,13123,,,ambiguous,,,,point,representative_point,ambiguous,,,,no_explicit_designation_level
municipal_source,江戸川区,文化財一覧,131237100039,https://www.opendata.metro.tokyo.lg.jp/edogawa/131237_cultural_property.csv,13Tokyo/raw/municipal/13123/data.csv,木造阿弥陀如来立像,,,,,,江戸川区,13123,,,ambiguous,,,,point,representative_point,ambiguous,,,,no_explicit_designation_level
municipal_source,江戸川区,文化財一覧,131237100040,https://www.opendata.metro.tokyo.lg.jp/edogawa/131237_cultural_property.csv,13Tokyo/raw/municipal/13123/data.csv,石井家文書,,,,,,江戸川区,13123,,,ambiguous,,,,point,representative_point,ambiguous,,,,no_explicit_designation_level
municipal_source,江戸川区,文化財一覧,131237100041,https://www.opendata.metro.tokyo.lg.jp/edogawa/131237_cultural_property.csv,13Tokyo/raw/municipal/13123/data.csv,板碑・文永十年十一月銘,,,,,,江戸川区,13123,,,ambiguous,,,,point,representative_point,ambiguous,,,,no_explicit_designation_level
municipal_source,江戸川区,文化財一覧,131237100042,https://www.opendata.metro.tokyo.lg.jp/edogawa/131237_cultural_property.csv,13Tokyo/raw/municipal/13123/data.csv,板碑・正安□年八月銘,,,,,,江戸川区,13123,,,ambiguous,,,,point,representative_point,ambiguous,,,,no_explicit_designation_level
municipal_source,江戸川区,文化財一覧,131237100043,https://www.opendata.metro.tokyo.lg.jp/edogawa/131237_cultural_property.csv,13Tokyo/raw/municipal/13123/data.csv,須賀家文書,,,,,,江戸川区,13123,,,ambiguous,,,,point,representative_point,ambiguous,,,,no_explicit_designation_level
municipal_source,江戸川区,文化財一覧,131237100044,https://www.opendata.metro.tokyo.lg.jp/edogawa/131237_cultural_property.csv,13Tokyo/raw/municipal/13123/data.csv,小池家文書,,,,,,江戸川区,13123,,,ambiguous,,,,point,representative_point,ambiguous,,,,no_explicit_designation_level
municipal_source,江戸川区,文化財一覧,131237100045,https://www.opendata.metro.tokyo.lg.jp/edogawa/131237_cultural_property.csv,13Tokyo/raw/municipal/13123/data.csv,板碑・文永十年銘,,,,,,江戸川区,13123,,,ambiguous,,,,point,representative_point,ambiguous,,,,no_explicit_designation_level
municipal_source,江戸川区,文化財一覧,131237100046,https://www.opendata.metro.tokyo.lg.jp/edogawa/131237_cultural_property.csv,13Tokyo/raw/municipal/13123/data.csv,染色型紙,,,,,,江戸川区,13123,,,ambiguous,,,,point,representative_point,ambiguous,,,,no_explicit_designation_level
municipal_source,江戸川区,文化財一覧,131237100047,https://www.opendata.metro.tokyo.lg.jp/edogawa/131237_cultural_property.csv,13Tokyo/raw/municipal/13123/data.csv,板碑・正応二年二月銘,,,,,,江戸川区,13123,,,ambiguous,,,,point,representative_point,ambiguous,,,,no_explicit_designation_level
municipal_source,江戸川区,文化財一覧,131237100048,https://www.opendata.metro.tokyo.lg.jp/edogawa/131237_cultural_property.csv,13Tokyo/raw/municipal/13123/data.csv,千社額,,,,,,江戸川区,13123,,,ambiguous,,,,point,representative_point,ambiguous,,,,no_explicit_designation_level
municipal_source,江戸川区,文化財一覧,131237100049,https://www.opendata.metro.tokyo.lg.jp/edogawa/131237_cultural_property.csv,13Tokyo/raw/municipal/13123/data.csv,森家文書,,,,,,江戸川区,13123,,,ambiguous,,,,point,representative_point,ambiguous,,,,no_explicit_designation_level
municipal_source,江戸川区,文化財一覧,131237100050,https://www.opendata.metro.tokyo.lg.jp/edogawa/131237_cultural_property.csv,13Tokyo/raw/municipal/13123/data.csv,天祖神社本殿,,,,,,江戸川区,13123,,,ambiguous,,,,point,representative_point,ambiguous,,,,no_explicit_designation_level
municipal_source,江戸川区,文化財一覧,131237100051,https://www.opendata.metro.tokyo.lg.jp/edogawa/131237_cultural_property.csv,13Tokyo/raw/municipal/13123/data.csv,絹本着色仏涅槃図,,,,,,江戸川区,13123,,,ambiguous,,,,point,representative_point,ambiguous,,,,no_explicit_designation_level
municipal_source,江戸川区,文化財一覧,131237100052,https://www.opendata.metro.tokyo.lg.jp/edogawa/131237_cultural_property.csv,13Tokyo/raw/municipal/13123/data.csv,つりしのぶ,,,,,,江戸川区,13123,,,ambiguous,,,,point,representative_point,ambiguous,,,,no_explicit_designation_level
municipal_source,江戸川区,文化財一覧,131237100053,https://www.opendata.metro.tokyo.lg.jp/edogawa/131237_cultural_property.csv,13Tokyo/raw/municipal/13123/data.csv,木造阿弥陀如来立像,,,,,,江戸川区,13123,,,ambiguous,,,,point,representative_point,ambiguous,,,,no_explicit_designation_level
municipal_source,江戸川区,文化財一覧,131237100054,https://www.opendata.metro.tokyo.lg.jp/edogawa/131237_cultural_property.csv,13Tokyo/raw/municipal/13123/data.csv,木造地蔵菩薩立像,,,,,,江戸川区,13123,,,ambiguous,,,,point,representative_point,ambiguous,,,,no_explicit_designation_level
municipal_source,江戸川区,文化財一覧,131237100055,https://www.opendata.metro.tokyo.lg.jp/edogawa/131237_cultural_property.csv,13Tokyo/raw/municipal/13123/data.csv,木造阿弥陀如来立像,,,,,,江戸川区,13123,,,ambiguous,,,,point,representative_point,ambiguous,,,,no_explicit_designation_level
municipal_source,江戸川区,文化財一覧,131237100056,https://www.opendata.metro.tokyo.lg.jp/edogawa/131237_cultural_property.csv,13Tokyo/raw/municipal/13123/data.csv,木造如来立像,,,,,,江戸川区,13123,,,ambiguous,,,,point,representative_point,ambiguous,,,,no_explicit_designation_level
municipal_source,江戸川区,文化財一覧,131237100057,https://www.opendata.metro.tokyo.lg.jp/edogawa/131237_cultural_property.csv,13Tokyo/raw/municipal/13123/data.csv,絹本著色草花図,,,,,,江戸川区,13123,,,ambiguous,,,,point,representative_point,ambiguous,,,,no_explicit_designation_level
municipal_source,江戸川区,文化財一覧,131237100058,https://www.opendata.metro.tokyo.lg.jp/edogawa/131237_cultural_property.csv,13Tokyo/raw/municipal/13123/data.csv,扇子,,,,,,江戸川区,13123,,,ambiguous,,,,point,representative_point,ambiguous,,,,no_explicit_designation_level
municipal_source,江戸川区,文化財一覧,131237100059,https://www.opendata.metro.tokyo.lg.jp/edogawa/131237_cultural_property.csv,13Tokyo/raw/municipal/13123/data.csv,型染め,,,,,,江戸川区,13123,,,ambiguous,,,,point,representative_point,ambiguous,,,,no_explicit_designation_level
municipal_source,江戸川区,文化財一覧,131237100060,https://www.opendata.metro.tokyo.lg.jp/edogawa/131237_cultural_property.csv,13Tokyo/raw/municipal/13123/data.csv,木造阿弥陀三尊像,,,,,,江戸川区,13123,,,ambiguous,,,,point,representative_point,ambiguous,,,,no_explicit_designation_level
municipal_source,江戸川区,文化財一覧,131237100061,https://www.opendata.metro.tokyo.lg.jp/edogawa/131237_cultural_property.csv,13Tokyo/raw/municipal/13123/data.csv,銅造観音菩薩立像,,,,,,江戸川区,13123,,,ambiguous,,,,point,representative_point,ambiguous,,,,no_explicit_designation_level
municipal_source,江戸川区,文化財一覧,131237100062,https://www.opendata.metro.tokyo.lg.jp/edogawa/131237_cultural_property.csv,13Tokyo/raw/municipal/13123/data.csv,江戸組子,,,,,,江戸川区,13123,,,ambiguous,,,,point,representative_point,ambiguous,,,,no_explicit_designation_level
municipal_source,江戸川区,文化財一覧,131237100063,https://www.opendata.metro.tokyo.lg.jp/edogawa/131237_cultural_property.csv,13Tokyo/raw/municipal/13123/data.csv,歌舞伎役者墓碑群,,,,,,江戸川区,13123,,,ambiguous,,,,point,representative_point,ambiguous,,,,no_explicit_designation_level
municipal_source,江戸川区,文化財一覧,131237100064,https://www.opendata.metro.tokyo.lg.jp/edogawa/131237_cultural_property.csv,13Tokyo/raw/municipal/13123/data.csv,木造聖観音菩薩坐像,,,,,,江戸川区,13123,,,ambiguous,,,,point,representative_point,ambiguous,,,,no_explicit_designation_level
municipal_source,江戸川区,文化財一覧,131237100065,https://www.opendata.metro.tokyo.lg.jp/edogawa/131237_cultural_property.csv,13Tokyo/raw/municipal/13123/data.csv,銅造誕生釈迦仏立像,,,,,,江戸川区,13123,,,ambiguous,,,,point,representative_point,ambiguous,,,,no_explicit_designation_level
municipal_source,江戸川区,文化財一覧,131237100066,https://www.opendata.metro.tokyo.lg.jp/edogawa/131237_cultural_property.csv,13Tokyo/raw/municipal/13123/data.csv,木造薬師如来坐像,,,,,,江戸川区,13123,,,ambiguous,,,,point,representative_point,ambiguous,,,,no_explicit_designation_level
municipal_source,江戸川区,文化財一覧,131237100067,https://www.opendata.metro.tokyo.lg.jp/edogawa/131237_cultural_property.csv,13Tokyo/raw/municipal/13123/data.csv,厨子入木造愛染明王坐像,,,,,,江戸川区,13123,,,ambiguous,,,,point,representative_point,ambiguous,,,,no_explicit_designation_level
municipal_source,江戸川区,文化財一覧,131237100068,https://www.opendata.metro.tokyo.lg.jp/edogawa/131237_cultural_property.csv,13Tokyo/raw/municipal/13123/data.csv,旧東船堀村宇田川家文書,,,,,,江戸川区,13123,,,ambiguous,,,,point,representative_point,ambiguous,,,,no_explicit_designation_level
municipal_source,江戸川区,文化財一覧,131237100069,https://www.opendata.metro.tokyo.lg.jp/edogawa/131237_cultural_property.csv,13Tokyo/raw/municipal/13123/data.csv,漆塗り,,,,,,江戸川区,13123,,,ambiguous,,,,point,representative_point,ambiguous,,,,no_explicit_designation_level
municipal_source,江戸川区,文化財一覧,131237100070,https://www.opendata.metro.tokyo.lg.jp/edogawa/131237_cultural_property.csv,13Tokyo/raw/municipal/13123/data.csv,木造日蓮聖人坐像,,,,,,江戸川区,13123,,,ambiguous,,,,point,representative_point,ambiguous,,,,no_explicit_designation_level
municipal_source,江戸川区,文化財一覧,131237100071,https://www.opendata.metro.tokyo.lg.jp/edogawa/131237_cultural_property.csv,13Tokyo/raw/municipal/13123/data.csv,木造奪衣婆坐像,,,,,,江戸川区,13123,,,ambiguous,,,,point,representative_point,ambiguous,,,,no_explicit_designation_level
municipal_source,江戸川区,文化財一覧,131237100072,https://www.opendata.metro.tokyo.lg.jp/edogawa/131237_cultural_property.csv,13Tokyo/raw/municipal/13123/data.csv,松浦信正関係資料,,,,,,江戸川区,13123,,,ambiguous,,,,point,representative_point,ambiguous,,,,no_explicit_designation_level
municipal_source,江戸川区,文化財一覧,131237100073,https://www.opendata.metro.tokyo.lg.jp/edogawa/131237_cultural_property.csv,13Tokyo/raw/municipal/13123/data.csv,紙本著色黄檗宗祖師像,,,,,,江戸川区,13123,,,ambiguous,,,,point,representative_point,ambiguous,,,,no_explicit_designation_level
municipal_source,江戸川区,文化財一覧,131237100074,https://www.opendata.metro.tokyo.lg.jp/edogawa/131237_cultural_property.csv,13Tokyo/raw/municipal/13123/data.csv,ゆかた染(長板中形),,,,,,江戸川区,13123,,,ambiguous,,,,point,representative_point,ambiguous,,,,no_explicit_designation_level
municipal_source,江戸川区,文化財一覧,131237100075,https://www.opendata.metro.tokyo.lg.jp/edogawa/131237_cultural_property.csv,13Tokyo/raw/municipal/13123/data.csv,銅造誕生釈迦仏立像,,,,,,江戸川区,13123,,,ambiguous,,,,point,representative_point,ambiguous,,,,no_explicit_designation_level
municipal_source,江戸川区,文化財一覧,131237100076,https://www.opendata.metro.tokyo.lg.jp/edogawa/131237_cultural_property.csv,13Tokyo/raw/municipal/13123/data.csv,厨子入木造観音菩薩像及び勢至菩薩像 附、銅製天蓋、木造宝塔、木造舎利容器,,,,,,江戸川区,13123,,,ambiguous,,,,point,representative_point,ambiguous,,,,no_explicit_designation_level
municipal_source,江戸川区,文化財一覧,131237100077,https://www.opendata.metro.tokyo.lg.jp/edogawa/131237_cultural_property.csv,13Tokyo/raw/municipal/13123/data.csv,組子建具,,,,,,江戸川区,13123,,,ambiguous,,,,point,representative_point,ambiguous,,,,no_explicit_designation_level
municipal_source,江戸川区,文化財一覧,131237100078,https://www.opendata.metro.tokyo.lg.jp/edogawa/131237_cultural_property.csv,13Tokyo/raw/municipal/13123/data.csv,組紐,,,,,,江戸川区,13123,,,ambiguous,,,,point,representative_point,ambiguous,,,,no_explicit_designation_level
municipal_source,江戸川区,文化財一覧,131237100079,https://www.opendata.metro.tokyo.lg.jp/edogawa/131237_cultural_property.csv,13Tokyo/raw/municipal/13123/data.csv,下鎌田の富士講(旧下鎌田地区),,,,,,江戸川区,13123,,,ambiguous,,,,point,representative_point,ambiguous,,,,no_explicit_designation_level
municipal_source,江戸川区,文化財一覧,131237100080,https://www.opendata.metro.tokyo.lg.jp/edogawa/131237_cultural_property.csv,13Tokyo/raw/municipal/13123/data.csv,椿の庚申講用具,,,,,,江戸川区,13123,,,ambiguous,,,,point,representative_point,ambiguous,,,,no_explicit_designation_level
municipal_source,江戸川区,文化財一覧,131237100081,https://www.opendata.metro.tokyo.lg.jp/edogawa/131237_cultural_property.csv,13Tokyo/raw/municipal/13123/data.csv,桑川の庚申講用具,,,,,,江戸川区,13123,,,ambiguous,,,,point,representative_point,ambiguous,,,,no_explicit_designation_level
municipal_source,江戸川区,文化財一覧,131237100082,https://www.opendata.metro.tokyo.lg.jp/edogawa/131237_cultural_property.csv,13Tokyo/raw/municipal/13123/data.csv,下鎌田の富士講用具及び関連資料,,,,,,江戸川区,13123,,,ambiguous,,,,point,representative_point,ambiguous,,,,no_explicit_designation_level
municipal_source,江戸川区,文化財一覧,131237100083,https://www.opendata.metro.tokyo.lg.jp/edogawa/131237_cultural_property.csv,13Tokyo/raw/municipal/13123/data.csv,下鎌田の富士講講元伝来資料,,,,,,江戸川区,13123,,,ambiguous,,,,point,representative_point,ambiguous,,,,no_explicit_designation_level
municipal_source,江戸川区,文化財一覧,131237100084,https://www.opendata.metro.tokyo.lg.jp/edogawa/131237_cultural_property.csv,13Tokyo/raw/municipal/13123/data.csv,池田孤村筆画軸,,,,,,江戸川区,13123,,,ambiguous,,,,point,representative_point,ambiguous,,,,no_explicit_designation_level
municipal_source,江戸川区,文化財一覧,131237100085,https://www.opendata.metro.tokyo.lg.jp/edogawa/131237_cultural_property.csv,13Tokyo/raw/municipal/13123/data.csv,常燈明,,,,,,江戸川区,13123,,,ambiguous,,,,point,representative_point,ambiguous,,,,no_explicit_designation_level
municipal_source,江戸川区,文化財一覧,131237100086,https://www.opendata.metro.tokyo.lg.jp/edogawa/131237_cultural_property.csv,13Tokyo/raw/municipal/13123/data.csv,木造不動明王坐像,,,,,,江戸川区,13123,,,ambiguous,,,,point,representative_point,ambiguous,,,,no_explicit_designation_level
municipal_source,江戸川区,文化財一覧,131237100087,https://www.opendata.metro.tokyo.lg.jp/edogawa/131237_cultural_property.csv,13Tokyo/raw/municipal/13123/data.csv,木造大塚氏先祖夫妻坐像,,,,,,江戸川区,13123,,,ambiguous,,,,point,representative_point,ambiguous,,,,no_explicit_designation_level
municipal_source,江戸川区,文化財一覧,131237100088,https://www.opendata.metro.tokyo.lg.jp/edogawa/131237_cultural_property.csv,13Tokyo/raw/municipal/13123/data.csv,石造釈迦如来坐像,,,,,,江戸川区,13123,,,ambiguous,,,,point,representative_point,ambiguous,,,,no_explicit_designation_level
municipal_source,江戸川区,文化財一覧,131237100089,https://www.opendata.metro.tokyo.lg.jp/edogawa/131237_cultural_property.csv,13Tokyo/raw/municipal/13123/data.csv,浅間神社の富士講碑,,,,,,江戸川区,13123,,,ambiguous,,,,point,representative_point,ambiguous,,,,no_explicit_designation_level
municipal_source,江戸川区,文化財一覧,131237100090,https://www.opendata.metro.tokyo.lg.jp/edogawa/131237_cultural_property.csv,13Tokyo/raw/municipal/13123/data.csv,新川梨の碑,,,,,,江戸川区,13123,,,ambiguous,,,,point,representative_point,ambiguous,,,,no_explicit_designation_level
municipal_source,江戸川区,文化財一覧,131237100091,https://www.opendata.metro.tokyo.lg.jp/edogawa/131237_cultural_property.csv,13Tokyo/raw/municipal/13123/data.csv,観音庚申塔,,,,,,江戸川区,13123,,,ambiguous,,,,point,representative_point,ambiguous,,,,no_explicit_designation_level
municipal_source,江戸川区,文化財一覧,131237100092,https://www.opendata.metro.tokyo.lg.jp/edogawa/131237_cultural_property.csv,13Tokyo/raw/municipal/13123/data.csv,天明三年浅間山噴火横死者供養碑,,,,,,江戸川区,13123,,,ambiguous,,,,point,representative_point,ambiguous,,,,no_explicit_designation_level
municipal_source,江戸川区,文化財一覧,131237100093,https://www.opendata.metro.tokyo.lg.jp/edogawa/131237_cultural_property.csv,13Tokyo/raw/municipal/13123/data.csv,田島家文書,,,,,,江戸川区,13123,,,ambiguous,,,,point,representative_point,ambiguous,,,,no_explicit_designation_level
municipal_source,江戸川区,文化財一覧,131237100094,https://www.opendata.metro.tokyo.lg.jp/edogawa/131237_cultural_property.csv,13Tokyo/raw/municipal/13123/data.csv,葛西囃子,,,,,,江戸川区,13123,,,ambiguous,,,,point,representative_point,ambiguous,,,,no_explicit_designation_level
municipal_source,江戸川区,文化財一覧,131237100095,https://www.opendata.metro.tokyo.lg.jp/edogawa/131237_cultural_property.csv,13Tokyo/raw/municipal/13123/data.csv,葛西のおしゃらく,,,,,,江戸川区,13123,,,ambiguous,,,,point,representative_point,ambiguous,,,,no_explicit_designation_level
municipal_source,江戸川区,文化財一覧,131237100096,https://www.opendata.metro.tokyo.lg.jp/edogawa/131237_cultural_property.csv,13Tokyo/raw/municipal/13123/data.csv,葛西の里神楽,,,,,,江戸川区,13123,,,ambiguous,,,,point,representative_point,ambiguous,,,,no_explicit_designation_level
municipal_source,江戸川区,文化財一覧,131237100097,https://www.opendata.metro.tokyo.lg.jp/edogawa/131237_cultural_property.csv,13Tokyo/raw/municipal/13123/data.csv,田島図書の墓,,,,,,江戸川区,13123,,,ambiguous,,,,point,representative_point,ambiguous,,,,no_explicit_designation_level
municipal_source,江戸川区,文化財一覧,131237100098,https://www.opendata.metro.tokyo.lg.jp/edogawa/131237_cultural_property.csv,13Tokyo/raw/municipal/13123/data.csv,一之江名主屋敷,,,,,,江戸川区,13123,,,ambiguous,,,,point,representative_point,ambiguous,,,,no_explicit_designation_level
municipal_source,江戸川区,文化財一覧,131237100099,https://www.opendata.metro.tokyo.lg.jp/edogawa/131237_cultural_property.csv,13Tokyo/raw/municipal/13123/data.csv,二之江神社のケヤキ,,,,,,江戸川区,13123,,,ambiguous,,,,point,representative_point,ambiguous,,,,no_explicit_designation_level
municipal_source,江戸川区,文化財一覧,131237100100,https://www.opendata.metro.tokyo.lg.jp/edogawa/131237_cultural_property.csv,13Tokyo/raw/municipal/13123/data.csv,善養寺影向のマツ,,,,,,江戸川区,13123,,,ambiguous,,,,point,representative_point,ambiguous,,,,no_explicit_designation_level
municipal_source,江戸川区,文化財一覧,131237100101,https://www.opendata.metro.tokyo.lg.jp/edogawa/131237_cultural_property.csv,13Tokyo/raw/municipal/13123/data.csv,木造聖徳太子立像,,,,,,江戸川区,13123,,,ambiguous,,,,point,representative_point,ambiguous,,,,no_explicit_designation_level
municipal_source,江戸川区,文化財一覧,131237100102,https://www.opendata.metro.tokyo.lg.jp/edogawa/131237_cultural_property.csv,13Tokyo/raw/municipal/13123/data.csv,木造薬師如来立像,,,,,,江戸川区,13123,,,ambiguous,,,,point,representative_point,ambiguous,,,,no_explicit_designation_level
municipal_source,江戸川区,文化財一覧,131237100103,https://www.opendata.metro.tokyo.lg.jp/edogawa/131237_cultural_property.csv,13Tokyo/raw/municipal/13123/data.csv,木造阿弥陀如来坐像,,,,,,江戸川区,13123,,,ambiguous,,,,point,representative_point,ambiguous,,,,no_explicit_designation_level
municipal_source,江戸川区,文化財一覧,131237100104,https://www.opendata.metro.tokyo.lg.jp/edogawa/131237_cultural_property.csv,13Tokyo/raw/municipal/13123/data.csv,木造日蓮聖人坐像 附・台座板墨書(文禄三年),,,,,,江戸川区,13123,,,ambiguous,,,,point,representative_point,ambiguous,,,,no_explicit_designation_level
municipal_source,江戸川区,文化財一覧,131237100105,https://www.opendata.metro.tokyo.lg.jp/edogawa/131237_cultural_property.csv,13Tokyo/raw/municipal/13123/data.csv,木造阿弥陀如来立像 附・紙本墨書造立趣旨文書一紙,,,,,,江戸川区,13123,,,ambiguous,,,,point,representative_point,ambiguous,,,,no_explicit_designation_level
municipal_source,江戸川区,文化財一覧,131237100106,https://www.opendata.metro.tokyo.lg.jp/edogawa/131237_cultural_property.csv,13Tokyo/raw/municipal/13123/data.csv,絹本着色六地蔵菩薩画像,,,,,,江戸川区,13123,,,ambiguous,,,,point,representative_point,ambiguous,,,,no_explicit_designation_level
municipal_source,江戸川区,文化財一覧,131237100107,https://www.opendata.metro.tokyo.lg.jp/edogawa/131237_cultural_property.csv,13Tokyo/raw/municipal/13123/data.csv,成田山不動明王石造道標,,,,,,江戸川区,13123,,,ambiguous,,,,point,representative_point,ambiguous,,,,no_explicit_designation_level
municipal_source,江戸川区,文化財一覧,131237100108,https://www.opendata.metro.tokyo.lg.jp/edogawa/131237_cultural_property.csv,13Tokyo/raw/municipal/13123/data.csv,慈恩寺道の石造道標,,,,,,江戸川区,13123,,,ambiguous,,,,point,representative_point,ambiguous,,,,no_explicit_designation_level
municipal_source,江戸川区,文化財一覧,131237100109,https://www.opendata.metro.tokyo.lg.jp/edogawa/131237_cultural_property.csv,13Tokyo/raw/municipal/13123/data.csv,雷不動明王石造道標,,,,,,江戸川区,13123,,,ambiguous,,,,point,representative_point,ambiguous,,,,no_explicit_designation_level
municipal_source,江戸川区,文化財一覧,131237100110,https://www.opendata.metro.tokyo.lg.jp/edogawa/131237_cultural_property.csv,13Tokyo/raw/municipal/13123/data.csv,逆井の富士塚(浅間神社),,,,,,江戸川区,13123,,,ambiguous,,,,point,representative_point,ambiguous,,,,no_explicit_designation_level
municipal_source,江戸川区,文化財一覧,131237100111,https://www.opendata.metro.tokyo.lg.jp/edogawa/131237_cultural_property.csv,13Tokyo/raw/municipal/13123/data.csv,安養寺念仏講,,,,,,江戸川区,13123,,,ambiguous,,,,point,representative_point,ambiguous,,,,no_explicit_designation_level
municipal_source,江戸川区,文化財一覧,131237100112,https://www.opendata.metro.tokyo.lg.jp/edogawa/131237_cultural_property.csv,13Tokyo/raw/municipal/13123/data.csv,加納甚内の墓,,,,,,江戸川区,13123,,,ambiguous,,,,point,representative_point,ambiguous,,,,no_explicit_designation_level
municipal_source,江戸川区,文化財一覧,131237100113,https://www.opendata.metro.tokyo.lg.jp/edogawa/131237_cultural_property.csv,13Tokyo/raw/municipal/13123/data.csv,紙本墨書大曼荼羅,,,,,,江戸川区,13123,,,ambiguous,,,,point,representative_point,ambiguous,,,,no_explicit_designation_level
municipal_source,江戸川区,文化財一覧,131237100114,https://www.opendata.metro.tokyo.lg.jp/edogawa/131237_cultural_property.csv,13Tokyo/raw/municipal/13123/data.csv,船堀の富士塚,,,,,,江戸川区,13123,,,ambiguous,,,,point,representative_point,ambiguous,,,,no_explicit_designation_level
municipal_source,江戸川区,文化財一覧,131237100115,https://www.opendata.metro.tokyo.lg.jp/edogawa/131237_cultural_property.csv,13Tokyo/raw/municipal/13123/data.csv,長島の富士塚,,,,,,江戸川区,13123,,,ambiguous,,,,point,representative_point,ambiguous,,,,no_explicit_designation_level
municipal_source,江戸川区,文化財一覧,131237100116,https://www.opendata.metro.tokyo.lg.jp/edogawa/131237_cultural_property.csv,13Tokyo/raw/municipal/13123/data.csv,下鎌田の富士塚,,,,,,江戸川区,13123,,,ambiguous,,,,point,representative_point,ambiguous,,,,no_explicit_designation_level
municipal_source,江戸川区,文化財一覧,131237100117,https://www.opendata.metro.tokyo.lg.jp/edogawa/131237_cultural_property.csv,13Tokyo/raw/municipal/13123/data.csv,上鎌田の富士塚,,,,,,江戸川区,13123,,,ambiguous,,,,point,representative_point,ambiguous,,,,no_explicit_designation_level
municipal_source,江戸川区,文化財一覧,131237100118,https://www.opendata.metro.tokyo.lg.jp/edogawa/131237_cultural_property.csv,13Tokyo/raw/municipal/13123/data.csv,桑川の富士塚,,,,,,江戸川区,13123,,,ambiguous,,,,point,representative_point,ambiguous,,,,no_explicit_designation_level
municipal_source,江戸川区,文化財一覧,131237100119,https://www.opendata.metro.tokyo.lg.jp/edogawa/131237_cultural_property.csv,13Tokyo/raw/municipal/13123/data.csv,中割の富士塚,,,,,,江戸川区,13123,,,ambiguous,,,,point,representative_point,ambiguous,,,,no_explicit_designation_level
municipal_source,江戸川区,文化財一覧,131237100120,https://www.opendata.metro.tokyo.lg.jp/edogawa/131237_cultural_property.csv,13Tokyo/raw/municipal/13123/data.csv,今井の富士塚,,,,,,江戸川区,13123,,,ambiguous,,,,point,representative_point,ambiguous,,,,no_explicit_designation_level
municipal_source,江戸川区,文化財一覧,131237100121,https://www.opendata.metro.tokyo.lg.jp/edogawa/131237_cultural_property.csv,13Tokyo/raw/municipal/13123/data.csv,下篠崎の念仏講,,,,,,江戸川区,13123,,,ambiguous,,,,point,representative_point,ambiguous,,,,no_explicit_designation_level
municipal_source,江戸川区,文化財一覧,131237100122,https://www.opendata.metro.tokyo.lg.jp/edogawa/131237_cultural_property.csv,13Tokyo/raw/municipal/13123/data.csv,笹ヶ崎の庚申塔河原道石造道標,,,,,,江戸川区,13123,,,ambiguous,,,,point,representative_point,ambiguous,,,,no_explicit_designation_level
municipal_source,江戸川区,文化財一覧,131237100123,https://www.opendata.metro.tokyo.lg.jp/edogawa/131237_cultural_property.csv,13Tokyo/raw/municipal/13123/data.csv,小岩田のばんどう道庚申塔石造道標,,,,,,江戸川区,13123,,,ambiguous,,,,point,representative_point,ambiguous,,,,no_explicit_designation_level
municipal_source,江戸川区,文化財一覧,131237100124,https://www.opendata.metro.tokyo.lg.jp/edogawa/131237_cultural_property.csv,13Tokyo/raw/municipal/13123/data.csv,下平井の観世音菩薩浅草道石造道標,,,,,,江戸川区,13123,,,ambiguous,,,,point,representative_point,ambiguous,,,,no_explicit_designation_level
municipal_source,江戸川区,文化財一覧,131237100125,https://www.opendata.metro.tokyo.lg.jp/edogawa/131237_cultural_property.csv,13Tokyo/raw/municipal/13123/data.csv,下篠崎本郷の河原道石造道標,,,,,,江戸川区,13123,,,ambiguous,,,,point,representative_point,ambiguous,,,,no_explicit_designation_level
municipal_source,江戸川区,文化財一覧,131237100126,https://www.opendata.metro.tokyo.lg.jp/edogawa/131237_cultural_property.csv,13Tokyo/raw/municipal/13123/data.csv,御番所町の慈恩寺道石造道標,,,,,,江戸川区,13123,,,ambiguous,,,,point,representative_point,ambiguous,,,,no_explicit_designation_level
municipal_source,江戸川区,文化財一覧,131237100127,https://www.opendata.metro.tokyo.lg.jp/edogawa/131237_cultural_property.csv,13Tokyo/raw/municipal/13123/data.csv,伊予田の観世音道石造道標,,,,,,江戸川区,13123,,,ambiguous,,,,point,representative_point,ambiguous,,,,no_explicit_designation_level
municipal_source,江戸川区,文化財一覧,131237100128,https://www.opendata.metro.tokyo.lg.jp/edogawa/131237_cultural_property.csv,13Tokyo/raw/municipal/13123/data.csv,庚申堂の浅草道石造道標,,,,,,江戸川区,13123,,,ambiguous,,,,point,representative_point,ambiguous,,,,no_explicit_designation_level
municipal_source,江戸川区,文化財一覧,131237100129,https://www.opendata.metro.tokyo.lg.jp/edogawa/131237_cultural_property.csv,13Tokyo/raw/municipal/13123/data.csv,四股の石造四面道標,,,,,,江戸川区,13123,,,ambiguous,,,,point,representative_point,ambiguous,,,,no_explicit_designation_level
municipal_source,江戸川区,文化財一覧,131237100130,https://www.opendata.metro.tokyo.lg.jp/edogawa/131237_cultural_property.csv,13Tokyo/raw/municipal/13123/data.csv,東小松川中道の庚申塔河原道石造道標,,,,,,江戸川区,13123,,,ambiguous,,,,point,representative_point,ambiguous,,,,no_explicit_designation_level
municipal_source,江戸川区,文化財一覧,131237100131,https://www.opendata.metro.tokyo.lg.jp/edogawa/131237_cultural_property.csv,13Tokyo/raw/municipal/13123/data.csv,東小松川田子沼の庚申塔河原道石造道標,,,,,,江戸川区,13123,,,ambiguous,,,,point,representative_point,ambiguous,,,,no_explicit_designation_level
municipal_source,江戸川区,文化財一覧,131237100132,https://www.opendata.metro.tokyo.lg.jp/edogawa/131237_cultural_property.csv,13Tokyo/raw/municipal/13123/data.csv,中小岩の庚申塔河原道石造道標,,,,,,江戸川区,13123,,,ambiguous,,,,point,representative_point,ambiguous,,,,no_explicit_designation_level
municipal_source,江戸川区,文化財一覧,131237100133,https://www.opendata.metro.tokyo.lg.jp/edogawa/131237_cultural_property.csv,13Tokyo/raw/municipal/13123/data.csv,鹿骨の庚申塔河原道石造道標,,,,,,江戸川区,13123,,,ambiguous,,,,point,representative_point,ambiguous,,,,no_explicit_designation_level
municipal_source,江戸川区,文化財一覧,131237100134,https://www.opendata.metro.tokyo.lg.jp/edogawa/131237_cultural_property.csv,13Tokyo/raw/municipal/13123/data.csv,上篠崎柳島の庚申塔河原道石造道標,,,,,,江戸川区,13123,,,ambiguous,,,,point,representative_point,ambiguous,,,,no_explicit_designation_level
municipal_source,江戸川区,文化財一覧,131237100135,https://www.opendata.metro.tokyo.lg.jp/edogawa/131237_cultural_property.csv,13Tokyo/raw/municipal/13123/data.csv,本一色の石造道標,,,,,,江戸川区,13123,,,ambiguous,,,,point,representative_point,ambiguous,,,,no_explicit_designation_level
municipal_source,江戸川区,文化財一覧,131237100136,https://www.opendata.metro.tokyo.lg.jp/edogawa/131237_cultural_property.csv,13Tokyo/raw/municipal/13123/data.csv,河原渡場道の庚申塔石造道標,,,,,,江戸川区,13123,,,ambiguous,,,,point,representative_point,ambiguous,,,,no_explicit_designation_level
municipal_source,江戸川区,文化財一覧,131237100137,https://www.opendata.metro.tokyo.lg.jp/edogawa/131237_cultural_property.csv,13Tokyo/raw/municipal/13123/data.csv,上鎌田の庚申塔行徳道石造道標,,,,,,江戸川区,13123,,,ambiguous,,,,point,representative_point,ambiguous,,,,no_explicit_designation_level
municipal_source,江戸川区,文化財一覧,131237100138,https://www.opendata.metro.tokyo.lg.jp/edogawa/131237_cultural_property.csv,13Tokyo/raw/municipal/13123/data.csv,第六天の石造道標,,,,,,江戸川区,13123,,,ambiguous,,,,point,representative_point,ambiguous,,,,no_explicit_designation_level
municipal_source,江戸川区,文化財一覧,131237100139,https://www.opendata.metro.tokyo.lg.jp/edogawa/131237_cultural_property.csv,13Tokyo/raw/municipal/13123/data.csv,四股の供養塔石造道標,,,,,,江戸川区,13123,,,ambiguous,,,,point,representative_point,ambiguous,,,,no_explicit_designation_level
municipal_source,江戸川区,文化財一覧,131237100140,https://www.opendata.metro.tokyo.lg.jp/edogawa/131237_cultural_property.csv,13Tokyo/raw/municipal/13123/data.csv,谷河内の河原道石造道標,,,,,,江戸川区,13123,,,ambiguous,,,,point,representative_point,ambiguous,,,,no_explicit_designation_level
municipal_source,江戸川区,文化財一覧,131237100141,https://www.opendata.metro.tokyo.lg.jp/edogawa/131237_cultural_property.csv,13Tokyo/raw/municipal/13123/data.csv,中小岩の成田道石造道標,,,,,,江戸川区,13123,,,ambiguous,,,,point,representative_point,ambiguous,,,,no_explicit_designation_level
municipal_source,江戸川区,文化財一覧,131237100142,https://www.opendata.metro.tokyo.lg.jp/edogawa/131237_cultural_property.csv,13Tokyo/raw/municipal/13123/data.csv,西一之江の河原道石造道標,,,,,,江戸川区,13123,,,ambiguous,,,,point,representative_point,ambiguous,,,,no_explicit_designation_level
municipal_source,江戸川区,文化財一覧,131237100143,https://www.opendata.metro.tokyo.lg.jp/edogawa/131237_cultural_property.csv,13Tokyo/raw/municipal/13123/data.csv,小岩不動尊逆井道向石造道標、小岩不動尊市川向石造道標,,,,,,江戸川区,13123,,,ambiguous,,,,point,representative_point,ambiguous,,,,no_explicit_designation_level
municipal_source,江戸川区,文化財一覧,131237100144,https://www.opendata.metro.tokyo.lg.jp/edogawa/131237_cultural_property.csv,13Tokyo/raw/municipal/13123/data.csv,二之江の行徳道石造道標,,,,,,江戸川区,13123,,,ambiguous,,,,point,representative_point,ambiguous,,,,no_explicit_designation_level
municipal_source,江戸川区,文化財一覧,131237100145,https://www.opendata.metro.tokyo.lg.jp/edogawa/131237_cultural_property.csv,13Tokyo/raw/municipal/13123/data.csv,中小岩の庚申塔市川道石造道標,,,,,,江戸川区,13123,,,ambiguous,,,,point,representative_point,ambiguous,,,,no_explicit_designation_level
municipal_source,江戸川区,文化財一覧,131237100146,https://www.opendata.metro.tokyo.lg.jp/edogawa/131237_cultural_property.csv,13Tokyo/raw/municipal/13123/data.csv,四股橋石造橋桁(部分),,,,,,江戸川区,13123,,,ambiguous,,,,point,representative_point,ambiguous,,,,no_explicit_designation_level
municipal_source,江戸川区,文化財一覧,131237100147,https://www.opendata.metro.tokyo.lg.jp/edogawa/131237_cultural_property.csv,13Tokyo/raw/municipal/13123/data.csv,逆井の渡し跡,,,,,,江戸川区,13123,,,ambiguous,,,,point,representative_point,ambiguous,,,,no_explicit_designation_level
municipal_source,江戸川区,文化財一覧,131237100148,https://www.opendata.metro.tokyo.lg.jp/edogawa/131237_cultural_property.csv,13Tokyo/raw/municipal/13123/data.csv,御番所町跡,,,,,,江戸川区,13123,,,ambiguous,,,,point,representative_point,ambiguous,,,,no_explicit_designation_level
municipal_source,江戸川区,文化財一覧,131237100149,https://www.opendata.metro.tokyo.lg.jp/edogawa/131237_cultural_property.csv,13Tokyo/raw/municipal/13123/data.csv,元佐倉道跡,,,,,,江戸川区,13123,,,ambiguous,,,,point,representative_point,ambiguous,,,,no_explicit_designation_level
municipal_source,江戸川区,文化財一覧,131237100150,https://www.opendata.metro.tokyo.lg.jp/edogawa/131237_cultural_property.csv,13Tokyo/raw/municipal/13123/data.csv,諏訪神社旧本殿,,,,,,江戸川区,13123,,,ambiguous,,,,point,representative_point,ambiguous,,,,no_explicit_designation_level
municipal_source,江戸川区,文化財一覧,131237100151,https://www.opendata.metro.tokyo.lg.jp/edogawa/131237_cultural_property.csv,13Tokyo/raw/municipal/13123/data.csv,武蔵国葛飾郡西小松川村縮全図,,,,,,江戸川区,13123,,,ambiguous,,,,point,representative_point,ambiguous,,,,no_explicit_designation_level
municipal_source,江戸川区,文化財一覧,131237100152,https://www.opendata.metro.tokyo.lg.jp/edogawa/131237_cultural_property.csv,13Tokyo/raw/municipal/13123/data.csv,武蔵国葛飾郡松本村全図,,,,,,江戸川区,13123,,,ambiguous,,,,point,representative_point,ambiguous,,,,no_explicit_designation_level
municipal_source,江戸川区,文化財一覧,131237100153,https://www.opendata.metro.tokyo.lg.jp/edogawa/131237_cultural_property.csv,13Tokyo/raw/municipal/13123/data.csv,日祐筆紙本墨書大曼荼羅(一幅) 日全筆紙本墨書大曼荼羅(一幅),,,,,,江戸川区,13123,,,ambiguous,,,,point,representative_point,ambiguous,,,,no_explicit_designation_level
municipal_source,江戸川区,文化財一覧,131237100154,https://www.opendata.metro.tokyo.lg.jp/edogawa/131237_cultural_property.csv,13Tokyo/raw/municipal/13123/data.csv,八幡神社所在の地蔵菩薩像庚申塔(万治元年銘),,,,,,江戸川区,13123,,,ambiguous,,,,point,representative_point,ambiguous,,,,no_explicit_designation_level
municipal_source,江戸川区,文化財一覧,131237100155,https://www.opendata.metro.tokyo.lg.jp/edogawa/131237_cultural_property.csv,13Tokyo/raw/municipal/13123/data.csv,法然寺所在の庚申塔(万治二年銘),,,,,,江戸川区,13123,,,ambiguous,,,,point,representative_point,ambiguous,,,,no_explicit_designation_level
municipal_source,江戸川区,文化財一覧,131237100156,https://www.opendata.metro.tokyo.lg.jp/edogawa/131237_cultural_property.csv,13Tokyo/raw/municipal/13123/data.csv,称専寺所在の地蔵菩薩像庚申塔(万治三年銘),,,,,,江戸川区,13123,,,ambiguous,,,,point,representative_point,ambiguous,,,,no_explicit_designation_level
municipal_source,江戸川区,文化財一覧,131237100157,https://www.opendata.metro.tokyo.lg.jp/edogawa/131237_cultural_property.csv,13Tokyo/raw/municipal/13123/data.csv,称専寺所在の阿弥陀如来像庚申塔(万治三年銘),,,,,,江戸川区,13123,,,ambiguous,,,,point,representative_point,ambiguous,,,,no_explicit_designation_level
municipal_source,江戸川区,文化財一覧,131237100158,https://www.opendata.metro.tokyo.lg.jp/edogawa/131237_cultural_property.csv,13Tokyo/raw/municipal/13123/data.csv,西光寺所在の地蔵菩薩像庚申塔(万治三年銘),,,,,,江戸川区,13123,,,ambiguous,,,,point,representative_point,ambiguous,,,,no_explicit_designation_level
municipal_source,江戸川区,文化財一覧,131237100159,https://www.opendata.metro.tokyo.lg.jp/edogawa/131237_cultural_property.csv,13Tokyo/raw/municipal/13123/data.csv,正円寺所在の庚申塔(寛文三年銘),,,,,,江戸川区,13123,,,ambiguous,,,,point,representative_point,ambiguous,,,,no_explicit_designation_level
municipal_source,江戸川区,文化財一覧,131237100160,https://www.opendata.metro.tokyo.lg.jp/edogawa/131237_cultural_property.csv,13Tokyo/raw/municipal/13123/data.csv,源法寺所在の青面金剛像庚申塔(寛文三年銘),,,,,,江戸川区,13123,,,ambiguous,,,,point,representative_point,ambiguous,,,,no_explicit_designation_level
municipal_source,江戸川区,文化財一覧,131237100161,https://www.opendata.metro.tokyo.lg.jp/edogawa/131237_cultural_property.csv,13Tokyo/raw/municipal/13123/data.csv,法龍寺所在の青面金剛像庚申塔,,,,,,江戸川区,13123,,,ambiguous,,,,point,representative_point,ambiguous,,,,no_explicit_designation_level
municipal_source,江戸川区,文化財一覧,131237100162,https://www.opendata.metro.tokyo.lg.jp/edogawa/131237_cultural_property.csv,13Tokyo/raw/municipal/13123/data.csv,阿弥陀堂跡墓地所在の地蔵菩薩像庚申塔(寛文五年銘),,,,,,江戸川区,13123,,,ambiguous,,,,point,representative_point,ambiguous,,,,no_explicit_designation_level
municipal_source,江戸川区,文化財一覧,131237100163,https://www.opendata.metro.tokyo.lg.jp/edogawa/131237_cultural_property.csv,13Tokyo/raw/municipal/13123/data.csv,法然寺所在の青面金剛像庚申塔(寛文六年銘),,,,,,江戸川区,13123,,,ambiguous,,,,point,representative_point,ambiguous,,,,no_explicit_designation_level
municipal_source,江戸川区,文化財一覧,131237100164,https://www.opendata.metro.tokyo.lg.jp/edogawa/131237_cultural_property.csv,13Tokyo/raw/municipal/13123/data.csv,善通寺所在の阿弥陀如来像庚申塔(寛文七年銘),,,,,,江戸川区,13123,,,ambiguous,,,,point,representative_point,ambiguous,,,,no_explicit_designation_level
municipal_source,江戸川区,文化財一覧,131237100165,https://www.opendata.metro.tokyo.lg.jp/edogawa/131237_cultural_property.csv,13Tokyo/raw/municipal/13123/data.csv,誠心寺所在の庚申塔(寛文八年銘),,,,,,江戸川区,13123,,,ambiguous,,,,point,representative_point,ambiguous,,,,no_explicit_designation_level
municipal_source,江戸川区,文化財一覧,131237100166,https://www.opendata.metro.tokyo.lg.jp/edogawa/131237_cultural_property.csv,13Tokyo/raw/municipal/13123/data.csv,自性院所在の観音菩薩像庚申塔(寛文八年銘),,,,,,江戸川区,13123,,,ambiguous,,,,point,representative_point,ambiguous,,,,no_explicit_designation_level
municipal_source,江戸川区,文化財一覧,131237100167,https://www.opendata.metro.tokyo.lg.jp/edogawa/131237_cultural_property.csv,13Tokyo/raw/municipal/13123/data.csv,寳林寺所在の地蔵菩薩像庚申塔(寛文十年銘),,,,,,江戸川区,13123,,,ambiguous,,,,point,representative_point,ambiguous,,,,no_explicit_designation_level
municipal_source,江戸川区,文化財一覧,131237100168,https://www.opendata.metro.tokyo.lg.jp/edogawa/131237_cultural_property.csv,13Tokyo/raw/municipal/13123/data.csv,誠心寺所在の庚申塔(寛文十三年銘),,,,,,江戸川区,13123,,,ambiguous,,,,point,representative_point,ambiguous,,,,no_explicit_designation_level
municipal_source,江戸川区,文化財一覧,131237100169,https://www.opendata.metro.tokyo.lg.jp/edogawa/131237_cultural_property.csv,13Tokyo/raw/municipal/13123/data.csv,平井の富士塚 附・板絵着色富士講奉納図額一面,,,,,,江戸川区,13123,,,ambiguous,,,,point,representative_point,ambiguous,,,,no_explicit_designation_level
municipal_source,江戸川区,文化財一覧,131237100170,https://www.opendata.metro.tokyo.lg.jp/edogawa/131237_cultural_property.csv,13Tokyo/raw/municipal/13123/data.csv,鹿骨南前講中の題目講,,,,,,江戸川区,13123,,,ambiguous,,,,point,representative_point,ambiguous,,,,no_explicit_designation_level
municipal_source,江戸川区,文化財一覧,131237100171,https://www.opendata.metro.tokyo.lg.jp/edogawa/131237_cultural_property.csv,13Tokyo/raw/municipal/13123/data.csv,鹿骨南後講中の題目講,,,,,,江戸川区,13123,,,ambiguous,,,,point,representative_point,ambiguous,,,,no_explicit_designation_level
municipal_source,江戸川区,文化財一覧,131237100172,https://www.opendata.metro.tokyo.lg.jp/edogawa/131237_cultural_property.csv,13Tokyo/raw/municipal/13123/data.csv,紙本着色両界曼荼羅図 附・文政二年三月記造立木札一枚,,,,,,江戸川区,13123,,,ambiguous,,,,point,representative_point,ambiguous,,,,no_explicit_designation_level
municipal_source,江戸川区,文化財一覧,131237100173,https://www.opendata.metro.tokyo.lg.jp/edogawa/131237_cultural_property.csv,13Tokyo/raw/municipal/13123/data.csv,笹だんご行事,,,,,,江戸川区,13123,,,ambiguous,,,,point,representative_point,ambiguous,,,,no_explicit_designation_level
municipal_source,江戸川区,文化財一覧,131237100174,https://www.opendata.metro.tokyo.lg.jp/edogawa/131237_cultural_property.csv,13Tokyo/raw/municipal/13123/data.csv,葛西大師まいり(長島・桑川地区),,,,,,江戸川区,13123,,,ambiguous,,,,point,representative_point,ambiguous,,,,no_explicit_designation_level
municipal_source,江戸川区,文化財一覧,131237100175,https://www.opendata.metro.tokyo.lg.jp/edogawa/131237_cultural_property.csv,13Tokyo/raw/municipal/13123/data.csv,葛西大師まいり(船堀・宇喜田・小島組地区),,,,,,江戸川区,13123,,,ambiguous,,,,point,representative_point,ambiguous,,,,no_explicit_designation_level
municipal_source,江戸川区,文化財一覧,131237100176,https://www.opendata.metro.tokyo.lg.jp/edogawa/131237_cultural_property.csv,13Tokyo/raw/municipal/13123/data.csv,平井の渡し跡,,,,,,江戸川区,13123,,,ambiguous,,,,point,representative_point,ambiguous,,,,no_explicit_designation_level
municipal_source,江戸川区,文化財一覧,131237100177,https://www.opendata.metro.tokyo.lg.jp/edogawa/131237_cultural_property.csv,13Tokyo/raw/municipal/13123/data.csv,大塚宗蔵の墓,,,,,,江戸川区,13123,,,ambiguous,,,,point,representative_point,ambiguous,,,,no_explicit_designation_level
municipal_source,江戸川区,文化財一覧,131237100178,https://www.opendata.metro.tokyo.lg.jp/edogawa/131237_cultural_property.csv,13Tokyo/raw/municipal/13123/data.csv,仲割天祖神社の棟札,,,,,,江戸川区,13123,,,ambiguous,,,,point,representative_point,ambiguous,,,,no_explicit_designation_level
municipal_source,江戸川区,文化財一覧,131237100179,https://www.opendata.metro.tokyo.lg.jp/edogawa/131237_cultural_property.csv,13Tokyo/raw/municipal/13123/data.csv,宣要寺の柴又帝釈天石造道標,,,,,,江戸川区,13123,,,ambiguous,,,,point,representative_point,ambiguous,,,,no_explicit_designation_level
municipal_source,江戸川区,文化財一覧,131237100180,https://www.opendata.metro.tokyo.lg.jp/edogawa/131237_cultural_property.csv,13Tokyo/raw/municipal/13123/data.csv,真蔵院所在の青面金剛立像庚申塔(元禄十一年銘),,,,,,江戸川区,13123,,,ambiguous,,,,point,representative_point,ambiguous,,,,no_explicit_designation_level
municipal_source,江戸川区,文化財一覧,131237100181,https://www.opendata.metro.tokyo.lg.jp/edogawa/131237_cultural_property.csv,13Tokyo/raw/municipal/13123/data.csv,東福院所在の青面金剛庚申塔,,,,,,江戸川区,13123,,,ambiguous,,,,point,representative_point,ambiguous,,,,no_explicit_designation_level
municipal_source,江戸川区,文化財一覧,131237100182,https://www.opendata.metro.tokyo.lg.jp/edogawa/131237_cultural_property.csv,13Tokyo/raw/municipal/13123/data.csv,小松川神社所在の青面金剛立像庚申塔,,,,,,江戸川区,13123,,,ambiguous,,,,point,representative_point,ambiguous,,,,no_explicit_designation_level
municipal_source,江戸川区,文化財一覧,131237100183,https://www.opendata.metro.tokyo.lg.jp/edogawa/131237_cultural_property.csv,13Tokyo/raw/municipal/13123/data.csv,仲台院,,,,,,江戸川区,13123,,,ambiguous,,,,point,representative_point,ambiguous,,,,no_explicit_designation_level
municipal_source,江戸川区,文化財一覧,131237100184,https://www.opendata.metro.tokyo.lg.jp/edogawa/131237_cultural_property.csv,13Tokyo/raw/municipal/13123/data.csv,小岩用水跡,,,,,,江戸川区,13123,,,ambiguous,,,,point,representative_point,ambiguous,,,,no_explicit_designation_level
municipal_source,江戸川区,文化財一覧,131237100185,https://www.opendata.metro.tokyo.lg.jp/edogawa/131237_cultural_property.csv,13Tokyo/raw/municipal/13123/data.csv,東井堀跡,,,,,,江戸川区,13123,,,ambiguous,,,,point,representative_point,ambiguous,,,,no_explicit_designation_level
municipal_source,江戸川区,文化財一覧,131237100186,https://www.opendata.metro.tokyo.lg.jp/edogawa/131237_cultural_property.csv,13Tokyo/raw/municipal/13123/data.csv,中井堀跡,,,,,,江戸川区,13123,,,ambiguous,,,,point,representative_point,ambiguous,,,,no_explicit_designation_level
municipal_source,江戸川区,文化財一覧,131237100187,https://www.opendata.metro.tokyo.lg.jp/edogawa/131237_cultural_property.csv,13Tokyo/raw/municipal/13123/data.csv,西井堀跡,,,,,,江戸川区,13123,,,ambiguous,,,,point,representative_point,ambiguous,,,,no_explicit_designation_level
municipal_source,江戸川区,文化財一覧,131237100188,https://www.opendata.metro.tokyo.lg.jp/edogawa/131237_cultural_property.csv,13Tokyo/raw/municipal/13123/data.csv,松本弁天臥竜の松,,,,,,江戸川区,13123,,,ambiguous,,,,point,representative_point,ambiguous,,,,no_explicit_designation_level
municipal_source,江戸川区,文化財一覧,131237100189,https://www.opendata.metro.tokyo.lg.jp/edogawa/131237_cultural_property.csv,13Tokyo/raw/municipal/13123/data.csv,下今井の行徳道石造道標,,,,,,江戸川区,13123,,,ambiguous,,,,point,representative_point,ambiguous,,,,no_explicit_designation_level
municipal_source,江戸川区,文化財一覧,131237100190,https://www.opendata.metro.tokyo.lg.jp/edogawa/131237_cultural_property.csv,13Tokyo/raw/municipal/13123/data.csv,一之江の河原道石造道標,,,,,,江戸川区,13123,,,ambiguous,,,,point,representative_point,ambiguous,,,,no_explicit_designation_level
municipal_source,江戸川区,文化財一覧,131237100191,https://www.opendata.metro.tokyo.lg.jp/edogawa/131237_cultural_property.csv,13Tokyo/raw/municipal/13123/data.csv,村田栄章頌徳碑,,,,,,江戸川区,13123,,,ambiguous,,,,point,representative_point,ambiguous,,,,no_explicit_designation_level
municipal_source,江戸川区,文化財一覧,131237100192,https://www.opendata.metro.tokyo.lg.jp/edogawa/131237_cultural_property.csv,13Tokyo/raw/municipal/13123/data.csv,大岡勇喜頌徳碑,,,,,,江戸川区,13123,,,ambiguous,,,,point,representative_point,ambiguous,,,,no_explicit_designation_level
municipal_source,江戸川区,文化財一覧,131237100193,https://www.opendata.metro.tokyo.lg.jp/edogawa/131237_cultural_property.csv,13Tokyo/raw/municipal/13123/data.csv,澤地東淵墓誌銘,,,,,,江戸川区,13123,,,ambiguous,,,,point,representative_point,ambiguous,,,,no_explicit_designation_level
municipal_source,江戸川区,文化財一覧,131237100194,https://www.opendata.metro.tokyo.lg.jp/edogawa/131237_cultural_property.csv,13Tokyo/raw/municipal/13123/data.csv,市川松老墓誌銘,,,,,,江戸川区,13123,,,ambiguous,,,,point,representative_point,ambiguous,,,,no_explicit_designation_level
municipal_source,江戸川区,文化財一覧,131237100195,https://www.opendata.metro.tokyo.lg.jp/edogawa/131237_cultural_property.csv,13Tokyo/raw/municipal/13123/data.csv,力誉上人筆子塚,,,,,,江戸川区,13123,,,ambiguous,,,,point,representative_point,ambiguous,,,,no_explicit_designation_level
municipal_source,江戸川区,文化財一覧,131237100196,https://www.opendata.metro.tokyo.lg.jp/edogawa/131237_cultural_property.csv,13Tokyo/raw/municipal/13123/data.csv,順定和尚筆子塚,,,,,,江戸川区,13123,,,ambiguous,,,,point,representative_point,ambiguous,,,,no_explicit_designation_level
municipal_source,江戸川区,文化財一覧,131237100197,https://www.opendata.metro.tokyo.lg.jp/edogawa/131237_cultural_property.csv,13Tokyo/raw/municipal/13123/data.csv,声誉上人・随誉上人筆子塚,,,,,,江戸川区,13123,,,ambiguous,,,,point,representative_point,ambiguous,,,,no_explicit_designation_level
municipal_source,江戸川区,文化財一覧,131237100198,https://www.opendata.metro.tokyo.lg.jp/edogawa/131237_cultural_property.csv,13Tokyo/raw/municipal/13123/data.csv,法印中岳筆子塚,,,,,,江戸川区,13123,,,ambiguous,,,,point,representative_point,ambiguous,,,,no_explicit_designation_level
municipal_source,江戸川区,文化財一覧,131237100199,https://www.opendata.metro.tokyo.lg.jp/edogawa/131237_cultural_property.csv,13Tokyo/raw/municipal/13123/data.csv,法印政寛筆子塚,,,,,,江戸川区,13123,,,ambiguous,,,,point,representative_point,ambiguous,,,,no_explicit_designation_level
municipal_source,江戸川区,文化財一覧,131237100200,https://www.opendata.metro.tokyo.lg.jp/edogawa/131237_cultural_property.csv,13Tokyo/raw/municipal/13123/data.csv,法印範盛筆子塚,,,,,,江戸川区,13123,,,ambiguous,,,,point,representative_point,ambiguous,,,,no_explicit_designation_level
municipal_source,江戸川区,文化財一覧,131237100201,https://www.opendata.metro.tokyo.lg.jp/edogawa/131237_cultural_property.csv,13Tokyo/raw/municipal/13123/data.csv,真田周作筆子塚,,,,,,江戸川区,13123,,,ambiguous,,,,point,representative_point,ambiguous,,,,no_explicit_designation_level
municipal_source,江戸川区,文化財一覧,131237100202,https://www.opendata.metro.tokyo.lg.jp/edogawa/131237_cultural_property.csv,13Tokyo/raw/municipal/13123/data.csv,旧葛西学校跡,,,,,,江戸川区,13123,,,ambiguous,,,,point,representative_point,ambiguous,,,,no_explicit_designation_level
municipal_source,江戸川区,文化財一覧,131237100203,https://www.opendata.metro.tokyo.lg.jp/edogawa/131237_cultural_property.csv,13Tokyo/raw/municipal/13123/data.csv,明物小学校旧跡,,,,,,江戸川区,13123,,,ambiguous,,,,point,representative_point,ambiguous,,,,no_explicit_designation_level
municipal_source,江戸川区,文化財一覧,131237100204,https://www.opendata.metro.tokyo.lg.jp/edogawa/131237_cultural_property.csv,13Tokyo/raw/municipal/13123/data.csv,戒誉上人筆子塚,,,,,,江戸川区,13123,,,ambiguous,,,,point,representative_point,ambiguous,,,,no_explicit_designation_level
municipal_source,江戸川区,文化財一覧,131237100205,https://www.opendata.metro.tokyo.lg.jp/edogawa/131237_cultural_property.csv,13Tokyo/raw/municipal/13123/data.csv,安養寺の富士塚,,,,,,江戸川区,13123,,,ambiguous,,,,point,representative_point,ambiguous,,,,no_explicit_designation_level
municipal_source,江戸川区,文化財一覧,131237100206,https://www.opendata.metro.tokyo.lg.jp/edogawa/131237_cultural_property.csv,13Tokyo/raw/municipal/13123/data.csv,立羽不角の墓,,,,,,江戸川区,13123,,,ambiguous,,,,point,representative_point,ambiguous,,,,no_explicit_designation_level
municipal_source,江戸川区,文化財一覧,131237100207,https://www.opendata.metro.tokyo.lg.jp/edogawa/131237_cultural_property.csv,13Tokyo/raw/municipal/13123/data.csv,絹本着色山越阿弥陀図,,,,,,江戸川区,13123,,,ambiguous,,,,point,representative_point,ambiguous,,,,no_explicit_designation_level
municipal_source,江戸川区,文化財一覧,131237100208,https://www.opendata.metro.tokyo.lg.jp/edogawa/131237_cultural_property.csv,13Tokyo/raw/municipal/13123/data.csv,賢性院日是大徳筆子塚,,,,,,江戸川区,13123,,,ambiguous,,,,point,representative_point,ambiguous,,,,no_explicit_designation_level
municipal_source,江戸川区,文化財一覧,131237100209,https://www.opendata.metro.tokyo.lg.jp/edogawa/131237_cultural_property.csv,13Tokyo/raw/municipal/13123/data.csv,石造地蔵菩薩立像念仏供養塔,,,,,,江戸川区,13123,,,ambiguous,,,,point,representative_point,ambiguous,,,,no_explicit_designation_level
municipal_source,江戸川区,文化財一覧,131237100210,https://www.opendata.metro.tokyo.lg.jp/edogawa/131237_cultural_property.csv,13Tokyo/raw/municipal/13123/data.csv,石造地蔵菩薩立像庚申供養塔,,,,,,江戸川区,13123,,,ambiguous,,,,point,representative_point,ambiguous,,,,no_explicit_designation_level
municipal_source,江戸川区,文化財一覧,131237100211,https://www.opendata.metro.tokyo.lg.jp/edogawa/131237_cultural_property.csv,13Tokyo/raw/municipal/13123/data.csv,篠崎本郷の獅子もみ行事,,,,,,江戸川区,13123,,,ambiguous,,,,point,representative_point,ambiguous,,,,no_explicit_designation_level
municipal_source,江戸川区,文化財一覧,131237100212,https://www.opendata.metro.tokyo.lg.jp/edogawa/131237_cultural_property.csv,13Tokyo/raw/municipal/13123/data.csv,西之庭の念仏講,,,,,,江戸川区,13123,,,ambiguous,,,,point,representative_point,ambiguous,,,,no_explicit_designation_level
municipal_source,江戸川区,文化財一覧,131237100213,https://www.opendata.metro.tokyo.lg.jp/edogawa/131237_cultural_property.csv,13Tokyo/raw/municipal/13123/data.csv,福森久助の墓,,,,,,江戸川区,13123,,,ambiguous,,,,point,representative_point,ambiguous,,,,no_explicit_designation_level
municipal_source,江戸川区,文化財一覧,131237100214,https://www.opendata.metro.tokyo.lg.jp/edogawa/131237_cultural_property.csv,13Tokyo/raw/municipal/13123/data.csv,半富(半七)稲荷講,,,,,,江戸川区,13123,,,ambiguous,,,,point,representative_point,ambiguous,,,,no_explicit_designation_level
municipal_source,江戸川区,文化財一覧,131237100215,https://www.opendata.metro.tokyo.lg.jp/edogawa/131237_cultural_property.csv,13Tokyo/raw/municipal/13123/data.csv,田口初右衛門筆子塚,,,,,,江戸川区,13123,,,ambiguous,,,,point,representative_point,ambiguous,,,,no_explicit_designation_level
municipal_source,江戸川区,文化財一覧,131237100216,https://www.opendata.metro.tokyo.lg.jp/edogawa/131237_cultural_property.csv,13Tokyo/raw/municipal/13123/data.csv,椿の題目講,,,,,,江戸川区,13123,,,ambiguous,,,,point,representative_point,ambiguous,,,,no_explicit_designation_level
municipal_source,江戸川区,文化財一覧,131237100217,https://www.opendata.metro.tokyo.lg.jp/edogawa/131237_cultural_property.csv,13Tokyo/raw/municipal/13123/data.csv,保町稲荷講,,,,,,江戸川区,13123,,,ambiguous,,,,point,representative_point,ambiguous,,,,no_explicit_designation_level
municipal_source,江戸川区,文化財一覧,131237100218,https://www.opendata.metro.tokyo.lg.jp/edogawa/131237_cultural_property.csv,13Tokyo/raw/municipal/13123/data.csv,木造閻魔王坐像,,,,,,江戸川区,13123,,,ambiguous,,,,point,representative_point,ambiguous,,,,no_explicit_designation_level
municipal_source,江戸川区,文化財一覧,131237100219,https://www.opendata.metro.tokyo.lg.jp/edogawa/131237_cultural_property.csv,13Tokyo/raw/municipal/13123/data.csv,青柳三酉筆子塚,,,,,,江戸川区,13123,,,ambiguous,,,,point,representative_point,ambiguous,,,,no_explicit_designation_level
municipal_source,江戸川区,文化財一覧,131237100220,https://www.opendata.metro.tokyo.lg.jp/edogawa/131237_cultural_property.csv,13Tokyo/raw/municipal/13123/data.csv,下鎌田宿の念仏講,,,,,,江戸川区,13123,,,ambiguous,,,,point,representative_point,ambiguous,,,,no_explicit_designation_level
municipal_source,江戸川区,文化財一覧,131237100221,https://www.opendata.metro.tokyo.lg.jp/edogawa/131237_cultural_property.csv,13Tokyo/raw/municipal/13123/data.csv,下鎌田宮下の念仏講,,,,,,江戸川区,13123,,,ambiguous,,,,point,representative_point,ambiguous,,,,no_explicit_designation_level
municipal_source,江戸川区,文化財一覧,131237100222,https://www.opendata.metro.tokyo.lg.jp/edogawa/131237_cultural_property.csv,13Tokyo/raw/municipal/13123/data.csv,紙本着色地獄図,,,,,,江戸川区,13123,,,ambiguous,,,,point,representative_point,ambiguous,,,,no_explicit_designation_level
municipal_source,江戸川区,文化財一覧,131237100223,https://www.opendata.metro.tokyo.lg.jp/edogawa/131237_cultural_property.csv,13Tokyo/raw/municipal/13123/data.csv,法印頼尊筆子塚,,,,,,江戸川区,13123,,,ambiguous,,,,point,representative_point,ambiguous,,,,no_explicit_designation_level
municipal_source,江戸川区,文化財一覧,131237100224,https://www.opendata.metro.tokyo.lg.jp/edogawa/131237_cultural_property.csv,13Tokyo/raw/municipal/13123/data.csv,葛西大師まいり(新田地区),,,,,,江戸川区,13123,,,ambiguous,,,,point,representative_point,ambiguous,,,,no_explicit_designation_level
municipal_source,江戸川区,文化財一覧,131237100225,https://www.opendata.metro.tokyo.lg.jp/edogawa/131237_cultural_property.csv,13Tokyo/raw/municipal/13123/data.csv,要法寺所在の筆子塚,,,,,,江戸川区,13123,,,ambiguous,,,,point,representative_point,ambiguous,,,,no_explicit_designation_level
municipal_source,江戸川区,文化財一覧,131237100226,https://www.opendata.metro.tokyo.lg.jp/edogawa/131237_cultural_property.csv,13Tokyo/raw/municipal/13123/data.csv,墨香堂筆子塚,,,,,,江戸川区,13123,,,ambiguous,,,,point,representative_point,ambiguous,,,,no_explicit_designation_level
municipal_source,江戸川区,文化財一覧,131237100227,https://www.opendata.metro.tokyo.lg.jp/edogawa/131237_cultural_property.csv,13Tokyo/raw/municipal/13123/data.csv,小岩田三谷の念仏講,,,,,,江戸川区,13123,,,ambiguous,,,,point,representative_point,ambiguous,,,,no_explicit_designation_level
municipal_source,江戸川区,文化財一覧,131237100228,https://www.opendata.metro.tokyo.lg.jp/edogawa/131237_cultural_property.csv,13Tokyo/raw/municipal/13123/data.csv,鹿島神社のマタギ建て行事,,,,,,江戸川区,13123,,,ambiguous,,,,point,representative_point,ambiguous,,,,no_explicit_designation_level
municipal_source,江戸川区,文化財一覧,131237100229,https://www.opendata.metro.tokyo.lg.jp/edogawa/131237_cultural_property.csv,13Tokyo/raw/municipal/13123/data.csv,仲町大六天の念仏講,,,,,,江戸川区,13123,,,ambiguous,,,,point,representative_point,ambiguous,,,,no_explicit_designation_level
municipal_source,江戸川区,文化財一覧,131237100230,https://www.opendata.metro.tokyo.lg.jp/edogawa/131237_cultural_property.csv,13Tokyo/raw/municipal/13123/data.csv,浄譽上人筆子塚 付、伝浄譽上人墓基壇,,,,,,江戸川区,13123,,,ambiguous,,,,point,representative_point,ambiguous,,,,no_explicit_designation_level
municipal_source,江戸川区,文化財一覧,131237100231,https://www.opendata.metro.tokyo.lg.jp/edogawa/131237_cultural_property.csv,13Tokyo/raw/municipal/13123/data.csv,昌譽上人筆子塚,,,,,,江戸川区,13123,,,ambiguous,,,,point,representative_point,ambiguous,,,,no_explicit_designation_level
municipal_source,江戸川区,文化財一覧,131237100232,https://www.opendata.metro.tokyo.lg.jp/edogawa/131237_cultural_property.csv,13Tokyo/raw/municipal/13123/data.csv,法印中阿筆子塚,,,,,,江戸川区,13123,,,ambiguous,,,,point,representative_point,ambiguous,,,,no_explicit_designation_level
municipal_source,江戸川区,文化財一覧,131237100233,https://www.opendata.metro.tokyo.lg.jp/edogawa/131237_cultural_property.csv,13Tokyo/raw/municipal/13123/data.csv,松井市五郎筆子塚,,,,,,江戸川区,13123,,,ambiguous,,,,point,representative_point,ambiguous,,,,no_explicit_designation_level
municipal_source,江戸川区,文化財一覧,131237100234,https://www.opendata.metro.tokyo.lg.jp/edogawa/131237_cultural_property.csv,13Tokyo/raw/municipal/13123/data.csv,東小松川渡し場の水神講,,,,,,江戸川区,13123,,,ambiguous,,,,point,representative_point,ambiguous,,,,no_explicit_designation_level
municipal_source,江戸川区,文化財一覧,131237100235,https://www.opendata.metro.tokyo.lg.jp/edogawa/131237_cultural_property.csv,13Tokyo/raw/municipal/13123/data.csv,東小松川大江川の水神講,,,,,,江戸川区,13123,,,ambiguous,,,,point,representative_point,ambiguous,,,,no_explicit_designation_level
municipal_source,江戸川区,文化財一覧,131237100236,https://www.opendata.metro.tokyo.lg.jp/edogawa/131237_cultural_property.csv,13Tokyo/raw/municipal/13123/data.csv,東小松川入の庭の水神講,,,,,,江戸川区,13123,,,ambiguous,,,,point,representative_point,ambiguous,,,,no_explicit_designation_level
municipal_source,江戸川区,文化財一覧,131237100237,https://www.opendata.metro.tokyo.lg.jp/edogawa/131237_cultural_property.csv,13Tokyo/raw/municipal/13123/data.csv,絹本著色鶴図,,,,,,江戸川区,13123,,,ambiguous,,,,point,representative_point,ambiguous,,,,no_explicit_designation_level
municipal_source,江戸川区,文化財一覧,131237100238,https://www.opendata.metro.tokyo.lg.jp/edogawa/131237_cultural_property.csv,13Tokyo/raw/municipal/13123/data.csv,稲荷神社所在の力石群,,,,,,江戸川区,13123,,,ambiguous,,,,point,representative_point,ambiguous,,,,no_explicit_designation_level
municipal_source,江戸川区,文化財一覧,131237100239,https://www.opendata.metro.tokyo.lg.jp/edogawa/131237_cultural_property.csv,13Tokyo/raw/municipal/13123/data.csv,日枝神社所在の力石群,,,,,,江戸川区,13123,,,ambiguous,,,,point,representative_point,ambiguous,,,,no_explicit_designation_level
municipal_source,江戸川区,文化財一覧,131237100240,https://www.opendata.metro.tokyo.lg.jp/edogawa/131237_cultural_property.csv,13Tokyo/raw/municipal/13123/data.csv,紙本着色十王図,,,,,,江戸川区,13123,,,ambiguous,,,,point,representative_point,ambiguous,,,,no_explicit_designation_level
municipal_source,江戸川区,文化財一覧,131237100241,https://www.opendata.metro.tokyo.lg.jp/edogawa/131237_cultural_property.csv,13Tokyo/raw/municipal/13123/data.csv,宇喜田十軒の地蔵講,,,,,,江戸川区,13123,,,ambiguous,,,,point,representative_point,ambiguous,,,,no_explicit_designation_level
municipal_source,江戸川区,文化財一覧,131237100242,https://www.opendata.metro.tokyo.lg.jp/edogawa/131237_cultural_property.csv,13Tokyo/raw/municipal/13123/data.csv,葛西大師まいり(仲町地区),,,,,,江戸川区,13123,,,ambiguous,,,,point,representative_point,ambiguous,,,,no_explicit_designation_level
municipal_source,江戸川区,文化財一覧,131237100243,https://www.opendata.metro.tokyo.lg.jp/edogawa/131237_cultural_property.csv,13Tokyo/raw/municipal/13123/data.csv,一之江名主屋敷,,,,,,江戸川区,13123,,,ambiguous,,,,point,representative_point,ambiguous,,,,no_explicit_designation_level
municipal_source,小金井市,文化財一覧,132101000000.0,https://www.opendata.metro.tokyo.lg.jp/koganei/02_bunkazai.csv,13Tokyo/raw/municipal/13210/data.csv,小金井(サクラ),,,,東京都,,小金井市,13210,名勝,名勝,ambiguous,9110.0,35.728433,139.477522,point,representative_point,ambiguous,名勝,花樹,,no_explicit_designation_level
municipal_source,小金井市,文化財一覧,132101000000.0,https://www.opendata.metro.tokyo.lg.jp/koganei/02_bunkazai.csv,13Tokyo/raw/municipal/13210/data.csv,江戸の糸あやつり人形,,,,結城座,,小金井市,13210,記録選択,民俗芸能,ambiguous,34922.0,35.709903,139.495901,point,representative_point,ambiguous,記録選択,民俗芸能,,no_explicit_designation_level
municipal_source,小金井市,文化財一覧,132101000000.0,https://www.opendata.metro.tokyo.lg.jp/koganei/02_bunkazai.csv,13Tokyo/raw/municipal/13210/data.csv,玉川上水,,,,東京都,,小金井市,13210,史跡,史跡,ambiguous,37860.0,35.767138,139.311016,point,representative_point,ambiguous,史跡,土木遺構,,no_explicit_designation_level
municipal_source,小金井市,文化財一覧,132101000000.0,https://www.opendata.metro.tokyo.lg.jp/koganei/02_bunkazai.csv,13Tokyo/raw/municipal/13210/data.csv,金井原古戦場,,,,,,小金井市,13210,旧跡,古戦場,ambiguous,13213.0,35.690666,139.509705,point,representative_point,ambiguous,旧跡,古戦場,,no_explicit_designation_level
municipal_source,小金井市,文化財一覧,132101000000.0,https://www.opendata.metro.tokyo.lg.jp/koganei/02_bunkazai.csv,13Tokyo/raw/municipal/13210/data.csv,江戸の糸あやつり人形,,,,結城座,,小金井市,13210,無形文化財,芸能,ambiguous,20517.0,35.709903,139.495901,point,representative_point,ambiguous,無形文化財,芸能,,no_explicit_designation_level
municipal_source,小金井市,文化財一覧,132101000000.0,https://www.opendata.metro.tokyo.lg.jp/koganei/02_bunkazai.csv,13Tokyo/raw/municipal/13210/data.csv,旧自証院霊屋,,,,東京都,,小金井市,13210,有形文化財,建造物,ambiguous,21959.0,35.715833,139.512616,building_direct,building_candidate_point,ambiguous,有形文化財,建造物,,no_explicit_designation_level
municipal_source,小金井市,文化財一覧,132101000000.0,https://www.opendata.metro.tokyo.lg.jp/koganei/02_bunkazai.csv,13Tokyo/raw/municipal/13210/data.csv,茂呂遺跡出土石器,,,,東京都,,小金井市,13210,有形文化財,考古資料,ambiguous,36222.0,35.715833,139.512616,movable,representative_point,ambiguous,有形文化財,考古資料,,no_explicit_designation_level
municipal_source,小金井市,文化財一覧,132101000000.0,https://www.opendata.metro.tokyo.lg.jp/koganei/02_bunkazai.csv,13Tokyo/raw/municipal/13210/data.csv,旧前川家住宅主屋,,,,東京都,,小金井市,13210,有形文化財,建造物,ambiguous,42079.0,35.715833,139.512616,building_direct,building_candidate_point,ambiguous,有形文化財,建造物,,no_explicit_designation_level
municipal_source,小金井市,文化財一覧,132101000000.0,https://www.opendata.metro.tokyo.lg.jp/koganei/02_bunkazai.csv,13Tokyo/raw/municipal/13210/data.csv,旧小出邸,,,,東京都,,小金井市,13210,有形文化財,建造物,ambiguous,43553.0,35.715833,139.512616,building_direct,building_candidate_point,ambiguous,有形文化財,建造物,,no_explicit_designation_level
municipal_source,小金井市,文化財一覧,132101000000.0,https://www.opendata.metro.tokyo.lg.jp/koganei/02_bunkazai.csv,13Tokyo/raw/municipal/13210/data.csv,旧三井家本邸,,,,東京都,,小金井市,13210,有形文化財,建造物,ambiguous,43553.0,35.715833,139.512616,building_direct,building_candidate_point,ambiguous,有形文化財,建造物,,no_explicit_designation_level
municipal_source,小金井市,文化財一覧,132101000000.0,https://www.opendata.metro.tokyo.lg.jp/koganei/02_bunkazai.csv,13Tokyo/raw/municipal/13210/data.csv,応永廿九年銘薬師如来立像,,,,長昌寺,,小金井市,13210,有形文化財,美術工芸品,ambiguous,26708.0,35.705434,139.528167,movable,representative_point,ambiguous,有形文化財,彫刻,,no_explicit_designation_level
municipal_source,小金井市,文化財一覧,132101000000.0,https://www.opendata.metro.tokyo.lg.jp/koganei/02_bunkazai.csv,13Tokyo/raw/municipal/13210/data.csv,渡辺家墓地月待板碑(附1基),,,,貫井共同墓地管理委員会,,小金井市,13210,有形民俗文化財,信仰,ambiguous,26708.0,35.696283,139.509696,point,representative_point,ambiguous,有形民俗文化財,信仰,,no_explicit_designation_level
municipal_source,小金井市,文化財一覧,132101000000.0,https://www.opendata.metro.tokyo.lg.jp/koganei/02_bunkazai.csv,13Tokyo/raw/municipal/13210/data.csv,寛文六年庚申塔,,,,金蔵院,,小金井市,13210,有形民俗文化財,信仰,ambiguous,26708.0,35.696051,139.507642,point,representative_point,ambiguous,有形民俗文化財,信仰,,no_explicit_designation_level
municipal_source,小金井市,文化財一覧,132101000000.0,https://www.opendata.metro.tokyo.lg.jp/koganei/02_bunkazai.csv,13Tokyo/raw/municipal/13210/data.csv,寛政六年庚申塔,,,,小金井市,,小金井市,13210,有形民俗文化財,信仰,ambiguous,26708.0,35.696303,139.49152,point,representative_point,ambiguous,有形民俗文化財,信仰,,no_explicit_designation_level
municipal_source,小金井市,文化財一覧,132101000000.0,https://www.opendata.metro.tokyo.lg.jp/koganei/02_bunkazai.csv,13Tokyo/raw/municipal/13210/data.csv,梶家所蔵板碑群,,,,個人所有,,小金井市,13210,有形民俗文化財,信仰,ambiguous,26708.0,35.698138,139.501427,point,representative_point,ambiguous,有形民俗文化財,信仰,,no_explicit_designation_level
municipal_source,小金井市,文化財一覧,132101000000.0,https://www.opendata.metro.tokyo.lg.jp/koganei/02_bunkazai.csv,13Tokyo/raw/municipal/13210/data.csv,梶家所蔵宝篋印塔,,,,個人所有,,小金井市,13210,有形民俗文化財,信仰,ambiguous,26708.0,35.698138,139.501427,point,representative_point,ambiguous,有形民俗文化財,信仰,,no_explicit_designation_level
municipal_source,小金井市,文化財一覧,132101000000.0,https://www.opendata.metro.tokyo.lg.jp/koganei/02_bunkazai.csv,13Tokyo/raw/municipal/13210/data.csv,川崎平右衛門供養塔,,,,真蔵院,,小金井市,13210,有形民俗文化財,信仰,ambiguous,26985.0,35.71384,139.517477,point,representative_point,ambiguous,有形民俗文化財,信仰,,no_explicit_designation_level
municipal_source,小金井市,文化財一覧,132101000000.0,https://www.opendata.metro.tokyo.lg.jp/koganei/02_bunkazai.csv,13Tokyo/raw/municipal/13210/data.csv,大久保家のカキノキ,,,,個人所有,,小金井市,13210,天然記念物,天然記念物,ambiguous,27087.0,35.704419,139.512884,point,representative_point,ambiguous,天然記念物,植物,,no_explicit_designation_level
municipal_source,小金井市,文化財一覧,132101000000.0,https://www.opendata.metro.tokyo.lg.jp/koganei/02_bunkazai.csv,13Tokyo/raw/municipal/13210/data.csv,浴恩館公園のツツジ群,,,,小金井市,,小金井市,13210,天然記念物,天然記念物,ambiguous,27087.0,35.710102,139.517008,point,representative_point,ambiguous,天然記念物,植物,,no_explicit_designation_level
municipal_source,小金井市,文化財一覧,132101000000.0,https://www.opendata.metro.tokyo.lg.jp/koganei/02_bunkazai.csv,13Tokyo/raw/municipal/13210/data.csv,金蔵院のケヤキとムクノキ,,,,金蔵院,,小金井市,13210,天然記念物,天然記念物,ambiguous,27194.0,35.696966,139.507089,point,representative_point,ambiguous,天然記念物,植物,,no_explicit_designation_level
municipal_source,小金井市,文化財一覧,132101000000.0,https://www.opendata.metro.tokyo.lg.jp/koganei/02_bunkazai.csv,13Tokyo/raw/municipal/13210/data.csv,閻魔堂木造閻魔王坐像,,,,共同管理,,小金井市,13210,有形文化財,美術工芸品,ambiguous,28273.0,35.69675,139.49494,movable,representative_point,ambiguous,有形文化財,彫刻,,no_explicit_designation_level
municipal_source,小金井市,文化財一覧,132101000000.0,https://www.opendata.metro.tokyo.lg.jp/koganei/02_bunkazai.csv,13Tokyo/raw/municipal/13210/data.csv,貫井囃子,,,,貫井囃子保存会,,小金井市,13210,無形民俗文化財,民俗芸能,ambiguous,28560.0,35.694837,139.493319,point,representative_point,ambiguous,無形民俗文化財,民俗芸能,,no_explicit_designation_level
municipal_source,小金井市,文化財一覧,132101000000.0,https://www.opendata.metro.tokyo.lg.jp/koganei/02_bunkazai.csv,13Tokyo/raw/municipal/13210/data.csv,野謡,,,,小金井郷土芸能保存会,,小金井市,13210,無形民俗文化財,民俗芸能,ambiguous,28560.0,35.710732,139.520081,point,representative_point,ambiguous,無形民俗文化財,民俗芸能,,no_explicit_designation_level
municipal_source,小金井市,文化財一覧,132101000000.0,https://www.opendata.metro.tokyo.lg.jp/koganei/02_bunkazai.csv,13Tokyo/raw/municipal/13210/data.csv,空林荘,,,,小金井市,,小金井市,13210,史跡,史跡,ambiguous,29393.0,35.710102,139.517008,point,representative_point,ambiguous,史跡,その他,,no_explicit_designation_level
municipal_source,小金井市,文化財一覧,132101000000.0,https://www.opendata.metro.tokyo.lg.jp/koganei/02_bunkazai.csv,13Tokyo/raw/municipal/13210/data.csv,旧浴恩館(青年団講習所跡),,,,小金井市,,小金井市,13210,史跡,史跡,ambiguous,32219.0,35.710102,139.517008,point,representative_point,ambiguous,史跡,その他,,no_explicit_designation_level
municipal_source,小金井市,文化財一覧,132101000000.0,https://www.opendata.metro.tokyo.lg.jp/koganei/02_bunkazai.csv,13Tokyo/raw/municipal/13210/data.csv,小金井囃子,,,,小金井囃子保存会,,小金井市,13210,無形民俗文化財,民俗芸能,ambiguous,37572.0,35.69628,139.520943,point,representative_point,ambiguous,無形民俗文化財,民俗芸能,,no_explicit_designation_level
municipal_source,小金井市,文化財一覧,132101000000.0,https://www.opendata.metro.tokyo.lg.jp/koganei/02_bunkazai.csv,13Tokyo/raw/municipal/13210/data.csv,関野町餅つき,,,,関野町餅搗保存会,,小金井市,13210,無形民俗文化財,民俗芸能,ambiguous,37572.0,35.713064,139.518779,point,representative_point,ambiguous,無形民俗文化財,民俗芸能,,no_explicit_designation_level
municipal_source,小金井市,文化財一覧,132101000000.0,https://www.opendata.metro.tokyo.lg.jp/koganei/02_bunkazai.csv,13Tokyo/raw/municipal/13210/data.csv,金井観花詩歌図巻・附小金井桜樹碑拓本,,,,小金井市,,小金井市,13210,有形文化財,歴史資料,ambiguous,39317.0,35.710102,139.517008,point,representative_point,ambiguous,有形文化財,歴史資料,,no_explicit_designation_level
municipal_source,小金井市,文化財一覧,132101000000.0,https://www.opendata.metro.tokyo.lg.jp/koganei/02_bunkazai.csv,13Tokyo/raw/municipal/13210/data.csv,中山谷遺跡10号住居址出土土器群,,,,小金井市,,小金井市,13210,有形文化財,考古資料,ambiguous,39317.0,35.710102,139.517008,movable,representative_point,ambiguous,有形文化財,考古資料,,no_explicit_designation_level
municipal_source,小金井市,文化財一覧,132101000000.0,https://www.opendata.metro.tokyo.lg.jp/koganei/02_bunkazai.csv,13Tokyo/raw/municipal/13210/data.csv,中山谷遺跡23号住居址出土土器群,,,,小金井市,,小金井市,13210,有形文化財,考古資料,ambiguous,39317.0,35.710102,139.517008,movable,representative_point,ambiguous,有形文化財,考古資料,,no_explicit_designation_level
municipal_source,小金井市,文化財一覧,132101000000.0,https://www.opendata.metro.tokyo.lg.jp/koganei/02_bunkazai.csv,13Tokyo/raw/municipal/13210/data.csv,野川中洲北遺跡出土旧石器時代石器群及び植物遺体,,,,小金井市,,小金井市,13210,有形文化財,考古資料,ambiguous,40658.0,35.710102,139.517008,movable,representative_point,ambiguous,有形文化財,考古資料,,no_explicit_designation_level
municipal_source,小金井市,文化財一覧,132101000000.0,https://www.opendata.metro.tokyo.lg.jp/koganei/02_bunkazai.csv,13Tokyo/raw/municipal/13210/data.csv,荒牧遺跡出土旧石器時代石器群,,,,小金井市,,小金井市,13210,有形文化財,考古資料,ambiguous,40658.0,35.710102,139.517008,movable,representative_point,ambiguous,有形文化財,考古資料,,no_explicit_designation_level
municipal_source,小金井市,文化財一覧,132101000000.0,https://www.opendata.metro.tokyo.lg.jp/koganei/02_bunkazai.csv,13Tokyo/raw/municipal/13210/data.csv,貫井遺跡2・3・6号住居址出土縄文時代中期土器群,,,,小金井市,,小金井市,13210,有形文化財,考古資料,ambiguous,40658.0,35.710102,139.517008,movable,representative_point,ambiguous,有形文化財,考古資料,,no_explicit_designation_level
municipal_source,小金井市,文化財一覧,132101000000.0,https://www.opendata.metro.tokyo.lg.jp/koganei/02_bunkazai.csv,13Tokyo/raw/municipal/13210/data.csv,中山谷遺跡29号住居址出土縄文時代中期土器群,,,,小金井市,,小金井市,13210,有形文化財,考古資料,ambiguous,40658.0,35.710102,139.517008,movable,representative_point,ambiguous,有形文化財,考古資料,,no_explicit_designation_level
municipal_source,小金井市,文化財一覧,132101000000.0,https://www.opendata.metro.tokyo.lg.jp/koganei/02_bunkazai.csv,13Tokyo/raw/municipal/13210/data.csv,貫井南遺跡出土縄文時代中期装身具,,,,小金井市,,小金井市,13210,有形文化財,考古資料,ambiguous,40658.0,35.710102,139.517008,movable,representative_point,ambiguous,有形文化財,考古資料,,no_explicit_designation_level
municipal_source,小金井市,文化財一覧,132101000000.0,https://www.opendata.metro.tokyo.lg.jp/koganei/02_bunkazai.csv,13Tokyo/raw/municipal/13210/data.csv,前原町3丁目出土板碑,,,,小金井市,,小金井市,13210,有形文化財,考古資料,ambiguous,40658.0,35.710102,139.517008,movable,representative_point,ambiguous,有形文化財,考古資料,,no_explicit_designation_level
municipal_source,小金井市,文化財一覧,132101000000.0,https://www.opendata.metro.tokyo.lg.jp/koganei/02_bunkazai.csv,13Tokyo/raw/municipal/13210/data.csv,鈴木英男家文書,,,,小金井市,,小金井市,13210,有形文化財,古文書,ambiguous,40658.0,35.710102,139.517008,movable,representative_point,ambiguous,有形文化財,古文書,,no_explicit_designation_level
municipal_source,小金井市,文化財一覧,132101000000.0,https://www.opendata.metro.tokyo.lg.jp/koganei/02_bunkazai.csv,13Tokyo/raw/municipal/13210/data.csv,旧大澤家稗倉(穀櫃),,,,小金井市,,小金井市,13210,有形民俗文化財,衣食住,ambiguous,40658.0,35.710102,139.517008,point,representative_point,ambiguous,有形民俗文化財,衣食住,,no_explicit_designation_level
municipal_source,小金井市,文化財一覧,132101000000.0,https://www.opendata.metro.tokyo.lg.jp/koganei/02_bunkazai.csv,13Tokyo/raw/municipal/13210/data.csv,旧谷口家のオニイタヤ,,,,東京都,,小金井市,13210,天然記念物,天然記念物,ambiguous,41746.0,35.696768,139.508286,point,representative_point,ambiguous,天然記念物,植物,,no_explicit_designation_level
municipal_source,小金井市,文化財一覧,132101000000.0,https://www.opendata.metro.tokyo.lg.jp/koganei/02_bunkazai.csv,13Tokyo/raw/municipal/13210/data.csv,吉野家住宅,,,,東京都,,小金井市,13210,有形文化財,建造物,ambiguous,42102.0,35.715833,139.512616,building_direct,building_candidate_point,ambiguous,有形文化財,建造物,,no_explicit_designation_level
municipal_source,小金井市,文化財一覧,132101000000.0,https://www.opendata.metro.tokyo.lg.jp/koganei/02_bunkazai.csv,13Tokyo/raw/municipal/13210/data.csv,天明家住宅(附2棟),,,,東京都,,小金井市,13210,有形文化財,建造物,ambiguous,42102.0,35.715833,139.512616,building_direct,building_candidate_point,ambiguous,有形文化財,建造物,,no_explicit_designation_level
municipal_source,小金井市,文化財一覧,132101000000.0,https://www.opendata.metro.tokyo.lg.jp/koganei/02_bunkazai.csv,13Tokyo/raw/municipal/13210/data.csv,奄美の高倉,,,,東京都,,小金井市,13210,有形文化財,建造物,ambiguous,42102.0,35.715833,139.512616,building_direct,building_candidate_point,ambiguous,有形文化財,建造物,,no_explicit_designation_level
municipal_source,小金井市,文化財一覧,132101000000.0,https://www.opendata.metro.tokyo.lg.jp/koganei/02_bunkazai.csv,13Tokyo/raw/municipal/13210/data.csv,宝永五年六十六部廻国供養塔,,,,小金井市,,小金井市,13210,有形民俗文化財,信仰,ambiguous,42346.0,35.696226,139.50654,point,representative_point,ambiguous,有形民俗文化財,信仰,,no_explicit_designation_level
municipal_source,小金井市,文化財一覧,132101000000.0,https://www.opendata.metro.tokyo.lg.jp/koganei/02_bunkazai.csv,13Tokyo/raw/municipal/13210/data.csv,小金井神社本殿,,,,小金井神社,,小金井市,13210,有形文化財,建造物,ambiguous,44166.0,35.694545,139.509297,building_direct,building_candidate_point,ambiguous,有形文化財,建造物,,no_explicit_designation_level
municipal_source,小金井市,文化財一覧,132101000000.0,https://www.opendata.metro.tokyo.lg.jp/koganei/02_bunkazai.csv,13Tokyo/raw/municipal/13210/data.csv,貫井遺跡出土片口碗形土器,,,,小金井市,,小金井市,13210,有形文化財,考古資料,ambiguous,40658.0,35.710102,139.517008,movable,representative_point,ambiguous,有形文化財,考古資料,,no_explicit_designation_level
municipal_source,小金井市,文化財一覧,132101000000.0,https://www.opendata.metro.tokyo.lg.jp/koganei/02_bunkazai.csv,13Tokyo/raw/municipal/13210/data.csv,前原町3丁目出土蔵骨器,,,,小金井市,,小金井市,13210,有形文化財,考古資料,ambiguous,40658.0,35.710102,139.517008,movable,representative_point,ambiguous,有形文化財,考古資料,,no_explicit_designation_level
municipal_source,小金井市,文化財一覧,132101000000.0,https://www.opendata.metro.tokyo.lg.jp/koganei/02_bunkazai.csv,13Tokyo/raw/municipal/13210/data.csv,小金井橋碑石 附小金井橋碑文,,,,小金井市,,小金井市,13210,有形文化財,歴史資料,ambiguous,40658.0,35.710102,139.517008,point,representative_point,ambiguous,有形文化財,歴史資料,,no_explicit_designation_level
municipal_source,小金井市,文化財一覧,132101000000.0,https://www.opendata.metro.tokyo.lg.jp/koganei/02_bunkazai.csv,13Tokyo/raw/municipal/13210/data.csv,陸軍技術研究所境界石杭(附1基),,,,小金井市;個人所有,,小金井市,13210,有形文化財,歴史資料,ambiguous,,35.710102,139.517008,point,representative_point,ambiguous,有形文化財,歴史資料,,no_explicit_designation_level
municipal_source,小金井市,文化財一覧,132101000000.0,https://www.opendata.metro.tokyo.lg.jp/koganei/02_bunkazai.csv,13Tokyo/raw/municipal/13210/data.csv,下山谷念仏講用具,,,,小金井市,,小金井市,13210,有形民俗文化財,信仰,ambiguous,40658.0,35.710102,139.517008,point,representative_point,ambiguous,有形民俗文化財,信仰,,no_explicit_designation_level
municipal_source,小金井市,文化財一覧,132101000000.0,https://www.opendata.metro.tokyo.lg.jp/koganei/02_bunkazai.csv,13Tokyo/raw/municipal/13210/data.csv,貫井坂下中組講椀組合什器,,,,小金井市,,小金井市,13210,有形民俗文化財,社会生活,ambiguous,40658.0,35.710102,139.517008,point,representative_point,ambiguous,有形民俗文化財,社会生活,,no_explicit_designation_level
municipal_source,小金井市,文化財一覧,132101000000.0,https://www.opendata.metro.tokyo.lg.jp/koganei/02_bunkazai.csv,13Tokyo/raw/municipal/13210/data.csv,国産ミショー型自転車,,,,小金井市,,小金井市,13210,有形民俗文化財,交通・運輸・通信,ambiguous,40658.0,35.710102,139.517008,point,representative_point,ambiguous,有形民俗文化財,交通・運輸・通信,,no_explicit_designation_level
municipal_source,小平市,文化財一覧,132110100001,https://www.opendata.metro.tokyo.lg.jp/kodaira/132110_cultural_property.csv,13Tokyo/raw/municipal/13211/data.csv,鈴木遺跡,,,,,,小平市,13211,史跡,史跡,ambiguous,2021-3-26,,,point,representative_point,ambiguous,史跡,,,no_explicit_designation_level
municipal_source,小平市,文化財一覧,132110100002,https://www.opendata.metro.tokyo.lg.jp/kodaira/132110_cultural_property.csv,13Tokyo/raw/municipal/13211/data.csv,小金井(サクラ),,,,,,小平市,13211,名勝,名勝,ambiguous,1924-12-9,,,point,representative_point,ambiguous,名勝,,,no_explicit_designation_level
municipal_source,小平市,文化財一覧,132110100003,https://www.opendata.metro.tokyo.lg.jp/kodaira/132110_cultural_property.csv,13Tokyo/raw/municipal/13211/data.csv,玉川上水,,,,,,小平市,13211,史跡,史跡,ambiguous,2003-8-27,,,point,representative_point,ambiguous,史跡,,,no_explicit_designation_level
municipal_source,小平市,文化財一覧,132110100004,https://www.opendata.metro.tokyo.lg.jp/kodaira/132110_cultural_property.csv,13Tokyo/raw/municipal/13211/data.csv,小川家文書,,小平市中央図書館,,,,小平市,13211,有形文化財,美術工芸品,ambiguous,1964-11-1,,,movable,representative_point,ambiguous,有形文化財,美術工芸品,,no_explicit_designation_level
municipal_source,小平市,文化財一覧,132110100005,https://www.opendata.metro.tokyo.lg.jp/kodaira/132110_cultural_property.csv,13Tokyo/raw/municipal/13211/data.csv,竹内家の大ケヤキ,,,,個人,,小平市,13211,天然記念物,天然記念物,ambiguous,1987-3-31,,,point,representative_point,ambiguous,天然記念物,,,no_explicit_designation_level
municipal_source,小平市,文化財一覧,132110100006,https://www.opendata.metro.tokyo.lg.jp/kodaira/132110_cultural_property.csv,13Tokyo/raw/municipal/13211/data.csv,小川村開拓碑,,神明宮,,,,小平市,13211,有形文化財,美術工芸品,ambiguous,1988-3-31,,,movable,representative_point,ambiguous,有形文化財,美術工芸品,,no_explicit_designation_level
municipal_source,小平市,文化財一覧,132110100007,https://www.opendata.metro.tokyo.lg.jp/kodaira/132110_cultural_property.csv,13Tokyo/raw/municipal/13211/data.csv,小川寺梵鐘,,小川寺,,,,小平市,13211,有形文化財,美術工芸品,ambiguous,1987-3-31,,,movable,representative_point,ambiguous,有形文化財,美術工芸品,,no_explicit_designation_level
municipal_source,小平市,文化財一覧,132110100008,https://www.opendata.metro.tokyo.lg.jp/kodaira/132110_cultural_property.csv,13Tokyo/raw/municipal/13211/data.csv,小川九郎兵衛墓,,小川寺,,個人,,小平市,13211,史跡,史跡,ambiguous,1987-3-31,,,point,representative_point,ambiguous,史跡,,,no_explicit_designation_level
municipal_source,小平市,文化財一覧,132110100009,https://www.opendata.metro.tokyo.lg.jp/kodaira/132110_cultural_property.csv,13Tokyo/raw/municipal/13211/data.csv,武蔵野乃一本榎跡,,熊野宮,,,,小平市,13211,史跡,史跡,ambiguous,1989-3-1,,,point,representative_point,ambiguous,史跡,,,no_explicit_designation_level
municipal_source,小平市,文化財一覧,132110100010,https://www.opendata.metro.tokyo.lg.jp/kodaira/132110_cultural_property.csv,13Tokyo/raw/municipal/13211/data.csv,延命寺庚申塔,,延命寺,,,,小平市,13211,有形民俗文化財,有形民俗文化財,ambiguous,1986-3-31,,,point,representative_point,ambiguous,有形民俗文化財,,,no_explicit_designation_level
municipal_source,小平市,文化財一覧,132110100011,https://www.opendata.metro.tokyo.lg.jp/kodaira/132110_cultural_property.csv,13Tokyo/raw/municipal/13211/data.csv,旧小平小川郵便局舎,,小平ふるさと村,,小平市,,小平市,13211,有形文化財,建造物,ambiguous,1983-3-31,,,building_direct,building_candidate_point,ambiguous,有形文化財,建造物,,no_explicit_designation_level
municipal_source,小平市,文化財一覧,132110100012,https://www.opendata.metro.tokyo.lg.jp/kodaira/132110_cultural_property.csv,13Tokyo/raw/municipal/13211/data.csv,旧神山家住宅主屋,,小平ふるさと村,,小平市,,小平市,13211,有形文化財,建造物,ambiguous,1992-3-27,,,building_direct,building_candidate_point,ambiguous,有形文化財,建造物,,no_explicit_designation_level
municipal_source,小平市,文化財一覧,132110100013,https://www.opendata.metro.tokyo.lg.jp/kodaira/132110_cultural_property.csv,13Tokyo/raw/municipal/13211/data.csv,旧鈴木家住宅穀櫃,,小平ふるさと村,,小平市,,小平市,13211,有形文化財,建造物,ambiguous,1992-3-27,,,building_direct,building_candidate_point,ambiguous,有形文化財,建造物,,no_explicit_designation_level
municipal_source,小平市,文化財一覧,132110100014,https://www.opendata.metro.tokyo.lg.jp/kodaira/132110_cultural_property.csv,13Tokyo/raw/municipal/13211/data.csv,旧小川家住宅玄関棟,,小平ふるさと村,,小平市,,小平市,13211,有形文化財,建造物,ambiguous,1993-3-1,,,building_direct,building_candidate_point,ambiguous,有形文化財,建造物,,no_explicit_designation_level
municipal_source,小平市,文化財一覧,132110100015,https://www.opendata.metro.tokyo.lg.jp/kodaira/132110_cultural_property.csv,13Tokyo/raw/municipal/13211/data.csv,小平市八小遺跡,,小平市立第八小学校,,小平市,,小平市,13211,史跡,史跡,ambiguous,1981-1-1,,,point,representative_point,ambiguous,史跡,,,no_explicit_designation_level
municipal_source,小平市,文化財一覧,132110100016,https://www.opendata.metro.tokyo.lg.jp/kodaira/132110_cultural_property.csv,13Tokyo/raw/municipal/13211/data.csv,海岸寺山門,,海岸寺,,,,小平市,13211,有形文化財,建造物,ambiguous,1989-3-1,,,building_direct,building_candidate_point,ambiguous,有形文化財,建造物,,no_explicit_designation_level
municipal_source,小平市,文化財一覧,132110100017,https://www.opendata.metro.tokyo.lg.jp/kodaira/132110_cultural_property.csv,13Tokyo/raw/municipal/13211/data.csv,小金井桜樹碑,,海岸寺,,,,小平市,13211,有形文化財,美術工芸品,ambiguous,1986-3-31,,,movable,representative_point,ambiguous,有形文化財,美術工芸品,,no_explicit_designation_level
municipal_source,小平市,文化財一覧,132110100018,https://www.opendata.metro.tokyo.lg.jp/kodaira/132110_cultural_property.csv,13Tokyo/raw/municipal/13211/data.csv,行幸松と行幸松の碑,,玉川上水,,,,小平市,13211,有形文化財,美術工芸品,ambiguous,1986-3-31,,,movable,representative_point,ambiguous,有形文化財,美術工芸品,,no_explicit_designation_level
municipal_source,小平市,文化財一覧,132110100019,https://www.opendata.metro.tokyo.lg.jp/kodaira/132110_cultural_property.csv,13Tokyo/raw/municipal/13211/data.csv,當麻家文書,,小平市中央図書館,,,,小平市,13211,有形文化財,美術工芸品,ambiguous,1988-3-31,,,movable,representative_point,ambiguous,有形文化財,美術工芸品,,no_explicit_designation_level
municipal_source,小平市,文化財一覧,132110100020,https://www.opendata.metro.tokyo.lg.jp/kodaira/132110_cultural_property.csv,13Tokyo/raw/municipal/13211/data.csv,鈴木ばやし,,,,,,小平市,13211,無形民俗文化財,無形民俗文化財,ambiguous,1970-5-25,,,point,representative_point,ambiguous,無形民俗文化財,,,no_explicit_designation_level
municipal_source,小平市,文化財一覧,132110100021,https://www.opendata.metro.tokyo.lg.jp/kodaira/132110_cultural_property.csv,13Tokyo/raw/municipal/13211/data.csv,鈴木稲荷神社本殿覆屋の鏝絵,,稲荷神社,,,,小平市,13211,有形文化財,建造物,ambiguous,2014-3-24,,,building_direct,building_candidate_point,ambiguous,有形文化財,建造物,,no_explicit_designation_level
municipal_source,小平市,文化財一覧,132110100022,https://www.opendata.metro.tokyo.lg.jp/kodaira/132110_cultural_property.csv,13Tokyo/raw/municipal/13211/data.csv,鈴木稲荷神社境内の金刀比羅社の彫刻装飾,,稲荷神社,,,,小平市,13211,有形文化財,建造物,ambiguous,2014-3-24,,,building_direct,building_candidate_point,ambiguous,有形文化財,建造物,,no_explicit_designation_level
municipal_source,小平市,文化財一覧,132110100023,https://www.opendata.metro.tokyo.lg.jp/kodaira/132110_cultural_property.csv,13Tokyo/raw/municipal/13211/data.csv,高橋定右衛門墓,,,,個人,,小平市,13211,史跡,史跡,ambiguous,2016-3-17,,,point,representative_point,ambiguous,史跡,,,no_explicit_designation_level
municipal_source,小平市,文化財一覧,132110100024,https://www.opendata.metro.tokyo.lg.jp/kodaira/132110_cultural_property.csv,13Tokyo/raw/municipal/13211/data.csv,熊野宮のケヤキ,,熊野宮,,,,小平市,13211,天然記念物,天然記念物,ambiguous,2018-3-15,,,point,representative_point,ambiguous,天然記念物,,,no_explicit_designation_level
municipal_source,小平市,文化財一覧,132110100025,https://www.opendata.metro.tokyo.lg.jp/kodaira/132110_cultural_property.csv,13Tokyo/raw/municipal/13211/data.csv,鈴木稲荷神社のケヤキ,,稲荷神社,,,,小平市,13211,天然記念物,天然記念物,ambiguous,2018-3-15,,,point,representative_point,ambiguous,天然記念物,,,no_explicit_designation_level
municipal_source,東村山市,東村山市文化財一覧,132136100001,https://service.api.metro.tokyo.lg.jp/api/t132136d3100000007-cd8068d3f2168d57872497ccab66cc1f-0/json,13Tokyo/raw/municipal/13213/data.json,貞和の板碑,,,,,,東村山市,13213,市有形民俗文化財,市有形民俗文化財,ambiguous,1969-03-01,35.764093,139.459189,point,representative_point,ambiguous,市有形民俗文化財,,,no_explicit_designation_level
municipal_source,東村山市,東村山市文化財一覧,132136100002,https://service.api.metro.tokyo.lg.jp/api/t132136d3100000007-cd8068d3f2168d57872497ccab66cc1f-0/json,13Tokyo/raw/municipal/13213/data.json,浅間塚 ・ 境塚,,,,,,東村山市,13213,市 史 跡,市 史 跡,ambiguous,1969-03-01,35.755786,139.465843,point,representative_point,ambiguous,市 史 跡,,,no_explicit_designation_level
municipal_source,東村山市,東村山市文化財一覧,132136100003,https://service.api.metro.tokyo.lg.jp/api/t132136d3100000007-cd8068d3f2168d57872497ccab66cc1f-0/json,13Tokyo/raw/municipal/13213/data.json,万年橋のケヤキ,,,,,,東村山市,13213,市 天然記念物,天然記念物,ambiguous,1969-03-01,35.753762,139.486187,point,representative_point,ambiguous,市 天然記念物,,,no_explicit_designation_level
municipal_source,東村山市,東村山市文化財一覧,132136100004,https://service.api.metro.tokyo.lg.jp/api/t132136d3100000007-cd8068d3f2168d57872497ccab66cc1f-0/json,13Tokyo/raw/municipal/13213/data.json,雅楽・浦安の舞,,,,(野 口 雅 楽 振 興 会),,東村山市,13213,市無形民俗文化財,市無形民俗文化財,ambiguous,1969-03-01,,,point,representative_point,ambiguous,市無形民俗文化財,,,no_explicit_designation_level
municipal_source,東村山市,東村山市文化財一覧,132136100005,https://service.api.metro.tokyo.lg.jp/api/t132136d3100000007-cd8068d3f2168d57872497ccab66cc1f-0/json,13Tokyo/raw/municipal/13213/data.json,まつりばやし,,,,(東村山市祭囃子保存連合協議会),,東村山市,13213,市無形民俗文化財,市無形民俗文化財,ambiguous,1969-03-01,,,point,representative_point,ambiguous,市無形民俗文化財,,,no_explicit_designation_level
municipal_source,東村山市,東村山市文化財一覧,132136100006,https://service.api.metro.tokyo.lg.jp/api/t132136d3100000007-cd8068d3f2168d57872497ccab66cc1f-0/json,13Tokyo/raw/municipal/13213/data.json,秋津神社本殿,,,,,,東村山市,13213,市有形文化財,市有形文化財,ambiguous,1970-03-01,35.778716,139.492552,point,representative_point,ambiguous,市有形文化財,,,no_explicit_designation_level
municipal_source,東村山市,東村山市文化財一覧,132136100007,https://service.api.metro.tokyo.lg.jp/api/t132136d3100000007-cd8068d3f2168d57872497ccab66cc1f-0/json,13Tokyo/raw/municipal/13213/data.json,武藤良由碑,,,,,,東村山市,13213,市有形民俗文化財,市有形民俗文化財,ambiguous,1970-03-01,35.760267,139.455708,point,representative_point,ambiguous,市有形民俗文化財,,,no_explicit_designation_level
municipal_source,東村山市,東村山市文化財一覧,132136100008,https://service.api.metro.tokyo.lg.jp/api/t132136d3100000007-cd8068d3f2168d57872497ccab66cc1f-0/json,13Tokyo/raw/municipal/13213/data.json,梅岩寺の庚申塔,,,,,,東村山市,13213,市有形民俗文化財,市有形民俗文化財,ambiguous,1971-03-10,35.771683,139.474292,point,representative_point,ambiguous,市有形民俗文化財,,,no_explicit_designation_level
municipal_source,東村山市,東村山市文化財一覧,132136100009,https://service.api.metro.tokyo.lg.jp/api/t132136d3100000007-cd8068d3f2168d57872497ccab66cc1f-0/json,13Tokyo/raw/municipal/13213/data.json,比 翼 碑 (ひよくひ),,,,,,東村山市,13213,市有形民俗文化財,市有形民俗文化財,ambiguous,1971-03-10,35.770421,139.467894,point,representative_point,ambiguous,市有形民俗文化財,,,no_explicit_designation_level
municipal_source,東村山市,東村山市文化財一覧,132136100010,https://service.api.metro.tokyo.lg.jp/api/t132136d3100000007-cd8068d3f2168d57872497ccab66cc1f-0/json,13Tokyo/raw/municipal/13213/data.json,千体小地蔵尊像,,,,,,東村山市,13213,市有形民俗文化財,市有形民俗文化財,ambiguous,1972-03-31,35.764093,139.459189,point,representative_point,ambiguous,市有形民俗文化財,,,no_explicit_designation_level
municipal_source,東村山市,東村山市文化財一覧,132136100011,https://service.api.metro.tokyo.lg.jp/api/t132136d3100000007-cd8068d3f2168d57872497ccab66cc1f-0/json,13Tokyo/raw/municipal/13213/data.json,千体地蔵堂本尊地蔵菩薩立像,,,,,,東村山市,13213,市有形文化財,市有形文化財,ambiguous,1973-03-31,35.764093,139.459189,point,representative_point,ambiguous,市有形文化財,,,no_explicit_designation_level
municipal_source,東村山市,東村山市文化財一覧,132136100012,https://service.api.metro.tokyo.lg.jp/api/t132136d3100000007-cd8068d3f2168d57872497ccab66cc1f-0/json,13Tokyo/raw/municipal/13213/data.json,鎌倉古街道,,,,,,東村山市,13213,市 旧 跡,市 旧 跡,ambiguous,1973-03-31,35.762658,139.467441,point,representative_point,ambiguous,市 旧 跡,,,no_explicit_designation_level
municipal_source,東村山市,東村山市文化財一覧,132136100013,https://service.api.metro.tokyo.lg.jp/api/t132136d3100000007-cd8068d3f2168d57872497ccab66cc1f-0/json,13Tokyo/raw/municipal/13213/data.json,石造延命地蔵立像,,,,,,東村山市,13213,市有形民俗文化財,市有形民俗文化財,ambiguous,1974-03-27,35.757293,139.445546,point,representative_point,ambiguous,市有形民俗文化財,,,no_explicit_designation_level
municipal_source,東村山市,東村山市文化財一覧,132136100014,https://service.api.metro.tokyo.lg.jp/api/t132136d3100000007-cd8068d3f2168d57872497ccab66cc1f-0/json,13Tokyo/raw/municipal/13213/data.json,一石六地蔵,,,,,,東村山市,13213,市有形民俗文化財,市有形民俗文化財,ambiguous,1974-03-27,35.776758,139.480879,point,representative_point,ambiguous,市有形民俗文化財,,,no_explicit_designation_level
municipal_source,東村山市,東村山市文化財一覧,132136100015,https://service.api.metro.tokyo.lg.jp/api/t132136d3100000007-cd8068d3f2168d57872497ccab66cc1f-0/json,13Tokyo/raw/municipal/13213/data.json,獣脚付蔵骨器,,,,,,東村山市,13213,市有形文化財,市有形文化財,ambiguous,1974-06-21,35.770421,139.467894,point,representative_point,ambiguous,市有形文化財,,,no_explicit_designation_level
municipal_source,東村山市,東村山市文化財一覧,132136100016,https://service.api.metro.tokyo.lg.jp/api/t132136d3100000007-cd8068d3f2168d57872497ccab66cc1f-0/json,13Tokyo/raw/municipal/13213/data.json,瓦塔出土地 (がとう),,,,,,東村山市,13213,市 旧 跡,市 旧 跡,ambiguous,1976-03-31,35.76668,139.447952,point,representative_point,ambiguous,市 旧 跡,,,no_explicit_designation_level
municipal_source,東村山市,東村山市文化財一覧,132136100017,https://service.api.metro.tokyo.lg.jp/api/t132136d3100000007-cd8068d3f2168d57872497ccab66cc1f-0/json,13Tokyo/raw/municipal/13213/data.json,応永の板碑,,,,,,東村山市,13213,市有形民俗文化財,市有形民俗文化財,ambiguous,1977-11-01,35.757417,139.447434,point,representative_point,ambiguous,市有形民俗文化財,,,no_explicit_designation_level
municipal_source,東村山市,東村山市文化財一覧,132136100018,https://service.api.metro.tokyo.lg.jp/api/t132136d3100000007-cd8068d3f2168d57872497ccab66cc1f-0/json,13Tokyo/raw/municipal/13213/data.json,新・四国石仏,,,,,,東村山市,13213,市有形民俗文化財,市有形民俗文化財,ambiguous,1980-03-01,35.771683,139.474371,point,representative_point,ambiguous,市有形民俗文化財,,,no_explicit_designation_level
municipal_source,東村山市,東村山市文化財一覧,132136100019,https://service.api.metro.tokyo.lg.jp/api/t132136d3100000007-cd8068d3f2168d57872497ccab66cc1f-0/json,13Tokyo/raw/municipal/13213/data.json,富田家の宝篋印塔,,,,,,東村山市,13213,市有形民俗文化財,市有形民俗文化財,ambiguous,1987-10-01,35.760866,139.448722,point,representative_point,ambiguous,市有形民俗文化財,,,no_explicit_designation_level
municipal_source,東村山市,東村山市文化財一覧,132136100020,https://service.api.metro.tokyo.lg.jp/api/t132136d3100000007-cd8068d3f2168d57872497ccab66cc1f-0/json,13Tokyo/raw/municipal/13213/data.json,赤坂の庚申塔付6基,,,,,,東村山市,13213,市有形民俗文化財,市有形民俗文化財,ambiguous,1987-10-01,35.762187,139.443616,point,representative_point,ambiguous,市有形民俗文化財,,,no_explicit_designation_level
municipal_source,東村山市,東村山市文化財一覧,132136100021,https://service.api.metro.tokyo.lg.jp/api/t132136d3100000007-cd8068d3f2168d57872497ccab66cc1f-0/json,13Tokyo/raw/municipal/13213/data.json,東村山停車場の碑,,,,,,東村山市,13213,市有形民俗文化財,市有形民俗文化財,ambiguous,1991-07-24,35.760794,139.464981,point,representative_point,ambiguous,市有形民俗文化財,,,no_explicit_designation_level
municipal_source,東村山市,東村山市文化財一覧,132136100022,https://service.api.metro.tokyo.lg.jp/api/t132136d3100000007-cd8068d3f2168d57872497ccab66cc1f-0/json,13Tokyo/raw/municipal/13213/data.json,八坂神社の大獅子頭,,,,,,東村山市,13213,市有形民俗文化財,市有形民俗文化財,ambiguous,1991-07-24,35.760901,139.465128,point,representative_point,ambiguous,市有形民俗文化財,,,no_explicit_designation_level
municipal_source,東村山市,東村山市文化財一覧,132136100023,https://service.api.metro.tokyo.lg.jp/api/t132136d3100000007-cd8068d3f2168d57872497ccab66cc1f-0/json,13Tokyo/raw/municipal/13213/data.json,白山神社の牛頭天王像,,,,,,東村山市,13213,市有形民俗文化財,市有形民俗文化財,ambiguous,1991-07-24,35.767206,139.468889,point,representative_point,ambiguous,市有形民俗文化財,,,no_explicit_designation_level
municipal_source,東村山市,東村山市文化財一覧,132136100024,https://service.api.metro.tokyo.lg.jp/api/t132136d3100000007-cd8068d3f2168d57872497ccab66cc1f-0/json,13Tokyo/raw/municipal/13213/data.json,木造薬師如来立像,,,,,,東村山市,13213,市有形文化財,市有形文化財,ambiguous,1996-03-06,35.757417,139.447434,point,representative_point,ambiguous,市有形文化財,,,no_explicit_designation_level
municipal_source,東村山市,東村山市文化財一覧,132136100025,https://service.api.metro.tokyo.lg.jp/api/t132136d3100000007-cd8068d3f2168d57872497ccab66cc1f-0/json,13Tokyo/raw/municipal/13213/data.json,久米川の富士塚,,,,,,東村山市,13213,市 史 跡,市 史 跡,ambiguous,1996-07-03,35.771117,139.47252,point,representative_point,ambiguous,市 史 跡,,,no_explicit_designation_level
municipal_source,東村山市,東村山市文化財一覧,132136100026,https://service.api.metro.tokyo.lg.jp/api/t132136d3100000007-cd8068d3f2168d57872497ccab66cc1f-0/json,13Tokyo/raw/municipal/13213/data.json,正福寺山門,,,,,,東村山市,13213,市有形文化財,市有形文化財,ambiguous,平17.4.20,35.764093,139.459189,point,representative_point,ambiguous,市有形文化財,,,no_explicit_designation_level
municipal_source,東村山市,東村山市文化財一覧,132136100027,https://service.api.metro.tokyo.lg.jp/api/t132136d3100000007-cd8068d3f2168d57872497ccab66cc1f-0/json,13Tokyo/raw/municipal/13213/data.json,小町家文書,,,,,,東村山市,13213,市有形文化財,市有形文化財,ambiguous,平19.3.12,35.766614,139.46627,point,representative_point,ambiguous,市有形文化財,,,no_explicit_designation_level
municipal_source,東村山市,東村山市文化財一覧,132136100028,https://service.api.metro.tokyo.lg.jp/api/t132136d3100000007-cd8068d3f2168d57872497ccab66cc1f-0/json,13Tokyo/raw/municipal/13213/data.json,當麻勉家文書,,,,,,東村山市,13213,市有形文化財,市有形文化財,ambiguous,平19.3.12,35.766614,139.46627,point,representative_point,ambiguous,市有形文化財,,,no_explicit_designation_level
municipal_source,東村山市,東村山市文化財一覧,132136100029,https://service.api.metro.tokyo.lg.jp/api/t132136d3100000007-cd8068d3f2168d57872497ccab66cc1f-0/json,13Tokyo/raw/municipal/13213/data.json,江藤昌明家文書,,,,,,東村山市,13213,市有形文化財,市有形文化財,ambiguous,平19.3.12,35.766614,139.46627,point,representative_point,ambiguous,市有形文化財,,,no_explicit_designation_level
municipal_source,東村山市,東村山市文化財一覧,132136100030,https://service.api.metro.tokyo.lg.jp/api/t132136d3100000007-cd8068d3f2168d57872497ccab66cc1f-0/json,13Tokyo/raw/municipal/13213/data.json,下宅部遺跡出土品,,,,,,東村山市,13213,市有形文化財,市有形文化財,ambiguous,2009-05-07,35.766135,139.454245,point,representative_point,ambiguous,市有形文化財,,,no_explicit_designation_level
municipal_source,東村山市,東村山市文化財一覧,132136100031,https://service.api.metro.tokyo.lg.jp/api/t132136d3100000007-cd8068d3f2168d57872497ccab66cc1f-0/json,13Tokyo/raw/municipal/13213/data.json,東京陸軍少年通信兵学校跡地,,,,,,東村山市,13213,市 旧 跡,市 旧 跡,ambiguous,2011-02-04,35.744456,139.462156,point,representative_point,ambiguous,市 旧 跡,,,no_explicit_designation_level
municipal_source,東村山市,東村山市文化財一覧,132136100032,https://service.api.metro.tokyo.lg.jp/api/t132136d3100000007-cd8068d3f2168d57872497ccab66cc1f-0/json,13Tokyo/raw/municipal/13213/data.json,熊野神社遺跡出土陶磁器,,,,,,東村山市,13213,市有形文化財,市有形文化財,ambiguous,2013-05-01,35.766614,139.46627,point,representative_point,ambiguous,市有形文化財,,,no_explicit_designation_level
municipal_source,東村山市,東村山市文化財一覧,132136100033,https://service.api.metro.tokyo.lg.jp/api/t132136d3100000007-cd8068d3f2168d57872497ccab66cc1f-0/json,13Tokyo/raw/municipal/13213/data.json,はなびや人形店押絵羽子板製作関連資料,,,,,,東村山市,13213,市有形民俗文化財,市有形民俗文化財,ambiguous,2013-05-01,35.766614,139.46627,point,representative_point,ambiguous,市有形民俗文化財,,,no_explicit_designation_level
municipal_source,東村山市,東村山市文化財一覧,132136100034,https://service.api.metro.tokyo.lg.jp/api/t132136d3100000007-cd8068d3f2168d57872497ccab66cc1f-0/json,13Tokyo/raw/municipal/13213/data.json,諏訪神社本殿,,,,,,東村山市,13213,市有形文化財,市有形文化財,ambiguous,2015-03-25,35.765414,139.465887,point,representative_point,ambiguous,市有形文化財,,,no_explicit_designation_level
municipal_source,東村山市,東村山市文化財一覧,132136100035,https://service.api.metro.tokyo.lg.jp/api/t132136d3100000007-cd8068d3f2168d57872497ccab66cc1f-0/json,13Tokyo/raw/municipal/13213/data.json,笹塚遺跡出土縄文土器,,,,,,東村山市,13213,市有形文化財,市有形文化財,ambiguous,2020-04-08,35.766614,139.46627,point,representative_point,ambiguous,市有形文化財,,,no_explicit_designation_level
municipal_source,東村山市,東村山市文化財一覧,132136100037,https://service.api.metro.tokyo.lg.jp/api/t132136d3100000007-cd8068d3f2168d57872497ccab66cc1f-0/json,13Tokyo/raw/municipal/13213/data.json,板碑 元弘三年斎藤盛貞等戦死供養碑,,,,,,東村山市,13213,国重要有形文化財,国重要有形文化財,ambiguous,1914-08-25,35.770421,139.467894,point,representative_point,ambiguous,国重要有形文化財,,,no_explicit_designation_level
municipal_source,東村山市,東村山市文化財一覧,132136100038,https://service.api.metro.tokyo.lg.jp/api/t132136d3100000007-cd8068d3f2168d57872497ccab66cc1f-0/json,13Tokyo/raw/municipal/13213/data.json,東京都下宅部遺跡出土品,,,,,,東村山市,13213,国重要有形文化財,国重要有形文化財,ambiguous,2020-09-30,35.766135,139.454245,point,representative_point,ambiguous,国重要有形文化財,,,no_explicit_designation_level
municipal_source,東村山市,東村山市文化財一覧,132136100039,https://service.api.metro.tokyo.lg.jp/api/t132136d3100000007-cd8068d3f2168d57872497ccab66cc1f-0/json,13Tokyo/raw/municipal/13213/data.json,梅岩寺のカヤ,,,,,,東村山市,13213,都天然記念物,天然記念物,ambiguous,2022-03-18,35.771683,139.474371,point,representative_point,ambiguous,都天然記念物,,,no_explicit_designation_level
municipal_source,東村山市,東村山市文化財一覧,132136100040,https://service.api.metro.tokyo.lg.jp/api/t132136d3100000007-cd8068d3f2168d57872497ccab66cc1f-0/json,13Tokyo/raw/municipal/13213/data.json,梅岩寺のケヤキ,,,,,,東村山市,13213,都天然記念物,天然記念物,ambiguous,1965-03-31,35.771683,139.474371,point,representative_point,ambiguous,都天然記念物,,,no_explicit_designation_level
municipal_source,東村山市,東村山市文化財一覧,132136100041,https://service.api.metro.tokyo.lg.jp/api/t132136d3100000007-cd8068d3f2168d57872497ccab66cc1f-0/json,13Tokyo/raw/municipal/13213/data.json,久米川古戦場,,,,,,東村山市,13213,都旧跡,都旧跡,ambiguous,1930-06-02,35.768837,139.464478,point,representative_point,ambiguous,都旧跡,,,no_explicit_designation_level
municipal_source,東村山市,東村山市文化財一覧,132136100042,https://service.api.metro.tokyo.lg.jp/api/t132136d3100000007-cd8068d3f2168d57872497ccab66cc1f-0/json,13Tokyo/raw/municipal/13213/data.json,下宅部遺跡,,,,,,東村山市,13213,都史跡,史跡,ambiguous,2015-03-16,35.766255,139.451947,point,representative_point,ambiguous,都史跡,,,no_explicit_designation_level
municipal_source,東大和市,文化財一覧,1.32209E+11,https://service.api.metro.tokyo.lg.jp/api/t132209d0000000007-32c2d6e41bbc339068a29cf1b6260c6d-0/json,13Tokyo/raw/municipal/13220/data.json,豊鹿島神社本殿(附棟札),,,,,,東大和市,13220,都有形文化財(建造物),建造物,ambiguous,,35.757913,139.412829,building_direct,building_candidate_point,ambiguous,都有形文化財(建造物),建造物,,no_explicit_designation_level
municipal_source,東大和市,文化財一覧,1.32209E+11,https://service.api.metro.tokyo.lg.jp/api/t132209d0000000007-32c2d6e41bbc339068a29cf1b6260c6d-0/json,13Tokyo/raw/municipal/13220/data.json,蔵敷高札場,,,,,,東大和市,13220,都旧跡,旧跡,ambiguous,,35.754877,139.419211,point,representative_point,ambiguous,都旧跡,旧跡,,no_explicit_designation_level
municipal_source,東大和市,文化財一覧,1.32209E+11,https://service.api.metro.tokyo.lg.jp/api/t132209d0000000007-32c2d6e41bbc339068a29cf1b6260c6d-0/json,13Tokyo/raw/municipal/13220/data.json,名号塔婆,,,,,,東大和市,13220,市郷土資料,重要有形・無形民俗文化財,ambiguous,,35.746992,139.44695,point,representative_point,ambiguous,市郷土資料,重要有形・無形民俗文化財,,no_explicit_designation_level
municipal_source,東大和市,文化財一覧,1.32209E+11,https://service.api.metro.tokyo.lg.jp/api/t132209d0000000007-32c2d6e41bbc339068a29cf1b6260c6d-0/json,13Tokyo/raw/municipal/13220/data.json,高木獅子舞の道具及び衣裳,,,,,,東大和市,13220,市郷土資料,重要有形・無形民俗文化財,ambiguous,,,,point,representative_point,ambiguous,市郷土資料,重要有形・無形民俗文化財,,no_explicit_designation_level
municipal_source,東大和市,文化財一覧,1.32209E+11,https://service.api.metro.tokyo.lg.jp/api/t132209d0000000007-32c2d6e41bbc339068a29cf1b6260c6d-0/json,13Tokyo/raw/municipal/13220/data.json,庚申塔(清水3丁目),,,,,,東大和市,13220,市郷土資料,重要有形・無形民俗文化財,ambiguous,,35.753169,139.442593,point,representative_point,ambiguous,市郷土資料,重要有形・無形民俗文化財,,no_explicit_designation_level
municipal_source,東大和市,文化財一覧,1.32209E+11,https://service.api.metro.tokyo.lg.jp/api/t132209d0000000007-32c2d6e41bbc339068a29cf1b6260c6d-0/json,13Tokyo/raw/municipal/13220/data.json,庚申塔(芋窪6丁目),,,,,,東大和市,13220,市郷土資料,重要有形・無形民俗文化財,ambiguous,,35.750918,139.410997,point,representative_point,ambiguous,市郷土資料,重要有形・無形民俗文化財,,no_explicit_designation_level
municipal_source,東大和市,文化財一覧,1.32209E+11,https://service.api.metro.tokyo.lg.jp/api/t132209d0000000007-32c2d6e41bbc339068a29cf1b6260c6d-0/json,13Tokyo/raw/municipal/13220/data.json,清水本村橋の石橋供養塔,,,,,,東大和市,13220,市郷土資料,重要有形・無形民俗文化財,ambiguous,,35.755291,139.441912,point,representative_point,ambiguous,市郷土資料,重要有形・無形民俗文化財,,no_explicit_designation_level
municipal_source,東大和市,文化財一覧,1.32209E+11,https://service.api.metro.tokyo.lg.jp/api/t132209d0000000007-32c2d6e41bbc339068a29cf1b6260c6d-0/json,13Tokyo/raw/municipal/13220/data.json,砂の橋の石橋供養塔,,,,,,東大和市,13220,市郷土資料,重要有形・無形民俗文化財,ambiguous,,35.755291,139.441912,point,representative_point,ambiguous,市郷土資料,重要有形・無形民俗文化財,,no_explicit_designation_level
municipal_source,東大和市,文化財一覧,1.32209E+11,https://service.api.metro.tokyo.lg.jp/api/t132209d0000000007-32c2d6e41bbc339068a29cf1b6260c6d-0/json,13Tokyo/raw/municipal/13220/data.json,徳治二年銘の板碑,,,,,,東大和市,13220,市郷土資料,重要有形・無形民俗文化財,ambiguous,,,,point,representative_point,ambiguous,市郷土資料,重要有形・無形民俗文化財,,no_explicit_designation_level
municipal_source,東大和市,文化財一覧,1.32209E+11,https://service.api.metro.tokyo.lg.jp/api/t132209d0000000007-32c2d6e41bbc339068a29cf1b6260c6d-0/json,13Tokyo/raw/municipal/13220/data.json,庚申塔(阿字庚申),,,,,,東大和市,13220,市郷土資料,重要有形・無形民俗文化財,ambiguous,,,,point,representative_point,ambiguous,市郷土資料,重要有形・無形民俗文化財,,no_explicit_designation_level
municipal_source,東大和市,文化財一覧,1.32209E+11,https://service.api.metro.tokyo.lg.jp/api/t132209d0000000007-32c2d6e41bbc339068a29cf1b6260c6d-0/json,13Tokyo/raw/municipal/13220/data.json,清水囃子,,,,,,東大和市,13220,市技芸,重要有形・無形民俗文化財,ambiguous,,,,point,representative_point,ambiguous,市技芸,重要有形・無形民俗文化財,,no_explicit_designation_level
municipal_source,東大和市,文化財一覧,1.32209E+11,https://service.api.metro.tokyo.lg.jp/api/t132209d0000000007-32c2d6e41bbc339068a29cf1b6260c6d-0/json,13Tokyo/raw/municipal/13220/data.json,庚申塚,,,,,,東大和市,13220,市史跡,天然記念物,ambiguous,,35.752202,139.42066,point,representative_point,ambiguous,市史跡,史跡名勝天然記念物,,no_explicit_designation_level
municipal_source,東大和市,文化財一覧,1.32209E+11,https://service.api.metro.tokyo.lg.jp/api/t132209d0000000007-32c2d6e41bbc339068a29cf1b6260c6d-0/json,13Tokyo/raw/municipal/13220/data.json,八幡谷戸遺跡,,,,,,東大和市,13220,市史跡,天然記念物,ambiguous,,35.754209,139.422767,point,representative_point,ambiguous,市史跡,史跡名勝天然記念物,,no_explicit_designation_level
municipal_source,東大和市,文化財一覧,1.32209E+11,https://service.api.metro.tokyo.lg.jp/api/t132209d0000000007-32c2d6e41bbc339068a29cf1b6260c6d-0/json,13Tokyo/raw/municipal/13220/data.json,鹿島台遺跡,,,,,,東大和市,13220,市史跡,天然記念物,ambiguous,,35.758644,139.41328,point,representative_point,ambiguous,市史跡,史跡名勝天然記念物,,no_explicit_designation_level
municipal_source,東大和市,文化財一覧,1.32209E+11,https://service.api.metro.tokyo.lg.jp/api/t132209d0000000007-32c2d6e41bbc339068a29cf1b6260c6d-0/json,13Tokyo/raw/municipal/13220/data.json,蔵敷太子堂跡,,,,,,東大和市,13220,市史跡,天然記念物,ambiguous,,35.754527,139.420385,point,representative_point,ambiguous,市史跡,史跡名勝天然記念物,,no_explicit_designation_level
municipal_source,東大和市,文化財一覧,1.32209E+11,https://service.api.metro.tokyo.lg.jp/api/t132209d0000000007-32c2d6e41bbc339068a29cf1b6260c6d-0/json,13Tokyo/raw/municipal/13220/data.json,青梅橋跡,,,,,,東大和市,13220,市史跡,天然記念物,ambiguous,,35.732945,139.434526,point,representative_point,ambiguous,市史跡,史跡名勝天然記念物,,no_explicit_designation_level
municipal_source,東大和市,文化財一覧,1.32209E+11,https://service.api.metro.tokyo.lg.jp/api/t132209d0000000007-32c2d6e41bbc339068a29cf1b6260c6d-0/json,13Tokyo/raw/municipal/13220/data.json,旧日立航空機株式会社変電所,,,,,,東大和市,13220,市史跡,天然記念物,ambiguous,,35.735852,139.421579,point,representative_point,ambiguous,市史跡,史跡名勝天然記念物,,no_explicit_designation_level
municipal_source,東大和市,文化財一覧,1.32209E+11,https://service.api.metro.tokyo.lg.jp/api/t132209d0000000007-32c2d6e41bbc339068a29cf1b6260c6d-0/json,13Tokyo/raw/municipal/13220/data.json,高木村外五ケ村連合戸長役場跡,,,,,,東大和市,13220,市旧跡,天然記念物,ambiguous,,35.751787,139.433723,point,representative_point,ambiguous,市旧跡,史跡名勝天然記念物,,no_explicit_designation_level
municipal_source,東大和市,文化財一覧,1.32209E+11,https://service.api.metro.tokyo.lg.jp/api/t132209d0000000007-32c2d6e41bbc339068a29cf1b6260c6d-0/json,13Tokyo/raw/municipal/13220/data.json,蔵敷調練場跡,,,,,,東大和市,13220,市旧跡,天然記念物,ambiguous,,35.754134,139.416806,point,representative_point,ambiguous,市旧跡,史跡名勝天然記念物,,no_explicit_designation_level
municipal_source,東大和市,文化財一覧,1.32209E+11,https://service.api.metro.tokyo.lg.jp/api/t132209d0000000007-32c2d6e41bbc339068a29cf1b6260c6d-0/json,13Tokyo/raw/municipal/13220/data.json,狭山三十三観音霊場札所(1) 15番札所 清水観音堂,,,,,,東大和市,13220,市旧跡,天然記念物,ambiguous,,35.755291,139.441912,point,representative_point,ambiguous,市旧跡,史跡名勝天然記念物,,no_explicit_designation_level
municipal_source,東大和市,文化財一覧,1.32209E+11,https://service.api.metro.tokyo.lg.jp/api/t132209d0000000007-32c2d6e41bbc339068a29cf1b6260c6d-0/json,13Tokyo/raw/municipal/13220/data.json,狭山三十三観音霊場札所(2) 16番札所 三光院,,,,,,東大和市,13220,市旧跡,天然記念物,ambiguous,,35.748689,139.446583,point,representative_point,ambiguous,市旧跡,史跡名勝天然記念物,,no_explicit_designation_level
municipal_source,東大和市,文化財一覧,1.32209E+11,https://service.api.metro.tokyo.lg.jp/api/t132209d0000000007-32c2d6e41bbc339068a29cf1b6260c6d-0/json,13Tokyo/raw/municipal/13220/data.json,狭山三十三観音霊場札所(3) 17番札所 霊性庵,,,,,,東大和市,13220,市旧跡,天然記念物,ambiguous,,35.755994,139.435242,point,representative_point,ambiguous,市旧跡,史跡名勝天然記念物,,no_explicit_designation_level
municipal_source,東大和市,文化財一覧,1.32209E+11,https://service.api.metro.tokyo.lg.jp/api/t132209d0000000007-32c2d6e41bbc339068a29cf1b6260c6d-0/json,13Tokyo/raw/municipal/13220/data.json,狭山三十三観音霊場札所(4) 18番札所 雲性寺,,,,,,東大和市,13220,市旧跡,天然記念物,ambiguous,,35.754603,139.424885,point,representative_point,ambiguous,市旧跡,史跡名勝天然記念物,,no_explicit_designation_level
municipal_source,東大和市,文化財一覧,1.32209E+11,https://service.api.metro.tokyo.lg.jp/api/t132209d0000000007-32c2d6e41bbc339068a29cf1b6260c6d-0/json,13Tokyo/raw/municipal/13220/data.json,狭山三十三観音霊場札所(5) 19番札所 はやし堂,,,,,,東大和市,13220,市旧跡,天然記念物,ambiguous,,35.75472,139.415156,point,representative_point,ambiguous,市旧跡,史跡名勝天然記念物,,no_explicit_designation_level
municipal_source,東大和市,文化財一覧,1.32209E+11,https://service.api.metro.tokyo.lg.jp/api/t132209d0000000007-32c2d6e41bbc339068a29cf1b6260c6d-0/json,13Tokyo/raw/municipal/13220/data.json,(仮称)東大和郷土美術園,,,,,,東大和市,13220,登録,建造物,ambiguous,2017/5/2,35.754555,139.442584,building_direct,building_candidate_point,ambiguous,登録,建造物,,no_explicit_designation_level
municipal_source,東大和市,文化財一覧,1.32209E+11,https://service.api.metro.tokyo.lg.jp/api/t132209d0000000007-32c2d6e41bbc339068a29cf1b6260c6d-0/json,13Tokyo/raw/municipal/13220/data.json,旧日立航空機(株)変電所,,,,,,東大和市,13220,登録,建造物,ambiguous,1995/10/1,35.735852,139.421579,building_direct,building_candidate_point,ambiguous,登録,建造物,,no_explicit_designation_level
municipal_source,東久留米市,文化財一覧,132000000000.0,https://www.opendata.metro.tokyo.lg.jp/higashikurume/132225_cultural_property.csv,13Tokyo/raw/municipal/13222/data.csv,南沢獅子舞,,氷川神社,,,,東久留米市,13222,無形民俗文化財,無形民俗文化財,ambiguous,1967/3/4,35.753548,139.52743,point,representative_point,ambiguous,無形民俗文化財,,,no_explicit_designation_level
municipal_source,東久留米市,文化財一覧,132000000000.0,https://www.opendata.metro.tokyo.lg.jp/higashikurume/132225_cultural_property.csv,13Tokyo/raw/municipal/13222/data.csv,柳窪囃子,,天神社,,,,東久留米市,13222,無形民俗文化財,無形民俗文化財,ambiguous,1967/3/4,35.747318,139.489527,point,representative_point,ambiguous,無形民俗文化財,,,no_explicit_designation_level
municipal_source,東久留米市,文化財一覧,132000000000.0,https://www.opendata.metro.tokyo.lg.jp/higashikurume/132225_cultural_property.csv,13Tokyo/raw/municipal/13222/data.csv,下里囃子,,氷川神社,,,,東久留米市,13222,無形民俗文化財,無形民俗文化財,ambiguous,1967/3/4,35.755685,139.503133,point,representative_point,ambiguous,無形民俗文化財,,,no_explicit_designation_level
municipal_source,東久留米市,文化財一覧,132000000000.0,https://www.opendata.metro.tokyo.lg.jp/higashikurume/132225_cultural_property.csv,13Tokyo/raw/municipal/13222/data.csv,小山囃子,,子ノ神社,,,,東久留米市,13222,無形民俗文化財,無形民俗文化財,ambiguous,1967/3/4,35.764622,139.528014,point,representative_point,ambiguous,無形民俗文化財,,,no_explicit_designation_level
municipal_source,東久留米市,文化財一覧,132000000000.0,https://www.opendata.metro.tokyo.lg.jp/higashikurume/132225_cultural_property.csv,13Tokyo/raw/municipal/13222/data.csv,神山囃子,,,,,,東久留米市,13222,無形民俗文化財,無形民俗文化財,ambiguous,1967/3/4,35.764106,139.54548,point,representative_point,ambiguous,無形民俗文化財,,,no_explicit_designation_level
municipal_source,東久留米市,文化財一覧,132000000000.0,https://www.opendata.metro.tokyo.lg.jp/higashikurume/132225_cultural_property.csv,13Tokyo/raw/municipal/13222/data.csv,馬頭観世音塔,,路傍,,,,東久留米市,13222,有形民俗文化財,有形民俗文化財,ambiguous,1967/12/16,35.753059,139.502287,point,representative_point,ambiguous,有形民俗文化財,,,no_explicit_designation_level
municipal_source,東久留米市,文化財一覧,132000000000.0,https://www.opendata.metro.tokyo.lg.jp/higashikurume/132225_cultural_property.csv,13Tokyo/raw/municipal/13222/data.csv,庚申塔,,長福寺,,,,東久留米市,13222,有形民俗文化財,有形民俗文化財,ambiguous,1967/12/16,35.747472,139.489903,point,representative_point,ambiguous,有形民俗文化財,,,no_explicit_designation_level
municipal_source,東久留米市,文化財一覧,132000000000.0,https://www.opendata.metro.tokyo.lg.jp/higashikurume/132225_cultural_property.csv,13Tokyo/raw/municipal/13222/data.csv,石橋供養塔,,長福寺,,,,東久留米市,13222,有形民俗文化財,有形民俗文化財,ambiguous,1967/12/16,35.747472,139.489903,point,representative_point,ambiguous,有形民俗文化財,,,no_explicit_designation_level
municipal_source,東久留米市,文化財一覧,132000000000.0,https://www.opendata.metro.tokyo.lg.jp/higashikurume/132225_cultural_property.csv,13Tokyo/raw/municipal/13222/data.csv,庚申塔,,三叉路,,,,東久留米市,13222,有形民俗文化財,有形民俗文化財,ambiguous,1967/12/16,35.745384,139.516225,point,representative_point,ambiguous,有形民俗文化財,,,no_explicit_designation_level
municipal_source,東久留米市,文化財一覧,132000000000.0,https://www.opendata.metro.tokyo.lg.jp/higashikurume/132225_cultural_property.csv,13Tokyo/raw/municipal/13222/data.csv,庚申塔,,路傍,,,,東久留米市,13222,有形民俗文化財,有形民俗文化財,ambiguous,1967/12/16,35.737089,139.522085,point,representative_point,ambiguous,有形民俗文化財,,,no_explicit_designation_level
municipal_source,東久留米市,文化財一覧,132000000000.0,https://www.opendata.metro.tokyo.lg.jp/higashikurume/132225_cultural_property.csv,13Tokyo/raw/municipal/13222/data.csv,庚申塔,,路傍,,,,東久留米市,13222,有形民俗文化財,有形民俗文化財,ambiguous,1967/12/16,35.752724,139.520069,point,representative_point,ambiguous,有形民俗文化財,,,no_explicit_designation_level
municipal_source,東久留米市,文化財一覧,132000000000.0,https://www.opendata.metro.tokyo.lg.jp/higashikurume/132225_cultural_property.csv,13Tokyo/raw/municipal/13222/data.csv,庚申塔,,大圓寺門前,,,,東久留米市,13222,有形民俗文化財,有形民俗文化財,ambiguous,1967/12/16,35.762753,139.526953,point,representative_point,ambiguous,有形民俗文化財,,,no_explicit_designation_level
municipal_source,東久留米市,文化財一覧,132000000000.0,https://www.opendata.metro.tokyo.lg.jp/higashikurume/132225_cultural_property.csv,13Tokyo/raw/municipal/13222/data.csv,庚申塔,,大圓寺門前,,,,東久留米市,13222,有形民俗文化財,有形民俗文化財,ambiguous,1967/12/16,35.762753,139.526953,point,representative_point,ambiguous,有形民俗文化財,,,no_explicit_designation_level
municipal_source,東久留米市,文化財一覧,132000000000.0,https://www.opendata.metro.tokyo.lg.jp/higashikurume/132225_cultural_property.csv,13Tokyo/raw/municipal/13222/data.csv,庚申塔,,笠松坂,,,,東久留米市,13222,有形民俗文化財,有形民俗文化財,ambiguous,1967/12/16,35.750553,139.531105,point,representative_point,ambiguous,有形民俗文化財,,,no_explicit_designation_level
municipal_source,東久留米市,文化財一覧,132000000000.0,https://www.opendata.metro.tokyo.lg.jp/higashikurume/132225_cultural_property.csv,13Tokyo/raw/municipal/13222/data.csv,庚申塔,,老松橋,,,,東久留米市,13222,有形民俗文化財,有形民俗文化財,ambiguous,1967/12/16,35.753031,139.531079,point,representative_point,ambiguous,有形民俗文化財,,,no_explicit_designation_level
municipal_source,東久留米市,文化財一覧,132000000000.0,https://www.opendata.metro.tokyo.lg.jp/higashikurume/132225_cultural_property.csv,13Tokyo/raw/municipal/13222/data.csv,常夜燈,,老松橋,,,,東久留米市,13222,有形民俗文化財,有形民俗文化財,ambiguous,1967/12/16,35.753031,139.531079,point,representative_point,ambiguous,有形民俗文化財,,,no_explicit_designation_level
municipal_source,東久留米市,文化財一覧,132000000000.0,https://www.opendata.metro.tokyo.lg.jp/higashikurume/132225_cultural_property.csv,13Tokyo/raw/municipal/13222/data.csv,庚申塔,,金山塚,,,,東久留米市,13222,有形民俗文化財,有形民俗文化財,ambiguous,1967/12/16,35.767376,139.535154,point,representative_point,ambiguous,有形民俗文化財,,,no_explicit_designation_level
municipal_source,東久留米市,文化財一覧,132000000000.0,https://www.opendata.metro.tokyo.lg.jp/higashikurume/132225_cultural_property.csv,13Tokyo/raw/municipal/13222/data.csv,馬頭観世音塔,,大圓寺門前,,,,東久留米市,13222,有形民俗文化財,有形民俗文化財,ambiguous,1967/12/16,35.762753,139.526953,point,representative_point,ambiguous,有形民俗文化財,,,no_explicit_designation_level
municipal_source,東久留米市,文化財一覧,132000000000.0,https://www.opendata.metro.tokyo.lg.jp/higashikurume/132225_cultural_property.csv,13Tokyo/raw/municipal/13222/data.csv,地蔵菩薩石像,,三叉路,,,,東久留米市,13222,有形民俗文化財,有形民俗文化財,ambiguous,1967/12/16,35.75207,139.515533,point,representative_point,ambiguous,有形民俗文化財,,,no_explicit_designation_level
municipal_source,東久留米市,文化財一覧,132000000000.0,https://www.opendata.metro.tokyo.lg.jp/higashikurume/132225_cultural_property.csv,13Tokyo/raw/municipal/13222/data.csv,地蔵菩薩石像,,路傍,,,,東久留米市,13222,有形民俗文化財,有形民俗文化財,ambiguous,1981/4/6,35.764675,139.546694,point,representative_point,ambiguous,有形民俗文化財,,,no_explicit_designation_level
municipal_source,東久留米市,文化財一覧,132000000000.0,https://www.opendata.metro.tokyo.lg.jp/higashikurume/132225_cultural_property.csv,13Tokyo/raw/municipal/13222/data.csv,地蔵菩薩石像,,三叉路,,,,東久留米市,13222,有形民俗文化財,有形民俗文化財,ambiguous,1981/4/6,35.749663,139.519583,point,representative_point,ambiguous,有形民俗文化財,,,no_explicit_designation_level
municipal_source,東久留米市,文化財一覧,132000000000.0,https://www.opendata.metro.tokyo.lg.jp/higashikurume/132225_cultural_property.csv,13Tokyo/raw/municipal/13222/data.csv,地蔵菩薩石像,,宝泉寺内,,,,東久留米市,13222,有形民俗文化財,有形民俗文化財,ambiguous,1981/4/6,35.767986,139.543479,point,representative_point,ambiguous,有形民俗文化財,,,no_explicit_designation_level
municipal_source,東久留米市,文化財一覧,132000000000.0,https://www.opendata.metro.tokyo.lg.jp/higashikurume/132225_cultural_property.csv,13Tokyo/raw/municipal/13222/data.csv,廻国供養塔,,墓地入口,,,,東久留米市,13222,有形民俗文化財,有形民俗文化財,ambiguous,1981/4/6,35.761034,139.54443,point,representative_point,ambiguous,有形民俗文化財,,,no_explicit_designation_level
municipal_source,東久留米市,文化財一覧,132000000000.0,https://www.opendata.metro.tokyo.lg.jp/higashikurume/132225_cultural_property.csv,13Tokyo/raw/municipal/13222/data.csv,不動明王石像,,不動橋際,,,,東久留米市,13222,有形民俗文化財,有形民俗文化財,ambiguous,1981/4/6,35.759618,139.539918,point,representative_point,ambiguous,有形民俗文化財,,,no_explicit_designation_level
municipal_source,東久留米市,文化財一覧,132000000000.0,https://www.opendata.metro.tokyo.lg.jp/higashikurume/132225_cultural_property.csv,13Tokyo/raw/municipal/13222/data.csv,穀櫃,,大圓寺内,,,,東久留米市,13222,有形民俗文化財,有形民俗文化財,ambiguous,1984/3/31,35.762753,139.526953,point,representative_point,ambiguous,有形民俗文化財,,,no_explicit_designation_level
municipal_source,東久留米市,文化財一覧,132000000000.0,https://www.opendata.metro.tokyo.lg.jp/higashikurume/132225_cultural_property.csv,13Tokyo/raw/municipal/13222/data.csv,石橋廻国供養塔,,路傍,,,,東久留米市,13222,有形民俗文化財,有形民俗文化財,ambiguous,1984/3/31,35.752724,139.520069,point,representative_point,ambiguous,有形民俗文化財,,,no_explicit_designation_level
municipal_source,東久留米市,文化財一覧,132000000000.0,https://www.opendata.metro.tokyo.lg.jp/higashikurume/132225_cultural_property.csv,13Tokyo/raw/municipal/13222/data.csv,石橋供養塔・力石,,小山生活改善センター前,,,,東久留米市,13222,有形民俗文化財,有形民俗文化財,ambiguous,1984/3/31,35.76288,139.523449,point,representative_point,ambiguous,有形民俗文化財,,,no_explicit_designation_level
municipal_source,東久留米市,文化財一覧,132000000000.0,https://www.opendata.metro.tokyo.lg.jp/higashikurume/132225_cultural_property.csv,13Tokyo/raw/municipal/13222/data.csv,庚申塔,,路傍,,,,東久留米市,13222,有形民俗文化財,有形民俗文化財,ambiguous,1984/3/31,35.761239,139.542043,point,representative_point,ambiguous,有形民俗文化財,,,no_explicit_designation_level
municipal_source,東久留米市,文化財一覧,132000000000.0,https://www.opendata.metro.tokyo.lg.jp/higashikurume/132225_cultural_property.csv,13Tokyo/raw/municipal/13222/data.csv,弁財天碑,,,,,,東久留米市,13222,有形民俗文化財,有形民俗文化財,ambiguous,1987/3/25,35.752541,139.516505,point,representative_point,ambiguous,有形民俗文化財,,,no_explicit_designation_level
municipal_source,東久留米市,文化財一覧,132000000000.0,https://www.opendata.metro.tokyo.lg.jp/higashikurume/132225_cultural_property.csv,13Tokyo/raw/municipal/13222/data.csv,地蔵菩薩石像,,墓地,,,,東久留米市,13222,有形民俗文化財,有形民俗文化財,ambiguous,1987/3/25,35.750859,139.490302,point,representative_point,ambiguous,有形民俗文化財,,,no_explicit_designation_level
municipal_source,東久留米市,文化財一覧,132000000000.0,https://www.opendata.metro.tokyo.lg.jp/higashikurume/132225_cultural_property.csv,13Tokyo/raw/municipal/13222/data.csv,石橋供養塔,,大圓寺門前,,,,東久留米市,13222,有形民俗文化財,有形民俗文化財,ambiguous,1991/2/26,35.762753,139.526953,point,representative_point,ambiguous,有形民俗文化財,,,no_explicit_designation_level
municipal_source,東久留米市,文化財一覧,132000000000.0,https://www.opendata.metro.tokyo.lg.jp/higashikurume/132225_cultural_property.csv,13Tokyo/raw/municipal/13222/data.csv,石幢六地蔵菩薩石像,,宝泉寺内,,,,東久留米市,13222,有形民俗文化財,有形民俗文化財,ambiguous,2003/10/6,35.767986,139.543479,point,representative_point,ambiguous,有形民俗文化財,,,no_explicit_designation_level
municipal_source,東久留米市,文化財一覧,132000000000.0,https://www.opendata.metro.tokyo.lg.jp/higashikurume/132225_cultural_property.csv,13Tokyo/raw/municipal/13222/data.csv,旧延命寺跡民間信仰石造物群,,旧延命寺跡,,,,東久留米市,13222,有形民俗文化財,有形民俗文化財,ambiguous,2003/10/6,35.753863,139.510939,point,representative_point,ambiguous,有形民俗文化財,,,no_explicit_designation_level
municipal_source,東久留米市,文化財一覧,132000000000.0,https://www.opendata.metro.tokyo.lg.jp/higashikurume/132225_cultural_property.csv,13Tokyo/raw/municipal/13222/data.csv,地蔵菩薩石像,,路傍,,,,東久留米市,13222,有形民俗文化財,有形民俗文化財,ambiguous,2008/10/14,35.749685,139.51701,point,representative_point,ambiguous,有形民俗文化財,,,no_explicit_designation_level
municipal_source,東久留米市,文化財一覧,132000000000.0,https://www.opendata.metro.tokyo.lg.jp/higashikurume/132225_cultural_property.csv,13Tokyo/raw/municipal/13222/data.csv,地蔵菩薩石像,,長福寺,,,,東久留米市,13222,有形民俗文化財,有形民俗文化財,ambiguous,2008/10/14,35.747472,139.489903,point,representative_point,ambiguous,有形民俗文化財,,,no_explicit_designation_level
municipal_source,東久留米市,文化財一覧,132000000000.0,https://www.opendata.metro.tokyo.lg.jp/higashikurume/132225_cultural_property.csv,13Tokyo/raw/municipal/13222/data.csv,村野家(屋号・天神前)の衣食住資料及び商いと糸繭飛白縞資料,,,,,,東久留米市,13222,有形民俗文化財,有形民俗文化財,ambiguous,2021/1/22,35.747233,139.490126,point,representative_point,ambiguous,有形民俗文化財,,,no_explicit_designation_level
municipal_source,東久留米市,文化財一覧,132000000000.0,https://www.opendata.metro.tokyo.lg.jp/higashikurume/132225_cultural_property.csv,13Tokyo/raw/municipal/13222/data.csv,新山遺跡出土品,,下里小学校展示室他,,,,東久留米市,13222,有形文化財,有形文化財,ambiguous,1981/4/6,35.751108,139.498424,point,representative_point,ambiguous,有形文化財,,,no_explicit_designation_level
municipal_source,東久留米市,文化財一覧,132000000000.0,https://www.opendata.metro.tokyo.lg.jp/higashikurume/132225_cultural_property.csv,13Tokyo/raw/municipal/13222/data.csv,板絵弁財天十五童子図,,宝泉寺,,,,東久留米市,13222,有形文化財,有形文化財,ambiguous,1981/4/6,35.767986,139.543479,point,representative_point,ambiguous,有形文化財,,,no_explicit_designation_level
municipal_source,東久留米市,文化財一覧,132000000000.0,https://www.opendata.metro.tokyo.lg.jp/higashikurume/132225_cultural_property.csv,13Tokyo/raw/municipal/13222/data.csv,多聞寺山門,,多聞寺,,,,東久留米市,13222,有形文化財,有形文化財,ambiguous,1981/4/6,35.754406,139.52936,point,representative_point,ambiguous,有形文化財,,,no_explicit_designation_level
municipal_source,東久留米市,文化財一覧,132000000000.0,https://www.opendata.metro.tokyo.lg.jp/higashikurume/132225_cultural_property.csv,13Tokyo/raw/municipal/13222/data.csv,十三仏板碑,,高橋家墓所,,,,東久留米市,13222,有形文化財,有形文化財,ambiguous,1981/4/6,35.753863,139.510939,point,representative_point,ambiguous,有形文化財,,,no_explicit_designation_level
municipal_source,東久留米市,文化財一覧,132000000000.0,https://www.opendata.metro.tokyo.lg.jp/higashikurume/132225_cultural_property.csv,13Tokyo/raw/municipal/13222/data.csv,多聞寺三代住職逆修供養板碑,,多聞寺,,,,東久留米市,13222,有形文化財,有形文化財,ambiguous,1981/4/6,35.754406,139.52936,point,representative_point,ambiguous,有形文化財,,,no_explicit_designation_level
municipal_source,東久留米市,文化財一覧,132000000000.0,https://www.opendata.metro.tokyo.lg.jp/higashikurume/132225_cultural_property.csv,13Tokyo/raw/municipal/13222/data.csv,月待板碑,,大圓寺,,,,東久留米市,13222,有形文化財,有形文化財,ambiguous,1981/4/6,35.762753,139.526953,point,representative_point,ambiguous,有形文化財,,,no_explicit_designation_level
municipal_source,東久留米市,文化財一覧,132000000000.0,https://www.opendata.metro.tokyo.lg.jp/higashikurume/132225_cultural_property.csv,13Tokyo/raw/municipal/13222/data.csv,阿弥陀如来立像画像板碑,,石塚家墓地,,,,東久留米市,13222,有形文化財,有形文化財,ambiguous,1981/4/6,35.755014,139.509794,point,representative_point,ambiguous,有形文化財,,,no_explicit_designation_level
municipal_source,東久留米市,文化財一覧,132000000000.0,https://www.opendata.metro.tokyo.lg.jp/higashikurume/132225_cultural_property.csv,13Tokyo/raw/municipal/13222/data.csv,下里本邑遺跡出土品,,下里本邑遺跡館他,,,,東久留米市,13222,有形文化財,有形文化財,ambiguous,1984/3/31,35.760502,139.50924,point,representative_point,ambiguous,有形文化財,,,no_explicit_designation_level
municipal_source,東久留米市,文化財一覧,132000000000.0,https://www.opendata.metro.tokyo.lg.jp/higashikurume/132225_cultural_property.csv,13Tokyo/raw/municipal/13222/data.csv,多聞寺前遺跡出土品,,東久留米市郷土資料室,,,,東久留米市,13222,有形文化財,有形文化財,ambiguous,1984/8/28,35.742218,139.504489,point,representative_point,ambiguous,有形文化財,,,no_explicit_designation_level
municipal_source,東久留米市,文化財一覧,132000000000.0,https://www.opendata.metro.tokyo.lg.jp/higashikurume/132225_cultural_property.csv,13Tokyo/raw/municipal/13222/data.csv,富士講関係文書,,村野利美氏所有,,,,東久留米市,13222,有形文化財,有形文化財,ambiguous,1987/3/25,35.75626,139.523143,point,representative_point,ambiguous,有形文化財,,,no_explicit_designation_level
municipal_source,東久留米市,文化財一覧,132000000000.0,https://www.opendata.metro.tokyo.lg.jp/higashikurume/132225_cultural_property.csv,13Tokyo/raw/municipal/13222/data.csv,明治時代各村地引絵図,,東久留米市郷土資料室,,,,東久留米市,13222,有形文化財,有形文化財,ambiguous,1987/3/25,35.742218,139.504489,point,representative_point,ambiguous,有形文化財,,,no_explicit_designation_level
municipal_source,東久留米市,文化財一覧,132000000000.0,https://www.opendata.metro.tokyo.lg.jp/higashikurume/132225_cultural_property.csv,13Tokyo/raw/municipal/13222/data.csv,天正十一年板碑,,東久留米市郷土資料室,,,,東久留米市,13222,有形文化財,有形文化財,ambiguous,1987/3/25,35.742218,139.504489,point,representative_point,ambiguous,有形文化財,,,no_explicit_designation_level
municipal_source,東久留米市,文化財一覧,132000000000.0,https://www.opendata.metro.tokyo.lg.jp/higashikurume/132225_cultural_property.csv,13Tokyo/raw/municipal/13222/data.csv,加藤清正虎退治絵馬,,氷川神社,,,,東久留米市,13222,有形文化財,有形文化財,ambiguous,1989/2/22,35.753548,139.52743,point,representative_point,ambiguous,有形文化財,,,no_explicit_designation_level
municipal_source,東久留米市,文化財一覧,132000000000.0,https://www.opendata.metro.tokyo.lg.jp/higashikurume/132225_cultural_property.csv,13Tokyo/raw/municipal/13222/data.csv,承応三年棟札,,氷川神社,,,,東久留米市,13222,有形文化財,有形文化財,ambiguous,1994/3/7,35.753548,139.52743,point,representative_point,ambiguous,有形文化財,,,no_explicit_designation_level
municipal_source,東久留米市,文化財一覧,132000000000.0,https://www.opendata.metro.tokyo.lg.jp/higashikurume/132225_cultural_property.csv,13Tokyo/raw/municipal/13222/data.csv,米津寺開山大愚和尚肖像画,,米津寺,,,,東久留米市,13222,有形文化財,有形文化財,ambiguous,2000/3/31,35.757168,139.517509,point,representative_point,ambiguous,有形文化財,,,no_explicit_designation_level
municipal_source,東久留米市,文化財一覧,132000000000.0,https://www.opendata.metro.tokyo.lg.jp/higashikurume/132225_cultural_property.csv,13Tokyo/raw/municipal/13222/data.csv,向山遺跡出土品,,東久留米市郷土資料室,,,,東久留米市,13222,有形文化財,有形文化財,ambiguous,2000/3/31,35.742218,139.504489,point,representative_point,ambiguous,有形文化財,,,no_explicit_designation_level
municipal_source,東久留米市,文化財一覧,132000000000.0,https://www.opendata.metro.tokyo.lg.jp/higashikurume/132225_cultural_property.csv,13Tokyo/raw/municipal/13222/data.csv,神明山南遺跡出土品,,東久留米市郷土資料室,,,,東久留米市,13222,有形文化財,有形文化財,ambiguous,2003/10/6,35.742218,139.504489,point,representative_point,ambiguous,有形文化財,,,no_explicit_designation_level
municipal_source,東久留米市,文化財一覧,132000000000.0,https://www.opendata.metro.tokyo.lg.jp/higashikurume/132225_cultural_property.csv,13Tokyo/raw/municipal/13222/data.csv,六仙遺跡出土品,,東久留米市郷土資料室,,,,東久留米市,13222,有形文化財,有形文化財,ambiguous,2011/7/21,35.742218,139.504489,point,representative_point,ambiguous,有形文化財,,,no_explicit_designation_level
municipal_source,東久留米市,文化財一覧,132000000000.0,https://www.opendata.metro.tokyo.lg.jp/higashikurume/132225_cultural_property.csv,13Tokyo/raw/municipal/13222/data.csv,地租改正取調野帳,,東久留米市郷土資料室,,,,東久留米市,13222,有形文化財,有形文化財,ambiguous,2011/7/21,35.742218,139.504489,point,representative_point,ambiguous,有形文化財,,,no_explicit_designation_level
municipal_source,東久留米市,文化財一覧,132000000000.0,https://www.opendata.metro.tokyo.lg.jp/higashikurume/132225_cultural_property.csv,13Tokyo/raw/municipal/13222/data.csv,村野家住宅建築関係文書,,,,,,東久留米市,13222,有形文化財,有形文化財,ambiguous,2011/7/21,35.747233,139.490126,point,representative_point,ambiguous,有形文化財,,,no_explicit_designation_level
municipal_source,東久留米市,文化財一覧,132000000000.0,https://www.opendata.metro.tokyo.lg.jp/higashikurume/132225_cultural_property.csv,13Tokyo/raw/municipal/13222/data.csv,浄牧院旧山門,,浄牧院,,,,東久留米市,13222,有形文化財,有形文化財,ambiguous,2018/7/17,35.763375,139.537983,point,representative_point,ambiguous,有形文化財,,,no_explicit_designation_level
municipal_source,東久留米市,文化財一覧,132000000000.0,https://www.opendata.metro.tokyo.lg.jp/higashikurume/132225_cultural_property.csv,13Tokyo/raw/municipal/13222/data.csv,里道調,,東久留米市郷土資料室,,,,東久留米市,13222,有形文化財,有形文化財,ambiguous,2021/1/22,35.742218,139.504489,point,representative_point,ambiguous,有形文化財,,,no_explicit_designation_level
municipal_source,東久留米市,文化財一覧,132000000000.0,https://www.opendata.metro.tokyo.lg.jp/higashikurume/132225_cultural_property.csv,13Tokyo/raw/municipal/13222/data.csv,柳窪梅林の碑,,天神社,,,,東久留米市,13222,史跡,史跡,ambiguous,1984/3/31,35.747318,139.489527,point,representative_point,ambiguous,史跡,,,no_explicit_designation_level
municipal_source,東久留米市,文化財一覧,132000000000.0,https://www.opendata.metro.tokyo.lg.jp/higashikurume/132225_cultural_property.csv,13Tokyo/raw/municipal/13222/data.csv,神谷家墓所,,浄牧院,,,,東久留米市,13222,史跡,史跡,ambiguous,1984/3/31,35.763375,139.537983,point,representative_point,ambiguous,史跡,,,no_explicit_designation_level
municipal_source,東久留米市,文化財一覧,132000000000.0,https://www.opendata.metro.tokyo.lg.jp/higashikurume/132225_cultural_property.csv,13Tokyo/raw/municipal/13222/data.csv,鈴木家墓所,,浄牧院,,,,東久留米市,13222,史跡,史跡,ambiguous,1991/2/26,35.763375,139.537983,point,representative_point,ambiguous,史跡,,,no_explicit_designation_level
municipal_source,東久留米市,文化財一覧,132000000000.0,https://www.opendata.metro.tokyo.lg.jp/higashikurume/132225_cultural_property.csv,13Tokyo/raw/municipal/13222/data.csv,小山台遺跡,,,,,,東久留米市,13222,史跡,史跡,ambiguous,2000/3/31,35.764559,139.529069,point,representative_point,ambiguous,史跡,,,no_explicit_designation_level
municipal_source,東久留米市,文化財一覧,132000000000.0,https://www.opendata.metro.tokyo.lg.jp/higashikurume/132225_cultural_property.csv,13Tokyo/raw/municipal/13222/data.csv,筆子塚,,墓地,,,,東久留米市,13222,史跡,史跡,ambiguous,2008/10/14,35.750859,139.490302,point,representative_point,ambiguous,史跡,,,no_explicit_designation_level
municipal_source,東久留米市,文化財一覧,132000000000.0,https://www.opendata.metro.tokyo.lg.jp/higashikurume/132225_cultural_property.csv,13Tokyo/raw/municipal/13222/data.csv,成蹊学校跡,,市ごみ対策課敷地,,,,東久留米市,13222,旧跡,旧跡,ambiguous,1989/2/22,35.751752,139.509317,point,representative_point,ambiguous,旧跡,,,no_explicit_designation_level
municipal_source,東久留米市,文化財一覧,132000000000.0,https://www.opendata.metro.tokyo.lg.jp/higashikurume/132225_cultural_property.csv,13Tokyo/raw/municipal/13222/data.csv,共立学校跡,,多聞寺前,,,,東久留米市,13222,旧跡,旧跡,ambiguous,1989/2/22,35.754985,139.529426,point,representative_point,ambiguous,旧跡,,,no_explicit_designation_level
municipal_source,東久留米市,文化財一覧,132000000000.0,https://www.opendata.metro.tokyo.lg.jp/higashikurume/132225_cultural_property.csv,13Tokyo/raw/municipal/13222/data.csv,楊柳沢御殿跡,,,,,,東久留米市,13222,旧跡,旧跡,ambiguous,2003/10/6,35.753863,139.510939,point,representative_point,ambiguous,旧跡,,,no_explicit_designation_level
municipal_source,東久留米市,文化財一覧,132000000000.0,https://www.opendata.metro.tokyo.lg.jp/higashikurume/132225_cultural_property.csv,13Tokyo/raw/municipal/13222/data.csv,武蔵野鉄道引き込み線跡,,,,,,東久留米市,13222,旧跡,旧跡,ambiguous,2014/9/10,35.756543,139.53722,point,representative_point,ambiguous,旧跡,,,no_explicit_designation_level
municipal_source,東久留米市,文化財一覧,132000000000.0,https://www.opendata.metro.tokyo.lg.jp/higashikurume/132225_cultural_property.csv,13Tokyo/raw/municipal/13222/data.csv,北多摩陸軍通信所跡,,,,,,東久留米市,13222,旧跡,旧跡,ambiguous,2014/9/10,35.739695,139.511038,point,representative_point,ambiguous,旧跡,,,no_explicit_designation_level
municipal_source,東久留米市,文化財一覧,132000000000.0,https://www.opendata.metro.tokyo.lg.jp/higashikurume/132225_cultural_property.csv,13Tokyo/raw/municipal/13222/data.csv,海軍大和田通信隊跡,,,,,,東久留米市,13222,旧跡,旧跡,ambiguous,2018/7/17,35.768477,139.541669,point,representative_point,ambiguous,旧跡,,,no_explicit_designation_level
municipal_source,東久留米市,文化財一覧,132000000000.0,https://www.opendata.metro.tokyo.lg.jp/higashikurume/132225_cultural_property.csv,13Tokyo/raw/municipal/13222/data.csv,浄牧院のカヤ,,浄牧院,,,,東久留米市,13222,天然記念物,天然記念物,ambiguous,1994/3/7,35.763375,139.537983,point,representative_point,ambiguous,天然記念物,,,no_explicit_designation_level
municipal_source,東久留米市,文化財一覧,132000000000.0,https://www.opendata.metro.tokyo.lg.jp/higashikurume/132225_cultural_property.csv,13Tokyo/raw/municipal/13222/data.csv,新山遺跡,,下里中学校校庭,,,,東久留米市,13222,史跡,史跡,ambiguous,1978/3/16,35.751863,139.500115,point,representative_point,ambiguous,史跡,,,no_explicit_designation_level
municipal_source,東久留米市,文化財一覧,132000000000.0,https://www.opendata.metro.tokyo.lg.jp/higashikurume/132225_cultural_property.csv,13Tokyo/raw/municipal/13222/data.csv,下里本邑遺跡,,下里本邑遺跡公園,,,,東久留米市,13222,史跡,史跡,ambiguous,1984/3/22,35.760502,139.50924,point,representative_point,ambiguous,史跡,,,no_explicit_designation_level
municipal_source,東久留米市,文化財一覧,132000000000.0,https://www.opendata.metro.tokyo.lg.jp/higashikurume/132225_cultural_property.csv,13Tokyo/raw/municipal/13222/data.csv,米津家墓所,,米津寺,,,,東久留米市,13222,史跡,史跡,ambiguous,1996/3/18,35.757168,139.517509,point,representative_point,ambiguous,史跡,,,no_explicit_designation_level
municipal_source,東久留米市,文化財一覧,132000000000.0,https://www.opendata.metro.tokyo.lg.jp/higashikurume/132225_cultural_property.csv,13Tokyo/raw/municipal/13222/data.csv,自由学園,,,,,,東久留米市,13222,有形文化財(建造物),建造物,ambiguous,2022/3/18,35.752702,139.538451,building_direct,building_candidate_point,ambiguous,有形文化財(建造物),,,no_explicit_designation_level
municipal_source,東久留米市,文化財一覧,132000000000.0,https://www.opendata.metro.tokyo.lg.jp/higashikurume/132225_cultural_property.csv,13Tokyo/raw/municipal/13222/data.csv,七福神遊宴の図,,,,,,東久留米市,13222,有形文化財,有形文化財,ambiguous,2023/10/31,35.747233,139.490126,point,representative_point,ambiguous,有形文化財,,,no_explicit_designation_level
municipal_source,東久留米市,文化財一覧,132000000000.0,https://www.opendata.metro.tokyo.lg.jp/higashikurume/132225_cultural_property.csv,13Tokyo/raw/municipal/13222/data.csv,奉納幟,,,,,,東久留米市,13222,有形民俗文化財,有形民俗文化財,ambiguous,2023/10/31,35.766325,139.534673,point,representative_point,ambiguous,有形民俗文化財,,,no_explicit_designation_level
municipal_source,東久留米市,文化財一覧,132000000000.0,https://www.opendata.metro.tokyo.lg.jp/higashikurume/132225_cultural_property.csv,13Tokyo/raw/municipal/13222/data.csv,奉納幟,,,,,,東久留米市,13222,有形民俗文化財,有形民俗文化財,ambiguous,2023/10/31,35.753548,139.52743,point,representative_point,ambiguous,有形民俗文化財,,,no_explicit_designation_level
municipal_source,東久留米市,文化財一覧,132000000000.0,https://www.opendata.metro.tokyo.lg.jp/higashikurume/132225_cultural_property.csv,13Tokyo/raw/municipal/13222/data.csv,奉納幟,,,,,,東久留米市,13222,有形民俗文化財,有形民俗文化財,ambiguous,2023/10/31,35.737252,139.5243,point,representative_point,ambiguous,有形民俗文化財,,,no_explicit_designation_level
municipal_source,東久留米市,文化財一覧,132000000000.0,https://www.opendata.metro.tokyo.lg.jp/higashikurume/132225_cultural_property.csv,13Tokyo/raw/municipal/13222/data.csv,雨乞い幟,,,,,,東久留米市,13222,有形民俗文化財,有形民俗文化財,ambiguous,2023/10/31,35.764622,139.528014,point,representative_point,ambiguous,有形民俗文化財,,,no_explicit_designation_level
municipal_source,東久留米市,文化財一覧,132000000000.0,https://www.opendata.metro.tokyo.lg.jp/higashikurume/132225_cultural_property.csv,13Tokyo/raw/municipal/13222/data.csv,奉納幟,,,,,,東久留米市,13222,有形民俗文化財,有形民俗文化財,ambiguous,2023/10/31,35.755685,139.503133,point,representative_point,ambiguous,有形民俗文化財,,,no_explicit_designation_level
municipal_source,あきる野市,文化財一覧,2,https://www.city.akiruno.tokyo.jp/cmsfiles/contents/0000015/15465/132284_cultural_property2022.csv,13Tokyo/raw/municipal/13228/data.csv,西秋留石器時代住居跡,,,,あきる野市,あきる野市牛沼265-2,あきる野市,13228,史跡,史跡,ambiguous,1933/4/13,35.719679,139.288819,point,representative_point,ambiguous,史跡,,,no_explicit_designation_level
