source_level,source_authority,source_dataset,source_record_id,source_url,source_file,name,name_kana,place_name,address_detail,owner,address,municipality,municipality_code,category,type,designation,designation_date,latitude,longitude,entity_class,geometry_role,designation_level,raw_category,raw_type,raw_designation
municipal_source,中央区,文化財一覧,131024000000.0,https://www.city.chuo.lg.jp/documents/984/bunkazai.csv,13Tokyo/raw/municipal/13102/data.csv,明治屋京橋ビル,,,,,,中央区,13102,区指定文化財,建造物,municipal,,35.677355,139.770138,building_direct,building_candidate_point,municipal,区指定文化財,建造物,
municipal_source,中央区,文化財一覧,131024000000.0,https://www.city.chuo.lg.jp/documents/984/bunkazai.csv,13Tokyo/raw/municipal/13102/data.csv,日本橋魚市場絵図面,,,,,,中央区,13102,区指定文化財,古文書,municipal,,35.666487,139.771,movable,representative_point,municipal,区指定文化財,古文書,
municipal_source,中央区,文化財一覧,131024000000.0,https://www.city.chuo.lg.jp/documents/984/bunkazai.csv,13Tokyo/raw/municipal/13102/data.csv,寛正三年板碑,,,,,,中央区,13102,区指定文化財,区指定文化財,municipal,,35.673688,139.7756,point,representative_point,municipal,区指定文化財,,
municipal_source,中央区,文化財一覧,131024000000.0,https://www.city.chuo.lg.jp/documents/984/bunkazai.csv,13Tokyo/raw/municipal/13102/data.csv,江戸三座入場券,,,,,,中央区,13102,区指定文化財,考古資料,municipal,,35.673688,139.7756,movable,representative_point,municipal,区指定文化財,考古資料,
municipal_source,中央区,文化財一覧,131024000000.0,https://www.city.chuo.lg.jp/documents/984/bunkazai.csv,13Tokyo/raw/municipal/13102/data.csv,佃島沽券絵図 控,,,,,,中央区,13102,区指定文化財,古文書,municipal,,35.666487,139.771,movable,representative_point,municipal,区指定文化財,古文書,
municipal_source,中央区,文化財一覧,131024000000.0,https://www.city.chuo.lg.jp/documents/984/bunkazai.csv,13Tokyo/raw/municipal/13102/data.csv,日本橋野村ビルディング旧館,,,,,,中央区,13102,区指定文化財,建造物,municipal,,35.683647,139.774858,building_direct,building_candidate_point,municipal,区指定文化財,建造物,
municipal_source,中央区,文化財一覧,131024000000.0,https://www.city.chuo.lg.jp/documents/984/bunkazai.csv,13Tokyo/raw/municipal/13102/data.csv,佃住吉講の獅子頭(龍虎・黒駒),,,,,,中央区,13102,区指定文化財,区指定文化財,municipal,,35.66781,139.782439,point,representative_point,municipal,区指定文化財,,
municipal_source,台東区,文化財一覧,131067100001,https://www.city.taito.lg.jp/kusei/online/opendata/iryo/bunkazai.files/20250314_bunkazai.csv,13Tokyo/raw/municipal/13106/data.csv,絹本著色元三大師画像,,寛永寺,,寛永寺,,台東区,13106,区指定文化財,美術工芸品,municipal,1988-03-31,35.720447,139.770152,movable,representative_point,municipal,区指定文化財,美術工芸品,
municipal_source,台東区,文化財一覧,131067100002,https://www.city.taito.lg.jp/kusei/online/opendata/iryo/bunkazai.files/20250314_bunkazai.csv,13Tokyo/raw/municipal/13106/data.csv,木造毘沙門天立像 附 感応寺毘沙門天王記,,天王寺,,天王寺,,台東区,13106,区指定文化財,美術工芸品,municipal,1988-03-31,35.727344,139.769368,movable,representative_point,municipal,区指定文化財,美術工芸品,
municipal_source,台東区,文化財一覧,131067100003,https://www.city.taito.lg.jp/kusei/online/opendata/iryo/bunkazai.files/20250314_bunkazai.csv,13Tokyo/raw/municipal/13106/data.csv,旧吉田屋酒店,,旧吉田屋酒店,,台東区,,台東区,13106,区指定文化財,有形民俗文化財,municipal,1989-02-20,35.721331,139.770917,point,representative_point,municipal,区指定文化財,有形民俗文化財,
municipal_source,台東区,文化財一覧,131067100007,https://www.city.taito.lg.jp/kusei/online/opendata/iryo/bunkazai.files/20250314_bunkazai.csv,13Tokyo/raw/municipal/13106/data.csv,木造不動明王立像,,自性院,,自性院,,台東区,13106,区指定文化財,美術工芸品,municipal,1990-02-19,35.721578,139.770059,movable,representative_point,municipal,区指定文化財,美術工芸品,
municipal_source,台東区,文化財一覧,131067100010,https://www.city.taito.lg.jp/kusei/online/opendata/iryo/bunkazai.files/20250314_bunkazai.csv,13Tokyo/raw/municipal/13106/data.csv,絹本著色仏頂尊勝曼荼羅,,養寿院,,養寿院,,台東区,13106,区指定文化財,美術工芸品,municipal,1991-02-14,35.720447,139.770152,movable,representative_point,municipal,区指定文化財,美術工芸品,
municipal_source,台東区,文化財一覧,131067100012,https://www.city.taito.lg.jp/kusei/online/opendata/iryo/bunkazai.files/20250314_bunkazai.csv,13Tokyo/raw/municipal/13106/data.csv,木造観音菩薩坐像,,全生庵,,全生庵,,台東区,13106,区指定文化財,美術工芸品,municipal,1991-02-14,35.72441,139.768063,movable,representative_point,municipal,区指定文化財,美術工芸品,
municipal_source,台東区,文化財一覧,131067100016,https://www.city.taito.lg.jp/kusei/online/opendata/iryo/bunkazai.files/20250314_bunkazai.csv,13Tokyo/raw/municipal/13106/data.csv,絹本著色仏涅槃図,,長寿院,,長寿院,,台東区,13106,区指定文化財,美術工芸品,municipal,1992-03-10,35.702601,139.78527,movable,representative_point,municipal,区指定文化財,美術工芸品,
municipal_source,台東区,文化財一覧,131067100019,https://www.city.taito.lg.jp/kusei/online/opendata/iryo/bunkazai.files/20250314_bunkazai.csv,13Tokyo/raw/municipal/13106/data.csv,木造阿弥陀如来立像,,長寿院,,長寿院,,台東区,13106,区指定文化財,美術工芸品,municipal,1992-03-10,35.702601,139.78527,movable,representative_point,municipal,区指定文化財,美術工芸品,
municipal_source,台東区,文化財一覧,131067100026,https://www.city.taito.lg.jp/kusei/online/opendata/iryo/bunkazai.files/20250314_bunkazai.csv,13Tokyo/raw/municipal/13106/data.csv,榧寺縁起 附 榧寺縁起碑,,榧寺,,榧寺,,台東区,13106,区指定文化財,美術工芸品,municipal,2018-03-15,35.70465,139.791433,movable,representative_point,municipal,区指定文化財,美術工芸品,
municipal_source,台東区,文化財一覧,131067100028,https://www.city.taito.lg.jp/kusei/online/opendata/iryo/bunkazai.files/20250314_bunkazai.csv,13Tokyo/raw/municipal/13106/data.csv,旧感応寺(天王寺)富興行関係史料,,天王寺,,天王寺,,台東区,13106,区指定文化財,美術工芸品,municipal,1993-03-09,35.727344,139.769368,movable,representative_point,municipal,区指定文化財,美術工芸品,
municipal_source,台東区,文化財一覧,131067100075,https://www.city.taito.lg.jp/kusei/online/opendata/iryo/bunkazai.files/20250314_bunkazai.csv,13Tokyo/raw/municipal/13106/data.csv,浅草浅間神社本殿并びに諸資料 付 境内地,,浅間神社,,浅草神社,,台東区,13106,区指定文化財,有形民俗文化財,municipal,1999-03-01,35.72055,139.7957,point,representative_point,municipal,区指定文化財,有形民俗文化財,
municipal_source,台東区,文化財一覧,131067100111,https://www.city.taito.lg.jp/kusei/online/opendata/iryo/bunkazai.files/20250314_bunkazai.csv,13Tokyo/raw/municipal/13106/data.csv,紙本著色慈眼大師縁起絵巻,,寛永寺,,寛永寺,,台東区,13106,区指定文化財,美術工芸品,municipal,2010-03-02,35.720447,139.770152,movable,representative_point,municipal,区指定文化財,美術工芸品,
municipal_source,台東区,文化財一覧,131067100117,https://www.city.taito.lg.jp/kusei/online/opendata/iryo/bunkazai.files/20250314_bunkazai.csv,13Tokyo/raw/municipal/13106/data.csv,紙本著色元三大師縁起絵巻,,寛永寺,,寛永寺,,台東区,13106,区指定文化財,美術工芸品,municipal,2010-03-02,35.720447,139.770152,movable,representative_point,municipal,区指定文化財,美術工芸品,
municipal_source,台東区,文化財一覧,131067100120,https://www.city.taito.lg.jp/kusei/online/opendata/iryo/bunkazai.files/20250314_bunkazai.csv,13Tokyo/raw/municipal/13106/data.csv,銅鐘,,浅草寺,,浅草寺,,台東区,13106,区指定文化財,美術工芸品,municipal,2015-03-13,35.71461,139.794125,movable,representative_point,municipal,区指定文化財,美術工芸品,
municipal_source,台東区,文化財一覧,131067100127,https://www.city.taito.lg.jp/kusei/online/opendata/iryo/bunkazai.files/20250314_bunkazai.csv,13Tokyo/raw/municipal/13106/data.csv,紙本著色熊谷稲荷縁起絵巻 附.紙本墨書熊谷稲荷縁起,,浅草寺,,浅草寺,,台東区,13106,区指定文化財,美術工芸品,municipal,2014-03-03,35.71461,139.794125,movable,representative_point,municipal,区指定文化財,美術工芸品,
municipal_source,台東区,文化財一覧,131067100133,https://www.city.taito.lg.jp/kusei/online/opendata/iryo/bunkazai.files/20250314_bunkazai.csv,13Tokyo/raw/municipal/13106/data.csv,杮経,,台東区教育委員会,,台東区教育委員会,,台東区,13106,区指定文化財,美術工芸品,municipal,2011-03-16,35.717536,139.789599,movable,representative_point,municipal,区指定文化財,美術工芸品,
municipal_source,台東区,文化財一覧,131067100157,https://www.city.taito.lg.jp/kusei/online/opendata/iryo/bunkazai.files/20250314_bunkazai.csv,13Tokyo/raw/municipal/13106/data.csv,木造阿弥陀如来坐像,,浅草寺,,浅草寺,,台東区,13106,区指定文化財,美術工芸品,municipal,2016-03-15,35.71461,139.794125,movable,representative_point,municipal,区指定文化財,美術工芸品,
municipal_source,台東区,文化財一覧,131067100161,https://www.city.taito.lg.jp/kusei/online/opendata/iryo/bunkazai.files/20250314_bunkazai.csv,13Tokyo/raw/municipal/13106/data.csv,玉露童女追悼集 附 木造玉露童女坐像 玉露童女書状,,浅草寺,,浅草寺,,台東区,13106,区指定文化財,美術工芸品,municipal,2019-03-15,35.71461,139.794125,movable,representative_point,municipal,区指定文化財,美術工芸品,
municipal_source,台東区,文化財一覧,131067100175,https://www.city.taito.lg.jp/kusei/online/opendata/iryo/bunkazai.files/20250314_bunkazai.csv,13Tokyo/raw/municipal/13106/data.csv,木造観音菩薩立像,,浅草寺,,浅草寺,,台東区,13106,区指定文化財,美術工芸品,municipal,2020-03-13,35.71461,139.794125,movable,representative_point,municipal,区指定文化財,美術工芸品,
municipal_source,江東区,文化財一覧,131083000000.0,https://www.opendata.metro.tokyo.lg.jp/koto/131083_002_cultural_property.csv,13Tokyo/raw/municipal/13108/data.csv,石造燈籠 昭和2年在銘 一対,,深川稲荷神社,,深川稲荷神社,,江東区,13108,江東区登録文化財,建造物,municipal,1996/3/22,35.68291,139.796847,building_direct,building_candidate_point,municipal,江東区登録文化財,建造物,
municipal_source,江東区,文化財一覧,131083000000.0,https://www.opendata.metro.tokyo.lg.jp/koto/131083_002_cultural_property.csv,13Tokyo/raw/municipal/13108/data.csv,石造燈籠 林忠旭奉納寛永寺旧蔵,,本誓寺,,本誓寺,,江東区,13108,江東区登録文化財,建造物,municipal,1987/3/26,35.681383,139.797588,building_direct,building_candidate_point,municipal,江東区登録文化財,建造物,
municipal_source,江東区,文化財一覧,131083000000.0,https://www.opendata.metro.tokyo.lg.jp/koto/131083_002_cultural_property.csv,13Tokyo/raw/municipal/13108/data.csv,新大橋親柱,,新大橋東詰公園,,東京都,,江東区,13108,江東区登録文化財,建造物,municipal,2010/3/26,35.687659,139.793454,building_direct,building_candidate_point,municipal,江東区登録文化財,建造物,
municipal_source,江東区,文化財一覧,131083000000.0,https://www.opendata.metro.tokyo.lg.jp/koto/131083_002_cultural_property.csv,13Tokyo/raw/municipal/13108/data.csv,コンクリート造鳥居 昭和11年在銘,,八名川稲荷神社,,八名川稲荷神社,,江東区,13108,江東区登録文化財,建造物,municipal,2000/3/27,35.686457,139.795331,building_direct,building_candidate_point,municipal,江東区登録文化財,建造物,
municipal_source,江東区,文化財一覧,131083000000.0,https://www.opendata.metro.tokyo.lg.jp/koto/131083_002_cultural_property.csv,13Tokyo/raw/municipal/13108/data.csv,石造燈籠 昭和9年在銘 一対,,深川神明宮,,深川神明宮,,江東区,13108,江東区登録文化財,建造物,municipal,1997/3/28,35.686682,139.797309,building_direct,building_candidate_point,municipal,江東区登録文化財,建造物,
municipal_source,江東区,文化財一覧,131083000000.0,https://www.opendata.metro.tokyo.lg.jp/koto/131083_002_cultural_property.csv,13Tokyo/raw/municipal/13108/data.csv,石造燈籠 初代中村歌右衛門奉納,,浄心寺,,浄心寺,,江東区,13108,江東区登録文化財,建造物,municipal,1982/3/15,35.678433,139.801951,building_direct,building_candidate_point,municipal,江東区登録文化財,建造物,
municipal_source,江東区,文化財一覧,131083000000.0,https://www.opendata.metro.tokyo.lg.jp/koto/131083_002_cultural_property.csv,13Tokyo/raw/municipal/13108/data.csv,石造燈籠 伊達宗村奉納 一対,,浄心寺,,浄心寺,,江東区,13108,江東区登録文化財,建造物,municipal,1982/3/15,35.678433,139.801951,building_direct,building_candidate_point,municipal,江東区登録文化財,建造物,
municipal_source,江東区,文化財一覧,131083000000.0,https://www.opendata.metro.tokyo.lg.jp/koto/131083_002_cultural_property.csv,13Tokyo/raw/municipal/13108/data.csv,石造燈籠 初代坂東彦三郎・津川哥門他奉納 一対,,浄心寺,,浄心寺,,江東区,13108,江東区登録文化財,建造物,municipal,1984/3/26,35.678433,139.801951,building_direct,building_candidate_point,municipal,江東区登録文化財,建造物,
municipal_source,江東区,文化財一覧,131083000000.0,https://www.opendata.metro.tokyo.lg.jp/koto/131083_002_cultural_property.csv,13Tokyo/raw/municipal/13108/data.csv,石造宝篋印塔(残欠) 明暦3年在銘,,浄心寺,,浄心寺,,江東区,13108,江東区登録文化財,建造物,municipal,1984/3/26,35.678433,139.801951,building_direct,building_candidate_point,municipal,江東区登録文化財,建造物,
municipal_source,江東区,文化財一覧,131083000000.0,https://www.opendata.metro.tokyo.lg.jp/koto/131083_002_cultural_property.csv,13Tokyo/raw/municipal/13108/data.csv,石造燈籠 服部正保他奉納 一対,,長専院,,長専院,,江東区,13108,江東区登録文化財,建造物,municipal,1982/3/15,35.680705,139.800321,building_direct,building_candidate_point,municipal,江東区登録文化財,建造物,
municipal_source,江東区,文化財一覧,131083000000.0,https://www.opendata.metro.tokyo.lg.jp/koto/131083_002_cultural_property.csv,13Tokyo/raw/municipal/13108/data.csv,石造五輪塔(榊原式部大輔政倫墓) 天和3年在銘,,長専院,,長専院,,江東区,13108,江東区登録文化財,建造物,municipal,1982/3/15,35.680705,139.800321,building_direct,building_candidate_point,municipal,江東区登録文化財,建造物,
municipal_source,江東区,文化財一覧,131083000000.0,https://www.opendata.metro.tokyo.lg.jp/koto/131083_002_cultural_property.csv,13Tokyo/raw/municipal/13108/data.csv,石造燈籠 享保10年在銘,,正覚院,,正覚院,,江東区,13108,江東区登録文化財,建造物,municipal,1987/3/26,35.680547,139.799813,building_direct,building_candidate_point,municipal,江東区登録文化財,建造物,
municipal_source,江東区,文化財一覧,131083000000.0,https://www.opendata.metro.tokyo.lg.jp/koto/131083_002_cultural_property.csv,13Tokyo/raw/municipal/13108/data.csv,石造燈籠 明和3年在銘,,正覚院,,正覚院,,江東区,13108,江東区登録文化財,建造物,municipal,1987/3/26,35.680547,139.799813,building_direct,building_candidate_point,municipal,江東区登録文化財,建造物,
municipal_source,江東区,文化財一覧,131083000000.0,https://www.opendata.metro.tokyo.lg.jp/koto/131083_002_cultural_property.csv,13Tokyo/raw/municipal/13108/data.csv,石造五輪塔 貞享3年在銘,,龍光院,,龍光院,,江東区,13108,江東区登録文化財,建造物,municipal,1996/3/22,35.679983,139.803537,building_direct,building_candidate_point,municipal,江東区登録文化財,建造物,
municipal_source,江東区,文化財一覧,131083000000.0,https://www.opendata.metro.tokyo.lg.jp/koto/131083_002_cultural_property.csv,13Tokyo/raw/municipal/13108/data.csv,石造宝篋印塔(阿茶局墓塔) 寛永14年在銘,,雲光院,,雲光院,,江東区,13108,江東区指定文化財,建造物,municipal,2001/3/29,35.680513,139.803357,building_direct,building_candidate_point,municipal,江東区指定文化財,建造物,
municipal_source,江東区,文化財一覧,131083000000.0,https://www.opendata.metro.tokyo.lg.jp/koto/131083_002_cultural_property.csv,13Tokyo/raw/municipal/13108/data.csv,石造宝篋印塔 寛永14年在銘,,雲光院,,雲光院,,江東区,13108,江東区登録文化財,建造物,municipal,1989/3/24,35.680513,139.803357,building_direct,building_candidate_point,municipal,江東区登録文化財,建造物,
municipal_source,江東区,文化財一覧,131083000000.0,https://www.opendata.metro.tokyo.lg.jp/koto/131083_002_cultural_property.csv,13Tokyo/raw/municipal/13108/data.csv,石造五輪塔 寛文13年在銘,,一言院(墓地),,一言院(墓地),,江東区,13108,江東区登録文化財,建造物,municipal,1986/3/26,35.680536,139.804301,building_direct,building_candidate_point,municipal,江東区登録文化財,建造物,
municipal_source,江東区,文化財一覧,131083000000.0,https://www.opendata.metro.tokyo.lg.jp/koto/131083_002_cultural_property.csv,13Tokyo/raw/municipal/13108/data.csv,石造燈籠 一対,,霊巖寺,,霊巖寺,,江東区,13108,江東区登録文化財,建造物,municipal,1988/3/24,35.680812,139.799953,building_direct,building_candidate_point,municipal,江東区登録文化財,建造物,
municipal_source,江東区,文化財一覧,131083000000.0,https://www.opendata.metro.tokyo.lg.jp/koto/131083_002_cultural_property.csv,13Tokyo/raw/municipal/13108/data.csv,石造燈籠 天明6年在銘 一対,,霊巖寺,,霊巖寺,,江東区,13108,江東区登録文化財,建造物,municipal,1988/3/24,35.680812,139.799953,building_direct,building_candidate_point,municipal,江東区登録文化財,建造物,
municipal_source,江東区,文化財一覧,131083000000.0,https://www.opendata.metro.tokyo.lg.jp/koto/131083_002_cultural_property.csv,13Tokyo/raw/municipal/13108/data.csv,石造燈籠 宝永4年在銘,,霊巖寺,,霊巖寺,,江東区,13108,江東区登録文化財,建造物,municipal,1988/3/24,35.680812,139.799953,building_direct,building_candidate_point,municipal,江東区登録文化財,建造物,
municipal_source,江東区,文化財一覧,131083000000.0,https://www.opendata.metro.tokyo.lg.jp/koto/131083_002_cultural_property.csv,13Tokyo/raw/municipal/13108/data.csv,石造鳥居 昭和5年在銘,,福住稲荷神社,,福住稲荷神社,,江東区,13108,江東区登録文化財,建造物,municipal,2011/3/28,35.674928,139.792401,building_direct,building_candidate_point,municipal,江東区登録文化財,建造物,
municipal_source,江東区,文化財一覧,131083000000.0,https://www.opendata.metro.tokyo.lg.jp/koto/131083_002_cultural_property.csv,13Tokyo/raw/municipal/13108/data.csv,石造五輪塔,,慧然寺,,慧然寺,,江東区,13108,江東区登録文化財,建造物,municipal,1989/3/24,35.676873,139.799094,building_direct,building_candidate_point,municipal,江東区登録文化財,建造物,
municipal_source,江東区,文化財一覧,131083000000.0,https://www.opendata.metro.tokyo.lg.jp/koto/131083_002_cultural_property.csv,13Tokyo/raw/municipal/13108/data.csv,石造燈籠 寛文8年在銘,,慧然寺,,慧然寺,,江東区,13108,江東区登録文化財,建造物,municipal,1998/3/30,35.676873,139.799094,building_direct,building_candidate_point,municipal,江東区登録文化財,建造物,
municipal_source,江東区,文化財一覧,131083000000.0,https://www.opendata.metro.tokyo.lg.jp/koto/131083_002_cultural_property.csv,13Tokyo/raw/municipal/13108/data.csv,石造燈籠 浅野長矩奉納寛永寺旧蔵,,,,個人蔵,,江東区,13108,江東区登録文化財,建造物,municipal,1983/3/25,35.676362,139.797724,building_direct,building_candidate_point,municipal,江東区登録文化財,建造物,
municipal_source,江東区,文化財一覧,131083000000.0,https://www.opendata.metro.tokyo.lg.jp/koto/131083_002_cultural_property.csv,13Tokyo/raw/municipal/13108/data.csv,石造燈明台 明治31年在銘,,江東区,,江東区,,江東区,13108,江東区指定文化財,建造物,municipal,2008/2/22,35.672811,139.79774,building_direct,building_candidate_point,municipal,江東区指定文化財,建造物,
municipal_source,江東区,文化財一覧,131083000000.0,https://www.opendata.metro.tokyo.lg.jp/koto/131083_002_cultural_property.csv,13Tokyo/raw/municipal/13108/data.csv,石造燈籠 明治15年在銘 一対,,深川不動堂,,深川不動堂,,江東区,13108,江東区登録文化財,建造物,municipal,1987/3/26,35.672853,139.798368,building_direct,building_candidate_point,municipal,江東区登録文化財,建造物,
municipal_source,江東区,文化財一覧,131083000000.0,https://www.opendata.metro.tokyo.lg.jp/koto/131083_002_cultural_property.csv,13Tokyo/raw/municipal/13108/data.csv,石造玉垣 明治22年在銘,,深川不動堂,,深川不動堂,,江東区,13108,江東区登録文化財,建造物,municipal,1987/3/26,35.672853,139.798368,building_direct,building_candidate_point,municipal,江東区登録文化財,建造物,
municipal_source,江東区,文化財一覧,131083000000.0,https://www.opendata.metro.tokyo.lg.jp/koto/131083_002_cultural_property.csv,13Tokyo/raw/municipal/13108/data.csv,深川不動堂旧本堂,,深川不動堂,,深川不動堂,,江東区,13108,江東区指定文化財,建造物,municipal,2008/3/28,35.672853,139.798368,building_direct,building_candidate_point,municipal,江東区指定文化財,建造物,
municipal_source,江東区,文化財一覧,131083000000.0,https://www.opendata.metro.tokyo.lg.jp/koto/131083_002_cultural_property.csv,13Tokyo/raw/municipal/13108/data.csv,和倉橋親柱 2基,,江東区,,江東区,,江東区,13108,江東区指定文化財,建造物,municipal,2017/4/1,35.673263,139.799212,building_direct,building_candidate_point,municipal,江東区指定文化財,建造物,
municipal_source,江東区,文化財一覧,131083000000.0,https://www.opendata.metro.tokyo.lg.jp/koto/131083_002_cultural_property.csv,13Tokyo/raw/municipal/13108/data.csv,石造燈籠 伊奈忠宥奉納 一対,,富岡八幡宮,,富岡八幡宮,,江東区,13108,江東区登録文化財,建造物,municipal,1982/3/15,35.671958,139.799609,building_direct,building_candidate_point,municipal,江東区登録文化財,建造物,
municipal_source,江東区,文化財一覧,131083000000.0,https://www.opendata.metro.tokyo.lg.jp/koto/131083_002_cultural_property.csv,13Tokyo/raw/municipal/13108/data.csv,石造燈籠 買手中奉納,,富岡八幡宮,,富岡八幡宮,,江東区,13108,江東区登録文化財,建造物,municipal,1982/3/15,35.671958,139.799609,building_direct,building_candidate_point,municipal,江東区登録文化財,建造物,
municipal_source,江東区,文化財一覧,131083000000.0,https://www.opendata.metro.tokyo.lg.jp/koto/131083_002_cultural_property.csv,13Tokyo/raw/municipal/13108/data.csv,石造燈籠 享保16年在銘 一対,,富岡八幡宮,,富岡八幡宮,,江東区,13108,江東区登録文化財,建造物,municipal,1982/3/15,35.671958,139.799609,building_direct,building_candidate_point,municipal,江東区登録文化財,建造物,
municipal_source,江東区,文化財一覧,131083000000.0,https://www.opendata.metro.tokyo.lg.jp/koto/131083_002_cultural_property.csv,13Tokyo/raw/municipal/13108/data.csv,石造燈籠 丸屋七右衛門奉納 一対,,富岡八幡宮,,富岡八幡宮,,江東区,13108,江東区登録文化財,建造物,municipal,1983/3/25,35.671958,139.799609,building_direct,building_candidate_point,municipal,江東区登録文化財,建造物,
municipal_source,江東区,文化財一覧,131083000000.0,https://www.opendata.metro.tokyo.lg.jp/koto/131083_002_cultural_property.csv,13Tokyo/raw/municipal/13108/data.csv,石造燈籠 栖原三九郎奉納 一対,,富岡八幡宮,,富岡八幡宮,,江東区,13108,江東区登録文化財,建造物,municipal,1983/3/25,35.671958,139.799609,building_direct,building_candidate_point,municipal,江東区登録文化財,建造物,
municipal_source,江東区,文化財一覧,131083000000.0,https://www.opendata.metro.tokyo.lg.jp/koto/131083_002_cultural_property.csv,13Tokyo/raw/municipal/13108/data.csv,石造燈籠 元治元年在銘 一対,,富岡八幡宮,,富岡八幡宮,,江東区,13108,江東区登録文化財,建造物,municipal,1987/3/26,35.671958,139.799609,building_direct,building_candidate_point,municipal,江東区登録文化財,建造物,
municipal_source,江東区,文化財一覧,131083000000.0,https://www.opendata.metro.tokyo.lg.jp/koto/131083_002_cultural_property.csv,13Tokyo/raw/municipal/13108/data.csv,石造鳥居 文化2年在銘,,富岡八幡宮,,富岡八幡宮,,江東区,13108,江東区登録文化財,建造物,municipal,1987/3/26,35.671958,139.799609,building_direct,building_candidate_point,municipal,江東区登録文化財,建造物,
municipal_source,江東区,文化財一覧,131083000000.0,https://www.opendata.metro.tokyo.lg.jp/koto/131083_002_cultural_property.csv,13Tokyo/raw/municipal/13108/data.csv,石造鳥居 東京肥料商有志奉納,,富岡八幡宮,,富岡八幡宮,,江東区,13108,江東区登録文化財,建造物,municipal,1996/3/22,35.671958,139.799609,building_direct,building_candidate_point,municipal,江東区登録文化財,建造物,
municipal_source,江東区,文化財一覧,131083000000.0,https://www.opendata.metro.tokyo.lg.jp/koto/131083_002_cultural_property.csv,13Tokyo/raw/municipal/13108/data.csv,石造燈籠 深川浜常燈講奉納 一対,,富岡八幡宮,,富岡八幡宮,,江東区,13108,江東区登録文化財,建造物,municipal,1998/3/30,35.671958,139.799609,building_direct,building_candidate_point,municipal,江東区登録文化財,建造物,
municipal_source,江東区,文化財一覧,131083000000.0,https://www.opendata.metro.tokyo.lg.jp/koto/131083_002_cultural_property.csv,13Tokyo/raw/municipal/13108/data.csv,石造鳥居 昭和9年在銘,,富岡八幡宮,,富岡八幡宮,,江東区,13108,江東区登録文化財,建造物,municipal,1998/3/30,35.671958,139.799609,building_direct,building_candidate_point,municipal,江東区登録文化財,建造物,
municipal_source,江東区,文化財一覧,131083000000.0,https://www.opendata.metro.tokyo.lg.jp/koto/131083_002_cultural_property.csv,13Tokyo/raw/municipal/13108/data.csv,石造鳥居 昭和9年在銘,,富岡八幡宮,,富岡八幡宮,,江東区,13108,江東区登録文化財,建造物,municipal,1998/3/30,35.671958,139.799609,building_direct,building_candidate_point,municipal,江東区登録文化財,建造物,
municipal_source,江東区,文化財一覧,131083000000.0,https://www.opendata.metro.tokyo.lg.jp/koto/131083_002_cultural_property.csv,13Tokyo/raw/municipal/13108/data.csv,石造鳥居 昭和12年在銘,,富岡八幡宮,,富岡八幡宮,,江東区,13108,江東区登録文化財,建造物,municipal,1999/3/26,35.671958,139.799609,building_direct,building_candidate_point,municipal,江東区登録文化財,建造物,
municipal_source,江東区,文化財一覧,131083000000.0,https://www.opendata.metro.tokyo.lg.jp/koto/131083_002_cultural_property.csv,13Tokyo/raw/municipal/13108/data.csv,石造燈籠 市倉秀楽三代目光雄奉納,,富岡八幡宮,,富岡八幡宮,,江東区,13108,江東区登録文化財,建造物,municipal,2000/3/27,35.671958,139.799609,building_direct,building_candidate_point,municipal,江東区登録文化財,建造物,
municipal_source,江東区,文化財一覧,131083000000.0,https://www.opendata.metro.tokyo.lg.jp/koto/131083_002_cultural_property.csv,13Tokyo/raw/municipal/13108/data.csv,石造燈籠 小川治兵衛奉納 一対,,富岡八幡宮,,富岡八幡宮,,江東区,13108,江東区登録文化財,建造物,municipal,2006/10/27,35.671958,139.799609,building_direct,building_candidate_point,municipal,江東区登録文化財,建造物,
municipal_source,江東区,文化財一覧,131083000000.0,https://www.opendata.metro.tokyo.lg.jp/koto/131083_002_cultural_property.csv,13Tokyo/raw/municipal/13108/data.csv,石造燈籠 栖原三九郎・小川市兵衛奉納 一対,,住吉神社,,住吉神社,,江東区,13108,江東区登録文化財,建造物,municipal,1984/3/26,35.669482,139.797678,building_direct,building_candidate_point,municipal,江東区登録文化財,建造物,
municipal_source,江東区,文化財一覧,131083000000.0,https://www.opendata.metro.tokyo.lg.jp/koto/131083_002_cultural_property.csv,13Tokyo/raw/municipal/13108/data.csv,石造鳥居 昭和12年在銘,,住吉神社,,住吉神社,,江東区,13108,江東区登録文化財,建造物,municipal,1999/3/26,35.669482,139.797678,building_direct,building_candidate_point,municipal,江東区登録文化財,建造物,
municipal_source,江東区,文化財一覧,131083000000.0,https://www.opendata.metro.tokyo.lg.jp/koto/131083_002_cultural_property.csv,13Tokyo/raw/municipal/13108/data.csv,石造燈籠 板倉重形奉納寛永寺旧蔵,,東京木材市場株式会社,,東京木材市場株式会社,,江東区,13108,江東区登録文化財,建造物,municipal,2017/4/1,35.640071,139.822574,building_direct,building_candidate_point,municipal,江東区登録文化財,建造物,
municipal_source,江東区,文化財一覧,131083000000.0,https://www.opendata.metro.tokyo.lg.jp/koto/131083_002_cultural_property.csv,13Tokyo/raw/municipal/13108/data.csv,石造六角宝塔 貞享2年在銘,,宇迦八幡宮,,宇迦八幡宮,,江東区,13108,江東区登録文化財,建造物,municipal,1981/3/31,35.682329,139.815016,building_direct,building_candidate_point,municipal,江東区登録文化財,建造物,
municipal_source,江東区,文化財一覧,131083000000.0,https://www.opendata.metro.tokyo.lg.jp/koto/131083_002_cultural_property.csv,13Tokyo/raw/municipal/13108/data.csv,石造燈籠 御作事方・御勘定方・御材木方奉納 一対,,猿江神社内藤森稲荷神社,,藤森稲荷神社,,江東区,13108,江東区登録文化財,建造物,municipal,1984/3/26,35.685871,139.814147,building_direct,building_candidate_point,municipal,江東区登録文化財,建造物,
municipal_source,江東区,文化財一覧,131083000000.0,https://www.opendata.metro.tokyo.lg.jp/koto/131083_002_cultural_property.csv,13Tokyo/raw/municipal/13108/data.csv,石造燈籠 昭和6年在銘 一対,,猿江神社,,猿江神社,,江東区,13108,江東区登録文化財,建造物,municipal,1996/3/22,35.685871,139.814147,building_direct,building_candidate_point,municipal,江東区登録文化財,建造物,
municipal_source,江東区,文化財一覧,131083000000.0,https://www.opendata.metro.tokyo.lg.jp/koto/131083_002_cultural_property.csv,13Tokyo/raw/municipal/13108/data.csv,石造燈籠 猿江裏町南部町会奉納 一対,,猿江神社,,猿江神社,,江東区,13108,江東区登録文化財,建造物,municipal,1997/3/28,35.685871,139.814147,building_direct,building_candidate_point,municipal,江東区登録文化財,建造物,
municipal_source,江東区,文化財一覧,131083000000.0,https://www.opendata.metro.tokyo.lg.jp/koto/131083_002_cultural_property.csv,13Tokyo/raw/municipal/13108/data.csv,旧渋沢家住宅,,清水建設株式会社温故創新の森NOVARE,,清水建設株式会社,,江東区,13108,江東区指定文化財,建造物,municipal,2020/1/6,35.660247,139.819425,building_direct,building_candidate_point,municipal,江東区指定文化財,建造物,
municipal_source,江東区,文化財一覧,131083000000.0,https://www.opendata.metro.tokyo.lg.jp/koto/131083_002_cultural_property.csv,13Tokyo/raw/municipal/13108/data.csv,石造鳥居 下村店中奉納,,繁栄稲荷神社,,繁栄稲荷神社,,江東区,13108,江東区登録文化財,建造物,municipal,1983/3/25,35.669951,139.804783,building_direct,building_candidate_point,municipal,江東区登録文化財,建造物,
municipal_source,江東区,文化財一覧,131083000000.0,https://www.opendata.metro.tokyo.lg.jp/koto/131083_002_cultural_property.csv,13Tokyo/raw/municipal/13108/data.csv,石造燈籠 寛政6年在銘 一対,,繁栄稲荷神社,,繁栄稲荷神社,,江東区,13108,江東区登録文化財,建造物,municipal,1985/3/25,35.669951,139.804783,building_direct,building_candidate_point,municipal,江東区登録文化財,建造物,
municipal_source,江東区,文化財一覧,131083000000.0,https://www.opendata.metro.tokyo.lg.jp/koto/131083_002_cultural_property.csv,13Tokyo/raw/municipal/13108/data.csv,石造燈籠 燈籠講奉納 一対,,繁栄稲荷神社,,繁栄稲荷神社,,江東区,13108,江東区登録文化財,建造物,municipal,1985/3/25,35.669951,139.804783,building_direct,building_candidate_point,municipal,江東区登録文化財,建造物,
municipal_source,江東区,文化財一覧,131083000000.0,https://www.opendata.metro.tokyo.lg.jp/koto/131083_002_cultural_property.csv,13Tokyo/raw/municipal/13108/data.csv,石造燈籠 明治28年在銘 一対,,繁栄稲荷神社,,繁栄稲荷神社,,江東区,13108,江東区登録文化財,建造物,municipal,1988/3/24,35.669951,139.804783,building_direct,building_candidate_point,municipal,江東区登録文化財,建造物,
municipal_source,江東区,文化財一覧,131083000000.0,https://www.opendata.metro.tokyo.lg.jp/koto/131083_002_cultural_property.csv,13Tokyo/raw/municipal/13108/data.csv,繁栄稲荷神社本殿,,繁栄稲荷神社,,繁栄稲荷神社,,江東区,13108,江東区指定文化財,建造物,municipal,2014/4/4,35.669951,139.804783,building_direct,building_candidate_point,municipal,江東区指定文化財,建造物,
municipal_source,江東区,文化財一覧,131083000000.0,https://www.opendata.metro.tokyo.lg.jp/koto/131083_002_cultural_property.csv,13Tokyo/raw/municipal/13108/data.csv,石造燈籠 大久保教重奉納寛永寺旧蔵,,USCビル,,USCビル,,江東区,13108,江東区登録文化財,建造物,municipal,1992/3/27,35.673634,139.816582,building_direct,building_candidate_point,municipal,江東区登録文化財,建造物,
municipal_source,江東区,文化財一覧,131083000000.0,https://www.opendata.metro.tokyo.lg.jp/koto/131083_002_cultural_property.csv,13Tokyo/raw/municipal/13108/data.csv,石造燈籠 西郷延員奉納寛永寺旧蔵,,東京原木協同組合,,東京原木協同組合,,江東区,13108,江東区登録文化財,建造物,municipal,1986/3/26,35.673575,139.815765,building_direct,building_candidate_point,municipal,江東区登録文化財,建造物,
municipal_source,江東区,文化財一覧,131083000000.0,https://www.opendata.metro.tokyo.lg.jp/koto/131083_002_cultural_property.csv,13Tokyo/raw/municipal/13108/data.csv,石造燈籠 塩原太助奉納,,亀戸天神社,,亀戸天神社,,江東区,13108,江東区登録文化財,建造物,municipal,1981/3/31,35.702666,139.820838,building_direct,building_candidate_point,municipal,江東区登録文化財,建造物,
municipal_source,江東区,文化財一覧,131083000000.0,https://www.opendata.metro.tokyo.lg.jp/koto/131083_002_cultural_property.csv,13Tokyo/raw/municipal/13108/data.csv,石造燈籠 大正2年在銘 一対,,亀戸天神社,,亀戸天神社,,江東区,13108,江東区登録文化財,建造物,municipal,1989/3/24,35.702666,139.820838,building_direct,building_candidate_point,municipal,江東区登録文化財,建造物,
municipal_source,江東区,文化財一覧,131083000000.0,https://www.opendata.metro.tokyo.lg.jp/koto/131083_002_cultural_property.csv,13Tokyo/raw/municipal/13108/data.csv,石造鳥居 弘化2年在銘,,亀戸天神社,,亀戸天神社,,江東区,13108,江東区登録文化財,建造物,municipal,1990/3/28,35.702666,139.820838,building_direct,building_candidate_point,municipal,江東区登録文化財,建造物,
municipal_source,江東区,文化財一覧,131083000000.0,https://www.opendata.metro.tokyo.lg.jp/koto/131083_002_cultural_property.csv,13Tokyo/raw/municipal/13108/data.csv,石造燈籠 明治35年在銘 一対,,亀戸天神社,,亀戸天神社,,江東区,13108,江東区登録文化財,建造物,municipal,1990/3/28,35.702666,139.820838,building_direct,building_candidate_point,municipal,江東区登録文化財,建造物,
municipal_source,江東区,文化財一覧,131083000000.0,https://www.opendata.metro.tokyo.lg.jp/koto/131083_002_cultural_property.csv,13Tokyo/raw/municipal/13108/data.csv,石造燈籠 大正5年在銘,,亀戸天神社,,亀戸天神社,,江東区,13108,江東区登録文化財,建造物,municipal,1991/3/28,35.702666,139.820838,building_direct,building_candidate_point,municipal,江東区登録文化財,建造物,
municipal_source,江東区,文化財一覧,131083000000.0,https://www.opendata.metro.tokyo.lg.jp/koto/131083_002_cultural_property.csv,13Tokyo/raw/municipal/13108/data.csv,石造燈籠 明治35年在銘 一対,,亀戸天神社,,亀戸天神社,,江東区,13108,江東区登録文化財,建造物,municipal,1996/3/22,35.702666,139.820838,building_direct,building_candidate_point,municipal,江東区登録文化財,建造物,
municipal_source,江東区,文化財一覧,131083000000.0,https://www.opendata.metro.tokyo.lg.jp/koto/131083_002_cultural_property.csv,13Tokyo/raw/municipal/13108/data.csv,石造燈籠 明治35年在銘,,亀戸天神社,,亀戸天神社,,江東区,13108,江東区登録文化財,建造物,municipal,1996/3/22,35.702666,139.820838,building_direct,building_candidate_point,municipal,江東区登録文化財,建造物,
municipal_source,江東区,文化財一覧,131083000000.0,https://www.opendata.metro.tokyo.lg.jp/koto/131083_002_cultural_property.csv,13Tokyo/raw/municipal/13108/data.csv,石造燈籠 明治40年在銘 一対,,亀戸天神社,,亀戸天神社,,江東区,13108,江東区登録文化財,建造物,municipal,1996/3/22,35.702666,139.820838,building_direct,building_candidate_point,municipal,江東区登録文化財,建造物,
municipal_source,江東区,文化財一覧,131083000000.0,https://www.opendata.metro.tokyo.lg.jp/koto/131083_002_cultural_property.csv,13Tokyo/raw/municipal/13108/data.csv,石造燈籠 明治35年在銘 一対,,亀戸天神社,,亀戸天神社,,江東区,13108,江東区登録文化財,建造物,municipal,1998/3/30,35.702666,139.820838,building_direct,building_candidate_point,municipal,江東区登録文化財,建造物,
municipal_source,江東区,文化財一覧,131083000000.0,https://www.opendata.metro.tokyo.lg.jp/koto/131083_002_cultural_property.csv,13Tokyo/raw/municipal/13108/data.csv,石造燈籠 明治32年在銘 一対,,龍眼寺,,龍眼寺,,江東区,13108,江東区登録文化財,建造物,municipal,1988/3/24,35.705622,139.819415,building_direct,building_candidate_point,municipal,江東区登録文化財,建造物,
municipal_source,江東区,文化財一覧,131083000000.0,https://www.opendata.metro.tokyo.lg.jp/koto/131083_002_cultural_property.csv,13Tokyo/raw/municipal/13108/data.csv,石造鳥居 大正11年在銘,,天祖神社,,天祖神社,,江東区,13108,江東区登録文化財,建造物,municipal,2013/4/3,35.706504,139.820913,building_direct,building_candidate_point,municipal,江東区登録文化財,建造物,
municipal_source,江東区,文化財一覧,131083000000.0,https://www.opendata.metro.tokyo.lg.jp/koto/131083_002_cultural_property.csv,13Tokyo/raw/municipal/13108/data.csv,石造燈籠 大正6年在銘 一対,,天祖神社,,天祖神社,,江東区,13108,江東区登録文化財,建造物,municipal,2014/4/4,35.706504,139.820913,building_direct,building_candidate_point,municipal,江東区登録文化財,建造物,
municipal_source,江東区,文化財一覧,131083000000.0,https://www.opendata.metro.tokyo.lg.jp/koto/131083_002_cultural_property.csv,13Tokyo/raw/municipal/13108/data.csv,石造燈籠 明治33年在銘,,天祖神社,,天祖神社,,江東区,13108,江東区登録文化財,建造物,municipal,2014/4/4,35.706504,139.820913,building_direct,building_candidate_point,municipal,江東区登録文化財,建造物,
municipal_source,江東区,文化財一覧,131083000000.0,https://www.opendata.metro.tokyo.lg.jp/koto/131083_002_cultural_property.csv,13Tokyo/raw/municipal/13108/data.csv,石造鳥居 明治45年在銘,,天祖神社,,天祖神社,,江東区,13108,江東区登録文化財,建造物,municipal,2014/4/4,35.706504,139.820913,building_direct,building_candidate_point,municipal,江東区登録文化財,建造物,
municipal_source,江東区,文化財一覧,131083000000.0,https://www.opendata.metro.tokyo.lg.jp/koto/131083_002_cultural_property.csv,13Tokyo/raw/municipal/13108/data.csv,石造燈籠 昭和8年在銘 一対,,天祖神社,,天祖神社,,江東区,13108,江東区登録文化財,建造物,municipal,2014/4/4,35.706504,139.820913,building_direct,building_candidate_point,municipal,江東区登録文化財,建造物,
municipal_source,江東区,文化財一覧,131083000000.0,https://www.opendata.metro.tokyo.lg.jp/koto/131083_002_cultural_property.csv,13Tokyo/raw/municipal/13108/data.csv,石造鳥居 昭和5年在銘,,天祖神社,,天祖神社,,江東区,13108,江東区登録文化財,建造物,municipal,2015/4/1,35.706504,139.820913,building_direct,building_candidate_point,municipal,江東区登録文化財,建造物,
municipal_source,江東区,文化財一覧,131083000000.0,https://www.opendata.metro.tokyo.lg.jp/koto/131083_002_cultural_property.csv,13Tokyo/raw/municipal/13108/data.csv,石造燈籠 溝口宣広奉納寛永寺旧蔵,,光明寺,,光明寺,,江東区,13108,江東区登録文化財,建造物,municipal,1982/3/15,35.704178,139.822582,building_direct,building_candidate_point,municipal,江東区登録文化財,建造物,
municipal_source,江東区,文化財一覧,131083000000.0,https://www.opendata.metro.tokyo.lg.jp/koto/131083_002_cultural_property.csv,13Tokyo/raw/municipal/13108/data.csv,石造宝篋印塔 寛永5年在銘,,光明寺,,光明寺,,江東区,13108,江東区登録文化財,建造物,municipal,1987/3/26,35.704178,139.822582,building_direct,building_candidate_point,municipal,江東区登録文化財,建造物,
municipal_source,江東区,文化財一覧,131083000000.0,https://www.opendata.metro.tokyo.lg.jp/koto/131083_002_cultural_property.csv,13Tokyo/raw/municipal/13108/data.csv,石造五輪塔 寛永2年在銘,,普門院,,普門院,,江東区,13108,江東区登録文化財,建造物,municipal,1984/3/26,35.703512,139.822503,building_direct,building_candidate_point,municipal,江東区登録文化財,建造物,
municipal_source,江東区,文化財一覧,131083000000.0,https://www.opendata.metro.tokyo.lg.jp/koto/131083_002_cultural_property.csv,13Tokyo/raw/municipal/13108/data.csv,石造宝篋印塔 天明8年在銘,,普門院,,普門院,,江東区,13108,江東区登録文化財,建造物,municipal,1985/3/25,35.703512,139.822503,building_direct,building_candidate_point,municipal,江東区登録文化財,建造物,
municipal_source,江東区,文化財一覧,131083000000.0,https://www.opendata.metro.tokyo.lg.jp/koto/131083_002_cultural_property.csv,13Tokyo/raw/municipal/13108/data.csv,石造宝篋印塔 寛永5年在銘,,竜光寺,,竜光寺,,江東区,13108,江東区登録文化財,建造物,municipal,1983/3/25,35.704851,139.825385,building_direct,building_candidate_point,municipal,江東区登録文化財,建造物,
municipal_source,江東区,文化財一覧,131083000000.0,https://www.opendata.metro.tokyo.lg.jp/koto/131083_002_cultural_property.csv,13Tokyo/raw/municipal/13108/data.csv,石造五輪塔 寛永14年在銘,,竜光寺,,竜光寺,,江東区,13108,江東区登録文化財,建造物,municipal,1983/3/25,35.704851,139.825385,building_direct,building_candidate_point,municipal,江東区登録文化財,建造物,
municipal_source,江東区,文化財一覧,131083000000.0,https://www.opendata.metro.tokyo.lg.jp/koto/131083_002_cultural_property.csv,13Tokyo/raw/municipal/13108/data.csv,石造燈籠 明治28年在銘 一対,,香取神社,,香取神社,,江東区,13108,江東区登録文化財,建造物,municipal,1991/3/28,35.704295,139.825214,building_direct,building_candidate_point,municipal,江東区登録文化財,建造物,
municipal_source,江東区,文化財一覧,131083000000.0,https://www.opendata.metro.tokyo.lg.jp/koto/131083_002_cultural_property.csv,13Tokyo/raw/municipal/13108/data.csv,石造燈籠 寛政6年在銘,,香取神社,,香取神社,,江東区,13108,江東区登録文化財,建造物,municipal,1991/3/28,35.704295,139.825214,building_direct,building_candidate_point,municipal,江東区登録文化財,建造物,
municipal_source,江東区,文化財一覧,131083000000.0,https://www.opendata.metro.tokyo.lg.jp/koto/131083_002_cultural_property.csv,13Tokyo/raw/municipal/13108/data.csv,石造燈籠 金森頼時奉納寛永寺旧蔵,,東覚寺,,東覚寺,,江東区,13108,江東区登録文化財,建造物,municipal,1983/3/25,35.703227,139.826243,building_direct,building_candidate_point,municipal,江東区登録文化財,建造物,
municipal_source,江東区,文化財一覧,131083000000.0,https://www.opendata.metro.tokyo.lg.jp/koto/131083_002_cultural_property.csv,13Tokyo/raw/municipal/13108/data.csv,石造五輪塔 天保10年在銘,,東覚寺,,東覚寺,,江東区,13108,江東区登録文化財,建造物,municipal,1983/3/25,35.703227,139.826243,building_direct,building_candidate_point,municipal,江東区登録文化財,建造物,
municipal_source,江東区,文化財一覧,131083000000.0,https://www.opendata.metro.tokyo.lg.jp/koto/131083_002_cultural_property.csv,13Tokyo/raw/municipal/13108/data.csv,石造宝篋印塔 弘法大師千五十年忌,,東覚寺,,東覚寺,,江東区,13108,江東区登録文化財,建造物,municipal,1984/3/26,35.703227,139.826243,building_direct,building_candidate_point,municipal,江東区登録文化財,建造物,
municipal_source,江東区,文化財一覧,131083000000.0,https://www.opendata.metro.tokyo.lg.jp/koto/131083_002_cultural_property.csv,13Tokyo/raw/municipal/13108/data.csv,石造五輪塔 元禄13年在銘,,東覚寺,,東覚寺,,江東区,13108,江東区登録文化財,建造物,municipal,1988/3/24,35.703227,139.826243,building_direct,building_candidate_point,municipal,江東区登録文化財,建造物,
municipal_source,江東区,文化財一覧,131083000000.0,https://www.opendata.metro.tokyo.lg.jp/koto/131083_002_cultural_property.csv,13Tokyo/raw/municipal/13108/data.csv,石造宝篋印塔 文化元年在銘,,宝蓮寺,,宝蓮寺,,江東区,13108,江東区登録文化財,建造物,municipal,1983/3/25,35.702061,139.827409,building_direct,building_candidate_point,municipal,江東区登録文化財,建造物,
municipal_source,江東区,文化財一覧,131083000000.0,https://www.opendata.metro.tokyo.lg.jp/koto/131083_002_cultural_property.csv,13Tokyo/raw/municipal/13108/data.csv,石造燈籠 寛文13年在銘,,常光寺,,常光寺,,江東区,13108,江東区登録文化財,建造物,municipal,1987/3/26,35.702669,139.830506,building_direct,building_candidate_point,municipal,江東区登録文化財,建造物,
municipal_source,江東区,文化財一覧,131083000000.0,https://www.opendata.metro.tokyo.lg.jp/koto/131083_002_cultural_property.csv,13Tokyo/raw/municipal/13108/data.csv,石造宝篋印塔 永享7年在銘,,自性院,,自性院,,江東区,13108,江東区登録文化財,建造物,municipal,1981/3/31,35.694477,139.830385,building_direct,building_candidate_point,municipal,江東区登録文化財,建造物,
municipal_source,江東区,文化財一覧,131083000000.0,https://www.opendata.metro.tokyo.lg.jp/koto/131083_002_cultural_property.csv,13Tokyo/raw/municipal/13108/data.csv,石造燈籠 明暦2年在銘,,自性院,,自性院,,江東区,13108,江東区登録文化財,建造物,municipal,1988/3/24,35.694477,139.830385,building_direct,building_candidate_point,municipal,江東区登録文化財,建造物,
municipal_source,江東区,文化財一覧,131083000000.0,https://www.opendata.metro.tokyo.lg.jp/koto/131083_002_cultural_property.csv,13Tokyo/raw/municipal/13108/data.csv,石造燈籠 文政11年在銘,,自性院,,自性院,,江東区,13108,江東区登録文化財,建造物,municipal,1988/3/24,35.694477,139.830385,building_direct,building_candidate_point,municipal,江東区登録文化財,建造物,
municipal_source,江東区,文化財一覧,131083000000.0,https://www.opendata.metro.tokyo.lg.jp/koto/131083_002_cultural_property.csv,13Tokyo/raw/municipal/13108/data.csv,石造燈籠 二十六夜同行奉納 一対,,浅間神社,,浅間神社,,江東区,13108,江東区登録文化財,建造物,municipal,1983/3/25,35.695771,139.844565,building_direct,building_candidate_point,municipal,江東区登録文化財,建造物,
municipal_source,江東区,文化財一覧,131083000000.0,https://www.opendata.metro.tokyo.lg.jp/koto/131083_002_cultural_property.csv,13Tokyo/raw/municipal/13108/data.csv,石造鳥居 大正7年在銘,,浅間神社,,浅間神社,,江東区,13108,江東区登録文化財,建造物,municipal,1985/3/25,35.695771,139.844565,building_direct,building_candidate_point,municipal,江東区登録文化財,建造物,
municipal_source,江東区,文化財一覧,131083000000.0,https://www.opendata.metro.tokyo.lg.jp/koto/131083_002_cultural_property.csv,13Tokyo/raw/municipal/13108/data.csv,石造鳥居 大正7年在銘,,浅間神社,,浅間神社,,江東区,13108,江東区登録文化財,建造物,municipal,1985/3/25,35.695771,139.844565,building_direct,building_candidate_point,municipal,江東区登録文化財,建造物,
municipal_source,江東区,文化財一覧,131083000000.0,https://www.opendata.metro.tokyo.lg.jp/koto/131083_002_cultural_property.csv,13Tokyo/raw/municipal/13108/data.csv,石造燈籠 大正8年在銘 一対,,浅間神社,,浅間神社,,江東区,13108,江東区登録文化財,建造物,municipal,1993/3/29,35.695771,139.844565,building_direct,building_candidate_point,municipal,江東区登録文化財,建造物,
municipal_source,江東区,文化財一覧,131083000000.0,https://www.opendata.metro.tokyo.lg.jp/koto/131083_002_cultural_property.csv,13Tokyo/raw/municipal/13108/data.csv,浅間神社社殿,,浅間神社,,浅間神社,,江東区,13108,江東区登録文化財,建造物,municipal,1997/3/28,35.695771,139.844565,building_direct,building_candidate_point,municipal,江東区登録文化財,建造物,
municipal_source,江東区,文化財一覧,131083000000.0,https://www.opendata.metro.tokyo.lg.jp/koto/131083_002_cultural_property.csv,13Tokyo/raw/municipal/13108/data.csv,石造鳥居 六之橋若者中奉納,,浅間神社,,浅間神社,,江東区,13108,江東区登録文化財,建造物,municipal,2006/3/27,35.695771,139.844565,building_direct,building_candidate_point,municipal,江東区登録文化財,建造物,
municipal_source,江東区,文化財一覧,131083000000.0,https://www.opendata.metro.tokyo.lg.jp/koto/131083_002_cultural_property.csv,13Tokyo/raw/municipal/13108/data.csv,石造燈籠 井伊直武奉納寛永寺旧蔵,,羅漢寺,,羅漢寺,,江東区,13108,江東区登録文化財,建造物,municipal,1986/3/26,35.689608,139.826664,building_direct,building_candidate_point,municipal,江東区登録文化財,建造物,
municipal_source,江東区,文化財一覧,131083000000.0,https://www.opendata.metro.tokyo.lg.jp/koto/131083_002_cultural_property.csv,13Tokyo/raw/municipal/13108/data.csv,石造鳥居 明治40年在銘,,愛宕神社,,愛宕神社,,江東区,13108,江東区登録文化財,建造物,municipal,1985/3/25,35.689646,139.831112,building_direct,building_candidate_point,municipal,江東区登録文化財,建造物,
municipal_source,江東区,文化財一覧,131083000000.0,https://www.opendata.metro.tokyo.lg.jp/koto/131083_002_cultural_property.csv,13Tokyo/raw/municipal/13108/data.csv,石造鳥居 明治21年在銘,,安井大市稲荷神社,,安井大市稲荷神社,,江東区,13108,江東区登録文化財,建造物,municipal,1989/3/24,35.686609,139.832373,building_direct,building_candidate_point,municipal,江東区登録文化財,建造物,
municipal_source,江東区,文化財一覧,131083000000.0,https://www.opendata.metro.tokyo.lg.jp/koto/131083_002_cultural_property.csv,13Tokyo/raw/municipal/13108/data.csv,石造鳥居 明治25年在銘,,大島稲荷神社,,大島稲荷神社,,江東区,13108,江東区登録文化財,建造物,municipal,1984/3/26,35.686392,139.836618,building_direct,building_candidate_point,municipal,江東区登録文化財,建造物,
municipal_source,江東区,文化財一覧,131083000000.0,https://www.opendata.metro.tokyo.lg.jp/koto/131083_002_cultural_property.csv,13Tokyo/raw/municipal/13108/data.csv,石造燈籠 大正8年在銘 一対,,大島稲荷神社,,大島稲荷神社,,江東区,13108,江東区登録文化財,建造物,municipal,1985/3/25,35.686392,139.836618,building_direct,building_candidate_point,municipal,江東区登録文化財,建造物,
municipal_source,江東区,文化財一覧,131083000000.0,https://www.opendata.metro.tokyo.lg.jp/koto/131083_002_cultural_property.csv,13Tokyo/raw/municipal/13108/data.csv,石造鳥居 明治41年在銘,,東大島神社,,東大島神社,,江東区,13108,江東区登録文化財,建造物,municipal,1988/3/24,35.690871,139.840979,building_direct,building_candidate_point,municipal,江東区登録文化財,建造物,
municipal_source,江東区,文化財一覧,131083000000.0,https://www.opendata.metro.tokyo.lg.jp/koto/131083_002_cultural_property.csv,13Tokyo/raw/municipal/13108/data.csv,石造鳥居 明治41年在銘,,東大島神社,,東大島神社,,江東区,13108,江東区登録文化財,建造物,municipal,1988/3/24,35.690871,139.840979,building_direct,building_candidate_point,municipal,江東区登録文化財,建造物,
municipal_source,江東区,文化財一覧,131083000000.0,https://www.opendata.metro.tokyo.lg.jp/koto/131083_002_cultural_property.csv,13Tokyo/raw/municipal/13108/data.csv,石造鳥居 大正4年在銘,,東大島神社,,東大島神社,,江東区,13108,江東区登録文化財,建造物,municipal,1988/3/24,35.690871,139.840979,building_direct,building_candidate_point,municipal,江東区登録文化財,建造物,
municipal_source,江東区,文化財一覧,131083000000.0,https://www.opendata.metro.tokyo.lg.jp/koto/131083_002_cultural_property.csv,13Tokyo/raw/municipal/13108/data.csv,石造燈籠 昭和12年在銘 一対,,東大島神社,,東大島神社,,江東区,13108,江東区登録文化財,建造物,municipal,1997/3/28,35.690871,139.840979,building_direct,building_candidate_point,municipal,江東区登録文化財,建造物,
municipal_source,江東区,文化財一覧,131083000000.0,https://www.opendata.metro.tokyo.lg.jp/koto/131083_002_cultural_property.csv,13Tokyo/raw/municipal/13108/data.csv,石造燈籠 明治39年在銘 一対,,志演神社,,志演神社,,江東区,13108,江東区登録文化財,建造物,municipal,1994/3/23,35.677564,139.826635,building_direct,building_candidate_point,municipal,江東区登録文化財,建造物,
municipal_source,江東区,文化財一覧,131083000000.0,https://www.opendata.metro.tokyo.lg.jp/koto/131083_002_cultural_property.csv,13Tokyo/raw/municipal/13108/data.csv,石造鳥居 昭和3年在銘,,志演神社,,志演神社,,江東区,13108,江東区登録文化財,建造物,municipal,2000/3/27,35.677564,139.826635,building_direct,building_candidate_point,municipal,江東区登録文化財,建造物,
municipal_source,江東区,文化財一覧,131083000000.0,https://www.opendata.metro.tokyo.lg.jp/koto/131083_002_cultural_property.csv,13Tokyo/raw/municipal/13108/data.csv,石造鳥居 明治14年在銘,,治兵衛稲荷神社,,治兵衛稲荷神社,,江東区,13108,江東区登録文化財,建造物,municipal,2000/3/27,35.681664,139.830605,building_direct,building_candidate_point,municipal,江東区登録文化財,建造物,
municipal_source,江東区,文化財一覧,131083000000.0,https://www.opendata.metro.tokyo.lg.jp/koto/131083_002_cultural_property.csv,13Tokyo/raw/municipal/13108/data.csv,石造燈籠 本庄資承奉納寛永寺旧蔵,,持宝院,,持宝院,,江東区,13108,江東区登録文化財,建造物,municipal,1983/3/25,35.679198,139.831908,building_direct,building_candidate_point,municipal,江東区登録文化財,建造物,
municipal_source,江東区,文化財一覧,131083000000.0,https://www.opendata.metro.tokyo.lg.jp/koto/131083_002_cultural_property.csv,13Tokyo/raw/municipal/13108/data.csv,石造燈籠 仙石久道奉納寛永寺旧蔵,,持宝院,,持宝院,,江東区,13108,江東区登録文化財,建造物,municipal,1983/3/25,35.679198,139.831908,building_direct,building_candidate_point,municipal,江東区登録文化財,建造物,
municipal_source,江東区,文化財一覧,131083000000.0,https://www.opendata.metro.tokyo.lg.jp/koto/131083_002_cultural_property.csv,13Tokyo/raw/municipal/13108/data.csv,石造宝篋印塔 元文4年在銘,,持宝院,,持宝院,,江東区,13108,江東区登録文化財,建造物,municipal,1984/3/26,35.679198,139.831908,building_direct,building_candidate_point,municipal,江東区登録文化財,建造物,
municipal_source,江東区,文化財一覧,131083000000.0,https://www.opendata.metro.tokyo.lg.jp/koto/131083_002_cultural_property.csv,13Tokyo/raw/municipal/13108/data.csv,石造燈籠 明治41年在銘 一対,,亀守稲荷神社,,亀守稲荷神社,,江東区,13108,江東区登録文化財,建造物,municipal,1996/3/22,35.683567,139.836259,building_direct,building_candidate_point,municipal,江東区登録文化財,建造物,
municipal_source,江東区,文化財一覧,131083000000.0,https://www.opendata.metro.tokyo.lg.jp/koto/131083_002_cultural_property.csv,13Tokyo/raw/municipal/13108/data.csv,石造鳥居 明治14年在銘,,妙法稲荷神社,,妙法稲荷神社,,江東区,13108,江東区登録文化財,建造物,municipal,1985/3/25,35.683519,139.841956,building_direct,building_candidate_point,municipal,江東区登録文化財,建造物,
municipal_source,江東区,文化財一覧,131083000000.0,https://www.opendata.metro.tokyo.lg.jp/koto/131083_002_cultural_property.csv,13Tokyo/raw/municipal/13108/data.csv,石造燈籠 昭和4年在銘 一対,,生田神社,,生田神社,,江東区,13108,江東区登録文化財,建造物,municipal,2001/3/29,35.681494,139.841778,building_direct,building_candidate_point,municipal,江東区登録文化財,建造物,
municipal_source,江東区,文化財一覧,131083000000.0,https://www.opendata.metro.tokyo.lg.jp/koto/131083_002_cultural_property.csv,13Tokyo/raw/municipal/13108/data.csv,旧大石家住宅,,江東区,,江東区,,江東区,13108,江東区指定文化財,建造物,municipal,1994/3/23,35.674424,139.835955,building_direct,building_candidate_point,municipal,江東区指定文化財,建造物,
municipal_source,江東区,文化財一覧,131083000000.0,https://www.opendata.metro.tokyo.lg.jp/koto/131083_002_cultural_property.csv,13Tokyo/raw/municipal/13108/data.csv,石造燈籠 堀田正順奉納 一対,,富賀岡八幡宮,,富賀岡八幡宮,,江東区,13108,江東区登録文化財,建造物,municipal,1983/3/25,35.669287,139.837599,building_direct,building_candidate_point,municipal,江東区登録文化財,建造物,
municipal_source,江東区,文化財一覧,131083000000.0,https://www.opendata.metro.tokyo.lg.jp/koto/131083_002_cultural_property.csv,13Tokyo/raw/municipal/13108/data.csv,石造鳥居 万延2年在銘,,富賀岡八幡宮,,富賀岡八幡宮,,江東区,13108,江東区登録文化財,建造物,municipal,1984/3/26,35.669287,139.837599,building_direct,building_candidate_point,municipal,江東区登録文化財,建造物,
municipal_source,江東区,文化財一覧,131083000000.0,https://www.opendata.metro.tokyo.lg.jp/koto/131083_002_cultural_property.csv,13Tokyo/raw/municipal/13108/data.csv,石造燈籠 明治34年在銘 一対,,富賀岡八幡宮,,富賀岡八幡宮,,江東区,13108,江東区登録文化財,建造物,municipal,1987/3/26,35.669287,139.837599,building_direct,building_candidate_point,municipal,江東区登録文化財,建造物,
municipal_source,江東区,文化財一覧,131083000000.0,https://www.opendata.metro.tokyo.lg.jp/koto/131083_002_cultural_property.csv,13Tokyo/raw/municipal/13108/data.csv,石造燈籠 昭和13年在銘 一対,,富賀岡八幡宮,,富賀岡八幡宮,,江東区,13108,江東区登録文化財,建造物,municipal,1996/3/22,35.669287,139.837599,building_direct,building_candidate_point,municipal,江東区登録文化財,建造物,
municipal_source,江東区,文化財一覧,131083000000.0,https://www.opendata.metro.tokyo.lg.jp/koto/131083_002_cultural_property.csv,13Tokyo/raw/municipal/13108/data.csv,石造燈籠 昭和17年在銘 一対,,富賀岡八幡宮,,富賀岡八幡宮,,江東区,13108,江東区登録文化財,建造物,municipal,1999/3/26,35.669287,139.837599,building_direct,building_candidate_point,municipal,江東区登録文化財,建造物,
municipal_source,江東区,文化財一覧,131083000000.0,https://www.opendata.metro.tokyo.lg.jp/koto/131083_002_cultural_property.csv,13Tokyo/raw/municipal/13108/data.csv,絹本着色釈迦十六善神像,,長慶寺,,長慶寺,,江東区,13108,江東区指定文化財,美術工芸品,municipal,1998/3/30,35.688665,139.798816,movable,representative_point,municipal,江東区指定文化財,美術工芸,
municipal_source,江東区,文化財一覧,131083000000.0,https://www.opendata.metro.tokyo.lg.jp/koto/131083_002_cultural_property.csv,13Tokyo/raw/municipal/13108/data.csv,絹本墨画淡彩虎十二態図 岸駒筆 4曲1隻・6曲1隻・軸2幅 附 木箱1合,,長慶寺,,長慶寺,,江東区,13108,江東区登録文化財,美術工芸品,municipal,1998/3/30,35.688665,139.798816,movable,representative_point,municipal,江東区登録文化財,美術工芸,
municipal_source,江東区,文化財一覧,131083000000.0,https://www.opendata.metro.tokyo.lg.jp/koto/131083_002_cultural_property.csv,13Tokyo/raw/municipal/13108/data.csv,紙本墨画大黒天像,,円珠院,,円珠院,,江東区,13108,江東区登録文化財,美術工芸品,municipal,1985/3/25,35.678578,139.800937,movable,representative_point,municipal,江東区登録文化財,美術工芸,
municipal_source,江東区,文化財一覧,131083000000.0,https://www.opendata.metro.tokyo.lg.jp/koto/131083_002_cultural_property.csv,13Tokyo/raw/municipal/13108/data.csv,絹本着色出山釈迦図 附下絵1幅,,玉泉院,,玉泉院,,江東区,13108,江東区登録文化財,美術工芸品,municipal,1984/3/26,35.679318,139.799732,movable,representative_point,municipal,江東区登録文化財,美術工芸,
municipal_source,江東区,文化財一覧,131083000000.0,https://www.opendata.metro.tokyo.lg.jp/koto/131083_002_cultural_property.csv,13Tokyo/raw/municipal/13108/data.csv,絹本着色阿弥陀三尊来迎図,,良信院,,良信院,,江東区,13108,江東区登録文化財,美術工芸品,municipal,1994/3/23,35.680536,139.804301,movable,representative_point,municipal,江東区登録文化財,美術工芸,
municipal_source,江東区,文化財一覧,131083000000.0,https://www.opendata.metro.tokyo.lg.jp/koto/131083_002_cultural_property.csv,13Tokyo/raw/municipal/13108/data.csv,紙本着色仏涅槃図,,良信院,,良信院,,江東区,13108,江東区登録文化財,美術工芸品,municipal,1994/3/23,35.680536,139.804301,movable,representative_point,municipal,江東区登録文化財,美術工芸,
municipal_source,江東区,文化財一覧,131083000000.0,https://www.opendata.metro.tokyo.lg.jp/koto/131083_002_cultural_property.csv,13Tokyo/raw/municipal/13108/data.csv,紙本着色雄誉霊巖上人像,,雄松院(おうしょういん),,雄松院,,江東区,13108,江東区指定文化財,美術工芸品,municipal,1994/3/23,35.681011,139.799252,movable,representative_point,municipal,江東区指定文化財,美術工芸,
municipal_source,江東区,文化財一覧,131083000000.0,https://www.opendata.metro.tokyo.lg.jp/koto/131083_002_cultural_property.csv,13Tokyo/raw/municipal/13108/data.csv,絹本着色当麻曼荼羅図,,心行寺,,心行寺,,江東区,13108,江東区登録文化財,美術工芸品,municipal,1994/3/23,35.675974,139.796779,movable,representative_point,municipal,江東区登録文化財,美術工芸,
municipal_source,江東区,文化財一覧,131083000000.0,https://www.opendata.metro.tokyo.lg.jp/koto/131083_002_cultural_property.csv,13Tokyo/raw/municipal/13108/data.csv,絹本着色毘沙門天像 附木箱1合,,増林寺(ぞうりんじ),,増林寺,,江東区,13108,江東区指定文化財,美術工芸品,municipal,2000/3/27,35.677014,139.797507,movable,representative_point,municipal,江東区指定文化財,美術工芸,
municipal_source,江東区,文化財一覧,131083000000.0,https://www.opendata.metro.tokyo.lg.jp/koto/131083_002_cultural_property.csv,13Tokyo/raw/municipal/13108/data.csv,絹本着色不動明王二童子像,,増林寺,,増林寺,,江東区,13108,江東区登録文化財,美術工芸品,municipal,1993/3/29,35.677014,139.797507,movable,representative_point,municipal,江東区登録文化財,美術工芸,
municipal_source,江東区,文化財一覧,131083000000.0,https://www.opendata.metro.tokyo.lg.jp/koto/131083_002_cultural_property.csv,13Tokyo/raw/municipal/13108/data.csv,紙本墨画達磨像,,慧然寺,,慧然寺,,江東区,13108,江東区指定文化財,美術工芸品,municipal,1997/3/27,35.676873,139.799094,movable,representative_point,municipal,江東区指定文化財,美術工芸,
municipal_source,江東区,文化財一覧,131083000000.0,https://www.opendata.metro.tokyo.lg.jp/koto/131083_002_cultural_property.csv,13Tokyo/raw/municipal/13108/data.csv,絹本着色地蔵菩薩半跏像,,永代寺,,永代寺,,江東区,13108,江東区指定文化財,美術工芸品,municipal,1996/3/22,35.672013,139.798061,movable,representative_point,municipal,江東区指定文化財,美術工芸,
municipal_source,江東区,文化財一覧,131083000000.0,https://www.opendata.metro.tokyo.lg.jp/koto/131083_002_cultural_property.csv,13Tokyo/raw/municipal/13108/data.csv,絹本着色宝冠阿弥陀如来坐像,,永代寺,,永代寺,,江東区,13108,江東区登録文化財,美術工芸品,municipal,1987/3/26,35.672013,139.798061,movable,representative_point,municipal,江東区登録文化財,美術工芸,
municipal_source,江東区,文化財一覧,131083000000.0,https://www.opendata.metro.tokyo.lg.jp/koto/131083_002_cultural_property.csv,13Tokyo/raw/municipal/13108/data.csv,絹本着色釈迦十六善神図 狩野永鐡筆 附桐箱1合,,長寿寺,,長寿寺,,江東区,13108,江東区登録文化財,美術工芸品,municipal,1990/3/28,35.703158,139.819634,movable,representative_point,municipal,江東区登録文化財,美術工芸,
municipal_source,江東区,文化財一覧,131083000000.0,https://www.opendata.metro.tokyo.lg.jp/koto/131083_002_cultural_property.csv,13Tokyo/raw/municipal/13108/data.csv,紙本淡彩道祖神祭図 歌川広重筆,,香取神社,,香取神社,,江東区,13108,江東区指定文化財,美術工芸品,municipal,1997/3/28,35.704295,139.825214,movable,representative_point,municipal,江東区指定文化財,美術工芸,
municipal_source,江東区,文化財一覧,131083000000.0,https://www.opendata.metro.tokyo.lg.jp/koto/131083_002_cultural_property.csv,13Tokyo/raw/municipal/13108/data.csv,三十六歌仙図屏風,,,,個人蔵,,江東区,13108,江東区登録文化財,美術工芸品,municipal,1985/3/25,35.704148,139.824476,movable,representative_point,municipal,江東区登録文化財,美術工芸,
municipal_source,江東区,文化財一覧,131083000000.0,https://www.opendata.metro.tokyo.lg.jp/koto/131083_002_cultural_property.csv,13Tokyo/raw/municipal/13108/data.csv,紙本墨画竹図 佐竹義和筆,,,,個人蔵,,江東区,13108,江東区登録文化財,美術工芸品,municipal,1986/3/26,35.704148,139.824476,movable,representative_point,municipal,江東区登録文化財,美術工芸,
municipal_source,江東区,文化財一覧,131083000000.0,https://www.opendata.metro.tokyo.lg.jp/koto/131083_002_cultural_property.csv,13Tokyo/raw/municipal/13108/data.csv,絹本着色親鸞上人坐像,,法徳寺,,法徳寺,,江東区,13108,江東区登録文化財,美術工芸品,municipal,1990/3/28,35.698503,139.829894,movable,representative_point,municipal,江東区登録文化財,美術工芸,
municipal_source,江東区,文化財一覧,131083000000.0,https://www.opendata.metro.tokyo.lg.jp/koto/131083_002_cultural_property.csv,13Tokyo/raw/municipal/13108/data.csv,紙本着色阿弥陀二十五菩薩来迎図 元禄8年裏貼書 附明和5年得誉祐全極状1通,,,,個人蔵,,江東区,13108,江東区指定文化財,美術工芸品,municipal,2016/4/1,35.69871,139.840009,movable,representative_point,municipal,江東区指定文化財,美術工芸,
municipal_source,江東区,文化財一覧,131083000000.0,https://www.opendata.metro.tokyo.lg.jp/koto/131083_002_cultural_property.csv,13Tokyo/raw/municipal/13108/data.csv,紙本版刷着色阿弥陀二十五菩薩来迎図,,,,個人蔵,,江東区,13108,江東区登録文化財,美術工芸品,municipal,2001/3/29,35.69871,139.840009,movable,representative_point,municipal,江東区登録文化財,美術工芸,
municipal_source,江東区,文化財一覧,131083000000.0,https://www.opendata.metro.tokyo.lg.jp/koto/131083_002_cultural_property.csv,13Tokyo/raw/municipal/13108/data.csv,紙本墨画西誉蓮入像,,持宝院,,持宝院,,江東区,13108,江東区登録文化財,美術工芸品,municipal,1984/3/26,35.679198,139.831908,movable,representative_point,municipal,江東区登録文化財,美術工芸,
municipal_source,江東区,文化財一覧,131083000000.0,https://www.opendata.metro.tokyo.lg.jp/koto/131083_002_cultural_property.csv,13Tokyo/raw/municipal/13108/data.csv,木造阿弥陀如来坐像,,江月院,,江月院,,江東区,13108,江東区登録文化財,美術工芸品,municipal,1992/3/27,35.681738,139.798363,movable,representative_point,municipal,江東区登録文化財,美術工芸,
municipal_source,江東区,文化財一覧,131083000000.0,https://www.opendata.metro.tokyo.lg.jp/koto/131083_002_cultural_property.csv,13Tokyo/raw/municipal/13108/data.csv,木造阿弥陀三尊像,,常照寺,,常照院,,江東区,13108,江東区登録文化財,美術工芸品,municipal,1989/3/24,35.681311,139.798016,movable,representative_point,municipal,江東区登録文化財,美術工芸,
municipal_source,江東区,文化財一覧,131083000000.0,https://www.opendata.metro.tokyo.lg.jp/koto/131083_002_cultural_property.csv,13Tokyo/raw/municipal/13108/data.csv,石造迦楼羅立像,,本誓寺,,本誓寺,,江東区,13108,江東区登録文化財,美術工芸品,municipal,1982/3/15,35.681383,139.797588,movable,representative_point,municipal,江東区登録文化財,美術工芸,
municipal_source,江東区,文化財一覧,131083000000.0,https://www.opendata.metro.tokyo.lg.jp/koto/131083_002_cultural_property.csv,13Tokyo/raw/municipal/13108/data.csv,木造阿弥陀如来立像,,本誓寺,,本誓寺,,江東区,13108,江東区登録文化財,美術工芸品,municipal,1990/3/28,35.681383,139.797588,movable,representative_point,municipal,江東区登録文化財,美術工芸,
municipal_source,江東区,文化財一覧,131083000000.0,https://www.opendata.metro.tokyo.lg.jp/koto/131083_002_cultural_property.csv,13Tokyo/raw/municipal/13108/data.csv,石造神狐像 一対,,八名川稲荷神社,,八名川稲荷神社,,江東区,13108,江東区登録文化財,美術工芸品,municipal,2000/3/27,35.686457,139.795331,movable,representative_point,municipal,江東区登録文化財,美術工芸,
municipal_source,江東区,文化財一覧,131083000000.0,https://www.opendata.metro.tokyo.lg.jp/koto/131083_002_cultural_property.csv,13Tokyo/raw/municipal/13108/data.csv,木造神像 3躯,,深川神明宮,,深川神明宮,,江東区,13108,江東区登録文化財,美術工芸品,municipal,1989/3/24,35.686682,139.797309,movable,representative_point,municipal,江東区登録文化財,美術工芸,
municipal_source,江東区,文化財一覧,131083000000.0,https://www.opendata.metro.tokyo.lg.jp/koto/131083_002_cultural_property.csv,13Tokyo/raw/municipal/13108/data.csv,木造日蓮上人坐像,,円珠院,,円珠院,,江東区,13108,江東区登録文化財,美術工芸品,municipal,1990/3/28,35.678578,139.800937,movable,representative_point,municipal,江東区登録文化財,美術工芸,
municipal_source,江東区,文化財一覧,131083000000.0,https://www.opendata.metro.tokyo.lg.jp/koto/131083_002_cultural_property.csv,13Tokyo/raw/municipal/13108/data.csv,木造日蓮上人坐像,,本立院,,本立院,,江東区,13108,江東区登録文化財,美術工芸品,municipal,1992/3/27,35.679086,139.800076,movable,representative_point,municipal,江東区登録文化財,美術工芸,
municipal_source,江東区,文化財一覧,131083000000.0,https://www.opendata.metro.tokyo.lg.jp/koto/131083_002_cultural_property.csv,13Tokyo/raw/municipal/13108/data.csv,木造日蓮上人坐像,,善応院,,善応院,,江東区,13108,江東区登録文化財,美術工芸品,municipal,1992/3/27,35.679017,139.800243,movable,representative_point,municipal,江東区登録文化財,美術工芸,
municipal_source,江東区,文化財一覧,131083000000.0,https://www.opendata.metro.tokyo.lg.jp/koto/131083_002_cultural_property.csv,13Tokyo/raw/municipal/13108/data.csv,木造日蓮上人坐像,,浄心寺,,浄心寺,,江東区,13108,江東区登録文化財,美術工芸品,municipal,1992/3/27,35.678433,139.801951,movable,representative_point,municipal,江東区登録文化財,美術工芸,
municipal_source,江東区,文化財一覧,131083000000.0,https://www.opendata.metro.tokyo.lg.jp/koto/131083_002_cultural_property.csv,13Tokyo/raw/municipal/13108/data.csv,木造六老僧像 6躯,,浄心寺,,浄心寺,,江東区,13108,江東区登録文化財,美術工芸品,municipal,1992/3/27,35.678433,139.801951,movable,representative_point,municipal,江東区登録文化財,美術工芸,
municipal_source,江東区,文化財一覧,131083000000.0,https://www.opendata.metro.tokyo.lg.jp/koto/131083_002_cultural_property.csv,13Tokyo/raw/municipal/13108/data.csv,木造日朝上人坐像,,浄心寺,,浄心寺,,江東区,13108,江東区登録文化財,美術工芸品,municipal,1992/3/27,35.678433,139.801951,movable,representative_point,municipal,江東区登録文化財,美術工芸,
municipal_source,江東区,文化財一覧,131083000000.0,https://www.opendata.metro.tokyo.lg.jp/koto/131083_002_cultural_property.csv,13Tokyo/raw/municipal/13108/data.csv,木造鬼子母神立像,,浄心寺,,浄心寺,,江東区,13108,江東区登録文化財,美術工芸品,municipal,1992/3/27,35.678433,139.801951,movable,representative_point,municipal,江東区登録文化財,美術工芸,
municipal_source,江東区,文化財一覧,131083000000.0,https://www.opendata.metro.tokyo.lg.jp/koto/131083_002_cultural_property.csv,13Tokyo/raw/municipal/13108/data.csv,木造三宝本尊像,,浄心寺,,浄心寺,,江東区,13108,江東区登録文化財,美術工芸品,municipal,1995/3/28,35.678433,139.801951,movable,representative_point,municipal,江東区登録文化財,美術工芸,
municipal_source,江東区,文化財一覧,131083000000.0,https://www.opendata.metro.tokyo.lg.jp/koto/131083_002_cultural_property.csv,13Tokyo/raw/municipal/13108/data.csv,木造四菩薩像 4躯,,浄心寺,,浄心寺,,江東区,13108,江東区登録文化財,美術工芸品,municipal,1995/3/28,35.678433,139.801951,movable,representative_point,municipal,江東区登録文化財,美術工芸,
municipal_source,江東区,文化財一覧,131083000000.0,https://www.opendata.metro.tokyo.lg.jp/koto/131083_002_cultural_property.csv,13Tokyo/raw/municipal/13108/data.csv,木造四天王像 2躯,,浄心寺,,浄心寺,,江東区,13108,江東区登録文化財,美術工芸品,municipal,1995/3/28,35.678433,139.801951,movable,representative_point,municipal,江東区登録文化財,美術工芸,
municipal_source,江東区,文化財一覧,131083000000.0,https://www.opendata.metro.tokyo.lg.jp/koto/131083_002_cultural_property.csv,13Tokyo/raw/municipal/13108/data.csv,木造文殊・普賢菩薩坐像 2躯,,浄心寺,,浄心寺,,江東区,13108,江東区登録文化財,美術工芸品,municipal,1995/3/28,35.678433,139.801951,movable,representative_point,municipal,江東区登録文化財,美術工芸,
municipal_source,江東区,文化財一覧,131083000000.0,https://www.opendata.metro.tokyo.lg.jp/koto/131083_002_cultural_property.csv,13Tokyo/raw/municipal/13108/data.csv,木造阿弥陀如来坐像,,法性寺,,法性寺,,江東区,13108,江東区登録文化財,美術工芸品,municipal,1989/3/24,35.679741,139.800038,movable,representative_point,municipal,江東区登録文化財,美術工芸,
municipal_source,江東区,文化財一覧,131083000000.0,https://www.opendata.metro.tokyo.lg.jp/koto/131083_002_cultural_property.csv,13Tokyo/raw/municipal/13108/data.csv,木造阿弥陀如来立像,,法性寺,,法性寺,,江東区,13108,江東区登録文化財,美術工芸品,municipal,1989/3/24,35.679741,139.800038,movable,representative_point,municipal,江東区登録文化財,美術工芸,
municipal_source,江東区,文化財一覧,131083000000.0,https://www.opendata.metro.tokyo.lg.jp/koto/131083_002_cultural_property.csv,13Tokyo/raw/municipal/13108/data.csv,木造三宝本尊像,,円隆院,,円隆院,,江東区,13108,江東区登録文化財,美術工芸品,municipal,1992/3/27,35.679497,139.799996,movable,representative_point,municipal,江東区登録文化財,美術工芸,
municipal_source,江東区,文化財一覧,131083000000.0,https://www.opendata.metro.tokyo.lg.jp/koto/131083_002_cultural_property.csv,13Tokyo/raw/municipal/13108/data.csv,木造阿弥陀如来坐像,,円通寺,,円通寺,,江東区,13108,江東区登録文化財,美術工芸品,municipal,1991/3/28,35.679714,139.800404,movable,representative_point,municipal,江東区登録文化財,美術工芸,
municipal_source,江東区,文化財一覧,131083000000.0,https://www.opendata.metro.tokyo.lg.jp/koto/131083_002_cultural_property.csv,13Tokyo/raw/municipal/13108/data.csv,木造三宝本尊像,,一乗院,,一乗院,,江東区,13108,江東区登録文化財,美術工芸品,municipal,1992/3/27,35.679236,139.800489,movable,representative_point,municipal,江東区登録文化財,美術工芸,
municipal_source,江東区,文化財一覧,131083000000.0,https://www.opendata.metro.tokyo.lg.jp/koto/131083_002_cultural_property.csv,13Tokyo/raw/municipal/13108/data.csv,木造日蓮上人坐像,,一乗院,,一乗院,,江東区,13108,江東区登録文化財,美術工芸品,municipal,1992/3/27,35.679236,139.800489,movable,representative_point,municipal,江東区登録文化財,美術工芸,
municipal_source,江東区,文化財一覧,131083000000.0,https://www.opendata.metro.tokyo.lg.jp/koto/131083_002_cultural_property.csv,13Tokyo/raw/municipal/13108/data.csv,木造日蓮上人坐像,,一乗院,,一乗院,,江東区,13108,江東区登録文化財,美術工芸品,municipal,1992/3/27,35.679236,139.800489,movable,representative_point,municipal,江東区登録文化財,美術工芸,
municipal_source,江東区,文化財一覧,131083000000.0,https://www.opendata.metro.tokyo.lg.jp/koto/131083_002_cultural_property.csv,13Tokyo/raw/municipal/13108/data.csv,厨子入木造鬼子母神立像,,一乗院,,一乗院,,江東区,13108,江東区登録文化財,美術工芸品,municipal,1993/3/29,35.679236,139.800489,movable,representative_point,municipal,江東区登録文化財,美術工芸,
municipal_source,江東区,文化財一覧,131083000000.0,https://www.opendata.metro.tokyo.lg.jp/koto/131083_002_cultural_property.csv,13Tokyo/raw/municipal/13108/data.csv,厨子入木造日蓮上人坐像,,一乗院,,一乗院,,江東区,13108,江東区登録文化財,美術工芸品,municipal,1993/3/29,35.679236,139.800489,movable,representative_point,municipal,江東区登録文化財,美術工芸,
municipal_source,江東区,文化財一覧,131083000000.0,https://www.opendata.metro.tokyo.lg.jp/koto/131083_002_cultural_property.csv,13Tokyo/raw/municipal/13108/data.csv,木造勢至菩薩坐像,,勢至院,,勢至院,,江東区,13108,江東区指定文化財,美術工芸品,municipal,1999/3/26,35.679475,139.800796,movable,representative_point,municipal,江東区指定文化財,美術工芸,
municipal_source,江東区,文化財一覧,131083000000.0,https://www.opendata.metro.tokyo.lg.jp/koto/131083_002_cultural_property.csv,13Tokyo/raw/municipal/13108/data.csv,木造阿弥陀三尊像,,勢至院,,勢至院,,江東区,13108,江東区登録文化財,美術工芸品,municipal,2006/3/27,35.679475,139.800796,movable,representative_point,municipal,江東区登録文化財,美術工芸,
municipal_source,江東区,文化財一覧,131083000000.0,https://www.opendata.metro.tokyo.lg.jp/koto/131083_002_cultural_property.csv,13Tokyo/raw/municipal/13108/data.csv,木造阿弥陀如来立像,,松林院,,松林院,,江東区,13108,江東区登録文化財,美術工芸品,municipal,1988/3/24,35.679886,139.800985,movable,representative_point,municipal,江東区登録文化財,美術工芸,
municipal_source,江東区,文化財一覧,131083000000.0,https://www.opendata.metro.tokyo.lg.jp/koto/131083_002_cultural_property.csv,13Tokyo/raw/municipal/13108/data.csv,木造阿弥陀如来坐像,,松林院,,松林院,,江東区,13108,江東区登録文化財,美術工芸品,municipal,1988/3/24,35.679886,139.800985,movable,representative_point,municipal,江東区登録文化財,美術工芸,
municipal_source,江東区,文化財一覧,131083000000.0,https://www.opendata.metro.tokyo.lg.jp/koto/131083_002_cultural_property.csv,13Tokyo/raw/municipal/13108/data.csv,木造地蔵菩薩立像,,松林院,,松林院,,江東区,13108,江東区登録文化財,美術工芸品,municipal,1988/3/24,35.679886,139.800985,movable,representative_point,municipal,江東区登録文化財,美術工芸,
municipal_source,江東区,文化財一覧,131083000000.0,https://www.opendata.metro.tokyo.lg.jp/koto/131083_002_cultural_property.csv,13Tokyo/raw/municipal/13108/data.csv,厨子入木造阿弥陀三尊像 附厨子入位牌,,済生院,,済生院,,江東区,13108,江東区登録文化財,美術工芸品,municipal,1990/3/28,35.680431,139.801021,movable,representative_point,municipal,江東区登録文化財,美術工芸,
municipal_source,江東区,文化財一覧,131083000000.0,https://www.opendata.metro.tokyo.lg.jp/koto/131083_002_cultural_property.csv,13Tokyo/raw/municipal/13108/data.csv,木造不動明王立像,,長専院,,長専院,,江東区,13108,江東区登録文化財,美術工芸品,municipal,1996/3/22,35.680705,139.800321,movable,representative_point,municipal,江東区登録文化財,美術工芸,
municipal_source,江東区,文化財一覧,131083000000.0,https://www.opendata.metro.tokyo.lg.jp/koto/131083_002_cultural_property.csv,13Tokyo/raw/municipal/13108/data.csv,木造阿弥陀如来立像,,長専院,,長専院,,江東区,13108,江東区指定文化財,美術工芸品,municipal,2009/3/27,35.680705,139.800321,movable,representative_point,municipal,江東区指定文化財,美術工芸,
municipal_source,江東区,文化財一覧,131083000000.0,https://www.opendata.metro.tokyo.lg.jp/koto/131083_002_cultural_property.csv,13Tokyo/raw/municipal/13108/data.csv,木造伝閻魔倚像,,正覚院,,正覚院,,江東区,13108,江東区登録文化財,美術工芸品,municipal,1990/3/28,35.680547,139.799813,movable,representative_point,municipal,江東区登録文化財,美術工芸,
municipal_source,江東区,文化財一覧,131083000000.0,https://www.opendata.metro.tokyo.lg.jp/koto/131083_002_cultural_property.csv,13Tokyo/raw/municipal/13108/data.csv,木造菩薩立像,,正覚院,,正覚院,,江東区,13108,江東区登録文化財,美術工芸品,municipal,1990/3/28,35.680547,139.799813,movable,representative_point,municipal,江東区登録文化財,美術工芸,
municipal_source,江東区,文化財一覧,131083000000.0,https://www.opendata.metro.tokyo.lg.jp/koto/131083_002_cultural_property.csv,13Tokyo/raw/municipal/13108/data.csv,木造阿弥陀如来立像,,正覚院,,正覚院,,江東区,13108,江東区登録文化財,美術工芸品,municipal,1990/3/28,35.680547,139.799813,movable,representative_point,municipal,江東区登録文化財,美術工芸,
municipal_source,江東区,文化財一覧,131083000000.0,https://www.opendata.metro.tokyo.lg.jp/koto/131083_002_cultural_property.csv,13Tokyo/raw/municipal/13108/data.csv,厨子入木造薬師如来立像,,正覚院,,正覚院,,江東区,13108,江東区登録文化財,美術工芸品,municipal,1996/3/22,35.680547,139.799813,movable,representative_point,municipal,江東区登録文化財,美術工芸,
municipal_source,江東区,文化財一覧,131083000000.0,https://www.opendata.metro.tokyo.lg.jp/koto/131083_002_cultural_property.csv,13Tokyo/raw/municipal/13108/data.csv,木造阿弥陀如来坐像,,照光院,,照光院,,江東区,13108,江東区登録文化財,美術工芸品,municipal,1994/3/23,35.679958,139.803315,movable,representative_point,municipal,江東区登録文化財,美術工芸,
municipal_source,江東区,文化財一覧,131083000000.0,https://www.opendata.metro.tokyo.lg.jp/koto/131083_002_cultural_property.csv,13Tokyo/raw/municipal/13108/data.csv,木造阿弥陀如来坐像,,潮江院,,潮江院,,江東区,13108,江東区登録文化財,美術工芸品,municipal,1990/3/28,35.680109,139.801486,movable,representative_point,municipal,江東区登録文化財,美術工芸,
municipal_source,江東区,文化財一覧,131083000000.0,https://www.opendata.metro.tokyo.lg.jp/koto/131083_002_cultural_property.csv,13Tokyo/raw/municipal/13108/data.csv,木造如来坐像,,潮江院,,潮江院,,江東区,13108,江東区登録文化財,美術工芸品,municipal,1994/3/23,35.680109,139.801486,movable,representative_point,municipal,江東区登録文化財,美術工芸,
municipal_source,江東区,文化財一覧,131083000000.0,https://www.opendata.metro.tokyo.lg.jp/koto/131083_002_cultural_property.csv,13Tokyo/raw/municipal/13108/data.csv,木造阿弥陀如来立像,,摂心院,,摂心院,,江東区,13108,江東区登録文化財,美術工芸品,municipal,1990/3/28,35.680441,139.801365,movable,representative_point,municipal,江東区登録文化財,美術工芸,
municipal_source,江東区,文化財一覧,131083000000.0,https://www.opendata.metro.tokyo.lg.jp/koto/131083_002_cultural_property.csv,13Tokyo/raw/municipal/13108/data.csv,厨子入木造菩薩立像,,摂心院,,摂心院,,江東区,13108,江東区登録文化財,美術工芸品,municipal,1995/3/28,35.680441,139.801365,movable,representative_point,municipal,江東区登録文化財,美術工芸,
municipal_source,江東区,文化財一覧,131083000000.0,https://www.opendata.metro.tokyo.lg.jp/koto/131083_002_cultural_property.csv,13Tokyo/raw/municipal/13108/data.csv,厨子入木造観音菩薩立像,,摂心院,,摂心院,,江東区,13108,江東区登録文化財,美術工芸品,municipal,1995/3/28,35.680441,139.801365,movable,representative_point,municipal,江東区登録文化財,美術工芸,
municipal_source,江東区,文化財一覧,131083000000.0,https://www.opendata.metro.tokyo.lg.jp/koto/131083_002_cultural_property.csv,13Tokyo/raw/municipal/13108/data.csv,木造阿弥陀如来坐像,,善徳寺,,善徳寺,,江東区,13108,江東区登録文化財,美術工芸品,municipal,1992/3/27,35.680844,139.802654,movable,representative_point,municipal,江東区登録文化財,美術工芸,
municipal_source,江東区,文化財一覧,131083000000.0,https://www.opendata.metro.tokyo.lg.jp/koto/131083_002_cultural_property.csv,13Tokyo/raw/municipal/13108/data.csv,木造阿弥陀三尊像,,一言院,,一言院,,江東区,13108,江東区登録文化財,美術工芸品,municipal,1985/3/25,35.680964,139.803612,movable,representative_point,municipal,江東区登録文化財,美術工芸,
municipal_source,江東区,文化財一覧,131083000000.0,https://www.opendata.metro.tokyo.lg.jp/koto/131083_002_cultural_property.csv,13Tokyo/raw/municipal/13108/data.csv,木造阿弥陀如来立像,,雲光院,,雲光院,,江東区,13108,江東区登録文化財,美術工芸品,municipal,1985/3/25,35.680513,139.803357,movable,representative_point,municipal,江東区登録文化財,美術工芸,
municipal_source,江東区,文化財一覧,131083000000.0,https://www.opendata.metro.tokyo.lg.jp/koto/131083_002_cultural_property.csv,13Tokyo/raw/municipal/13108/data.csv,木造阿弥陀如来坐像,,雲光院,,雲光院,,江東区,13108,江東区登録文化財,美術工芸品,municipal,1985/3/25,35.680513,139.803357,movable,representative_point,municipal,江東区登録文化財,美術工芸,
municipal_source,江東区,文化財一覧,131083000000.0,https://www.opendata.metro.tokyo.lg.jp/koto/131083_002_cultural_property.csv,13Tokyo/raw/municipal/13108/data.csv,木造阿弥陀三尊及び諸尊像,,雲光院,,雲光院,,江東区,13108,江東区登録文化財,美術工芸品,municipal,1985/3/25,35.680513,139.803357,movable,representative_point,municipal,江東区登録文化財,美術工芸,
municipal_source,江東区,文化財一覧,131083000000.0,https://www.opendata.metro.tokyo.lg.jp/koto/131083_002_cultural_property.csv,13Tokyo/raw/municipal/13108/data.csv,木造阿弥陀三尊像,,雲光院,,雲光院,,江東区,13108,江東区登録文化財,美術工芸品,municipal,1986/3/26,35.680513,139.803357,movable,representative_point,municipal,江東区登録文化財,美術工芸,
municipal_source,江東区,文化財一覧,131083000000.0,https://www.opendata.metro.tokyo.lg.jp/koto/131083_002_cultural_property.csv,13Tokyo/raw/municipal/13108/data.csv,銅造地蔵菩薩半跏像,,雲光院,,雲光院,,江東区,13108,江東区登録文化財,美術工芸品,municipal,1991/3/28,35.680513,139.803357,movable,representative_point,municipal,江東区登録文化財,美術工芸,
municipal_source,江東区,文化財一覧,131083000000.0,https://www.opendata.metro.tokyo.lg.jp/koto/131083_002_cultural_property.csv,13Tokyo/raw/municipal/13108/data.csv,木造阿弥陀如来坐像,,良信院,,良信院,,江東区,13108,江東区登録文化財,美術工芸品,municipal,1985/3/25,35.680536,139.804301,movable,representative_point,municipal,江東区登録文化財,美術工芸,
municipal_source,江東区,文化財一覧,131083000000.0,https://www.opendata.metro.tokyo.lg.jp/koto/131083_002_cultural_property.csv,13Tokyo/raw/municipal/13108/data.csv,木造阿弥陀如来立像,,良信院,,良信院,,江東区,13108,江東区登録文化財,美術工芸品,municipal,1989/3/24,35.680536,139.804301,movable,representative_point,municipal,江東区登録文化財,美術工芸,
municipal_source,江東区,文化財一覧,131083000000.0,https://www.opendata.metro.tokyo.lg.jp/koto/131083_002_cultural_property.csv,13Tokyo/raw/municipal/13108/data.csv,銅造阿弥陀如来立像,,雄松院,,雄松院,,江東区,13108,江東区登録文化財,美術工芸品,municipal,1988/3/24,35.681011,139.799252,movable,representative_point,municipal,江東区登録文化財,美術工芸,
municipal_source,江東区,文化財一覧,131083000000.0,https://www.opendata.metro.tokyo.lg.jp/koto/131083_002_cultural_property.csv,13Tokyo/raw/municipal/13108/data.csv,木造雄誉霊巖上人坐像,,雄松院,,雄松院,,江東区,13108,江東区登録文化財,美術工芸品,municipal,1991/3/28,35.681011,139.799252,movable,representative_point,municipal,江東区登録文化財,美術工芸,
municipal_source,江東区,文化財一覧,131083000000.0,https://www.opendata.metro.tokyo.lg.jp/koto/131083_002_cultural_property.csv,13Tokyo/raw/municipal/13108/data.csv,木造阿弥陀如来坐像,,霊巖寺,,霊巖寺,,江東区,13108,江東区登録文化財,美術工芸品,municipal,1991/3/28,35.680812,139.799953,movable,representative_point,municipal,江東区登録文化財,美術工芸,
municipal_source,江東区,文化財一覧,131083000000.0,https://www.opendata.metro.tokyo.lg.jp/koto/131083_002_cultural_property.csv,13Tokyo/raw/municipal/13108/data.csv,木造阿弥陀如来坐像,,正源寺,,正源寺,,江東区,13108,江東区登録文化財,美術工芸品,municipal,1987/3/26,35.674289,139.789584,movable,representative_point,municipal,江東区登録文化財,美術工芸,
municipal_source,江東区,文化財一覧,131083000000.0,https://www.opendata.metro.tokyo.lg.jp/koto/131083_002_cultural_property.csv,13Tokyo/raw/municipal/13108/data.csv,木造阿弥陀如来坐像,,正源寺,,正源寺,,江東区,13108,江東区登録文化財,美術工芸品,municipal,1987/3/26,35.674289,139.789584,movable,representative_point,municipal,江東区登録文化財,美術工芸,
municipal_source,江東区,文化財一覧,131083000000.0,https://www.opendata.metro.tokyo.lg.jp/koto/131083_002_cultural_property.csv,13Tokyo/raw/municipal/13108/data.csv,石造釈迦如来坐像,,正源寺,,正源寺,,江東区,13108,江東区登録文化財,美術工芸品,municipal,1987/3/26,35.674289,139.789584,movable,representative_point,municipal,江東区登録文化財,美術工芸,
municipal_source,江東区,文化財一覧,131083000000.0,https://www.opendata.metro.tokyo.lg.jp/koto/131083_002_cultural_property.csv,13Tokyo/raw/municipal/13108/data.csv,石造神狐象 昭和6年在銘 一対,,福住稲荷神社,,福住稲荷神社,,江東区,13108,江東区登録文化財,美術工芸品,municipal,2012/4/6,35.674928,139.792401,movable,representative_point,municipal,江東区登録文化財,美術工芸,
municipal_source,江東区,文化財一覧,131083000000.0,https://www.opendata.metro.tokyo.lg.jp/koto/131083_002_cultural_property.csv,13Tokyo/raw/municipal/13108/data.csv,木造阿弥陀三尊像,,玄信寺,,玄信寺,,江東区,13108,江東区登録文化財,美術工芸品,municipal,1993/3/29,35.675496,139.797474,movable,representative_point,municipal,江東区登録文化財,美術工芸,
municipal_source,江東区,文化財一覧,131083000000.0,https://www.opendata.metro.tokyo.lg.jp/koto/131083_002_cultural_property.csv,13Tokyo/raw/municipal/13108/data.csv,石造地蔵菩薩立像(影窓院地蔵),,心行寺,,心行寺,,江東区,13108,江東区登録文化財,美術工芸品,municipal,1983/3/25,35.675974,139.796779,movable,representative_point,municipal,江東区登録文化財,美術工芸,
municipal_source,江東区,文化財一覧,131083000000.0,https://www.opendata.metro.tokyo.lg.jp/koto/131083_002_cultural_property.csv,13Tokyo/raw/municipal/13108/data.csv,木造阿弥陀如来立像,,心行寺,,心行寺,,江東区,13108,江東区登録文化財,美術工芸品,municipal,1988/3/24,35.675974,139.796779,movable,representative_point,municipal,江東区登録文化財,美術工芸,
municipal_source,江東区,文化財一覧,131083000000.0,https://www.opendata.metro.tokyo.lg.jp/koto/131083_002_cultural_property.csv,13Tokyo/raw/municipal/13108/data.csv,銅造阿弥陀如来坐像,,心行寺,,心行寺,,江東区,13108,江東区登録文化財,美術工芸品,municipal,1989/3/24,35.675974,139.796779,movable,representative_point,municipal,江東区登録文化財,美術工芸,
municipal_source,江東区,文化財一覧,131083000000.0,https://www.opendata.metro.tokyo.lg.jp/koto/131083_002_cultural_property.csv,13Tokyo/raw/municipal/13108/data.csv,木造観音・勢至菩薩立像,,心行寺,,心行寺,,江東区,13108,江東区登録文化財,美術工芸品,municipal,1994/3/23,35.675974,139.796779,movable,representative_point,municipal,江東区登録文化財,美術工芸,
municipal_source,江東区,文化財一覧,131083000000.0,https://www.opendata.metro.tokyo.lg.jp/koto/131083_002_cultural_property.csv,13Tokyo/raw/municipal/13108/data.csv,木造十一面観音坐像,,陽岳寺,,陽岳寺,,江東区,13108,江東区登録文化財,美術工芸品,municipal,1988/3/24,35.675272,139.796474,movable,representative_point,municipal,江東区登録文化財,美術工芸,
municipal_source,江東区,文化財一覧,131083000000.0,https://www.opendata.metro.tokyo.lg.jp/koto/131083_002_cultural_property.csv,13Tokyo/raw/municipal/13108/data.csv,木造阿弥陀如来立像,,陽岳寺,,陽岳寺,,江東区,13108,江東区登録文化財,美術工芸品,municipal,1990/3/28,35.675272,139.796474,movable,representative_point,municipal,江東区登録文化財,美術工芸,
municipal_source,江東区,文化財一覧,131083000000.0,https://www.opendata.metro.tokyo.lg.jp/koto/131083_002_cultural_property.csv,13Tokyo/raw/municipal/13108/data.csv,木造地蔵菩薩立像,,陽岳寺,,陽岳寺,,江東区,13108,江東区登録文化財,美術工芸品,municipal,1991/3/28,35.675272,139.796474,movable,representative_point,municipal,江東区登録文化財,美術工芸,
municipal_source,江東区,文化財一覧,131083000000.0,https://www.opendata.metro.tokyo.lg.jp/koto/131083_002_cultural_property.csv,13Tokyo/raw/municipal/13108/data.csv,木造天部立像,,陽岳寺,,陽岳寺,,江東区,13108,江東区登録文化財,美術工芸品,municipal,1991/3/28,35.675272,139.796474,movable,representative_point,municipal,江東区登録文化財,美術工芸,
municipal_source,江東区,文化財一覧,131083000000.0,https://www.opendata.metro.tokyo.lg.jp/koto/131083_002_cultural_property.csv,13Tokyo/raw/municipal/13108/data.csv,木造地蔵菩薩立像,,増林寺,,増林寺,,江東区,13108,江東区登録文化財,美術工芸品,municipal,1988/3/24,35.677014,139.797507,movable,representative_point,municipal,江東区登録文化財,美術工芸,
municipal_source,江東区,文化財一覧,131083000000.0,https://www.opendata.metro.tokyo.lg.jp/koto/131083_002_cultural_property.csv,13Tokyo/raw/municipal/13108/data.csv,木造如来立像,,増林寺,,増林寺,,江東区,13108,江東区登録文化財,美術工芸品,municipal,1990/3/28,35.677014,139.797507,movable,representative_point,municipal,江東区登録文化財,美術工芸,
municipal_source,江東区,文化財一覧,131083000000.0,https://www.opendata.metro.tokyo.lg.jp/koto/131083_002_cultural_property.csv,13Tokyo/raw/municipal/13108/data.csv,木造菩薩立像,,増林寺,,増林寺,,江東区,13108,江東区登録文化財,美術工芸品,municipal,1990/3/28,35.677014,139.797507,movable,representative_point,municipal,江東区登録文化財,美術工芸,
municipal_source,江東区,文化財一覧,131083000000.0,https://www.opendata.metro.tokyo.lg.jp/koto/131083_002_cultural_property.csv,13Tokyo/raw/municipal/13108/data.csv,木造観音・勢至菩薩立像,,増林寺,,増林寺,,江東区,13108,江東区登録文化財,美術工芸品,municipal,1990/3/28,35.677014,139.797507,movable,representative_point,municipal,江東区登録文化財,美術工芸,
municipal_source,江東区,文化財一覧,131083000000.0,https://www.opendata.metro.tokyo.lg.jp/koto/131083_002_cultural_property.csv,13Tokyo/raw/municipal/13108/data.csv,木造観音菩薩立像,,増林寺,,増林寺,,江東区,13108,江東区登録文化財,美術工芸品,municipal,1995/3/28,35.677014,139.797507,movable,representative_point,municipal,江東区登録文化財,美術工芸,
municipal_source,江東区,文化財一覧,131083000000.0,https://www.opendata.metro.tokyo.lg.jp/koto/131083_002_cultural_property.csv,13Tokyo/raw/municipal/13108/data.csv,木造如来立像,,増林寺,,増林寺,,江東区,13108,江東区登録文化財,美術工芸品,municipal,1995/3/28,35.677014,139.797507,movable,representative_point,municipal,江東区登録文化財,美術工芸,
municipal_source,江東区,文化財一覧,131083000000.0,https://www.opendata.metro.tokyo.lg.jp/koto/131083_002_cultural_property.csv,13Tokyo/raw/municipal/13108/data.csv,木造如来立像,,増林寺,,増林寺,,江東区,13108,江東区登録文化財,美術工芸品,municipal,1995/3/28,35.677014,139.797507,movable,representative_point,municipal,江東区登録文化財,美術工芸,
municipal_source,江東区,文化財一覧,131083000000.0,https://www.opendata.metro.tokyo.lg.jp/koto/131083_002_cultural_property.csv,13Tokyo/raw/municipal/13108/data.csv,木造阿弥陀如来立像,,増林寺,,増林寺,,江東区,13108,江東区登録文化財,美術工芸品,municipal,1995/3/28,35.677014,139.797507,movable,representative_point,municipal,江東区登録文化財,美術工芸,
municipal_source,江東区,文化財一覧,131083000000.0,https://www.opendata.metro.tokyo.lg.jp/koto/131083_002_cultural_property.csv,13Tokyo/raw/municipal/13108/data.csv,銅造如来立像,,増林寺,,増林寺,,江東区,13108,江東区登録文化財,美術工芸品,municipal,1995/3/28,35.677014,139.797507,movable,representative_point,municipal,江東区登録文化財,美術工芸,
municipal_source,江東区,文化財一覧,131083000000.0,https://www.opendata.metro.tokyo.lg.jp/koto/131083_002_cultural_property.csv,13Tokyo/raw/municipal/13108/data.csv,木造阿弥陀如来立像,,増林寺,,増林寺,,江東区,13108,江東区登録文化財,美術工芸品,municipal,1995/3/28,35.677014,139.797507,movable,representative_point,municipal,江東区登録文化財,美術工芸,
municipal_source,江東区,文化財一覧,131083000000.0,https://www.opendata.metro.tokyo.lg.jp/koto/131083_002_cultural_property.csv,13Tokyo/raw/municipal/13108/data.csv,木造不動明王立像,,増林寺,,増林寺,,江東区,13108,江東区登録文化財,美術工芸品,municipal,1995/3/28,35.677014,139.797507,movable,representative_point,municipal,江東区登録文化財,美術工芸,
municipal_source,江東区,文化財一覧,131083000000.0,https://www.opendata.metro.tokyo.lg.jp/koto/131083_002_cultural_property.csv,13Tokyo/raw/municipal/13108/data.csv,銅造阿弥陀如来坐像,,増林寺,,増林寺,,江東区,13108,江東区登録文化財,美術工芸品,municipal,1995/3/28,35.677014,139.797507,movable,representative_point,municipal,江東区登録文化財,美術工芸,
municipal_source,江東区,文化財一覧,131083000000.0,https://www.opendata.metro.tokyo.lg.jp/koto/131083_002_cultural_property.csv,13Tokyo/raw/municipal/13108/data.csv,木造釈迦如来坐像,,増林寺,,増林寺,,江東区,13108,江東区登録文化財,美術工芸品,municipal,1995/3/28,35.677014,139.797507,movable,representative_point,municipal,江東区登録文化財,美術工芸,
municipal_source,江東区,文化財一覧,131083000000.0,https://www.opendata.metro.tokyo.lg.jp/koto/131083_002_cultural_property.csv,13Tokyo/raw/municipal/13108/data.csv,木造観音菩薩立像,,増林寺,,増林寺,,江東区,13108,江東区登録文化財,美術工芸品,municipal,1995/3/28,35.677014,139.797507,movable,representative_point,municipal,江東区登録文化財,美術工芸,
municipal_source,江東区,文化財一覧,131083000000.0,https://www.opendata.metro.tokyo.lg.jp/koto/131083_002_cultural_property.csv,13Tokyo/raw/municipal/13108/data.csv,木造法然上人・善導大師坐像,,正覚寺,,正覚寺,,江東区,13108,江東区登録文化財,美術工芸品,municipal,1991/3/28,35.677186,139.798643,movable,representative_point,municipal,江東区登録文化財,美術工芸,
municipal_source,江東区,文化財一覧,131083000000.0,https://www.opendata.metro.tokyo.lg.jp/koto/131083_002_cultural_property.csv,13Tokyo/raw/municipal/13108/data.csv,木造四天王立像,,正覚寺,,正覚寺,,江東区,13108,江東区登録文化財,美術工芸品,municipal,1991/3/28,35.677186,139.798643,movable,representative_point,municipal,江東区登録文化財,美術工芸,
municipal_source,江東区,文化財一覧,131083000000.0,https://www.opendata.metro.tokyo.lg.jp/koto/131083_002_cultural_property.csv,13Tokyo/raw/municipal/13108/data.csv,木造阿弥陀如来坐像,,正覚寺,,正覚寺,,江東区,13108,江東区登録文化財,美術工芸品,municipal,1991/3/28,35.677186,139.798643,movable,representative_point,municipal,江東区登録文化財,美術工芸,
municipal_source,江東区,文化財一覧,131083000000.0,https://www.opendata.metro.tokyo.lg.jp/koto/131083_002_cultural_property.csv,13Tokyo/raw/municipal/13108/data.csv,石造狛犬 一対,,冬木弁天堂,,冬木弁天堂,,江東区,13108,江東区登録文化財,美術工芸品,municipal,1995/3/28,35.675396,139.800119,movable,representative_point,municipal,江東区登録文化財,美術工芸,
municipal_source,江東区,文化財一覧,131083000000.0,https://www.opendata.metro.tokyo.lg.jp/koto/131083_002_cultural_property.csv,13Tokyo/raw/municipal/13108/data.csv,木造弘法大師坐像,,永代寺,,永代寺,,江東区,13108,江東区登録文化財,美術工芸品,municipal,1996/3/22,35.672013,139.798061,movable,representative_point,municipal,江東区登録文化財,美術工芸,
municipal_source,江東区,文化財一覧,131083000000.0,https://www.opendata.metro.tokyo.lg.jp/koto/131083_002_cultural_property.csv,13Tokyo/raw/municipal/13108/data.csv,木造不動明王坐像 付二童子像,,深川不動堂,,深川不動堂,,江東区,13108,江東区登録文化財,美術工芸品,municipal,1994/3/23,35.672853,139.798368,movable,representative_point,municipal,江東区登録文化財,美術工芸,
municipal_source,江東区,文化財一覧,131083000000.0,https://www.opendata.metro.tokyo.lg.jp/koto/131083_002_cultural_property.csv,13Tokyo/raw/municipal/13108/data.csv,木造五大明王像 4躯,,深川不動堂,,深川不動堂,,江東区,13108,江東区登録文化財,美術工芸品,municipal,1994/3/23,35.672853,139.798368,movable,representative_point,municipal,江東区登録文化財,美術工芸,
municipal_source,江東区,文化財一覧,131083000000.0,https://www.opendata.metro.tokyo.lg.jp/koto/131083_002_cultural_property.csv,13Tokyo/raw/municipal/13108/data.csv,銅造二童子像,,深川不動堂,,深川不動堂,,江東区,13108,江東区登録文化財,美術工芸品,municipal,1994/3/23,35.672853,139.798368,movable,representative_point,municipal,江東区登録文化財,美術工芸,
municipal_source,江東区,文化財一覧,131083000000.0,https://www.opendata.metro.tokyo.lg.jp/koto/131083_002_cultural_property.csv,13Tokyo/raw/municipal/13108/data.csv,銅造倶利迦羅剣・二童子像 明治20年在銘,,深川不動堂,,深川不動堂,,江東区,13108,江東区登録文化財,美術工芸品,municipal,1994/3/23,35.672853,139.798368,movable,representative_point,municipal,江東区登録文化財,美術工芸,
municipal_source,江東区,文化財一覧,131083000000.0,https://www.opendata.metro.tokyo.lg.jp/koto/131083_002_cultural_property.csv,13Tokyo/raw/municipal/13108/data.csv,銅造不動慧童子立像,,深川不動堂,,深川不動堂,,江東区,13108,江東区登録文化財,美術工芸品,municipal,1996/3/22,35.672853,139.798368,movable,representative_point,municipal,江東区登録文化財,美術工芸,
municipal_source,江東区,文化財一覧,131083000000.0,https://www.opendata.metro.tokyo.lg.jp/koto/131083_002_cultural_property.csv,13Tokyo/raw/municipal/13108/data.csv,石造狛犬 江川場売手中奉納 一対,,富岡八幡宮,,富岡八幡宮,,江東区,13108,江東区登録文化財,美術工芸品,municipal,1983/3/25,35.671958,139.799609,movable,representative_point,municipal,江東区登録文化財,美術工芸,
municipal_source,江東区,文化財一覧,131083000000.0,https://www.opendata.metro.tokyo.lg.jp/koto/131083_002_cultural_property.csv,13Tokyo/raw/municipal/13108/data.csv,石造狛犬 海辺大工町奉納 一対,,富岡八幡宮,,富岡八幡宮,,江東区,13108,江東区登録文化財,美術工芸品,municipal,1986/3/26,35.671958,139.799609,movable,representative_point,municipal,江東区登録文化財,美術工芸,
municipal_source,江東区,文化財一覧,131083000000.0,https://www.opendata.metro.tokyo.lg.jp/koto/131083_002_cultural_property.csv,13Tokyo/raw/municipal/13108/data.csv,石造狛犬 御作事方奉納 一対,,富岡八幡宮,,富岡八幡宮,,江東区,13108,江東区登録文化財,美術工芸品,municipal,1987/3/26,35.671958,139.799609,movable,representative_point,municipal,江東区登録文化財,美術工芸,
municipal_source,江東区,文化財一覧,131083000000.0,https://www.opendata.metro.tokyo.lg.jp/koto/131083_002_cultural_property.csv,13Tokyo/raw/municipal/13108/data.csv,石造狛犬 大正10年在銘 一対,,富岡八幡宮,,富岡八幡宮,,江東区,13108,江東区登録文化財,美術工芸品,municipal,1987/3/26,35.671958,139.799609,movable,representative_point,municipal,江東区登録文化財,美術工芸,
municipal_source,江東区,文化財一覧,131083000000.0,https://www.opendata.metro.tokyo.lg.jp/koto/131083_002_cultural_property.csv,13Tokyo/raw/municipal/13108/data.csv,石造狛犬 一対,,富岡八幡宮,,富岡八幡宮,,江東区,13108,江東区登録文化財,美術工芸品,municipal,1998/3/30,35.671958,139.799609,movable,representative_point,municipal,江東区登録文化財,美術工芸,
municipal_source,江東区,文化財一覧,131083000000.0,https://www.opendata.metro.tokyo.lg.jp/koto/131083_002_cultural_property.csv,13Tokyo/raw/municipal/13108/data.csv,木造阿弥陀如来立像,,光明寺,,光明寺,,江東区,13108,江東区登録文化財,美術工芸品,municipal,1992/3/27,35.681637,139.814983,movable,representative_point,municipal,江東区登録文化財,美術工芸,
municipal_source,江東区,文化財一覧,131083000000.0,https://www.opendata.metro.tokyo.lg.jp/koto/131083_002_cultural_property.csv,13Tokyo/raw/municipal/13108/data.csv,石造狛犬 昭和6年在銘 一対,,猿江神社,,猿江神社,,江東区,13108,江東区登録文化財,美術工芸品,municipal,1996/3/22,35.685871,139.814147,movable,representative_point,municipal,江東区登録文化財,美術工芸,
municipal_source,江東区,文化財一覧,131083000000.0,https://www.opendata.metro.tokyo.lg.jp/koto/131083_002_cultural_property.csv,13Tokyo/raw/municipal/13108/data.csv,石造地蔵菩薩坐像,,釜屋堀子育地蔵堂,,釜屋堀子育地蔵堂,,江東区,13108,江東区登録文化財,美術工芸品,municipal,1985/3/25,35.686327,139.820253,movable,representative_point,municipal,江東区登録文化財,美術工芸,
municipal_source,江東区,文化財一覧,131083000000.0,https://www.opendata.metro.tokyo.lg.jp/koto/131083_002_cultural_property.csv,13Tokyo/raw/municipal/13108/data.csv,石造狛犬 大正13年在銘 一対,,賀来神社,,賀来神社,,江東区,13108,江東区登録文化財,美術工芸品,municipal,2013/4/3,35.668001,139.803032,movable,representative_point,municipal,江東区登録文化財,美術工芸,
municipal_source,江東区,文化財一覧,131083000000.0,https://www.opendata.metro.tokyo.lg.jp/koto/131083_002_cultural_property.csv,13Tokyo/raw/municipal/13108/data.csv,木造随神倚像 2躯,,繁栄稲荷神社,,繁栄稲荷神社,,江東区,13108,江東区登録文化財,美術工芸品,municipal,1992/3/27,35.669951,139.804783,movable,representative_point,municipal,江東区登録文化財,美術工芸,
municipal_source,江東区,文化財一覧,131083000000.0,https://www.opendata.metro.tokyo.lg.jp/koto/131083_002_cultural_property.csv,13Tokyo/raw/municipal/13108/data.csv,石造狛犬 一対,,繁栄稲荷神社,,繁栄稲荷神社,,江東区,13108,江東区登録文化財,美術工芸品,municipal,2000/3/27,35.669951,139.804783,movable,representative_point,municipal,江東区登録文化財,美術工芸,
municipal_source,江東区,文化財一覧,131083000000.0,https://www.opendata.metro.tokyo.lg.jp/koto/131083_002_cultural_property.csv,13Tokyo/raw/municipal/13108/data.csv,木造聖観音菩薩坐像,,長寿寺,,長寿寺,,江東区,13108,江東区登録文化財,美術工芸品,municipal,1989/3/24,35.703158,139.819634,movable,representative_point,municipal,江東区登録文化財,美術工芸,
municipal_source,江東区,文化財一覧,131083000000.0,https://www.opendata.metro.tokyo.lg.jp/koto/131083_002_cultural_property.csv,13Tokyo/raw/municipal/13108/data.csv,厨子入木造聖観音菩薩坐像,,長寿寺,,長寿寺,,江東区,13108,江東区登録文化財,美術工芸品,municipal,1993/3/29,35.703158,139.819634,movable,representative_point,municipal,江東区登録文化財,美術工芸,
municipal_source,江東区,文化財一覧,131083000000.0,https://www.opendata.metro.tokyo.lg.jp/koto/131083_002_cultural_property.csv,13Tokyo/raw/municipal/13108/data.csv,厨子入木造地蔵三尊像,,長寿寺,,長寿寺,,江東区,13108,江東区登録文化財,美術工芸品,municipal,1995/3/28,35.703158,139.819634,movable,representative_point,municipal,江東区登録文化財,美術工芸,
municipal_source,江東区,文化財一覧,131083000000.0,https://www.opendata.metro.tokyo.lg.jp/koto/131083_002_cultural_property.csv,13Tokyo/raw/municipal/13108/data.csv,木造聖観音菩薩立像,,龍眼寺,,龍眼寺,,江東区,13108,江東区指定文化財,美術工芸品,municipal,2000/3/27,35.705622,139.819415,movable,representative_point,municipal,江東区指定文化財,美術工芸,
municipal_source,江東区,文化財一覧,131083000000.0,https://www.opendata.metro.tokyo.lg.jp/koto/131083_002_cultural_property.csv,13Tokyo/raw/municipal/13108/data.csv,石造狛犬 昭和5年在銘 一対,,天祖神社,,天祖神社,,江東区,13108,江東区登録文化財,美術工芸品,municipal,2015/4/1,35.706504,139.820913,movable,representative_point,municipal,江東区登録文化財,美術工芸,
municipal_source,江東区,文化財一覧,131083000000.0,https://www.opendata.metro.tokyo.lg.jp/koto/131083_002_cultural_property.csv,13Tokyo/raw/municipal/13108/data.csv,木造阿弥陀如来坐像,,光明寺,,光明寺,,江東区,13108,江東区登録文化財,美術工芸品,municipal,1990/3/28,35.704178,139.822582,movable,representative_point,municipal,江東区登録文化財,美術工芸,
municipal_source,江東区,文化財一覧,131083000000.0,https://www.opendata.metro.tokyo.lg.jp/koto/131083_002_cultural_property.csv,13Tokyo/raw/municipal/13108/data.csv,木造十一面観音立像 2躯,,光明寺,,光明寺,,江東区,13108,江東区登録文化財,美術工芸品,municipal,1995/3/28,35.704178,139.822582,movable,representative_point,municipal,江東区登録文化財,美術工芸,
municipal_source,江東区,文化財一覧,131083000000.0,https://www.opendata.metro.tokyo.lg.jp/koto/131083_002_cultural_property.csv,13Tokyo/raw/municipal/13108/data.csv,石造狛犬 寛政7年在銘 一対,,香取神社,,香取神社,,江東区,13108,江東区登録文化財,美術工芸品,municipal,1986/3/26,35.704295,139.825214,movable,representative_point,municipal,江東区登録文化財,美術工芸,
municipal_source,江東区,文化財一覧,131083000000.0,https://www.opendata.metro.tokyo.lg.jp/koto/131083_002_cultural_property.csv,13Tokyo/raw/municipal/13108/data.csv,木造八幡神像,,香取神社,,香取神社,,江東区,13108,江東区登録文化財,美術工芸品,municipal,1994/3/23,35.704295,139.825214,movable,representative_point,municipal,江東区登録文化財,美術工芸,
municipal_source,江東区,文化財一覧,131083000000.0,https://www.opendata.metro.tokyo.lg.jp/koto/131083_002_cultural_property.csv,13Tokyo/raw/municipal/13108/data.csv,木造阿弥陀三尊像,,浄心寺,,浄心寺,,江東区,13108,江東区登録文化財,美術工芸品,municipal,1989/3/24,35.701266,139.826802,movable,representative_point,municipal,江東区登録文化財,美術工芸,
municipal_source,江東区,文化財一覧,131083000000.0,https://www.opendata.metro.tokyo.lg.jp/koto/131083_002_cultural_property.csv,13Tokyo/raw/municipal/13108/data.csv,木造阿弥陀三尊像,,浄心寺,,浄心寺,,江東区,13108,江東区登録文化財,美術工芸品,municipal,1989/3/24,35.701266,139.826802,movable,representative_point,municipal,江東区登録文化財,美術工芸,
municipal_source,江東区,文化財一覧,131083000000.0,https://www.opendata.metro.tokyo.lg.jp/koto/131083_002_cultural_property.csv,13Tokyo/raw/municipal/13108/data.csv,木造阿弥陀如来立像,,浄心寺,,浄心寺,,江東区,13108,江東区登録文化財,美術工芸品,municipal,1989/3/24,35.701266,139.826802,movable,representative_point,municipal,江東区登録文化財,美術工芸,
municipal_source,江東区,文化財一覧,131083000000.0,https://www.opendata.metro.tokyo.lg.jp/koto/131083_002_cultural_property.csv,13Tokyo/raw/municipal/13108/data.csv,木造地蔵菩薩坐像,,浄心寺,,浄心寺,,江東区,13108,江東区登録文化財,美術工芸品,municipal,1989/3/24,35.701266,139.826802,movable,representative_point,municipal,江東区登録文化財,美術工芸,
municipal_source,江東区,文化財一覧,131083000000.0,https://www.opendata.metro.tokyo.lg.jp/koto/131083_002_cultural_property.csv,13Tokyo/raw/municipal/13108/data.csv,木造薬師如来坐像,,浄心寺,,浄心寺,,江東区,13108,江東区登録文化財,美術工芸品,municipal,1989/3/24,35.701266,139.826802,movable,representative_point,municipal,江東区登録文化財,美術工芸,
municipal_source,江東区,文化財一覧,131083000000.0,https://www.opendata.metro.tokyo.lg.jp/koto/131083_002_cultural_property.csv,13Tokyo/raw/municipal/13108/data.csv,厨子入木造不動三尊像,,東覚寺,,東覚寺,,江東区,13108,江東区登録文化財,美術工芸品,municipal,1989/3/24,35.703227,139.826243,movable,representative_point,municipal,江東区登録文化財,美術工芸,
municipal_source,江東区,文化財一覧,131083000000.0,https://www.opendata.metro.tokyo.lg.jp/koto/131083_002_cultural_property.csv,13Tokyo/raw/municipal/13108/data.csv,木造虚空蔵菩薩坐像,,宝蓮寺,,宝蓮寺,,江東区,13108,江東区登録文化財,美術工芸品,municipal,1984/3/26,35.702061,139.827409,movable,representative_point,municipal,江東区登録文化財,美術工芸,
municipal_source,江東区,文化財一覧,131083000000.0,https://www.opendata.metro.tokyo.lg.jp/koto/131083_002_cultural_property.csv,13Tokyo/raw/municipal/13108/data.csv,木造不動三尊像,,宝蓮寺,,宝蓮寺,,江東区,13108,江東区登録文化財,美術工芸品,municipal,1994/3/23,35.702061,139.827409,movable,representative_point,municipal,江東区登録文化財,美術工芸,
municipal_source,江東区,文化財一覧,131083000000.0,https://www.opendata.metro.tokyo.lg.jp/koto/131083_002_cultural_property.csv,13Tokyo/raw/municipal/13108/data.csv,木造阿弥陀如来坐像,,常光寺,,常光寺,,江東区,13108,江東区登録文化財,美術工芸品,municipal,1989/3/24,35.702669,139.830506,movable,representative_point,municipal,江東区登録文化財,美術工芸,
municipal_source,江東区,文化財一覧,131083000000.0,https://www.opendata.metro.tokyo.lg.jp/koto/131083_002_cultural_property.csv,13Tokyo/raw/municipal/13108/data.csv,木造釈迦如来坐像,,常光寺,,常光寺,,江東区,13108,江東区登録文化財,美術工芸品,municipal,1989/3/24,35.702669,139.830506,movable,representative_point,municipal,江東区登録文化財,美術工芸,
municipal_source,江東区,文化財一覧,131083000000.0,https://www.opendata.metro.tokyo.lg.jp/koto/131083_002_cultural_property.csv,13Tokyo/raw/municipal/13108/data.csv,木造阿弥陀如来立像,,法徳寺,,法徳寺,,江東区,13108,江東区登録文化財,美術工芸品,municipal,1990/3/28,35.698503,139.829894,movable,representative_point,municipal,江東区登録文化財,美術工芸,
municipal_source,江東区,文化財一覧,131083000000.0,https://www.opendata.metro.tokyo.lg.jp/koto/131083_002_cultural_property.csv,13Tokyo/raw/municipal/13108/data.csv,木造阿弥陀如来立像,,法徳寺,,法徳寺,,江東区,13108,江東区登録文化財,美術工芸品,municipal,1990/3/28,35.698503,139.829894,movable,representative_point,municipal,江東区登録文化財,美術工芸,
municipal_source,江東区,文化財一覧,131083000000.0,https://www.opendata.metro.tokyo.lg.jp/koto/131083_002_cultural_property.csv,13Tokyo/raw/municipal/13108/data.csv,木造親鸞上人坐像,,法徳寺,,法徳寺,,江東区,13108,江東区登録文化財,美術工芸品,municipal,1990/3/28,35.698503,139.829894,movable,representative_point,municipal,江東区登録文化財,美術工芸,
municipal_source,江東区,文化財一覧,131083000000.0,https://www.opendata.metro.tokyo.lg.jp/koto/131083_002_cultural_property.csv,13Tokyo/raw/municipal/13108/data.csv,木造観音・勢至菩薩立像 2躯,,法徳寺,,法徳寺,,江東区,13108,江東区登録文化財,美術工芸品,municipal,1992/3/27,35.698503,139.829894,movable,representative_point,municipal,江東区登録文化財,美術工芸,
municipal_source,江東区,文化財一覧,131083000000.0,https://www.opendata.metro.tokyo.lg.jp/koto/131083_002_cultural_property.csv,13Tokyo/raw/municipal/13108/data.csv,木造阿弥陀三尊像,,自性院,,自性院,,江東区,13108,江東区登録文化財,美術工芸品,municipal,1990/3/28,35.694477,139.830385,movable,representative_point,municipal,江東区登録文化財,美術工芸,
municipal_source,江東区,文化財一覧,131083000000.0,https://www.opendata.metro.tokyo.lg.jp/koto/131083_002_cultural_property.csv,13Tokyo/raw/municipal/13108/data.csv,木造神像,,浅間神社,,浅間神社,,江東区,13108,江東区登録文化財,美術工芸品,municipal,1992/3/27,35.695771,139.844565,movable,representative_point,municipal,江東区登録文化財,美術工芸,
municipal_source,江東区,文化財一覧,131083000000.0,https://www.opendata.metro.tokyo.lg.jp/koto/131083_002_cultural_property.csv,13Tokyo/raw/municipal/13108/data.csv,木造千手観音菩薩坐像,,羅漢寺,,羅漢寺,,江東区,13108,江東区登録文化財,美術工芸品,municipal,1989/3/24,35.689608,139.826664,movable,representative_point,municipal,江東区登録文化財,美術工芸,
municipal_source,江東区,文化財一覧,131083000000.0,https://www.opendata.metro.tokyo.lg.jp/koto/131083_002_cultural_property.csv,13Tokyo/raw/municipal/13108/data.csv,木造毘沙門天立像,,羅漢寺,,羅漢寺,,江東区,13108,江東区登録文化財,美術工芸品,municipal,1996/3/22,35.689608,139.826664,movable,representative_point,municipal,江東区登録文化財,美術工芸,
municipal_source,江東区,文化財一覧,131083000000.0,https://www.opendata.metro.tokyo.lg.jp/koto/131083_002_cultural_property.csv,13Tokyo/raw/municipal/13108/data.csv,木造阿弥陀如来立像,,浄楽寺,,浄楽寺,,江東区,13108,江東区登録文化財,美術工芸品,municipal,1988/3/24,35.688027,139.831174,movable,representative_point,municipal,江東区登録文化財,美術工芸,
municipal_source,江東区,文化財一覧,131083000000.0,https://www.opendata.metro.tokyo.lg.jp/koto/131083_002_cultural_property.csv,13Tokyo/raw/municipal/13108/data.csv,石造狛犬 一対,,大島稲荷神社,,大島稲荷神社,,江東区,13108,江東区登録文化財,美術工芸品,municipal,1987/3/26,35.686392,139.836618,movable,representative_point,municipal,江東区登録文化財,美術工芸,
municipal_source,江東区,文化財一覧,131083000000.0,https://www.opendata.metro.tokyo.lg.jp/koto/131083_002_cultural_property.csv,13Tokyo/raw/municipal/13108/data.csv,木造大日如来坐像,,宝塔寺,,宝塔寺,,江東区,13108,江東区登録文化財,美術工芸品,municipal,1990/3/28,35.687008,139.842813,movable,representative_point,municipal,江東区登録文化財,美術工芸,
municipal_source,江東区,文化財一覧,131083000000.0,https://www.opendata.metro.tokyo.lg.jp/koto/131083_002_cultural_property.csv,13Tokyo/raw/municipal/13108/data.csv,木造日蓮上人坐像,,妙久寺,,妙久寺,,江東区,13108,江東区登録文化財,美術工芸品,municipal,1987/3/26,35.678253,139.826474,movable,representative_point,municipal,江東区登録文化財,美術工芸,
municipal_source,江東区,文化財一覧,131083000000.0,https://www.opendata.metro.tokyo.lg.jp/koto/131083_002_cultural_property.csv,13Tokyo/raw/municipal/13108/data.csv,木造弘法大師坐像,,持宝院,,持宝院,,江東区,13108,江東区登録文化財,美術工芸品,municipal,1985/3/25,35.679198,139.831908,movable,representative_point,municipal,江東区登録文化財,美術工芸,
municipal_source,江東区,文化財一覧,131083000000.0,https://www.opendata.metro.tokyo.lg.jp/koto/131083_002_cultural_property.csv,13Tokyo/raw/municipal/13108/data.csv,石造神狐像 寺田三郎奉納 一対,,亀守稲荷神社,,亀守稲荷神社,,江東区,13108,江東区登録文化財,美術工芸品,municipal,1996/3/22,35.683567,139.836259,movable,representative_point,municipal,江東区登録文化財,美術工芸,
municipal_source,江東区,文化財一覧,131083000000.0,https://www.opendata.metro.tokyo.lg.jp/koto/131083_002_cultural_property.csv,13Tokyo/raw/municipal/13108/data.csv,木造三宝本尊像,,上妙寺,,上妙寺,,江東区,13108,江東区登録文化財,美術工芸品,municipal,1994/3/23,35.683128,139.840652,movable,representative_point,municipal,江東区登録文化財,美術工芸,
municipal_source,江東区,文化財一覧,131083000000.0,https://www.opendata.metro.tokyo.lg.jp/koto/131083_002_cultural_property.csv,13Tokyo/raw/municipal/13108/data.csv,木造阿弥陀如来立像 附体内納入品4点,,因速寺,,因速寺,,江東区,13108,江東区指定文化財,美術工芸品,municipal,1994/3/23,35.682478,139.840813,movable,representative_point,municipal,江東区指定文化財,美術工芸,
municipal_source,江東区,文化財一覧,131083000000.0,https://www.opendata.metro.tokyo.lg.jp/koto/131083_002_cultural_property.csv,13Tokyo/raw/municipal/13108/data.csv,木造親鸞上人坐像,,因速寺,,因速寺,,江東区,13108,江東区登録文化財,美術工芸品,municipal,1987/3/26,35.682478,139.840813,movable,representative_point,municipal,江東区登録文化財,美術工芸,
municipal_source,江東区,文化財一覧,131083000000.0,https://www.opendata.metro.tokyo.lg.jp/koto/131083_002_cultural_property.csv,13Tokyo/raw/municipal/13108/data.csv,石造狛犬 明治38年在銘 一対,,天祖神社,,天祖神社,,江東区,13108,江東区登録文化財,美術工芸品,municipal,1984/3/26,35.673175,139.840955,movable,representative_point,municipal,江東区登録文化財,美術工芸,
municipal_source,江東区,文化財一覧,131083000000.0,https://www.opendata.metro.tokyo.lg.jp/koto/131083_002_cultural_property.csv,13Tokyo/raw/municipal/13108/data.csv,石造神狐像 一対,,天祖神社,,天祖神社,,江東区,13108,江東区登録文化財,美術工芸品,municipal,2000/3/27,35.673175,139.840955,movable,representative_point,municipal,江東区登録文化財,美術工芸,
municipal_source,江東区,文化財一覧,131083000000.0,https://www.opendata.metro.tokyo.lg.jp/koto/131083_002_cultural_property.csv,13Tokyo/raw/municipal/13108/data.csv,石造馬頭観音坐像,,中央寺,,中央寺,,江東区,13108,江東区登録文化財,美術工芸品,municipal,1986/3/26,35.672773,139.830761,movable,representative_point,municipal,江東区登録文化財,美術工芸,
municipal_source,江東区,文化財一覧,131083000000.0,https://www.opendata.metro.tokyo.lg.jp/koto/131083_002_cultural_property.csv,13Tokyo/raw/municipal/13108/data.csv,木造阿弥陀如来立像,,,,個人蔵,,江東区,13108,江東区登録文化財,美術工芸品,municipal,1995/3/28,35.675802,139.832642,movable,representative_point,municipal,江東区登録文化財,美術工芸,
municipal_source,江東区,文化財一覧,131083000000.0,https://www.opendata.metro.tokyo.lg.jp/koto/131083_002_cultural_property.csv,13Tokyo/raw/municipal/13108/data.csv,石造狛犬 享和元年在銘 一対,,富賀岡八幡宮,,富賀岡八幡宮,,江東区,13108,江東区登録文化財,美術工芸品,municipal,1984/3/26,35.669287,139.837599,movable,representative_point,municipal,江東区登録文化財,美術工芸,
municipal_source,江東区,文化財一覧,131083000000.0,https://www.opendata.metro.tokyo.lg.jp/koto/131083_002_cultural_property.csv,13Tokyo/raw/municipal/13108/data.csv,銅造梵鐘 鈴木好暠作,,浄心寺,,浄心寺,,江東区,13108,江東区登録文化財,美術工芸品,municipal,1984/3/26,35.678433,139.801951,movable,representative_point,municipal,江東区登録文化財,美術工芸,
municipal_source,江東区,文化財一覧,131083000000.0,https://www.opendata.metro.tokyo.lg.jp/koto/131083_002_cultural_property.csv,13Tokyo/raw/municipal/13108/data.csv,銅製きん子 天保11年在銘,,一乗院,,一乗院,,江東区,13108,江東区登録文化財,美術工芸品,municipal,1992/3/27,35.679236,139.800489,movable,representative_point,municipal,江東区登録文化財,美術工芸,
municipal_source,江東区,文化財一覧,131083000000.0,https://www.opendata.metro.tokyo.lg.jp/koto/131083_002_cultural_property.csv,13Tokyo/raw/municipal/13108/data.csv,銅製双盤 宝永4年在銘,,長専院,,長専院,,江東区,13108,江東区登録文化財,美術工芸品,municipal,1991/3/28,35.680705,139.800321,movable,representative_point,municipal,江東区登録文化財,美術工芸,
municipal_source,江東区,文化財一覧,131083000000.0,https://www.opendata.metro.tokyo.lg.jp/koto/131083_002_cultural_property.csv,13Tokyo/raw/municipal/13108/data.csv,鉄造天水桶 釜六太田正次作,,善徳寺,,善徳寺,,江東区,13108,江東区登録文化財,美術工芸品,municipal,1983/3/25,35.680844,139.802654,movable,representative_point,municipal,江東区登録文化財,美術工芸,
municipal_source,江東区,文化財一覧,131083000000.0,https://www.opendata.metro.tokyo.lg.jp/koto/131083_002_cultural_property.csv,13Tokyo/raw/municipal/13108/data.csv,銅製伏鉦 西村宗春作,,雄松院,,雄松院,,江東区,13108,江東区登録文化財,美術工芸品,municipal,1988/3/24,35.681011,139.799252,movable,representative_point,municipal,江東区登録文化財,美術工芸,
municipal_source,江東区,文化財一覧,131083000000.0,https://www.opendata.metro.tokyo.lg.jp/koto/131083_002_cultural_property.csv,13Tokyo/raw/municipal/13108/data.csv,銅製伏鉦 出羽大掾宗味作,,霊巖寺,,霊巖寺,,江東区,13108,江東区登録文化財,美術工芸品,municipal,1991/3/28,35.680812,139.799953,movable,representative_point,municipal,江東区登録文化財,美術工芸,
municipal_source,江東区,文化財一覧,131083000000.0,https://www.opendata.metro.tokyo.lg.jp/koto/131083_002_cultural_property.csv,13Tokyo/raw/municipal/13108/data.csv,銅製伏鉦 西村和泉守作,,玄信寺,,玄信寺,,江東区,13108,江東区登録文化財,美術工芸品,municipal,1988/3/24,35.675496,139.797474,movable,representative_point,municipal,江東区登録文化財,美術工芸,
municipal_source,江東区,文化財一覧,131083000000.0,https://www.opendata.metro.tokyo.lg.jp/koto/131083_002_cultural_property.csv,13Tokyo/raw/municipal/13108/data.csv,銅製伏鉦 宝暦7年在銘,,心行寺,,心行寺,,江東区,13108,江東区登録文化財,美術工芸品,municipal,1988/3/24,35.675974,139.796779,movable,representative_point,municipal,江東区登録文化財,美術工芸,
municipal_source,江東区,文化財一覧,131083000000.0,https://www.opendata.metro.tokyo.lg.jp/koto/131083_002_cultural_property.csv,13Tokyo/raw/municipal/13108/data.csv,銅鐘 宝暦3年在銘,,心行寺,,心行寺,,江東区,13108,江東区登録文化財,美術工芸品,municipal,1989/3/24,35.675974,139.796779,movable,representative_point,municipal,江東区登録文化財,美術工芸,
municipal_source,江東区,文化財一覧,131083000000.0,https://www.opendata.metro.tokyo.lg.jp/koto/131083_002_cultural_property.csv,13Tokyo/raw/municipal/13108/data.csv,銅製きん子 明和6年在銘,,陽岳寺,,陽岳寺,,江東区,13108,江東区登録文化財,美術工芸品,municipal,1987/3/26,35.675272,139.796474,movable,representative_point,municipal,江東区登録文化財,美術工芸,
municipal_source,江東区,文化財一覧,131083000000.0,https://www.opendata.metro.tokyo.lg.jp/koto/131083_002_cultural_property.csv,13Tokyo/raw/municipal/13108/data.csv,銅製きん子 明治44年在銘,,陽岳寺,,陽岳寺,,江東区,13108,江東区登録文化財,美術工芸品,municipal,1987/3/26,35.675272,139.796474,movable,representative_point,municipal,江東区登録文化財,美術工芸,
municipal_source,江東区,文化財一覧,131083000000.0,https://www.opendata.metro.tokyo.lg.jp/koto/131083_002_cultural_property.csv,13Tokyo/raw/municipal/13108/data.csv,銅製宝来柄鏡 村田美濃守作,,陽岳寺,,陽岳寺,,江東区,13108,江東区登録文化財,美術工芸品,municipal,1987/3/26,35.675272,139.796474,movable,representative_point,municipal,江東区登録文化財,美術工芸,
municipal_source,江東区,文化財一覧,131083000000.0,https://www.opendata.metro.tokyo.lg.jp/koto/131083_002_cultural_property.csv,13Tokyo/raw/municipal/13108/data.csv,銅製きん子 寛政10年在銘,,増林寺,,増林寺,,江東区,13108,江東区登録文化財,美術工芸品,municipal,1988/3/24,35.677014,139.797507,movable,representative_point,municipal,江東区登録文化財,美術工芸,
municipal_source,江東区,文化財一覧,131083000000.0,https://www.opendata.metro.tokyo.lg.jp/koto/131083_002_cultural_property.csv,13Tokyo/raw/municipal/13108/data.csv,銅製きん子 正徳2年在銘,,増林寺,,増林寺,,江東区,13108,江東区登録文化財,美術工芸品,municipal,1988/3/24,35.677014,139.797507,movable,representative_point,municipal,江東区登録文化財,美術工芸,
municipal_source,江東区,文化財一覧,131083000000.0,https://www.opendata.metro.tokyo.lg.jp/koto/131083_002_cultural_property.csv,13Tokyo/raw/municipal/13108/data.csv,銅製伏鉦 天保8年在銘,,正覚寺,,正覚寺,,江東区,13108,江東区登録文化財,美術工芸品,municipal,1991/3/28,35.677186,139.798643,movable,representative_point,municipal,江東区登録文化財,美術工芸,
municipal_source,江東区,文化財一覧,131083000000.0,https://www.opendata.metro.tokyo.lg.jp/koto/131083_002_cultural_property.csv,13Tokyo/raw/municipal/13108/data.csv,銅造釣燈籠 元禄11年在銘,,永代寺,,永代寺,,江東区,13108,江東区登録文化財,美術工芸品,municipal,1987/3/26,35.672013,139.798061,movable,representative_point,municipal,江東区登録文化財,美術工芸,
municipal_source,江東区,文化財一覧,131083000000.0,https://www.opendata.metro.tokyo.lg.jp/koto/131083_002_cultural_property.csv,13Tokyo/raw/municipal/13108/data.csv,銅造水盤 太田正義作,,富岡八幡宮,,富岡八幡宮,,江東区,13108,江東区指定文化財,美術工芸品,municipal,2011/3/28,35.671958,139.799609,movable,representative_point,municipal,江東区指定文化財,美術工芸,
municipal_source,江東区,文化財一覧,131083000000.0,https://www.opendata.metro.tokyo.lg.jp/koto/131083_002_cultural_property.csv,13Tokyo/raw/municipal/13108/data.csv,銅造天水桶 銅屋元次郎作 一対,,繁栄稲荷神社,,繁栄稲荷神社,,江東区,13108,江東区登録文化財,美術工芸品,municipal,1983/3/25,35.669951,139.804783,movable,representative_point,municipal,江東区登録文化財,美術工芸,
municipal_source,江東区,文化財一覧,131083000000.0,https://www.opendata.metro.tokyo.lg.jp/koto/131083_002_cultural_property.csv,13Tokyo/raw/municipal/13108/data.csv,木造燈明台 文化15年在銘 一対,,繁栄稲荷神社,,繁栄稲荷神社,,江東区,13108,江東区登録文化財,美術工芸品,municipal,1984/3/26,35.669951,139.804783,movable,representative_point,municipal,江東区登録文化財,美術工芸,
municipal_source,江東区,文化財一覧,131083000000.0,https://www.opendata.metro.tokyo.lg.jp/koto/131083_002_cultural_property.csv,13Tokyo/raw/municipal/13108/data.csv,木造三宝 寛政7年在銘,,繁栄稲荷神社,,繁栄稲荷神社,,江東区,13108,江東区登録文化財,美術工芸品,municipal,1992/3/27,35.669951,139.804783,movable,representative_point,municipal,江東区登録文化財,美術工芸,
municipal_source,江東区,文化財一覧,131083000000.0,https://www.opendata.metro.tokyo.lg.jp/koto/131083_002_cultural_property.csv,13Tokyo/raw/municipal/13108/data.csv,鉄造天水桶 増田栄相作 一対,,亀戸天神社,,亀戸天神社,,江東区,13108,江東区登録文化財,美術工芸品,municipal,1983/3/25,35.702666,139.820838,movable,representative_point,municipal,江東区登録文化財,美術工芸,
municipal_source,江東区,文化財一覧,131083000000.0,https://www.opendata.metro.tokyo.lg.jp/koto/131083_002_cultural_property.csv,13Tokyo/raw/municipal/13108/data.csv,銅鐘 大正2年在銘,,長寿寺,,長寿寺,,江東区,13108,江東区登録文化財,美術工芸品,municipal,1989/3/24,35.703158,139.819634,movable,representative_point,municipal,江東区登録文化財,美術工芸,
municipal_source,江東区,文化財一覧,131083000000.0,https://www.opendata.metro.tokyo.lg.jp/koto/131083_002_cultural_property.csv,13Tokyo/raw/municipal/13108/data.csv,銅鏡 重定作,,香取神社,,香取神社,,江東区,13108,江東区登録文化財,美術工芸品,municipal,1985/3/25,35.704295,139.825214,movable,representative_point,municipal,江東区登録文化財,美術工芸,
municipal_source,江東区,文化財一覧,131083000000.0,https://www.opendata.metro.tokyo.lg.jp/koto/131083_002_cultural_property.csv,13Tokyo/raw/municipal/13108/data.csv,銅製柄鏡 余廣作,,香取神社,,香取神社,,江東区,13108,江東区登録文化財,美術工芸品,municipal,1985/3/25,35.704295,139.825214,movable,representative_point,municipal,江東区登録文化財,美術工芸,
municipal_source,江東区,文化財一覧,131083000000.0,https://www.opendata.metro.tokyo.lg.jp/koto/131083_002_cultural_property.csv,13Tokyo/raw/municipal/13108/data.csv,神輿,,香取神社,,香取神社,,江東区,13108,江東区登録文化財,美術工芸品,municipal,1986/3/26,35.704295,139.825214,movable,representative_point,municipal,江東区登録文化財,美術工芸,
municipal_source,江東区,文化財一覧,131083000000.0,https://www.opendata.metro.tokyo.lg.jp/koto/131083_002_cultural_property.csv,13Tokyo/raw/municipal/13108/data.csv,神輿,,香取神社,,香取神社,,江東区,13108,江東区登録文化財,美術工芸品,municipal,1987/3/26,35.704295,139.825214,movable,representative_point,municipal,江東区登録文化財,美術工芸,
municipal_source,江東区,文化財一覧,131083000000.0,https://www.opendata.metro.tokyo.lg.jp/koto/131083_002_cultural_property.csv,13Tokyo/raw/municipal/13108/data.csv,神輿,,浅間神社,,浅間神社,,江東区,13108,江東区登録文化財,美術工芸品,municipal,1983/3/25,35.695771,139.844565,movable,representative_point,municipal,江東区登録文化財,美術工芸,
municipal_source,江東区,文化財一覧,131083000000.0,https://www.opendata.metro.tokyo.lg.jp/koto/131083_002_cultural_property.csv,13Tokyo/raw/municipal/13108/data.csv,銅造梵鐘 大出和四郎・藤原治具作,,妙久寺,,妙久寺,,江東区,13108,江東区登録文化財,美術工芸品,municipal,1988/3/24,35.678253,139.826474,movable,representative_point,municipal,江東区登録文化財,美術工芸,
municipal_source,江東区,文化財一覧,131083000000.0,https://www.opendata.metro.tokyo.lg.jp/koto/131083_002_cultural_property.csv,13Tokyo/raw/municipal/13108/data.csv,銅造梵鐘 大川由茂作,,持宝院,,持宝院,,江東区,13108,江東区登録文化財,美術工芸品,municipal,1984/3/26,35.679198,139.831908,movable,representative_point,municipal,江東区登録文化財,美術工芸,
municipal_source,江東区,文化財一覧,131083000000.0,https://www.opendata.metro.tokyo.lg.jp/koto/131083_002_cultural_property.csv,13Tokyo/raw/municipal/13108/data.csv,銅製伏鉦 西村和泉守作,,北向子育地蔵堂,,北向子育地蔵堂,,江東区,13108,江東区登録文化財,美術工芸品,municipal,1995/3/28,35.676924,139.837675,movable,representative_point,municipal,江東区登録文化財,美術工芸,
municipal_source,江東区,文化財一覧,131083000000.0,https://www.opendata.metro.tokyo.lg.jp/koto/131083_002_cultural_property.csv,13Tokyo/raw/municipal/13108/data.csv,神輿 八吉作 附木札1枚,,富賀岡八幡宮,,富賀岡八幡宮,,江東区,13108,江東区登録文化財,美術工芸品,municipal,1982/3/15,35.669287,139.837599,movable,representative_point,municipal,江東区登録文化財,美術工芸,
municipal_source,江東区,文化財一覧,131083000000.0,https://www.opendata.metro.tokyo.lg.jp/koto/131083_002_cultural_property.csv,13Tokyo/raw/municipal/13108/data.csv,三井親和墨蹟,,増林寺,,増林寺,,江東区,13108,江東区登録文化財,美術工芸品,municipal,1987/3/26,35.677014,139.797507,movable,representative_point,municipal,江東区登録文化財,美術工芸,
municipal_source,江東区,文化財一覧,131083000000.0,https://www.opendata.metro.tokyo.lg.jp/koto/131083_002_cultural_property.csv,13Tokyo/raw/municipal/13108/data.csv,三井親和墨蹟,,増林寺,,増林寺,,江東区,13108,江東区登録文化財,美術工芸品,municipal,1987/3/26,35.677014,139.797507,movable,representative_point,municipal,江東区登録文化財,美術工芸,
municipal_source,江東区,文化財一覧,131083000000.0,https://www.opendata.metro.tokyo.lg.jp/koto/131083_002_cultural_property.csv,13Tokyo/raw/municipal/13108/data.csv,十九執金剛秘釋私記 永禄元年専宗筆,,永代寺,,永代寺,,江東区,13108,江東区登録文化財,美術工芸品,municipal,1987/3/26,35.672013,139.798061,movable,representative_point,municipal,江東区登録文化財,美術工芸,
municipal_source,江東区,文化財一覧,131083000000.0,https://www.opendata.metro.tokyo.lg.jp/koto/131083_002_cultural_property.csv,13Tokyo/raw/municipal/13108/data.csv,盂蘭盆会祭文,,雄松院,,雄松院,,江東区,13108,江東区登録文化財,美術工芸品,municipal,1988/3/24,35.681011,139.799252,movable,representative_point,municipal,江東区登録文化財,美術工芸,
municipal_source,江東区,文化財一覧,131083000000.0,https://www.opendata.metro.tokyo.lg.jp/koto/131083_002_cultural_property.csv,13Tokyo/raw/municipal/13108/data.csv,雄松院文書 雄誉霊巖璽書2巻 附桐箱1合,,雄松院,,雄松院,,江東区,13108,江東区登録文化財,美術工芸品,municipal,1988/3/24,35.681011,139.799252,movable,representative_point,municipal,江東区登録文化財,美術工芸,
municipal_source,江東区,文化財一覧,131083000000.0,https://www.opendata.metro.tokyo.lg.jp/koto/131083_002_cultural_property.csv,13Tokyo/raw/municipal/13108/data.csv,玄信寺興誉法名授与状,,玄信寺,,玄信寺,,江東区,13108,江東区登録文化財,美術工芸品,municipal,1983/3/25,35.675496,139.797474,movable,representative_point,municipal,江東区登録文化財,美術工芸,
municipal_source,江東区,文化財一覧,131083000000.0,https://www.opendata.metro.tokyo.lg.jp/koto/131083_002_cultural_property.csv,13Tokyo/raw/municipal/13108/data.csv,東都三十三間堂旧記,,正覚寺,,正覚寺,,江東区,13108,江東区指定文化財,美術工芸品,municipal,2007/3/26,35.677186,139.798643,movable,representative_point,municipal,江東区指定文化財,美術工芸,
municipal_source,江東区,文化財一覧,131083000000.0,https://www.opendata.metro.tokyo.lg.jp/koto/131083_002_cultural_property.csv,13Tokyo/raw/municipal/13108/data.csv,前原家文書(海苔養殖関係) 9点,,,,個人蔵,,江東区,13108,江東区指定文化財,美術工芸品,municipal,2010/3/26,35.670556,139.794026,movable,representative_point,municipal,江東区指定文化財,美術工芸,
municipal_source,江東区,文化財一覧,131083000000.0,https://www.opendata.metro.tokyo.lg.jp/koto/131083_002_cultural_property.csv,13Tokyo/raw/municipal/13108/data.csv,渋沢栄一書簡,,,,個人蔵,,江東区,13108,江東区登録文化財,美術工芸品,municipal,1984/3/26,35.667625,139.806794,movable,representative_point,municipal,江東区登録文化財,美術工芸,
municipal_source,江東区,文化財一覧,131083000000.0,https://www.opendata.metro.tokyo.lg.jp/koto/131083_002_cultural_property.csv,13Tokyo/raw/municipal/13108/data.csv,慶応2年7月 白河藩領百姓駕篭訴状,,,,個人蔵,,江東区,13108,江東区登録文化財,美術工芸品,municipal,1995/3/28,35.667862,139.810392,movable,representative_point,municipal,江東区登録文化財,美術工芸,
municipal_source,江東区,文化財一覧,131083000000.0,https://www.opendata.metro.tokyo.lg.jp/koto/131083_002_cultural_property.csv,13Tokyo/raw/municipal/13108/data.csv,庄司家所蔵文書 23点 附木箱1合,,,,個人蔵,,江東区,13108,江東区登録文化財,美術工芸品,municipal,1996/3/22,35.667862,139.810392,movable,representative_point,municipal,江東区登録文化財,美術工芸,
municipal_source,江東区,文化財一覧,131083000000.0,https://www.opendata.metro.tokyo.lg.jp/koto/131083_002_cultural_property.csv,13Tokyo/raw/municipal/13108/data.csv,富山藩家老近藤家文書 2170点,,江東区,,江東区,,江東区,13108,江東区登録文化財,美術工芸品,municipal,1987/3/26,35.672793,139.817322,movable,representative_point,municipal,江東区登録文化財,美術工芸,
municipal_source,江東区,文化財一覧,131083000000.0,https://www.opendata.metro.tokyo.lg.jp/koto/131083_002_cultural_property.csv,13Tokyo/raw/municipal/13108/data.csv,伊達綱村書状 2点,,江東区,,江東区,,江東区,13108,江東区登録文化財,美術工芸品,municipal,1996/3/22,35.672793,139.817322,movable,representative_point,municipal,江東区登録文化財,美術工芸,
municipal_source,江東区,文化財一覧,131083000000.0,https://www.opendata.metro.tokyo.lg.jp/koto/131083_002_cultural_property.csv,13Tokyo/raw/municipal/13108/data.csv,森家文書 277点,,江東区,,江東区,,江東区,13108,江東区登録文化財,美術工芸品,municipal,1998/3/30,35.672793,139.817322,movable,representative_point,municipal,江東区登録文化財,美術工芸,
municipal_source,江東区,文化財一覧,131083000000.0,https://www.opendata.metro.tokyo.lg.jp/koto/131083_002_cultural_property.csv,13Tokyo/raw/municipal/13108/data.csv,宇田川家文書 427点,,江東区,,江東区,,江東区,13108,江東区登録文化財,美術工芸品,municipal,2016/4/1,35.672793,139.817322,movable,representative_point,municipal,江東区登録文化財,美術工芸,
municipal_source,江東区,文化財一覧,131083000000.0,https://www.opendata.metro.tokyo.lg.jp/koto/131083_002_cultural_property.csv,13Tokyo/raw/municipal/13108/data.csv,牧野家文書  322点,,,,個人蔵,,江東区,13108,江東区指定文化財,美術工芸品,municipal,1999/3/26,35.69871,139.840009,movable,representative_point,municipal,江東区指定文化財,美術工芸,
municipal_source,江東区,文化財一覧,131083000000.0,https://www.opendata.metro.tokyo.lg.jp/koto/131083_002_cultural_property.csv,13Tokyo/raw/municipal/13108/data.csv,西誉蓮入法師入定縁起,,持宝院,,持宝院,,江東区,13108,江東区登録文化財,美術工芸品,municipal,1982/3/15,35.679198,139.831908,movable,representative_point,municipal,江東区登録文化財,美術工芸,
municipal_source,江東区,文化財一覧,131083000000.0,https://www.opendata.metro.tokyo.lg.jp/koto/131083_002_cultural_property.csv,13Tokyo/raw/municipal/13108/data.csv,斎藤家文書 4点,,,,個人蔵,,江東区,13108,江東区登録文化財,美術工芸品,municipal,1986/3/26,35.690383,139.845094,movable,representative_point,municipal,江東区登録文化財,美術工芸,
municipal_source,江東区,文化財一覧,131083000000.0,https://www.opendata.metro.tokyo.lg.jp/koto/131083_002_cultural_property.csv,13Tokyo/raw/municipal/13108/data.csv,砂村稲荷神社関係文書 13点,,,,個人蔵,,江東区,13108,江東区登録文化財,美術工芸品,municipal,1996/3/22,35.669545,139.836232,movable,representative_point,municipal,江東区登録文化財,美術工芸,
municipal_source,江東区,文化財一覧,131083000000.0,https://www.opendata.metro.tokyo.lg.jp/koto/131083_002_cultural_property.csv,13Tokyo/raw/municipal/13108/data.csv,土錘 6個,,香取神社,,香取神社,,江東区,13108,江東区登録文化財,美術工芸品,municipal,1982/3/15,35.704295,139.825214,movable,representative_point,municipal,江東区登録文化財,美術工芸,
municipal_source,江東区,文化財一覧,131083000000.0,https://www.opendata.metro.tokyo.lg.jp/koto/131083_002_cultural_property.csv,13Tokyo/raw/municipal/13108/data.csv,フレットミル粉砕機ローラー,,太平洋セメント(株),,太平洋セメント(株),,江東区,13108,江東区登録文化財,美術工芸品,municipal,1985/3/25,35.680513,139.792741,movable,representative_point,municipal,江東区登録文化財,美術工芸,
municipal_source,江東区,文化財一覧,131083000000.0,https://www.opendata.metro.tokyo.lg.jp/koto/131083_002_cultural_property.csv,13Tokyo/raw/municipal/13108/data.csv,コンクリート方塊,,太平洋セメント(株),,太平洋セメント(株),,江東区,13108,江東区登録文化財,美術工芸品,municipal,1985/3/25,35.680513,139.792741,movable,representative_point,municipal,江東区登録文化財,美術工芸,
municipal_source,江東区,文化財一覧,131083000000.0,https://www.opendata.metro.tokyo.lg.jp/koto/131083_002_cultural_property.csv,13Tokyo/raw/municipal/13108/data.csv,芭蕉句碑 其角堂永湖書,,清澄庭園,,清澄庭園,,江東区,13108,江東区登録文化財,美術工芸品,municipal,2001/3/29,35.680699,139.797736,movable,representative_point,municipal,江東区登録文化財,美術工芸,
municipal_source,江東区,文化財一覧,131083000000.0,https://www.opendata.metro.tokyo.lg.jp/koto/131083_002_cultural_property.csv,13Tokyo/raw/municipal/13108/data.csv,清澄園記碑,,清澄庭園,,清澄庭園,,江東区,13108,江東区登録文化財,美術工芸品,municipal,2019/4/1,35.680699,139.797736,movable,representative_point,municipal,江東区登録文化財,美術工芸,
municipal_source,江東区,文化財一覧,131083000000.0,https://www.opendata.metro.tokyo.lg.jp/koto/131083_002_cultural_property.csv,13Tokyo/raw/municipal/13108/data.csv,玄武仏碑,,臨川寺,,臨川寺,,江東区,13108,江東区登録文化財,美術工芸品,municipal,1989/3/24,35.681799,139.797725,movable,representative_point,municipal,江東区登録文化財,美術工芸,
municipal_source,江東区,文化財一覧,131083000000.0,https://www.opendata.metro.tokyo.lg.jp/koto/131083_002_cultural_property.csv,13Tokyo/raw/municipal/13108/data.csv,放火禁止定高札,,江月院,,江月院,,江東区,13108,江東区登録文化財,美術工芸品,municipal,1988/3/24,35.681738,139.798363,movable,representative_point,municipal,江東区登録文化財,美術工芸,
municipal_source,江東区,文化財一覧,131083000000.0,https://www.opendata.metro.tokyo.lg.jp/koto/131083_002_cultural_property.csv,13Tokyo/raw/municipal/13108/data.csv,油谷倭文子墓碑 賀茂真淵誌,,常照院,,常照院,,江東区,13108,江東区登録文化財,美術工芸品,municipal,1982/3/15,35.681311,139.798016,movable,representative_point,municipal,江東区登録文化財,美術工芸,
municipal_source,江東区,文化財一覧,131083000000.0,https://www.opendata.metro.tokyo.lg.jp/koto/131083_002_cultural_property.csv,13Tokyo/raw/municipal/13108/data.csv,芭蕉記念館所蔵資料  874件,,芭蕉記念館,,芭蕉記念館,,江東区,13108,江東区登録文化財,美術工芸品,municipal,1985/3/25,35.686127,139.794056,movable,representative_point,municipal,江東区登録文化財,美術工芸,
municipal_source,江東区,文化財一覧,131083000000.0,https://www.opendata.metro.tokyo.lg.jp/koto/131083_002_cultural_property.csv,13Tokyo/raw/municipal/13108/data.csv,新大橋橋名板 3点 附架橋工事技師在銘板,,八名川小学校,,八名川小学校,,江東区,13108,江東区指定文化財,美術工芸品,municipal,2022/1/4,35.686829,139.795375,movable,representative_point,municipal,江東区指定文化財,美術工芸,
municipal_source,江東区,文化財一覧,131083000000.0,https://www.opendata.metro.tokyo.lg.jp/koto/131083_002_cultural_property.csv,13Tokyo/raw/municipal/13108/data.csv,筆塚,,深川神明宮,,深川神明宮,,江東区,13108,江東区登録文化財,美術工芸品,municipal,1989/3/24,35.686682,139.797309,movable,representative_point,municipal,江東区登録文化財,美術工芸,
municipal_source,江東区,文化財一覧,131083000000.0,https://www.opendata.metro.tokyo.lg.jp/koto/131083_002_cultural_property.csv,13Tokyo/raw/municipal/13108/data.csv,明治19年修繕棟札 附内陣修繕産子総代他書上板,,深川神明宮,,深川神明宮,,江東区,13108,江東区登録文化財,美術工芸品,municipal,1999/3/26,35.686682,139.797309,movable,representative_point,municipal,江東区登録文化財,美術工芸,
municipal_source,江東区,文化財一覧,131083000000.0,https://www.opendata.metro.tokyo.lg.jp/koto/131083_002_cultural_property.csv,13Tokyo/raw/municipal/13108/data.csv,芭蕉翁句塚碑拓本,,長慶寺,,長慶寺,,江東区,13108,江東区登録文化財,美術工芸品,municipal,1984/3/26,35.688665,139.798816,movable,representative_point,municipal,江東区登録文化財,美術工芸,
municipal_source,江東区,文化財一覧,131083000000.0,https://www.opendata.metro.tokyo.lg.jp/koto/131083_002_cultural_property.csv,13Tokyo/raw/municipal/13108/data.csv,題目曼荼羅 日薩書,,本立院,,本立院,,江東区,13108,江東区登録文化財,美術工芸品,municipal,1992/3/27,35.679086,139.800076,movable,representative_point,municipal,江東区登録文化財,美術工芸,
municipal_source,江東区,文化財一覧,131083000000.0,https://www.opendata.metro.tokyo.lg.jp/koto/131083_002_cultural_property.csv,13Tokyo/raw/municipal/13108/data.csv,題目曼荼羅 日厳書,,本立院,,本立院,,江東区,13108,江東区登録文化財,美術工芸品,municipal,1992/3/27,35.679086,139.800076,movable,representative_point,municipal,江東区登録文化財,美術工芸,
municipal_source,江東区,文化財一覧,131083000000.0,https://www.opendata.metro.tokyo.lg.jp/koto/131083_002_cultural_property.csv,13Tokyo/raw/municipal/13108/data.csv,題目曼荼羅 日亨書,,善応院,,善応院,,江東区,13108,江東区登録文化財,美術工芸品,municipal,1992/3/27,35.679017,139.800243,movable,representative_point,municipal,江東区登録文化財,美術工芸,
municipal_source,江東区,文化財一覧,131083000000.0,https://www.opendata.metro.tokyo.lg.jp/koto/131083_002_cultural_property.csv,13Tokyo/raw/municipal/13108/data.csv,梅玉之碑,,浄心寺,,浄心寺,,江東区,13108,江東区登録文化財,美術工芸品,municipal,1982/3/15,35.678433,139.801951,movable,representative_point,municipal,江東区登録文化財,美術工芸,
municipal_source,江東区,文化財一覧,131083000000.0,https://www.opendata.metro.tokyo.lg.jp/koto/131083_002_cultural_property.csv,13Tokyo/raw/municipal/13108/data.csv,宝篋印塔(残欠) 寛永11年在銘,,浄心寺,,浄心寺,,江東区,13108,江東区登録文化財,美術工芸品,municipal,2016/4/1,35.678433,139.801951,movable,representative_point,municipal,江東区登録文化財,美術工芸,
municipal_source,江東区,文化財一覧,131083000000.0,https://www.opendata.metro.tokyo.lg.jp/koto/131083_002_cultural_property.csv,13Tokyo/raw/municipal/13108/data.csv,閻浮提図 附日宮図 存統書(版摺),,円通寺,,円通寺,,江東区,13108,江東区登録文化財,美術工芸品,municipal,1991/3/28,35.679714,139.800404,movable,representative_point,municipal,江東区登録文化財,美術工芸,
municipal_source,江東区,文化財一覧,131083000000.0,https://www.opendata.metro.tokyo.lg.jp/koto/131083_002_cultural_property.csv,13Tokyo/raw/municipal/13108/data.csv,世界大相図 存統書(版摺),,円通寺,,円通寺,,江東区,13108,江東区登録文化財,美術工芸品,municipal,1991/3/28,35.679714,139.800404,movable,representative_point,municipal,江東区登録文化財,美術工芸,
municipal_source,江東区,文化財一覧,131083000000.0,https://www.opendata.metro.tokyo.lg.jp/koto/131083_002_cultural_property.csv,13Tokyo/raw/municipal/13108/data.csv,天竺輿地図 存統書(版摺),,円通寺,,円通寺,,江東区,13108,江東区登録文化財,美術工芸品,municipal,1991/3/28,35.679714,139.800404,movable,representative_point,municipal,江東区登録文化財,美術工芸,
municipal_source,江東区,文化財一覧,131083000000.0,https://www.opendata.metro.tokyo.lg.jp/koto/131083_002_cultural_property.csv,13Tokyo/raw/municipal/13108/data.csv,桜井山興墓碑,,勢至院(墓地),,勢至院(墓地),,江東区,13108,江東区登録文化財,美術工芸品,municipal,1981/4/10,35.679562,139.800379,movable,representative_point,municipal,江東区登録文化財,美術工芸,
municipal_source,江東区,文化財一覧,131083000000.0,https://www.opendata.metro.tokyo.lg.jp/koto/131083_002_cultural_property.csv,13Tokyo/raw/municipal/13108/data.csv,六字名号供養塔 伝霊巖書,,勢至院,,勢至院,,江東区,13108,江東区登録文化財,美術工芸品,municipal,1983/3/25,35.679475,139.800796,movable,representative_point,municipal,江東区登録文化財,美術工芸,
municipal_source,江東区,文化財一覧,131083000000.0,https://www.opendata.metro.tokyo.lg.jp/koto/131083_002_cultural_property.csv,13Tokyo/raw/municipal/13108/data.csv,一夜軒秋月歌碑,,長専院,,長専院,,江東区,13108,江東区登録文化財,美術工芸品,municipal,1986/3/26,35.680705,139.800321,movable,representative_point,municipal,江東区登録文化財,美術工芸,
municipal_source,江東区,文化財一覧,131083000000.0,https://www.opendata.metro.tokyo.lg.jp/koto/131083_002_cultural_property.csv,13Tokyo/raw/municipal/13108/data.csv,六字名号供養塔 祐天書,,雲光院,,雲光院,,江東区,13108,江東区登録文化財,美術工芸品,municipal,1982/3/15,35.680513,139.803357,movable,representative_point,municipal,江東区登録文化財,美術工芸,
municipal_source,江東区,文化財一覧,131083000000.0,https://www.opendata.metro.tokyo.lg.jp/koto/131083_002_cultural_property.csv,13Tokyo/raw/municipal/13108/data.csv,円光大師霊蹟碑 東都二十五所のうち,,霊巖寺,,霊巖寺,,江東区,13108,江東区登録文化財,美術工芸品,municipal,1983/3/25,35.680812,139.799953,movable,representative_point,municipal,江東区登録文化財,美術工芸,
municipal_source,江東区,文化財一覧,131083000000.0,https://www.opendata.metro.tokyo.lg.jp/koto/131083_002_cultural_property.csv,13Tokyo/raw/municipal/13108/data.csv,八大龍王碑,,霊巖寺,,霊巖寺,,江東区,13108,江東区登録文化財,美術工芸品,municipal,1983/3/25,35.680812,139.799953,movable,representative_point,municipal,江東区登録文化財,美術工芸,
municipal_source,江東区,文化財一覧,131083000000.0,https://www.opendata.metro.tokyo.lg.jp/koto/131083_002_cultural_property.csv,13Tokyo/raw/municipal/13108/data.csv,森陳明墓碑,,霊巖寺,,霊巖寺,,江東区,13108,江東区登録文化財,美術工芸品,municipal,1983/5/31,35.680812,139.799953,movable,representative_point,municipal,江東区登録文化財,美術工芸,
municipal_source,江東区,文化財一覧,131083000000.0,https://www.opendata.metro.tokyo.lg.jp/koto/131083_002_cultural_property.csv,13Tokyo/raw/municipal/13108/data.csv,六字名号 雄誉霊巖書,,霊巖寺,,霊巖寺,,江東区,13108,江東区登録文化財,美術工芸品,municipal,1991/3/28,35.680812,139.799953,movable,representative_point,municipal,江東区登録文化財,美術工芸,
municipal_source,江東区,文化財一覧,131083000000.0,https://www.opendata.metro.tokyo.lg.jp/koto/131083_002_cultural_property.csv,13Tokyo/raw/municipal/13108/data.csv,六字名号 雄誉霊巖書,,霊巖寺,,霊巖寺,,江東区,13108,江東区登録文化財,美術工芸品,municipal,1991/3/28,35.680812,139.799953,movable,representative_point,municipal,江東区登録文化財,美術工芸,
municipal_source,江東区,文化財一覧,131083000000.0,https://www.opendata.metro.tokyo.lg.jp/koto/131083_002_cultural_property.csv,13Tokyo/raw/municipal/13108/data.csv,大富市場焼死者墓碑 昭和8年在銘,,霊巖寺,,霊巖寺,,江東区,13108,江東区登録文化財,美術工芸品,municipal,1999/3/26,35.680812,139.799953,movable,representative_point,municipal,江東区登録文化財,美術工芸,
municipal_source,江東区,文化財一覧,131083000000.0,https://www.opendata.metro.tokyo.lg.jp/koto/131083_002_cultural_property.csv,13Tokyo/raw/municipal/13108/data.csv,董堂先生碑 文政4年在銘,,冝雲寺,,冝雲寺,,江東区,13108,江東区登録文化財,美術工芸品,municipal,1989/3/24,35.682125,139.803417,movable,representative_point,municipal,江東区登録文化財,美術工芸,
municipal_source,江東区,文化財一覧,131083000000.0,https://www.opendata.metro.tokyo.lg.jp/koto/131083_002_cultural_property.csv,13Tokyo/raw/municipal/13108/data.csv,六字名号 祐天書 附天保9年祐梵極状,,正源寺,,正源寺,,江東区,13108,江東区登録文化財,美術工芸品,municipal,1987/3/26,35.674289,139.789584,movable,representative_point,municipal,江東区登録文化財,美術工芸,
municipal_source,江東区,文化財一覧,131083000000.0,https://www.opendata.metro.tokyo.lg.jp/koto/131083_002_cultural_property.csv,13Tokyo/raw/municipal/13108/data.csv,露柱庵冨水句碑,,心行寺,,心行寺,,江東区,13108,江東区登録文化財,美術工芸品,municipal,1986/3/26,35.675974,139.796779,movable,representative_point,municipal,江東区登録文化財,美術工芸,
municipal_source,江東区,文化財一覧,131083000000.0,https://www.opendata.metro.tokyo.lg.jp/koto/131083_002_cultural_property.csv,13Tokyo/raw/municipal/13108/data.csv,供養塔(残欠) 元亨4年在銘,,心行寺,,心行寺,,江東区,13108,江東区登録文化財,美術工芸品,municipal,1995/3/28,35.675974,139.796779,movable,representative_point,municipal,江東区登録文化財,美術工芸,
municipal_source,江東区,文化財一覧,131083000000.0,https://www.opendata.metro.tokyo.lg.jp/koto/131083_002_cultural_property.csv,13Tokyo/raw/municipal/13108/data.csv,明治校碑,,明治小学校,,明治小学校,,江東区,13108,江東区登録文化財,美術工芸品,municipal,1982/3/15,35.676436,139.797302,movable,representative_point,municipal,江東区登録文化財,美術工芸,
municipal_source,江東区,文化財一覧,131083000000.0,https://www.opendata.metro.tokyo.lg.jp/koto/131083_002_cultural_property.csv,13Tokyo/raw/municipal/13108/data.csv,岡田米仲点印塚 天明6年在銘,,慧然寺,,慧然寺,,江東区,13108,江東区登録文化財,美術工芸品,municipal,1989/3/24,35.676873,139.799094,movable,representative_point,municipal,江東区登録文化財,美術工芸,
municipal_source,江東区,文化財一覧,131083000000.0,https://www.opendata.metro.tokyo.lg.jp/koto/131083_002_cultural_property.csv,13Tokyo/raw/municipal/13108/data.csv,板碑,,慧然寺,,慧然寺,,江東区,13108,江東区登録文化財,美術工芸品,municipal,1998/3/30,35.676873,139.799094,movable,representative_point,municipal,江東区登録文化財,美術工芸,
municipal_source,江東区,文化財一覧,131083000000.0,https://www.opendata.metro.tokyo.lg.jp/koto/131083_002_cultural_property.csv,13Tokyo/raw/municipal/13108/data.csv,冬木弁財天石垣石 天保6年在銘,,冬木弁天堂,,冬木弁天堂,,江東区,13108,江東区登録文化財,美術工芸品,municipal,1995/3/28,35.675396,139.800119,movable,representative_point,municipal,江東区登録文化財,美術工芸,
municipal_source,江東区,文化財一覧,131083000000.0,https://www.opendata.metro.tokyo.lg.jp/koto/131083_002_cultural_property.csv,13Tokyo/raw/municipal/13108/data.csv,岡野知十句碑,,冬木弁天堂,,冬木弁天堂,,江東区,13108,江東区登録文化財,美術工芸品,municipal,1996/3/22,35.675396,139.800119,movable,representative_point,municipal,江東区登録文化財,美術工芸,
municipal_source,江東区,文化財一覧,131083000000.0,https://www.opendata.metro.tokyo.lg.jp/koto/131083_002_cultural_property.csv,13Tokyo/raw/municipal/13108/data.csv,園女歌仙桜碑,,深川公園,,深川公園,,江東区,13108,江東区登録文化財,美術工芸品,municipal,1981/4/10,35.671951,139.798741,movable,representative_point,municipal,江東区登録文化財,美術工芸,
municipal_source,江東区,文化財一覧,131083000000.0,https://www.opendata.metro.tokyo.lg.jp/koto/131083_002_cultural_property.csv,13Tokyo/raw/municipal/13108/data.csv,園女歌仙桜之碑 昭和6年在銘,,深川公園,,深川公園,,江東区,13108,江東区登録文化財,美術工芸品,municipal,1998/3/30,35.671951,139.798741,movable,representative_point,municipal,江東区登録文化財,美術工芸,
municipal_source,江東区,文化財一覧,131083000000.0,https://www.opendata.metro.tokyo.lg.jp/koto/131083_002_cultural_property.csv,13Tokyo/raw/municipal/13108/data.csv,志満寿左久良碑,,深川不動堂,,深川不動堂,,江東区,13108,江東区登録文化財,美術工芸品,municipal,1986/3/26,35.672853,139.798368,movable,representative_point,municipal,江東区登録文化財,美術工芸,
municipal_source,江東区,文化財一覧,131083000000.0,https://www.opendata.metro.tokyo.lg.jp/koto/131083_002_cultural_property.csv,13Tokyo/raw/municipal/13108/data.csv,三世哥沢芝金碑,,深川不動堂,,深川不動堂,,江東区,13108,江東区登録文化財,美術工芸品,municipal,1986/3/26,35.672853,139.798368,movable,representative_point,municipal,江東区登録文化財,美術工芸,
municipal_source,江東区,文化財一覧,131083000000.0,https://www.opendata.metro.tokyo.lg.jp/koto/131083_002_cultural_property.csv,13Tokyo/raw/municipal/13108/data.csv,華道古流家元松盛斎碑,,深川不動堂,,深川不動堂,,江東区,13108,江東区登録文化財,美術工芸品,municipal,1987/3/26,35.672853,139.798368,movable,representative_point,municipal,江東区登録文化財,美術工芸,
municipal_source,江東区,文化財一覧,131083000000.0,https://www.opendata.metro.tokyo.lg.jp/koto/131083_002_cultural_property.csv,13Tokyo/raw/municipal/13108/data.csv,柳田泰麓碑 昭和9年在銘,,深川公園,,深川公園,,江東区,13108,江東区登録文化財,美術工芸品,municipal,1999/3/26,35.672721,139.799044,movable,representative_point,municipal,江東区登録文化財,美術工芸,
municipal_source,江東区,文化財一覧,131083000000.0,https://www.opendata.metro.tokyo.lg.jp/koto/131083_002_cultural_property.csv,13Tokyo/raw/municipal/13108/data.csv,横綱力士碑 附陣幕・不知火顕彰碑2基 日月石寄附碑 地固め寄附碑 土台石垣 魚かし石柱2本 土台下玉垣,,富岡八幡宮,,富岡八幡宮,,江東区,13108,江東区指定文化財,美術工芸品,municipal,2003/3/28,35.671958,139.799609,movable,representative_point,municipal,江東区指定文化財,美術工芸,
municipal_source,江東区,文化財一覧,131083000000.0,https://www.opendata.metro.tokyo.lg.jp/koto/131083_002_cultural_property.csv,13Tokyo/raw/municipal/13108/data.csv,釈迦嶽の碑,,富岡八幡宮,,富岡八幡宮,,江東区,13108,江東区登録文化財,美術工芸品,municipal,1982/3/15,35.671958,139.799609,movable,representative_point,municipal,江東区登録文化財,美術工芸,
municipal_source,江東区,文化財一覧,131083000000.0,https://www.opendata.metro.tokyo.lg.jp/koto/131083_002_cultural_property.csv,13Tokyo/raw/municipal/13108/data.csv,森羅亭万象歌碑,,富岡八幡宮,,富岡八幡宮,,江東区,13108,江東区登録文化財,美術工芸品,municipal,1983/3/25,35.671958,139.799609,movable,representative_point,municipal,江東区登録文化財,美術工芸,
municipal_source,江東区,文化財一覧,131083000000.0,https://www.opendata.metro.tokyo.lg.jp/koto/131083_002_cultural_property.csv,13Tokyo/raw/municipal/13108/data.csv,蒲丈句碑,,富岡八幡宮,,富岡八幡宮,,江東区,13108,江東区登録文化財,美術工芸品,municipal,1983/3/25,35.671958,139.799609,movable,representative_point,municipal,江東区登録文化財,美術工芸,
municipal_source,江東区,文化財一覧,131083000000.0,https://www.opendata.metro.tokyo.lg.jp/koto/131083_002_cultural_property.csv,13Tokyo/raw/municipal/13108/data.csv,雪中庵完来句碑,,富岡八幡宮,,富岡八幡宮,,江東区,13108,江東区登録文化財,美術工芸品,municipal,1983/3/25,35.671958,139.799609,movable,representative_point,municipal,江東区登録文化財,美術工芸,
municipal_source,江東区,文化財一覧,131083000000.0,https://www.opendata.metro.tokyo.lg.jp/koto/131083_002_cultural_property.csv,13Tokyo/raw/municipal/13108/data.csv,平花庵雨什句碑,,富岡八幡宮,,富岡八幡宮,,江東区,13108,江東区登録文化財,美術工芸品,municipal,1983/3/25,35.671958,139.799609,movable,representative_point,municipal,江東区登録文化財,美術工芸,
municipal_source,江東区,文化財一覧,131083000000.0,https://www.opendata.metro.tokyo.lg.jp/koto/131083_002_cultural_property.csv,13Tokyo/raw/municipal/13108/data.csv,和田氏歴世記碑,,富岡八幡宮,,富岡八幡宮,,江東区,13108,江東区登録文化財,美術工芸品,municipal,1983/3/25,35.671958,139.799609,movable,representative_point,municipal,江東区登録文化財,美術工芸,
municipal_source,江東区,文化財一覧,131083000000.0,https://www.opendata.metro.tokyo.lg.jp/koto/131083_002_cultural_property.csv,13Tokyo/raw/municipal/13108/data.csv,七渡弁天碑,,富岡八幡宮,,富岡八幡宮,,江東区,13108,江東区登録文化財,美術工芸品,municipal,1983/3/25,35.671958,139.799609,movable,representative_point,municipal,江東区登録文化財,美術工芸,
municipal_source,江東区,文化財一覧,131083000000.0,https://www.opendata.metro.tokyo.lg.jp/koto/131083_002_cultural_property.csv,13Tokyo/raw/municipal/13108/data.csv,稲津祗空碑,,富岡八幡宮,,富岡八幡宮,,江東区,13108,江東区登録文化財,美術工芸品,municipal,1983/3/25,35.671958,139.799609,movable,representative_point,municipal,江東区登録文化財,美術工芸,
municipal_source,江東区,文化財一覧,131083000000.0,https://www.opendata.metro.tokyo.lg.jp/koto/131083_002_cultural_property.csv,13Tokyo/raw/municipal/13108/data.csv,鳥居(残欠) 江川場売手中奉納,,富岡八幡宮,,富岡八幡宮,,江東区,13108,江東区登録文化財,美術工芸品,municipal,1984/3/26,35.671958,139.799609,movable,representative_point,municipal,江東区登録文化財,美術工芸,
municipal_source,江東区,文化財一覧,131083000000.0,https://www.opendata.metro.tokyo.lg.jp/koto/131083_002_cultural_property.csv,13Tokyo/raw/municipal/13108/data.csv,打田茂三句碑,,富岡八幡宮,,富岡八幡宮,,江東区,13108,江東区登録文化財,美術工芸品,municipal,1987/3/26,35.671958,139.799609,movable,representative_point,municipal,江東区登録文化財,美術工芸,
municipal_source,江東区,文化財一覧,131083000000.0,https://www.opendata.metro.tokyo.lg.jp/koto/131083_002_cultural_property.csv,13Tokyo/raw/municipal/13108/data.csv,故別当之碑 明治6年在銘,,富岡八幡宮,,富岡八幡宮,,江東区,13108,江東区登録文化財,美術工芸品,municipal,1987/3/26,35.671958,139.799609,movable,representative_point,municipal,江東区登録文化財,美術工芸,
municipal_source,江東区,文化財一覧,131083000000.0,https://www.opendata.metro.tokyo.lg.jp/koto/131083_002_cultural_property.csv,13Tokyo/raw/municipal/13108/data.csv,調子紙塚 明治2年在銘,,富岡八幡宮,,富岡八幡宮,,江東区,13108,江東区登録文化財,美術工芸品,municipal,1987/3/26,35.671958,139.799609,movable,representative_point,municipal,江東区登録文化財,美術工芸,
municipal_source,江東区,文化財一覧,131083000000.0,https://www.opendata.metro.tokyo.lg.jp/koto/131083_002_cultural_property.csv,13Tokyo/raw/municipal/13108/data.csv,第六大区一番組碑 明治6年在銘,,富岡八幡宮,,富岡八幡宮,,江東区,13108,江東区登録文化財,美術工芸品,municipal,1987/3/26,35.671958,139.799609,movable,representative_point,municipal,江東区登録文化財,美術工芸,
municipal_source,江東区,文化財一覧,131083000000.0,https://www.opendata.metro.tokyo.lg.jp/koto/131083_002_cultural_property.csv,13Tokyo/raw/municipal/13108/data.csv,鳥居(残欠) 明治7年在銘,,富岡八幡宮,,富岡八幡宮,,江東区,13108,江東区登録文化財,美術工芸品,municipal,1996/3/22,35.671958,139.799609,movable,representative_point,municipal,江東区登録文化財,美術工芸,
municipal_source,江東区,文化財一覧,131083000000.0,https://www.opendata.metro.tokyo.lg.jp/koto/131083_002_cultural_property.csv,13Tokyo/raw/municipal/13108/data.csv,鳥居(残欠) 昭和12年在銘,,富岡八幡宮,,富岡八幡宮,,江東区,13108,江東区登録文化財,美術工芸品,municipal,1998/3/30,35.671958,139.799609,movable,representative_point,municipal,江東区登録文化財,美術工芸,
municipal_source,江東区,文化財一覧,131083000000.0,https://www.opendata.metro.tokyo.lg.jp/koto/131083_002_cultural_property.csv,13Tokyo/raw/municipal/13108/data.csv,復興記念碑 昭和11年在銘,,富岡八幡宮,,富岡八幡宮,,江東区,13108,江東区登録文化財,美術工芸品,municipal,2001/3/29,35.671958,139.799609,movable,representative_point,municipal,江東区登録文化財,美術工芸,
municipal_source,江東区,文化財一覧,131083000000.0,https://www.opendata.metro.tokyo.lg.jp/koto/131083_002_cultural_property.csv,13Tokyo/raw/municipal/13108/data.csv,鳥居(残欠) 元治元年在銘,,富岡八幡宮,,富岡八幡宮,,江東区,13108,江東区登録文化財,美術工芸品,municipal,,35.671958,139.799609,movable,representative_point,municipal,江東区登録文化財,美術工芸,
municipal_source,江東区,文化財一覧,131083000000.0,https://www.opendata.metro.tokyo.lg.jp/koto/131083_002_cultural_property.csv,13Tokyo/raw/municipal/13108/data.csv,ラムゼー碑 明治19年在銘,,国立大学法人東京海洋大学,,国立大学法人東京海洋大学,,江東区,13108,江東区登録文化財,美術工芸品,municipal,1993/3/29,35.667878,139.791799,movable,representative_point,municipal,江東区登録文化財,美術工芸,
municipal_source,江東区,文化財一覧,131083000000.0,https://www.opendata.metro.tokyo.lg.jp/koto/131083_002_cultural_property.csv,13Tokyo/raw/municipal/13108/data.csv,田副重右衛門招魂碑 明治21年在銘,,国立大学法人東京海洋大学,,国立大学法人東京海洋大学,,江東区,13108,江東区登録文化財,美術工芸品,municipal,1993/3/29,35.667878,139.791799,movable,representative_point,municipal,江東区登録文化財,美術工芸,
municipal_source,江東区,文化財一覧,131083000000.0,https://www.opendata.metro.tokyo.lg.jp/koto/131083_002_cultural_property.csv,13Tokyo/raw/municipal/13108/data.csv,植樹記念碑 明治42年在銘,,国立大学法人東京海洋大学,,国立大学法人東京海洋大学,,江東区,13108,江東区登録文化財,美術工芸品,municipal,1993/3/29,35.667878,139.791799,movable,representative_point,municipal,江東区登録文化財,美術工芸,
municipal_source,江東区,文化財一覧,131083000000.0,https://www.opendata.metro.tokyo.lg.jp/koto/131083_002_cultural_property.csv,13Tokyo/raw/municipal/13108/data.csv,猿江恩賜公園由来碑,,猿江恩賜公園,,猿江恩賜公園,,江東区,13108,江東区登録文化財,美術工芸品,municipal,2009/3/27,35.688643,139.817134,movable,representative_point,municipal,江東区登録文化財,美術工芸,
municipal_source,江東区,文化財一覧,131083000000.0,https://www.opendata.metro.tokyo.lg.jp/koto/131083_002_cultural_property.csv,13Tokyo/raw/municipal/13108/data.csv,波除土手石垣間知石 3個,,平久小学校,,平久小学校,,江東区,13108,江東区登録文化財,美術工芸品,municipal,1984/3/26,35.667942,139.802198,movable,representative_point,municipal,江東区登録文化財,美術工芸,
municipal_source,江東区,文化財一覧,131083000000.0,https://www.opendata.metro.tokyo.lg.jp/koto/131083_002_cultural_property.csv,13Tokyo/raw/municipal/13108/data.csv,扁額 嘉永7年在銘,,繁栄稲荷神社,,繁栄稲荷神社,,江東区,13108,江東区登録文化財,美術工芸品,municipal,1984/3/26,35.669951,139.804783,movable,representative_point,municipal,江東区登録文化財,美術工芸,
municipal_source,江東区,文化財一覧,131083000000.0,https://www.opendata.metro.tokyo.lg.jp/koto/131083_002_cultural_property.csv,13Tokyo/raw/municipal/13108/data.csv,燈籠(残欠) 明治29年在銘 一対,,繁栄稲荷神社,,繁栄稲荷神社,,江東区,13108,江東区登録文化財,美術工芸品,municipal,1994/3/23,35.669951,139.804783,movable,representative_point,municipal,江東区登録文化財,美術工芸,
municipal_source,江東区,文化財一覧,131083000000.0,https://www.opendata.metro.tokyo.lg.jp/koto/131083_002_cultural_property.csv,13Tokyo/raw/municipal/13108/data.csv,太政官高札,,,,個人蔵,,江東区,13108,江東区登録文化財,美術工芸品,municipal,1985/3/25,35.669696,139.803995,movable,representative_point,municipal,江東区登録文化財,美術工芸,
municipal_source,江東区,文化財一覧,131083000000.0,https://www.opendata.metro.tokyo.lg.jp/koto/131083_002_cultural_property.csv,13Tokyo/raw/municipal/13108/data.csv,川連虎一郎碑,,洲崎神社,,洲崎神社,,江東区,13108,江東区登録文化財,美術工芸品,municipal,1984/3/26,35.668445,139.807736,movable,representative_point,municipal,江東区登録文化財,美術工芸,
municipal_source,江東区,文化財一覧,131083000000.0,https://www.opendata.metro.tokyo.lg.jp/koto/131083_002_cultural_property.csv,13Tokyo/raw/municipal/13108/data.csv,洲崎遊廓追善供養歌碑 昭和6年在銘,,江東区,,江東区,,江東区,13108,江東区登録文化財,美術工芸品,municipal,1999/3/26,35.666201,139.812664,movable,representative_point,municipal,江東区登録文化財,美術工芸,
municipal_source,江東区,文化財一覧,131083000000.0,https://www.opendata.metro.tokyo.lg.jp/koto/131083_002_cultural_property.csv,13Tokyo/raw/municipal/13108/data.csv,関東大震災横死者供養塔 昭和10年在銘,,江東区,,江東区,,江東区,13108,江東区登録文化財,美術工芸品,municipal,1999/3/26,35.669542,139.809036,movable,representative_point,municipal,江東区登録文化財,美術工芸,
municipal_source,江東区,文化財一覧,131083000000.0,https://www.opendata.metro.tokyo.lg.jp/koto/131083_002_cultural_property.csv,13Tokyo/raw/municipal/13108/data.csv,上水木樋 3本,,江東区,,江東区,,江東区,13108,江東区登録文化財,美術工芸品,municipal,1984/3/26,35.672793,139.817322,movable,representative_point,municipal,江東区登録文化財,美術工芸,
municipal_source,江東区,文化財一覧,131083000000.0,https://www.opendata.metro.tokyo.lg.jp/koto/131083_002_cultural_property.csv,13Tokyo/raw/municipal/13108/data.csv,墓石 宝永6年在銘,,江東区,,江東区,,江東区,13108,江東区登録文化財,美術工芸品,municipal,1985/3/25,35.672793,139.817322,movable,representative_point,municipal,江東区登録文化財,美術工芸,
municipal_source,江東区,文化財一覧,131083000000.0,https://www.opendata.metro.tokyo.lg.jp/koto/131083_002_cultural_property.csv,13Tokyo/raw/municipal/13108/data.csv,題目曼荼羅,,江東区,,江東区,,江東区,13108,江東区登録文化財,美術工芸品,municipal,1985/3/25,35.672793,139.817322,movable,representative_point,municipal,江東区登録文化財,美術工芸,
municipal_source,江東区,文化財一覧,131083000000.0,https://www.opendata.metro.tokyo.lg.jp/koto/131083_002_cultural_property.csv,13Tokyo/raw/municipal/13108/data.csv,ガラス乾板 深川区史図版 113点,,江東区,,江東区,,江東区,13108,江東区指定文化財,美術工芸品,municipal,2011/3/28,35.672793,139.817322,movable,representative_point,municipal,江東区指定文化財,美術工芸,
municipal_source,江東区,文化財一覧,131083000000.0,https://www.opendata.metro.tokyo.lg.jp/koto/131083_002_cultural_property.csv,13Tokyo/raw/municipal/13108/data.csv,震災復興橋梁図面 901枚,,江東区,,江東区,,江東区,13108,江東区指定文化財,美術工芸品,municipal,2015/4/1,35.672793,139.817322,movable,representative_point,municipal,江東区指定文化財,美術工芸,
municipal_source,江東区,文化財一覧,131083000000.0,https://www.opendata.metro.tokyo.lg.jp/koto/131083_002_cultural_property.csv,13Tokyo/raw/municipal/13108/data.csv,中江兆民翁之碑,,亀戸天神社,,亀戸天神社,,江東区,13108,江東区登録文化財,美術工芸品,municipal,1981/3/31,35.702666,139.820838,movable,representative_point,municipal,江東区登録文化財,美術工芸,
municipal_source,江東区,文化財一覧,131083000000.0,https://www.opendata.metro.tokyo.lg.jp/koto/131083_002_cultural_property.csv,13Tokyo/raw/municipal/13108/data.csv,聖廟九百年御忌句碑,,亀戸天神社,,亀戸天神社,,江東区,13108,江東区登録文化財,美術工芸品,municipal,1981/3/31,35.702666,139.820838,movable,representative_point,municipal,江東区登録文化財,美術工芸,
municipal_source,江東区,文化財一覧,131083000000.0,https://www.opendata.metro.tokyo.lg.jp/koto/131083_002_cultural_property.csv,13Tokyo/raw/municipal/13108/data.csv,歌川豊国翁之碑,,亀戸天神社,,亀戸天神社,,江東区,13108,江東区登録文化財,美術工芸品,municipal,1982/3/15,35.702666,139.820838,movable,representative_point,municipal,江東区登録文化財,美術工芸,
municipal_source,江東区,文化財一覧,131083000000.0,https://www.opendata.metro.tokyo.lg.jp/koto/131083_002_cultural_property.csv,13Tokyo/raw/municipal/13108/data.csv,帰春翁筆塚,,亀戸天神社,,亀戸天神社,,江東区,13108,江東区登録文化財,美術工芸品,municipal,1983/3/25,35.702666,139.820838,movable,representative_point,municipal,江東区登録文化財,美術工芸,
municipal_source,江東区,文化財一覧,131083000000.0,https://www.opendata.metro.tokyo.lg.jp/koto/131083_002_cultural_property.csv,13Tokyo/raw/municipal/13108/data.csv,董斎筆塚,,亀戸天神社,,亀戸天神社,,江東区,13108,江東区登録文化財,美術工芸品,municipal,1983/3/25,35.702666,139.820838,movable,representative_point,municipal,江東区登録文化財,美術工芸,
municipal_source,江東区,文化財一覧,131083000000.0,https://www.opendata.metro.tokyo.lg.jp/koto/131083_002_cultural_property.csv,13Tokyo/raw/municipal/13108/data.csv,花仙堂筆塚,,亀戸天神社,,亀戸天神社,,江東区,13108,江東区登録文化財,美術工芸品,municipal,1983/3/25,35.702666,139.820838,movable,representative_point,municipal,江東区登録文化財,美術工芸,
municipal_source,江東区,文化財一覧,131083000000.0,https://www.opendata.metro.tokyo.lg.jp/koto/131083_002_cultural_property.csv,13Tokyo/raw/municipal/13108/data.csv,正木樸筆塚 亀田鵬斎書,,亀戸天神社,,亀戸天神社,,江東区,13108,江東区登録文化財,美術工芸品,municipal,1983/3/25,35.702666,139.820838,movable,representative_point,municipal,江東区登録文化財,美術工芸,
municipal_source,江東区,文化財一覧,131083000000.0,https://www.opendata.metro.tokyo.lg.jp/koto/131083_002_cultural_property.csv,13Tokyo/raw/municipal/13108/data.csv,花鳥図碑 岸駒・曲江画,,亀戸天神社,,亀戸天神社,,江東区,13108,江東区登録文化財,美術工芸品,municipal,1983/3/25,35.702666,139.820838,movable,representative_point,municipal,江東区登録文化財,美術工芸,
municipal_source,江東区,文化財一覧,131083000000.0,https://www.opendata.metro.tokyo.lg.jp/koto/131083_002_cultural_property.csv,13Tokyo/raw/municipal/13108/data.csv,石川勝蔵歌碑,,亀戸天神社,,亀戸天神社,,江東区,13108,江東区登録文化財,美術工芸品,municipal,1983/3/25,35.702666,139.820838,movable,representative_point,municipal,江東区登録文化財,美術工芸,
municipal_source,江東区,文化財一覧,131083000000.0,https://www.opendata.metro.tokyo.lg.jp/koto/131083_002_cultural_property.csv,13Tokyo/raw/municipal/13108/data.csv,八百万神碑 男谷静斎書,,亀戸天神社,,亀戸天神社,,江東区,13108,江東区登録文化財,美術工芸品,municipal,1983/3/25,35.702666,139.820838,movable,representative_point,municipal,江東区登録文化財,美術工芸,
municipal_source,江東区,文化財一覧,131083000000.0,https://www.opendata.metro.tokyo.lg.jp/koto/131083_002_cultural_property.csv,13Tokyo/raw/municipal/13108/data.csv,燈籠 松平康任奉納 一対,,亀戸天神社,,亀戸天神社,,江東区,13108,江東区登録文化財,美術工芸品,municipal,1983/3/25,35.702666,139.820838,movable,representative_point,municipal,江東区登録文化財,美術工芸,
municipal_source,江東区,文化財一覧,131083000000.0,https://www.opendata.metro.tokyo.lg.jp/koto/131083_002_cultural_property.csv,13Tokyo/raw/municipal/13108/data.csv,松庵句碑,,亀戸天神社,,亀戸天神社,,江東区,13108,江東区登録文化財,美術工芸品,municipal,1984/3/26,35.702666,139.820838,movable,representative_point,municipal,江東区登録文化財,美術工芸,
municipal_source,江東区,文化財一覧,131083000000.0,https://www.opendata.metro.tokyo.lg.jp/koto/131083_002_cultural_property.csv,13Tokyo/raw/municipal/13108/data.csv,くんきょ先生碑,,亀戸天神社,,亀戸天神社,,江東区,13108,江東区登録文化財,美術工芸品,municipal,1985/3/25,35.702666,139.820838,movable,representative_point,municipal,江東区登録文化財,美術工芸,
municipal_source,江東区,文化財一覧,131083000000.0,https://www.opendata.metro.tokyo.lg.jp/koto/131083_002_cultural_property.csv,13Tokyo/raw/municipal/13108/data.csv,鮮斎永濯碑,,亀戸天神社,,亀戸天神社,,江東区,13108,江東区登録文化財,美術工芸品,municipal,1985/3/25,35.702666,139.820838,movable,representative_point,municipal,江東区登録文化財,美術工芸,
municipal_source,江東区,文化財一覧,131083000000.0,https://www.opendata.metro.tokyo.lg.jp/koto/131083_002_cultural_property.csv,13Tokyo/raw/municipal/13108/data.csv,梅松両社再建発句碑,,亀戸天神社,,亀戸天神社,,江東区,13108,江東区登録文化財,美術工芸品,municipal,1986/3/26,35.702666,139.820838,movable,representative_point,municipal,江東区登録文化財,美術工芸,
municipal_source,江東区,文化財一覧,131083000000.0,https://www.opendata.metro.tokyo.lg.jp/koto/131083_002_cultural_property.csv,13Tokyo/raw/municipal/13108/data.csv,菅原白竜画師献技碑,,亀戸天神社,,亀戸天神社,,江東区,13108,江東区登録文化財,美術工芸品,municipal,1987/3/26,35.702666,139.820838,movable,representative_point,municipal,江東区登録文化財,美術工芸,
municipal_source,江東区,文化財一覧,131083000000.0,https://www.opendata.metro.tokyo.lg.jp/koto/131083_002_cultural_property.csv,13Tokyo/raw/municipal/13108/data.csv,臥龍園句碑,,亀戸天神社,,亀戸天神社,,江東区,13108,江東区登録文化財,美術工芸品,municipal,1990/3/28,35.702666,139.820838,movable,representative_point,municipal,江東区登録文化財,美術工芸,
municipal_source,江東区,文化財一覧,131083000000.0,https://www.opendata.metro.tokyo.lg.jp/koto/131083_002_cultural_property.csv,13Tokyo/raw/municipal/13108/data.csv,累卵塔碑,,亀戸天神社,,亀戸天神社,,江東区,13108,江東区登録文化財,美術工芸品,municipal,1990/3/28,35.702666,139.820838,movable,representative_point,municipal,江東区登録文化財,美術工芸,
municipal_source,江東区,文化財一覧,131083000000.0,https://www.opendata.metro.tokyo.lg.jp/koto/131083_002_cultural_property.csv,13Tokyo/raw/municipal/13108/data.csv,藤樹奉献碑 大正4年在銘,,亀戸天神社,,亀戸天神社,,江東区,13108,江東区登録文化財,美術工芸品,municipal,1991/3/28,35.702666,139.820838,movable,representative_point,municipal,江東区登録文化財,美術工芸,
municipal_source,江東区,文化財一覧,131083000000.0,https://www.opendata.metro.tokyo.lg.jp/koto/131083_002_cultural_property.csv,13Tokyo/raw/municipal/13108/data.csv,明楽斎修筆碑 明治29年在銘,,亀戸天神社,,亀戸天神社,,江東区,13108,江東区登録文化財,美術工芸品,municipal,1991/3/28,35.702666,139.820838,movable,representative_point,municipal,江東区登録文化財,美術工芸,
municipal_source,江東区,文化財一覧,131083000000.0,https://www.opendata.metro.tokyo.lg.jp/koto/131083_002_cultural_property.csv,13Tokyo/raw/municipal/13108/data.csv,鷽替由来板木 大正5年在銘,,亀戸天神社,,亀戸天神社,,江東区,13108,江東区登録文化財,美術工芸品,municipal,1996/3/22,35.702666,139.820838,movable,representative_point,municipal,江東区登録文化財,美術工芸,
municipal_source,江東区,文化財一覧,131083000000.0,https://www.opendata.metro.tokyo.lg.jp/koto/131083_002_cultural_property.csv,13Tokyo/raw/municipal/13108/data.csv,鍾珠山人玉光句碑 弘化2年在銘,,亀戸天神社,,亀戸天神社,,江東区,13108,江東区登録文化財,美術工芸品,municipal,1997/3/28,35.702666,139.820838,movable,representative_point,municipal,江東区登録文化財,美術工芸,
municipal_source,江東区,文化財一覧,131083000000.0,https://www.opendata.metro.tokyo.lg.jp/koto/131083_002_cultural_property.csv,13Tokyo/raw/municipal/13108/data.csv,燈籠(残欠) 文政2年在銘,,亀戸天神社,,亀戸天神社,,江東区,13108,江東区登録文化財,美術工芸品,municipal,1999/3/26,35.702666,139.820838,movable,representative_point,municipal,江東区登録文化財,美術工芸,
municipal_source,江東区,文化財一覧,131083000000.0,https://www.opendata.metro.tokyo.lg.jp/koto/131083_002_cultural_property.csv,13Tokyo/raw/municipal/13108/data.csv,亀戸神社縁起碑 大正12年在銘,,亀戸天神社,,亀戸天神社,,江東区,13108,江東区登録文化財,美術工芸品,municipal,1999/3/26,35.702666,139.820838,movable,representative_point,municipal,江東区登録文化財,美術工芸,
municipal_source,江東区,文化財一覧,131083000000.0,https://www.opendata.metro.tokyo.lg.jp/koto/131083_002_cultural_property.csv,13Tokyo/raw/municipal/13108/data.csv,頌徳碑 明治28年在銘,,亀戸天神社,,亀戸天神社,,江東区,13108,江東区登録文化財,美術工芸品,municipal,1999/3/26,35.702666,139.820838,movable,representative_point,municipal,江東区登録文化財,美術工芸,
municipal_source,江東区,文化財一覧,131083000000.0,https://www.opendata.metro.tokyo.lg.jp/koto/131083_002_cultural_property.csv,13Tokyo/raw/municipal/13108/data.csv,菅公一千年祭記念碑 明治35年在銘,,亀戸天神社,,亀戸天神社,,江東区,13108,江東区登録文化財,美術工芸品,municipal,1999/3/26,35.702666,139.820838,movable,representative_point,municipal,江東区登録文化財,美術工芸,
municipal_source,江東区,文化財一覧,131083000000.0,https://www.opendata.metro.tokyo.lg.jp/koto/131083_002_cultural_property.csv,13Tokyo/raw/municipal/13108/data.csv,菅公一千年祭記念碑,,亀戸天神社,,亀戸天神社,,江東区,13108,江東区登録文化財,美術工芸品,municipal,1999/3/26,35.702666,139.820838,movable,representative_point,municipal,江東区登録文化財,美術工芸,
municipal_source,江東区,文化財一覧,131083000000.0,https://www.opendata.metro.tokyo.lg.jp/koto/131083_002_cultural_property.csv,13Tokyo/raw/municipal/13108/data.csv,菅公一千年祭記念境内全図銅板寄附碑,,亀戸天神社,,亀戸天神社,,江東区,13108,江東区登録文化財,美術工芸品,municipal,1999/3/26,35.702666,139.820838,movable,representative_point,municipal,江東区登録文化財,美術工芸,
municipal_source,江東区,文化財一覧,131083000000.0,https://www.opendata.metro.tokyo.lg.jp/koto/131083_002_cultural_property.csv,13Tokyo/raw/municipal/13108/data.csv,菅廟種梅碑 明治35年在銘,,亀戸天神社,,亀戸天神社,,江東区,13108,江東区登録文化財,美術工芸品,municipal,2000/3/27,35.702666,139.820838,movable,representative_point,municipal,江東区登録文化財,美術工芸,
municipal_source,江東区,文化財一覧,131083000000.0,https://www.opendata.metro.tokyo.lg.jp/koto/131083_002_cultural_property.csv,13Tokyo/raw/municipal/13108/data.csv,芭蕉句碑 絢堂素丸書,,龍眼寺,,龍眼寺,,江東区,13108,江東区登録文化財,美術工芸品,municipal,1981/3/31,35.705622,139.819415,movable,representative_point,municipal,江東区登録文化財,美術工芸,
municipal_source,江東区,文化財一覧,131083000000.0,https://www.opendata.metro.tokyo.lg.jp/koto/131083_002_cultural_property.csv,13Tokyo/raw/municipal/13108/data.csv,冬嶺・市町句碑,,龍眼寺,,龍眼寺,,江東区,13108,江東区登録文化財,美術工芸品,municipal,1984/3/26,35.705622,139.819415,movable,representative_point,municipal,江東区登録文化財,美術工芸,
municipal_source,江東区,文化財一覧,131083000000.0,https://www.opendata.metro.tokyo.lg.jp/koto/131083_002_cultural_property.csv,13Tokyo/raw/municipal/13108/data.csv,百寿句碑,,龍眼寺,,龍眼寺,,江東区,13108,江東区登録文化財,美術工芸品,municipal,1984/3/26,35.705622,139.819415,movable,representative_point,municipal,江東区登録文化財,美術工芸,
municipal_source,江東区,文化財一覧,131083000000.0,https://www.opendata.metro.tokyo.lg.jp/koto/131083_002_cultural_property.csv,13Tokyo/raw/municipal/13108/data.csv,螺舎一堂句碑,,龍眼寺,,龍眼寺,,江東区,13108,江東区登録文化財,美術工芸品,municipal,1986/3/26,35.705622,139.819415,movable,representative_point,municipal,江東区登録文化財,美術工芸,
municipal_source,江東区,文化財一覧,131083000000.0,https://www.opendata.metro.tokyo.lg.jp/koto/131083_002_cultural_property.csv,13Tokyo/raw/municipal/13108/data.csv,天祖神社社号標石 大正5年在銘,,天祖神社,,天祖神社,,江東区,13108,江東区登録文化財,美術工芸品,municipal,2015/4/1,35.706504,139.820913,movable,representative_point,municipal,江東区登録文化財,美術工芸,
municipal_source,江東区,文化財一覧,131083000000.0,https://www.opendata.metro.tokyo.lg.jp/koto/131083_002_cultural_property.csv,13Tokyo/raw/municipal/13108/data.csv,境内社太郎稲荷神社社号標石 昭和18年在銘,,天祖神社,,天祖神社,,江東区,13108,江東区登録文化財,美術工芸品,municipal,2015/4/1,35.706504,139.820913,movable,representative_point,municipal,江東区登録文化財,美術工芸,
municipal_source,江東区,文化財一覧,131083000000.0,https://www.opendata.metro.tokyo.lg.jp/koto/131083_002_cultural_property.csv,13Tokyo/raw/municipal/13108/data.csv,琴臺東條先生之碑,,天祖神社,,天祖神社,,江東区,13108,江東区登録文化財,美術工芸品,municipal,2015/4/1,35.706504,139.820913,movable,representative_point,municipal,江東区登録文化財,美術工芸,
municipal_source,江東区,文化財一覧,131083000000.0,https://www.opendata.metro.tokyo.lg.jp/koto/131083_002_cultural_property.csv,13Tokyo/raw/municipal/13108/data.csv,六字名号供養塔 伝祐天書,,祐天堂,,祐天堂,,江東区,13108,江東区登録文化財,美術工芸品,municipal,1982/3/15,35.706022,139.823649,movable,representative_point,municipal,江東区登録文化財,美術工芸,
municipal_source,江東区,文化財一覧,131083000000.0,https://www.opendata.metro.tokyo.lg.jp/koto/131083_002_cultural_property.csv,13Tokyo/raw/municipal/13108/data.csv,松植紀年之碑 大正5年在銘,,光明寺,,光明寺,,江東区,13108,江東区登録文化財,美術工芸品,municipal,1996/3/22,35.704178,139.822582,movable,representative_point,municipal,江東区登録文化財,美術工芸,
municipal_source,江東区,文化財一覧,131083000000.0,https://www.opendata.metro.tokyo.lg.jp/koto/131083_002_cultural_property.csv,13Tokyo/raw/municipal/13108/data.csv,市場通笑碑,,光明寺,,光明寺,,江東区,13108,江東区登録文化財,美術工芸品,municipal,1997/3/28,35.704178,139.822582,movable,representative_point,municipal,江東区登録文化財,美術工芸,
municipal_source,江東区,文化財一覧,131083000000.0,https://www.opendata.metro.tokyo.lg.jp/koto/131083_002_cultural_property.csv,13Tokyo/raw/municipal/13108/data.csv,延命地蔵尊碑 文久3年在銘,,光明寺,,光明寺,,江東区,13108,江東区登録文化財,美術工芸品,municipal,1997/3/28,35.704178,139.822582,movable,representative_point,municipal,江東区登録文化財,美術工芸,
municipal_source,江東区,文化財一覧,131083000000.0,https://www.opendata.metro.tokyo.lg.jp/koto/131083_002_cultural_property.csv,13Tokyo/raw/municipal/13108/data.csv,古筆了意翁之碑,,普門院,,普門院,,江東区,13108,江東区登録文化財,美術工芸品,municipal,1983/5/31,35.703512,139.822503,movable,representative_point,municipal,江東区登録文化財,美術工芸,
municipal_source,江東区,文化財一覧,131083000000.0,https://www.opendata.metro.tokyo.lg.jp/koto/131083_002_cultural_property.csv,13Tokyo/raw/municipal/13108/data.csv,松本魯山歌碑,,普門院,,普門院,,江東区,13108,江東区登録文化財,美術工芸品,municipal,1986/3/26,35.703512,139.822503,movable,representative_point,municipal,江東区登録文化財,美術工芸,
municipal_source,江東区,文化財一覧,131083000000.0,https://www.opendata.metro.tokyo.lg.jp/koto/131083_002_cultural_property.csv,13Tokyo/raw/municipal/13108/data.csv,徳本講碑 明治9年在銘,,普門院,,普門院,,江東区,13108,江東区登録文化財,美術工芸品,municipal,1987/3/26,35.703512,139.822503,movable,representative_point,municipal,江東区登録文化財,美術工芸,
municipal_source,江東区,文化財一覧,131083000000.0,https://www.opendata.metro.tokyo.lg.jp/koto/131083_002_cultural_property.csv,13Tokyo/raw/municipal/13108/data.csv,燈籠(残欠) 応永28年在銘,,普門院,,普門院,,江東区,13108,江東区登録文化財,美術工芸品,municipal,1995/3/28,35.703512,139.822503,movable,representative_point,municipal,江東区登録文化財,美術工芸,
municipal_source,江東区,文化財一覧,131083000000.0,https://www.opendata.metro.tokyo.lg.jp/koto/131083_002_cultural_property.csv,13Tokyo/raw/municipal/13108/data.csv,大杉殿扁額 佐々木文山書,,香取神社,,香取神社,,江東区,13108,江東区登録文化財,美術工芸品,municipal,1982/3/15,35.704295,139.825214,movable,representative_point,municipal,江東区登録文化財,美術工芸,
municipal_source,江東区,文化財一覧,131083000000.0,https://www.opendata.metro.tokyo.lg.jp/koto/131083_002_cultural_property.csv,13Tokyo/raw/municipal/13108/data.csv,棟札 4枚,,香取神社,,香取神社,,江東区,13108,江東区登録文化財,美術工芸品,municipal,1986/3/26,35.704295,139.825214,movable,representative_point,municipal,江東区登録文化財,美術工芸,
municipal_source,江東区,文化財一覧,131083000000.0,https://www.opendata.metro.tokyo.lg.jp/koto/131083_002_cultural_property.csv,13Tokyo/raw/municipal/13108/data.csv,亀戸惣鎮守葛飾神社号標石 文政7年在銘,,香取神社,,香取神社,,江東区,13108,江東区登録文化財,美術工芸品,municipal,1991/3/28,35.704295,139.825214,movable,representative_point,municipal,江東区登録文化財,美術工芸,
municipal_source,江東区,文化財一覧,131083000000.0,https://www.opendata.metro.tokyo.lg.jp/koto/131083_002_cultural_property.csv,13Tokyo/raw/municipal/13108/data.csv,狛犬(残欠) 文化2年在銘,,香取神社,,香取神社,,江東区,13108,江東区登録文化財,美術工芸品,municipal,1995/3/28,35.704295,139.825214,movable,representative_point,municipal,江東区登録文化財,美術工芸,
municipal_source,江東区,文化財一覧,131083000000.0,https://www.opendata.metro.tokyo.lg.jp/koto/131083_002_cultural_property.csv,13Tokyo/raw/municipal/13108/data.csv,亀戸水神森由来碑 昭和13年在銘,,水神社,,水神社,,江東区,13108,江東区登録文化財,美術工芸品,municipal,2001/3/29,35.701104,139.831522,movable,representative_point,municipal,江東区登録文化財,美術工芸,
municipal_source,江東区,文化財一覧,131083000000.0,https://www.opendata.metro.tokyo.lg.jp/koto/131083_002_cultural_property.csv,13Tokyo/raw/municipal/13108/data.csv,是心軒一露居士碑 明治32年在銘,,東覚寺,,東覚寺,,江東区,13108,江東区登録文化財,美術工芸品,municipal,1993/3/29,35.703227,139.826243,movable,representative_point,municipal,江東区登録文化財,美術工芸,
municipal_source,江東区,文化財一覧,131083000000.0,https://www.opendata.metro.tokyo.lg.jp/koto/131083_002_cultural_property.csv,13Tokyo/raw/municipal/13108/data.csv,初代市村竹之丞寿塔,,自性院,,自性院,,江東区,13108,江東区登録文化財,美術工芸品,municipal,1981/4/10,35.694477,139.830385,movable,representative_point,municipal,江東区登録文化財,美術工芸,
municipal_source,江東区,文化財一覧,131083000000.0,https://www.opendata.metro.tokyo.lg.jp/koto/131083_002_cultural_property.csv,13Tokyo/raw/municipal/13108/data.csv,歴代市村羽左衛門供養塔,,自性院,,自性院,,江東区,13108,江東区登録文化財,美術工芸品,municipal,1981/4/10,35.694477,139.830385,movable,representative_point,municipal,江東区登録文化財,美術工芸,
municipal_source,江東区,文化財一覧,131083000000.0,https://www.opendata.metro.tokyo.lg.jp/koto/131083_002_cultural_property.csv,13Tokyo/raw/municipal/13108/data.csv,たのみの辞碑,,区立亀戸浅間公園,,江東区,,江東区,13108,江東区登録文化財,美術工芸品,municipal,1984/3/26,35.695935,139.844607,movable,representative_point,municipal,江東区登録文化財,美術工芸,
municipal_source,江東区,文化財一覧,131083000000.0,https://www.opendata.metro.tokyo.lg.jp/koto/131083_002_cultural_property.csv,13Tokyo/raw/municipal/13108/data.csv,石段親柱 附拓本6枚 昭和29年7月7日採拓,,区立亀戸浅間公園,,江東区,,江東区,13108,江東区登録文化財,美術工芸品,municipal,1991/3/28,35.695935,139.844607,movable,representative_point,municipal,江東区登録文化財,美術工芸,
municipal_source,江東区,文化財一覧,131083000000.0,https://www.opendata.metro.tokyo.lg.jp/koto/131083_002_cultural_property.csv,13Tokyo/raw/municipal/13108/data.csv,新築木材一式奉納碑 明治11年在銘,,浅間神社,,浅間神社,,江東区,13108,江東区登録文化財,美術工芸品,municipal,1991/3/28,35.695771,139.844565,movable,representative_point,municipal,江東区登録文化財,美術工芸,
municipal_source,江東区,文化財一覧,131083000000.0,https://www.opendata.metro.tokyo.lg.jp/koto/131083_002_cultural_property.csv,13Tokyo/raw/municipal/13108/data.csv,敷石及修繕費奉納碑 大正5年在銘,,浅間神社,,浅間神社,,江東区,13108,江東区登録文化財,美術工芸品,municipal,1991/3/28,35.695771,139.844565,movable,representative_point,municipal,江東区登録文化財,美術工芸,
municipal_source,江東区,文化財一覧,131083000000.0,https://www.opendata.metro.tokyo.lg.jp/koto/131083_002_cultural_property.csv,13Tokyo/raw/municipal/13108/data.csv,修庭記碑 大正8年在銘,,浅間神社,,浅間神社,,江東区,13108,江東区登録文化財,美術工芸品,municipal,1991/3/28,35.695771,139.844565,movable,representative_point,municipal,江東区登録文化財,美術工芸,
municipal_source,江東区,文化財一覧,131083000000.0,https://www.opendata.metro.tokyo.lg.jp/koto/131083_002_cultural_property.csv,13Tokyo/raw/municipal/13108/data.csv,紀念碑建設費奉納碑 大正8年在銘,,浅間神社,,浅間神社,,江東区,13108,江東区登録文化財,美術工芸品,municipal,1992/3/27,35.695771,139.844565,movable,representative_point,municipal,江東区登録文化財,美術工芸,
municipal_source,江東区,文化財一覧,131083000000.0,https://www.opendata.metro.tokyo.lg.jp/koto/131083_002_cultural_property.csv,13Tokyo/raw/municipal/13108/data.csv,女木塚碑 其日庵社中造立,,大島稲荷神社,,大島稲荷神社,,江東区,13108,江東区登録文化財,美術工芸品,municipal,1981/3/31,35.686392,139.836618,movable,representative_point,municipal,江東区登録文化財,美術工芸,
municipal_source,江東区,文化財一覧,131083000000.0,https://www.opendata.metro.tokyo.lg.jp/koto/131083_002_cultural_property.csv,13Tokyo/raw/municipal/13108/data.csv,大先達加藤忠治之碑,,宝塔寺,,宝塔寺,,江東区,13108,江東区登録文化財,美術工芸品,municipal,1985/3/25,35.687008,139.842813,movable,representative_point,municipal,江東区登録文化財,美術工芸,
municipal_source,江東区,文化財一覧,131083000000.0,https://www.opendata.metro.tokyo.lg.jp/koto/131083_002_cultural_property.csv,13Tokyo/raw/municipal/13108/data.csv,丸不二講先達五十年記念碑 明治28年在銘,,宝塔寺,,宝塔寺,,江東区,13108,江東区登録文化財,美術工芸品,municipal,1996/3/22,35.687008,139.842813,movable,representative_point,municipal,江東区登録文化財,美術工芸,
municipal_source,江東区,文化財一覧,131083000000.0,https://www.opendata.metro.tokyo.lg.jp/koto/131083_002_cultural_property.csv,13Tokyo/raw/municipal/13108/data.csv,燈籠(残欠) 織田長好奉納 一対,,志演神社,,志演神社,,江東区,13108,江東区登録文化財,美術工芸品,municipal,1982/3/15,35.677564,139.826635,movable,representative_point,municipal,江東区登録文化財,美術工芸,
municipal_source,江東区,文化財一覧,131083000000.0,https://www.opendata.metro.tokyo.lg.jp/koto/131083_002_cultural_property.csv,13Tokyo/raw/municipal/13108/data.csv,題目曼荼羅 日遠書,,妙久寺,,妙久寺,,江東区,13108,江東区登録文化財,美術工芸品,municipal,1987/3/26,35.678253,139.826474,movable,representative_point,municipal,江東区登録文化財,美術工芸,
municipal_source,江東区,文化財一覧,131083000000.0,https://www.opendata.metro.tokyo.lg.jp/koto/131083_002_cultural_property.csv,13Tokyo/raw/municipal/13108/data.csv,題目曼荼羅 日明書,,妙久寺,,妙久寺,,江東区,13108,江東区登録文化財,美術工芸品,municipal,1987/3/26,35.678253,139.826474,movable,representative_point,municipal,江東区登録文化財,美術工芸,
municipal_source,江東区,文化財一覧,131083000000.0,https://www.opendata.metro.tokyo.lg.jp/koto/131083_002_cultural_property.csv,13Tokyo/raw/municipal/13108/data.csv,題目曼荼羅 日淳書,,妙久寺,,妙久寺,,江東区,13108,江東区登録文化財,美術工芸品,municipal,1987/3/26,35.678253,139.826474,movable,representative_point,municipal,江東区登録文化財,美術工芸,
municipal_source,江東区,文化財一覧,131083000000.0,https://www.opendata.metro.tokyo.lg.jp/koto/131083_002_cultural_property.csv,13Tokyo/raw/municipal/13108/data.csv,題目曼荼羅 日淳書,,妙久寺,,妙久寺,,江東区,13108,江東区登録文化財,美術工芸品,municipal,1987/3/26,35.678253,139.826474,movable,representative_point,municipal,江東区登録文化財,美術工芸,
municipal_source,江東区,文化財一覧,131083000000.0,https://www.opendata.metro.tokyo.lg.jp/koto/131083_002_cultural_property.csv,13Tokyo/raw/municipal/13108/data.csv,題目曼荼羅 日領書(版摺),,妙久寺,,妙久寺,,江東区,13108,江東区登録文化財,美術工芸品,municipal,1987/3/26,35.678253,139.826474,movable,representative_point,municipal,江東区登録文化財,美術工芸,
municipal_source,江東区,文化財一覧,131083000000.0,https://www.opendata.metro.tokyo.lg.jp/koto/131083_002_cultural_property.csv,13Tokyo/raw/municipal/13108/data.csv,一遍首題 日領書(版摺),,妙久寺,,妙久寺,,江東区,13108,江東区登録文化財,美術工芸品,municipal,1987/3/26,35.678253,139.826474,movable,representative_point,municipal,江東区登録文化財,美術工芸,
municipal_source,江東区,文化財一覧,131083000000.0,https://www.opendata.metro.tokyo.lg.jp/koto/131083_002_cultural_property.csv,13Tokyo/raw/municipal/13108/data.csv,西誉蓮入入定墳の碑,,持宝院,,持宝院,,江東区,13108,江東区登録文化財,美術工芸品,municipal,1982/3/15,35.679198,139.831908,movable,representative_point,municipal,江東区登録文化財,美術工芸,
municipal_source,江東区,文化財一覧,131083000000.0,https://www.opendata.metro.tokyo.lg.jp/koto/131083_002_cultural_property.csv,13Tokyo/raw/municipal/13108/data.csv,大正六年海嘯横死者供養塔,,持宝院,,持宝院,,江東区,13108,江東区登録文化財,美術工芸品,municipal,1984/3/26,35.679198,139.831908,movable,representative_point,municipal,江東区登録文化財,美術工芸,
municipal_source,江東区,文化財一覧,131083000000.0,https://www.opendata.metro.tokyo.lg.jp/koto/131083_002_cultural_property.csv,13Tokyo/raw/municipal/13108/data.csv,旧極楽寺無縁塔,,持宝院,,持宝院,,江東区,13108,江東区登録文化財,美術工芸品,municipal,1985/3/25,35.679198,139.831908,movable,representative_point,municipal,江東区登録文化財,美術工芸,
municipal_source,江東区,文化財一覧,131083000000.0,https://www.opendata.metro.tokyo.lg.jp/koto/131083_002_cultural_property.csv,13Tokyo/raw/municipal/13108/data.csv,大勧進恵月院秀円上人供養塔 文政3年在銘,,持宝院,,持宝院,,江東区,13108,江東区登録文化財,美術工芸品,municipal,1985/3/25,35.679198,139.831908,movable,representative_point,municipal,江東区登録文化財,美術工芸,
municipal_source,江東区,文化財一覧,131083000000.0,https://www.opendata.metro.tokyo.lg.jp/koto/131083_002_cultural_property.csv,13Tokyo/raw/municipal/13108/data.csv,大正6年10月海嘯横死者各霊位名簿,,持宝院,,持宝院,,江東区,13108,江東区登録文化財,美術工芸品,municipal,1993/3/29,35.679198,139.831908,movable,representative_point,municipal,江東区登録文化財,美術工芸,
municipal_source,江東区,文化財一覧,131083000000.0,https://www.opendata.metro.tokyo.lg.jp/koto/131083_002_cultural_property.csv,13Tokyo/raw/municipal/13108/data.csv,弘法大師道敷石寄附紀念碑 明治38年在銘,,普門院,,持宝院,,江東区,13108,江東区登録文化財,美術工芸品,municipal,1998/3/30,35.679198,139.831908,movable,representative_point,municipal,江東区登録文化財,美術工芸,
municipal_source,江東区,文化財一覧,131083000000.0,https://www.opendata.metro.tokyo.lg.jp/koto/131083_002_cultural_property.csv,13Tokyo/raw/municipal/13108/data.csv,題目曼荼羅 日修書,,上妙寺,,上妙寺,,江東区,13108,江東区登録文化財,美術工芸品,municipal,1987/3/26,35.683128,139.840652,movable,representative_point,municipal,江東区登録文化財,美術工芸,
municipal_source,江東区,文化財一覧,131083000000.0,https://www.opendata.metro.tokyo.lg.jp/koto/131083_002_cultural_property.csv,13Tokyo/raw/municipal/13108/data.csv,元神明碑,,天祖神社,,天祖神社,,江東区,13108,江東区登録文化財,美術工芸品,municipal,1984/3/26,35.677108,139.837507,movable,representative_point,municipal,江東区登録文化財,美術工芸,
municipal_source,江東区,文化財一覧,131083000000.0,https://www.opendata.metro.tokyo.lg.jp/koto/131083_002_cultural_property.csv,13Tokyo/raw/municipal/13108/data.csv,敷石二十四枚奉納碑 大正3年在銘,,天祖神社,,天祖神社,,江東区,13108,江東区登録文化財,美術工芸品,municipal,1991/3/28,35.677108,139.837507,movable,representative_point,municipal,江東区登録文化財,美術工芸,
municipal_source,江東区,文化財一覧,131083000000.0,https://www.opendata.metro.tokyo.lg.jp/koto/131083_002_cultural_property.csv,13Tokyo/raw/municipal/13108/data.csv,鳥居台石 天保10年在銘,,中田稲荷神社,,中田稲荷神社,,江東区,13108,江東区登録文化財,美術工芸品,municipal,1992/3/27,35.676503,139.840635,movable,representative_point,municipal,江東区登録文化財,美術工芸,
municipal_source,江東区,文化財一覧,131083000000.0,https://www.opendata.metro.tokyo.lg.jp/koto/131083_002_cultural_property.csv,13Tokyo/raw/municipal/13108/data.csv,四十町講中碑 明治33年在銘,,天祖神社,,天祖神社,,江東区,13108,江東区登録文化財,美術工芸品,municipal,1991/3/28,35.673175,139.840955,movable,representative_point,municipal,江東区登録文化財,美術工芸,
municipal_source,江東区,文化財一覧,131083000000.0,https://www.opendata.metro.tokyo.lg.jp/koto/131083_002_cultural_property.csv,13Tokyo/raw/municipal/13108/data.csv,石造燈籠 元禄14年・文政12年在銘 一対,,天祖神社,,天祖神社,,江東区,13108,江東区登録文化財,美術工芸品,municipal,1984/3/26,35.673175,139.840955,movable,representative_point,municipal,江東区登録文化財,美術工芸,
municipal_source,江東区,文化財一覧,131083000000.0,https://www.opendata.metro.tokyo.lg.jp/koto/131083_002_cultural_property.csv,13Tokyo/raw/municipal/13108/data.csv,砂村波除地蔵由来碑,,波除地蔵尊堂,,波除地蔵尊堂,,江東区,13108,江東区登録文化財,美術工芸品,municipal,1984/3/26,35.673921,139.825388,movable,representative_point,municipal,江東区登録文化財,美術工芸,
municipal_source,江東区,文化財一覧,131083000000.0,https://www.opendata.metro.tokyo.lg.jp/koto/131083_002_cultural_property.csv,13Tokyo/raw/municipal/13108/data.csv,芭蕉句碑 小柴暉雄書,,富賀岡八幡宮,,富賀岡八幡宮,,江東区,13108,江東区登録文化財,美術工芸品,municipal,1981/3/31,35.669287,139.837599,movable,representative_point,municipal,江東区登録文化財,美術工芸,
municipal_source,江東区,文化財一覧,131083000000.0,https://www.opendata.metro.tokyo.lg.jp/koto/131083_002_cultural_property.csv,13Tokyo/raw/municipal/13108/data.csv,五明橋石文句碑,,富賀岡八幡宮,,富賀岡八幡宮,,江東区,13108,江東区登録文化財,美術工芸品,municipal,1982/3/15,35.669287,139.837599,movable,representative_point,municipal,江東区登録文化財,美術工芸,
municipal_source,江東区,文化財一覧,131083000000.0,https://www.opendata.metro.tokyo.lg.jp/koto/131083_002_cultural_property.csv,13Tokyo/raw/municipal/13108/data.csv,富岡八幡宮扁額 明治4年在銘,,富賀岡八幡宮,,富賀岡八幡宮,,江東区,13108,江東区登録文化財,美術工芸品,municipal,1985/3/25,35.669287,139.837599,movable,representative_point,municipal,江東区登録文化財,美術工芸,
municipal_source,江東区,文化財一覧,131083000000.0,https://www.opendata.metro.tokyo.lg.jp/koto/131083_002_cultural_property.csv,13Tokyo/raw/municipal/13108/data.csv,御影敷石百参拾枚奉納碑,,富賀岡八幡宮,,富賀岡八幡宮,,江東区,13108,江東区登録文化財,美術工芸品,municipal,1987/3/26,35.669287,139.837599,movable,representative_point,municipal,江東区登録文化財,美術工芸,
municipal_source,江東区,文化財一覧,131083000000.0,https://www.opendata.metro.tokyo.lg.jp/koto/131083_002_cultural_property.csv,13Tokyo/raw/municipal/13108/data.csv,浅間神社修築記念碑 明治30年在銘,,富賀岡八幡宮,,富賀岡八幡宮,,江東区,13108,江東区登録文化財,美術工芸品,municipal,1998/3/30,35.669287,139.837599,movable,representative_point,municipal,江東区登録文化財,美術工芸,
municipal_source,江東区,文化財一覧,131083000000.0,https://www.opendata.metro.tokyo.lg.jp/koto/131083_002_cultural_property.csv,13Tokyo/raw/municipal/13108/data.csv,富賀岡八幡宮大幟 三井親和書,,富賀岡八幡宮,,富賀岡八幡宮,,江東区,13108,江東区指定文化財,美術工芸品,municipal,2017/4/1,35.669287,139.837599,movable,representative_point,municipal,江東区指定文化財,美術工芸,
municipal_source,江東区,文化財一覧,131083000000.0,https://www.opendata.metro.tokyo.lg.jp/koto/131083_002_cultural_property.csv,13Tokyo/raw/municipal/13108/data.csv,美辰・その女歌碑,,富賀岡八幡宮,,富賀岡八幡宮,,江東区,13108,江東区登録文化財,美術工芸品,municipal,2010/3/26,35.669287,139.837599,movable,representative_point,municipal,江東区登録文化財,美術工芸,
municipal_source,江東区,文化財一覧,131083000000.0,https://www.opendata.metro.tokyo.lg.jp/koto/131083_002_cultural_property.csv,13Tokyo/raw/municipal/13108/data.csv,染織(無地染),,,,近藤良治,,江東区,13108,江東区登録文化財,美術工芸品,municipal,2004/3/28,35.681708,139.795877,movable,representative_point,municipal,江東区登録文化財,工芸技術,
municipal_source,江東区,文化財一覧,131083000000.0,https://www.opendata.metro.tokyo.lg.jp/koto/131083_002_cultural_property.csv,13Tokyo/raw/municipal/13108/data.csv,簾製作,,,,豊田 勇,,江東区,13108,江東区指定文化財,美術工芸品,municipal,2008/3/28,35.688518,139.792737,movable,representative_point,municipal,江東区指定文化財,工芸技術,
municipal_source,江東区,文化財一覧,131083000000.0,https://www.opendata.metro.tokyo.lg.jp/koto/131083_002_cultural_property.csv,13Tokyo/raw/municipal/13108/data.csv,染織(紋章上絵),,,,石合信也,,江東区,13108,江東区登録文化財,美術工芸品,municipal,1984/3/26,35.688491,139.795683,movable,representative_point,municipal,江東区登録文化財,工芸技術,
municipal_source,江東区,文化財一覧,131083000000.0,https://www.opendata.metro.tokyo.lg.jp/koto/131083_002_cultural_property.csv,13Tokyo/raw/municipal/13108/data.csv,染色補正,,,,丸田常廣,,江東区,13108,江東区登録文化財,美術工芸品,municipal,2006/10/27,35.686944,139.801341,movable,representative_point,municipal,江東区登録文化財,工芸技術,
municipal_source,江東区,文化財一覧,131083000000.0,https://www.opendata.metro.tokyo.lg.jp/koto/131083_002_cultural_property.csv,13Tokyo/raw/municipal/13108/data.csv,染織(紋章上絵),,,,亀山晴男,,江東区,13108,江東区登録文化財,美術工芸品,municipal,2010/3/26,35.686944,139.801341,movable,representative_point,municipal,江東区登録文化財,工芸技術,
municipal_source,江東区,文化財一覧,131083000000.0,https://www.opendata.metro.tokyo.lg.jp/koto/131083_002_cultural_property.csv,13Tokyo/raw/municipal/13108/data.csv,木工(建具),,,,友國三郎,,江東区,13108,江東区登録文化財,美術工芸品,municipal,2006/10/27,35.680184,139.802585,movable,representative_point,municipal,江東区登録文化財,工芸技術,
municipal_source,江東区,文化財一覧,131083000000.0,https://www.opendata.metro.tokyo.lg.jp/koto/131083_002_cultural_property.csv,13Tokyo/raw/municipal/13108/data.csv,縫紋,,,,天野一男,,江東区,13108,江東区登録文化財,美術工芸品,municipal,2009/3/27,35.681353,139.799811,movable,representative_point,municipal,江東区登録文化財,工芸技術,
municipal_source,江東区,文化財一覧,131083000000.0,https://www.opendata.metro.tokyo.lg.jp/koto/131083_002_cultural_property.csv,13Tokyo/raw/municipal/13108/data.csv,木工(箱風呂),,,,和田輝男,,江東区,13108,江東区登録文化財,美術工芸品,municipal,2007/10/26,35.675577,139.793043,movable,representative_point,municipal,江東区登録文化財,工芸技術,
municipal_source,江東区,文化財一覧,131083000000.0,https://www.opendata.metro.tokyo.lg.jp/koto/131083_002_cultural_property.csv,13Tokyo/raw/municipal/13108/data.csv,帯製作,,,,杉浦正雄,,江東区,13108,江東区登録文化財,美術工芸品,municipal,2014/4/4,35.676362,139.797724,movable,representative_point,municipal,江東区登録文化財,工芸技術,
municipal_source,江東区,文化財一覧,131083000000.0,https://www.opendata.metro.tokyo.lg.jp/koto/131083_002_cultural_property.csv,13Tokyo/raw/municipal/13108/data.csv,金工(刀剣研磨),,,,臼木良彦,,江東区,13108,江東区登録文化財,美術工芸品,municipal,2001/3/29,35.669379,139.794399,movable,representative_point,municipal,江東区登録文化財,工芸技術,
municipal_source,江東区,文化財一覧,131083000000.0,https://www.opendata.metro.tokyo.lg.jp/koto/131083_002_cultural_property.csv,13Tokyo/raw/municipal/13108/data.csv,木工(襖榾),,,,岡田八郎,,江東区,13108,江東区登録文化財,美術工芸品,municipal,1992/3/27,35.663063,139.809344,movable,representative_point,municipal,江東区登録文化財,工芸技術,
municipal_source,江東区,文化財一覧,131083000000.0,https://www.opendata.metro.tokyo.lg.jp/koto/131083_002_cultural_property.csv,13Tokyo/raw/municipal/13108/data.csv,船大工,,佐野造船所,,佐野造船所,,江東区,13108,江東区登録文化財,美術工芸品,municipal,2012/10/10,35.658897,139.815651,movable,representative_point,municipal,江東区登録文化財,工芸技術,
municipal_source,江東区,文化財一覧,131083000000.0,https://www.opendata.metro.tokyo.lg.jp/koto/131083_002_cultural_property.csv,13Tokyo/raw/municipal/13108/data.csv,木工(彫刻),,,,渡邉美憲,,江東区,13108,江東区登録文化財,美術工芸品,municipal,2009/3/27,35.681528,139.812616,movable,representative_point,municipal,江東区登録文化財,工芸技術,
municipal_source,江東区,文化財一覧,131083000000.0,https://www.opendata.metro.tokyo.lg.jp/koto/131083_002_cultural_property.csv,13Tokyo/raw/municipal/13108/data.csv,木工(襖榾・襖椽),,,,鈴木延坦,,江東区,13108,江東区登録文化財,美術工芸品,municipal,1997/3/28,35.681528,139.812616,movable,representative_point,municipal,江東区登録文化財,工芸技術,
municipal_source,江東区,文化財一覧,131083000000.0,https://www.opendata.metro.tokyo.lg.jp/koto/131083_002_cultural_property.csv,13Tokyo/raw/municipal/13108/data.csv,漆芸,,,,前田 仁,,江東区,13108,江東区指定文化財,美術工芸品,municipal,2011/3/28,35.681528,139.812616,movable,representative_point,municipal,江東区指定文化財,工芸技術,
municipal_source,江東区,文化財一覧,131083000000.0,https://www.opendata.metro.tokyo.lg.jp/koto/131083_002_cultural_property.csv,13Tokyo/raw/municipal/13108/data.csv,ガラス工(江戸切子),,,,小林淑郎,,江東区,13108,江東区登録文化財,美術工芸品,municipal,2009/3/27,35.686727,139.814947,movable,representative_point,municipal,江東区登録文化財,工芸技術,
municipal_source,江東区,文化財一覧,131083000000.0,https://www.opendata.metro.tokyo.lg.jp/koto/131083_002_cultural_property.csv,13Tokyo/raw/municipal/13108/data.csv,表具,,,,岩崎 晃,,江東区,13108,江東区登録文化財,美術工芸品,municipal,2009/3/27,35.670555,139.807828,movable,representative_point,municipal,江東区登録文化財,工芸技術,
municipal_source,江東区,文化財一覧,131083000000.0,https://www.opendata.metro.tokyo.lg.jp/koto/131083_002_cultural_property.csv,13Tokyo/raw/municipal/13108/data.csv,木工(指物),,,,山田一彦(号嘉丙),,江東区,13108,江東区指定文化財,美術工芸品,municipal,2012/4/6,35.667862,139.810392,movable,representative_point,municipal,江東区指定文化財,工芸技術,
municipal_source,江東区,文化財一覧,131083000000.0,https://www.opendata.metro.tokyo.lg.jp/koto/131083_002_cultural_property.csv,13Tokyo/raw/municipal/13108/data.csv,金工(鳶口),,,,中川修二,,江東区,13108,江東区登録文化財,美術工芸品,municipal,1985/3/25,35.675149,139.818483,movable,representative_point,municipal,江東区登録文化財,工芸技術,
municipal_source,江東区,文化財一覧,131083000000.0,https://www.opendata.metro.tokyo.lg.jp/koto/131083_002_cultural_property.csv,13Tokyo/raw/municipal/13108/data.csv,亀戸天神鷽製作,,亀戸天神社,,亀戸天神社,,江東区,13108,江東区登録文化財,美術工芸品,municipal,1987/3/26,35.702666,139.820838,movable,representative_point,municipal,江東区登録文化財,工芸技術,
municipal_source,江東区,文化財一覧,131083000000.0,https://www.opendata.metro.tokyo.lg.jp/koto/131083_002_cultural_property.csv,13Tokyo/raw/municipal/13108/data.csv,べっ甲細工,,,,磯貝 實,,江東区,13108,江東区登録文化財,美術工芸品,municipal,2002/3/29,35.704148,139.824476,movable,representative_point,municipal,江東区登録文化財,工芸技術,
municipal_source,江東区,文化財一覧,131083000000.0,https://www.opendata.metro.tokyo.lg.jp/koto/131083_002_cultural_property.csv,13Tokyo/raw/municipal/13108/data.csv,庖丁製作,,,,吉澤 操,,江東区,13108,江東区登録文化財,美術工芸品,municipal,1989/3/24,35.698433,139.837285,movable,representative_point,municipal,江東区登録文化財,工芸技術,
municipal_source,江東区,文化財一覧,131083000000.0,https://www.opendata.metro.tokyo.lg.jp/koto/131083_002_cultural_property.csv,13Tokyo/raw/municipal/13108/data.csv,染織(更紗染),,,,佐野利夫,,江東区,13108,江東区指定文化財,美術工芸品,municipal,2012/4/6,35.690537,139.83719,movable,representative_point,municipal,江東区指定文化財,工芸技術,
municipal_source,江東区,文化財一覧,131083000000.0,https://www.opendata.metro.tokyo.lg.jp/koto/131083_002_cultural_property.csv,13Tokyo/raw/municipal/13108/data.csv,染織(更紗染),,,,佐野勇二,,江東区,13108,江東区指定文化財,美術工芸品,municipal,2012/4/6,35.690537,139.83719,movable,representative_point,municipal,江東区指定文化財,工芸技術,
municipal_source,江東区,文化財一覧,131083000000.0,https://www.opendata.metro.tokyo.lg.jp/koto/131083_002_cultural_property.csv,13Tokyo/raw/municipal/13108/data.csv,人形頭製作,,,,小島孝司,,江東区,13108,江東区登録文化財,美術工芸品,municipal,1995/3/28,35.680725,139.833803,movable,representative_point,municipal,江東区登録文化財,工芸技術,
municipal_source,江東区,文化財一覧,131083000000.0,https://www.opendata.metro.tokyo.lg.jp/koto/131083_002_cultural_property.csv,13Tokyo/raw/municipal/13108/data.csv,木工(襖椽),,,,野口進一郎,,江東区,13108,江東区登録文化財,美術工芸品,municipal,1992/3/27,35.67671,139.838641,movable,representative_point,municipal,江東区登録文化財,工芸技術,
municipal_source,江東区,文化財一覧,131083000000.0,https://www.opendata.metro.tokyo.lg.jp/koto/131083_002_cultural_property.csv,13Tokyo/raw/municipal/13108/data.csv,カンナ製作,,,,花村義正,,江東区,13108,江東区登録文化財,美術工芸品,municipal,1986/3/26,35.670323,139.840432,movable,representative_point,municipal,江東区登録文化財,工芸技術,
municipal_source,江東区,文化財一覧,131083000000.0,https://www.opendata.metro.tokyo.lg.jp/koto/131083_002_cultural_property.csv,13Tokyo/raw/municipal/13108/data.csv,あめ細工,,,,青木 喜,,江東区,13108,江東区指定文化財,生活技術,municipal,2018/4/1,35.683403,139.842216,point,representative_point,municipal,江東区指定文化財,生活技術,
municipal_source,江東区,文化財一覧,131083000000.0,https://www.opendata.metro.tokyo.lg.jp/koto/131083_002_cultural_property.csv,13Tokyo/raw/municipal/13108/data.csv,阿弥陀供養塔 延宝7年在銘,,清澄庭園,,清澄庭園,,江東区,13108,江東区登録文化財,美術工芸品,municipal,1983/3/25,35.680699,139.797736,movable,representative_point,municipal,江東区登録文化財,美術工芸,
municipal_source,江東区,文化財一覧,131083000000.0,https://www.opendata.metro.tokyo.lg.jp/koto/131083_002_cultural_property.csv,13Tokyo/raw/municipal/13108/data.csv,庚申塔 文化12年在銘,,清澄庭園,,清澄庭園,,江東区,13108,江東区登録文化財,美術工芸品,municipal,1983/3/25,35.680699,139.797736,movable,representative_point,municipal,江東区登録文化財,美術工芸,
municipal_source,江東区,文化財一覧,131083000000.0,https://www.opendata.metro.tokyo.lg.jp/koto/131083_002_cultural_property.csv,13Tokyo/raw/municipal/13108/data.csv,庚申塔 寛文10年在銘,,清澄庭園,,清澄庭園,,江東区,13108,江東区登録文化財,美術工芸品,municipal,1983/3/25,35.680699,139.797736,movable,representative_point,municipal,江東区登録文化財,美術工芸,
municipal_source,江東区,文化財一覧,131083000000.0,https://www.opendata.metro.tokyo.lg.jp/koto/131083_002_cultural_property.csv,13Tokyo/raw/municipal/13108/data.csv,馬頭観音供養塔 安永3年在銘,,清澄庭園,,清澄庭園,,江東区,13108,江東区登録文化財,美術工芸品,municipal,1983/3/25,35.680699,139.797736,movable,representative_point,municipal,江東区登録文化財,美術工芸,
municipal_source,江東区,文化財一覧,131083000000.0,https://www.opendata.metro.tokyo.lg.jp/koto/131083_002_cultural_property.csv,13Tokyo/raw/municipal/13108/data.csv,水盤 昭和11年在銘,,八名川稲荷神社,,八名川稲荷神社,,江東区,13108,江東区登録文化財,美術工芸品,municipal,2000/3/27,35.686457,139.795331,movable,representative_point,municipal,江東区登録文化財,美術工芸,
municipal_source,江東区,文化財一覧,131083000000.0,https://www.opendata.metro.tokyo.lg.jp/koto/131083_002_cultural_property.csv,13Tokyo/raw/municipal/13108/data.csv,庚申塔群,,深川神明宮,,深川神明宮,,江東区,13108,江東区登録文化財,美術工芸品,municipal,1982/3/15,35.686682,139.797309,movable,representative_point,municipal,江東区登録文化財,美術工芸,
municipal_source,江東区,文化財一覧,131083000000.0,https://www.opendata.metro.tokyo.lg.jp/koto/131083_002_cultural_property.csv,13Tokyo/raw/municipal/13108/data.csv,力石,,深川神明宮,,深川神明宮,,江東区,13108,江東区登録文化財,美術工芸品,municipal,1989/3/24,35.686682,139.797309,movable,representative_point,municipal,江東区登録文化財,美術工芸,
municipal_source,江東区,文化財一覧,131083000000.0,https://www.opendata.metro.tokyo.lg.jp/koto/131083_002_cultural_property.csv,13Tokyo/raw/municipal/13108/data.csv,大黒天像,,円珠院,,円珠院,,江東区,13108,江東区登録文化財,美術工芸品,municipal,1990/3/28,35.678578,139.800937,movable,representative_point,municipal,江東区登録文化財,美術工芸,
municipal_source,江東区,文化財一覧,131083000000.0,https://www.opendata.metro.tokyo.lg.jp/koto/131083_002_cultural_property.csv,13Tokyo/raw/municipal/13108/data.csv,上行菩薩立像,,宣明院,,宣明院,,江東区,13108,江東区登録文化財,美術工芸品,municipal,1984/3/26,35.678011,139.801177,movable,representative_point,municipal,江東区登録文化財,美術工芸,
municipal_source,江東区,文化財一覧,131083000000.0,https://www.opendata.metro.tokyo.lg.jp/koto/131083_002_cultural_property.csv,13Tokyo/raw/municipal/13108/data.csv,水盤 弘化2年在銘,,宣明院,,宣明院,,江東区,13108,江東区登録文化財,美術工芸品,municipal,1988/3/24,35.678011,139.801177,movable,representative_point,municipal,江東区登録文化財,美術工芸,
municipal_source,江東区,文化財一覧,131083000000.0,https://www.opendata.metro.tokyo.lg.jp/koto/131083_002_cultural_property.csv,13Tokyo/raw/municipal/13108/data.csv,菩薩供養塔 貞享3年在銘,,一乗院(墓地),,一乗院(墓地),,江東区,13108,江東区登録文化財,美術工芸品,municipal,1988/3/24,35.678503,139.801871,movable,representative_point,municipal,江東区登録文化財,美術工芸,
municipal_source,江東区,文化財一覧,131083000000.0,https://www.opendata.metro.tokyo.lg.jp/koto/131083_002_cultural_property.csv,13Tokyo/raw/municipal/13108/data.csv,法華経供養塔,,一乗院(墓地),,一乗院(墓地),,江東区,13108,江東区登録文化財,美術工芸品,municipal,1988/3/24,35.678503,139.801871,movable,representative_point,municipal,江東区登録文化財,美術工芸,
municipal_source,江東区,文化財一覧,131083000000.0,https://www.opendata.metro.tokyo.lg.jp/koto/131083_002_cultural_property.csv,13Tokyo/raw/municipal/13108/data.csv,水盤,,浄心寺,,浄心寺,,江東区,13108,江東区登録文化財,美術工芸品,municipal,1984/3/26,35.678433,139.801951,movable,representative_point,municipal,江東区登録文化財,美術工芸,
municipal_source,江東区,文化財一覧,131083000000.0,https://www.opendata.metro.tokyo.lg.jp/koto/131083_002_cultural_property.csv,13Tokyo/raw/municipal/13108/data.csv,法華経供養塔,,浄心寺,,浄心寺,,江東区,13108,江東区登録文化財,美術工芸品,municipal,1984/3/26,35.678433,139.801951,movable,representative_point,municipal,江東区登録文化財,美術工芸,
municipal_source,江東区,文化財一覧,131083000000.0,https://www.opendata.metro.tokyo.lg.jp/koto/131083_002_cultural_property.csv,13Tokyo/raw/municipal/13108/data.csv,法華経供養塔 日本橋講中奉納,,浄心寺,,浄心寺,,江東区,13108,江東区登録文化財,美術工芸品,municipal,1984/3/26,35.678433,139.801951,movable,representative_point,municipal,江東区登録文化財,美術工芸,
municipal_source,江東区,文化財一覧,131083000000.0,https://www.opendata.metro.tokyo.lg.jp/koto/131083_002_cultural_property.csv,13Tokyo/raw/municipal/13108/data.csv,法華経供養塔 西川佐助他奉納,,浄心寺,,浄心寺,,江東区,13108,江東区登録文化財,美術工芸品,municipal,1984/3/26,35.678433,139.801951,movable,representative_point,municipal,江東区登録文化財,美術工芸,
municipal_source,江東区,文化財一覧,131083000000.0,https://www.opendata.metro.tokyo.lg.jp/koto/131083_002_cultural_property.csv,13Tokyo/raw/municipal/13108/data.csv,法華経供養塔 天保2年在銘,,浄心寺,,浄心寺,,江東区,13108,江東区登録文化財,美術工芸品,municipal,1987/3/26,35.678433,139.801951,movable,representative_point,municipal,江東区登録文化財,美術工芸,
municipal_source,江東区,文化財一覧,131083000000.0,https://www.opendata.metro.tokyo.lg.jp/koto/131083_002_cultural_property.csv,13Tokyo/raw/municipal/13108/data.csv,法華経供養塔 明治14年在銘,,浄心寺,,浄心寺,,江東区,13108,江東区登録文化財,美術工芸品,municipal,1990/3/28,35.678433,139.801951,movable,representative_point,municipal,江東区登録文化財,美術工芸,
municipal_source,江東区,文化財一覧,131083000000.0,https://www.opendata.metro.tokyo.lg.jp/koto/131083_002_cultural_property.csv,13Tokyo/raw/municipal/13108/data.csv,幟旗台 明治32年在銘 一対,,浄心寺,,浄心寺,,江東区,13108,江東区登録文化財,美術工芸品,municipal,1994/3/23,35.678433,139.801951,movable,representative_point,municipal,江東区登録文化財,美術工芸,
municipal_source,江東区,文化財一覧,131083000000.0,https://www.opendata.metro.tokyo.lg.jp/koto/131083_002_cultural_property.csv,13Tokyo/raw/municipal/13108/data.csv,百度石 昭和8年在銘,,浄心寺,,浄心寺,,江東区,13108,江東区登録文化財,美術工芸品,municipal,1999/3/26,35.678433,139.801951,movable,representative_point,municipal,江東区登録文化財,美術工芸,
municipal_source,江東区,文化財一覧,131083000000.0,https://www.opendata.metro.tokyo.lg.jp/koto/131083_002_cultural_property.csv,13Tokyo/raw/municipal/13108/data.csv,力石,,長専院,,長専院,,江東区,13108,江東区登録文化財,美術工芸品,municipal,1984/3/26,35.680705,139.800321,movable,representative_point,municipal,江東区登録文化財,美術工芸,
municipal_source,江東区,文化財一覧,131083000000.0,https://www.opendata.metro.tokyo.lg.jp/koto/131083_002_cultural_property.csv,13Tokyo/raw/municipal/13108/data.csv,水盤,,長専院,,長専院,,江東区,13108,江東区登録文化財,美術工芸品,municipal,1984/3/26,35.680705,139.800321,movable,representative_point,municipal,江東区登録文化財,美術工芸,
municipal_source,江東区,文化財一覧,131083000000.0,https://www.opendata.metro.tokyo.lg.jp/koto/131083_002_cultural_property.csv,13Tokyo/raw/municipal/13108/data.csv,水盤,,長専院,,長専院,,江東区,13108,江東区登録文化財,美術工芸品,municipal,1984/3/26,35.680705,139.800321,movable,representative_point,municipal,江東区登録文化財,美術工芸,
municipal_source,江東区,文化財一覧,131083000000.0,https://www.opendata.metro.tokyo.lg.jp/koto/131083_002_cultural_property.csv,13Tokyo/raw/municipal/13108/data.csv,水盤 小倉藩宮本源兵衛興根奉納,,正覚院,,正覚院,,江東区,13108,江東区登録文化財,美術工芸品,municipal,1998/3/30,35.680547,139.799813,movable,representative_point,municipal,江東区登録文化財,美術工芸,
municipal_source,江東区,文化財一覧,131083000000.0,https://www.opendata.metro.tokyo.lg.jp/koto/131083_002_cultural_property.csv,13Tokyo/raw/municipal/13108/data.csv,阿弥陀供養塔,,照光院,,照光院,,江東区,13108,江東区登録文化財,美術工芸品,municipal,1988/3/24,35.679958,139.803315,movable,representative_point,municipal,江東区登録文化財,美術工芸,
municipal_source,江東区,文化財一覧,131083000000.0,https://www.opendata.metro.tokyo.lg.jp/koto/131083_002_cultural_property.csv,13Tokyo/raw/municipal/13108/data.csv,地蔵供養塔 寛永20年在銘,,潮江院(墓地),,潮江院(墓地),,江東区,13108,江東区登録文化財,美術工芸品,municipal,1988/3/24,35.68059,139.801505,movable,representative_point,municipal,江東区登録文化財,美術工芸,
municipal_source,江東区,文化財一覧,131083000000.0,https://www.opendata.metro.tokyo.lg.jp/koto/131083_002_cultural_property.csv,13Tokyo/raw/municipal/13108/data.csv,弁財天,,雲光院,,雲光院,,江東区,13108,江東区登録文化財,美術工芸品,municipal,1986/3/26,35.680513,139.803357,movable,representative_point,municipal,江東区登録文化財,美術工芸,
municipal_source,江東区,文化財一覧,131083000000.0,https://www.opendata.metro.tokyo.lg.jp/koto/131083_002_cultural_property.csv,13Tokyo/raw/municipal/13108/data.csv,九品来迎引接石 寛永3年在銘,,雄松院,,雄松院,,江東区,13108,江東区登録文化財,美術工芸品,municipal,1982/3/15,35.681011,139.799252,movable,representative_point,municipal,江東区登録文化財,美術工芸,
municipal_source,江東区,文化財一覧,131083000000.0,https://www.opendata.metro.tokyo.lg.jp/koto/131083_002_cultural_property.csv,13Tokyo/raw/municipal/13108/data.csv,三界万霊塔 高橋旅館組合建立,,霊巖寺,,霊巖寺,,江東区,13108,江東区登録文化財,美術工芸品,municipal,1987/3/26,35.680812,139.799953,movable,representative_point,municipal,江東区登録文化財,美術工芸,
municipal_source,江東区,文化財一覧,131083000000.0,https://www.opendata.metro.tokyo.lg.jp/koto/131083_002_cultural_property.csv,13Tokyo/raw/municipal/13108/data.csv,水盤 享保13年在銘,,霊巖寺,,霊巖寺,,江東区,13108,江東区登録文化財,美術工芸品,municipal,1988/3/24,35.680812,139.799953,movable,representative_point,municipal,江東区登録文化財,美術工芸,
municipal_source,江東区,文化財一覧,131083000000.0,https://www.opendata.metro.tokyo.lg.jp/koto/131083_002_cultural_property.csv,13Tokyo/raw/municipal/13108/data.csv,水盤,,霊巖寺,,霊巖寺,,江東区,13108,江東区登録文化財,美術工芸品,municipal,1988/3/24,35.680812,139.799953,movable,representative_point,municipal,江東区登録文化財,美術工芸,
municipal_source,江東区,文化財一覧,131083000000.0,https://www.opendata.metro.tokyo.lg.jp/koto/131083_002_cultural_property.csv,13Tokyo/raw/municipal/13108/data.csv,水盤,,霊巖寺,,霊巖寺,,江東区,13108,江東区登録文化財,美術工芸品,municipal,1988/3/24,35.680812,139.799953,movable,representative_point,municipal,江東区登録文化財,美術工芸,
municipal_source,江東区,文化財一覧,131083000000.0,https://www.opendata.metro.tokyo.lg.jp/koto/131083_002_cultural_property.csv,13Tokyo/raw/municipal/13108/data.csv,水盤,,霊巖寺,,霊巖寺,,江東区,13108,江東区登録文化財,美術工芸品,municipal,1988/3/24,35.680812,139.799953,movable,representative_point,municipal,江東区登録文化財,美術工芸,
municipal_source,江東区,文化財一覧,131083000000.0,https://www.opendata.metro.tokyo.lg.jp/koto/131083_002_cultural_property.csv,13Tokyo/raw/municipal/13108/data.csv,水盤 安政6年在銘,,霊巖寺,,霊巖寺,,江東区,13108,江東区登録文化財,美術工芸品,municipal,1988/3/24,35.680812,139.799953,movable,representative_point,municipal,江東区登録文化財,美術工芸,
municipal_source,江東区,文化財一覧,131083000000.0,https://www.opendata.metro.tokyo.lg.jp/koto/131083_002_cultural_property.csv,13Tokyo/raw/municipal/13108/data.csv,水盤,,霊巖寺,,霊巖寺,,江東区,13108,江東区登録文化財,美術工芸品,municipal,1988/3/24,35.680812,139.799953,movable,representative_point,municipal,江東区登録文化財,美術工芸,
municipal_source,江東区,文化財一覧,131083000000.0,https://www.opendata.metro.tokyo.lg.jp/koto/131083_002_cultural_property.csv,13Tokyo/raw/municipal/13108/data.csv,三界万霊塔 小梅業平町宿屋組合建立,,霊巖寺,,霊巖寺,,江東区,13108,江東区登録文化財,美術工芸品,municipal,1990/3/28,35.680812,139.799953,movable,representative_point,municipal,江東区登録文化財,美術工芸,
municipal_source,江東区,文化財一覧,131083000000.0,https://www.opendata.metro.tokyo.lg.jp/koto/131083_002_cultural_property.csv,13Tokyo/raw/municipal/13108/data.csv,帝釈天像,,,,個人蔵,,江東区,13108,江東区登録文化財,美術工芸品,municipal,1985/3/25,35.685416,139.799503,movable,representative_point,municipal,江東区登録文化財,美術工芸,
municipal_source,江東区,文化財一覧,131083000000.0,https://www.opendata.metro.tokyo.lg.jp/koto/131083_002_cultural_property.csv,13Tokyo/raw/municipal/13108/data.csv,天水桶 明治19年在銘 一対,,佐賀稲荷神社,,佐賀稲荷神社,,江東区,13108,江東区登録文化財,美術工芸品,municipal,1987/3/26,35.678881,139.791135,movable,representative_point,municipal,江東区登録文化財,美術工芸,
municipal_source,江東区,文化財一覧,131083000000.0,https://www.opendata.metro.tokyo.lg.jp/koto/131083_002_cultural_property.csv,13Tokyo/raw/municipal/13108/data.csv,力石 6個,,佐賀稲荷神社,,佐賀稲荷神社,,江東区,13108,江東区登録文化財,美術工芸品,municipal,1987/3/26,35.678881,139.791135,movable,representative_point,municipal,江東区登録文化財,美術工芸,
municipal_source,江東区,文化財一覧,131083000000.0,https://www.opendata.metro.tokyo.lg.jp/koto/131083_002_cultural_property.csv,13Tokyo/raw/municipal/13108/data.csv,観音供養塔 寛文9年在銘,,正源寺,,正源寺,,江東区,13108,江東区登録文化財,美術工芸品,municipal,1988/3/24,35.674289,139.789584,movable,representative_point,municipal,江東区登録文化財,美術工芸,
municipal_source,江東区,文化財一覧,131083000000.0,https://www.opendata.metro.tokyo.lg.jp/koto/131083_002_cultural_property.csv,13Tokyo/raw/municipal/13108/data.csv,力石 10個,,紀文稲荷神社,,紀文稲荷神社,,江東区,13108,江東区登録文化財,美術工芸品,municipal,1988/3/24,35.675916,139.791438,movable,representative_point,municipal,江東区登録文化財,美術工芸,
municipal_source,江東区,文化財一覧,131083000000.0,https://www.opendata.metro.tokyo.lg.jp/koto/131083_002_cultural_property.csv,13Tokyo/raw/municipal/13108/data.csv,力石 10個,,福住稲荷神社,,福住稲荷神社,,江東区,13108,江東区登録文化財,美術工芸品,municipal,2012/4/6,35.674928,139.792401,movable,representative_point,municipal,江東区登録文化財,美術工芸,
municipal_source,江東区,文化財一覧,131083000000.0,https://www.opendata.metro.tokyo.lg.jp/koto/131083_002_cultural_property.csv,13Tokyo/raw/municipal/13108/data.csv,水盤 文久3年在銘,,小浜稲荷神社,,小浜稲荷神社,,江東区,13108,江東区登録文化財,美術工芸品,municipal,1990/3/28,35.675826,139.792954,movable,representative_point,municipal,江東区登録文化財,美術工芸,
municipal_source,江東区,文化財一覧,131083000000.0,https://www.opendata.metro.tokyo.lg.jp/koto/131083_002_cultural_property.csv,13Tokyo/raw/municipal/13108/data.csv,薬師供養塔,,玄信寺,,玄信寺,,江東区,13108,江東区登録文化財,美術工芸品,municipal,1988/3/24,35.675496,139.797474,movable,representative_point,municipal,江東区登録文化財,美術工芸,
municipal_source,江東区,文化財一覧,131083000000.0,https://www.opendata.metro.tokyo.lg.jp/koto/131083_002_cultural_property.csv,13Tokyo/raw/municipal/13108/data.csv,水盤 文政5年在銘,,陽岳寺,,陽岳寺,,江東区,13108,江東区登録文化財,美術工芸品,municipal,1983/3/25,35.675272,139.796474,movable,representative_point,municipal,江東区登録文化財,美術工芸,
municipal_source,江東区,文化財一覧,131083000000.0,https://www.opendata.metro.tokyo.lg.jp/koto/131083_002_cultural_property.csv,13Tokyo/raw/municipal/13108/data.csv,篤行神牌 宝永5年在銘,,陽岳寺,,陽岳寺,,江東区,13108,江東区登録文化財,美術工芸品,municipal,1987/3/26,35.675272,139.796474,movable,representative_point,municipal,江東区登録文化財,美術工芸,
municipal_source,江東区,文化財一覧,131083000000.0,https://www.opendata.metro.tokyo.lg.jp/koto/131083_002_cultural_property.csv,13Tokyo/raw/municipal/13108/data.csv,馬頭観世音供養塔,,明治小学校,,明治小学校,,江東区,13108,江東区登録文化財,美術工芸品,municipal,1986/3/26,35.676436,139.797302,movable,representative_point,municipal,江東区登録文化財,美術工芸,
municipal_source,江東区,文化財一覧,131083000000.0,https://www.opendata.metro.tokyo.lg.jp/koto/131083_002_cultural_property.csv,13Tokyo/raw/municipal/13108/data.csv,法華経千部念仏百万遍供養塔,,増林寺,,増林寺,,江東区,13108,江東区登録文化財,美術工芸品,municipal,1987/3/26,35.677014,139.797507,movable,representative_point,municipal,江東区登録文化財,美術工芸,
municipal_source,江東区,文化財一覧,131083000000.0,https://www.opendata.metro.tokyo.lg.jp/koto/131083_002_cultural_property.csv,13Tokyo/raw/municipal/13108/data.csv,六字名号供養塔 天保12年在銘,,正覚寺,,正覚寺,,江東区,13108,江東区登録文化財,美術工芸品,municipal,1988/3/24,35.677186,139.798643,movable,representative_point,municipal,江東区登録文化財,美術工芸,
municipal_source,江東区,文化財一覧,131083000000.0,https://www.opendata.metro.tokyo.lg.jp/koto/131083_002_cultural_property.csv,13Tokyo/raw/municipal/13108/data.csv,地蔵菩薩像 宝永3年在銘,,慧然寺,,慧然寺,,江東区,13108,江東区登録文化財,美術工芸品,municipal,1989/3/24,35.676873,139.799094,movable,representative_point,municipal,江東区登録文化財,美術工芸,
municipal_source,江東区,文化財一覧,131083000000.0,https://www.opendata.metro.tokyo.lg.jp/koto/131083_002_cultural_property.csv,13Tokyo/raw/municipal/13108/data.csv,水盤 福地弥兵衛奉納,,冬木弁天堂,,冬木弁天堂,,江東区,13108,江東区登録文化財,美術工芸品,municipal,1997/3/28,35.675396,139.800119,movable,representative_point,municipal,江東区登録文化財,美術工芸,
municipal_source,江東区,文化財一覧,131083000000.0,https://www.opendata.metro.tokyo.lg.jp/koto/131083_002_cultural_property.csv,13Tokyo/raw/municipal/13108/data.csv,水盤 亀久稲荷神社旧蔵,,冬木弁天堂,,冬木弁天堂,,江東区,13108,江東区登録文化財,美術工芸品,municipal,2018/4/1,35.675396,139.800119,movable,representative_point,municipal,江東区登録文化財,美術工芸,
municipal_source,江東区,文化財一覧,131083000000.0,https://www.opendata.metro.tokyo.lg.jp/koto/131083_002_cultural_property.csv,13Tokyo/raw/municipal/13108/data.csv,外置香炉 安政5年在銘,,永代寺,,永代寺,,江東区,13108,江東区登録文化財,美術工芸品,municipal,1987/3/26,35.672013,139.798061,movable,representative_point,municipal,江東区登録文化財,美術工芸,
municipal_source,江東区,文化財一覧,131083000000.0,https://www.opendata.metro.tokyo.lg.jp/koto/131083_002_cultural_property.csv,13Tokyo/raw/municipal/13108/data.csv,豊来講碑 大正10年在銘,,深川不動堂,,深川不動堂,,江東区,13108,江東区登録文化財,美術工芸品,municipal,1987/3/26,35.672853,139.798368,movable,representative_point,municipal,江東区登録文化財,美術工芸,
municipal_source,江東区,文化財一覧,131083000000.0,https://www.opendata.metro.tokyo.lg.jp/koto/131083_002_cultural_property.csv,13Tokyo/raw/municipal/13108/data.csv,内陣十六講碑 明治18年在銘,,深川不動堂,,深川不動堂,,江東区,13108,江東区登録文化財,美術工芸品,municipal,1987/3/26,35.672853,139.798368,movable,representative_point,municipal,江東区登録文化財,美術工芸,
municipal_source,江東区,文化財一覧,131083000000.0,https://www.opendata.metro.tokyo.lg.jp/koto/131083_002_cultural_property.csv,13Tokyo/raw/municipal/13108/data.csv,百度敷石奉納碑 明治30年在銘,,深川不動堂,,深川不動堂,,江東区,13108,江東区登録文化財,美術工芸品,municipal,1988/3/24,35.672853,139.798368,movable,representative_point,municipal,江東区登録文化財,美術工芸,
municipal_source,江東区,文化財一覧,131083000000.0,https://www.opendata.metro.tokyo.lg.jp/koto/131083_002_cultural_property.csv,13Tokyo/raw/municipal/13108/data.csv,力石 加藤吉太郎・川手金次郎在銘,,深川不動堂,,深川不動堂,,江東区,13108,江東区登録文化財,美術工芸品,municipal,2000/3/27,35.672853,139.798368,movable,representative_point,municipal,江東区登録文化財,美術工芸,
municipal_source,江東区,文化財一覧,131083000000.0,https://www.opendata.metro.tokyo.lg.jp/koto/131083_002_cultural_property.csv,13Tokyo/raw/municipal/13108/data.csv,百度石 大正14年在銘,,深川不動堂,,深川不動堂,,江東区,13108,江東区登録文化財,美術工芸品,municipal,2001/3/29,35.672853,139.798368,movable,representative_point,municipal,江東区登録文化財,美術工芸,
municipal_source,江東区,文化財一覧,131083000000.0,https://www.opendata.metro.tokyo.lg.jp/koto/131083_002_cultural_property.csv,13Tokyo/raw/municipal/13108/data.csv,力石 中村弥兵衛在銘,,富岡八幡宮,,富岡八幡宮,,江東区,13108,江東区登録文化財,美術工芸品,municipal,1981/3/31,35.671958,139.799609,movable,representative_point,municipal,江東区登録文化財,美術工芸,
municipal_source,江東区,文化財一覧,131083000000.0,https://www.opendata.metro.tokyo.lg.jp/koto/131083_002_cultural_property.csv,13Tokyo/raw/municipal/13108/data.csv,庚申塔,,富岡八幡宮,,富岡八幡宮,,江東区,13108,江東区登録文化財,美術工芸品,municipal,1983/3/25,35.671958,139.799609,movable,representative_point,municipal,江東区登録文化財,美術工芸,
municipal_source,江東区,文化財一覧,131083000000.0,https://www.opendata.metro.tokyo.lg.jp/koto/131083_002_cultural_property.csv,13Tokyo/raw/municipal/13108/data.csv,水盤 仲町丸平内二階中奉納,,富岡八幡宮,,富岡八幡宮,,江東区,13108,江東区登録文化財,美術工芸品,municipal,1983/3/25,35.671958,139.799609,movable,representative_point,municipal,江東区登録文化財,美術工芸,
municipal_source,江東区,文化財一覧,131083000000.0,https://www.opendata.metro.tokyo.lg.jp/koto/131083_002_cultural_property.csv,13Tokyo/raw/municipal/13108/data.csv,水盤 久住仕入網中奉納,,富岡八幡宮,,富岡八幡宮,,江東区,13108,江東区登録文化財,美術工芸品,municipal,1984/3/26,35.671958,139.799609,movable,representative_point,municipal,江東区登録文化財,美術工芸,
municipal_source,江東区,文化財一覧,131083000000.0,https://www.opendata.metro.tokyo.lg.jp/koto/131083_002_cultural_property.csv,13Tokyo/raw/municipal/13108/data.csv,富士講同行碑 明治元年在銘,,富岡八幡宮,,富岡八幡宮,,江東区,13108,江東区登録文化財,美術工芸品,municipal,1987/3/26,35.671958,139.799609,movable,representative_point,municipal,江東区登録文化財,美術工芸,
municipal_source,江東区,文化財一覧,131083000000.0,https://www.opendata.metro.tokyo.lg.jp/koto/131083_002_cultural_property.csv,13Tokyo/raw/municipal/13108/data.csv,富士塚奉納海上安全祈願碑 仙台廻船中奉納,,富岡八幡宮,,富岡八幡宮,,江東区,13108,江東区登録文化財,美術工芸品,municipal,1989/3/24,35.671958,139.799609,movable,representative_point,municipal,江東区登録文化財,美術工芸,
municipal_source,江東区,文化財一覧,131083000000.0,https://www.opendata.metro.tokyo.lg.jp/koto/131083_002_cultural_property.csv,13Tokyo/raw/municipal/13108/data.csv,力石 2個,,富岡八幡宮,,富岡八幡宮,,江東区,13108,江東区登録文化財,美術工芸品,municipal,1989/3/24,35.671958,139.799609,movable,representative_point,municipal,江東区登録文化財,美術工芸,
municipal_source,江東区,文化財一覧,131083000000.0,https://www.opendata.metro.tokyo.lg.jp/koto/131083_002_cultural_property.csv,13Tokyo/raw/municipal/13108/data.csv,水盤 深川八幡社中奉納,,富岡八幡宮,,富岡八幡宮,,江東区,13108,江東区登録文化財,美術工芸品,municipal,1996/3/22,35.671958,139.799609,movable,representative_point,municipal,江東区登録文化財,美術工芸,
municipal_source,江東区,文化財一覧,131083000000.0,https://www.opendata.metro.tokyo.lg.jp/koto/131083_002_cultural_property.csv,13Tokyo/raw/municipal/13108/data.csv,百度石 大正12年在銘,,富岡八幡宮,,富岡八幡宮,,江東区,13108,江東区登録文化財,美術工芸品,municipal,1998/3/30,35.671958,139.799609,movable,representative_point,municipal,江東区登録文化財,美術工芸,
municipal_source,江東区,文化財一覧,131083000000.0,https://www.opendata.metro.tokyo.lg.jp/koto/131083_002_cultural_property.csv,13Tokyo/raw/municipal/13108/data.csv,山玉講同行碑 附拓本2枚昭和29年6月17日採拓,,富岡八幡宮,,富岡八幡宮,,江東区,13108,江東区登録文化財,美術工芸品,municipal,2004/12/24,35.671958,139.799609,movable,representative_point,municipal,江東区登録文化財,美術工芸,
municipal_source,江東区,文化財一覧,131083000000.0,https://www.opendata.metro.tokyo.lg.jp/koto/131083_002_cultural_property.csv,13Tokyo/raw/municipal/13108/data.csv,深川山山講登山再建立手伝碑,,富岡八幡宮,,富岡八幡宮,,江東区,13108,江東区登録文化財,美術工芸品,municipal,2004/12/24,35.671958,139.799609,movable,representative_point,municipal,江東区登録文化財,美術工芸,
municipal_source,江東区,文化財一覧,131083000000.0,https://www.opendata.metro.tokyo.lg.jp/koto/131083_002_cultural_property.csv,13Tokyo/raw/municipal/13108/data.csv,天水桶 明治30年在銘 一対,,おさん稲荷神社,,おさん稲荷神社,,江東区,13108,江東区登録文化財,美術工芸品,municipal,1987/3/26,35.670388,139.793953,movable,representative_point,municipal,江東区登録文化財,美術工芸,
municipal_source,江東区,文化財一覧,131083000000.0,https://www.opendata.metro.tokyo.lg.jp/koto/131083_002_cultural_property.csv,13Tokyo/raw/municipal/13108/data.csv,百度石 大正15年在銘,,おさん稲荷神社,,おさん稲荷神社,,江東区,13108,江東区登録文化財,美術工芸品,municipal,2000/3/27,35.670388,139.793953,movable,representative_point,municipal,江東区登録文化財,美術工芸,
municipal_source,江東区,文化財一覧,131083000000.0,https://www.opendata.metro.tokyo.lg.jp/koto/131083_002_cultural_property.csv,13Tokyo/raw/municipal/13108/data.csv,力石 8個,,住吉神社,,住吉神社,,江東区,13108,江東区登録文化財,美術工芸品,municipal,1997/3/28,35.669482,139.797678,movable,representative_point,municipal,江東区登録文化財,美術工芸,
municipal_source,江東区,文化財一覧,131083000000.0,https://www.opendata.metro.tokyo.lg.jp/koto/131083_002_cultural_property.csv,13Tokyo/raw/municipal/13108/data.csv,小名木川地蔵尊,,開運延命子育地蔵堂,,開運延命子育地蔵堂,,江東区,13108,江東区登録文化財,美術工芸品,municipal,1987/3/26,35.683416,139.813982,movable,representative_point,municipal,江東区登録文化財,美術工芸,
municipal_source,江東区,文化財一覧,131083000000.0,https://www.opendata.metro.tokyo.lg.jp/koto/131083_002_cultural_property.csv,13Tokyo/raw/municipal/13108/data.csv,無縁塚供養塔,,重願寺,,重願寺,,江東区,13108,江東区登録文化財,美術工芸品,municipal,1987/3/26,35.686449,139.813519,movable,representative_point,municipal,江東区登録文化財,美術工芸,
municipal_source,江東区,文化財一覧,131083000000.0,https://www.opendata.metro.tokyo.lg.jp/koto/131083_002_cultural_property.csv,13Tokyo/raw/municipal/13108/data.csv,水盤 野村屋五郎兵衛奉納,,藤森稲荷神社,,藤森稲荷神社,,江東区,13108,江東区登録文化財,美術工芸品,municipal,1983/3/25,35.685871,139.814147,movable,representative_point,municipal,江東区登録文化財,美術工芸,
municipal_source,江東区,文化財一覧,131083000000.0,https://www.opendata.metro.tokyo.lg.jp/koto/131083_002_cultural_property.csv,13Tokyo/raw/municipal/13108/data.csv,五百らかん道標,,釜屋堀子育地蔵堂,,釜屋堀子育地蔵堂,,江東区,13108,江東区登録文化財,美術工芸品,municipal,1985/3/25,35.686327,139.820253,movable,representative_point,municipal,江東区登録文化財,美術工芸,
municipal_source,江東区,文化財一覧,131083000000.0,https://www.opendata.metro.tokyo.lg.jp/koto/131083_002_cultural_property.csv,13Tokyo/raw/municipal/13108/data.csv,如意輪観音供養塔 元禄14年在銘,,釜屋堀子育地蔵堂,,釜屋堀子育地蔵堂,,江東区,13108,江東区登録文化財,美術工芸品,municipal,1988/3/24,35.686327,139.820253,movable,representative_point,municipal,江東区登録文化財,美術工芸,
municipal_source,江東区,文化財一覧,131083000000.0,https://www.opendata.metro.tokyo.lg.jp/koto/131083_002_cultural_property.csv,13Tokyo/raw/municipal/13108/data.csv,水盤 両長家中奉納,,釜屋堀子育地蔵堂,,釜屋堀子育地蔵堂,,江東区,13108,江東区登録文化財,美術工芸品,municipal,1997/3/28,35.686327,139.820253,movable,representative_point,municipal,江東区登録文化財,美術工芸,
municipal_source,江東区,文化財一覧,131083000000.0,https://www.opendata.metro.tokyo.lg.jp/koto/131083_002_cultural_property.csv,13Tokyo/raw/municipal/13108/data.csv,水盤 明治29年在銘,,繁栄稲荷神社,,繁栄稲荷神社,,江東区,13108,江東区登録文化財,美術工芸品,municipal,1988/3/24,35.669951,139.804783,movable,representative_point,municipal,江東区登録文化財,美術工芸,
municipal_source,江東区,文化財一覧,131083000000.0,https://www.opendata.metro.tokyo.lg.jp/koto/131083_002_cultural_property.csv,13Tokyo/raw/municipal/13108/data.csv,力石 4個,,洲崎神社,,洲崎神社,,江東区,13108,江東区登録文化財,美術工芸品,municipal,1987/3/26,35.668445,139.807736,movable,representative_point,municipal,江東区登録文化財,美術工芸,
municipal_source,江東区,文化財一覧,131083000000.0,https://www.opendata.metro.tokyo.lg.jp/koto/131083_002_cultural_property.csv,13Tokyo/raw/municipal/13108/data.csv,恵比寿像 文政6年在銘、大黒天像,,江東区,,江東区,,江東区,13108,江東区登録文化財,美術工芸品,municipal,1985/3/25,35.672793,139.817322,movable,representative_point,municipal,江東区登録文化財,美術工芸,
municipal_source,江東区,文化財一覧,131083000000.0,https://www.opendata.metro.tokyo.lg.jp/koto/131083_002_cultural_property.csv,13Tokyo/raw/municipal/13108/data.csv,亀高村弘法大師道標 天保10年在銘,,江東区,,江東区,,江東区,13108,江東区登録文化財,美術工芸品,municipal,1986/3/26,35.672793,139.817322,movable,representative_point,municipal,江東区登録文化財,美術工芸,
municipal_source,江東区,文化財一覧,131083000000.0,https://www.opendata.metro.tokyo.lg.jp/koto/131083_002_cultural_property.csv,13Tokyo/raw/municipal/13108/data.csv,富士講行衣,,江東区,,江東区,,江東区,13108,江東区登録文化財,美術工芸品,municipal,1997/3/28,35.672793,139.817322,movable,representative_point,municipal,江東区登録文化財,美術工芸,
municipal_source,江東区,文化財一覧,131083000000.0,https://www.opendata.metro.tokyo.lg.jp/koto/131083_002_cultural_property.csv,13Tokyo/raw/municipal/13108/data.csv,海苔生産用具及び関連資料,,江東区,,江東区,,江東区,13108,江東区登録文化財,美術工芸品,municipal,2019/4/1,35.672793,139.817322,movable,representative_point,municipal,江東区登録文化財,美術工芸,
municipal_source,江東区,文化財一覧,131083000000.0,https://www.opendata.metro.tokyo.lg.jp/koto/131083_002_cultural_property.csv,13Tokyo/raw/municipal/13108/data.csv,力石(臥竜石) 蜀山人書,,亀戸天神社,,亀戸天神社,,江東区,13108,江東区登録文化財,美術工芸品,municipal,1982/3/15,35.702666,139.820838,movable,representative_point,municipal,江東区登録文化財,美術工芸,
municipal_source,江東区,文化財一覧,131083000000.0,https://www.opendata.metro.tokyo.lg.jp/koto/131083_002_cultural_property.csv,13Tokyo/raw/municipal/13108/data.csv,力石 山谷田中巳之助在銘,,亀戸天神社,,亀戸天神社,,江東区,13108,江東区登録文化財,美術工芸品,municipal,1982/3/15,35.702666,139.820838,movable,representative_point,municipal,江東区登録文化財,美術工芸,
municipal_source,江東区,文化財一覧,131083000000.0,https://www.opendata.metro.tokyo.lg.jp/koto/131083_002_cultural_property.csv,13Tokyo/raw/municipal/13108/data.csv,力石 三井親孝書,,亀戸天神社,,亀戸天神社,,江東区,13108,江東区登録文化財,美術工芸品,municipal,1982/3/15,35.702666,139.820838,movable,representative_point,municipal,江東区登録文化財,美術工芸,
municipal_source,江東区,文化財一覧,131083000000.0,https://www.opendata.metro.tokyo.lg.jp/koto/131083_002_cultural_property.csv,13Tokyo/raw/municipal/13108/data.csv,力石 熊治郎・金七在銘,,亀戸天神社,,亀戸天神社,,江東区,13108,江東区登録文化財,美術工芸品,municipal,1983/5/31,35.702666,139.820838,movable,representative_point,municipal,江東区登録文化財,美術工芸,
municipal_source,江東区,文化財一覧,131083000000.0,https://www.opendata.metro.tokyo.lg.jp/koto/131083_002_cultural_property.csv,13Tokyo/raw/municipal/13108/data.csv,水盤 池田祐春奉納,,亀戸天神社,,亀戸天神社,,江東区,13108,江東区登録文化財,美術工芸品,municipal,1985/3/25,35.702666,139.820838,movable,representative_point,municipal,江東区登録文化財,美術工芸,
municipal_source,江東区,文化財一覧,131083000000.0,https://www.opendata.metro.tokyo.lg.jp/koto/131083_002_cultural_property.csv,13Tokyo/raw/municipal/13108/data.csv,水盤 慶応3年在銘,,亀戸天神社,,亀戸天神社,,江東区,13108,江東区登録文化財,美術工芸品,municipal,1986/3/26,35.702666,139.820838,movable,representative_point,municipal,江東区登録文化財,美術工芸,
municipal_source,江東区,文化財一覧,131083000000.0,https://www.opendata.metro.tokyo.lg.jp/koto/131083_002_cultural_property.csv,13Tokyo/raw/municipal/13108/data.csv,水盤 明治43年在銘,,亀戸天神社,,亀戸天神社,,江東区,13108,江東区登録文化財,美術工芸品,municipal,1990/3/28,35.702666,139.820838,movable,representative_point,municipal,江東区登録文化財,美術工芸,
municipal_source,江東区,文化財一覧,131083000000.0,https://www.opendata.metro.tokyo.lg.jp/koto/131083_002_cultural_property.csv,13Tokyo/raw/municipal/13108/data.csv,力石,,亀戸天神社,,亀戸天神社,,江東区,13108,江東区登録文化財,美術工芸品,municipal,1990/3/28,35.702666,139.820838,movable,representative_point,municipal,江東区登録文化財,美術工芸,
municipal_source,江東区,文化財一覧,131083000000.0,https://www.opendata.metro.tokyo.lg.jp/koto/131083_002_cultural_property.csv,13Tokyo/raw/municipal/13108/data.csv,力石 天神下内田金蔵・八町堀亀島平蔵奉納,,亀戸天神社,,亀戸天神社,,江東区,13108,江東区登録文化財,美術工芸品,municipal,2006/3/27,35.702666,139.820838,movable,representative_point,municipal,江東区登録文化財,美術工芸,
municipal_source,江東区,文化財一覧,131083000000.0,https://www.opendata.metro.tokyo.lg.jp/koto/131083_002_cultural_property.csv,13Tokyo/raw/municipal/13108/data.csv,地蔵菩薩像 寛政11年在銘,,長寿寺,,長寿寺,,江東区,13108,江東区登録文化財,美術工芸品,municipal,1988/3/24,35.703158,139.819634,movable,representative_point,municipal,江東区登録文化財,美術工芸,
municipal_source,江東区,文化財一覧,131083000000.0,https://www.opendata.metro.tokyo.lg.jp/koto/131083_002_cultural_property.csv,13Tokyo/raw/municipal/13108/data.csv,三界万霊塔 明和7年在銘,,長寿寺,,長寿寺,,江東区,13108,江東区登録文化財,美術工芸品,municipal,1988/3/24,35.703158,139.819634,movable,representative_point,municipal,江東区登録文化財,美術工芸,
municipal_source,江東区,文化財一覧,131083000000.0,https://www.opendata.metro.tokyo.lg.jp/koto/131083_002_cultural_property.csv,13Tokyo/raw/municipal/13108/data.csv,庚申塔 万治2年在銘,,龍眼寺,,龍眼寺,,江東区,13108,江東区指定文化財,美術工芸品,municipal,2007/3/26,35.705622,139.819415,movable,representative_point,municipal,江東区指定文化財,美術工芸,
municipal_source,江東区,文化財一覧,131083000000.0,https://www.opendata.metro.tokyo.lg.jp/koto/131083_002_cultural_property.csv,13Tokyo/raw/municipal/13108/data.csv,融通念仏供養像台石 正徳5年在銘,,龍眼寺,,龍眼寺,,江東区,13108,江東区登録文化財,美術工芸品,municipal,1987/3/26,35.705622,139.819415,movable,representative_point,municipal,江東区登録文化財,美術工芸,
municipal_source,江東区,文化財一覧,131083000000.0,https://www.opendata.metro.tokyo.lg.jp/koto/131083_002_cultural_property.csv,13Tokyo/raw/municipal/13108/data.csv,水盤 延享2年在銘,,龍眼寺,,龍眼寺,,江東区,13108,江東区登録文化財,美術工芸品,municipal,1987/3/26,35.705622,139.819415,movable,representative_point,municipal,江東区登録文化財,美術工芸,
municipal_source,江東区,文化財一覧,131083000000.0,https://www.opendata.metro.tokyo.lg.jp/koto/131083_002_cultural_property.csv,13Tokyo/raw/municipal/13108/data.csv,法華経五千部供養塔 享保18年在銘,,龍眼寺,,龍眼寺,,江東区,13108,江東区登録文化財,美術工芸品,municipal,1988/3/24,35.705622,139.819415,movable,representative_point,municipal,江東区登録文化財,美術工芸,
municipal_source,江東区,文化財一覧,131083000000.0,https://www.opendata.metro.tokyo.lg.jp/koto/131083_002_cultural_property.csv,13Tokyo/raw/municipal/13108/data.csv,納経塚 文化3年在銘,,龍眼寺,,龍眼寺,,江東区,13108,江東区登録文化財,美術工芸品,municipal,1988/3/24,35.705622,139.819415,movable,representative_point,municipal,江東区登録文化財,美術工芸,
municipal_source,江東区,文化財一覧,131083000000.0,https://www.opendata.metro.tokyo.lg.jp/koto/131083_002_cultural_property.csv,13Tokyo/raw/municipal/13108/data.csv,力石,,天祖神社,,天祖神社,,江東区,13108,江東区登録文化財,美術工芸品,municipal,2006/10/27,35.706504,139.820913,movable,representative_point,municipal,江東区登録文化財,美術工芸,
municipal_source,江東区,文化財一覧,131083000000.0,https://www.opendata.metro.tokyo.lg.jp/koto/131083_002_cultural_property.csv,13Tokyo/raw/municipal/13108/data.csv,鉄造天水桶 大正11年在銘 一対,,天祖神社,,天祖神社,,江東区,13108,江東区登録文化財,美術工芸品,municipal,2013/4/3,35.706504,139.820913,movable,representative_point,municipal,江東区登録文化財,美術工芸,
municipal_source,江東区,文化財一覧,131083000000.0,https://www.opendata.metro.tokyo.lg.jp/koto/131083_002_cultural_property.csv,13Tokyo/raw/municipal/13108/data.csv,水盤 明治42年在銘,,天祖神社,,天祖神社,,江東区,13108,江東区登録文化財,美術工芸品,municipal,2014/4/4,35.706504,139.820913,movable,representative_point,municipal,江東区登録文化財,美術工芸,
municipal_source,江東区,文化財一覧,131083000000.0,https://www.opendata.metro.tokyo.lg.jp/koto/131083_002_cultural_property.csv,13Tokyo/raw/municipal/13108/data.csv,木下川やくしみち道標 宝暦11年在銘,,江東区,,江東区,,江東区,13108,江東区指定文化財,美術工芸品,municipal,2013/4/3,35.706012,139.823635,movable,representative_point,municipal,江東区指定文化財,美術工芸,
municipal_source,江東区,文化財一覧,131083000000.0,https://www.opendata.metro.tokyo.lg.jp/koto/131083_002_cultural_property.csv,13Tokyo/raw/municipal/13108/data.csv,庚申塔 延宝4年在銘,,光明寺,,光明寺,,江東区,13108,江東区登録文化財,美術工芸品,municipal,1983/5/31,35.704178,139.822582,movable,representative_point,municipal,江東区登録文化財,美術工芸,
municipal_source,江東区,文化財一覧,131083000000.0,https://www.opendata.metro.tokyo.lg.jp/koto/131083_002_cultural_property.csv,13Tokyo/raw/municipal/13108/data.csv,水盤 文化10年在銘,,光明寺,,光明寺,,江東区,13108,江東区登録文化財,美術工芸品,municipal,1985/3/25,35.704178,139.822582,movable,representative_point,municipal,江東区登録文化財,美術工芸,
municipal_source,江東区,文化財一覧,131083000000.0,https://www.opendata.metro.tokyo.lg.jp/koto/131083_002_cultural_property.csv,13Tokyo/raw/municipal/13108/data.csv,庚申塔 寛文8年在銘,,普門院,,普門院,,江東区,13108,江東区登録文化財,美術工芸品,municipal,1983/5/31,35.703512,139.822503,movable,representative_point,municipal,江東区登録文化財,美術工芸,
municipal_source,江東区,文化財一覧,131083000000.0,https://www.opendata.metro.tokyo.lg.jp/koto/131083_002_cultural_property.csv,13Tokyo/raw/municipal/13108/data.csv,地蔵供養塔 寛文3年在銘,,普門院,,普門院,,江東区,13108,江東区登録文化財,美術工芸品,municipal,1983/5/31,35.703512,139.822503,movable,representative_point,municipal,江東区登録文化財,美術工芸,
municipal_source,江東区,文化財一覧,131083000000.0,https://www.opendata.metro.tokyo.lg.jp/koto/131083_002_cultural_property.csv,13Tokyo/raw/municipal/13108/data.csv,地蔵逆修供養塔 寛文3年在銘,,普門院,,普門院,,江東区,13108,江東区登録文化財,美術工芸品,municipal,1983/5/31,35.703512,139.822503,movable,representative_point,municipal,江東区登録文化財,美術工芸,
municipal_source,江東区,文化財一覧,131083000000.0,https://www.opendata.metro.tokyo.lg.jp/koto/131083_002_cultural_property.csv,13Tokyo/raw/municipal/13108/data.csv,弘法大師供養塔 木食観正書,,普門院,,普門院,,江東区,13108,江東区登録文化財,美術工芸品,municipal,1983/5/31,35.703512,139.822503,movable,representative_point,municipal,江東区登録文化財,美術工芸,
municipal_source,江東区,文化財一覧,131083000000.0,https://www.opendata.metro.tokyo.lg.jp/koto/131083_002_cultural_property.csv,13Tokyo/raw/municipal/13108/data.csv,普門院札所碑 日本橋藤木店喜八奉納,,普門院,,普門院,,江東区,13108,江東区登録文化財,美術工芸品,municipal,1984/3/26,35.703512,139.822503,movable,representative_point,municipal,江東区登録文化財,美術工芸,
municipal_source,江東区,文化財一覧,131083000000.0,https://www.opendata.metro.tokyo.lg.jp/koto/131083_002_cultural_property.csv,13Tokyo/raw/municipal/13108/data.csv,水盤 元文4年在銘,,普門院,,普門院,,江東区,13108,江東区登録文化財,美術工芸品,municipal,1988/3/24,35.703512,139.822503,movable,representative_point,municipal,江東区登録文化財,美術工芸,
municipal_source,江東区,文化財一覧,131083000000.0,https://www.opendata.metro.tokyo.lg.jp/koto/131083_002_cultural_property.csv,13Tokyo/raw/municipal/13108/data.csv,厄除弘法大師標柱 明和7年在銘,,竜光寺,,竜光寺,,江東区,13108,江東区登録文化財,美術工芸品,municipal,1983/5/31,35.704851,139.825385,movable,representative_point,municipal,江東区登録文化財,美術工芸,
municipal_source,江東区,文化財一覧,131083000000.0,https://www.opendata.metro.tokyo.lg.jp/koto/131083_002_cultural_property.csv,13Tokyo/raw/municipal/13108/data.csv,宝船(道祖神祭具),,香取神社,,香取神社,,江東区,13108,江東区登録文化財,美術工芸品,municipal,1981/3/31,35.704295,139.825214,movable,representative_point,municipal,江東区登録文化財,美術工芸,
municipal_source,江東区,文化財一覧,131083000000.0,https://www.opendata.metro.tokyo.lg.jp/koto/131083_002_cultural_property.csv,13Tokyo/raw/municipal/13108/data.csv,力石 2個,,香取神社,,香取神社,,江東区,13108,江東区登録文化財,美術工芸品,municipal,1985/3/25,35.704295,139.825214,movable,representative_point,municipal,江東区登録文化財,美術工芸,
municipal_source,江東区,文化財一覧,131083000000.0,https://www.opendata.metro.tokyo.lg.jp/koto/131083_002_cultural_property.csv,13Tokyo/raw/municipal/13108/data.csv,香取神社奉納鏃 2個,,香取神社,,香取神社,,江東区,13108,江東区登録文化財,美術工芸品,municipal,1985/3/25,35.704295,139.825214,movable,representative_point,municipal,江東区登録文化財,美術工芸,
municipal_source,江東区,文化財一覧,131083000000.0,https://www.opendata.metro.tokyo.lg.jp/koto/131083_002_cultural_property.csv,13Tokyo/raw/municipal/13108/data.csv,香取神社奉納刀 7振,,香取神社,,香取神社,,江東区,13108,江東区登録文化財,美術工芸品,municipal,1986/3/26,35.704295,139.825214,movable,representative_point,municipal,江東区登録文化財,美術工芸,
municipal_source,江東区,文化財一覧,131083000000.0,https://www.opendata.metro.tokyo.lg.jp/koto/131083_002_cultural_property.csv,13Tokyo/raw/municipal/13108/data.csv,水盤 天保2年在銘,,香取神社,,香取神社,,江東区,13108,江東区登録文化財,美術工芸品,municipal,2006/3/28,35.704295,139.825214,movable,representative_point,municipal,江東区登録文化財,美術工芸,
municipal_source,江東区,文化財一覧,131083000000.0,https://www.opendata.metro.tokyo.lg.jp/koto/131083_002_cultural_property.csv,13Tokyo/raw/municipal/13108/data.csv,水神社石祠 宝暦12年在銘,,水神社,,水神社,,江東区,13108,江東区登録文化財,美術工芸品,municipal,1983/5/31,35.701104,139.831522,movable,representative_point,municipal,江東区登録文化財,美術工芸,
municipal_source,江東区,文化財一覧,131083000000.0,https://www.opendata.metro.tokyo.lg.jp/koto/131083_002_cultural_property.csv,13Tokyo/raw/municipal/13108/data.csv,地蔵供養塔 念仏講在銘,,浄心寺,,浄心寺,,江東区,13108,江東区登録文化財,美術工芸品,municipal,1984/3/26,35.701266,139.826802,movable,representative_point,municipal,江東区登録文化財,美術工芸,
municipal_source,江東区,文化財一覧,131083000000.0,https://www.opendata.metro.tokyo.lg.jp/koto/131083_002_cultural_property.csv,13Tokyo/raw/municipal/13108/data.csv,不動明王標柱,,東覚寺,,東覚寺,,江東区,13108,江東区登録文化財,美術工芸品,municipal,1982/3/15,35.703227,139.826243,movable,representative_point,municipal,江東区登録文化財,美術工芸,
municipal_source,江東区,文化財一覧,131083000000.0,https://www.opendata.metro.tokyo.lg.jp/koto/131083_002_cultural_property.csv,13Tokyo/raw/municipal/13108/data.csv,覚王寺札所碑,,東覚寺,,東覚寺,,江東区,13108,江東区登録文化財,美術工芸品,municipal,1982/3/15,35.703227,139.826243,movable,representative_point,municipal,江東区登録文化財,美術工芸,
municipal_source,江東区,文化財一覧,131083000000.0,https://www.opendata.metro.tokyo.lg.jp/koto/131083_002_cultural_property.csv,13Tokyo/raw/municipal/13108/data.csv,庚申塔,,東覚寺,,東覚寺,,江東区,13108,江東区登録文化財,美術工芸品,municipal,1983/5/31,35.703227,139.826243,movable,representative_point,municipal,江東区登録文化財,美術工芸,
municipal_source,江東区,文化財一覧,131083000000.0,https://www.opendata.metro.tokyo.lg.jp/koto/131083_002_cultural_property.csv,13Tokyo/raw/municipal/13108/data.csv,観音逆修供養塔,,東覚寺,,東覚寺,,江東区,13108,江東区登録文化財,美術工芸品,municipal,1988/3/24,35.703227,139.826243,movable,representative_point,municipal,江東区登録文化財,美術工芸,
municipal_source,江東区,文化財一覧,131083000000.0,https://www.opendata.metro.tokyo.lg.jp/koto/131083_002_cultural_property.csv,13Tokyo/raw/municipal/13108/data.csv,観音供養塔 寛文9年在銘,,東覚寺,,東覚寺,,江東区,13108,江東区登録文化財,美術工芸品,municipal,1988/3/24,35.703227,139.826243,movable,representative_point,municipal,江東区登録文化財,美術工芸,
municipal_source,江東区,文化財一覧,131083000000.0,https://www.opendata.metro.tokyo.lg.jp/koto/131083_002_cultural_property.csv,13Tokyo/raw/municipal/13108/data.csv,観音供養塔 元禄11年在銘,,宝蓮寺,,宝蓮寺,,江東区,13108,江東区登録文化財,美術工芸品,municipal,1988/3/24,35.702061,139.827409,movable,representative_point,municipal,江東区登録文化財,美術工芸,
municipal_source,江東区,文化財一覧,131083000000.0,https://www.opendata.metro.tokyo.lg.jp/koto/131083_002_cultural_property.csv,13Tokyo/raw/municipal/13108/data.csv,観音供養塔 延宝6年在銘,,宝蓮寺,,宝蓮寺,,江東区,13108,江東区登録文化財,美術工芸品,municipal,1988/3/24,35.702061,139.827409,movable,representative_point,municipal,江東区登録文化財,美術工芸,
municipal_source,江東区,文化財一覧,131083000000.0,https://www.opendata.metro.tokyo.lg.jp/koto/131083_002_cultural_property.csv,13Tokyo/raw/municipal/13108/data.csv,阿弥陀供養塔 延宝9年在銘,,宝蓮寺,,宝蓮寺,,江東区,13108,江東区登録文化財,美術工芸品,municipal,1988/3/24,35.702061,139.827409,movable,representative_point,municipal,江東区登録文化財,美術工芸,
municipal_source,江東区,文化財一覧,131083000000.0,https://www.opendata.metro.tokyo.lg.jp/koto/131083_002_cultural_property.csv,13Tokyo/raw/municipal/13108/data.csv,六阿弥陀道道標 延宝7年在銘,,常光寺,,常光寺,,江東区,13108,江東区指定文化財,美術工芸品,municipal,2002/3/29,35.702669,139.830506,movable,representative_point,municipal,江東区指定文化財,美術工芸,
municipal_source,江東区,文化財一覧,131083000000.0,https://www.opendata.metro.tokyo.lg.jp/koto/131083_002_cultural_property.csv,13Tokyo/raw/municipal/13108/data.csv,六阿弥陀六番目標柱 元文2年在銘,,常光寺,,常光寺,,江東区,13108,江東区登録文化財,美術工芸品,municipal,1982/3/15,35.702669,139.830506,movable,representative_point,municipal,江東区登録文化財,美術工芸,
municipal_source,江東区,文化財一覧,131083000000.0,https://www.opendata.metro.tokyo.lg.jp/koto/131083_002_cultural_property.csv,13Tokyo/raw/municipal/13108/data.csv,庚申塔 天和3年在銘,,常光寺,,常光寺,,江東区,13108,江東区登録文化財,美術工芸品,municipal,1982/3/15,35.702669,139.830506,movable,representative_point,municipal,江東区登録文化財,美術工芸,
municipal_source,江東区,文化財一覧,131083000000.0,https://www.opendata.metro.tokyo.lg.jp/koto/131083_002_cultural_property.csv,13Tokyo/raw/municipal/13108/data.csv,石地蔵尊像 延享3年在銘,,常光寺,,常光寺,,江東区,13108,江東区登録文化財,美術工芸品,municipal,1985/3/25,35.702669,139.830506,movable,representative_point,municipal,江東区登録文化財,美術工芸,
municipal_source,江東区,文化財一覧,131083000000.0,https://www.opendata.metro.tokyo.lg.jp/koto/131083_002_cultural_property.csv,13Tokyo/raw/municipal/13108/data.csv,水盤 延宝8年在銘,,常光寺,,常光寺,,江東区,13108,江東区登録文化財,美術工芸品,municipal,1985/3/25,35.702669,139.830506,movable,representative_point,municipal,江東区登録文化財,美術工芸,
municipal_source,江東区,文化財一覧,131083000000.0,https://www.opendata.metro.tokyo.lg.jp/koto/131083_002_cultural_property.csv,13Tokyo/raw/municipal/13108/data.csv,元天神石祠,,,,個人蔵,,江東区,13108,江東区登録文化財,美術工芸品,municipal,1985/3/25,35.699758,139.826657,movable,representative_point,municipal,江東区登録文化財,美術工芸,
municipal_source,江東区,文化財一覧,131083000000.0,https://www.opendata.metro.tokyo.lg.jp/koto/131083_002_cultural_property.csv,13Tokyo/raw/municipal/13108/data.csv,観音供養塔 宝永6年在銘,,自性院,,自性院,,江東区,13108,江東区登録文化財,美術工芸品,municipal,1988/3/24,35.694477,139.830385,movable,representative_point,municipal,江東区登録文化財,美術工芸,
municipal_source,江東区,文化財一覧,131083000000.0,https://www.opendata.metro.tokyo.lg.jp/koto/131083_002_cultural_property.csv,13Tokyo/raw/municipal/13108/data.csv,水盤 八幡楼奉納,,自性院,,自性院,,江東区,13108,江東区登録文化財,美術工芸品,municipal,1988/3/24,35.694477,139.830385,movable,representative_point,municipal,江東区登録文化財,美術工芸,
municipal_source,江東区,文化財一覧,131083000000.0,https://www.opendata.metro.tokyo.lg.jp/koto/131083_002_cultural_property.csv,13Tokyo/raw/municipal/13108/data.csv,亀戸の富士塚,,区立亀戸浅間公園内,,江東区,,江東区,13108,江東区指定文化財,美術工芸品,municipal,1996/3/22,35.695884,139.844199,movable,representative_point,municipal,江東区指定文化財,美術工芸,
municipal_source,江東区,文化財一覧,131083000000.0,https://www.opendata.metro.tokyo.lg.jp/koto/131083_002_cultural_property.csv,13Tokyo/raw/municipal/13108/data.csv,庚申塔 元禄11年在銘,,浅間神社,,浅間神社,,江東区,13108,江東区登録文化財,美術工芸品,municipal,1982/3/15,35.695771,139.844565,movable,representative_point,municipal,江東区登録文化財,美術工芸,
municipal_source,江東区,文化財一覧,131083000000.0,https://www.opendata.metro.tokyo.lg.jp/koto/131083_002_cultural_property.csv,13Tokyo/raw/municipal/13108/data.csv,法華経供養塔 元禄14年在銘,,浅間神社,,浅間神社,,江東区,13108,江東区登録文化財,美術工芸品,municipal,1982/3/15,35.695771,139.844565,movable,representative_point,municipal,江東区登録文化財,美術工芸,
municipal_source,江東区,文化財一覧,131083000000.0,https://www.opendata.metro.tokyo.lg.jp/koto/131083_002_cultural_property.csv,13Tokyo/raw/municipal/13108/data.csv,観音供養塔 安永8年在銘,,浅間神社,,浅間神社,,江東区,13108,江東区登録文化財,美術工芸品,municipal,1982/3/15,35.695771,139.844565,movable,representative_point,municipal,江東区登録文化財,美術工芸,
municipal_source,江東区,文化財一覧,131083000000.0,https://www.opendata.metro.tokyo.lg.jp/koto/131083_002_cultural_property.csv,13Tokyo/raw/municipal/13108/data.csv,身禄歌碑,,浅間神社,,浅間神社,,江東区,13108,江東区登録文化財,美術工芸品,municipal,1983/3/25,35.695771,139.844565,movable,representative_point,municipal,江東区登録文化財,美術工芸,
municipal_source,江東区,文化財一覧,131083000000.0,https://www.opendata.metro.tokyo.lg.jp/koto/131083_002_cultural_property.csv,13Tokyo/raw/municipal/13108/data.csv,水盤 寛政7年在銘,,浅間神社,,浅間神社,,江東区,13108,江東区登録文化財,美術工芸品,municipal,1983/3/25,35.695771,139.844565,movable,representative_point,municipal,江東区登録文化財,美術工芸,
municipal_source,江東区,文化財一覧,131083000000.0,https://www.opendata.metro.tokyo.lg.jp/koto/131083_002_cultural_property.csv,13Tokyo/raw/municipal/13108/data.csv,如意輪観音供養塔,,浅間神社,,浅間神社,,江東区,13108,江東区登録文化財,美術工芸品,municipal,1983/3/25,35.695771,139.844565,movable,representative_point,municipal,江東区登録文化財,美術工芸,
municipal_source,江東区,文化財一覧,131083000000.0,https://www.opendata.metro.tokyo.lg.jp/koto/131083_002_cultural_property.csv,13Tokyo/raw/municipal/13108/data.csv,地蔵供養塔,,浅間神社,,浅間神社,,江東区,13108,江東区登録文化財,美術工芸品,municipal,1983/3/25,35.695771,139.844565,movable,representative_point,municipal,江東区登録文化財,美術工芸,
municipal_source,江東区,文化財一覧,131083000000.0,https://www.opendata.metro.tokyo.lg.jp/koto/131083_002_cultural_property.csv,13Tokyo/raw/municipal/13108/data.csv,地蔵供養塔 当社庵主一量在銘,,浅間神社,,浅間神社,,江東区,13108,江東区登録文化財,美術工芸品,municipal,1983/3/25,35.695771,139.844565,movable,representative_point,municipal,江東区登録文化財,美術工芸,
municipal_source,江東区,文化財一覧,131083000000.0,https://www.opendata.metro.tokyo.lg.jp/koto/131083_002_cultural_property.csv,13Tokyo/raw/municipal/13108/data.csv,地蔵供養塔 天明2年在銘,,浅間神社,,浅間神社,,江東区,13108,江東区登録文化財,美術工芸品,municipal,1983/3/25,35.695771,139.844565,movable,representative_point,municipal,江東区登録文化財,美術工芸,
municipal_source,江東区,文化財一覧,131083000000.0,https://www.opendata.metro.tokyo.lg.jp/koto/131083_002_cultural_property.csv,13Tokyo/raw/municipal/13108/data.csv,供養塔(破損仏) 伝馬頭観音,,浅間神社,,浅間神社,,江東区,13108,江東区登録文化財,美術工芸品,municipal,1983/3/25,35.695771,139.844565,movable,representative_point,municipal,江東区登録文化財,美術工芸,
municipal_source,江東区,文化財一覧,131083000000.0,https://www.opendata.metro.tokyo.lg.jp/koto/131083_002_cultural_property.csv,13Tokyo/raw/municipal/13108/data.csv,富士せんげん・亀戸天神・六阿みだ・あさくさ道道標 享和元年在銘,,浅間神社,,浅間神社,,江東区,13108,江東区指定文化財,美術工芸品,municipal,2010/3/26,35.695771,139.844565,movable,representative_point,municipal,江東区指定文化財,美術工芸,
municipal_source,江東区,文化財一覧,131083000000.0,https://www.opendata.metro.tokyo.lg.jp/koto/131083_002_cultural_property.csv,13Tokyo/raw/municipal/13108/data.csv,天水桶 明治33年在銘,,浅間神社,,浅間神社,,江東区,13108,江東区登録文化財,美術工芸品,municipal,1988/3/24,35.695771,139.844565,movable,representative_point,municipal,江東区登録文化財,美術工芸,
municipal_source,江東区,文化財一覧,131083000000.0,https://www.opendata.metro.tokyo.lg.jp/koto/131083_002_cultural_property.csv,13Tokyo/raw/municipal/13108/data.csv,富士講お伝え,,浅間神社,,浅間神社,,江東区,13108,江東区登録文化財,美術工芸品,municipal,1997/3/28,35.695771,139.844565,movable,representative_point,municipal,江東区登録文化財,美術工芸,
municipal_source,江東区,文化財一覧,131083000000.0,https://www.opendata.metro.tokyo.lg.jp/koto/131083_002_cultural_property.csv,13Tokyo/raw/municipal/13108/data.csv,稲荷社石祠 寛政2年在銘,,,,個人蔵,,江東区,13108,江東区登録文化財,美術工芸品,municipal,1989/3/24,35.69871,139.840009,movable,representative_point,municipal,江東区登録文化財,美術工芸,
municipal_source,江東区,文化財一覧,131083000000.0,https://www.opendata.metro.tokyo.lg.jp/koto/131083_002_cultural_property.csv,13Tokyo/raw/municipal/13108/data.csv,水盤 文政8年在銘,,愛宕神社,,愛宕神社,,江東区,13108,江東区登録文化財,美術工芸品,municipal,1990/3/28,35.690656,139.823435,movable,representative_point,municipal,江東区登録文化財,美術工芸,
municipal_source,江東区,文化財一覧,131083000000.0,https://www.opendata.metro.tokyo.lg.jp/koto/131083_002_cultural_property.csv,13Tokyo/raw/municipal/13108/data.csv,力石,,愛宕神社,,愛宕神社,,江東区,13108,江東区登録文化財,美術工芸品,municipal,1990/3/28,35.690656,139.823435,movable,representative_point,municipal,江東区登録文化財,美術工芸,
municipal_source,江東区,文化財一覧,131083000000.0,https://www.opendata.metro.tokyo.lg.jp/koto/131083_002_cultural_property.csv,13Tokyo/raw/municipal/13108/data.csv,地蔵供養塔 延享元年在銘,,羅漢寺,,羅漢寺,,江東区,13108,江東区登録文化財,美術工芸品,municipal,1988/3/24,35.689608,139.826664,movable,representative_point,municipal,江東区登録文化財,美術工芸,
municipal_source,江東区,文化財一覧,131083000000.0,https://www.opendata.metro.tokyo.lg.jp/koto/131083_002_cultural_property.csv,13Tokyo/raw/municipal/13108/data.csv,子安稲荷社碑 大正6年在銘,,子安稲荷神社,,子安稲荷神社,,江東区,13108,江東区登録文化財,美術工芸品,municipal,1990/3/28,35.691675,139.828798,movable,representative_point,municipal,江東区登録文化財,美術工芸,
municipal_source,江東区,文化財一覧,131083000000.0,https://www.opendata.metro.tokyo.lg.jp/koto/131083_002_cultural_property.csv,13Tokyo/raw/municipal/13108/data.csv,地蔵供養塔,,愛宕神社,,愛宕神社,,江東区,13108,江東区登録文化財,美術工芸品,municipal,1983/3/25,35.689646,139.831112,movable,representative_point,municipal,江東区登録文化財,美術工芸,
municipal_source,江東区,文化財一覧,131083000000.0,https://www.opendata.metro.tokyo.lg.jp/koto/131083_002_cultural_property.csv,13Tokyo/raw/municipal/13108/data.csv,地蔵供養塔,,愛宕神社,,愛宕神社,,江東区,13108,江東区登録文化財,美術工芸品,municipal,1983/3/25,35.689646,139.831112,movable,representative_point,municipal,江東区登録文化財,美術工芸,
municipal_source,江東区,文化財一覧,131083000000.0,https://www.opendata.metro.tokyo.lg.jp/koto/131083_002_cultural_property.csv,13Tokyo/raw/municipal/13108/data.csv,地蔵供養塔 享保10年在銘,,愛宕神社,,愛宕神社,,江東区,13108,江東区登録文化財,美術工芸品,municipal,1983/3/25,35.689646,139.831112,movable,representative_point,municipal,江東区登録文化財,美術工芸,
municipal_source,江東区,文化財一覧,131083000000.0,https://www.opendata.metro.tokyo.lg.jp/koto/131083_002_cultural_property.csv,13Tokyo/raw/municipal/13108/data.csv,水盤 明和3年在銘,,安井大市稲荷神社,,安井大市稲荷神社,,江東区,13108,江東区登録文化財,美術工芸品,municipal,2002/3/29,35.686609,139.832373,movable,representative_point,municipal,江東区登録文化財,美術工芸,
municipal_source,江東区,文化財一覧,131083000000.0,https://www.opendata.metro.tokyo.lg.jp/koto/131083_002_cultural_property.csv,13Tokyo/raw/municipal/13108/data.csv,水盤 町火消九組奉納,,大島稲荷神社,,大島稲荷神社,,江東区,13108,江東区登録文化財,美術工芸品,municipal,1983/3/25,35.686392,139.836618,movable,representative_point,municipal,江東区登録文化財,美術工芸,
municipal_source,江東区,文化財一覧,131083000000.0,https://www.opendata.metro.tokyo.lg.jp/koto/131083_002_cultural_property.csv,13Tokyo/raw/municipal/13108/data.csv,力石 2個,,大島稲荷神社,,大島稲荷神社,,江東区,13108,江東区登録文化財,美術工芸品,municipal,1988/3/24,35.686392,139.836618,movable,representative_point,municipal,江東区登録文化財,美術工芸,
municipal_source,江東区,文化財一覧,131083000000.0,https://www.opendata.metro.tokyo.lg.jp/koto/131083_002_cultural_property.csv,13Tokyo/raw/municipal/13108/data.csv,庚申塔 天明7年在銘,,東大島神社,,東大島神社,,江東区,13108,江東区登録文化財,美術工芸品,municipal,1988/3/24,35.690871,139.840979,movable,representative_point,municipal,江東区登録文化財,美術工芸,
municipal_source,江東区,文化財一覧,131083000000.0,https://www.opendata.metro.tokyo.lg.jp/koto/131083_002_cultural_property.csv,13Tokyo/raw/municipal/13108/data.csv,六角石塔 文政6年在銘,,東大島神社,,東大島神社,,江東区,13108,江東区登録文化財,美術工芸品,municipal,1988/3/24,35.690871,139.840979,movable,representative_point,municipal,江東区登録文化財,美術工芸,
municipal_source,江東区,文化財一覧,131083000000.0,https://www.opendata.metro.tokyo.lg.jp/koto/131083_002_cultural_property.csv,13Tokyo/raw/municipal/13108/data.csv,豊栄社石祠 文化2年在銘,,東大島神社,,東大島神社,,江東区,13108,江東区登録文化財,美術工芸品,municipal,1988/3/24,35.690871,139.840979,movable,representative_point,municipal,江東区登録文化財,美術工芸,
municipal_source,江東区,文化財一覧,131083000000.0,https://www.opendata.metro.tokyo.lg.jp/koto/131083_002_cultural_property.csv,13Tokyo/raw/municipal/13108/data.csv,力石,,東大島神社,,東大島神社,,江東区,13108,江東区登録文化財,美術工芸品,municipal,1988/3/24,35.690871,139.840979,movable,representative_point,municipal,江東区登録文化財,美術工芸,
municipal_source,江東区,文化財一覧,131083000000.0,https://www.opendata.metro.tokyo.lg.jp/koto/131083_002_cultural_property.csv,13Tokyo/raw/municipal/13108/data.csv,水神宮石祠 宝暦11年在銘,,東大島神社,,東大島神社,,江東区,13108,江東区登録文化財,美術工芸品,municipal,1997/3/28,35.690871,139.840979,movable,representative_point,municipal,江東区登録文化財,美術工芸,
municipal_source,江東区,文化財一覧,131083000000.0,https://www.opendata.metro.tokyo.lg.jp/koto/131083_002_cultural_property.csv,13Tokyo/raw/municipal/13108/data.csv,庚申塔 正徳2年在銘,,子安児童遊園,,子安児童遊園,,江東区,13108,江東区登録文化財,美術工芸品,municipal,1983/3/25,35.687724,139.841299,movable,representative_point,municipal,江東区登録文化財,美術工芸,
municipal_source,江東区,文化財一覧,131083000000.0,https://www.opendata.metro.tokyo.lg.jp/koto/131083_002_cultural_property.csv,13Tokyo/raw/municipal/13108/data.csv,塩なめ地蔵,,宝塔寺,,宝塔寺,,江東区,13108,江東区登録文化財,美術工芸品,municipal,1983/5/31,35.687008,139.842813,movable,representative_point,municipal,江東区登録文化財,美術工芸,
municipal_source,江東区,文化財一覧,131083000000.0,https://www.opendata.metro.tokyo.lg.jp/koto/131083_002_cultural_property.csv,13Tokyo/raw/municipal/13108/data.csv,六地蔵,,宝塔寺,,宝塔寺,,江東区,13108,江東区登録文化財,美術工芸品,municipal,1983/5/31,35.687008,139.842813,movable,representative_point,municipal,江東区登録文化財,美術工芸,
municipal_source,江東区,文化財一覧,131083000000.0,https://www.opendata.metro.tokyo.lg.jp/koto/131083_002_cultural_property.csv,13Tokyo/raw/municipal/13108/data.csv,六字名号供養塔 寛政9年在銘,,宝塔寺,,宝塔寺,,江東区,13108,江東区登録文化財,美術工芸品,municipal,1983/5/31,35.687008,139.842813,movable,representative_point,municipal,江東区登録文化財,美術工芸,
municipal_source,江東区,文化財一覧,131083000000.0,https://www.opendata.metro.tokyo.lg.jp/koto/131083_002_cultural_property.csv,13Tokyo/raw/municipal/13108/data.csv,地蔵菩薩 享保18年在銘,,宝塔寺,,宝塔寺,,江東区,13108,江東区登録文化財,美術工芸品,municipal,1986/3/26,35.687008,139.842813,movable,representative_point,municipal,江東区登録文化財,美術工芸,
municipal_source,江東区,文化財一覧,131083000000.0,https://www.opendata.metro.tokyo.lg.jp/koto/131083_002_cultural_property.csv,13Tokyo/raw/municipal/13108/data.csv,西国坂東秩父百番札所巡拝塔 並木浅右衛門奉納,,宝塔寺,,宝塔寺,,江東区,13108,江東区登録文化財,美術工芸品,municipal,1998/3/30,35.687008,139.842813,movable,representative_point,municipal,江東区登録文化財,美術工芸,
municipal_source,江東区,文化財一覧,131083000000.0,https://www.opendata.metro.tokyo.lg.jp/koto/131083_002_cultural_property.csv,13Tokyo/raw/municipal/13108/data.csv,力石 寛文4年在銘,,志演神社,,志演神社,,江東区,13108,江東区指定文化財,美術工芸品,municipal,2000/3/27,35.677564,139.826635,movable,representative_point,municipal,江東区指定文化財,美術工芸,
municipal_source,江東区,文化財一覧,131083000000.0,https://www.opendata.metro.tokyo.lg.jp/koto/131083_002_cultural_property.csv,13Tokyo/raw/municipal/13108/data.csv,庚申塔 延宝8年在銘,,志演神社,,志演神社,,江東区,13108,江東区登録文化財,美術工芸品,municipal,1983/3/25,35.677564,139.826635,movable,representative_point,municipal,江東区登録文化財,美術工芸,
municipal_source,江東区,文化財一覧,131083000000.0,https://www.opendata.metro.tokyo.lg.jp/koto/131083_002_cultural_property.csv,13Tokyo/raw/municipal/13108/data.csv,庚申塔 元禄6年在銘,,志演神社,,志演神社,,江東区,13108,江東区登録文化財,美術工芸品,municipal,1983/3/25,35.677564,139.826635,movable,representative_point,municipal,江東区登録文化財,美術工芸,
municipal_source,江東区,文化財一覧,131083000000.0,https://www.opendata.metro.tokyo.lg.jp/koto/131083_002_cultural_property.csv,13Tokyo/raw/municipal/13108/data.csv,庚申塔 寛文元年在銘,,志演神社,,志演神社,,江東区,13108,江東区指定文化財,美術工芸品,municipal,2014/4/4,35.677564,139.826635,movable,representative_point,municipal,江東区指定文化財,美術工芸,
municipal_source,江東区,文化財一覧,131083000000.0,https://www.opendata.metro.tokyo.lg.jp/koto/131083_002_cultural_property.csv,13Tokyo/raw/municipal/13108/data.csv,庚申塔 延宝8年在銘,,志演神社,,志演神社,,江東区,13108,江東区指定文化財,美術工芸品,municipal,2018/4/1,35.677564,139.826635,movable,representative_point,municipal,江東区指定文化財,美術工芸,
municipal_source,江東区,文化財一覧,131083000000.0,https://www.opendata.metro.tokyo.lg.jp/koto/131083_002_cultural_property.csv,13Tokyo/raw/municipal/13108/data.csv,庚申塔 延宝3年在銘,,志演神社,,志演神社,,江東区,13108,江東区登録文化財,美術工芸品,municipal,1983/3/25,35.677564,139.826635,movable,representative_point,municipal,江東区登録文化財,美術工芸,
municipal_source,江東区,文化財一覧,131083000000.0,https://www.opendata.metro.tokyo.lg.jp/koto/131083_002_cultural_property.csv,13Tokyo/raw/municipal/13108/data.csv,水盤 尊空稲荷神社旧蔵,,志演神社,,志演神社,,江東区,13108,江東区登録文化財,美術工芸品,municipal,1983/3/25,35.677564,139.826635,movable,representative_point,municipal,江東区登録文化財,美術工芸,
municipal_source,江東区,文化財一覧,131083000000.0,https://www.opendata.metro.tokyo.lg.jp/koto/131083_002_cultural_property.csv,13Tokyo/raw/municipal/13108/data.csv,獅子頭 一対,,志演神社,,志演神社,,江東区,13108,江東区登録文化財,美術工芸品,municipal,1984/3/26,35.677564,139.826635,movable,representative_point,municipal,江東区登録文化財,美術工芸,
municipal_source,江東区,文化財一覧,131083000000.0,https://www.opendata.metro.tokyo.lg.jp/koto/131083_002_cultural_property.csv,13Tokyo/raw/municipal/13108/data.csv,法華経供養塔 享保5年在銘,,妙久寺,,妙久寺,,江東区,13108,江東区登録文化財,美術工芸品,municipal,1982/3/15,35.678253,139.826474,movable,representative_point,municipal,江東区登録文化財,美術工芸,
municipal_source,江東区,文化財一覧,131083000000.0,https://www.opendata.metro.tokyo.lg.jp/koto/131083_002_cultural_property.csv,13Tokyo/raw/municipal/13108/data.csv,力石,,妙久寺,,妙久寺,,江東区,13108,江東区登録文化財,美術工芸品,municipal,1987/3/26,35.678253,139.826474,movable,representative_point,municipal,江東区登録文化財,美術工芸,
municipal_source,江東区,文化財一覧,131083000000.0,https://www.opendata.metro.tokyo.lg.jp/koto/131083_002_cultural_property.csv,13Tokyo/raw/municipal/13108/data.csv,法華経供養塔 享保14年在銘,,妙久寺,,妙久寺,,江東区,13108,江東区登録文化財,美術工芸品,municipal,1987/3/26,35.678253,139.826474,movable,representative_point,municipal,江東区登録文化財,美術工芸,
municipal_source,江東区,文化財一覧,131083000000.0,https://www.opendata.metro.tokyo.lg.jp/koto/131083_002_cultural_property.csv,13Tokyo/raw/municipal/13108/data.csv,法華経供養塔,,妙久寺,,妙久寺,,江東区,13108,江東区登録文化財,美術工芸品,municipal,1988/3/24,35.678253,139.826474,movable,representative_point,municipal,江東区登録文化財,美術工芸,
municipal_source,江東区,文化財一覧,131083000000.0,https://www.opendata.metro.tokyo.lg.jp/koto/131083_002_cultural_property.csv,13Tokyo/raw/municipal/13108/data.csv,馬頭観世音供養塔 昭和3年在銘,,妙久寺,,妙久寺,,江東区,13108,江東区登録文化財,美術工芸品,municipal,2004/12/24,35.678253,139.826474,movable,representative_point,municipal,江東区登録文化財,美術工芸,
municipal_source,江東区,文化財一覧,131083000000.0,https://www.opendata.metro.tokyo.lg.jp/koto/131083_002_cultural_property.csv,13Tokyo/raw/municipal/13108/data.csv,水盤 治兵衛新田氏子中奉納,,治兵衛稲荷神社,,治兵衛稲荷神社,,江東区,13108,江東区登録文化財,美術工芸品,municipal,1983/3/25,35.681664,139.830605,movable,representative_point,municipal,江東区登録文化財,美術工芸,
municipal_source,江東区,文化財一覧,131083000000.0,https://www.opendata.metro.tokyo.lg.jp/koto/131083_002_cultural_property.csv,13Tokyo/raw/municipal/13108/data.csv,庚申塔 享保3年在銘,,治兵衛稲荷神社,,治兵衛稲荷神社,,江東区,13108,江東区登録文化財,美術工芸品,municipal,1983/3/25,35.681664,139.830605,movable,representative_point,municipal,江東区登録文化財,美術工芸,
municipal_source,江東区,文化財一覧,131083000000.0,https://www.opendata.metro.tokyo.lg.jp/koto/131083_002_cultural_property.csv,13Tokyo/raw/municipal/13108/data.csv,力石 4個,,治兵衛稲荷神社,,治兵衛稲荷神社,,江東区,13108,江東区登録文化財,美術工芸品,municipal,1983/3/25,35.681664,139.830605,movable,representative_point,municipal,江東区登録文化財,美術工芸,
municipal_source,江東区,文化財一覧,131083000000.0,https://www.opendata.metro.tokyo.lg.jp/koto/131083_002_cultural_property.csv,13Tokyo/raw/municipal/13108/data.csv,観音供養塔 元禄15年在銘,,持宝院,,持宝院,,江東区,13108,江東区登録文化財,美術工芸品,municipal,1983/5/31,35.679198,139.831908,movable,representative_point,municipal,江東区登録文化財,美術工芸,
municipal_source,江東区,文化財一覧,131083000000.0,https://www.opendata.metro.tokyo.lg.jp/koto/131083_002_cultural_property.csv,13Tokyo/raw/municipal/13108/data.csv,弘法大師標柱 元治元年在銘,,持宝院,,持宝院,,江東区,13108,江東区登録文化財,美術工芸品,municipal,1983/5/31,35.679198,139.831908,movable,representative_point,municipal,江東区登録文化財,美術工芸,
municipal_source,江東区,文化財一覧,131083000000.0,https://www.opendata.metro.tokyo.lg.jp/koto/131083_002_cultural_property.csv,13Tokyo/raw/municipal/13108/data.csv,弘法大師標柱,,持宝院,,持宝院,,江東区,13108,江東区登録文化財,美術工芸品,municipal,1983/5/31,35.679198,139.831908,movable,representative_point,municipal,江東区登録文化財,美術工芸,
municipal_source,江東区,文化財一覧,131083000000.0,https://www.opendata.metro.tokyo.lg.jp/koto/131083_002_cultural_property.csv,13Tokyo/raw/municipal/13108/data.csv,厄除弘法大師持宝院標柱 天保10年在銘,,持宝院,,持宝院,,江東区,13108,江東区登録文化財,美術工芸品,municipal,1983/5/31,35.679198,139.831908,movable,representative_point,municipal,江東区登録文化財,美術工芸,
municipal_source,江東区,文化財一覧,131083000000.0,https://www.opendata.metro.tokyo.lg.jp/koto/131083_002_cultural_property.csv,13Tokyo/raw/municipal/13108/data.csv,水盤 文化14年在銘,,持宝院,,持宝院,,江東区,13108,江東区登録文化財,美術工芸品,municipal,1985/3/25,35.679198,139.831908,movable,representative_point,municipal,江東区登録文化財,美術工芸,
municipal_source,江東区,文化財一覧,131083000000.0,https://www.opendata.metro.tokyo.lg.jp/koto/131083_002_cultural_property.csv,13Tokyo/raw/municipal/13108/data.csv,水盤 砂村高砂講奉納,,持宝院,,持宝院,,江東区,13108,江東区登録文化財,美術工芸品,municipal,1985/3/25,35.679198,139.831908,movable,representative_point,municipal,江東区登録文化財,美術工芸,
municipal_source,江東区,文化財一覧,131083000000.0,https://www.opendata.metro.tokyo.lg.jp/koto/131083_002_cultural_property.csv,13Tokyo/raw/municipal/13108/data.csv,水盤 明治8年在銘,,持宝院,,持宝院,,江東区,13108,江東区登録文化財,美術工芸品,municipal,1990/3/28,35.679198,139.831908,movable,representative_point,municipal,江東区登録文化財,美術工芸,
municipal_source,江東区,文化財一覧,131083000000.0,https://www.opendata.metro.tokyo.lg.jp/koto/131083_002_cultural_property.csv,13Tokyo/raw/municipal/13108/data.csv,高砂講関係石造物群,,持宝院,,持宝院,,江東区,13108,江東区登録文化財,美術工芸品,municipal,1990/3/28,35.679198,139.831908,movable,representative_point,municipal,江東区登録文化財,美術工芸,
municipal_source,江東区,文化財一覧,131083000000.0,https://www.opendata.metro.tokyo.lg.jp/koto/131083_002_cultural_property.csv,13Tokyo/raw/municipal/13108/data.csv,水盤 大正3年在銘,,亀高神社,,亀高神社,,江東区,13108,江東区登録文化財,美術工芸品,municipal,1990/3/28,35.679314,139.832791,movable,representative_point,municipal,江東区登録文化財,美術工芸,
municipal_source,江東区,文化財一覧,131083000000.0,https://www.opendata.metro.tokyo.lg.jp/koto/131083_002_cultural_property.csv,13Tokyo/raw/municipal/13108/data.csv,天水桶 大正9年在銘 一対,,亀高神社,,亀高神社,,江東区,13108,江東区登録文化財,美術工芸品,municipal,1990/3/28,35.679314,139.832791,movable,representative_point,municipal,江東区登録文化財,美術工芸,
municipal_source,江東区,文化財一覧,131083000000.0,https://www.opendata.metro.tokyo.lg.jp/koto/131083_002_cultural_property.csv,13Tokyo/raw/municipal/13108/data.csv,百度石 昭和3年在銘,,亀高神社,,亀高神社,,江東区,13108,江東区登録文化財,美術工芸品,municipal,1998/3/30,35.679314,139.832791,movable,representative_point,municipal,江東区登録文化財,美術工芸,
municipal_source,江東区,文化財一覧,131083000000.0,https://www.opendata.metro.tokyo.lg.jp/koto/131083_002_cultural_property.csv,13Tokyo/raw/municipal/13108/data.csv,水盤 寛延2年在銘,,亀守稲荷神社,,亀守稲荷神社,,江東区,13108,江東区登録文化財,美術工芸品,municipal,1996/3/22,35.683567,139.836259,movable,representative_point,municipal,江東区登録文化財,美術工芸,
municipal_source,江東区,文化財一覧,131083000000.0,https://www.opendata.metro.tokyo.lg.jp/koto/131083_002_cultural_property.csv,13Tokyo/raw/municipal/13108/data.csv,百度石 昭和13年在銘,,亀守稲荷神社,,亀守稲荷神社,,江東区,13108,江東区登録文化財,美術工芸品,municipal,1996/3/22,35.683567,139.836259,movable,representative_point,municipal,江東区登録文化財,美術工芸,
municipal_source,江東区,文化財一覧,131083000000.0,https://www.opendata.metro.tokyo.lg.jp/koto/131083_002_cultural_property.csv,13Tokyo/raw/municipal/13108/data.csv,鬼子母神道道標,,上妙寺,,上妙寺,,江東区,13108,江東区指定文化財,美術工芸品,municipal,2012/4/6,35.683128,139.840652,movable,representative_point,municipal,江東区指定文化財,美術工芸,
municipal_source,江東区,文化財一覧,131083000000.0,https://www.opendata.metro.tokyo.lg.jp/koto/131083_002_cultural_property.csv,13Tokyo/raw/municipal/13108/data.csv,題目供養塔,,上妙寺,,上妙寺,,江東区,13108,江東区登録文化財,美術工芸品,municipal,1983/5/31,35.683128,139.840652,movable,representative_point,municipal,江東区登録文化財,美術工芸,
municipal_source,江東区,文化財一覧,131083000000.0,https://www.opendata.metro.tokyo.lg.jp/koto/131083_002_cultural_property.csv,13Tokyo/raw/municipal/13108/data.csv,庚申塔 天保15年在銘,,稲荷神社,,稲荷神社,,江東区,13108,江東区登録文化財,美術工芸品,municipal,1983/3/25,35.686116,139.845888,movable,representative_point,municipal,江東区登録文化財,美術工芸,
municipal_source,江東区,文化財一覧,131083000000.0,https://www.opendata.metro.tokyo.lg.jp/koto/131083_002_cultural_property.csv,13Tokyo/raw/municipal/13108/data.csv,水盤 嘉永3年在銘,,稲荷神社,,稲荷神社,,江東区,13108,江東区登録文化財,美術工芸品,municipal,1992/3/27,35.686116,139.845888,movable,representative_point,municipal,江東区登録文化財,美術工芸,
municipal_source,江東区,文化財一覧,131083000000.0,https://www.opendata.metro.tokyo.lg.jp/koto/131083_002_cultural_property.csv,13Tokyo/raw/municipal/13108/data.csv,水盤 浅野喜兵衛奉納,,生田神社,,生田神社,,江東区,13108,江東区登録文化財,美術工芸品,municipal,1999/3/26,35.681494,139.841778,movable,representative_point,municipal,江東区登録文化財,美術工芸,
municipal_source,江東区,文化財一覧,131083000000.0,https://www.opendata.metro.tokyo.lg.jp/koto/131083_002_cultural_property.csv,13Tokyo/raw/municipal/13108/data.csv,水盤 元文3年在銘,,天祖神社,,天祖神社,,江東区,13108,江東区登録文化財,美術工芸品,municipal,1984/3/26,35.677108,139.837507,movable,representative_point,municipal,江東区登録文化財,美術工芸,
municipal_source,江東区,文化財一覧,131083000000.0,https://www.opendata.metro.tokyo.lg.jp/koto/131083_002_cultural_property.csv,13Tokyo/raw/municipal/13108/data.csv,力石,,天祖神社,,天祖神社,,江東区,13108,江東区登録文化財,美術工芸品,municipal,1986/3/26,35.677108,139.837507,movable,representative_point,municipal,江東区登録文化財,美術工芸,
municipal_source,江東区,文化財一覧,131083000000.0,https://www.opendata.metro.tokyo.lg.jp/koto/131083_002_cultural_property.csv,13Tokyo/raw/municipal/13108/data.csv,奉納額 元神明付近景観図 明治35年在銘,,天祖神社,,天祖神社,,江東区,13108,江東区登録文化財,美術工芸品,municipal,1991/3/28,35.677108,139.837507,movable,representative_point,municipal,江東区登録文化財,美術工芸,
municipal_source,江東区,文化財一覧,131083000000.0,https://www.opendata.metro.tokyo.lg.jp/koto/131083_002_cultural_property.csv,13Tokyo/raw/municipal/13108/data.csv,北向子育地蔵尊,,北向子育地蔵堂,,北向子育地蔵堂,,江東区,13108,江東区登録文化財,美術工芸品,municipal,1986/3/26,35.676924,139.837675,movable,representative_point,municipal,江東区登録文化財,美術工芸,
municipal_source,江東区,文化財一覧,131083000000.0,https://www.opendata.metro.tokyo.lg.jp/koto/131083_002_cultural_property.csv,13Tokyo/raw/municipal/13108/data.csv,力石  12個,,中田稲荷神社,,中田稲荷神社,,江東区,13108,江東区登録文化財,美術工芸品,municipal,1986/3/26,35.676503,139.840635,movable,representative_point,municipal,江東区登録文化財,美術工芸,
municipal_source,江東区,文化財一覧,131083000000.0,https://www.opendata.metro.tokyo.lg.jp/koto/131083_002_cultural_property.csv,13Tokyo/raw/municipal/13108/data.csv,庚申塔 元禄14年在銘,,天祖神社,,天祖神社,,江東区,13108,江東区登録文化財,美術工芸品,municipal,1983/5/31,35.673175,139.840955,movable,representative_point,municipal,江東区登録文化財,美術工芸,
municipal_source,江東区,文化財一覧,131083000000.0,https://www.opendata.metro.tokyo.lg.jp/koto/131083_002_cultural_property.csv,13Tokyo/raw/municipal/13108/data.csv,水神社石祠 天明4年在銘,,天祖神社,,天祖神社,,江東区,13108,江東区登録文化財,美術工芸品,municipal,1984/3/26,35.673175,139.840955,movable,representative_point,municipal,江東区登録文化財,美術工芸,
municipal_source,江東区,文化財一覧,131083000000.0,https://www.opendata.metro.tokyo.lg.jp/koto/131083_002_cultural_property.csv,13Tokyo/raw/municipal/13108/data.csv,竜神社石祠 寛保元年在銘,,天祖神社,,天祖神社,,江東区,13108,江東区登録文化財,美術工芸品,municipal,1984/3/26,35.673175,139.840955,movable,representative_point,municipal,江東区登録文化財,美術工芸,
municipal_source,江東区,文化財一覧,131083000000.0,https://www.opendata.metro.tokyo.lg.jp/koto/131083_002_cultural_property.csv,13Tokyo/raw/municipal/13108/data.csv,天神社石祠 天保4年在銘,,天祖神社,,天祖神社,,江東区,13108,江東区登録文化財,美術工芸品,municipal,1984/3/26,35.673175,139.840955,movable,representative_point,municipal,江東区登録文化財,美術工芸,
municipal_source,江東区,文化財一覧,131083000000.0,https://www.opendata.metro.tokyo.lg.jp/koto/131083_002_cultural_property.csv,13Tokyo/raw/municipal/13108/data.csv,力石 4個,,天祖神社,,天祖神社,,江東区,13108,江東区登録文化財,美術工芸品,municipal,1984/3/26,35.673175,139.840955,movable,representative_point,municipal,江東区登録文化財,美術工芸,
municipal_source,江東区,文化財一覧,131083000000.0,https://www.opendata.metro.tokyo.lg.jp/koto/131083_002_cultural_property.csv,13Tokyo/raw/municipal/13108/data.csv,湯立釜 八郎右衛門新田若者中奉納,,天祖神社,,天祖神社,,江東区,13108,江東区登録文化財,美術工芸品,municipal,1989/3/24,35.673175,139.840955,movable,representative_point,municipal,江東区登録文化財,美術工芸,
municipal_source,江東区,文化財一覧,131083000000.0,https://www.opendata.metro.tokyo.lg.jp/koto/131083_002_cultural_property.csv,13Tokyo/raw/municipal/13108/data.csv,庚申塔 正徳2年在銘,,子育地蔵堂,,子育地蔵堂,,江東区,13108,江東区登録文化財,美術工芸品,municipal,1983/3/25,35.673093,139.840624,movable,representative_point,municipal,江東区登録文化財,美術工芸,
municipal_source,江東区,文化財一覧,131083000000.0,https://www.opendata.metro.tokyo.lg.jp/koto/131083_002_cultural_property.csv,13Tokyo/raw/municipal/13108/data.csv,子育地蔵 附地蔵堂建立碑,,子育地蔵堂,,子育地蔵堂,,江東区,13108,江東区登録文化財,美術工芸品,municipal,1985/3/25,35.673093,139.840624,movable,representative_point,municipal,江東区登録文化財,美術工芸,
municipal_source,江東区,文化財一覧,131083000000.0,https://www.opendata.metro.tokyo.lg.jp/koto/131083_002_cultural_property.csv,13Tokyo/raw/municipal/13108/data.csv,庚申塔 延宝3年在銘,,地蔵堂,,地蔵堂,,江東区,13108,江東区登録文化財,美術工芸品,municipal,1982/3/15,35.675418,139.821618,movable,representative_point,municipal,江東区登録文化財,美術工芸,
municipal_source,江東区,文化財一覧,131083000000.0,https://www.opendata.metro.tokyo.lg.jp/koto/131083_002_cultural_property.csv,13Tokyo/raw/municipal/13108/data.csv,中央寺奉納桶・十能・火箸,,中央寺,,中央寺,,江東区,13108,江東区登録文化財,美術工芸品,municipal,1986/3/26,35.672773,139.830761,movable,representative_point,municipal,江東区登録文化財,美術工芸,
municipal_source,江東区,文化財一覧,131083000000.0,https://www.opendata.metro.tokyo.lg.jp/koto/131083_002_cultural_property.csv,13Tokyo/raw/municipal/13108/data.csv,水盤 文久2年在銘,,中央寺,,中央寺,,江東区,13108,江東区登録文化財,美術工芸品,municipal,1986/3/26,35.672773,139.830761,movable,representative_point,municipal,江東区登録文化財,美術工芸,
municipal_source,江東区,文化財一覧,131083000000.0,https://www.opendata.metro.tokyo.lg.jp/koto/131083_002_cultural_property.csv,13Tokyo/raw/municipal/13108/data.csv,秋葉三尺坊権現像,,中央寺,,中央寺,,江東区,13108,江東区登録文化財,美術工芸品,municipal,1987/3/26,35.672773,139.830761,movable,representative_point,municipal,江東区登録文化財,美術工芸,
municipal_source,江東区,文化財一覧,131083000000.0,https://www.opendata.metro.tokyo.lg.jp/koto/131083_002_cultural_property.csv,13Tokyo/raw/municipal/13108/data.csv,弁財天石祠 天明4年在銘,,,,個人蔵,,江東区,13108,江東区登録文化財,美術工芸品,municipal,1990/3/28,35.672744,139.831058,movable,representative_point,municipal,江東区登録文化財,美術工芸,
municipal_source,江東区,文化財一覧,131083000000.0,https://www.opendata.metro.tokyo.lg.jp/koto/131083_002_cultural_property.csv,13Tokyo/raw/municipal/13108/data.csv,力石,,江東区,,江東区,,江東区,13108,江東区登録文化財,美術工芸品,municipal,2000/3/27,35.674424,139.835955,movable,representative_point,municipal,江東区登録文化財,美術工芸,
municipal_source,江東区,文化財一覧,131083000000.0,https://www.opendata.metro.tokyo.lg.jp/koto/131083_002_cultural_property.csv,13Tokyo/raw/municipal/13108/data.csv,元八まん道道標 有扇亭石文在銘,,富賀岡八幡宮,,富賀岡八幡宮,,江東区,13108,江東区登録文化財,美術工芸品,municipal,1981/3/31,35.669287,139.837599,movable,representative_point,municipal,江東区登録文化財,美術工芸,
municipal_source,江東区,文化財一覧,131083000000.0,https://www.opendata.metro.tokyo.lg.jp/koto/131083_002_cultural_property.csv,13Tokyo/raw/municipal/13108/data.csv,出羽三山碑 砂村講中奉納,,富賀岡八幡宮,,富賀岡八幡宮,,江東区,13108,江東区登録文化財,美術工芸品,municipal,1982/3/15,35.669287,139.837599,movable,representative_point,municipal,江東区登録文化財,美術工芸,
municipal_source,江東区,文化財一覧,131083000000.0,https://www.opendata.metro.tokyo.lg.jp/koto/131083_002_cultural_property.csv,13Tokyo/raw/municipal/13108/data.csv,砂町の富士塚,,富賀岡八幡宮,,富賀岡八幡宮,,江東区,13108,江東区指定文化財,美術工芸品,municipal,2005/3/28,35.669287,139.837599,movable,representative_point,municipal,江東区指定文化財,美術工芸,
municipal_source,江東区,文化財一覧,131083000000.0,https://www.opendata.metro.tokyo.lg.jp/koto/131083_002_cultural_property.csv,13Tokyo/raw/municipal/13108/data.csv,燈籠(残欠) 若者中奉納 一対,,富賀岡八幡宮,,富賀岡八幡宮,,江東区,13108,江東区登録文化財,美術工芸品,municipal,1983/3/25,35.669287,139.837599,movable,representative_point,municipal,江東区登録文化財,美術工芸,
municipal_source,江東区,文化財一覧,131083000000.0,https://www.opendata.metro.tokyo.lg.jp/koto/131083_002_cultural_property.csv,13Tokyo/raw/municipal/13108/data.csv,力石 9個,,富賀岡八幡宮,,富賀岡八幡宮,,江東区,13108,江東区登録文化財,美術工芸品,municipal,1983/5/31,35.669287,139.837599,movable,representative_point,municipal,江東区登録文化財,美術工芸,
municipal_source,江東区,文化財一覧,131083000000.0,https://www.opendata.metro.tokyo.lg.jp/koto/131083_002_cultural_property.csv,13Tokyo/raw/municipal/13108/data.csv,力石 砂村稲荷神社旧蔵  8個,,富賀岡八幡宮,,富賀岡八幡宮,,江東区,13108,江東区登録文化財,美術工芸品,municipal,1984/3/26,35.669287,139.837599,movable,representative_point,municipal,江東区登録文化財,美術工芸,
municipal_source,江東区,文化財一覧,131083000000.0,https://www.opendata.metro.tokyo.lg.jp/koto/131083_002_cultural_property.csv,13Tokyo/raw/municipal/13108/data.csv,絵馬 寛政9年在銘,,富賀岡八幡宮,,富賀岡八幡宮,,江東区,13108,江東区登録文化財,美術工芸品,municipal,1985/3/25,35.669287,139.837599,movable,representative_point,municipal,江東区登録文化財,美術工芸,
municipal_source,江東区,文化財一覧,131083000000.0,https://www.opendata.metro.tokyo.lg.jp/koto/131083_002_cultural_property.csv,13Tokyo/raw/municipal/13108/data.csv,弁財天石祠 寛政元年在銘,,富賀岡八幡宮,,富賀岡八幡宮,,江東区,13108,江東区登録文化財,美術工芸品,municipal,1985/3/25,35.669287,139.837599,movable,representative_point,municipal,江東区登録文化財,美術工芸,
municipal_source,江東区,文化財一覧,131083000000.0,https://www.opendata.metro.tokyo.lg.jp/koto/131083_002_cultural_property.csv,13Tokyo/raw/municipal/13108/data.csv,浅間神社石祠 明治29年在銘,,富賀岡八幡宮,,富賀岡八幡宮,,江東区,13108,江東区登録文化財,美術工芸品,municipal,1985/3/25,35.669287,139.837599,movable,representative_point,municipal,江東区登録文化財,美術工芸,
municipal_source,江東区,文化財一覧,131083000000.0,https://www.opendata.metro.tokyo.lg.jp/koto/131083_002_cultural_property.csv,13Tokyo/raw/municipal/13108/data.csv,獅子頭 一対,,富賀岡八幡宮,,富賀岡八幡宮,,江東区,13108,江東区登録文化財,美術工芸品,municipal,1986/3/26,35.669287,139.837599,movable,representative_point,municipal,江東区登録文化財,美術工芸,
municipal_source,江東区,文化財一覧,131083000000.0,https://www.opendata.metro.tokyo.lg.jp/koto/131083_002_cultural_property.csv,13Tokyo/raw/municipal/13108/data.csv,小御嶽神社 明治26年在銘,,富賀岡八幡宮,,富賀岡八幡宮,,江東区,13108,江東区登録文化財,美術工芸品,municipal,1987/3/26,35.669287,139.837599,movable,representative_point,municipal,江東区登録文化財,美術工芸,
municipal_source,江東区,文化財一覧,131083000000.0,https://www.opendata.metro.tokyo.lg.jp/koto/131083_002_cultural_property.csv,13Tokyo/raw/municipal/13108/data.csv,庚申塔 宝暦6年在銘,,富賀岡八幡宮,,富賀岡八幡宮,,江東区,13108,江東区登録文化財,美術工芸品,municipal,1987/3/26,35.669287,139.837599,movable,representative_point,municipal,江東区登録文化財,美術工芸,
municipal_source,江東区,文化財一覧,131083000000.0,https://www.opendata.metro.tokyo.lg.jp/koto/131083_002_cultural_property.csv,13Tokyo/raw/municipal/13108/data.csv,天水桶 明治35年在銘一対,,富賀岡八幡宮,,富賀岡八幡宮,,江東区,13108,江東区登録文化財,美術工芸品,municipal,1991/3/28,35.669287,139.837599,movable,representative_point,municipal,江東区登録文化財,美術工芸,
municipal_source,江東区,文化財一覧,131083000000.0,https://www.opendata.metro.tokyo.lg.jp/koto/131083_002_cultural_property.csv,13Tokyo/raw/municipal/13108/data.csv,深川十講碑 昭和8年在銘,,富賀岡八幡宮,,富賀岡八幡宮,,江東区,13108,江東区登録文化財,美術工芸品,municipal,1997/3/28,35.669287,139.837599,movable,representative_point,municipal,江東区登録文化財,美術工芸,
municipal_source,江東区,文化財一覧,131083000000.0,https://www.opendata.metro.tokyo.lg.jp/koto/131083_002_cultural_property.csv,13Tokyo/raw/municipal/13108/data.csv,元祖山吉御水講中碑 昭和8年在銘,,富賀岡八幡宮,,富賀岡八幡宮,,江東区,13108,江東区登録文化財,美術工芸品,municipal,1997/3/28,35.669287,139.837599,movable,representative_point,municipal,江東区登録文化財,美術工芸,
municipal_source,江東区,文化財一覧,131083000000.0,https://www.opendata.metro.tokyo.lg.jp/koto/131083_002_cultural_property.csv,13Tokyo/raw/municipal/13108/data.csv,山吉丸す講改築紀念碑 昭和8年在銘,,富賀岡八幡宮,,富賀岡八幡宮,,江東区,13108,江東区登録文化財,美術工芸品,municipal,1997/3/28,35.669287,139.837599,movable,representative_point,municipal,江東区登録文化財,美術工芸,
municipal_source,江東区,文化財一覧,131083000000.0,https://www.opendata.metro.tokyo.lg.jp/koto/131083_002_cultural_property.csv,13Tokyo/raw/municipal/13108/data.csv,水盤 昭和14年在銘,,富賀岡八幡宮,,富賀岡八幡宮,,江東区,13108,江東区登録文化財,美術工芸品,municipal,1997/3/28,35.669287,139.837599,movable,representative_point,municipal,江東区登録文化財,美術工芸,
municipal_source,江東区,文化財一覧,131083000000.0,https://www.opendata.metro.tokyo.lg.jp/koto/131083_002_cultural_property.csv,13Tokyo/raw/municipal/13108/data.csv,出羽三山碑 村井鍋次郎奉納,,富賀岡八幡宮,,富賀岡八幡宮,,江東区,13108,江東区登録文化財,美術工芸品,municipal,1998/3/30,35.669287,139.837599,movable,representative_point,municipal,江東区登録文化財,美術工芸,
municipal_source,江東区,文化財一覧,131083000000.0,https://www.opendata.metro.tokyo.lg.jp/koto/131083_002_cultural_property.csv,13Tokyo/raw/municipal/13108/data.csv,山吉講同行碑 石崎甚兵衛他奉納,,富賀岡八幡宮,,富賀岡八幡宮,,江東区,13108,江東区登録文化財,美術工芸品,municipal,1999/3/26,35.669287,139.837599,movable,representative_point,municipal,江東区登録文化財,美術工芸,
municipal_source,江東区,文化財一覧,131083000000.0,https://www.opendata.metro.tokyo.lg.jp/koto/131083_002_cultural_property.csv,13Tokyo/raw/municipal/13108/data.csv,山吉講同行碑,,富賀岡八幡宮,,富賀岡八幡宮,,江東区,13108,江東区登録文化財,美術工芸品,municipal,1999/3/26,35.669287,139.837599,movable,representative_point,municipal,江東区登録文化財,美術工芸,
municipal_source,江東区,文化財一覧,131083000000.0,https://www.opendata.metro.tokyo.lg.jp/koto/131083_002_cultural_property.csv,13Tokyo/raw/municipal/13108/data.csv,経が嶽碑,,富賀岡八幡宮,,富賀岡八幡宮,,江東区,13108,江東区登録文化財,美術工芸品,municipal,2000/3/27,35.669287,139.837599,movable,representative_point,municipal,江東区登録文化財,美術工芸,
municipal_source,江東区,文化財一覧,131083000000.0,https://www.opendata.metro.tokyo.lg.jp/koto/131083_002_cultural_property.csv,13Tokyo/raw/municipal/13108/data.csv,富士信仰歌碑,,富賀岡八幡宮,,富賀岡八幡宮,,江東区,13108,江東区登録文化財,美術工芸品,municipal,2010/3/26,35.669287,139.837599,movable,representative_point,municipal,江東区登録文化財,美術工芸,
municipal_source,江東区,文化財一覧,131083000000.0,https://www.opendata.metro.tokyo.lg.jp/koto/131083_002_cultural_property.csv,13Tokyo/raw/municipal/13108/data.csv,木場の木遣念仏,,木場木遣保存会,,東京木場角乗保存会,,江東区,13108,江東区登録文化財,風俗慣習,municipal,1985/3/25,35.669287,139.837599,point,representative_point,municipal,江東区登録文化財,風俗慣習,
municipal_source,江東区,文化財一覧,131083000000.0,https://www.opendata.metro.tokyo.lg.jp/koto/131083_002_cultural_property.csv,13Tokyo/raw/municipal/13108/data.csv,亀戸天神の鷽替,,亀戸天神社,,亀戸天神社,,江東区,13108,江東区登録文化財,風俗慣習,municipal,1986/3/26,35.702666,139.820838,point,representative_point,municipal,江東区登録文化財,風俗慣習,
municipal_source,江東区,文化財一覧,131083000000.0,https://www.opendata.metro.tokyo.lg.jp/koto/131083_002_cultural_property.csv,13Tokyo/raw/municipal/13108/data.csv,砂村囃子,,砂村囃子睦会,,砂村囃子睦会,,江東区,13108,江東区指定文化財,民俗芸能,municipal,1995/3/28,35.669287,139.837599,point,representative_point,municipal,江東区指定文化財,民俗芸能,
municipal_source,江東区,文化財一覧,131083000000.0,https://www.opendata.metro.tokyo.lg.jp/koto/131083_002_cultural_property.csv,13Tokyo/raw/municipal/13108/data.csv,富岡八幡の手古舞,,富岡八幡の手古舞保存会,,富岡八幡の手古舞保存会,,江東区,13108,江東区登録文化財,民俗芸能,municipal,1985/3/25,35.669287,139.837599,point,representative_point,municipal,江東区登録文化財,民俗芸能,
municipal_source,江東区,文化財一覧,131083000000.0,https://www.opendata.metro.tokyo.lg.jp/koto/131083_002_cultural_property.csv,13Tokyo/raw/municipal/13108/data.csv,中洲の渡し跡,,,,,,江東区,13108,江東区登録文化財,史跡,municipal,1984/3/26,35.680954,139.791697,point,representative_point,municipal,江東区登録文化財,史跡,
municipal_source,江東区,文化財一覧,131083000000.0,https://www.opendata.metro.tokyo.lg.jp/koto/131083_002_cultural_property.csv,13Tokyo/raw/municipal/13108/data.csv,平賀源内エレキテル実験の地,,,,,,江東区,13108,江東区登録文化財,史跡,municipal,1981/4/10,35.680854,139.792073,point,representative_point,municipal,江東区登録文化財,史跡,
municipal_source,江東区,文化財一覧,131083000000.0,https://www.opendata.metro.tokyo.lg.jp/koto/131083_002_cultural_property.csv,13Tokyo/raw/municipal/13108/data.csv,セメント工業発祥の地,,,,,,江東区,13108,江東区登録文化財,史跡,municipal,1982/3/15,35.680733,139.793271,point,representative_point,municipal,江東区登録文化財,史跡,
municipal_source,江東区,文化財一覧,131083000000.0,https://www.opendata.metro.tokyo.lg.jp/koto/131083_002_cultural_property.csv,13Tokyo/raw/municipal/13108/data.csv,上・中・下之橋跡,,,,,,江東区,13108,江東区登録文化財,史跡,municipal,1993/3/29,35.680598,139.793148,point,representative_point,municipal,江東区登録文化財,史跡,
municipal_source,江東区,文化財一覧,131083000000.0,https://www.opendata.metro.tokyo.lg.jp/koto/131083_002_cultural_property.csv,13Tokyo/raw/municipal/13108/data.csv,陸奥宗光宅跡,,,,,,江東区,13108,江東区登録文化財,史跡,municipal,1994/3/23,35.681819,139.793669,point,representative_point,municipal,江東区登録文化財,史跡,
municipal_source,江東区,文化財一覧,131083000000.0,https://www.opendata.metro.tokyo.lg.jp/koto/131083_002_cultural_property.csv,13Tokyo/raw/municipal/13108/data.csv,霊雲院跡,,,,,,江東区,13108,江東区登録文化財,史跡,municipal,1982/3/15,35.6828,139.794182,point,representative_point,municipal,江東区登録文化財,史跡,
municipal_source,江東区,文化財一覧,131083000000.0,https://www.opendata.metro.tokyo.lg.jp/koto/131083_002_cultural_property.csv,13Tokyo/raw/municipal/13108/data.csv,前島密宅跡,,,,,,江東区,13108,江東区登録文化財,史跡,municipal,1992/3/27,35.680455,139.795629,point,representative_point,municipal,江東区登録文化財,史跡,
municipal_source,江東区,文化財一覧,131083000000.0,https://www.opendata.metro.tokyo.lg.jp/koto/131083_002_cultural_property.csv,13Tokyo/raw/municipal/13108/data.csv,三野村利左衛門宅跡,,,,,,江東区,13108,江東区登録文化財,史跡,municipal,1985/3/25,35.682035,139.795852,point,representative_point,municipal,江東区登録文化財,史跡,
municipal_source,江東区,文化財一覧,131083000000.0,https://www.opendata.metro.tokyo.lg.jp/koto/131083_002_cultural_property.csv,13Tokyo/raw/municipal/13108/data.csv,桑田立斎宅跡,,,,,,江東区,13108,江東区登録文化財,史跡,municipal,1998/3/30,35.682861,139.795032,point,representative_point,municipal,江東区登録文化財,史跡,
municipal_source,江東区,文化財一覧,131083000000.0,https://www.opendata.metro.tokyo.lg.jp/koto/131083_002_cultural_property.csv,13Tokyo/raw/municipal/13108/data.csv,呂一官墓,,本誓寺,,本誓寺,,江東区,13108,江東区登録文化財,史跡,municipal,1982/3/15,35.681383,139.797588,point,representative_point,municipal,江東区登録文化財,史跡,
municipal_source,江東区,文化財一覧,131083000000.0,https://www.opendata.metro.tokyo.lg.jp/koto/131083_002_cultural_property.csv,13Tokyo/raw/municipal/13108/data.csv,仁木三岳墓,,本誓寺,,本誓寺,,江東区,13108,江東区登録文化財,史跡,municipal,1982/3/15,35.681383,139.797588,point,representative_point,municipal,江東区登録文化財,史跡,
municipal_source,江東区,文化財一覧,131083000000.0,https://www.opendata.metro.tokyo.lg.jp/koto/131083_002_cultural_property.csv,13Tokyo/raw/municipal/13108/data.csv,村田家墓,,本誓寺,,本誓寺,,江東区,13108,江東区登録文化財,史跡,municipal,1986/3/26,35.681383,139.797588,point,representative_point,municipal,江東区登録文化財,史跡,
municipal_source,江東区,文化財一覧,131083000000.0,https://www.opendata.metro.tokyo.lg.jp/koto/131083_002_cultural_property.csv,13Tokyo/raw/municipal/13108/data.csv,元木場跡,,,,,,江東区,13108,江東区登録文化財,史跡,municipal,1982/4/10,35.68273,139.797372,point,representative_point,municipal,江東区登録文化財,史跡,
municipal_source,江東区,文化財一覧,131083000000.0,https://www.opendata.metro.tokyo.lg.jp/koto/131083_002_cultural_property.csv,13Tokyo/raw/municipal/13108/data.csv,川船番所跡,,,,,,江東区,13108,江東区登録文化財,史跡,municipal,1984/3/26,35.683811,139.794526,point,representative_point,municipal,江東区登録文化財,史跡,
municipal_source,江東区,文化財一覧,131083000000.0,https://www.opendata.metro.tokyo.lg.jp/koto/131083_002_cultural_property.csv,13Tokyo/raw/municipal/13108/data.csv,旧万年橋跡,,,,,,江東区,13108,江東区登録文化財,史跡,municipal,1981/4/10,35.683637,139.79425,point,representative_point,municipal,江東区登録文化財,史跡,
municipal_source,江東区,文化財一覧,131083000000.0,https://www.opendata.metro.tokyo.lg.jp/koto/131083_002_cultural_property.csv,13Tokyo/raw/municipal/13108/data.csv,旧新大橋跡,,,,,,江東区,13108,江東区登録文化財,史跡,municipal,1981/4/10,35.685674,139.793794,point,representative_point,municipal,江東区登録文化財,史跡,
municipal_source,江東区,文化財一覧,131083000000.0,https://www.opendata.metro.tokyo.lg.jp/koto/131083_002_cultural_property.csv,13Tokyo/raw/municipal/13108/data.csv,猿子橋跡,,,,,,江東区,13108,江東区登録文化財,史跡,municipal,1982/3/15,35.685333,139.796024,point,representative_point,municipal,江東区登録文化財,史跡,
municipal_source,江東区,文化財一覧,131083000000.0,https://www.opendata.metro.tokyo.lg.jp/koto/131083_002_cultural_property.csv,13Tokyo/raw/municipal/13108/data.csv,深川御籾蔵跡,,,,,,江東区,13108,江東区登録文化財,史跡,municipal,1981/4/10,35.685539,139.794714,point,representative_point,municipal,江東区登録文化財,史跡,
municipal_source,江東区,文化財一覧,131083000000.0,https://www.opendata.metro.tokyo.lg.jp/koto/131083_002_cultural_property.csv,13Tokyo/raw/municipal/13108/data.csv,慈眼寺跡,,,,,,江東区,13108,江東区登録文化財,史跡,municipal,1984/3/26,35.685197,139.797073,point,representative_point,municipal,江東区登録文化財,史跡,
municipal_source,江東区,文化財一覧,131083000000.0,https://www.opendata.metro.tokyo.lg.jp/koto/131083_002_cultural_property.csv,13Tokyo/raw/municipal/13108/data.csv,二代目中村芝翫宅跡,,,,,,江東区,13108,江東区登録文化財,史跡,municipal,1985/3/25,35.684211,139.798292,point,representative_point,municipal,江東区登録文化財,史跡,
municipal_source,江東区,文化財一覧,131083000000.0,https://www.opendata.metro.tokyo.lg.jp/koto/131083_002_cultural_property.csv,13Tokyo/raw/municipal/13108/data.csv,高橋跡,,,,,,江東区,13108,江東区登録文化財,史跡,municipal,1981/4/10,35.683995,139.797894,point,representative_point,municipal,江東区登録文化財,史跡,
municipal_source,江東区,文化財一覧,131083000000.0,https://www.opendata.metro.tokyo.lg.jp/koto/131083_002_cultural_property.csv,13Tokyo/raw/municipal/13108/data.csv,櫨御植付場跡,,,,,,江東区,13108,江東区登録文化財,史跡,municipal,1997/3/28,35.687713,139.793248,point,representative_point,municipal,江東区登録文化財,史跡,
municipal_source,江東区,文化財一覧,131083000000.0,https://www.opendata.metro.tokyo.lg.jp/koto/131083_002_cultural_property.csv,13Tokyo/raw/municipal/13108/data.csv,安宅の渡し跡,,,,,,江東区,13108,江東区登録文化財,史跡,municipal,1986/3/26,35.688718,139.793037,point,representative_point,municipal,江東区登録文化財,史跡,
municipal_source,江東区,文化財一覧,131083000000.0,https://www.opendata.metro.tokyo.lg.jp/koto/131083_002_cultural_property.csv,13Tokyo/raw/municipal/13108/data.csv,御船蔵跡,,,,,,江東区,13108,江東区登録文化財,史跡,municipal,1981/4/10,35.687791,139.793145,point,representative_point,municipal,江東区登録文化財,史跡,
municipal_source,江東区,文化財一覧,131083000000.0,https://www.opendata.metro.tokyo.lg.jp/koto/131083_002_cultural_property.csv,13Tokyo/raw/municipal/13108/data.csv,安宅丸繋留地跡,,,,,,江東区,13108,江東区登録文化財,史跡,municipal,1983/5/31,35.688736,139.793255,point,representative_point,municipal,江東区登録文化財,史跡,
municipal_source,江東区,文化財一覧,131083000000.0,https://www.opendata.metro.tokyo.lg.jp/koto/131083_002_cultural_property.csv,13Tokyo/raw/municipal/13108/data.csv,御用石灰置場並会所跡,,,,,,江東区,13108,江東区登録文化財,史跡,municipal,1997/3/28,35.685738,139.793984,point,representative_point,municipal,江東区登録文化財,史跡,
municipal_source,江東区,文化財一覧,131083000000.0,https://www.opendata.metro.tokyo.lg.jp/koto/131083_002_cultural_property.csv,13Tokyo/raw/municipal/13108/data.csv,会輔堂跡,,,,,,江東区,13108,江東区登録文化財,史跡,municipal,1981/4/10,35.687322,139.79472,point,representative_point,municipal,江東区登録文化財,史跡,
municipal_source,江東区,文化財一覧,131083000000.0,https://www.opendata.metro.tokyo.lg.jp/koto/131083_002_cultural_property.csv,13Tokyo/raw/municipal/13108/data.csv,小野友五郎宅跡,,,,,,江東区,13108,江東区登録文化財,史跡,municipal,2018/4/1,35.688766,139.794486,point,representative_point,municipal,江東区登録文化財,史跡,
municipal_source,江東区,文化財一覧,131083000000.0,https://www.opendata.metro.tokyo.lg.jp/koto/131083_002_cultural_property.csv,13Tokyo/raw/municipal/13108/data.csv,伊豆長八宅跡,,,,,,江東区,13108,江東区登録文化財,史跡,municipal,1984/3/26,35.687443,139.794476,point,representative_point,municipal,江東区登録文化財,史跡,
municipal_source,江東区,文化財一覧,131083000000.0,https://www.opendata.metro.tokyo.lg.jp/koto/131083_002_cultural_property.csv,13Tokyo/raw/municipal/13108/data.csv,六間堀跡,,,,,,江東区,13108,江東区登録文化財,史跡,municipal,1982/3/15,35.688899,139.796476,point,representative_point,municipal,江東区登録文化財,史跡,
municipal_source,江東区,文化財一覧,131083000000.0,https://www.opendata.metro.tokyo.lg.jp/koto/131083_002_cultural_property.csv,13Tokyo/raw/municipal/13108/data.csv,深川村発祥の地,,,,,,江東区,13108,江東区登録文化財,史跡,municipal,1981/4/10,35.686682,139.797309,point,representative_point,municipal,江東区登録文化財,史跡,
municipal_source,江東区,文化財一覧,131083000000.0,https://www.opendata.metro.tokyo.lg.jp/koto/131083_002_cultural_property.csv,13Tokyo/raw/municipal/13108/data.csv,五間堀跡,,,,,,江東区,13108,江東区登録文化財,史跡,municipal,1982/3/15,35.689831,139.799133,point,representative_point,municipal,江東区登録文化財,史跡,
municipal_source,江東区,文化財一覧,131083000000.0,https://www.opendata.metro.tokyo.lg.jp/koto/131083_002_cultural_property.csv,13Tokyo/raw/municipal/13108/data.csv,泉養寺跡,,,,,,江東区,13108,江東区登録文化財,史跡,municipal,1983/5/31,35.686492,139.796653,point,representative_point,municipal,江東区登録文化財,史跡,
municipal_source,江東区,文化財一覧,131083000000.0,https://www.opendata.metro.tokyo.lg.jp/koto/131083_002_cultural_property.csv,13Tokyo/raw/municipal/13108/data.csv,伊東深水誕生の地,,,,,,江東区,13108,江東区登録文化財,史跡,municipal,2004/3/28,35.686106,139.797549,point,representative_point,municipal,江東区登録文化財,史跡,
municipal_source,江東区,文化財一覧,131083000000.0,https://www.opendata.metro.tokyo.lg.jp/koto/131083_002_cultural_property.csv,13Tokyo/raw/municipal/13108/data.csv,芭蕉翁句塚跡,,長慶寺,,長慶寺,,江東区,13108,江東区登録文化財,史跡,municipal,1984/3/26,35.688665,139.798816,point,representative_point,municipal,江東区登録文化財,史跡,
municipal_source,江東区,文化財一覧,131083000000.0,https://www.opendata.metro.tokyo.lg.jp/koto/131083_002_cultural_property.csv,13Tokyo/raw/municipal/13108/data.csv,日本駄右衛門墓跡,,長慶寺,,長慶寺,,江東区,13108,江東区登録文化財,史跡,municipal,1986/3/26,35.688665,139.798816,point,representative_point,municipal,江東区登録文化財,史跡,
municipal_source,江東区,文化財一覧,131083000000.0,https://www.opendata.metro.tokyo.lg.jp/koto/131083_002_cultural_property.csv,13Tokyo/raw/municipal/13108/data.csv,東京府小学第六校跡,,長慶寺,,長慶寺,,江東区,13108,江東区登録文化財,史跡,municipal,1995/3/28,35.688665,139.798816,point,representative_point,municipal,江東区登録文化財,史跡,
municipal_source,江東区,文化財一覧,131083000000.0,https://www.opendata.metro.tokyo.lg.jp/koto/131083_002_cultural_property.csv,13Tokyo/raw/municipal/13108/data.csv,瓢池園陶磁器工場跡,,,,,,江東区,13108,江東区登録文化財,史跡,municipal,1986/3/26,35.685455,139.802433,point,representative_point,municipal,江東区登録文化財,史跡,
municipal_source,江東区,文化財一覧,131083000000.0,https://www.opendata.metro.tokyo.lg.jp/koto/131083_002_cultural_property.csv,13Tokyo/raw/municipal/13108/data.csv,大工町の渡し跡,,,,,,江東区,13108,江東区登録文化財,史跡,municipal,1986/3/26,35.684135,139.801221,point,representative_point,municipal,江東区登録文化財,史跡,
municipal_source,江東区,文化財一覧,131083000000.0,https://www.opendata.metro.tokyo.lg.jp/koto/131083_002_cultural_property.csv,13Tokyo/raw/municipal/13108/data.csv,旭焼製造場跡,,,,,,江東区,13108,江東区登録文化財,史跡,municipal,1986/3/26,35.685455,139.802433,point,representative_point,municipal,江東区登録文化財,史跡,
municipal_source,江東区,文化財一覧,131083000000.0,https://www.opendata.metro.tokyo.lg.jp/koto/131083_002_cultural_property.csv,13Tokyo/raw/municipal/13108/data.csv,高田早苗誕生の地,,,,,,江東区,13108,江東区登録文化財,史跡,municipal,2003/3/28,35.687968,139.803853,point,representative_point,municipal,江東区登録文化財,史跡,
municipal_source,江東区,文化財一覧,131083000000.0,https://www.opendata.metro.tokyo.lg.jp/koto/131083_002_cultural_property.csv,13Tokyo/raw/municipal/13108/data.csv,弘文舎跡,,,,,,江東区,13108,江東区登録文化財,史跡,municipal,1984/3/26,35.678882,139.79907,point,representative_point,municipal,江東区登録文化財,史跡,
municipal_source,江東区,文化財一覧,131083000000.0,https://www.opendata.metro.tokyo.lg.jp/koto/131083_002_cultural_property.csv,13Tokyo/raw/municipal/13108/data.csv,曲亭馬琴誕生の地,,,,,,江東区,13108,江東区登録文化財,史跡,municipal,1981/4/10,35.678492,139.798378,point,representative_point,municipal,江東区登録文化財,史跡,
municipal_source,江東区,文化財一覧,131083000000.0,https://www.opendata.metro.tokyo.lg.jp/koto/131083_002_cultural_property.csv,13Tokyo/raw/municipal/13108/data.csv,歴代杵屋六左衛門墓,,善応院,,善応院,,江東区,13108,江東区登録文化財,史跡,municipal,1982/3/15,35.679017,139.800243,point,representative_point,municipal,江東区登録文化財,史跡,
municipal_source,江東区,文化財一覧,131083000000.0,https://www.opendata.metro.tokyo.lg.jp/koto/131083_002_cultural_property.csv,13Tokyo/raw/municipal/13108/data.csv,深川授産場跡,,,,,,江東区,13108,江東区登録文化財,史跡,municipal,2000/3/27,35.678196,139.798943,point,representative_point,municipal,江東区登録文化財,史跡,
municipal_source,江東区,文化財一覧,131083000000.0,https://www.opendata.metro.tokyo.lg.jp/koto/131083_002_cultural_property.csv,13Tokyo/raw/municipal/13108/data.csv,水場跡,,,,,,江東区,13108,江東区登録文化財,史跡,municipal,1984/3/26,35.678191,139.798039,point,representative_point,municipal,江東区登録文化財,史跡,
municipal_source,江東区,文化財一覧,131083000000.0,https://www.opendata.metro.tokyo.lg.jp/koto/131083_002_cultural_property.csv,13Tokyo/raw/municipal/13108/data.csv,仙台堀,,,,,,江東区,13108,江東区登録文化財,史跡,municipal,1983/5/31,35.67646,139.801645,point,representative_point,municipal,江東区登録文化財,史跡,
municipal_source,江東区,文化財一覧,131083000000.0,https://www.opendata.metro.tokyo.lg.jp/koto/131083_002_cultural_property.csv,13Tokyo/raw/municipal/13108/data.csv,手柄岡持墓,,一乗院(墓地),,一乗院(墓地),,江東区,13108,江東区登録文化財,史跡,municipal,1982/3/15,35.678503,139.801871,point,representative_point,municipal,江東区登録文化財,史跡,
municipal_source,江東区,文化財一覧,131083000000.0,https://www.opendata.metro.tokyo.lg.jp/koto/131083_002_cultural_property.csv,13Tokyo/raw/municipal/13108/data.csv,初代清元延寿太夫墓,,浄心寺,,浄心寺,,江東区,13108,江東区登録文化財,史跡,municipal,1981/4/10,35.678433,139.801951,point,representative_point,municipal,江東区登録文化財,史跡,
municipal_source,江東区,文化財一覧,131083000000.0,https://www.opendata.metro.tokyo.lg.jp/koto/131083_002_cultural_property.csv,13Tokyo/raw/municipal/13108/data.csv,三沢局墓,,浄心寺,,浄心寺,,江東区,13108,江東区登録文化財,史跡,municipal,1982/3/15,35.678433,139.801951,point,representative_point,municipal,江東区登録文化財,史跡,
municipal_source,江東区,文化財一覧,131083000000.0,https://www.opendata.metro.tokyo.lg.jp/koto/131083_002_cultural_property.csv,13Tokyo/raw/municipal/13108/data.csv,矢部定令墓,,浄心寺,,浄心寺,,江東区,13108,江東区登録文化財,史跡,municipal,1986/3/26,35.678433,139.801951,point,representative_point,municipal,江東区登録文化財,史跡,
municipal_source,江東区,文化財一覧,131083000000.0,https://www.opendata.metro.tokyo.lg.jp/koto/131083_002_cultural_property.csv,13Tokyo/raw/municipal/13108/data.csv,深川区役所跡,,浄心寺,,浄心寺,,江東区,13108,江東区登録文化財,史跡,municipal,1986/3/26,35.678433,139.801951,point,representative_point,municipal,江東区登録文化財,史跡,
municipal_source,江東区,文化財一覧,131083000000.0,https://www.opendata.metro.tokyo.lg.jp/koto/131083_002_cultural_property.csv,13Tokyo/raw/municipal/13108/data.csv,洲崎廓追善墓,,浄心寺,,浄心寺,,江東区,13108,江東区登録文化財,史跡,municipal,1987/3/26,35.678433,139.801951,point,representative_point,municipal,江東区登録文化財,史跡,
municipal_source,江東区,文化財一覧,131083000000.0,https://www.opendata.metro.tokyo.lg.jp/koto/131083_002_cultural_property.csv,13Tokyo/raw/municipal/13108/data.csv,福王家歴代墓,,浄心寺,,浄心寺,,江東区,13108,江東区登録文化財,史跡,municipal,1987/3/26,35.678433,139.801951,point,representative_point,municipal,江東区登録文化財,史跡,
municipal_source,江東区,文化財一覧,131083000000.0,https://www.opendata.metro.tokyo.lg.jp/koto/131083_002_cultural_property.csv,13Tokyo/raw/municipal/13108/data.csv,円珠院墓,,円珠院(墓地),,円珠院(墓地),,江東区,13108,江東区登録文化財,史跡,municipal,1990/3/28,35.678433,139.801951,point,representative_point,municipal,江東区登録文化財,史跡,
municipal_source,江東区,文化財一覧,131083000000.0,https://www.opendata.metro.tokyo.lg.jp/koto/131083_002_cultural_property.csv,13Tokyo/raw/municipal/13108/data.csv,間宮林蔵墓,,本立院(墓地),,本立院(墓地),,江東区,13108,江東区登録文化財,史跡,municipal,1981/4/10,35.677601,139.803227,point,representative_point,municipal,江東区登録文化財,史跡,
municipal_source,江東区,文化財一覧,131083000000.0,https://www.opendata.metro.tokyo.lg.jp/koto/131083_002_cultural_property.csv,13Tokyo/raw/municipal/13108/data.csv,英一蝶宅跡,,,,,,江東区,13108,江東区登録文化財,史跡,municipal,1986/3/26,35.679899,139.799223,point,representative_point,municipal,江東区登録文化財,史跡,
municipal_source,江東区,文化財一覧,131083000000.0,https://www.opendata.metro.tokyo.lg.jp/koto/131083_002_cultural_property.csv,13Tokyo/raw/municipal/13108/data.csv,石川玄常墓,,松林院,,松林院,,江東区,13108,江東区登録文化財,史跡,municipal,1982/3/15,35.679886,139.800985,point,representative_point,municipal,江東区登録文化財,史跡,
municipal_source,江東区,文化財一覧,131083000000.0,https://www.opendata.metro.tokyo.lg.jp/koto/131083_002_cultural_property.csv,13Tokyo/raw/municipal/13108/data.csv,橋本雅邦墓,,玉泉院(墓地),,玉泉院(墓地),,江東区,13108,江東区登録文化財,史跡,municipal,1981/4/10,35.679455,139.800908,point,representative_point,municipal,江東区登録文化財,史跡,
municipal_source,江東区,文化財一覧,131083000000.0,https://www.opendata.metro.tokyo.lg.jp/koto/131083_002_cultural_property.csv,13Tokyo/raw/municipal/13108/data.csv,横綱阿武松緑之助墓,,玉泉院(墓地),,玉泉院(墓地),,江東区,13108,江東区登録文化財,史跡,municipal,1982/3/15,35.679455,139.800908,point,representative_point,municipal,江東区登録文化財,史跡,
municipal_source,江東区,文化財一覧,131083000000.0,https://www.opendata.metro.tokyo.lg.jp/koto/131083_002_cultural_property.csv,13Tokyo/raw/municipal/13108/data.csv,浦風墓,,玉泉院(墓地),,玉泉院(墓地),,江東区,13108,江東区登録文化財,史跡,municipal,1982/4/10,35.679455,139.800908,point,representative_point,municipal,江東区登録文化財,史跡,
municipal_source,江東区,文化財一覧,131083000000.0,https://www.opendata.metro.tokyo.lg.jp/koto/131083_002_cultural_property.csv,13Tokyo/raw/municipal/13108/data.csv,天廼門都竜墓,,玉泉院(墓地),,玉泉院(墓地),,江東区,13108,江東区登録文化財,史跡,municipal,1984/3/26,35.679455,139.800908,point,representative_point,municipal,江東区登録文化財,史跡,
municipal_source,江東区,文化財一覧,131083000000.0,https://www.opendata.metro.tokyo.lg.jp/koto/131083_002_cultural_property.csv,13Tokyo/raw/municipal/13108/data.csv,十三代・十六代木村庄之助墓,,玉泉院(墓地),,玉泉院(墓地),,江東区,13108,江東区登録文化財,史跡,municipal,1984/3/26,35.679455,139.800908,point,representative_point,municipal,江東区登録文化財,史跡,
municipal_source,江東区,文化財一覧,131083000000.0,https://www.opendata.metro.tokyo.lg.jp/koto/131083_002_cultural_property.csv,13Tokyo/raw/municipal/13108/data.csv,和田家歴代墓,,長専院,,長専院,,江東区,13108,江東区登録文化財,史跡,municipal,1983/5/31,35.680705,139.800321,point,representative_point,municipal,江東区登録文化財,史跡,
municipal_source,江東区,文化財一覧,131083000000.0,https://www.opendata.metro.tokyo.lg.jp/koto/131083_002_cultural_property.csv,13Tokyo/raw/municipal/13108/data.csv,紀伊国屋文左衛門墓,,成等院,,成等院,,江東区,13108,江東区登録文化財,史跡,municipal,1981/4/10,35.680233,139.800283,point,representative_point,municipal,江東区登録文化財,史跡,
municipal_source,江東区,文化財一覧,131083000000.0,https://www.opendata.metro.tokyo.lg.jp/koto/131083_002_cultural_property.csv,13Tokyo/raw/municipal/13108/data.csv,三代・四代・五代山響墓,,成等院,,成等院,,江東区,13108,江東区登録文化財,史跡,municipal,1988/3/24,35.680233,139.800283,point,representative_point,municipal,江東区登録文化財,史跡,
municipal_source,江東区,文化財一覧,131083000000.0,https://www.opendata.metro.tokyo.lg.jp/koto/131083_002_cultural_property.csv,13Tokyo/raw/municipal/13108/data.csv,松平忠敏墓,,正覚院,,正覚院,,江東区,13108,江東区登録文化財,史跡,municipal,1994/3/23,35.680547,139.799813,point,representative_point,municipal,江東区登録文化財,史跡,
municipal_source,江東区,文化財一覧,131083000000.0,https://www.opendata.metro.tokyo.lg.jp/koto/131083_002_cultural_property.csv,13Tokyo/raw/municipal/13108/data.csv,霊巖寺学寮跡,,,,,,江東区,13108,江東区登録文化財,史跡,municipal,1986/3/26,35.679704,139.799874,point,representative_point,municipal,江東区登録文化財,史跡,
municipal_source,江東区,文化財一覧,131083000000.0,https://www.opendata.metro.tokyo.lg.jp/koto/131083_002_cultural_property.csv,13Tokyo/raw/municipal/13108/data.csv,二代目勝俵蔵墓,,照光院,,照光院,,江東区,13108,江東区登録文化財,史跡,municipal,1983/5/31,35.679958,139.803315,point,representative_point,municipal,江東区登録文化財,史跡,
municipal_source,江東区,文化財一覧,131083000000.0,https://www.opendata.metro.tokyo.lg.jp/koto/131083_002_cultural_property.csv,13Tokyo/raw/municipal/13108/data.csv,福士幸次郎墓,,済生院(墓地),,済生院(墓地),,江東区,13108,江東区登録文化財,史跡,municipal,1981/4/10,35.68059,139.801505,point,representative_point,municipal,江東区登録文化財,史跡,
municipal_source,江東区,文化財一覧,131083000000.0,https://www.opendata.metro.tokyo.lg.jp/koto/131083_002_cultural_property.csv,13Tokyo/raw/municipal/13108/data.csv,庄司甚右衛門墓,,雲光院,,雲光院,,江東区,13108,江東区登録文化財,史跡,municipal,1981/4/10,35.680513,139.803357,point,representative_point,municipal,江東区登録文化財,史跡,
municipal_source,江東区,文化財一覧,131083000000.0,https://www.opendata.metro.tokyo.lg.jp/koto/131083_002_cultural_property.csv,13Tokyo/raw/municipal/13108/data.csv,初代竹本越路太夫・三代野澤吉兵衛墓,,雲光院,,雲光院,,江東区,13108,江東区登録文化財,史跡,municipal,1984/3/26,35.680513,139.803357,point,representative_point,municipal,江東区登録文化財,史跡,
municipal_source,江東区,文化財一覧,131083000000.0,https://www.opendata.metro.tokyo.lg.jp/koto/131083_002_cultural_property.csv,13Tokyo/raw/municipal/13108/data.csv,後藤三右衛門光亨墓,,雲光院,,雲光院,,江東区,13108,江東区登録文化財,史跡,municipal,1986/3/26,35.680513,139.803357,point,representative_point,municipal,江東区登録文化財,史跡,
municipal_source,江東区,文化財一覧,131083000000.0,https://www.opendata.metro.tokyo.lg.jp/koto/131083_002_cultural_property.csv,13Tokyo/raw/municipal/13108/data.csv,福聚庵跡 黄檗宗江戸八カ庵の一,,,,,,江東区,13108,江東区登録文化財,史跡,municipal,1986/3/26,35.680466,139.806437,point,representative_point,municipal,江東区登録文化財,史跡,
municipal_source,江東区,文化財一覧,131083000000.0,https://www.opendata.metro.tokyo.lg.jp/koto/131083_002_cultural_property.csv,13Tokyo/raw/municipal/13108/data.csv,大屋裏住墓,,一言院(墓地),,一言院(墓地),,江東区,13108,江東区登録文化財,史跡,municipal,1984/3/26,35.680536,139.804301,point,representative_point,municipal,江東区登録文化財,史跡,
municipal_source,江東区,文化財一覧,131083000000.0,https://www.opendata.metro.tokyo.lg.jp/koto/131083_002_cultural_property.csv,13Tokyo/raw/municipal/13108/data.csv,進藤忠次墓,,一言院(墓地),,一言院(墓地),,江東区,13108,江東区登録文化財,史跡,municipal,1988/3/24,35.680536,139.804301,point,representative_point,municipal,江東区登録文化財,史跡,
municipal_source,江東区,文化財一覧,131083000000.0,https://www.opendata.metro.tokyo.lg.jp/koto/131083_002_cultural_property.csv,13Tokyo/raw/municipal/13108/data.csv,深川の薮そば跡,,,,,,江東区,13108,江東区登録文化財,史跡,municipal,1986/3/26,35.680936,139.805825,point,representative_point,municipal,江東区登録文化財,史跡,
municipal_source,江東区,文化財一覧,131083000000.0,https://www.opendata.metro.tokyo.lg.jp/koto/131083_002_cultural_property.csv,13Tokyo/raw/municipal/13108/data.csv,度会園女墓,,雄松院,,雄松院,,江東区,13108,江東区登録文化財,史跡,municipal,1981/4/10,35.681011,139.799252,point,representative_point,municipal,江東区登録文化財,史跡,
municipal_source,江東区,文化財一覧,131083000000.0,https://www.opendata.metro.tokyo.lg.jp/koto/131083_002_cultural_property.csv,13Tokyo/raw/municipal/13108/data.csv,奈良屋茂左衛門墓跡,,雄松院,,雄松院,,江東区,13108,江東区登録文化財,史跡,municipal,1982/3/15,35.681011,139.799252,point,representative_point,municipal,江東区登録文化財,史跡,
municipal_source,江東区,文化財一覧,131083000000.0,https://www.opendata.metro.tokyo.lg.jp/koto/131083_002_cultural_property.csv,13Tokyo/raw/municipal/13108/data.csv,雄誉霊巖墓,,霊巖寺,,霊巖寺,,江東区,13108,江東区登録文化財,史跡,municipal,1981/4/10,35.680812,139.799953,point,representative_point,municipal,江東区登録文化財,史跡,
municipal_source,江東区,文化財一覧,131083000000.0,https://www.opendata.metro.tokyo.lg.jp/koto/131083_002_cultural_property.csv,13Tokyo/raw/municipal/13108/data.csv,本多忠統墓,,霊巖寺,,霊巖寺,,江東区,13108,江東区登録文化財,史跡,municipal,1982/3/15,35.680812,139.799953,point,representative_point,municipal,江東区登録文化財,史跡,
municipal_source,江東区,文化財一覧,131083000000.0,https://www.opendata.metro.tokyo.lg.jp/koto/131083_002_cultural_property.csv,13Tokyo/raw/municipal/13108/data.csv,松田東吉郎墓,,霊巖寺,,霊巖寺,,江東区,13108,江東区登録文化財,史跡,municipal,1982/4/10,35.680812,139.799953,point,representative_point,municipal,江東区登録文化財,史跡,
municipal_source,江東区,文化財一覧,131083000000.0,https://www.opendata.metro.tokyo.lg.jp/koto/131083_002_cultural_property.csv,13Tokyo/raw/municipal/13108/data.csv,高田藩主榊原家墓,,霊巖寺,,霊巖寺,,江東区,13108,江東区登録文化財,史跡,municipal,1983/5/31,35.680812,139.799953,point,representative_point,municipal,江東区登録文化財,史跡,
municipal_source,江東区,文化財一覧,131083000000.0,https://www.opendata.metro.tokyo.lg.jp/koto/131083_002_cultural_property.csv,13Tokyo/raw/municipal/13108/data.csv,桑名藩主松平家墓,,霊巖寺,,霊巖寺,,江東区,13108,江東区登録文化財,史跡,municipal,1983/5/31,35.680812,139.799953,point,representative_point,municipal,江東区登録文化財,史跡,
municipal_source,江東区,文化財一覧,131083000000.0,https://www.opendata.metro.tokyo.lg.jp/koto/131083_002_cultural_property.csv,13Tokyo/raw/municipal/13108/data.csv,膳所藩主本多家墓,,霊巖寺,,霊巖寺,,江東区,13108,江東区登録文化財,史跡,municipal,1983/5/31,35.680812,139.799953,point,representative_point,municipal,江東区登録文化財,史跡,
municipal_source,江東区,文化財一覧,131083000000.0,https://www.opendata.metro.tokyo.lg.jp/koto/131083_002_cultural_property.csv,13Tokyo/raw/municipal/13108/data.csv,尼崎藩主松平家墓,,霊巖寺,,霊巖寺,,江東区,13108,江東区登録文化財,史跡,municipal,1983/5/31,35.680812,139.799953,point,representative_point,municipal,江東区登録文化財,史跡,
municipal_source,江東区,文化財一覧,131083000000.0,https://www.opendata.metro.tokyo.lg.jp/koto/131083_002_cultural_property.csv,13Tokyo/raw/municipal/13108/data.csv,今治藩主松平家墓,,霊巖寺,,霊巖寺,,江東区,13108,江東区登録文化財,史跡,municipal,1983/5/31,35.680812,139.799953,point,representative_point,municipal,江東区登録文化財,史跡,
municipal_source,江東区,文化財一覧,131083000000.0,https://www.opendata.metro.tokyo.lg.jp/koto/131083_002_cultural_property.csv,13Tokyo/raw/municipal/13108/data.csv,峰山藩主京極家墓,,霊巖寺,,霊巖寺,,江東区,13108,江東区登録文化財,史跡,municipal,1988/3/24,35.680812,139.799953,point,representative_point,municipal,江東区登録文化財,史跡,
municipal_source,江東区,文化財一覧,131083000000.0,https://www.opendata.metro.tokyo.lg.jp/koto/131083_002_cultural_property.csv,13Tokyo/raw/municipal/13108/data.csv,松旭斎天一墓,,霊巌寺,,霊巖寺,,江東区,13108,江東区登録文化財,史跡,municipal,1998/3/30,35.680812,139.799953,point,representative_point,municipal,江東区登録文化財,史跡,
municipal_source,江東区,文化財一覧,131083000000.0,https://www.opendata.metro.tokyo.lg.jp/koto/131083_002_cultural_property.csv,13Tokyo/raw/municipal/13108/data.csv,干鰯場(銚子場)跡,,,,,,江東区,13108,江東区登録文化財,史跡,municipal,1981/4/10,35.682256,139.800193,point,representative_point,municipal,江東区登録文化財,史跡,
municipal_source,江東区,文化財一覧,131083000000.0,https://www.opendata.metro.tokyo.lg.jp/koto/131083_002_cultural_property.csv,13Tokyo/raw/municipal/13108/data.csv,岩出惣兵衛宅跡,,,,,,江東区,13108,江東区登録文化財,史跡,municipal,1986/3/26,35.682883,139.799284,point,representative_point,municipal,江東区登録文化財,史跡,
municipal_source,江東区,文化財一覧,131083000000.0,https://www.opendata.metro.tokyo.lg.jp/koto/131083_002_cultural_property.csv,13Tokyo/raw/municipal/13108/data.csv,下手渡藩上屋敷跡,,,,,,江東区,13108,江東区登録文化財,史跡,municipal,1994/3/23,35.681144,139.801291,point,representative_point,municipal,江東区登録文化財,史跡,
municipal_source,江東区,文化財一覧,131083000000.0,https://www.opendata.metro.tokyo.lg.jp/koto/131083_002_cultural_property.csv,13Tokyo/raw/municipal/13108/data.csv,真光庵跡 黄檗宗江戸八カ庵の一,,,,,,江東区,13108,江東区登録文化財,史跡,municipal,1986/3/26,35.681574,139.802678,point,representative_point,municipal,江東区登録文化財,史跡,
municipal_source,江東区,文化財一覧,131083000000.0,https://www.opendata.metro.tokyo.lg.jp/koto/131083_002_cultural_property.csv,13Tokyo/raw/municipal/13108/data.csv,万祥庵跡 黄檗宗江戸八カ庵の一,,,,,,江東区,13108,江東区登録文化財,史跡,municipal,1986/3/26,35.681574,139.802678,point,representative_point,municipal,江東区登録文化財,史跡,
municipal_source,江東区,文化財一覧,131083000000.0,https://www.opendata.metro.tokyo.lg.jp/koto/131083_002_cultural_property.csv,13Tokyo/raw/municipal/13108/data.csv,海辺新田鋳銭座跡,,,,,,江東区,13108,江東区登録文化財,史跡,municipal,1999/3/26,35.68314,139.802652,point,representative_point,municipal,江東区登録文化財,史跡,
municipal_source,江東区,文化財一覧,131083000000.0,https://www.opendata.metro.tokyo.lg.jp/koto/131083_002_cultural_property.csv,13Tokyo/raw/municipal/13108/data.csv,加舎白雄誕生の地,,,,,,江東区,13108,江東区登録文化財,史跡,municipal,2007/10/26,35.683326,139.807703,point,representative_point,municipal,江東区登録文化財,史跡,
municipal_source,江東区,文化財一覧,131083000000.0,https://www.opendata.metro.tokyo.lg.jp/koto/131083_002_cultural_property.csv,13Tokyo/raw/municipal/13108/data.csv,大慈庵跡 黄檗宗江戸八カ庵の一,,,,,,江東区,13108,江東区登録文化財,史跡,municipal,1984/3/26,35.684234,139.798866,point,representative_point,municipal,江東区登録文化財,史跡,
municipal_source,江東区,文化財一覧,131083000000.0,https://www.opendata.metro.tokyo.lg.jp/koto/131083_002_cultural_property.csv,13Tokyo/raw/municipal/13108/data.csv,隅田川汽船航路跡,,,,,,江東区,13108,江東区登録文化財,史跡,municipal,1984/3/26,35.678275,139.789839,point,representative_point,municipal,江東区登録文化財,史跡,
municipal_source,江東区,文化財一覧,131083000000.0,https://www.opendata.metro.tokyo.lg.jp/koto/131083_002_cultural_property.csv,13Tokyo/raw/municipal/13108/data.csv,旧永代橋跡,,,,,,江東区,13108,江東区登録文化財,史跡,municipal,1981/4/10,35.67728,139.78931,point,representative_point,municipal,江東区登録文化財,史跡,
municipal_source,江東区,文化財一覧,131083000000.0,https://www.opendata.metro.tokyo.lg.jp/koto/131083_002_cultural_property.csv,13Tokyo/raw/municipal/13108/data.csv,深川正米市場跡,,,,,,江東区,13108,江東区登録文化財,史跡,municipal,1984/3/26,35.67661,139.790117,point,representative_point,municipal,江東区登録文化財,史跡,
municipal_source,江東区,文化財一覧,131083000000.0,https://www.opendata.metro.tokyo.lg.jp/koto/131083_002_cultural_property.csv,13Tokyo/raw/municipal/13108/data.csv,干鰯場(元場)跡,,,,,,江東区,13108,江東区登録文化財,史跡,municipal,2019/10/1,35.676646,139.791862,point,representative_point,municipal,江東区登録文化財,史跡,
municipal_source,江東区,文化財一覧,131083000000.0,https://www.opendata.metro.tokyo.lg.jp/koto/131083_002_cultural_property.csv,13Tokyo/raw/municipal/13108/data.csv,干鰯場(永代場)跡,,,,,,江東区,13108,江東区登録文化財,史跡,municipal,1981/4/10,35.678872,139.792764,point,representative_point,municipal,江東区登録文化財,史跡,
municipal_source,江東区,文化財一覧,131083000000.0,https://www.opendata.metro.tokyo.lg.jp/koto/131083_002_cultural_property.csv,13Tokyo/raw/municipal/13108/data.csv,伊東甲子太郎道場跡,,,,,,江東区,13108,江東区登録文化財,史跡,municipal,1986/3/26,35.676561,139.791018,point,representative_point,municipal,江東区登録文化財,史跡,
municipal_source,江東区,文化財一覧,131083000000.0,https://www.opendata.metro.tokyo.lg.jp/koto/131083_002_cultural_property.csv,13Tokyo/raw/municipal/13108/data.csv,いろは蔵跡,,,,,,江東区,13108,江東区登録文化財,史跡,municipal,1985/3/25,35.676561,139.791018,point,representative_point,municipal,江東区登録文化財,史跡,
municipal_source,江東区,文化財一覧,131083000000.0,https://www.opendata.metro.tokyo.lg.jp/koto/131083_002_cultural_property.csv,13Tokyo/raw/municipal/13108/data.csv,大川口の渡し跡,,,,,,江東区,13108,江東区登録文化財,史跡,municipal,1986/3/26,35.673884,139.788961,point,representative_point,municipal,江東区登録文化財,史跡,
municipal_source,江東区,文化財一覧,131083000000.0,https://www.opendata.metro.tokyo.lg.jp/koto/131083_002_cultural_property.csv,13Tokyo/raw/municipal/13108/data.csv,初代市川段四郎墓,,正源寺,,正源寺,,江東区,13108,江東区登録文化財,史跡,municipal,1984/3/26,35.674289,139.789584,point,representative_point,municipal,江東区登録文化財,史跡,
municipal_source,江東区,文化財一覧,131083000000.0,https://www.opendata.metro.tokyo.lg.jp/koto/131083_002_cultural_property.csv,13Tokyo/raw/municipal/13108/data.csv,伊奈忠治・忠重墓,,正源寺,,正源寺,,江東区,13108,江東区登録文化財,史跡,municipal,1986/3/26,35.674289,139.789584,point,representative_point,municipal,江東区登録文化財,史跡,
municipal_source,江東区,文化財一覧,131083000000.0,https://www.opendata.metro.tokyo.lg.jp/koto/131083_002_cultural_property.csv,13Tokyo/raw/municipal/13108/data.csv,佐久間象山砲術塾跡,,,,,,江東区,13108,江東区登録文化財,史跡,municipal,1981/4/10,35.674671,139.790821,point,representative_point,municipal,江東区登録文化財,史跡,
municipal_source,江東区,文化財一覧,131083000000.0,https://www.opendata.metro.tokyo.lg.jp/koto/131083_002_cultural_property.csv,13Tokyo/raw/municipal/13108/data.csv,熊井理左衛門宅跡,,,,,,江東区,13108,江東区登録文化財,史跡,municipal,1981/4/10,35.674712,139.789095,point,representative_point,municipal,江東区登録文化財,史跡,
municipal_source,江東区,文化財一覧,131083000000.0,https://www.opendata.metro.tokyo.lg.jp/koto/131083_002_cultural_property.csv,13Tokyo/raw/municipal/13108/data.csv,相川新兵衛宅跡,,,,,,江東区,13108,江東区登録文化財,史跡,municipal,1982/4/10,35.674712,139.789095,point,representative_point,municipal,江東区登録文化財,史跡,
municipal_source,江東区,文化財一覧,131083000000.0,https://www.opendata.metro.tokyo.lg.jp/koto/131083_002_cultural_property.csv,13Tokyo/raw/municipal/13108/data.csv,深川魚市場跡,,,,,,江東区,13108,江東区登録文化財,史跡,municipal,1984/3/26,35.67523,139.788917,point,representative_point,municipal,江東区登録文化財,史跡,
municipal_source,江東区,文化財一覧,131083000000.0,https://www.opendata.metro.tokyo.lg.jp/koto/131083_002_cultural_property.csv,13Tokyo/raw/municipal/13108/data.csv,伊勢ノ海墓,,萬徳院,,萬徳院,,江東区,13108,江東区登録文化財,史跡,municipal,1982/4/10,35.675022,139.792726,point,representative_point,municipal,江東区登録文化財,史跡,
municipal_source,江東区,文化財一覧,131083000000.0,https://www.opendata.metro.tokyo.lg.jp/koto/131083_002_cultural_property.csv,13Tokyo/raw/municipal/13108/data.csv,佐渡ケ嶽墓,,萬徳院,,萬徳院,,江東区,13108,江東区登録文化財,史跡,municipal,1982/4/10,35.675022,139.792726,point,representative_point,municipal,江東区登録文化財,史跡,
municipal_source,江東区,文化財一覧,131083000000.0,https://www.opendata.metro.tokyo.lg.jp/koto/131083_002_cultural_property.csv,13Tokyo/raw/municipal/13108/data.csv,六代目式守伊之助墓,,萬徳院,,萬徳院,,江東区,13108,江東区登録文化財,史跡,municipal,1986/3/26,35.675022,139.792726,point,representative_point,municipal,江東区登録文化財,史跡,
municipal_source,江東区,文化財一覧,131083000000.0,https://www.opendata.metro.tokyo.lg.jp/koto/131083_002_cultural_property.csv,13Tokyo/raw/municipal/13108/data.csv,三代・四代・六代若松墓,,萬徳院,,萬徳院,,江東区,13108,江東区登録文化財,史跡,municipal,1986/3/26,35.675022,139.792726,point,representative_point,municipal,江東区登録文化財,史跡,
municipal_source,江東区,文化財一覧,131083000000.0,https://www.opendata.metro.tokyo.lg.jp/koto/131083_002_cultural_property.csv,13Tokyo/raw/municipal/13108/data.csv,渋沢栄一宅跡,,,,,,江東区,13108,江東区登録文化財,史跡,municipal,1984/3/26,35.674427,139.791185,point,representative_point,municipal,江東区登録文化財,史跡,
municipal_source,江東区,文化財一覧,131083000000.0,https://www.opendata.metro.tokyo.lg.jp/koto/131083_002_cultural_property.csv,13Tokyo/raw/municipal/13108/data.csv,新井白石寓居跡,,,,,,江東区,13108,江東区登録文化財,史跡,municipal,1986/3/26,35.676901,139.793446,point,representative_point,municipal,江東区登録文化財,史跡,
municipal_source,江東区,文化財一覧,131083000000.0,https://www.opendata.metro.tokyo.lg.jp/koto/131083_002_cultural_property.csv,13Tokyo/raw/municipal/13108/data.csv,閻魔堂橋跡,,,,,,江東区,13108,江東区登録文化財,史跡,municipal,1984/3/26,35.675413,139.794676,point,representative_point,municipal,江東区登録文化財,史跡,
municipal_source,江東区,文化財一覧,131083000000.0,https://www.opendata.metro.tokyo.lg.jp/koto/131083_002_cultural_property.csv,13Tokyo/raw/municipal/13108/data.csv,干鰯場(江川場)跡,,,,,,江東区,13108,江東区登録文化財,史跡,municipal,1981/4/10,35.674813,139.795738,point,representative_point,municipal,江東区登録文化財,史跡,
municipal_source,江東区,文化財一覧,131083000000.0,https://www.opendata.metro.tokyo.lg.jp/koto/131083_002_cultural_property.csv,13Tokyo/raw/municipal/13108/data.csv,三角屋鋪跡,,,,,,江東区,13108,江東区登録文化財,史跡,municipal,1984/3/26,35.676289,139.795307,point,representative_point,municipal,江東区登録文化財,史跡,
municipal_source,江東区,文化財一覧,131083000000.0,https://www.opendata.metro.tokyo.lg.jp/koto/131083_002_cultural_property.csv,13Tokyo/raw/municipal/13108/data.csv,西尾藩藩校典学館跡,,,,,,江東区,13108,江東区登録文化財,史跡,municipal,1997/3/28,35.677301,139.794913,point,representative_point,municipal,江東区登録文化財,史跡,
municipal_source,江東区,文化財一覧,131083000000.0,https://www.opendata.metro.tokyo.lg.jp/koto/131083_002_cultural_property.csv,13Tokyo/raw/municipal/13108/data.csv,斎藤鶴磯宅跡,,,,,,江東区,13108,江東区登録文化財,史跡,municipal,1986/3/26,35.677813,139.796596,point,representative_point,municipal,江東区登録文化財,史跡,
municipal_source,江東区,文化財一覧,131083000000.0,https://www.opendata.metro.tokyo.lg.jp/koto/131083_002_cultural_property.csv,13Tokyo/raw/municipal/13108/data.csv,小津安二郎誕生の地,,,,,,江東区,13108,江東区登録文化財,史跡,municipal,1995/3/28,35.676873,139.796796,point,representative_point,municipal,江東区登録文化財,史跡,
municipal_source,江東区,文化財一覧,131083000000.0,https://www.opendata.metro.tokyo.lg.jp/koto/131083_002_cultural_property.csv,13Tokyo/raw/municipal/13108/data.csv,採荼庵跡,,,,,,江東区,13108,江東区登録文化財,史跡,municipal,1981/4/10,35.678043,139.797627,point,representative_point,municipal,江東区登録文化財,史跡,
municipal_source,江東区,文化財一覧,131083000000.0,https://www.opendata.metro.tokyo.lg.jp/koto/131083_002_cultural_property.csv,13Tokyo/raw/municipal/13108/data.csv,和倉の渡し跡,,,,,,江東区,13108,江東区登録文化財,史跡,municipal,1985/3/25,35.673687,139.79756,point,representative_point,municipal,江東区登録文化財,史跡,
municipal_source,江東区,文化財一覧,131083000000.0,https://www.opendata.metro.tokyo.lg.jp/koto/131083_002_cultural_property.csv,13Tokyo/raw/municipal/13108/data.csv,理照院墓,,玄信寺,,玄信寺,,江東区,13108,江東区登録文化財,史跡,municipal,1983/5/31,35.675496,139.797474,point,representative_point,municipal,江東区登録文化財,史跡,
municipal_source,江東区,文化財一覧,131083000000.0,https://www.opendata.metro.tokyo.lg.jp/koto/131083_002_cultural_property.csv,13Tokyo/raw/municipal/13108/data.csv,紫檀楼古喜墓,,玄信寺,,玄信寺,,江東区,13108,江東区登録文化財,史跡,municipal,1984/3/26,35.675496,139.797474,point,representative_point,municipal,江東区登録文化財,史跡,
municipal_source,江東区,文化財一覧,131083000000.0,https://www.opendata.metro.tokyo.lg.jp/koto/131083_002_cultural_property.csv,13Tokyo/raw/municipal/13108/data.csv,初代市川八百蔵墓,,法乗院,,法乗院,,江東区,13108,江東区登録文化財,史跡,municipal,1984/3/26,35.67546,139.796552,point,representative_point,municipal,江東区登録文化財,史跡,
municipal_source,江東区,文化財一覧,131083000000.0,https://www.opendata.metro.tokyo.lg.jp/koto/131083_002_cultural_property.csv,13Tokyo/raw/municipal/13108/data.csv,豊田古童墓,,法乗院,,法乗院,,江東区,13108,江東区登録文化財,史跡,municipal,1986/3/26,35.67546,139.796552,point,representative_point,municipal,江東区登録文化財,史跡,
municipal_source,江東区,文化財一覧,131083000000.0,https://www.opendata.metro.tokyo.lg.jp/koto/131083_002_cultural_property.csv,13Tokyo/raw/municipal/13108/data.csv,五世鶴屋南北墓,,心行寺,,心行寺,,江東区,13108,江東区登録文化財,史跡,municipal,1982/4/10,35.675974,139.796779,point,representative_point,municipal,江東区登録文化財,史跡,
municipal_source,江東区,文化財一覧,131083000000.0,https://www.opendata.metro.tokyo.lg.jp/koto/131083_002_cultural_property.csv,13Tokyo/raw/municipal/13108/data.csv,二軒茶屋松本墓,,心行寺,,心行寺,,江東区,13108,江東区登録文化財,史跡,municipal,1982/4/10,35.675974,139.796779,point,representative_point,municipal,江東区登録文化財,史跡,
municipal_source,江東区,文化財一覧,131083000000.0,https://www.opendata.metro.tokyo.lg.jp/koto/131083_002_cultural_property.csv,13Tokyo/raw/municipal/13108/data.csv,養源院墓,,心行寺,,心行寺,,江東区,13108,江東区登録文化財,史跡,municipal,1983/5/31,35.675974,139.796779,point,representative_point,municipal,江東区登録文化財,史跡,
municipal_source,江東区,文化財一覧,131083000000.0,https://www.opendata.metro.tokyo.lg.jp/koto/131083_002_cultural_property.csv,13Tokyo/raw/municipal/13108/data.csv,工藤平助墓 附工藤丈庵墓,,陽岳寺,,心行寺,,江東区,13108,江東区登録文化財,史跡,municipal,1983/5/31,35.675974,139.796779,point,representative_point,municipal,江東区登録文化財,史跡,
municipal_source,江東区,文化財一覧,131083000000.0,https://www.opendata.metro.tokyo.lg.jp/koto/131083_002_cultural_property.csv,13Tokyo/raw/municipal/13108/data.csv,川口忠七・直墓,,心行寺,,心行寺,,江東区,13108,江東区登録文化財,史跡,municipal,1985/3/25,35.675974,139.796779,point,representative_point,municipal,江東区登録文化財,史跡,
municipal_source,江東区,文化財一覧,131083000000.0,https://www.opendata.metro.tokyo.lg.jp/koto/131083_002_cultural_property.csv,13Tokyo/raw/municipal/13108/data.csv,伴伝兵衛店墓地,,心行寺,,心行寺,,江東区,13108,江東区登録文化財,史跡,municipal,1999/3/26,35.675974,139.796779,point,representative_point,municipal,江東区登録文化財,史跡,
municipal_source,江東区,文化財一覧,131083000000.0,https://www.opendata.metro.tokyo.lg.jp/koto/131083_002_cultural_property.csv,13Tokyo/raw/municipal/13108/data.csv,海福寺跡,,,,,,江東区,13108,江東区登録文化財,史跡,municipal,1983/5/31,35.676453,139.797728,point,representative_point,municipal,江東区登録文化財,史跡,
municipal_source,江東区,文化財一覧,131083000000.0,https://www.opendata.metro.tokyo.lg.jp/koto/131083_002_cultural_property.csv,13Tokyo/raw/municipal/13108/data.csv,三井親和墓,,増林寺,,増林寺,,江東区,13108,江東区登録文化財,史跡,municipal,1981/4/10,35.677014,139.797507,point,representative_point,municipal,江東区登録文化財,史跡,
municipal_source,江東区,文化財一覧,131083000000.0,https://www.opendata.metro.tokyo.lg.jp/koto/131083_002_cultural_property.csv,13Tokyo/raw/municipal/13108/data.csv,元杢網夫妻墓,,正覚寺,,正覚寺,,江東区,13108,江東区登録文化財,史跡,municipal,1981/4/10,35.677186,139.798643,point,representative_point,municipal,江東区登録文化財,史跡,
municipal_source,江東区,文化財一覧,131083000000.0,https://www.opendata.metro.tokyo.lg.jp/koto/131083_002_cultural_property.csv,13Tokyo/raw/municipal/13108/data.csv,蕎麦切稲荷跡,,,,,,江東区,13108,江東区登録文化財,史跡,municipal,2000/3/27,35.673623,139.801448,point,representative_point,municipal,江東区登録文化財,史跡,
municipal_source,江東区,文化財一覧,131083000000.0,https://www.opendata.metro.tokyo.lg.jp/koto/131083_002_cultural_property.csv,13Tokyo/raw/municipal/13108/data.csv,坪井信道日習堂跡,,深川第二中学校,,深川第二中学校,,江東区,13108,江東区登録文化財,史跡,municipal,1998/3/30,35.676192,139.800019,point,representative_point,municipal,江東区登録文化財,史跡,
municipal_source,江東区,文化財一覧,131083000000.0,https://www.opendata.metro.tokyo.lg.jp/koto/131083_002_cultural_property.csv,13Tokyo/raw/municipal/13108/data.csv,一の鳥居跡,,,,,,江東区,13108,江東区登録文化財,史跡,municipal,1983/5/31,35.672343,139.794221,point,representative_point,municipal,江東区登録文化財,史跡,
municipal_source,江東区,文化財一覧,131083000000.0,https://www.opendata.metro.tokyo.lg.jp/koto/131083_002_cultural_property.csv,13Tokyo/raw/municipal/13108/data.csv,伊能忠敬宅跡,,,,,,江東区,13108,江東区登録文化財,史跡,municipal,1981/4/10,35.674541,139.794175,point,representative_point,municipal,江東区登録文化財,史跡,
municipal_source,江東区,文化財一覧,131083000000.0,https://www.opendata.metro.tokyo.lg.jp/koto/131083_002_cultural_property.csv,13Tokyo/raw/municipal/13108/data.csv,蓬莱橋跡,,,,,,江東区,13108,江東区登録文化財,史跡,municipal,1985/3/25,35.669809,139.798068,point,representative_point,municipal,江東区登録文化財,史跡,
municipal_source,江東区,文化財一覧,131083000000.0,https://www.opendata.metro.tokyo.lg.jp/koto/131083_002_cultural_property.csv,13Tokyo/raw/municipal/13108/data.csv,東京市立深川図書館跡,,深川公園,,,,江東区,13108,江東区登録文化財,史跡,municipal,1987/3/26,35.672474,139.796973,point,representative_point,municipal,江東区登録文化財,史跡,
municipal_source,江東区,文化財一覧,131083000000.0,https://www.opendata.metro.tokyo.lg.jp/koto/131083_002_cultural_property.csv,13Tokyo/raw/municipal/13108/data.csv,永代寺跡,,,,,,江東区,13108,江東区登録文化財,史跡,municipal,1981/4/10,35.67286,139.797463,point,representative_point,municipal,江東区登録文化財,史跡,
municipal_source,江東区,文化財一覧,131083000000.0,https://www.opendata.metro.tokyo.lg.jp/koto/131083_002_cultural_property.csv,13Tokyo/raw/municipal/13108/data.csv,永代寺歴代住持墓,,永代寺,,永代寺,,江東区,13108,江東区登録文化財,史跡,municipal,1982/4/10,35.672013,139.798061,point,representative_point,municipal,江東区登録文化財,史跡,
municipal_source,江東区,文化財一覧,131083000000.0,https://www.opendata.metro.tokyo.lg.jp/koto/131083_002_cultural_property.csv,13Tokyo/raw/municipal/13108/data.csv,富岡八幡宮富士塚跡,,,,,,江東区,13108,江東区登録文化財,史跡,municipal,1984/3/26,35.672513,139.799164,point,representative_point,municipal,江東区登録文化財,史跡,
municipal_source,江東区,文化財一覧,131083000000.0,https://www.opendata.metro.tokyo.lg.jp/koto/131083_002_cultural_property.csv,13Tokyo/raw/municipal/13108/data.csv,八幡堀跡,,,,,,江東区,13108,江東区登録文化財,史跡,municipal,1986/3/26,35.672413,139.800632,point,representative_point,municipal,江東区登録文化財,史跡,
municipal_source,江東区,文化財一覧,131083000000.0,https://www.opendata.metro.tokyo.lg.jp/koto/131083_002_cultural_property.csv,13Tokyo/raw/municipal/13108/data.csv,二軒茶屋跡,,,,,,江東区,13108,江東区登録文化財,史跡,municipal,1986/3/26,35.6718,139.799749,point,representative_point,municipal,江東区登録文化財,史跡,
municipal_source,江東区,文化財一覧,131083000000.0,https://www.opendata.metro.tokyo.lg.jp/koto/131083_002_cultural_property.csv,13Tokyo/raw/municipal/13108/data.csv,三十三間堂跡,,,,,,江東区,13108,江東区登録文化財,史跡,municipal,1981/4/10,35.671617,139.801482,point,representative_point,municipal,江東区登録文化財,史跡,
municipal_source,江東区,文化財一覧,131083000000.0,https://www.opendata.metro.tokyo.lg.jp/koto/131083_002_cultural_property.csv,13Tokyo/raw/municipal/13108/data.csv,四世鶴屋南北宅跡,,稲荷神社,,稲荷神社,,江東区,13108,江東区登録文化財,史跡,municipal,1982/4/10,35.670764,139.794506,point,representative_point,municipal,江東区登録文化財,史跡,
municipal_source,江東区,文化財一覧,131083000000.0,https://www.opendata.metro.tokyo.lg.jp/koto/131083_002_cultural_property.csv,13Tokyo/raw/municipal/13108/data.csv,二世烏亭焉馬宅跡,,,,,,江東区,13108,江東区登録文化財,史跡,municipal,1986/3/26,35.670556,139.794026,point,representative_point,municipal,江東区登録文化財,史跡,
municipal_source,江東区,文化財一覧,131083000000.0,https://www.opendata.metro.tokyo.lg.jp/koto/131083_002_cultural_property.csv,13Tokyo/raw/municipal/13108/data.csv,雀の森跡,,,,,,江東区,13108,江東区登録文化財,史跡,municipal,1986/3/26,35.670556,139.794026,point,representative_point,municipal,江東区登録文化財,史跡,
municipal_source,江東区,文化財一覧,131083000000.0,https://www.opendata.metro.tokyo.lg.jp/koto/131083_002_cultural_property.csv,13Tokyo/raw/municipal/13108/data.csv,越中島新田跡,,,,,,江東区,13108,江東区登録文化財,史跡,municipal,1990/3/28,35.670556,139.794026,point,representative_point,municipal,江東区登録文化財,史跡,
municipal_source,江東区,文化財一覧,131083000000.0,https://www.opendata.metro.tokyo.lg.jp/koto/131083_002_cultural_property.csv,13Tokyo/raw/municipal/13108/data.csv,雀林荘跡,,,,,,江東区,13108,江東区登録文化財,史跡,municipal,2001/3/29,35.670426,139.793618,point,representative_point,municipal,江東区登録文化財,史跡,
municipal_source,江東区,文化財一覧,131083000000.0,https://www.opendata.metro.tokyo.lg.jp/koto/131083_002_cultural_property.csv,13Tokyo/raw/municipal/13108/data.csv,洲崎御薬草御植付場跡,,,,,,江東区,13108,江東区登録文化財,史跡,municipal,1998/3/30,35.668721,139.801131,point,representative_point,municipal,江東区登録文化財,史跡,
municipal_source,江東区,文化財一覧,131083000000.0,https://www.opendata.metro.tokyo.lg.jp/koto/131083_002_cultural_property.csv,13Tokyo/raw/municipal/13108/data.csv,松平定信海荘跡,,,,,,江東区,13108,江東区登録文化財,史跡,municipal,2004/12/24,35.669086,139.800494,point,representative_point,municipal,江東区登録文化財,史跡,
municipal_source,江東区,文化財一覧,131083000000.0,https://www.opendata.metro.tokyo.lg.jp/koto/131083_002_cultural_property.csv,13Tokyo/raw/municipal/13108/data.csv,金刀比羅神社跡,,,,,,江東区,13108,江東区登録文化財,史跡,municipal,1998/3/30,35.666427,139.799471,point,representative_point,municipal,江東区登録文化財,史跡,
municipal_source,江東区,文化財一覧,131083000000.0,https://www.opendata.metro.tokyo.lg.jp/koto/131083_002_cultural_property.csv,13Tokyo/raw/municipal/13108/data.csv,越中島,,,,,,江東区,13108,江東区登録文化財,史跡,municipal,1994/3/23,35.670805,139.792064,point,representative_point,municipal,江東区登録文化財,史跡,
municipal_source,江東区,文化財一覧,131083000000.0,https://www.opendata.metro.tokyo.lg.jp/koto/131083_002_cultural_property.csv,13Tokyo/raw/municipal/13108/data.csv,越中島砲台跡,,国立大学法人東京海洋大学,,国立大学法人東京海洋大学,,江東区,13108,江東区指定文化財,史跡,municipal,2021/7/1,35.667867,139.791777,point,representative_point,municipal,江東区指定文化財,史跡,
municipal_source,江東区,文化財一覧,131083000000.0,https://www.opendata.metro.tokyo.lg.jp/koto/131083_002_cultural_property.csv,13Tokyo/raw/municipal/13108/data.csv,竹橋事件処刑場跡,,,,,,江東区,13108,江東区登録文化財,史跡,municipal,1986/3/26,35.66749,139.79549,point,representative_point,municipal,江東区登録文化財,史跡,
municipal_source,江東区,文化財一覧,131083000000.0,https://www.opendata.metro.tokyo.lg.jp/koto/131083_002_cultural_property.csv,13Tokyo/raw/municipal/13108/data.csv,越中島練兵場跡,,,,,,江東区,13108,江東区登録文化財,史跡,municipal,1982/4/10,35.667392,139.79502,point,representative_point,municipal,江東区登録文化財,史跡,
municipal_source,江東区,文化財一覧,131083000000.0,https://www.opendata.metro.tokyo.lg.jp/koto/131083_002_cultural_property.csv,13Tokyo/raw/municipal/13108/data.csv,十万坪跡,,,,,,江東区,13108,江東区登録文化財,史跡,municipal,1982/4/10,35.679403,139.815244,point,representative_point,municipal,江東区登録文化財,史跡,
municipal_source,江東区,文化財一覧,131083000000.0,https://www.opendata.metro.tokyo.lg.jp/koto/131083_002_cultural_property.csv,13Tokyo/raw/municipal/13108/data.csv,再製塩製造所跡,,,,,,江東区,13108,江東区登録文化財,史跡,municipal,1986/3/26,35.681003,139.810786,point,representative_point,municipal,江東区登録文化財,史跡,
municipal_source,江東区,文化財一覧,131083000000.0,https://www.opendata.metro.tokyo.lg.jp/koto/131083_002_cultural_property.csv,13Tokyo/raw/municipal/13108/data.csv,十万坪鋳銭場跡,,,,,,江東区,13108,江東区登録文化財,史跡,municipal,1984/3/26,35.677745,139.818621,point,representative_point,municipal,江東区登録文化財,史跡,
municipal_source,江東区,文化財一覧,131083000000.0,https://www.opendata.metro.tokyo.lg.jp/koto/131083_002_cultural_property.csv,13Tokyo/raw/municipal/13108/data.csv,民営機械製粉業発祥の地,,,,,,江東区,13108,江東区登録文化財,史跡,municipal,2001/6/26,35.683758,139.810822,point,representative_point,municipal,江東区登録文化財,史跡,
municipal_source,江東区,文化財一覧,131083000000.0,https://www.opendata.metro.tokyo.lg.jp/koto/131083_002_cultural_property.csv,13Tokyo/raw/municipal/13108/data.csv,猿江船改番所跡,,,,,,江東区,13108,江東区登録文化財,史跡,municipal,1989/3/24,35.684749,139.810991,point,representative_point,municipal,江東区登録文化財,史跡,
municipal_source,江東区,文化財一覧,131083000000.0,https://www.opendata.metro.tokyo.lg.jp/koto/131083_002_cultural_property.csv,13Tokyo/raw/municipal/13108/data.csv,逹理堂跡,,,,,,江東区,13108,江東区登録文化財,史跡,municipal,1985/3/25,35.685099,139.811858,point,representative_point,municipal,江東区登録文化財,史跡,
municipal_source,江東区,文化財一覧,131083000000.0,https://www.opendata.metro.tokyo.lg.jp/koto/131083_002_cultural_property.csv,13Tokyo/raw/municipal/13108/data.csv,関根正二墓,,重願寺,,重願寺,,江東区,13108,江東区登録文化財,史跡,municipal,1984/3/26,35.686399,139.813572,point,representative_point,municipal,江東区登録文化財,史跡,
municipal_source,江東区,文化財一覧,131083000000.0,https://www.opendata.metro.tokyo.lg.jp/koto/131083_002_cultural_property.csv,13Tokyo/raw/municipal/13108/data.csv,新場小安墓,,重願寺,,重願寺,,江東区,13108,江東区登録文化財,史跡,municipal,1985/3/25,35.686399,139.813572,point,representative_point,municipal,江東区登録文化財,史跡,
municipal_source,江東区,文化財一覧,131083000000.0,https://www.opendata.metro.tokyo.lg.jp/koto/131083_002_cultural_property.csv,13Tokyo/raw/municipal/13108/data.csv,摩利支天祠跡,,日先神社,,日先神社,,江東区,13108,江東区登録文化財,史跡,municipal,1982/4/10,35.686619,139.813707,point,representative_point,municipal,江東区登録文化財,史跡,
municipal_source,江東区,文化財一覧,131083000000.0,https://www.opendata.metro.tokyo.lg.jp/koto/131083_002_cultural_property.csv,13Tokyo/raw/municipal/13108/data.csv,妙寿寺跡,,,,,,江東区,13108,江東区登録文化財,史跡,municipal,1984/3/26,35.685738,139.814232,point,representative_point,municipal,江東区登録文化財,史跡,
municipal_source,江東区,文化財一覧,131083000000.0,https://www.opendata.metro.tokyo.lg.jp/koto/131083_002_cultural_property.csv,13Tokyo/raw/municipal/13108/data.csv,覚王寺跡,,,,,,江東区,13108,江東区登録文化財,史跡,municipal,1984/3/26,35.6874,139.819694,point,representative_point,municipal,江東区登録文化財,史跡,
municipal_source,江東区,文化財一覧,131083000000.0,https://www.opendata.metro.tokyo.lg.jp/koto/131083_002_cultural_property.csv,13Tokyo/raw/municipal/13108/data.csv,覚樹王院跡,,,,,,江東区,13108,江東区登録文化財,史跡,municipal,1984/3/26,35.6874,139.819694,point,representative_point,municipal,江東区登録文化財,史跡,
municipal_source,江東区,文化財一覧,131083000000.0,https://www.opendata.metro.tokyo.lg.jp/koto/131083_002_cultural_property.csv,13Tokyo/raw/municipal/13108/data.csv,五本松跡,,,,,,江東区,13108,江東区登録文化財,史跡,municipal,1981/4/10,35.685045,139.818236,point,representative_point,municipal,江東区登録文化財,史跡,
municipal_source,江東区,文化財一覧,131083000000.0,https://www.opendata.metro.tokyo.lg.jp/koto/131083_002_cultural_property.csv,13Tokyo/raw/municipal/13108/data.csv,大横川,,,,,,江東区,13108,江東区登録文化財,史跡,municipal,1981/4/10,35.692984,139.809383,point,representative_point,municipal,江東区登録文化財,史跡,
municipal_source,江東区,文化財一覧,131083000000.0,https://www.opendata.metro.tokyo.lg.jp/koto/131083_002_cultural_property.csv,13Tokyo/raw/municipal/13108/data.csv,斎藤堀跡,,,,,,江東区,13108,江東区登録文化財,史跡,municipal,1986/3/26,35.687784,139.809753,point,representative_point,municipal,江東区登録文化財,史跡,
municipal_source,江東区,文化財一覧,131083000000.0,https://www.opendata.metro.tokyo.lg.jp/koto/131083_002_cultural_property.csv,13Tokyo/raw/municipal/13108/data.csv,猿江御材木蔵跡,,,,,,江東区,13108,江東区登録文化財,史跡,municipal,1982/4/10,35.688767,139.817092,point,representative_point,municipal,江東区登録文化財,史跡,
municipal_source,江東区,文化財一覧,131083000000.0,https://www.opendata.metro.tokyo.lg.jp/koto/131083_002_cultural_property.csv,13Tokyo/raw/municipal/13108/data.csv,牡丹園跡,,,,,,江東区,13108,江東区登録文化財,史跡,municipal,1985/3/25,35.692468,139.814827,point,representative_point,municipal,江東区登録文化財,史跡,
municipal_source,江東区,文化財一覧,131083000000.0,https://www.opendata.metro.tokyo.lg.jp/koto/131083_002_cultural_property.csv,13Tokyo/raw/municipal/13108/data.csv,藤森稲荷跡,,,,,,江東区,13108,江東区登録文化財,史跡,municipal,1984/3/26,35.691257,139.818115,point,representative_point,municipal,江東区登録文化財,史跡,
municipal_source,江東区,文化財一覧,131083000000.0,https://www.opendata.metro.tokyo.lg.jp/koto/131083_002_cultural_property.csv,13Tokyo/raw/municipal/13108/data.csv,七代目市川團十郎宅跡,,,,,,江東区,13108,江東区登録文化財,史跡,municipal,1982/4/10,35.670507,139.803795,point,representative_point,municipal,江東区登録文化財,史跡,
municipal_source,江東区,文化財一覧,131083000000.0,https://www.opendata.metro.tokyo.lg.jp/koto/131083_002_cultural_property.csv,13Tokyo/raw/municipal/13108/data.csv,鶴歩町跡,,,,,,江東区,13108,江東区登録文化財,史跡,municipal,1984/3/26,35.672646,139.803332,point,representative_point,municipal,江東区登録文化財,史跡,
municipal_source,江東区,文化財一覧,131083000000.0,https://www.opendata.metro.tokyo.lg.jp/koto/131083_002_cultural_property.csv,13Tokyo/raw/municipal/13108/data.csv,長谷川如是閑誕生の地,,,,,,江東区,13108,江東区登録文化財,史跡,municipal,2006/3/27,35.67506,139.806347,point,representative_point,municipal,江東区登録文化財,史跡,
municipal_source,江東区,文化財一覧,131083000000.0,https://www.opendata.metro.tokyo.lg.jp/koto/131083_002_cultural_property.csv,13Tokyo/raw/municipal/13108/data.csv,油堀跡,,,,,,江東区,13108,江東区登録文化財,史跡,municipal,1984/3/26,35.67233,139.805632,point,representative_point,municipal,江東区登録文化財,史跡,
municipal_source,江東区,文化財一覧,131083000000.0,https://www.opendata.metro.tokyo.lg.jp/koto/131083_002_cultural_property.csv,13Tokyo/raw/municipal/13108/data.csv,山東京伝誕生の地,,,,,,江東区,13108,江東区登録文化財,史跡,municipal,1982/4/10,35.673108,139.80923,point,representative_point,municipal,江東区登録文化財,史跡,
municipal_source,江東区,文化財一覧,131083000000.0,https://www.opendata.metro.tokyo.lg.jp/koto/131083_002_cultural_property.csv,13Tokyo/raw/municipal/13108/data.csv,大島川,,,,,,江東区,13108,江東区登録文化財,史跡,municipal,1984/3/26,35.669112,139.807806,point,representative_point,municipal,江東区登録文化財,史跡,
municipal_source,江東区,文化財一覧,131083000000.0,https://www.opendata.metro.tokyo.lg.jp/koto/131083_002_cultural_property.csv,13Tokyo/raw/municipal/13108/data.csv,平井新田跡,,,,,,江東区,13108,江東区登録文化財,史跡,municipal,1984/3/26,35.6691,139.809883,point,representative_point,municipal,江東区登録文化財,史跡,
municipal_source,江東区,文化財一覧,131083000000.0,https://www.opendata.metro.tokyo.lg.jp/koto/131083_002_cultural_property.csv,13Tokyo/raw/municipal/13108/data.csv,平井新田塩浜跡,,,,,,江東区,13108,江東区登録文化財,史跡,municipal,1984/3/26,35.669109,139.816434,point,representative_point,municipal,江東区登録文化財,史跡,
municipal_source,江東区,文化財一覧,131083000000.0,https://www.opendata.metro.tokyo.lg.jp/koto/131083_002_cultural_property.csv,13Tokyo/raw/municipal/13108/data.csv,六万坪跡,,,,,,江東区,13108,江東区登録文化財,史跡,municipal,1983/5/31,35.674509,139.813751,point,representative_point,municipal,江東区登録文化財,史跡,
municipal_source,江東区,文化財一覧,131083000000.0,https://www.opendata.metro.tokyo.lg.jp/koto/131083_002_cultural_property.csv,13Tokyo/raw/municipal/13108/data.csv,元佐倉道跡,,,,,,江東区,13108,江東区登録文化財,史跡,municipal,1982/4/10,35.694801,139.845391,point,representative_point,municipal,江東区登録文化財,史跡,
municipal_source,江東区,文化財一覧,131083000000.0,https://www.opendata.metro.tokyo.lg.jp/koto/131083_002_cultural_property.csv,13Tokyo/raw/municipal/13108/data.csv,亀戸天神旅所跡,,,,,,江東区,13108,江東区登録文化財,史跡,municipal,1989/3/24,35.693904,139.820698,point,representative_point,municipal,江東区登録文化財,史跡,
municipal_source,江東区,文化財一覧,131083000000.0,https://www.opendata.metro.tokyo.lg.jp/koto/131083_002_cultural_property.csv,13Tokyo/raw/municipal/13108/data.csv,おいてけ堀跡,,,,,,江東区,13108,江東区登録文化財,史跡,municipal,1986/3/26,35.695307,139.821667,point,representative_point,municipal,江東区登録文化財,史跡,
municipal_source,江東区,文化財一覧,131083000000.0,https://www.opendata.metro.tokyo.lg.jp/koto/131083_002_cultural_property.csv,13Tokyo/raw/municipal/13108/data.csv,五之橋跡,,,,,,江東区,13108,江東区登録文化財,史跡,municipal,1986/3/26,35.693831,139.826127,point,representative_point,municipal,江東区登録文化財,史跡,
municipal_source,江東区,文化財一覧,131083000000.0,https://www.opendata.metro.tokyo.lg.jp/koto/131083_002_cultural_property.csv,13Tokyo/raw/municipal/13108/data.csv,亀戸銭座跡,,,,,,江東区,13108,江東区登録文化財,史跡,municipal,1981/4/10,35.699889,139.819594,point,representative_point,municipal,江東区登録文化財,史跡,
municipal_source,江東区,文化財一覧,131083000000.0,https://www.opendata.metro.tokyo.lg.jp/koto/131083_002_cultural_property.csv,13Tokyo/raw/municipal/13108/data.csv,本多忠央家墓,,長寿寺,,長寿寺,,江東区,13108,江東区登録文化財,史跡,municipal,1988/3/24,35.703146,139.819657,point,representative_point,municipal,江東区登録文化財,史跡,
municipal_source,江東区,文化財一覧,131083000000.0,https://www.opendata.metro.tokyo.lg.jp/koto/131083_002_cultural_property.csv,13Tokyo/raw/municipal/13108/data.csv,西館孤清墓 附妻美佐子墓,,長寿寺,,長寿寺,,江東区,13108,江東区登録文化財,史跡,municipal,1988/3/24,35.703146,139.819657,point,representative_point,municipal,江東区登録文化財,史跡,
municipal_source,江東区,文化財一覧,131083000000.0,https://www.opendata.metro.tokyo.lg.jp/koto/131083_002_cultural_property.csv,13Tokyo/raw/municipal/13108/data.csv,西館翫水墓,,長寿寺,,長寿寺,,江東区,13108,江東区登録文化財,史跡,municipal,2007/10/26,35.703146,139.819657,point,representative_point,municipal,江東区登録文化財,史跡,
municipal_source,江東区,文化財一覧,131083000000.0,https://www.opendata.metro.tokyo.lg.jp/koto/131083_002_cultural_property.csv,13Tokyo/raw/municipal/13108/data.csv,光蔵寺跡,,,,,,江東区,13108,江東区登録文化財,史跡,municipal,1989/3/24,35.703328,139.819736,point,representative_point,municipal,江東区登録文化財,史跡,
municipal_source,江東区,文化財一覧,131083000000.0,https://www.opendata.metro.tokyo.lg.jp/koto/131083_002_cultural_property.csv,13Tokyo/raw/municipal/13108/data.csv,十間川,,,,,,江東区,13108,江東区登録文化財,史跡,municipal,1985/3/25,35.707264,139.81899,point,representative_point,municipal,江東区登録文化財,史跡,
municipal_source,江東区,文化財一覧,131083000000.0,https://www.opendata.metro.tokyo.lg.jp/koto/131083_002_cultural_property.csv,13Tokyo/raw/municipal/13108/data.csv,梅屋敷跡,,,,,,江東区,13108,江東区登録文化財,史跡,municipal,1981/4/10,35.705613,139.824165,point,representative_point,municipal,江東区登録文化財,史跡,
municipal_source,江東区,文化財一覧,131083000000.0,https://www.opendata.metro.tokyo.lg.jp/koto/131083_002_cultural_property.csv,13Tokyo/raw/municipal/13108/data.csv,入神明宮跡,,,,,,江東区,13108,江東区登録文化財,史跡,municipal,1982/4/10,35.705009,139.823021,point,representative_point,municipal,江東区登録文化財,史跡,
municipal_source,江東区,文化財一覧,131083000000.0,https://www.opendata.metro.tokyo.lg.jp/koto/131083_002_cultural_property.csv,13Tokyo/raw/municipal/13108/data.csv,歌川豊国(国貞)墓,,光明寺,,光明寺,,江東区,13108,江東区登録文化財,史跡,municipal,1981/4/10,35.704178,139.822582,point,representative_point,municipal,江東区登録文化財,史跡,
municipal_source,江東区,文化財一覧,131083000000.0,https://www.opendata.metro.tokyo.lg.jp/koto/131083_002_cultural_property.csv,13Tokyo/raw/municipal/13108/data.csv,伊藤左千夫墓,,普門院,,普門院,,江東区,13108,江東区登録文化財,史跡,municipal,1981/4/10,35.703512,139.822503,point,representative_point,municipal,江東区登録文化財,史跡,
municipal_source,江東区,文化財一覧,131083000000.0,https://www.opendata.metro.tokyo.lg.jp/koto/131083_002_cultural_property.csv,13Tokyo/raw/municipal/13108/data.csv,横綱秀ノ山雷五郎墓,,普門院,,普門院,,江東区,13108,江東区登録文化財,史跡,municipal,1984/3/26,35.703512,139.822503,point,representative_point,municipal,江東区登録文化財,史跡,
municipal_source,江東区,文化財一覧,131083000000.0,https://www.opendata.metro.tokyo.lg.jp/koto/131083_002_cultural_property.csv,13Tokyo/raw/municipal/13108/data.csv,勝田家墓地,,普門院,,普門院,,江東区,13108,江東区登録文化財,史跡,municipal,1985/3/25,35.703512,139.822503,point,representative_point,municipal,江東区登録文化財,史跡,
municipal_source,江東区,文化財一覧,131083000000.0,https://www.opendata.metro.tokyo.lg.jp/koto/131083_002_cultural_property.csv,13Tokyo/raw/municipal/13108/data.csv,神官香取家墓地,,香取神社,,香取神社,,江東区,13108,江東区登録文化財,史跡,municipal,1984/3/26,35.704295,139.825214,point,representative_point,municipal,江東区登録文化財,史跡,
municipal_source,江東区,文化財一覧,131083000000.0,https://www.opendata.metro.tokyo.lg.jp/koto/131083_002_cultural_property.csv,13Tokyo/raw/municipal/13108/data.csv,亀の島跡,,,,,,江東区,13108,江東区登録文化財,史跡,municipal,1982/4/10,35.703939,139.825203,point,representative_point,municipal,江東区登録文化財,史跡,
municipal_source,江東区,文化財一覧,131083000000.0,https://www.opendata.metro.tokyo.lg.jp/koto/131083_002_cultural_property.csv,13Tokyo/raw/municipal/13108/data.csv,亀ヶ井跡,,,,,,江東区,13108,江東区登録文化財,史跡,municipal,1982/4/10,35.704148,139.824476,point,representative_point,municipal,江東区登録文化財,史跡,
municipal_source,江東区,文化財一覧,131083000000.0,https://www.opendata.metro.tokyo.lg.jp/koto/131083_002_cultural_property.csv,13Tokyo/raw/municipal/13108/data.csv,歌川国輝墓,,宝蓮寺,,宝蓮寺,,江東区,13108,江東区登録文化財,史跡,municipal,1984/3/26,35.702061,139.827409,point,representative_point,municipal,江東区登録文化財,史跡,
municipal_source,江東区,文化財一覧,131083000000.0,https://www.opendata.metro.tokyo.lg.jp/koto/131083_002_cultural_property.csv,13Tokyo/raw/municipal/13108/data.csv,占風園跡,,,,,,江東区,13108,江東区登録文化財,史跡,municipal,1998/3/30,35.695401,139.827853,point,representative_point,municipal,江東区登録文化財,史跡,
municipal_source,江東区,文化財一覧,131083000000.0,https://www.opendata.metro.tokyo.lg.jp/koto/131083_002_cultural_property.csv,13Tokyo/raw/municipal/13108/data.csv,北十間川,,,,,,江東区,13108,江東区登録文化財,史跡,municipal,1982/4/10,35.702437,139.834662,point,representative_point,municipal,江東区登録文化財,史跡,
municipal_source,江東区,文化財一覧,131083000000.0,https://www.opendata.metro.tokyo.lg.jp/koto/131083_002_cultural_property.csv,13Tokyo/raw/municipal/13108/data.csv,竪川,,,,,,江東区,13108,江東区登録文化財,史跡,municipal,1982/4/10,35.695275,139.846814,point,representative_point,municipal,江東区登録文化財,史跡,
municipal_source,江東区,文化財一覧,131083000000.0,https://www.opendata.metro.tokyo.lg.jp/koto/131083_002_cultural_property.csv,13Tokyo/raw/municipal/13108/data.csv,逆井の渡し跡,,,,,,江東区,13108,江東区登録文化財,史跡,municipal,1982/4/10,35.695148,139.847074,point,representative_point,municipal,江東区登録文化財,史跡,
municipal_source,江東区,文化財一覧,131083000000.0,https://www.opendata.metro.tokyo.lg.jp/koto/131083_002_cultural_property.csv,13Tokyo/raw/municipal/13108/data.csv,釜屋跡,,,,,,江東区,13108,江東区登録文化財,史跡,municipal,1981/4/10,35.687427,139.821869,point,representative_point,municipal,江東区登録文化財,史跡,
municipal_source,江東区,文化財一覧,131083000000.0,https://www.opendata.metro.tokyo.lg.jp/koto/131083_002_cultural_property.csv,13Tokyo/raw/municipal/13108/data.csv,庚申道,,,,,,江東区,13108,江東区登録文化財,史跡,municipal,1989/3/24,35.686359,139.824026,point,representative_point,municipal,江東区登録文化財,史跡,
municipal_source,江東区,文化財一覧,131083000000.0,https://www.opendata.metro.tokyo.lg.jp/koto/131083_002_cultural_property.csv,13Tokyo/raw/municipal/13108/data.csv,釜屋の渡し跡,,,,,,江東区,13108,江東区登録文化財,史跡,municipal,1986/3/26,35.685814,139.823796,point,representative_point,municipal,江東区登録文化財,史跡,
municipal_source,江東区,文化財一覧,131083000000.0,https://www.opendata.metro.tokyo.lg.jp/koto/131083_002_cultural_property.csv,13Tokyo/raw/municipal/13108/data.csv,一茶寓居跡,,,,,,江東区,13108,江東区登録文化財,史跡,municipal,1985/3/25,35.692246,139.820076,point,representative_point,municipal,江東区登録文化財,史跡,
municipal_source,江東区,文化財一覧,131083000000.0,https://www.opendata.metro.tokyo.lg.jp/koto/131083_002_cultural_property.csv,13Tokyo/raw/municipal/13108/data.csv,霊巖寺念仏堂跡,,,,,,江東区,13108,江東区登録文化財,史跡,municipal,1989/3/24,35.690421,139.830603,point,representative_point,municipal,江東区登録文化財,史跡,
municipal_source,江東区,文化財一覧,131083000000.0,https://www.opendata.metro.tokyo.lg.jp/koto/131083_002_cultural_property.csv,13Tokyo/raw/municipal/13108/data.csv,羅漢寺跡,,,,,,江東区,13108,江東区登録文化財,史跡,municipal,1981/4/10,35.689243,139.826605,point,representative_point,municipal,江東区登録文化財,史跡,
municipal_source,江東区,文化財一覧,131083000000.0,https://www.opendata.metro.tokyo.lg.jp/koto/131083_002_cultural_property.csv,13Tokyo/raw/municipal/13108/data.csv,製糖の渡し跡,,,,,,江東区,13108,江東区登録文化財,史跡,municipal,1986/3/26,35.686041,139.831618,point,representative_point,municipal,江東区登録文化財,史跡,
municipal_source,江東区,文化財一覧,131083000000.0,https://www.opendata.metro.tokyo.lg.jp/koto/131083_002_cultural_property.csv,13Tokyo/raw/municipal/13108/data.csv,伊藤左千夫宅跡,,,,,,江東区,13108,江東区登録文化財,史跡,municipal,1982/4/10,35.692988,139.832361,point,representative_point,municipal,江東区登録文化財,史跡,
municipal_source,江東区,文化財一覧,131083000000.0,https://www.opendata.metro.tokyo.lg.jp/koto/131083_002_cultural_property.csv,13Tokyo/raw/municipal/13108/data.csv,中川船番所跡,,,,,,江東区,13108,江東区指定文化財,史跡,municipal,2003/3/28,35.686645,139.846426,point,representative_point,municipal,江東区指定文化財,史跡,
municipal_source,江東区,文化財一覧,131083000000.0,https://www.opendata.metro.tokyo.lg.jp/koto/131083_002_cultural_property.csv,13Tokyo/raw/municipal/13108/data.csv,小名木川,,,,,,江東区,13108,江東区登録文化財,史跡,municipal,1981/4/10,35.686801,139.845692,point,representative_point,municipal,江東区登録文化財,史跡,
municipal_source,江東区,文化財一覧,131083000000.0,https://www.opendata.metro.tokyo.lg.jp/koto/131083_002_cultural_property.csv,13Tokyo/raw/municipal/13108/data.csv,牛島神社跡,,,,,,江東区,13108,江東区登録文化財,史跡,municipal,1987/3/26,35.691467,139.846158,point,representative_point,municipal,江東区登録文化財,史跡,
municipal_source,江東区,文化財一覧,131083000000.0,https://www.opendata.metro.tokyo.lg.jp/koto/131083_002_cultural_property.csv,13Tokyo/raw/municipal/13108/data.csv,左行秀鍛練場跡,,,,,,江東区,13108,江東区登録文化財,史跡,municipal,1982/4/10,35.683469,139.821132,point,representative_point,municipal,江東区登録文化財,史跡,
municipal_source,江東区,文化財一覧,131083000000.0,https://www.opendata.metro.tokyo.lg.jp/koto/131083_002_cultural_property.csv,13Tokyo/raw/municipal/13108/data.csv,中浜万次郎宅跡,,,,,,江東区,13108,江東区登録文化財,史跡,municipal,1987/3/26,35.683192,139.822594,point,representative_point,municipal,江東区登録文化財,史跡,
municipal_source,江東区,文化財一覧,131083000000.0,https://www.opendata.metro.tokyo.lg.jp/koto/131083_002_cultural_property.csv,13Tokyo/raw/municipal/13108/data.csv,近藤長裕墓,,妙久寺,,妙久寺,,江東区,13108,江東区登録文化財,史跡,municipal,1984/3/26,35.678253,139.826474,point,representative_point,municipal,江東区登録文化財,史跡,
municipal_source,江東区,文化財一覧,131083000000.0,https://www.opendata.metro.tokyo.lg.jp/koto/131083_002_cultural_property.csv,13Tokyo/raw/municipal/13108/data.csv,東京巡行船航路跡,,,,,,江東区,13108,江東区登録文化財,史跡,municipal,1984/3/26,35.685104,139.835566,point,representative_point,municipal,江東区登録文化財,史跡,
municipal_source,江東区,文化財一覧,131083000000.0,https://www.opendata.metro.tokyo.lg.jp/koto/131083_002_cultural_property.csv,13Tokyo/raw/municipal/13108/data.csv,松平冠山屋敷跡,,,,,,江東区,13108,江東区登録文化財,史跡,municipal,1982/4/10,35.684228,139.833175,point,representative_point,municipal,江東区登録文化財,史跡,
municipal_source,江東区,文化財一覧,131083000000.0,https://www.opendata.metro.tokyo.lg.jp/koto/131083_002_cultural_property.csv,13Tokyo/raw/municipal/13108/data.csv,精製糖工業発祥の地,,,,,,江東区,13108,江東区登録文化財,史跡,municipal,1982/4/10,35.684056,139.833125,point,representative_point,municipal,江東区登録文化財,史跡,
municipal_source,江東区,文化財一覧,131083000000.0,https://www.opendata.metro.tokyo.lg.jp/koto/131083_002_cultural_property.csv,13Tokyo/raw/municipal/13108/data.csv,徳島藩下屋敷庭園跡,,,,,,江東区,13108,江東区登録文化財,史跡,municipal,2001/3/29,35.684016,139.832928,point,representative_point,municipal,江東区登録文化財,史跡,
municipal_source,江東区,文化財一覧,131083000000.0,https://www.opendata.metro.tokyo.lg.jp/koto/131083_002_cultural_property.csv,13Tokyo/raw/municipal/13108/data.csv,砂町運河跡,,,,,,江東区,13108,江東区登録文化財,史跡,municipal,1984/3/26,35.673692,139.835542,point,representative_point,municipal,江東区登録文化財,史跡,
municipal_source,江東区,文化財一覧,131083000000.0,https://www.opendata.metro.tokyo.lg.jp/koto/131083_002_cultural_property.csv,13Tokyo/raw/municipal/13108/data.csv,荻家歴代墓,,上妙寺,,上妙寺,,江東区,13108,江東区登録文化財,史跡,municipal,1983/5/31,35.683128,139.840652,point,representative_point,municipal,江東区登録文化財,史跡,
municipal_source,江東区,文化財一覧,131083000000.0,https://www.opendata.metro.tokyo.lg.jp/koto/131083_002_cultural_property.csv,13Tokyo/raw/municipal/13108/data.csv,増田市五郎墓,,上妙寺,,上妙寺,,江東区,13108,江東区登録文化財,史跡,municipal,1984/3/26,35.683128,139.840652,point,representative_point,municipal,江東区登録文化財,史跡,
municipal_source,江東区,文化財一覧,131083000000.0,https://www.opendata.metro.tokyo.lg.jp/koto/131083_002_cultural_property.csv,13Tokyo/raw/municipal/13108/data.csv,上妙寺歴代住職墓,,上妙寺,,上妙寺,,江東区,13108,江東区登録文化財,史跡,municipal,1985/3/25,35.683128,139.840652,point,representative_point,municipal,江東区登録文化財,史跡,
municipal_source,江東区,文化財一覧,131083000000.0,https://www.opendata.metro.tokyo.lg.jp/koto/131083_002_cultural_property.csv,13Tokyo/raw/municipal/13108/data.csv,四ッ車大八墓,,因速寺,,因速寺,,江東区,13108,江東区登録文化財,史跡,municipal,1983/5/31,35.682478,139.840813,point,representative_point,municipal,江東区登録文化財,史跡,
municipal_source,江東区,文化財一覧,131083000000.0,https://www.opendata.metro.tokyo.lg.jp/koto/131083_002_cultural_property.csv,13Tokyo/raw/municipal/13108/data.csv,松本久四郎墓,,因速寺,,因速寺,,江東区,13108,江東区登録文化財,史跡,municipal,1984/3/26,35.682478,139.840813,point,representative_point,municipal,江東区登録文化財,史跡,
municipal_source,江東区,文化財一覧,131083000000.0,https://www.opendata.metro.tokyo.lg.jp/koto/131083_002_cultural_property.csv,13Tokyo/raw/municipal/13108/data.csv,四代目荻江露友墓,,因速寺,,因速寺,,江東区,13108,江東区登録文化財,史跡,municipal,1984/3/26,35.682478,139.840813,point,representative_point,municipal,江東区登録文化財,史跡,
municipal_source,江東区,文化財一覧,131083000000.0,https://www.opendata.metro.tokyo.lg.jp/koto/131083_002_cultural_property.csv,13Tokyo/raw/municipal/13108/data.csv,太郎兵衛新田跡,,,,,,江東区,13108,江東区登録文化財,史跡,municipal,1982/4/10,35.680582,139.841646,point,representative_point,municipal,江東区登録文化財,史跡,
municipal_source,江東区,文化財一覧,131083000000.0,https://www.opendata.metro.tokyo.lg.jp/koto/131083_002_cultural_property.csv,13Tokyo/raw/municipal/13108/data.csv,草屋の渡し跡,,,,,,江東区,13108,江東区登録文化財,史跡,municipal,1984/3/26,35.684922,139.842385,point,representative_point,municipal,江東区登録文化財,史跡,
municipal_source,江東区,文化財一覧,131083000000.0,https://www.opendata.metro.tokyo.lg.jp/koto/131083_002_cultural_property.csv,13Tokyo/raw/municipal/13108/data.csv,永福寺歴代住持墓 5基,,,,,,江東区,13108,江東区登録文化財,史跡,municipal,1984/3/26,35.685793,139.845741,point,representative_point,municipal,江東区登録文化財,史跡,
municipal_source,江東区,文化財一覧,131083000000.0,https://www.opendata.metro.tokyo.lg.jp/koto/131083_002_cultural_property.csv,13Tokyo/raw/municipal/13108/data.csv,大塚新田跡,,,,,,江東区,13108,江東区登録文化財,史跡,municipal,1986/3/26,35.676775,139.838947,point,representative_point,municipal,江東区登録文化財,史跡,
municipal_source,江東区,文化財一覧,131083000000.0,https://www.opendata.metro.tokyo.lg.jp/koto/131083_002_cultural_property.csv,13Tokyo/raw/municipal/13108/data.csv,境川跡,,,,,,江東区,13108,江東区登録文化財,史跡,municipal,1985/3/25,35.675721,139.842829,point,representative_point,municipal,江東区登録文化財,史跡,
municipal_source,江東区,文化財一覧,131083000000.0,https://www.opendata.metro.tokyo.lg.jp/koto/131083_002_cultural_property.csv,13Tokyo/raw/municipal/13108/data.csv,旧葛西橋跡,,,,,,江東区,13108,江東区登録文化財,史跡,municipal,1981/4/10,35.674367,139.844127,point,representative_point,municipal,江東区登録文化財,史跡,
municipal_source,江東区,文化財一覧,131083000000.0,https://www.opendata.metro.tokyo.lg.jp/koto/131083_002_cultural_property.csv,13Tokyo/raw/municipal/13108/data.csv,舟入川跡,,,,,,江東区,13108,江東区登録文化財,史跡,municipal,1982/4/10,35.672799,139.840665,point,representative_point,municipal,江東区登録文化財,史跡,
municipal_source,江東区,文化財一覧,131083000000.0,https://www.opendata.metro.tokyo.lg.jp/koto/131083_002_cultural_property.csv,13Tokyo/raw/municipal/13108/data.csv,砂村新田跡,,,,,,江東区,13108,江東区登録文化財,史跡,municipal,1981/4/10,35.671193,139.833197,point,representative_point,municipal,江東区登録文化財,史跡,
municipal_source,江東区,文化財一覧,131083000000.0,https://www.opendata.metro.tokyo.lg.jp/koto/131083_002_cultural_property.csv,13Tokyo/raw/municipal/13108/data.csv,長州藩大砲鋳造場跡,,,,,,江東区,13108,江東区登録文化財,史跡,municipal,1985/3/25,35.672294,139.823281,point,representative_point,municipal,江東区登録文化財,史跡,
municipal_source,江東区,文化財一覧,131083000000.0,https://www.opendata.metro.tokyo.lg.jp/koto/131083_002_cultural_property.csv,13Tokyo/raw/municipal/13108/data.csv,南砂六地蔵,,地蔵堂,,地蔵堂,,江東区,13108,江東区登録文化財,史跡,municipal,1982/4/10,35.675418,139.821618,point,representative_point,municipal,江東区登録文化財,史跡,
municipal_source,江東区,文化財一覧,131083000000.0,https://www.opendata.metro.tokyo.lg.jp/koto/131083_002_cultural_property.csv,13Tokyo/raw/municipal/13108/data.csv,洲崎球場跡,,,,,,江東区,13108,江東区登録文化財,史跡,municipal,2004/12/24,35.668129,139.821993,point,representative_point,municipal,江東区登録文化財,史跡,
municipal_source,江東区,文化財一覧,131083000000.0,https://www.opendata.metro.tokyo.lg.jp/koto/131083_002_cultural_property.csv,13Tokyo/raw/municipal/13108/data.csv,相撲呼出し裁着袴製作,,,,山口由紀,,江東区,13108,江東区登録文化財,美術工芸品,municipal,2020/10/1,35.686902,139.797843,movable,representative_point,municipal,江東区登録文化財,工芸技術,
municipal_source,江東区,文化財一覧,131083000000.0,https://www.opendata.metro.tokyo.lg.jp/koto/131083_002_cultural_property.csv,13Tokyo/raw/municipal/13108/data.csv,船大工,,佐野造船所,,佐野龍太郎,,江東区,13108,江東区登録文化財,生活技術,municipal,2023/5/10,35.658897,139.815651,point,representative_point,municipal,江東区登録文化財,生活技術,
municipal_source,江東区,文化財一覧,131083000000.0,https://www.opendata.metro.tokyo.lg.jp/koto/131083_002_cultural_property.csv,13Tokyo/raw/municipal/13108/data.csv,貝漁及び鰻漁関連資料 9点,,江東区,,江東区,,江東区,13108,江東区登録文化財,美術工芸品,municipal,2023/5/18,35.672793,139.817322,movable,representative_point,municipal,江東区登録文化財,美術工芸,
municipal_source,江東区,文化財一覧,131083000000.0,https://www.opendata.metro.tokyo.lg.jp/koto/131083_002_cultural_property.csv,13Tokyo/raw/municipal/13108/data.csv,壁泉,,区立元加賀公園,,江東区,,江東区,13108,江東区登録文化財,建造物,municipal,2024/7/10,35.681692,139.808418,building_direct,building_candidate_point,municipal,江東区登録文化財,建造物,
municipal_source,江東区,文化財一覧,131083000000.0,https://www.opendata.metro.tokyo.lg.jp/koto/131083_002_cultural_property.csv,13Tokyo/raw/municipal/13108/data.csv,滑台,,区立川南公園,,江東区,,江東区,13108,江東区登録文化財,建造物,municipal,2024/7/10,35.679148,139.816614,building_direct,building_candidate_point,municipal,江東区登録文化財,建造物,
municipal_source,中野区,文化財一覧,1,https://www2.wagmap.jp/nakanodatamap/nakanodatamap/opendatafile/map_33/CSV/opendata_550120.csv,13Tokyo/raw/municipal/13114/data.csv,鷺宮囃子,,,,鷺宮囃子保存会,東京都中野区白鷺1-31-5,中野区,13114,中野区登録無形民俗文化財,無形民俗文化財,municipal,1982-04-99,35.7215275167392,139.638785999991,point,representative_point,municipal,中野区登録無形民俗文化財,無形民俗文化財,
municipal_source,中野区,文化財一覧,2,https://www2.wagmap.jp/nakanodatamap/nakanodatamap/opendatafile/map_33/CSV/opendata_550120.csv,13Tokyo/raw/municipal/13114/data.csv,哲学堂建造物6棟,,,哲学堂公園,中野区,東京都中野区松が丘1-34,中野区,13114,中野区指定有形文化財,建造物,municipal,1984-01-99,35.7219196491119,139.674372158929,building_direct,building_candidate_point,municipal,中野区指定有形文化財,建造物,
municipal_source,中野区,文化財一覧,3,https://www2.wagmap.jp/nakanodatamap/nakanodatamap/opendatafile/map_33/CSV/opendata_550120.csv,13Tokyo/raw/municipal/13114/data.csv,哲学堂建造物4棟,,,哲学堂公園,中野区,東京都中野区松が丘1-34,中野区,13114,中野区指定有形文化財,建造物,municipal,1988-05-99,35.7219196491106,139.674372158931,building_direct,building_candidate_point,municipal,中野区指定有形文化財,建造物,
municipal_source,中野区,文化財一覧,4,https://www2.wagmap.jp/nakanodatamap/nakanodatamap/opendatafile/map_33/CSV/opendata_550120.csv,13Tokyo/raw/municipal/13114/data.csv,清谷寺の十三仏板碑,,,,清谷寺,東京都中野区沼袋3-21-7,中野区,13114,中野区指定有形文化財,美術工芸品,municipal,1991-04-99,35.7185410259839,139.658989257656,movable,representative_point,municipal,中野区指定有形文化財,美術工芸品,
municipal_source,中野区,文化財一覧,5,https://www2.wagmap.jp/nakanodatamap/nakanodatamap/opendatafile/map_33/CSV/opendata_550120.csv,13Tokyo/raw/municipal/13114/data.csv,堀江家伝来の朱印状,,,,宝仙寺,東京都中野区中央2-33-3,中野区,13114,中野区指定有形文化財,美術工芸品,municipal,1991-04-99,35.6989555952361,139.679394159784,movable,representative_point,municipal,中野区指定有形文化財,美術工芸品,
municipal_source,中野区,文化財一覧,6,https://www2.wagmap.jp/nakanodatamap/nakanodatamap/opendatafile/map_33/CSV/opendata_550120.csv,13Tokyo/raw/municipal/13114/data.csv,醤油屋のしいの木,,,,歴史民俗資料館,東京都中野区江古田4-3-4,中野区,13114,中野区指定記念物,記念物,municipal,1991-04-99,35.7242050143441,139.664989373357,point,representative_point,municipal,中野区指定記念物,記念物,
municipal_source,中野区,文化財一覧,7,https://www2.wagmap.jp/nakanodatamap/nakanodatamap/opendatafile/map_33/CSV/opendata_550120.csv,13Tokyo/raw/municipal/13114/data.csv,山荘の碑,,,,蓮華寺,東京都中野区大和町4-37-15,中野区,13114,中野区登録有形文化財,美術工芸品,municipal,1991-04-99,35.7128918705434,139.642316946597,movable,representative_point,municipal,中野区登録有形文化財,美術工芸品,
municipal_source,中野区,文化財一覧,8,https://www2.wagmap.jp/nakanodatamap/nakanodatamap/opendatafile/map_33/CSV/opendata_550120.csv,13Tokyo/raw/municipal/13114/data.csv,井上円了の墓,,,,蓮華寺,東京都中野区江古田1-6-4,中野区,13114,中野区登録有形文化財,美術工芸品,municipal,1991-04-99,35.7244169482091,139.673856447059,movable,representative_point,municipal,中野区登録有形文化財,美術工芸品,
municipal_source,中野区,文化財一覧,9,https://www2.wagmap.jp/nakanodatamap/nakanodatamap/opendatafile/map_33/CSV/opendata_550120.csv,13Tokyo/raw/municipal/13114/data.csv,吉良家四代の墓,,,,萬昌院功運寺,東京都中野区上高田4-14-1,中野区,13114,中野区登録有形文化財,美術工芸品,municipal,1991-04-99,35.7124738479698,139.678703284811,movable,representative_point,municipal,中野区登録有形文化財,美術工芸品,
municipal_source,中野区,文化財一覧,10,https://www2.wagmap.jp/nakanodatamap/nakanodatamap/opendatafile/map_33/CSV/opendata_550120.csv,13Tokyo/raw/municipal/13114/data.csv,深野家文書,,,,深野家,東京都中野区江古田1-20-15,中野区,13114,中野区指定有形文化財,美術工芸品,municipal,1992-06-99,35.726729281822,139.67513290349,movable,representative_point,municipal,中野区指定有形文化財,美術工芸品,
municipal_source,中野区,文化財一覧,11,https://www2.wagmap.jp/nakanodatamap/nakanodatamap/opendatafile/map_33/CSV/opendata_550120.csv,13Tokyo/raw/municipal/13114/data.csv,堀野家文書,,,,堀野家,東京都中野区江原町2-24-22,中野区,13114,中野区指定有形文化財,美術工芸品,municipal,1992-06-99,35.7315711897828,139.670431921808,movable,representative_point,municipal,中野区指定有形文化財,美術工芸品,
municipal_source,中野区,文化財一覧,12,https://www2.wagmap.jp/nakanodatamap/nakanodatamap/opendatafile/map_33/CSV/opendata_550120.csv,13Tokyo/raw/municipal/13114/data.csv,沼袋氷川神社の絵馬,,,,沼袋氷川神社,東京都中野区沼袋1-31-4,中野区,13114,中野区指定有形民俗文化財,美術工芸品,municipal,1992-06-99,35.7195582395148,139.666878571357,movable,representative_point,municipal,中野区指定有形民俗文化財,美術工芸品,
municipal_source,中野区,文化財一覧,13,https://www2.wagmap.jp/nakanodatamap/nakanodatamap/opendatafile/map_33/CSV/opendata_550120.csv,13Tokyo/raw/municipal/13114/data.csv,多田神社の大絵馬,,,,多田神社,東京都中野区南台3-43-1,中野区,13114,中野区指定有形民俗文化財,美術工芸品,municipal,1992-06-99,35.6832545292203,139.663763673995,movable,representative_point,municipal,中野区指定有形民俗文化財,美術工芸品,
municipal_source,中野区,文化財一覧,14,https://www2.wagmap.jp/nakanodatamap/nakanodatamap/opendatafile/map_33/CSV/opendata_550120.csv,13Tokyo/raw/municipal/13114/data.csv,地蔵,,,,梅照院,東京都中野区新井5-3-5,中野区,13114,中野区登録有形文化財,美術工芸品,municipal,1994-07-99,35.7141177893522,139.667494137363,movable,representative_point,municipal,中野区登録有形文化財,美術工芸品,
municipal_source,中野区,文化財一覧,15,https://www2.wagmap.jp/nakanodatamap/nakanodatamap/opendatafile/map_33/CSV/opendata_550120.csv,13Tokyo/raw/municipal/13114/data.csv,地蔵,,,,慈眼寺,東京都中野区中央3-33-3,中野区,13114,中野区登録有形文化財,美術工芸品,municipal,1994-07-99,35.6981155258782,139.672005149133,movable,representative_point,municipal,中野区登録有形文化財,美術工芸品,
municipal_source,中野区,文化財一覧,16,https://www2.wagmap.jp/nakanodatamap/nakanodatamap/opendatafile/map_33/CSV/opendata_550120.csv,13Tokyo/raw/municipal/13114/data.csv,地蔵,,,,慈眼寺,東京都中野区中央3-33-3,中野区,13114,中野区登録有形文化財,美術工芸品,municipal,1994-07-99,35.6981155258786,139.672005149138,movable,representative_point,municipal,中野区登録有形文化財,美術工芸品,
municipal_source,中野区,文化財一覧,17,https://www2.wagmap.jp/nakanodatamap/nakanodatamap/opendatafile/map_33/CSV/opendata_550120.csv,13Tokyo/raw/municipal/13114/data.csv,地蔵,,,,成願寺,東京都中野区本町2-26-6,中野区,13114,中野区登録有形文化財,美術工芸品,municipal,1994-07-99,35.6940524209277,139.681644911369,movable,representative_point,municipal,中野区登録有形文化財,美術工芸品,
municipal_source,中野区,文化財一覧,18,https://www2.wagmap.jp/nakanodatamap/nakanodatamap/opendatafile/map_33/CSV/opendata_550120.csv,13Tokyo/raw/municipal/13114/data.csv,地蔵,,,,実相院,東京都中野区沼袋4-1-1,中野区,13114,中野区登録有形文化財,美術工芸品,municipal,1994-07-99,35.7213411868372,139.662413949217,movable,representative_point,municipal,中野区登録有形文化財,美術工芸品,
municipal_source,中野区,文化財一覧,19,https://www2.wagmap.jp/nakanodatamap/nakanodatamap/opendatafile/map_33/CSV/opendata_550120.csv,13Tokyo/raw/municipal/13114/data.csv,地蔵,,,野方第二公園西,矢島家,東京都中野区野方2-14,中野区,13114,中野区登録有形文化財,美術工芸品,municipal,1994-07-99,35.7131549488147,139.656849946562,movable,representative_point,municipal,中野区登録有形文化財,美術工芸品,
municipal_source,中野区,文化財一覧,20,https://www2.wagmap.jp/nakanodatamap/nakanodatamap/opendatafile/map_33/CSV/opendata_550120.csv,13Tokyo/raw/municipal/13114/data.csv,地蔵,,,,清谷寺,東京都中野区沼袋3-21-7,中野区,13114,中野区登録有形文化財,美術工芸品,municipal,1994-07-99,35.7185421526902,139.658989255182,movable,representative_point,municipal,中野区登録有形文化財,美術工芸品,
municipal_source,中野区,文化財一覧,21,https://www2.wagmap.jp/nakanodatamap/nakanodatamap/opendatafile/map_33/CSV/opendata_550120.csv,13Tokyo/raw/municipal/13114/data.csv,地蔵,,,,梅照院,東京都中野区新井5-3-5,中野区,13114,中野区登録有形文化財,美術工芸品,municipal,1994-07-99,35.7141177912592,139.667495518877,movable,representative_point,municipal,中野区登録有形文化財,美術工芸品,
municipal_source,中野区,文化財一覧,22,https://www2.wagmap.jp/nakanodatamap/nakanodatamap/opendatafile/map_33/CSV/opendata_550120.csv,13Tokyo/raw/municipal/13114/data.csv,地蔵,,,,東光寺,東京都中野区上高田5-21-5,中野区,13114,中野区登録有形文化財,美術工芸品,municipal,1994-07-99,35.7175331029507,139.676306969291,movable,representative_point,municipal,中野区登録有形文化財,美術工芸品,
municipal_source,中野区,文化財一覧,23,https://www2.wagmap.jp/nakanodatamap/nakanodatamap/opendatafile/map_33/CSV/opendata_550120.csv,13Tokyo/raw/municipal/13114/data.csv,地蔵,,,,篠家,東京都中野区上鷺宮1-2,中野区,13114,中野区登録有形文化財,美術工芸品,municipal,1994-07-99,35.7278529579474,139.6392771802,movable,representative_point,municipal,中野区登録有形文化財,美術工芸品,
municipal_source,中野区,文化財一覧,24,https://www2.wagmap.jp/nakanodatamap/nakanodatamap/opendatafile/map_33/CSV/opendata_550120.csv,13Tokyo/raw/municipal/13114/data.csv,地蔵,,,,正蔵院,東京都中野区弥生町4-12-1,中野区,13114,中野区登録有形文化財,美術工芸品,municipal,1994-07-99,35.6889542538709,139.672577691595,movable,representative_point,municipal,中野区登録有形文化財,美術工芸品,
municipal_source,中野区,文化財一覧,25,https://www2.wagmap.jp/nakanodatamap/nakanodatamap/opendatafile/map_33/CSV/opendata_550120.csv,13Tokyo/raw/municipal/13114/data.csv,地蔵,,,交通厄除地蔵,福蔵院,東京都中野区白鷺2-48,中野区,13114,中野区登録有形文化財,美術工芸品,municipal,1994-07-99,35.7222131009839,139.637895420222,movable,representative_point,municipal,中野区登録有形文化財,美術工芸品,
municipal_source,中野区,文化財一覧,26,https://www2.wagmap.jp/nakanodatamap/nakanodatamap/opendatafile/map_33/CSV/opendata_550120.csv,13Tokyo/raw/municipal/13114/data.csv,六地蔵,,,,東福寺,東京都中野区江古田3-9-15,中野区,13114,中野区登録有形文化財,美術工芸品,municipal,1994-07-99,35.727361883853,139.668001098474,movable,representative_point,municipal,中野区登録有形文化財,美術工芸品,
municipal_source,中野区,文化財一覧,27,https://www2.wagmap.jp/nakanodatamap/nakanodatamap/opendatafile/map_33/CSV/opendata_550120.csv,13Tokyo/raw/municipal/13114/data.csv,六地蔵,,,,清谷寺,東京都中野区沼袋3-21-7,中野区,13114,中野区登録有形文化財,美術工芸品,municipal,1994-07-99,35.7185410299906,139.658992020835,movable,representative_point,municipal,中野区登録有形文化財,美術工芸品,
municipal_source,中野区,文化財一覧,28,https://www2.wagmap.jp/nakanodatamap/nakanodatamap/opendatafile/map_33/CSV/opendata_550120.csv,13Tokyo/raw/municipal/13114/data.csv,六地蔵,,,,正蔵院,東京都中野区弥生町4-12-1,中野区,13114,中野区登録有形文化財,美術工芸品,municipal,1994-07-99,35.6889520004467,139.672577696136,movable,representative_point,municipal,中野区登録有形文化財,美術工芸品,
municipal_source,中野区,文化財一覧,29,https://www2.wagmap.jp/nakanodatamap/nakanodatamap/opendatafile/map_33/CSV/opendata_550120.csv,13Tokyo/raw/municipal/13114/data.csv,六地蔵,,,,実相院,東京都中野区沼袋4-1-1,中野区,13114,中野区登録有形文化財,美術工芸品,municipal,1994-07-99,35.7213411868376,139.662413949225,movable,representative_point,municipal,中野区登録有形文化財,美術工芸品,
municipal_source,中野区,文化財一覧,30,https://www2.wagmap.jp/nakanodatamap/nakanodatamap/opendatafile/map_33/CSV/opendata_550120.csv,13Tokyo/raw/municipal/13114/data.csv,庚申塔,,,,東光寺,東京都中野区上高田5-21-5,中野区,13114,中野区登録有形文化財,美術工芸品,municipal,1994-07-99,35.7175331029506,139.676306969294,movable,representative_point,municipal,中野区登録有形文化財,美術工芸品,
municipal_source,中野区,文化財一覧,31,https://www2.wagmap.jp/nakanodatamap/nakanodatamap/opendatafile/map_33/CSV/opendata_550120.csv,13Tokyo/raw/municipal/13114/data.csv,庚申塔,,,,梅照院,東京都中野区新井5-3-5,中野区,13114,中野区登録有形文化財,美術工芸品,municipal,1994-07-99,35.7141189179663,139.667495516545,movable,representative_point,municipal,中野区登録有形文化財,美術工芸品,
municipal_source,中野区,文化財一覧,32,https://www2.wagmap.jp/nakanodatamap/nakanodatamap/opendatafile/map_33/CSV/opendata_550120.csv,13Tokyo/raw/municipal/13114/data.csv,庚申塔,,,,禅定院,東京都中野区沼袋2-28-2,中野区,13114,中野区登録有形文化財,美術工芸品,municipal,1994-07-99,35.7211922961855,139.664935291897,movable,representative_point,municipal,中野区登録有形文化財,美術工芸品,
municipal_source,中野区,文化財一覧,33,https://www2.wagmap.jp/nakanodatamap/nakanodatamap/opendatafile/map_33/CSV/opendata_550120.csv,13Tokyo/raw/municipal/13114/data.csv,庚申塔,,,,東福寺,東京都中野区江古田3-9-15,中野区,13114,中野区登録有形文化財,美術工芸品,municipal,1994-07-99,35.727361883853,139.668001098483,movable,representative_point,municipal,中野区登録有形文化財,美術工芸品,
municipal_source,中野区,文化財一覧,34,https://www2.wagmap.jp/nakanodatamap/nakanodatamap/opendatafile/map_33/CSV/opendata_550120.csv,13Tokyo/raw/municipal/13114/data.csv,庚申塔,,,,東中野氷川神社,東京都中野区東中野1-11-1,中野区,13114,中野区登録有形文化財,美術工芸品,municipal,1994-07-99,35.702736772478,139.683087793175,movable,representative_point,municipal,中野区登録有形文化財,美術工芸品,
municipal_source,中野区,文化財一覧,35,https://www2.wagmap.jp/nakanodatamap/nakanodatamap/opendatafile/map_33/CSV/opendata_550120.csv,13Tokyo/raw/municipal/13114/data.csv,庚申塔,,,,実相院,東京都中野区沼袋4-1-1,中野区,13114,中野区登録有形文化財,美術工芸品,municipal,1994-07-99,35.7213411888022,139.662415330859,movable,representative_point,municipal,中野区登録有形文化財,美術工芸品,
municipal_source,中野区,文化財一覧,36,https://www2.wagmap.jp/nakanodatamap/nakanodatamap/opendatafile/map_33/CSV/opendata_550120.csv,13Tokyo/raw/municipal/13114/data.csv,庚申塔,,,江原観音堂,東福寺,東京都中野区江原町3-12-5,中野区,13114,中野区登録有形文化財,美術工芸品,municipal,1994-07-99,35.7315769239187,139.674170734307,movable,representative_point,municipal,中野区登録有形文化財,美術工芸品,
municipal_source,中野区,文化財一覧,37,https://www2.wagmap.jp/nakanodatamap/nakanodatamap/opendatafile/map_33/CSV/opendata_550120.csv,13Tokyo/raw/municipal/13114/data.csv,庚申塔,,,,正蔵院,東京都中野区弥生町4-12-1,中野区,13114,中野区登録有形文化財,美術工芸品,municipal,1994-07-99,35.6889520004475,139.672577696131,movable,representative_point,municipal,中野区登録有形文化財,美術工芸品,
municipal_source,中野区,文化財一覧,38,https://www2.wagmap.jp/nakanodatamap/nakanodatamap/opendatafile/map_33/CSV/opendata_550120.csv,13Tokyo/raw/municipal/13114/data.csv,庚申塔,,,,福蔵院,東京都中野区白鷺1-31-5,中野区,13114,中野区登録有形文化財,美術工芸品,municipal,1994-07-99,35.7215241276852,139.638780481653,movable,representative_point,municipal,中野区登録有形文化財,美術工芸品,
municipal_source,中野区,文化財一覧,39,https://www2.wagmap.jp/nakanodatamap/nakanodatamap/opendatafile/map_33/CSV/opendata_550120.csv,13Tokyo/raw/municipal/13114/data.csv,庚申塔,,,,清谷寺,東京都中野区沼袋3-21-7,中野区,13114,中野区登録有形文化財,美術工芸品,municipal,1994-07-99,35.7185421526903,139.658989255177,movable,representative_point,municipal,中野区登録有形文化財,美術工芸品,
municipal_source,中野区,文化財一覧,40,https://www2.wagmap.jp/nakanodatamap/nakanodatamap/opendatafile/map_33/CSV/opendata_550120.csv,13Tokyo/raw/municipal/13114/data.csv,庚申塔,,,野方第二公園西,矢島家,東京都中野区野方2-14,中野区,13114,中野区登録有形文化財,美術工芸品,municipal,1994-07-99,35.7131560734946,139.656848562579,movable,representative_point,municipal,中野区登録有形文化財,美術工芸品,
municipal_source,中野区,文化財一覧,41,https://www2.wagmap.jp/nakanodatamap/nakanodatamap/opendatafile/map_33/CSV/opendata_550120.csv,13Tokyo/raw/municipal/13114/data.csv,庚申塔,,,,福寿院,東京都中野区本町3-12-9,中野区,13114,中野区登録有形文化財,美術工芸品,municipal,1994-07-99,35.6948692371538,139.67470154548,movable,representative_point,municipal,中野区登録有形文化財,美術工芸品,
municipal_source,中野区,文化財一覧,42,https://www2.wagmap.jp/nakanodatamap/nakanodatamap/opendatafile/map_33/CSV/opendata_550120.csv,13Tokyo/raw/municipal/13114/data.csv,庚申塔,,,,正蔵院,東京都中野区弥生町4-12-1,中野区,13114,中野区登録有形文化財,美術工芸品,municipal,1994-07-99,35.6889542575637,139.672580453769,movable,representative_point,municipal,中野区登録有形文化財,美術工芸品,
municipal_source,中野区,文化財一覧,43,https://www2.wagmap.jp/nakanodatamap/nakanodatamap/opendatafile/map_33/CSV/opendata_550120.csv,13Tokyo/raw/municipal/13114/data.csv,庚申塔,,,,慈眼寺,東京都中野区中央3-33-3,中野区,13114,中野区登録有形文化財,美術工芸品,municipal,1994-07-99,35.6981166525892,139.672005146855,movable,representative_point,municipal,中野区登録有形文化財,美術工芸品,
municipal_source,中野区,文化財一覧,44,https://www2.wagmap.jp/nakanodatamap/nakanodatamap/opendatafile/map_33/CSV/opendata_550120.csv,13Tokyo/raw/municipal/13114/data.csv,庚申塔,,,,慈眼寺,東京都中野区中央3-33-3,中野区,13114,中野区登録有形文化財,美術工芸品,municipal,1994-07-99,35.6981177793,139.672005144576,movable,representative_point,municipal,中野区登録有形文化財,美術工芸品,
municipal_source,中野区,文化財一覧,45,https://www2.wagmap.jp/nakanodatamap/nakanodatamap/opendatafile/map_33/CSV/opendata_550120.csv,13Tokyo/raw/municipal/13114/data.csv,庚申塔,,,,打越北野神社,東京都中野区中野5-8-1,中野区,13114,中野区登録有形文化財,美術工芸品,municipal,1994-07-99,35.7072280592283,139.671922684833,movable,representative_point,municipal,中野区登録有形文化財,美術工芸品,
municipal_source,中野区,文化財一覧,46,https://www2.wagmap.jp/nakanodatamap/nakanodatamap/opendatafile/map_33/CSV/opendata_550120.csv,13Tokyo/raw/municipal/13114/data.csv,庚申塔,,,,大和町八幡神社,東京都中野区大和町2-30-3,中野区,13114,中野区登録有形文化財,美術工芸品,municipal,1994-07-99,35.7141915166633,139.650543578209,movable,representative_point,municipal,中野区登録有形文化財,美術工芸品,
municipal_source,中野区,文化財一覧,47,https://www2.wagmap.jp/nakanodatamap/nakanodatamap/opendatafile/map_33/CSV/opendata_550120.csv,13Tokyo/raw/municipal/13114/data.csv,庚申塔,,,,慈眼寺,東京都中野区中央3-33-3,中野区,13114,中野区登録有形文化財,美術工芸品,municipal,1994-07-99,35.6981155258787,139.672005149138,movable,representative_point,municipal,中野区登録有形文化財,美術工芸品,
municipal_source,中野区,文化財一覧,48,https://www2.wagmap.jp/nakanodatamap/nakanodatamap/opendatafile/map_33/CSV/opendata_550120.csv,13Tokyo/raw/municipal/13114/data.csv,庚申塔,,,,実相院,東京都中野区沼袋4-1-1,中野区,13114,中野区登録有形文化財,美術工芸品,municipal,1994-07-99,35.7213411888022,139.662415330859,movable,representative_point,municipal,中野区登録有形文化財,美術工芸品,
municipal_source,中野区,文化財一覧,49,https://www2.wagmap.jp/nakanodatamap/nakanodatamap/opendatafile/map_33/CSV/opendata_550120.csv,13Tokyo/raw/municipal/13114/data.csv,庚申塔,,,,実相院,東京都中野区沼袋4-1-1,中野区,13114,中野区登録有形文化財,美術工芸品,municipal,1994-07-99,35.7213400640602,139.66241671493,movable,representative_point,municipal,中野区登録有形文化財,美術工芸品,
municipal_source,中野区,文化財一覧,50,https://www2.wagmap.jp/nakanodatamap/nakanodatamap/opendatafile/map_33/CSV/opendata_550120.csv,13Tokyo/raw/municipal/13114/data.csv,庚申塔,,,,打越北野神社,東京都中野区中野5-8-1,中野区,13114,中野区登録有形文化財,美術工芸品,municipal,1994-07-99,35.7072280573734,139.671921303417,movable,representative_point,municipal,中野区登録有形文化財,美術工芸品,
municipal_source,中野区,文化財一覧,51,https://www2.wagmap.jp/nakanodatamap/nakanodatamap/opendatafile/map_33/CSV/opendata_550120.csv,13Tokyo/raw/municipal/13114/data.csv,庚申塔,,,,慈眼寺,東京都中野区中央3-33-3,中野区,13114,中野区登録有形文化財,美術工芸品,municipal,1994-07-99,35.6981200327207,139.67200514002,movable,representative_point,municipal,中野区登録有形文化財,美術工芸品,
municipal_source,中野区,文化財一覧,52,https://www2.wagmap.jp/nakanodatamap/nakanodatamap/opendatafile/map_33/CSV/opendata_550120.csv,13Tokyo/raw/municipal/13114/data.csv,庚申塔,,,,山﨑家,東京都中野区沼袋4-33,中野区,13114,中野区登録有形文化財,美術工芸品,municipal,1994-07-99,35.7234264778368,139.661475557434,movable,representative_point,municipal,中野区登録有形文化財,美術工芸品,
municipal_source,中野区,文化財一覧,53,https://www2.wagmap.jp/nakanodatamap/nakanodatamap/opendatafile/map_33/CSV/opendata_550120.csv,13Tokyo/raw/municipal/13114/data.csv,庚申塔,,,,実相院,東京都中野区沼袋4-1-1,中野区,13114,中野区登録有形文化財,美術工芸品,municipal,1994-07-99,35.7213411868372,139.662413949224,movable,representative_point,municipal,中野区登録有形文化財,美術工芸品,
municipal_source,中野区,文化財一覧,54,https://www2.wagmap.jp/nakanodatamap/nakanodatamap/opendatafile/map_33/CSV/opendata_550120.csv,13Tokyo/raw/municipal/13114/data.csv,庚申塔,,,,実相院,東京都中野区沼袋4-1-1,中野区,13114,中野区登録有形文化財,美術工芸品,municipal,1994-07-99,35.7213411888014,139.662415330871,movable,representative_point,municipal,中野区登録有形文化財,美術工芸品,
municipal_source,中野区,文化財一覧,55,https://www2.wagmap.jp/nakanodatamap/nakanodatamap/opendatafile/map_33/CSV/opendata_550120.csv,13Tokyo/raw/municipal/13114/data.csv,庚申塔,,,,慈眼寺,東京都中野区中央3-33-3,中野区,13114,中野区登録有形文化財,美術工芸品,municipal,1994-07-99,35.6981177792993,139.672005144579,movable,representative_point,municipal,中野区登録有形文化財,美術工芸品,
municipal_source,中野区,文化財一覧,56,https://www2.wagmap.jp/nakanodatamap/nakanodatamap/opendatafile/map_33/CSV/opendata_550120.csv,13Tokyo/raw/municipal/13114/data.csv,板碑,,,,歴史民俗資料館,東京都中野区江古田4-3-4,中野区,13114,中野区登録有形文化財,美術工芸品,municipal,1994-07-99,35.7242050143441,139.664989373357,movable,representative_point,municipal,中野区登録有形文化財,美術工芸品,
municipal_source,中野区,文化財一覧,57,https://www2.wagmap.jp/nakanodatamap/nakanodatamap/opendatafile/map_33/CSV/opendata_550120.csv,13Tokyo/raw/municipal/13114/data.csv,板碑,,,,歴史民俗資料館,東京都中野区江古田4-3-4,中野区,13114,中野区登録有形文化財,美術工芸品,municipal,1994-07-99,35.7242050143441,139.664989373357,movable,representative_point,municipal,中野区登録有形文化財,美術工芸品,
municipal_source,中野区,文化財一覧,58,https://www2.wagmap.jp/nakanodatamap/nakanodatamap/opendatafile/map_33/CSV/opendata_550120.csv,13Tokyo/raw/municipal/13114/data.csv,板碑,,,,歴史民俗資料館,東京都中野区江古田4-3-4,中野区,13114,中野区登録有形文化財,美術工芸品,municipal,1994-07-99,35.7242050143441,139.664989373357,movable,representative_point,municipal,中野区登録有形文化財,美術工芸品,
municipal_source,中野区,文化財一覧,59,https://www2.wagmap.jp/nakanodatamap/nakanodatamap/opendatafile/map_33/CSV/opendata_550120.csv,13Tokyo/raw/municipal/13114/data.csv,板碑,,,,歴史民俗資料館,東京都中野区江古田4-3-4,中野区,13114,中野区登録有形文化財,美術工芸品,municipal,1994-07-99,35.7242050143441,139.664989373357,movable,representative_point,municipal,中野区登録有形文化財,美術工芸品,
municipal_source,中野区,文化財一覧,60,https://www2.wagmap.jp/nakanodatamap/nakanodatamap/opendatafile/map_33/CSV/opendata_550120.csv,13Tokyo/raw/municipal/13114/data.csv,板碑,,,,歴史民俗資料館,東京都中野区江古田4-3-4,中野区,13114,中野区登録有形文化財,美術工芸品,municipal,1994-07-99,35.7242050143441,139.664989373357,movable,representative_point,municipal,中野区登録有形文化財,美術工芸品,
municipal_source,中野区,文化財一覧,61,https://www2.wagmap.jp/nakanodatamap/nakanodatamap/opendatafile/map_33/CSV/opendata_550120.csv,13Tokyo/raw/municipal/13114/data.csv,河竹黙阿弥 墓石,,,,源通寺,東京都中野区上高田1-2-7,中野区,13114,中野区登録有形文化財,美術工芸品,municipal,1994-07-99,35.7091133413039,139.679853705833,movable,representative_point,municipal,中野区登録有形文化財,美術工芸品,
municipal_source,中野区,文化財一覧,62,https://www2.wagmap.jp/nakanodatamap/nakanodatamap/opendatafile/map_33/CSV/opendata_550120.csv,13Tokyo/raw/municipal/13114/data.csv,朱楽菅公 墓石,,,,青原寺,東京都中野区上高田1-2-3,中野区,13114,中野区登録有形文化財,美術工芸品,municipal,1994-07-99,35.7094168488732,139.680389417139,movable,representative_point,municipal,中野区登録有形文化財,美術工芸品,
municipal_source,中野区,文化財一覧,63,https://www2.wagmap.jp/nakanodatamap/nakanodatamap/opendatafile/map_33/CSV/opendata_550120.csv,13Tokyo/raw/municipal/13114/data.csv,笠森お仙 墓石,,,,正見寺,東京都中野区上高田1-1-10,中野区,13114,中野区登録有形文化財,美術工芸品,municipal,1994-07-99,35.7096901621148,139.681137820527,movable,representative_point,municipal,中野区登録有形文化財,美術工芸品,
municipal_source,中野区,文化財一覧,64,https://www2.wagmap.jp/nakanodatamap/nakanodatamap/opendatafile/map_33/CSV/opendata_550120.csv,13Tokyo/raw/municipal/13114/data.csv,水野重郎左衛門 墓石,,,,萬昌院功運寺,東京都中野区上高田4-14-1,中野区,13114,中野区登録有形文化財,美術工芸品,municipal,1994-07-99,35.7124727194868,139.678701905515,movable,representative_point,municipal,中野区登録有形文化財,美術工芸品,
municipal_source,中野区,文化財一覧,65,https://www2.wagmap.jp/nakanodatamap/nakanodatamap/opendatafile/map_33/CSV/opendata_550120.csv,13Tokyo/raw/municipal/13114/data.csv,歌川豊国 墓石,,,,萬昌院功運寺,東京都中野区上高田4-14-1,中野区,13114,中野区登録有形文化財,美術工芸品,municipal,1994-07-99,35.7124738550785,139.678708810796,movable,representative_point,municipal,中野区登録有形文化財,美術工芸品,
municipal_source,中野区,文化財一覧,66,https://www2.wagmap.jp/nakanodatamap/nakanodatamap/opendatafile/map_33/CSV/opendata_550120.csv,13Tokyo/raw/municipal/13114/data.csv,板倉重昌 墓石,,,,宝泉寺,東京都中野区上高田4-13-1,中野区,13114,中野区登録有形文化財,美術工芸品,municipal,1994-07-99,35.7119520512983,139.678853611936,movable,representative_point,municipal,中野区登録有形文化財,美術工芸品,
municipal_source,中野区,文化財一覧,67,https://www2.wagmap.jp/nakanodatamap/nakanodatamap/opendatafile/map_33/CSV/opendata_550120.csv,13Tokyo/raw/municipal/13114/data.csv,新見正興 墓石,,,,願正寺,東京都中野区上高田4-10-1,中野区,13114,中野区登録有形文化財,美術工芸品,municipal,1994-07-99,35.7122365156121,139.680088734777,movable,representative_point,municipal,中野区登録有形文化財,美術工芸品,
municipal_source,中野区,文化財一覧,68,https://www2.wagmap.jp/nakanodatamap/nakanodatamap/opendatafile/map_33/CSV/opendata_550120.csv,13Tokyo/raw/municipal/13114/data.csv,本堂再建供養塔,,,,梅照院,東京都中野区新井5-3-5,中野区,13114,中野区登録有形文化財,美術工芸品,municipal,1994-07-99,35.7141166645518,139.667495521236,movable,representative_point,municipal,中野区登録有形文化財,美術工芸品,
municipal_source,中野区,文化財一覧,69,https://www2.wagmap.jp/nakanodatamap/nakanodatamap/opendatafile/map_33/CSV/opendata_550120.csv,13Tokyo/raw/municipal/13114/data.csv,成趣園の碑,,,,高歩院,東京都中野区中央1-17-3,中野区,13114,中野区登録有形文化財,美術工芸品,municipal,1994-07-99,35.6998930404074,139.686530290416,movable,representative_point,municipal,中野区登録有形文化財,美術工芸品,
municipal_source,中野区,文化財一覧,70,https://www2.wagmap.jp/nakanodatamap/nakanodatamap/opendatafile/map_33/CSV/opendata_550120.csv,13Tokyo/raw/municipal/13114/data.csv,中野公園の記,,,,東中野氷川神社,東京都中野区東中野1-11-1,中野区,13114,中野区登録有形文化財,美術工芸品,municipal,1994-07-99,35.702736772476,139.683087793182,movable,representative_point,municipal,中野区登録有形文化財,美術工芸品,
municipal_source,中野区,文化財一覧,71,https://www2.wagmap.jp/nakanodatamap/nakanodatamap/opendatafile/map_33/CSV/opendata_550120.csv,13Tokyo/raw/municipal/13114/data.csv,本郷道改修記念碑,,,,本郷氷川神社,東京都中野区本町4-10-3,中野区,13114,中野区登録有形文化財,美術工芸品,municipal,1994-07-99,35.6943041397535,139.673391068181,movable,representative_point,municipal,中野区登録有形文化財,美術工芸品,
municipal_source,中野区,文化財一覧,72,https://www2.wagmap.jp/nakanodatamap/nakanodatamap/opendatafile/map_33/CSV/opendata_550120.csv,13Tokyo/raw/municipal/13114/data.csv,鍋屋勘右衛門寄進鳥居,,,,東中野氷川神社,東京都中野区東中野1-11-1,中野区,13114,中野区登録有形文化財,美術工芸品,municipal,1994-07-99,35.702737899187,139.683087791061,movable,representative_point,municipal,中野区登録有形文化財,美術工芸品,
municipal_source,中野区,文化財一覧,73,https://www2.wagmap.jp/nakanodatamap/nakanodatamap/opendatafile/map_33/CSV/opendata_550120.csv,13Tokyo/raw/municipal/13114/data.csv,覚順の敷石記念碑,,,,東中野氷川神社,東京都中野区東中野1-11-1,中野区,13114,中野区登録有形文化財,美術工芸品,municipal,1994-07-99,35.7027378991866,139.683087791053,movable,representative_point,municipal,中野区登録有形文化財,美術工芸品,
municipal_source,中野区,文化財一覧,74,https://www2.wagmap.jp/nakanodatamap/nakanodatamap/opendatafile/map_33/CSV/opendata_550120.csv,13Tokyo/raw/municipal/13114/data.csv,弘法大師像,,,,密蔵院,東京都中野区沼袋2-33-4,中野区,13114,中野区指定有形文化財,美術工芸品,municipal,1995-09-99,35.7224659947485,139.664700411889,movable,representative_point,municipal,中野区指定有形文化財,美術工芸品,
municipal_source,中野区,文化財一覧,75,https://www2.wagmap.jp/nakanodatamap/nakanodatamap/opendatafile/map_33/CSV/opendata_550120.csv,13Tokyo/raw/municipal/13114/data.csv,川庵宗鼎像,,,,成願寺,東京都中野区本町2-26-6,中野区,13114,中野区指定有形文化財,美術工芸品,municipal,1995-09-99,35.6940524244133,139.681647673728,movable,representative_point,municipal,中野区指定有形文化財,美術工芸品,
municipal_source,中野区,文化財一覧,76,https://www2.wagmap.jp/nakanodatamap/nakanodatamap/opendatafile/map_33/CSV/opendata_550120.csv,13Tokyo/raw/municipal/13114/data.csv,親鸞聖人像,,,,源通寺,東京都中野区上高田1-2-7,中野区,13114,中野区指定有形文化財,美術工芸品,municipal,1995-09-99,35.7091133430674,139.679855087277,movable,representative_point,municipal,中野区指定有形文化財,美術工芸品,
municipal_source,中野区,文化財一覧,77,https://www2.wagmap.jp/nakanodatamap/nakanodatamap/opendatafile/map_33/CSV/opendata_550120.csv,13Tokyo/raw/municipal/13114/data.csv,聖徳太子像,,,,源通寺,東京都中野区上高田1-2-7,中野区,13114,中野区指定有形文化財,美術工芸品,municipal,1995-09-99,35.7091144697762,139.679855085109,movable,representative_point,municipal,中野区指定有形文化財,美術工芸品,
municipal_source,中野区,文化財一覧,78,https://www2.wagmap.jp/nakanodatamap/nakanodatamap/opendatafile/map_33/CSV/opendata_550120.csv,13Tokyo/raw/municipal/13114/data.csv,浄土七祖像,,,,源通寺,東京都中野区上高田1-2-7,中野区,13114,中野区指定有形文化財,美術工芸品,municipal,1995-09-99,35.7091155982485,139.679856464368,movable,representative_point,municipal,中野区指定有形文化財,美術工芸品,
municipal_source,中野区,文化財一覧,79,https://www2.wagmap.jp/nakanodatamap/nakanodatamap/opendatafile/map_33/CSV/opendata_550120.csv,13Tokyo/raw/municipal/13114/data.csv,阿弥陀如来立像,,,,貞源寺,東京都中野区沼袋2-19-28,中野区,13114,中野区指定有形文化財,美術工芸品,municipal,1995-09-99,35.7227977392545,139.666324203163,movable,representative_point,municipal,中野区指定有形文化財,美術工芸品,
municipal_source,中野区,文化財一覧,80,https://www2.wagmap.jp/nakanodatamap/nakanodatamap/opendatafile/map_33/CSV/opendata_550120.csv,13Tokyo/raw/municipal/13114/data.csv,釈迦如来坐像,,,,成願寺,東京都中野区本町2-26-6,中野区,13114,中野区指定有形文化財,美術工芸品,municipal,1995-09-99,35.6940524244131,139.681647673724,movable,representative_point,municipal,中野区指定有形文化財,美術工芸品,
municipal_source,中野区,文化財一覧,81,https://www2.wagmap.jp/nakanodatamap/nakanodatamap/opendatafile/map_33/CSV/opendata_550120.csv,13Tokyo/raw/municipal/13114/data.csv,千手観音菩薩立像,,,,光徳院,東京都中野区上高田5-18-3,中野区,13114,中野区指定有形文化財,美術工芸品,municipal,1995-09-99,35.7182409125769,139.676595630432,movable,representative_point,municipal,中野区指定有形文化財,美術工芸品,
municipal_source,中野区,文化財一覧,82,https://www2.wagmap.jp/nakanodatamap/nakanodatamap/opendatafile/map_33/CSV/opendata_550120.csv,13Tokyo/raw/municipal/13114/data.csv,十一面観音菩薩立像,,,,福蔵院,東京都中野区白鷺1-31-5,中野区,13114,中野区指定有形文化財,美術工芸品,municipal,1995-09-99,35.721521874277,139.63878048715,movable,representative_point,municipal,中野区指定有形文化財,美術工芸品,
municipal_source,中野区,文化財一覧,83,https://www2.wagmap.jp/nakanodatamap/nakanodatamap/opendatafile/map_33/CSV/opendata_550120.csv,13Tokyo/raw/municipal/13114/data.csv,難陀龍王立像,,,,福蔵院,東京都中野区白鷺1-31-5,中野区,13114,中野区指定有形文化財,美術工芸品,municipal,1995-09-99,35.7215263810943,139.638780476154,movable,representative_point,municipal,中野区指定有形文化財,美術工芸品,
municipal_source,中野区,文化財一覧,84,https://www2.wagmap.jp/nakanodatamap/nakanodatamap/opendatafile/map_33/CSV/opendata_550120.csv,13Tokyo/raw/municipal/13114/data.csv,雨宝童子立像,,,,福蔵院,東京都中野区白鷺1-31-5,中野区,13114,中野区指定有形文化財,美術工芸品,municipal,1995-09-99,35.7215263855653,139.63878323945,movable,representative_point,municipal,中野区指定有形文化財,美術工芸品,
municipal_source,中野区,文化財一覧,85,https://www2.wagmap.jp/nakanodatamap/nakanodatamap/opendatafile/map_33/CSV/opendata_550120.csv,13Tokyo/raw/municipal/13114/data.csv,鳥居,,,,鷺宮八幡神社,東京都中野区白鷺1-31-10,中野区,13114,中野区指定有形文化財,美術工芸品,municipal,1997-11-99,35.7216347540206,139.638273824826,movable,representative_point,municipal,中野区指定有形文化財,美術工芸品,
municipal_source,中野区,文化財一覧,86,https://www2.wagmap.jp/nakanodatamap/nakanodatamap/opendatafile/map_33/CSV/opendata_550120.csv,13Tokyo/raw/municipal/13114/data.csv,狛犬(一対),,,,東中野氷川神社,東京都中野区東中野1-11-1,中野区,13114,中野区指定有形文化財,美術工芸品,municipal,1997-11-99,35.702739025897,139.68308778894,movable,representative_point,municipal,中野区指定有形文化財,美術工芸品,
municipal_source,中野区,文化財一覧,87,https://www2.wagmap.jp/nakanodatamap/nakanodatamap/opendatafile/map_33/CSV/opendata_550120.csv,13Tokyo/raw/municipal/13114/data.csv,燈籠(一対),,,,沼袋氷川神社,東京都中野区沼袋1-31-4,中野区,13114,中野区指定有形文化財,美術工芸品,municipal,1997-11-99,35.7195582318609,139.66687304489,movable,representative_point,municipal,中野区指定有形文化財,美術工芸品,
municipal_source,中野区,文化財一覧,88,https://www2.wagmap.jp/nakanodatamap/nakanodatamap/opendatafile/map_33/CSV/opendata_550120.csv,13Tokyo/raw/municipal/13114/data.csv,手洗鉢,,,,東中野氷川神社,東京都中野区東中野1-11-1,中野区,13114,中野区指定有形文化財,美術工芸品,municipal,1997-11-99,35.7027379009139,139.683089172382,movable,representative_point,municipal,中野区指定有形文化財,美術工芸品,
municipal_source,中野区,文化財一覧,89,https://www2.wagmap.jp/nakanodatamap/nakanodatamap/opendatafile/map_33/CSV/opendata_550120.csv,13Tokyo/raw/municipal/13114/data.csv,手洗鉢,,,,大和町八幡神社,東京都中野区大和町2-30-3,中野区,13114,中野区指定有形文化財,美術工芸品,municipal,1997-11-99,35.7141915187649,139.65054495974,movable,representative_point,municipal,中野区指定有形文化財,美術工芸品,
municipal_source,中野区,文化財一覧,90,https://www2.wagmap.jp/nakanodatamap/nakanodatamap/opendatafile/map_33/CSV/opendata_550120.csv,13Tokyo/raw/municipal/13114/data.csv,如意輪観音講塔,,,,打越北野神社,東京都中野区中野5-8-1,中野区,13114,中野区指定有形文化財,美術工芸品,municipal,1997-11-99,35.7072246791018,139.67192269168,movable,representative_point,municipal,中野区指定有形文化財,美術工芸品,
municipal_source,中野区,文化財一覧,91,https://www2.wagmap.jp/nakanodatamap/nakanodatamap/opendatafile/map_33/CSV/opendata_550120.csv,13Tokyo/raw/municipal/13114/data.csv,石橋供養塔,,,,東中野氷川神社,東京都中野区東中野1-11-1,中野区,13114,中野区指定有形文化財,美術工芸品,municipal,1997-11-99,35.7027401543336,139.683089168144,movable,representative_point,municipal,中野区指定有形文化財,美術工芸品,
municipal_source,中野区,文化財一覧,92,https://www2.wagmap.jp/nakanodatamap/nakanodatamap/opendatafile/map_33/CSV/opendata_550120.csv,13Tokyo/raw/municipal/13114/data.csv,力石(5個),,,,東中野氷川神社,東京都中野区東中野1-11-1,中野区,13114,中野区指定有形文化財,美術工芸品,municipal,1997-11-99,35.7027390276231,139.683089170264,movable,representative_point,municipal,中野区指定有形文化財,美術工芸品,
municipal_source,中野区,文化財一覧,93,https://www2.wagmap.jp/nakanodatamap/nakanodatamap/opendatafile/map_33/CSV/opendata_550120.csv,13Tokyo/raw/municipal/13114/data.csv,力石(7個),,,,沼袋氷川神社,東京都中野区沼袋1-31-4,中野区,13114,中野区指定有形文化財,美術工芸品,municipal,1997-11-99,35.7195593662206,139.666878569006,movable,representative_point,municipal,中野区指定有形文化財,美術工芸品,
municipal_source,中野区,文化財一覧,94,https://www2.wagmap.jp/nakanodatamap/nakanodatamap/opendatafile/map_33/CSV/opendata_550120.csv,13Tokyo/raw/municipal/13114/data.csv,力石(13個),,,,鷺宮八幡神社,東京都中野区白鷺1-31-10,中野区,13114,中野区指定有形文化財,美術工芸品,municipal,1997-11-99,35.7216358829673,139.638275203729,movable,representative_point,municipal,中野区指定有形文化財,美術工芸品,
municipal_source,中野区,文化財一覧,95,https://www2.wagmap.jp/nakanodatamap/nakanodatamap/opendatafile/map_33/CSV/opendata_550120.csv,13Tokyo/raw/municipal/13114/data.csv,力石(12個),,,,新井北野神社,東京都中野区新井4-14-3,中野区,13114,中野区指定有形文化財,美術工芸品,municipal,1997-11-99,35.7153187226486,139.666345919114,movable,representative_point,municipal,中野区指定有形文化財,美術工芸品,
municipal_source,中野区,文化財一覧,96,https://www2.wagmap.jp/nakanodatamap/nakanodatamap/opendatafile/map_33/CSV/opendata_550120.csv,13Tokyo/raw/municipal/13114/data.csv,力石(3個),,,,江古田氷川神社,東京都中野区江古田3-13-6,中野区,13114,中野区指定有形文化財,美術工芸品,municipal,1997-11-99,35.7273466104156,139.666645354977,movable,representative_point,municipal,中野区指定有形文化財,美術工芸品,
municipal_source,中野区,文化財一覧,97,https://www2.wagmap.jp/nakanodatamap/nakanodatamap/opendatafile/map_33/CSV/opendata_550120.csv,13Tokyo/raw/municipal/13114/data.csv,神楽殿,,,,江古田氷川神社,東京都中野区江古田3-13-6,中野区,13114,中野区指定有形文化財,建造物,municipal,1999-02-99,35.7273477428676,139.666649497871,building_direct,building_candidate_point,municipal,中野区指定有形文化財,建造物,
municipal_source,中野区,文化財一覧,98,https://www2.wagmap.jp/nakanodatamap/nakanodatamap/opendatafile/map_33/CSV/opendata_550120.csv,13Tokyo/raw/municipal/13114/data.csv,五輪塔,,,,宝仙寺,東京都中野区中央2-33-3,中野区,13114,中野区指定有形文化財,美術工芸品,municipal,1999-02-99,35.6989555916972,139.679391397255,movable,representative_point,municipal,中野区指定有形文化財,美術工芸品,
municipal_source,中野区,文化財一覧,99,https://www2.wagmap.jp/nakanodatamap/nakanodatamap/opendatafile/map_33/CSV/opendata_550120.csv,13Tokyo/raw/municipal/13114/data.csv,縄文土器(勝坂式),,,,歴史民俗資料館,東京都中野区江古田4-3-4,中野区,13114,中野区指定有形文化財,美術工芸品,municipal,1999-02-99,35.7242050143441,139.664989373357,movable,representative_point,municipal,中野区指定有形文化財,美術工芸品,
municipal_source,中野区,文化財一覧,100,https://www2.wagmap.jp/nakanodatamap/nakanodatamap/opendatafile/map_33/CSV/opendata_550120.csv,13Tokyo/raw/municipal/13114/data.csv,縄文土器(加曾利E式)1,,,,歴史民俗資料館,東京都中野区江古田4-3-4,中野区,13114,中野区指定有形文化財,美術工芸品,municipal,1999-02-99,35.7242050143441,139.664989373357,movable,representative_point,municipal,中野区指定有形文化財,美術工芸品,
municipal_source,中野区,文化財一覧,101,https://www2.wagmap.jp/nakanodatamap/nakanodatamap/opendatafile/map_33/CSV/opendata_550120.csv,13Tokyo/raw/municipal/13114/data.csv,縄文土器(加曾利E式)2,,,,歴史民俗資料館,東京都中野区江古田4-3-4,中野区,13114,中野区指定有形文化財,美術工芸品,municipal,1999-02-99,35.7242050143441,139.664989373357,movable,representative_point,municipal,中野区指定有形文化財,美術工芸品,
municipal_source,中野区,文化財一覧,102,https://www2.wagmap.jp/nakanodatamap/nakanodatamap/opendatafile/map_33/CSV/opendata_550120.csv,13Tokyo/raw/municipal/13114/data.csv,縄文土器(加曾利E式)3,,,,歴史民俗資料館,東京都中野区江古田4-3-4,中野区,13114,中野区指定有形文化財,美術工芸品,municipal,1999-02-99,35.7242050143441,139.664989373357,movable,representative_point,municipal,中野区指定有形文化財,美術工芸品,
municipal_source,中野区,文化財一覧,103,https://www2.wagmap.jp/nakanodatamap/nakanodatamap/opendatafile/map_33/CSV/opendata_550120.csv,13Tokyo/raw/municipal/13114/data.csv,縄文土器(加曾利E式)4,,,,歴史民俗資料館,東京都中野区江古田4-3-4,中野区,13114,中野区指定有形文化財,美術工芸品,municipal,1999-02-99,35.7242050143441,139.664989373357,movable,representative_point,municipal,中野区指定有形文化財,美術工芸品,
municipal_source,中野区,文化財一覧,104,https://www2.wagmap.jp/nakanodatamap/nakanodatamap/opendatafile/map_33/CSV/opendata_550120.csv,13Tokyo/raw/municipal/13114/data.csv,縄文土器(興津式),,,,歴史民俗資料館,東京都中野区江古田4-3-4,中野区,13114,中野区指定有形文化財,美術工芸品,municipal,1999-02-99,35.7242050143441,139.664989373357,movable,representative_point,municipal,中野区指定有形文化財,美術工芸品,
municipal_source,中野区,文化財一覧,105,https://www2.wagmap.jp/nakanodatamap/nakanodatamap/opendatafile/map_33/CSV/opendata_550120.csv,13Tokyo/raw/municipal/13114/data.csv,弥生土器(高坏),,,,歴史民俗資料館,東京都中野区江古田4-3-4,中野区,13114,中野区指定有形文化財,美術工芸品,municipal,1999-02-99,35.7242050143441,139.664989373357,movable,representative_point,municipal,中野区指定有形文化財,美術工芸品,
municipal_source,中野区,文化財一覧,106,https://www2.wagmap.jp/nakanodatamap/nakanodatamap/opendatafile/map_33/CSV/opendata_550120.csv,13Tokyo/raw/municipal/13114/data.csv,北江古田遺跡31号土坑出土遺物(曾利式),,,,歴史民俗資料館,東京都中野区江古田4-3-4,中野区,13114,中野区指定有形文化財,美術工芸品,municipal,1999-02-99,35.7242050143441,139.664989373357,movable,representative_point,municipal,中野区指定有形文化財,美術工芸品,
municipal_source,中野区,文化財一覧,107,https://www2.wagmap.jp/nakanodatamap/nakanodatamap/opendatafile/map_33/CSV/opendata_550120.csv,13Tokyo/raw/municipal/13114/data.csv,北江古田遺跡31号土坑出土遺物(加曾利E式)1,,,,歴史民俗資料館,東京都中野区江古田4-3-4,中野区,13114,中野区指定有形文化財,美術工芸品,municipal,1999-02-99,35.7242050143441,139.664989373357,movable,representative_point,municipal,中野区指定有形文化財,美術工芸品,
municipal_source,中野区,文化財一覧,108,https://www2.wagmap.jp/nakanodatamap/nakanodatamap/opendatafile/map_33/CSV/opendata_550120.csv,13Tokyo/raw/municipal/13114/data.csv,北江古田遺跡31号土坑出土遺物(加曾利E式)2,,,,歴史民俗資料館,東京都中野区江古田4-3-4,中野区,13114,中野区指定有形文化財,美術工芸品,municipal,1999-02-99,35.7242050143441,139.664989373357,movable,representative_point,municipal,中野区指定有形文化財,美術工芸品,
municipal_source,中野区,文化財一覧,109,https://www2.wagmap.jp/nakanodatamap/nakanodatamap/opendatafile/map_33/CSV/opendata_550120.csv,13Tokyo/raw/municipal/13114/data.csv,北江古田遺跡漆塗り耳飾,,,,歴史民俗資料館,東京都中野区江古田4-3-4,中野区,13114,中野区指定有形文化財,美術工芸品,municipal,1999-02-99,35.7242050143441,139.664989373357,movable,representative_point,municipal,中野区指定有形文化財,美術工芸品,
municipal_source,中野区,文化財一覧,110,https://www2.wagmap.jp/nakanodatamap/nakanodatamap/opendatafile/map_33/CSV/opendata_550120.csv,13Tokyo/raw/municipal/13114/data.csv,北江古田遺跡木胎漆器,,,,歴史民俗資料館,東京都中野区江古田4-3-4,中野区,13114,中野区指定有形文化財,美術工芸品,municipal,1999-02-99,35.7242050143441,139.664989373357,movable,representative_point,municipal,中野区指定有形文化財,美術工芸品,
municipal_source,中野区,文化財一覧,111,https://www2.wagmap.jp/nakanodatamap/nakanodatamap/opendatafile/map_33/CSV/opendata_550120.csv,13Tokyo/raw/municipal/13114/data.csv,山﨑家資料(絵画13点),,,,歴史民俗資料館,東京都中野区江古田4-3-4,中野区,13114,中野区登録有形文化財,美術工芸品,municipal,2005-01-99,35.7242050143441,139.664989373357,movable,representative_point,municipal,中野区登録有形文化財,美術工芸品,
municipal_source,中野区,文化財一覧,112,https://www2.wagmap.jp/nakanodatamap/nakanodatamap/opendatafile/map_33/CSV/opendata_550120.csv,13Tokyo/raw/municipal/13114/data.csv,堀江家資料(絵画7点),,,,歴史民俗資料館,東京都中野区江古田4-3-4,中野区,13114,中野区登録有形文化財,美術工芸品,municipal,2005-01-99,35.7242050143441,139.664989373357,movable,representative_point,municipal,中野区登録有形文化財,美術工芸品,
municipal_source,中野区,文化財一覧,113,https://www2.wagmap.jp/nakanodatamap/nakanodatamap/opendatafile/map_33/CSV/opendata_550120.csv,13Tokyo/raw/municipal/13114/data.csv,萬垢離木太刀,,,,歴史民俗資料館,東京都中野区江古田4-3-4,中野区,13114,中野区指定有形民俗文化財,美術工芸品,municipal,2005-01-99,35.7242050143441,139.664989373357,movable,representative_point,municipal,中野区指定有形民俗文化財,美術工芸品,
municipal_source,中野区,文化財一覧,114,https://www2.wagmap.jp/nakanodatamap/nakanodatamap/opendatafile/map_33/CSV/opendata_550120.csv,13Tokyo/raw/municipal/13114/data.csv,大河原家文書(107点),,,,歴史民俗資料館,東京都中野区江古田4-3-4,中野区,13114,中野区指定有形文化財,美術工芸品,municipal,2005-01-99,35.7242050143441,139.664989373357,movable,representative_point,municipal,中野区指定有形文化財,美術工芸品,
municipal_source,中野区,文化財一覧,115,https://www2.wagmap.jp/nakanodatamap/nakanodatamap/opendatafile/map_33/CSV/opendata_550120.csv,13Tokyo/raw/municipal/13114/data.csv,山﨑家旧蔵祐天寺関係資料(3点),,,,歴史民俗資料館,東京都中野区江古田4-3-4,中野区,13114,中野区指定有形文化財,美術工芸品,municipal,2006-12-99,35.7242050143441,139.664989373357,movable,representative_point,municipal,中野区指定有形文化財,美術工芸品,
municipal_source,中野区,文化財一覧,116,https://www2.wagmap.jp/nakanodatamap/nakanodatamap/opendatafile/map_33/CSV/opendata_550120.csv,13Tokyo/raw/municipal/13114/data.csv,小谷津家文書(12点),,,,歴史民俗資料館,東京都中野区江古田4-3-4,中野区,13114,中野区指定有形文化財,美術工芸品,municipal,2008-09-99,35.7242050143441,139.664989373357,movable,representative_point,municipal,中野区指定有形文化財,美術工芸品,
municipal_source,中野区,文化財一覧,117,https://www2.wagmap.jp/nakanodatamap/nakanodatamap/opendatafile/map_33/CSV/opendata_550120.csv,13Tokyo/raw/municipal/13114/data.csv,江古田獅子舞巡行絵巻,,,,歴史民俗資料館,東京都中野区江古田4-3-4,中野区,13114,中野区指定有形文化財,美術工芸品,municipal,2010-11-99,35.7242050143441,139.664989373357,movable,representative_point,municipal,中野区指定有形文化財,美術工芸品,
municipal_source,中野区,文化財一覧,118,https://www2.wagmap.jp/nakanodatamap/nakanodatamap/opendatafile/map_33/CSV/opendata_550120.csv,13Tokyo/raw/municipal/13114/data.csv,裁縫ひな形ほか関連資料(33点),,,,歴史民俗資料館,東京都中野区江古田4-3-4,中野区,13114,中野区指定有形民俗文化財,美術工芸品,municipal,2014-01-99,35.7242050143441,139.664989373357,movable,representative_point,municipal,中野区指定有形民俗文化財,美術工芸品,
municipal_source,中野区,文化財一覧,119,https://www2.wagmap.jp/nakanodatamap/nakanodatamap/opendatafile/map_33/CSV/opendata_550120.csv,13Tokyo/raw/municipal/13114/data.csv,山﨑家おひなさま一式,,,,歴史民俗資料館,東京都中野区江古田4-3-4,中野区,13114,中野区指定有形文化財,美術工芸品,municipal,2015-04-99,35.7242050143441,139.664989373357,movable,representative_point,municipal,中野区指定有形文化財,美術工芸品,
municipal_source,中野区,文化財一覧,120,https://www2.wagmap.jp/nakanodatamap/nakanodatamap/opendatafile/map_33/CSV/opendata_550120.csv,13Tokyo/raw/municipal/13114/data.csv,刊本 そよふく風(9点),,,,歴史民俗資料館,東京都中野区江古田4-3-4,中野区,13114,中野区登録有形文化財,美術工芸品,municipal,2018-05-99,35.7242050143441,139.664989373357,movable,representative_point,municipal,中野区登録有形文化財,美術工芸品,
municipal_source,中野区,文化財一覧,2000000006,https://www2.wagmap.jp/nakanodatamap/nakanodatamap/opendatafile/map_33/CSV/opendata_550120.csv,13Tokyo/raw/municipal/13114/data.csv,旧豊多摩監獄表門,,,,中野区,東京都中野区新井3-37,中野区,13114,中野区指定有形文化財,建造物,municipal,2021-06-99,35.7144973363184,139.662000012834,building_direct,building_candidate_point,municipal,中野区指定有形文化財,建造物,
municipal_source,豊島区,文化財一覧（国もしくは地方公共団体が指定、登録、選定等行った文化財の一覧）,1,https://service.api.metro.tokyo.lg.jp/api/t131164d0000000007-83def088cb55c24a0cae4251717412d7-0/json,13Tokyo/raw/municipal/13116/data.json,蓮華山金剛院仏性寺山門,,,,長崎1-9-2 宗教法人 金剛院,豊島区長崎1-9-2 金剛院,豊島区,13116,豊島区指定有形文化財,建造物,municipal,1994/06/27,139.69556,35.72727,building_direct,building_candidate_point,municipal,豊島区指定有形文化財,建造物,
municipal_source,豊島区,文化財一覧（国もしくは地方公共団体が指定、登録、選定等行った文化財の一覧）,2,https://service.api.metro.tokyo.lg.jp/api/t131164d0000000007-83def088cb55c24a0cae4251717412d7-0/json,13Tokyo/raw/municipal/13116/data.json,旧江戸川乱歩邸土蔵,,,,西池袋3-34-1 学校法人 立教学院,豊島区西池袋5-15-17,豊島区,13116,豊島区指定有形文化財,建造物,municipal,2003/03/26,139.70273,35.73194,building_direct,building_candidate_point,municipal,豊島区指定有形文化財,建造物,
municipal_source,豊島区,文化財一覧（国もしくは地方公共団体が指定、登録、選定等行った文化財の一覧）,3,https://service.api.metro.tokyo.lg.jp/api/t131164d0000000007-83def088cb55c24a0cae4251717412d7-0/json,13Tokyo/raw/municipal/13116/data.json,旧丹羽家腕木門,,,,南池袋2-45-1 豊島区,豊島区駒込3-12-8,豊島区,13116,豊島区指定有形文化財,建造物,municipal,2007/08/03,139.74234,35.73767,building_direct,building_candidate_point,municipal,豊島区指定有形文化財,建造物,
municipal_source,豊島区,文化財一覧（国もしくは地方公共団体が指定、登録、選定等行った文化財の一覧）,4,https://service.api.metro.tokyo.lg.jp/api/t131164d0000000007-83def088cb55c24a0cae4251717412d7-0/json,13Tokyo/raw/municipal/13116/data.json,旧鈴木家住宅,,,,南池袋2-45-2 豊島区,豊島区東池袋5-52-3,豊島区,13116,豊島区指定有形文化財,建造物,municipal,2012/03/30,139.72905,35.72607,building_direct,building_candidate_point,municipal,豊島区指定有形文化財,建造物,
municipal_source,豊島区,文化財一覧（国もしくは地方公共団体が指定、登録、選定等行った文化財の一覧）,5,https://service.api.metro.tokyo.lg.jp/api/t131164d0000000007-83def088cb55c24a0cae4251717412d7-0/json,13Tokyo/raw/municipal/13116/data.json,木造釈迦如来坐像,,,,駒込7-4-14 宗教法人 勝林寺,豊島区駒込7-4-14 勝林寺,豊島区,13116,豊島区指定有形文化財,美術工芸品,municipal,1993/08/10,139.73781,35.74035,movable,representative_point,municipal,豊島区指定有形文化財,絵画・彫刻・工芸品,
municipal_source,豊島区,文化財一覧（国もしくは地方公共団体が指定、登録、選定等行った文化財の一覧）,6,https://service.api.metro.tokyo.lg.jp/api/t131164d0000000007-83def088cb55c24a0cae4251717412d7-0/json,13Tokyo/raw/municipal/13116/data.json,木造聖観音立像,,,,池袋本町2-3-3 宗教法人 重林寺,豊島区池袋本町2-3-3 重林寺,豊島区,13116,豊島区指定有形文化財,美術工芸品,municipal,2004/04/30,139.70988,35.73986,movable,representative_point,municipal,豊島区指定有形文化財,絵画・彫刻・工芸品,
municipal_source,豊島区,文化財一覧（国もしくは地方公共団体が指定、登録、選定等行った文化財の一覧）,7,https://service.api.metro.tokyo.lg.jp/api/t131164d0000000007-83def088cb55c24a0cae4251717412d7-0/json,13Tokyo/raw/municipal/13116/data.json,染井遺跡出土化粧道具,,,,南池袋2-45-1 豊島区教育委員会,豊島区西池袋2-30-15 文化財資料調査室,豊島区,13116,豊島区指定有形文化財,考古資料,municipal,2004/04/30,139.70688,35.72734,movable,representative_point,municipal,豊島区指定有形文化財,考古資料,
municipal_source,豊島区,文化財一覧（国もしくは地方公共団体が指定、登録、選定等行った文化財の一覧）,8,https://service.api.metro.tokyo.lg.jp/api/t131164d0000000007-83def088cb55c24a0cae4251717412d7-0/json,13Tokyo/raw/municipal/13116/data.json,鹿碑(寛政七年在銘),,,,個人,豊島区駒込1-15-10,豊島区,13116,豊島区指定有形文化財,歴史資料,municipal,1998/10/13,139.75064,35.73513,point,representative_point,municipal,豊島区指定有形文化財,歴史資料,
municipal_source,豊島区,文化財一覧（国もしくは地方公共団体が指定、登録、選定等行った文化財の一覧）,9,https://service.api.metro.tokyo.lg.jp/api/t131164d0000000007-83def088cb55c24a0cae4251717412d7-0/json,13Tokyo/raw/municipal/13116/data.json,?賜豬碑(嘉永二年在銘),,,,個人,豊島区駒込1-15-10,豊島区,13116,豊島区指定有形文化財,歴史資料,municipal,1998/10/13,139.75064,35.73513,point,representative_point,municipal,豊島区指定有形文化財,歴史資料,
municipal_source,豊島区,文化財一覧（国もしくは地方公共団体が指定、登録、選定等行った文化財の一覧）,10,https://service.api.metro.tokyo.lg.jp/api/t131164d0000000007-83def088cb55c24a0cae4251717412d7-0/json,13Tokyo/raw/municipal/13116/data.json,長崎獅子舞用具一式(道具54点、衣装23点),,,,【保有者】長崎神社氏子会,豊島区長崎19-4 長崎神社,豊島区,13116,豊島区指定有形民俗文化財,民俗芸能用具,municipal,1992/11/10,139.69516,35.72837,point,representative_point,municipal,豊島区指定有形民俗文化財,民俗芸能用具,
municipal_source,豊島区,文化財一覧（国もしくは地方公共団体が指定、登録、選定等行った文化財の一覧）,11,https://service.api.metro.tokyo.lg.jp/api/t131164d0000000007-83def088cb55c24a0cae4251717412d7-0/json,13Tokyo/raw/municipal/13116/data.json,冨士元囃子用具一式(楽器9点、寿獅子、大黒舞用道具類11点,,,,【所有者】冨士元囃子連中(代表 本橋勇),豊島区要町1-38-9,豊島区,13116,豊島区指定有形民俗文化財,民俗芸能用具,municipal,2002/09/27,139.69707,35.73577,point,representative_point,municipal,豊島区指定有形民俗文化財,民俗芸能用具,
municipal_source,豊島区,文化財一覧（国もしくは地方公共団体が指定、登録、選定等行った文化財の一覧）,12,https://service.api.metro.tokyo.lg.jp/api/t131164d0000000007-83def088cb55c24a0cae4251717412d7-0/json,13Tokyo/raw/municipal/13116/data.json,長崎獅子舞,,,,【保持団体】長崎神社獅子連,豊島区長崎1-9-4 長崎神社,豊島区,13116,豊島区指定無形民俗文化財,民俗芸能,municipal,1992/11/10,139.69556,35.72727,point,representative_point,municipal,豊島区指定無形民俗文化財,民俗芸能,
municipal_source,豊島区,文化財一覧（国もしくは地方公共団体が指定、登録、選定等行った文化財の一覧）,13,https://service.api.metro.tokyo.lg.jp/api/t131164d0000000007-83def088cb55c24a0cae4251717412d7-0/json,13Tokyo/raw/municipal/13116/data.json,冨士元囃子,,,,【保持団体】冨士元囃子連中(代表 本橋勇),豊島区【伝承地】要町1-38-9,豊島区,13116,豊島区指定無形民俗文化財,民俗芸能,municipal,2002/09/27,139.7159,35.73237,point,representative_point,municipal,豊島区指定無形民俗文化財,民俗芸能,
municipal_source,豊島区,文化財一覧（国もしくは地方公共団体が指定、登録、選定等行った文化財の一覧）,14,https://service.api.metro.tokyo.lg.jp/api/t131164d0000000007-83def088cb55c24a0cae4251717412d7-0/json,13Tokyo/raw/municipal/13116/data.json,雑司が谷鬼子母神御会式万燈練供養,,,,【伝承団体】御会式連合会,豊島区雑司が谷3-15-20,豊島区,13116,豊島区指定無形民俗文化財,風俗習慣,municipal,2015/03/31,139.71371,35.72192,point,representative_point,municipal,豊島区指定無形民俗文化財,風俗習慣,
municipal_source,豊島区,文化財一覧（国もしくは地方公共団体が指定、登録、選定等行った文化財の一覧）,15,https://service.api.metro.tokyo.lg.jp/api/t131164d0000000007-83def088cb55c24a0cae4251717412d7-0/json,13Tokyo/raw/municipal/13116/data.json,池袋富士塚,,,,池袋本町3-14-1 宗教法人 氷川神社,豊島区池袋本町3-14-1 氷川神社境内,豊島区,13116,豊島区指定史跡,史跡,municipal,1998/06/11,139.71114,35.74363,point,representative_point,municipal,豊島区指定史跡,,
municipal_source,豊島区,文化財一覧（国もしくは地方公共団体が指定、登録、選定等行った文化財の一覧）,16,https://service.api.metro.tokyo.lg.jp/api/t131164d0000000007-83def088cb55c24a0cae4251717412d7-0/json,13Tokyo/raw/municipal/13116/data.json,重林寺観音堂内厨子覆屋,,,,池袋本町2-3-3 宗教法人 重林寺,豊島区池袋本町2-3-3 重林寺,豊島区,13116,豊島区登録有形文化財,建造物,municipal,2006/02/27,139.70988,35.73986,building_direct,building_candidate_point,municipal,豊島区登録有形文化財,建造物,
municipal_source,豊島区,文化財一覧（国もしくは地方公共団体が指定、登録、選定等行った文化財の一覧）,17,https://service.api.metro.tokyo.lg.jp/api/t131164d0000000007-83def088cb55c24a0cae4251717412d7-0/json,13Tokyo/raw/municipal/13116/data.json,安田家住宅,,,,個人,豊島区高松2-48-3,豊島区,13116,豊島区登録有形文化財,建造物,municipal,2015/03/31,139.70076,35.73914,building_direct,building_candidate_point,municipal,豊島区登録有形文化財,建造物,
municipal_source,豊島区,文化財一覧（国もしくは地方公共団体が指定、登録、選定等行った文化財の一覧）,18,https://service.api.metro.tokyo.lg.jp/api/t131164d0000000007-83def088cb55c24a0cae4251717412d7-0/json,13Tokyo/raw/municipal/13116/data.json,渡辺弘行・隆根アトリエ,,,,個人,豊島区長崎6-18-3,豊島区,13116,豊島区登録有形文化財,建造物,municipal,2019/10/22,139.6812,35.73505,building_direct,building_candidate_point,municipal,豊島区登録有形文化財,建造物,
municipal_source,豊島区,文化財一覧（国もしくは地方公共団体が指定、登録、選定等行った文化財の一覧）,19,https://service.api.metro.tokyo.lg.jp/api/t131164d0000000007-83def088cb55c24a0cae4251717412d7-0/json,13Tokyo/raw/municipal/13116/data.json,木造阿弥陀如来立像,,,,駒込6-11-4 宗教法人 西福寺,豊島区駒込6-11-4 西福寺,豊島区,13116,豊島区登録有形文化財,美術工芸品,municipal,1992/11/10,139.74249,35.73885,movable,representative_point,municipal,豊島区登録有形文化財,絵画・彫刻・工芸品,
municipal_source,豊島区,文化財一覧（国もしくは地方公共団体が指定、登録、選定等行った文化財の一覧）,20,https://service.api.metro.tokyo.lg.jp/api/t131164d0000000007-83def088cb55c24a0cae4251717412d7-0/json,13Tokyo/raw/municipal/13116/data.json,木造観音菩薩像(右),,,,駒込6-11-4 宗教法人 西福寺,豊島区駒込6-11-4 西福寺,豊島区,13116,豊島区登録有形文化財,美術工芸品,municipal,1992/11/10,139.74249,35.73885,movable,representative_point,municipal,豊島区登録有形文化財,絵画・彫刻・工芸品,
municipal_source,豊島区,文化財一覧（国もしくは地方公共団体が指定、登録、選定等行った文化財の一覧）,21,https://service.api.metro.tokyo.lg.jp/api/t131164d0000000007-83def088cb55c24a0cae4251717412d7-0/json,13Tokyo/raw/municipal/13116/data.json,木造観音菩薩像(左),,,,駒込6-11-4 宗教法人 西福寺,豊島区駒込6-11-4 西福寺,豊島区,13116,豊島区登録有形文化財,美術工芸品,municipal,1992/11/10,139.74249,35.73885,movable,representative_point,municipal,豊島区登録有形文化財,絵画・彫刻・工芸品,
municipal_source,豊島区,文化財一覧（国もしくは地方公共団体が指定、登録、選定等行った文化財の一覧）,22,https://service.api.metro.tokyo.lg.jp/api/t131164d0000000007-83def088cb55c24a0cae4251717412d7-0/json,13Tokyo/raw/municipal/13116/data.json,木造弘法大師坐像,,,,駒込6-11-4 宗教法人 西福寺,豊島区駒込6-11-4 西福寺,豊島区,13116,豊島区登録有形文化財,美術工芸品,municipal,1992/11/10,139.74249,35.73885,movable,representative_point,municipal,豊島区登録有形文化財,絵画・彫刻・工芸品,
municipal_source,豊島区,文化財一覧（国もしくは地方公共団体が指定、登録、選定等行った文化財の一覧）,23,https://service.api.metro.tokyo.lg.jp/api/t131164d0000000007-83def088cb55c24a0cae4251717412d7-0/json,13Tokyo/raw/municipal/13116/data.json,木造興教大師坐像,,,,駒込6-11-4 宗教法人 西福寺,豊島区駒込6-11-4 西福寺,豊島区,13116,豊島区登録有形文化財,美術工芸品,municipal,1992/11/10,139.74249,35.73885,movable,representative_point,municipal,豊島区登録有形文化財,絵画・彫刻・工芸品,
municipal_source,豊島区,文化財一覧（国もしくは地方公共団体が指定、登録、選定等行った文化財の一覧）,24,https://service.api.metro.tokyo.lg.jp/api/t131164d0000000007-83def088cb55c24a0cae4251717412d7-0/json,13Tokyo/raw/municipal/13116/data.json,木造地蔵菩薩坐像,,,,駒込6-11-4 宗教法人 西福寺,豊島区駒込6-11-4 西福寺,豊島区,13116,豊島区登録有形文化財,美術工芸品,municipal,1992/11/10,139.74249,35.73885,movable,representative_point,municipal,豊島区登録有形文化財,絵画・彫刻・工芸品,
municipal_source,豊島区,文化財一覧（国もしくは地方公共団体が指定、登録、選定等行った文化財の一覧）,25,https://service.api.metro.tokyo.lg.jp/api/t131164d0000000007-83def088cb55c24a0cae4251717412d7-0/json,13Tokyo/raw/municipal/13116/data.json,木造不動明王立像,,,,駒込6-11-4 宗教法人 西福寺,豊島区駒込6-11-4 西福寺,豊島区,13116,豊島区登録有形文化財,美術工芸品,municipal,1992/11/10,139.74249,35.73885,movable,representative_point,municipal,豊島区登録有形文化財,絵画・彫刻・工芸品,
municipal_source,豊島区,文化財一覧（国もしくは地方公共団体が指定、登録、選定等行った文化財の一覧）,26,https://service.api.metro.tokyo.lg.jp/api/t131164d0000000007-83def088cb55c24a0cae4251717412d7-0/json,13Tokyo/raw/municipal/13116/data.json,木造観音菩薩立像,,,,駒込6-11-4 宗教法人 西福寺,豊島区駒込6-11-4 西福寺,豊島区,13116,豊島区登録有形文化財,美術工芸品,municipal,1992/11/10,139.74249,35.73885,movable,representative_point,municipal,豊島区登録有形文化財,絵画・彫刻・工芸品,
municipal_source,豊島区,文化財一覧（国もしくは地方公共団体が指定、登録、選定等行った文化財の一覧）,27,https://service.api.metro.tokyo.lg.jp/api/t131164d0000000007-83def088cb55c24a0cae4251717412d7-0/json,13Tokyo/raw/municipal/13116/data.json,木造閻魔王坐像,,,,駒込6-11-4 宗教法人 西福寺,豊島区駒込6-11-4 西福寺,豊島区,13116,豊島区登録有形文化財,美術工芸品,municipal,1992/11/10,139.74249,35.73885,movable,representative_point,municipal,豊島区登録有形文化財,絵画・彫刻・工芸品,
municipal_source,豊島区,文化財一覧（国もしくは地方公共団体が指定、登録、選定等行った文化財の一覧）,28,https://service.api.metro.tokyo.lg.jp/api/t131164d0000000007-83def088cb55c24a0cae4251717412d7-0/json,13Tokyo/raw/municipal/13116/data.json,木造阿弥陀如来坐像,,,,駒込7-2-4 宗教法人 専修院,豊島区駒込7-2-4 専修院,豊島区,13116,豊島区登録有形文化財,美術工芸品,municipal,1992/11/10,139.73836,35.7399,movable,representative_point,municipal,豊島区登録有形文化財,絵画・彫刻・工芸品,
municipal_source,豊島区,文化財一覧（国もしくは地方公共団体が指定、登録、選定等行った文化財の一覧）,29,https://service.api.metro.tokyo.lg.jp/api/t131164d0000000007-83def088cb55c24a0cae4251717412d7-0/json,13Tokyo/raw/municipal/13116/data.json,木造地蔵菩薩立像,,,,駒込7-2-4 宗教法人 専修院,豊島区駒込7-2-4 専修院,豊島区,13116,豊島区登録有形文化財,美術工芸品,municipal,1992/11/10,139.73836,35.7399,movable,representative_point,municipal,豊島区登録有形文化財,絵画・彫刻・工芸品,
municipal_source,豊島区,文化財一覧（国もしくは地方公共団体が指定、登録、選定等行った文化財の一覧）,30,https://service.api.metro.tokyo.lg.jp/api/t131164d0000000007-83def088cb55c24a0cae4251717412d7-0/json,13Tokyo/raw/municipal/13116/data.json,鉄造薬師如来立像,,,,駒込7-1-1 宗教法人 泰宗寺,豊島区駒込7-1-1 泰宗寺,豊島区,13116,豊島区登録有形文化財,美術工芸品,municipal,1992/11/10,139.7393,35.73928,movable,representative_point,municipal,豊島区登録有形文化財,絵画・彫刻・工芸品,
municipal_source,豊島区,文化財一覧（国もしくは地方公共団体が指定、登録、選定等行った文化財の一覧）,31,https://service.api.metro.tokyo.lg.jp/api/t131164d0000000007-83def088cb55c24a0cae4251717412d7-0/json,13Tokyo/raw/municipal/13116/data.json,磚製弁財天及び十五童子像,,,,駒込7-1-1 宗教法人 泰宗寺,豊島区駒込7-1-1 泰宗寺,豊島区,13116,豊島区登録有形文化財,美術工芸品,municipal,1992/11/10,139.7393,35.73928,movable,representative_point,municipal,豊島区登録有形文化財,絵画・彫刻・工芸品,
municipal_source,豊島区,文化財一覧（国もしくは地方公共団体が指定、登録、選定等行った文化財の一覧）,32,https://service.api.metro.tokyo.lg.jp/api/t131164d0000000007-83def088cb55c24a0cae4251717412d7-0/json,13Tokyo/raw/municipal/13116/data.json,木造日蓮上人坐像,,,,巣鴨5-35-33 宗教法人 慈眼寺,豊島区巣鴨5-35-33 慈眼寺,豊島区,13116,豊島区登録有形文化財,美術工芸品,municipal,1992/11/10,139.73521,35.73964,movable,representative_point,municipal,豊島区登録有形文化財,絵画・彫刻・工芸品,
municipal_source,豊島区,文化財一覧（国もしくは地方公共団体が指定、登録、選定等行った文化財の一覧）,33,https://service.api.metro.tokyo.lg.jp/api/t131164d0000000007-83def088cb55c24a0cae4251717412d7-0/json,13Tokyo/raw/municipal/13116/data.json,木造鬼子母神立像,,,,巣鴨5-35-33 宗教法人 慈眼寺,豊島区巣鴨5-35-33 慈眼寺,豊島区,13116,豊島区登録有形文化財,美術工芸品,municipal,1992/11/10,139.73521,35.73964,movable,representative_point,municipal,豊島区登録有形文化財,絵画・彫刻・工芸品,
municipal_source,豊島区,文化財一覧（国もしくは地方公共団体が指定、登録、選定等行った文化財の一覧）,34,https://service.api.metro.tokyo.lg.jp/api/t131164d0000000007-83def088cb55c24a0cae4251717412d7-0/json,13Tokyo/raw/municipal/13116/data.json,木造鬼子母神立像,,,,巣鴨5-35-33 宗教法人 慈眼寺,豊島区巣鴨5-35-33 慈眼寺,豊島区,13116,豊島区登録有形文化財,美術工芸品,municipal,1992/11/10,139.73521,35.73964,movable,representative_point,municipal,豊島区登録有形文化財,絵画・彫刻・工芸品,
municipal_source,豊島区,文化財一覧（国もしくは地方公共団体が指定、登録、選定等行った文化財の一覧）,35,https://service.api.metro.tokyo.lg.jp/api/t131164d0000000007-83def088cb55c24a0cae4251717412d7-0/json,13Tokyo/raw/municipal/13116/data.json,鉄造鬼子母神立像,,,,巣鴨5-35-33 宗教法人 慈眼寺,豊島区巣鴨5-35-33 慈眼寺,豊島区,13116,豊島区登録有形文化財,美術工芸品,municipal,1992/11/10,139.73521,35.73964,movable,representative_point,municipal,豊島区登録有形文化財,絵画・彫刻・工芸品,
municipal_source,豊島区,文化財一覧（国もしくは地方公共団体が指定、登録、選定等行った文化財の一覧）,36,https://service.api.metro.tokyo.lg.jp/api/t131164d0000000007-83def088cb55c24a0cae4251717412d7-0/json,13Tokyo/raw/municipal/13116/data.json,木造日蓮上人坐像,,,,駒込7-2-14 宗教法人 蓮華寺,豊島区駒込7-2-14 蓮華寺,豊島区,13116,豊島区登録有形文化財,美術工芸品,municipal,1992/11/10,139.73836,35.7399,movable,representative_point,municipal,豊島区登録有形文化財,絵画・彫刻・工芸品,
municipal_source,豊島区,文化財一覧（国もしくは地方公共団体が指定、登録、選定等行った文化財の一覧）,37,https://service.api.metro.tokyo.lg.jp/api/t131164d0000000007-83def088cb55c24a0cae4251717412d7-0/json,13Tokyo/raw/municipal/13116/data.json,木造地蔵菩薩立像,,,,西巣鴨4-8-25 宗教法人 善養寺,豊島区西巣鴨4-8-25 善養寺,豊島区,13116,豊島区登録有形文化財,美術工芸品,municipal,1992/11/10,139.73067,35.7433,movable,representative_point,municipal,豊島区登録有形文化財,絵画・彫刻・工芸品,
municipal_source,豊島区,文化財一覧（国もしくは地方公共団体が指定、登録、選定等行った文化財の一覧）,38,https://service.api.metro.tokyo.lg.jp/api/t131164d0000000007-83def088cb55c24a0cae4251717412d7-0/json,13Tokyo/raw/municipal/13116/data.json,木造閻魔王坐像,,,,西巣鴨4-8-25 宗教法人 善養寺,豊島区西巣鴨4-8-25 善養寺,豊島区,13116,豊島区登録有形文化財,美術工芸品,municipal,1992/11/10,139.73067,35.7433,movable,representative_point,municipal,豊島区登録有形文化財,絵画・彫刻・工芸品,
municipal_source,豊島区,文化財一覧（国もしくは地方公共団体が指定、登録、選定等行った文化財の一覧）,39,https://service.api.metro.tokyo.lg.jp/api/t131164d0000000007-83def088cb55c24a0cae4251717412d7-0/json,13Tokyo/raw/municipal/13116/data.json,木造不動三尊像(厨子入り),,,,西巣鴨4-8-25 宗教法人 善養寺,豊島区西巣鴨4-8-25 善養寺,豊島区,13116,豊島区登録有形文化財,美術工芸品,municipal,1992/11/10,139.73067,35.7433,movable,representative_point,municipal,豊島区登録有形文化財,絵画・彫刻・工芸品,
municipal_source,豊島区,文化財一覧（国もしくは地方公共団体が指定、登録、選定等行った文化財の一覧）,40,https://service.api.metro.tokyo.lg.jp/api/t131164d0000000007-83def088cb55c24a0cae4251717412d7-0/json,13Tokyo/raw/municipal/13116/data.json,木造愛染明王坐像(厨子入り),,,,西巣鴨4-8-25 宗教法人 善養寺,豊島区西巣鴨4-8-25 善養寺,豊島区,13116,豊島区登録有形文化財,美術工芸品,municipal,1992/11/10,139.73067,35.7433,movable,representative_point,municipal,豊島区登録有形文化財,絵画・彫刻・工芸品,
municipal_source,豊島区,文化財一覧（国もしくは地方公共団体が指定、登録、選定等行った文化財の一覧）,41,https://service.api.metro.tokyo.lg.jp/api/t131164d0000000007-83def088cb55c24a0cae4251717412d7-0/json,13Tokyo/raw/municipal/13116/data.json,木造不動明王坐像,,,,西巣鴨4-8-25 宗教法人 善養寺,豊島区西巣鴨4-8-25 善養寺,豊島区,13116,豊島区登録有形文化財,美術工芸品,municipal,1992/11/10,139.73067,35.7433,movable,representative_point,municipal,豊島区登録有形文化財,絵画・彫刻・工芸品,
municipal_source,豊島区,文化財一覧（国もしくは地方公共団体が指定、登録、選定等行った文化財の一覧）,42,https://service.api.metro.tokyo.lg.jp/api/t131164d0000000007-83def088cb55c24a0cae4251717412d7-0/json,13Tokyo/raw/municipal/13116/data.json,木造阿弥陀如来立像,,,,西巣鴨4-8-25 宗教法人 善養寺,豊島区西巣鴨4-8-25 善養寺,豊島区,13116,豊島区登録有形文化財,美術工芸品,municipal,1992/11/10,139.73067,35.7433,movable,representative_point,municipal,豊島区登録有形文化財,絵画・彫刻・工芸品,
municipal_source,豊島区,文化財一覧（国もしくは地方公共団体が指定、登録、選定等行った文化財の一覧）,43,https://service.api.metro.tokyo.lg.jp/api/t131164d0000000007-83def088cb55c24a0cae4251717412d7-0/json,13Tokyo/raw/municipal/13116/data.json,木造地蔵菩薩立像,,,,西巣鴨4-8-25 宗教法人 善養寺,豊島区西巣鴨4-8-25 善養寺,豊島区,13116,豊島区登録有形文化財,美術工芸品,municipal,1992/11/10,139.73067,35.7433,movable,representative_point,municipal,豊島区登録有形文化財,絵画・彫刻・工芸品,
municipal_source,豊島区,文化財一覧（国もしくは地方公共団体が指定、登録、選定等行った文化財の一覧）,44,https://service.api.metro.tokyo.lg.jp/api/t131164d0000000007-83def088cb55c24a0cae4251717412d7-0/json,13Tokyo/raw/municipal/13116/data.json,木造釈迦三尊像,,,,西巣鴨4-8-25 宗教法人 善養寺,豊島区西巣鴨4-8-25 善養寺,豊島区,13116,豊島区登録有形文化財,美術工芸品,municipal,1992/11/10,139.73067,35.7433,movable,representative_point,municipal,豊島区登録有形文化財,絵画・彫刻・工芸品,
municipal_source,豊島区,文化財一覧（国もしくは地方公共団体が指定、登録、選定等行った文化財の一覧）,45,https://service.api.metro.tokyo.lg.jp/api/t131164d0000000007-83def088cb55c24a0cae4251717412d7-0/json,13Tokyo/raw/municipal/13116/data.json,木造不動明王像,,,,西巣鴨4-8-1 宗教法人 正法院,豊島区西巣鴨4-8-1 正法院,豊島区,13116,豊島区登録有形文化財,美術工芸品,municipal,1992/11/10,139.73067,35.7433,movable,representative_point,municipal,豊島区登録有形文化財,絵画・彫刻・工芸品,
municipal_source,豊島区,文化財一覧（国もしくは地方公共団体が指定、登録、選定等行った文化財の一覧）,46,https://service.api.metro.tokyo.lg.jp/api/t131164d0000000007-83def088cb55c24a0cae4251717412d7-0/json,13Tokyo/raw/municipal/13116/data.json,木造聖観音菩薩坐像,,,,西巣鴨4-8-1 宗教法人 正法院,豊島区西巣鴨4-8-1 正法院,豊島区,13116,豊島区登録有形文化財,美術工芸品,municipal,1992/11/10,139.73067,35.7433,movable,representative_point,municipal,豊島区登録有形文化財,絵画・彫刻・工芸品,
municipal_source,豊島区,文化財一覧（国もしくは地方公共団体が指定、登録、選定等行った文化財の一覧）,47,https://service.api.metro.tokyo.lg.jp/api/t131164d0000000007-83def088cb55c24a0cae4251717412d7-0/json,13Tokyo/raw/municipal/13116/data.json,木造千手観音立像(厨子入り),,,,西巣鴨4-8-1 宗教法人 正法院,豊島区西巣鴨4-8-1 正法院,豊島区,13116,豊島区登録有形文化財,美術工芸品,municipal,1992/11/10,139.73067,35.7433,movable,representative_point,municipal,豊島区登録有形文化財,絵画・彫刻・工芸品,
municipal_source,豊島区,文化財一覧（国もしくは地方公共団体が指定、登録、選定等行った文化財の一覧）,48,https://service.api.metro.tokyo.lg.jp/api/t131164d0000000007-83def088cb55c24a0cae4251717412d7-0/json,13Tokyo/raw/municipal/13116/data.json,木造勢至菩薩立像(厨子入り),,,,西巣鴨4-8-1 宗教法人 正法院,豊島区西巣鴨4-8-1 正法院,豊島区,13116,豊島区登録有形文化財,美術工芸品,municipal,1992/11/10,139.73067,35.7433,movable,representative_point,municipal,豊島区登録有形文化財,絵画・彫刻・工芸品,
municipal_source,豊島区,文化財一覧（国もしくは地方公共団体が指定、登録、選定等行った文化財の一覧）,49,https://service.api.metro.tokyo.lg.jp/api/t131164d0000000007-83def088cb55c24a0cae4251717412d7-0/json,13Tokyo/raw/municipal/13116/data.json,木造阿弥陀三尊像,,,,西巣鴨4-8-1 宗教法人 正法院,豊島区西巣鴨4-8-1 正法院,豊島区,13116,豊島区登録有形文化財,美術工芸品,municipal,1992/11/10,139.73067,35.7433,movable,representative_point,municipal,豊島区登録有形文化財,絵画・彫刻・工芸品,
municipal_source,豊島区,文化財一覧（国もしくは地方公共団体が指定、登録、選定等行った文化財の一覧）,50,https://service.api.metro.tokyo.lg.jp/api/t131164d0000000007-83def088cb55c24a0cae4251717412d7-0/json,13Tokyo/raw/municipal/13116/data.json,木造阿弥陀三尊像(本尊),,,,西巣鴨4-8-40 宗教法人 盛雲寺,豊島区西巣鴨4-8-40 盛雲寺,豊島区,13116,豊島区登録有形文化財,美術工芸品,municipal,1992/11/10,139.73067,35.7433,movable,representative_point,municipal,豊島区登録有形文化財,絵画・彫刻・工芸品,
municipal_source,豊島区,文化財一覧（国もしくは地方公共団体が指定、登録、選定等行った文化財の一覧）,51,https://service.api.metro.tokyo.lg.jp/api/t131164d0000000007-83def088cb55c24a0cae4251717412d7-0/json,13Tokyo/raw/municipal/13116/data.json,木造阿弥陀三尊像(本尊)観音菩薩像,,,,西巣鴨4-8-40 宗教法人 盛雲寺,豊島区西巣鴨4-8-40 盛雲寺,豊島区,13116,豊島区登録有形文化財,美術工芸品,municipal,1992/11/10,139.73067,35.7433,movable,representative_point,municipal,豊島区登録有形文化財,絵画・彫刻・工芸品,
municipal_source,豊島区,文化財一覧（国もしくは地方公共団体が指定、登録、選定等行った文化財の一覧）,52,https://service.api.metro.tokyo.lg.jp/api/t131164d0000000007-83def088cb55c24a0cae4251717412d7-0/json,13Tokyo/raw/municipal/13116/data.json,木造阿弥陀三尊像(本尊)勢至菩薩像,,,,西巣鴨4-8-40 宗教法人 盛雲寺,豊島区西巣鴨4-8-40 盛雲寺,豊島区,13116,豊島区登録有形文化財,美術工芸品,municipal,1992/11/10,139.73067,35.7433,movable,representative_point,municipal,豊島区登録有形文化財,絵画・彫刻・工芸品,
municipal_source,豊島区,文化財一覧（国もしくは地方公共団体が指定、登録、選定等行った文化財の一覧）,53,https://service.api.metro.tokyo.lg.jp/api/t131164d0000000007-83def088cb55c24a0cae4251717412d7-0/json,13Tokyo/raw/municipal/13116/data.json,木造阿弥陀三尊像(脇壇)観音菩薩像,,,,西巣鴨4-8-40 宗教法人 盛雲寺,豊島区西巣鴨4-8-40 盛雲寺,豊島区,13116,豊島区登録有形文化財,美術工芸品,municipal,1992/11/10,139.73067,35.7433,movable,representative_point,municipal,豊島区登録有形文化財,絵画・彫刻・工芸品,
municipal_source,豊島区,文化財一覧（国もしくは地方公共団体が指定、登録、選定等行った文化財の一覧）,54,https://service.api.metro.tokyo.lg.jp/api/t131164d0000000007-83def088cb55c24a0cae4251717412d7-0/json,13Tokyo/raw/municipal/13116/data.json,木造阿弥陀三尊像(脇壇)阿弥陀如来像,,,,西巣鴨4-8-40 宗教法人 盛雲寺,豊島区西巣鴨4-8-40 盛雲寺,豊島区,13116,豊島区登録有形文化財,美術工芸品,municipal,1992/11/10,139.73067,35.7433,movable,representative_point,municipal,豊島区登録有形文化財,絵画・彫刻・工芸品,
municipal_source,豊島区,文化財一覧（国もしくは地方公共団体が指定、登録、選定等行った文化財の一覧）,55,https://service.api.metro.tokyo.lg.jp/api/t131164d0000000007-83def088cb55c24a0cae4251717412d7-0/json,13Tokyo/raw/municipal/13116/data.json,木造阿弥陀三尊像(脇壇)勢至菩薩像,,,,西巣鴨4-8-40 宗教法人 盛雲寺,豊島区西巣鴨4-8-40 盛雲寺,豊島区,13116,豊島区登録有形文化財,美術工芸品,municipal,1992/11/10,139.73067,35.7433,movable,representative_point,municipal,豊島区登録有形文化財,絵画・彫刻・工芸品,
municipal_source,豊島区,文化財一覧（国もしくは地方公共団体が指定、登録、選定等行った文化財の一覧）,56,https://service.api.metro.tokyo.lg.jp/api/t131164d0000000007-83def088cb55c24a0cae4251717412d7-0/json,13Tokyo/raw/municipal/13116/data.json,木造閻魔王坐像,,,,西巣鴨4-8-40 宗教法人 盛雲寺,豊島区西巣鴨4-8-40 盛雲寺,豊島区,13116,豊島区登録有形文化財,美術工芸品,municipal,1992/11/10,139.73067,35.7433,movable,representative_point,municipal,豊島区登録有形文化財,絵画・彫刻・工芸品,
municipal_source,豊島区,文化財一覧（国もしくは地方公共団体が指定、登録、選定等行った文化財の一覧）,57,https://service.api.metro.tokyo.lg.jp/api/t131164d0000000007-83def088cb55c24a0cae4251717412d7-0/json,13Tokyo/raw/municipal/13116/data.json,木造阿弥陀三尊像 阿弥陀如来像,,,,西巣鴨4-8-22 宗教法人 良感寺,豊島区西巣鴨4-8-22 良感寺,豊島区,13116,豊島区登録有形文化財,美術工芸品,municipal,1992/11/10,139.73067,35.7433,movable,representative_point,municipal,豊島区登録有形文化財,絵画・彫刻・工芸品,
municipal_source,豊島区,文化財一覧（国もしくは地方公共団体が指定、登録、選定等行った文化財の一覧）,58,https://service.api.metro.tokyo.lg.jp/api/t131164d0000000007-83def088cb55c24a0cae4251717412d7-0/json,13Tokyo/raw/municipal/13116/data.json,木造阿弥陀三尊像 観音菩薩像,,,,西巣鴨4-8-22 宗教法人 良感寺,豊島区西巣鴨4-8-22 良感寺,豊島区,13116,豊島区登録有形文化財,美術工芸品,municipal,1992/11/10,139.73067,35.7433,movable,representative_point,municipal,豊島区登録有形文化財,絵画・彫刻・工芸品,
municipal_source,豊島区,文化財一覧（国もしくは地方公共団体が指定、登録、選定等行った文化財の一覧）,59,https://service.api.metro.tokyo.lg.jp/api/t131164d0000000007-83def088cb55c24a0cae4251717412d7-0/json,13Tokyo/raw/municipal/13116/data.json,木造阿弥陀三尊像 勢至菩薩像,,,,西巣鴨4-8-22 宗教法人 良感寺,豊島区西巣鴨4-8-22 良感寺,豊島区,13116,豊島区登録有形文化財,美術工芸品,municipal,1992/11/10,139.73067,35.7433,movable,representative_point,municipal,豊島区登録有形文化財,絵画・彫刻・工芸品,
municipal_source,豊島区,文化財一覧（国もしくは地方公共団体が指定、登録、選定等行った文化財の一覧）,60,https://service.api.metro.tokyo.lg.jp/api/t131164d0000000007-83def088cb55c24a0cae4251717412d7-0/json,13Tokyo/raw/municipal/13116/data.json,木造地蔵菩薩立像,,,,西巣鴨4-8-22 宗教法人 良感寺,豊島区西巣鴨4-8-22 良感寺,豊島区,13116,豊島区登録有形文化財,美術工芸品,municipal,1992/11/10,139.73067,35.7433,movable,representative_point,municipal,豊島区登録有形文化財,絵画・彫刻・工芸品,
municipal_source,豊島区,文化財一覧（国もしくは地方公共団体が指定、登録、選定等行った文化財の一覧）,61,https://service.api.metro.tokyo.lg.jp/api/t131164d0000000007-83def088cb55c24a0cae4251717412d7-0/json,13Tokyo/raw/municipal/13116/data.json,木造法華曼荼羅像 一具,,,,西巣鴨4-8-28 宗教法人 妙行寺,豊島区西巣鴨4-8-28 妙行寺,豊島区,13116,豊島区登録有形文化財,美術工芸品,municipal,1993/10/26,139.73067,35.7433,movable,representative_point,municipal,豊島区登録有形文化財,絵画・彫刻・工芸品,
municipal_source,豊島区,文化財一覧（国もしくは地方公共団体が指定、登録、選定等行った文化財の一覧）,62,https://service.api.metro.tokyo.lg.jp/api/t131164d0000000007-83def088cb55c24a0cae4251717412d7-0/json,13Tokyo/raw/municipal/13116/data.json,木造日蓮上人坐像,,,,西巣鴨4-8-28 宗教法人 妙行寺,豊島区西巣鴨4-8-28 妙行寺,豊島区,13116,豊島区登録有形文化財,美術工芸品,municipal,1993/10/26,139.73067,35.7433,movable,representative_point,municipal,豊島区登録有形文化財,絵画・彫刻・工芸品,
municipal_source,豊島区,文化財一覧（国もしくは地方公共団体が指定、登録、選定等行った文化財の一覧）,63,https://service.api.metro.tokyo.lg.jp/api/t131164d0000000007-83def088cb55c24a0cae4251717412d7-0/json,13Tokyo/raw/municipal/13116/data.json,阿弥陀如来坐像(伝:釈迦如来像),,,,西巣鴨4-8-24 宗教法人 清巖寺,豊島区西巣鴨4-8-24 清巖寺,豊島区,13116,豊島区登録有形文化財,美術工芸品,municipal,1993/10/26,139.73067,35.7433,movable,representative_point,municipal,豊島区登録有形文化財,絵画・彫刻・工芸品,
municipal_source,豊島区,文化財一覧（国もしくは地方公共団体が指定、登録、選定等行った文化財の一覧）,64,https://service.api.metro.tokyo.lg.jp/api/t131164d0000000007-83def088cb55c24a0cae4251717412d7-0/json,13Tokyo/raw/municipal/13116/data.json,木造道元禅師坐像・木造瑩山禅師坐像,,,,西巣鴨4-8-24 宗教法人 清巖寺,豊島区西巣鴨4-8-24 清巖寺,豊島区,13116,豊島区登録有形文化財,美術工芸品,municipal,1993/10/26,139.73067,35.7433,movable,representative_point,municipal,豊島区登録有形文化財,絵画・彫刻・工芸品,
municipal_source,豊島区,文化財一覧（国もしくは地方公共団体が指定、登録、選定等行った文化財の一覧）,65,https://service.api.metro.tokyo.lg.jp/api/t131164d0000000007-83def088cb55c24a0cae4251717412d7-0/json,13Tokyo/raw/municipal/13116/data.json,木造達磨大師坐像・大権菩薩像,,,,西巣鴨4-8-24 宗教法人 清巖寺,豊島区西巣鴨4-8-24 清巖寺,豊島区,13116,豊島区登録有形文化財,美術工芸品,municipal,1993/10/26,139.73067,35.7433,movable,representative_point,municipal,豊島区登録有形文化財,絵画・彫刻・工芸品,
municipal_source,豊島区,文化財一覧（国もしくは地方公共団体が指定、登録、選定等行った文化財の一覧）,66,https://service.api.metro.tokyo.lg.jp/api/t131164d0000000007-83def088cb55c24a0cae4251717412d7-0/json,13Tokyo/raw/municipal/13116/data.json,木造釈迦如来坐像,,,,巣鴨5-32-5 宗教法人 白泉寺,豊島区巣鴨5-32-5 白泉寺,豊島区,13116,豊島区登録有形文化財,美術工芸品,municipal,1993/10/26,139.73289,35.74182,movable,representative_point,municipal,豊島区登録有形文化財,絵画・彫刻・工芸品,
municipal_source,豊島区,文化財一覧（国もしくは地方公共団体が指定、登録、選定等行った文化財の一覧）,67,https://service.api.metro.tokyo.lg.jp/api/t131164d0000000007-83def088cb55c24a0cae4251717412d7-0/json,13Tokyo/raw/municipal/13116/data.json,木造阿弥陀如来立像,,,,西巣鴨4-8-43 宗教法人 西方寺,豊島区西巣鴨4-8-43 西方寺,豊島区,13116,豊島区登録有形文化財,美術工芸品,municipal,1993/10/26,139.73067,35.7433,movable,representative_point,municipal,豊島区登録有形文化財,絵画・彫刻・工芸品,
municipal_source,豊島区,文化財一覧（国もしくは地方公共団体が指定、登録、選定等行った文化財の一覧）,68,https://service.api.metro.tokyo.lg.jp/api/t131164d0000000007-83def088cb55c24a0cae4251717412d7-0/json,13Tokyo/raw/municipal/13116/data.json,木造観音菩薩像・木造勢至菩薩像,,,,西巣鴨4-8-43 宗教法人 西方寺,豊島区西巣鴨4-8-43 西方寺,豊島区,13116,豊島区登録有形文化財,美術工芸品,municipal,1993/10/26,139.73067,35.7433,movable,representative_point,municipal,豊島区登録有形文化財,絵画・彫刻・工芸品,
municipal_source,豊島区,文化財一覧（国もしくは地方公共団体が指定、登録、選定等行った文化財の一覧）,69,https://service.api.metro.tokyo.lg.jp/api/t131164d0000000007-83def088cb55c24a0cae4251717412d7-0/json,13Tokyo/raw/municipal/13116/data.json,銅像地蔵菩薩立像(厨子入り),,,,西巣鴨4-8-43 宗教法人 西方寺,豊島区西巣鴨4-8-43 西方寺,豊島区,13116,豊島区登録有形文化財,美術工芸品,municipal,1993/10/26,139.73067,35.7433,movable,representative_point,municipal,豊島区登録有形文化財,絵画・彫刻・工芸品,
municipal_source,豊島区,文化財一覧（国もしくは地方公共団体が指定、登録、選定等行った文化財の一覧）,70,https://service.api.metro.tokyo.lg.jp/api/t131164d0000000007-83def088cb55c24a0cae4251717412d7-0/json,13Tokyo/raw/municipal/13116/data.json,木造阿弥陀如来坐像,,,,西巣鴨4-8-43 宗教法人 西方寺,豊島区西巣鴨4-8-43 西方寺,豊島区,13116,豊島区登録有形文化財,美術工芸品,municipal,1993/10/26,139.73067,35.7433,movable,representative_point,municipal,豊島区登録有形文化財,絵画・彫刻・工芸品,
municipal_source,豊島区,文化財一覧（国もしくは地方公共団体が指定、登録、選定等行った文化財の一覧）,71,https://service.api.metro.tokyo.lg.jp/api/t131164d0000000007-83def088cb55c24a0cae4251717412d7-0/json,13Tokyo/raw/municipal/13116/data.json,木造阿弥陀如来坐像(厨子入り),,,,西巣鴨4-8-43 宗教法人 西方寺,豊島区西巣鴨4-8-43 西方寺,豊島区,13116,豊島区登録有形文化財,美術工芸品,municipal,1993/10/26,139.73067,35.7433,movable,representative_point,municipal,豊島区登録有形文化財,絵画・彫刻・工芸品,
municipal_source,豊島区,文化財一覧（国もしくは地方公共団体が指定、登録、選定等行った文化財の一覧）,72,https://service.api.metro.tokyo.lg.jp/api/t131164d0000000007-83def088cb55c24a0cae4251717412d7-0/json,13Tokyo/raw/municipal/13116/data.json,木造地蔵菩薩立像,,,,西巣鴨4-8-40 宗教法人 盛雲寺,豊島区西巣鴨4-8-40 盛雲寺,豊島区,13116,豊島区登録有形文化財,美術工芸品,municipal,1994/04/22,139.73067,35.7433,movable,representative_point,municipal,豊島区登録有形文化財,絵画・彫刻・工芸品,
municipal_source,豊島区,文化財一覧（国もしくは地方公共団体が指定、登録、選定等行った文化財の一覧）,73,https://service.api.metro.tokyo.lg.jp/api/t131164d0000000007-83def088cb55c24a0cae4251717412d7-0/json,13Tokyo/raw/municipal/13116/data.json,木造神立像(付 銅造十一面観音立像),,,,西巣鴨4-8-40 宗教法人 盛雲寺,豊島区西巣鴨4-8-40 盛雲寺,豊島区,13116,豊島区登録有形文化財,美術工芸品,municipal,1994/04/22,139.73067,35.7433,movable,representative_point,municipal,豊島区登録有形文化財,絵画・彫刻・工芸品,
municipal_source,豊島区,文化財一覧（国もしくは地方公共団体が指定、登録、選定等行った文化財の一覧）,74,https://service.api.metro.tokyo.lg.jp/api/t131164d0000000007-83def088cb55c24a0cae4251717412d7-0/json,13Tokyo/raw/municipal/13116/data.json,木造如来立像,,,,西巣鴨4-8-40 宗教法人 盛雲寺,豊島区西巣鴨4-8-40 盛雲寺,豊島区,13116,豊島区登録有形文化財,美術工芸品,municipal,1994/04/22,139.73067,35.7433,movable,representative_point,municipal,豊島区登録有形文化財,絵画・彫刻・工芸品,
municipal_source,豊島区,文化財一覧（国もしくは地方公共団体が指定、登録、選定等行った文化財の一覧）,75,https://service.api.metro.tokyo.lg.jp/api/t131164d0000000007-83def088cb55c24a0cae4251717412d7-0/json,13Tokyo/raw/municipal/13116/data.json,木造不動三尊像,,,,西巣鴨4-8-40 宗教法人 盛雲寺,豊島区西巣鴨4-8-40 盛雲寺,豊島区,13116,豊島区登録有形文化財,美術工芸品,municipal,1994/04/22,139.73067,35.7433,movable,representative_point,municipal,豊島区登録有形文化財,絵画・彫刻・工芸品,
municipal_source,豊島区,文化財一覧（国もしくは地方公共団体が指定、登録、選定等行った文化財の一覧）,76,https://service.api.metro.tokyo.lg.jp/api/t131164d0000000007-83def088cb55c24a0cae4251717412d7-0/json,13Tokyo/raw/municipal/13116/data.json,銅造誕生釈迦如来立像,,,,西巣鴨4-8-40 宗教法人 盛雲寺,豊島区西巣鴨4-8-40 盛雲寺,豊島区,13116,豊島区登録有形文化財,美術工芸品,municipal,1994/04/22,139.73067,35.7433,movable,representative_point,municipal,豊島区登録有形文化財,絵画・彫刻・工芸品,
municipal_source,豊島区,文化財一覧（国もしくは地方公共団体が指定、登録、選定等行った文化財の一覧）,77,https://service.api.metro.tokyo.lg.jp/api/t131164d0000000007-83def088cb55c24a0cae4251717412d7-0/json,13Tokyo/raw/municipal/13116/data.json,銅造誕生釈迦如来立像,,,,西巣鴨4-8-40 宗教法人 盛雲寺,豊島区西巣鴨4-8-40 盛雲寺,豊島区,13116,豊島区登録有形文化財,美術工芸品,municipal,1994/04/22,139.73067,35.7433,movable,representative_point,municipal,豊島区登録有形文化財,絵画・彫刻・工芸品,
municipal_source,豊島区,文化財一覧（国もしくは地方公共団体が指定、登録、選定等行った文化財の一覧）,78,https://service.api.metro.tokyo.lg.jp/api/t131164d0000000007-83def088cb55c24a0cae4251717412d7-0/json,13Tokyo/raw/municipal/13116/data.json,木造法然上人坐像,,,,西巣鴨4-8-40 宗教法人 盛雲寺,豊島区西巣鴨4-8-40 盛雲寺,豊島区,13116,豊島区登録有形文化財,美術工芸品,municipal,1995/07/04,139.73067,35.7433,movable,representative_point,municipal,豊島区登録有形文化財,絵画・彫刻・工芸品,
municipal_source,豊島区,文化財一覧（国もしくは地方公共団体が指定、登録、選定等行った文化財の一覧）,79,https://service.api.metro.tokyo.lg.jp/api/t131164d0000000007-83def088cb55c24a0cae4251717412d7-0/json,13Tokyo/raw/municipal/13116/data.json,木造善導大師坐像,,,,西巣鴨4-8-40 宗教法人 盛雲寺,豊島区西巣鴨4-8-40 盛雲寺,豊島区,13116,豊島区登録有形文化財,美術工芸品,municipal,1995/07/04,139.73067,35.7433,movable,representative_point,municipal,豊島区登録有形文化財,絵画・彫刻・工芸品,
municipal_source,豊島区,文化財一覧（国もしくは地方公共団体が指定、登録、選定等行った文化財の一覧）,80,https://service.api.metro.tokyo.lg.jp/api/t131164d0000000007-83def088cb55c24a0cae4251717412d7-0/json,13Tokyo/raw/municipal/13116/data.json,木造僧形坐像,,,,西巣鴨4-8-40 宗教法人 盛雲寺,豊島区西巣鴨4-8-40 盛雲寺,豊島区,13116,豊島区登録有形文化財,美術工芸品,municipal,1995/07/04,139.73067,35.7433,movable,representative_point,municipal,豊島区登録有形文化財,絵画・彫刻・工芸品,
municipal_source,豊島区,文化財一覧（国もしくは地方公共団体が指定、登録、選定等行った文化財の一覧）,81,https://service.api.metro.tokyo.lg.jp/api/t131164d0000000007-83def088cb55c24a0cae4251717412d7-0/json,13Tokyo/raw/municipal/13116/data.json,木造僧形坐像,,,,西巣鴨4-8-40 宗教法人 盛雲寺,豊島区西巣鴨4-8-40 盛雲寺,豊島区,13116,豊島区登録有形文化財,美術工芸品,municipal,1995/07/04,139.73067,35.7433,movable,representative_point,municipal,豊島区登録有形文化財,絵画・彫刻・工芸品,
municipal_source,豊島区,文化財一覧（国もしくは地方公共団体が指定、登録、選定等行った文化財の一覧）,82,https://service.api.metro.tokyo.lg.jp/api/t131164d0000000007-83def088cb55c24a0cae4251717412d7-0/json,13Tokyo/raw/municipal/13116/data.json,木造毘沙門天立像,,,,西巣鴨4-8-40 宗教法人 盛雲寺,豊島区西巣鴨4-8-40 盛雲寺,豊島区,13116,豊島区登録有形文化財,美術工芸品,municipal,1995/07/04,139.73067,35.7433,movable,representative_point,municipal,豊島区登録有形文化財,絵画・彫刻・工芸品,
municipal_source,豊島区,文化財一覧（国もしくは地方公共団体が指定、登録、選定等行った文化財の一覧）,83,https://service.api.metro.tokyo.lg.jp/api/t131164d0000000007-83def088cb55c24a0cae4251717412d7-0/json,13Tokyo/raw/municipal/13116/data.json,木造地蔵菩薩立像,,,,西巣鴨4-8-40 宗教法人 盛雲寺,豊島区西巣鴨4-8-40 盛雲寺,豊島区,13116,豊島区登録有形文化財,美術工芸品,municipal,1995/07/04,139.73067,35.7433,movable,representative_point,municipal,豊島区登録有形文化財,絵画・彫刻・工芸品,
municipal_source,豊島区,文化財一覧（国もしくは地方公共団体が指定、登録、選定等行った文化財の一覧）,84,https://service.api.metro.tokyo.lg.jp/api/t131164d0000000007-83def088cb55c24a0cae4251717412d7-0/json,13Tokyo/raw/municipal/13116/data.json,木造地蔵菩薩立像,,,,西巣鴨4-8-40 宗教法人 盛雲寺,豊島区西巣鴨4-8-40 盛雲寺,豊島区,13116,豊島区登録有形文化財,美術工芸品,municipal,1995/07/04,139.73067,35.7433,movable,representative_point,municipal,豊島区登録有形文化財,絵画・彫刻・工芸品,
municipal_source,豊島区,文化財一覧（国もしくは地方公共団体が指定、登録、選定等行った文化財の一覧）,85,https://service.api.metro.tokyo.lg.jp/api/t131164d0000000007-83def088cb55c24a0cae4251717412d7-0/json,13Tokyo/raw/municipal/13116/data.json,木造地蔵菩薩立像,,,,西巣鴨4-8-40 宗教法人 盛雲寺,豊島区西巣鴨4-8-40 盛雲寺,豊島区,13116,豊島区登録有形文化財,美術工芸品,municipal,1995/07/04,139.73067,35.7433,movable,representative_point,municipal,豊島区登録有形文化財,絵画・彫刻・工芸品,
municipal_source,豊島区,文化財一覧（国もしくは地方公共団体が指定、登録、選定等行った文化財の一覧）,86,https://service.api.metro.tokyo.lg.jp/api/t131164d0000000007-83def088cb55c24a0cae4251717412d7-0/json,13Tokyo/raw/municipal/13116/data.json,木造如来立像,,,,西巣鴨4-8-40 宗教法人 盛雲寺,豊島区西巣鴨4-8-40 盛雲寺,豊島区,13116,豊島区登録有形文化財,美術工芸品,municipal,1995/07/04,139.73067,35.7433,movable,representative_point,municipal,豊島区登録有形文化財,絵画・彫刻・工芸品,
municipal_source,豊島区,文化財一覧（国もしくは地方公共団体が指定、登録、選定等行った文化財の一覧）,87,https://service.api.metro.tokyo.lg.jp/api/t131164d0000000007-83def088cb55c24a0cae4251717412d7-0/json,13Tokyo/raw/municipal/13116/data.json,木造法然上人立像,,,,西巣鴨4-8-40 宗教法人 盛雲寺,豊島区西巣鴨4-8-40 盛雲寺,豊島区,13116,豊島区登録有形文化財,美術工芸品,municipal,1995/07/04,139.73067,35.7433,movable,representative_point,municipal,豊島区登録有形文化財,絵画・彫刻・工芸品,
municipal_source,豊島区,文化財一覧（国もしくは地方公共団体が指定、登録、選定等行った文化財の一覧）,88,https://service.api.metro.tokyo.lg.jp/api/t131164d0000000007-83def088cb55c24a0cae4251717412d7-0/json,13Tokyo/raw/municipal/13116/data.json,木造善導大師立像,,,,西巣鴨4-8-40 宗教法人 盛雲寺,豊島区西巣鴨4-8-40 盛雲寺,豊島区,13116,豊島区登録有形文化財,美術工芸品,municipal,1995/07/04,139.73067,35.7433,movable,representative_point,municipal,豊島区登録有形文化財,絵画・彫刻・工芸品,
municipal_source,豊島区,文化財一覧（国もしくは地方公共団体が指定、登録、選定等行った文化財の一覧）,89,https://service.api.metro.tokyo.lg.jp/api/t131164d0000000007-83def088cb55c24a0cae4251717412d7-0/json,13Tokyo/raw/municipal/13116/data.json,木造阿弥陀如来立像,,,,西巣鴨2-2-17 宗教法人 法浄寺,豊島区西巣鴨2-2-17 法浄寺,豊島区,13116,豊島区登録有形文化財,美術工芸品,municipal,1995/07/04,139.72893,35.73709,movable,representative_point,municipal,豊島区登録有形文化財,絵画・彫刻・工芸品,
municipal_source,豊島区,文化財一覧（国もしくは地方公共団体が指定、登録、選定等行った文化財の一覧）,90,https://service.api.metro.tokyo.lg.jp/api/t131164d0000000007-83def088cb55c24a0cae4251717412d7-0/json,13Tokyo/raw/municipal/13116/data.json,木造蔵王権現像,,,,南池袋4-25-6 宗教法人 清立院,豊島区南池袋4-25-6 清立院,豊島区,13116,豊島区登録有形文化財,美術工芸品,municipal,1995/07/04,139.71964,35.72343,movable,representative_point,municipal,豊島区登録有形文化財,絵画・彫刻・工芸品,
municipal_source,豊島区,文化財一覧（国もしくは地方公共団体が指定、登録、選定等行った文化財の一覧）,91,https://service.api.metro.tokyo.lg.jp/api/t131164d0000000007-83def088cb55c24a0cae4251717412d7-0/json,13Tokyo/raw/municipal/13116/data.json,木造蔵王権現像,,,,南池袋4-25-6 宗教法人 清立院,豊島区南池袋4-25-6 清立院,豊島区,13116,豊島区登録有形文化財,美術工芸品,municipal,1995/07/04,139.71964,35.72343,movable,representative_point,municipal,豊島区登録有形文化財,絵画・彫刻・工芸品,
municipal_source,豊島区,文化財一覧（国もしくは地方公共団体が指定、登録、選定等行った文化財の一覧）,92,https://service.api.metro.tokyo.lg.jp/api/t131164d0000000007-83def088cb55c24a0cae4251717412d7-0/json,13Tokyo/raw/municipal/13116/data.json,木造妙見菩薩半跏像,,,,南池袋4-25-6 宗教法人 清立院,豊島区南池袋4-25-6 清立院,豊島区,13116,豊島区登録有形文化財,美術工芸品,municipal,1995/07/04,139.71964,35.72343,movable,representative_point,municipal,豊島区登録有形文化財,絵画・彫刻・工芸品,
municipal_source,豊島区,文化財一覧（国もしくは地方公共団体が指定、登録、選定等行った文化財の一覧）,93,https://service.api.metro.tokyo.lg.jp/api/t131164d0000000007-83def088cb55c24a0cae4251717412d7-0/json,13Tokyo/raw/municipal/13116/data.json,木造日蓮上人坐像,,,,南池袋4-25-6 宗教法人 清立院,豊島区南池袋4-25-6 清立院,豊島区,13116,豊島区登録有形文化財,美術工芸品,municipal,1995/07/04,139.71964,35.72343,movable,representative_point,municipal,豊島区登録有形文化財,絵画・彫刻・工芸品,
municipal_source,豊島区,文化財一覧（国もしくは地方公共団体が指定、登録、選定等行った文化財の一覧）,94,https://service.api.metro.tokyo.lg.jp/api/t131164d0000000007-83def088cb55c24a0cae4251717412d7-0/json,13Tokyo/raw/municipal/13116/data.json,木造日朝上人坐像,,,,南池袋4-25-6 宗教法人 清立院,豊島区南池袋4-25-6 清立院,豊島区,13116,豊島区登録有形文化財,美術工芸品,municipal,1995/07/04,139.71964,35.72343,movable,representative_point,municipal,豊島区登録有形文化財,絵画・彫刻・工芸品,
municipal_source,豊島区,文化財一覧（国もしくは地方公共団体が指定、登録、選定等行った文化財の一覧）,95,https://service.api.metro.tokyo.lg.jp/api/t131164d0000000007-83def088cb55c24a0cae4251717412d7-0/json,13Tokyo/raw/municipal/13116/data.json,木造日親上人坐像,,,,南池袋4-25-6 宗教法人 清立院,豊島区南池袋4-25-6 清立院,豊島区,13116,豊島区登録有形文化財,美術工芸品,municipal,1995/07/04,139.71964,35.72343,movable,representative_point,municipal,豊島区登録有形文化財,絵画・彫刻・工芸品,
municipal_source,豊島区,文化財一覧（国もしくは地方公共団体が指定、登録、選定等行った文化財の一覧）,96,https://service.api.metro.tokyo.lg.jp/api/t131164d0000000007-83def088cb55c24a0cae4251717412d7-0/json,13Tokyo/raw/municipal/13116/data.json,木造毘沙門天立像,,,,南池袋4-25-6 宗教法人 清立院,豊島区南池袋4-25-6 清立院,豊島区,13116,豊島区登録有形文化財,美術工芸品,municipal,1995/07/04,139.71964,35.72343,movable,representative_point,municipal,豊島区登録有形文化財,絵画・彫刻・工芸品,
municipal_source,豊島区,文化財一覧（国もしくは地方公共団体が指定、登録、選定等行った文化財の一覧）,97,https://service.api.metro.tokyo.lg.jp/api/t131164d0000000007-83def088cb55c24a0cae4251717412d7-0/json,13Tokyo/raw/municipal/13116/data.json,木造日蓮上人坐像,,,,南池袋4-7-19 宗教法人 宝城寺,豊島区南池袋4-7-19 宝城寺,豊島区,13116,豊島区登録有形文化財,美術工芸品,municipal,1995/07/04,139.71739,35.72202,movable,representative_point,municipal,豊島区登録有形文化財,絵画・彫刻・工芸品,
municipal_source,豊島区,文化財一覧（国もしくは地方公共団体が指定、登録、選定等行った文化財の一覧）,98,https://service.api.metro.tokyo.lg.jp/api/t131164d0000000007-83def088cb55c24a0cae4251717412d7-0/json,13Tokyo/raw/municipal/13116/data.json,木造妙太郎・法二郎像,,,,南池袋4-7-19 宗教法人 宝城寺,豊島区南池袋4-7-19 宝城寺,豊島区,13116,豊島区登録有形文化財,美術工芸品,municipal,1995/07/04,139.71739,35.72202,movable,representative_point,municipal,豊島区登録有形文化財,絵画・彫刻・工芸品,
municipal_source,豊島区,文化財一覧（国もしくは地方公共団体が指定、登録、選定等行った文化財の一覧）,99,https://service.api.metro.tokyo.lg.jp/api/t131164d0000000007-83def088cb55c24a0cae4251717412d7-0/json,13Tokyo/raw/municipal/13116/data.json,木造三十番神像,,,,南池袋4-7-19 宗教法人 宝城寺,豊島区南池袋4-7-19 宝城寺,豊島区,13116,豊島区登録有形文化財,美術工芸品,municipal,1995/07/04,139.71739,35.72202,movable,representative_point,municipal,豊島区登録有形文化財,絵画・彫刻・工芸品,
municipal_source,豊島区,文化財一覧（国もしくは地方公共団体が指定、登録、選定等行った文化財の一覧）,100,https://service.api.metro.tokyo.lg.jp/api/t131164d0000000007-83def088cb55c24a0cae4251717412d7-0/json,13Tokyo/raw/municipal/13116/data.json,木造鬼子母神像・木造五道天像・木造十羅刹女像,,,,南池袋4-7-19 宗教法人 宝城寺,豊島区南池袋4-7-19 宝城寺,豊島区,13116,豊島区登録有形文化財,美術工芸品,municipal,1995/07/04,139.71739,35.72202,movable,representative_point,municipal,豊島区登録有形文化財,絵画・彫刻・工芸品,
municipal_source,豊島区,文化財一覧（国もしくは地方公共団体が指定、登録、選定等行った文化財の一覧）,101,https://service.api.metro.tokyo.lg.jp/api/t131164d0000000007-83def088cb55c24a0cae4251717412d7-0/json,13Tokyo/raw/municipal/13116/data.json,木造日蓮上人坐像(本尊),,,,南池袋2-20-1 宗教法人 盛泰寺,豊島区南池袋2-20-1 盛泰寺,豊島区,13116,豊島区登録有形文化財,美術工芸品,municipal,1995/10/24,139.71463,35.72694,movable,representative_point,municipal,豊島区登録有形文化財,絵画・彫刻・工芸品,
municipal_source,豊島区,文化財一覧（国もしくは地方公共団体が指定、登録、選定等行った文化財の一覧）,102,https://service.api.metro.tokyo.lg.jp/api/t131164d0000000007-83def088cb55c24a0cae4251717412d7-0/json,13Tokyo/raw/municipal/13116/data.json,木造日蓮上人坐像,,,,南池袋2-20-1 宗教法人 盛泰寺,豊島区南池袋2-20-1 盛泰寺,豊島区,13116,豊島区登録有形文化財,美術工芸品,municipal,1995/10/24,139.71463,35.72694,movable,representative_point,municipal,豊島区登録有形文化財,絵画・彫刻・工芸品,
municipal_source,豊島区,文化財一覧（国もしくは地方公共団体が指定、登録、選定等行った文化財の一覧）,103,https://service.api.metro.tokyo.lg.jp/api/t131164d0000000007-83def088cb55c24a0cae4251717412d7-0/json,13Tokyo/raw/municipal/13116/data.json,木造日蓮上人坐像,,,,南池袋2-20-1 宗教法人 盛泰寺,豊島区南池袋2-20-1 盛泰寺,豊島区,13116,豊島区登録有形文化財,美術工芸品,municipal,1995/10/24,139.71463,35.72694,movable,representative_point,municipal,豊島区登録有形文化財,絵画・彫刻・工芸品,
municipal_source,豊島区,文化財一覧（国もしくは地方公共団体が指定、登録、選定等行った文化財の一覧）,104,https://service.api.metro.tokyo.lg.jp/api/t131164d0000000007-83def088cb55c24a0cae4251717412d7-0/json,13Tokyo/raw/municipal/13116/data.json,木造三宝本尊像,,,,南池袋2-20-1 宗教法人 盛泰寺,豊島区南池袋2-20-1 盛泰寺,豊島区,13116,豊島区登録有形文化財,美術工芸品,municipal,1995/10/24,139.71463,35.72694,movable,representative_point,municipal,豊島区登録有形文化財,絵画・彫刻・工芸品,
municipal_source,豊島区,文化財一覧（国もしくは地方公共団体が指定、登録、選定等行った文化財の一覧）,105,https://service.api.metro.tokyo.lg.jp/api/t131164d0000000007-83def088cb55c24a0cae4251717412d7-0/json,13Tokyo/raw/municipal/13116/data.json,木造日蓮上人坐像,,,,南池袋3-17-1 宗教法人 蓮光院,豊島区南池袋3-17-1 蓮光院,豊島区,13116,豊島区登録有形文化財,美術工芸品,municipal,1995/10/24,139.71324,35.72464,movable,representative_point,municipal,豊島区登録有形文化財,絵画・彫刻・工芸品,
municipal_source,豊島区,文化財一覧（国もしくは地方公共団体が指定、登録、選定等行った文化財の一覧）,106,https://service.api.metro.tokyo.lg.jp/api/t131164d0000000007-83def088cb55c24a0cae4251717412d7-0/json,13Tokyo/raw/municipal/13116/data.json,木造阿弥陀如来立像,,,,巣鴨5-15-3 宗教法人 安楽寺,豊島区巣鴨5-15-3 安楽寺,豊島区,13116,豊島区登録有形文化財,美術工芸品,municipal,1995/10/24,139.7325,35.74019,movable,representative_point,municipal,豊島区登録有形文化財,絵画・彫刻・工芸品,
municipal_source,豊島区,文化財一覧（国もしくは地方公共団体が指定、登録、選定等行った文化財の一覧）,107,https://service.api.metro.tokyo.lg.jp/api/t131164d0000000007-83def088cb55c24a0cae4251717412d7-0/json,13Tokyo/raw/municipal/13116/data.json,木造阿弥陀如来立像,,,,巣鴨5-15-3 宗教法人 安楽寺,豊島区巣鴨5-15-3 安楽寺,豊島区,13116,豊島区登録有形文化財,美術工芸品,municipal,1995/10/24,139.7325,35.74019,movable,representative_point,municipal,豊島区登録有形文化財,絵画・彫刻・工芸品,
municipal_source,豊島区,文化財一覧（国もしくは地方公共団体が指定、登録、選定等行った文化財の一覧）,108,https://service.api.metro.tokyo.lg.jp/api/t131164d0000000007-83def088cb55c24a0cae4251717412d7-0/json,13Tokyo/raw/municipal/13116/data.json,木造日蓮上人坐像(本尊),,,,南池袋2-20-10  宗教法人 妙典寺,豊島区南池袋2-20-10 妙典寺,豊島区,13116,豊島区登録有形文化財,美術工芸品,municipal,1995/10/24,139.71463,35.72694,movable,representative_point,municipal,豊島区登録有形文化財,絵画・彫刻・工芸品,
municipal_source,豊島区,文化財一覧（国もしくは地方公共団体が指定、登録、選定等行った文化財の一覧）,109,https://service.api.metro.tokyo.lg.jp/api/t131164d0000000007-83def088cb55c24a0cae4251717412d7-0/json,13Tokyo/raw/municipal/13116/data.json,木造日蓮上人坐像,,,,南池袋2-20-10  宗教法人 妙典寺,豊島区南池袋2-20-10 妙典寺,豊島区,13116,豊島区登録有形文化財,美術工芸品,municipal,1995/10/24,139.71463,35.72694,movable,representative_point,municipal,豊島区登録有形文化財,絵画・彫刻・工芸品,
municipal_source,豊島区,文化財一覧（国もしくは地方公共団体が指定、登録、選定等行った文化財の一覧）,110,https://service.api.metro.tokyo.lg.jp/api/t131164d0000000007-83def088cb55c24a0cae4251717412d7-0/json,13Tokyo/raw/municipal/13116/data.json,木造日蓮上人坐像,,,,南池袋2-20-10  宗教法人 妙典寺,豊島区南池袋2-20-10 妙典寺,豊島区,13116,豊島区登録有形文化財,美術工芸品,municipal,1995/10/24,139.71463,35.72694,movable,representative_point,municipal,豊島区登録有形文化財,絵画・彫刻・工芸品,
municipal_source,豊島区,文化財一覧（国もしくは地方公共団体が指定、登録、選定等行った文化財の一覧）,111,https://service.api.metro.tokyo.lg.jp/api/t131164d0000000007-83def088cb55c24a0cae4251717412d7-0/json,13Tokyo/raw/municipal/13116/data.json,木造日蓮上人坐像,,,,雑司が谷1-40-3 宗教法人 円常寺,豊島区雑司が谷1-40-3 円常寺,豊島区,13116,豊島区登録有形文化財,美術工芸品,municipal,1995/10/24,139.7213,35.72197,movable,representative_point,municipal,豊島区登録有形文化財,絵画・彫刻・工芸品,
municipal_source,豊島区,文化財一覧（国もしくは地方公共団体が指定、登録、選定等行った文化財の一覧）,112,https://service.api.metro.tokyo.lg.jp/api/t131164d0000000007-83def088cb55c24a0cae4251717412d7-0/json,13Tokyo/raw/municipal/13116/data.json,木造阿弥陀如来立像,,,,南池袋4-20-17 宗教法人 顕真寺,豊島区南池袋4-20-17 顕真寺,豊島区,13116,豊島区登録有形文化財,美術工芸品,municipal,1995/10/24,139.72108,35.72419,movable,representative_point,municipal,豊島区登録有形文化財,絵画・彫刻・工芸品,
municipal_source,豊島区,文化財一覧（国もしくは地方公共団体が指定、登録、選定等行った文化財の一覧）,113,https://service.api.metro.tokyo.lg.jp/api/t131164d0000000007-83def088cb55c24a0cae4251717412d7-0/json,13Tokyo/raw/municipal/13116/data.json,木造阿弥陀如来立像,,,,南池袋4-20-17 宗教法人 顕真寺,豊島区南池袋4-20-17 顕真寺,豊島区,13116,豊島区登録有形文化財,美術工芸品,municipal,1995/10/24,139.72108,35.72419,movable,representative_point,municipal,豊島区登録有形文化財,絵画・彫刻・工芸品,
municipal_source,豊島区,文化財一覧（国もしくは地方公共団体が指定、登録、選定等行った文化財の一覧）,114,https://service.api.metro.tokyo.lg.jp/api/t131164d0000000007-83def088cb55c24a0cae4251717412d7-0/json,13Tokyo/raw/municipal/13116/data.json,木造日蓮上人坐像,,,,南池袋2-41-4 宗教法人 寛受院,豊島区南池袋2-41-4 寛受院,豊島区,13116,豊島区登録有形文化財,美術工芸品,municipal,1995/10/24,139.71918,35.72574,movable,representative_point,municipal,豊島区登録有形文化財,絵画・彫刻・工芸品,
municipal_source,豊島区,文化財一覧（国もしくは地方公共団体が指定、登録、選定等行った文化財の一覧）,115,https://service.api.metro.tokyo.lg.jp/api/t131164d0000000007-83def088cb55c24a0cae4251717412d7-0/json,13Tokyo/raw/municipal/13116/data.json,木造観音菩薩立像,,,,南池袋2-41-4 宗教法人 寛受院,豊島区南池袋2-41-4 寛受院,豊島区,13116,豊島区登録有形文化財,美術工芸品,municipal,1995/10/24,139.71918,35.72574,movable,representative_point,municipal,豊島区登録有形文化財,絵画・彫刻・工芸品,
municipal_source,豊島区,文化財一覧（国もしくは地方公共団体が指定、登録、選定等行った文化財の一覧）,116,https://service.api.metro.tokyo.lg.jp/api/t131164d0000000007-83def088cb55c24a0cae4251717412d7-0/json,13Tokyo/raw/municipal/13116/data.json,木造大黒天立像,,,,南池袋2-41-4 宗教法人 寛受院,豊島区南池袋2-41-4 寛受院,豊島区,13116,豊島区登録有形文化財,美術工芸品,municipal,1995/10/24,139.71918,35.72574,movable,representative_point,municipal,豊島区登録有形文化財,絵画・彫刻・工芸品,
municipal_source,豊島区,文化財一覧（国もしくは地方公共団体が指定、登録、選定等行った文化財の一覧）,117,https://service.api.metro.tokyo.lg.jp/api/t131164d0000000007-83def088cb55c24a0cae4251717412d7-0/json,13Tokyo/raw/municipal/13116/data.json,木造鬼子母神立像,,,,南池袋2-41-4 宗教法人 寛受院,豊島区南池袋2-41-4 寛受院,豊島区,13116,豊島区登録有形文化財,美術工芸品,municipal,1995/10/24,139.71918,35.72574,movable,representative_point,municipal,豊島区登録有形文化財,絵画・彫刻・工芸品,
municipal_source,豊島区,文化財一覧（国もしくは地方公共団体が指定、登録、選定等行った文化財の一覧）,118,https://service.api.metro.tokyo.lg.jp/api/t131164d0000000007-83def088cb55c24a0cae4251717412d7-0/json,13Tokyo/raw/municipal/13116/data.json,木造僧形坐像,,,,南長崎5-21-8 宗教法人 全昌院,豊島区南長崎5-21-8 全昌院,豊島区,13116,豊島区登録有形文化財,美術工芸品,municipal,1995/10/24,139.68098,35.72912,movable,representative_point,municipal,豊島区登録有形文化財,絵画・彫刻・工芸品,
municipal_source,豊島区,文化財一覧（国もしくは地方公共団体が指定、登録、選定等行った文化財の一覧）,119,https://service.api.metro.tokyo.lg.jp/api/t131164d0000000007-83def088cb55c24a0cae4251717412d7-0/json,13Tokyo/raw/municipal/13116/data.json,木造阿弥陀如来立像,,,,千早1-2-3 宗教法人 宝光寺,豊島区千早1-2-3 宝光寺,豊島区,13116,豊島区登録有形文化財,美術工芸品,municipal,1995/10/24,139.69685,35.73014,movable,representative_point,municipal,豊島区登録有形文化財,絵画・彫刻・工芸品,
municipal_source,豊島区,文化財一覧（国もしくは地方公共団体が指定、登録、選定等行った文化財の一覧）,120,https://service.api.metro.tokyo.lg.jp/api/t131164d0000000007-83def088cb55c24a0cae4251717412d7-0/json,13Tokyo/raw/municipal/13116/data.json,木造七面天女像,,,,雑司が谷1-51-18 宗教法人 本浄寺,豊島区雑司が谷1-51-18 本浄寺,豊島区,13116,豊島区登録有形文化財,美術工芸品,municipal,1995/10/24,139.72365,35.72046,movable,representative_point,municipal,豊島区登録有形文化財,絵画・彫刻・工芸品,
municipal_source,豊島区,文化財一覧（国もしくは地方公共団体が指定、登録、選定等行った文化財の一覧）,121,https://service.api.metro.tokyo.lg.jp/api/t131164d0000000007-83def088cb55c24a0cae4251717412d7-0/json,13Tokyo/raw/municipal/13116/data.json,木造鬼子母神立像,,,,雑司が谷1-51-18 宗教法人 本浄寺,豊島区雑司が谷1-51-18 本浄寺,豊島区,13116,豊島区登録有形文化財,美術工芸品,municipal,1995/10/24,139.72365,35.72046,movable,representative_point,municipal,豊島区登録有形文化財,絵画・彫刻・工芸品,
municipal_source,豊島区,文化財一覧（国もしくは地方公共団体が指定、登録、選定等行った文化財の一覧）,122,https://service.api.metro.tokyo.lg.jp/api/t131164d0000000007-83def088cb55c24a0cae4251717412d7-0/json,13Tokyo/raw/municipal/13116/data.json,木造大黒天立像,,,,雑司が谷1-51-18 宗教法人 本浄寺,豊島区雑司が谷1-51-18 本浄寺,豊島区,13116,豊島区登録有形文化財,美術工芸品,municipal,1995/10/24,139.72365,35.72046,movable,representative_point,municipal,豊島区登録有形文化財,絵画・彫刻・工芸品,
municipal_source,豊島区,文化財一覧（国もしくは地方公共団体が指定、登録、選定等行った文化財の一覧）,123,https://service.api.metro.tokyo.lg.jp/api/t131164d0000000007-83def088cb55c24a0cae4251717412d7-0/json,13Tokyo/raw/municipal/13116/data.json,木造不動三尊像(不動明王像・矜羯羅童子像・制多迦童子像),,,,池袋本町2-3-3 宗教法人 重林寺,豊島区池袋本町2-3-3 重林寺,豊島区,13116,豊島区登録有形文化財,美術工芸品,municipal,1996/01/30,139.70988,35.73986,movable,representative_point,municipal,豊島区登録有形文化財,絵画・彫刻・工芸品,
municipal_source,豊島区,文化財一覧（国もしくは地方公共団体が指定、登録、選定等行った文化財の一覧）,124,https://service.api.metro.tokyo.lg.jp/api/t131164d0000000007-83def088cb55c24a0cae4251717412d7-0/json,13Tokyo/raw/municipal/13116/data.json,木造阿弥陀三尊像(阿弥陀如来像・観音菩薩像・勢至菩薩像),,,,池袋本町2-3-3 宗教法人 重林寺,豊島区池袋本町2-3-3 重林寺,豊島区,13116,豊島区登録有形文化財,美術工芸品,municipal,1996/01/30,139.70988,35.73986,movable,representative_point,municipal,豊島区登録有形文化財,絵画・彫刻・工芸品,
municipal_source,豊島区,文化財一覧（国もしくは地方公共団体が指定、登録、選定等行った文化財の一覧）,125,https://service.api.metro.tokyo.lg.jp/api/t131164d0000000007-83def088cb55c24a0cae4251717412d7-0/json,13Tokyo/raw/municipal/13116/data.json,木造弘法大師像・興教大師像,,,,池袋本町2-3-3 宗教法人 重林寺,豊島区池袋本町2-3-3 重林寺,豊島区,13116,豊島区登録有形文化財,美術工芸品,municipal,1996/01/30,139.70988,35.73986,movable,representative_point,municipal,豊島区登録有形文化財,絵画・彫刻・工芸品,
municipal_source,豊島区,文化財一覧（国もしくは地方公共団体が指定、登録、選定等行った文化財の一覧）,126,https://service.api.metro.tokyo.lg.jp/api/t131164d0000000007-83def088cb55c24a0cae4251717412d7-0/json,13Tokyo/raw/municipal/13116/data.json,木造大日如来像,,,,池袋本町2-3-3 宗教法人 重林寺,豊島区池袋本町2-3-3 重林寺,豊島区,13116,豊島区登録有形文化財,美術工芸品,municipal,1996/01/30,139.70988,35.73986,movable,representative_point,municipal,豊島区登録有形文化財,絵画・彫刻・工芸品,
municipal_source,豊島区,文化財一覧（国もしくは地方公共団体が指定、登録、選定等行った文化財の一覧）,127,https://service.api.metro.tokyo.lg.jp/api/t131164d0000000007-83def088cb55c24a0cae4251717412d7-0/json,13Tokyo/raw/municipal/13116/data.json,木造大日如来像,,,,池袋本町2-3-3 宗教法人 重林寺,豊島区池袋本町2-3-3 重林寺,豊島区,13116,豊島区登録有形文化財,美術工芸品,municipal,1996/01/30,139.70988,35.73986,movable,representative_point,municipal,豊島区登録有形文化財,絵画・彫刻・工芸品,
municipal_source,豊島区,文化財一覧（国もしくは地方公共団体が指定、登録、選定等行った文化財の一覧）,128,https://service.api.metro.tokyo.lg.jp/api/t131164d0000000007-83def088cb55c24a0cae4251717412d7-0/json,13Tokyo/raw/municipal/13116/data.json,阿弥陀如来坐像,,,,池袋本町2-3-3 宗教法人 重林寺,豊島区池袋本町2-3-3 重林寺,豊島区,13116,豊島区登録有形文化財,美術工芸品,municipal,1996/01/30,139.70988,35.73986,movable,representative_point,municipal,豊島区登録有形文化財,絵画・彫刻・工芸品,
municipal_source,豊島区,文化財一覧（国もしくは地方公共団体が指定、登録、選定等行った文化財の一覧）,129,https://service.api.metro.tokyo.lg.jp/api/t131164d0000000007-83def088cb55c24a0cae4251717412d7-0/json,13Tokyo/raw/municipal/13116/data.json,木造如来立像,,,,池袋本町2-3-3 宗教法人 重林寺,豊島区池袋本町2-3-3 重林寺,豊島区,13116,豊島区登録有形文化財,美術工芸品,municipal,1996/01/30,139.70988,35.73986,movable,representative_point,municipal,豊島区登録有形文化財,絵画・彫刻・工芸品,
municipal_source,豊島区,文化財一覧（国もしくは地方公共団体が指定、登録、選定等行った文化財の一覧）,130,https://service.api.metro.tokyo.lg.jp/api/t131164d0000000007-83def088cb55c24a0cae4251717412d7-0/json,13Tokyo/raw/municipal/13116/data.json,木造弘法大師坐像,,,,池袋本町2-3-3 宗教法人 重林寺,豊島区池袋本町2-3-3 重林寺,豊島区,13116,豊島区登録有形文化財,美術工芸品,municipal,1996/01/30,139.70988,35.73986,movable,representative_point,municipal,豊島区登録有形文化財,絵画・彫刻・工芸品,
municipal_source,豊島区,文化財一覧（国もしくは地方公共団体が指定、登録、選定等行った文化財の一覧）,131,https://service.api.metro.tokyo.lg.jp/api/t131164d0000000007-83def088cb55c24a0cae4251717412d7-0/json,13Tokyo/raw/municipal/13116/data.json,木造愛染明王坐像,,,,池袋本町2-3-3 宗教法人 重林寺,豊島区池袋本町2-3-3 重林寺,豊島区,13116,豊島区登録有形文化財,美術工芸品,municipal,1996/01/30,139.70988,35.73986,movable,representative_point,municipal,豊島区登録有形文化財,絵画・彫刻・工芸品,
municipal_source,豊島区,文化財一覧（国もしくは地方公共団体が指定、登録、選定等行った文化財の一覧）,132,https://service.api.metro.tokyo.lg.jp/api/t131164d0000000007-83def088cb55c24a0cae4251717412d7-0/json,13Tokyo/raw/municipal/13116/data.json,木造荒神像,,,,池袋本町2-3-3 宗教法人 重林寺,豊島区池袋本町2-3-3 重林寺,豊島区,13116,豊島区登録有形文化財,美術工芸品,municipal,1996/01/30,139.70988,35.73986,movable,representative_point,municipal,豊島区登録有形文化財,絵画・彫刻・工芸品,
municipal_source,豊島区,文化財一覧（国もしくは地方公共団体が指定、登録、選定等行った文化財の一覧）,133,https://service.api.metro.tokyo.lg.jp/api/t131164d0000000007-83def088cb55c24a0cae4251717412d7-0/json,13Tokyo/raw/municipal/13116/data.json,木造阿弥陀如来立像,,,,池袋本町2-3-3 宗教法人 重林寺,豊島区池袋本町2-3-3 重林寺,豊島区,13116,豊島区登録有形文化財,美術工芸品,municipal,1996/01/30,139.70988,35.73986,movable,representative_point,municipal,豊島区登録有形文化財,絵画・彫刻・工芸品,
municipal_source,豊島区,文化財一覧（国もしくは地方公共団体が指定、登録、選定等行った文化財の一覧）,134,https://service.api.metro.tokyo.lg.jp/api/t131164d0000000007-83def088cb55c24a0cae4251717412d7-0/json,13Tokyo/raw/municipal/13116/data.json,木造阿弥陀如来立像,,,,池袋本町2-3-3 宗教法人 重林寺,豊島区池袋本町2-3-3 重林寺,豊島区,13116,豊島区登録有形文化財,美術工芸品,municipal,1996/01/30,139.70988,35.73986,movable,representative_point,municipal,豊島区登録有形文化財,絵画・彫刻・工芸品,
municipal_source,豊島区,文化財一覧（国もしくは地方公共団体が指定、登録、選定等行った文化財の一覧）,135,https://service.api.metro.tokyo.lg.jp/api/t131164d0000000007-83def088cb55c24a0cae4251717412d7-0/json,13Tokyo/raw/municipal/13116/data.json,木造不動三尊像,,,,池袋本町2-3-3 宗教法人 重林寺,豊島区池袋本町2-3-3 重林寺,豊島区,13116,豊島区登録有形文化財,美術工芸品,municipal,1996/01/30,139.70988,35.73986,movable,representative_point,municipal,豊島区登録有形文化財,絵画・彫刻・工芸品,
municipal_source,豊島区,文化財一覧（国もしくは地方公共団体が指定、登録、選定等行った文化財の一覧）,136,https://service.api.metro.tokyo.lg.jp/api/t131164d0000000007-83def088cb55c24a0cae4251717412d7-0/json,13Tokyo/raw/municipal/13116/data.json,木造閻魔坐像,,,,池袋本町2-3-3 宗教法人 重林寺,豊島区池袋本町2-3-3 重林寺,豊島区,13116,豊島区登録有形文化財,美術工芸品,municipal,1996/01/30,139.70988,35.73986,movable,representative_point,municipal,豊島区登録有形文化財,絵画・彫刻・工芸品,
municipal_source,豊島区,文化財一覧（国もしくは地方公共団体が指定、登録、選定等行った文化財の一覧）,137,https://service.api.metro.tokyo.lg.jp/api/t131164d0000000007-83def088cb55c24a0cae4251717412d7-0/json,13Tokyo/raw/municipal/13116/data.json,木造十一面観音立像,,,,池袋本町2-3-3 宗教法人 重林寺,豊島区池袋本町2-3-3 重林寺,豊島区,13116,豊島区登録有形文化財,美術工芸品,municipal,1996/01/30,139.70988,35.73986,movable,representative_point,municipal,豊島区登録有形文化財,絵画・彫刻・工芸品,
municipal_source,豊島区,文化財一覧（国もしくは地方公共団体が指定、登録、選定等行った文化財の一覧）,138,https://service.api.metro.tokyo.lg.jp/api/t131164d0000000007-83def088cb55c24a0cae4251717412d7-0/json,13Tokyo/raw/municipal/13116/data.json,木造弘法大師坐像,,,,池袋本町2-3-3 宗教法人 重林寺,豊島区池袋本町2-3-3 重林寺,豊島区,13116,豊島区登録有形文化財,美術工芸品,municipal,1996/01/30,139.70988,35.73986,movable,representative_point,municipal,豊島区登録有形文化財,絵画・彫刻・工芸品,
municipal_source,豊島区,文化財一覧（国もしくは地方公共団体が指定、登録、選定等行った文化財の一覧）,139,https://service.api.metro.tokyo.lg.jp/api/t131164d0000000007-83def088cb55c24a0cae4251717412d7-0/json,13Tokyo/raw/municipal/13116/data.json,木造菩薩立像,,,,池袋本町2-3-3 宗教法人 重林寺,豊島区池袋本町2-3-3 重林寺,豊島区,13116,豊島区登録有形文化財,美術工芸品,municipal,1996/01/30,139.70988,35.73986,movable,representative_point,municipal,豊島区登録有形文化財,絵画・彫刻・工芸品,
municipal_source,豊島区,文化財一覧（国もしくは地方公共団体が指定、登録、選定等行った文化財の一覧）,140,https://service.api.metro.tokyo.lg.jp/api/t131164d0000000007-83def088cb55c24a0cae4251717412d7-0/json,13Tokyo/raw/municipal/13116/data.json,銅造地蔵菩薩立像,,,,池袋本町2-3-3 宗教法人 重林寺,豊島区池袋本町2-3-3 重林寺,豊島区,13116,豊島区登録有形文化財,美術工芸品,municipal,1996/01/30,139.70988,35.73986,movable,representative_point,municipal,豊島区登録有形文化財,絵画・彫刻・工芸品,
municipal_source,豊島区,文化財一覧（国もしくは地方公共団体が指定、登録、選定等行った文化財の一覧）,141,https://service.api.metro.tokyo.lg.jp/api/t131164d0000000007-83def088cb55c24a0cae4251717412d7-0/json,13Tokyo/raw/municipal/13116/data.json,石造奪衣婆坐像,,,,池袋本町2-3-3 宗教法人 重林寺,豊島区池袋本町2-3-3 重林寺,豊島区,13116,豊島区登録有形文化財,美術工芸品,municipal,1996/01/30,139.70988,35.73986,movable,representative_point,municipal,豊島区登録有形文化財,絵画・彫刻・工芸品,
municipal_source,豊島区,文化財一覧（国もしくは地方公共団体が指定、登録、選定等行った文化財の一覧）,142,https://service.api.metro.tokyo.lg.jp/api/t131164d0000000007-83def088cb55c24a0cae4251717412d7-0/json,13Tokyo/raw/municipal/13116/data.json,木造十一面観音立像,,,,池袋3-5-9 宗教法人 功雲院,豊島区池袋3-5-9 功雲院,豊島区,13116,豊島区登録有形文化財,美術工芸品,municipal,1996/10/01,139.70168,35.73394,movable,representative_point,municipal,豊島区登録有形文化財,絵画・彫刻・工芸品,
municipal_source,豊島区,文化財一覧（国もしくは地方公共団体が指定、登録、選定等行った文化財の一覧）,143,https://service.api.metro.tokyo.lg.jp/api/t131164d0000000007-83def088cb55c24a0cae4251717412d7-0/json,13Tokyo/raw/municipal/13116/data.json,木造聖観音立像,,,,池袋3-5-9 宗教法人 功雲院,豊島区池袋3-5-9 功雲院,豊島区,13116,豊島区登録有形文化財,美術工芸品,municipal,1996/10/01,139.70168,35.73394,movable,representative_point,municipal,豊島区登録有形文化財,絵画・彫刻・工芸品,
municipal_source,豊島区,文化財一覧（国もしくは地方公共団体が指定、登録、選定等行った文化財の一覧）,144,https://service.api.metro.tokyo.lg.jp/api/t131164d0000000007-83def088cb55c24a0cae4251717412d7-0/json,13Tokyo/raw/municipal/13116/data.json,木造聖観音立像,,,,池袋3-5-9 宗教法人 功雲院,豊島区池袋3-5-9 功雲院,豊島区,13116,豊島区登録有形文化財,美術工芸品,municipal,1996/10/01,139.70168,35.73394,movable,representative_point,municipal,豊島区登録有形文化財,絵画・彫刻・工芸品,
municipal_source,豊島区,文化財一覧（国もしくは地方公共団体が指定、登録、選定等行った文化財の一覧）,145,https://service.api.metro.tokyo.lg.jp/api/t131164d0000000007-83def088cb55c24a0cae4251717412d7-0/json,13Tokyo/raw/municipal/13116/data.json,木造達磨大師像,,,,池袋3-5-9 宗教法人 功雲院,豊島区池袋3-5-9 功雲院,豊島区,13116,豊島区登録有形文化財,美術工芸品,municipal,1996/10/01,139.70168,35.73394,movable,representative_point,municipal,豊島区登録有形文化財,絵画・彫刻・工芸品,
municipal_source,豊島区,文化財一覧（国もしくは地方公共団体が指定、登録、選定等行った文化財の一覧）,146,https://service.api.metro.tokyo.lg.jp/api/t131164d0000000007-83def088cb55c24a0cae4251717412d7-0/json,13Tokyo/raw/municipal/13116/data.json,木造心光海印像(開山),,,,池袋3-5-9 宗教法人 功雲院,豊島区池袋3-5-9 功雲院,豊島区,13116,豊島区登録有形文化財,美術工芸品,municipal,1996/10/01,139.70168,35.73394,movable,representative_point,municipal,豊島区登録有形文化財,絵画・彫刻・工芸品,
municipal_source,豊島区,文化財一覧（国もしくは地方公共団体が指定、登録、選定等行った文化財の一覧）,147,https://service.api.metro.tokyo.lg.jp/api/t131164d0000000007-83def088cb55c24a0cae4251717412d7-0/json,13Tokyo/raw/municipal/13116/data.json,木造天部立像,,,,池袋3-5-9 宗教法人 功雲院,豊島区池袋3-5-9 功雲院,豊島区,13116,豊島区登録有形文化財,美術工芸品,municipal,1996/10/01,139.70168,35.73394,movable,representative_point,municipal,豊島区登録有形文化財,絵画・彫刻・工芸品,
municipal_source,豊島区,文化財一覧（国もしくは地方公共団体が指定、登録、選定等行った文化財の一覧）,148,https://service.api.metro.tokyo.lg.jp/api/t131164d0000000007-83def088cb55c24a0cae4251717412d7-0/json,13Tokyo/raw/municipal/13116/data.json,木造韋駄天像,,,,池袋3-5-9 宗教法人 功雲院,豊島区池袋3-5-9 功雲院,豊島区,13116,豊島区登録有形文化財,美術工芸品,municipal,1996/10/01,139.70168,35.73394,movable,representative_point,municipal,豊島区登録有形文化財,絵画・彫刻・工芸品,
municipal_source,豊島区,文化財一覧（国もしくは地方公共団体が指定、登録、選定等行った文化財の一覧）,149,https://service.api.metro.tokyo.lg.jp/api/t131164d0000000007-83def088cb55c24a0cae4251717412d7-0/json,13Tokyo/raw/municipal/13116/data.json,木造三宝本尊像,,,,池袋3-5-9 宗教法人 功雲院,豊島区池袋3-5-9 功雲院,豊島区,13116,豊島区登録有形文化財,美術工芸品,municipal,1996/10/01,139.70168,35.73394,movable,representative_point,municipal,豊島区登録有形文化財,絵画・彫刻・工芸品,
municipal_source,豊島区,文化財一覧（国もしくは地方公共団体が指定、登録、選定等行った文化財の一覧）,150,https://service.api.metro.tokyo.lg.jp/api/t131164d0000000007-83def088cb55c24a0cae4251717412d7-0/json,13Tokyo/raw/municipal/13116/data.json,木造薬師如来坐像,,,,池袋3-1-6 宗教法人 祥雲寺,豊島区池袋3-1-6 祥雲寺,豊島区,13116,豊島区登録有形文化財,美術工芸品,municipal,1996/10/01,139.70181,35.73329,movable,representative_point,municipal,豊島区登録有形文化財,絵画・彫刻・工芸品,
municipal_source,豊島区,文化財一覧（国もしくは地方公共団体が指定、登録、選定等行った文化財の一覧）,151,https://service.api.metro.tokyo.lg.jp/api/t131164d0000000007-83def088cb55c24a0cae4251717412d7-0/json,13Tokyo/raw/municipal/13116/data.json,木造釈迦三尊像(釈迦如来像・阿難尊者像・迦葉尊者像),,,,池袋3-5-30 宗教法人 洞雲寺,豊島区池袋3-5-30 洞雲寺,豊島区,13116,豊島区登録有形文化財,美術工芸品,municipal,1996/10/01,139.70168,35.73394,movable,representative_point,municipal,豊島区登録有形文化財,絵画・彫刻・工芸品,
municipal_source,豊島区,文化財一覧（国もしくは地方公共団体が指定、登録、選定等行った文化財の一覧）,152,https://service.api.metro.tokyo.lg.jp/api/t131164d0000000007-83def088cb55c24a0cae4251717412d7-0/json,13Tokyo/raw/municipal/13116/data.json,木造地蔵菩薩半跏像,,,,池袋3-5-30 宗教法人 洞雲寺,豊島区池袋3-5-30 洞雲寺,豊島区,13116,豊島区登録有形文化財,美術工芸品,municipal,1996/10/01,139.70168,35.73394,movable,representative_point,municipal,豊島区登録有形文化財,絵画・彫刻・工芸品,
municipal_source,豊島区,文化財一覧（国もしくは地方公共団体が指定、登録、選定等行った文化財の一覧）,153,https://service.api.metro.tokyo.lg.jp/api/t131164d0000000007-83def088cb55c24a0cae4251717412d7-0/json,13Tokyo/raw/municipal/13116/data.json,木造聖観音立像,,,,池袋3-5-30 宗教法人 洞雲寺,豊島区池袋3-5-30 洞雲寺,豊島区,13116,豊島区登録有形文化財,美術工芸品,municipal,1996/10/01,139.70168,35.73394,movable,representative_point,municipal,豊島区登録有形文化財,絵画・彫刻・工芸品,
municipal_source,豊島区,文化財一覧（国もしくは地方公共団体が指定、登録、選定等行った文化財の一覧）,154,https://service.api.metro.tokyo.lg.jp/api/t131164d0000000007-83def088cb55c24a0cae4251717412d7-0/json,13Tokyo/raw/municipal/13116/data.json,木造韋駄天像,,,,池袋3-5-30 宗教法人 洞雲寺,豊島区池袋3-5-30 洞雲寺,豊島区,13116,豊島区登録有形文化財,美術工芸品,municipal,1996/10/01,139.70168,35.73394,movable,representative_point,municipal,豊島区登録有形文化財,絵画・彫刻・工芸品,
municipal_source,豊島区,文化財一覧（国もしくは地方公共団体が指定、登録、選定等行った文化財の一覧）,155,https://service.api.metro.tokyo.lg.jp/api/t131164d0000000007-83def088cb55c24a0cae4251717412d7-0/json,13Tokyo/raw/municipal/13116/data.json,木造阿弥陀如来立像,,,,池袋3-5-30 宗教法人 洞雲寺,豊島区池袋3-5-30 洞雲寺,豊島区,13116,豊島区登録有形文化財,美術工芸品,municipal,1996/10/01,139.70168,35.73394,movable,representative_point,municipal,豊島区登録有形文化財,絵画・彫刻・工芸品,
municipal_source,豊島区,文化財一覧（国もしくは地方公共団体が指定、登録、選定等行った文化財の一覧）,156,https://service.api.metro.tokyo.lg.jp/api/t131164d0000000007-83def088cb55c24a0cae4251717412d7-0/json,13Tokyo/raw/municipal/13116/data.json,銅造誕生仏,,,,池袋3-5-30 宗教法人 洞雲寺,豊島区池袋3-5-30 洞雲寺,豊島区,13116,豊島区登録有形文化財,美術工芸品,municipal,1996/10/01,139.70168,35.73394,movable,representative_point,municipal,豊島区登録有形文化財,絵画・彫刻・工芸品,
municipal_source,豊島区,文化財一覧（国もしくは地方公共団体が指定、登録、選定等行った文化財の一覧）,157,https://service.api.metro.tokyo.lg.jp/api/t131164d0000000007-83def088cb55c24a0cae4251717412d7-0/json,13Tokyo/raw/municipal/13116/data.json,木造弁才天坐像,,,,池袋3-5-30 宗教法人 洞雲寺,豊島区池袋3-5-30 洞雲寺,豊島区,13116,豊島区登録有形文化財,美術工芸品,municipal,1996/10/01,139.70168,35.73394,movable,representative_point,municipal,豊島区登録有形文化財,絵画・彫刻・工芸品,
municipal_source,豊島区,文化財一覧（国もしくは地方公共団体が指定、登録、選定等行った文化財の一覧）,158,https://service.api.metro.tokyo.lg.jp/api/t131164d0000000007-83def088cb55c24a0cae4251717412d7-0/json,13Tokyo/raw/municipal/13116/data.json,木造達磨大師像,,,,池袋3-5-30 宗教法人 洞雲寺,豊島区池袋3-5-30 洞雲寺,豊島区,13116,豊島区登録有形文化財,美術工芸品,municipal,1996/10/01,139.70168,35.73394,movable,representative_point,municipal,豊島区登録有形文化財,絵画・彫刻・工芸品,
municipal_source,豊島区,文化財一覧（国もしくは地方公共団体が指定、登録、選定等行った文化財の一覧）,159,https://service.api.metro.tokyo.lg.jp/api/t131164d0000000007-83def088cb55c24a0cae4251717412d7-0/json,13Tokyo/raw/municipal/13116/data.json,木造阿弥陀如来立像(厨子入り),,,,池袋3-5-30 宗教法人 洞雲寺,豊島区池袋3-5-30 洞雲寺,豊島区,13116,豊島区登録有形文化財,美術工芸品,municipal,1996/10/01,139.70168,35.73394,movable,representative_point,municipal,豊島区登録有形文化財,絵画・彫刻・工芸品,
municipal_source,豊島区,文化財一覧（国もしくは地方公共団体が指定、登録、選定等行った文化財の一覧）,160,https://service.api.metro.tokyo.lg.jp/api/t131164d0000000007-83def088cb55c24a0cae4251717412d7-0/json,13Tokyo/raw/municipal/13116/data.json,木造阿弥陀三尊像,,,,池袋3-5-30 宗教法人 洞雲寺,豊島区池袋3-5-30 洞雲寺,豊島区,13116,豊島区登録有形文化財,美術工芸品,municipal,1996/10/01,139.70168,35.73394,movable,representative_point,municipal,豊島区登録有形文化財,絵画・彫刻・工芸品,
municipal_source,豊島区,文化財一覧（国もしくは地方公共団体が指定、登録、選定等行った文化財の一覧）,161,https://service.api.metro.tokyo.lg.jp/api/t131164d0000000007-83def088cb55c24a0cae4251717412d7-0/json,13Tokyo/raw/municipal/13116/data.json,木造阿弥陀如来立像,,,,池袋3-5-30 宗教法人 洞雲寺,豊島区池袋3-5-30 洞雲寺,豊島区,13116,豊島区登録有形文化財,美術工芸品,municipal,1996/10/01,139.70168,35.73394,movable,representative_point,municipal,豊島区登録有形文化財,絵画・彫刻・工芸品,
municipal_source,豊島区,文化財一覧（国もしくは地方公共団体が指定、登録、選定等行った文化財の一覧）,162,https://service.api.metro.tokyo.lg.jp/api/t131164d0000000007-83def088cb55c24a0cae4251717412d7-0/json,13Tokyo/raw/municipal/13116/data.json,木造釈迦如来坐像,,,,池袋3-5-30 宗教法人 洞雲寺,豊島区池袋3-5-30 洞雲寺,豊島区,13116,豊島区登録有形文化財,美術工芸品,municipal,1996/10/01,139.70168,35.73394,movable,representative_point,municipal,豊島区登録有形文化財,絵画・彫刻・工芸品,
municipal_source,豊島区,文化財一覧（国もしくは地方公共団体が指定、登録、選定等行った文化財の一覧）,163,https://service.api.metro.tokyo.lg.jp/api/t131164d0000000007-83def088cb55c24a0cae4251717412d7-0/json,13Tokyo/raw/municipal/13116/data.json,木造釈迦如来坐像(厨子入り),,,,池袋3-5-30 宗教法人 洞雲寺,豊島区池袋3-5-30 洞雲寺,豊島区,13116,豊島区登録有形文化財,美術工芸品,municipal,1996/10/01,139.70168,35.73394,movable,representative_point,municipal,豊島区登録有形文化財,絵画・彫刻・工芸品,
municipal_source,豊島区,文化財一覧（国もしくは地方公共団体が指定、登録、選定等行った文化財の一覧）,164,https://service.api.metro.tokyo.lg.jp/api/t131164d0000000007-83def088cb55c24a0cae4251717412d7-0/json,13Tokyo/raw/municipal/13116/data.json,木造金毘羅立像,,,,池袋3-5-30 宗教法人 洞雲寺,豊島区池袋3-5-30 洞雲寺,豊島区,13116,豊島区登録有形文化財,美術工芸品,municipal,1996/10/01,139.70168,35.73394,movable,representative_point,municipal,豊島区登録有形文化財,絵画・彫刻・工芸品,
municipal_source,豊島区,文化財一覧（国もしくは地方公共団体が指定、登録、選定等行った文化財の一覧）,165,https://service.api.metro.tokyo.lg.jp/api/t131164d0000000007-83def088cb55c24a0cae4251717412d7-0/json,13Tokyo/raw/municipal/13116/data.json,木造阿弥陀如来立像,,,,南長崎1-3-8 宗教法人 誓願寺,豊島区南長崎1-3-8 誓願寺,豊島区,13116,豊島区登録有形文化財,美術工芸品,municipal,1997/02/04,139.69119,35.72287,movable,representative_point,municipal,豊島区登録有形文化財,絵画・彫刻・工芸品,
municipal_source,豊島区,文化財一覧（国もしくは地方公共団体が指定、登録、選定等行った文化財の一覧）,166,https://service.api.metro.tokyo.lg.jp/api/t131164d0000000007-83def088cb55c24a0cae4251717412d7-0/json,13Tokyo/raw/municipal/13116/data.json,木造阿弥陀如来立像,,,,長崎3-9-4 宗教法人 専称寺,豊島区長崎3-9-4 専称寺,豊島区,13116,豊島区登録有形文化財,美術工芸品,municipal,1997/02/04,139.68929,35.72829,movable,representative_point,municipal,豊島区登録有形文化財,絵画・彫刻・工芸品,
municipal_source,豊島区,文化財一覧（国もしくは地方公共団体が指定、登録、選定等行った文化財の一覧）,167,https://service.api.metro.tokyo.lg.jp/api/t131164d0000000007-83def088cb55c24a0cae4251717412d7-0/json,13Tokyo/raw/municipal/13116/data.json,木造如来立像,,,,長崎3-9-4 宗教法人 専称寺,豊島区長崎3-9-4 専称寺,豊島区,13116,豊島区登録有形文化財,美術工芸品,municipal,1997/02/04,139.68929,35.72829,movable,representative_point,municipal,豊島区登録有形文化財,絵画・彫刻・工芸品,
municipal_source,豊島区,文化財一覧（国もしくは地方公共団体が指定、登録、選定等行った文化財の一覧）,168,https://service.api.metro.tokyo.lg.jp/api/t131164d0000000007-83def088cb55c24a0cae4251717412d7-0/json,13Tokyo/raw/municipal/13116/data.json,木造如来立像,,,,長崎3-9-4 宗教法人 専称寺,豊島区長崎3-9-4 専称寺,豊島区,13116,豊島区登録有形文化財,美術工芸品,municipal,1997/02/04,139.68929,35.72829,movable,representative_point,municipal,豊島区登録有形文化財,絵画・彫刻・工芸品,
municipal_source,豊島区,文化財一覧（国もしくは地方公共団体が指定、登録、選定等行った文化財の一覧）,169,https://service.api.metro.tokyo.lg.jp/api/t131164d0000000007-83def088cb55c24a0cae4251717412d7-0/json,13Tokyo/raw/municipal/13116/data.json,木造日蓮上人坐像,,,,南池袋3-5-7 宗教法人 観静院,豊島区南池袋3-5-7 観静院,豊島区,13116,豊島区登録有形文化財,美術工芸品,municipal,1997/02/04,139.71379,35.72336,movable,representative_point,municipal,豊島区登録有形文化財,絵画・彫刻・工芸品,
municipal_source,豊島区,文化財一覧（国もしくは地方公共団体が指定、登録、選定等行った文化財の一覧）,170,https://service.api.metro.tokyo.lg.jp/api/t131164d0000000007-83def088cb55c24a0cae4251717412d7-0/json,13Tokyo/raw/municipal/13116/data.json,木造釈迦如来坐像,,,,巣鴨5-34-24 宗教法人 法福寺,豊島区巣鴨5-34-24 法福寺,豊島区,13116,豊島区登録有形文化財,美術工芸品,municipal,1997/02/04,139.7337,35.74009,movable,representative_point,municipal,豊島区登録有形文化財,絵画・彫刻・工芸品,
municipal_source,豊島区,文化財一覧（国もしくは地方公共団体が指定、登録、選定等行った文化財の一覧）,171,https://service.api.metro.tokyo.lg.jp/api/t131164d0000000007-83def088cb55c24a0cae4251717412d7-0/json,13Tokyo/raw/municipal/13116/data.json,銅造誕生釈迦如来立像,,,,巣鴨5-34-24 宗教法人 法福寺,豊島区巣鴨5-34-24 法福寺,豊島区,13116,豊島区登録有形文化財,美術工芸品,municipal,1997/02/04,139.7337,35.74009,movable,representative_point,municipal,豊島区登録有形文化財,絵画・彫刻・工芸品,
municipal_source,豊島区,文化財一覧（国もしくは地方公共団体が指定、登録、選定等行った文化財の一覧）,172,https://service.api.metro.tokyo.lg.jp/api/t131164d0000000007-83def088cb55c24a0cae4251717412d7-0/json,13Tokyo/raw/municipal/13116/data.json,木造鷺大明神立像,,,,南池袋3-18-18 宗教法人 法明寺,豊島区南池袋3-18-18 法明寺,豊島区,13116,豊島区登録有形文化財,美術工芸品,municipal,1997/02/04,139.71481,35.72404,movable,representative_point,municipal,豊島区登録有形文化財,絵画・彫刻・工芸品,
municipal_source,豊島区,文化財一覧（国もしくは地方公共団体が指定、登録、選定等行った文化財の一覧）,173,https://service.api.metro.tokyo.lg.jp/api/t131164d0000000007-83def088cb55c24a0cae4251717412d7-0/json,13Tokyo/raw/municipal/13116/data.json,木造妙見菩薩立像,,,,南池袋3-18-18 宗教法人 法明寺,豊島区南池袋3-18-18 法明寺,豊島区,13116,豊島区登録有形文化財,美術工芸品,municipal,1997/02/04,139.71481,35.72404,movable,representative_point,municipal,豊島区登録有形文化財,絵画・彫刻・工芸品,
municipal_source,豊島区,文化財一覧（国もしくは地方公共団体が指定、登録、選定等行った文化財の一覧）,174,https://service.api.metro.tokyo.lg.jp/api/t131164d0000000007-83def088cb55c24a0cae4251717412d7-0/json,13Tokyo/raw/municipal/13116/data.json,木造鬼子母神像及び両脇侍像,,,,南池袋3-18-18 宗教法人 法明寺,豊島区南池袋3-18-18 法明寺,豊島区,13116,豊島区登録有形文化財,美術工芸品,municipal,1997/02/04,139.71481,35.72404,movable,representative_point,municipal,豊島区登録有形文化財,絵画・彫刻・工芸品,
municipal_source,豊島区,文化財一覧（国もしくは地方公共団体が指定、登録、選定等行った文化財の一覧）,175,https://service.api.metro.tokyo.lg.jp/api/t131164d0000000007-83def088cb55c24a0cae4251717412d7-0/json,13Tokyo/raw/municipal/13116/data.json,木造鬼子母神立像,,,,南池袋3-18-18 宗教法人 法明寺,豊島区南池袋3-18-18 法明寺,豊島区,13116,豊島区登録有形文化財,美術工芸品,municipal,1997/02/04,139.71481,35.72404,movable,representative_point,municipal,豊島区登録有形文化財,絵画・彫刻・工芸品,
municipal_source,豊島区,文化財一覧（国もしくは地方公共団体が指定、登録、選定等行った文化財の一覧）,176,https://service.api.metro.tokyo.lg.jp/api/t131164d0000000007-83def088cb55c24a0cae4251717412d7-0/json,13Tokyo/raw/municipal/13116/data.json,木造日蓮上人坐像,,,,南池袋3-18-18 宗教法人 法明寺,豊島区南池袋3-18-18 法明寺,豊島区,13116,豊島区登録有形文化財,美術工芸品,municipal,1997/02/04,139.71481,35.72404,movable,representative_point,municipal,豊島区登録有形文化財,絵画・彫刻・工芸品,
municipal_source,豊島区,文化財一覧（国もしくは地方公共団体が指定、登録、選定等行った文化財の一覧）,177,https://service.api.metro.tokyo.lg.jp/api/t131164d0000000007-83def088cb55c24a0cae4251717412d7-0/json,13Tokyo/raw/municipal/13116/data.json,木造鬼子母神立像,,,,南池袋3-18-18 宗教法人 法明寺,豊島区南池袋3-18-18 法明寺,豊島区,13116,豊島区登録有形文化財,美術工芸品,municipal,1997/02/04,139.71481,35.72404,movable,representative_point,municipal,豊島区登録有形文化財,絵画・彫刻・工芸品,
municipal_source,豊島区,文化財一覧（国もしくは地方公共団体が指定、登録、選定等行った文化財の一覧）,178,https://service.api.metro.tokyo.lg.jp/api/t131164d0000000007-83def088cb55c24a0cae4251717412d7-0/json,13Tokyo/raw/municipal/13116/data.json,木造鬼子母神立像,,,,南池袋3-18-18 宗教法人 法明寺,豊島区南池袋3-18-18 法明寺,豊島区,13116,豊島区登録有形文化財,美術工芸品,municipal,1997/02/04,139.71481,35.72404,movable,representative_point,municipal,豊島区登録有形文化財,絵画・彫刻・工芸品,
municipal_source,豊島区,文化財一覧（国もしくは地方公共団体が指定、登録、選定等行った文化財の一覧）,179,https://service.api.metro.tokyo.lg.jp/api/t131164d0000000007-83def088cb55c24a0cae4251717412d7-0/json,13Tokyo/raw/municipal/13116/data.json,木造鬼子母神立像,,,,南池袋3-18-18 宗教法人 法明寺,豊島区南池袋3-18-18 法明寺,豊島区,13116,豊島区登録有形文化財,美術工芸品,municipal,1997/02/04,139.71481,35.72404,movable,representative_point,municipal,豊島区登録有形文化財,絵画・彫刻・工芸品,
municipal_source,豊島区,文化財一覧（国もしくは地方公共団体が指定、登録、選定等行った文化財の一覧）,180,https://service.api.metro.tokyo.lg.jp/api/t131164d0000000007-83def088cb55c24a0cae4251717412d7-0/json,13Tokyo/raw/municipal/13116/data.json,木造鬼子母神立像,,,,南池袋3-18-18 宗教法人 法明寺,豊島区南池袋3-18-18 法明寺,豊島区,13116,豊島区登録有形文化財,美術工芸品,municipal,1997/02/04,139.71481,35.72404,movable,representative_point,municipal,豊島区登録有形文化財,絵画・彫刻・工芸品,
municipal_source,豊島区,文化財一覧（国もしくは地方公共団体が指定、登録、選定等行った文化財の一覧）,181,https://service.api.metro.tokyo.lg.jp/api/t131164d0000000007-83def088cb55c24a0cae4251717412d7-0/json,13Tokyo/raw/municipal/13116/data.json,木造鬼子母神立像,,,,南池袋3-18-18 宗教法人 法明寺,豊島区南池袋3-18-18 法明寺,豊島区,13116,豊島区登録有形文化財,美術工芸品,municipal,1997/02/04,139.71481,35.72404,movable,representative_point,municipal,豊島区登録有形文化財,絵画・彫刻・工芸品,
municipal_source,豊島区,文化財一覧（国もしくは地方公共団体が指定、登録、選定等行った文化財の一覧）,182,https://service.api.metro.tokyo.lg.jp/api/t131164d0000000007-83def088cb55c24a0cae4251717412d7-0/json,13Tokyo/raw/municipal/13116/data.json,木造地蔵菩薩立像,,,,南池袋3-18-18 宗教法人 法明寺,豊島区南池袋3-18-18 法明寺,豊島区,13116,豊島区登録有形文化財,美術工芸品,municipal,1997/02/04,139.71481,35.72404,movable,representative_point,municipal,豊島区登録有形文化財,絵画・彫刻・工芸品,
municipal_source,豊島区,文化財一覧（国もしくは地方公共団体が指定、登録、選定等行った文化財の一覧）,183,https://service.api.metro.tokyo.lg.jp/api/t131164d0000000007-83def088cb55c24a0cae4251717412d7-0/json,13Tokyo/raw/municipal/13116/data.json,木造愛染明王坐像,,,,南池袋3-18-18 宗教法人 法明寺,豊島区南池袋3-18-18 法明寺,豊島区,13116,豊島区登録有形文化財,美術工芸品,municipal,1997/02/04,139.71481,35.72404,movable,representative_point,municipal,豊島区登録有形文化財,絵画・彫刻・工芸品,
municipal_source,豊島区,文化財一覧（国もしくは地方公共団体が指定、登録、選定等行った文化財の一覧）,184,https://service.api.metro.tokyo.lg.jp/api/t131164d0000000007-83def088cb55c24a0cae4251717412d7-0/json,13Tokyo/raw/municipal/13116/data.json,木造鬼子母神立像,,,,南池袋3-18-18 宗教法人 法明寺,豊島区南池袋3-18-18 法明寺,豊島区,13116,豊島区登録有形文化財,美術工芸品,municipal,1997/02/04,139.71481,35.72404,movable,representative_point,municipal,豊島区登録有形文化財,絵画・彫刻・工芸品,
municipal_source,豊島区,文化財一覧（国もしくは地方公共団体が指定、登録、選定等行った文化財の一覧）,185,https://service.api.metro.tokyo.lg.jp/api/t131164d0000000007-83def088cb55c24a0cae4251717412d7-0/json,13Tokyo/raw/municipal/13116/data.json,木造鬼子母神立像,,,,南池袋3-18-18 宗教法人 法明寺,豊島区南池袋3-18-18 法明寺,豊島区,13116,豊島区登録有形文化財,美術工芸品,municipal,1997/02/04,139.71481,35.72404,movable,representative_point,municipal,豊島区登録有形文化財,絵画・彫刻・工芸品,
municipal_source,豊島区,文化財一覧（国もしくは地方公共団体が指定、登録、選定等行った文化財の一覧）,186,https://service.api.metro.tokyo.lg.jp/api/t131164d0000000007-83def088cb55c24a0cae4251717412d7-0/json,13Tokyo/raw/municipal/13116/data.json,木造大黒天立像,,,,南池袋3-18-18 宗教法人 法明寺,豊島区南池袋3-18-18 法明寺,豊島区,13116,豊島区登録有形文化財,美術工芸品,municipal,1997/02/04,139.71481,35.72404,movable,representative_point,municipal,豊島区登録有形文化財,絵画・彫刻・工芸品,
municipal_source,豊島区,文化財一覧（国もしくは地方公共団体が指定、登録、選定等行った文化財の一覧）,187,https://service.api.metro.tokyo.lg.jp/api/t131164d0000000007-83def088cb55c24a0cae4251717412d7-0/json,13Tokyo/raw/municipal/13116/data.json,銅造灯明台童子,,,,南池袋3-18-18 宗教法人 法明寺,豊島区南池袋3-18-18 法明寺,豊島区,13116,豊島区登録有形文化財,美術工芸品,municipal,1997/02/04,139.71481,35.72404,movable,representative_point,municipal,豊島区登録有形文化財,絵画・彫刻・工芸品,
municipal_source,豊島区,文化財一覧（国もしくは地方公共団体が指定、登録、選定等行った文化財の一覧）,188,https://service.api.metro.tokyo.lg.jp/api/t131164d0000000007-83def088cb55c24a0cae4251717412d7-0/json,13Tokyo/raw/municipal/13116/data.json,巣鴨町役場半鐘,,,,南池袋2-45-1 豊島区,豊島区西池袋2-30-15 文化財資料調査室,豊島区,13116,豊島区登録有形文化財,美術工芸品,municipal,2001/04/20,139.70688,35.72734,movable,representative_point,municipal,豊島区登録有形文化財,絵画・彫刻・工芸品,
municipal_source,豊島区,文化財一覧（国もしくは地方公共団体が指定、登録、選定等行った文化財の一覧）,189,https://service.api.metro.tokyo.lg.jp/api/t131164d0000000007-83def088cb55c24a0cae4251717412d7-0/json,13Tokyo/raw/municipal/13116/data.json,重林寺梵鐘,,,,池袋本町2-3-3 宗教法人 重林寺,豊島区池袋本町2-3-3 重林寺,豊島区,13116,豊島区登録有形文化財,美術工芸品,municipal,2007/01/29,139.70988,35.73986,movable,representative_point,municipal,豊島区登録有形文化財,絵画・彫刻・工芸品,
municipal_source,豊島区,文化財一覧（国もしくは地方公共団体が指定、登録、選定等行った文化財の一覧）,190,https://service.api.metro.tokyo.lg.jp/api/t131164d0000000007-83def088cb55c24a0cae4251717412d7-0/json,13Tokyo/raw/municipal/13116/data.json,鏑木久一家旧蔵文書,,,,南池袋2-45-1 豊島区,豊島区西池袋2-37-4 郷土資料館,豊島区,13116,豊島区登録有形文化財,古文書,municipal,1991/01/29,139.70682,35.72791,movable,representative_point,municipal,豊島区登録有形文化財,古文書・古記録,
municipal_source,豊島区,文化財一覧（国もしくは地方公共団体が指定、登録、選定等行った文化財の一覧）,191,https://service.api.metro.tokyo.lg.jp/api/t131164d0000000007-83def088cb55c24a0cae4251717412d7-0/json,13Tokyo/raw/municipal/13116/data.json,片野歌子家旧蔵文書,,,,南池袋2-45-1 豊島区,豊島区西池袋2-37-4 郷土資料館,豊島区,13116,豊島区登録有形文化財,古文書,municipal,1991/01/29,139.70682,35.72791,movable,representative_point,municipal,豊島区登録有形文化財,古文書・古記録,
municipal_source,豊島区,文化財一覧（国もしくは地方公共団体が指定、登録、選定等行った文化財の一覧）,192,https://service.api.metro.tokyo.lg.jp/api/t131164d0000000007-83def088cb55c24a0cae4251717412d7-0/json,13Tokyo/raw/municipal/13116/data.json,田島昇家旧蔵文書,,,,南池袋2-45-1 豊島区,豊島区西池袋2-37-4 郷土資料館,豊島区,13116,豊島区登録有形文化財,古文書,municipal,1991/01/29,139.70682,35.72791,movable,representative_point,municipal,豊島区登録有形文化財,古文書・古記録,
municipal_source,豊島区,文化財一覧（国もしくは地方公共団体が指定、登録、選定等行った文化財の一覧）,193,https://service.api.metro.tokyo.lg.jp/api/t131164d0000000007-83def088cb55c24a0cae4251717412d7-0/json,13Tokyo/raw/municipal/13116/data.json,南蔵院薬師堂建立勧進状(寛永七年六月八日),,,,高田1-19-16 南蔵院住職 野口圭也,豊島区高田1-19-16 南蔵院,豊島区,13116,豊島区登録有形文化財,古文書,municipal,2000/04/04,139.71524,35.7145,movable,representative_point,municipal,豊島区登録有形文化財,古文書・古記録,
municipal_source,豊島区,文化財一覧（国もしくは地方公共団体が指定、登録、選定等行った文化財の一覧）,194,https://service.api.metro.tokyo.lg.jp/api/t131164d0000000007-83def088cb55c24a0cae4251717412d7-0/json,13Tokyo/raw/municipal/13116/data.json,安田家文書,,,,個人,豊島区高松2-48-3,豊島区,13116,豊島区登録有形文化財,古文書,municipal,2018/04/20,139.70076,35.73914,movable,representative_point,municipal,豊島区登録有形文化財,古文書・古記録,
municipal_source,豊島区,文化財一覧（国もしくは地方公共団体が指定、登録、選定等行った文化財の一覧）,195,https://service.api.metro.tokyo.lg.jp/api/t131164d0000000007-83def088cb55c24a0cae4251717412d7-0/json,13Tokyo/raw/municipal/13116/data.json,北豊島郡高田村地引絵図 附・疊紙,,,,南池袋2-45-1 豊島区,豊島区西池袋2-37-4 郷土資料館,豊島区,13116,豊島区登録有形文化財,古文書,municipal,2006/09/19,139.70682,35.72791,movable,representative_point,municipal,豊島区登録有形文化財,古文書・古記録,
municipal_source,豊島区,文化財一覧（国もしくは地方公共団体が指定、登録、選定等行った文化財の一覧）,196,https://service.api.metro.tokyo.lg.jp/api/t131164d0000000007-83def088cb55c24a0cae4251717412d7-0/json,13Tokyo/raw/municipal/13116/data.json,染井遺跡(日本郵船地区)出土遺物〔駒込6-2-1〕,,,,南池袋2-45-1 豊島区教育委員会,豊島区西巣鴨4-9-1 旧朝日中学校,豊島区,13116,豊島区登録有形文化財,考古資料,municipal,1991/01/29,139.72948,35.74346,movable,representative_point,municipal,豊島区登録有形文化財,考古資料,
municipal_source,豊島区,文化財一覧（国もしくは地方公共団体が指定、登録、選定等行った文化財の一覧）,197,https://service.api.metro.tokyo.lg.jp/api/t131164d0000000007-83def088cb55c24a0cae4251717412d7-0/json,13Tokyo/raw/municipal/13116/data.json,染井遺跡(丹羽家地区)出土遺物〔駒込3-12-3〕,,,,南池袋2-45-1 豊島区教育委員会,豊島区西巣鴨4-9-1 旧朝日中学校,豊島区,13116,豊島区登録有形文化財,考古資料,municipal,1991/12/25,139.72948,35.74346,movable,representative_point,municipal,豊島区登録有形文化財,考古資料,
municipal_source,豊島区,文化財一覧（国もしくは地方公共団体が指定、登録、選定等行った文化財の一覧）,198,https://service.api.metro.tokyo.lg.jp/api/t131164d0000000007-83def088cb55c24a0cae4251717412d7-0/json,13Tokyo/raw/municipal/13116/data.json,染井遺跡(加賀美家地区)出土遺物〔駒込3-12-10〕,,,,南池袋2-45-1 豊島区教育委員会,豊島区千早4-8-19 旧第十中学校,豊島区,13116,豊島区登録有形文化財,考古資料,municipal,1991/12/25,139.68181,35.73808,movable,representative_point,municipal,豊島区登録有形文化財,考古資料,
municipal_source,豊島区,文化財一覧（国もしくは地方公共団体が指定、登録、選定等行った文化財の一覧）,199,https://service.api.metro.tokyo.lg.jp/api/t131164d0000000007-83def088cb55c24a0cae4251717412d7-0/json,13Tokyo/raw/municipal/13116/data.json,染井遺跡(染井霊園事務所地区)出土遺物〔駒込5-5-1〕,,,,南池袋2-45-1 豊島区教育委員会,豊島区西巣鴨4-9-1 旧朝日中学校,豊島区,13116,豊島区登録有形文化財,考古資料,municipal,1992/04/07,139.72948,35.74346,movable,representative_point,municipal,豊島区登録有形文化財,考古資料,
municipal_source,豊島区,文化財一覧（国もしくは地方公共団体が指定、登録、選定等行った文化財の一覧）,200,https://service.api.metro.tokyo.lg.jp/api/t131164d0000000007-83def088cb55c24a0cae4251717412d7-0/json,13Tokyo/raw/municipal/13116/data.json,巣鴨遺跡(区立つつじ苑地区)出土遺物〔巣鴨4-15-11〕,,,,南池袋2-45-1 豊島区教育委員会,豊島区千早4-8-19 旧第十中学校,豊島区,13116,豊島区登録有形文化財,考古資料,municipal,1993/10/26,139.68181,35.73808,movable,representative_point,municipal,豊島区登録有形文化財,考古資料,
municipal_source,豊島区,文化財一覧（国もしくは地方公共団体が指定、登録、選定等行った文化財の一覧）,201,https://service.api.metro.tokyo.lg.jp/api/t131164d0000000007-83def088cb55c24a0cae4251717412d7-0/json,13Tokyo/raw/municipal/13116/data.json,巣鴨遺跡(中野組ビル地区)出土遺物〔巣鴨1-14-8〕,,,,南池袋2-45-1 豊島区教育委員会,豊島区千早4-8-19 旧第十中学校,豊島区,13116,豊島区登録有形文化財,考古資料,municipal,1995/07/04,139.68181,35.73808,movable,representative_point,municipal,豊島区登録有形文化財,考古資料,
municipal_source,豊島区,文化財一覧（国もしくは地方公共団体が指定、登録、選定等行った文化財の一覧）,202,https://service.api.metro.tokyo.lg.jp/api/t131164d0000000007-83def088cb55c24a0cae4251717412d7-0/json,13Tokyo/raw/municipal/13116/data.json,駒込一丁目遺跡(樹林館地区)出土遺物〔駒込1-9-2〕,,,,南池袋2-45-1 豊島区教育委員会,豊島区千早4-8-19 旧第十中学校,豊島区,13116,豊島区登録有形文化財,考古資料,municipal,1995/07/04,139.68181,35.73808,movable,representative_point,municipal,豊島区登録有形文化財,考古資料,
municipal_source,豊島区,文化財一覧（国もしくは地方公共団体が指定、登録、選定等行った文化財の一覧）,203,https://service.api.metro.tokyo.lg.jp/api/t131164d0000000007-83def088cb55c24a0cae4251717412d7-0/json,13Tokyo/raw/municipal/13116/data.json,巣鴨遺跡(明生ハイム地区)出土遺物〔巣鴨3-18-27〕,,,,南池袋2-45-1 豊島区教育委員会,豊島区千早4-8-19 旧第十中学校,豊島区,13116,豊島区登録有形文化財,考古資料,municipal,1996/10/01,139.68181,35.73808,movable,representative_point,municipal,豊島区登録有形文化財,考古資料,
municipal_source,豊島区,文化財一覧（国もしくは地方公共団体が指定、登録、選定等行った文化財の一覧）,204,https://service.api.metro.tokyo.lg.jp/api/t131164d0000000007-83def088cb55c24a0cae4251717412d7-0/json,13Tokyo/raw/municipal/13116/data.json,巣鴨遺跡(レールハイツ三橋地区・LAND建築事務所地区)出土遺物〔巣鴨3-8-28〕,,,,南池袋2-45-1 豊島区教育委員会,豊島区千早4-8-19 旧第十中学校,豊島区,13116,豊島区登録有形文化財,考古資料,municipal,1996/10/01,139.68181,35.73808,movable,representative_point,municipal,豊島区登録有形文化財,考古資料,
municipal_source,豊島区,文化財一覧（国もしくは地方公共団体が指定、登録、選定等行った文化財の一覧）,205,https://service.api.metro.tokyo.lg.jp/api/t131164d0000000007-83def088cb55c24a0cae4251717412d7-0/json,13Tokyo/raw/municipal/13116/data.json,巣鴨遺跡(ランドマークビル地区)出土遺物〔巣鴨3-20-3〕,,,,南池袋2-45-1 豊島区教育委員会,豊島区千早4-8-19 旧第十中学校,豊島区,13116,豊島区登録有形文化財,考古資料,municipal,1996/10/01,139.68181,35.73808,movable,representative_point,municipal,豊島区登録有形文化財,考古資料,
municipal_source,豊島区,文化財一覧（国もしくは地方公共団体が指定、登録、選定等行った文化財の一覧）,206,https://service.api.metro.tokyo.lg.jp/api/t131164d0000000007-83def088cb55c24a0cae4251717412d7-0/json,13Tokyo/raw/municipal/13116/data.json,巣鴨遺跡(坂井右紀家地区)出土遺物〔巣鴨4-14-7〕,,,,南池袋2-45-1 豊島区教育委員会,豊島区千早4-8-19 旧第十中学校,豊島区,13116,豊島区登録有形文化財,考古資料,municipal,1996/10/01,139.68181,35.73808,movable,representative_point,municipal,豊島区登録有形文化財,考古資料,
municipal_source,豊島区,文化財一覧（国もしくは地方公共団体が指定、登録、選定等行った文化財の一覧）,207,https://service.api.metro.tokyo.lg.jp/api/t131164d0000000007-83def088cb55c24a0cae4251717412d7-0/json,13Tokyo/raw/municipal/13116/data.json,巣鴨遺跡(安村敏信家地区)出土遺物〔巣鴨3-24-7〕,,,,南池袋2-45-1 豊島区教育委員会,豊島区千早4-8-19 旧第十中学校,豊島区,13116,豊島区登録有形文化財,考古資料,municipal,1996/10/01,139.68181,35.73808,movable,representative_point,municipal,豊島区登録有形文化財,考古資料,
municipal_source,豊島区,文化財一覧（国もしくは地方公共団体が指定、登録、選定等行った文化財の一覧）,208,https://service.api.metro.tokyo.lg.jp/api/t131164d0000000007-83def088cb55c24a0cae4251717412d7-0/json,13Tokyo/raw/municipal/13116/data.json,巣鴨遺跡(桜花苑ビル地区)出土遺物〔巣鴨3-19-13〕,,,,南池袋2-45-1 豊島区教育委員会,豊島区千早4-8-19 旧第十中学校,豊島区,13116,豊島区登録有形文化財,考古資料,municipal,1996/10/01,139.68181,35.73808,movable,representative_point,municipal,豊島区登録有形文化財,考古資料,
municipal_source,豊島区,文化財一覧（国もしくは地方公共団体が指定、登録、選定等行った文化財の一覧）,209,https://service.api.metro.tokyo.lg.jp/api/t131164d0000000007-83def088cb55c24a0cae4251717412d7-0/json,13Tokyo/raw/municipal/13116/data.json,巣鴨遺跡(佐藤光家地区)出土遺物〔巣鴨4-21-16〕,,,,南池袋2-45-1 豊島区教育委員会,豊島区千早4-8-19 旧第十中学校,豊島区,13116,豊島区登録有形文化財,考古資料,municipal,1996/10/01,139.68181,35.73808,movable,representative_point,municipal,豊島区登録有形文化財,考古資料,
municipal_source,豊島区,文化財一覧（国もしくは地方公共団体が指定、登録、選定等行った文化財の一覧）,210,https://service.api.metro.tokyo.lg.jp/api/t131164d0000000007-83def088cb55c24a0cae4251717412d7-0/json,13Tokyo/raw/municipal/13116/data.json,巣鴨遺跡(鈴木和男家地区)出土遺物〔巣鴨4-18-7〕,,,,南池袋2-45-1 豊島区教育委員会,豊島区千早4-8-19 旧第十中学校,豊島区,13116,豊島区登録有形文化財,考古資料,municipal,1996/10/01,139.68181,35.73808,movable,representative_point,municipal,豊島区登録有形文化財,考古資料,
municipal_source,豊島区,文化財一覧（国もしくは地方公共団体が指定、登録、選定等行った文化財の一覧）,211,https://service.api.metro.tokyo.lg.jp/api/t131164d0000000007-83def088cb55c24a0cae4251717412d7-0/json,13Tokyo/raw/municipal/13116/data.json,氷川神社裏貝塚遺跡(ライオンズマンション池袋本町地区)出土遺物〔池袋本町2-27-4〕,,,,南池袋2-45-1 豊島区教育委員会,豊島区千早4-8-19 旧第十中学校,豊島区,13116,豊島区登録有形文化財,考古資料,municipal,1996/10/01,139.68181,35.73808,movable,representative_point,municipal,豊島区登録有形文化財,考古資料,
municipal_source,豊島区,文化財一覧（国もしくは地方公共団体が指定、登録、選定等行った文化財の一覧）,212,https://service.api.metro.tokyo.lg.jp/api/t131164d0000000007-83def088cb55c24a0cae4251717412d7-0/json,13Tokyo/raw/municipal/13116/data.json,巣鴨遺跡(警視庁巣鴨警察署巣鴨駅前派出所地区)出土遺物〔巣鴨2-35〕,,,,南池袋2-45-1 豊島区教育委員会,豊島区千早4-8-19 旧第十中学校,豊島区,13116,豊島区登録有形文化財,考古資料,municipal,1997/09/17,139.68181,35.73808,movable,representative_point,municipal,豊島区登録有形文化財,考古資料,
municipal_source,豊島区,文化財一覧（国もしくは地方公共団体が指定、登録、選定等行った文化財の一覧）,213,https://service.api.metro.tokyo.lg.jp/api/t131164d0000000007-83def088cb55c24a0cae4251717412d7-0/json,13Tokyo/raw/municipal/13116/data.json,駒込一丁目遺跡(日本住宅パネル工業協同組合ビル地区)出土遺物〔駒込1-3-4〕,,,,南池袋2-45-1 豊島区教育委員会,豊島区千早4-8-19 旧第十中学校,豊島区,13116,豊島区登録有形文化財,考古資料,municipal,1998/08/18,139.68181,35.73808,movable,representative_point,municipal,豊島区登録有形文化財,考古資料,
municipal_source,豊島区,文化財一覧（国もしくは地方公共団体が指定、登録、選定等行った文化財の一覧）,214,https://service.api.metro.tokyo.lg.jp/api/t131164d0000000007-83def088cb55c24a0cae4251717412d7-0/json,13Tokyo/raw/municipal/13116/data.json,巣鴨遺跡(桃花源地区)出土遺物〔巣鴨3-28-8〕,,,,南池袋2-45-1 豊島区教育委員会,豊島区千早4-8-19 旧第十中学校,豊島区,13116,豊島区登録有形文化財,考古資料,municipal,1999/10/05,139.68181,35.73808,movable,representative_point,municipal,豊島区登録有形文化財,考古資料,
municipal_source,豊島区,文化財一覧（国もしくは地方公共団体が指定、登録、選定等行った文化財の一覧）,215,https://service.api.metro.tokyo.lg.jp/api/t131164d0000000007-83def088cb55c24a0cae4251717412d7-0/json,13Tokyo/raw/municipal/13116/data.json,巣鴨遺跡(セザール巣鴨地区)出土遺物〔巣鴨4-13-15〕,,,,南池袋2-45-1 豊島区教育委員会,豊島区千早4-8-19 旧第十中学校,豊島区,13116,豊島区登録有形文化財,考古資料,municipal,1999/10/05,139.68181,35.73808,movable,representative_point,municipal,豊島区登録有形文化財,考古資料,
municipal_source,豊島区,文化財一覧（国もしくは地方公共団体が指定、登録、選定等行った文化財の一覧）,216,https://service.api.metro.tokyo.lg.jp/api/t131164d0000000007-83def088cb55c24a0cae4251717412d7-0/json,13Tokyo/raw/municipal/13116/data.json,巣鴨遺跡(アーバンパレス地区)出土遺物〔巣鴨3-28-9〕,,,,南池袋2-45-1 豊島区教育委員会,豊島区千早4-8-19 旧第十中学校,豊島区,13116,豊島区登録有形文化財,考古資料,municipal,1999/10/05,139.68181,35.73808,movable,representative_point,municipal,豊島区登録有形文化財,考古資料,
municipal_source,豊島区,文化財一覧（国もしくは地方公共団体が指定、登録、選定等行った文化財の一覧）,217,https://service.api.metro.tokyo.lg.jp/api/t131164d0000000007-83def088cb55c24a0cae4251717412d7-0/json,13Tokyo/raw/municipal/13116/data.json,染井遺跡(三菱養和会地区)出土遺物〔駒込2-8-1〕,,,,南池袋2-45-1 豊島区教育委員会,豊島区千早4-8-19 旧第十中学校,豊島区,13116,豊島区登録有形文化財,考古資料,municipal,1999/10/05,139.68181,35.73808,movable,representative_point,municipal,豊島区登録有形文化財,考古資料,
municipal_source,豊島区,文化財一覧（国もしくは地方公共団体が指定、登録、選定等行った文化財の一覧）,218,https://service.api.metro.tokyo.lg.jp/api/t131164d0000000007-83def088cb55c24a0cae4251717412d7-0/json,13Tokyo/raw/municipal/13116/data.json,東池袋遺跡(東京簡易保険総合健診センター地区)出土遺物〔東池袋4-4-7〕,,,,南池袋2-45-1 豊島区教育委員会,豊島区千早4-8-19 旧第十中学校,豊島区,13116,豊島区登録有形文化財,考古資料,municipal,2000/10/06,139.68181,35.73808,movable,representative_point,municipal,豊島区登録有形文化財,考古資料,
municipal_source,豊島区,文化財一覧（国もしくは地方公共団体が指定、登録、選定等行った文化財の一覧）,219,https://service.api.metro.tokyo.lg.jp/api/t131164d0000000007-83def088cb55c24a0cae4251717412d7-0/json,13Tokyo/raw/municipal/13116/data.json,北大塚遺跡(ヒルズ山手大塚地区)出土遺物〔北大塚1-22-2〕,,,,南池袋2-45-1 豊島区教育委員会,豊島区千早4-8-19 旧第十中学校,豊島区,13116,豊島区登録有形文化財,考古資料,municipal,2000/10/06,139.68181,35.73808,movable,representative_point,municipal,豊島区登録有形文化財,考古資料,
municipal_source,豊島区,文化財一覧（国もしくは地方公共団体が指定、登録、選定等行った文化財の一覧）,220,https://service.api.metro.tokyo.lg.jp/api/t131164d0000000007-83def088cb55c24a0cae4251717412d7-0/json,13Tokyo/raw/municipal/13116/data.json,染井遺跡(三菱重工業染井アパート地区)出土遺物〔駒込5-3-2〕,,,,南池袋2-45-1 豊島区教育委員会,豊島区千早4-8-19 旧第十中学校埼玉県入間郡三芳町大字上富382-1 三芳保管庫,豊島区,13116,豊島区登録有形文化財,考古資料,municipal,2001/10/01,139.68181,35.73808,movable,representative_point,municipal,豊島区登録有形文化財,考古資料,
municipal_source,豊島区,文化財一覧（国もしくは地方公共団体が指定、登録、選定等行った文化財の一覧）,221,https://service.api.metro.tokyo.lg.jp/api/t131164d0000000007-83def088cb55c24a0cae4251717412d7-0/json,13Tokyo/raw/municipal/13116/data.json,染井遺跡(プリンスハイツ駒込地区)出土遺物〔駒込6-6-9〕,,,,南池袋2-45-1 豊島区教育委員会,豊島区千早4-8-19 旧第十中学校,豊島区,13116,豊島区登録有形文化財,考古資料,municipal,2002/09/27,139.68181,35.73808,movable,representative_point,municipal,豊島区登録有形文化財,考古資料,
municipal_source,豊島区,文化財一覧（国もしくは地方公共団体が指定、登録、選定等行った文化財の一覧）,222,https://service.api.metro.tokyo.lg.jp/api/t131164d0000000007-83def088cb55c24a0cae4251717412d7-0/json,13Tokyo/raw/municipal/13116/data.json,染井遺跡(染井遺跡(警視庁巣鴨警察署染井駐在所地区)〔駒込6-1-8〕,,,,南池袋2-45-1 豊島区教育委員会,豊島区千早4-8-19 旧第十中学校,豊島区,13116,豊島区登録有形文化財,考古資料,municipal,2002/09/27,139.68181,35.73808,movable,representative_point,municipal,豊島区登録有形文化財,考古資料,
municipal_source,豊島区,文化財一覧（国もしくは地方公共団体が指定、登録、選定等行った文化財の一覧）,223,https://service.api.metro.tokyo.lg.jp/api/t131164d0000000007-83def088cb55c24a0cae4251717412d7-0/json,13Tokyo/raw/municipal/13116/data.json,学習院周辺遺跡(千登世橋中学校地区)〔目白1-1〕,,,,南池袋2-45-1 豊島区教育委員会,豊島区千早4-8-19 旧第十中学校,豊島区,13116,豊島区登録有形文化財,考古資料,municipal,2002/09/27,139.68181,35.73808,movable,representative_point,municipal,豊島区登録有形文化財,考古資料,
municipal_source,豊島区,文化財一覧（国もしくは地方公共団体が指定、登録、選定等行った文化財の一覧）,224,https://service.api.metro.tokyo.lg.jp/api/t131164d0000000007-83def088cb55c24a0cae4251717412d7-0/json,13Tokyo/raw/municipal/13116/data.json,国指定重要有形民俗文化財「豊島長崎の富士塚」出土遺物〔高松2-9〕,,,,南池袋2-45-1 豊島区教育委員会,豊島区千早4-8-19 旧第十中学校,豊島区,13116,豊島区登録有形文化財,考古資料,municipal,2002/09/27,139.68181,35.73808,movable,representative_point,municipal,豊島区登録有形文化財,考古資料,
municipal_source,豊島区,文化財一覧（国もしくは地方公共団体が指定、登録、選定等行った文化財の一覧）,225,https://service.api.metro.tokyo.lg.jp/api/t131164d0000000007-83def088cb55c24a0cae4251717412d7-0/json,13Tokyo/raw/municipal/13116/data.json,巣鴨遺跡(藤和シティホームズ巣鴨地区)出土遺物〔巣鴨3-30-12〕,,,,南池袋2-45-1 豊島区教育委員会,豊島区千早4-8-19 旧第十中学校,豊島区,13116,豊島区登録有形文化財,考古資料,municipal,2003/10/28,139.68181,35.73808,movable,representative_point,municipal,豊島区登録有形文化財,考古資料,
municipal_source,豊島区,文化財一覧（国もしくは地方公共団体が指定、登録、選定等行った文化財の一覧）,226,https://service.api.metro.tokyo.lg.jp/api/t131164d0000000007-83def088cb55c24a0cae4251717412d7-0/json,13Tokyo/raw/municipal/13116/data.json,雑司が谷遺跡(豊島区立みみずく公園地区)出土遺物〔雑司が谷3-15-27〕,,,,南池袋2-45-1 豊島区教育委員会,豊島区千早4-8-19 旧第十中学校,豊島区,13116,豊島区登録有形文化財,考古資料,municipal,2004/04/30,139.68181,35.73808,movable,representative_point,municipal,豊島区登録有形文化財,考古資料,
municipal_source,豊島区,文化財一覧（国もしくは地方公共団体が指定、登録、選定等行った文化財の一覧）,227,https://service.api.metro.tokyo.lg.jp/api/t131164d0000000007-83def088cb55c24a0cae4251717412d7-0/json,13Tokyo/raw/municipal/13116/data.json,椎名町遺跡(南長崎パークハウス地区)出土遺物〔南長崎4-29-15〕,,,,南池袋2-45-1 豊島区教育委員会,豊島区千早4-8-19 旧第十中学校,豊島区,13116,豊島区登録有形文化財,考古資料,municipal,2004/09/22,139.68181,35.73808,movable,representative_point,municipal,豊島区登録有形文化財,考古資料,
municipal_source,豊島区,文化財一覧（国もしくは地方公共団体が指定、登録、選定等行った文化財の一覧）,228,https://service.api.metro.tokyo.lg.jp/api/t131164d0000000007-83def088cb55c24a0cae4251717412d7-0/json,13Tokyo/raw/municipal/13116/data.json,巣鴨遺跡(都営三田線巣鴨駅エレベーター地区)出土遺物〔巣鴨2-1-1〕,,,,南池袋2-45-1 豊島区教育委員会,豊島区千早4-8-19 旧第十中学校,豊島区,13116,豊島区登録有形文化財,考古資料,municipal,2004/09/22,139.68181,35.73808,movable,representative_point,municipal,豊島区登録有形文化財,考古資料,
municipal_source,豊島区,文化財一覧（国もしくは地方公共団体が指定、登録、選定等行った文化財の一覧）,229,https://service.api.metro.tokyo.lg.jp/api/t131164d0000000007-83def088cb55c24a0cae4251717412d7-0/json,13Tokyo/raw/municipal/13116/data.json,巣鴨遺跡(東京都立大塚ろう学校地区)出土遺物〔巣鴨4-20-8〕,,,,南池袋2-45-1 豊島区教育委員会,豊島区千早4-8-19 旧第十中学校,豊島区,13116,豊島区登録有形文化財,考古資料,municipal,2004/09/22,139.68181,35.73808,movable,representative_point,municipal,豊島区登録有形文化財,考古資料,
municipal_source,豊島区,文化財一覧（国もしくは地方公共団体が指定、登録、選定等行った文化財の一覧）,230,https://service.api.metro.tokyo.lg.jp/api/t131164d0000000007-83def088cb55c24a0cae4251717412d7-0/json,13Tokyo/raw/municipal/13116/data.json,駒込一丁目遺跡(グランドパレスタナカ地区)出土遺物〔駒込1-8-10〕,,,,南池袋2-45-1 豊島区教育委員会,豊島区西巣鴨4-9-1 旧朝日中学校西池袋2-30-15 文化財資料調査室,豊島区,13116,豊島区登録有形文化財,考古資料,municipal,2005/09/21,139.72948,35.74346,movable,representative_point,municipal,豊島区登録有形文化財,考古資料,
municipal_source,豊島区,文化財一覧（国もしくは地方公共団体が指定、登録、選定等行った文化財の一覧）,231,https://service.api.metro.tokyo.lg.jp/api/t131164d0000000007-83def088cb55c24a0cae4251717412d7-0/json,13Tokyo/raw/municipal/13116/data.json,駒込一丁目遺跡(トーコー駒込ビル地区)出土遺物〔駒込1-8-11〕,,,,南池袋2-45-1 豊島区教育委員会,豊島区西巣鴨4-9-1 旧朝日中学校西池袋2-30-15 文化財資料調査室,豊島区,13116,豊島区登録有形文化財,考古資料,municipal,2005/09/21,139.72948,35.74346,movable,representative_point,municipal,豊島区登録有形文化財,考古資料,
municipal_source,豊島区,文化財一覧（国もしくは地方公共団体が指定、登録、選定等行った文化財の一覧）,232,https://service.api.metro.tokyo.lg.jp/api/t131164d0000000007-83def088cb55c24a0cae4251717412d7-0/json,13Tokyo/raw/municipal/13116/data.json,駒込一丁目遺跡(輿石隆保家地区)出土遺物〔駒込1-8-3〕,,,,南池袋2-45-1 豊島区教育委員会,豊島区西巣鴨4-9-1 旧朝日中学校,豊島区,13116,豊島区登録有形文化財,考古資料,municipal,2005/09/21,139.72948,35.74346,movable,representative_point,municipal,豊島区登録有形文化財,考古資料,
municipal_source,豊島区,文化財一覧（国もしくは地方公共団体が指定、登録、選定等行った文化財の一覧）,233,https://service.api.metro.tokyo.lg.jp/api/t131164d0000000007-83def088cb55c24a0cae4251717412d7-0/json,13Tokyo/raw/municipal/13116/data.json,駒込一丁目遺跡(星野茂樹家地区)出土遺物〔駒込1-8-2〕,,,,南池袋2-45-1 豊島区教育委員会,豊島区西巣鴨4-9-1 旧朝日中学校,豊島区,13116,豊島区登録有形文化財,考古資料,municipal,2005/09/21,139.72948,35.74346,movable,representative_point,municipal,豊島区登録有形文化財,考古資料,
municipal_source,豊島区,文化財一覧（国もしくは地方公共団体が指定、登録、選定等行った文化財の一覧）,234,https://service.api.metro.tokyo.lg.jp/api/t131164d0000000007-83def088cb55c24a0cae4251717412d7-0/json,13Tokyo/raw/municipal/13116/data.json,巣鴨遺跡(都営三田線巣鴨駅エスカレーター設置地区)出土遺物〔巣鴨3-28〕,,,,南池袋2-45-1 豊島区教育委員会,豊島区千早4-8-19 旧第十中学校,豊島区,13116,豊島区登録有形文化財,考古資料,municipal,2006/02/27,139.68181,35.73808,movable,representative_point,municipal,豊島区登録有形文化財,考古資料,
municipal_source,豊島区,文化財一覧（国もしくは地方公共団体が指定、登録、選定等行った文化財の一覧）,235,https://service.api.metro.tokyo.lg.jp/api/t131164d0000000007-83def088cb55c24a0cae4251717412d7-0/json,13Tokyo/raw/municipal/13116/data.json,雑司が谷遺跡(雑司が谷二丁目配水管新設工事地区)出土遺物〔雑司が谷2-6-3〕,,,,南池袋2-45-1 豊島区教育委員会,豊島区千早4-8-19 旧第十中学校,豊島区,13116,豊島区登録有形文化財,考古資料,municipal,2006/02/27,139.68181,35.73808,movable,representative_point,municipal,豊島区登録有形文化財,考古資料,
municipal_source,豊島区,文化財一覧（国もしくは地方公共団体が指定、登録、選定等行った文化財の一覧）,236,https://service.api.metro.tokyo.lg.jp/api/t131164d0000000007-83def088cb55c24a0cae4251717412d7-0/json,13Tokyo/raw/municipal/13116/data.json,巣鴨遺跡(THE SKY TOWER地区)出土遺物〔巣鴨1-11-5〕,,,,南池袋2-45-1 豊島区教育委員会,豊島区千早4-8-19 旧第十中学校,豊島区,13116,豊島区登録有形文化財,考古資料,municipal,2006/09/19,139.68181,35.73808,movable,representative_point,municipal,豊島区登録有形文化財,考古資料,
municipal_source,豊島区,文化財一覧（国もしくは地方公共団体が指定、登録、選定等行った文化財の一覧）,237,https://service.api.metro.tokyo.lg.jp/api/t131164d0000000007-83def088cb55c24a0cae4251717412d7-0/json,13Tokyo/raw/municipal/13116/data.json,巣鴨遺跡(ヤマショービル地区)出土遺物〔巣鴨1-3-4〕,,,,南池袋2-45-1 豊島区教育委員会,豊島区千早4-8-19 旧第十中学校,豊島区,13116,豊島区登録有形文化財,考古資料,municipal,2006/09/19,139.68181,35.73808,movable,representative_point,municipal,豊島区登録有形文化財,考古資料,
municipal_source,豊島区,文化財一覧（国もしくは地方公共団体が指定、登録、選定等行った文化財の一覧）,238,https://service.api.metro.tokyo.lg.jp/api/t131164d0000000007-83def088cb55c24a0cae4251717412d7-0/json,13Tokyo/raw/municipal/13116/data.json,巣鴨遺跡(巣鴨1-3-21地区)出土遺物,,,,南池袋2-45-1 豊島区教育委員会,豊島区千早4-8-19 旧第十中学校,豊島区,13116,豊島区登録有形文化財,考古資料,municipal,2006/09/19,139.68181,35.73808,movable,representative_point,municipal,豊島区登録有形文化財,考古資料,
municipal_source,豊島区,文化財一覧（国もしくは地方公共団体が指定、登録、選定等行った文化財の一覧）,239,https://service.api.metro.tokyo.lg.jp/api/t131164d0000000007-83def088cb55c24a0cae4251717412d7-0/json,13Tokyo/raw/municipal/13116/data.json,巣鴨遺跡(アドニスアマノ地区)出土遺物〔巣鴨1-3-22〕,,,,南池袋2-45-1 豊島区教育委員会,豊島区千早4-8-19 旧第十中学校,豊島区,13116,豊島区登録有形文化財,考古資料,municipal,2006/09/19,139.68181,35.73808,movable,representative_point,municipal,豊島区登録有形文化財,考古資料,
municipal_source,豊島区,文化財一覧（国もしくは地方公共団体が指定、登録、選定等行った文化財の一覧）,240,https://service.api.metro.tokyo.lg.jp/api/t131164d0000000007-83def088cb55c24a0cae4251717412d7-0/json,13Tokyo/raw/municipal/13116/data.json,巣鴨遺跡(巣鴨1-3-19地区)出土遺物,,,,南池袋2-45-1 豊島区教育委員会,豊島区千早4-8-19 旧第十中学校,豊島区,13116,豊島区登録有形文化財,考古資料,municipal,2006/09/19,139.68181,35.73808,movable,representative_point,municipal,豊島区登録有形文化財,考古資料,
municipal_source,豊島区,文化財一覧（国もしくは地方公共団体が指定、登録、選定等行った文化財の一覧）,241,https://service.api.metro.tokyo.lg.jp/api/t131164d0000000007-83def088cb55c24a0cae4251717412d7-0/json,13Tokyo/raw/municipal/13116/data.json,巣鴨遺跡(巣鴨三丁目1111-15地区)出土遺物〔巣鴨3-22-2〕,,,,南池袋2-45-1 豊島区教育委員会,豊島区千早4-8-19 旧第十中学校,豊島区,13116,豊島区登録有形文化財,考古資料,municipal,2007/01/29,139.68181,35.73808,movable,representative_point,municipal,豊島区登録有形文化財,考古資料,
municipal_source,豊島区,文化財一覧（国もしくは地方公共団体が指定、登録、選定等行った文化財の一覧）,242,https://service.api.metro.tokyo.lg.jp/api/t131164d0000000007-83def088cb55c24a0cae4251717412d7-0/json,13Tokyo/raw/municipal/13116/data.json,高松遺跡(豊南高等学校地区)出土遺物〔高松3-7-7〕,,,,南池袋2-45-1 豊島区教育委員会,豊島区千早4-8-19 旧第十中学校,豊島区,13116,豊島区登録有形文化財,考古資料,municipal,2007/01/29,139.68181,35.73808,movable,representative_point,municipal,豊島区登録有形文化財,考古資料,
municipal_source,豊島区,文化財一覧（国もしくは地方公共団体が指定、登録、選定等行った文化財の一覧）,243,https://service.api.metro.tokyo.lg.jp/api/t131164d0000000007-83def088cb55c24a0cae4251717412d7-0/json,13Tokyo/raw/municipal/13116/data.json,染井遺跡(プラウド駒込地区)出土遺物〔駒込4-3-20〕,,,,南池袋2-45-1 豊島区教育委員会,豊島区千早4-8-19 旧第十中学校,豊島区,13116,豊島区登録有形文化財,考古資料,municipal,2007/08/03,139.68181,35.73808,movable,representative_point,municipal,豊島区登録有形文化財,考古資料,
municipal_source,豊島区,文化財一覧（国もしくは地方公共団体が指定、登録、選定等行った文化財の一覧）,244,https://service.api.metro.tokyo.lg.jp/api/t131164d0000000007-83def088cb55c24a0cae4251717412d7-0/json,13Tokyo/raw/municipal/13116/data.json,巣鴨遺跡(ハーモニーハイツ地区)出土遺物〔巣鴨4-26-4〕,,,,南池袋2-45-1 豊島区教育委員会,豊島区千早4-8-19 旧第十中学校,豊島区,13116,豊島区登録有形文化財,考古資料,municipal,2007/08/03,139.68181,35.73808,movable,representative_point,municipal,豊島区登録有形文化財,考古資料,
municipal_source,豊島区,文化財一覧（国もしくは地方公共団体が指定、登録、選定等行った文化財の一覧）,245,https://service.api.metro.tokyo.lg.jp/api/t131164d0000000007-83def088cb55c24a0cae4251717412d7-0/json,13Tokyo/raw/municipal/13116/data.json,巣鴨遺跡(ルミエール巣鴨地区)出土遺物〔巣鴨4-26-7〕,,,,南池袋2-45-1 豊島区教育委員会,豊島区千早4-8-19 旧第十中学校,豊島区,13116,豊島区登録有形文化財,考古資料,municipal,2007/08/03,139.68181,35.73808,movable,representative_point,municipal,豊島区登録有形文化財,考古資料,
municipal_source,豊島区,文化財一覧（国もしくは地方公共団体が指定、登録、選定等行った文化財の一覧）,246,https://service.api.metro.tokyo.lg.jp/api/t131164d0000000007-83def088cb55c24a0cae4251717412d7-0/json,13Tokyo/raw/municipal/13116/data.json,巣鴨遺跡(コスモ巣鴨地区)出土遺物〔巣鴨4-26-8〕,,,,南池袋2-45-1 豊島区教育委員会,豊島区千早4-8-19 旧第十中学校,豊島区,13116,豊島区登録有形文化財,考古資料,municipal,2007/08/03,139.68181,35.73808,movable,representative_point,municipal,豊島区登録有形文化財,考古資料,
municipal_source,豊島区,文化財一覧（国もしくは地方公共団体が指定、登録、選定等行った文化財の一覧）,247,https://service.api.metro.tokyo.lg.jp/api/t131164d0000000007-83def088cb55c24a0cae4251717412d7-0/json,13Tokyo/raw/municipal/13116/data.json,駒込一丁目遺跡(フォレストヒルズ駒込地区)出土遺物〔駒込1-9-1〕,,,,南池袋2-45-1 豊島区教育委員会,豊島区千早4-8-19 旧第十中学校,豊島区,13116,豊島区登録有形文化財,考古資料,municipal,2008/04/10,139.68181,35.73808,movable,representative_point,municipal,豊島区登録有形文化財,考古資料,
municipal_source,豊島区,文化財一覧（国もしくは地方公共団体が指定、登録、選定等行った文化財の一覧）,248,https://service.api.metro.tokyo.lg.jp/api/t131164d0000000007-83def088cb55c24a0cae4251717412d7-0/json,13Tokyo/raw/municipal/13116/data.json,駒込一丁目遺跡(コーシャハイム駒込地区)出土遺物〔駒込1-12-8・13-7〕,,,,南池袋2-45-1 豊島区教育委員会,豊島区千早4-8-19 旧第十中学校,豊島区,13116,豊島区登録有形文化財,考古資料,municipal,2008/04/10,139.68181,35.73808,movable,representative_point,municipal,豊島区登録有形文化財,考古資料,
municipal_source,豊島区,文化財一覧（国もしくは地方公共団体が指定、登録、選定等行った文化財の一覧）,249,https://service.api.metro.tokyo.lg.jp/api/t131164d0000000007-83def088cb55c24a0cae4251717412d7-0/json,13Tokyo/raw/municipal/13116/data.json,長崎一丁目周辺遺跡(山手通り地区―(関)SJ53工区―)〔西池袋4-39〕,,,,南池袋2-45-1 豊島区教育委員会,豊島区千早4-8-19 旧第十中学校,豊島区,13116,豊島区登録有形文化財,考古資料,municipal,2008/04/16,139.68181,35.73808,movable,representative_point,municipal,豊島区登録有形文化財,考古資料,
municipal_source,豊島区,文化財一覧（国もしくは地方公共団体が指定、登録、選定等行った文化財の一覧）,250,https://service.api.metro.tokyo.lg.jp/api/t131164d0000000007-83def088cb55c24a0cae4251717412d7-0/json,13Tokyo/raw/municipal/13116/data.json,染井遺跡(野村第二マンション地区)出土遺物〔駒込4-8-16〕,,,,南池袋2-45-1 豊島区教育委員会,豊島区千早4-8-19 旧第十中学校,豊島区,13116,豊島区登録有形文化財,考古資料,municipal,2008/04/16,139.68181,35.73808,movable,representative_point,municipal,豊島区登録有形文化財,考古資料,
municipal_source,豊島区,文化財一覧（国もしくは地方公共団体が指定、登録、選定等行った文化財の一覧）,251,https://service.api.metro.tokyo.lg.jp/api/t131164d0000000007-83def088cb55c24a0cae4251717412d7-0/json,13Tokyo/raw/municipal/13116/data.json,巣鴨遺跡(グレースビル地区)出土遺物〔巣鴨4-34-14〕,,,,南池袋2-45-1 豊島区教育委員会,豊島区千早4-8-19 旧第十中学校,豊島区,13116,豊島区登録有形文化財,考古資料,municipal,2009/03/23,139.68181,35.73808,movable,representative_point,municipal,豊島区登録有形文化財,考古資料,
municipal_source,豊島区,文化財一覧（国もしくは地方公共団体が指定、登録、選定等行った文化財の一覧）,252,https://service.api.metro.tokyo.lg.jp/api/t131164d0000000007-83def088cb55c24a0cae4251717412d7-0/json,13Tokyo/raw/municipal/13116/data.json,北大塚遺跡(ESTAGE大塚地区)出土遺物〔北大塚1-23-17〕,,,,南池袋2-45-1 豊島区教育委員会,豊島区千早4-8-19 旧第十中学校,豊島区,13116,豊島区登録有形文化財,考古資料,municipal,2010/01/13,139.68181,35.73808,movable,representative_point,municipal,豊島区登録有形文化財,考古資料,
municipal_source,豊島区,文化財一覧（国もしくは地方公共団体が指定、登録、選定等行った文化財の一覧）,253,https://service.api.metro.tokyo.lg.jp/api/t131164d0000000007-83def088cb55c24a0cae4251717412d7-0/json,13Tokyo/raw/municipal/13116/data.json,長崎一丁目周辺遺跡(福嶋家地区)出土遺物〔長崎1-14-5〕,,,,南池袋2-45-1 豊島区教育委員会,豊島区千早4-8-19 旧第十中学校,豊島区,13116,豊島区登録有形文化財,考古資料,municipal,2010/11/29,139.68181,35.73808,movable,representative_point,municipal,豊島区登録有形文化財,考古資料,
municipal_source,豊島区,文化財一覧（国もしくは地方公共団体が指定、登録、選定等行った文化財の一覧）,254,https://service.api.metro.tokyo.lg.jp/api/t131164d0000000007-83def088cb55c24a0cae4251717412d7-0/json,13Tokyo/raw/municipal/13116/data.json,巣鴨遺跡(プレール大塚北地区)出土遺物〔巣鴨4-19-9〕,,,,南池袋2-45-1 豊島区教育委員会,豊島区千早4-8-19 旧第十中学校,豊島区,13116,豊島区登録有形文化財,考古資料,municipal,2010/11/29,139.68181,35.73808,movable,representative_point,municipal,豊島区登録有形文化財,考古資料,
municipal_source,豊島区,文化財一覧（国もしくは地方公共団体が指定、登録、選定等行った文化財の一覧）,255,https://service.api.metro.tokyo.lg.jp/api/t131164d0000000007-83def088cb55c24a0cae4251717412d7-0/json,13Tokyo/raw/municipal/13116/data.json,巣鴨遺跡(巣鴨4-17-8地区)出土遺物,,,,南池袋2-45-1 豊島区教育委員会,豊島区千早4-8-19 旧第十中学校,豊島区,13116,豊島区登録有形文化財,考古資料,municipal,2010/11/29,139.68181,35.73808,movable,representative_point,municipal,豊島区登録有形文化財,考古資料,
municipal_source,豊島区,文化財一覧（国もしくは地方公共団体が指定、登録、選定等行った文化財の一覧）,256,https://service.api.metro.tokyo.lg.jp/api/t131164d0000000007-83def088cb55c24a0cae4251717412d7-0/json,13Tokyo/raw/municipal/13116/data.json,巣鴨遺跡(シティコート巣鴨地区)出土遺物〔巣鴨4-16-12〕,,,,南池袋2-45-1 豊島区教育委員会,豊島区千早4-8-19 旧第十中学校,豊島区,13116,豊島区登録有形文化財,考古資料,municipal,2010/11/29,139.68181,35.73808,movable,representative_point,municipal,豊島区登録有形文化財,考古資料,
municipal_source,豊島区,文化財一覧（国もしくは地方公共団体が指定、登録、選定等行った文化財の一覧）,257,https://service.api.metro.tokyo.lg.jp/api/t131164d0000000007-83def088cb55c24a0cae4251717412d7-0/json,13Tokyo/raw/municipal/13116/data.json,染井遺跡(東京メトロ南北線駒込駅エレベーター設置地区)出土遺物〔駒込2-1地先〕,,,,南池袋2-45-1 豊島区教育委員会,豊島区千早4-8-19 旧第十中学校,豊島区,13116,豊島区登録有形文化財,考古資料,municipal,2011/03/28,139.68181,35.73808,movable,representative_point,municipal,豊島区登録有形文化財,考古資料,
municipal_source,豊島区,文化財一覧（国もしくは地方公共団体が指定、登録、選定等行った文化財の一覧）,258,https://service.api.metro.tokyo.lg.jp/api/t131164d0000000007-83def088cb55c24a0cae4251717412d7-0/json,13Tokyo/raw/municipal/13116/data.json,染井遺跡(ホテルメッツ駒込地区)出土遺物〔駒込2-1-39〕,,,,南池袋2-45-1 豊島区教育委員会,豊島区千早4-8-19 旧第十中学校,豊島区,13116,豊島区登録有形文化財,考古資料,municipal,2011/03/28,139.68181,35.73808,movable,representative_point,municipal,豊島区登録有形文化財,考古資料,
municipal_source,豊島区,文化財一覧（国もしくは地方公共団体が指定、登録、選定等行った文化財の一覧）,259,https://service.api.metro.tokyo.lg.jp/api/t131164d0000000007-83def088cb55c24a0cae4251717412d7-0/json,13Tokyo/raw/municipal/13116/data.json,染井遺跡(泰宗寺・藤和駒込染井ホームズ地区)出土遺物〔駒込7-1-1〕,,,,南池袋2-45-1 豊島区教育委員会,豊島区千早4-8-19 旧第十中学校,豊島区,13116,豊島区登録有形文化財,考古資料,municipal,2011/10/19,139.68181,35.73808,movable,representative_point,municipal,豊島区登録有形文化財,考古資料,
municipal_source,豊島区,文化財一覧（国もしくは地方公共団体が指定、登録、選定等行った文化財の一覧）,260,https://service.api.metro.tokyo.lg.jp/api/t131164d0000000007-83def088cb55c24a0cae4251717412d7-0/json,13Tokyo/raw/municipal/13116/data.json,巣鴨遺跡(ジェイフラッツ巣鴨地区)出土遺物〔巣鴨4-14-15〕,,,,南池袋2-45-1 豊島区教育委員会,豊島区千早4-8-19 旧第十中学校,豊島区,13116,豊島区登録有形文化財,考古資料,municipal,2011/10/19,139.68181,35.73808,movable,representative_point,municipal,豊島区登録有形文化財,考古資料,
municipal_source,豊島区,文化財一覧（国もしくは地方公共団体が指定、登録、選定等行った文化財の一覧）,261,https://service.api.metro.tokyo.lg.jp/api/t131164d0000000007-83def088cb55c24a0cae4251717412d7-0/json,13Tokyo/raw/municipal/13116/data.json,巣鴨遺跡(庚申塚マンション地区)出土遺物〔巣鴨4-34-5〕,,,,南池袋2-45-1 豊島区教育委員会,豊島区千早4-8-19 旧第十中学校,豊島区,13116,豊島区登録有形文化財,考古資料,municipal,2012/03/30,139.68181,35.73808,movable,representative_point,municipal,豊島区登録有形文化財,考古資料,
municipal_source,豊島区,文化財一覧（国もしくは地方公共団体が指定、登録、選定等行った文化財の一覧）,262,https://service.api.metro.tokyo.lg.jp/api/t131164d0000000007-83def088cb55c24a0cae4251717412d7-0/json,13Tokyo/raw/municipal/13116/data.json,染井遺跡(パークハウス駒込桜郷地区)出土遺物〔駒込4-15-62・73〕,,,,南池袋2-45-1 豊島区教育委員会,豊島区千早4-8-19 旧第十中学校,豊島区,13116,豊島区登録有形文化財,考古資料,municipal,2012/03/30,139.68181,35.73808,movable,representative_point,municipal,豊島区登録有形文化財,考古資料,
municipal_source,豊島区,文化財一覧（国もしくは地方公共団体が指定、登録、選定等行った文化財の一覧）,263,https://service.api.metro.tokyo.lg.jp/api/t131164d0000000007-83def088cb55c24a0cae4251717412d7-0/json,13Tokyo/raw/municipal/13116/data.json,南池袋遺跡(日出小学校地区)出土遺物〔南池袋4-45-1〕,,,,南池袋2-45-1 豊島区教育委員会,豊島区千早4-8-19 旧第十中学校,豊島区,13116,豊島区登録有形文化財,考古資料,municipal,2012/11/07,139.68181,35.73808,movable,representative_point,municipal,豊島区登録有形文化財,考古資料,
municipal_source,豊島区,文化財一覧（国もしくは地方公共団体が指定、登録、選定等行った文化財の一覧）,264,https://service.api.metro.tokyo.lg.jp/api/t131164d0000000007-83def088cb55c24a0cae4251717412d7-0/json,13Tokyo/raw/municipal/13116/data.json,南池袋遺跡(南池袋2丁目地区)出土遺物〔南池袋2-15-1〕,,,,南池袋2-45-1 豊島区教育委員会,豊島区千早4-8-19 旧第十中学校,豊島区,13116,豊島区登録有形文化財,考古資料,municipal,2012/11/07,139.68181,35.73808,movable,representative_point,municipal,豊島区登録有形文化財,考古資料,
municipal_source,豊島区,文化財一覧（国もしくは地方公共団体が指定、登録、選定等行った文化財の一覧）,265,https://service.api.metro.tokyo.lg.jp/api/t131164d0000000007-83def088cb55c24a0cae4251717412d7-0/json,13Tokyo/raw/municipal/13116/data.json,染井遺跡(三菱重工巣鴨社宅地区)出土遺物〔駒込5-2-1〕,,,,南池袋2-45-1 豊島区教育委員会,豊島区千早4-8-19 旧第十中学校,豊島区,13116,豊島区登録有形文化財,考古資料,municipal,2012/11/07,139.68181,35.73808,movable,representative_point,municipal,豊島区登録有形文化財,考古資料,
municipal_source,豊島区,文化財一覧（国もしくは地方公共団体が指定、登録、選定等行った文化財の一覧）,266,https://service.api.metro.tokyo.lg.jp/api/t131164d0000000007-83def088cb55c24a0cae4251717412d7-0/json,13Tokyo/raw/municipal/13116/data.json,南池袋遺跡(南池袋三丁目地区)出土遺物〔南池袋3-25〕,,,,南池袋2-45-1 豊島区教育委員会,豊島区千早4-8-19 旧第十中学校,豊島区,13116,豊島区登録有形文化財,考古資料,municipal,2013/04/12,139.68181,35.73808,movable,representative_point,municipal,豊島区登録有形文化財,考古資料,
municipal_source,豊島区,文化財一覧（国もしくは地方公共団体が指定、登録、選定等行った文化財の一覧）,267,https://service.api.metro.tokyo.lg.jp/api/t131164d0000000007-83def088cb55c24a0cae4251717412d7-0/json,13Tokyo/raw/municipal/13116/data.json,巣鴨遺跡(イリュウ巣鴨ビル地区)出土遺物〔巣鴨2-5-5〕,,,,南池袋2-45-1 豊島区教育委員会,豊島区千早4-8-19 旧第十中学校,豊島区,13116,豊島区登録有形文化財,考古資料,municipal,2013/04/12,139.68181,35.73808,movable,representative_point,municipal,豊島区登録有形文化財,考古資料,
municipal_source,豊島区,文化財一覧（国もしくは地方公共団体が指定、登録、選定等行った文化財の一覧）,268,https://service.api.metro.tokyo.lg.jp/api/t131164d0000000007-83def088cb55c24a0cae4251717412d7-0/json,13Tokyo/raw/municipal/13116/data.json,染井遺跡(三菱養和会思斉館地区)出土遺物〔巣鴨2-7〕,,,,南池袋2-45-1 豊島区教育委員会,豊島区千早4-8-19 旧第十中学校,豊島区,13116,豊島区登録有形文化財,考古資料,municipal,2013/04/12,139.68181,35.73808,movable,representative_point,municipal,豊島区登録有形文化財,考古資料,
municipal_source,豊島区,文化財一覧（国もしくは地方公共団体が指定、登録、選定等行った文化財の一覧）,269,https://service.api.metro.tokyo.lg.jp/api/t131164d0000000007-83def088cb55c24a0cae4251717412d7-0/json,13Tokyo/raw/municipal/13116/data.json,染井遺跡(中央聖書教会・学校地区)出土遺物〔駒込3-5-20〕,,,,南池袋2-45-1 豊島区教育委員会,豊島区千早4-8-19 旧第十中学校,豊島区,13116,豊島区登録有形文化財,考古資料,municipal,2013/10/11,139.68181,35.73808,movable,representative_point,municipal,豊島区登録有形文化財,考古資料,
municipal_source,豊島区,文化財一覧（国もしくは地方公共団体が指定、登録、選定等行った文化財の一覧）,270,https://service.api.metro.tokyo.lg.jp/api/t131164d0000000007-83def088cb55c24a0cae4251717412d7-0/json,13Tokyo/raw/municipal/13116/data.json,学習院大学周辺遺跡(学習院大学自然科学研究棟地区)出土遺物〔目白1-2〕,,,,南池袋2-45-1 豊島区教育委員会,豊島区千早4-8-19 旧第十中学校,豊島区,13116,豊島区登録有形文化財,考古資料,municipal,2013/10/11,139.68181,35.73808,movable,representative_point,municipal,豊島区登録有形文化財,考古資料,
municipal_source,豊島区,文化財一覧（国もしくは地方公共団体が指定、登録、選定等行った文化財の一覧）,271,https://service.api.metro.tokyo.lg.jp/api/t131164d0000000007-83def088cb55c24a0cae4251717412d7-0/json,13Tokyo/raw/municipal/13116/data.json,染井遺跡(ユウティビル分譲住宅地区)出土遺物〔駒込6-5-12〕,,,,南池袋2-45-1 豊島区教育委員会,豊島区千早4-8-19 旧第十中学校,豊島区,13116,豊島区登録有形文化財,考古資料,municipal,2014/10/09,139.68181,35.73808,movable,representative_point,municipal,豊島区登録有形文化財,考古資料,
municipal_source,豊島区,文化財一覧（国もしくは地方公共団体が指定、登録、選定等行った文化財の一覧）,272,https://service.api.metro.tokyo.lg.jp/api/t131164d0000000007-83def088cb55c24a0cae4251717412d7-0/json,13Tokyo/raw/municipal/13116/data.json,駒込一丁目遺跡(パークハウス駒込六義園地区)出土遺物〔駒込1-40-2〕,,,,南池袋2-45-1 豊島区教育委員会,豊島区千早4-8-19 旧第十中学校,豊島区,13116,豊島区登録有形文化財,考古資料,municipal,2014/10/09,139.68181,35.73808,movable,representative_point,municipal,豊島区登録有形文化財,考古資料,
municipal_source,豊島区,文化財一覧（国もしくは地方公共団体が指定、登録、選定等行った文化財の一覧）,273,https://service.api.metro.tokyo.lg.jp/api/t131164d0000000007-83def088cb55c24a0cae4251717412d7-0/json,13Tokyo/raw/municipal/13116/data.json,巣鴨遺跡(竹前商事店舗ビル地区)出土遺物〔巣鴨3-33-23〕,,,,南池袋2-45-1 豊島区教育委員会,豊島区千早4-8-19 旧第十中学校,豊島区,13116,豊島区登録有形文化財,考古資料,municipal,2015/03/31,139.68181,35.73808,movable,representative_point,municipal,豊島区登録有形文化財,考古資料,
municipal_source,豊島区,文化財一覧（国もしくは地方公共団体が指定、登録、選定等行った文化財の一覧）,274,https://service.api.metro.tokyo.lg.jp/api/t131164d0000000007-83def088cb55c24a0cae4251717412d7-0/json,13Tokyo/raw/municipal/13116/data.json,染井遺跡(放射9号線〔白山通り〕拡幅事業地区)出土遺物〔巣鴨3-32〕,,,,南池袋2-45-1 豊島区教育委員会,豊島区千早4-8-19 旧第十中学校,豊島区,13116,豊島区登録有形文化財,考古資料,municipal,2015/12/17,139.68181,35.73808,movable,representative_point,municipal,豊島区登録有形文化財,考古資料,
municipal_source,豊島区,文化財一覧（国もしくは地方公共団体が指定、登録、選定等行った文化財の一覧）,275,https://service.api.metro.tokyo.lg.jp/api/t131164d0000000007-83def088cb55c24a0cae4251717412d7-0/json,13Tokyo/raw/municipal/13116/data.json,巣鴨遺跡(巣鴨自動車営業所地区)出土遺物〔巣鴨2-9〕,,,,南池袋2-45-1 豊島区教育委員会,豊島区千早4-8-19 旧第十中学校,豊島区,13116,豊島区登録有形文化財,考古資料,municipal,2016/03/18,139.68181,35.73808,movable,representative_point,municipal,豊島区登録有形文化財,考古資料,
municipal_source,豊島区,文化財一覧（国もしくは地方公共団体が指定、登録、選定等行った文化財の一覧）,276,https://service.api.metro.tokyo.lg.jp/api/t131164d0000000007-83def088cb55c24a0cae4251717412d7-0/json,13Tokyo/raw/municipal/13116/data.json,染井遺跡(ディアクオーレ駒込染井地区)出土遺物〔駒込4-10-17〕,,,,南池袋2-45-1 豊島区教育委員会,豊島区千早4-8-19 旧第十中学校,豊島区,13116,豊島区登録有形文化財,考古資料,municipal,2016/03/18,139.68181,35.73808,movable,representative_point,municipal,豊島区登録有形文化財,考古資料,
municipal_source,豊島区,文化財一覧（国もしくは地方公共団体が指定、登録、選定等行った文化財の一覧）,277,https://service.api.metro.tokyo.lg.jp/api/t131164d0000000007-83def088cb55c24a0cae4251717412d7-0/json,13Tokyo/raw/municipal/13116/data.json,雑司が谷遺跡(M・K・Cビル地区)出土遺物〔雑司が谷3-3-4〕,,,,南池袋2-45-1 豊島区教育委員会,豊島区千早4-8-19 旧第十中学校,豊島区,13116,豊島区登録有形文化財,考古資料,municipal,2016/10/20,139.68181,35.73808,movable,representative_point,municipal,豊島区登録有形文化財,考古資料,
municipal_source,豊島区,文化財一覧（国もしくは地方公共団体が指定、登録、選定等行った文化財の一覧）,278,https://service.api.metro.tokyo.lg.jp/api/t131164d0000000007-83def088cb55c24a0cae4251717412d7-0/json,13Tokyo/raw/municipal/13116/data.json,染井遺跡(ルソール駒込地区)出土遺物〔駒込1-43-15〕,,,,南池袋2-45-1 豊島区教育委員会,豊島区千早4-8-19 旧第十中学校,豊島区,13116,豊島区登録有形文化財,考古資料,municipal,2017/03/29,139.68181,35.73808,movable,representative_point,municipal,豊島区登録有形文化財,考古資料,
municipal_source,豊島区,文化財一覧（国もしくは地方公共団体が指定、登録、選定等行った文化財の一覧）,279,https://service.api.metro.tokyo.lg.jp/api/t131164d0000000007-83def088cb55c24a0cae4251717412d7-0/json,13Tokyo/raw/municipal/13116/data.json,染井遺跡(駒込2-5-4地区)出土遺物,,,,南池袋2-45-1 豊島区教育委員会,豊島区千早4-8-19 旧第十中学校,豊島区,13116,豊島区登録有形文化財,考古資料,municipal,2017/03/29,139.68181,35.73808,movable,representative_point,municipal,豊島区登録有形文化財,考古資料,
municipal_source,豊島区,文化財一覧（国もしくは地方公共団体が指定、登録、選定等行った文化財の一覧）,280,https://service.api.metro.tokyo.lg.jp/api/t131164d0000000007-83def088cb55c24a0cae4251717412d7-0/json,13Tokyo/raw/municipal/13116/data.json,染井・巣鴨遺跡(ブランズ巣鴨地区)出土遺物〔巣鴨4-22-25〕,,,,南池袋2-45-1 豊島区教育委員会,豊島区千早4-8-19 旧第十中学校,豊島区,13116,豊島区登録有形文化財,考古資料,municipal,2017/12/06,139.68181,35.73808,movable,representative_point,municipal,豊島区登録有形文化財,考古資料,
municipal_source,豊島区,文化財一覧（国もしくは地方公共団体が指定、登録、選定等行った文化財の一覧）,281,https://service.api.metro.tokyo.lg.jp/api/t131164d0000000007-83def088cb55c24a0cae4251717412d7-0/json,13Tokyo/raw/municipal/13116/data.json,巣鴨遺跡(清和小学校校庭地区)出土遺物〔巣鴨3-14-1〕,,,,南池袋2-45-1 豊島区教育委員会,豊島区千早4-8-19 旧第十中学校,豊島区,13116,豊島区登録有形文化財,考古資料,municipal,2018/04/20,139.68181,35.73808,movable,representative_point,municipal,豊島区登録有形文化財,考古資料,
municipal_source,豊島区,文化財一覧（国もしくは地方公共団体が指定、登録、選定等行った文化財の一覧）,282,https://service.api.metro.tokyo.lg.jp/api/t131164d0000000007-83def088cb55c24a0cae4251717412d7-0/json,13Tokyo/raw/municipal/13116/data.json,駒込一丁目遺跡(セリュークス駒込地区)出土遺物〔駒込1-2-9〕,,,,南池袋2-45-1 豊島区教育委員会,豊島区千早4-8-19 旧第十中学校,豊島区,13116,豊島区登録有形文化財,考古資料,municipal,2018/12/04,139.68181,35.73808,movable,representative_point,municipal,豊島区登録有形文化財,考古資料,
municipal_source,豊島区,文化財一覧（国もしくは地方公共団体が指定、登録、選定等行った文化財の一覧）,283,https://service.api.metro.tokyo.lg.jp/api/t131164d0000000007-83def088cb55c24a0cae4251717412d7-0/json,13Tokyo/raw/municipal/13116/data.json,染井遺跡(天理教東京教務支庁研修棟地区・天理教東京支庁別館地区)出土遺物〔駒込7-1-4〕,,,,南池袋2-45-1 豊島区教育委員会,豊島区千早4-8-19 旧第十中学校,豊島区,13116,豊島区登録有形文化財,考古資料,municipal,2019/10/22,139.68181,35.73808,movable,representative_point,municipal,豊島区登録有形文化財,考古資料,
municipal_source,豊島区,文化財一覧（国もしくは地方公共団体が指定、登録、選定等行った文化財の一覧）,284,https://service.api.metro.tokyo.lg.jp/api/t131164d0000000007-83def088cb55c24a0cae4251717412d7-0/json,13Tokyo/raw/municipal/13116/data.json,胎蔵界大日・観音・地蔵板碑(永享十二年在銘),,,,長崎1-9-2 宗教法人 金剛院,豊島区長崎1-9-2 金剛院,豊島区,13116,豊島区登録有形文化財,歴史資料,municipal,1987/11/24,139.69556,35.72727,point,representative_point,municipal,豊島区登録有形文化財,歴史資料,
municipal_source,豊島区,文化財一覧（国もしくは地方公共団体が指定、登録、選定等行った文化財の一覧）,285,https://service.api.metro.tokyo.lg.jp/api/t131164d0000000007-83def088cb55c24a0cae4251717412d7-0/json,13Tokyo/raw/municipal/13116/data.json,彌陀一尊画像・夜念仏供養結衆板碑,,,,長崎1-9-2 宗教法人 金剛院,豊島区長崎1-9-2 金剛院,豊島区,13116,豊島区登録有形文化財,歴史資料,municipal,1987/11/24,139.69556,35.72727,point,representative_point,municipal,豊島区登録有形文化財,歴史資料,
municipal_source,豊島区,文化財一覧（国もしくは地方公共団体が指定、登録、選定等行った文化財の一覧）,286,https://service.api.metro.tokyo.lg.jp/api/t131164d0000000007-83def088cb55c24a0cae4251717412d7-0/json,13Tokyo/raw/municipal/13116/data.json,題目板碑(永和在銘),,,,個人,豊島区長崎1-8-9,豊島区,13116,豊島区登録有形文化財,歴史資料,municipal,1987/11/24,139.69469,35.72786,point,representative_point,municipal,豊島区登録有形文化財,歴史資料,
municipal_source,豊島区,文化財一覧（国もしくは地方公共団体が指定、登録、選定等行った文化財の一覧）,287,https://service.api.metro.tokyo.lg.jp/api/t131164d0000000007-83def088cb55c24a0cae4251717412d7-0/json,13Tokyo/raw/municipal/13116/data.json,彌陀一尊板碑(文□在銘),,,,個人,豊島区長崎1-8-9,豊島区,13116,豊島区登録有形文化財,歴史資料,municipal,1987/11/24,139.69469,35.72786,point,representative_point,municipal,豊島区登録有形文化財,歴史資料,
municipal_source,豊島区,文化財一覧（国もしくは地方公共団体が指定、登録、選定等行った文化財の一覧）,288,https://service.api.metro.tokyo.lg.jp/api/t131164d0000000007-83def088cb55c24a0cae4251717412d7-0/json,13Tokyo/raw/municipal/13116/data.json,彌陀一尊板碑(文明七年在銘),,,,南池袋2-45-1 豊島区,豊島区西池袋2-37-4 郷土資料館,豊島区,13116,豊島区登録有形文化財,歴史資料,municipal,1987/11/24,139.70682,35.72791,point,representative_point,municipal,豊島区登録有形文化財,歴史資料,
municipal_source,豊島区,文化財一覧（国もしくは地方公共団体が指定、登録、選定等行った文化財の一覧）,289,https://service.api.metro.tokyo.lg.jp/api/t131164d0000000007-83def088cb55c24a0cae4251717412d7-0/json,13Tokyo/raw/municipal/13116/data.json,彌陀三尊板碑(延文四年在銘),,,,個人,豊島区千早1-12-21,豊島区,13116,豊島区登録有形文化財,歴史資料,municipal,1987/11/24,139.69582,35.73118,point,representative_point,municipal,豊島区登録有形文化財,歴史資料,
municipal_source,豊島区,文化財一覧（国もしくは地方公共団体が指定、登録、選定等行った文化財の一覧）,290,https://service.api.metro.tokyo.lg.jp/api/t131164d0000000007-83def088cb55c24a0cae4251717412d7-0/json,13Tokyo/raw/municipal/13116/data.json,彌陀一尊板碑(応永二年在銘),,,,個人,豊島区千早1-12-21,豊島区,13116,豊島区登録有形文化財,歴史資料,municipal,1987/11/24,139.69582,35.73118,point,representative_point,municipal,豊島区登録有形文化財,歴史資料,
municipal_source,豊島区,文化財一覧（国もしくは地方公共団体が指定、登録、選定等行った文化財の一覧）,291,https://service.api.metro.tokyo.lg.jp/api/t131164d0000000007-83def088cb55c24a0cae4251717412d7-0/json,13Tokyo/raw/municipal/13116/data.json,彌陀一尊板碑(応永十年在銘),,,,個人,豊島区千早1-12-21,豊島区,13116,豊島区登録有形文化財,歴史資料,municipal,1987/11/24,139.69582,35.73118,point,representative_point,municipal,豊島区登録有形文化財,歴史資料,
municipal_source,豊島区,文化財一覧（国もしくは地方公共団体が指定、登録、選定等行った文化財の一覧）,292,https://service.api.metro.tokyo.lg.jp/api/t131164d0000000007-83def088cb55c24a0cae4251717412d7-0/json,13Tokyo/raw/municipal/13116/data.json,彌陀三尊板碑(応永二十二年在銘),,,,個人,豊島区千早1-12-21,豊島区,13116,豊島区登録有形文化財,歴史資料,municipal,1987/11/24,139.69582,35.73118,point,representative_point,municipal,豊島区登録有形文化財,歴史資料,
municipal_source,豊島区,文化財一覧（国もしくは地方公共団体が指定、登録、選定等行った文化財の一覧）,293,https://service.api.metro.tokyo.lg.jp/api/t131164d0000000007-83def088cb55c24a0cae4251717412d7-0/json,13Tokyo/raw/municipal/13116/data.json,彌陀一尊板碑(応永二十四年在銘),,,,個人,豊島区千早1-12-21,豊島区,13116,豊島区登録有形文化財,歴史資料,municipal,1987/11/24,139.69582,35.73118,point,representative_point,municipal,豊島区登録有形文化財,歴史資料,
municipal_source,豊島区,文化財一覧（国もしくは地方公共団体が指定、登録、選定等行った文化財の一覧）,294,https://service.api.metro.tokyo.lg.jp/api/t131164d0000000007-83def088cb55c24a0cae4251717412d7-0/json,13Tokyo/raw/municipal/13116/data.json,彌陀一尊板碑(文明十七年在銘),,,,個人,豊島区千早1-12-21,豊島区,13116,豊島区登録有形文化財,歴史資料,municipal,1987/11/24,139.69582,35.73118,point,representative_point,municipal,豊島区登録有形文化財,歴史資料,
municipal_source,豊島区,文化財一覧（国もしくは地方公共団体が指定、登録、選定等行った文化財の一覧）,295,https://service.api.metro.tokyo.lg.jp/api/t131164d0000000007-83def088cb55c24a0cae4251717412d7-0/json,13Tokyo/raw/municipal/13116/data.json,彌陀三尊板碑,,,,個人,豊島区千早1-12-21,豊島区,13116,豊島区登録有形文化財,歴史資料,municipal,1987/11/24,139.69582,35.73118,point,representative_point,municipal,豊島区登録有形文化財,歴史資料,
municipal_source,豊島区,文化財一覧（国もしくは地方公共団体が指定、登録、選定等行った文化財の一覧）,296,https://service.api.metro.tokyo.lg.jp/api/t131164d0000000007-83def088cb55c24a0cae4251717412d7-0/json,13Tokyo/raw/municipal/13116/data.json,彌陀一尊板碑,,,,個人,豊島区千早1-12-21,豊島区,13116,豊島区登録有形文化財,歴史資料,municipal,1987/11/24,139.69582,35.73118,point,representative_point,municipal,豊島区登録有形文化財,歴史資料,
municipal_source,豊島区,文化財一覧（国もしくは地方公共団体が指定、登録、選定等行った文化財の一覧）,297,https://service.api.metro.tokyo.lg.jp/api/t131164d0000000007-83def088cb55c24a0cae4251717412d7-0/json,13Tokyo/raw/municipal/13116/data.json,彌陀板碑,,,,個人,豊島区千早1-12-21,豊島区,13116,豊島区登録有形文化財,歴史資料,municipal,1987/11/24,139.69582,35.73118,point,representative_point,municipal,豊島区登録有形文化財,歴史資料,
municipal_source,豊島区,文化財一覧（国もしくは地方公共団体が指定、登録、選定等行った文化財の一覧）,298,https://service.api.metro.tokyo.lg.jp/api/t131164d0000000007-83def088cb55c24a0cae4251717412d7-0/json,13Tokyo/raw/municipal/13116/data.json,彌陀板碑,,,,個人,豊島区千早1-12-21,豊島区,13116,豊島区登録有形文化財,歴史資料,municipal,1987/11/24,139.69582,35.73118,point,representative_point,municipal,豊島区登録有形文化財,歴史資料,
municipal_source,豊島区,文化財一覧（国もしくは地方公共団体が指定、登録、選定等行った文化財の一覧）,299,https://service.api.metro.tokyo.lg.jp/api/t131164d0000000007-83def088cb55c24a0cae4251717412d7-0/json,13Tokyo/raw/municipal/13116/data.json,三尊板碑,,,,個人,豊島区千早1-12-21,豊島区,13116,豊島区登録有形文化財,歴史資料,municipal,1987/11/24,139.69582,35.73118,point,representative_point,municipal,豊島区登録有形文化財,歴史資料,
municipal_source,豊島区,文化財一覧（国もしくは地方公共団体が指定、登録、選定等行った文化財の一覧）,300,https://service.api.metro.tokyo.lg.jp/api/t131164d0000000007-83def088cb55c24a0cae4251717412d7-0/json,13Tokyo/raw/municipal/13116/data.json,彌陀三尊板碑画像・庚申待供養結衆板碑(大永八年在銘),,,,巣鴨3-35-2 宗教法人 高岩寺,豊島区巣鴨3-35-2 高岩寺,豊島区,13116,豊島区登録有形文化財,歴史資料,municipal,1987/11/24,139.73553,35.73577,point,representative_point,municipal,豊島区登録有形文化財,歴史資料,
municipal_source,豊島区,文化財一覧（国もしくは地方公共団体が指定、登録、選定等行った文化財の一覧）,301,https://service.api.metro.tokyo.lg.jp/api/t131164d0000000007-83def088cb55c24a0cae4251717412d7-0/json,13Tokyo/raw/municipal/13116/data.json,阿?・文殊・普賢板碑(乾元二年在銘),,,,駒込7-2-4 宗教法人 専修院,豊島区駒込7-2-4 専修院,豊島区,13116,豊島区登録有形文化財,歴史資料,municipal,1987/11/24,139.73836,35.7399,point,representative_point,municipal,豊島区登録有形文化財,歴史資料,
municipal_source,豊島区,文化財一覧（国もしくは地方公共団体が指定、登録、選定等行った文化財の一覧）,302,https://service.api.metro.tokyo.lg.jp/api/t131164d0000000007-83def088cb55c24a0cae4251717412d7-0/json,13Tokyo/raw/municipal/13116/data.json,釈迦三尊・庚申待供養結衆板碑(天文二十四年在銘),,,,池袋本町2-3-3 宗教法人 重林寺,豊島区池袋本町2-3-3 重林寺,豊島区,13116,豊島区登録有形文化財,歴史資料,municipal,1987/11/24,139.70988,35.73986,point,representative_point,municipal,豊島区登録有形文化財,歴史資料,
municipal_source,豊島区,文化財一覧（国もしくは地方公共団体が指定、登録、選定等行った文化財の一覧）,303,https://service.api.metro.tokyo.lg.jp/api/t131164d0000000007-83def088cb55c24a0cae4251717412d7-0/json,13Tokyo/raw/municipal/13116/data.json,釈迦一尊板碑(嘉元元年在銘),,,,池袋3-5-30 宗教法人 洞雲寺,豊島区池袋3-5-30 洞雲寺,豊島区,13116,豊島区登録有形文化財,歴史資料,municipal,1987/11/24,139.70168,35.73394,point,representative_point,municipal,豊島区登録有形文化財,歴史資料,
municipal_source,豊島区,文化財一覧（国もしくは地方公共団体が指定、登録、選定等行った文化財の一覧）,304,https://service.api.metro.tokyo.lg.jp/api/t131164d0000000007-83def088cb55c24a0cae4251717412d7-0/json,13Tokyo/raw/municipal/13116/data.json,彌陀一尊板碑(正和四年在銘),,,,池袋3-5-30 宗教法人 洞雲寺,豊島区池袋3-5-30 洞雲寺,豊島区,13116,豊島区登録有形文化財,歴史資料,municipal,1987/11/24,139.70168,35.73394,point,representative_point,municipal,豊島区登録有形文化財,歴史資料,
municipal_source,豊島区,文化財一覧（国もしくは地方公共団体が指定、登録、選定等行った文化財の一覧）,305,https://service.api.metro.tokyo.lg.jp/api/t131164d0000000007-83def088cb55c24a0cae4251717412d7-0/json,13Tokyo/raw/municipal/13116/data.json,彌陀三尊板碑(正和五年在銘),,,,池袋3-5-30 宗教法人 洞雲寺,豊島区池袋3-5-30 洞雲寺,豊島区,13116,豊島区登録有形文化財,歴史資料,municipal,1987/11/24,139.70168,35.73394,point,representative_point,municipal,豊島区登録有形文化財,歴史資料,
municipal_source,豊島区,文化財一覧（国もしくは地方公共団体が指定、登録、選定等行った文化財の一覧）,306,https://service.api.metro.tokyo.lg.jp/api/t131164d0000000007-83def088cb55c24a0cae4251717412d7-0/json,13Tokyo/raw/municipal/13116/data.json,彌陀一尊板碑(正慶二年在銘),,,,池袋3-5-30 宗教法人 洞雲寺,豊島区池袋3-5-30 洞雲寺,豊島区,13116,豊島区登録有形文化財,歴史資料,municipal,1987/11/24,139.70168,35.73394,point,representative_point,municipal,豊島区登録有形文化財,歴史資料,
municipal_source,豊島区,文化財一覧（国もしくは地方公共団体が指定、登録、選定等行った文化財の一覧）,307,https://service.api.metro.tokyo.lg.jp/api/t131164d0000000007-83def088cb55c24a0cae4251717412d7-0/json,13Tokyo/raw/municipal/13116/data.json,釈迦一尊板碑(建武元年在銘),,,,池袋3-5-30 宗教法人 洞雲寺,豊島区池袋3-5-30 洞雲寺,豊島区,13116,豊島区登録有形文化財,歴史資料,municipal,1987/11/24,139.70168,35.73394,point,representative_point,municipal,豊島区登録有形文化財,歴史資料,
municipal_source,豊島区,文化財一覧（国もしくは地方公共団体が指定、登録、選定等行った文化財の一覧）,308,https://service.api.metro.tokyo.lg.jp/api/t131164d0000000007-83def088cb55c24a0cae4251717412d7-0/json,13Tokyo/raw/municipal/13116/data.json,彌陀三尊板碑(康永三年在銘),,,,池袋3-5-30 宗教法人 洞雲寺,豊島区池袋3-5-30 洞雲寺,豊島区,13116,豊島区登録有形文化財,歴史資料,municipal,1987/11/24,139.70168,35.73394,point,representative_point,municipal,豊島区登録有形文化財,歴史資料,
municipal_source,豊島区,文化財一覧（国もしくは地方公共団体が指定、登録、選定等行った文化財の一覧）,309,https://service.api.metro.tokyo.lg.jp/api/t131164d0000000007-83def088cb55c24a0cae4251717412d7-0/json,13Tokyo/raw/municipal/13116/data.json,彌陀一尊板碑(文和三年在銘),,,,池袋3-5-30 宗教法人 洞雲寺,豊島区池袋3-5-30 洞雲寺,豊島区,13116,豊島区登録有形文化財,歴史資料,municipal,1987/11/24,139.70168,35.73394,point,representative_point,municipal,豊島区登録有形文化財,歴史資料,
municipal_source,豊島区,文化財一覧（国もしくは地方公共団体が指定、登録、選定等行った文化財の一覧）,310,https://service.api.metro.tokyo.lg.jp/api/t131164d0000000007-83def088cb55c24a0cae4251717412d7-0/json,13Tokyo/raw/municipal/13116/data.json,大日如来一尊板碑(応永十年在銘),,,,池袋3-5-30 宗教法人 洞雲寺,豊島区池袋3-5-30 洞雲寺,豊島区,13116,豊島区登録有形文化財,歴史資料,municipal,1987/11/24,139.70168,35.73394,point,representative_point,municipal,豊島区登録有形文化財,歴史資料,
municipal_source,豊島区,文化財一覧（国もしくは地方公共団体が指定、登録、選定等行った文化財の一覧）,311,https://service.api.metro.tokyo.lg.jp/api/t131164d0000000007-83def088cb55c24a0cae4251717412d7-0/json,13Tokyo/raw/municipal/13116/data.json,板碑,,,,池袋3-5-30 宗教法人 洞雲寺,豊島区池袋3-5-30 洞雲寺,豊島区,13116,豊島区登録有形文化財,歴史資料,municipal,1987/11/24,139.70168,35.73394,point,representative_point,municipal,豊島区登録有形文化財,歴史資料,
municipal_source,豊島区,文化財一覧（国もしくは地方公共団体が指定、登録、選定等行った文化財の一覧）,312,https://service.api.metro.tokyo.lg.jp/api/t131164d0000000007-83def088cb55c24a0cae4251717412d7-0/json,13Tokyo/raw/municipal/13116/data.json,彌陀一尊板碑(応安四年在銘),,,,個人,豊島区南大塚2-25-5,豊島区,13116,豊島区登録有形文化財,歴史資料,municipal,1987/11/24,139.73053,35.72699,point,representative_point,municipal,豊島区登録有形文化財,歴史資料,
municipal_source,豊島区,文化財一覧（国もしくは地方公共団体が指定、登録、選定等行った文化財の一覧）,313,https://service.api.metro.tokyo.lg.jp/api/t131164d0000000007-83def088cb55c24a0cae4251717412d7-0/json,13Tokyo/raw/municipal/13116/data.json,彌陀一尊板碑(明応五年在銘),,,,高田1-19-16 宗教法人 南蔵院,豊島区高田1-19-16 南蔵院,豊島区,13116,豊島区登録有形文化財,歴史資料,municipal,1987/11/24,139.71524,35.7145,point,representative_point,municipal,豊島区登録有形文化財,歴史資料,
municipal_source,豊島区,文化財一覧（国もしくは地方公共団体が指定、登録、選定等行った文化財の一覧）,314,https://service.api.metro.tokyo.lg.jp/api/t131164d0000000007-83def088cb55c24a0cae4251717412d7-0/json,13Tokyo/raw/municipal/13116/data.json,題目板碑,,,,南池袋2-45-1 豊島区,豊島区西池袋2-37-4 郷土資料館,豊島区,13116,豊島区登録有形文化財,歴史資料,municipal,1987/11/24,139.70682,35.72791,point,representative_point,municipal,豊島区登録有形文化財,歴史資料,
municipal_source,豊島区,文化財一覧（国もしくは地方公共団体が指定、登録、選定等行った文化財の一覧）,315,https://service.api.metro.tokyo.lg.jp/api/t131164d0000000007-83def088cb55c24a0cae4251717412d7-0/json,13Tokyo/raw/municipal/13116/data.json,彌陀三尊板碑,,,,南池袋2-45-1 豊島区,豊島区西池袋2-37-4 郷土資料館,豊島区,13116,豊島区登録有形文化財,歴史資料,municipal,1987/11/24,139.70682,35.72791,point,representative_point,municipal,豊島区登録有形文化財,歴史資料,
municipal_source,豊島区,文化財一覧（国もしくは地方公共団体が指定、登録、選定等行った文化財の一覧）,316,https://service.api.metro.tokyo.lg.jp/api/t131164d0000000007-83def088cb55c24a0cae4251717412d7-0/json,13Tokyo/raw/municipal/13116/data.json,彌陀一尊板碑,,,,個人,豊島区巣鴨4-10-12,豊島区,13116,豊島区登録有形文化財,歴史資料,municipal,1987/11/24,139.73106,35.73689,point,representative_point,municipal,豊島区登録有形文化財,歴史資料,
municipal_source,豊島区,文化財一覧（国もしくは地方公共団体が指定、登録、選定等行った文化財の一覧）,317,https://service.api.metro.tokyo.lg.jp/api/t131164d0000000007-83def088cb55c24a0cae4251717412d7-0/json,13Tokyo/raw/municipal/13116/data.json,彌陀一尊板碑,,,,南池袋2-45-1 豊島区,豊島区西池袋2-37-4 郷土資料館,豊島区,13116,豊島区登録有形文化財,歴史資料,municipal,1988/12/20,139.70682,35.72791,point,representative_point,municipal,豊島区登録有形文化財,歴史資料,
municipal_source,豊島区,文化財一覧（国もしくは地方公共団体が指定、登録、選定等行った文化財の一覧）,318,https://service.api.metro.tokyo.lg.jp/api/t131164d0000000007-83def088cb55c24a0cae4251717412d7-0/json,13Tokyo/raw/municipal/13116/data.json,釈迦一尊板碑(文和□年在銘),,,,立教大学,豊島区西池袋3-34-1,豊島区,13116,豊島区登録有形文化財,歴史資料,municipal,1989/04/25,139.70139,35.7299,point,representative_point,municipal,豊島区登録有形文化財,歴史資料,
municipal_source,豊島区,文化財一覧（国もしくは地方公共団体が指定、登録、選定等行った文化財の一覧）,319,https://service.api.metro.tokyo.lg.jp/api/t131164d0000000007-83def088cb55c24a0cae4251717412d7-0/json,13Tokyo/raw/municipal/13116/data.json,彌陀一尊板碑(永和二年在銘),,,,立教大学,豊島区西池袋3-34-1,豊島区,13116,豊島区登録有形文化財,歴史資料,municipal,1989/04/25,139.70139,35.7299,point,representative_point,municipal,豊島区登録有形文化財,歴史資料,
municipal_source,豊島区,文化財一覧（国もしくは地方公共団体が指定、登録、選定等行った文化財の一覧）,320,https://service.api.metro.tokyo.lg.jp/api/t131164d0000000007-83def088cb55c24a0cae4251717412d7-0/json,13Tokyo/raw/municipal/13116/data.json,題目板碑(明徳五年在銘),,,,個人,豊島区千早1-33-9,豊島区,13116,豊島区登録有形文化財,歴史資料,municipal,2005/04/14,139.69473,35.73257,point,representative_point,municipal,豊島区登録有形文化財,歴史資料,
municipal_source,豊島区,文化財一覧（国もしくは地方公共団体が指定、登録、選定等行った文化財の一覧）,321,https://service.api.metro.tokyo.lg.jp/api/t131164d0000000007-83def088cb55c24a0cae4251717412d7-0/json,13Tokyo/raw/municipal/13116/data.json,題目板碑(応永六年在銘),,,,個人,豊島区千早1-33-9,豊島区,13116,豊島区登録有形文化財,歴史資料,municipal,2005/04/14,139.69473,35.73257,point,representative_point,municipal,豊島区登録有形文化財,歴史資料,
municipal_source,豊島区,文化財一覧（国もしくは地方公共団体が指定、登録、選定等行った文化財の一覧）,322,https://service.api.metro.tokyo.lg.jp/api/t131164d0000000007-83def088cb55c24a0cae4251717412d7-0/json,13Tokyo/raw/municipal/13116/data.json,板碑型庚申塔(寛永十九年在銘),,,,駒込3-16-16 宗教法人 妙義神社,豊島区駒込3-16-16 妙義神社,豊島区,13116,豊島区登録有形文化財,歴史資料,municipal,1989/04/25,139.74481,35.73817,point,representative_point,municipal,豊島区登録有形文化財,歴史資料,
municipal_source,豊島区,文化財一覧（国もしくは地方公共団体が指定、登録、選定等行った文化財の一覧）,323,https://service.api.metro.tokyo.lg.jp/api/t131164d0000000007-83def088cb55c24a0cae4251717412d7-0/json,13Tokyo/raw/municipal/13116/data.json,板碑型庚申塔(明暦二年在銘),,,,大日坊奉賛会(西巣鴨2-15-2 代表 檀原宏),豊島区西巣鴨2-15-2 大日堂,豊島区,13116,豊島区登録有形文化財,歴史資料,municipal,1989/04/25,139.72713,35.73898,point,representative_point,municipal,豊島区登録有形文化財,歴史資料,
municipal_source,豊島区,文化財一覧（国もしくは地方公共団体が指定、登録、選定等行った文化財の一覧）,324,https://service.api.metro.tokyo.lg.jp/api/t131164d0000000007-83def088cb55c24a0cae4251717412d7-0/json,13Tokyo/raw/municipal/13116/data.json,板碑型庚申塔(明暦三年在銘),,,,有限責任中間法人巣鴨庚申堂奉賛会(巣鴨3-19-2 代表理事 榎本泰吉),豊島区巣鴨4-35 庚申塚,豊島区,13116,豊島区登録有形文化財,歴史資料,municipal,1989/04/25,139.73076,35.73957,point,representative_point,municipal,豊島区登録有形文化財,歴史資料,
municipal_source,豊島区,文化財一覧（国もしくは地方公共団体が指定、登録、選定等行った文化財の一覧）,325,https://service.api.metro.tokyo.lg.jp/api/t131164d0000000007-83def088cb55c24a0cae4251717412d7-0/json,13Tokyo/raw/municipal/13116/data.json,駒型庚申塔(万治元年在銘),,,,巣鴨5-32-5 宗教法人 白泉寺,豊島区巣鴨5-32-5 白泉寺,豊島区,13116,豊島区登録有形文化財,歴史資料,municipal,1989/04/25,139.73289,35.74182,point,representative_point,municipal,豊島区登録有形文化財,歴史資料,
municipal_source,豊島区,文化財一覧（国もしくは地方公共団体が指定、登録、選定等行った文化財の一覧）,326,https://service.api.metro.tokyo.lg.jp/api/t131164d0000000007-83def088cb55c24a0cae4251717412d7-0/json,13Tokyo/raw/municipal/13116/data.json,円頭角柱型庚申塔(万治二年在銘),,,,高田2-12-39 宗教法人 金乗院,豊島区高田2-12-39 金乗院,豊島区,13116,豊島区登録有形文化財,歴史資料,municipal,1989/04/25,139.71425,35.71659,point,representative_point,municipal,豊島区登録有形文化財,歴史資料,
municipal_source,豊島区,文化財一覧（国もしくは地方公共団体が指定、登録、選定等行った文化財の一覧）,327,https://service.api.metro.tokyo.lg.jp/api/t131164d0000000007-83def088cb55c24a0cae4251717412d7-0/json,13Tokyo/raw/municipal/13116/data.json,舟型庚申塔(寛文六年在銘),,,,高田2-12-39 宗教法人 金乗院,豊島区高田2-12-39 金乗院,豊島区,13116,豊島区登録有形文化財,歴史資料,municipal,1989/04/25,139.71425,35.71659,point,representative_point,municipal,豊島区登録有形文化財,歴史資料,
municipal_source,豊島区,文化財一覧（国もしくは地方公共団体が指定、登録、選定等行った文化財の一覧）,328,https://service.api.metro.tokyo.lg.jp/api/t131164d0000000007-83def088cb55c24a0cae4251717412d7-0/json,13Tokyo/raw/municipal/13116/data.json,唐破風笠付角柱型庚申塔(寛文八年在銘),,,,高田2-12-39 宗教法人 金乗院,豊島区高田2-12-39 金乗院,豊島区,13116,豊島区登録有形文化財,歴史資料,municipal,1989/04/25,139.71425,35.71659,point,representative_point,municipal,豊島区登録有形文化財,歴史資料,
municipal_source,豊島区,文化財一覧（国もしくは地方公共団体が指定、登録、選定等行った文化財の一覧）,329,https://service.api.metro.tokyo.lg.jp/api/t131164d0000000007-83def088cb55c24a0cae4251717412d7-0/json,13Tokyo/raw/municipal/13116/data.json,唐破風笠付角柱型庚申塔(延宝四年在銘),,,,高田2-12-39 宗教法人 金乗院,豊島区高田2-12-39 金乗院,豊島区,13116,豊島区登録有形文化財,歴史資料,municipal,1989/04/25,139.71425,35.71659,point,representative_point,municipal,豊島区登録有形文化財,歴史資料,
municipal_source,豊島区,文化財一覧（国もしくは地方公共団体が指定、登録、選定等行った文化財の一覧）,330,https://service.api.metro.tokyo.lg.jp/api/t131164d0000000007-83def088cb55c24a0cae4251717412d7-0/json,13Tokyo/raw/municipal/13116/data.json,舟型庚申塔(延宝五年在銘),,,,高田2-12-39 宗教法人 金乗院,豊島区高田2-12-39 金乗院,豊島区,13116,豊島区登録有形文化財,歴史資料,municipal,1989/04/25,139.71425,35.71659,point,representative_point,municipal,豊島区登録有形文化財,歴史資料,
municipal_source,豊島区,文化財一覧（国もしくは地方公共団体が指定、登録、選定等行った文化財の一覧）,331,https://service.api.metro.tokyo.lg.jp/api/t131164d0000000007-83def088cb55c24a0cae4251717412d7-0/json,13Tokyo/raw/municipal/13116/data.json,笠付角柱型庚申塔(元禄五年在銘),,,,高田2-12-39 宗教法人 金乗院,豊島区高田2-12-39 金乗院,豊島区,13116,豊島区登録有形文化財,歴史資料,municipal,1989/04/25,139.71425,35.71659,point,representative_point,municipal,豊島区登録有形文化財,歴史資料,
municipal_source,豊島区,文化財一覧（国もしくは地方公共団体が指定、登録、選定等行った文化財の一覧）,332,https://service.api.metro.tokyo.lg.jp/api/t131164d0000000007-83def088cb55c24a0cae4251717412d7-0/json,13Tokyo/raw/municipal/13116/data.json,駒型庚申塔,,,,高田2-12-39 宗教法人 金乗院,豊島区高田2-12-39 金乗院,豊島区,13116,豊島区登録有形文化財,歴史資料,municipal,1989/04/25,139.71425,35.71659,point,representative_point,municipal,豊島区登録有形文化財,歴史資料,
municipal_source,豊島区,文化財一覧（国もしくは地方公共団体が指定、登録、選定等行った文化財の一覧）,333,https://service.api.metro.tokyo.lg.jp/api/t131164d0000000007-83def088cb55c24a0cae4251717412d7-0/json,13Tokyo/raw/municipal/13116/data.json,円頭角柱型庚申塔(寛文二年在銘),,,,南池袋2-45-1 豊島区,豊島区池袋本町1-27-1,豊島区,13116,豊島区登録有形文化財,歴史資料,municipal,1989/04/25,139.71364,35.73978,point,representative_point,municipal,豊島区登録有形文化財,歴史資料,
municipal_source,豊島区,文化財一覧（国もしくは地方公共団体が指定、登録、選定等行った文化財の一覧）,334,https://service.api.metro.tokyo.lg.jp/api/t131164d0000000007-83def088cb55c24a0cae4251717412d7-0/json,13Tokyo/raw/municipal/13116/data.json,舟型庚申塔(寛文二年在銘),,,,田島幸男,豊島区長崎3-29(墓地脇),豊島区,13116,豊島区登録有形文化財,歴史資料,municipal,1989/04/25,139.68951,35.7318,point,representative_point,municipal,豊島区登録有形文化財,歴史資料,
municipal_source,豊島区,文化財一覧（国もしくは地方公共団体が指定、登録、選定等行った文化財の一覧）,335,https://service.api.metro.tokyo.lg.jp/api/t131164d0000000007-83def088cb55c24a0cae4251717412d7-0/json,13Tokyo/raw/municipal/13116/data.json,笠付角柱型庚申塔(延宝八年在銘),,,,田島幸男,豊島区長崎3-29(墓地脇),豊島区,13116,豊島区登録有形文化財,歴史資料,municipal,1989/04/25,139.68951,35.7318,point,representative_point,municipal,豊島区登録有形文化財,歴史資料,
municipal_source,豊島区,文化財一覧（国もしくは地方公共団体が指定、登録、選定等行った文化財の一覧）,336,https://service.api.metro.tokyo.lg.jp/api/t131164d0000000007-83def088cb55c24a0cae4251717412d7-0/json,13Tokyo/raw/municipal/13116/data.json,笠付角柱型庚申塔(寛文十二年在銘),,,,駒込3-13-1 豊島区立駒込小学校,豊島区駒込3-13-1 駒込小学校,豊島区,13116,豊島区登録有形文化財,歴史資料,municipal,1989/04/25,139.74313,35.73823,point,representative_point,municipal,豊島区登録有形文化財,歴史資料,
municipal_source,豊島区,文化財一覧（国もしくは地方公共団体が指定、登録、選定等行った文化財の一覧）,337,https://service.api.metro.tokyo.lg.jp/api/t131164d0000000007-83def088cb55c24a0cae4251717412d7-0/json,13Tokyo/raw/municipal/13116/data.json,角柱型庚申塔(延宝八年在銘),,,,個人,豊島区駒込3-8-3,豊島区,13116,豊島区登録有形文化財,歴史資料,municipal,1989/04/25,139.74373,35.73694,point,representative_point,municipal,豊島区登録有形文化財,歴史資料,
municipal_source,豊島区,文化財一覧（国もしくは地方公共団体が指定、登録、選定等行った文化財の一覧）,338,https://service.api.metro.tokyo.lg.jp/api/t131164d0000000007-83def088cb55c24a0cae4251717412d7-0/json,13Tokyo/raw/municipal/13116/data.json,舟型庚申塔(延宝八年在銘),,,,庚申塔保存会 黒田勝三,豊島区千早3-46 千川児童遊園,豊島区,13116,豊島区登録有形文化財,歴史資料,municipal,1989/04/25,139.68552,35.73598,point,representative_point,municipal,豊島区登録有形文化財,歴史資料,
municipal_source,豊島区,文化財一覧（国もしくは地方公共団体が指定、登録、選定等行った文化財の一覧）,339,https://service.api.metro.tokyo.lg.jp/api/t131164d0000000007-83def088cb55c24a0cae4251717412d7-0/json,13Tokyo/raw/municipal/13116/data.json,唐破風笠付角柱型庚申塔(貞享三年在銘),,,,庚申塔保存会 黒田勝三,豊島区千早3-46 千川児童遊園,豊島区,13116,豊島区登録有形文化財,歴史資料,municipal,1989/04/25,139.68552,35.73598,point,representative_point,municipal,豊島区登録有形文化財,歴史資料,
municipal_source,豊島区,文化財一覧（国もしくは地方公共団体が指定、登録、選定等行った文化財の一覧）,340,https://service.api.metro.tokyo.lg.jp/api/t131164d0000000007-83def088cb55c24a0cae4251717412d7-0/json,13Tokyo/raw/municipal/13116/data.json,唐破風笠付角柱型庚申塔(正徳元年在銘),,,,庚申塔保存会 黒田勝三,豊島区千早3-46 千川児童遊園,豊島区,13116,豊島区登録有形文化財,歴史資料,municipal,1989/04/25,139.68552,35.73598,point,representative_point,municipal,豊島区登録有形文化財,歴史資料,
municipal_source,豊島区,文化財一覧（国もしくは地方公共団体が指定、登録、選定等行った文化財の一覧）,341,https://service.api.metro.tokyo.lg.jp/api/t131164d0000000007-83def088cb55c24a0cae4251717412d7-0/json,13Tokyo/raw/municipal/13116/data.json,駒型庚申塔(延宝八年在銘),,,,西巣鴨4-8-25 宗教法人 善養寺,豊島区西巣鴨4-8-25 善養寺,豊島区,13116,豊島区登録有形文化財,歴史資料,municipal,1989/04/25,139.73067,35.7433,point,representative_point,municipal,豊島区登録有形文化財,歴史資料,
municipal_source,豊島区,文化財一覧（国もしくは地方公共団体が指定、登録、選定等行った文化財の一覧）,342,https://service.api.metro.tokyo.lg.jp/api/t131164d0000000007-83def088cb55c24a0cae4251717412d7-0/json,13Tokyo/raw/municipal/13116/data.json,唐破風笠付角柱型庚申塔(延宝八年在銘),,,,高田1-19-16 宗教法人 南蔵院,豊島区高田1-19-16 南蔵院,豊島区,13116,豊島区登録有形文化財,歴史資料,municipal,1989/04/25,139.71524,35.7145,point,representative_point,municipal,豊島区登録有形文化財,歴史資料,
municipal_source,豊島区,文化財一覧（国もしくは地方公共団体が指定、登録、選定等行った文化財の一覧）,343,https://service.api.metro.tokyo.lg.jp/api/t131164d0000000007-83def088cb55c24a0cae4251717412d7-0/json,13Tokyo/raw/municipal/13116/data.json,唐破風笠付角柱型庚申塔(貞享三年在銘),,,,高田1-19-16 宗教法人 南蔵院,豊島区高田1-19-16 南蔵院,豊島区,13116,豊島区登録有形文化財,歴史資料,municipal,1989/04/25,139.71524,35.7145,point,representative_point,municipal,豊島区登録有形文化財,歴史資料,
municipal_source,豊島区,文化財一覧（国もしくは地方公共団体が指定、登録、選定等行った文化財の一覧）,344,https://service.api.metro.tokyo.lg.jp/api/t131164d0000000007-83def088cb55c24a0cae4251717412d7-0/json,13Tokyo/raw/municipal/13116/data.json,駒型庚申塔(元禄十二年在銘),,,,高田1-19-16 宗教法人 南蔵院,豊島区高田1-19-16 南蔵院,豊島区,13116,豊島区登録有形文化財,歴史資料,municipal,1989/04/25,139.71524,35.7145,point,representative_point,municipal,豊島区登録有形文化財,歴史資料,
municipal_source,豊島区,文化財一覧（国もしくは地方公共団体が指定、登録、選定等行った文化財の一覧）,345,https://service.api.metro.tokyo.lg.jp/api/t131164d0000000007-83def088cb55c24a0cae4251717412d7-0/json,13Tokyo/raw/municipal/13116/data.json,角柱型庚申塔(享保二十年在銘),,,,高田1-19-16 宗教法人 南蔵院,豊島区高田1-19-16 南蔵院,豊島区,13116,豊島区登録有形文化財,歴史資料,municipal,1989/04/25,139.71524,35.7145,point,representative_point,municipal,豊島区登録有形文化財,歴史資料,
municipal_source,豊島区,文化財一覧（国もしくは地方公共団体が指定、登録、選定等行った文化財の一覧）,346,https://service.api.metro.tokyo.lg.jp/api/t131164d0000000007-83def088cb55c24a0cae4251717412d7-0/json,13Tokyo/raw/municipal/13116/data.json,板碑型庚申塔(貞享四年在銘),,,,西巣鴨4-8-40 宗教法人 盛雲寺,豊島区西巣鴨4-8-40 盛雲寺,豊島区,13116,豊島区登録有形文化財,歴史資料,municipal,1989/04/25,139.73067,35.7433,point,representative_point,municipal,豊島区登録有形文化財,歴史資料,
municipal_source,豊島区,文化財一覧（国もしくは地方公共団体が指定、登録、選定等行った文化財の一覧）,347,https://service.api.metro.tokyo.lg.jp/api/t131164d0000000007-83def088cb55c24a0cae4251717412d7-0/json,13Tokyo/raw/municipal/13116/data.json,笠付角柱型庚申塔(元禄三年在銘),,,,高田1-34-6 宗教法人 根生院,豊島区高田1-34-6 根生院(門前),豊島区,13116,豊島区登録有形文化財,歴史資料,municipal,1989/04/25,139.71654,35.71626,point,representative_point,municipal,豊島区登録有形文化財,歴史資料,
municipal_source,豊島区,文化財一覧（国もしくは地方公共団体が指定、登録、選定等行った文化財の一覧）,348,https://service.api.metro.tokyo.lg.jp/api/t131164d0000000007-83def088cb55c24a0cae4251717412d7-0/json,13Tokyo/raw/municipal/13116/data.json,庚申塔,,,,高田1-34-6 宗教法人 根生院,豊島区高田1-34-6 根生院(門前),豊島区,13116,豊島区登録有形文化財,歴史資料,municipal,1989/04/25,139.71654,35.71626,point,representative_point,municipal,豊島区登録有形文化財,歴史資料,
municipal_source,豊島区,文化財一覧（国もしくは地方公共団体が指定、登録、選定等行った文化財の一覧）,349,https://service.api.metro.tokyo.lg.jp/api/t131164d0000000007-83def088cb55c24a0cae4251717412d7-0/json,13Tokyo/raw/municipal/13116/data.json,笠付角柱型庚申塔(元禄十五年在銘),,,,宗教法人 金剛院,豊島区長崎1-9-2 金剛院,豊島区,13116,豊島区登録有形文化財,歴史資料,municipal,1989/04/25,139.69556,35.72727,point,representative_point,municipal,豊島区登録有形文化財,歴史資料,
municipal_source,豊島区,文化財一覧（国もしくは地方公共団体が指定、登録、選定等行った文化財の一覧）,350,https://service.api.metro.tokyo.lg.jp/api/t131164d0000000007-83def088cb55c24a0cae4251717412d7-0/json,13Tokyo/raw/municipal/13116/data.json,笠付角柱型庚申塔(宝永元年在銘),,,,豊島区上池袋池八町会,豊島区豊島区上池袋3-47-5 お茶上がれ地蔵,豊島区,13116,豊島区登録有形文化財,歴史資料,municipal,1989/04/25,139.7159,35.73237,point,representative_point,municipal,豊島区登録有形文化財,歴史資料,
municipal_source,豊島区,文化財一覧（国もしくは地方公共団体が指定、登録、選定等行った文化財の一覧）,351,https://service.api.metro.tokyo.lg.jp/api/t131164d0000000007-83def088cb55c24a0cae4251717412d7-0/json,13Tokyo/raw/municipal/13116/data.json,唐破風笠付角柱型庚申塔(宝永四年在銘),,,,長崎1-9-2 宗教法人 金剛院,豊島区長崎1-9-2 金剛院(門前),豊島区,13116,豊島区登録有形文化財,歴史資料,municipal,1989/04/25,139.69556,35.72727,point,representative_point,municipal,豊島区登録有形文化財,歴史資料,
municipal_source,豊島区,文化財一覧（国もしくは地方公共団体が指定、登録、選定等行った文化財の一覧）,352,https://service.api.metro.tokyo.lg.jp/api/t131164d0000000007-83def088cb55c24a0cae4251717412d7-0/json,13Tokyo/raw/municipal/13116/data.json,唐破風笠付角柱型庚申塔(享保元年在銘),,,,池袋本町2-3-3 宗教法人 重林寺,豊島区池袋本町2-3-3 重林寺(墓地内),豊島区,13116,豊島区登録有形文化財,歴史資料,municipal,1989/04/25,139.70988,35.73986,point,representative_point,municipal,豊島区登録有形文化財,歴史資料,
municipal_source,豊島区,文化財一覧（国もしくは地方公共団体が指定、登録、選定等行った文化財の一覧）,353,https://service.api.metro.tokyo.lg.jp/api/t131164d0000000007-83def088cb55c24a0cae4251717412d7-0/json,13Tokyo/raw/municipal/13116/data.json,唐破風笠付角柱型庚申塔(享保二年在銘),,,,池袋本町2-3-3 宗教法人 重林寺,豊島区池袋本町2-3-3 重林寺(墓地内),豊島区,13116,豊島区登録有形文化財,歴史資料,municipal,1989/04/25,139.70988,35.73986,point,representative_point,municipal,豊島区登録有形文化財,歴史資料,
municipal_source,豊島区,文化財一覧（国もしくは地方公共団体が指定、登録、選定等行った文化財の一覧）,354,https://service.api.metro.tokyo.lg.jp/api/t131164d0000000007-83def088cb55c24a0cae4251717412d7-0/json,13Tokyo/raw/municipal/13116/data.json,笠付角柱型庚申塔(享保六年在銘),,,,個人,豊島区高松2-34-8,豊島区,13116,豊島区登録有形文化財,歴史資料,municipal,1989/04/25,139.69987,35.73748,point,representative_point,municipal,豊島区登録有形文化財,歴史資料,
municipal_source,豊島区,文化財一覧（国もしくは地方公共団体が指定、登録、選定等行った文化財の一覧）,355,https://service.api.metro.tokyo.lg.jp/api/t131164d0000000007-83def088cb55c24a0cae4251717412d7-0/json,13Tokyo/raw/municipal/13116/data.json,角柱型庚申塔(宝暦十一年在銘),,,,長崎富士塚保存会(代表 本橋勇),豊島区高松2-9-3 長崎富士塚,豊島区,13116,豊島区登録有形文化財,歴史資料,municipal,1989/04/25,139.6954,35.73787,point,representative_point,municipal,豊島区登録有形文化財,歴史資料,
municipal_source,豊島区,文化財一覧（国もしくは地方公共団体が指定、登録、選定等行った文化財の一覧）,356,https://service.api.metro.tokyo.lg.jp/api/t131164d0000000007-83def088cb55c24a0cae4251717412d7-0/json,13Tokyo/raw/municipal/13116/data.json,笠付角柱型庚申塔(宝暦十二年在銘),,,,個人,豊島区要町2-25-11,豊島区,13116,豊島区登録有形文化財,歴史資料,municipal,1989/04/25,139.6945,35.73595,point,representative_point,municipal,豊島区登録有形文化財,歴史資料,
municipal_source,豊島区,文化財一覧（国もしくは地方公共団体が指定、登録、選定等行った文化財の一覧）,357,https://service.api.metro.tokyo.lg.jp/api/t131164d0000000007-83def088cb55c24a0cae4251717412d7-0/json,13Tokyo/raw/municipal/13116/data.json,駒型庚申塔(安永三年在銘),,,,個人,豊島区長崎6-9-13,豊島区,13116,豊島区登録有形文化財,歴史資料,municipal,1989/04/25,139.67998,35.73422,point,representative_point,municipal,豊島区登録有形文化財,歴史資料,
municipal_source,豊島区,文化財一覧（国もしくは地方公共団体が指定、登録、選定等行った文化財の一覧）,358,https://service.api.metro.tokyo.lg.jp/api/t131164d0000000007-83def088cb55c24a0cae4251717412d7-0/json,13Tokyo/raw/municipal/13116/data.json,自然石庚申塔(天保十三年在銘),,,,福田企業株式会社,豊島区東池袋2-57-9,豊島区,13116,豊島区登録有形文化財,歴史資料,municipal,1989/04/25,139.71805,35.73314,point,representative_point,municipal,豊島区登録有形文化財,歴史資料,
municipal_source,豊島区,文化財一覧（国もしくは地方公共団体が指定、登録、選定等行った文化財の一覧）,359,https://service.api.metro.tokyo.lg.jp/api/t131164d0000000007-83def088cb55c24a0cae4251717412d7-0/json,13Tokyo/raw/municipal/13116/data.json,駒型庚申塔(明治二年在銘在銘),,,,個人,豊島区長崎4-23-10,豊島区,13116,豊島区登録有形文化財,歴史資料,municipal,1989/04/25,139.68628,35.73022,point,representative_point,municipal,豊島区登録有形文化財,歴史資料,
municipal_source,豊島区,文化財一覧（国もしくは地方公共団体が指定、登録、選定等行った文化財の一覧）,360,https://service.api.metro.tokyo.lg.jp/api/t131164d0000000007-83def088cb55c24a0cae4251717412d7-0/json,13Tokyo/raw/municipal/13116/data.json,山伏角柱型庚申塔(明治三十七年在銘),,,,南大塚1-26-10 宗教法人 東福寺,豊島区南大塚1-26-10 東福寺山門下,豊島区,13116,豊島区登録有形文化財,歴史資料,municipal,1989/04/25,139.73497,35.7293,point,representative_point,municipal,豊島区登録有形文化財,歴史資料,
municipal_source,豊島区,文化財一覧（国もしくは地方公共団体が指定、登録、選定等行った文化財の一覧）,361,https://service.api.metro.tokyo.lg.jp/api/t131164d0000000007-83def088cb55c24a0cae4251717412d7-0/json,13Tokyo/raw/municipal/13116/data.json,駒型庚申塔(昭和二十五年在銘),,,,庚申ビルディング管理組合,豊島区東池袋1-47-1,豊島区,13116,豊島区登録有形文化財,歴史資料,municipal,1989/04/25,139.71588,35.73359,point,representative_point,municipal,豊島区登録有形文化財,歴史資料,
municipal_source,豊島区,文化財一覧（国もしくは地方公共団体が指定、登録、選定等行った文化財の一覧）,362,https://service.api.metro.tokyo.lg.jp/api/t131164d0000000007-83def088cb55c24a0cae4251717412d7-0/json,13Tokyo/raw/municipal/13116/data.json,唐破風笠付角柱型庚申塔(元禄六年在銘),,,,個人,豊島区南長崎5-11 墓地内,豊島区,13116,豊島区登録有形文化財,歴史資料,municipal,1992/04/07,139.68329,35.72739,point,representative_point,municipal,豊島区登録有形文化財,歴史資料,
municipal_source,豊島区,文化財一覧（国もしくは地方公共団体が指定、登録、選定等行った文化財の一覧）,363,https://service.api.metro.tokyo.lg.jp/api/t131164d0000000007-83def088cb55c24a0cae4251717412d7-0/json,13Tokyo/raw/municipal/13116/data.json,駒型庚申塔(享保五年在銘),,,,個人,豊島区南長崎5-11 墓地内,豊島区,13116,豊島区登録有形文化財,歴史資料,municipal,1992/04/07,139.68329,35.72739,point,representative_point,municipal,豊島区登録有形文化財,歴史資料,
municipal_source,豊島区,文化財一覧（国もしくは地方公共団体が指定、登録、選定等行った文化財の一覧）,364,https://service.api.metro.tokyo.lg.jp/api/t131164d0000000007-83def088cb55c24a0cae4251717412d7-0/json,13Tokyo/raw/municipal/13116/data.json,駒型庚申塔,,,,巣鴨3-21-21 宗教法人 真性寺,豊島区巣鴨3-21-21 真性寺墓地内,豊島区,13116,豊島区登録有形文化財,歴史資料,municipal,2009/03/23,139.73613,35.73411,point,representative_point,municipal,豊島区登録有形文化財,歴史資料,
municipal_source,豊島区,文化財一覧（国もしくは地方公共団体が指定、登録、選定等行った文化財の一覧）,365,https://service.api.metro.tokyo.lg.jp/api/t131164d0000000007-83def088cb55c24a0cae4251717412d7-0/json,13Tokyo/raw/municipal/13116/data.json,武江染井翻紅軒霧島之図,,,,南池袋2-45-1 豊島区,豊島区西池袋2-37-4 郷土資料館,豊島区,13116,豊島区登録有形文化財,歴史資料,municipal,1991/01/29,139.70682,35.72791,point,representative_point,municipal,豊島区登録有形文化財,歴史資料,
municipal_source,豊島区,文化財一覧（国もしくは地方公共団体が指定、登録、選定等行った文化財の一覧）,366,https://service.api.metro.tokyo.lg.jp/api/t131164d0000000007-83def088cb55c24a0cae4251717412d7-0/json,13Tokyo/raw/municipal/13116/data.json,石造鳥居,,,,高田2-2-18 宗教法人 氷川神社,豊島区高田2-2-18 氷川神社,豊島区,13116,豊島区登録有形文化財,歴史資料,municipal,1991/06/05,139.71416,35.71414,point,representative_point,municipal,豊島区登録有形文化財,歴史資料,
municipal_source,豊島区,文化財一覧（国もしくは地方公共団体が指定、登録、選定等行った文化財の一覧）,367,https://service.api.metro.tokyo.lg.jp/api/t131164d0000000007-83def088cb55c24a0cae4251717412d7-0/json,13Tokyo/raw/municipal/13116/data.json,石造狛犬,,,,高田2-2-18 宗教法人 氷川神社,豊島区高田2-2-18 氷川神社,豊島区,13116,豊島区登録有形文化財,歴史資料,municipal,1991/06/05,139.71416,35.71414,point,representative_point,municipal,豊島区登録有形文化財,歴史資料,
municipal_source,豊島区,文化財一覧（国もしくは地方公共団体が指定、登録、選定等行った文化財の一覧）,368,https://service.api.metro.tokyo.lg.jp/api/t131164d0000000007-83def088cb55c24a0cae4251717412d7-0/json,13Tokyo/raw/municipal/13116/data.json,石灯籠,,,,高田2-2-18 宗教法人 氷川神社,豊島区高田2-2-18 氷川神社,豊島区,13116,豊島区登録有形文化財,歴史資料,municipal,1991/06/05,139.71416,35.71414,point,representative_point,municipal,豊島区登録有形文化財,歴史資料,
municipal_source,豊島区,文化財一覧（国もしくは地方公共団体が指定、登録、選定等行った文化財の一覧）,369,https://service.api.metro.tokyo.lg.jp/api/t131164d0000000007-83def088cb55c24a0cae4251717412d7-0/json,13Tokyo/raw/municipal/13116/data.json,玉垣,,,,高田2-2-18 宗教法人 氷川神社,豊島区高田2-2-18 氷川神社,豊島区,13116,豊島区登録有形文化財,歴史資料,municipal,1991/06/05,139.71416,35.71414,point,representative_point,municipal,豊島区登録有形文化財,歴史資料,
municipal_source,豊島区,文化財一覧（国もしくは地方公共団体が指定、登録、選定等行った文化財の一覧）,370,https://service.api.metro.tokyo.lg.jp/api/t131164d0000000007-83def088cb55c24a0cae4251717412d7-0/json,13Tokyo/raw/municipal/13116/data.json,馬頭観音(嘉永四年在銘),,,,南池袋2-45-1 豊島区,豊島区雑司が谷1-25-5 雑司が谷旧宣教師館,豊島区,13116,豊島区登録有形文化財,歴史資料,municipal,1992/04/07,139.7205,35.72072,point,representative_point,municipal,豊島区登録有形文化財,歴史資料,
municipal_source,豊島区,文化財一覧（国もしくは地方公共団体が指定、登録、選定等行った文化財の一覧）,371,https://service.api.metro.tokyo.lg.jp/api/t131164d0000000007-83def088cb55c24a0cae4251717412d7-0/json,13Tokyo/raw/municipal/13116/data.json,馬頭観音(明和八年在銘),,,,個人,豊島区長崎4-23-6,豊島区,13116,豊島区登録有形文化財,歴史資料,municipal,1992/09/08,139.68628,35.73022,point,representative_point,municipal,豊島区登録有形文化財,歴史資料,
municipal_source,豊島区,文化財一覧（国もしくは地方公共団体が指定、登録、選定等行った文化財の一覧）,372,https://service.api.metro.tokyo.lg.jp/api/t131164d0000000007-83def088cb55c24a0cae4251717412d7-0/json,13Tokyo/raw/municipal/13116/data.json,馬頭観音(明治十年在銘),,,,長崎1-9-2 金剛院住職 野々部利弘,豊島区長崎1-9-2 金剛院境内,豊島区,13116,豊島区登録有形文化財,歴史資料,municipal,1999/08/03,139.69556,35.72727,point,representative_point,municipal,豊島区登録有形文化財,歴史資料,
municipal_source,豊島区,文化財一覧（国もしくは地方公共団体が指定、登録、選定等行った文化財の一覧）,373,https://service.api.metro.tokyo.lg.jp/api/t131164d0000000007-83def088cb55c24a0cae4251717412d7-0/json,13Tokyo/raw/municipal/13116/data.json,馬頭観音(明治四十三年在銘),,,,高田1-19-16 南蔵院住職 野口圭也,豊島区高田1-19-16 南蔵院境内,豊島区,13116,豊島区登録有形文化財,歴史資料,municipal,1999/08/03,139.71524,35.7145,point,representative_point,municipal,豊島区登録有形文化財,歴史資料,
municipal_source,豊島区,文化財一覧（国もしくは地方公共団体が指定、登録、選定等行った文化財の一覧）,374,https://service.api.metro.tokyo.lg.jp/api/t131164d0000000007-83def088cb55c24a0cae4251717412d7-0/json,13Tokyo/raw/municipal/13116/data.json,馬頭観音(大正四年在銘),,,,高田1-19-16 南蔵院住職 野口圭也,豊島区高田1-19-16 南蔵院境内,豊島区,13116,豊島区登録有形文化財,歴史資料,municipal,1999/08/03,139.71524,35.7145,point,representative_point,municipal,豊島区登録有形文化財,歴史資料,
municipal_source,豊島区,文化財一覧（国もしくは地方公共団体が指定、登録、選定等行った文化財の一覧）,375,https://service.api.metro.tokyo.lg.jp/api/t131164d0000000007-83def088cb55c24a0cae4251717412d7-0/json,13Tokyo/raw/municipal/13116/data.json,延命地蔵堂の石造物群,,,,奉賛会,豊島区西巣鴨2-33,豊島区,13116,豊島区登録有形民俗文化財,豊島区登録有形民俗文化財,municipal,2012/10/23,139.72908,35.73977,point,representative_point,municipal,豊島区登録有形民俗文化財,,
municipal_source,豊島区,文化財一覧（国もしくは地方公共団体が指定、登録、選定等行った文化財の一覧）,376,https://service.api.metro.tokyo.lg.jp/api/t131164d0000000007-83def088cb55c24a0cae4251717412d7-0/json,13Tokyo/raw/municipal/13116/data.json,西原不動,,,,個人,豊島区南長崎6-35-1,豊島区,13116,豊島区登録有形民俗文化財,豊島区登録有形民俗文化財,municipal,2016/10/20,139.67888,35.73183,point,representative_point,municipal,豊島区登録有形民俗文化財,,
municipal_source,調布市,02.文化財一覧,132080100020,https://service.api.metro.tokyo.lg.jp/api/t132080d3100001964-4ac5f47ee38d5c49163005c754d994ec-0/json,13Tokyo/raw/municipal/13208/data.json,上石原若宮八幡神社本殿,,,,,,調布市,13208,市指定有形文化財(建造物),建造物,municipal,1967-04-11,35.652857,139.52878,building_direct,building_candidate_point,municipal,市指定有形文化財(建造物),,
municipal_source,調布市,02.文化財一覧,132080100021,https://service.api.metro.tokyo.lg.jp/api/t132080d3100001964-4ac5f47ee38d5c49163005c754d994ec-0/json,13Tokyo/raw/municipal/13208/data.json,西光寺仁王門,,,,,,調布市,13208,市指定有形文化財(建造物),建造物,municipal,1998-12-25,35.658133,139.529677,building_direct,building_candidate_point,municipal,市指定有形文化財(建造物),,
municipal_source,調布市,02.文化財一覧,132080100022,https://service.api.metro.tokyo.lg.jp/api/t132080d3100001964-4ac5f47ee38d5c49163005c754d994ec-0/json,13Tokyo/raw/municipal/13208/data.json,布多天神社本殿,,,,,,調布市,13208,市指定有形文化財(建造物),建造物,municipal,1998-12-25,35.656697,139.545292,building_direct,building_candidate_point,municipal,市指定有形文化財(建造物),,
municipal_source,調布市,02.文化財一覧,132080100023,https://service.api.metro.tokyo.lg.jp/api/t132080d3100001964-4ac5f47ee38d5c49163005c754d994ec-0/json,13Tokyo/raw/municipal/13208/data.json,深大寺山門,,,,,,調布市,13208,市指定有形文化財(建造物),建造物,municipal,1998-12-25,35.66685,139.550796,building_direct,building_candidate_point,municipal,市指定有形文化財(建造物),,
municipal_source,調布市,02.文化財一覧,132080100024,https://service.api.metro.tokyo.lg.jp/api/t132080d3100001964-4ac5f47ee38d5c49163005c754d994ec-0/json,13Tokyo/raw/municipal/13208/data.json,深大寺深沙大王堂内宮殿,,,,,,調布市,13208,市指定有形文化財(建造物),建造物,municipal,1998-12-25,35.66685,139.550796,building_direct,building_candidate_point,municipal,市指定有形文化財(建造物),,
municipal_source,調布市,02.文化財一覧,132080100025,https://service.api.metro.tokyo.lg.jp/api/t132080d3100001964-4ac5f47ee38d5c49163005c754d994ec-0/json,13Tokyo/raw/municipal/13208/data.json,蓮慶寺本堂,,,,,,調布市,13208,市指定有形文化財(建造物),建造物,municipal,1998-12-25,35.651548,139.547064,building_direct,building_candidate_point,municipal,市指定有形文化財(建造物),,
municipal_source,調布市,02.文化財一覧,132080100026,https://service.api.metro.tokyo.lg.jp/api/t132080d3100001964-4ac5f47ee38d5c49163005c754d994ec-0/json,13Tokyo/raw/municipal/13208/data.json,虎狛神社本殿,,,,,,調布市,13208,市指定有形文化財(建造物),建造物,municipal,2012-03-30,35.661403,139.550432,building_direct,building_candidate_point,municipal,市指定有形文化財(建造物),,
municipal_source,調布市,02.文化財一覧,132080100027,https://service.api.metro.tokyo.lg.jp/api/t132080d3100001964-4ac5f47ee38d5c49163005c754d994ec-0/json,13Tokyo/raw/municipal/13208/data.json,虎狛神社石鳥居,,,,,,調布市,13208,市指定有形文化財(建造物),建造物,municipal,2018-03-29,35.661403,139.550432,building_direct,building_candidate_point,municipal,市指定有形文化財(建造物),,
municipal_source,調布市,02.文化財一覧,132080100028,https://service.api.metro.tokyo.lg.jp/api/t132080d3100001964-4ac5f47ee38d5c49163005c754d994ec-0/json,13Tokyo/raw/municipal/13208/data.json,河鍋暁斎の天井画(竜図),,,,,,調布市,13208,市指定有形文化財(絵画),美術工芸品,municipal,1968-10-16,35.66685,139.550796,movable,representative_point,municipal,市指定有形文化財(絵画),,
municipal_source,調布市,02.文化財一覧,132080100029,https://service.api.metro.tokyo.lg.jp/api/t132080d3100001964-4ac5f47ee38d5c49163005c754d994ec-0/json,13Tokyo/raw/municipal/13208/data.json,紙本着色仏涅槃図,,,,,,調布市,13208,市指定有形文化財(絵画),美術工芸品,municipal,2013-03-26,35.658133,139.529677,movable,representative_point,municipal,市指定有形文化財(絵画),,
municipal_source,調布市,02.文化財一覧,132080100030,https://service.api.metro.tokyo.lg.jp/api/t132080d3100001964-4ac5f47ee38d5c49163005c754d994ec-0/json,13Tokyo/raw/municipal/13208/data.json,絹本着色釈迦三尊十六善神図,,,,,,調布市,13208,市指定有形文化財(絵画),美術工芸品,municipal,2019-03-26,35.66685,139.550796,movable,representative_point,municipal,市指定有形文化財(絵画),,
municipal_source,調布市,02.文化財一覧,132080100031,https://service.api.metro.tokyo.lg.jp/api/t132080d3100001964-4ac5f47ee38d5c49163005c754d994ec-0/json,13Tokyo/raw/municipal/13208/data.json,木造観音三十三身立像,,,,,,調布市,13208,市指定有形文化財(彫刻),美術工芸品,municipal,1995-02-23,35.658133,139.529677,movable,representative_point,municipal,市指定有形文化財(彫刻),,
municipal_source,調布市,02.文化財一覧,132080100032,https://service.api.metro.tokyo.lg.jp/api/t132080d3100001964-4ac5f47ee38d5c49163005c754d994ec-0/json,13Tokyo/raw/municipal/13208/data.json,木造日蓮聖人坐像,,,,,,調布市,13208,市指定有形文化財(彫刻),美術工芸品,municipal,1995-02-23,35.651548,139.547064,movable,representative_point,municipal,市指定有形文化財(彫刻),,
municipal_source,調布市,02.文化財一覧,132080100033,https://service.api.metro.tokyo.lg.jp/api/t132080d3100001964-4ac5f47ee38d5c49163005c754d994ec-0/json,13Tokyo/raw/municipal/13208/data.json,木造毘沙門天立像,,,,,,調布市,13208,市指定有形文化財(彫刻),美術工芸品,municipal,1995-02-23,35.66685,139.550796,movable,representative_point,municipal,市指定有形文化財(彫刻),,
municipal_source,調布市,02.文化財一覧,132080100034,https://service.api.metro.tokyo.lg.jp/api/t132080d3100001964-4ac5f47ee38d5c49163005c754d994ec-0/json,13Tokyo/raw/municipal/13208/data.json,鉄造僧形八幡神坐像,,,,,,調布市,13208,市指定有形文化財(彫刻),美術工芸品,municipal,1995-02-23,35.659493,139.555445,movable,representative_point,municipal,市指定有形文化財(彫刻),,
municipal_source,調布市,02.文化財一覧,132080100035,https://service.api.metro.tokyo.lg.jp/api/t132080d3100001964-4ac5f47ee38d5c49163005c754d994ec-0/json,13Tokyo/raw/municipal/13208/data.json,木造阿弥陀如来坐像,,,,,,調布市,13208,市指定有形文化財(彫刻),美術工芸品,municipal,2012-03-30,35.66685,139.550796,movable,representative_point,municipal,市指定有形文化財(彫刻),,
municipal_source,調布市,02.文化財一覧,132080100036,https://service.api.metro.tokyo.lg.jp/api/t132080d3100001964-4ac5f47ee38d5c49163005c754d994ec-0/json,13Tokyo/raw/municipal/13208/data.json,梵鐘,,,,,,調布市,13208,市指定有形文化財(工芸品),美術工芸品,municipal,2013-03-26,35.658133,139.529677,movable,representative_point,municipal,市指定有形文化財(工芸品),,
municipal_source,調布市,02.文化財一覧,132080100037,https://service.api.metro.tokyo.lg.jp/api/t132080d3100001964-4ac5f47ee38d5c49163005c754d994ec-0/json,13Tokyo/raw/municipal/13208/data.json,深大寺釈迦如来倚像厨子及び関連仏具,,,,,,調布市,13208,市指定有形文化財(工芸品),美術工芸品,municipal,2016-03-30,35.66685,139.550796,movable,representative_point,municipal,市指定有形文化財(工芸品),,
municipal_source,調布市,02.文化財一覧,132080100038,https://service.api.metro.tokyo.lg.jp/api/t132080d3100001964-4ac5f47ee38d5c49163005c754d994ec-0/json,13Tokyo/raw/municipal/13208/data.json,紺紙金字法華経開結共,,,,,,調布市,13208,市指定有形文化財(典籍),典籍,municipal,2020-03-31,35.66685,139.550796,movable,representative_point,municipal,市指定有形文化財(典籍),,
municipal_source,調布市,02.文化財一覧,132080100039,https://service.api.metro.tokyo.lg.jp/api/t132080d3100001964-4ac5f47ee38d5c49163005c754d994ec-0/json,13Tokyo/raw/municipal/13208/data.json,深大寺中横合狼藉禁止の朱印状,,,,,,調布市,13208,市指定有形文化財(古文書),古文書,municipal,1968-10-16,35.66685,139.550796,movable,representative_point,municipal,市指定有形文化財(古文書),,
municipal_source,調布市,02.文化財一覧,132080100040,https://service.api.metro.tokyo.lg.jp/api/t132080d3100001964-4ac5f47ee38d5c49163005c754d994ec-0/json,13Tokyo/raw/municipal/13208/data.json,武陽多麻郡浮岳山昌楽院深大寺縁起,,,,,,調布市,13208,市指定有形文化財(古文書),古文書,municipal,1968-10-16,35.66685,139.550796,movable,representative_point,municipal,市指定有形文化財(古文書),,
municipal_source,調布市,02.文化財一覧,132080100041,https://service.api.metro.tokyo.lg.jp/api/t132080d3100001964-4ac5f47ee38d5c49163005c754d994ec-0/json,13Tokyo/raw/municipal/13208/data.json,近藤勇養子縁組状,,,,,,調布市,13208,市指定有形文化財(古文書),古文書,municipal,2017-03-30,35.646859,139.536191,movable,representative_point,municipal,市指定有形文化財(古文書),,
municipal_source,調布市,02.文化財一覧,132080100042,https://service.api.metro.tokyo.lg.jp/api/t132080d3100001964-4ac5f47ee38d5c49163005c754d994ec-0/json,13Tokyo/raw/municipal/13208/data.json,徳川家康寄進状・徳川将軍家領地朱印状,,,,,,調布市,13208,市指定有形文化財(古文書),古文書,municipal,2022-03-31,35.66685,139.550796,movable,representative_point,municipal,市指定有形文化財(古文書),,
municipal_source,調布市,02.文化財一覧,132080100043,https://service.api.metro.tokyo.lg.jp/api/t132080d3100001964-4ac5f47ee38d5c49163005c754d994ec-0/json,13Tokyo/raw/municipal/13208/data.json,北浦遺跡出土の勝坂式土器,,,,,,調布市,13208,市指定有形文化財(考古資料),考古資料,municipal,2003-06-17,35.646859,139.536191,movable,representative_point,municipal,市指定有形文化財(考古資料),,
municipal_source,調布市,02.文化財一覧,132080100044,https://service.api.metro.tokyo.lg.jp/api/t132080d3100001964-4ac5f47ee38d5c49163005c754d994ec-0/json,13Tokyo/raw/municipal/13208/data.json,原山遺跡出土の人面装飾付彩文有孔鍔付土器及び1号竪穴住居出土品一括,,,,,,調布市,13208,市指定有形文化財(考古資料),考古資料,municipal,2006-09-28,35.646859,139.536191,movable,representative_point,municipal,市指定有形文化財(考古資料),,
municipal_source,調布市,02.文化財一覧,132080100045,https://service.api.metro.tokyo.lg.jp/api/t132080d3100001964-4ac5f47ee38d5c49163005c754d994ec-0/json,13Tokyo/raw/municipal/13208/data.json,下石原遺跡縄文時代後期土壙墓群出土土器・土製品,,,,,,調布市,13208,市指定有形文化財(考古資料),考古資料,municipal,2009-03-30,35.646859,139.536191,movable,representative_point,municipal,市指定有形文化財(考古資料),,
municipal_source,調布市,02.文化財一覧,132080100046,https://service.api.metro.tokyo.lg.jp/api/t132080d3100001964-4ac5f47ee38d5c49163005c754d994ec-0/json,13Tokyo/raw/municipal/13208/data.json,下石原遺跡一括出土銭及び収納容器,,,,,,調布市,13208,市指定有形文化財(考古資料),考古資料,municipal,2011-03-29,35.646859,139.536191,movable,representative_point,municipal,市指定有形文化財(考古資料),,
municipal_source,調布市,02.文化財一覧,132080100047,https://service.api.metro.tokyo.lg.jp/api/t132080d3100001964-4ac5f47ee38d5c49163005c754d994ec-0/json,13Tokyo/raw/municipal/13208/data.json,上布田遺跡第2地点4号敷石住居出土品一括,,,,,,調布市,13208,市指定有形文化財(考古資料),考古資料,municipal,2012-03-30,35.646859,139.536191,movable,representative_point,municipal,市指定有形文化財(考古資料),,
municipal_source,調布市,02.文化財一覧,132080100048,https://service.api.metro.tokyo.lg.jp/api/t132080d3100001964-4ac5f47ee38d5c49163005c754d994ec-0/json,13Tokyo/raw/municipal/13208/data.json,下布田6号墳(狐塚古墳)出土品,,,,,,調布市,13208,市指定有形文化財(考古資料),考古資料,municipal,2014-03-14,35.646859,139.536191,movable,representative_point,municipal,市指定有形文化財(考古資料),,
municipal_source,調布市,02.文化財一覧,132080100049,https://service.api.metro.tokyo.lg.jp/api/t132080d3100001964-4ac5f47ee38d5c49163005c754d994ec-0/json,13Tokyo/raw/municipal/13208/data.json,入間町城山遺跡第55地点1号・2号・4号竪穴住居跡出土遺物,,,,,,調布市,13208,市指定有形文化財(考古資料),考古資料,municipal,2021-03-31,35.646859,139.536191,movable,representative_point,municipal,市指定有形文化財(考古資料),,
municipal_source,調布市,02.文化財一覧,132080100050,https://service.api.metro.tokyo.lg.jp/api/t132080d3100001964-4ac5f47ee38d5c49163005c754d994ec-0/json,13Tokyo/raw/municipal/13208/data.json,木造大日如来坐像,,,,,,調布市,13208,市指定有形文化財(歴史資料),歴史資料,municipal,1995-02-23,35.658133,139.529677,point,representative_point,municipal,市指定有形文化財(歴史資料),,
municipal_source,調布市,02.文化財一覧,132080100051,https://service.api.metro.tokyo.lg.jp/api/t132080d3100001964-4ac5f47ee38d5c49163005c754d994ec-0/json,13Tokyo/raw/municipal/13208/data.json,野口平一家資料,,,,,,調布市,13208,市指定有形文化財(歴史資料),歴史資料,municipal,2011-03-29,35.656315,139.521582,point,representative_point,municipal,市指定有形文化財(歴史資料),,
municipal_source,調布市,02.文化財一覧,132080100052,https://service.api.metro.tokyo.lg.jp/api/t132080d3100001964-4ac5f47ee38d5c49163005c754d994ec-0/json,13Tokyo/raw/municipal/13208/data.json,紙本着色仏涅槃図,,,,,,調布市,13208,市指定有形文化財(歴史資料),歴史資料,municipal,2013-03-26,35.658133,139.529677,point,representative_point,municipal,市指定有形文化財(歴史資料),,
municipal_source,調布市,02.文化財一覧,132080100053,https://service.api.metro.tokyo.lg.jp/api/t132080d3100001964-4ac5f47ee38d5c49163005c754d994ec-0/json,13Tokyo/raw/municipal/13208/data.json,ジュゼッペ・キアラ神父墓碑,,,,,,調布市,13208,市指定有形文化財(歴史資料),歴史資料,municipal,2016-01-29,35.660947,139.542916,point,representative_point,municipal,市指定有形文化財(歴史資料),,
municipal_source,調布市,02.文化財一覧,132080100054,https://service.api.metro.tokyo.lg.jp/api/t132080d3100001964-4ac5f47ee38d5c49163005c754d994ec-0/json,13Tokyo/raw/municipal/13208/data.json,虎狛神社之碑,,,,,,調布市,13208,市指定有形文化財(歴史資料),歴史資料,municipal,2018-03-29,35.661403,139.550432,point,representative_point,municipal,市指定有形文化財(歴史資料),,
municipal_source,調布市,02.文化財一覧,132080100055,https://service.api.metro.tokyo.lg.jp/api/t132080d3100001964-4ac5f47ee38d5c49163005c754d994ec-0/json,13Tokyo/raw/municipal/13208/data.json,絹本着色釈迦三尊十六善神図,,,,,,調布市,13208,市指定有形文化財(歴史資料),歴史資料,municipal,2019-03-26,35.66685,139.550796,point,representative_point,municipal,市指定有形文化財(歴史資料),,
municipal_source,調布市,02.文化財一覧,132080100056,https://service.api.metro.tokyo.lg.jp/api/t132080d3100001964-4ac5f47ee38d5c49163005c754d994ec-0/json,13Tokyo/raw/municipal/13208/data.json,調布の臼,,,,,,調布市,13208,市指定有形民俗文化財(民俗),市指定有形民俗文化財(民俗),municipal,1967-10-04,35.646859,139.536191,point,representative_point,municipal,市指定有形民俗文化財(民俗),,
municipal_source,調布市,02.文化財一覧,132080100057,https://service.api.metro.tokyo.lg.jp/api/t132080d3100001964-4ac5f47ee38d5c49163005c754d994ec-0/json,13Tokyo/raw/municipal/13208/data.json,下石原八幡神社の獅子頭,,,,,,調布市,13208,市指定有形民俗文化財(民俗),市指定有形民俗文化財(民俗),municipal,1969-11-12,35.657626,139.538473,point,representative_point,municipal,市指定有形民俗文化財(民俗),,
municipal_source,調布市,02.文化財一覧,132080100058,https://service.api.metro.tokyo.lg.jp/api/t132080d3100001964-4ac5f47ee38d5c49163005c754d994ec-0/json,13Tokyo/raw/municipal/13208/data.json,布多天神社狛犬,,,,,,調布市,13208,市指定有形民俗文化財(民俗),市指定有形民俗文化財(民俗),municipal,1969-11-12,35.656697,139.545292,point,representative_point,municipal,市指定有形民俗文化財(民俗),,
municipal_source,調布市,02.文化財一覧,132080100059,https://service.api.metro.tokyo.lg.jp/api/t132080d3100001964-4ac5f47ee38d5c49163005c754d994ec-0/json,13Tokyo/raw/municipal/13208/data.json,小橋の馬頭観音塔,,,,,,調布市,13208,市指定有形民俗文化財(民俗),市指定有形民俗文化財(民俗),municipal,1969-11-12,35.651647,139.55156,point,representative_point,municipal,市指定有形民俗文化財(民俗),,
municipal_source,調布市,02.文化財一覧,132080100060,https://service.api.metro.tokyo.lg.jp/api/t132080d3100001964-4ac5f47ee38d5c49163005c754d994ec-0/json,13Tokyo/raw/municipal/13208/data.json,飛田給石造瑠璃光薬師如来立像,,,,,,調布市,13208,市指定有形民俗文化財(民俗),市指定有形民俗文化財(民俗),municipal,1974-07-12,35.661507,139.523072,point,representative_point,municipal,市指定有形民俗文化財(民俗),,
municipal_source,調布市,02.文化財一覧,132080100061,https://service.api.metro.tokyo.lg.jp/api/t132080d3100001964-4ac5f47ee38d5c49163005c754d994ec-0/json,13Tokyo/raw/municipal/13208/data.json,深大寺元三大師参詣の道標,,,,,,調布市,13208,市指定有形民俗文化財(民俗),市指定有形民俗文化財(民俗),municipal,1987-03-31,35.66685,139.550796,point,representative_point,municipal,市指定有形民俗文化財(民俗),,
municipal_source,調布市,02.文化財一覧,132080100062,https://service.api.metro.tokyo.lg.jp/api/t132080d3100001964-4ac5f47ee38d5c49163005c754d994ec-0/json,13Tokyo/raw/municipal/13208/data.json,地蔵菩薩立像(妙円地蔵),,,,,,調布市,13208,市指定有形民俗文化財(民俗),市指定有形民俗文化財(民俗),municipal,1987-03-31,35.657294,139.568783,point,representative_point,municipal,市指定有形民俗文化財(民俗),,
municipal_source,調布市,02.文化財一覧,132080100063,https://service.api.metro.tokyo.lg.jp/api/t132080d3100001964-4ac5f47ee38d5c49163005c754d994ec-0/json,13Tokyo/raw/municipal/13208/data.json,百万遍供養塔,,,,,,調布市,13208,市指定有形民俗文化財(民俗),市指定有形民俗文化財(民俗),municipal,1987-03-31,35.646755,139.586679,point,representative_point,municipal,市指定有形民俗文化財(民俗),,
municipal_source,調布市,02.文化財一覧,132080100064,https://service.api.metro.tokyo.lg.jp/api/t132080d3100001964-4ac5f47ee38d5c49163005c754d994ec-0/json,13Tokyo/raw/municipal/13208/data.json,山野庚申塚の庚申塔,,,,,,調布市,13208,市指定有形民俗文化財(民俗),市指定有形民俗文化財(民俗),municipal,1990-12-26,35.677682,139.543955,point,representative_point,municipal,市指定有形民俗文化財(民俗),,
municipal_source,調布市,02.文化財一覧,132080100065,https://service.api.metro.tokyo.lg.jp/api/t132080d3100001964-4ac5f47ee38d5c49163005c754d994ec-0/json,13Tokyo/raw/municipal/13208/data.json,布多天神社太閤の制札,,,,,,調布市,13208,市指定有形民俗文化財(金石文等),市指定有形民俗文化財(金石文等),municipal,1971-09-08,35.656697,139.545292,point,representative_point,municipal,市指定有形民俗文化財(金石文等),,
municipal_source,調布市,02.文化財一覧,132080100066,https://service.api.metro.tokyo.lg.jp/api/t132080d3100001964-4ac5f47ee38d5c49163005c754d994ec-0/json,13Tokyo/raw/municipal/13208/data.json,弘安四年銘阿弥陀一尊板碑,,,,,,調布市,13208,市指定有形民俗文化財(金石文等),市指定有形民俗文化財(金石文等),municipal,2000-02-02,35.646859,139.536191,point,representative_point,municipal,市指定有形民俗文化財(金石文等),,
municipal_source,調布市,02.文化財一覧,132080100067,https://service.api.metro.tokyo.lg.jp/api/t132080d3100001964-4ac5f47ee38d5c49163005c754d994ec-0/json,13Tokyo/raw/municipal/13208/data.json,弘安五年銘阿弥陀三尊板碑,,,,,,調布市,13208,市指定有形民俗文化財(金石文等),市指定有形民俗文化財(金石文等),municipal,2000-02-02,35.646859,139.536191,point,representative_point,municipal,市指定有形民俗文化財(金石文等),,
municipal_source,調布市,02.文化財一覧,132080100068,https://service.api.metro.tokyo.lg.jp/api/t132080d3100001964-4ac5f47ee38d5c49163005c754d994ec-0/json,13Tokyo/raw/municipal/13208/data.json,文明三年銘阿弥陀図像板碑,,,,,,調布市,13208,市指定有形民俗文化財(金石文等),市指定有形民俗文化財(金石文等),municipal,2000-02-02,35.646859,139.536191,point,representative_point,municipal,市指定有形民俗文化財(金石文等),,
municipal_source,調布市,02.文化財一覧,132080100069,https://service.api.metro.tokyo.lg.jp/api/t132080d3100001964-4ac5f47ee38d5c49163005c754d994ec-0/json,13Tokyo/raw/municipal/13208/data.json,文明十六年銘胎蔵界大日板碑,,,,,,調布市,13208,市指定有形民俗文化財(金石文等),市指定有形民俗文化財(金石文等),municipal,2000-02-02,35.66685,139.550796,point,representative_point,municipal,市指定有形民俗文化財(金石文等),,
municipal_source,調布市,02.文化財一覧,132080100070,https://service.api.metro.tokyo.lg.jp/api/t132080d3100001964-4ac5f47ee38d5c49163005c754d994ec-0/json,13Tokyo/raw/municipal/13208/data.json,享徳二年銘法華曼荼羅板碑,,,,,,調布市,13208,市指定有形民俗文化財(金石文等),市指定有形民俗文化財(金石文等),municipal,2000-02-02,35.651548,139.547064,point,representative_point,municipal,市指定有形民俗文化財(金石文等),,
municipal_source,調布市,02.文化財一覧,132080100071,https://service.api.metro.tokyo.lg.jp/api/t132080d3100001964-4ac5f47ee38d5c49163005c754d994ec-0/json,13Tokyo/raw/municipal/13208/data.json,年未詳法華曼荼羅板碑,,,,,,調布市,13208,市指定有形民俗文化財(金石文等),市指定有形民俗文化財(金石文等),municipal,2000-02-02,35.651548,139.547064,point,representative_point,municipal,市指定有形民俗文化財(金石文等),,
municipal_source,調布市,02.文化財一覧,132080100072,https://service.api.metro.tokyo.lg.jp/api/t132080d3100001964-4ac5f47ee38d5c49163005c754d994ec-0/json,13Tokyo/raw/municipal/13208/data.json,調布の祭ばやし,,,,,,調布市,13208,市指定無形民俗文化財(民俗芸能),市指定無形民俗文化財(民俗芸能),municipal,1996-10-29,35.650716,139.540993,point,representative_point,municipal,市指定無形民俗文化財(民俗芸能),,
municipal_source,調布市,02.文化財一覧,132080100073,https://service.api.metro.tokyo.lg.jp/api/t132080d3100001964-4ac5f47ee38d5c49163005c754d994ec-0/json,13Tokyo/raw/municipal/13208/data.json,飛田給薬師堂境内行人塚,,,,,,調布市,13208,市指定史跡,史跡,municipal,1974-07-12,35.661507,139.523072,point,representative_point,municipal,市指定史跡,,
municipal_source,調布市,02.文化財一覧,132080100074,https://service.api.metro.tokyo.lg.jp/api/t132080d3100001964-4ac5f47ee38d5c49163005c754d994ec-0/json,13Tokyo/raw/municipal/13208/data.json,近藤勇生家跡,,,,,,調布市,13208,市指定史跡,史跡,municipal,1977-04-25,35.679088,139.525933,point,representative_point,municipal,市指定史跡,,
municipal_source,調布市,02.文化財一覧,132080100075,https://service.api.metro.tokyo.lg.jp/api/t132080d3100001964-4ac5f47ee38d5c49163005c754d994ec-0/json,13Tokyo/raw/municipal/13208/data.json,小島一里塚跡,,,,,,調布市,13208,市指定旧跡,市指定旧跡,municipal,1971-02-10,35.653966,139.54184,point,representative_point,municipal,市指定旧跡,,
municipal_source,調布市,02.文化財一覧,132080100076,https://service.api.metro.tokyo.lg.jp/api/t132080d3100001964-4ac5f47ee38d5c49163005c754d994ec-0/json,13Tokyo/raw/municipal/13208/data.json,仙川一里塚跡,,,,,,調布市,13208,市指定旧跡,市指定旧跡,municipal,1971-02-10,35.663405,139.583942,point,representative_point,municipal,市指定旧跡,,
municipal_source,調布市,02.文化財一覧,132080100077,https://service.api.metro.tokyo.lg.jp/api/t132080d3100001964-4ac5f47ee38d5c49163005c754d994ec-0/json,13Tokyo/raw/municipal/13208/data.json,シロハナヤブツバキ,,,,,,調布市,13208,市指定天然記念物(植物),天然記念物,municipal,1966-04-01,35.646172,139.550262,point,representative_point,municipal,市指定天然記念物(植物),,
municipal_source,調布市,02.文化財一覧,132080100078,https://service.api.metro.tokyo.lg.jp/api/t132080d3100001964-4ac5f47ee38d5c49163005c754d994ec-0/json,13Tokyo/raw/municipal/13208/data.json,青渭神社のケヤキ,,,,,,調布市,13208,市指定天然記念物(植物),天然記念物,municipal,1972-04-10,35.667229,139.553022,point,representative_point,municipal,市指定天然記念物(植物),,
municipal_source,調布市,02.文化財一覧,132080100079,https://service.api.metro.tokyo.lg.jp/api/t132080d3100001964-4ac5f47ee38d5c49163005c754d994ec-0/json,13Tokyo/raw/municipal/13208/data.json,山野の禅寺丸古木,,,,,,調布市,13208,市指定天然記念物(植物),天然記念物,municipal,1979-11-01,35.675871,139.551542,point,representative_point,municipal,市指定天然記念物(植物),,
municipal_source,調布市,02.文化財一覧,132080100080,https://service.api.metro.tokyo.lg.jp/api/t132080d3100001964-4ac5f47ee38d5c49163005c754d994ec-0/json,13Tokyo/raw/municipal/13208/data.json,金子のイチョウ,,,,,,調布市,13208,市指定天然記念物(植物),天然記念物,municipal,1981-03-10,35.662575,139.574144,point,representative_point,municipal,市指定天然記念物(植物),,
municipal_source,調布市,02.文化財一覧,132080100081,https://service.api.metro.tokyo.lg.jp/api/t132080d3100001964-4ac5f47ee38d5c49163005c754d994ec-0/json,13Tokyo/raw/municipal/13208/data.json,絵堂のヒイラギ,,,,,,調布市,13208,市指定天然記念物(植物),天然記念物,municipal,1981-03-10,35.665677,139.556495,point,representative_point,municipal,市指定天然記念物(植物),,
municipal_source,調布市,02.文化財一覧,132080100082,https://service.api.metro.tokyo.lg.jp/api/t132080d3100001964-4ac5f47ee38d5c49163005c754d994ec-0/json,13Tokyo/raw/municipal/13208/data.json,黄檗版大般若波羅蜜多経,,,,,,調布市,13208,市指定有形文化財(歴史資料),歴史資料,municipal,2023-02-24,35.66685,139.550796,point,representative_point,municipal,市指定有形文化財(歴史資料),,
municipal_source,国分寺市,文化財一覧,132144100012,https://service.api.metro.tokyo.lg.jp/api/t132144d3100000007-d25475b85243fb5db22e6fc42c9ee753-0/json,13Tokyo/raw/municipal/13214/data.json,川崎・伊奈両代官謝恩塔,,,,,,国分寺市,13214,市指定文化財,建造物,municipal,1964-01-15,35.71744,139.449892,building_direct,building_candidate_point,municipal,市指定文化財,建造物,
municipal_source,国分寺市,文化財一覧,132144100013,https://service.api.metro.tokyo.lg.jp/api/t132144d3100000007-d25475b85243fb5db22e6fc42c9ee753-0/json,13Tokyo/raw/municipal/13214/data.json,国分寺仁王門,,,,,,国分寺市,13214,市指定文化財,建造物,municipal,1964-01-15,35.69379,139.472076,building_direct,building_candidate_point,municipal,市指定文化財,建造物,
municipal_source,国分寺市,文化財一覧,132144100014,https://service.api.metro.tokyo.lg.jp/api/t132144d3100000007-d25475b85243fb5db22e6fc42c9ee753-0/json,13Tokyo/raw/municipal/13214/data.json,国分寺所蔵資料(旧国分寺市文化財保存館資料),,,,,,国分寺市,13214,市指定文化財,その他,municipal,1964-01-15,35.693874,139.472775,point,representative_point,municipal,市指定文化財,その他,
municipal_source,国分寺市,文化財一覧,132144100015,https://service.api.metro.tokyo.lg.jp/api/t132144d3100000007-d25475b85243fb5db22e6fc42c9ee753-0/json,13Tokyo/raw/municipal/13214/data.json,土師竪穴住居跡,,,,,,国分寺市,13214,市指定文化財,その他,municipal,1964-01-15,35.694024,139.470329,point,representative_point,municipal,市指定文化財,その他,
municipal_source,国分寺市,文化財一覧,132144100016,https://service.api.metro.tokyo.lg.jp/api/t132144d3100000007-d25475b85243fb5db22e6fc42c9ee753-0/json,13Tokyo/raw/municipal/13214/data.json,万葉植物園,,,,,,国分寺市,13214,市指定文化財,その他,municipal,1964-01-15,35.69379,139.472076,point,representative_point,municipal,市指定文化財,その他,
municipal_source,国分寺市,文化財一覧,132144100017,https://service.api.metro.tokyo.lg.jp/api/t132144d3100000007-d25475b85243fb5db22e6fc42c9ee753-0/json,13Tokyo/raw/municipal/13214/data.json,国分寺のコウヤマキ,,,,,,国分寺市,13214,市指定文化財,その他,municipal,1964-01-15,35.69379,139.472076,point,representative_point,municipal,市指定文化財,その他,
municipal_source,国分寺市,文化財一覧,132144100018,https://service.api.metro.tokyo.lg.jp/api/t132144d3100000007-d25475b85243fb5db22e6fc42c9ee753-0/json,13Tokyo/raw/municipal/13214/data.json,祥応寺のコノテガシワ,,,,,,国分寺市,13214,市指定文化財,その他,municipal,1964-01-15,35.707088,139.481882,point,representative_point,municipal,市指定文化財,その他,
municipal_source,国分寺市,文化財一覧,132144100019,https://service.api.metro.tokyo.lg.jp/api/t132144d3100000007-d25475b85243fb5db22e6fc42c9ee753-0/json,13Tokyo/raw/municipal/13214/data.json,国分寺薬師堂,,,,,,国分寺市,13214,市指定文化財,建造物,municipal,1976-10-07,35.69379,139.472076,building_direct,building_candidate_point,municipal,市指定文化財,建造物,
municipal_source,国分寺市,文化財一覧,132144100020,https://service.api.metro.tokyo.lg.jp/api/t132144d3100000007-d25475b85243fb5db22e6fc42c9ee753-0/json,13Tokyo/raw/municipal/13214/data.json,国分寺楼門,,,,,,国分寺市,13214,市指定文化財,建造物,municipal,1976-10-07,35.693364,139.471982,building_direct,building_candidate_point,municipal,市指定文化財,建造物,
municipal_source,国分寺市,文化財一覧,132144100021,https://service.api.metro.tokyo.lg.jp/api/t132144d3100000007-d25475b85243fb5db22e6fc42c9ee753-0/json,13Tokyo/raw/municipal/13214/data.json,本多良雄家古文書,,,,,,国分寺市,13214,市指定文化財,その他,municipal,1989-10-01,35.706816,139.485194,point,representative_point,municipal,市指定文化財,その他,
municipal_source,国分寺市,文化財一覧,132144100022,https://service.api.metro.tokyo.lg.jp/api/t132144d3100000007-d25475b85243fb5db22e6fc42c9ee753-0/json,13Tokyo/raw/municipal/13214/data.json,戸倉義助家古文書,,,,,,国分寺市,13214,市指定文化財,その他,municipal,1989-10-01,35.706816,139.485194,point,representative_point,municipal,市指定文化財,その他,
municipal_source,国分寺市,文化財一覧,132144100023,https://service.api.metro.tokyo.lg.jp/api/t132144d3100000007-d25475b85243fb5db22e6fc42c9ee753-0/json,13Tokyo/raw/municipal/13214/data.json,元文元年野中新田検地帳,,,,,,国分寺市,13214,市指定文化財,その他,municipal,1989-10-01,35.711956,139.442161,point,representative_point,municipal,市指定文化財,その他,
municipal_source,国分寺市,文化財一覧,132144100024,https://service.api.metro.tokyo.lg.jp/api/t132144d3100000007-d25475b85243fb5db22e6fc42c9ee753-0/json,13Tokyo/raw/municipal/13214/data.json,武蔵野新田養料金一件始末書,,,,,,国分寺市,13214,市指定文化財,その他,municipal,1989-10-01,35.71744,139.449892,point,representative_point,municipal,市指定文化財,その他,
municipal_source,国分寺市,文化財一覧,132144100025,https://service.api.metro.tokyo.lg.jp/api/t132144d3100000007-d25475b85243fb5db22e6fc42c9ee753-0/json,13Tokyo/raw/municipal/13214/data.json,南北武蔵野新田養料金始末書,,,,,,国分寺市,13214,市指定文化財,その他,municipal,1989-10-01,35.719457,139.447013,point,representative_point,municipal,市指定文化財,その他,
municipal_source,国分寺市,文化財一覧,132144100026,https://service.api.metro.tokyo.lg.jp/api/t132144d3100000007-d25475b85243fb5db22e6fc42c9ee753-0/json,13Tokyo/raw/municipal/13214/data.json,村巨細日記,,,,,,国分寺市,13214,市指定文化財,その他,municipal,1989-10-01,35.706816,139.485194,point,representative_point,municipal,市指定文化財,その他,
municipal_source,国分寺市,文化財一覧,132144100027,https://service.api.metro.tokyo.lg.jp/api/t132144d3100000007-d25475b85243fb5db22e6fc42c9ee753-0/json,13Tokyo/raw/municipal/13214/data.json,武蔵野 新田成立期の御用留,,,,,,国分寺市,13214,市指定文化財,その他,municipal,1989-10-01,35.719457,139.447013,point,representative_point,municipal,市指定文化財,その他,
municipal_source,国分寺市,文化財一覧,132144100028,https://service.api.metro.tokyo.lg.jp/api/t132144d3100000007-d25475b85243fb5db22e6fc42c9ee753-0/json,13Tokyo/raw/municipal/13214/data.json,徳川将軍家寺領安堵朱印状,,,,,,国分寺市,13214,市指定文化財,その他,municipal,1989-10-01,35.693874,139.472775,point,representative_point,municipal,市指定文化財,その他,
municipal_source,国分寺市,文化財一覧,132144100029,https://service.api.metro.tokyo.lg.jp/api/t132144d3100000007-d25475b85243fb5db22e6fc42c9ee753-0/json,13Tokyo/raw/municipal/13214/data.json,伝鎌倉街道,,,,,,国分寺市,13214,市指定文化財,その他,municipal,1992-02-01,35.691714,139.467218,point,representative_point,municipal,市指定文化財,その他,
municipal_source,国分寺市,文化財一覧,132144100030,https://service.api.metro.tokyo.lg.jp/api/t132144d3100000007-d25475b85243fb5db22e6fc42c9ee753-0/json,13Tokyo/raw/municipal/13214/data.json,立川ローム層第X層出土石斧群,,,,,,国分寺市,13214,市指定文化財,その他,municipal,2000-02-01,35.693874,139.472775,point,representative_point,municipal,市指定文化財,その他,
municipal_source,国分寺市,文化財一覧,132144100031,https://service.api.metro.tokyo.lg.jp/api/t132144d3100000007-d25475b85243fb5db22e6fc42c9ee753-0/json,13Tokyo/raw/municipal/13214/data.json,川崎平右衛門及び観音寺中興開山供養塔,,,,,,国分寺市,13214,市指定文化財,その他,municipal,2000-02-01,35.708578,139.43624,point,representative_point,municipal,市指定文化財,その他,
municipal_source,国分寺市,文化財一覧,132144100032,https://service.api.metro.tokyo.lg.jp/api/t132144d3100000007-d25475b85243fb5db22e6fc42c9ee753-0/json,13Tokyo/raw/municipal/13214/data.json,疫病神の詫び証文,,,,,,国分寺市,13214,市指定文化財,その他,municipal,2000-02-01,35.706816,139.485194,point,representative_point,municipal,市指定文化財,その他,
municipal_source,国分寺市,文化財一覧,132144100033,https://service.api.metro.tokyo.lg.jp/api/t132144d3100000007-d25475b85243fb5db22e6fc42c9ee753-0/json,13Tokyo/raw/municipal/13214/data.json,硬玉製大珠,,,,,,国分寺市,13214,市指定文化財,その他,municipal,2003-02-27,35.693874,139.472775,point,representative_point,municipal,市指定文化財,その他,
municipal_source,国分寺市,文化財一覧,132144100034,https://service.api.metro.tokyo.lg.jp/api/t132144d3100000007-d25475b85243fb5db22e6fc42c9ee753-0/json,13Tokyo/raw/municipal/13214/data.json,木造書見台 墨書銘 「弘治二年 」,,,,,,国分寺市,13214,市指定文化財,その他,municipal,2003-02-27,35.69379,139.472076,point,representative_point,municipal,市指定文化財,その他,
municipal_source,国分寺市,文化財一覧,132144100035,https://service.api.metro.tokyo.lg.jp/api/t132144d3100000007-d25475b85243fb5db22e6fc42c9ee753-0/json,13Tokyo/raw/municipal/13214/data.json,旧本多家住宅長屋門,,,,,,国分寺市,13214,市指定文化財,建造物,municipal,2012-02-24,35.693668,139.472489,building_direct,building_candidate_point,municipal,市指定文化財,建造物,
municipal_source,国分寺市,文化財一覧,132144100036,https://service.api.metro.tokyo.lg.jp/api/t132144d3100000007-d25475b85243fb5db22e6fc42c9ee753-0/json,13Tokyo/raw/municipal/13214/data.json,旧 本多家住宅倉,,,,,,国分寺市,13214,市指定文化財,建造物,municipal,2012-02-24,35.693668,139.472489,building_direct,building_candidate_point,municipal,市指定文化財,建造物,
municipal_source,国分寺市,文化財一覧,132144100037,https://service.api.metro.tokyo.lg.jp/api/t132144d3100000007-d25475b85243fb5db22e6fc42c9ee753-0/json,13Tokyo/raw/municipal/13214/data.json,武蔵国分寺跡出土の小型海獣葡萄鏡,,,,,,国分寺市,13214,市指定文化財,その他,municipal,2014-04-01,35.693874,139.472775,point,representative_point,municipal,市指定文化財,その他,
municipal_source,国分寺市,文化財一覧,132144100038,https://service.api.metro.tokyo.lg.jp/api/t132144d3100000007-d25475b85243fb5db22e6fc42c9ee753-0/json,13Tokyo/raw/municipal/13214/data.json,武蔵国分寺跡出土の金銅製円形飾金具,,,,,,国分寺市,13214,市指定文化財,その他,municipal,2014-04-01,35.693874,139.472775,point,representative_point,municipal,市指定文化財,その他,
municipal_source,国分寺市,文化財一覧,132144100039,https://service.api.metro.tokyo.lg.jp/api/t132144d3100000007-d25475b85243fb5db22e6fc42c9ee753-0/json,13Tokyo/raw/municipal/13214/data.json,本多八幡神社の力石,,,,,,国分寺市,13214,市指定文化財,その他,municipal,2014-04-01,35.707198,139.481206,point,representative_point,municipal,市指定文化財,その他,
municipal_source,国分寺市,文化財一覧,132144100040,https://service.api.metro.tokyo.lg.jp/api/t132144d3100000007-d25475b85243fb5db22e6fc42c9ee753-0/json,13Tokyo/raw/municipal/13214/data.json,西町五丁目の旧屋敷林,,,,,,国分寺市,13214,市指定文化財,その他,municipal,2014-04-01,35.717547,139.433459,point,representative_point,municipal,市指定文化財,その他,
municipal_source,国分寺市,文化財一覧,132144100041,https://service.api.metro.tokyo.lg.jp/api/t132144d3100000007-d25475b85243fb5db22e6fc42c9ee753-0/json,13Tokyo/raw/municipal/13214/data.json,恋ヶ窪村分水,,,,,,国分寺市,13214,市指定文化財,その他,municipal,2017-12-04,35.705426,139.468469,point,representative_point,municipal,市指定文化財,その他,
municipal_source,国分寺市,文化財一覧,132144100042,https://service.api.metro.tokyo.lg.jp/api/t132144d3100000007-d25475b85243fb5db22e6fc42c9ee753-0/json,13Tokyo/raw/municipal/13214/data.json,本多八幡神社神輿,,,,,,国分寺市,13214,市指定文化財,その他,municipal,2021-03-25,35.707198,139.481206,point,representative_point,municipal,市指定文化財,その他,
municipal_source,国分寺市,文化財一覧,132144100043,https://service.api.metro.tokyo.lg.jp/api/t132144d3100000007-d25475b85243fb5db22e6fc42c9ee753-0/json,13Tokyo/raw/municipal/13214/data.json,中藤新田分水跡,,,,,,国分寺市,13214,市指定文化財,その他,municipal,2022-09-30,35.713267,139.435329,point,representative_point,municipal,市指定文化財,その他,
municipal_source,国立市,文化財一覧,132152100013,https://www.opendata.metro.tokyo.lg.jp/kunitachi/132152_cultural_property.csv,13Tokyo/raw/municipal/13215/data.csv,谷保天満宮本殿附棟札,,谷保天満宮,,宗教法人谷保天満宮,,国立市,13215,国立市指定有形文化財,建造物,municipal,1971-06-01,35.680307,139.443613,building_direct,building_candidate_point,municipal,国立市指定有形文化財,建造物,
municipal_source,国立市,文化財一覧,132152100014,https://www.opendata.metro.tokyo.lg.jp/kunitachi/132152_cultural_property.csv,13Tokyo/raw/municipal/13215/data.csv,谷保天満宮拝殿,,谷保天満宮,,宗教法人谷保天満宮,,国立市,13215,国立市指定有形文化財,建造物,municipal,1971-06-01,35.680223,139.443623,building_direct,building_candidate_point,municipal,国立市指定有形文化財,建造物,
municipal_source,国立市,文化財一覧,132152100015,https://www.opendata.metro.tokyo.lg.jp/kunitachi/132152_cultural_property.csv,13Tokyo/raw/municipal/13215/data.csv,谷保天満宮獅子舞,,谷保天満宮,,宗教法人谷保天満宮,,国立市,13215,国立市指定無形文化財,民俗,municipal,1971-06-01,35.679363,139.44395,point,representative_point,municipal,国立市指定無形文化財,民俗,
municipal_source,国立市,文化財一覧,132152100016,https://www.opendata.metro.tokyo.lg.jp/kunitachi/132152_cultural_property.csv,13Tokyo/raw/municipal/13215/data.csv,十一面千手観音坐像,,南養寺,,宗教法人南養寺,,国立市,13215,国立市指定有形文化財,美術工芸品,municipal,1980-06-01,35.68058,139.432503,movable,representative_point,municipal,国立市指定有形文化財,彫刻,
municipal_source,国立市,文化財一覧,132152100017,https://www.opendata.metro.tokyo.lg.jp/kunitachi/132152_cultural_property.csv,13Tokyo/raw/municipal/13215/data.csv,不動明王坐像,,非公開,,個人,,国立市,13215,国立市指定有形文化財,美術工芸品,municipal,1980-06-01,,,movable,representative_point,municipal,国立市指定有形文化財,彫刻,
municipal_source,国立市,文化財一覧,132152100018,https://www.opendata.metro.tokyo.lg.jp/kunitachi/132152_cultural_property.csv,13Tokyo/raw/municipal/13215/data.csv,阿弥陀如来坐像,,非公開,,個人,,国立市,13215,国立市指定有形文化財,美術工芸品,municipal,1980-06-01,,,movable,representative_point,municipal,国立市指定有形文化財,彫刻,
municipal_source,国立市,文化財一覧,132152100019,https://www.opendata.metro.tokyo.lg.jp/kunitachi/132152_cultural_property.csv,13Tokyo/raw/municipal/13215/data.csv,観世音菩薩坐像,,くにたち郷土文化館,,個人,,国立市,13215,国立市指定有形文化財,美術工芸品,municipal,1980-06-01,35.679006,139.432637,movable,representative_point,municipal,国立市指定有形文化財,彫刻,
municipal_source,国立市,文化財一覧,132152100020,https://www.opendata.metro.tokyo.lg.jp/kunitachi/132152_cultural_property.csv,13Tokyo/raw/municipal/13215/data.csv,南養寺本堂,,南養寺,,宗教法人南養寺,,国立市,13215,国立市指定有形文化財,建造物,municipal,1982-04-01,35.680546,139.432317,building_direct,building_candidate_point,municipal,国立市指定有形文化財,建造物,
municipal_source,国立市,文化財一覧,132152100021,https://www.opendata.metro.tokyo.lg.jp/kunitachi/132152_cultural_property.csv,13Tokyo/raw/municipal/13215/data.csv,南養寺大悲殿,,非公開,,宗教法人南養寺,,国立市,13215,国立市指定有形文化財,建造物,municipal,1982-04-01,,,building_direct,building_candidate_point,municipal,国立市指定有形文化財,建造物,
municipal_source,国立市,文化財一覧,132152100022,https://www.opendata.metro.tokyo.lg.jp/kunitachi/132152_cultural_property.csv,13Tokyo/raw/municipal/13215/data.csv,南養寺総門,,南養寺,,宗教法人南養寺,,国立市,13215,国立市指定有形文化財,建造物,municipal,1982-04-01,35.680817,139.432169,building_direct,building_candidate_point,municipal,国立市指定有形文化財,建造物,
municipal_source,国立市,文化財一覧,132152100023,https://www.opendata.metro.tokyo.lg.jp/kunitachi/132152_cultural_property.csv,13Tokyo/raw/municipal/13215/data.csv,南養寺鐘楼,,南養寺,,宗教法人南養寺,,国立市,13215,国立市指定有形文化財,建造物,municipal,1982-04-01,35.680331,139.432344,building_direct,building_candidate_point,municipal,国立市指定有形文化財,建造物,
municipal_source,国立市,文化財一覧,132152100024,https://www.opendata.metro.tokyo.lg.jp/kunitachi/132152_cultural_property.csv,13Tokyo/raw/municipal/13215/data.csv,南養寺庭園,,非公開,,宗教法人南養寺,,国立市,13215,国立市指定史跡,史跡,municipal,1982-04-01,,,point,representative_point,municipal,国立市指定史跡,史跡,
municipal_source,国立市,文化財一覧,132152100025,https://www.opendata.metro.tokyo.lg.jp/kunitachi/132152_cultural_property.csv,13Tokyo/raw/municipal/13215/data.csv,南養寺遺跡敷石住居跡,,非公開,,宗教法人南養寺,,国立市,13215,国立市指定史跡,史跡,municipal,1985-04-01,,,point,representative_point,municipal,国立市指定史跡,史跡,
municipal_source,国立市,文化財一覧,132152100026,https://www.opendata.metro.tokyo.lg.jp/kunitachi/132152_cultural_property.csv,13Tokyo/raw/municipal/13215/data.csv,古民家(旧柳澤家住宅),,国立市古民家,,国立市,,国立市,13215,国立市指定有形文化財,民俗,municipal,1991-10-01,35.678393,139.436653,point,representative_point,municipal,国立市指定有形文化財,民俗,
municipal_source,国立市,文化財一覧,132152100027,https://www.opendata.metro.tokyo.lg.jp/kunitachi/132152_cultural_property.csv,13Tokyo/raw/municipal/13215/data.csv,顔面把手付土器,,くにたち郷土文化館,,国立市,,国立市,13215,国立市指定有形文化財,考古資料,municipal,1999-04-01,35.679006,139.432637,movable,representative_point,municipal,国立市指定有形文化財,考古資料,
municipal_source,国立市,文化財一覧,132152100028,https://www.opendata.metro.tokyo.lg.jp/kunitachi/132152_cultural_property.csv,13Tokyo/raw/municipal/13215/data.csv,紡錘車,,くにたち郷土文化館,,国立市,,国立市,13215,国立市指定有形文化財,考古資料,municipal,2001-04-01,35.679006,139.432637,movable,representative_point,municipal,国立市指定有形文化財,考古資料,
municipal_source,国立市,文化財一覧,132152100029,https://www.opendata.metro.tokyo.lg.jp/kunitachi/132152_cultural_property.csv,13Tokyo/raw/municipal/13215/data.csv,人体文土器,,くにたち郷土文化館,,国立市,,国立市,13215,国立市指定有形文化財,考古資料,municipal,2005-04-01,35.679006,139.432637,movable,representative_point,municipal,国立市指定有形文化財,考古資料,
municipal_source,国立市,文化財一覧,132152100030,https://www.opendata.metro.tokyo.lg.jp/kunitachi/132152_cultural_property.csv,13Tokyo/raw/municipal/13215/data.csv,下谷保一号墳,,下谷保古墳群,,国立市,,国立市,13215,国立市指定史跡,史跡,municipal,2006-04-01,35.67738,139.44829,point,representative_point,municipal,国立市指定史跡,史跡,
municipal_source,国立市,文化財一覧,132152100031,https://www.opendata.metro.tokyo.lg.jp/kunitachi/132152_cultural_property.csv,13Tokyo/raw/municipal/13215/data.csv,旧国立駅舎,,旧国立駅舎,,国立市,,国立市,13215,国立市指定有形文化財,建造物,municipal,2006-10-01,35.69907,139.448427,building_direct,building_candidate_point,municipal,国立市指定有形文化財,建造物,
municipal_source,国立市,文化財一覧,132152100032,https://www.opendata.metro.tokyo.lg.jp/kunitachi/132152_cultural_property.csv,13Tokyo/raw/municipal/13215/data.csv,四軒在家遺跡古墳出土副葬品,,くにたち郷土文化館,,国立市,,国立市,13215,国立市指定有形文化財,考古資料,municipal,2009-04-01,35.679006,139.432637,movable,representative_point,municipal,国立市指定有形文化財,考古資料,
municipal_source,国立市,文化財一覧,132152100033,https://www.opendata.metro.tokyo.lg.jp/kunitachi/132152_cultural_property.csv,13Tokyo/raw/municipal/13215/data.csv,関鋳物師跡出土品,,くにたち郷土文化館,,国立市,,国立市,13215,国立市指定有形文化財,考古資料,municipal,2012-04-01,35.679006,139.432637,movable,representative_point,municipal,国立市指定有形文化財,考古資料,
municipal_source,国立市,文化財一覧,132152100034,https://www.opendata.metro.tokyo.lg.jp/kunitachi/132152_cultural_property.csv,13Tokyo/raw/municipal/13215/data.csv,下谷保9号墳出土遺物,,くにたち郷土文化館,,国立市,,国立市,13215,国立市指定有形文化財,考古資料,municipal,2015-04-01,35.679006,139.432637,movable,representative_point,municipal,国立市指定有形文化財,考古資料,
municipal_source,国立市,文化財一覧,132152100035,https://www.opendata.metro.tokyo.lg.jp/kunitachi/132152_cultural_property.csv,13Tokyo/raw/municipal/13215/data.csv,青柳稲荷神社本殿,,青柳稲荷神社,,青柳稲荷神社講中,,国立市,13215,国立市登録有形文化財,建造物,municipal,2002-04-01,35.681473,139.423068,building_direct,building_candidate_point,municipal,国立市登録有形文化財,建造物,
municipal_source,国立市,文化財一覧,132152100036,https://www.opendata.metro.tokyo.lg.jp/kunitachi/132152_cultural_property.csv,13Tokyo/raw/municipal/13215/data.csv,滝乃川学園礼拝堂,,滝乃川学園,,社会福祉法人滝乃川学園,,国立市,13215,国立市登録有形文化財,建造物,municipal,2003-04-01,35.680338,139.430033,building_direct,building_candidate_point,municipal,国立市登録有形文化財,建造物,
municipal_source,国立市,文化財一覧,132152100037,https://www.opendata.metro.tokyo.lg.jp/kunitachi/132152_cultural_property.csv,13Tokyo/raw/municipal/13215/data.csv,谷保天満宮末社厳島神社附棟札,,谷保天満宮,,宗教法人谷保天満宮,,国立市,13215,国立市登録有形文化財,建造物,municipal,2005-04-01,35.680601,139.443404,building_direct,building_candidate_point,municipal,国立市登録有形文化財,建造物,
municipal_source,国立市,文化財一覧,132152100038,https://www.opendata.metro.tokyo.lg.jp/kunitachi/132152_cultural_property.csv,13Tokyo/raw/municipal/13215/data.csv,谷保天満宮神楽殿附棟札,,谷保天満宮,,宗教法人谷保天満宮,,国立市,13215,国立市登録有形文化財,建造物,municipal,2010-04-01,35.679566,139.443889,building_direct,building_candidate_point,municipal,国立市登録有形文化財,建造物,
municipal_source,国立市,文化財一覧,132152100039,https://www.opendata.metro.tokyo.lg.jp/kunitachi/132152_cultural_property.csv,13Tokyo/raw/municipal/13215/data.csv,旧日本興業銀行クラブハウス,,非公開,,個人,,国立市,13215,国立市登録有形文化財,建造物,municipal,2012-04-01,,,building_direct,building_candidate_point,municipal,国立市登録有形文化財,建造物,
municipal_source,国立市,文化財一覧,132152100040,https://www.opendata.metro.tokyo.lg.jp/kunitachi/132152_cultural_property.csv,13Tokyo/raw/municipal/13215/data.csv,滝乃川学園鐘楼附鐘,,滝乃川学園,,社会福祉法人滝乃川学園,,国立市,13215,国立市登録有形文化財,建造物,municipal,2015-04-01,35.680437,139.429818,building_direct,building_candidate_point,municipal,国立市登録有形文化財,建造物,
municipal_source,国立市,文化財一覧,132152100041,https://www.opendata.metro.tokyo.lg.jp/kunitachi/132152_cultural_property.csv,13Tokyo/raw/municipal/13215/data.csv,旧野島家住宅,,ル・ヴァン・ド・ヴェール,,個人,,国立市,13215,国立市登録有形文化財,建造物,municipal,2018-04-01,35.697226,139.446262,building_direct,building_candidate_point,municipal,国立市登録有形文化財,建造物,
municipal_source,国立市,文化財一覧,132152100042,https://www.opendata.metro.tokyo.lg.jp/kunitachi/132152_cultural_property.csv,13Tokyo/raw/municipal/13215/data.csv,津戸三郎為守画像,,谷保天満宮,,宗教法人谷保天満宮,,国立市,13215,国立市登録有形文化財,美術工芸品,municipal,2014-04-01,35.679363,139.44395,movable,representative_point,municipal,国立市登録有形文化財,絵画,
municipal_source,国立市,文化財一覧,132152100043,https://www.opendata.metro.tokyo.lg.jp/kunitachi/132152_cultural_property.csv,13Tokyo/raw/municipal/13215/data.csv,十一面観音坐像,,非公開,,青柳稲荷神社,,国立市,13215,国立市登録有形文化財,美術工芸品,municipal,1999-04-01,,,movable,representative_point,municipal,国立市登録有形文化財,彫刻,
municipal_source,国立市,文化財一覧,132152100044,https://www.opendata.metro.tokyo.lg.jp/kunitachi/132152_cultural_property.csv,13Tokyo/raw/municipal/13215/data.csv,開山像,,非公開,,宗教法人南養寺,,国立市,13215,国立市登録有形文化財,美術工芸品,municipal,1999-04-01,,,movable,representative_point,municipal,国立市登録有形文化財,彫刻,
municipal_source,国立市,文化財一覧,132152100045,https://www.opendata.metro.tokyo.lg.jp/kunitachi/132152_cultural_property.csv,13Tokyo/raw/municipal/13215/data.csv,古社八幡宮御正体,,非公開,,個人,,国立市,13215,国立市登録有形文化財,美術工芸品,municipal,1999-04-01,,,movable,representative_point,municipal,国立市登録有形文化財,彫刻,
municipal_source,国立市,文化財一覧,132152100046,https://www.opendata.metro.tokyo.lg.jp/kunitachi/132152_cultural_property.csv,13Tokyo/raw/municipal/13215/data.csv,阿弥陀如来坐像,,谷保天満宮,,宗教法人谷保天満宮,,国立市,13215,国立市登録有形文化財,美術工芸品,municipal,2000-04-01,35.679363,139.44395,movable,representative_point,municipal,国立市登録有形文化財,彫刻,
municipal_source,国立市,文化財一覧,132152100047,https://www.opendata.metro.tokyo.lg.jp/kunitachi/132152_cultural_property.csv,13Tokyo/raw/municipal/13215/data.csv,金剛界大日如来坐像,,谷保天満宮,,宗教法人谷保天満宮,,国立市,13215,国立市登録有形文化財,美術工芸品,municipal,2000-04-01,35.679363,139.44395,movable,representative_point,municipal,国立市登録有形文化財,彫刻,
municipal_source,国立市,文化財一覧,132152100048,https://www.opendata.metro.tokyo.lg.jp/kunitachi/132152_cultural_property.csv,13Tokyo/raw/municipal/13215/data.csv,十一面観音立像,,谷保天満宮,,宗教法人谷保天満宮,,国立市,13215,国立市登録有形文化財,美術工芸品,municipal,2000-04-01,35.679363,139.44395,movable,representative_point,municipal,国立市登録有形文化財,工芸品,
municipal_source,国立市,文化財一覧,132152100049,https://www.opendata.metro.tokyo.lg.jp/kunitachi/132152_cultural_property.csv,13Tokyo/raw/municipal/13215/data.csv,獅子頭,,谷保天満宮,,宗教法人谷保天満宮,,国立市,13215,国立市登録有形文化財,美術工芸品,municipal,2000-04-01,35.679363,139.44395,movable,representative_point,municipal,国立市登録有形文化財,工芸品,
municipal_source,国立市,文化財一覧,132152100050,https://www.opendata.metro.tokyo.lg.jp/kunitachi/132152_cultural_property.csv,13Tokyo/raw/municipal/13215/data.csv,龍頭木型,,くにたち郷土文化館,,個人,,国立市,13215,国立市登録有形文化財,美術工芸品,municipal,2002-04-01,35.679006,139.432637,movable,representative_point,municipal,国立市登録有形文化財,彫刻,
municipal_source,国立市,文化財一覧,132152100051,https://www.opendata.metro.tokyo.lg.jp/kunitachi/132152_cultural_property.csv,13Tokyo/raw/municipal/13215/data.csv,本田家鞍,,非公開,,国立市,,国立市,13215,国立市登録有形文化財,美術工芸品,municipal,2001-04-01,,,movable,representative_point,municipal,国立市登録有形文化財,工芸品,
municipal_source,国立市,文化財一覧,132152100052,https://www.opendata.metro.tokyo.lg.jp/kunitachi/132152_cultural_property.csv,13Tokyo/raw/municipal/13215/data.csv,佐藤家甲冑,,非公開,,個人,,国立市,13215,国立市登録有形文化財,美術工芸品,municipal,2001-04-01,,,movable,representative_point,municipal,国立市登録有形文化財,工芸品,
municipal_source,国立市,文化財一覧,132152100053,https://www.opendata.metro.tokyo.lg.jp/kunitachi/132152_cultural_property.csv,13Tokyo/raw/municipal/13215/data.csv,鏧子,,非公開,,滝之院墓地管理組合,,国立市,13215,国立市登録有形文化財,美術工芸品,municipal,2004-04-01,,,movable,representative_point,municipal,国立市登録有形文化財,工芸品,
municipal_source,国立市,文化財一覧,132152100054,https://www.opendata.metro.tokyo.lg.jp/kunitachi/132152_cultural_property.csv,13Tokyo/raw/municipal/13215/data.csv,谷保天満宮扁額(元禄三年在銘),,非公開,,宗教法人谷保天満宮,,国立市,13215,国立市登録有形文化財,美術工芸品,municipal,2006-04-01,,,movable,representative_point,municipal,国立市登録有形文化財,工芸品,
municipal_source,国立市,文化財一覧,132152100055,https://www.opendata.metro.tokyo.lg.jp/kunitachi/132152_cultural_property.csv,13Tokyo/raw/municipal/13215/data.csv,谷保天満宮扁額(明和三年在銘),,非公開,,宗教法人谷保天満宮,,国立市,13215,国立市登録有形文化財,美術工芸品,municipal,2006-04-01,,,movable,representative_point,municipal,国立市登録有形文化財,工芸品,
municipal_source,国立市,文化財一覧,132152100056,https://www.opendata.metro.tokyo.lg.jp/kunitachi/132152_cultural_property.csv,13Tokyo/raw/municipal/13215/data.csv,谷保天満宮扁額(安政二年在銘),,非公開,,宗教法人谷保天満宮,,国立市,13215,国立市登録有形文化財,美術工芸品,municipal,2006-04-01,,,movable,representative_point,municipal,国立市登録有形文化財,工芸品,
municipal_source,国立市,文化財一覧,132152100057,https://www.opendata.metro.tokyo.lg.jp/kunitachi/132152_cultural_property.csv,13Tokyo/raw/municipal/13215/data.csv,谷保天満宮扁額(天明元年在銘),,非公開,,宗教法人谷保天満宮,,国立市,13215,国立市登録有形文化財,美術工芸品,municipal,2006-04-01,,,movable,representative_point,municipal,国立市登録有形文化財,工芸品,
municipal_source,国立市,文化財一覧,132152100058,https://www.opendata.metro.tokyo.lg.jp/kunitachi/132152_cultural_property.csv,13Tokyo/raw/municipal/13215/data.csv,半鐘(天保十二年在銘),,くにたち郷土文化館,,国立市,,国立市,13215,国立市登録有形文化財,美術工芸品,municipal,2007-04-01,35.679006,139.432637,movable,representative_point,municipal,国立市登録有形文化財,工芸品,
municipal_source,国立市,文化財一覧,132152100059,https://www.opendata.metro.tokyo.lg.jp/kunitachi/132152_cultural_property.csv,13Tokyo/raw/municipal/13215/data.csv,半鐘(大正九年在銘),,くにたち郷土文化館,,国立市,,国立市,13215,国立市登録有形文化財,美術工芸品,municipal,2007-04-01,35.679006,139.432637,movable,representative_point,municipal,国立市登録有形文化財,工芸品,
municipal_source,国立市,文化財一覧,132152100060,https://www.opendata.metro.tokyo.lg.jp/kunitachi/132152_cultural_property.csv,13Tokyo/raw/municipal/13215/data.csv,本田定弘家文書,,非公開,,国立市,,国立市,13215,国立市登録有形文化財,古文書,municipal,2000-04-01,,,movable,representative_point,municipal,国立市登録有形文化財,古文書,
municipal_source,国立市,文化財一覧,132152100061,https://www.opendata.metro.tokyo.lg.jp/kunitachi/132152_cultural_property.csv,13Tokyo/raw/municipal/13215/data.csv,加藤家文書,,非公開,,個人,,国立市,13215,国立市登録有形文化財,古文書,municipal,2003-04-01,,,movable,representative_point,municipal,国立市登録有形文化財,古文書,
municipal_source,国立市,文化財一覧,132152100062,https://www.opendata.metro.tokyo.lg.jp/kunitachi/132152_cultural_property.csv,13Tokyo/raw/municipal/13215/data.csv,佐藤康胤家文書,,非公開,,個人,,国立市,13215,国立市登録有形文化財,古文書,municipal,2004-04-01,,,movable,representative_point,municipal,国立市登録有形文化財,古文書,
municipal_source,国立市,文化財一覧,132152100063,https://www.opendata.metro.tokyo.lg.jp/kunitachi/132152_cultural_property.csv,13Tokyo/raw/municipal/13215/data.csv,谷保天満宮古文書,,非公開,,宗教法人谷保天満宮,,国立市,13215,国立市登録有形文化財,古文書,municipal,2005-04-01,,,movable,representative_point,municipal,国立市登録有形文化財,古文書,
municipal_source,国立市,文化財一覧,132152100064,https://www.opendata.metro.tokyo.lg.jp/kunitachi/132152_cultural_property.csv,13Tokyo/raw/municipal/13215/data.csv,西野家文書,,非公開,,個人,,国立市,13215,国立市登録有形文化財,古文書,municipal,2006-04-01,,,movable,representative_point,municipal,国立市登録有形文化財,古文書,
municipal_source,国立市,文化財一覧,132152100065,https://www.opendata.metro.tokyo.lg.jp/kunitachi/132152_cultural_property.csv,13Tokyo/raw/municipal/13215/data.csv,佐伯麟之助家文書,,非公開,,個人,,国立市,13215,国立市登録有形文化財,古文書,municipal,2008-04-01,,,movable,representative_point,municipal,国立市登録有形文化財,古文書,
municipal_source,国立市,文化財一覧,132152100066,https://www.opendata.metro.tokyo.lg.jp/kunitachi/132152_cultural_property.csv,13Tokyo/raw/municipal/13215/data.csv,三田敬次家文書,,非公開,,個人,,国立市,13215,国立市登録有形文化財,古文書,municipal,2008-04-01,,,movable,representative_point,municipal,国立市登録有形文化財,古文書,
municipal_source,国立市,文化財一覧,132152100067,https://www.opendata.metro.tokyo.lg.jp/kunitachi/132152_cultural_property.csv,13Tokyo/raw/municipal/13215/data.csv,矢澤一弘家文書,,非公開,,個人,,国立市,13215,国立市登録有形文化財,古文書,municipal,2009-04-01,,,movable,representative_point,municipal,国立市登録有形文化財,古文書,
municipal_source,国立市,文化財一覧,132152100068,https://www.opendata.metro.tokyo.lg.jp/kunitachi/132152_cultural_property.csv,13Tokyo/raw/municipal/13215/data.csv,佐伯友作家文書,,非公開,,個人,,国立市,13215,国立市登録有形文化財,古文書,municipal,2009-04-01,,,movable,representative_point,municipal,国立市登録有形文化財,古文書,
municipal_source,国立市,文化財一覧,132152100069,https://www.opendata.metro.tokyo.lg.jp/kunitachi/132152_cultural_property.csv,13Tokyo/raw/municipal/13215/data.csv,太田南畝歌扇面,,非公開,,個人,,国立市,13215,国立市登録有形文化財,古文書,municipal,2010-04-01,,,movable,representative_point,municipal,国立市登録有形文化財,古文書,
municipal_source,国立市,文化財一覧,132152100070,https://www.opendata.metro.tokyo.lg.jp/kunitachi/132152_cultural_property.csv,13Tokyo/raw/municipal/13215/data.csv,甲野勇氏資料,,くにたち郷土文化館,,国立市,,国立市,13215,国立市登録有形文化財,歴史資料,municipal,1999-04-01,35.679006,139.432637,point,representative_point,municipal,国立市登録有形文化財,歴史資料,
municipal_source,国立市,文化財一覧,132152100071,https://www.opendata.metro.tokyo.lg.jp/kunitachi/132152_cultural_property.csv,13Tokyo/raw/municipal/13215/data.csv,神奈川県庁測定石,,くにたち郷土文化館,,国立市,,国立市,13215,国立市登録有形文化財,歴史資料,municipal,1999-04-01,35.679006,139.432637,point,representative_point,municipal,国立市登録有形文化財,歴史資料,
municipal_source,国立市,文化財一覧,132152100072,https://www.opendata.metro.tokyo.lg.jp/kunitachi/132152_cultural_property.csv,13Tokyo/raw/municipal/13215/data.csv,久保の地蔵菩薩像,,南養寺,,宗教法人南養寺,,国立市,13215,国立市登録有形文化財,歴史資料,municipal,1999-04-01,35.680552,139.432094,point,representative_point,municipal,国立市登録有形文化財,歴史資料,
municipal_source,国立市,文化財一覧,132152100073,https://www.opendata.metro.tokyo.lg.jp/kunitachi/132152_cultural_property.csv,13Tokyo/raw/municipal/13215/data.csv,千手観音供養塔,,南養寺,,宗教法人南養寺,,国立市,13215,国立市登録有形文化財,歴史資料,municipal,1999-04-01,35.68054,139.432489,point,representative_point,municipal,国立市登録有形文化財,歴史資料,
municipal_source,国立市,文化財一覧,132152100074,https://www.opendata.metro.tokyo.lg.jp/kunitachi/132152_cultural_property.csv,13Tokyo/raw/municipal/13215/data.csv,血文阿弥陀如来石塔,,滝之院,,滝之院墓地管理組合,,国立市,13215,国立市登録有形文化財,歴史資料,municipal,1999-04-01,35.68054,139.432489,point,representative_point,municipal,国立市登録有形文化財,歴史資料,
municipal_source,国立市,文化財一覧,132152100075,https://www.opendata.metro.tokyo.lg.jp/kunitachi/132152_cultural_property.csv,13Tokyo/raw/municipal/13215/data.csv,融通念仏盟約塔,,滝之院,,滝之院墓地管理組合,,国立市,13215,国立市登録有形文化財,歴史資料,municipal,1999-04-01,35.681288,139.443939,point,representative_point,municipal,国立市登録有形文化財,歴史資料,
municipal_source,国立市,文化財一覧,132152100076,https://www.opendata.metro.tokyo.lg.jp/kunitachi/132152_cultural_property.csv,13Tokyo/raw/municipal/13215/data.csv,五智如来(像塔・文字塔),,五智如来講,,五智如来講,,国立市,13215,国立市登録有形文化財,歴史資料,municipal,1999-04-01,35.682543,139.429831,point,representative_point,municipal,国立市登録有形文化財,歴史資料,
municipal_source,国立市,文化財一覧,132152100077,https://www.opendata.metro.tokyo.lg.jp/kunitachi/132152_cultural_property.csv,13Tokyo/raw/municipal/13215/data.csv,常夜燈(下谷保),,常夜燈,,下谷保町会,,国立市,13215,国立市登録有形文化財,歴史資料,municipal,1999-04-01,35.679383,139.447286,point,representative_point,municipal,国立市登録有形文化財,歴史資料,
municipal_source,国立市,文化財一覧,132152100078,https://www.opendata.metro.tokyo.lg.jp/kunitachi/132152_cultural_property.csv,13Tokyo/raw/municipal/13215/data.csv,常夜燈(久保),,南養寺,,宗教法人南養寺,,国立市,13215,国立市登録有形文化財,歴史資料,municipal,1999-04-01,35.682177,139.43213,point,representative_point,municipal,国立市登録有形文化財,歴史資料,
municipal_source,国立市,文化財一覧,132152100079,https://www.opendata.metro.tokyo.lg.jp/kunitachi/132152_cultural_property.csv,13Tokyo/raw/municipal/13215/data.csv,常夜燈(青柳),,常夜燈,,青柳稲荷神社氏子代表,,国立市,13215,国立市登録有形文化財,歴史資料,municipal,1999-04-01,35.683198,139.423512,point,representative_point,municipal,国立市登録有形文化財,歴史資料,
municipal_source,国立市,文化財一覧,132152100080,https://www.opendata.metro.tokyo.lg.jp/kunitachi/132152_cultural_property.csv,13Tokyo/raw/municipal/13215/data.csv,高札,,くにたち郷土文化館,,国立市,,国立市,13215,国立市登録有形文化財,歴史資料,municipal,2000-04-01,35.679006,139.432637,point,representative_point,municipal,国立市登録有形文化財,歴史資料,
municipal_source,国立市,文化財一覧,132152100081,https://www.opendata.metro.tokyo.lg.jp/kunitachi/132152_cultural_property.csv,13Tokyo/raw/municipal/13215/data.csv,延文の板碑,,谷保天満宮,,宗教法人谷保天満宮,,国立市,13215,国立市登録有形文化財,歴史資料,municipal,2000-04-01,35.679363,139.44395,point,representative_point,municipal,国立市登録有形文化財,歴史資料,
municipal_source,国立市,文化財一覧,132152100082,https://www.opendata.metro.tokyo.lg.jp/kunitachi/132152_cultural_property.csv,13Tokyo/raw/municipal/13215/data.csv,滝の院板碑,,滝之院,,個人,,国立市,13215,国立市登録有形文化財,歴史資料,municipal,2000-04-01,35.681288,139.443939,point,representative_point,municipal,国立市登録有形文化財,歴史資料,
municipal_source,国立市,文化財一覧,132152100083,https://www.opendata.metro.tokyo.lg.jp/kunitachi/132152_cultural_property.csv,13Tokyo/raw/municipal/13215/data.csv,滝の院庚申塔,,滝之院,,滝之院墓地管理組合,,国立市,13215,国立市登録有形文化財,歴史資料,municipal,2000-04-01,35.68847,139.435692,point,representative_point,municipal,国立市登録有形文化財,歴史資料,
municipal_source,国立市,文化財一覧,132152100084,https://www.opendata.metro.tokyo.lg.jp/kunitachi/132152_cultural_property.csv,13Tokyo/raw/municipal/13215/data.csv,江戸街道庚申塔,,庚申塔,,個人,,国立市,13215,国立市登録有形文化財,歴史資料,municipal,2000-04-01,35.68847,139.435692,point,representative_point,municipal,国立市登録有形文化財,歴史資料,
municipal_source,国立市,文化財一覧,132152100085,https://www.opendata.metro.tokyo.lg.jp/kunitachi/132152_cultural_property.csv,13Tokyo/raw/municipal/13215/data.csv,本田道庚申塔,,下谷保地域防災センター,,下谷保町内会(有志),,国立市,13215,国立市登録有形文化財,歴史資料,municipal,2000-04-01,35.679774,139.448894,point,representative_point,municipal,国立市登録有形文化財,歴史資料,
municipal_source,国立市,文化財一覧,132152100086,https://www.opendata.metro.tokyo.lg.jp/kunitachi/132152_cultural_property.csv,13Tokyo/raw/municipal/13215/data.csv,谷保天満宮燈籠,,谷保天満宮,,宗教法人谷保天満宮,,国立市,13215,国立市登録有形文化財,歴史資料,municipal,2001-04-01,35.679338,139.443936,point,representative_point,municipal,国立市登録有形文化財,歴史資料,
municipal_source,国立市,文化財一覧,132152100087,https://www.opendata.metro.tokyo.lg.jp/kunitachi/132152_cultural_property.csv,13Tokyo/raw/municipal/13215/data.csv,滝の院不動明王,,滝之院,,滝之院墓地管理組合,,国立市,13215,国立市登録有形文化財,歴史資料,municipal,2001-04-01,35.681288,139.443939,point,representative_point,municipal,国立市登録有形文化財,歴史資料,
municipal_source,国立市,文化財一覧,132152100088,https://www.opendata.metro.tokyo.lg.jp/kunitachi/132152_cultural_property.csv,13Tokyo/raw/municipal/13215/data.csv,遠藤由晴墓,,滝之院,,個人,,国立市,13215,国立市登録有形文化財,歴史資料,municipal,2002-04-01,35.681288,139.443939,point,representative_point,municipal,国立市登録有形文化財,歴史資料,
municipal_source,国立市,文化財一覧,132152100089,https://www.opendata.metro.tokyo.lg.jp/kunitachi/132152_cultural_property.csv,13Tokyo/raw/municipal/13215/data.csv,筆塚,,谷保天満宮,,宗教法人谷保天満宮,,国立市,13215,国立市登録有形文化財,歴史資料,municipal,2002-04-01,35.679338,139.443936,point,representative_point,municipal,国立市登録有形文化財,歴史資料,
municipal_source,国立市,文化財一覧,132152100090,https://www.opendata.metro.tokyo.lg.jp/kunitachi/132152_cultural_property.csv,13Tokyo/raw/municipal/13215/data.csv,廻国供養石燈籠,,谷保天満宮,,宗教法人谷保天満宮,,国立市,13215,国立市登録有形文化財,歴史資料,municipal,2002-04-01,35.679338,139.443936,point,representative_point,municipal,国立市登録有形文化財,歴史資料,
municipal_source,国立市,文化財一覧,132152100091,https://www.opendata.metro.tokyo.lg.jp/kunitachi/132152_cultural_property.csv,13Tokyo/raw/municipal/13215/data.csv,アップライトピアノ,,滝乃川学園,,社会福祉法人滝乃川学園,,国立市,13215,国立市登録有形文化財,歴史資料,municipal,2003-04-01,35.680229,139.43038,point,representative_point,municipal,国立市登録有形文化財,歴史資料,
municipal_source,国立市,文化財一覧,132152100092,https://www.opendata.metro.tokyo.lg.jp/kunitachi/132152_cultural_property.csv,13Tokyo/raw/municipal/13215/data.csv,谷保天満宮略縁記版木・典籍,,谷保天満宮,,宗教法人谷保天満宮,,国立市,13215,国立市登録有形文化財,歴史資料,municipal,2003-04-01,35.679363,139.44395,point,representative_point,municipal,国立市登録有形文化財,歴史資料,
municipal_source,国立市,文化財一覧,132152100093,https://www.opendata.metro.tokyo.lg.jp/kunitachi/132152_cultural_property.csv,13Tokyo/raw/municipal/13215/data.csv,聖観音立像(墓塔),,滝之院,,滝之院墓地管理組合,,国立市,13215,国立市登録有形文化財,歴史資料,municipal,2004-04-01,35.681288,139.443939,point,representative_point,municipal,国立市登録有形文化財,歴史資料,
municipal_source,国立市,文化財一覧,132152100094,https://www.opendata.metro.tokyo.lg.jp/kunitachi/132152_cultural_property.csv,13Tokyo/raw/municipal/13215/data.csv,石橋供養塔(滝之院),,滝之院,,滝之院墓地管理組合,,国立市,13215,国立市登録有形文化財,歴史資料,municipal,2004-04-01,35.681288,139.443939,point,representative_point,municipal,国立市登録有形文化財,歴史資料,
municipal_source,国立市,文化財一覧,132152100095,https://www.opendata.metro.tokyo.lg.jp/kunitachi/132152_cultural_property.csv,13Tokyo/raw/municipal/13215/data.csv,石橋供養塔(青柳),,青柳福祉センター,,青柳稲荷神社講中,,国立市,13215,国立市登録有形文化財,歴史資料,municipal,2004-04-01,35.683198,139.423512,point,representative_point,municipal,国立市登録有形文化財,歴史資料,
municipal_source,国立市,文化財一覧,132152100096,https://www.opendata.metro.tokyo.lg.jp/kunitachi/132152_cultural_property.csv,13Tokyo/raw/municipal/13215/data.csv,石橋供養塔(矢川橋),,矢川橋,,個人,,国立市,13215,国立市登録有形文化財,歴史資料,municipal,2004-04-01,35.682543,139.429831,point,representative_point,municipal,国立市登録有形文化財,歴史資料,
municipal_source,国立市,文化財一覧,132152100097,https://www.opendata.metro.tokyo.lg.jp/kunitachi/132152_cultural_property.csv,13Tokyo/raw/municipal/13215/data.csv,馬頭観音塔(滝之院・寛政元年在銘),,滝乃院,,滝之院墓地管理組合,,国立市,13215,国立市登録有形文化財,歴史資料,municipal,2005-04-01,35.681288,139.443939,point,representative_point,municipal,国立市登録有形文化財,歴史資料,
municipal_source,国立市,文化財一覧,132152100098,https://www.opendata.metro.tokyo.lg.jp/kunitachi/132152_cultural_property.csv,13Tokyo/raw/municipal/13215/data.csv,馬頭観音塔(青柳・嘉永二年在銘),,青柳福祉センター,,青柳稲荷神社講中,,国立市,13215,国立市登録有形文化財,歴史資料,municipal,2005-04-01,35.683198,139.423512,point,representative_point,municipal,国立市登録有形文化財,歴史資料,
municipal_source,国立市,文化財一覧,132152100099,https://www.opendata.metro.tokyo.lg.jp/kunitachi/132152_cultural_property.csv,13Tokyo/raw/municipal/13215/data.csv,馬頭観音塔(滝之院・文久二年在銘),,滝乃院,,滝之院墓地管理組合,,国立市,13215,国立市登録有形文化財,歴史資料,municipal,2005-04-01,35.681288,139.443939,point,representative_point,municipal,国立市登録有形文化財,歴史資料,
municipal_source,国立市,文化財一覧,132152100100,https://www.opendata.metro.tokyo.lg.jp/kunitachi/132152_cultural_property.csv,13Tokyo/raw/municipal/13215/data.csv,勅許御鋳師文書箱,,くにたち郷土文化館,,個人,,国立市,13215,国立市登録有形文化財,歴史資料,municipal,2007-04-01,35.679006,139.432637,point,representative_point,municipal,国立市登録有形文化財,歴史資料,
municipal_source,国立市,文化財一覧,132152100101,https://www.opendata.metro.tokyo.lg.jp/kunitachi/132152_cultural_property.csv,13Tokyo/raw/municipal/13215/data.csv,手水石(安政三年在銘),,青柳地蔵堂,,青柳稲荷神社講中,,国立市,13215,国立市登録有形文化財,歴史資料,municipal,2007-04-01,35.683323,139.423738,point,representative_point,municipal,国立市登録有形文化財,歴史資料,
municipal_source,国立市,文化財一覧,132152100102,https://www.opendata.metro.tokyo.lg.jp/kunitachi/132152_cultural_property.csv,13Tokyo/raw/municipal/13215/data.csv,廻国供養塔(正徳二年在銘),,滝之院,,個人,,国立市,13215,国立市登録有形文化財,歴史資料,municipal,2008-04-01,35.681289,139.443944,point,representative_point,municipal,国立市登録有形文化財,歴史資料,
municipal_source,国立市,文化財一覧,132152100103,https://www.opendata.metro.tokyo.lg.jp/kunitachi/132152_cultural_property.csv,13Tokyo/raw/municipal/13215/data.csv,廻国供養塔(正徳六年在銘),,滝之院,,個人,,国立市,13215,国立市登録有形文化財,歴史資料,municipal,2008-04-01,35.681289,139.443944,point,representative_point,municipal,国立市登録有形文化財,歴史資料,
municipal_source,国立市,文化財一覧,132152100104,https://www.opendata.metro.tokyo.lg.jp/kunitachi/132152_cultural_property.csv,13Tokyo/raw/municipal/13215/data.csv,安楽寺天神画像版木,,非公開,,滝之院墓地管理組合,,国立市,13215,国立市登録有形文化財,歴史資料,municipal,2010-04-01,,,point,representative_point,municipal,国立市登録有形文化財,歴史資料,
municipal_source,国立市,文化財一覧,132152100105,https://www.opendata.metro.tokyo.lg.jp/kunitachi/132152_cultural_property.csv,13Tokyo/raw/municipal/13215/data.csv,谷保天満宮天神画像版木,,非公開,,宗教法人谷保天満宮,,国立市,13215,国立市登録有形文化財,歴史資料,municipal,2011-04-01,,,point,representative_point,municipal,国立市登録有形文化財,歴史資料,
municipal_source,国立市,文化財一覧,132152100106,https://www.opendata.metro.tokyo.lg.jp/kunitachi/132152_cultural_property.csv,13Tokyo/raw/municipal/13215/data.csv,有栖川宮威仁親王殿下台臨記念碑,,谷保天満宮,,宗教法人谷保天満宮,,国立市,13215,国立市登録有形文化財,歴史資料,municipal,2011-04-01,35.679338,139.443936,point,representative_point,municipal,国立市登録有形文化財,歴史資料,
municipal_source,国立市,文化財一覧,132152100107,https://www.opendata.metro.tokyo.lg.jp/kunitachi/132152_cultural_property.csv,13Tokyo/raw/municipal/13215/data.csv,孝林道人詩碑,,谷保天満宮,,宗教法人谷保天満宮,,国立市,13215,国立市登録有形文化財,歴史資料,municipal,2011-04-01,35.679338,139.443936,point,representative_point,municipal,国立市登録有形文化財,歴史資料,
municipal_source,国立市,文化財一覧,132152100108,https://www.opendata.metro.tokyo.lg.jp/kunitachi/132152_cultural_property.csv,13Tokyo/raw/municipal/13215/data.csv,三郎殿,,谷保天満宮,,宗教法人谷保天満宮,,国立市,13215,国立市登録有形文化財,歴史資料,municipal,2012-04-01,35.679363,139.44395,point,representative_point,municipal,国立市登録有形文化財,歴史資料,
municipal_source,国立市,文化財一覧,132152100109,https://www.opendata.metro.tokyo.lg.jp/kunitachi/132152_cultural_property.csv,13Tokyo/raw/municipal/13215/data.csv,獅子神社,,谷保天満宮,,宗教法人谷保天満宮,,国立市,13215,国立市登録有形文化財,歴史資料,municipal,2012-04-01,35.679363,139.44395,point,representative_point,municipal,国立市登録有形文化財,歴史資料,
municipal_source,国立市,文化財一覧,132152100110,https://www.opendata.metro.tokyo.lg.jp/kunitachi/132152_cultural_property.csv,13Tokyo/raw/municipal/13215/data.csv,馬頭観音塔(安政五年在銘),,共同墓地,,個人,,国立市,13215,国立市登録有形文化財,歴史資料,municipal,2014-04-01,35.676028,139.450906,point,representative_point,municipal,国立市登録有形文化財,歴史資料,
municipal_source,国立市,文化財一覧,132152100111,https://www.opendata.metro.tokyo.lg.jp/kunitachi/132152_cultural_property.csv,13Tokyo/raw/municipal/13215/data.csv,扁額「梅香山」「安楽寺」,,谷保天満宮,,宗教法人谷保天満宮,,国立市,13215,国立市登録有形文化財,典籍,municipal,2004-04-01,35.679363,139.44395,movable,representative_point,municipal,国立市登録有形文化財,書跡典籍,
municipal_source,国立市,文化財一覧,132152100112,https://www.opendata.metro.tokyo.lg.jp/kunitachi/132152_cultural_property.csv,13Tokyo/raw/municipal/13215/data.csv,本田家旧蔵篆刻印,,非公開,,国立市,,国立市,13215,国立市登録有形文化財,典籍,municipal,2017-04-01,,,movable,representative_point,municipal,国立市登録有形文化財,書跡典籍,
municipal_source,国立市,文化財一覧,132152100113,https://www.opendata.metro.tokyo.lg.jp/kunitachi/132152_cultural_property.csv,13Tokyo/raw/municipal/13215/data.csv,本田家旧蔵大幟附揮毫録,,非公開,,国立市,,国立市,13215,国立市登録有形文化財,典籍,municipal,2017-04-01,,,movable,representative_point,municipal,国立市登録有形文化財,書跡典籍,
municipal_source,国立市,文化財一覧,132152100114,https://www.opendata.metro.tokyo.lg.jp/kunitachi/132152_cultural_property.csv,13Tokyo/raw/municipal/13215/data.csv,坂下ほうぞう倉共同用具,,くにたち郷土文化館,,国立市,,国立市,13215,国立市登録有形文化財,民俗,municipal,2000-04-01,35.679006,139.432637,point,representative_point,municipal,国立市登録有形文化財,民俗,
municipal_source,国立市,文化財一覧,132152100115,https://www.opendata.metro.tokyo.lg.jp/kunitachi/132152_cultural_property.csv,13Tokyo/raw/municipal/13215/data.csv,祭礼幟旗,,くにたち郷土文化館,,国立市,,国立市,13215,国立市登録有形文化財,民俗,municipal,2001-04-01,35.679006,139.432637,point,representative_point,municipal,国立市登録有形文化財,民俗,
municipal_source,国立市,文化財一覧,132152100116,https://www.opendata.metro.tokyo.lg.jp/kunitachi/132152_cultural_property.csv,13Tokyo/raw/municipal/13215/data.csv,祭礼幟(弘化四年),,非公開,,宗教法人谷保天満宮,,国立市,13215,国立市登録有形文化財,民俗,municipal,2003-04-01,,,point,representative_point,municipal,国立市登録有形文化財,民俗,
municipal_source,国立市,文化財一覧,132152100117,https://www.opendata.metro.tokyo.lg.jp/kunitachi/132152_cultural_property.csv,13Tokyo/raw/municipal/13215/data.csv,青柳地蔵堂内石造地蔵菩薩立像・石造六地蔵立像,,非公開,,青柳稲荷神社氏子会,,国立市,13215,国立市登録有形文化財,民俗,municipal,2015-04-01,,,point,representative_point,municipal,国立市登録有形文化財,民俗,
municipal_source,国立市,文化財一覧,132152100118,https://www.opendata.metro.tokyo.lg.jp/kunitachi/132152_cultural_property.csv,13Tokyo/raw/municipal/13215/data.csv,神農坐像(本田家屋内神棚)及び厨子附神農図及び画賛,,非公開,,国立市,,国立市,13215,国立市登録有形文化財,民俗,municipal,2019-04-01,,,point,representative_point,municipal,国立市登録有形文化財,民俗,
municipal_source,国立市,文化財一覧,132152100119,https://www.opendata.metro.tokyo.lg.jp/kunitachi/132152_cultural_property.csv,13Tokyo/raw/municipal/13215/data.csv,清水の立場(茶屋跡),,,,個人,,国立市,13215,国立市登録有形文化財,史跡,municipal,1999-04-01,35.681507,139.442764,point,representative_point,municipal,国立市登録有形文化財,史跡,
municipal_source,国立市,文化財一覧,132152100120,https://www.opendata.metro.tokyo.lg.jp/kunitachi/132152_cultural_property.csv,13Tokyo/raw/municipal/13215/data.csv,圓成院跡(観音堂跡・稲荷社)及び矢澤家墓所,,非公開,,個人,,国立市,13215,国立市登録有形文化財,史跡,municipal,2017-04-01,,,point,representative_point,municipal,国立市登録有形文化財,史跡,
municipal_source,国立市,文化財一覧,132152100121,https://www.opendata.metro.tokyo.lg.jp/kunitachi/132152_cultural_property.csv,13Tokyo/raw/municipal/13215/data.csv,本田家所蔵篆刻印(蔵内),,非公開,,個人,,国立市,13215,国立市登録有形文化財,典籍,municipal,2017-04-01,,,movable,representative_point,municipal,国立市登録有形文化財,書跡,
municipal_source,国立市,文化財一覧,132152100122,https://www.opendata.metro.tokyo.lg.jp/kunitachi/132152_cultural_property.csv,13Tokyo/raw/municipal/13215/data.csv,薬師如来立像附棟札,,非公開,,個人,,国立市,13215,国立市登録有形文化財,歴史資料,municipal,2017-04-01,,,point,representative_point,municipal,国立市登録有形文化財,歴史資料,
municipal_source,狛江市,文化財一覧,1,https://service.api.metro.tokyo.lg.jp/api/t132195d0000000003-4aa1557f5c9bde48a4f055e76e167153-0/json,13Tokyo/raw/municipal/13219/data.json,泉龍寺弁財天池,,泉龍寺弁財天池,,宗教法人泉龍寺,東京都狛江市元和泉1-8,狛江市,13219,狛江市指定文化財,史跡,municipal,1973/03/12,35.632292,139.576168,point,representative_point,municipal,狛江市指定文化財,市史跡,
municipal_source,狛江市,文化財一覧,2,https://service.api.metro.tokyo.lg.jp/api/t132195d0000000003-4aa1557f5c9bde48a4f055e76e167153-0/json,13Tokyo/raw/municipal/13219/data.json,伊豆美神社鳥居,,伊豆美神社,,宗教法人伊豆美神社,東京都狛江市中伊豆美3-21-8,狛江市,13219,狛江市指定文化財,建造物,municipal,1976/06/15,35.634736,139.569012,building_direct,building_candidate_point,municipal,狛江市指定文化財,市重宝(建造物),
municipal_source,狛江市,文化財一覧,3,https://service.api.metro.tokyo.lg.jp/api/t132195d0000000003-4aa1557f5c9bde48a4f055e76e167153-0/json,13Tokyo/raw/municipal/13219/data.json,木造石谷貞清坐像,,泉龍寺仏教文庫,,宗教法人泉龍寺,東京都狛江市元和泉1-6-1,狛江市,13219,狛江市指定文化財,美術工芸品,municipal,1976/06/15,35.63314,139.576404,movable,representative_point,municipal,狛江市指定文化財,市重宝(彫刻),
municipal_source,狛江市,文化財一覧,4,https://service.api.metro.tokyo.lg.jp/api/t132195d0000000003-4aa1557f5c9bde48a4f055e76e167153-0/json,13Tokyo/raw/municipal/13219/data.json,石川丈山撰文「宗淳居士晩詞并序」の扁額,,泉龍寺仏教文庫,,宗教法人泉龍寺,東京都狛江市元和泉1-6-1,狛江市,13219,狛江市指定文化財,市郷土資料,municipal,1976/06/15,35.63314,139.576404,point,representative_point,municipal,狛江市指定文化財,市郷土資料,
municipal_source,狛江市,文化財一覧,5,https://service.api.metro.tokyo.lg.jp/api/t132195d0000000003-4aa1557f5c9bde48a4f055e76e167153-0/json,13Tokyo/raw/municipal/13219/data.json,玉泉寺のボダイジュ,,玉泉寺,,宗教法人玉泉寺,東京都狛江市東和泉3-10-23,狛江市,13219,狛江市指定文化財,天然記念物,municipal,1976/06/15,35.626988,139.573948,point,representative_point,municipal,狛江市指定文化財,市天然記念物,
municipal_source,狛江市,文化財一覧,6,https://service.api.metro.tokyo.lg.jp/api/t132195d0000000003-4aa1557f5c9bde48a4f055e76e167153-0/json,13Tokyo/raw/municipal/13219/data.json,慶長十五年(1610)の雲版,,泉龍寺仏教文庫,,宗教法人泉龍寺,東京都狛江市元和泉1-6-1,狛江市,13219,狛江市指定文化財,美術工芸品,municipal,1979/06/15,35.63314,139.576404,movable,representative_point,municipal,狛江市指定文化財,市重宝(工芸品),
municipal_source,狛江市,文化財一覧,7,https://service.api.metro.tokyo.lg.jp/api/t132195d0000000003-4aa1557f5c9bde48a4f055e76e167153-0/json,13Tokyo/raw/municipal/13219/data.json,絹本著色石谷貞清画像,,泉龍寺仏教文庫,,宗教法人泉龍寺,東京都狛江市元和泉1-6-1,狛江市,13219,狛江市指定文化財,美術工芸品,municipal,1986/01/04,35.63314,139.576404,movable,representative_point,municipal,狛江市指定文化財,市重宝(絵画),
municipal_source,狛江市,文化財一覧,8,https://service.api.metro.tokyo.lg.jp/api/t132195d0000000003-4aa1557f5c9bde48a4f055e76e167153-0/json,13Tokyo/raw/municipal/13219/data.json,石井家文書 附 荒井家・大久保家・谷田部家旧蔵文書,,狛江市役所,,狛江市(狛江市教育委員会),東京都狛江市和泉本町1-1-5,狛江市,13219,狛江市指定文化財,古文書,municipal,1986/01/04,35.634967,139.578738,movable,representative_point,municipal,狛江市指定文化財,市重宝(古文書),
municipal_source,狛江市,文化財一覧,9,https://service.api.metro.tokyo.lg.jp/api/t132195d0000000003-4aa1557f5c9bde48a4f055e76e167153-0/json,13Tokyo/raw/municipal/13219/data.json,栗山家文書,,狛江市役所,,狛江市(狛江市教育委員会),東京都狛江市和泉本町1-1-5,狛江市,13219,狛江市指定文化財,古文書,municipal,1986/01/04,35.634967,139.578738,movable,representative_point,municipal,狛江市指定文化財,市重宝(古文書),
municipal_source,狛江市,文化財一覧,10,https://service.api.metro.tokyo.lg.jp/api/t132195d0000000003-4aa1557f5c9bde48a4f055e76e167153-0/json,13Tokyo/raw/municipal/13219/data.json,猪方ばやし,,旧猪方地区,,猪方ばやし保存会,,狛江市,13219,狛江市指定文化財,市技芸,municipal,1986/01/04,,,point,representative_point,municipal,狛江市指定文化財,市技芸,
municipal_source,狛江市,文化財一覧,11,https://service.api.metro.tokyo.lg.jp/api/t132195d0000000003-4aa1557f5c9bde48a4f055e76e167153-0/json,13Tokyo/raw/municipal/13219/data.json,岩戸ばやし,,旧岩戸地区,,岩戸ばやし保存会,,狛江市,13219,狛江市指定文化財,市技芸,municipal,1986/01/04,,,point,representative_point,municipal,狛江市指定文化財,市技芸,
municipal_source,狛江市,文化財一覧,12,https://service.api.metro.tokyo.lg.jp/api/t132195d0000000003-4aa1557f5c9bde48a4f055e76e167153-0/json,13Tokyo/raw/municipal/13219/data.json,小足立ばやし,,旧小足立地区,,小足立ばやし保存会,,狛江市,13219,狛江市指定文化財,市技芸,municipal,1986/01/04,,,point,representative_point,municipal,狛江市指定文化財,市技芸,
municipal_source,狛江市,文化財一覧,13,https://service.api.metro.tokyo.lg.jp/api/t132195d0000000003-4aa1557f5c9bde48a4f055e76e167153-0/json,13Tokyo/raw/municipal/13219/data.json,駒井ばやし,,旧駒井地区,,駒井はやし保存会,,狛江市,13219,狛江市指定文化財,市技芸,municipal,1986/01/04,,,point,representative_point,municipal,狛江市指定文化財,市技芸,
municipal_source,狛江市,文化財一覧,14,https://service.api.metro.tokyo.lg.jp/api/t132195d0000000003-4aa1557f5c9bde48a4f055e76e167153-0/json,13Tokyo/raw/municipal/13219/data.json,多摩川ばやし,,旧和泉地区,,多摩川ばやし保存会,,狛江市,13219,狛江市指定文化財,市技芸,municipal,1986/01/04,,,point,representative_point,municipal,狛江市指定文化財,市技芸,
municipal_source,狛江市,文化財一覧,15,https://service.api.metro.tokyo.lg.jp/api/t132195d0000000003-4aa1557f5c9bde48a4f055e76e167153-0/json,13Tokyo/raw/municipal/13219/data.json,土屋塚古墳,,土屋塚古墳,,狛江市(狛江市教育委員会),東京都狛江市岩戸南1-4,狛江市,13219,狛江市指定文化財,史跡,municipal,1986/01/04,35.63229,139.585148,point,representative_point,municipal,狛江市指定文化財,市史跡,
municipal_source,狛江市,文化財一覧,16,https://service.api.metro.tokyo.lg.jp/api/t132195d0000000003-4aa1557f5c9bde48a4f055e76e167153-0/json,13Tokyo/raw/municipal/13219/data.json,旧荒井家住宅主屋,,狛江市立古民家園,,狛江市(狛江市教育委員会),東京都狛江市元和泉2-15-5,狛江市,13219,狛江市指定文化財,建造物,municipal,1991/11/12,35.632911,139.571155,building_direct,building_candidate_point,municipal,狛江市指定文化財,市重宝(建造物),
municipal_source,狛江市,文化財一覧,17,https://service.api.metro.tokyo.lg.jp/api/t132195d0000000003-4aa1557f5c9bde48a4f055e76e167153-0/json,13Tokyo/raw/municipal/13219/data.json,土屋塚古墳出土遺物,,狛江市役所,,狛江市(狛江市教育委員会),東京都狛江市和泉本町1-1-5,狛江市,13219,狛江市指定文化財,考古資料,municipal,2007/02/14,35.634967,139.578738,movable,representative_point,municipal,狛江市指定文化財,市重宝(考古資料),
municipal_source,狛江市,文化財一覧,18,https://service.api.metro.tokyo.lg.jp/api/t132195d0000000003-4aa1557f5c9bde48a4f055e76e167153-0/json,13Tokyo/raw/municipal/13219/data.json,弁財天池遺跡1号方形周溝墓出土遺物,,狛江市役所,,狛江市(狛江市教育委員会),東京都狛江市和泉本町1-1-5,狛江市,13219,狛江市指定文化財,考古資料,municipal,2008/03/10,35.634967,139.578738,movable,representative_point,municipal,狛江市指定文化財,市重宝(考古資料),
municipal_source,狛江市,文化財一覧,19,https://service.api.metro.tokyo.lg.jp/api/t132195d0000000003-4aa1557f5c9bde48a4f055e76e167153-0/json,13Tokyo/raw/municipal/13219/data.json,旧髙木家長屋門 附 棟札1枚,,狛江市立古民家園,,狛江市(狛江市教育委員会),東京都狛江市元和泉2-15-5,狛江市,13219,狛江市指定文化財,建造物,municipal,2010/09/10,35.632911,139.571155,building_direct,building_candidate_point,municipal,狛江市指定文化財,市重宝(建造物),
municipal_source,狛江市,文化財一覧,20,https://service.api.metro.tokyo.lg.jp/api/t132195d0000000003-4aa1557f5c9bde48a4f055e76e167153-0/json,13Tokyo/raw/municipal/13219/data.json,泉龍寺本堂、開山堂、鐘楼門、山門 附 棟札3枚,,泉龍寺,,宗教法人泉龍寺,東京都狛江市元和泉1-6-1,狛江市,13219,狛江市指定文化財,建造物,municipal,2012/03/09,35.633101,139.575696,building_direct,building_candidate_point,municipal,狛江市指定文化財,市重宝(建造物),
municipal_source,狛江市,文化財一覧,21,https://service.api.metro.tokyo.lg.jp/api/t132195d0000000003-4aa1557f5c9bde48a4f055e76e167153-0/json,13Tokyo/raw/municipal/13219/data.json,猪方小川塚古墳,,猪方小川塚古墳,,狛江市(狛江市教育委員会),東京都狛江市猪方3-21,狛江市,13219,狛江市指定文化財,史跡,municipal,2013/06/24,35.625593,139.577011,point,representative_point,municipal,狛江市指定文化財,市史跡,
municipal_source,狛江市,文化財一覧,22,https://service.api.metro.tokyo.lg.jp/api/t132195d0000000003-4aa1557f5c9bde48a4f055e76e167153-0/json,13Tokyo/raw/municipal/13219/data.json,猪方小川塚古墳出土遺物,,狛江市役所,,狛江市(狛江市教育委員会),東京都狛江市和泉本町1-1-5,狛江市,13219,狛江市指定文化財,考古資料,municipal,2013/06/24,35.634967,139.578738,movable,representative_point,municipal,狛江市指定文化財,市重宝(考古資料),
municipal_source,狛江市,文化財一覧,23,https://service.api.metro.tokyo.lg.jp/api/t132195d0000000003-4aa1557f5c9bde48a4f055e76e167153-0/json,13Tokyo/raw/municipal/13219/data.json,井伊直弼公敬慕碑,,伊豆美神社,,宗教法人伊豆美神社,東京都狛江市中伊豆美3-21-8,狛江市,13219,狛江市指定文化財,歴史資料,municipal,2015/03/17,35.634736,139.569012,point,representative_point,municipal,狛江市指定文化財,市重宝(歴史資料),
municipal_source,あきる野市,文化財一覧,37,https://www.city.akiruno.tokyo.jp/cmsfiles/contents/0000015/15465/132284_cultural_property2022.csv,13Tokyo/raw/municipal/13228/data.csv,広徳寺総門,,広徳寺,,(宗)広徳寺,あきる野市小和田234,あきる野市,13228,市指定有形文化財,建造物,municipal,1969/7/10,35.721875,139.21736,building_direct,building_candidate_point,municipal,市指定有形文化財,建造物,
municipal_source,あきる野市,文化財一覧,38,https://www.city.akiruno.tokyo.jp/cmsfiles/contents/0000015/15465/132284_cultural_property2022.csv,13Tokyo/raw/municipal/13228/data.csv,広徳寺山門,,広徳寺,,(宗)広徳寺,あきる野市小和田234,あきる野市,13228,市指定有形文化財,建造物,municipal,1969/7/10,35.721875,139.21736,building_direct,building_candidate_point,municipal,市指定有形文化財,建造物,
municipal_source,あきる野市,文化財一覧,39,https://www.city.akiruno.tokyo.jp/cmsfiles/contents/0000015/15465/132284_cultural_property2022.csv,13Tokyo/raw/municipal/13228/data.csv,開光院本堂・庫裏,,開光院,,(宗)開光院,あきる野市五日市691,あきる野市,13228,市指定有形文化財,建造物,municipal,1987/7/23,35.73111,139.216043,building_direct,building_candidate_point,municipal,市指定有形文化財,建造物,
municipal_source,あきる野市,文化財一覧,40,https://www.city.akiruno.tokyo.jp/cmsfiles/contents/0000015/15465/132284_cultural_property2022.csv,13Tokyo/raw/municipal/13228/data.csv,三島神社本殿,,三島神社,,(宗)三島神社,あきる野市戸倉414,あきる野市,13228,市指定有形文化財,建造物,municipal,1988/9/22,35.726675,139.200724,building_direct,building_candidate_point,municipal,市指定有形文化財,建造物,
municipal_source,あきる野市,文化財一覧,41,https://www.city.akiruno.tokyo.jp/cmsfiles/contents/0000015/15465/132284_cultural_property2022.csv,13Tokyo/raw/municipal/13228/data.csv,武多摩神社本殿,,武多摩神社,,(宗)三島神社,あきる野市戸倉414,あきる野市,13228,市指定有形文化財,建造物,municipal,1988/9/22,35.726675,139.200724,building_direct,building_candidate_point,municipal,市指定有形文化財,建造物,
municipal_source,あきる野市,文化財一覧,42,https://www.city.akiruno.tokyo.jp/cmsfiles/contents/0000015/15465/132284_cultural_property2022.csv,13Tokyo/raw/municipal/13228/data.csv,八雲神社の五輪塔,,八雲神社,,(宗)八雲神社,あきる野市野辺316,あきる野市,13228,市指定有形文化財,建造物,municipal,1991/10/18,35.722927,139.311798,building_direct,building_candidate_point,municipal,市指定有形文化財,建造物,
municipal_source,あきる野市,文化財一覧,43,https://www.city.akiruno.tokyo.jp/cmsfiles/contents/0000015/15465/132284_cultural_property2022.csv,13Tokyo/raw/municipal/13228/data.csv,花蔵院の山門,,花蔵院,,(宗)花蔵院,あきる野市草花1740,あきる野市,13228,市指定有形文化財,建造物,municipal,1992/7/9,35.742505,139.309853,building_direct,building_candidate_point,municipal,市指定有形文化財,建造物,
municipal_source,あきる野市,文化財一覧,44,https://www.city.akiruno.tokyo.jp/cmsfiles/contents/0000015/15465/132284_cultural_property2022.csv,13Tokyo/raw/municipal/13228/data.csv,真照寺の山門,,真照寺,,(宗)真照寺,あきる野市引田863,あきる野市,13228,市指定有形文化財,建造物,municipal,1992/7/9,35.721895,139.268324,building_direct,building_candidate_point,municipal,市指定有形文化財,建造物,
municipal_source,あきる野市,文化財一覧,45,https://www.city.akiruno.tokyo.jp/cmsfiles/contents/0000015/15465/132284_cultural_property2022.csv,13Tokyo/raw/municipal/13228/data.csv,福徳寺の山門,,福徳寺,,(宗)福徳寺,あきる野市油平246,あきる野市,13228,市指定有形文化財,建造物,municipal,1992/7/9,35.732374,139.241529,building_direct,building_candidate_point,municipal,市指定有形文化財,建造物,
municipal_source,あきる野市,文化財一覧,46,https://www.city.akiruno.tokyo.jp/cmsfiles/contents/0000015/15465/132284_cultural_property2022.csv,13Tokyo/raw/municipal/13228/data.csv,大悲願寺観音堂,,大悲願寺,,(宗)大悲願寺,あきる野市横沢134,あきる野市,13228,市指定有形文化財,建造物,municipal,1995/6/1,35.732374,139.241529,building_direct,building_candidate_point,municipal,市指定有形文化財,建造物,
municipal_source,あきる野市,文化財一覧,47,https://www.city.akiruno.tokyo.jp/cmsfiles/contents/0000015/15465/132284_cultural_property2022.csv,13Tokyo/raw/municipal/13228/data.csv,大悲願寺楼門(仁王門),,大悲願寺,,(宗)大悲願寺,あきる野市横沢134,あきる野市,13228,市指定有形文化財,建造物,municipal,1995/6/1,35.732374,139.241529,building_direct,building_candidate_point,municipal,市指定有形文化財,建造物,
municipal_source,あきる野市,文化財一覧,48,https://www.city.akiruno.tokyo.jp/cmsfiles/contents/0000015/15465/132284_cultural_property2022.csv,13Tokyo/raw/municipal/13228/data.csv,大悲願寺中門(朱雀門),,大悲願寺,,(宗)大悲願寺,あきる野市横沢134,あきる野市,13228,市指定有形文化財,建造物,municipal,1995/6/1,35.732374,139.241529,building_direct,building_candidate_point,municipal,市指定有形文化財,建造物,
municipal_source,あきる野市,文化財一覧,49,https://www.city.akiruno.tokyo.jp/cmsfiles/contents/0000015/15465/132284_cultural_property2022.csv,13Tokyo/raw/municipal/13228/data.csv,旧市倉家住宅,,,,あきる野市,あきる野市五日市920-1,あきる野市,13228,市指定有形文化財,建造物,municipal,1998/9/3,35.728429,139.216982,building_direct,building_candidate_point,municipal,市指定有形文化財,建造物,
municipal_source,あきる野市,文化財一覧,50,https://www.city.akiruno.tokyo.jp/cmsfiles/contents/0000015/15465/132284_cultural_property2022.csv,13Tokyo/raw/municipal/13228/data.csv,二宮神社本殿,,二宮神社,,(宗)二宮神社,あきる野市二宮2252,あきる野市,13228,市指定有形文化財,建造物,municipal,2006/12/25,35.726873,139.3136,building_direct,building_candidate_point,municipal,市指定有形文化財,建造物,
municipal_source,あきる野市,文化財一覧,51,https://www.city.akiruno.tokyo.jp/cmsfiles/contents/0000015/15465/132284_cultural_property2022.csv,13Tokyo/raw/municipal/13228/data.csv,二宮神社宮殿,,二宮神社,,(宗)二宮神社,あきる野市二宮2252,あきる野市,13228,市指定有形文化財,建造物,municipal,2006/12/25,35.726873,139.3136,building_direct,building_candidate_point,municipal,市指定有形文化財,建造物,
municipal_source,あきる野市,文化財一覧,52,https://www.city.akiruno.tokyo.jp/cmsfiles/contents/0000015/15465/132284_cultural_property2022.csv,13Tokyo/raw/municipal/13228/data.csv,雨武主神社本殿,,雨武主神社,,(宗)雨武主神社,あきる野市雨間1941,あきる野市,13228,市指定有形文化財,建造物,municipal,2010/11/25,35.714377,139.291836,building_direct,building_candidate_point,municipal,市指定有形文化財,建造物,
municipal_source,あきる野市,文化財一覧,53,https://www.city.akiruno.tokyo.jp/cmsfiles/contents/0000015/15465/132284_cultural_property2022.csv,13Tokyo/raw/municipal/13228/data.csv,子生神社本殿,,子生神社,,(宗)子生神社,あきる野市小中野187,あきる野市,13228,市指定有形文化財,建造物,municipal,2015/3/27,35.725927,139.209386,building_direct,building_candidate_point,municipal,市指定有形文化財,建造物,
municipal_source,あきる野市,文化財一覧,54,https://www.city.akiruno.tokyo.jp/cmsfiles/contents/0000015/15465/132284_cultural_property2022.csv,13Tokyo/raw/municipal/13228/data.csv,森山神社本殿,,森山神社,,森山神社,あきる野市草花275,あきる野市,13228,市指定有形文化財,建造物,municipal,2018/3/22,35.731654,139.318895,building_direct,building_candidate_point,municipal,市指定有形文化財,建造物,
municipal_source,あきる野市,文化財一覧,55,https://www.city.akiruno.tokyo.jp/cmsfiles/contents/0000015/15465/132284_cultural_property2022.csv,13Tokyo/raw/municipal/13228/data.csv,阿伎留神社年中十二祭神事絵巻,,阿伎留神社,,(宗)阿伎留神社,あきる野市五日市1081,あきる野市,13228,市指定有形文化財,美術工芸品,municipal,1969/7/10,35.725279,139.222695,movable,representative_point,municipal,市指定有形文化財,絵画,
municipal_source,あきる野市,文化財一覧,56,https://www.city.akiruno.tokyo.jp/cmsfiles/contents/0000015/15465/132284_cultural_property2022.csv,13Tokyo/raw/municipal/13228/data.csv,光厳寺絹本着色仏涅槃図,,光厳寺,,(宗)光厳寺,あきる野市戸倉328,あきる野市,13228,市指定有形文化財,美術工芸品,municipal,1969/7/10,35.725616,139.20214,movable,representative_point,municipal,市指定有形文化財,絵画,
municipal_source,あきる野市,文化財一覧,57,https://www.city.akiruno.tokyo.jp/cmsfiles/contents/0000015/15465/132284_cultural_property2022.csv,13Tokyo/raw/municipal/13228/data.csv,大悲願寺仁王門天井絵,,大悲願寺,,(宗)大悲願寺,あきる野市横沢134,あきる野市,13228,市指定有形文化財,美術工芸品,municipal,1984/11/25,35.732374,139.241529,movable,representative_point,municipal,市指定有形文化財,絵画,
municipal_source,あきる野市,文化財一覧,58,https://www.city.akiruno.tokyo.jp/cmsfiles/contents/0000015/15465/132284_cultural_property2022.csv,13Tokyo/raw/municipal/13228/data.csv,玉林寺本堂天井絵,,玉林寺,,(宗)玉林寺,あきる野市五日市926,あきる野市,13228,市指定有形文化財,美術工芸品,municipal,1991/10/18,35.72706,139.217626,movable,representative_point,municipal,市指定有形文化財,絵画,
municipal_source,あきる野市,文化財一覧,59,https://www.city.akiruno.tokyo.jp/cmsfiles/contents/0000015/15465/132284_cultural_property2022.csv,13Tokyo/raw/municipal/13228/data.csv,光厳寺扁額,,光厳寺,,(宗)光厳寺,あきる野市戸倉328,あきる野市,13228,市指定有形文化財,美術工芸品,municipal,1969/7/10,35.725616,139.20214,movable,representative_point,municipal,市指定有形文化財,彫刻,
municipal_source,あきる野市,文化財一覧,60,https://www.city.akiruno.tokyo.jp/cmsfiles/contents/0000015/15465/132284_cultural_property2022.csv,13Tokyo/raw/municipal/13228/data.csv,貴志嶋神社石造大黒天像,,貴志嶋神社,,(宗)貴志嶋神社,あきる野市網代83,あきる野市,13228,市指定有形文化財,美術工芸品,municipal,1978/12/25,35.721389,139.247309,movable,representative_point,municipal,市指定有形文化財,彫刻,
municipal_source,あきる野市,文化財一覧,61,https://www.city.akiruno.tokyo.jp/cmsfiles/contents/0000015/15465/132284_cultural_property2022.csv,13Tokyo/raw/municipal/13228/data.csv,大悲願寺懐中仏,,大悲願寺,,(宗)大悲願寺,あきる野市横沢134,あきる野市,13228,市指定有形文化財,美術工芸品,municipal,1978/12/25,35.732374,139.241529,movable,representative_point,municipal,市指定有形文化財,彫刻,
municipal_source,あきる野市,文化財一覧,62,https://www.city.akiruno.tokyo.jp/cmsfiles/contents/0000015/15465/132284_cultural_property2022.csv,13Tokyo/raw/municipal/13228/data.csv,東町観音堂木造阿弥陀如来坐像,,東町観音堂,,(宗)東町観音堂,あきる野市五日市164,あきる野市,13228,市指定有形文化財,美術工芸品,municipal,1984/11/25,35.729956,139.225992,movable,representative_point,municipal,市指定有形文化財,彫刻,
municipal_source,あきる野市,文化財一覧,63,https://www.city.akiruno.tokyo.jp/cmsfiles/contents/0000015/15465/132284_cultural_property2022.csv,13Tokyo/raw/municipal/13228/data.csv,広徳寺山門木造十六羅漢像,,広徳寺,,(宗)広徳寺,あきる野市小和田234,あきる野市,13228,市指定有形文化財,美術工芸品,municipal,1984/11/25,35.721875,139.21736,movable,representative_point,municipal,市指定有形文化財,彫刻,
municipal_source,あきる野市,文化財一覧,64,https://www.city.akiruno.tokyo.jp/cmsfiles/contents/0000015/15465/132284_cultural_property2022.csv,13Tokyo/raw/municipal/13228/data.csv,楞厳寺薬師堂木造十二神将立像,,楞厳寺,,(宗)楞厳寺,あきる野市五日市576,あきる野市,13228,市指定有形文化財,美術工芸品,municipal,1984/11/25,35.732515,139.214976,movable,representative_point,municipal,市指定有形文化財,彫刻,
municipal_source,あきる野市,文化財一覧,65,https://www.city.akiruno.tokyo.jp/cmsfiles/contents/0000015/15465/132284_cultural_property2022.csv,13Tokyo/raw/municipal/13228/data.csv,捻成聖観世音菩薩立像,,,,個人,,あきる野市,13228,市指定有形文化財,美術工芸品,municipal,1984/11/25,,,movable,representative_point,municipal,市指定有形文化財,彫刻,
municipal_source,あきる野市,文化財一覧,66,https://www.city.akiruno.tokyo.jp/cmsfiles/contents/0000015/15465/132284_cultural_property2022.csv,13Tokyo/raw/municipal/13228/data.csv,足利尊氏坐像,,瑞雲寺,,(宗)瑞雲寺,あきる野市山田496,あきる野市,13228,市指定有形文化財,美術工芸品,municipal,1990/3/29,35.723983,139.254575,movable,representative_point,municipal,市指定有形文化財,彫刻,
municipal_source,あきる野市,文化財一覧,67,https://www.city.akiruno.tokyo.jp/cmsfiles/contents/0000015/15465/132284_cultural_property2022.csv,13Tokyo/raw/municipal/13228/data.csv,広徳寺本尊聖観音像,,広徳寺,,(宗)広徳寺,あきる野市小和田234,あきる野市,13228,市指定有形文化財,美術工芸品,municipal,1991/10/18,35.721875,139.21736,movable,representative_point,municipal,市指定有形文化財,彫刻,
municipal_source,あきる野市,文化財一覧,68,https://www.city.akiruno.tokyo.jp/cmsfiles/contents/0000015/15465/132284_cultural_property2022.csv,13Tokyo/raw/municipal/13228/data.csv,福徳寺の五輪六地蔵及び中尊,,福徳寺,,(宗)福徳寺,あきる野市油平246,あきる野市,13228,市指定有形文化財,美術工芸品,municipal,2013/3/26,35.722306,139.286411,movable,representative_point,municipal,市指定有形文化財,彫刻,
municipal_source,あきる野市,文化財一覧,69,https://www.city.akiruno.tokyo.jp/cmsfiles/contents/0000015/15465/132284_cultural_property2022.csv,13Tokyo/raw/municipal/13228/data.csv,大悲願寺の五輪地蔵,,大悲願寺,,(宗)大悲願寺,あきる野市横沢134,あきる野市,13228,市指定有形文化財,美術工芸品,municipal,2013/3/26,35.732374,139.241529,movable,representative_point,municipal,市指定有形文化財,彫刻,
municipal_source,あきる野市,文化財一覧,70,https://www.city.akiruno.tokyo.jp/cmsfiles/contents/0000015/15465/132284_cultural_property2022.csv,13Tokyo/raw/municipal/13228/data.csv,春日明神社和鏡,,春日明神社,,(宗)春日明神社,あきる野市乙津425,あきる野市,13228,市指定有形文化財,美術工芸品,municipal,1969/7/10,35.730352,139.187268,movable,representative_point,municipal,市指定有形文化財,工芸,
municipal_source,あきる野市,文化財一覧,71,https://www.city.akiruno.tokyo.jp/cmsfiles/contents/0000015/15465/132284_cultural_property2022.csv,13Tokyo/raw/municipal/13228/data.csv,阿伎留神社懸仏台盤,,阿伎留神社,,(宗)阿伎留神社,あきる野市五日市1081,あきる野市,13228,市指定有形文化財,美術工芸品,municipal,1969/7/10,35.725279,139.222695,movable,representative_point,municipal,市指定有形文化財,工芸,
municipal_source,あきる野市,文化財一覧,72,https://www.city.akiruno.tokyo.jp/cmsfiles/contents/0000015/15465/132284_cultural_property2022.csv,13Tokyo/raw/municipal/13228/data.csv,大悲願寺六角宝幢式経筒,,大悲願寺,,(宗)大悲願寺,あきる野市横沢134,あきる野市,13228,市指定有形文化財,美術工芸品,municipal,1978/12/25,35.732374,139.241529,movable,representative_point,municipal,市指定有形文化財,工芸,
municipal_source,あきる野市,文化財一覧,73,https://www.city.akiruno.tokyo.jp/cmsfiles/contents/0000015/15465/132284_cultural_property2022.csv,13Tokyo/raw/municipal/13228/data.csv,大悲願寺梵鐘,,大悲願寺,,(宗)大悲願寺,あきる野市横沢134,あきる野市,13228,市指定有形文化財,美術工芸品,municipal,1978/12/25,35.732374,139.241529,movable,representative_point,municipal,市指定有形文化財,工芸,
municipal_source,あきる野市,文化財一覧,74,https://www.city.akiruno.tokyo.jp/cmsfiles/contents/0000015/15465/132284_cultural_property2022.csv,13Tokyo/raw/municipal/13228/data.csv,三島神社石棒,,二宮考古館(寄託),,(宗)三島神社,あきる野市二宮1151,あきる野市,13228,市指定有形文化財,考古資料,municipal,1969/7/10,35.727373,139.313475,movable,representative_point,municipal,市指定有形文化財,考古資料,
municipal_source,あきる野市,文化財一覧,75,https://www.city.akiruno.tokyo.jp/cmsfiles/contents/0000015/15465/132284_cultural_property2022.csv,13Tokyo/raw/municipal/13228/data.csv,土製耳飾,,五日市郷土館,,都立五日市高等学校,あきる野市五日市920-1,あきる野市,13228,市指定有形文化財,考古資料,municipal,1969/7/10,35.728429,139.216982,movable,representative_point,municipal,市指定有形文化財,考古資料,
municipal_source,あきる野市,文化財一覧,76,https://www.city.akiruno.tokyo.jp/cmsfiles/contents/0000015/15465/132284_cultural_property2022.csv,13Tokyo/raw/municipal/13228/data.csv,縄文式壺型土器,,五日市郷土館(寄託),,あきる野市,あきる野市五日市920-1,あきる野市,13228,市指定有形文化財,考古資料,municipal,1978/12/25,35.728429,139.216982,movable,representative_point,municipal,市指定有形文化財,考古資料,
municipal_source,あきる野市,文化財一覧,77,https://www.city.akiruno.tokyo.jp/cmsfiles/contents/0000015/15465/132284_cultural_property2022.csv,13Tokyo/raw/municipal/13228/data.csv,縄文式釣手土器,,五日市郷土館(寄託),,個人,あきる野市五日市920-1,あきる野市,13228,市指定有形文化財,考古資料,municipal,1978/12/25,35.728429,139.216982,movable,representative_point,municipal,市指定有形文化財,考古資料,
municipal_source,あきる野市,文化財一覧,78,https://www.city.akiruno.tokyo.jp/cmsfiles/contents/0000015/15465/132284_cultural_property2022.csv,13Tokyo/raw/municipal/13228/data.csv,五領式土器,,五日市郷土館(寄託),,個人,あきる野市五日市920-1,あきる野市,13228,市指定有形文化財,考古資料,municipal,1978/12/25,35.728429,139.216982,movable,representative_point,municipal,市指定有形文化財,考古資料,
municipal_source,あきる野市,文化財一覧,79,https://www.city.akiruno.tokyo.jp/cmsfiles/contents/0000015/15465/132284_cultural_property2022.csv,13Tokyo/raw/municipal/13228/data.csv,雨間地区遺跡群出土の旧石器時代石器群,,二宮考古館,,あきる野市,あきる野市二宮1151,あきる野市,13228,市指定有形文化財,考古資料,municipal,2003/11/26,35.727373,139.313475,movable,representative_point,municipal,市指定有形文化財,考古資料,
municipal_source,あきる野市,文化財一覧,80,https://www.city.akiruno.tokyo.jp/cmsfiles/contents/0000015/15465/132284_cultural_property2022.csv,13Tokyo/raw/municipal/13228/data.csv,大六天遺跡出土の石棒,,二宮考古館(寄託),,個人,あきる野市二宮1151,あきる野市,13228,市指定有形文化財,考古資料,municipal,2006/12/25,35.727373,139.313475,movable,representative_point,municipal,市指定有形文化財,考古資料,
municipal_source,あきる野市,文化財一覧,81,https://www.city.akiruno.tokyo.jp/cmsfiles/contents/0000015/15465/132284_cultural_property2022.csv,13Tokyo/raw/municipal/13228/data.csv,如環版木活字並びに活版本,,大悲願寺,,(宗)大悲願寺,あきる野市横沢134,あきる野市,13228,市指定有形文化財,典籍,municipal,1969/7/10,35.732374,139.241529,movable,representative_point,municipal,市指定有形文化財,典籍,
municipal_source,あきる野市,文化財一覧,82,https://www.city.akiruno.tokyo.jp/cmsfiles/contents/0000015/15465/132284_cultural_property2022.csv,13Tokyo/raw/municipal/13228/data.csv,武州南一揆文書,,五日市郷土館(寄託),,(宗)三島神社,あきる野市五日市920-1,あきる野市,13228,市指定有形文化財,古文書,municipal,1969/7/10,35.727373,139.313475,movable,representative_point,municipal,市指定有形文化財,古文書,
municipal_source,あきる野市,文化財一覧,83,https://www.city.akiruno.tokyo.jp/cmsfiles/contents/0000015/15465/132284_cultural_property2022.csv,13Tokyo/raw/municipal/13228/data.csv,武州南一揆文書,,阿伎留神社,,(宗)阿伎留神社,あきる野市五日市1081,あきる野市,13228,市指定有形文化財,古文書,municipal,1969/7/10,35.725279,139.222695,movable,representative_point,municipal,市指定有形文化財,古文書,
municipal_source,あきる野市,文化財一覧,84,https://www.city.akiruno.tokyo.jp/cmsfiles/contents/0000015/15465/132284_cultural_property2022.csv,13Tokyo/raw/municipal/13228/data.csv,武州南一揆文書,,,,個人,,あきる野市,13228,市指定有形文化財,古文書,municipal,1969/7/10,,,movable,representative_point,municipal,市指定有形文化財,古文書,
municipal_source,あきる野市,文化財一覧,85,https://www.city.akiruno.tokyo.jp/cmsfiles/contents/0000015/15465/132284_cultural_property2022.csv,13Tokyo/raw/municipal/13228/data.csv,後北条氏虎印文書,,広徳寺,,(宗)広徳寺,あきる野市小和田234,あきる野市,13228,市指定有形文化財,古文書,municipal,1969/7/10,35.721875,139.21736,movable,representative_point,municipal,市指定有形文化財,古文書,
municipal_source,あきる野市,文化財一覧,86,https://www.city.akiruno.tokyo.jp/cmsfiles/contents/0000015/15465/132284_cultural_property2022.csv,13Tokyo/raw/municipal/13228/data.csv,後北条氏虎印文書,,五日市郷土館(寄託),,(宗)三島神社,あきる野市五日市920-1,あきる野市,13228,市指定有形文化財,古文書,municipal,1969/7/10,35.728429,139.216982,movable,representative_point,municipal,市指定有形文化財,古文書,
municipal_source,あきる野市,文化財一覧,87,https://www.city.akiruno.tokyo.jp/cmsfiles/contents/0000015/15465/132284_cultural_property2022.csv,13Tokyo/raw/municipal/13228/data.csv,大悲願寺棟札,,大悲願寺,,(宗)大悲願寺,あきる野市横沢134,あきる野市,13228,市指定有形文化財,古文書,municipal,1978/12/25,35.732374,139.241529,movable,representative_point,municipal,市指定有形文化財,古文書,
municipal_source,あきる野市,文化財一覧,88,https://www.city.akiruno.tokyo.jp/cmsfiles/contents/0000015/15465/132284_cultural_property2022.csv,13Tokyo/raw/municipal/13228/data.csv,瑞雲寺板碑,,瑞雲寺,,(宗)瑞雲寺,あきる野市山田496,あきる野市,13228,市指定有形文化財,歴史資料,municipal,1978/12/25,35.723983,139.254575,point,representative_point,municipal,市指定有形文化財,歴史資料,
municipal_source,あきる野市,文化財一覧,89,https://www.city.akiruno.tokyo.jp/cmsfiles/contents/0000015/15465/132284_cultural_property2022.csv,13Tokyo/raw/municipal/13228/data.csv,大悲願寺井戸枠,,大悲願寺,,(宗)大悲願寺,あきる野市横沢134,あきる野市,13228,市指定有形文化財,歴史資料,municipal,1978/12/25,35.732374,139.241529,point,representative_point,municipal,市指定有形文化財,歴史資料,
municipal_source,あきる野市,文化財一覧,90,https://www.city.akiruno.tokyo.jp/cmsfiles/contents/0000015/15465/132284_cultural_property2022.csv,13Tokyo/raw/municipal/13228/data.csv,ところ芋の碑,,光厳寺,,(宗)光厳寺,あきる野市戸倉328,あきる野市,13228,市指定有形文化財,歴史資料,municipal,1984/11/25,35.725616,139.20214,point,representative_point,municipal,市指定有形文化財,歴史資料,
municipal_source,あきる野市,文化財一覧,91,https://www.city.akiruno.tokyo.jp/cmsfiles/contents/0000015/15465/132284_cultural_property2022.csv,13Tokyo/raw/municipal/13228/data.csv,百番供養塔,,,,個人,あきる野市留原209,あきる野市,13228,市指定有形文化財,歴史資料,municipal,1993/2/25,35.722399,139.229384,point,representative_point,municipal,市指定有形文化財,歴史資料,
municipal_source,あきる野市,文化財一覧,92,https://www.city.akiruno.tokyo.jp/cmsfiles/contents/0000015/15465/132284_cultural_property2022.csv,13Tokyo/raw/municipal/13228/data.csv,御嶽神社の懸仏,,御嶽神社,,(宗)御嶽神社,あきる野市小和田531,あきる野市,13228,市指定有形文化財,歴史資料,municipal,2018/3/22,35.721169,139.223449,point,representative_point,municipal,市指定有形文化財,歴史資料,
municipal_source,あきる野市,文化財一覧,93,https://www.city.akiruno.tokyo.jp/cmsfiles/contents/0000015/15465/132284_cultural_property2022.csv,13Tokyo/raw/municipal/13228/data.csv,地蔵院の板碑,,地蔵院,,(宗)地蔵院,あきる野市雨間1101,あきる野市,13228,市指定有形民俗文化財,市指定有形民俗文化財,municipal,1982/11/3,35.721535,139.300441,point,representative_point,municipal,市指定有形民俗文化財,,
municipal_source,あきる野市,文化財一覧,94,https://www.city.akiruno.tokyo.jp/cmsfiles/contents/0000015/15465/132284_cultural_property2022.csv,13Tokyo/raw/municipal/13228/data.csv,地蔵院の板碑,,地蔵院,,(宗)地蔵院,あきる野市雨間1101,あきる野市,13228,市指定有形民俗文化財,市指定有形民俗文化財,municipal,1982/11/3,35.721535,139.300441,point,representative_point,municipal,市指定有形民俗文化財,,
municipal_source,あきる野市,文化財一覧,95,https://www.city.akiruno.tokyo.jp/cmsfiles/contents/0000015/15465/132284_cultural_property2022.csv,13Tokyo/raw/municipal/13228/data.csv,福泉寺の板碑,,福泉寺,,(宗)福泉寺,あきる野市菅生629,あきる野市,13228,市指定有形民俗文化財,市指定有形民俗文化財,municipal,1982/11/3,35.746731,139.289732,point,representative_point,municipal,市指定有形民俗文化財,,
municipal_source,あきる野市,文化財一覧,96,https://www.city.akiruno.tokyo.jp/cmsfiles/contents/0000015/15465/132284_cultural_property2022.csv,13Tokyo/raw/municipal/13228/data.csv,塩野家の板碑,,二宮考古館,,あきる野市,あきる野市二宮1151,あきる野市,13228,市指定有形民俗文化財,市指定有形民俗文化財,municipal,1982/11/3,35.727373,139.313475,point,representative_point,municipal,市指定有形民俗文化財,,
municipal_source,あきる野市,文化財一覧,97,https://www.city.akiruno.tokyo.jp/cmsfiles/contents/0000015/15465/132284_cultural_property2022.csv,13Tokyo/raw/municipal/13228/data.csv,塩野家の板碑,,二宮考古館,,あきる野市,あきる野市二宮1151,あきる野市,13228,市指定有形民俗文化財,市指定有形民俗文化財,municipal,1982/11/3,35.727373,139.313475,point,representative_point,municipal,市指定有形民俗文化財,,
municipal_source,あきる野市,文化財一覧,98,https://www.city.akiruno.tokyo.jp/cmsfiles/contents/0000015/15465/132284_cultural_property2022.csv,13Tokyo/raw/municipal/13228/data.csv,東郷前の板碑,,二宮考古館,,あきる野市,あきる野市二宮1151,あきる野市,13228,市指定有形民俗文化財,市指定有形民俗文化財,municipal,1982/11/3,35.727373,139.313475,point,representative_point,municipal,市指定有形民俗文化財,,
municipal_source,あきる野市,文化財一覧,99,https://www.city.akiruno.tokyo.jp/cmsfiles/contents/0000015/15465/132284_cultural_property2022.csv,13Tokyo/raw/municipal/13228/data.csv,珠陽院の巳待供養塔,,珠陽院,,(宗)珠陽院,あきる野市瀬戸岡511,あきる野市,13228,市指定有形民俗文化財,市指定有形民俗文化財,municipal,2014/3/26,35.736947,139.29544,point,representative_point,municipal,市指定有形民俗文化財,,
municipal_source,あきる野市,文化財一覧,100,https://www.city.akiruno.tokyo.jp/cmsfiles/contents/0000015/15465/132284_cultural_property2022.csv,13Tokyo/raw/municipal/13228/data.csv,五日市の市神様,,,,不詳,あきる野市五日市110-1,あきる野市,13228,市指定有形民俗文化財,市指定有形民俗文化財,municipal,2014/3/26,35.727874,139.222259,point,representative_point,municipal,市指定有形民俗文化財,,
municipal_source,あきる野市,文化財一覧,101,https://www.city.akiruno.tokyo.jp/cmsfiles/contents/0000015/15465/132284_cultural_property2022.csv,13Tokyo/raw/municipal/13228/data.csv,二宮神社の算額絵馬,,五日市郷土館(寄託),,(宗)二宮神社,あきる野市五日市920-1,あきる野市,13228,市指定有形民俗文化財,市指定有形民俗文化財,municipal,2016/3/24,35.728429,139.216982,point,representative_point,municipal,市指定有形民俗文化財,,
municipal_source,あきる野市,文化財一覧,102,https://www.city.akiruno.tokyo.jp/cmsfiles/contents/0000015/15465/132284_cultural_property2022.csv,13Tokyo/raw/municipal/13228/data.csv,鹿島流引田獅子舞,,,,引田獅子舞保存会,,あきる野市,13228,市指定無形民俗文化財,市指定無形民俗文化財,municipal,1974/3/13,,,point,representative_point,municipal,市指定無形民俗文化財,,
municipal_source,あきる野市,文化財一覧,103,https://www.city.akiruno.tokyo.jp/cmsfiles/contents/0000015/15465/132284_cultural_property2022.csv,13Tokyo/raw/municipal/13228/data.csv,上代継獅子舞,,,,上代継獅子舞保存会,,あきる野市,13228,市指定無形民俗文化財,市指定無形民俗文化財,municipal,1974/3/13,,,point,representative_point,municipal,市指定無形民俗文化財,,
municipal_source,あきる野市,文化財一覧,104,https://www.city.akiruno.tokyo.jp/cmsfiles/contents/0000015/15465/132284_cultural_property2022.csv,13Tokyo/raw/municipal/13228/data.csv,小宮神社獅子舞,,,,小宮神社獅子舞保存会,,あきる野市,13228,市指定無形民俗文化財,市指定無形民俗文化財,municipal,1974/3/13,,,point,representative_point,municipal,市指定無形民俗文化財,,
municipal_source,あきる野市,文化財一覧,105,https://www.city.akiruno.tokyo.jp/cmsfiles/contents/0000015/15465/132284_cultural_property2022.csv,13Tokyo/raw/municipal/13228/data.csv,瀬戸岡獅子舞,,,,瀬戸岡獅子舞保存会,,あきる野市,13228,市指定無形民俗文化財,市指定無形民俗文化財,municipal,1974/3/13,,,point,representative_point,municipal,市指定無形民俗文化財,,
municipal_source,あきる野市,文化財一覧,106,https://www.city.akiruno.tokyo.jp/cmsfiles/contents/0000015/15465/132284_cultural_property2022.csv,13Tokyo/raw/municipal/13228/data.csv,引田ばやし,,,,引田はやし保存会,,あきる野市,13228,市指定無形民俗文化財,市指定無形民俗文化財,municipal,1974/3/13,,,point,representative_point,municipal,市指定無形民俗文化財,,
municipal_source,あきる野市,文化財一覧,107,https://www.city.akiruno.tokyo.jp/cmsfiles/contents/0000015/15465/132284_cultural_property2022.csv,13Tokyo/raw/municipal/13228/data.csv,油平ばやし,,,,油平はやし保存会,,あきる野市,13228,市指定無形民俗文化財,市指定無形民俗文化財,municipal,1974/3/13,,,point,representative_point,municipal,市指定無形民俗文化財,,
municipal_source,あきる野市,文化財一覧,108,https://www.city.akiruno.tokyo.jp/cmsfiles/contents/0000015/15465/132284_cultural_property2022.csv,13Tokyo/raw/municipal/13228/data.csv,尾崎ばやし,,,,尾崎はやし保存会,,あきる野市,13228,市指定無形民俗文化財,市指定無形民俗文化財,municipal,1974/3/13,,,point,representative_point,municipal,市指定無形民俗文化財,,
municipal_source,あきる野市,文化財一覧,109,https://www.city.akiruno.tokyo.jp/cmsfiles/contents/0000015/15465/132284_cultural_property2022.csv,13Tokyo/raw/municipal/13228/data.csv,二宮ばやし,,,,二宮はやし保存会,,あきる野市,13228,市指定無形民俗文化財,市指定無形民俗文化財,municipal,1981/11/1,,,point,representative_point,municipal,市指定無形民俗文化財,,
municipal_source,あきる野市,文化財一覧,110,https://www.city.akiruno.tokyo.jp/cmsfiles/contents/0000015/15465/132284_cultural_property2022.csv,13Tokyo/raw/municipal/13228/data.csv,雨間ばやし,,,,雨間はやし保存会,,あきる野市,13228,市指定無形民俗文化財,市指定無形民俗文化財,municipal,1981/11/1,,,point,representative_point,municipal,市指定無形民俗文化財,,
municipal_source,あきる野市,文化財一覧,111,https://www.city.akiruno.tokyo.jp/cmsfiles/contents/0000015/15465/132284_cultural_property2022.csv,13Tokyo/raw/municipal/13228/data.csv,草花ばやし,,,,草花はやし保存会,,あきる野市,13228,市指定無形民俗文化財,市指定無形民俗文化財,municipal,1981/11/1,,,point,representative_point,municipal,市指定無形民俗文化財,,
municipal_source,あきる野市,文化財一覧,112,https://www.city.akiruno.tokyo.jp/cmsfiles/contents/0000015/15465/132284_cultural_property2022.csv,13Tokyo/raw/municipal/13228/data.csv,森山ばやし,,,,森山はやし保存会,,あきる野市,13228,市指定無形民俗文化財,市指定無形民俗文化財,municipal,1981/11/1,,,point,representative_point,municipal,市指定無形民俗文化財,,
municipal_source,あきる野市,文化財一覧,113,https://www.city.akiruno.tokyo.jp/cmsfiles/contents/0000015/15465/132284_cultural_property2022.csv,13Tokyo/raw/municipal/13228/data.csv,野辺囃子神楽,,,,野辺囃子神楽保存会,,あきる野市,13228,市指定無形民俗文化財,市指定無形民俗文化財,municipal,1981/11/1,,,point,representative_point,municipal,市指定無形民俗文化財,,
municipal_source,あきる野市,文化財一覧,114,https://www.city.akiruno.tokyo.jp/cmsfiles/contents/0000015/15465/132284_cultural_property2022.csv,13Tokyo/raw/municipal/13228/data.csv,山田獅子舞,,,,山田獅子舞保存会,,あきる野市,13228,市指定無形民俗文化財,市指定無形民俗文化財,municipal,1991/10/18,,,point,representative_point,municipal,市指定無形民俗文化財,,
municipal_source,あきる野市,文化財一覧,115,https://www.city.akiruno.tokyo.jp/cmsfiles/contents/0000015/15465/132284_cultural_property2022.csv,13Tokyo/raw/municipal/13228/data.csv,高尾獅子舞,,,,高尾獅子舞保存会,,あきる野市,13228,市指定無形民俗文化財,市指定無形民俗文化財,municipal,1991/10/18,,,point,representative_point,municipal,市指定無形民俗文化財,,
municipal_source,あきる野市,文化財一覧,116,https://www.city.akiruno.tokyo.jp/cmsfiles/contents/0000015/15465/132284_cultural_property2022.csv,13Tokyo/raw/municipal/13228/data.csv,五日市入野獅子舞,,,,五日市入野獅子舞保存会,,あきる野市,13228,市指定無形民俗文化財,市指定無形民俗文化財,municipal,1991/10/18,,,point,representative_point,municipal,市指定無形民俗文化財,,
municipal_source,あきる野市,文化財一覧,117,https://www.city.akiruno.tokyo.jp/cmsfiles/contents/0000015/15465/132284_cultural_property2022.csv,13Tokyo/raw/municipal/13228/data.csv,星竹嵐除獅子舞,,,,星竹嵐除獅子舞保存会,,あきる野市,13228,市指定無形民俗文化財,市指定無形民俗文化財,municipal,1991/10/18,,,point,representative_point,municipal,市指定無形民俗文化財,,
municipal_source,あきる野市,文化財一覧,118,https://www.city.akiruno.tokyo.jp/cmsfiles/contents/0000015/15465/132284_cultural_property2022.csv,13Tokyo/raw/municipal/13228/data.csv,乙津Θ大神楽,,,,乙津Θ大神楽保存会,,あきる野市,13228,市指定無形民俗文化財,市指定無形民俗文化財,municipal,1991/10/18,,,point,representative_point,municipal,市指定無形民俗文化財,,
municipal_source,あきる野市,文化財一覧,119,https://www.city.akiruno.tokyo.jp/cmsfiles/contents/0000015/15465/132284_cultural_property2022.csv,13Tokyo/raw/municipal/13228/data.csv,西戸倉棒使い,,,,西戸倉棒使い保存会,,あきる野市,13228,市指定無形民俗文化財,市指定無形民俗文化財,municipal,1991/10/18,,,point,representative_point,municipal,市指定無形民俗文化財,,
municipal_source,あきる野市,文化財一覧,120,https://www.city.akiruno.tokyo.jp/cmsfiles/contents/0000015/15465/132284_cultural_property2022.csv,13Tokyo/raw/municipal/13228/data.csv,伊奈本町囃子,,,,伊奈本町囃子保存会,,あきる野市,13228,市指定無形民俗文化財,市指定無形民俗文化財,municipal,1991/10/18,,,point,representative_point,municipal,市指定無形民俗文化財,,
municipal_source,あきる野市,文化財一覧,121,https://www.city.akiruno.tokyo.jp/cmsfiles/contents/0000015/15465/132284_cultural_property2022.csv,13Tokyo/raw/municipal/13228/data.csv,伊奈宮本囃子,,,,伊奈宮本囃子保存会,,あきる野市,13228,市指定無形民俗文化財,市指定無形民俗文化財,municipal,1991/10/18,,,point,representative_point,municipal,市指定無形民俗文化財,,
municipal_source,あきる野市,文化財一覧,122,https://www.city.akiruno.tokyo.jp/cmsfiles/contents/0000015/15465/132284_cultural_property2022.csv,13Tokyo/raw/municipal/13228/data.csv,伊奈新宿囃子,,,,伊奈新宿囃子保存会,,あきる野市,13228,市指定無形民俗文化財,市指定無形民俗文化財,municipal,1991/10/18,,,point,representative_point,municipal,市指定無形民俗文化財,,
municipal_source,あきる野市,文化財一覧,123,https://www.city.akiruno.tokyo.jp/cmsfiles/contents/0000015/15465/132284_cultural_property2022.csv,13Tokyo/raw/municipal/13228/data.csv,留原囃子,,,,留原囃子保存会,,あきる野市,13228,市指定無形民俗文化財,市指定無形民俗文化財,municipal,1991/10/18,,,point,representative_point,municipal,市指定無形民俗文化財,,
municipal_source,あきる野市,文化財一覧,124,https://www.city.akiruno.tokyo.jp/cmsfiles/contents/0000015/15465/132284_cultural_property2022.csv,13Tokyo/raw/municipal/13228/data.csv,星竹囃子,,,,星竹囃子連,,あきる野市,13228,市指定無形民俗文化財,市指定無形民俗文化財,municipal,1991/10/18,,,point,representative_point,municipal,市指定無形民俗文化財,,
municipal_source,あきる野市,文化財一覧,125,https://www.city.akiruno.tokyo.jp/cmsfiles/contents/0000015/15465/132284_cultural_property2022.csv,13Tokyo/raw/municipal/13228/data.csv,栄会囃子,,,,栄会囃子連,,あきる野市,13228,市指定無形民俗文化財,市指定無形民俗文化財,municipal,1991/10/18,,,point,representative_point,municipal,市指定無形民俗文化財,,
municipal_source,あきる野市,文化財一覧,126,https://www.city.akiruno.tokyo.jp/cmsfiles/contents/0000015/15465/132284_cultural_property2022.csv,13Tokyo/raw/municipal/13228/data.csv,落合囃子,,,,落合囃子保存会,,あきる野市,13228,市指定無形民俗文化財,市指定無形民俗文化財,municipal,2010/11/25,,,point,representative_point,municipal,市指定無形民俗文化財,,
municipal_source,あきる野市,文化財一覧,127,https://www.city.akiruno.tokyo.jp/cmsfiles/contents/0000015/15465/132284_cultural_property2022.csv,13Tokyo/raw/municipal/13228/data.csv,本郷囃子,,,,本郷囃子連,,あきる野市,13228,市指定無形民俗文化財,市指定無形民俗文化財,municipal,2010/11/25,,,point,representative_point,municipal,市指定無形民俗文化財,,
municipal_source,あきる野市,文化財一覧,128,https://www.city.akiruno.tokyo.jp/cmsfiles/contents/0000015/15465/132284_cultural_property2022.csv,13Tokyo/raw/municipal/13228/data.csv,小中野囃子,,,,小中野囃子保存会,,あきる野市,13228,市指定無形民俗文化財,市指定無形民俗文化財,municipal,2010/11/25,,,point,representative_point,municipal,市指定無形民俗文化財,,
municipal_source,あきる野市,文化財一覧,129,https://www.city.akiruno.tokyo.jp/cmsfiles/contents/0000015/15465/132284_cultural_property2022.csv,13Tokyo/raw/municipal/13228/data.csv,尾崎獅子舞,,,,尾崎町内会,,あきる野市,13228,市指定無形民俗文化財,市指定無形民俗文化財,municipal,2010/11/25,,,point,representative_point,municipal,市指定無形民俗文化財,,
municipal_source,あきる野市,文化財一覧,130,https://www.city.akiruno.tokyo.jp/cmsfiles/contents/0000015/15465/132284_cultural_property2022.csv,13Tokyo/raw/municipal/13228/data.csv,渕上の石積井戸,,開戸センター内,,あきる野市,あきる野市渕上330,あきる野市,13228,市指定史跡,史跡,municipal,1992/7/9,35.722648,139.273418,point,representative_point,municipal,市指定史跡,,
municipal_source,あきる野市,文化財一覧,131,https://www.city.akiruno.tokyo.jp/cmsfiles/contents/0000015/15465/132284_cultural_property2022.csv,13Tokyo/raw/municipal/13228/data.csv,石神遺跡,,,,あきる野市,あきる野市原小宮1-18,あきる野市,13228,市指定史跡,史跡,municipal,2010/11/25,35.734247,139.29906,point,representative_point,municipal,市指定史跡,,
municipal_source,あきる野市,文化財一覧,132,https://www.city.akiruno.tokyo.jp/cmsfiles/contents/0000015/15465/132284_cultural_property2022.csv,13Tokyo/raw/municipal/13228/data.csv,玉泉寺のエノキ,,玉泉寺,,(宗)玉泉寺,あきる野市二宮2265,あきる野市,13228,市指定天然記念物,天然記念物,municipal,1975/11/3,35.728962,139.31395,point,representative_point,municipal,市指定天然記念物,,
municipal_source,あきる野市,文化財一覧,133,https://www.city.akiruno.tokyo.jp/cmsfiles/contents/0000015/15465/132284_cultural_property2022.csv,13Tokyo/raw/municipal/13228/data.csv,戸田家のクスノキ,,,,個人,あきる野市二宮2259,あきる野市,13228,市指定天然記念物,天然記念物,municipal,1975/11/3,35.728768,139.314675,point,representative_point,municipal,市指定天然記念物,,
municipal_source,あきる野市,文化財一覧,134,https://www.city.akiruno.tokyo.jp/cmsfiles/contents/0000015/15465/132284_cultural_property2022.csv,13Tokyo/raw/municipal/13228/data.csv,二宮神社のフジ,,二宮神社,,(宗)二宮神社,あきる野市二宮1189,あきる野市,13228,市指定天然記念物,天然記念物,municipal,1975/11/3,35.726873,139.3136,point,representative_point,municipal,市指定天然記念物,,
municipal_source,あきる野市,文化財一覧,135,https://www.city.akiruno.tokyo.jp/cmsfiles/contents/0000015/15465/132284_cultural_property2022.csv,13Tokyo/raw/municipal/13228/data.csv,二宮神社のヤナギ,,二宮神社,,(宗)二宮神社,あきる野市二宮1189,あきる野市,13228,市指定天然記念物,天然記念物,municipal,1975/11/3,35.726873,139.3136,point,representative_point,municipal,市指定天然記念物,,
municipal_source,あきる野市,文化財一覧,136,https://www.city.akiruno.tokyo.jp/cmsfiles/contents/0000015/15465/132284_cultural_property2022.csv,13Tokyo/raw/municipal/13228/data.csv,杉田家のタワラグミ,,,,個人,あきる野市二宮2431,あきる野市,13228,市指定天然記念物,天然記念物,municipal,1975/11/3,35.729309,139.319189,point,representative_point,municipal,市指定天然記念物,,
municipal_source,あきる野市,文化財一覧,137,https://www.city.akiruno.tokyo.jp/cmsfiles/contents/0000015/15465/132284_cultural_property2022.csv,13Tokyo/raw/municipal/13228/data.csv,法林寺のシラカシ,,法林寺,,(宗)法林寺,あきる野市小川東2-12-10,あきる野市,13228,市指定天然記念物,天然記念物,municipal,1975/11/3,35.719216,139.319956,point,representative_point,municipal,市指定天然記念物,,
municipal_source,あきる野市,文化財一覧,138,https://www.city.akiruno.tokyo.jp/cmsfiles/contents/0000015/15465/132284_cultural_property2022.csv,13Tokyo/raw/municipal/13228/data.csv,熊野神社のケヤキ,,熊野神社,,(宗)熊野神社,あきる野市小川639,あきる野市,13228,市指定天然記念物,天然記念物,municipal,1975/11/3,35.721305,139.317081,point,representative_point,municipal,市指定天然記念物,,
municipal_source,あきる野市,文化財一覧,139,https://www.city.akiruno.tokyo.jp/cmsfiles/contents/0000015/15465/132284_cultural_property2022.csv,13Tokyo/raw/municipal/13228/data.csv,地蔵院のカヤ,,地蔵院,,(宗)地蔵院,あきる野市雨間1101,あきる野市,13228,市指定天然記念物,天然記念物,municipal,1975/11/3,35.721535,139.300441,point,representative_point,municipal,市指定天然記念物,,
municipal_source,あきる野市,文化財一覧,140,https://www.city.akiruno.tokyo.jp/cmsfiles/contents/0000015/15465/132284_cultural_property2022.csv,13Tokyo/raw/municipal/13228/data.csv,真城寺のシダレザクラ,,真城寺,,(宗)真城寺,あきる野市上代継344,あきる野市,13228,市指定天然記念物,天然記念物,municipal,1975/11/3,35.723012,139.278595,point,representative_point,municipal,市指定天然記念物,,
municipal_source,あきる野市,文化財一覧,141,https://www.city.akiruno.tokyo.jp/cmsfiles/contents/0000015/15465/132284_cultural_property2022.csv,13Tokyo/raw/municipal/13228/data.csv,秋川神明社のスギ,,秋川神明社,,(宗)秋川神明社,あきる野市牛沼88,あきる野市,13228,市指定天然記念物,天然記念物,municipal,1975/11/3,35.718485,139.285759,point,representative_point,municipal,市指定天然記念物,,
municipal_source,あきる野市,文化財一覧,142,https://www.city.akiruno.tokyo.jp/cmsfiles/contents/0000015/15465/132284_cultural_property2022.csv,13Tokyo/raw/municipal/13228/data.csv,正勝神社のサカキ,,正勝神社,,(宗)正勝神社,あきる野市菅生1819,あきる野市,13228,市指定天然記念物,天然記念物,municipal,1975/11/3,35.757397,139.277758,point,representative_point,municipal,市指定天然記念物,,
municipal_source,あきる野市,文化財一覧,143,https://www.city.akiruno.tokyo.jp/cmsfiles/contents/0000015/15465/132284_cultural_property2022.csv,13Tokyo/raw/municipal/13228/data.csv,堀部家のイトヒバ,,,,個人,あきる野市小川469,あきる野市,13228,市指定天然記念物,天然記念物,municipal,1975/11/3,35.717425,139.313951,point,representative_point,municipal,市指定天然記念物,,
municipal_source,あきる野市,文化財一覧,144,https://www.city.akiruno.tokyo.jp/cmsfiles/contents/0000015/15465/132284_cultural_property2022.csv,13Tokyo/raw/municipal/13228/data.csv,小山家のツルウメモドキ,,,,個人,あきる野市草花720,あきる野市,13228,市指定天然記念物,天然記念物,municipal,1979/11/3,35.738491,139.306901,point,representative_point,municipal,市指定天然記念物,,
municipal_source,あきる野市,文化財一覧,145,https://www.city.akiruno.tokyo.jp/cmsfiles/contents/0000015/15465/132284_cultural_property2022.csv,13Tokyo/raw/municipal/13228/data.csv,五柱神社のスギ,,五柱神社,,(宗)五柱神社,あきる野市養沢1392,あきる野市,13228,市指定天然記念物,天然記念物,municipal,1997/7/23,35.732043,139.180863,point,representative_point,municipal,市指定天然記念物,,
municipal_source,あきる野市,文化財一覧,146,https://www.city.akiruno.tokyo.jp/cmsfiles/contents/0000015/15465/132284_cultural_property2022.csv,13Tokyo/raw/municipal/13228/data.csv,山抱きの大カシ(ウラジロガシ),,,,(宗)真光院,あきる野市深沢472,あきる野市,13228,市指定天然記念物,天然記念物,municipal,2013/3/26,35.750161,139.205403,point,representative_point,municipal,市指定天然記念物,,
