dataset_no,dataset_key,title,source_org,acquisition,source_url,resource,layer,geometry_type,row_count,status,note,ingested_at,license,license_url,redistribution,commercial_use,modification,redistribution_status,attribution,usage_note,license_checked_at
1,region_risk,地震に関する地域危険度測定調査地域危険度一覧,東京都都市整備局,CKAN metadata API + direct SHP download,https://www.toshiseibi.metro.tokyo.lg.jp/bosai/chousa_6/download/all2.zip,地震に関する地域危険度測定調査（第9回）地域危険度一覧(令和4年9月公表),hazard_region_risk,Polygon,5192,ok,,2026-09-03T23:23:29+09:00,CC BY 4.0,https://portal.data.metro.tokyo.lg.jp/terms/,yes,yes,yes,confirmed,東京都都市整備局「地震に関する地域危険度測定調査地域危険度一覧」を加工して作成,東京都オープンデータ利用規約に従い、出典および加工した旨を明示する。,2026-09-04
2,fire_spread,地震時における地域別延焼危険度測定,東京消防庁,CKAN metadata API + direct SHP download,https://www.opendata.metro.tokyo.lg.jp/shoubou/2021/fire-spread-risk_municipalities.zip,東京都の地震時における地域別延焼危険度（町丁目単位）,hazard_fire_spread_town,Polygon,5430,ok,,2026-09-03T23:23:30+09:00,CC BY 4.0,https://portal.data.metro.tokyo.lg.jp/terms/,yes,yes,yes,confirmed,東京消防庁「地震時における地域別延焼危険度測定」を加工して作成,東京都オープンデータ利用規約に従い、出典および加工した旨を明示する。,2026-09-04
2,fire_spread,地震時における地域別延焼危険度測定,東京消防庁,CKAN metadata API + direct SHP download,https://www.opendata.metro.tokyo.lg.jp/shoubou/2021/fire-spread-risk_250m.zip,東京都の地震時における地域別延焼危険度（250mメッシュ単位）,hazard_fire_spread_mesh250,Polygon,29690,ok,,2026-09-03T23:23:30+09:00,CC BY 4.0,https://portal.data.metro.tokyo.lg.jp/terms/,yes,yes,yes,confirmed,東京消防庁「地震時における地域別延焼危険度測定」を加工して作成,東京都オープンデータ利用規約に従い、出典および加工した旨を明示する。,2026-09-04
3,seismic,震度分布・液状化（令和4年度首都直下型地震等による東京の被害想定結果）,東京都総務局,CKAN metadata API + direct CSV download; header-classified,https://www.opendata.metro.tokyo.lg.jp/soumu/0_keisokusinndo50m_tosinnnannbutyokka.csv,計測震度50mメッシュ別_都心南部直下地震,hazard_seismic_50m_都心南部直下地震,Polygon (official 50m mesh-code rule),689135,ok,scenario=都心南部直下地震; stored as an independent scenario layer,2026-09-03T23:23:40+09:00,CC BY 4.0,https://portal.data.metro.tokyo.lg.jp/terms/,yes,yes,yes,confirmed,東京都総務局「震度分布・液状化（令和4年度首都直下地震等による東京の被害想定結果）」を加工して作成,50mメッシュコードからポリゴンを生成。地震シナリオ別レイヤとして保持する。,2026-09-04
3,seismic,震度分布・液状化（令和4年度首都直下型地震等による東京の被害想定結果）,東京都総務局,CKAN metadata API + direct CSV download; header-classified,https://www.opendata.metro.tokyo.lg.jp/soumu/1_keisokusinndo50m_tamatoubutyokka.csv,計測震度50mメッシュ別_多摩東部直下地震,hazard_seismic_50m_多摩東部直下地震,Polygon (official 50m mesh-code rule),689136,ok,scenario=多摩東部直下地震; stored as an independent scenario layer,2026-09-03T23:23:50+09:00,CC BY 4.0,https://portal.data.metro.tokyo.lg.jp/terms/,yes,yes,yes,confirmed,東京都総務局「震度分布・液状化（令和4年度首都直下地震等による東京の被害想定結果）」を加工して作成,50mメッシュコードからポリゴンを生成。地震シナリオ別レイヤとして保持する。,2026-09-04
3,seismic,震度分布・液状化（令和4年度首都直下型地震等による東京の被害想定結果）,東京都総務局,CKAN metadata API + direct CSV download; header-classified,https://www.opendata.metro.tokyo.lg.jp/soumu/2_keisokusinndo50m_tosinntoubutyokka.csv,計測震度50mメッシュ別_都心東部直下地震,hazard_seismic_50m_都心東部直下地震,Polygon (official 50m mesh-code rule),689135,ok,scenario=都心東部直下地震; stored as an independent scenario layer,2026-09-03T23:24:00+09:00,CC BY 4.0,https://portal.data.metro.tokyo.lg.jp/terms/,yes,yes,yes,confirmed,東京都総務局「震度分布・液状化（令和4年度首都直下地震等による東京の被害想定結果）」を加工して作成,50mメッシュコードからポリゴンを生成。地震シナリオ別レイヤとして保持する。,2026-09-04
3,seismic,震度分布・液状化（令和4年度首都直下型地震等による東京の被害想定結果）,東京都総務局,CKAN metadata API + direct CSV download; header-classified,https://www.opendata.metro.tokyo.lg.jp/soumu/3_keisokusinndo50m_tosinnseibutyokka.csv,計測震度50mメッシュ別_都心西部直下地震,hazard_seismic_50m_都心西部直下地震,Polygon (official 50m mesh-code rule),689135,ok,scenario=都心西部直下地震; stored as an independent scenario layer,2026-09-03T23:24:10+09:00,CC BY 4.0,https://portal.data.metro.tokyo.lg.jp/terms/,yes,yes,yes,confirmed,東京都総務局「震度分布・液状化（令和4年度首都直下地震等による東京の被害想定結果）」を加工して作成,50mメッシュコードからポリゴンを生成。地震シナリオ別レイヤとして保持する。,2026-09-04
3,seismic,震度分布・液状化（令和4年度首都直下型地震等による東京の被害想定結果）,東京都総務局,CKAN metadata API + direct CSV download; header-classified,https://www.opendata.metro.tokyo.lg.jp/soumu/4_keisokusinndo50m_tamaseibutyokka.csv,計測震度50mメッシュ別_多摩西部直下地震,hazard_seismic_50m_多摩西部直下地震,Polygon (official 50m mesh-code rule),689135,ok,scenario=多摩西部直下地震; stored as an independent scenario layer,2026-09-03T23:24:19+09:00,CC BY 4.0,https://portal.data.metro.tokyo.lg.jp/terms/,yes,yes,yes,confirmed,東京都総務局「震度分布・液状化（令和4年度首都直下地震等による東京の被害想定結果）」を加工して作成,50mメッシュコードからポリゴンを生成。地震シナリオ別レイヤとして保持する。,2026-09-04
3,seismic,震度分布・液状化（令和4年度首都直下型地震等による東京の被害想定結果）,東京都総務局,CKAN metadata API + direct CSV download; header-classified,https://www.opendata.metro.tokyo.lg.jp/soumu/5_keisokusinndo50m_tachikawadannsoutai.csv,計測震度50mメッシュ別_立川断層帯地震,hazard_seismic_50m_立川断層帯地震,Polygon (official 50m mesh-code rule),689135,ok,scenario=立川断層帯地震; stored as an independent scenario layer,2026-09-03T23:24:31+09:00,CC BY 4.0,https://portal.data.metro.tokyo.lg.jp/terms/,yes,yes,yes,confirmed,東京都総務局「震度分布・液状化（令和4年度首都直下地震等による東京の被害想定結果）」を加工して作成,50mメッシュコードからポリゴンを生成。地震シナリオ別レイヤとして保持する。,2026-09-04
3,seismic,震度分布・液状化（令和4年度首都直下型地震等による東京の被害想定結果）,東京都総務局,CKAN metadata API + direct CSV download; header-classified,https://www.opendata.metro.tokyo.lg.jp/soumu/6_keisokusinndo50m_taisyoukanntou.csv,計測震度50mメッシュ別_大正関東地震,hazard_seismic_50m_大正関東地震,Polygon (official 50m mesh-code rule),806186,ok,scenario=大正関東地震; stored as an independent scenario layer,2026-09-03T23:24:46+09:00,CC BY 4.0,https://portal.data.metro.tokyo.lg.jp/terms/,yes,yes,yes,confirmed,東京都総務局「震度分布・液状化（令和4年度首都直下地震等による東京の被害想定結果）」を加工して作成,50mメッシュコードからポリゴンを生成。地震シナリオ別レイヤとして保持する。,2026-09-04
3,seismic,震度分布・液状化（令和4年度首都直下型地震等による東京の被害想定結果）,東京都総務局,CKAN metadata API + direct CSV download; header-classified,https://www.opendata.metro.tokyo.lg.jp/soumu/7_keisokusinndo50m_nannkaitorafu.csv,計測震度50mメッシュ別_南海トラフ巨大地震,hazard_seismic_50m_南海トラフ巨大地震,Polygon (official 50m mesh-code rule),832635,ok,scenario=南海トラフ巨大地震; stored as an independent scenario layer,2026-09-03T23:24:57+09:00,CC BY 4.0,https://portal.data.metro.tokyo.lg.jp/terms/,yes,yes,yes,confirmed,東京都総務局「震度分布・液状化（令和4年度首都直下地震等による東京の被害想定結果）」を加工して作成,50mメッシュコードからポリゴンを生成。地震シナリオ別レイヤとして保持する。,2026-09-04
4,liquefaction,震度分布・液状化（令和4年度首都直下型地震等による東京の被害想定結果）,東京都総務局,CKAN metadata API + direct CSV download; header-classified,https://www.opendata.metro.tokyo.lg.jp/soumu/9_ekijyouka250m_tosinnnannbutyokka.csv,液状化データ250mメッシュ別_都心南部直下地震,hazard_liquefaction_250m,Polygon (standard 250m regional mesh),12130,ok,scenario=都心南部直下地震; scenario retained as an attribute in the long-form layer,2026-09-03T23:25:00+09:00,CC BY 4.0,https://portal.data.metro.tokyo.lg.jp/terms/,yes,yes,yes,confirmed,東京都総務局「震度分布・液状化（令和4年度首都直下地震等による東京の被害想定結果）」を加工して作成,250mメッシュコードからポリゴンを生成。地震シナリオ別レイヤとして保持する。,2026-09-04
4,liquefaction,震度分布・液状化（令和4年度首都直下型地震等による東京の被害想定結果）,東京都総務局,CKAN metadata API + direct CSV download; header-classified,https://www.opendata.metro.tokyo.lg.jp/soumu/10_ekijyouka250m_tamatoubutyokka.csv,液状化データ250mメッシュ別_多摩東部直下地震,hazard_liquefaction_250m,Polygon (standard 250m regional mesh),12037,ok,scenario=多摩東部直下地震; scenario retained as an attribute in the long-form layer,2026-09-03T23:25:01+09:00,CC BY 4.0,https://portal.data.metro.tokyo.lg.jp/terms/,yes,yes,yes,confirmed,東京都総務局「震度分布・液状化（令和4年度首都直下地震等による東京の被害想定結果）」を加工して作成,250mメッシュコードからポリゴンを生成。地震シナリオ別レイヤとして保持する。,2026-09-04
4,liquefaction,震度分布・液状化（令和4年度首都直下型地震等による東京の被害想定結果）,東京都総務局,CKAN metadata API + direct CSV download; header-classified,https://www.opendata.metro.tokyo.lg.jp/soumu/11_ekijyouka250m_tachikawadannsoutai.csv,液状化データ250mメッシュ別_立川断層帯地震,hazard_liquefaction_250m,Polygon (standard 250m regional mesh),12037,ok,scenario=立川断層帯地震; scenario retained as an attribute in the long-form layer,2026-09-03T23:25:01+09:00,CC BY 4.0,https://portal.data.metro.tokyo.lg.jp/terms/,yes,yes,yes,confirmed,東京都総務局「震度分布・液状化（令和4年度首都直下地震等による東京の被害想定結果）」を加工して作成,250mメッシュコードからポリゴンを生成。地震シナリオ別レイヤとして保持する。,2026-09-04
4,liquefaction,震度分布・液状化（令和4年度首都直下型地震等による東京の被害想定結果）,東京都総務局,CKAN metadata API + direct CSV download; header-classified,https://www.opendata.metro.tokyo.lg.jp/soumu/12_ekijyouka250m_taisyoukanntou.csv,液状化データ250mメッシュ別_大正関東地震,hazard_liquefaction_250m,Polygon (standard 250m regional mesh),12222,ok,scenario=大正関東地震; scenario retained as an attribute in the long-form layer,2026-09-03T23:25:01+09:00,CC BY 4.0,https://portal.data.metro.tokyo.lg.jp/terms/,yes,yes,yes,confirmed,東京都総務局「震度分布・液状化（令和4年度首都直下地震等による東京の被害想定結果）」を加工して作成,250mメッシュコードからポリゴンを生成。地震シナリオ別レイヤとして保持する。,2026-09-04
4,liquefaction,震度分布・液状化（令和4年度首都直下型地震等による東京の被害想定結果）,東京都総務局,CKAN metadata API + direct CSV download; header-classified,https://www.opendata.metro.tokyo.lg.jp/soumu/13_ekijyouka250m_nannkaitorafu.csv,液状化データ250mメッシュ別_南海トラフ巨大地震,hazard_liquefaction_250m,Polygon (standard 250m regional mesh),12226,ok,scenario=南海トラフ巨大地震; scenario retained as an attribute in the long-form layer,2026-09-03T23:25:01+09:00,CC BY 4.0,https://portal.data.metro.tokyo.lg.jp/terms/,yes,yes,yes,confirmed,東京都総務局「震度分布・液状化（令和4年度首都直下地震等による東京の被害想定結果）」を加工して作成,250mメッシュコードからポリゴンを生成。地震シナリオ別レイヤとして保持する。,2026-09-04
5,inundation,浸水予想区域図,東京都建設局,CKAN metadata API + canonical R3 direct CSV download,https://www.opendata.metro.tokyo.lg.jp/kensetsu/R3/shinsui_kandagawa.csv,神田川流域浸水予想区域図（改定）　浸水深・地盤高データ ,hazard_inundation_神田川流域,Point (explicit CSV longitude/latitude),1099858,ok,basin/area=神田川流域; stored as an independent flood scenario layer. Later R4 split Akigawa files are excluded to avoid duplicate coverage. No polygon is inferred; each feature is the exact published coordinate.,2026-09-03T23:25:13+09:00,CC BY 4.0,https://portal.data.metro.tokyo.lg.jp/terms/,yes,yes,yes,confirmed,東京都建設局「浸水予想区域図」を加工して作成,公開CSV座標をGIS地物化。流域・区域情報は原データ属性として保持する。,2026-09-04
5,inundation,浸水予想区域図,東京都建設局,CKAN metadata API + canonical R3 direct CSV download,https://www.opendata.metro.tokyo.lg.jp/kensetsu/R3/shinsui_sumidagawa.csv,隅田川及び新河岸川流域浸水予想区域図（改定）　浸水深・地盤高データ ,hazard_inundation_隅田川及び新河岸川流域,Point (explicit CSV longitude/latitude),806539,ok,basin/area=隅田川及び新河岸川流域; stored as an independent flood scenario layer. Later R4 split Akigawa files are excluded to avoid duplicate coverage. No polygon is inferred; each feature is the exact published coordinate.,2026-09-03T23:25:23+09:00,CC BY 4.0,https://portal.data.metro.tokyo.lg.jp/terms/,yes,yes,yes,confirmed,東京都建設局「浸水予想区域図」を加工して作成,公開CSV座標をGIS地物化。流域・区域情報は原データ属性として保持する。,2026-09-04
5,inundation,浸水予想区域図,東京都建設局,CKAN metadata API + canonical R3 direct CSV download,https://www.opendata.metro.tokyo.lg.jp/kensetsu/R3/shinsui_syakujiigawa.csv,石神井川及び白子川流域浸水予想区域図（改定）　浸水深・地盤高データ ,hazard_inundation_石神井川及び白子川流域,Point (explicit CSV longitude/latitude),950351,ok,basin/area=石神井川及び白子川流域; stored as an independent flood scenario layer. Later R4 split Akigawa files are excluded to avoid duplicate coverage. No polygon is inferred; each feature is the exact published coordinate.,2026-09-03T23:25:33+09:00,CC BY 4.0,https://portal.data.metro.tokyo.lg.jp/terms/,yes,yes,yes,confirmed,東京都建設局「浸水予想区域図」を加工して作成,公開CSV座標をGIS地物化。流域・区域情報は原データ属性として保持する。,2026-09-04
5,inundation,浸水予想区域図,東京都建設局,CKAN metadata API + canonical R3 direct CSV download,https://www.opendata.metro.tokyo.lg.jp/kensetsu/R3/shinsui_jyounantiku.csv,城南地区河川流域浸水予想区域図（改定）　浸水深・地盤高データ ,hazard_inundation_城南地区河川流域,Point (explicit CSV longitude/latitude),1422264,ok,basin/area=城南地区河川流域; stored as an independent flood scenario layer. Later R4 split Akigawa files are excluded to avoid duplicate coverage. No polygon is inferred; each feature is the exact published coordinate.,2026-09-03T23:25:48+09:00,CC BY 4.0,https://portal.data.metro.tokyo.lg.jp/terms/,yes,yes,yes,confirmed,東京都建設局「浸水予想区域図」を加工して作成,公開CSV座標をGIS地物化。流域・区域情報は原データ属性として保持する。,2026-09-04
5,inundation,浸水予想区域図,東京都建設局,CKAN metadata API + canonical R3 direct CSV download,https://www.opendata.metro.tokyo.lg.jp/kensetsu/R3/shinsui_koutounaibu.csv,江東内部河川流域浸水予想区域図（改定）　浸水深・地盤高データ ,hazard_inundation_江東内部河川流域,Point (explicit CSV longitude/latitude),425131,ok,basin/area=江東内部河川流域; stored as an independent flood scenario layer. Later R4 split Akigawa files are excluded to avoid duplicate coverage. No polygon is inferred; each feature is the exact published coordinate.,2026-09-03T23:25:52+09:00,CC BY 4.0,https://portal.data.metro.tokyo.lg.jp/terms/,yes,yes,yes,confirmed,東京都建設局「浸水予想区域図」を加工して作成,公開CSV座標をGIS地物化。流域・区域情報は原データ属性として保持する。,2026-09-04
5,inundation,浸水予想区域図,東京都建設局,CKAN metadata API + canonical R3 direct CSV download,https://www.opendata.metro.tokyo.lg.jp/kensetsu/R3/shinsui_nogawa.csv,野川、仙川、入間川、谷沢川及び丸子川流域浸水予想区域図（改定）　浸水深・地盤高データ ,hazard_inundation_野川_仙川_入間川_谷沢川及び丸子川流域,Point (explicit CSV longitude/latitude),795510,ok,basin/area=野川、仙川、入間川、谷沢川及び丸子川流域; stored as an independent flood scenario layer. Later R4 split Akigawa files are excluded to avoid duplicate coverage. No polygon is inferred; each feature is the exact published coordinate.,2026-09-03T23:26:01+09:00,CC BY 4.0,https://portal.data.metro.tokyo.lg.jp/terms/,yes,yes,yes,confirmed,東京都建設局「浸水予想区域図」を加工して作成,公開CSV座標をGIS地物化。流域・区域情報は原データ属性として保持する。,2026-09-04
5,inundation,浸水予想区域図,東京都建設局,CKAN metadata API + canonical R3 direct CSV download,https://www.opendata.metro.tokyo.lg.jp/kensetsu/R3/shinsui_kuromegawa.csv,黒目川、落合川、柳瀬川、空堀川及び奈良橋川流域浸水予想区域図（改定）　浸水深・地盤高データ ,hazard_inundation_黒目川_落合川_柳瀬川_空堀川及び奈良橋川流域,Point (explicit CSV longitude/latitude),1092979,ok,basin/area=黒目川、落合川、柳瀬川、空堀川及び奈良橋川流域; stored as an independent flood scenario layer. Later R4 split Akigawa files are excluded to avoid duplicate coverage. No polygon is inferred; each feature is the exact published coordinate.,2026-09-03T23:26:12+09:00,CC BY 4.0,https://portal.data.metro.tokyo.lg.jp/terms/,yes,yes,yes,confirmed,東京都建設局「浸水予想区域図」を加工して作成,公開CSV座標をGIS地物化。流域・区域情報は原データ属性として保持する。,2026-09-04
5,inundation,浸水予想区域図,東京都建設局,CKAN metadata API + canonical R3 direct CSV download,https://www.opendata.metro.tokyo.lg.jp/kensetsu/R3/shinsui_zanborigawa.csv,残堀川流域浸水予想区域図（改定）　浸水深・地盤高データ ,hazard_inundation_残堀川流域,Point (explicit CSV longitude/latitude),689614,ok,basin/area=残堀川流域; stored as an independent flood scenario layer. Later R4 split Akigawa files are excluded to avoid duplicate coverage. No polygon is inferred; each feature is the exact published coordinate.,2026-09-03T23:26:20+09:00,CC BY 4.0,https://portal.data.metro.tokyo.lg.jp/terms/,yes,yes,yes,confirmed,東京都建設局「浸水予想区域図」を加工して作成,公開CSV座標をGIS地物化。流域・区域情報は原データ属性として保持する。,2026-09-04
5,inundation,浸水予想区域図,東京都建設局,CKAN metadata API + canonical R3 direct CSV download,https://www.opendata.metro.tokyo.lg.jp/kensetsu/R3/shinsui_sakaigawa.csv,境川流域浸水予想区域図（改定）　浸水深・地盤高データ ,hazard_inundation_境川流域,Point (explicit CSV longitude/latitude),359686,ok,basin/area=境川流域; stored as an independent flood scenario layer. Later R4 split Akigawa files are excluded to avoid duplicate coverage. No polygon is inferred; each feature is the exact published coordinate.,2026-09-03T23:26:24+09:00,CC BY 4.0,https://portal.data.metro.tokyo.lg.jp/terms/,yes,yes,yes,confirmed,東京都建設局「浸水予想区域図」を加工して作成,公開CSV座標をGIS地物化。流域・区域情報は原データ属性として保持する。,2026-09-04
5,inundation,浸水予想区域図,東京都建設局,CKAN metadata API + canonical R3 direct CSV download,https://www.opendata.metro.tokyo.lg.jp/kensetsu/R3/shinsui_nakagawa.csv,中川・綾瀬川圏域浸水予想区域図（改定）　浸水深・地盤高データ ,hazard_inundation_中川_綾瀬川圏域,Point (explicit CSV longitude/latitude),1042618,ok,basin/area=中川・綾瀬川圏域; stored as an independent flood scenario layer. Later R4 split Akigawa files are excluded to avoid duplicate coverage. No polygon is inferred; each feature is the exact published coordinate.,2026-09-03T23:26:35+09:00,CC BY 4.0,https://portal.data.metro.tokyo.lg.jp/terms/,yes,yes,yes,confirmed,東京都建設局「浸水予想区域図」を加工して作成,公開CSV座標をGIS地物化。流域・区域情報は原データ属性として保持する。,2026-09-04
5,inundation,浸水予想区域図,東京都建設局,CKAN metadata API + canonical R3 direct CSV download,https://www.opendata.metro.tokyo.lg.jp/kensetsu/R3/shinsui_tsurumigawa.csv,鶴見川流域浸水予想区域図（改定）　浸水深・地盤高データ ,hazard_inundation_鶴見川流域,Point (explicit CSV longitude/latitude),359686,ok,basin/area=鶴見川流域; stored as an independent flood scenario layer. Later R4 split Akigawa files are excluded to avoid duplicate coverage. No polygon is inferred; each feature is the exact published coordinate.,2026-09-03T23:26:39+09:00,CC BY 4.0,https://portal.data.metro.tokyo.lg.jp/terms/,yes,yes,yes,confirmed,東京都建設局「浸水予想区域図」を加工して作成,公開CSV座標をGIS地物化。流域・区域情報は原データ属性として保持する。,2026-09-04
5,inundation,浸水予想区域図,東京都建設局,CKAN metadata API + canonical R3 direct CSV download,https://www.opendata.metro.tokyo.lg.jp/kensetsu/R3/shinsui_asakawa.csv,浅川圏域、大栗川及び三沢川流域浸水予想区域図（改定）　浸水深・地盤高データ ,hazard_inundation_浅川圏域_大栗川及び三沢川流域,Point (explicit CSV longitude/latitude),2560722,ok,basin/area=浅川圏域、大栗川及び三沢川流域; stored as an independent flood scenario layer. Later R4 split Akigawa files are excluded to avoid duplicate coverage. No polygon is inferred; each feature is the exact published coordinate.,2026-09-03T23:27:10+09:00,CC BY 4.0,https://portal.data.metro.tokyo.lg.jp/terms/,yes,yes,yes,confirmed,東京都建設局「浸水予想区域図」を加工して作成,公開CSV座標をGIS地物化。流域・区域情報は原データ属性として保持する。,2026-09-04
5,inundation,浸水予想区域図,東京都建設局,CKAN metadata API + canonical R3 direct CSV download,https://www.opendata.metro.tokyo.lg.jp/kensetsu/R3/shinsui_tamagawa.csv,霞川及び多摩川上流圏域浸水予想区域図（改定）　浸水深・地盤高データ ,hazard_inundation_霞川及び多摩川上流圏域,Point (explicit CSV longitude/latitude),3120600,ok,basin/area=霞川及び多摩川上流圏域; stored as an independent flood scenario layer. Later R4 split Akigawa files are excluded to avoid duplicate coverage. No polygon is inferred; each feature is the exact published coordinate.,2026-09-03T23:27:48+09:00,CC BY 4.0,https://portal.data.metro.tokyo.lg.jp/terms/,yes,yes,yes,confirmed,東京都建設局「浸水予想区域図」を加工して作成,公開CSV座標をGIS地物化。流域・区域情報は原データ属性として保持する。,2026-09-04
5,inundation,浸水予想区域図,東京都建設局,CKAN metadata API + canonical R3 direct CSV download,https://www.opendata.metro.tokyo.lg.jp/kensetsu/R3/shinsui_akikawa.csv,秋川及び平井川流域浸水予想区域図（改定）　浸水深・地盤高データ ,hazard_inundation_秋川及び平井川流域,Point (explicit CSV longitude/latitude),2026093,ok,basin/area=秋川及び平井川流域; stored as an independent flood scenario layer. Later R4 split Akigawa files are excluded to avoid duplicate coverage. No polygon is inferred; each feature is the exact published coordinate.,2026-09-03T23:28:13+09:00,CC BY 4.0,https://portal.data.metro.tokyo.lg.jp/terms/,yes,yes,yes,confirmed,東京都建設局「浸水予想区域図」を加工して作成,公開CSV座標をGIS地物化。流域・区域情報は原データ属性として保持する。,2026-09-04
6,storm_surge,高潮浸水想定区域図,東京都港湾局,CKAN metadata API + direct Shape-data ZIP download,https://data.storage.data.metro.tokyo.lg.jp/kouwan/shape(depth).zip,高潮浸水想定区域図［想定最大規模］（浸水深）(shpデータ),hazard_storm_surge_depth,Polygon,1856039,ok,Tokyo CKAN resource format is ZIP; the archive contains Shape-format files. The parallel XLS ZIP resource is excluded.,2026-09-03T23:28:38+09:00,CC BY 4.0,https://portal.data.metro.tokyo.lg.jp/terms/,yes,yes,yes,confirmed,東京都港湾局「高潮浸水想定区域図」を加工して作成,浸水深・浸水継続時間・家屋倒壊等氾濫想定区域を別レイヤとして保持する。,2026-09-04
6,storm_surge,高潮浸水想定区域図,東京都港湾局,CKAN metadata API + direct Shape-data ZIP download,https://data.storage.data.metro.tokyo.lg.jp/kouwan/shape(term).zip,高潮浸水想定区域図［想定最大規模］（浸水継続時間）(shpデータ),hazard_storm_surge_duration,Polygon,1628666,ok,"Tokyo CKAN resource format is ZIP; the archive contains Shape-format files. The parallel XLS ZIP resource is excluded. In the official source, TermMin=999999 means 'one week or longer' and is a placeholder, not a calculated duration.",2026-09-03T23:29:05+09:00,CC BY 4.0,https://portal.data.metro.tokyo.lg.jp/terms/,yes,yes,yes,confirmed,東京都港湾局「高潮浸水想定区域図」を加工して作成,浸水深・浸水継続時間・家屋倒壊等氾濫想定区域を別レイヤとして保持する。,2026-09-04
6,storm_surge,高潮浸水想定区域図,東京都港湾局,CKAN metadata API + direct Shape-data ZIP download,https://data.storage.data.metro.tokyo.lg.jp/kouwan/shape(flow).zip,【参考】家屋倒壊等氾濫想定区域図(shpデータ),hazard_storm_surge_house_collapse,Polygon,179501,ok,Tokyo CKAN resource format is ZIP; the archive contains Shape-format files. The parallel XLS ZIP resource is excluded.,2026-09-03T23:29:08+09:00,CC BY 4.0,https://portal.data.metro.tokyo.lg.jp/terms/,yes,yes,yes,confirmed,東京都港湾局「高潮浸水想定区域図」を加工して作成,浸水深・浸水継続時間・家屋倒壊等氾濫想定区域を別レイヤとして保持する。,2026-09-04
7,tsunami,津波浸水分布（令和4年度首都直下型地震等による東京の被害想定結果）,東京都総務局,CKAN metadata API + direct CSV download,https://www.opendata.metro.tokyo.lg.jp/soumu/0_kubu_taisyoukanntoujisinn_toutatujikann.csv,区部_大正関東地震_到達時間,hazard_tsunami_arrival_区部_大正関東地震,Point (explicit CSV longitude/latitude),42760,ok,"area=区部; scenario=大正関東地震; metric=arrival; stored as an independent tsunami scenario layer. Published data are 10m mesh values, but this script does not infer cell polygons; it stores published coordinate points exactly.",2026-09-03T23:29:09+09:00,CC BY 4.0,https://portal.data.metro.tokyo.lg.jp/terms/,yes,yes,yes,confirmed,東京都総務局「津波浸水分布（令和4年度首都直下地震等による東京の被害想定結果）」を加工して作成,公開座標をGIS地物化。地域・指標・想定シナリオ別レイヤとして保持する。,2026-09-04
7,tsunami,津波浸水分布（令和4年度首都直下型地震等による東京の被害想定結果）,東京都総務局,CKAN metadata API + direct CSV download,https://www.opendata.metro.tokyo.lg.jp/soumu/1_kubu_taisyoukanntoujisinn_tunamidaka.csv,区部_大正関東地震_津波高,hazard_tsunami_height_区部_大正関東地震,Point (explicit CSV longitude/latitude),42760,ok,"area=区部; scenario=大正関東地震; metric=height; stored as an independent tsunami scenario layer. Published data are 10m mesh values, but this script does not infer cell polygons; it stores published coordinate points exactly.",2026-09-03T23:29:09+09:00,CC BY 4.0,https://portal.data.metro.tokyo.lg.jp/terms/,yes,yes,yes,confirmed,東京都総務局「津波浸水分布（令和4年度首都直下地震等による東京の被害想定結果）」を加工して作成,公開座標をGIS地物化。地域・指標・想定シナリオ別レイヤとして保持する。,2026-09-04
7,tsunami,津波浸水分布（令和4年度首都直下型地震等による東京の被害想定結果）,東京都総務局,CKAN metadata API + direct CSV download,https://www.opendata.metro.tokyo.lg.jp/soumu/2_kubu_taisyoukanntoujisinn_sinnsuisinn.csv,区部_大正関東地震_浸水深,hazard_tsunami_depth_区部_大正関東地震,Point (explicit CSV longitude/latitude),42760,ok,"area=区部; scenario=大正関東地震; metric=depth; stored as an independent tsunami scenario layer. Published data are 10m mesh values, but this script does not infer cell polygons; it stores published coordinate points exactly.",2026-09-03T23:29:10+09:00,CC BY 4.0,https://portal.data.metro.tokyo.lg.jp/terms/,yes,yes,yes,confirmed,東京都総務局「津波浸水分布（令和4年度首都直下地震等による東京の被害想定結果）」を加工して作成,公開座標をGIS地物化。地域・指標・想定シナリオ別レイヤとして保持する。,2026-09-04
7,tsunami,津波浸水分布（令和4年度首都直下型地震等による東京の被害想定結果）,東京都総務局,CKAN metadata API + direct CSV download,https://www.opendata.metro.tokyo.lg.jp/soumu/3_oshima_taisyoukanntoujisinn_toutatujikann_2.csv,大島_大正関東地震_到達時間,hazard_tsunami_arrival_大島_大正関東地震,Point (explicit CSV longitude/latitude),7506,ok,"area=大島; scenario=大正関東地震; metric=arrival; stored as an independent tsunami scenario layer. Published data are 10m mesh values, but this script does not infer cell polygons; it stores published coordinate points exactly.",2026-09-03T23:29:10+09:00,CC BY 4.0,https://portal.data.metro.tokyo.lg.jp/terms/,yes,yes,yes,confirmed,東京都総務局「津波浸水分布（令和4年度首都直下地震等による東京の被害想定結果）」を加工して作成,公開座標をGIS地物化。地域・指標・想定シナリオ別レイヤとして保持する。,2026-09-04
7,tsunami,津波浸水分布（令和4年度首都直下型地震等による東京の被害想定結果）,東京都総務局,CKAN metadata API + direct CSV download,https://www.opendata.metro.tokyo.lg.jp/soumu/4_oshima_taisyoukanntoujisinn_tunamidaka_2.csv,大島_大正関東地震_津波高,hazard_tsunami_height_大島_大正関東地震,Point (explicit CSV longitude/latitude),7506,ok,"area=大島; scenario=大正関東地震; metric=height; stored as an independent tsunami scenario layer. Published data are 10m mesh values, but this script does not infer cell polygons; it stores published coordinate points exactly.",2026-09-03T23:29:10+09:00,CC BY 4.0,https://portal.data.metro.tokyo.lg.jp/terms/,yes,yes,yes,confirmed,東京都総務局「津波浸水分布（令和4年度首都直下地震等による東京の被害想定結果）」を加工して作成,公開座標をGIS地物化。地域・指標・想定シナリオ別レイヤとして保持する。,2026-09-04
7,tsunami,津波浸水分布（令和4年度首都直下型地震等による東京の被害想定結果）,東京都総務局,CKAN metadata API + direct CSV download,https://www.opendata.metro.tokyo.lg.jp/soumu/5_oshima_taisyoukanntoujisinn_sinnsuisinn_2.csv,大島_大正関東地震_浸水深,hazard_tsunami_depth_大島_大正関東地震,Point (explicit CSV longitude/latitude),7506,ok,"area=大島; scenario=大正関東地震; metric=depth; stored as an independent tsunami scenario layer. Published data are 10m mesh values, but this script does not infer cell polygons; it stores published coordinate points exactly.",2026-09-03T23:29:10+09:00,CC BY 4.0,https://portal.data.metro.tokyo.lg.jp/terms/,yes,yes,yes,confirmed,東京都総務局「津波浸水分布（令和4年度首都直下地震等による東京の被害想定結果）」を加工して作成,公開座標をGIS地物化。地域・指標・想定シナリオ別レイヤとして保持する。,2026-09-04
7,tsunami,津波浸水分布（令和4年度首都直下型地震等による東京の被害想定結果）,東京都総務局,CKAN metadata API + direct CSV download,https://www.opendata.metro.tokyo.lg.jp/soumu/6_toshima_taisyoukanntoujisinn_toutatujikann.csv,利島_大正関東地震_到達時間,hazard_tsunami_arrival_利島_大正関東地震,Point (explicit CSV longitude/latitude),1028,ok,"area=利島; scenario=大正関東地震; metric=arrival; stored as an independent tsunami scenario layer. Published data are 10m mesh values, but this script does not infer cell polygons; it stores published coordinate points exactly.",2026-09-03T23:29:10+09:00,CC BY 4.0,https://portal.data.metro.tokyo.lg.jp/terms/,yes,yes,yes,confirmed,東京都総務局「津波浸水分布（令和4年度首都直下地震等による東京の被害想定結果）」を加工して作成,公開座標をGIS地物化。地域・指標・想定シナリオ別レイヤとして保持する。,2026-09-04
7,tsunami,津波浸水分布（令和4年度首都直下型地震等による東京の被害想定結果）,東京都総務局,CKAN metadata API + direct CSV download,https://www.opendata.metro.tokyo.lg.jp/soumu/7_toshima_taisyoukanntoujisinn_tunamidaka_2.csv,利島_大正関東地震_津波高,hazard_tsunami_height_利島_大正関東地震,Point (explicit CSV longitude/latitude),1028,ok,"area=利島; scenario=大正関東地震; metric=height; stored as an independent tsunami scenario layer. Published data are 10m mesh values, but this script does not infer cell polygons; it stores published coordinate points exactly.",2026-09-03T23:29:10+09:00,CC BY 4.0,https://portal.data.metro.tokyo.lg.jp/terms/,yes,yes,yes,confirmed,東京都総務局「津波浸水分布（令和4年度首都直下地震等による東京の被害想定結果）」を加工して作成,公開座標をGIS地物化。地域・指標・想定シナリオ別レイヤとして保持する。,2026-09-04
7,tsunami,津波浸水分布（令和4年度首都直下型地震等による東京の被害想定結果）,東京都総務局,CKAN metadata API + direct CSV download,https://www.opendata.metro.tokyo.lg.jp/soumu/8_toshima_taisyoukanntoujisinn_sinnsuisinn.csv,利島_大正関東地震_浸水深,hazard_tsunami_depth_利島_大正関東地震,Point (explicit CSV longitude/latitude),1028,ok,"area=利島; scenario=大正関東地震; metric=depth; stored as an independent tsunami scenario layer. Published data are 10m mesh values, but this script does not infer cell polygons; it stores published coordinate points exactly.",2026-09-03T23:29:10+09:00,CC BY 4.0,https://portal.data.metro.tokyo.lg.jp/terms/,yes,yes,yes,confirmed,東京都総務局「津波浸水分布（令和4年度首都直下地震等による東京の被害想定結果）」を加工して作成,公開座標をGIS地物化。地域・指標・想定シナリオ別レイヤとして保持する。,2026-09-04
7,tsunami,津波浸水分布（令和4年度首都直下型地震等による東京の被害想定結果）,東京都総務局,CKAN metadata API + direct CSV download,https://www.opendata.metro.tokyo.lg.jp/soumu/9_niijimashikinejima_taisyoukanntoujisinn_toutatujikann.csv,新島・式根島_大正関東地震_到達時間,hazard_tsunami_arrival_新島_式根島_大正関東地震,Point (explicit CSV longitude/latitude),5819,ok,"area=新島・式根島; scenario=大正関東地震; metric=arrival; stored as an independent tsunami scenario layer. Published data are 10m mesh values, but this script does not infer cell polygons; it stores published coordinate points exactly.",2026-09-03T23:29:10+09:00,CC BY 4.0,https://portal.data.metro.tokyo.lg.jp/terms/,yes,yes,yes,confirmed,東京都総務局「津波浸水分布（令和4年度首都直下地震等による東京の被害想定結果）」を加工して作成,公開座標をGIS地物化。地域・指標・想定シナリオ別レイヤとして保持する。,2026-09-04
7,tsunami,津波浸水分布（令和4年度首都直下型地震等による東京の被害想定結果）,東京都総務局,CKAN metadata API + direct CSV download,https://www.opendata.metro.tokyo.lg.jp/soumu/10_niijimashikinejima_taisyoukanntoujisinn_tunamidaka_2.csv,新島・式根島_大正関東地震_津波高,hazard_tsunami_height_新島_式根島_大正関東地震,Point (explicit CSV longitude/latitude),5819,ok,"area=新島・式根島; scenario=大正関東地震; metric=height; stored as an independent tsunami scenario layer. Published data are 10m mesh values, but this script does not infer cell polygons; it stores published coordinate points exactly.",2026-09-03T23:29:11+09:00,CC BY 4.0,https://portal.data.metro.tokyo.lg.jp/terms/,yes,yes,yes,confirmed,東京都総務局「津波浸水分布（令和4年度首都直下地震等による東京の被害想定結果）」を加工して作成,公開座標をGIS地物化。地域・指標・想定シナリオ別レイヤとして保持する。,2026-09-04
7,tsunami,津波浸水分布（令和4年度首都直下型地震等による東京の被害想定結果）,東京都総務局,CKAN metadata API + direct CSV download,https://www.opendata.metro.tokyo.lg.jp/soumu/11_niijimashikinejima_taisyoukanntoujisinn_sinnsuisinn.csv,新島・式根島_大正関東地震_浸水深,hazard_tsunami_depth_新島_式根島_大正関東地震,Point (explicit CSV longitude/latitude),5819,ok,"area=新島・式根島; scenario=大正関東地震; metric=depth; stored as an independent tsunami scenario layer. Published data are 10m mesh values, but this script does not infer cell polygons; it stores published coordinate points exactly.",2026-09-03T23:29:11+09:00,CC BY 4.0,https://portal.data.metro.tokyo.lg.jp/terms/,yes,yes,yes,confirmed,東京都総務局「津波浸水分布（令和4年度首都直下地震等による東京の被害想定結果）」を加工して作成,公開座標をGIS地物化。地域・指標・想定シナリオ別レイヤとして保持する。,2026-09-04
7,tsunami,津波浸水分布（令和4年度首都直下型地震等による東京の被害想定結果）,東京都総務局,CKAN metadata API + direct CSV download,https://www.opendata.metro.tokyo.lg.jp/soumu/12_kozushima_taisyoukanntoujisinn_toutatujikann.csv,神津島_大正関東地震_到達時間,hazard_tsunami_arrival_神津島_大正関東地震,Point (explicit CSV longitude/latitude),2871,ok,"area=神津島; scenario=大正関東地震; metric=arrival; stored as an independent tsunami scenario layer. Published data are 10m mesh values, but this script does not infer cell polygons; it stores published coordinate points exactly.",2026-09-03T23:29:11+09:00,CC BY 4.0,https://portal.data.metro.tokyo.lg.jp/terms/,yes,yes,yes,confirmed,東京都総務局「津波浸水分布（令和4年度首都直下地震等による東京の被害想定結果）」を加工して作成,公開座標をGIS地物化。地域・指標・想定シナリオ別レイヤとして保持する。,2026-09-04
7,tsunami,津波浸水分布（令和4年度首都直下型地震等による東京の被害想定結果）,東京都総務局,CKAN metadata API + direct CSV download,https://www.opendata.metro.tokyo.lg.jp/soumu/13_kozushima_taisyoukanntoujisinn_tunamidaka_2.csv,神津島_大正関東地震_津波高,hazard_tsunami_height_神津島_大正関東地震,Point (explicit CSV longitude/latitude),2871,ok,"area=神津島; scenario=大正関東地震; metric=height; stored as an independent tsunami scenario layer. Published data are 10m mesh values, but this script does not infer cell polygons; it stores published coordinate points exactly.",2026-09-03T23:29:11+09:00,CC BY 4.0,https://portal.data.metro.tokyo.lg.jp/terms/,yes,yes,yes,confirmed,東京都総務局「津波浸水分布（令和4年度首都直下地震等による東京の被害想定結果）」を加工して作成,公開座標をGIS地物化。地域・指標・想定シナリオ別レイヤとして保持する。,2026-09-04
7,tsunami,津波浸水分布（令和4年度首都直下型地震等による東京の被害想定結果）,東京都総務局,CKAN metadata API + direct CSV download,https://www.opendata.metro.tokyo.lg.jp/soumu/14_kozushima_taisyoukanntoujisinn_sinnsuisinn.csv,神津島_大正関東地震_浸水深,hazard_tsunami_depth_神津島_大正関東地震,Point (explicit CSV longitude/latitude),2871,ok,"area=神津島; scenario=大正関東地震; metric=depth; stored as an independent tsunami scenario layer. Published data are 10m mesh values, but this script does not infer cell polygons; it stores published coordinate points exactly.",2026-09-03T23:29:11+09:00,CC BY 4.0,https://portal.data.metro.tokyo.lg.jp/terms/,yes,yes,yes,confirmed,東京都総務局「津波浸水分布（令和4年度首都直下地震等による東京の被害想定結果）」を加工して作成,公開座標をGIS地物化。地域・指標・想定シナリオ別レイヤとして保持する。,2026-09-04
7,tsunami,津波浸水分布（令和4年度首都直下型地震等による東京の被害想定結果）,東京都総務局,CKAN metadata API + direct CSV download,https://www.opendata.metro.tokyo.lg.jp/soumu/15_miyakejima_taisyoukanntoujisinn_toutatujikann.csv,三宅島_大正関東地震_到達時間,hazard_tsunami_arrival_三宅島_大正関東地震,Point (explicit CSV longitude/latitude),2833,ok,"area=三宅島; scenario=大正関東地震; metric=arrival; stored as an independent tsunami scenario layer. Published data are 10m mesh values, but this script does not infer cell polygons; it stores published coordinate points exactly.",2026-09-03T23:29:11+09:00,CC BY 4.0,https://portal.data.metro.tokyo.lg.jp/terms/,yes,yes,yes,confirmed,東京都総務局「津波浸水分布（令和4年度首都直下地震等による東京の被害想定結果）」を加工して作成,公開座標をGIS地物化。地域・指標・想定シナリオ別レイヤとして保持する。,2026-09-04
7,tsunami,津波浸水分布（令和4年度首都直下型地震等による東京の被害想定結果）,東京都総務局,CKAN metadata API + direct CSV download,https://www.opendata.metro.tokyo.lg.jp/soumu/16_miyakejima_taisyoukanntoujisinn_tunamidaka_2.csv,三宅島_大正関東地震_津波高,hazard_tsunami_height_三宅島_大正関東地震,Point (explicit CSV longitude/latitude),2833,ok,"area=三宅島; scenario=大正関東地震; metric=height; stored as an independent tsunami scenario layer. Published data are 10m mesh values, but this script does not infer cell polygons; it stores published coordinate points exactly.",2026-09-03T23:29:11+09:00,CC BY 4.0,https://portal.data.metro.tokyo.lg.jp/terms/,yes,yes,yes,confirmed,東京都総務局「津波浸水分布（令和4年度首都直下地震等による東京の被害想定結果）」を加工して作成,公開座標をGIS地物化。地域・指標・想定シナリオ別レイヤとして保持する。,2026-09-04
7,tsunami,津波浸水分布（令和4年度首都直下型地震等による東京の被害想定結果）,東京都総務局,CKAN metadata API + direct CSV download,https://www.opendata.metro.tokyo.lg.jp/soumu/17_miyakejima_taisyoukanntoujisinn_sinnsuisinn.csv,三宅島_大正関東地震_浸水深,hazard_tsunami_depth_三宅島_大正関東地震,Point (explicit CSV longitude/latitude),2833,ok,"area=三宅島; scenario=大正関東地震; metric=depth; stored as an independent tsunami scenario layer. Published data are 10m mesh values, but this script does not infer cell polygons; it stores published coordinate points exactly.",2026-09-03T23:29:11+09:00,CC BY 4.0,https://portal.data.metro.tokyo.lg.jp/terms/,yes,yes,yes,confirmed,東京都総務局「津波浸水分布（令和4年度首都直下地震等による東京の被害想定結果）」を加工して作成,公開座標をGIS地物化。地域・指標・想定シナリオ別レイヤとして保持する。,2026-09-04
7,tsunami,津波浸水分布（令和4年度首都直下型地震等による東京の被害想定結果）,東京都総務局,CKAN metadata API + direct CSV download,https://www.opendata.metro.tokyo.lg.jp/soumu/18_mikurajima_taisyoukanntoujisinn_toutatujikann.csv,御蔵島_大正関東地震_到達時間,hazard_tsunami_arrival_御蔵島_大正関東地震,Point (explicit CSV longitude/latitude),474,ok,"area=御蔵島; scenario=大正関東地震; metric=arrival; stored as an independent tsunami scenario layer. Published data are 10m mesh values, but this script does not infer cell polygons; it stores published coordinate points exactly.",2026-09-03T23:29:11+09:00,CC BY 4.0,https://portal.data.metro.tokyo.lg.jp/terms/,yes,yes,yes,confirmed,東京都総務局「津波浸水分布（令和4年度首都直下地震等による東京の被害想定結果）」を加工して作成,公開座標をGIS地物化。地域・指標・想定シナリオ別レイヤとして保持する。,2026-09-04
7,tsunami,津波浸水分布（令和4年度首都直下型地震等による東京の被害想定結果）,東京都総務局,CKAN metadata API + direct CSV download,https://www.opendata.metro.tokyo.lg.jp/soumu/19_mikurajima_taisyoukanntoujisinn_tunamidaka.csv,御蔵島_大正関東地震_津波高,hazard_tsunami_height_御蔵島_大正関東地震,Point (explicit CSV longitude/latitude),474,ok,"area=御蔵島; scenario=大正関東地震; metric=height; stored as an independent tsunami scenario layer. Published data are 10m mesh values, but this script does not infer cell polygons; it stores published coordinate points exactly.",2026-09-03T23:29:11+09:00,CC BY 4.0,https://portal.data.metro.tokyo.lg.jp/terms/,yes,yes,yes,confirmed,東京都総務局「津波浸水分布（令和4年度首都直下地震等による東京の被害想定結果）」を加工して作成,公開座標をGIS地物化。地域・指標・想定シナリオ別レイヤとして保持する。,2026-09-04
7,tsunami,津波浸水分布（令和4年度首都直下型地震等による東京の被害想定結果）,東京都総務局,CKAN metadata API + direct CSV download,https://www.opendata.metro.tokyo.lg.jp/soumu/20_mikurajima_taisyoukanntoujisinn_sinnsuisinn.csv,御蔵島_大正関東地震_浸水深,hazard_tsunami_depth_御蔵島_大正関東地震,Point (explicit CSV longitude/latitude),474,ok,"area=御蔵島; scenario=大正関東地震; metric=depth; stored as an independent tsunami scenario layer. Published data are 10m mesh values, but this script does not infer cell polygons; it stores published coordinate points exactly.",2026-09-03T23:29:11+09:00,CC BY 4.0,https://portal.data.metro.tokyo.lg.jp/terms/,yes,yes,yes,confirmed,東京都総務局「津波浸水分布（令和4年度首都直下地震等による東京の被害想定結果）」を加工して作成,公開座標をGIS地物化。地域・指標・想定シナリオ別レイヤとして保持する。,2026-09-04
7,tsunami,津波浸水分布（令和4年度首都直下型地震等による東京の被害想定結果）,東京都総務局,CKAN metadata API + direct CSV download,https://www.opendata.metro.tokyo.lg.jp/soumu/21_hachijoujima_taisyoukanntoujisinn_toutatujikann.csv,八丈島_大正関東地震_到達時間,hazard_tsunami_arrival_八丈島_大正関東地震,Point (explicit CSV longitude/latitude),3647,ok,"area=八丈島; scenario=大正関東地震; metric=arrival; stored as an independent tsunami scenario layer. Published data are 10m mesh values, but this script does not infer cell polygons; it stores published coordinate points exactly.",2026-09-03T23:29:11+09:00,CC BY 4.0,https://portal.data.metro.tokyo.lg.jp/terms/,yes,yes,yes,confirmed,東京都総務局「津波浸水分布（令和4年度首都直下地震等による東京の被害想定結果）」を加工して作成,公開座標をGIS地物化。地域・指標・想定シナリオ別レイヤとして保持する。,2026-09-04
7,tsunami,津波浸水分布（令和4年度首都直下型地震等による東京の被害想定結果）,東京都総務局,CKAN metadata API + direct CSV download,https://www.opendata.metro.tokyo.lg.jp/soumu/22_hachijoujima_taisyoukanntoujisinn_tunamidaka_2.csv,八丈島_大正関東地震_津波高,hazard_tsunami_height_八丈島_大正関東地震,Point (explicit CSV longitude/latitude),3647,ok,"area=八丈島; scenario=大正関東地震; metric=height; stored as an independent tsunami scenario layer. Published data are 10m mesh values, but this script does not infer cell polygons; it stores published coordinate points exactly.",2026-09-03T23:29:11+09:00,CC BY 4.0,https://portal.data.metro.tokyo.lg.jp/terms/,yes,yes,yes,confirmed,東京都総務局「津波浸水分布（令和4年度首都直下地震等による東京の被害想定結果）」を加工して作成,公開座標をGIS地物化。地域・指標・想定シナリオ別レイヤとして保持する。,2026-09-04
7,tsunami,津波浸水分布（令和4年度首都直下型地震等による東京の被害想定結果）,東京都総務局,CKAN metadata API + direct CSV download,https://www.opendata.metro.tokyo.lg.jp/soumu/23_hachijoujima_taisyoukanntoujisinn_sinnsuisinn.csv,八丈島_大正関東地震_浸水深,hazard_tsunami_depth_八丈島_大正関東地震,Point (explicit CSV longitude/latitude),3647,ok,"area=八丈島; scenario=大正関東地震; metric=depth; stored as an independent tsunami scenario layer. Published data are 10m mesh values, but this script does not infer cell polygons; it stores published coordinate points exactly.",2026-09-03T23:29:11+09:00,CC BY 4.0,https://portal.data.metro.tokyo.lg.jp/terms/,yes,yes,yes,confirmed,東京都総務局「津波浸水分布（令和4年度首都直下地震等による東京の被害想定結果）」を加工して作成,公開座標をGIS地物化。地域・指標・想定シナリオ別レイヤとして保持する。,2026-09-04
7,tsunami,津波浸水分布（令和4年度首都直下型地震等による東京の被害想定結果）,東京都総務局,CKAN metadata API + direct CSV download,https://www.opendata.metro.tokyo.lg.jp/soumu/24_aogasima_taisyoukanntoujisinn_toutatujikann.csv,青ヶ島_大正関東地震_到達時間,hazard_tsunami_arrival_青ヶ島_大正関東地震,Point (explicit CSV longitude/latitude),635,ok,"area=青ヶ島; scenario=大正関東地震; metric=arrival; stored as an independent tsunami scenario layer. Published data are 10m mesh values, but this script does not infer cell polygons; it stores published coordinate points exactly.",2026-09-03T23:29:11+09:00,CC BY 4.0,https://portal.data.metro.tokyo.lg.jp/terms/,yes,yes,yes,confirmed,東京都総務局「津波浸水分布（令和4年度首都直下地震等による東京の被害想定結果）」を加工して作成,公開座標をGIS地物化。地域・指標・想定シナリオ別レイヤとして保持する。,2026-09-04
7,tsunami,津波浸水分布（令和4年度首都直下型地震等による東京の被害想定結果）,東京都総務局,CKAN metadata API + direct CSV download,https://www.opendata.metro.tokyo.lg.jp/soumu/25_aogasima_taisyoukanntoujisinn_tunamidaka.csv,青ヶ島_大正関東地震_津波高,hazard_tsunami_height_青ヶ島_大正関東地震,Point (explicit CSV longitude/latitude),635,ok,"area=青ヶ島; scenario=大正関東地震; metric=height; stored as an independent tsunami scenario layer. Published data are 10m mesh values, but this script does not infer cell polygons; it stores published coordinate points exactly.",2026-09-03T23:29:12+09:00,CC BY 4.0,https://portal.data.metro.tokyo.lg.jp/terms/,yes,yes,yes,confirmed,東京都総務局「津波浸水分布（令和4年度首都直下地震等による東京の被害想定結果）」を加工して作成,公開座標をGIS地物化。地域・指標・想定シナリオ別レイヤとして保持する。,2026-09-04
7,tsunami,津波浸水分布（令和4年度首都直下型地震等による東京の被害想定結果）,東京都総務局,CKAN metadata API + direct CSV download,https://www.opendata.metro.tokyo.lg.jp/soumu/26_aogasima_taisyoukanntoujisinn_sinnsuisinn.csv,青ヶ島_大正関東地震_浸水深,hazard_tsunami_depth_青ヶ島_大正関東地震,Point (explicit CSV longitude/latitude),635,ok,"area=青ヶ島; scenario=大正関東地震; metric=depth; stored as an independent tsunami scenario layer. Published data are 10m mesh values, but this script does not infer cell polygons; it stores published coordinate points exactly.",2026-09-03T23:29:12+09:00,CC BY 4.0,https://portal.data.metro.tokyo.lg.jp/terms/,yes,yes,yes,confirmed,東京都総務局「津波浸水分布（令和4年度首都直下地震等による東京の被害想定結果）」を加工して作成,公開座標をGIS地物化。地域・指標・想定シナリオ別レイヤとして保持する。,2026-09-04
7,tsunami,津波浸水分布（令和4年度首都直下型地震等による東京の被害想定結果）,東京都総務局,CKAN metadata API + direct CSV download,https://www.opendata.metro.tokyo.lg.jp/soumu/27_chichijima_taisyoukanntoujisinn_toutatujikann.csv,父島_大正関東地震_到達時間,hazard_tsunami_arrival_父島_大正関東地震,Point (explicit CSV longitude/latitude),2889,ok,"area=父島; scenario=大正関東地震; metric=arrival; stored as an independent tsunami scenario layer. Published data are 10m mesh values, but this script does not infer cell polygons; it stores published coordinate points exactly.",2026-09-03T23:29:12+09:00,CC BY 4.0,https://portal.data.metro.tokyo.lg.jp/terms/,yes,yes,yes,confirmed,東京都総務局「津波浸水分布（令和4年度首都直下地震等による東京の被害想定結果）」を加工して作成,公開座標をGIS地物化。地域・指標・想定シナリオ別レイヤとして保持する。,2026-09-04
7,tsunami,津波浸水分布（令和4年度首都直下型地震等による東京の被害想定結果）,東京都総務局,CKAN metadata API + direct CSV download,https://www.opendata.metro.tokyo.lg.jp/soumu/28_chichijima_taisyoukanntoujisinn_tunamidaka.csv,父島_大正関東地震_津波高,hazard_tsunami_height_父島_大正関東地震,Point (explicit CSV longitude/latitude),2889,ok,"area=父島; scenario=大正関東地震; metric=height; stored as an independent tsunami scenario layer. Published data are 10m mesh values, but this script does not infer cell polygons; it stores published coordinate points exactly.",2026-09-03T23:29:12+09:00,CC BY 4.0,https://portal.data.metro.tokyo.lg.jp/terms/,yes,yes,yes,confirmed,東京都総務局「津波浸水分布（令和4年度首都直下地震等による東京の被害想定結果）」を加工して作成,公開座標をGIS地物化。地域・指標・想定シナリオ別レイヤとして保持する。,2026-09-04
7,tsunami,津波浸水分布（令和4年度首都直下型地震等による東京の被害想定結果）,東京都総務局,CKAN metadata API + direct CSV download,https://www.opendata.metro.tokyo.lg.jp/soumu/29_chichijima_taisyoukanntoujisinn_sinnsuisinn.csv,父島_大正関東地震_浸水深,hazard_tsunami_depth_父島_大正関東地震,Point (explicit CSV longitude/latitude),2889,ok,"area=父島; scenario=大正関東地震; metric=depth; stored as an independent tsunami scenario layer. Published data are 10m mesh values, but this script does not infer cell polygons; it stores published coordinate points exactly.",2026-09-03T23:29:12+09:00,CC BY 4.0,https://portal.data.metro.tokyo.lg.jp/terms/,yes,yes,yes,confirmed,東京都総務局「津波浸水分布（令和4年度首都直下地震等による東京の被害想定結果）」を加工して作成,公開座標をGIS地物化。地域・指標・想定シナリオ別レイヤとして保持する。,2026-09-04
7,tsunami,津波浸水分布（令和4年度首都直下型地震等による東京の被害想定結果）,東京都総務局,CKAN metadata API + direct CSV download,https://www.opendata.metro.tokyo.lg.jp/soumu/30_hahajima_taisyoukanntoujisinn_toutatujikann.csv,母島_大正関東地震_到達時間,hazard_tsunami_arrival_母島_大正関東地震,Point (explicit CSV longitude/latitude),2764,ok,"area=母島; scenario=大正関東地震; metric=arrival; stored as an independent tsunami scenario layer. Published data are 10m mesh values, but this script does not infer cell polygons; it stores published coordinate points exactly.",2026-09-03T23:29:12+09:00,CC BY 4.0,https://portal.data.metro.tokyo.lg.jp/terms/,yes,yes,yes,confirmed,東京都総務局「津波浸水分布（令和4年度首都直下地震等による東京の被害想定結果）」を加工して作成,公開座標をGIS地物化。地域・指標・想定シナリオ別レイヤとして保持する。,2026-09-04
7,tsunami,津波浸水分布（令和4年度首都直下型地震等による東京の被害想定結果）,東京都総務局,CKAN metadata API + direct CSV download,https://www.opendata.metro.tokyo.lg.jp/soumu/31_hahajima_taisyoukanntoujisinn_tunamidaka.csv,母島_大正関東地震_津波高,hazard_tsunami_height_母島_大正関東地震,Point (explicit CSV longitude/latitude),2764,ok,"area=母島; scenario=大正関東地震; metric=height; stored as an independent tsunami scenario layer. Published data are 10m mesh values, but this script does not infer cell polygons; it stores published coordinate points exactly.",2026-09-03T23:29:12+09:00,CC BY 4.0,https://portal.data.metro.tokyo.lg.jp/terms/,yes,yes,yes,confirmed,東京都総務局「津波浸水分布（令和4年度首都直下地震等による東京の被害想定結果）」を加工して作成,公開座標をGIS地物化。地域・指標・想定シナリオ別レイヤとして保持する。,2026-09-04
7,tsunami,津波浸水分布（令和4年度首都直下型地震等による東京の被害想定結果）,東京都総務局,CKAN metadata API + direct CSV download,https://www.opendata.metro.tokyo.lg.jp/soumu/32_hahajima_taisyoukanntoujisinn_sinnsuisinn.csv,母島_大正関東地震_浸水深.cs,hazard_tsunami_depth_母島_大正関東地震_cs,Point (explicit CSV longitude/latitude),2764,ok,"area=母島; scenario=大正関東地震.cs; metric=depth; stored as an independent tsunami scenario layer. Published data are 10m mesh values, but this script does not infer cell polygons; it stores published coordinate points exactly.",2026-09-03T23:29:12+09:00,CC BY 4.0,https://portal.data.metro.tokyo.lg.jp/terms/,yes,yes,yes,confirmed,東京都総務局「津波浸水分布（令和4年度首都直下地震等による東京の被害想定結果）」を加工して作成,公開座標をGIS地物化。地域・指標・想定シナリオ別レイヤとして保持する。,2026-09-04
7,tsunami,津波浸水分布（令和4年度首都直下型地震等による東京の被害想定結果）,東京都総務局,CKAN metadata API + direct CSV download,https://www.opendata.metro.tokyo.lg.jp/soumu/0_kubu_nannkaitorafucase1_toutatujikann.csv,区部_南海トラフ巨大地震_ケース1_到達時間,hazard_tsunami_arrival_区部_南海トラフ巨大地震_ケース1,Point (explicit CSV longitude/latitude),50204,ok,"area=区部; scenario=南海トラフ巨大地震_ケース1; metric=arrival; stored as an independent tsunami scenario layer. Published data are 10m mesh values, but this script does not infer cell polygons; it stores published coordinate points exactly.",2026-09-03T23:29:13+09:00,CC BY 4.0,https://portal.data.metro.tokyo.lg.jp/terms/,yes,yes,yes,confirmed,東京都総務局「津波浸水分布（令和4年度首都直下地震等による東京の被害想定結果）」を加工して作成,公開座標をGIS地物化。地域・指標・想定シナリオ別レイヤとして保持する。,2026-09-04
7,tsunami,津波浸水分布（令和4年度首都直下型地震等による東京の被害想定結果）,東京都総務局,CKAN metadata API + direct CSV download,https://www.opendata.metro.tokyo.lg.jp/soumu/1_kubu_nannkaitorafucase1_tunamidaka.csv,区部_南海トラフ巨大地震_ケース1_津波高,hazard_tsunami_height_区部_南海トラフ巨大地震_ケース1,Point (explicit CSV longitude/latitude),50204,ok,"area=区部; scenario=南海トラフ巨大地震_ケース1; metric=height; stored as an independent tsunami scenario layer. Published data are 10m mesh values, but this script does not infer cell polygons; it stores published coordinate points exactly.",2026-09-03T23:29:14+09:00,CC BY 4.0,https://portal.data.metro.tokyo.lg.jp/terms/,yes,yes,yes,confirmed,東京都総務局「津波浸水分布（令和4年度首都直下地震等による東京の被害想定結果）」を加工して作成,公開座標をGIS地物化。地域・指標・想定シナリオ別レイヤとして保持する。,2026-09-04
7,tsunami,津波浸水分布（令和4年度首都直下型地震等による東京の被害想定結果）,東京都総務局,CKAN metadata API + direct CSV download,https://www.opendata.metro.tokyo.lg.jp/soumu/2_kubu_nannkaitorafucase1_sinnsuisinn.csv,区部_南海トラフ巨大地震_ケース1_浸水深,hazard_tsunami_depth_区部_南海トラフ巨大地震_ケース1,Point (explicit CSV longitude/latitude),50204,ok,"area=区部; scenario=南海トラフ巨大地震_ケース1; metric=depth; stored as an independent tsunami scenario layer. Published data are 10m mesh values, but this script does not infer cell polygons; it stores published coordinate points exactly.",2026-09-03T23:29:14+09:00,CC BY 4.0,https://portal.data.metro.tokyo.lg.jp/terms/,yes,yes,yes,confirmed,東京都総務局「津波浸水分布（令和4年度首都直下地震等による東京の被害想定結果）」を加工して作成,公開座標をGIS地物化。地域・指標・想定シナリオ別レイヤとして保持する。,2026-09-04
7,tsunami,津波浸水分布（令和4年度首都直下型地震等による東京の被害想定結果）,東京都総務局,CKAN metadata API + direct CSV download,https://www.opendata.metro.tokyo.lg.jp/soumu/3_oshima_nannkaitorafucase1_toutatujikann.csv,大島_南海トラフ巨大地震_ケース1_到達時間,hazard_tsunami_arrival_大島_南海トラフ巨大地震_ケース1,Point (explicit CSV longitude/latitude),12857,ok,"area=大島; scenario=南海トラフ巨大地震_ケース1; metric=arrival; stored as an independent tsunami scenario layer. Published data are 10m mesh values, but this script does not infer cell polygons; it stores published coordinate points exactly.",2026-09-03T23:29:15+09:00,CC BY 4.0,https://portal.data.metro.tokyo.lg.jp/terms/,yes,yes,yes,confirmed,東京都総務局「津波浸水分布（令和4年度首都直下地震等による東京の被害想定結果）」を加工して作成,公開座標をGIS地物化。地域・指標・想定シナリオ別レイヤとして保持する。,2026-09-04
7,tsunami,津波浸水分布（令和4年度首都直下型地震等による東京の被害想定結果）,東京都総務局,CKAN metadata API + direct CSV download,https://www.opendata.metro.tokyo.lg.jp/soumu/4_oshima_nannkaitorafucase1_tunamidaka.csv,大島_南海トラフ巨大地震_ケース1_津波高,hazard_tsunami_height_大島_南海トラフ巨大地震_ケース1,Point (explicit CSV longitude/latitude),12857,ok,"area=大島; scenario=南海トラフ巨大地震_ケース1; metric=height; stored as an independent tsunami scenario layer. Published data are 10m mesh values, but this script does not infer cell polygons; it stores published coordinate points exactly.",2026-09-03T23:29:15+09:00,CC BY 4.0,https://portal.data.metro.tokyo.lg.jp/terms/,yes,yes,yes,confirmed,東京都総務局「津波浸水分布（令和4年度首都直下地震等による東京の被害想定結果）」を加工して作成,公開座標をGIS地物化。地域・指標・想定シナリオ別レイヤとして保持する。,2026-09-04
7,tsunami,津波浸水分布（令和4年度首都直下型地震等による東京の被害想定結果）,東京都総務局,CKAN metadata API + direct CSV download,https://www.opendata.metro.tokyo.lg.jp/soumu/5_oshima_nannkaitorafucase1_sinnsuisinn.csv,大島_南海トラフ巨大地震_ケース1_浸水深,hazard_tsunami_depth_大島_南海トラフ巨大地震_ケース1,Point (explicit CSV longitude/latitude),12857,ok,"area=大島; scenario=南海トラフ巨大地震_ケース1; metric=depth; stored as an independent tsunami scenario layer. Published data are 10m mesh values, but this script does not infer cell polygons; it stores published coordinate points exactly.",2026-09-03T23:29:15+09:00,CC BY 4.0,https://portal.data.metro.tokyo.lg.jp/terms/,yes,yes,yes,confirmed,東京都総務局「津波浸水分布（令和4年度首都直下地震等による東京の被害想定結果）」を加工して作成,公開座標をGIS地物化。地域・指標・想定シナリオ別レイヤとして保持する。,2026-09-04
7,tsunami,津波浸水分布（令和4年度首都直下型地震等による東京の被害想定結果）,東京都総務局,CKAN metadata API + direct CSV download,https://www.opendata.metro.tokyo.lg.jp/soumu/6_toshima_nannkaitorafucase1_toutatujikann.csv,利島_南海トラフ巨大地震_ケース1_到達時間,hazard_tsunami_arrival_利島_南海トラフ巨大地震_ケース1,Point (explicit CSV longitude/latitude),2381,ok,"area=利島; scenario=南海トラフ巨大地震_ケース1; metric=arrival; stored as an independent tsunami scenario layer. Published data are 10m mesh values, but this script does not infer cell polygons; it stores published coordinate points exactly.",2026-09-03T23:29:15+09:00,CC BY 4.0,https://portal.data.metro.tokyo.lg.jp/terms/,yes,yes,yes,confirmed,東京都総務局「津波浸水分布（令和4年度首都直下地震等による東京の被害想定結果）」を加工して作成,公開座標をGIS地物化。地域・指標・想定シナリオ別レイヤとして保持する。,2026-09-04
7,tsunami,津波浸水分布（令和4年度首都直下型地震等による東京の被害想定結果）,東京都総務局,CKAN metadata API + direct CSV download,https://www.opendata.metro.tokyo.lg.jp/soumu/7_toshima_nannkaitorafucase1_tunamidaka.csv,利島_南海トラフ巨大地震_ケース1_津波高,hazard_tsunami_height_利島_南海トラフ巨大地震_ケース1,Point (explicit CSV longitude/latitude),2381,ok,"area=利島; scenario=南海トラフ巨大地震_ケース1; metric=height; stored as an independent tsunami scenario layer. Published data are 10m mesh values, but this script does not infer cell polygons; it stores published coordinate points exactly.",2026-09-03T23:29:15+09:00,CC BY 4.0,https://portal.data.metro.tokyo.lg.jp/terms/,yes,yes,yes,confirmed,東京都総務局「津波浸水分布（令和4年度首都直下地震等による東京の被害想定結果）」を加工して作成,公開座標をGIS地物化。地域・指標・想定シナリオ別レイヤとして保持する。,2026-09-04
7,tsunami,津波浸水分布（令和4年度首都直下型地震等による東京の被害想定結果）,東京都総務局,CKAN metadata API + direct CSV download,https://www.opendata.metro.tokyo.lg.jp/soumu/8_toshima_nannkaitorafucase1_sinnsuisinn.csv,利島_南海トラフ巨大地震_ケース1_浸水深,hazard_tsunami_depth_利島_南海トラフ巨大地震_ケース1,Point (explicit CSV longitude/latitude),2381,ok,"area=利島; scenario=南海トラフ巨大地震_ケース1; metric=depth; stored as an independent tsunami scenario layer. Published data are 10m mesh values, but this script does not infer cell polygons; it stores published coordinate points exactly.",2026-09-03T23:29:15+09:00,CC BY 4.0,https://portal.data.metro.tokyo.lg.jp/terms/,yes,yes,yes,confirmed,東京都総務局「津波浸水分布（令和4年度首都直下地震等による東京の被害想定結果）」を加工して作成,公開座標をGIS地物化。地域・指標・想定シナリオ別レイヤとして保持する。,2026-09-04
7,tsunami,津波浸水分布（令和4年度首都直下型地震等による東京の被害想定結果）,東京都総務局,CKAN metadata API + direct CSV download,https://www.opendata.metro.tokyo.lg.jp/soumu/9_niijimashikinejima_nannkaitorafucase1_toutatujikann.csv,新島・式根島_南海トラフ巨大地震_ケース1_到達時間,hazard_tsunami_arrival_新島_式根島_南海トラフ巨大地震_ケース1,Point (explicit CSV longitude/latitude),24989,ok,"area=新島・式根島; scenario=南海トラフ巨大地震_ケース1; metric=arrival; stored as an independent tsunami scenario layer. Published data are 10m mesh values, but this script does not infer cell polygons; it stores published coordinate points exactly.",2026-09-03T23:29:16+09:00,CC BY 4.0,https://portal.data.metro.tokyo.lg.jp/terms/,yes,yes,yes,confirmed,東京都総務局「津波浸水分布（令和4年度首都直下地震等による東京の被害想定結果）」を加工して作成,公開座標をGIS地物化。地域・指標・想定シナリオ別レイヤとして保持する。,2026-09-04
7,tsunami,津波浸水分布（令和4年度首都直下型地震等による東京の被害想定結果）,東京都総務局,CKAN metadata API + direct CSV download,https://www.opendata.metro.tokyo.lg.jp/soumu/10_niijimashikinejima_nannkaitorafucase1_tunamidaka.csv,新島・式根島_南海トラフ巨大地震_ケース1_津波高,hazard_tsunami_height_新島_式根島_南海トラフ巨大地震_ケース1,Point (explicit CSV longitude/latitude),24989,ok,"area=新島・式根島; scenario=南海トラフ巨大地震_ケース1; metric=height; stored as an independent tsunami scenario layer. Published data are 10m mesh values, but this script does not infer cell polygons; it stores published coordinate points exactly.",2026-09-03T23:29:16+09:00,CC BY 4.0,https://portal.data.metro.tokyo.lg.jp/terms/,yes,yes,yes,confirmed,東京都総務局「津波浸水分布（令和4年度首都直下地震等による東京の被害想定結果）」を加工して作成,公開座標をGIS地物化。地域・指標・想定シナリオ別レイヤとして保持する。,2026-09-04
7,tsunami,津波浸水分布（令和4年度首都直下型地震等による東京の被害想定結果）,東京都総務局,CKAN metadata API + direct CSV download,https://www.opendata.metro.tokyo.lg.jp/soumu/11_niijimashikinejima_nannkaitorafucase1_sinnsuisinn.csv,新島・式根島_南海トラフ巨大地震_ケース1_浸水深,hazard_tsunami_depth_新島_式根島_南海トラフ巨大地震_ケース1,Point (explicit CSV longitude/latitude),24989,ok,"area=新島・式根島; scenario=南海トラフ巨大地震_ケース1; metric=depth; stored as an independent tsunami scenario layer. Published data are 10m mesh values, but this script does not infer cell polygons; it stores published coordinate points exactly.",2026-09-03T23:29:17+09:00,CC BY 4.0,https://portal.data.metro.tokyo.lg.jp/terms/,yes,yes,yes,confirmed,東京都総務局「津波浸水分布（令和4年度首都直下地震等による東京の被害想定結果）」を加工して作成,公開座標をGIS地物化。地域・指標・想定シナリオ別レイヤとして保持する。,2026-09-04
7,tsunami,津波浸水分布（令和4年度首都直下型地震等による東京の被害想定結果）,東京都総務局,CKAN metadata API + direct CSV download,https://www.opendata.metro.tokyo.lg.jp/soumu/12_kozushima_nannkaitorafucase1_toutatujikann.csv,神津島_南海トラフ巨大地震_ケース1_到達時間,hazard_tsunami_arrival_神津島_南海トラフ巨大地震_ケース1,Point (explicit CSV longitude/latitude),12384,ok,"area=神津島; scenario=南海トラフ巨大地震_ケース1; metric=arrival; stored as an independent tsunami scenario layer. Published data are 10m mesh values, but this script does not infer cell polygons; it stores published coordinate points exactly.",2026-09-03T23:29:17+09:00,CC BY 4.0,https://portal.data.metro.tokyo.lg.jp/terms/,yes,yes,yes,confirmed,東京都総務局「津波浸水分布（令和4年度首都直下地震等による東京の被害想定結果）」を加工して作成,公開座標をGIS地物化。地域・指標・想定シナリオ別レイヤとして保持する。,2026-09-04
7,tsunami,津波浸水分布（令和4年度首都直下型地震等による東京の被害想定結果）,東京都総務局,CKAN metadata API + direct CSV download,https://www.opendata.metro.tokyo.lg.jp/soumu/13_kozushima_nannkaitorafucase1_tunamidaka.csv,神津島_南海トラフ巨大地震_ケース1_津波高,hazard_tsunami_height_神津島_南海トラフ巨大地震_ケース1,Point (explicit CSV longitude/latitude),12384,ok,"area=神津島; scenario=南海トラフ巨大地震_ケース1; metric=height; stored as an independent tsunami scenario layer. Published data are 10m mesh values, but this script does not infer cell polygons; it stores published coordinate points exactly.",2026-09-03T23:29:17+09:00,CC BY 4.0,https://portal.data.metro.tokyo.lg.jp/terms/,yes,yes,yes,confirmed,東京都総務局「津波浸水分布（令和4年度首都直下地震等による東京の被害想定結果）」を加工して作成,公開座標をGIS地物化。地域・指標・想定シナリオ別レイヤとして保持する。,2026-09-04
7,tsunami,津波浸水分布（令和4年度首都直下型地震等による東京の被害想定結果）,東京都総務局,CKAN metadata API + direct CSV download,https://www.opendata.metro.tokyo.lg.jp/soumu/14_kozushima_nannkaitorafucase1_sinnsuisinn.csv,神津島_南海トラフ巨大地震_ケース1_浸水深,hazard_tsunami_depth_神津島_南海トラフ巨大地震_ケース1,Point (explicit CSV longitude/latitude),12384,ok,"area=神津島; scenario=南海トラフ巨大地震_ケース1; metric=depth; stored as an independent tsunami scenario layer. Published data are 10m mesh values, but this script does not infer cell polygons; it stores published coordinate points exactly.",2026-09-03T23:29:17+09:00,CC BY 4.0,https://portal.data.metro.tokyo.lg.jp/terms/,yes,yes,yes,confirmed,東京都総務局「津波浸水分布（令和4年度首都直下地震等による東京の被害想定結果）」を加工して作成,公開座標をGIS地物化。地域・指標・想定シナリオ別レイヤとして保持する。,2026-09-04
7,tsunami,津波浸水分布（令和4年度首都直下型地震等による東京の被害想定結果）,東京都総務局,CKAN metadata API + direct CSV download,https://www.opendata.metro.tokyo.lg.jp/soumu/15_miyakejima_nannkaitorafucase1_toutatujikann.csv,三宅島_南海トラフ巨大地震_ケース1_到達時間,hazard_tsunami_arrival_三宅島_南海トラフ巨大地震_ケース1,Point (explicit CSV longitude/latitude),15340,ok,"area=三宅島; scenario=南海トラフ巨大地震_ケース1; metric=arrival; stored as an independent tsunami scenario layer. Published data are 10m mesh values, but this script does not infer cell polygons; it stores published coordinate points exactly.",2026-09-03T23:29:18+09:00,CC BY 4.0,https://portal.data.metro.tokyo.lg.jp/terms/,yes,yes,yes,confirmed,東京都総務局「津波浸水分布（令和4年度首都直下地震等による東京の被害想定結果）」を加工して作成,公開座標をGIS地物化。地域・指標・想定シナリオ別レイヤとして保持する。,2026-09-04
7,tsunami,津波浸水分布（令和4年度首都直下型地震等による東京の被害想定結果）,東京都総務局,CKAN metadata API + direct CSV download,https://www.opendata.metro.tokyo.lg.jp/soumu/16_miyakejima_nannkaitorafucase1_tunamidaka.csv,三宅島_南海トラフ巨大地震_ケース1_津波高,hazard_tsunami_height_三宅島_南海トラフ巨大地震_ケース1,Point (explicit CSV longitude/latitude),15340,ok,"area=三宅島; scenario=南海トラフ巨大地震_ケース1; metric=height; stored as an independent tsunami scenario layer. Published data are 10m mesh values, but this script does not infer cell polygons; it stores published coordinate points exactly.",2026-09-03T23:29:18+09:00,CC BY 4.0,https://portal.data.metro.tokyo.lg.jp/terms/,yes,yes,yes,confirmed,東京都総務局「津波浸水分布（令和4年度首都直下地震等による東京の被害想定結果）」を加工して作成,公開座標をGIS地物化。地域・指標・想定シナリオ別レイヤとして保持する。,2026-09-04
7,tsunami,津波浸水分布（令和4年度首都直下型地震等による東京の被害想定結果）,東京都総務局,CKAN metadata API + direct CSV download,https://www.opendata.metro.tokyo.lg.jp/soumu/17_miyakejima_nannkaitorafucase1_sinnsuisinn.csv,三宅島_南海トラフ巨大地震_ケース1_浸水深,hazard_tsunami_depth_三宅島_南海トラフ巨大地震_ケース1,Point (explicit CSV longitude/latitude),15340,ok,"area=三宅島; scenario=南海トラフ巨大地震_ケース1; metric=depth; stored as an independent tsunami scenario layer. Published data are 10m mesh values, but this script does not infer cell polygons; it stores published coordinate points exactly.",2026-09-03T23:29:18+09:00,CC BY 4.0,https://portal.data.metro.tokyo.lg.jp/terms/,yes,yes,yes,confirmed,東京都総務局「津波浸水分布（令和4年度首都直下地震等による東京の被害想定結果）」を加工して作成,公開座標をGIS地物化。地域・指標・想定シナリオ別レイヤとして保持する。,2026-09-04
7,tsunami,津波浸水分布（令和4年度首都直下型地震等による東京の被害想定結果）,東京都総務局,CKAN metadata API + direct CSV download,https://www.opendata.metro.tokyo.lg.jp/soumu/18_miakurajima_nannkaitorafucase1_toutatujikann.csv,御蔵島_南海トラフ巨大地震_ケース1_到達時間,hazard_tsunami_arrival_御蔵島_南海トラフ巨大地震_ケース1,Point (explicit CSV longitude/latitude),2882,ok,"area=御蔵島; scenario=南海トラフ巨大地震_ケース1; metric=arrival; stored as an independent tsunami scenario layer. Published data are 10m mesh values, but this script does not infer cell polygons; it stores published coordinate points exactly.",2026-09-03T23:29:18+09:00,CC BY 4.0,https://portal.data.metro.tokyo.lg.jp/terms/,yes,yes,yes,confirmed,東京都総務局「津波浸水分布（令和4年度首都直下地震等による東京の被害想定結果）」を加工して作成,公開座標をGIS地物化。地域・指標・想定シナリオ別レイヤとして保持する。,2026-09-04
7,tsunami,津波浸水分布（令和4年度首都直下型地震等による東京の被害想定結果）,東京都総務局,CKAN metadata API + direct CSV download,https://www.opendata.metro.tokyo.lg.jp/soumu/19_miakurajima_nannkaitorafucase1_tunamidaka.csv,御蔵島_南海トラフ巨大地震_ケース1_津波高,hazard_tsunami_height_御蔵島_南海トラフ巨大地震_ケース1,Point (explicit CSV longitude/latitude),2882,ok,"area=御蔵島; scenario=南海トラフ巨大地震_ケース1; metric=height; stored as an independent tsunami scenario layer. Published data are 10m mesh values, but this script does not infer cell polygons; it stores published coordinate points exactly.",2026-09-03T23:29:18+09:00,CC BY 4.0,https://portal.data.metro.tokyo.lg.jp/terms/,yes,yes,yes,confirmed,東京都総務局「津波浸水分布（令和4年度首都直下地震等による東京の被害想定結果）」を加工して作成,公開座標をGIS地物化。地域・指標・想定シナリオ別レイヤとして保持する。,2026-09-04
7,tsunami,津波浸水分布（令和4年度首都直下型地震等による東京の被害想定結果）,東京都総務局,CKAN metadata API + direct CSV download,https://www.opendata.metro.tokyo.lg.jp/soumu/20_miakurajima_nannkaitorafucase1_sinnsuisinn.csv,御蔵島_南海トラフ巨大地震_ケース1_浸水深,hazard_tsunami_depth_御蔵島_南海トラフ巨大地震_ケース1,Point (explicit CSV longitude/latitude),2882,ok,"area=御蔵島; scenario=南海トラフ巨大地震_ケース1; metric=depth; stored as an independent tsunami scenario layer. Published data are 10m mesh values, but this script does not infer cell polygons; it stores published coordinate points exactly.",2026-09-03T23:29:19+09:00,CC BY 4.0,https://portal.data.metro.tokyo.lg.jp/terms/,yes,yes,yes,confirmed,東京都総務局「津波浸水分布（令和4年度首都直下地震等による東京の被害想定結果）」を加工して作成,公開座標をGIS地物化。地域・指標・想定シナリオ別レイヤとして保持する。,2026-09-04
7,tsunami,津波浸水分布（令和4年度首都直下型地震等による東京の被害想定結果）,東京都総務局,CKAN metadata API + direct CSV download,https://www.opendata.metro.tokyo.lg.jp/soumu/21_hachijoujima_nannkaitorafucase1_toutatujikann.csv,八丈島_南海トラフ巨大地震_ケース1_到達時間,hazard_tsunami_arrival_八丈島_南海トラフ巨大地震_ケース1,Point (explicit CSV longitude/latitude),17661,ok,"area=八丈島; scenario=南海トラフ巨大地震_ケース1; metric=arrival; stored as an independent tsunami scenario layer. Published data are 10m mesh values, but this script does not infer cell polygons; it stores published coordinate points exactly.",2026-09-03T23:29:19+09:00,CC BY 4.0,https://portal.data.metro.tokyo.lg.jp/terms/,yes,yes,yes,confirmed,東京都総務局「津波浸水分布（令和4年度首都直下地震等による東京の被害想定結果）」を加工して作成,公開座標をGIS地物化。地域・指標・想定シナリオ別レイヤとして保持する。,2026-09-04
7,tsunami,津波浸水分布（令和4年度首都直下型地震等による東京の被害想定結果）,東京都総務局,CKAN metadata API + direct CSV download,https://www.opendata.metro.tokyo.lg.jp/soumu/22_hachijoujima_nannkaitorafucase1_tunamidaka.csv,八丈島_南海トラフ巨大地震_ケース1_津波高,hazard_tsunami_height_八丈島_南海トラフ巨大地震_ケース1,Point (explicit CSV longitude/latitude),17661,ok,"area=八丈島; scenario=南海トラフ巨大地震_ケース1; metric=height; stored as an independent tsunami scenario layer. Published data are 10m mesh values, but this script does not infer cell polygons; it stores published coordinate points exactly.",2026-09-03T23:29:19+09:00,CC BY 4.0,https://portal.data.metro.tokyo.lg.jp/terms/,yes,yes,yes,confirmed,東京都総務局「津波浸水分布（令和4年度首都直下地震等による東京の被害想定結果）」を加工して作成,公開座標をGIS地物化。地域・指標・想定シナリオ別レイヤとして保持する。,2026-09-04
7,tsunami,津波浸水分布（令和4年度首都直下型地震等による東京の被害想定結果）,東京都総務局,CKAN metadata API + direct CSV download,https://www.opendata.metro.tokyo.lg.jp/soumu/23_hachijoujima_nannkaitorafucase1_sinnsuisinn.csv,八丈島_南海トラフ巨大地震_ケース1_浸水深,hazard_tsunami_depth_八丈島_南海トラフ巨大地震_ケース1,Point (explicit CSV longitude/latitude),17661,ok,"area=八丈島; scenario=南海トラフ巨大地震_ケース1; metric=depth; stored as an independent tsunami scenario layer. Published data are 10m mesh values, but this script does not infer cell polygons; it stores published coordinate points exactly.",2026-09-03T23:29:20+09:00,CC BY 4.0,https://portal.data.metro.tokyo.lg.jp/terms/,yes,yes,yes,confirmed,東京都総務局「津波浸水分布（令和4年度首都直下地震等による東京の被害想定結果）」を加工して作成,公開座標をGIS地物化。地域・指標・想定シナリオ別レイヤとして保持する。,2026-09-04
7,tsunami,津波浸水分布（令和4年度首都直下型地震等による東京の被害想定結果）,東京都総務局,CKAN metadata API + direct CSV download,https://www.opendata.metro.tokyo.lg.jp/soumu/24_aogashima_nannkaitorafucase1_toutatujikann.csv,青ヶ島_南海トラフ巨大地震_ケース1_到達時間,hazard_tsunami_arrival_青ヶ島_南海トラフ巨大地震_ケース1,Point (explicit CSV longitude/latitude),2344,ok,"area=青ヶ島; scenario=南海トラフ巨大地震_ケース1; metric=arrival; stored as an independent tsunami scenario layer. Published data are 10m mesh values, but this script does not infer cell polygons; it stores published coordinate points exactly.",2026-09-03T23:29:20+09:00,CC BY 4.0,https://portal.data.metro.tokyo.lg.jp/terms/,yes,yes,yes,confirmed,東京都総務局「津波浸水分布（令和4年度首都直下地震等による東京の被害想定結果）」を加工して作成,公開座標をGIS地物化。地域・指標・想定シナリオ別レイヤとして保持する。,2026-09-04
7,tsunami,津波浸水分布（令和4年度首都直下型地震等による東京の被害想定結果）,東京都総務局,CKAN metadata API + direct CSV download,https://www.opendata.metro.tokyo.lg.jp/soumu/25_aogashima_nannkaitorafucase1_tunamidaka.csv,青ヶ島_南海トラフ巨大地震_ケース1_津波高,hazard_tsunami_height_青ヶ島_南海トラフ巨大地震_ケース1,Point (explicit CSV longitude/latitude),2344,ok,"area=青ヶ島; scenario=南海トラフ巨大地震_ケース1; metric=height; stored as an independent tsunami scenario layer. Published data are 10m mesh values, but this script does not infer cell polygons; it stores published coordinate points exactly.",2026-09-03T23:29:20+09:00,CC BY 4.0,https://portal.data.metro.tokyo.lg.jp/terms/,yes,yes,yes,confirmed,東京都総務局「津波浸水分布（令和4年度首都直下地震等による東京の被害想定結果）」を加工して作成,公開座標をGIS地物化。地域・指標・想定シナリオ別レイヤとして保持する。,2026-09-04
7,tsunami,津波浸水分布（令和4年度首都直下型地震等による東京の被害想定結果）,東京都総務局,CKAN metadata API + direct CSV download,https://www.opendata.metro.tokyo.lg.jp/soumu/26_aogashima_nannkaitorafucase1_sinnsuisinn.csv,09系_Area11（青ヶ島）_南海トラフ巨大地震_ケース1_浸水深,hazard_tsunami_depth_09系_Area11_青ヶ島__南海トラフ巨大地震_ケース1,Point (explicit CSV longitude/latitude),2344,ok,"area=09系; scenario=Area11（青ヶ島）_南海トラフ巨大地震_ケース1; metric=depth; stored as an independent tsunami scenario layer. Published data are 10m mesh values, but this script does not infer cell polygons; it stores published coordinate points exactly.",2026-09-03T23:29:20+09:00,CC BY 4.0,https://portal.data.metro.tokyo.lg.jp/terms/,yes,yes,yes,confirmed,東京都総務局「津波浸水分布（令和4年度首都直下地震等による東京の被害想定結果）」を加工して作成,公開座標をGIS地物化。地域・指標・想定シナリオ別レイヤとして保持する。,2026-09-04
7,tsunami,津波浸水分布（令和4年度首都直下型地震等による東京の被害想定結果）,東京都総務局,CKAN metadata API + direct CSV download,https://www.opendata.metro.tokyo.lg.jp/soumu/27_chichijima_nannkaitorafucase1_toutatujikann.csv,父島_南海トラフ巨大地震_ケース1_到達時間,hazard_tsunami_arrival_父島_南海トラフ巨大地震_ケース1,Point (explicit CSV longitude/latitude),15540,ok,"area=父島; scenario=南海トラフ巨大地震_ケース1; metric=arrival; stored as an independent tsunami scenario layer. Published data are 10m mesh values, but this script does not infer cell polygons; it stores published coordinate points exactly.",2026-09-03T23:29:20+09:00,CC BY 4.0,https://portal.data.metro.tokyo.lg.jp/terms/,yes,yes,yes,confirmed,東京都総務局「津波浸水分布（令和4年度首都直下地震等による東京の被害想定結果）」を加工して作成,公開座標をGIS地物化。地域・指標・想定シナリオ別レイヤとして保持する。,2026-09-04
7,tsunami,津波浸水分布（令和4年度首都直下型地震等による東京の被害想定結果）,東京都総務局,CKAN metadata API + direct CSV download,https://www.opendata.metro.tokyo.lg.jp/soumu/28_chichijima_nannkaitorafucase1_tunamidaka.csv,父島_南海トラフ巨大地震_ケース1_津波高,hazard_tsunami_height_父島_南海トラフ巨大地震_ケース1,Point (explicit CSV longitude/latitude),15540,ok,"area=父島; scenario=南海トラフ巨大地震_ケース1; metric=height; stored as an independent tsunami scenario layer. Published data are 10m mesh values, but this script does not infer cell polygons; it stores published coordinate points exactly.",2026-09-03T23:29:20+09:00,CC BY 4.0,https://portal.data.metro.tokyo.lg.jp/terms/,yes,yes,yes,confirmed,東京都総務局「津波浸水分布（令和4年度首都直下地震等による東京の被害想定結果）」を加工して作成,公開座標をGIS地物化。地域・指標・想定シナリオ別レイヤとして保持する。,2026-09-04
7,tsunami,津波浸水分布（令和4年度首都直下型地震等による東京の被害想定結果）,東京都総務局,CKAN metadata API + direct CSV download,https://www.opendata.metro.tokyo.lg.jp/soumu/29_chichijima_nannkaitorafucase1_sinnsuisinn.csv,父島_南海トラフ巨大地震_ケース1_浸水深,hazard_tsunami_depth_父島_南海トラフ巨大地震_ケース1,Point (explicit CSV longitude/latitude),15540,ok,"area=父島; scenario=南海トラフ巨大地震_ケース1; metric=depth; stored as an independent tsunami scenario layer. Published data are 10m mesh values, but this script does not infer cell polygons; it stores published coordinate points exactly.",2026-09-03T23:29:21+09:00,CC BY 4.0,https://portal.data.metro.tokyo.lg.jp/terms/,yes,yes,yes,confirmed,東京都総務局「津波浸水分布（令和4年度首都直下地震等による東京の被害想定結果）」を加工して作成,公開座標をGIS地物化。地域・指標・想定シナリオ別レイヤとして保持する。,2026-09-04
7,tsunami,津波浸水分布（令和4年度首都直下型地震等による東京の被害想定結果）,東京都総務局,CKAN metadata API + direct CSV download,https://www.opendata.metro.tokyo.lg.jp/soumu/30_hahajima_nannkaitorafucase1_toutatujikann_2.csv,母島_南海トラフ巨大地震_ケース1_到達時間,hazard_tsunami_arrival_母島_南海トラフ巨大地震_ケース1,Point (explicit CSV longitude/latitude),6302,ok,"area=母島; scenario=南海トラフ巨大地震_ケース1; metric=arrival; stored as an independent tsunami scenario layer. Published data are 10m mesh values, but this script does not infer cell polygons; it stores published coordinate points exactly.",2026-09-03T23:29:21+09:00,CC BY 4.0,https://portal.data.metro.tokyo.lg.jp/terms/,yes,yes,yes,confirmed,東京都総務局「津波浸水分布（令和4年度首都直下地震等による東京の被害想定結果）」を加工して作成,公開座標をGIS地物化。地域・指標・想定シナリオ別レイヤとして保持する。,2026-09-04
7,tsunami,津波浸水分布（令和4年度首都直下型地震等による東京の被害想定結果）,東京都総務局,CKAN metadata API + direct CSV download,https://www.opendata.metro.tokyo.lg.jp/soumu/31_hahajima_nannkaitorafucase1_tunamidaka_2.csv,母島_南海トラフ巨大地震_ケース1_津波高,hazard_tsunami_height_母島_南海トラフ巨大地震_ケース1,Point (explicit CSV longitude/latitude),6302,ok,"area=母島; scenario=南海トラフ巨大地震_ケース1; metric=height; stored as an independent tsunami scenario layer. Published data are 10m mesh values, but this script does not infer cell polygons; it stores published coordinate points exactly.",2026-09-03T23:29:21+09:00,CC BY 4.0,https://portal.data.metro.tokyo.lg.jp/terms/,yes,yes,yes,confirmed,東京都総務局「津波浸水分布（令和4年度首都直下地震等による東京の被害想定結果）」を加工して作成,公開座標をGIS地物化。地域・指標・想定シナリオ別レイヤとして保持する。,2026-09-04
7,tsunami,津波浸水分布（令和4年度首都直下型地震等による東京の被害想定結果）,東京都総務局,CKAN metadata API + direct CSV download,https://www.opendata.metro.tokyo.lg.jp/soumu/32_hahajima_nannkaitorafucase1_sinnsuisinn_2.csv,母島_南海トラフ巨大地震_ケース1_浸水深,hazard_tsunami_depth_母島_南海トラフ巨大地震_ケース1,Point (explicit CSV longitude/latitude),6302,ok,"area=母島; scenario=南海トラフ巨大地震_ケース1; metric=depth; stored as an independent tsunami scenario layer. Published data are 10m mesh values, but this script does not infer cell polygons; it stores published coordinate points exactly.",2026-09-03T23:29:21+09:00,CC BY 4.0,https://portal.data.metro.tokyo.lg.jp/terms/,yes,yes,yes,confirmed,東京都総務局「津波浸水分布（令和4年度首都直下地震等による東京の被害想定結果）」を加工して作成,公開座標をGIS地物化。地域・指標・想定シナリオ別レイヤとして保持する。,2026-09-04
7,tsunami,津波浸水分布（令和4年度首都直下型地震等による東京の被害想定結果）,東京都総務局,CKAN metadata API + direct CSV download,https://www.opendata.metro.tokyo.lg.jp/soumu/0_kubu_nannkaitorafucase2_toutatujikann.csv,区部_南海トラフ巨大地震_ケース2_到達時間,hazard_tsunami_arrival_区部_南海トラフ巨大地震_ケース2,Point (explicit CSV longitude/latitude),51236,ok,"area=区部; scenario=南海トラフ巨大地震_ケース2; metric=arrival; stored as an independent tsunami scenario layer. Published data are 10m mesh values, but this script does not infer cell polygons; it stores published coordinate points exactly.",2026-09-03T23:29:22+09:00,CC BY 4.0,https://portal.data.metro.tokyo.lg.jp/terms/,yes,yes,yes,confirmed,東京都総務局「津波浸水分布（令和4年度首都直下地震等による東京の被害想定結果）」を加工して作成,公開座標をGIS地物化。地域・指標・想定シナリオ別レイヤとして保持する。,2026-09-04
7,tsunami,津波浸水分布（令和4年度首都直下型地震等による東京の被害想定結果）,東京都総務局,CKAN metadata API + direct CSV download,https://www.opendata.metro.tokyo.lg.jp/soumu/1_kubu_nannkaitorafucase2_tunamidaka.csv,区部_南海トラフ巨大地震_ケース2_津波高,hazard_tsunami_height_区部_南海トラフ巨大地震_ケース2,Point (explicit CSV longitude/latitude),51236,ok,"area=区部; scenario=南海トラフ巨大地震_ケース2; metric=height; stored as an independent tsunami scenario layer. Published data are 10m mesh values, but this script does not infer cell polygons; it stores published coordinate points exactly.",2026-09-03T23:29:23+09:00,CC BY 4.0,https://portal.data.metro.tokyo.lg.jp/terms/,yes,yes,yes,confirmed,東京都総務局「津波浸水分布（令和4年度首都直下地震等による東京の被害想定結果）」を加工して作成,公開座標をGIS地物化。地域・指標・想定シナリオ別レイヤとして保持する。,2026-09-04
7,tsunami,津波浸水分布（令和4年度首都直下型地震等による東京の被害想定結果）,東京都総務局,CKAN metadata API + direct CSV download,https://www.opendata.metro.tokyo.lg.jp/soumu/2_kubu_nannkaitorafucase2_sinnsuisinn.csv,区部_南海トラフ巨大地震_ケース2_浸水深,hazard_tsunami_depth_区部_南海トラフ巨大地震_ケース2,Point (explicit CSV longitude/latitude),51236,ok,"area=区部; scenario=南海トラフ巨大地震_ケース2; metric=depth; stored as an independent tsunami scenario layer. Published data are 10m mesh values, but this script does not infer cell polygons; it stores published coordinate points exactly.",2026-09-03T23:29:24+09:00,CC BY 4.0,https://portal.data.metro.tokyo.lg.jp/terms/,yes,yes,yes,confirmed,東京都総務局「津波浸水分布（令和4年度首都直下地震等による東京の被害想定結果）」を加工して作成,公開座標をGIS地物化。地域・指標・想定シナリオ別レイヤとして保持する。,2026-09-04
7,tsunami,津波浸水分布（令和4年度首都直下型地震等による東京の被害想定結果）,東京都総務局,CKAN metadata API + direct CSV download,https://www.opendata.metro.tokyo.lg.jp/soumu/3_oshima_nannkaitorafucase2_toutatujikann.csv,大島_南海トラフ巨大地震_ケース2_到達時間,hazard_tsunami_arrival_大島_南海トラフ巨大地震_ケース2,Point (explicit CSV longitude/latitude),6375,ok,"area=大島; scenario=南海トラフ巨大地震_ケース2; metric=arrival; stored as an independent tsunami scenario layer. Published data are 10m mesh values, but this script does not infer cell polygons; it stores published coordinate points exactly.",2026-09-03T23:29:24+09:00,CC BY 4.0,https://portal.data.metro.tokyo.lg.jp/terms/,yes,yes,yes,confirmed,東京都総務局「津波浸水分布（令和4年度首都直下地震等による東京の被害想定結果）」を加工して作成,公開座標をGIS地物化。地域・指標・想定シナリオ別レイヤとして保持する。,2026-09-04
7,tsunami,津波浸水分布（令和4年度首都直下型地震等による東京の被害想定結果）,東京都総務局,CKAN metadata API + direct CSV download,https://www.opendata.metro.tokyo.lg.jp/soumu/4_oshima_nannkaitorafucase2_tunamidaka.csv,大島_南海トラフ巨大地震_ケース2_津波高,hazard_tsunami_height_大島_南海トラフ巨大地震_ケース2,Point (explicit CSV longitude/latitude),6375,ok,"area=大島; scenario=南海トラフ巨大地震_ケース2; metric=height; stored as an independent tsunami scenario layer. Published data are 10m mesh values, but this script does not infer cell polygons; it stores published coordinate points exactly.",2026-09-03T23:29:24+09:00,CC BY 4.0,https://portal.data.metro.tokyo.lg.jp/terms/,yes,yes,yes,confirmed,東京都総務局「津波浸水分布（令和4年度首都直下地震等による東京の被害想定結果）」を加工して作成,公開座標をGIS地物化。地域・指標・想定シナリオ別レイヤとして保持する。,2026-09-04
7,tsunami,津波浸水分布（令和4年度首都直下型地震等による東京の被害想定結果）,東京都総務局,CKAN metadata API + direct CSV download,https://www.opendata.metro.tokyo.lg.jp/soumu/5_oshima_nannkaitorafucase2_sinnsuisinn.csv,大島_南海トラフ巨大地震_ケース2_浸水深,hazard_tsunami_depth_大島_南海トラフ巨大地震_ケース2,Point (explicit CSV longitude/latitude),6375,ok,"area=大島; scenario=南海トラフ巨大地震_ケース2; metric=depth; stored as an independent tsunami scenario layer. Published data are 10m mesh values, but this script does not infer cell polygons; it stores published coordinate points exactly.",2026-09-03T23:29:24+09:00,CC BY 4.0,https://portal.data.metro.tokyo.lg.jp/terms/,yes,yes,yes,confirmed,東京都総務局「津波浸水分布（令和4年度首都直下地震等による東京の被害想定結果）」を加工して作成,公開座標をGIS地物化。地域・指標・想定シナリオ別レイヤとして保持する。,2026-09-04
7,tsunami,津波浸水分布（令和4年度首都直下型地震等による東京の被害想定結果）,東京都総務局,CKAN metadata API + direct CSV download,https://www.opendata.metro.tokyo.lg.jp/soumu/6_toshima_nannkaitorafucase2_toutatujikann.csv,利島_南海トラフ巨大地震_ケース2_到達時間,hazard_tsunami_arrival_利島_南海トラフ巨大地震_ケース2,Point (explicit CSV longitude/latitude),976,ok,"area=利島; scenario=南海トラフ巨大地震_ケース2; metric=arrival; stored as an independent tsunami scenario layer. Published data are 10m mesh values, but this script does not infer cell polygons; it stores published coordinate points exactly.",2026-09-03T23:29:24+09:00,CC BY 4.0,https://portal.data.metro.tokyo.lg.jp/terms/,yes,yes,yes,confirmed,東京都総務局「津波浸水分布（令和4年度首都直下地震等による東京の被害想定結果）」を加工して作成,公開座標をGIS地物化。地域・指標・想定シナリオ別レイヤとして保持する。,2026-09-04
7,tsunami,津波浸水分布（令和4年度首都直下型地震等による東京の被害想定結果）,東京都総務局,CKAN metadata API + direct CSV download,https://www.opendata.metro.tokyo.lg.jp/soumu/7_toshima_nannkaitorafucase2_tunamidaka.csv,利島_南海トラフ巨大地震_ケース2_津波高,hazard_tsunami_height_利島_南海トラフ巨大地震_ケース2,Point (explicit CSV longitude/latitude),976,ok,"area=利島; scenario=南海トラフ巨大地震_ケース2; metric=height; stored as an independent tsunami scenario layer. Published data are 10m mesh values, but this script does not infer cell polygons; it stores published coordinate points exactly.",2026-09-03T23:29:25+09:00,CC BY 4.0,https://portal.data.metro.tokyo.lg.jp/terms/,yes,yes,yes,confirmed,東京都総務局「津波浸水分布（令和4年度首都直下地震等による東京の被害想定結果）」を加工して作成,公開座標をGIS地物化。地域・指標・想定シナリオ別レイヤとして保持する。,2026-09-04
7,tsunami,津波浸水分布（令和4年度首都直下型地震等による東京の被害想定結果）,東京都総務局,CKAN metadata API + direct CSV download,https://www.opendata.metro.tokyo.lg.jp/soumu/8_toshima_nannkaitorafucase2_sinnsuisinn.csv,利島_南海トラフ巨大地震_ケース2_浸水深,hazard_tsunami_depth_利島_南海トラフ巨大地震_ケース2,Point (explicit CSV longitude/latitude),976,ok,"area=利島; scenario=南海トラフ巨大地震_ケース2; metric=depth; stored as an independent tsunami scenario layer. Published data are 10m mesh values, but this script does not infer cell polygons; it stores published coordinate points exactly.",2026-09-03T23:29:25+09:00,CC BY 4.0,https://portal.data.metro.tokyo.lg.jp/terms/,yes,yes,yes,confirmed,東京都総務局「津波浸水分布（令和4年度首都直下地震等による東京の被害想定結果）」を加工して作成,公開座標をGIS地物化。地域・指標・想定シナリオ別レイヤとして保持する。,2026-09-04
7,tsunami,津波浸水分布（令和4年度首都直下型地震等による東京の被害想定結果）,東京都総務局,CKAN metadata API + direct CSV download,https://www.opendata.metro.tokyo.lg.jp/soumu/9_niijimashikinejima_nannkaitorafucase2_toutatujikann_2.csv,新島・式根島_南海トラフ巨大地震_ケース2_到達時間,hazard_tsunami_arrival_新島_式根島_南海トラフ巨大地震_ケース2,Point (explicit CSV longitude/latitude),9818,ok,"area=新島・式根島; scenario=南海トラフ巨大地震_ケース2; metric=arrival; stored as an independent tsunami scenario layer. Published data are 10m mesh values, but this script does not infer cell polygons; it stores published coordinate points exactly.",2026-09-03T23:29:25+09:00,CC BY 4.0,https://portal.data.metro.tokyo.lg.jp/terms/,yes,yes,yes,confirmed,東京都総務局「津波浸水分布（令和4年度首都直下地震等による東京の被害想定結果）」を加工して作成,公開座標をGIS地物化。地域・指標・想定シナリオ別レイヤとして保持する。,2026-09-04
7,tsunami,津波浸水分布（令和4年度首都直下型地震等による東京の被害想定結果）,東京都総務局,CKAN metadata API + direct CSV download,https://www.opendata.metro.tokyo.lg.jp/soumu/10_niijimashikinejima_nannkaitorafucase2_tunamidaka_2.csv,新島・式根島_南海トラフ巨大地震_ケース2_津波高,hazard_tsunami_height_新島_式根島_南海トラフ巨大地震_ケース2,Point (explicit CSV longitude/latitude),9818,ok,"area=新島・式根島; scenario=南海トラフ巨大地震_ケース2; metric=height; stored as an independent tsunami scenario layer. Published data are 10m mesh values, but this script does not infer cell polygons; it stores published coordinate points exactly.",2026-09-03T23:29:25+09:00,CC BY 4.0,https://portal.data.metro.tokyo.lg.jp/terms/,yes,yes,yes,confirmed,東京都総務局「津波浸水分布（令和4年度首都直下地震等による東京の被害想定結果）」を加工して作成,公開座標をGIS地物化。地域・指標・想定シナリオ別レイヤとして保持する。,2026-09-04
7,tsunami,津波浸水分布（令和4年度首都直下型地震等による東京の被害想定結果）,東京都総務局,CKAN metadata API + direct CSV download,https://www.opendata.metro.tokyo.lg.jp/soumu/11_niijimashikinejima_nannkaitorafucase2_sinnsuisinn_2.csv,新島・式根島_南海トラフ巨大地震_ケース2_浸水深,hazard_tsunami_depth_新島_式根島_南海トラフ巨大地震_ケース2,Point (explicit CSV longitude/latitude),9818,ok,"area=新島・式根島; scenario=南海トラフ巨大地震_ケース2; metric=depth; stored as an independent tsunami scenario layer. Published data are 10m mesh values, but this script does not infer cell polygons; it stores published coordinate points exactly.",2026-09-03T23:29:25+09:00,CC BY 4.0,https://portal.data.metro.tokyo.lg.jp/terms/,yes,yes,yes,confirmed,東京都総務局「津波浸水分布（令和4年度首都直下地震等による東京の被害想定結果）」を加工して作成,公開座標をGIS地物化。地域・指標・想定シナリオ別レイヤとして保持する。,2026-09-04
7,tsunami,津波浸水分布（令和4年度首都直下型地震等による東京の被害想定結果）,東京都総務局,CKAN metadata API + direct CSV download,https://www.opendata.metro.tokyo.lg.jp/soumu/12_kozushima_nannkaitorafucase2_toutatujikann.csv,神津島_南海トラフ巨大地震_ケース2_到達時間,hazard_tsunami_arrival_神津島_南海トラフ巨大地震_ケース2,Point (explicit CSV longitude/latitude),6237,ok,"area=神津島; scenario=南海トラフ巨大地震_ケース2; metric=arrival; stored as an independent tsunami scenario layer. Published data are 10m mesh values, but this script does not infer cell polygons; it stores published coordinate points exactly.",2026-09-03T23:29:25+09:00,CC BY 4.0,https://portal.data.metro.tokyo.lg.jp/terms/,yes,yes,yes,confirmed,東京都総務局「津波浸水分布（令和4年度首都直下地震等による東京の被害想定結果）」を加工して作成,公開座標をGIS地物化。地域・指標・想定シナリオ別レイヤとして保持する。,2026-09-04
7,tsunami,津波浸水分布（令和4年度首都直下型地震等による東京の被害想定結果）,東京都総務局,CKAN metadata API + direct CSV download,https://www.opendata.metro.tokyo.lg.jp/soumu/13_kozushima_nannkaitorafucase2_tunamidaka.csv,神津島_南海トラフ巨大地震_ケース2_津波高,hazard_tsunami_height_神津島_南海トラフ巨大地震_ケース2,Point (explicit CSV longitude/latitude),6237,ok,"area=神津島; scenario=南海トラフ巨大地震_ケース2; metric=height; stored as an independent tsunami scenario layer. Published data are 10m mesh values, but this script does not infer cell polygons; it stores published coordinate points exactly.",2026-09-03T23:29:26+09:00,CC BY 4.0,https://portal.data.metro.tokyo.lg.jp/terms/,yes,yes,yes,confirmed,東京都総務局「津波浸水分布（令和4年度首都直下地震等による東京の被害想定結果）」を加工して作成,公開座標をGIS地物化。地域・指標・想定シナリオ別レイヤとして保持する。,2026-09-04
7,tsunami,津波浸水分布（令和4年度首都直下型地震等による東京の被害想定結果）,東京都総務局,CKAN metadata API + direct CSV download,https://www.opendata.metro.tokyo.lg.jp/soumu/14_kozushima_nannkaitorafucase2_sinnsuisinn.csv,神津島_南海トラフ巨大地震_ケース2_浸水深,hazard_tsunami_depth_神津島_南海トラフ巨大地震_ケース2,Point (explicit CSV longitude/latitude),6237,ok,"area=神津島; scenario=南海トラフ巨大地震_ケース2; metric=depth; stored as an independent tsunami scenario layer. Published data are 10m mesh values, but this script does not infer cell polygons; it stores published coordinate points exactly.",2026-09-03T23:29:26+09:00,CC BY 4.0,https://portal.data.metro.tokyo.lg.jp/terms/,yes,yes,yes,confirmed,東京都総務局「津波浸水分布（令和4年度首都直下地震等による東京の被害想定結果）」を加工して作成,公開座標をGIS地物化。地域・指標・想定シナリオ別レイヤとして保持する。,2026-09-04
7,tsunami,津波浸水分布（令和4年度首都直下型地震等による東京の被害想定結果）,東京都総務局,CKAN metadata API + direct CSV download,https://www.opendata.metro.tokyo.lg.jp/soumu/15_miyakejima_nannkaitorafucase2_toutatujikann.csv,三宅島_南海トラフ巨大地震_ケース2_到達時間,hazard_tsunami_arrival_三宅島_南海トラフ巨大地震_ケース2,Point (explicit CSV longitude/latitude),7535,ok,"area=三宅島; scenario=南海トラフ巨大地震_ケース2; metric=arrival; stored as an independent tsunami scenario layer. Published data are 10m mesh values, but this script does not infer cell polygons; it stores published coordinate points exactly.",2026-09-03T23:29:26+09:00,CC BY 4.0,https://portal.data.metro.tokyo.lg.jp/terms/,yes,yes,yes,confirmed,東京都総務局「津波浸水分布（令和4年度首都直下地震等による東京の被害想定結果）」を加工して作成,公開座標をGIS地物化。地域・指標・想定シナリオ別レイヤとして保持する。,2026-09-04
7,tsunami,津波浸水分布（令和4年度首都直下型地震等による東京の被害想定結果）,東京都総務局,CKAN metadata API + direct CSV download,https://www.opendata.metro.tokyo.lg.jp/soumu/16_miyakejima_nannkaitorafucase2_tunamidaka.csv,三宅島_南海トラフ巨大地震_ケース2_津波高,hazard_tsunami_height_三宅島_南海トラフ巨大地震_ケース2,Point (explicit CSV longitude/latitude),7535,ok,"area=三宅島; scenario=南海トラフ巨大地震_ケース2; metric=height; stored as an independent tsunami scenario layer. Published data are 10m mesh values, but this script does not infer cell polygons; it stores published coordinate points exactly.",2026-09-03T23:29:26+09:00,CC BY 4.0,https://portal.data.metro.tokyo.lg.jp/terms/,yes,yes,yes,confirmed,東京都総務局「津波浸水分布（令和4年度首都直下地震等による東京の被害想定結果）」を加工して作成,公開座標をGIS地物化。地域・指標・想定シナリオ別レイヤとして保持する。,2026-09-04
7,tsunami,津波浸水分布（令和4年度首都直下型地震等による東京の被害想定結果）,東京都総務局,CKAN metadata API + direct CSV download,https://www.opendata.metro.tokyo.lg.jp/soumu/17_miyakejima_nannkaitorafucase2_sinnsuisinn.csv,三宅島_南海トラフ巨大地震_ケース2_浸水深,hazard_tsunami_depth_三宅島_南海トラフ巨大地震_ケース2,Point (explicit CSV longitude/latitude),7535,ok,"area=三宅島; scenario=南海トラフ巨大地震_ケース2; metric=depth; stored as an independent tsunami scenario layer. Published data are 10m mesh values, but this script does not infer cell polygons; it stores published coordinate points exactly.",2026-09-03T23:29:26+09:00,CC BY 4.0,https://portal.data.metro.tokyo.lg.jp/terms/,yes,yes,yes,confirmed,東京都総務局「津波浸水分布（令和4年度首都直下地震等による東京の被害想定結果）」を加工して作成,公開座標をGIS地物化。地域・指標・想定シナリオ別レイヤとして保持する。,2026-09-04
7,tsunami,津波浸水分布（令和4年度首都直下型地震等による東京の被害想定結果）,東京都総務局,CKAN metadata API + direct CSV download,https://www.opendata.metro.tokyo.lg.jp/soumu/18_miakurajima_nannkaitorafucase2_toutatujikann.csv,御蔵島_南海トラフ巨大地震_ケース2_到達時間,hazard_tsunami_arrival_御蔵島_南海トラフ巨大地震_ケース2,Point (explicit CSV longitude/latitude),2158,ok,"area=御蔵島; scenario=南海トラフ巨大地震_ケース2; metric=arrival; stored as an independent tsunami scenario layer. Published data are 10m mesh values, but this script does not infer cell polygons; it stores published coordinate points exactly.",2026-09-03T23:29:26+09:00,CC BY 4.0,https://portal.data.metro.tokyo.lg.jp/terms/,yes,yes,yes,confirmed,東京都総務局「津波浸水分布（令和4年度首都直下地震等による東京の被害想定結果）」を加工して作成,公開座標をGIS地物化。地域・指標・想定シナリオ別レイヤとして保持する。,2026-09-04
7,tsunami,津波浸水分布（令和4年度首都直下型地震等による東京の被害想定結果）,東京都総務局,CKAN metadata API + direct CSV download,https://www.opendata.metro.tokyo.lg.jp/soumu/19_miakurajima_nannkaitorafucase2_tunamidaka.csv,御蔵島_南海トラフ巨大地震_ケース2_津波高,hazard_tsunami_height_御蔵島_南海トラフ巨大地震_ケース2,Point (explicit CSV longitude/latitude),2158,ok,"area=御蔵島; scenario=南海トラフ巨大地震_ケース2; metric=height; stored as an independent tsunami scenario layer. Published data are 10m mesh values, but this script does not infer cell polygons; it stores published coordinate points exactly.",2026-09-03T23:29:27+09:00,CC BY 4.0,https://portal.data.metro.tokyo.lg.jp/terms/,yes,yes,yes,confirmed,東京都総務局「津波浸水分布（令和4年度首都直下地震等による東京の被害想定結果）」を加工して作成,公開座標をGIS地物化。地域・指標・想定シナリオ別レイヤとして保持する。,2026-09-04
7,tsunami,津波浸水分布（令和4年度首都直下型地震等による東京の被害想定結果）,東京都総務局,CKAN metadata API + direct CSV download,https://www.opendata.metro.tokyo.lg.jp/soumu/20_miakurajima_nannkaitorafucase2_sinnsuisinn.csv,御蔵島_南海トラフ巨大地震_ケース2_浸水深,hazard_tsunami_depth_御蔵島_南海トラフ巨大地震_ケース2,Point (explicit CSV longitude/latitude),2158,ok,"area=御蔵島; scenario=南海トラフ巨大地震_ケース2; metric=depth; stored as an independent tsunami scenario layer. Published data are 10m mesh values, but this script does not infer cell polygons; it stores published coordinate points exactly.",2026-09-03T23:29:27+09:00,CC BY 4.0,https://portal.data.metro.tokyo.lg.jp/terms/,yes,yes,yes,confirmed,東京都総務局「津波浸水分布（令和4年度首都直下地震等による東京の被害想定結果）」を加工して作成,公開座標をGIS地物化。地域・指標・想定シナリオ別レイヤとして保持する。,2026-09-04
7,tsunami,津波浸水分布（令和4年度首都直下型地震等による東京の被害想定結果）,東京都総務局,CKAN metadata API + direct CSV download,https://www.opendata.metro.tokyo.lg.jp/soumu/21_hachijoujima_nannkaitorafucase2_toutatujikann.csv,八丈島_南海トラフ巨大地震_ケース2_到達時間,hazard_tsunami_arrival_八丈島_南海トラフ巨大地震_ケース2,Point (explicit CSV longitude/latitude),11080,ok,"area=八丈島; scenario=南海トラフ巨大地震_ケース2; metric=arrival; stored as an independent tsunami scenario layer. Published data are 10m mesh values, but this script does not infer cell polygons; it stores published coordinate points exactly.",2026-09-03T23:29:27+09:00,CC BY 4.0,https://portal.data.metro.tokyo.lg.jp/terms/,yes,yes,yes,confirmed,東京都総務局「津波浸水分布（令和4年度首都直下地震等による東京の被害想定結果）」を加工して作成,公開座標をGIS地物化。地域・指標・想定シナリオ別レイヤとして保持する。,2026-09-04
7,tsunami,津波浸水分布（令和4年度首都直下型地震等による東京の被害想定結果）,東京都総務局,CKAN metadata API + direct CSV download,https://www.opendata.metro.tokyo.lg.jp/soumu/22_hachijoujima_nannkaitorafucase2_tunamidaka.csv,八丈島_南海トラフ巨大地震_ケース2_津波高,hazard_tsunami_height_八丈島_南海トラフ巨大地震_ケース2,Point (explicit CSV longitude/latitude),11080,ok,"area=八丈島; scenario=南海トラフ巨大地震_ケース2; metric=height; stored as an independent tsunami scenario layer. Published data are 10m mesh values, but this script does not infer cell polygons; it stores published coordinate points exactly.",2026-09-03T23:29:27+09:00,CC BY 4.0,https://portal.data.metro.tokyo.lg.jp/terms/,yes,yes,yes,confirmed,東京都総務局「津波浸水分布（令和4年度首都直下地震等による東京の被害想定結果）」を加工して作成,公開座標をGIS地物化。地域・指標・想定シナリオ別レイヤとして保持する。,2026-09-04
7,tsunami,津波浸水分布（令和4年度首都直下型地震等による東京の被害想定結果）,東京都総務局,CKAN metadata API + direct CSV download,https://www.opendata.metro.tokyo.lg.jp/soumu/23_hachijoujima_nannkaitorafucase2_sinnsuisinn.csv,八丈島_南海トラフ巨大地震_ケース2_浸水深,hazard_tsunami_depth_八丈島_南海トラフ巨大地震_ケース2,Point (explicit CSV longitude/latitude),11080,ok,"area=八丈島; scenario=南海トラフ巨大地震_ケース2; metric=depth; stored as an independent tsunami scenario layer. Published data are 10m mesh values, but this script does not infer cell polygons; it stores published coordinate points exactly.",2026-09-03T23:29:27+09:00,CC BY 4.0,https://portal.data.metro.tokyo.lg.jp/terms/,yes,yes,yes,confirmed,東京都総務局「津波浸水分布（令和4年度首都直下地震等による東京の被害想定結果）」を加工して作成,公開座標をGIS地物化。地域・指標・想定シナリオ別レイヤとして保持する。,2026-09-04
7,tsunami,津波浸水分布（令和4年度首都直下型地震等による東京の被害想定結果）,東京都総務局,CKAN metadata API + direct CSV download,https://www.opendata.metro.tokyo.lg.jp/soumu/24_aogashima_nannkaitorafucase2_toutatujikann.csv,青ヶ島_南海トラフ巨大地震_ケース2_到達時間,hazard_tsunami_arrival_青ヶ島_南海トラフ巨大地震_ケース2,Point (explicit CSV longitude/latitude),1939,ok,"area=青ヶ島; scenario=南海トラフ巨大地震_ケース2; metric=arrival; stored as an independent tsunami scenario layer. Published data are 10m mesh values, but this script does not infer cell polygons; it stores published coordinate points exactly.",2026-09-03T23:29:28+09:00,CC BY 4.0,https://portal.data.metro.tokyo.lg.jp/terms/,yes,yes,yes,confirmed,東京都総務局「津波浸水分布（令和4年度首都直下地震等による東京の被害想定結果）」を加工して作成,公開座標をGIS地物化。地域・指標・想定シナリオ別レイヤとして保持する。,2026-09-04
7,tsunami,津波浸水分布（令和4年度首都直下型地震等による東京の被害想定結果）,東京都総務局,CKAN metadata API + direct CSV download,https://www.opendata.metro.tokyo.lg.jp/soumu/25_aogashima_nannkaitorafucase2_tunamidaka.csv,青ヶ島_南海トラフ巨大地震_ケース2_津波高,hazard_tsunami_height_青ヶ島_南海トラフ巨大地震_ケース2,Point (explicit CSV longitude/latitude),1939,ok,"area=青ヶ島; scenario=南海トラフ巨大地震_ケース2; metric=height; stored as an independent tsunami scenario layer. Published data are 10m mesh values, but this script does not infer cell polygons; it stores published coordinate points exactly.",2026-09-03T23:29:28+09:00,CC BY 4.0,https://portal.data.metro.tokyo.lg.jp/terms/,yes,yes,yes,confirmed,東京都総務局「津波浸水分布（令和4年度首都直下地震等による東京の被害想定結果）」を加工して作成,公開座標をGIS地物化。地域・指標・想定シナリオ別レイヤとして保持する。,2026-09-04
7,tsunami,津波浸水分布（令和4年度首都直下型地震等による東京の被害想定結果）,東京都総務局,CKAN metadata API + direct CSV download,https://www.opendata.metro.tokyo.lg.jp/soumu/26_aogashima_nannkaitorafucase2_sinnsuisinn.csv,青ヶ島_南海トラフ巨大地震_ケース2_浸水深,hazard_tsunami_depth_青ヶ島_南海トラフ巨大地震_ケース2,Point (explicit CSV longitude/latitude),1939,ok,"area=青ヶ島; scenario=南海トラフ巨大地震_ケース2; metric=depth; stored as an independent tsunami scenario layer. Published data are 10m mesh values, but this script does not infer cell polygons; it stores published coordinate points exactly.",2026-09-03T23:29:28+09:00,CC BY 4.0,https://portal.data.metro.tokyo.lg.jp/terms/,yes,yes,yes,confirmed,東京都総務局「津波浸水分布（令和4年度首都直下地震等による東京の被害想定結果）」を加工して作成,公開座標をGIS地物化。地域・指標・想定シナリオ別レイヤとして保持する。,2026-09-04
7,tsunami,津波浸水分布（令和4年度首都直下型地震等による東京の被害想定結果）,東京都総務局,CKAN metadata API + direct CSV download,https://www.opendata.metro.tokyo.lg.jp/soumu/27_chichijima_nannkaitorafucase2_toutatujikann.csv,父島_南海トラフ巨大地震_ケース2_到達時間,hazard_tsunami_arrival_父島_南海トラフ巨大地震_ケース2,Point (explicit CSV longitude/latitude),16975,ok,"area=父島; scenario=南海トラフ巨大地震_ケース2; metric=arrival; stored as an independent tsunami scenario layer. Published data are 10m mesh values, but this script does not infer cell polygons; it stores published coordinate points exactly.",2026-09-03T23:29:28+09:00,CC BY 4.0,https://portal.data.metro.tokyo.lg.jp/terms/,yes,yes,yes,confirmed,東京都総務局「津波浸水分布（令和4年度首都直下地震等による東京の被害想定結果）」を加工して作成,公開座標をGIS地物化。地域・指標・想定シナリオ別レイヤとして保持する。,2026-09-04
7,tsunami,津波浸水分布（令和4年度首都直下型地震等による東京の被害想定結果）,東京都総務局,CKAN metadata API + direct CSV download,https://www.opendata.metro.tokyo.lg.jp/soumu/28_chichijima_nannkaitorafucase2_tunamidaka.csv,父島_南海トラフ巨大地震_ケース2_津波高,hazard_tsunami_height_父島_南海トラフ巨大地震_ケース2,Point (explicit CSV longitude/latitude),16975,ok,"area=父島; scenario=南海トラフ巨大地震_ケース2; metric=height; stored as an independent tsunami scenario layer. Published data are 10m mesh values, but this script does not infer cell polygons; it stores published coordinate points exactly.",2026-09-03T23:29:29+09:00,CC BY 4.0,https://portal.data.metro.tokyo.lg.jp/terms/,yes,yes,yes,confirmed,東京都総務局「津波浸水分布（令和4年度首都直下地震等による東京の被害想定結果）」を加工して作成,公開座標をGIS地物化。地域・指標・想定シナリオ別レイヤとして保持する。,2026-09-04
7,tsunami,津波浸水分布（令和4年度首都直下型地震等による東京の被害想定結果）,東京都総務局,CKAN metadata API + direct CSV download,https://www.opendata.metro.tokyo.lg.jp/soumu/29_chichijima_nannkaitorafucase2_sinnsuisinn.csv,父島_南海トラフ巨大地震_ケース2_浸水深,hazard_tsunami_depth_父島_南海トラフ巨大地震_ケース2,Point (explicit CSV longitude/latitude),16975,ok,"area=父島; scenario=南海トラフ巨大地震_ケース2; metric=depth; stored as an independent tsunami scenario layer. Published data are 10m mesh values, but this script does not infer cell polygons; it stores published coordinate points exactly.",2026-09-03T23:29:29+09:00,CC BY 4.0,https://portal.data.metro.tokyo.lg.jp/terms/,yes,yes,yes,confirmed,東京都総務局「津波浸水分布（令和4年度首都直下地震等による東京の被害想定結果）」を加工して作成,公開座標をGIS地物化。地域・指標・想定シナリオ別レイヤとして保持する。,2026-09-04
7,tsunami,津波浸水分布（令和4年度首都直下型地震等による東京の被害想定結果）,東京都総務局,CKAN metadata API + direct CSV download,https://www.opendata.metro.tokyo.lg.jp/soumu/30_hahajima_nannkaitorafucase2_toutatujikann.csv,母島_南海トラフ巨大地震_ケース2_到達時間,hazard_tsunami_arrival_母島_南海トラフ巨大地震_ケース2,Point (explicit CSV longitude/latitude),6577,ok,"area=母島; scenario=南海トラフ巨大地震_ケース2; metric=arrival; stored as an independent tsunami scenario layer. Published data are 10m mesh values, but this script does not infer cell polygons; it stores published coordinate points exactly.",2026-09-03T23:29:29+09:00,CC BY 4.0,https://portal.data.metro.tokyo.lg.jp/terms/,yes,yes,yes,confirmed,東京都総務局「津波浸水分布（令和4年度首都直下地震等による東京の被害想定結果）」を加工して作成,公開座標をGIS地物化。地域・指標・想定シナリオ別レイヤとして保持する。,2026-09-04
7,tsunami,津波浸水分布（令和4年度首都直下型地震等による東京の被害想定結果）,東京都総務局,CKAN metadata API + direct CSV download,https://www.opendata.metro.tokyo.lg.jp/soumu/31_hahajima_nannkaitorafucase2_tunamidaka.csv,母島_南海トラフ巨大地震_ケース2_津波高,hazard_tsunami_height_母島_南海トラフ巨大地震_ケース2,Point (explicit CSV longitude/latitude),6577,ok,"area=母島; scenario=南海トラフ巨大地震_ケース2; metric=height; stored as an independent tsunami scenario layer. Published data are 10m mesh values, but this script does not infer cell polygons; it stores published coordinate points exactly.",2026-09-03T23:29:29+09:00,CC BY 4.0,https://portal.data.metro.tokyo.lg.jp/terms/,yes,yes,yes,confirmed,東京都総務局「津波浸水分布（令和4年度首都直下地震等による東京の被害想定結果）」を加工して作成,公開座標をGIS地物化。地域・指標・想定シナリオ別レイヤとして保持する。,2026-09-04
7,tsunami,津波浸水分布（令和4年度首都直下型地震等による東京の被害想定結果）,東京都総務局,CKAN metadata API + direct CSV download,https://www.opendata.metro.tokyo.lg.jp/soumu/32_hahajima_nannkaitorafucase2_sinnsuisinn.csv,母島_南海トラフ巨大地震_ケース2_浸水深,hazard_tsunami_depth_母島_南海トラフ巨大地震_ケース2,Point (explicit CSV longitude/latitude),6577,ok,"area=母島; scenario=南海トラフ巨大地震_ケース2; metric=depth; stored as an independent tsunami scenario layer. Published data are 10m mesh values, but this script does not infer cell polygons; it stores published coordinate points exactly.",2026-09-03T23:29:29+09:00,CC BY 4.0,https://portal.data.metro.tokyo.lg.jp/terms/,yes,yes,yes,confirmed,東京都総務局「津波浸水分布（令和4年度首都直下地震等による東京の被害想定結果）」を加工して作成,公開座標をGIS地物化。地域・指標・想定シナリオ別レイヤとして保持する。,2026-09-04
7,tsunami,津波浸水分布（令和4年度首都直下型地震等による東京の被害想定結果）,東京都総務局,CKAN metadata API + direct CSV download,https://www.opendata.metro.tokyo.lg.jp/soumu/0_kubu_nannkaitorafucase5_toutatujikann.csv,区部_南海トラフ巨大地震_ケース5_到達時間,hazard_tsunami_arrival_区部_南海トラフ巨大地震_ケース5,Point (explicit CSV longitude/latitude),39462,ok,"area=区部; scenario=南海トラフ巨大地震_ケース5; metric=arrival; stored as an independent tsunami scenario layer. Published data are 10m mesh values, but this script does not infer cell polygons; it stores published coordinate points exactly.",2026-09-03T23:29:30+09:00,CC BY 4.0,https://portal.data.metro.tokyo.lg.jp/terms/,yes,yes,yes,confirmed,東京都総務局「津波浸水分布（令和4年度首都直下地震等による東京の被害想定結果）」を加工して作成,公開座標をGIS地物化。地域・指標・想定シナリオ別レイヤとして保持する。,2026-09-04
7,tsunami,津波浸水分布（令和4年度首都直下型地震等による東京の被害想定結果）,東京都総務局,CKAN metadata API + direct CSV download,https://www.opendata.metro.tokyo.lg.jp/soumu/1_kubu_nannkaitorafucase5_tunamidaka.csv,区部_南海トラフ巨大地震_ケース5_津波高,hazard_tsunami_height_区部_南海トラフ巨大地震_ケース5,Point (explicit CSV longitude/latitude),39462,ok,"area=区部; scenario=南海トラフ巨大地震_ケース5; metric=height; stored as an independent tsunami scenario layer. Published data are 10m mesh values, but this script does not infer cell polygons; it stores published coordinate points exactly.",2026-09-03T23:29:31+09:00,CC BY 4.0,https://portal.data.metro.tokyo.lg.jp/terms/,yes,yes,yes,confirmed,東京都総務局「津波浸水分布（令和4年度首都直下地震等による東京の被害想定結果）」を加工して作成,公開座標をGIS地物化。地域・指標・想定シナリオ別レイヤとして保持する。,2026-09-04
7,tsunami,津波浸水分布（令和4年度首都直下型地震等による東京の被害想定結果）,東京都総務局,CKAN metadata API + direct CSV download,https://www.opendata.metro.tokyo.lg.jp/soumu/2_kubu_nannkaitorafucase5_sinnsuisinn.csv,区部_南海トラフ巨大地震_ケース5_浸水深,hazard_tsunami_depth_区部_南海トラフ巨大地震_ケース5,Point (explicit CSV longitude/latitude),39462,ok,"area=区部; scenario=南海トラフ巨大地震_ケース5; metric=depth; stored as an independent tsunami scenario layer. Published data are 10m mesh values, but this script does not infer cell polygons; it stores published coordinate points exactly.",2026-09-03T23:29:32+09:00,CC BY 4.0,https://portal.data.metro.tokyo.lg.jp/terms/,yes,yes,yes,confirmed,東京都総務局「津波浸水分布（令和4年度首都直下地震等による東京の被害想定結果）」を加工して作成,公開座標をGIS地物化。地域・指標・想定シナリオ別レイヤとして保持する。,2026-09-04
7,tsunami,津波浸水分布（令和4年度首都直下型地震等による東京の被害想定結果）,東京都総務局,CKAN metadata API + direct CSV download,https://www.opendata.metro.tokyo.lg.jp/soumu/3_oshima_nannkaitorafucase5_toutatujikann.csv,大島_南海トラフ巨大地震_ケース5_到達時間,hazard_tsunami_arrival_大島_南海トラフ巨大地震_ケース5,Point (explicit CSV longitude/latitude),5270,ok,"area=大島; scenario=南海トラフ巨大地震_ケース5; metric=arrival; stored as an independent tsunami scenario layer. Published data are 10m mesh values, but this script does not infer cell polygons; it stores published coordinate points exactly.",2026-09-03T23:29:32+09:00,CC BY 4.0,https://portal.data.metro.tokyo.lg.jp/terms/,yes,yes,yes,confirmed,東京都総務局「津波浸水分布（令和4年度首都直下地震等による東京の被害想定結果）」を加工して作成,公開座標をGIS地物化。地域・指標・想定シナリオ別レイヤとして保持する。,2026-09-04
7,tsunami,津波浸水分布（令和4年度首都直下型地震等による東京の被害想定結果）,東京都総務局,CKAN metadata API + direct CSV download,https://www.opendata.metro.tokyo.lg.jp/soumu/4_oshima_nannkaitorafucase5_tunamidaka.csv,大島_南海トラフ巨大地震_ケース5_津波高,hazard_tsunami_height_大島_南海トラフ巨大地震_ケース5,Point (explicit CSV longitude/latitude),5270,ok,"area=大島; scenario=南海トラフ巨大地震_ケース5; metric=height; stored as an independent tsunami scenario layer. Published data are 10m mesh values, but this script does not infer cell polygons; it stores published coordinate points exactly.",2026-09-03T23:29:32+09:00,CC BY 4.0,https://portal.data.metro.tokyo.lg.jp/terms/,yes,yes,yes,confirmed,東京都総務局「津波浸水分布（令和4年度首都直下地震等による東京の被害想定結果）」を加工して作成,公開座標をGIS地物化。地域・指標・想定シナリオ別レイヤとして保持する。,2026-09-04
7,tsunami,津波浸水分布（令和4年度首都直下型地震等による東京の被害想定結果）,東京都総務局,CKAN metadata API + direct CSV download,https://www.opendata.metro.tokyo.lg.jp/soumu/5_oshima_nannkaitorafucase5_sinnsuisinn.csv,大島_南海トラフ巨大地震_ケース5_浸水深,hazard_tsunami_depth_大島_南海トラフ巨大地震_ケース5,Point (explicit CSV longitude/latitude),5270,ok,"area=大島; scenario=南海トラフ巨大地震_ケース5; metric=depth; stored as an independent tsunami scenario layer. Published data are 10m mesh values, but this script does not infer cell polygons; it stores published coordinate points exactly.",2026-09-03T23:29:32+09:00,CC BY 4.0,https://portal.data.metro.tokyo.lg.jp/terms/,yes,yes,yes,confirmed,東京都総務局「津波浸水分布（令和4年度首都直下地震等による東京の被害想定結果）」を加工して作成,公開座標をGIS地物化。地域・指標・想定シナリオ別レイヤとして保持する。,2026-09-04
7,tsunami,津波浸水分布（令和4年度首都直下型地震等による東京の被害想定結果）,東京都総務局,CKAN metadata API + direct CSV download,https://www.opendata.metro.tokyo.lg.jp/soumu/6_toshima_nannkaitorafucase5_toutatujikann.csv,利島_南海トラフ巨大地震_ケース5_到達時間,hazard_tsunami_arrival_利島_南海トラフ巨大地震_ケース5,Point (explicit CSV longitude/latitude),728,ok,"area=利島; scenario=南海トラフ巨大地震_ケース5; metric=arrival; stored as an independent tsunami scenario layer. Published data are 10m mesh values, but this script does not infer cell polygons; it stores published coordinate points exactly.",2026-09-03T23:29:32+09:00,CC BY 4.0,https://portal.data.metro.tokyo.lg.jp/terms/,yes,yes,yes,confirmed,東京都総務局「津波浸水分布（令和4年度首都直下地震等による東京の被害想定結果）」を加工して作成,公開座標をGIS地物化。地域・指標・想定シナリオ別レイヤとして保持する。,2026-09-04
7,tsunami,津波浸水分布（令和4年度首都直下型地震等による東京の被害想定結果）,東京都総務局,CKAN metadata API + direct CSV download,https://www.opendata.metro.tokyo.lg.jp/soumu/7_toshima_nannkaitorafucase5_tunamidaka.csv,利島_南海トラフ巨大地震_ケース5_津波高,hazard_tsunami_height_利島_南海トラフ巨大地震_ケース5,Point (explicit CSV longitude/latitude),728,ok,"area=利島; scenario=南海トラフ巨大地震_ケース5; metric=height; stored as an independent tsunami scenario layer. Published data are 10m mesh values, but this script does not infer cell polygons; it stores published coordinate points exactly.",2026-09-03T23:29:33+09:00,CC BY 4.0,https://portal.data.metro.tokyo.lg.jp/terms/,yes,yes,yes,confirmed,東京都総務局「津波浸水分布（令和4年度首都直下地震等による東京の被害想定結果）」を加工して作成,公開座標をGIS地物化。地域・指標・想定シナリオ別レイヤとして保持する。,2026-09-04
7,tsunami,津波浸水分布（令和4年度首都直下型地震等による東京の被害想定結果）,東京都総務局,CKAN metadata API + direct CSV download,https://www.opendata.metro.tokyo.lg.jp/soumu/8_toshima_nannkaitorafucase5_sinnsuisinn.csv,利島_南海トラフ巨大地震_ケース5_浸水深,hazard_tsunami_depth_利島_南海トラフ巨大地震_ケース5,Point (explicit CSV longitude/latitude),728,ok,"area=利島; scenario=南海トラフ巨大地震_ケース5; metric=depth; stored as an independent tsunami scenario layer. Published data are 10m mesh values, but this script does not infer cell polygons; it stores published coordinate points exactly.",2026-09-03T23:29:33+09:00,CC BY 4.0,https://portal.data.metro.tokyo.lg.jp/terms/,yes,yes,yes,confirmed,東京都総務局「津波浸水分布（令和4年度首都直下地震等による東京の被害想定結果）」を加工して作成,公開座標をGIS地物化。地域・指標・想定シナリオ別レイヤとして保持する。,2026-09-04
7,tsunami,津波浸水分布（令和4年度首都直下型地震等による東京の被害想定結果）,東京都総務局,CKAN metadata API + direct CSV download,https://www.opendata.metro.tokyo.lg.jp/soumu/9_niijimashikinejima_nannkaitorafucase5_toutatujikann.csv,新島・式根島_南海トラフ巨大地震_ケース5_到達時間,hazard_tsunami_arrival_新島_式根島_南海トラフ巨大地震_ケース5,Point (explicit CSV longitude/latitude),7839,ok,"area=新島・式根島; scenario=南海トラフ巨大地震_ケース5; metric=arrival; stored as an independent tsunami scenario layer. Published data are 10m mesh values, but this script does not infer cell polygons; it stores published coordinate points exactly.",2026-09-03T23:29:33+09:00,CC BY 4.0,https://portal.data.metro.tokyo.lg.jp/terms/,yes,yes,yes,confirmed,東京都総務局「津波浸水分布（令和4年度首都直下地震等による東京の被害想定結果）」を加工して作成,公開座標をGIS地物化。地域・指標・想定シナリオ別レイヤとして保持する。,2026-09-04
7,tsunami,津波浸水分布（令和4年度首都直下型地震等による東京の被害想定結果）,東京都総務局,CKAN metadata API + direct CSV download,https://www.opendata.metro.tokyo.lg.jp/soumu/10_niijimashikinejima_nannkaitorafucase5_tunamidaka.csv,新島・式根島_南海トラフ巨大地震_ケース5_津波高,hazard_tsunami_height_新島_式根島_南海トラフ巨大地震_ケース5,Point (explicit CSV longitude/latitude),7839,ok,"area=新島・式根島; scenario=南海トラフ巨大地震_ケース5; metric=height; stored as an independent tsunami scenario layer. Published data are 10m mesh values, but this script does not infer cell polygons; it stores published coordinate points exactly.",2026-09-03T23:29:33+09:00,CC BY 4.0,https://portal.data.metro.tokyo.lg.jp/terms/,yes,yes,yes,confirmed,東京都総務局「津波浸水分布（令和4年度首都直下地震等による東京の被害想定結果）」を加工して作成,公開座標をGIS地物化。地域・指標・想定シナリオ別レイヤとして保持する。,2026-09-04
7,tsunami,津波浸水分布（令和4年度首都直下型地震等による東京の被害想定結果）,東京都総務局,CKAN metadata API + direct CSV download,https://www.opendata.metro.tokyo.lg.jp/soumu/11_niijimashikinejima_nannkaitorafucase5_sinnsuisinn.csv,新島・式根島_南海トラフ巨大地震_ケース5_浸水深,hazard_tsunami_depth_新島_式根島_南海トラフ巨大地震_ケース5,Point (explicit CSV longitude/latitude),7839,ok,"area=新島・式根島; scenario=南海トラフ巨大地震_ケース5; metric=depth; stored as an independent tsunami scenario layer. Published data are 10m mesh values, but this script does not infer cell polygons; it stores published coordinate points exactly.",2026-09-03T23:29:33+09:00,CC BY 4.0,https://portal.data.metro.tokyo.lg.jp/terms/,yes,yes,yes,confirmed,東京都総務局「津波浸水分布（令和4年度首都直下地震等による東京の被害想定結果）」を加工して作成,公開座標をGIS地物化。地域・指標・想定シナリオ別レイヤとして保持する。,2026-09-04
7,tsunami,津波浸水分布（令和4年度首都直下型地震等による東京の被害想定結果）,東京都総務局,CKAN metadata API + direct CSV download,https://www.opendata.metro.tokyo.lg.jp/soumu/12_kozushima_nannkaitorafucase5_toutatujikann.csv,神津島_南海トラフ巨大地震_ケース5_到達時間,hazard_tsunami_arrival_神津島_南海トラフ巨大地震_ケース5,Point (explicit CSV longitude/latitude),4173,ok,"area=神津島; scenario=南海トラフ巨大地震_ケース5; metric=arrival; stored as an independent tsunami scenario layer. Published data are 10m mesh values, but this script does not infer cell polygons; it stores published coordinate points exactly.",2026-09-03T23:29:34+09:00,CC BY 4.0,https://portal.data.metro.tokyo.lg.jp/terms/,yes,yes,yes,confirmed,東京都総務局「津波浸水分布（令和4年度首都直下地震等による東京の被害想定結果）」を加工して作成,公開座標をGIS地物化。地域・指標・想定シナリオ別レイヤとして保持する。,2026-09-04
7,tsunami,津波浸水分布（令和4年度首都直下型地震等による東京の被害想定結果）,東京都総務局,CKAN metadata API + direct CSV download,https://www.opendata.metro.tokyo.lg.jp/soumu/13_kozushima_nannkaitorafucase5_tunamidaka.csv,神津島_南海トラフ巨大地震_ケース5_津波高,hazard_tsunami_height_神津島_南海トラフ巨大地震_ケース5,Point (explicit CSV longitude/latitude),4173,ok,"area=神津島; scenario=南海トラフ巨大地震_ケース5; metric=height; stored as an independent tsunami scenario layer. Published data are 10m mesh values, but this script does not infer cell polygons; it stores published coordinate points exactly.",2026-09-03T23:29:34+09:00,CC BY 4.0,https://portal.data.metro.tokyo.lg.jp/terms/,yes,yes,yes,confirmed,東京都総務局「津波浸水分布（令和4年度首都直下地震等による東京の被害想定結果）」を加工して作成,公開座標をGIS地物化。地域・指標・想定シナリオ別レイヤとして保持する。,2026-09-04
7,tsunami,津波浸水分布（令和4年度首都直下型地震等による東京の被害想定結果）,東京都総務局,CKAN metadata API + direct CSV download,https://www.opendata.metro.tokyo.lg.jp/soumu/14_kozushima_nannkaitorafucase5_sinnsuisinn.csv,神津島_南海トラフ巨大地震_ケース5_浸水深,hazard_tsunami_depth_神津島_南海トラフ巨大地震_ケース5,Point (explicit CSV longitude/latitude),4173,ok,"area=神津島; scenario=南海トラフ巨大地震_ケース5; metric=depth; stored as an independent tsunami scenario layer. Published data are 10m mesh values, but this script does not infer cell polygons; it stores published coordinate points exactly.",2026-09-03T23:29:34+09:00,CC BY 4.0,https://portal.data.metro.tokyo.lg.jp/terms/,yes,yes,yes,confirmed,東京都総務局「津波浸水分布（令和4年度首都直下地震等による東京の被害想定結果）」を加工して作成,公開座標をGIS地物化。地域・指標・想定シナリオ別レイヤとして保持する。,2026-09-04
7,tsunami,津波浸水分布（令和4年度首都直下型地震等による東京の被害想定結果）,東京都総務局,CKAN metadata API + direct CSV download,https://www.opendata.metro.tokyo.lg.jp/soumu/15_miyakejima_nannkaitorafucase5_toutatujikann.csv,三宅島_南海トラフ巨大地震_ケース5_到達時間,hazard_tsunami_arrival_三宅島_南海トラフ巨大地震_ケース5,Point (explicit CSV longitude/latitude),6388,ok,"area=三宅島; scenario=南海トラフ巨大地震_ケース5; metric=arrival; stored as an independent tsunami scenario layer. Published data are 10m mesh values, but this script does not infer cell polygons; it stores published coordinate points exactly.",2026-09-03T23:29:34+09:00,CC BY 4.0,https://portal.data.metro.tokyo.lg.jp/terms/,yes,yes,yes,confirmed,東京都総務局「津波浸水分布（令和4年度首都直下地震等による東京の被害想定結果）」を加工して作成,公開座標をGIS地物化。地域・指標・想定シナリオ別レイヤとして保持する。,2026-09-04
7,tsunami,津波浸水分布（令和4年度首都直下型地震等による東京の被害想定結果）,東京都総務局,CKAN metadata API + direct CSV download,https://www.opendata.metro.tokyo.lg.jp/soumu/16_miyakejima_nannkaitorafucase5_tunamidaka.csv,三宅島_南海トラフ巨大地震_ケース5_津波高,hazard_tsunami_height_三宅島_南海トラフ巨大地震_ケース5,Point (explicit CSV longitude/latitude),6388,ok,"area=三宅島; scenario=南海トラフ巨大地震_ケース5; metric=height; stored as an independent tsunami scenario layer. Published data are 10m mesh values, but this script does not infer cell polygons; it stores published coordinate points exactly.",2026-09-03T23:29:34+09:00,CC BY 4.0,https://portal.data.metro.tokyo.lg.jp/terms/,yes,yes,yes,confirmed,東京都総務局「津波浸水分布（令和4年度首都直下地震等による東京の被害想定結果）」を加工して作成,公開座標をGIS地物化。地域・指標・想定シナリオ別レイヤとして保持する。,2026-09-04
7,tsunami,津波浸水分布（令和4年度首都直下型地震等による東京の被害想定結果）,東京都総務局,CKAN metadata API + direct CSV download,https://www.opendata.metro.tokyo.lg.jp/soumu/17_miyakejima_nannkaitorafucase5_sinnsuisinn.csv,三宅島_南海トラフ巨大地震_ケース5_浸水深,hazard_tsunami_depth_三宅島_南海トラフ巨大地震_ケース5,Point (explicit CSV longitude/latitude),6388,ok,"area=三宅島; scenario=南海トラフ巨大地震_ケース5; metric=depth; stored as an independent tsunami scenario layer. Published data are 10m mesh values, but this script does not infer cell polygons; it stores published coordinate points exactly.",2026-09-03T23:29:34+09:00,CC BY 4.0,https://portal.data.metro.tokyo.lg.jp/terms/,yes,yes,yes,confirmed,東京都総務局「津波浸水分布（令和4年度首都直下地震等による東京の被害想定結果）」を加工して作成,公開座標をGIS地物化。地域・指標・想定シナリオ別レイヤとして保持する。,2026-09-04
7,tsunami,津波浸水分布（令和4年度首都直下型地震等による東京の被害想定結果）,東京都総務局,CKAN metadata API + direct CSV download,https://www.opendata.metro.tokyo.lg.jp/soumu/18_miakurajima_nannkaitorafucase5_toutatujikann.csv,御蔵島_南海トラフ巨大地震_ケース5_到達時間,hazard_tsunami_arrival_御蔵島_南海トラフ巨大地震_ケース5,Point (explicit CSV longitude/latitude),1485,ok,"area=御蔵島; scenario=南海トラフ巨大地震_ケース5; metric=arrival; stored as an independent tsunami scenario layer. Published data are 10m mesh values, but this script does not infer cell polygons; it stores published coordinate points exactly.",2026-09-03T23:29:35+09:00,CC BY 4.0,https://portal.data.metro.tokyo.lg.jp/terms/,yes,yes,yes,confirmed,東京都総務局「津波浸水分布（令和4年度首都直下地震等による東京の被害想定結果）」を加工して作成,公開座標をGIS地物化。地域・指標・想定シナリオ別レイヤとして保持する。,2026-09-04
7,tsunami,津波浸水分布（令和4年度首都直下型地震等による東京の被害想定結果）,東京都総務局,CKAN metadata API + direct CSV download,https://www.opendata.metro.tokyo.lg.jp/soumu/19_miakurajima_nannkaitorafucase5_tunamidaka.csv,御蔵島_南海トラフ巨大地震_ケース5_津波高,hazard_tsunami_height_御蔵島_南海トラフ巨大地震_ケース5,Point (explicit CSV longitude/latitude),1485,ok,"area=御蔵島; scenario=南海トラフ巨大地震_ケース5; metric=height; stored as an independent tsunami scenario layer. Published data are 10m mesh values, but this script does not infer cell polygons; it stores published coordinate points exactly.",2026-09-03T23:29:35+09:00,CC BY 4.0,https://portal.data.metro.tokyo.lg.jp/terms/,yes,yes,yes,confirmed,東京都総務局「津波浸水分布（令和4年度首都直下地震等による東京の被害想定結果）」を加工して作成,公開座標をGIS地物化。地域・指標・想定シナリオ別レイヤとして保持する。,2026-09-04
7,tsunami,津波浸水分布（令和4年度首都直下型地震等による東京の被害想定結果）,東京都総務局,CKAN metadata API + direct CSV download,https://www.opendata.metro.tokyo.lg.jp/soumu/20_miakurajima_nannkaitorafucase5_sinnsuisinn.csv,御蔵島_南海トラフ巨大地震_ケース5_浸水深,hazard_tsunami_depth_御蔵島_南海トラフ巨大地震_ケース5,Point (explicit CSV longitude/latitude),1485,ok,"area=御蔵島; scenario=南海トラフ巨大地震_ケース5; metric=depth; stored as an independent tsunami scenario layer. Published data are 10m mesh values, but this script does not infer cell polygons; it stores published coordinate points exactly.",2026-09-03T23:29:35+09:00,CC BY 4.0,https://portal.data.metro.tokyo.lg.jp/terms/,yes,yes,yes,confirmed,東京都総務局「津波浸水分布（令和4年度首都直下地震等による東京の被害想定結果）」を加工して作成,公開座標をGIS地物化。地域・指標・想定シナリオ別レイヤとして保持する。,2026-09-04
7,tsunami,津波浸水分布（令和4年度首都直下型地震等による東京の被害想定結果）,東京都総務局,CKAN metadata API + direct CSV download,https://www.opendata.metro.tokyo.lg.jp/soumu/21_hachijoujima_nannkaitorafucase5_toutatujikann.csv,八丈島_南海トラフ巨大地震_ケース5_到達時間,hazard_tsunami_arrival_八丈島_南海トラフ巨大地震_ケース5,Point (explicit CSV longitude/latitude),7881,ok,"area=八丈島; scenario=南海トラフ巨大地震_ケース5; metric=arrival; stored as an independent tsunami scenario layer. Published data are 10m mesh values, but this script does not infer cell polygons; it stores published coordinate points exactly.",2026-09-03T23:29:35+09:00,CC BY 4.0,https://portal.data.metro.tokyo.lg.jp/terms/,yes,yes,yes,confirmed,東京都総務局「津波浸水分布（令和4年度首都直下地震等による東京の被害想定結果）」を加工して作成,公開座標をGIS地物化。地域・指標・想定シナリオ別レイヤとして保持する。,2026-09-04
7,tsunami,津波浸水分布（令和4年度首都直下型地震等による東京の被害想定結果）,東京都総務局,CKAN metadata API + direct CSV download,https://www.opendata.metro.tokyo.lg.jp/soumu/22_hachijoujima_nannkaitorafucase5_tunamidaka.csv,八丈島_南海トラフ巨大地震_ケース5_津波高,hazard_tsunami_height_八丈島_南海トラフ巨大地震_ケース5,Point (explicit CSV longitude/latitude),7881,ok,"area=八丈島; scenario=南海トラフ巨大地震_ケース5; metric=height; stored as an independent tsunami scenario layer. Published data are 10m mesh values, but this script does not infer cell polygons; it stores published coordinate points exactly.",2026-09-03T23:29:35+09:00,CC BY 4.0,https://portal.data.metro.tokyo.lg.jp/terms/,yes,yes,yes,confirmed,東京都総務局「津波浸水分布（令和4年度首都直下地震等による東京の被害想定結果）」を加工して作成,公開座標をGIS地物化。地域・指標・想定シナリオ別レイヤとして保持する。,2026-09-04
7,tsunami,津波浸水分布（令和4年度首都直下型地震等による東京の被害想定結果）,東京都総務局,CKAN metadata API + direct CSV download,https://www.opendata.metro.tokyo.lg.jp/soumu/23_hachijoujima_nannkaitorafucase5_sinnsuisinn.csv,八丈島_南海トラフ巨大地震_ケース5_浸水深,hazard_tsunami_depth_八丈島_南海トラフ巨大地震_ケース5,Point (explicit CSV longitude/latitude),7881,ok,"area=八丈島; scenario=南海トラフ巨大地震_ケース5; metric=depth; stored as an independent tsunami scenario layer. Published data are 10m mesh values, but this script does not infer cell polygons; it stores published coordinate points exactly.",2026-09-03T23:29:36+09:00,CC BY 4.0,https://portal.data.metro.tokyo.lg.jp/terms/,yes,yes,yes,confirmed,東京都総務局「津波浸水分布（令和4年度首都直下地震等による東京の被害想定結果）」を加工して作成,公開座標をGIS地物化。地域・指標・想定シナリオ別レイヤとして保持する。,2026-09-04
7,tsunami,津波浸水分布（令和4年度首都直下型地震等による東京の被害想定結果）,東京都総務局,CKAN metadata API + direct CSV download,https://www.opendata.metro.tokyo.lg.jp/soumu/24_aogashima_nannkaitorafucase5_toutatujikann.csv,青ヶ島_南海トラフ巨大地震_ケース5_到達時間,hazard_tsunami_arrival_青ヶ島_南海トラフ巨大地震_ケース5,Point (explicit CSV longitude/latitude),1586,ok,"area=青ヶ島; scenario=南海トラフ巨大地震_ケース5; metric=arrival; stored as an independent tsunami scenario layer. Published data are 10m mesh values, but this script does not infer cell polygons; it stores published coordinate points exactly.",2026-09-03T23:29:36+09:00,CC BY 4.0,https://portal.data.metro.tokyo.lg.jp/terms/,yes,yes,yes,confirmed,東京都総務局「津波浸水分布（令和4年度首都直下地震等による東京の被害想定結果）」を加工して作成,公開座標をGIS地物化。地域・指標・想定シナリオ別レイヤとして保持する。,2026-09-04
7,tsunami,津波浸水分布（令和4年度首都直下型地震等による東京の被害想定結果）,東京都総務局,CKAN metadata API + direct CSV download,https://www.opendata.metro.tokyo.lg.jp/soumu/25_aogashima_nannkaitorafucase5_tunamidaka.csv,青ヶ島_南海トラフ巨大地震_ケース5_津波高,hazard_tsunami_height_青ヶ島_南海トラフ巨大地震_ケース5,Point (explicit CSV longitude/latitude),1586,ok,"area=青ヶ島; scenario=南海トラフ巨大地震_ケース5; metric=height; stored as an independent tsunami scenario layer. Published data are 10m mesh values, but this script does not infer cell polygons; it stores published coordinate points exactly.",2026-09-03T23:29:36+09:00,CC BY 4.0,https://portal.data.metro.tokyo.lg.jp/terms/,yes,yes,yes,confirmed,東京都総務局「津波浸水分布（令和4年度首都直下地震等による東京の被害想定結果）」を加工して作成,公開座標をGIS地物化。地域・指標・想定シナリオ別レイヤとして保持する。,2026-09-04
7,tsunami,津波浸水分布（令和4年度首都直下型地震等による東京の被害想定結果）,東京都総務局,CKAN metadata API + direct CSV download,https://www.opendata.metro.tokyo.lg.jp/soumu/26_aogashima_nannkaitorafucase5_sinnsuisinn.csv,青ヶ島_南海トラフ巨大地震_ケース5_浸水深,hazard_tsunami_depth_青ヶ島_南海トラフ巨大地震_ケース5,Point (explicit CSV longitude/latitude),1586,ok,"area=青ヶ島; scenario=南海トラフ巨大地震_ケース5; metric=depth; stored as an independent tsunami scenario layer. Published data are 10m mesh values, but this script does not infer cell polygons; it stores published coordinate points exactly.",2026-09-03T23:29:36+09:00,CC BY 4.0,https://portal.data.metro.tokyo.lg.jp/terms/,yes,yes,yes,confirmed,東京都総務局「津波浸水分布（令和4年度首都直下地震等による東京の被害想定結果）」を加工して作成,公開座標をGIS地物化。地域・指標・想定シナリオ別レイヤとして保持する。,2026-09-04
7,tsunami,津波浸水分布（令和4年度首都直下型地震等による東京の被害想定結果）,東京都総務局,CKAN metadata API + direct CSV download,https://www.opendata.metro.tokyo.lg.jp/soumu/27_chichijima_nannkaitorafucase5_toutatujikann.csv,父島_南海トラフ巨大地震_ケース5_到達時間,hazard_tsunami_arrival_父島_南海トラフ巨大地震_ケース5,Point (explicit CSV longitude/latitude),22337,ok,"area=父島; scenario=南海トラフ巨大地震_ケース5; metric=arrival; stored as an independent tsunami scenario layer. Published data are 10m mesh values, but this script does not infer cell polygons; it stores published coordinate points exactly.",2026-09-03T23:29:37+09:00,CC BY 4.0,https://portal.data.metro.tokyo.lg.jp/terms/,yes,yes,yes,confirmed,東京都総務局「津波浸水分布（令和4年度首都直下地震等による東京の被害想定結果）」を加工して作成,公開座標をGIS地物化。地域・指標・想定シナリオ別レイヤとして保持する。,2026-09-04
7,tsunami,津波浸水分布（令和4年度首都直下型地震等による東京の被害想定結果）,東京都総務局,CKAN metadata API + direct CSV download,https://www.opendata.metro.tokyo.lg.jp/soumu/28_chichijima_nannkaitorafucase5_tunamidaka.csv,父島_南海トラフ巨大地震_ケース5_津波高,hazard_tsunami_height_父島_南海トラフ巨大地震_ケース5,Point (explicit CSV longitude/latitude),22337,ok,"area=父島; scenario=南海トラフ巨大地震_ケース5; metric=height; stored as an independent tsunami scenario layer. Published data are 10m mesh values, but this script does not infer cell polygons; it stores published coordinate points exactly.",2026-09-03T23:29:37+09:00,CC BY 4.0,https://portal.data.metro.tokyo.lg.jp/terms/,yes,yes,yes,confirmed,東京都総務局「津波浸水分布（令和4年度首都直下地震等による東京の被害想定結果）」を加工して作成,公開座標をGIS地物化。地域・指標・想定シナリオ別レイヤとして保持する。,2026-09-04
7,tsunami,津波浸水分布（令和4年度首都直下型地震等による東京の被害想定結果）,東京都総務局,CKAN metadata API + direct CSV download,https://www.opendata.metro.tokyo.lg.jp/soumu/29_chichijima_nannkaitorafucase5_sinnsuisinn.csv,父島_南海トラフ巨大地震_ケース5_浸水深,hazard_tsunami_depth_父島_南海トラフ巨大地震_ケース5,Point (explicit CSV longitude/latitude),22337,ok,"area=父島; scenario=南海トラフ巨大地震_ケース5; metric=depth; stored as an independent tsunami scenario layer. Published data are 10m mesh values, but this script does not infer cell polygons; it stores published coordinate points exactly.",2026-09-03T23:29:38+09:00,CC BY 4.0,https://portal.data.metro.tokyo.lg.jp/terms/,yes,yes,yes,confirmed,東京都総務局「津波浸水分布（令和4年度首都直下地震等による東京の被害想定結果）」を加工して作成,公開座標をGIS地物化。地域・指標・想定シナリオ別レイヤとして保持する。,2026-09-04
7,tsunami,津波浸水分布（令和4年度首都直下型地震等による東京の被害想定結果）,東京都総務局,CKAN metadata API + direct CSV download,https://www.opendata.metro.tokyo.lg.jp/soumu/30_hahajima_nannkaitorafucase5_toutatujikann.csv,母島_南海トラフ巨大地震_ケース5_到達時間,hazard_tsunami_arrival_母島_南海トラフ巨大地震_ケース5,Point (explicit CSV longitude/latitude),10077,ok,"area=母島; scenario=南海トラフ巨大地震_ケース5; metric=arrival; stored as an independent tsunami scenario layer. Published data are 10m mesh values, but this script does not infer cell polygons; it stores published coordinate points exactly.",2026-09-03T23:29:38+09:00,CC BY 4.0,https://portal.data.metro.tokyo.lg.jp/terms/,yes,yes,yes,confirmed,東京都総務局「津波浸水分布（令和4年度首都直下地震等による東京の被害想定結果）」を加工して作成,公開座標をGIS地物化。地域・指標・想定シナリオ別レイヤとして保持する。,2026-09-04
7,tsunami,津波浸水分布（令和4年度首都直下型地震等による東京の被害想定結果）,東京都総務局,CKAN metadata API + direct CSV download,https://www.opendata.metro.tokyo.lg.jp/soumu/31_hahajima_nannkaitorafucase5_tunamidaka.csv,母島_南海トラフ巨大地震_ケース5_津波高,hazard_tsunami_height_母島_南海トラフ巨大地震_ケース5,Point (explicit CSV longitude/latitude),10077,ok,"area=母島; scenario=南海トラフ巨大地震_ケース5; metric=height; stored as an independent tsunami scenario layer. Published data are 10m mesh values, but this script does not infer cell polygons; it stores published coordinate points exactly.",2026-09-03T23:29:38+09:00,CC BY 4.0,https://portal.data.metro.tokyo.lg.jp/terms/,yes,yes,yes,confirmed,東京都総務局「津波浸水分布（令和4年度首都直下地震等による東京の被害想定結果）」を加工して作成,公開座標をGIS地物化。地域・指標・想定シナリオ別レイヤとして保持する。,2026-09-04
7,tsunami,津波浸水分布（令和4年度首都直下型地震等による東京の被害想定結果）,東京都総務局,CKAN metadata API + direct CSV download,https://www.opendata.metro.tokyo.lg.jp/soumu/32_hahajima_nannkaitorafucase5_sinnsuisinn.csv,母島_南海トラフ巨大地震_ケース5_浸水深,hazard_tsunami_depth_母島_南海トラフ巨大地震_ケース5,Point (explicit CSV longitude/latitude),10077,ok,"area=母島; scenario=南海トラフ巨大地震_ケース5; metric=depth; stored as an independent tsunami scenario layer. Published data are 10m mesh values, but this script does not infer cell polygons; it stores published coordinate points exactly.",2026-09-03T23:29:38+09:00,CC BY 4.0,https://portal.data.metro.tokyo.lg.jp/terms/,yes,yes,yes,confirmed,東京都総務局「津波浸水分布（令和4年度首都直下地震等による東京の被害想定結果）」を加工して作成,公開座標をGIS地物化。地域・指標・想定シナリオ別レイヤとして保持する。,2026-09-04
7,tsunami,津波浸水分布（令和4年度首都直下型地震等による東京の被害想定結果）,東京都総務局,CKAN metadata API + direct CSV download,https://www.opendata.metro.tokyo.lg.jp/soumu/0_kubu_nannkaitorafucase6_toutatujikann.csv,区部_南海トラフ巨大地震_ケース6_到達時間,hazard_tsunami_arrival_区部_南海トラフ巨大地震_ケース6,Point (explicit CSV longitude/latitude),48464,ok,"area=区部; scenario=南海トラフ巨大地震_ケース6; metric=arrival; stored as an independent tsunami scenario layer. Published data are 10m mesh values, but this script does not infer cell polygons; it stores published coordinate points exactly.",2026-09-03T23:29:40+09:00,CC BY 4.0,https://portal.data.metro.tokyo.lg.jp/terms/,yes,yes,yes,confirmed,東京都総務局「津波浸水分布（令和4年度首都直下地震等による東京の被害想定結果）」を加工して作成,公開座標をGIS地物化。地域・指標・想定シナリオ別レイヤとして保持する。,2026-09-04
7,tsunami,津波浸水分布（令和4年度首都直下型地震等による東京の被害想定結果）,東京都総務局,CKAN metadata API + direct CSV download,https://www.opendata.metro.tokyo.lg.jp/soumu/1_kubu_nannkaitorafucase6_tunamidaka.csv,区部_南海トラフ巨大地震_ケース6_津波高,hazard_tsunami_height_区部_南海トラフ巨大地震_ケース6,Point (explicit CSV longitude/latitude),48464,ok,"area=区部; scenario=南海トラフ巨大地震_ケース6; metric=height; stored as an independent tsunami scenario layer. Published data are 10m mesh values, but this script does not infer cell polygons; it stores published coordinate points exactly.",2026-09-03T23:29:41+09:00,CC BY 4.0,https://portal.data.metro.tokyo.lg.jp/terms/,yes,yes,yes,confirmed,東京都総務局「津波浸水分布（令和4年度首都直下地震等による東京の被害想定結果）」を加工して作成,公開座標をGIS地物化。地域・指標・想定シナリオ別レイヤとして保持する。,2026-09-04
7,tsunami,津波浸水分布（令和4年度首都直下型地震等による東京の被害想定結果）,東京都総務局,CKAN metadata API + direct CSV download,https://www.opendata.metro.tokyo.lg.jp/soumu/2_kubu_nannkaitorafucase6_sinnsuisinn.csv,区部_南海トラフ巨大地震_ケース6_浸水深,hazard_tsunami_depth_区部_南海トラフ巨大地震_ケース6,Point (explicit CSV longitude/latitude),48464,ok,"area=区部; scenario=南海トラフ巨大地震_ケース6; metric=depth; stored as an independent tsunami scenario layer. Published data are 10m mesh values, but this script does not infer cell polygons; it stores published coordinate points exactly.",2026-09-03T23:29:42+09:00,CC BY 4.0,https://portal.data.metro.tokyo.lg.jp/terms/,yes,yes,yes,confirmed,東京都総務局「津波浸水分布（令和4年度首都直下地震等による東京の被害想定結果）」を加工して作成,公開座標をGIS地物化。地域・指標・想定シナリオ別レイヤとして保持する。,2026-09-04
7,tsunami,津波浸水分布（令和4年度首都直下型地震等による東京の被害想定結果）,東京都総務局,CKAN metadata API + direct CSV download,https://www.opendata.metro.tokyo.lg.jp/soumu/3_oshima_nannkaitorafucase6_toutatujikann.csv,大島_南海トラフ巨大地震_ケース6_到達時間,hazard_tsunami_arrival_大島_南海トラフ巨大地震_ケース6,Point (explicit CSV longitude/latitude),12839,ok,"area=大島; scenario=南海トラフ巨大地震_ケース6; metric=arrival; stored as an independent tsunami scenario layer. Published data are 10m mesh values, but this script does not infer cell polygons; it stores published coordinate points exactly.",2026-09-03T23:29:42+09:00,CC BY 4.0,https://portal.data.metro.tokyo.lg.jp/terms/,yes,yes,yes,confirmed,東京都総務局「津波浸水分布（令和4年度首都直下地震等による東京の被害想定結果）」を加工して作成,公開座標をGIS地物化。地域・指標・想定シナリオ別レイヤとして保持する。,2026-09-04
7,tsunami,津波浸水分布（令和4年度首都直下型地震等による東京の被害想定結果）,東京都総務局,CKAN metadata API + direct CSV download,https://www.opendata.metro.tokyo.lg.jp/soumu/4_oshima_nannkaitorafucase6_tunamidaka.csv,大島_南海トラフ巨大地震_ケース6_津波高,hazard_tsunami_height_大島_南海トラフ巨大地震_ケース6,Point (explicit CSV longitude/latitude),12839,ok,"area=大島; scenario=南海トラフ巨大地震_ケース6; metric=height; stored as an independent tsunami scenario layer. Published data are 10m mesh values, but this script does not infer cell polygons; it stores published coordinate points exactly.",2026-09-03T23:29:42+09:00,CC BY 4.0,https://portal.data.metro.tokyo.lg.jp/terms/,yes,yes,yes,confirmed,東京都総務局「津波浸水分布（令和4年度首都直下地震等による東京の被害想定結果）」を加工して作成,公開座標をGIS地物化。地域・指標・想定シナリオ別レイヤとして保持する。,2026-09-04
7,tsunami,津波浸水分布（令和4年度首都直下型地震等による東京の被害想定結果）,東京都総務局,CKAN metadata API + direct CSV download,https://www.opendata.metro.tokyo.lg.jp/soumu/5_oshima_nannkaitorafucase6_sinnsuisinn.csv,大島_南海トラフ巨大地震_ケース6_浸水深,hazard_tsunami_depth_大島_南海トラフ巨大地震_ケース6,Point (explicit CSV longitude/latitude),12839,ok,"area=大島; scenario=南海トラフ巨大地震_ケース6; metric=depth; stored as an independent tsunami scenario layer. Published data are 10m mesh values, but this script does not infer cell polygons; it stores published coordinate points exactly.",2026-09-03T23:29:43+09:00,CC BY 4.0,https://portal.data.metro.tokyo.lg.jp/terms/,yes,yes,yes,confirmed,東京都総務局「津波浸水分布（令和4年度首都直下地震等による東京の被害想定結果）」を加工して作成,公開座標をGIS地物化。地域・指標・想定シナリオ別レイヤとして保持する。,2026-09-04
7,tsunami,津波浸水分布（令和4年度首都直下型地震等による東京の被害想定結果）,東京都総務局,CKAN metadata API + direct CSV download,https://www.opendata.metro.tokyo.lg.jp/soumu/6_toshima_nannkaitorafucase6_toutatujikann.csv,利島_南海トラフ巨大地震_ケース6_到達時間,hazard_tsunami_arrival_利島_南海トラフ巨大地震_ケース6,Point (explicit CSV longitude/latitude),2382,ok,"area=利島; scenario=南海トラフ巨大地震_ケース6; metric=arrival; stored as an independent tsunami scenario layer. Published data are 10m mesh values, but this script does not infer cell polygons; it stores published coordinate points exactly.",2026-09-03T23:29:43+09:00,CC BY 4.0,https://portal.data.metro.tokyo.lg.jp/terms/,yes,yes,yes,confirmed,東京都総務局「津波浸水分布（令和4年度首都直下地震等による東京の被害想定結果）」を加工して作成,公開座標をGIS地物化。地域・指標・想定シナリオ別レイヤとして保持する。,2026-09-04
7,tsunami,津波浸水分布（令和4年度首都直下型地震等による東京の被害想定結果）,東京都総務局,CKAN metadata API + direct CSV download,https://www.opendata.metro.tokyo.lg.jp/soumu/7_toshima_nannkaitorafucase6_tunamidaka.csv,利島_南海トラフ巨大地震_ケース6_津波高,hazard_tsunami_height_利島_南海トラフ巨大地震_ケース6,Point (explicit CSV longitude/latitude),2382,ok,"area=利島; scenario=南海トラフ巨大地震_ケース6; metric=height; stored as an independent tsunami scenario layer. Published data are 10m mesh values, but this script does not infer cell polygons; it stores published coordinate points exactly.",2026-09-03T23:29:43+09:00,CC BY 4.0,https://portal.data.metro.tokyo.lg.jp/terms/,yes,yes,yes,confirmed,東京都総務局「津波浸水分布（令和4年度首都直下地震等による東京の被害想定結果）」を加工して作成,公開座標をGIS地物化。地域・指標・想定シナリオ別レイヤとして保持する。,2026-09-04
7,tsunami,津波浸水分布（令和4年度首都直下型地震等による東京の被害想定結果）,東京都総務局,CKAN metadata API + direct CSV download,https://www.opendata.metro.tokyo.lg.jp/soumu/8_toshima_nannkaitorafucase6_sinnsuisinn.csv,利島_南海トラフ巨大地震_ケース6_浸水深,hazard_tsunami_depth_利島_南海トラフ巨大地震_ケース6,Point (explicit CSV longitude/latitude),2382,ok,"area=利島; scenario=南海トラフ巨大地震_ケース6; metric=depth; stored as an independent tsunami scenario layer. Published data are 10m mesh values, but this script does not infer cell polygons; it stores published coordinate points exactly.",2026-09-03T23:29:43+09:00,CC BY 4.0,https://portal.data.metro.tokyo.lg.jp/terms/,yes,yes,yes,confirmed,東京都総務局「津波浸水分布（令和4年度首都直下地震等による東京の被害想定結果）」を加工して作成,公開座標をGIS地物化。地域・指標・想定シナリオ別レイヤとして保持する。,2026-09-04
7,tsunami,津波浸水分布（令和4年度首都直下型地震等による東京の被害想定結果）,東京都総務局,CKAN metadata API + direct CSV download,https://www.opendata.metro.tokyo.lg.jp/soumu/9_niijimashikinejima_nannkaitorafucase6_toutatujikann.csv,新島・式根島_南海トラフ巨大地震_ケース6_到達時間,hazard_tsunami_arrival_新島_式根島_南海トラフ巨大地震_ケース6,Point (explicit CSV longitude/latitude),25176,ok,"area=新島・式根島; scenario=南海トラフ巨大地震_ケース6; metric=arrival; stored as an independent tsunami scenario layer. Published data are 10m mesh values, but this script does not infer cell polygons; it stores published coordinate points exactly.",2026-09-03T23:29:44+09:00,CC BY 4.0,https://portal.data.metro.tokyo.lg.jp/terms/,yes,yes,yes,confirmed,東京都総務局「津波浸水分布（令和4年度首都直下地震等による東京の被害想定結果）」を加工して作成,公開座標をGIS地物化。地域・指標・想定シナリオ別レイヤとして保持する。,2026-09-04
7,tsunami,津波浸水分布（令和4年度首都直下型地震等による東京の被害想定結果）,東京都総務局,CKAN metadata API + direct CSV download,https://www.opendata.metro.tokyo.lg.jp/soumu/10_niijimashikinejima_nannkaitorafucase6_tunamidaka.csv,新島・式根島_南海トラフ巨大地震_ケース6_津波高,hazard_tsunami_height_新島_式根島_南海トラフ巨大地震_ケース6,Point (explicit CSV longitude/latitude),25176,ok,"area=新島・式根島; scenario=南海トラフ巨大地震_ケース6; metric=height; stored as an independent tsunami scenario layer. Published data are 10m mesh values, but this script does not infer cell polygons; it stores published coordinate points exactly.",2026-09-03T23:29:44+09:00,CC BY 4.0,https://portal.data.metro.tokyo.lg.jp/terms/,yes,yes,yes,confirmed,東京都総務局「津波浸水分布（令和4年度首都直下地震等による東京の被害想定結果）」を加工して作成,公開座標をGIS地物化。地域・指標・想定シナリオ別レイヤとして保持する。,2026-09-04
7,tsunami,津波浸水分布（令和4年度首都直下型地震等による東京の被害想定結果）,東京都総務局,CKAN metadata API + direct CSV download,https://www.opendata.metro.tokyo.lg.jp/soumu/11_niijimashikinejima_nannkaitorafucase6_sinnsuisinn.csv,新島・式根島_南海トラフ巨大地震_ケース6_浸水深,hazard_tsunami_depth_新島_式根島_南海トラフ巨大地震_ケース6,Point (explicit CSV longitude/latitude),25176,ok,"area=新島・式根島; scenario=南海トラフ巨大地震_ケース6; metric=depth; stored as an independent tsunami scenario layer. Published data are 10m mesh values, but this script does not infer cell polygons; it stores published coordinate points exactly.",2026-09-03T23:29:45+09:00,CC BY 4.0,https://portal.data.metro.tokyo.lg.jp/terms/,yes,yes,yes,confirmed,東京都総務局「津波浸水分布（令和4年度首都直下地震等による東京の被害想定結果）」を加工して作成,公開座標をGIS地物化。地域・指標・想定シナリオ別レイヤとして保持する。,2026-09-04
7,tsunami,津波浸水分布（令和4年度首都直下型地震等による東京の被害想定結果）,東京都総務局,CKAN metadata API + direct CSV download,https://www.opendata.metro.tokyo.lg.jp/soumu/12_kozushima_nannkaitorafucase6_toutatujikann.csv,神津島_南海トラフ巨大地震_ケース6_到達時間,hazard_tsunami_arrival_神津島_南海トラフ巨大地震_ケース6,Point (explicit CSV longitude/latitude),12470,ok,"area=神津島; scenario=南海トラフ巨大地震_ケース6; metric=arrival; stored as an independent tsunami scenario layer. Published data are 10m mesh values, but this script does not infer cell polygons; it stores published coordinate points exactly.",2026-09-03T23:29:45+09:00,CC BY 4.0,https://portal.data.metro.tokyo.lg.jp/terms/,yes,yes,yes,confirmed,東京都総務局「津波浸水分布（令和4年度首都直下地震等による東京の被害想定結果）」を加工して作成,公開座標をGIS地物化。地域・指標・想定シナリオ別レイヤとして保持する。,2026-09-04
7,tsunami,津波浸水分布（令和4年度首都直下型地震等による東京の被害想定結果）,東京都総務局,CKAN metadata API + direct CSV download,https://www.opendata.metro.tokyo.lg.jp/soumu/13_kozushima_nannkaitorafucase6_tunamidaka.csv,神津島_南海トラフ巨大地震_ケース6_津波高,hazard_tsunami_height_神津島_南海トラフ巨大地震_ケース6,Point (explicit CSV longitude/latitude),12470,ok,"area=神津島; scenario=南海トラフ巨大地震_ケース6; metric=height; stored as an independent tsunami scenario layer. Published data are 10m mesh values, but this script does not infer cell polygons; it stores published coordinate points exactly.",2026-09-03T23:29:46+09:00,CC BY 4.0,https://portal.data.metro.tokyo.lg.jp/terms/,yes,yes,yes,confirmed,東京都総務局「津波浸水分布（令和4年度首都直下地震等による東京の被害想定結果）」を加工して作成,公開座標をGIS地物化。地域・指標・想定シナリオ別レイヤとして保持する。,2026-09-04
7,tsunami,津波浸水分布（令和4年度首都直下型地震等による東京の被害想定結果）,東京都総務局,CKAN metadata API + direct CSV download,https://www.opendata.metro.tokyo.lg.jp/soumu/14_kozushima_nannkaitorafucase6_sinnsuisinn.csv,神津島_南海トラフ巨大地震_ケース6_浸水深,hazard_tsunami_depth_神津島_南海トラフ巨大地震_ケース6,Point (explicit CSV longitude/latitude),12470,ok,"area=神津島; scenario=南海トラフ巨大地震_ケース6; metric=depth; stored as an independent tsunami scenario layer. Published data are 10m mesh values, but this script does not infer cell polygons; it stores published coordinate points exactly.",2026-09-03T23:29:46+09:00,CC BY 4.0,https://portal.data.metro.tokyo.lg.jp/terms/,yes,yes,yes,confirmed,東京都総務局「津波浸水分布（令和4年度首都直下地震等による東京の被害想定結果）」を加工して作成,公開座標をGIS地物化。地域・指標・想定シナリオ別レイヤとして保持する。,2026-09-04
7,tsunami,津波浸水分布（令和4年度首都直下型地震等による東京の被害想定結果）,東京都総務局,CKAN metadata API + direct CSV download,https://www.opendata.metro.tokyo.lg.jp/soumu/15_miyakejima_nannkaitorafucase6_toutatujikann.csv,三宅島_南海トラフ巨大地震_ケース6_到達時間,hazard_tsunami_arrival_三宅島_南海トラフ巨大地震_ケース6,Point (explicit CSV longitude/latitude),15406,ok,"area=三宅島; scenario=南海トラフ巨大地震_ケース6; metric=arrival; stored as an independent tsunami scenario layer. Published data are 10m mesh values, but this script does not infer cell polygons; it stores published coordinate points exactly.",2026-09-03T23:29:47+09:00,CC BY 4.0,https://portal.data.metro.tokyo.lg.jp/terms/,yes,yes,yes,confirmed,東京都総務局「津波浸水分布（令和4年度首都直下地震等による東京の被害想定結果）」を加工して作成,公開座標をGIS地物化。地域・指標・想定シナリオ別レイヤとして保持する。,2026-09-04
7,tsunami,津波浸水分布（令和4年度首都直下型地震等による東京の被害想定結果）,東京都総務局,CKAN metadata API + direct CSV download,https://www.opendata.metro.tokyo.lg.jp/soumu/16_miyakejima_nannkaitorafucase6_tunamidaka.csv,三宅島_南海トラフ巨大地震_ケース6_津波高,hazard_tsunami_height_三宅島_南海トラフ巨大地震_ケース6,Point (explicit CSV longitude/latitude),15406,ok,"area=三宅島; scenario=南海トラフ巨大地震_ケース6; metric=height; stored as an independent tsunami scenario layer. Published data are 10m mesh values, but this script does not infer cell polygons; it stores published coordinate points exactly.",2026-09-03T23:29:47+09:00,CC BY 4.0,https://portal.data.metro.tokyo.lg.jp/terms/,yes,yes,yes,confirmed,東京都総務局「津波浸水分布（令和4年度首都直下地震等による東京の被害想定結果）」を加工して作成,公開座標をGIS地物化。地域・指標・想定シナリオ別レイヤとして保持する。,2026-09-04
7,tsunami,津波浸水分布（令和4年度首都直下型地震等による東京の被害想定結果）,東京都総務局,CKAN metadata API + direct CSV download,https://www.opendata.metro.tokyo.lg.jp/soumu/17_miyakejima_nannkaitorafucase6_sinnsuisinn.csv,三宅島_南海トラフ巨大地震_ケース6_浸水深,hazard_tsunami_depth_三宅島_南海トラフ巨大地震_ケース6,Point (explicit CSV longitude/latitude),15406,ok,"area=三宅島; scenario=南海トラフ巨大地震_ケース6; metric=depth; stored as an independent tsunami scenario layer. Published data are 10m mesh values, but this script does not infer cell polygons; it stores published coordinate points exactly.",2026-09-03T23:29:47+09:00,CC BY 4.0,https://portal.data.metro.tokyo.lg.jp/terms/,yes,yes,yes,confirmed,東京都総務局「津波浸水分布（令和4年度首都直下地震等による東京の被害想定結果）」を加工して作成,公開座標をGIS地物化。地域・指標・想定シナリオ別レイヤとして保持する。,2026-09-04
7,tsunami,津波浸水分布（令和4年度首都直下型地震等による東京の被害想定結果）,東京都総務局,CKAN metadata API + direct CSV download,https://www.opendata.metro.tokyo.lg.jp/soumu/18_miakurajima_nannkaitorafucase6_toutatujikann.csv,御蔵島_南海トラフ巨大地震_ケース6_到達時間,hazard_tsunami_arrival_御蔵島_南海トラフ巨大地震_ケース6,Point (explicit CSV longitude/latitude),2759,ok,"area=御蔵島; scenario=南海トラフ巨大地震_ケース6; metric=arrival; stored as an independent tsunami scenario layer. Published data are 10m mesh values, but this script does not infer cell polygons; it stores published coordinate points exactly.",2026-09-03T23:29:48+09:00,CC BY 4.0,https://portal.data.metro.tokyo.lg.jp/terms/,yes,yes,yes,confirmed,東京都総務局「津波浸水分布（令和4年度首都直下地震等による東京の被害想定結果）」を加工して作成,公開座標をGIS地物化。地域・指標・想定シナリオ別レイヤとして保持する。,2026-09-04
7,tsunami,津波浸水分布（令和4年度首都直下型地震等による東京の被害想定結果）,東京都総務局,CKAN metadata API + direct CSV download,https://www.opendata.metro.tokyo.lg.jp/soumu/19_miakurajima_nannkaitorafucase6_tunamidaka.csv,御蔵島_南海トラフ巨大地震_ケース6_津波高,hazard_tsunami_height_御蔵島_南海トラフ巨大地震_ケース6,Point (explicit CSV longitude/latitude),2759,ok,"area=御蔵島; scenario=南海トラフ巨大地震_ケース6; metric=height; stored as an independent tsunami scenario layer. Published data are 10m mesh values, but this script does not infer cell polygons; it stores published coordinate points exactly.",2026-09-03T23:29:48+09:00,CC BY 4.0,https://portal.data.metro.tokyo.lg.jp/terms/,yes,yes,yes,confirmed,東京都総務局「津波浸水分布（令和4年度首都直下地震等による東京の被害想定結果）」を加工して作成,公開座標をGIS地物化。地域・指標・想定シナリオ別レイヤとして保持する。,2026-09-04
7,tsunami,津波浸水分布（令和4年度首都直下型地震等による東京の被害想定結果）,東京都総務局,CKAN metadata API + direct CSV download,https://www.opendata.metro.tokyo.lg.jp/soumu/20_miakurajima_nannkaitorafucase6_sinnsuisinn.csv,御蔵島_南海トラフ巨大地震_ケース6_浸水深,hazard_tsunami_depth_御蔵島_南海トラフ巨大地震_ケース6,Point (explicit CSV longitude/latitude),2759,ok,"area=御蔵島; scenario=南海トラフ巨大地震_ケース6; metric=depth; stored as an independent tsunami scenario layer. Published data are 10m mesh values, but this script does not infer cell polygons; it stores published coordinate points exactly.",2026-09-03T23:29:48+09:00,CC BY 4.0,https://portal.data.metro.tokyo.lg.jp/terms/,yes,yes,yes,confirmed,東京都総務局「津波浸水分布（令和4年度首都直下地震等による東京の被害想定結果）」を加工して作成,公開座標をGIS地物化。地域・指標・想定シナリオ別レイヤとして保持する。,2026-09-04
7,tsunami,津波浸水分布（令和4年度首都直下型地震等による東京の被害想定結果）,東京都総務局,CKAN metadata API + direct CSV download,https://www.opendata.metro.tokyo.lg.jp/soumu/21_hachijoujima_nannkaitorafucase6_toutatujikann.csv,八丈島_南海トラフ巨大地震_ケース6_到達時間,hazard_tsunami_arrival_八丈島_南海トラフ巨大地震_ケース6,Point (explicit CSV longitude/latitude),18150,ok,"area=八丈島; scenario=南海トラフ巨大地震_ケース6; metric=arrival; stored as an independent tsunami scenario layer. Published data are 10m mesh values, but this script does not infer cell polygons; it stores published coordinate points exactly.",2026-09-03T23:29:48+09:00,CC BY 4.0,https://portal.data.metro.tokyo.lg.jp/terms/,yes,yes,yes,confirmed,東京都総務局「津波浸水分布（令和4年度首都直下地震等による東京の被害想定結果）」を加工して作成,公開座標をGIS地物化。地域・指標・想定シナリオ別レイヤとして保持する。,2026-09-04
7,tsunami,津波浸水分布（令和4年度首都直下型地震等による東京の被害想定結果）,東京都総務局,CKAN metadata API + direct CSV download,https://www.opendata.metro.tokyo.lg.jp/soumu/22_hachijoujima_nannkaitorafucase6_tunamidaka.csv,八丈島_南海トラフ巨大地震_ケース6_津波高,hazard_tsunami_height_八丈島_南海トラフ巨大地震_ケース6,Point (explicit CSV longitude/latitude),18150,ok,"area=八丈島; scenario=南海トラフ巨大地震_ケース6; metric=height; stored as an independent tsunami scenario layer. Published data are 10m mesh values, but this script does not infer cell polygons; it stores published coordinate points exactly.",2026-09-03T23:29:49+09:00,CC BY 4.0,https://portal.data.metro.tokyo.lg.jp/terms/,yes,yes,yes,confirmed,東京都総務局「津波浸水分布（令和4年度首都直下地震等による東京の被害想定結果）」を加工して作成,公開座標をGIS地物化。地域・指標・想定シナリオ別レイヤとして保持する。,2026-09-04
7,tsunami,津波浸水分布（令和4年度首都直下型地震等による東京の被害想定結果）,東京都総務局,CKAN metadata API + direct CSV download,https://www.opendata.metro.tokyo.lg.jp/soumu/23_hachijoujima_nannkaitorafucase6_sinnsuisinn.csv,八丈島_南海トラフ巨大地震_ケース6_浸水深,hazard_tsunami_depth_八丈島_南海トラフ巨大地震_ケース6,Point (explicit CSV longitude/latitude),18150,ok,"area=八丈島; scenario=南海トラフ巨大地震_ケース6; metric=depth; stored as an independent tsunami scenario layer. Published data are 10m mesh values, but this script does not infer cell polygons; it stores published coordinate points exactly.",2026-09-03T23:29:49+09:00,CC BY 4.0,https://portal.data.metro.tokyo.lg.jp/terms/,yes,yes,yes,confirmed,東京都総務局「津波浸水分布（令和4年度首都直下地震等による東京の被害想定結果）」を加工して作成,公開座標をGIS地物化。地域・指標・想定シナリオ別レイヤとして保持する。,2026-09-04
7,tsunami,津波浸水分布（令和4年度首都直下型地震等による東京の被害想定結果）,東京都総務局,CKAN metadata API + direct CSV download,https://www.opendata.metro.tokyo.lg.jp/soumu/24_aogashima_nannkaitorafucase6_toutatujikann.csv,青ヶ島_南海トラフ巨大地震_ケース6_到達時間,hazard_tsunami_arrival_青ヶ島_南海トラフ巨大地震_ケース6,Point (explicit CSV longitude/latitude),2330,ok,"area=青ヶ島; scenario=南海トラフ巨大地震_ケース6; metric=arrival; stored as an independent tsunami scenario layer. Published data are 10m mesh values, but this script does not infer cell polygons; it stores published coordinate points exactly.",2026-09-03T23:29:50+09:00,CC BY 4.0,https://portal.data.metro.tokyo.lg.jp/terms/,yes,yes,yes,confirmed,東京都総務局「津波浸水分布（令和4年度首都直下地震等による東京の被害想定結果）」を加工して作成,公開座標をGIS地物化。地域・指標・想定シナリオ別レイヤとして保持する。,2026-09-04
7,tsunami,津波浸水分布（令和4年度首都直下型地震等による東京の被害想定結果）,東京都総務局,CKAN metadata API + direct CSV download,https://www.opendata.metro.tokyo.lg.jp/soumu/25_aogashima_nannkaitorafucase6_tunamidaka.csv,青ヶ島_南海トラフ巨大地震_ケース6_津波高,hazard_tsunami_height_青ヶ島_南海トラフ巨大地震_ケース6,Point (explicit CSV longitude/latitude),2330,ok,"area=青ヶ島; scenario=南海トラフ巨大地震_ケース6; metric=height; stored as an independent tsunami scenario layer. Published data are 10m mesh values, but this script does not infer cell polygons; it stores published coordinate points exactly.",2026-09-03T23:29:50+09:00,CC BY 4.0,https://portal.data.metro.tokyo.lg.jp/terms/,yes,yes,yes,confirmed,東京都総務局「津波浸水分布（令和4年度首都直下地震等による東京の被害想定結果）」を加工して作成,公開座標をGIS地物化。地域・指標・想定シナリオ別レイヤとして保持する。,2026-09-04
7,tsunami,津波浸水分布（令和4年度首都直下型地震等による東京の被害想定結果）,東京都総務局,CKAN metadata API + direct CSV download,https://www.opendata.metro.tokyo.lg.jp/soumu/26_aogashima_nannkaitorafucase6_sinnsuisinn.csv,青ヶ島_南海トラフ巨大地震_ケース6_浸水深,hazard_tsunami_depth_青ヶ島_南海トラフ巨大地震_ケース6,Point (explicit CSV longitude/latitude),2330,ok,"area=青ヶ島; scenario=南海トラフ巨大地震_ケース6; metric=depth; stored as an independent tsunami scenario layer. Published data are 10m mesh values, but this script does not infer cell polygons; it stores published coordinate points exactly.",2026-09-03T23:29:50+09:00,CC BY 4.0,https://portal.data.metro.tokyo.lg.jp/terms/,yes,yes,yes,confirmed,東京都総務局「津波浸水分布（令和4年度首都直下地震等による東京の被害想定結果）」を加工して作成,公開座標をGIS地物化。地域・指標・想定シナリオ別レイヤとして保持する。,2026-09-04
7,tsunami,津波浸水分布（令和4年度首都直下型地震等による東京の被害想定結果）,東京都総務局,CKAN metadata API + direct CSV download,https://www.opendata.metro.tokyo.lg.jp/soumu/27_chichijima_nannkaitorafucase6_toutatujikann.csv,父島_南海トラフ巨大地震_ケース6_到達時間,hazard_tsunami_arrival_父島_南海トラフ巨大地震_ケース6,Point (explicit CSV longitude/latitude),16701,ok,"area=父島; scenario=南海トラフ巨大地震_ケース6; metric=arrival; stored as an independent tsunami scenario layer. Published data are 10m mesh values, but this script does not infer cell polygons; it stores published coordinate points exactly.",2026-09-03T23:29:50+09:00,CC BY 4.0,https://portal.data.metro.tokyo.lg.jp/terms/,yes,yes,yes,confirmed,東京都総務局「津波浸水分布（令和4年度首都直下地震等による東京の被害想定結果）」を加工して作成,公開座標をGIS地物化。地域・指標・想定シナリオ別レイヤとして保持する。,2026-09-04
7,tsunami,津波浸水分布（令和4年度首都直下型地震等による東京の被害想定結果）,東京都総務局,CKAN metadata API + direct CSV download,https://www.opendata.metro.tokyo.lg.jp/soumu/28_chichijima_nannkaitorafucase6_tunamidaka.csv,父島_南海トラフ巨大地震_ケース6_津波高,hazard_tsunami_height_父島_南海トラフ巨大地震_ケース6,Point (explicit CSV longitude/latitude),16701,ok,"area=父島; scenario=南海トラフ巨大地震_ケース6; metric=height; stored as an independent tsunami scenario layer. Published data are 10m mesh values, but this script does not infer cell polygons; it stores published coordinate points exactly.",2026-09-03T23:29:51+09:00,CC BY 4.0,https://portal.data.metro.tokyo.lg.jp/terms/,yes,yes,yes,confirmed,東京都総務局「津波浸水分布（令和4年度首都直下地震等による東京の被害想定結果）」を加工して作成,公開座標をGIS地物化。地域・指標・想定シナリオ別レイヤとして保持する。,2026-09-04
7,tsunami,津波浸水分布（令和4年度首都直下型地震等による東京の被害想定結果）,東京都総務局,CKAN metadata API + direct CSV download,https://www.opendata.metro.tokyo.lg.jp/soumu/29_chichijima_nannkaitorafucase6_sinnsuisinn.csv,父島_南海トラフ巨大地震_ケース6_浸水深,hazard_tsunami_depth_父島_南海トラフ巨大地震_ケース6,Point (explicit CSV longitude/latitude),16701,ok,"area=父島; scenario=南海トラフ巨大地震_ケース6; metric=depth; stored as an independent tsunami scenario layer. Published data are 10m mesh values, but this script does not infer cell polygons; it stores published coordinate points exactly.",2026-09-03T23:29:51+09:00,CC BY 4.0,https://portal.data.metro.tokyo.lg.jp/terms/,yes,yes,yes,confirmed,東京都総務局「津波浸水分布（令和4年度首都直下地震等による東京の被害想定結果）」を加工して作成,公開座標をGIS地物化。地域・指標・想定シナリオ別レイヤとして保持する。,2026-09-04
7,tsunami,津波浸水分布（令和4年度首都直下型地震等による東京の被害想定結果）,東京都総務局,CKAN metadata API + direct CSV download,https://www.opendata.metro.tokyo.lg.jp/soumu/30_hahajima_nannkaitorafucase6_toutatujikann.csv,母島_南海トラフ巨大地震_ケース6_到達時間,hazard_tsunami_arrival_母島_南海トラフ巨大地震_ケース6,Point (explicit CSV longitude/latitude),6620,ok,"area=母島; scenario=南海トラフ巨大地震_ケース6; metric=arrival; stored as an independent tsunami scenario layer. Published data are 10m mesh values, but this script does not infer cell polygons; it stores published coordinate points exactly.",2026-09-03T23:29:52+09:00,CC BY 4.0,https://portal.data.metro.tokyo.lg.jp/terms/,yes,yes,yes,confirmed,東京都総務局「津波浸水分布（令和4年度首都直下地震等による東京の被害想定結果）」を加工して作成,公開座標をGIS地物化。地域・指標・想定シナリオ別レイヤとして保持する。,2026-09-04
7,tsunami,津波浸水分布（令和4年度首都直下型地震等による東京の被害想定結果）,東京都総務局,CKAN metadata API + direct CSV download,https://www.opendata.metro.tokyo.lg.jp/soumu/31_hahajima_nannkaitorafucase6_tunamidaka.csv,母島_南海トラフ巨大地震_ケース6_津波高,hazard_tsunami_height_母島_南海トラフ巨大地震_ケース6,Point (explicit CSV longitude/latitude),6620,ok,"area=母島; scenario=南海トラフ巨大地震_ケース6; metric=height; stored as an independent tsunami scenario layer. Published data are 10m mesh values, but this script does not infer cell polygons; it stores published coordinate points exactly.",2026-09-03T23:29:52+09:00,CC BY 4.0,https://portal.data.metro.tokyo.lg.jp/terms/,yes,yes,yes,confirmed,東京都総務局「津波浸水分布（令和4年度首都直下地震等による東京の被害想定結果）」を加工して作成,公開座標をGIS地物化。地域・指標・想定シナリオ別レイヤとして保持する。,2026-09-04
7,tsunami,津波浸水分布（令和4年度首都直下型地震等による東京の被害想定結果）,東京都総務局,CKAN metadata API + direct CSV download,https://www.opendata.metro.tokyo.lg.jp/soumu/32_hahajima_nannkaitorafucase6_sinnsuisinn.csv,母島_南海トラフ巨大地震_ケース6_浸水深,hazard_tsunami_depth_母島_南海トラフ巨大地震_ケース6,Point (explicit CSV longitude/latitude),6620,ok,"area=母島; scenario=南海トラフ巨大地震_ケース6; metric=depth; stored as an independent tsunami scenario layer. Published data are 10m mesh values, but this script does not infer cell polygons; it stores published coordinate points exactly.",2026-09-03T23:29:52+09:00,CC BY 4.0,https://portal.data.metro.tokyo.lg.jp/terms/,yes,yes,yes,confirmed,東京都総務局「津波浸水分布（令和4年度首都直下地震等による東京の被害想定結果）」を加工して作成,公開座標をGIS地物化。地域・指標・想定シナリオ別レイヤとして保持する。,2026-09-04
7,tsunami,津波浸水分布（令和4年度首都直下型地震等による東京の被害想定結果）,東京都総務局,CKAN metadata API + direct CSV download,https://www.opendata.metro.tokyo.lg.jp/soumu/0_kubu_nannkaitorafucase8_toutatujikann.csv,区部_南海トラフ巨大地震_ケース8_到達時間,hazard_tsunami_arrival_区部_南海トラフ巨大地震_ケース8,Point (explicit CSV longitude/latitude),45314,ok,"area=区部; scenario=南海トラフ巨大地震_ケース8; metric=arrival; stored as an independent tsunami scenario layer. Published data are 10m mesh values, but this script does not infer cell polygons; it stores published coordinate points exactly.",2026-09-03T23:29:53+09:00,CC BY 4.0,https://portal.data.metro.tokyo.lg.jp/terms/,yes,yes,yes,confirmed,東京都総務局「津波浸水分布（令和4年度首都直下地震等による東京の被害想定結果）」を加工して作成,公開座標をGIS地物化。地域・指標・想定シナリオ別レイヤとして保持する。,2026-09-04
7,tsunami,津波浸水分布（令和4年度首都直下型地震等による東京の被害想定結果）,東京都総務局,CKAN metadata API + direct CSV download,https://www.opendata.metro.tokyo.lg.jp/soumu/1_kubu_nannkaitorafucase8_tunamidaka.csv,区部_南海トラフ巨大地震_ケース8_津波高,hazard_tsunami_height_区部_南海トラフ巨大地震_ケース8,Point (explicit CSV longitude/latitude),45314,ok,"area=区部; scenario=南海トラフ巨大地震_ケース8; metric=height; stored as an independent tsunami scenario layer. Published data are 10m mesh values, but this script does not infer cell polygons; it stores published coordinate points exactly.",2026-09-03T23:29:54+09:00,CC BY 4.0,https://portal.data.metro.tokyo.lg.jp/terms/,yes,yes,yes,confirmed,東京都総務局「津波浸水分布（令和4年度首都直下地震等による東京の被害想定結果）」を加工して作成,公開座標をGIS地物化。地域・指標・想定シナリオ別レイヤとして保持する。,2026-09-04
7,tsunami,津波浸水分布（令和4年度首都直下型地震等による東京の被害想定結果）,東京都総務局,CKAN metadata API + direct CSV download,https://www.opendata.metro.tokyo.lg.jp/soumu/2_kubu_nannkaitorafucase8_sinnsuisinn.csv,区部_南海トラフ巨大地震_ケース8_浸水深,hazard_tsunami_depth_区部_南海トラフ巨大地震_ケース8,Point (explicit CSV longitude/latitude),45314,ok,"area=区部; scenario=南海トラフ巨大地震_ケース8; metric=depth; stored as an independent tsunami scenario layer. Published data are 10m mesh values, but this script does not infer cell polygons; it stores published coordinate points exactly.",2026-09-03T23:29:56+09:00,CC BY 4.0,https://portal.data.metro.tokyo.lg.jp/terms/,yes,yes,yes,confirmed,東京都総務局「津波浸水分布（令和4年度首都直下地震等による東京の被害想定結果）」を加工して作成,公開座標をGIS地物化。地域・指標・想定シナリオ別レイヤとして保持する。,2026-09-04
7,tsunami,津波浸水分布（令和4年度首都直下型地震等による東京の被害想定結果）,東京都総務局,CKAN metadata API + direct CSV download,https://www.opendata.metro.tokyo.lg.jp/soumu/3_oshima_nannkaitorafucase8_toutatujikann.csv,大島_南海トラフ巨大地震_ケース8_到達時間,hazard_tsunami_arrival_大島_南海トラフ巨大地震_ケース8,Point (explicit CSV longitude/latitude),13792,ok,"area=大島; scenario=南海トラフ巨大地震_ケース8; metric=arrival; stored as an independent tsunami scenario layer. Published data are 10m mesh values, but this script does not infer cell polygons; it stores published coordinate points exactly.",2026-09-03T23:29:56+09:00,CC BY 4.0,https://portal.data.metro.tokyo.lg.jp/terms/,yes,yes,yes,confirmed,東京都総務局「津波浸水分布（令和4年度首都直下地震等による東京の被害想定結果）」を加工して作成,公開座標をGIS地物化。地域・指標・想定シナリオ別レイヤとして保持する。,2026-09-04
7,tsunami,津波浸水分布（令和4年度首都直下型地震等による東京の被害想定結果）,東京都総務局,CKAN metadata API + direct CSV download,https://www.opendata.metro.tokyo.lg.jp/soumu/4_oshima_nannkaitorafucase8_tunamidaka.csv,大島_南海トラフ巨大地震_ケース8_津波高,hazard_tsunami_height_大島_南海トラフ巨大地震_ケース8,Point (explicit CSV longitude/latitude),13792,ok,"area=大島; scenario=南海トラフ巨大地震_ケース8; metric=height; stored as an independent tsunami scenario layer. Published data are 10m mesh values, but this script does not infer cell polygons; it stores published coordinate points exactly.",2026-09-03T23:29:56+09:00,CC BY 4.0,https://portal.data.metro.tokyo.lg.jp/terms/,yes,yes,yes,confirmed,東京都総務局「津波浸水分布（令和4年度首都直下地震等による東京の被害想定結果）」を加工して作成,公開座標をGIS地物化。地域・指標・想定シナリオ別レイヤとして保持する。,2026-09-04
7,tsunami,津波浸水分布（令和4年度首都直下型地震等による東京の被害想定結果）,東京都総務局,CKAN metadata API + direct CSV download,https://www.opendata.metro.tokyo.lg.jp/soumu/5_oshima_nannkaitorafucase8_sinnsuisinn.csv,大島_南海トラフ巨大地震_ケース8_浸水深,hazard_tsunami_depth_大島_南海トラフ巨大地震_ケース8,Point (explicit CSV longitude/latitude),13792,ok,"area=大島; scenario=南海トラフ巨大地震_ケース8; metric=depth; stored as an independent tsunami scenario layer. Published data are 10m mesh values, but this script does not infer cell polygons; it stores published coordinate points exactly.",2026-09-03T23:29:57+09:00,CC BY 4.0,https://portal.data.metro.tokyo.lg.jp/terms/,yes,yes,yes,confirmed,東京都総務局「津波浸水分布（令和4年度首都直下地震等による東京の被害想定結果）」を加工して作成,公開座標をGIS地物化。地域・指標・想定シナリオ別レイヤとして保持する。,2026-09-04
7,tsunami,津波浸水分布（令和4年度首都直下型地震等による東京の被害想定結果）,東京都総務局,CKAN metadata API + direct CSV download,https://www.opendata.metro.tokyo.lg.jp/soumu/6_toshima_nannkaitorafucase8_toutatujikann.csv,利島_南海トラフ巨大地震_ケース8_到達時間,hazard_tsunami_arrival_利島_南海トラフ巨大地震_ケース8,Point (explicit CSV longitude/latitude),2430,ok,"area=利島; scenario=南海トラフ巨大地震_ケース8; metric=arrival; stored as an independent tsunami scenario layer. Published data are 10m mesh values, but this script does not infer cell polygons; it stores published coordinate points exactly.",2026-09-03T23:29:57+09:00,CC BY 4.0,https://portal.data.metro.tokyo.lg.jp/terms/,yes,yes,yes,confirmed,東京都総務局「津波浸水分布（令和4年度首都直下地震等による東京の被害想定結果）」を加工して作成,公開座標をGIS地物化。地域・指標・想定シナリオ別レイヤとして保持する。,2026-09-04
7,tsunami,津波浸水分布（令和4年度首都直下型地震等による東京の被害想定結果）,東京都総務局,CKAN metadata API + direct CSV download,https://www.opendata.metro.tokyo.lg.jp/soumu/7_toshima_nannkaitorafucase8_tunamidaka.csv,利島_南海トラフ巨大地震_ケース8_津波高,hazard_tsunami_height_利島_南海トラフ巨大地震_ケース8,Point (explicit CSV longitude/latitude),2430,ok,"area=利島; scenario=南海トラフ巨大地震_ケース8; metric=height; stored as an independent tsunami scenario layer. Published data are 10m mesh values, but this script does not infer cell polygons; it stores published coordinate points exactly.",2026-09-03T23:29:57+09:00,CC BY 4.0,https://portal.data.metro.tokyo.lg.jp/terms/,yes,yes,yes,confirmed,東京都総務局「津波浸水分布（令和4年度首都直下地震等による東京の被害想定結果）」を加工して作成,公開座標をGIS地物化。地域・指標・想定シナリオ別レイヤとして保持する。,2026-09-04
7,tsunami,津波浸水分布（令和4年度首都直下型地震等による東京の被害想定結果）,東京都総務局,CKAN metadata API + direct CSV download,https://www.opendata.metro.tokyo.lg.jp/soumu/8_toshima_nannkaitorafucase8_sinnsuisinn.csv,利島_南海トラフ巨大地震_ケース8_浸水深,hazard_tsunami_depth_利島_南海トラフ巨大地震_ケース8,Point (explicit CSV longitude/latitude),2430,ok,"area=利島; scenario=南海トラフ巨大地震_ケース8; metric=depth; stored as an independent tsunami scenario layer. Published data are 10m mesh values, but this script does not infer cell polygons; it stores published coordinate points exactly.",2026-09-03T23:29:57+09:00,CC BY 4.0,https://portal.data.metro.tokyo.lg.jp/terms/,yes,yes,yes,confirmed,東京都総務局「津波浸水分布（令和4年度首都直下地震等による東京の被害想定結果）」を加工して作成,公開座標をGIS地物化。地域・指標・想定シナリオ別レイヤとして保持する。,2026-09-04
7,tsunami,津波浸水分布（令和4年度首都直下型地震等による東京の被害想定結果）,東京都総務局,CKAN metadata API + direct CSV download,https://www.opendata.metro.tokyo.lg.jp/soumu/9_niijimashikinejima_nannkaitorafucase8_toutatujikann.csv,新島・式根島_南海トラフ巨大地震_ケース8_到達時間,hazard_tsunami_arrival_新島_式根島_南海トラフ巨大地震_ケース8,Point (explicit CSV longitude/latitude),25266,ok,"area=新島・式根島; scenario=南海トラフ巨大地震_ケース8; metric=arrival; stored as an independent tsunami scenario layer. Published data are 10m mesh values, but this script does not infer cell polygons; it stores published coordinate points exactly.",2026-09-03T23:29:58+09:00,CC BY 4.0,https://portal.data.metro.tokyo.lg.jp/terms/,yes,yes,yes,confirmed,東京都総務局「津波浸水分布（令和4年度首都直下地震等による東京の被害想定結果）」を加工して作成,公開座標をGIS地物化。地域・指標・想定シナリオ別レイヤとして保持する。,2026-09-04
7,tsunami,津波浸水分布（令和4年度首都直下型地震等による東京の被害想定結果）,東京都総務局,CKAN metadata API + direct CSV download,https://www.opendata.metro.tokyo.lg.jp/soumu/10_niijimashikinejima_nannkaitorafucase8_tunamidaka.csv,新島・式根島_南海トラフ巨大地震_ケース8_津波高,hazard_tsunami_height_新島_式根島_南海トラフ巨大地震_ケース8,Point (explicit CSV longitude/latitude),25266,ok,"area=新島・式根島; scenario=南海トラフ巨大地震_ケース8; metric=height; stored as an independent tsunami scenario layer. Published data are 10m mesh values, but this script does not infer cell polygons; it stores published coordinate points exactly.",2026-09-03T23:29:59+09:00,CC BY 4.0,https://portal.data.metro.tokyo.lg.jp/terms/,yes,yes,yes,confirmed,東京都総務局「津波浸水分布（令和4年度首都直下地震等による東京の被害想定結果）」を加工して作成,公開座標をGIS地物化。地域・指標・想定シナリオ別レイヤとして保持する。,2026-09-04
7,tsunami,津波浸水分布（令和4年度首都直下型地震等による東京の被害想定結果）,東京都総務局,CKAN metadata API + direct CSV download,https://www.opendata.metro.tokyo.lg.jp/soumu/11_niijimashikinejima_nannkaitorafucase8_sinnsuisinn.csv,新島・式根島_南海トラフ巨大地震_ケース8_浸水深,hazard_tsunami_depth_新島_式根島_南海トラフ巨大地震_ケース8,Point (explicit CSV longitude/latitude),25266,ok,"area=新島・式根島; scenario=南海トラフ巨大地震_ケース8; metric=depth; stored as an independent tsunami scenario layer. Published data are 10m mesh values, but this script does not infer cell polygons; it stores published coordinate points exactly.",2026-09-03T23:30:00+09:00,CC BY 4.0,https://portal.data.metro.tokyo.lg.jp/terms/,yes,yes,yes,confirmed,東京都総務局「津波浸水分布（令和4年度首都直下地震等による東京の被害想定結果）」を加工して作成,公開座標をGIS地物化。地域・指標・想定シナリオ別レイヤとして保持する。,2026-09-04
7,tsunami,津波浸水分布（令和4年度首都直下型地震等による東京の被害想定結果）,東京都総務局,CKAN metadata API + direct CSV download,https://www.opendata.metro.tokyo.lg.jp/soumu/12_kozushima_nannkaitorafucase8_toutatujikann.csv,神津島_南海トラフ巨大地震_ケース8_到達時間,hazard_tsunami_arrival_神津島_南海トラフ巨大地震_ケース8,Point (explicit CSV longitude/latitude),12325,ok,"area=神津島; scenario=南海トラフ巨大地震_ケース8; metric=arrival; stored as an independent tsunami scenario layer. Published data are 10m mesh values, but this script does not infer cell polygons; it stores published coordinate points exactly.",2026-09-03T23:30:00+09:00,CC BY 4.0,https://portal.data.metro.tokyo.lg.jp/terms/,yes,yes,yes,confirmed,東京都総務局「津波浸水分布（令和4年度首都直下地震等による東京の被害想定結果）」を加工して作成,公開座標をGIS地物化。地域・指標・想定シナリオ別レイヤとして保持する。,2026-09-04
7,tsunami,津波浸水分布（令和4年度首都直下型地震等による東京の被害想定結果）,東京都総務局,CKAN metadata API + direct CSV download,https://www.opendata.metro.tokyo.lg.jp/soumu/13_kozushima_nannkaitorafucase8_tunamidaka.csv,神津島_南海トラフ巨大地震_ケース8_津波高,hazard_tsunami_height_神津島_南海トラフ巨大地震_ケース8,Point (explicit CSV longitude/latitude),12325,ok,"area=神津島; scenario=南海トラフ巨大地震_ケース8; metric=height; stored as an independent tsunami scenario layer. Published data are 10m mesh values, but this script does not infer cell polygons; it stores published coordinate points exactly.",2026-09-03T23:30:00+09:00,CC BY 4.0,https://portal.data.metro.tokyo.lg.jp/terms/,yes,yes,yes,confirmed,東京都総務局「津波浸水分布（令和4年度首都直下地震等による東京の被害想定結果）」を加工して作成,公開座標をGIS地物化。地域・指標・想定シナリオ別レイヤとして保持する。,2026-09-04
7,tsunami,津波浸水分布（令和4年度首都直下型地震等による東京の被害想定結果）,東京都総務局,CKAN metadata API + direct CSV download,https://www.opendata.metro.tokyo.lg.jp/soumu/14_kozushima_nannkaitorafucase8_sinnsuisinn.csv,神津島_南海トラフ巨大地震_ケース8_浸水深,hazard_tsunami_depth_神津島_南海トラフ巨大地震_ケース8,Point (explicit CSV longitude/latitude),12325,ok,"area=神津島; scenario=南海トラフ巨大地震_ケース8; metric=depth; stored as an independent tsunami scenario layer. Published data are 10m mesh values, but this script does not infer cell polygons; it stores published coordinate points exactly.",2026-09-03T23:30:01+09:00,CC BY 4.0,https://portal.data.metro.tokyo.lg.jp/terms/,yes,yes,yes,confirmed,東京都総務局「津波浸水分布（令和4年度首都直下地震等による東京の被害想定結果）」を加工して作成,公開座標をGIS地物化。地域・指標・想定シナリオ別レイヤとして保持する。,2026-09-04
7,tsunami,津波浸水分布（令和4年度首都直下型地震等による東京の被害想定結果）,東京都総務局,CKAN metadata API + direct CSV download,https://www.opendata.metro.tokyo.lg.jp/soumu/15_miyakejima_nannkaitorafucase8_toutatujikann.csv,三宅島_南海トラフ巨大地震_ケース8_到達時間,hazard_tsunami_arrival_三宅島_南海トラフ巨大地震_ケース8,Point (explicit CSV longitude/latitude),15435,ok,"area=三宅島; scenario=南海トラフ巨大地震_ケース8; metric=arrival; stored as an independent tsunami scenario layer. Published data are 10m mesh values, but this script does not infer cell polygons; it stores published coordinate points exactly.",2026-09-03T23:30:01+09:00,CC BY 4.0,https://portal.data.metro.tokyo.lg.jp/terms/,yes,yes,yes,confirmed,東京都総務局「津波浸水分布（令和4年度首都直下地震等による東京の被害想定結果）」を加工して作成,公開座標をGIS地物化。地域・指標・想定シナリオ別レイヤとして保持する。,2026-09-04
7,tsunami,津波浸水分布（令和4年度首都直下型地震等による東京の被害想定結果）,東京都総務局,CKAN metadata API + direct CSV download,https://www.opendata.metro.tokyo.lg.jp/soumu/16_miyakejima_nannkaitorafucase8_tunamidaka.csv,三宅島_南海トラフ巨大地震_ケース8_津波高,hazard_tsunami_height_三宅島_南海トラフ巨大地震_ケース8,Point (explicit CSV longitude/latitude),15435,ok,"area=三宅島; scenario=南海トラフ巨大地震_ケース8; metric=height; stored as an independent tsunami scenario layer. Published data are 10m mesh values, but this script does not infer cell polygons; it stores published coordinate points exactly.",2026-09-03T23:30:02+09:00,CC BY 4.0,https://portal.data.metro.tokyo.lg.jp/terms/,yes,yes,yes,confirmed,東京都総務局「津波浸水分布（令和4年度首都直下地震等による東京の被害想定結果）」を加工して作成,公開座標をGIS地物化。地域・指標・想定シナリオ別レイヤとして保持する。,2026-09-04
7,tsunami,津波浸水分布（令和4年度首都直下型地震等による東京の被害想定結果）,東京都総務局,CKAN metadata API + direct CSV download,https://www.opendata.metro.tokyo.lg.jp/soumu/17_miyakejima_nannkaitorafucase8_sinnsuisinn.csv,三宅島_南海トラフ巨大地震_ケース8_浸水深,hazard_tsunami_depth_三宅島_南海トラフ巨大地震_ケース8,Point (explicit CSV longitude/latitude),15435,ok,"area=三宅島; scenario=南海トラフ巨大地震_ケース8; metric=depth; stored as an independent tsunami scenario layer. Published data are 10m mesh values, but this script does not infer cell polygons; it stores published coordinate points exactly.",2026-09-03T23:30:02+09:00,CC BY 4.0,https://portal.data.metro.tokyo.lg.jp/terms/,yes,yes,yes,confirmed,東京都総務局「津波浸水分布（令和4年度首都直下地震等による東京の被害想定結果）」を加工して作成,公開座標をGIS地物化。地域・指標・想定シナリオ別レイヤとして保持する。,2026-09-04
7,tsunami,津波浸水分布（令和4年度首都直下型地震等による東京の被害想定結果）,東京都総務局,CKAN metadata API + direct CSV download,https://www.opendata.metro.tokyo.lg.jp/soumu/18_miakurajima_nannkaitorafucase8_toutatujikann.csv,御蔵島_南海トラフ巨大地震_ケース8_到達時間,hazard_tsunami_arrival_御蔵島_南海トラフ巨大地震_ケース8,Point (explicit CSV longitude/latitude),2808,ok,"area=御蔵島; scenario=南海トラフ巨大地震_ケース8; metric=arrival; stored as an independent tsunami scenario layer. Published data are 10m mesh values, but this script does not infer cell polygons; it stores published coordinate points exactly.",2026-09-03T23:30:03+09:00,CC BY 4.0,https://portal.data.metro.tokyo.lg.jp/terms/,yes,yes,yes,confirmed,東京都総務局「津波浸水分布（令和4年度首都直下地震等による東京の被害想定結果）」を加工して作成,公開座標をGIS地物化。地域・指標・想定シナリオ別レイヤとして保持する。,2026-09-04
7,tsunami,津波浸水分布（令和4年度首都直下型地震等による東京の被害想定結果）,東京都総務局,CKAN metadata API + direct CSV download,https://www.opendata.metro.tokyo.lg.jp/soumu/19_miakurajima_nannkaitorafucase8_tunamidaka.csv,御蔵島_南海トラフ巨大地震_ケース8_津波高,hazard_tsunami_height_御蔵島_南海トラフ巨大地震_ケース8,Point (explicit CSV longitude/latitude),2808,ok,"area=御蔵島; scenario=南海トラフ巨大地震_ケース8; metric=height; stored as an independent tsunami scenario layer. Published data are 10m mesh values, but this script does not infer cell polygons; it stores published coordinate points exactly.",2026-09-03T23:30:03+09:00,CC BY 4.0,https://portal.data.metro.tokyo.lg.jp/terms/,yes,yes,yes,confirmed,東京都総務局「津波浸水分布（令和4年度首都直下地震等による東京の被害想定結果）」を加工して作成,公開座標をGIS地物化。地域・指標・想定シナリオ別レイヤとして保持する。,2026-09-04
7,tsunami,津波浸水分布（令和4年度首都直下型地震等による東京の被害想定結果）,東京都総務局,CKAN metadata API + direct CSV download,https://www.opendata.metro.tokyo.lg.jp/soumu/20_miakurajima_nannkaitorafucase8_sinnsuisinn.csv,御蔵島_南海トラフ巨大地震_ケース8_浸水深,hazard_tsunami_depth_御蔵島_南海トラフ巨大地震_ケース8,Point (explicit CSV longitude/latitude),2808,ok,"area=御蔵島; scenario=南海トラフ巨大地震_ケース8; metric=depth; stored as an independent tsunami scenario layer. Published data are 10m mesh values, but this script does not infer cell polygons; it stores published coordinate points exactly.",2026-09-03T23:30:03+09:00,CC BY 4.0,https://portal.data.metro.tokyo.lg.jp/terms/,yes,yes,yes,confirmed,東京都総務局「津波浸水分布（令和4年度首都直下地震等による東京の被害想定結果）」を加工して作成,公開座標をGIS地物化。地域・指標・想定シナリオ別レイヤとして保持する。,2026-09-04
7,tsunami,津波浸水分布（令和4年度首都直下型地震等による東京の被害想定結果）,東京都総務局,CKAN metadata API + direct CSV download,https://www.opendata.metro.tokyo.lg.jp/soumu/21_hachijoujima_nannkaitorafucase8_toutatujikann.csv,八丈島_南海トラフ巨大地震_ケース8_到達時間,hazard_tsunami_arrival_八丈島_南海トラフ巨大地震_ケース8,Point (explicit CSV longitude/latitude),13414,ok,"area=八丈島; scenario=南海トラフ巨大地震_ケース8; metric=arrival; stored as an independent tsunami scenario layer. Published data are 10m mesh values, but this script does not infer cell polygons; it stores published coordinate points exactly.",2026-09-03T23:30:03+09:00,CC BY 4.0,https://portal.data.metro.tokyo.lg.jp/terms/,yes,yes,yes,confirmed,東京都総務局「津波浸水分布（令和4年度首都直下地震等による東京の被害想定結果）」を加工して作成,公開座標をGIS地物化。地域・指標・想定シナリオ別レイヤとして保持する。,2026-09-04
7,tsunami,津波浸水分布（令和4年度首都直下型地震等による東京の被害想定結果）,東京都総務局,CKAN metadata API + direct CSV download,https://www.opendata.metro.tokyo.lg.jp/soumu/22_hachijoujima_nannkaitorafucase8_tunamidaka.csv,八丈島_南海トラフ巨大地震_ケース8_津波高,hazard_tsunami_height_八丈島_南海トラフ巨大地震_ケース8,Point (explicit CSV longitude/latitude),13414,ok,"area=八丈島; scenario=南海トラフ巨大地震_ケース8; metric=height; stored as an independent tsunami scenario layer. Published data are 10m mesh values, but this script does not infer cell polygons; it stores published coordinate points exactly.",2026-09-03T23:30:04+09:00,CC BY 4.0,https://portal.data.metro.tokyo.lg.jp/terms/,yes,yes,yes,confirmed,東京都総務局「津波浸水分布（令和4年度首都直下地震等による東京の被害想定結果）」を加工して作成,公開座標をGIS地物化。地域・指標・想定シナリオ別レイヤとして保持する。,2026-09-04
7,tsunami,津波浸水分布（令和4年度首都直下型地震等による東京の被害想定結果）,東京都総務局,CKAN metadata API + direct CSV download,https://www.opendata.metro.tokyo.lg.jp/soumu/23_hachijoujima_nannkaitorafucase8_sinnsuisinn.csv,八丈島_南海トラフ巨大地震_ケース8_浸水深,hazard_tsunami_depth_八丈島_南海トラフ巨大地震_ケース8,Point (explicit CSV longitude/latitude),13414,ok,"area=八丈島; scenario=南海トラフ巨大地震_ケース8; metric=depth; stored as an independent tsunami scenario layer. Published data are 10m mesh values, but this script does not infer cell polygons; it stores published coordinate points exactly.",2026-09-03T23:30:04+09:00,CC BY 4.0,https://portal.data.metro.tokyo.lg.jp/terms/,yes,yes,yes,confirmed,東京都総務局「津波浸水分布（令和4年度首都直下地震等による東京の被害想定結果）」を加工して作成,公開座標をGIS地物化。地域・指標・想定シナリオ別レイヤとして保持する。,2026-09-04
7,tsunami,津波浸水分布（令和4年度首都直下型地震等による東京の被害想定結果）,東京都総務局,CKAN metadata API + direct CSV download,https://www.opendata.metro.tokyo.lg.jp/soumu/24_aogashima_nannkaitorafucase8_toutatujikann.csv,青ヶ島_南海トラフ巨大地震_ケース8_到達時間,hazard_tsunami_arrival_青ヶ島_南海トラフ巨大地震_ケース8,Point (explicit CSV longitude/latitude),1855,ok,"area=青ヶ島; scenario=南海トラフ巨大地震_ケース8; metric=arrival; stored as an independent tsunami scenario layer. Published data are 10m mesh values, but this script does not infer cell polygons; it stores published coordinate points exactly.",2026-09-03T23:30:05+09:00,CC BY 4.0,https://portal.data.metro.tokyo.lg.jp/terms/,yes,yes,yes,confirmed,東京都総務局「津波浸水分布（令和4年度首都直下地震等による東京の被害想定結果）」を加工して作成,公開座標をGIS地物化。地域・指標・想定シナリオ別レイヤとして保持する。,2026-09-04
7,tsunami,津波浸水分布（令和4年度首都直下型地震等による東京の被害想定結果）,東京都総務局,CKAN metadata API + direct CSV download,https://www.opendata.metro.tokyo.lg.jp/soumu/25_aogashima_nannkaitorafucase8_tunamidaka.csv,青ヶ島_南海トラフ巨大地震_ケース8_津波高,hazard_tsunami_height_青ヶ島_南海トラフ巨大地震_ケース8,Point (explicit CSV longitude/latitude),1855,ok,"area=青ヶ島; scenario=南海トラフ巨大地震_ケース8; metric=height; stored as an independent tsunami scenario layer. Published data are 10m mesh values, but this script does not infer cell polygons; it stores published coordinate points exactly.",2026-09-03T23:30:05+09:00,CC BY 4.0,https://portal.data.metro.tokyo.lg.jp/terms/,yes,yes,yes,confirmed,東京都総務局「津波浸水分布（令和4年度首都直下地震等による東京の被害想定結果）」を加工して作成,公開座標をGIS地物化。地域・指標・想定シナリオ別レイヤとして保持する。,2026-09-04
7,tsunami,津波浸水分布（令和4年度首都直下型地震等による東京の被害想定結果）,東京都総務局,CKAN metadata API + direct CSV download,https://www.opendata.metro.tokyo.lg.jp/soumu/26_aogashima_nannkaitorafucase8_sinnsuisinn.csv,青ヶ島_南海トラフ巨大地震_ケース8_浸水深,hazard_tsunami_depth_青ヶ島_南海トラフ巨大地震_ケース8,Point (explicit CSV longitude/latitude),1855,ok,"area=青ヶ島; scenario=南海トラフ巨大地震_ケース8; metric=depth; stored as an independent tsunami scenario layer. Published data are 10m mesh values, but this script does not infer cell polygons; it stores published coordinate points exactly.",2026-09-03T23:30:05+09:00,CC BY 4.0,https://portal.data.metro.tokyo.lg.jp/terms/,yes,yes,yes,confirmed,東京都総務局「津波浸水分布（令和4年度首都直下地震等による東京の被害想定結果）」を加工して作成,公開座標をGIS地物化。地域・指標・想定シナリオ別レイヤとして保持する。,2026-09-04
7,tsunami,津波浸水分布（令和4年度首都直下型地震等による東京の被害想定結果）,東京都総務局,CKAN metadata API + direct CSV download,https://www.opendata.metro.tokyo.lg.jp/soumu/27_chichijima_nannkaitorafucase8_toutatujikann.csv,父島_南海トラフ巨大地震_ケース8_到達時間,hazard_tsunami_arrival_父島_南海トラフ巨大地震_ケース8,Point (explicit CSV longitude/latitude),13539,ok,"area=父島; scenario=南海トラフ巨大地震_ケース8; metric=arrival; stored as an independent tsunami scenario layer. Published data are 10m mesh values, but this script does not infer cell polygons; it stores published coordinate points exactly.",2026-09-03T23:30:05+09:00,CC BY 4.0,https://portal.data.metro.tokyo.lg.jp/terms/,yes,yes,yes,confirmed,東京都総務局「津波浸水分布（令和4年度首都直下地震等による東京の被害想定結果）」を加工して作成,公開座標をGIS地物化。地域・指標・想定シナリオ別レイヤとして保持する。,2026-09-04
7,tsunami,津波浸水分布（令和4年度首都直下型地震等による東京の被害想定結果）,東京都総務局,CKAN metadata API + direct CSV download,https://www.opendata.metro.tokyo.lg.jp/soumu/28_chichijima_nannkaitorafucase8_tunamidaka.csv,父島_南海トラフ巨大地震_ケース8_津波高,hazard_tsunami_height_父島_南海トラフ巨大地震_ケース8,Point (explicit CSV longitude/latitude),13539,ok,"area=父島; scenario=南海トラフ巨大地震_ケース8; metric=height; stored as an independent tsunami scenario layer. Published data are 10m mesh values, but this script does not infer cell polygons; it stores published coordinate points exactly.",2026-09-03T23:30:06+09:00,CC BY 4.0,https://portal.data.metro.tokyo.lg.jp/terms/,yes,yes,yes,confirmed,東京都総務局「津波浸水分布（令和4年度首都直下地震等による東京の被害想定結果）」を加工して作成,公開座標をGIS地物化。地域・指標・想定シナリオ別レイヤとして保持する。,2026-09-04
7,tsunami,津波浸水分布（令和4年度首都直下型地震等による東京の被害想定結果）,東京都総務局,CKAN metadata API + direct CSV download,https://www.opendata.metro.tokyo.lg.jp/soumu/29_chichijima_nannkaitorafucase8_sinnsuisinn.csv,父島_南海トラフ巨大地震_ケース8_浸水深,hazard_tsunami_depth_父島_南海トラフ巨大地震_ケース8,Point (explicit CSV longitude/latitude),13539,ok,"area=父島; scenario=南海トラフ巨大地震_ケース8; metric=depth; stored as an independent tsunami scenario layer. Published data are 10m mesh values, but this script does not infer cell polygons; it stores published coordinate points exactly.",2026-09-03T23:30:06+09:00,CC BY 4.0,https://portal.data.metro.tokyo.lg.jp/terms/,yes,yes,yes,confirmed,東京都総務局「津波浸水分布（令和4年度首都直下地震等による東京の被害想定結果）」を加工して作成,公開座標をGIS地物化。地域・指標・想定シナリオ別レイヤとして保持する。,2026-09-04
7,tsunami,津波浸水分布（令和4年度首都直下型地震等による東京の被害想定結果）,東京都総務局,CKAN metadata API + direct CSV download,https://www.opendata.metro.tokyo.lg.jp/soumu/30_hahajima_nannkaitorafucase8_toutatujikann.csv,母島_南海トラフ巨大地震_ケース8_到達時間,hazard_tsunami_arrival_母島_南海トラフ巨大地震_ケース8,Point (explicit CSV longitude/latitude),6595,ok,"area=母島; scenario=南海トラフ巨大地震_ケース8; metric=arrival; stored as an independent tsunami scenario layer. Published data are 10m mesh values, but this script does not infer cell polygons; it stores published coordinate points exactly.",2026-09-03T23:30:07+09:00,CC BY 4.0,https://portal.data.metro.tokyo.lg.jp/terms/,yes,yes,yes,confirmed,東京都総務局「津波浸水分布（令和4年度首都直下地震等による東京の被害想定結果）」を加工して作成,公開座標をGIS地物化。地域・指標・想定シナリオ別レイヤとして保持する。,2026-09-04
7,tsunami,津波浸水分布（令和4年度首都直下型地震等による東京の被害想定結果）,東京都総務局,CKAN metadata API + direct CSV download,https://www.opendata.metro.tokyo.lg.jp/soumu/31_hahajima_nannkaitorafucase8_tunamidaka.csv,母島_南海トラフ巨大地震_ケース8_津波高,hazard_tsunami_height_母島_南海トラフ巨大地震_ケース8,Point (explicit CSV longitude/latitude),6595,ok,"area=母島; scenario=南海トラフ巨大地震_ケース8; metric=height; stored as an independent tsunami scenario layer. Published data are 10m mesh values, but this script does not infer cell polygons; it stores published coordinate points exactly.",2026-09-03T23:30:07+09:00,CC BY 4.0,https://portal.data.metro.tokyo.lg.jp/terms/,yes,yes,yes,confirmed,東京都総務局「津波浸水分布（令和4年度首都直下地震等による東京の被害想定結果）」を加工して作成,公開座標をGIS地物化。地域・指標・想定シナリオ別レイヤとして保持する。,2026-09-04
7,tsunami,津波浸水分布（令和4年度首都直下型地震等による東京の被害想定結果）,東京都総務局,CKAN metadata API + direct CSV download,https://www.opendata.metro.tokyo.lg.jp/soumu/32_hahajima_nannkaitorafucase8_sinnsuisinn.csv,母島_南海トラフ巨大地震_ケース8_浸水深,hazard_tsunami_depth_母島_南海トラフ巨大地震_ケース8,Point (explicit CSV longitude/latitude),6595,ok,"area=母島; scenario=南海トラフ巨大地震_ケース8; metric=depth; stored as an independent tsunami scenario layer. Published data are 10m mesh values, but this script does not infer cell polygons; it stores published coordinate points exactly.",2026-09-03T23:30:07+09:00,CC BY 4.0,https://portal.data.metro.tokyo.lg.jp/terms/,yes,yes,yes,confirmed,東京都総務局「津波浸水分布（令和4年度首都直下地震等による東京の被害想定結果）」を加工して作成,公開座標をGIS地物化。地域・指標・想定シナリオ別レイヤとして保持する。,2026-09-04
7,tsunami,津波浸水分布（令和4年度首都直下型地震等による東京の被害想定結果）,東京都総務局,CKAN metadata API + direct CSV download,https://www.opendata.metro.tokyo.lg.jp/soumu/0_kubu_nannkaitorafu_zenn5casesaidaichi_toutatujikann.csv,区部_南海トラフ巨大地震_全5ケース最大値_到達時間,hazard_tsunami_arrival_区部_南海トラフ巨大地震_全5ケース最大値,Point (explicit CSV longitude/latitude),51854,ok,"area=区部; scenario=南海トラフ巨大地震_全5ケース最大値; metric=arrival; stored as an independent tsunami scenario layer. Published data are 10m mesh values, but this script does not infer cell polygons; it stores published coordinate points exactly.",2026-09-03T23:30:09+09:00,CC BY 4.0,https://portal.data.metro.tokyo.lg.jp/terms/,yes,yes,yes,confirmed,東京都総務局「津波浸水分布（令和4年度首都直下地震等による東京の被害想定結果）」を加工して作成,公開座標をGIS地物化。地域・指標・想定シナリオ別レイヤとして保持する。,2026-09-04
7,tsunami,津波浸水分布（令和4年度首都直下型地震等による東京の被害想定結果）,東京都総務局,CKAN metadata API + direct CSV download,https://www.opendata.metro.tokyo.lg.jp/soumu/1_kubu_nannkaitorafu_zenn5casesaidaichi_tunamidaka.csv,区部_南海トラフ巨大地震_全5ケース最大値_津波高,hazard_tsunami_height_区部_南海トラフ巨大地震_全5ケース最大値,Point (explicit CSV longitude/latitude),51854,ok,"area=区部; scenario=南海トラフ巨大地震_全5ケース最大値; metric=height; stored as an independent tsunami scenario layer. Published data are 10m mesh values, but this script does not infer cell polygons; it stores published coordinate points exactly.",2026-09-03T23:30:10+09:00,CC BY 4.0,https://portal.data.metro.tokyo.lg.jp/terms/,yes,yes,yes,confirmed,東京都総務局「津波浸水分布（令和4年度首都直下地震等による東京の被害想定結果）」を加工して作成,公開座標をGIS地物化。地域・指標・想定シナリオ別レイヤとして保持する。,2026-09-04
7,tsunami,津波浸水分布（令和4年度首都直下型地震等による東京の被害想定結果）,東京都総務局,CKAN metadata API + direct CSV download,https://www.opendata.metro.tokyo.lg.jp/soumu/2_kubu_nannkaitorafu_zenn5casesaidaichi_sinnsuisinn.csv,区部_南海トラフ巨大地震_全5ケース最大値_浸水深,hazard_tsunami_depth_区部_南海トラフ巨大地震_全5ケース最大値,Point (explicit CSV longitude/latitude),51854,ok,"area=区部; scenario=南海トラフ巨大地震_全5ケース最大値; metric=depth; stored as an independent tsunami scenario layer. Published data are 10m mesh values, but this script does not infer cell polygons; it stores published coordinate points exactly.",2026-09-03T23:30:11+09:00,CC BY 4.0,https://portal.data.metro.tokyo.lg.jp/terms/,yes,yes,yes,confirmed,東京都総務局「津波浸水分布（令和4年度首都直下地震等による東京の被害想定結果）」を加工して作成,公開座標をGIS地物化。地域・指標・想定シナリオ別レイヤとして保持する。,2026-09-04
8,ksj_a33,国土数値情報 土砂災害警戒区域,国土交通省 国土数値情報,direct public download URL,https://nlftp.mlit.go.jp/ksj/gml/data/A33/A33-25/A33-25_13_GEOJSON.zip,A33-25_13_GEOJSON.zip,hazard_sediment_warning_a33_polygon,polygon,30043,ok,Use conditions and dataset-specific cautions on https://nlftp.mlit.go.jp/ksj/gml/datalist/KsjTmplt-A33-2025.html apply.,2026-09-03T23:30:13+09:00,CC BY 4.0（一部制限）,https://nlftp.mlit.go.jp/ksj/gml/datalist/KsjTmplt-A33-2025.html,yes,yes,yes,confirmed_for_tokyo,国土数値情報「土砂災害警戒区域」（国土交通省）を加工して作成,東京都分は商用利用・再配信可。概略位置を示す参考データであり、法的境界等の根拠には使用しない。,2026-09-04
8,ksj_a46,国土数値情報 地すべり防止区域,国土交通省 国土数値情報,direct public download URL,https://nlftp.mlit.go.jp/ksj/gml/data/A46/A46-21/A46-21_13_GML.zip,A46-21_13_GML.zip,hazard_landslide_prevention_a46_polygon,polygon,13,ok,Use conditions and dataset-specific cautions on https://nlftp.mlit.go.jp/ksj/gml/datalist/KsjTmplt-A46-2021.html apply.,2026-09-03T23:30:13+09:00,CC BY 4.0（一部制限）,https://nlftp.mlit.go.jp/ksj/gml/datalist/KsjTmplt-A46-2021.html,pending,pending,subject_to_additional_terms,pending_tokyo_additional_terms_check,国土数値情報「地すべり防止区域」（国土交通省）を加工して作成,都道府県別追加利用条件の確認完了までは公開再配布を保留する。,2026-09-04
8,ksj_a47,国土数値情報 急傾斜地崩壊危険区域,国土交通省 国土数値情報,direct public download URL,https://nlftp.mlit.go.jp/ksj/gml/data/A47/A47-21/A47-21_13_GML.zip,A47-21_13_GML.zip,hazard_steep_slope_a47_polygon,polygon,75,ok,Use conditions and dataset-specific cautions on https://nlftp.mlit.go.jp/ksj/gml/datalist/KsjTmplt-A47-2021.html apply.,2026-09-03T23:30:14+09:00,CC BY 4.0（一部制限）,https://nlftp.mlit.go.jp/ksj/gml/datalist/KsjTmplt-A47-2021.html,pending,pending,subject_to_additional_terms,pending_tokyo_additional_terms_check,国土数値情報「急傾斜地崩壊危険区域」（国土交通省）を加工して作成,都道府県別追加利用条件の確認完了までは公開再配布を保留する。,2026-09-04
8,ksj_a52,国土数値情報 砂防指定地,国土交通省 国土数値情報,direct public download URL,https://nlftp.mlit.go.jp/ksj/gml/data/A52/A52-23/A52-23_13_GML.zip,A52-23_13_GML.zip,hazard_sabo_designated_a52_polygon,polygon,650,ok,Use conditions and dataset-specific cautions on https://nlftp.mlit.go.jp/ksj/gml/datalist/KsjTmplt-A52-2023.html apply.,2026-09-03T23:30:14+09:00,CC BY 4.0,https://nlftp.mlit.go.jp/ksj/gml/datalist/KsjTmplt-A52-2023.html,yes,yes,yes,confirmed,国土数値情報「砂防指定地」（国土交通省）を加工して作成,概略的位置を示すデータで法定図書ではない。,2026-09-04
