table,cid,name,sqlite_type,notnull,default,pk
admin_boundary_n03_2024,0,fid,INTEGER,1,,1
admin_boundary_n03_2024,1,geom,POLYGON,0,,0
admin_boundary_n03_2024,2,N03_001,TEXT,0,,0
admin_boundary_n03_2024,3,N03_002,TEXT,0,,0
admin_boundary_n03_2024,4,N03_003,TEXT,0,,0
admin_boundary_n03_2024,5,N03_004,TEXT,0,,0
admin_boundary_n03_2024,6,N03_005,TEXT,0,,0
admin_boundary_n03_2024,7,N03_007,TEXT,0,,0
hazard_fire_spread_mesh250,0,fid,INTEGER,1,,1
hazard_fire_spread_mesh250,1,geom,POLYGON,0,,0
hazard_fire_spread_mesh250,2,MESH250,TEXT,0,,0
hazard_fire_spread_mesh250,3,t360mm_,INTEGER,0,,0
hazard_fire_spread_mesh250,4,source_member,TEXT,0,,0
hazard_fire_spread_mesh250,5,source_dataset_id,TEXT,0,,0
hazard_fire_spread_mesh250,6,source_resource_id,TEXT,0,,0
hazard_fire_spread_mesh250,7,source_resource,TEXT,0,,0
hazard_fire_spread_mesh250,8,source_url,TEXT,0,,0
hazard_fire_spread_town,0,fid,INTEGER,1,,1
hazard_fire_spread_town,1,geom,MULTIPOLYGON,0,,0
hazard_fire_spread_town,2,Kushiname,TEXT,0,,0
hazard_fire_spread_town,3,Azaname,TEXT,0,,0
hazard_fire_spread_town,4,Cyoname,TEXT,0,,0
hazard_fire_spread_town,5,T360mm_,INTEGER,0,,0
hazard_fire_spread_town,6,source_member,TEXT,0,,0
hazard_fire_spread_town,7,source_dataset_id,TEXT,0,,0
hazard_fire_spread_town,8,source_resource_id,TEXT,0,,0
hazard_fire_spread_town,9,source_resource,TEXT,0,,0
hazard_fire_spread_town,10,source_url,TEXT,0,,0
hazard_inundation_中川_綾瀬川圏域,0,fid,INTEGER,1,,1
hazard_inundation_中川_綾瀬川圏域,1,geom,POINT,0,,0
hazard_inundation_中川_綾瀬川圏域,2,area,TEXT,0,,0
hazard_inundation_中川_綾瀬川圏域,3,sheet_no,TEXT,0,,0
hazard_inundation_中川_綾瀬川圏域,4,inundation_depth_m,REAL,0,,0
hazard_inundation_中川_綾瀬川圏域,5,ground_elevation_m,REAL,0,,0
hazard_inundation_中川_綾瀬川圏域,6,lon,REAL,0,,0
hazard_inundation_中川_綾瀬川圏域,7,lat,REAL,0,,0
hazard_inundation_中川_綾瀬川圏域,8,source_resource_id,TEXT,0,,0
hazard_inundation_中川_綾瀬川圏域,9,source_resource,TEXT,0,,0
hazard_inundation_中川_綾瀬川圏域,10,source_url,TEXT,0,,0
hazard_inundation_城南地区河川流域,0,fid,INTEGER,1,,1
hazard_inundation_城南地区河川流域,1,geom,POINT,0,,0
hazard_inundation_城南地区河川流域,2,area,TEXT,0,,0
hazard_inundation_城南地区河川流域,3,sheet_no,TEXT,0,,0
hazard_inundation_城南地区河川流域,4,inundation_depth_m,REAL,0,,0
hazard_inundation_城南地区河川流域,5,ground_elevation_m,REAL,0,,0
hazard_inundation_城南地区河川流域,6,lon,REAL,0,,0
hazard_inundation_城南地区河川流域,7,lat,REAL,0,,0
hazard_inundation_城南地区河川流域,8,source_resource_id,TEXT,0,,0
hazard_inundation_城南地区河川流域,9,source_resource,TEXT,0,,0
hazard_inundation_城南地区河川流域,10,source_url,TEXT,0,,0
hazard_inundation_境川流域,0,fid,INTEGER,1,,1
hazard_inundation_境川流域,1,geom,POINT,0,,0
hazard_inundation_境川流域,2,area,TEXT,0,,0
hazard_inundation_境川流域,3,sheet_no,TEXT,0,,0
hazard_inundation_境川流域,4,inundation_depth_m,REAL,0,,0
hazard_inundation_境川流域,5,ground_elevation_m,REAL,0,,0
hazard_inundation_境川流域,6,lon,REAL,0,,0
hazard_inundation_境川流域,7,lat,REAL,0,,0
hazard_inundation_境川流域,8,source_resource_id,TEXT,0,,0
hazard_inundation_境川流域,9,source_resource,TEXT,0,,0
hazard_inundation_境川流域,10,source_url,TEXT,0,,0
hazard_inundation_残堀川流域,0,fid,INTEGER,1,,1
hazard_inundation_残堀川流域,1,geom,POINT,0,,0
hazard_inundation_残堀川流域,2,area,TEXT,0,,0
hazard_inundation_残堀川流域,3,sheet_no,TEXT,0,,0
hazard_inundation_残堀川流域,4,inundation_depth_m,REAL,0,,0
hazard_inundation_残堀川流域,5,ground_elevation_m,REAL,0,,0
hazard_inundation_残堀川流域,6,lon,REAL,0,,0
hazard_inundation_残堀川流域,7,lat,REAL,0,,0
hazard_inundation_残堀川流域,8,source_resource_id,TEXT,0,,0
hazard_inundation_残堀川流域,9,source_resource,TEXT,0,,0
hazard_inundation_残堀川流域,10,source_url,TEXT,0,,0
hazard_inundation_江東内部河川流域,0,fid,INTEGER,1,,1
hazard_inundation_江東内部河川流域,1,geom,POINT,0,,0
hazard_inundation_江東内部河川流域,2,area,TEXT,0,,0
hazard_inundation_江東内部河川流域,3,sheet_no,TEXT,0,,0
hazard_inundation_江東内部河川流域,4,inundation_depth_m,REAL,0,,0
hazard_inundation_江東内部河川流域,5,ground_elevation_m,REAL,0,,0
hazard_inundation_江東内部河川流域,6,lon,REAL,0,,0
hazard_inundation_江東内部河川流域,7,lat,REAL,0,,0
hazard_inundation_江東内部河川流域,8,source_resource_id,TEXT,0,,0
hazard_inundation_江東内部河川流域,9,source_resource,TEXT,0,,0
hazard_inundation_江東内部河川流域,10,source_url,TEXT,0,,0
hazard_inundation_浅川圏域_大栗川及び三沢川流域,0,fid,INTEGER,1,,1
hazard_inundation_浅川圏域_大栗川及び三沢川流域,1,geom,POINT,0,,0
hazard_inundation_浅川圏域_大栗川及び三沢川流域,2,area,TEXT,0,,0
hazard_inundation_浅川圏域_大栗川及び三沢川流域,3,sheet_no,TEXT,0,,0
hazard_inundation_浅川圏域_大栗川及び三沢川流域,4,inundation_depth_m,REAL,0,,0
hazard_inundation_浅川圏域_大栗川及び三沢川流域,5,ground_elevation_m,REAL,0,,0
hazard_inundation_浅川圏域_大栗川及び三沢川流域,6,lon,REAL,0,,0
hazard_inundation_浅川圏域_大栗川及び三沢川流域,7,lat,REAL,0,,0
hazard_inundation_浅川圏域_大栗川及び三沢川流域,8,source_resource_id,TEXT,0,,0
hazard_inundation_浅川圏域_大栗川及び三沢川流域,9,source_resource,TEXT,0,,0
hazard_inundation_浅川圏域_大栗川及び三沢川流域,10,source_url,TEXT,0,,0
hazard_inundation_石神井川及び白子川流域,0,fid,INTEGER,1,,1
hazard_inundation_石神井川及び白子川流域,1,geom,POINT,0,,0
hazard_inundation_石神井川及び白子川流域,2,area,TEXT,0,,0
hazard_inundation_石神井川及び白子川流域,3,sheet_no,TEXT,0,,0
hazard_inundation_石神井川及び白子川流域,4,inundation_depth_m,REAL,0,,0
hazard_inundation_石神井川及び白子川流域,5,ground_elevation_m,REAL,0,,0
hazard_inundation_石神井川及び白子川流域,6,lon,REAL,0,,0
hazard_inundation_石神井川及び白子川流域,7,lat,REAL,0,,0
hazard_inundation_石神井川及び白子川流域,8,source_resource_id,TEXT,0,,0
hazard_inundation_石神井川及び白子川流域,9,source_resource,TEXT,0,,0
hazard_inundation_石神井川及び白子川流域,10,source_url,TEXT,0,,0
hazard_inundation_神田川流域,0,fid,INTEGER,1,,1
hazard_inundation_神田川流域,1,geom,POINT,0,,0
hazard_inundation_神田川流域,2,area,TEXT,0,,0
hazard_inundation_神田川流域,3,sheet_no,TEXT,0,,0
hazard_inundation_神田川流域,4,inundation_depth_m,REAL,0,,0
hazard_inundation_神田川流域,5,ground_elevation_m,REAL,0,,0
hazard_inundation_神田川流域,6,lon,REAL,0,,0
hazard_inundation_神田川流域,7,lat,REAL,0,,0
hazard_inundation_神田川流域,8,source_resource_id,TEXT,0,,0
hazard_inundation_神田川流域,9,source_resource,TEXT,0,,0
hazard_inundation_神田川流域,10,source_url,TEXT,0,,0
hazard_inundation_秋川及び平井川流域,0,fid,INTEGER,1,,1
hazard_inundation_秋川及び平井川流域,1,geom,POINT,0,,0
hazard_inundation_秋川及び平井川流域,2,area,TEXT,0,,0
hazard_inundation_秋川及び平井川流域,3,sheet_no,TEXT,0,,0
hazard_inundation_秋川及び平井川流域,4,inundation_depth_m,REAL,0,,0
hazard_inundation_秋川及び平井川流域,5,ground_elevation_m,REAL,0,,0
hazard_inundation_秋川及び平井川流域,6,lon,REAL,0,,0
hazard_inundation_秋川及び平井川流域,7,lat,REAL,0,,0
hazard_inundation_秋川及び平井川流域,8,source_resource_id,TEXT,0,,0
hazard_inundation_秋川及び平井川流域,9,source_resource,TEXT,0,,0
hazard_inundation_秋川及び平井川流域,10,source_url,TEXT,0,,0
hazard_inundation_野川_仙川_入間川_谷沢川及び丸子川流域,0,fid,INTEGER,1,,1
hazard_inundation_野川_仙川_入間川_谷沢川及び丸子川流域,1,geom,POINT,0,,0
hazard_inundation_野川_仙川_入間川_谷沢川及び丸子川流域,2,area,TEXT,0,,0
hazard_inundation_野川_仙川_入間川_谷沢川及び丸子川流域,3,sheet_no,TEXT,0,,0
hazard_inundation_野川_仙川_入間川_谷沢川及び丸子川流域,4,inundation_depth_m,REAL,0,,0
hazard_inundation_野川_仙川_入間川_谷沢川及び丸子川流域,5,ground_elevation_m,REAL,0,,0
hazard_inundation_野川_仙川_入間川_谷沢川及び丸子川流域,6,lon,REAL,0,,0
hazard_inundation_野川_仙川_入間川_谷沢川及び丸子川流域,7,lat,REAL,0,,0
hazard_inundation_野川_仙川_入間川_谷沢川及び丸子川流域,8,source_resource_id,TEXT,0,,0
hazard_inundation_野川_仙川_入間川_谷沢川及び丸子川流域,9,source_resource,TEXT,0,,0
hazard_inundation_野川_仙川_入間川_谷沢川及び丸子川流域,10,source_url,TEXT,0,,0
hazard_inundation_隅田川及び新河岸川流域,0,fid,INTEGER,1,,1
hazard_inundation_隅田川及び新河岸川流域,1,geom,POINT,0,,0
hazard_inundation_隅田川及び新河岸川流域,2,area,TEXT,0,,0
hazard_inundation_隅田川及び新河岸川流域,3,sheet_no,TEXT,0,,0
hazard_inundation_隅田川及び新河岸川流域,4,inundation_depth_m,REAL,0,,0
hazard_inundation_隅田川及び新河岸川流域,5,ground_elevation_m,REAL,0,,0
hazard_inundation_隅田川及び新河岸川流域,6,lon,REAL,0,,0
hazard_inundation_隅田川及び新河岸川流域,7,lat,REAL,0,,0
hazard_inundation_隅田川及び新河岸川流域,8,source_resource_id,TEXT,0,,0
hazard_inundation_隅田川及び新河岸川流域,9,source_resource,TEXT,0,,0
hazard_inundation_隅田川及び新河岸川流域,10,source_url,TEXT,0,,0
hazard_inundation_霞川及び多摩川上流圏域,0,fid,INTEGER,1,,1
hazard_inundation_霞川及び多摩川上流圏域,1,geom,POINT,0,,0
hazard_inundation_霞川及び多摩川上流圏域,2,area,TEXT,0,,0
hazard_inundation_霞川及び多摩川上流圏域,3,sheet_no,TEXT,0,,0
hazard_inundation_霞川及び多摩川上流圏域,4,inundation_depth_m,REAL,0,,0
hazard_inundation_霞川及び多摩川上流圏域,5,ground_elevation_m,REAL,0,,0
hazard_inundation_霞川及び多摩川上流圏域,6,lon,REAL,0,,0
hazard_inundation_霞川及び多摩川上流圏域,7,lat,REAL,0,,0
hazard_inundation_霞川及び多摩川上流圏域,8,source_resource_id,TEXT,0,,0
hazard_inundation_霞川及び多摩川上流圏域,9,source_resource,TEXT,0,,0
hazard_inundation_霞川及び多摩川上流圏域,10,source_url,TEXT,0,,0
hazard_inundation_鶴見川流域,0,fid,INTEGER,1,,1
hazard_inundation_鶴見川流域,1,geom,POINT,0,,0
hazard_inundation_鶴見川流域,2,area,TEXT,0,,0
hazard_inundation_鶴見川流域,3,sheet_no,TEXT,0,,0
hazard_inundation_鶴見川流域,4,inundation_depth_m,REAL,0,,0
hazard_inundation_鶴見川流域,5,ground_elevation_m,REAL,0,,0
hazard_inundation_鶴見川流域,6,lon,REAL,0,,0
hazard_inundation_鶴見川流域,7,lat,REAL,0,,0
hazard_inundation_鶴見川流域,8,source_resource_id,TEXT,0,,0
hazard_inundation_鶴見川流域,9,source_resource,TEXT,0,,0
hazard_inundation_鶴見川流域,10,source_url,TEXT,0,,0
hazard_inundation_黒目川_落合川_柳瀬川_空堀川及び奈良橋川流域,0,fid,INTEGER,1,,1
hazard_inundation_黒目川_落合川_柳瀬川_空堀川及び奈良橋川流域,1,geom,POINT,0,,0
hazard_inundation_黒目川_落合川_柳瀬川_空堀川及び奈良橋川流域,2,area,TEXT,0,,0
hazard_inundation_黒目川_落合川_柳瀬川_空堀川及び奈良橋川流域,3,sheet_no,TEXT,0,,0
hazard_inundation_黒目川_落合川_柳瀬川_空堀川及び奈良橋川流域,4,inundation_depth_m,REAL,0,,0
hazard_inundation_黒目川_落合川_柳瀬川_空堀川及び奈良橋川流域,5,ground_elevation_m,REAL,0,,0
hazard_inundation_黒目川_落合川_柳瀬川_空堀川及び奈良橋川流域,6,lon,REAL,0,,0
hazard_inundation_黒目川_落合川_柳瀬川_空堀川及び奈良橋川流域,7,lat,REAL,0,,0
hazard_inundation_黒目川_落合川_柳瀬川_空堀川及び奈良橋川流域,8,source_resource_id,TEXT,0,,0
hazard_inundation_黒目川_落合川_柳瀬川_空堀川及び奈良橋川流域,9,source_resource,TEXT,0,,0
hazard_inundation_黒目川_落合川_柳瀬川_空堀川及び奈良橋川流域,10,source_url,TEXT,0,,0
hazard_region_risk,0,fid,INTEGER,1,,1
hazard_region_risk,1,geom,MULTIPOLYGON,0,,0
hazard_region_risk,2,ID,INTEGER,0,,0
hazard_region_risk,3,区市町村名,TEXT,0,,0
hazard_region_risk,4,町丁目名,TEXT,0,,0
hazard_region_risk,5,建物_危,REAL,0,,0
hazard_region_risk,6,建物_順,INTEGER,0,,0
hazard_region_risk,7,建物_ラ,INTEGER,0,,0
hazard_region_risk,8,火災_危,REAL,0,,0
hazard_region_risk,9,火災_順,INTEGER,0,,0
hazard_region_risk,10,火災_ラ,INTEGER,0,,0
hazard_region_risk,11,災害_係,REAL,0,,0
hazard_region_risk,12,総合_危,REAL,0,,0
hazard_region_risk,13,総合_順,INTEGER,0,,0
hazard_region_risk,14,総合_ラ,INTEGER,0,,0
hazard_region_risk,15,source_member,TEXT,0,,0
hazard_region_risk,16,source_dataset_id,TEXT,0,,0
hazard_region_risk,17,source_resource_id,TEXT,0,,0
hazard_region_risk,18,source_resource,TEXT,0,,0
hazard_region_risk,19,source_url,TEXT,0,,0
hazard_seismic_50m_南海トラフ巨大地震,0,fid,INTEGER,1,,1
hazard_seismic_50m_南海トラフ巨大地震,1,geom,POLYGON,0,,0
hazard_seismic_50m_南海トラフ巨大地震,2,mesh_code,TEXT,0,,0
hazard_seismic_50m_南海トラフ巨大地震,3,scenario,TEXT,0,,0
hazard_seismic_50m_南海トラフ巨大地震,4,seismic_intensity,REAL,0,,0
hazard_seismic_50m_南海トラフ巨大地震,5,source_resource_id,TEXT,0,,0
hazard_seismic_50m_南海トラフ巨大地震,6,source_resource,TEXT,0,,0
hazard_seismic_50m_南海トラフ巨大地震,7,source_url,TEXT,0,,0
hazard_seismic_50m_多摩東部直下地震,0,fid,INTEGER,1,,1
hazard_seismic_50m_多摩東部直下地震,1,geom,POLYGON,0,,0
hazard_seismic_50m_多摩東部直下地震,2,mesh_code,TEXT,0,,0
hazard_seismic_50m_多摩東部直下地震,3,scenario,TEXT,0,,0
hazard_seismic_50m_多摩東部直下地震,4,seismic_intensity,REAL,0,,0
hazard_seismic_50m_多摩東部直下地震,5,source_resource_id,TEXT,0,,0
hazard_seismic_50m_多摩東部直下地震,6,source_resource,TEXT,0,,0
hazard_seismic_50m_多摩東部直下地震,7,source_url,TEXT,0,,0
hazard_seismic_50m_多摩西部直下地震,0,fid,INTEGER,1,,1
hazard_seismic_50m_多摩西部直下地震,1,geom,POLYGON,0,,0
hazard_seismic_50m_多摩西部直下地震,2,mesh_code,TEXT,0,,0
hazard_seismic_50m_多摩西部直下地震,3,scenario,TEXT,0,,0
hazard_seismic_50m_多摩西部直下地震,4,seismic_intensity,REAL,0,,0
hazard_seismic_50m_多摩西部直下地震,5,source_resource_id,TEXT,0,,0
hazard_seismic_50m_多摩西部直下地震,6,source_resource,TEXT,0,,0
hazard_seismic_50m_多摩西部直下地震,7,source_url,TEXT,0,,0
hazard_seismic_50m_大正関東地震,0,fid,INTEGER,1,,1
hazard_seismic_50m_大正関東地震,1,geom,POLYGON,0,,0
hazard_seismic_50m_大正関東地震,2,mesh_code,TEXT,0,,0
hazard_seismic_50m_大正関東地震,3,scenario,TEXT,0,,0
hazard_seismic_50m_大正関東地震,4,seismic_intensity,REAL,0,,0
hazard_seismic_50m_大正関東地震,5,source_resource_id,TEXT,0,,0
hazard_seismic_50m_大正関東地震,6,source_resource,TEXT,0,,0
hazard_seismic_50m_大正関東地震,7,source_url,TEXT,0,,0
hazard_seismic_50m_立川断層帯地震,0,fid,INTEGER,1,,1
hazard_seismic_50m_立川断層帯地震,1,geom,POLYGON,0,,0
hazard_seismic_50m_立川断層帯地震,2,mesh_code,TEXT,0,,0
hazard_seismic_50m_立川断層帯地震,3,scenario,TEXT,0,,0
hazard_seismic_50m_立川断層帯地震,4,seismic_intensity,REAL,0,,0
hazard_seismic_50m_立川断層帯地震,5,source_resource_id,TEXT,0,,0
hazard_seismic_50m_立川断層帯地震,6,source_resource,TEXT,0,,0
hazard_seismic_50m_立川断層帯地震,7,source_url,TEXT,0,,0
hazard_seismic_50m_都心南部直下地震,0,fid,INTEGER,1,,1
hazard_seismic_50m_都心南部直下地震,1,geom,POLYGON,0,,0
hazard_seismic_50m_都心南部直下地震,2,mesh_code,TEXT,0,,0
hazard_seismic_50m_都心南部直下地震,3,scenario,TEXT,0,,0
hazard_seismic_50m_都心南部直下地震,4,seismic_intensity,REAL,0,,0
hazard_seismic_50m_都心南部直下地震,5,source_resource_id,TEXT,0,,0
hazard_seismic_50m_都心南部直下地震,6,source_resource,TEXT,0,,0
hazard_seismic_50m_都心南部直下地震,7,source_url,TEXT,0,,0
hazard_seismic_50m_都心東部直下地震,0,fid,INTEGER,1,,1
hazard_seismic_50m_都心東部直下地震,1,geom,POLYGON,0,,0
hazard_seismic_50m_都心東部直下地震,2,mesh_code,TEXT,0,,0
hazard_seismic_50m_都心東部直下地震,3,scenario,TEXT,0,,0
hazard_seismic_50m_都心東部直下地震,4,seismic_intensity,REAL,0,,0
hazard_seismic_50m_都心東部直下地震,5,source_resource_id,TEXT,0,,0
hazard_seismic_50m_都心東部直下地震,6,source_resource,TEXT,0,,0
hazard_seismic_50m_都心東部直下地震,7,source_url,TEXT,0,,0
hazard_seismic_50m_都心西部直下地震,0,fid,INTEGER,1,,1
hazard_seismic_50m_都心西部直下地震,1,geom,POLYGON,0,,0
hazard_seismic_50m_都心西部直下地震,2,mesh_code,TEXT,0,,0
hazard_seismic_50m_都心西部直下地震,3,scenario,TEXT,0,,0
hazard_seismic_50m_都心西部直下地震,4,seismic_intensity,REAL,0,,0
hazard_seismic_50m_都心西部直下地震,5,source_resource_id,TEXT,0,,0
hazard_seismic_50m_都心西部直下地震,6,source_resource,TEXT,0,,0
hazard_seismic_50m_都心西部直下地震,7,source_url,TEXT,0,,0
hazard_source_manifest,0,dataset_no,INTEGER,0,,0
hazard_source_manifest,1,dataset_key,TEXT,0,,0
hazard_source_manifest,2,title,TEXT,0,,0
hazard_source_manifest,3,source_org,TEXT,0,,0
hazard_source_manifest,4,acquisition,TEXT,0,,0
hazard_source_manifest,5,source_url,TEXT,0,,0
hazard_source_manifest,6,resource,TEXT,0,,0
hazard_source_manifest,7,layer,TEXT,0,,0
hazard_source_manifest,8,geometry_type,TEXT,0,,0
hazard_source_manifest,9,row_count,INTEGER,0,,0
hazard_source_manifest,10,status,TEXT,0,,0
hazard_source_manifest,11,note,TEXT,0,,0
hazard_source_manifest,12,ingested_at,TEXT,0,,0
hazard_source_manifest,13,license,TEXT,0,,0
hazard_source_manifest,14,license_url,TEXT,0,,0
hazard_source_manifest,15,redistribution,TEXT,0,,0
hazard_source_manifest,16,commercial_use,TEXT,0,,0
hazard_source_manifest,17,modification,TEXT,0,,0
hazard_source_manifest,18,redistribution_status,TEXT,0,,0
hazard_source_manifest,19,attribution,TEXT,0,,0
hazard_source_manifest,20,usage_note,TEXT,0,,0
hazard_source_manifest,21,license_checked_at,TEXT,0,,0
hazard_storm_surge_depth,0,fid,INTEGER,1,,1
hazard_storm_surge_depth,1,geom,POLYGON,0,,0
hazard_storm_surge_depth,2,X,INTEGER,0,,0
hazard_storm_surge_depth,3,Y,INTEGER,0,,0
hazard_storm_surge_depth,4,CX,MEDIUMINT,0,,0
hazard_storm_surge_depth,5,CY,MEDIUMINT,0,,0
hazard_storm_surge_depth,6,DepthM,REAL,0,,0
hazard_storm_surge_depth,7,source_member,TEXT,0,,0
hazard_storm_surge_depth,8,source_dataset_id,TEXT,0,,0
hazard_storm_surge_depth,9,source_resource_id,TEXT,0,,0
hazard_storm_surge_depth,10,source_resource,TEXT,0,,0
hazard_storm_surge_depth,11,source_url,TEXT,0,,0
hazard_storm_surge_duration,0,fid,INTEGER,1,,1
hazard_storm_surge_duration,1,geom,POLYGON,0,,0
hazard_storm_surge_duration,2,X,INTEGER,0,,0
hazard_storm_surge_duration,3,Y,INTEGER,0,,0
hazard_storm_surge_duration,4,CX,MEDIUMINT,0,,0
hazard_storm_surge_duration,5,CY,MEDIUMINT,0,,0
hazard_storm_surge_duration,6,TermMin,INTEGER,0,,0
hazard_storm_surge_duration,7,備考,TEXT,0,,0
hazard_storm_surge_duration,8,source_member,TEXT,0,,0
hazard_storm_surge_duration,9,source_dataset_id,TEXT,0,,0
hazard_storm_surge_duration,10,source_resource_id,TEXT,0,,0
hazard_storm_surge_duration,11,source_resource,TEXT,0,,0
hazard_storm_surge_duration,12,source_url,TEXT,0,,0
hazard_storm_surge_house_collapse,0,fid,INTEGER,1,,1
hazard_storm_surge_house_collapse,1,geom,POLYGON,0,,0
hazard_storm_surge_house_collapse,2,X,INTEGER,0,,0
hazard_storm_surge_house_collapse,3,Y,INTEGER,0,,0
hazard_storm_surge_house_collapse,4,CX,MEDIUMINT,0,,0
hazard_storm_surge_house_collapse,5,CY,MEDIUMINT,0,,0
hazard_storm_surge_house_collapse,6,source_member,TEXT,0,,0
hazard_storm_surge_house_collapse,7,source_dataset_id,TEXT,0,,0
hazard_storm_surge_house_collapse,8,source_resource_id,TEXT,0,,0
hazard_storm_surge_house_collapse,9,source_resource,TEXT,0,,0
hazard_storm_surge_house_collapse,10,source_url,TEXT,0,,0
hazard_tsunami_arrival_三宅島_南海トラフ巨大地震_ケース1,0,fid,INTEGER,1,,1
hazard_tsunami_arrival_三宅島_南海トラフ巨大地震_ケース1,1,geom,POINT,0,,0
hazard_tsunami_arrival_三宅島_南海トラフ巨大地震_ケース1,2,area,TEXT,0,,0
hazard_tsunami_arrival_三宅島_南海トラフ巨大地震_ケース1,3,scenario,TEXT,0,,0
hazard_tsunami_arrival_三宅島_南海トラフ巨大地震_ケース1,4,x_m,INTEGER,0,,0
hazard_tsunami_arrival_三宅島_南海トラフ巨大地震_ケース1,5,y_m,INTEGER,0,,0
hazard_tsunami_arrival_三宅島_南海トラフ巨大地震_ケース1,6,lon,REAL,0,,0
hazard_tsunami_arrival_三宅島_南海トラフ巨大地震_ケース1,7,lat,REAL,0,,0
hazard_tsunami_arrival_三宅島_南海トラフ巨大地震_ケース1,8,source_resource_id,TEXT,0,,0
hazard_tsunami_arrival_三宅島_南海トラフ巨大地震_ケース1,9,source_resource,TEXT,0,,0
hazard_tsunami_arrival_三宅島_南海トラフ巨大地震_ケース1,10,source_url,TEXT,0,,0
hazard_tsunami_arrival_三宅島_南海トラフ巨大地震_ケース1,11,arrival_1cm_s,REAL,0,,0
hazard_tsunami_arrival_三宅島_南海トラフ巨大地震_ケース1,12,arrival_30cm_s,REAL,0,,0
hazard_tsunami_arrival_三宅島_南海トラフ巨大地震_ケース1,13,arrival_1m_s,REAL,0,,0
hazard_tsunami_arrival_三宅島_南海トラフ巨大地震_ケース1,14,arrival_maxlevel_s,REAL,0,,0
hazard_tsunami_arrival_三宅島_南海トラフ巨大地震_ケース2,0,fid,INTEGER,1,,1
hazard_tsunami_arrival_三宅島_南海トラフ巨大地震_ケース2,1,geom,POINT,0,,0
hazard_tsunami_arrival_三宅島_南海トラフ巨大地震_ケース2,2,area,TEXT,0,,0
hazard_tsunami_arrival_三宅島_南海トラフ巨大地震_ケース2,3,scenario,TEXT,0,,0
hazard_tsunami_arrival_三宅島_南海トラフ巨大地震_ケース2,4,x_m,INTEGER,0,,0
hazard_tsunami_arrival_三宅島_南海トラフ巨大地震_ケース2,5,y_m,INTEGER,0,,0
hazard_tsunami_arrival_三宅島_南海トラフ巨大地震_ケース2,6,lon,REAL,0,,0
hazard_tsunami_arrival_三宅島_南海トラフ巨大地震_ケース2,7,lat,REAL,0,,0
hazard_tsunami_arrival_三宅島_南海トラフ巨大地震_ケース2,8,source_resource_id,TEXT,0,,0
hazard_tsunami_arrival_三宅島_南海トラフ巨大地震_ケース2,9,source_resource,TEXT,0,,0
hazard_tsunami_arrival_三宅島_南海トラフ巨大地震_ケース2,10,source_url,TEXT,0,,0
hazard_tsunami_arrival_三宅島_南海トラフ巨大地震_ケース2,11,arrival_1cm_s,REAL,0,,0
hazard_tsunami_arrival_三宅島_南海トラフ巨大地震_ケース2,12,arrival_30cm_s,REAL,0,,0
hazard_tsunami_arrival_三宅島_南海トラフ巨大地震_ケース2,13,arrival_1m_s,REAL,0,,0
hazard_tsunami_arrival_三宅島_南海トラフ巨大地震_ケース2,14,arrival_maxlevel_s,REAL,0,,0
hazard_tsunami_arrival_三宅島_南海トラフ巨大地震_ケース5,0,fid,INTEGER,1,,1
hazard_tsunami_arrival_三宅島_南海トラフ巨大地震_ケース5,1,geom,POINT,0,,0
hazard_tsunami_arrival_三宅島_南海トラフ巨大地震_ケース5,2,area,TEXT,0,,0
hazard_tsunami_arrival_三宅島_南海トラフ巨大地震_ケース5,3,scenario,TEXT,0,,0
hazard_tsunami_arrival_三宅島_南海トラフ巨大地震_ケース5,4,x_m,INTEGER,0,,0
hazard_tsunami_arrival_三宅島_南海トラフ巨大地震_ケース5,5,y_m,INTEGER,0,,0
hazard_tsunami_arrival_三宅島_南海トラフ巨大地震_ケース5,6,lon,REAL,0,,0
hazard_tsunami_arrival_三宅島_南海トラフ巨大地震_ケース5,7,lat,REAL,0,,0
hazard_tsunami_arrival_三宅島_南海トラフ巨大地震_ケース5,8,source_resource_id,TEXT,0,,0
hazard_tsunami_arrival_三宅島_南海トラフ巨大地震_ケース5,9,source_resource,TEXT,0,,0
hazard_tsunami_arrival_三宅島_南海トラフ巨大地震_ケース5,10,source_url,TEXT,0,,0
hazard_tsunami_arrival_三宅島_南海トラフ巨大地震_ケース5,11,arrival_1cm_s,REAL,0,,0
hazard_tsunami_arrival_三宅島_南海トラフ巨大地震_ケース5,12,arrival_30cm_s,REAL,0,,0
hazard_tsunami_arrival_三宅島_南海トラフ巨大地震_ケース5,13,arrival_1m_s,REAL,0,,0
hazard_tsunami_arrival_三宅島_南海トラフ巨大地震_ケース5,14,arrival_maxlevel_s,REAL,0,,0
hazard_tsunami_arrival_三宅島_南海トラフ巨大地震_ケース6,0,fid,INTEGER,1,,1
hazard_tsunami_arrival_三宅島_南海トラフ巨大地震_ケース6,1,geom,POINT,0,,0
hazard_tsunami_arrival_三宅島_南海トラフ巨大地震_ケース6,2,area,TEXT,0,,0
hazard_tsunami_arrival_三宅島_南海トラフ巨大地震_ケース6,3,scenario,TEXT,0,,0
hazard_tsunami_arrival_三宅島_南海トラフ巨大地震_ケース6,4,x_m,INTEGER,0,,0
hazard_tsunami_arrival_三宅島_南海トラフ巨大地震_ケース6,5,y_m,INTEGER,0,,0
hazard_tsunami_arrival_三宅島_南海トラフ巨大地震_ケース6,6,lon,REAL,0,,0
hazard_tsunami_arrival_三宅島_南海トラフ巨大地震_ケース6,7,lat,REAL,0,,0
hazard_tsunami_arrival_三宅島_南海トラフ巨大地震_ケース6,8,source_resource_id,TEXT,0,,0
hazard_tsunami_arrival_三宅島_南海トラフ巨大地震_ケース6,9,source_resource,TEXT,0,,0
hazard_tsunami_arrival_三宅島_南海トラフ巨大地震_ケース6,10,source_url,TEXT,0,,0
hazard_tsunami_arrival_三宅島_南海トラフ巨大地震_ケース6,11,arrival_1cm_s,REAL,0,,0
hazard_tsunami_arrival_三宅島_南海トラフ巨大地震_ケース6,12,arrival_30cm_s,REAL,0,,0
hazard_tsunami_arrival_三宅島_南海トラフ巨大地震_ケース6,13,arrival_1m_s,REAL,0,,0
hazard_tsunami_arrival_三宅島_南海トラフ巨大地震_ケース6,14,arrival_maxlevel_s,REAL,0,,0
hazard_tsunami_arrival_三宅島_南海トラフ巨大地震_ケース8,0,fid,INTEGER,1,,1
hazard_tsunami_arrival_三宅島_南海トラフ巨大地震_ケース8,1,geom,POINT,0,,0
hazard_tsunami_arrival_三宅島_南海トラフ巨大地震_ケース8,2,area,TEXT,0,,0
hazard_tsunami_arrival_三宅島_南海トラフ巨大地震_ケース8,3,scenario,TEXT,0,,0
hazard_tsunami_arrival_三宅島_南海トラフ巨大地震_ケース8,4,x_m,INTEGER,0,,0
hazard_tsunami_arrival_三宅島_南海トラフ巨大地震_ケース8,5,y_m,INTEGER,0,,0
hazard_tsunami_arrival_三宅島_南海トラフ巨大地震_ケース8,6,lon,REAL,0,,0
hazard_tsunami_arrival_三宅島_南海トラフ巨大地震_ケース8,7,lat,REAL,0,,0
hazard_tsunami_arrival_三宅島_南海トラフ巨大地震_ケース8,8,source_resource_id,TEXT,0,,0
hazard_tsunami_arrival_三宅島_南海トラフ巨大地震_ケース8,9,source_resource,TEXT,0,,0
hazard_tsunami_arrival_三宅島_南海トラフ巨大地震_ケース8,10,source_url,TEXT,0,,0
hazard_tsunami_arrival_三宅島_南海トラフ巨大地震_ケース8,11,arrival_1cm_s,REAL,0,,0
hazard_tsunami_arrival_三宅島_南海トラフ巨大地震_ケース8,12,arrival_30cm_s,REAL,0,,0
hazard_tsunami_arrival_三宅島_南海トラフ巨大地震_ケース8,13,arrival_1m_s,REAL,0,,0
hazard_tsunami_arrival_三宅島_南海トラフ巨大地震_ケース8,14,arrival_maxlevel_s,REAL,0,,0
hazard_tsunami_arrival_三宅島_大正関東地震,0,fid,INTEGER,1,,1
hazard_tsunami_arrival_三宅島_大正関東地震,1,geom,POINT,0,,0
hazard_tsunami_arrival_三宅島_大正関東地震,2,area,TEXT,0,,0
hazard_tsunami_arrival_三宅島_大正関東地震,3,scenario,TEXT,0,,0
hazard_tsunami_arrival_三宅島_大正関東地震,4,x_m,INTEGER,0,,0
hazard_tsunami_arrival_三宅島_大正関東地震,5,y_m,INTEGER,0,,0
hazard_tsunami_arrival_三宅島_大正関東地震,6,lon,REAL,0,,0
hazard_tsunami_arrival_三宅島_大正関東地震,7,lat,REAL,0,,0
hazard_tsunami_arrival_三宅島_大正関東地震,8,source_resource_id,TEXT,0,,0
hazard_tsunami_arrival_三宅島_大正関東地震,9,source_resource,TEXT,0,,0
hazard_tsunami_arrival_三宅島_大正関東地震,10,source_url,TEXT,0,,0
hazard_tsunami_arrival_三宅島_大正関東地震,11,arrival_1cm_s,REAL,0,,0
hazard_tsunami_arrival_三宅島_大正関東地震,12,arrival_30cm_s,REAL,0,,0
hazard_tsunami_arrival_三宅島_大正関東地震,13,arrival_1m_s,REAL,0,,0
hazard_tsunami_arrival_三宅島_大正関東地震,14,arrival_maxlevel_s,REAL,0,,0
hazard_tsunami_arrival_八丈島_南海トラフ巨大地震_ケース1,0,fid,INTEGER,1,,1
hazard_tsunami_arrival_八丈島_南海トラフ巨大地震_ケース1,1,geom,POINT,0,,0
hazard_tsunami_arrival_八丈島_南海トラフ巨大地震_ケース1,2,area,TEXT,0,,0
hazard_tsunami_arrival_八丈島_南海トラフ巨大地震_ケース1,3,scenario,TEXT,0,,0
hazard_tsunami_arrival_八丈島_南海トラフ巨大地震_ケース1,4,x_m,INTEGER,0,,0
hazard_tsunami_arrival_八丈島_南海トラフ巨大地震_ケース1,5,y_m,INTEGER,0,,0
hazard_tsunami_arrival_八丈島_南海トラフ巨大地震_ケース1,6,lon,REAL,0,,0
hazard_tsunami_arrival_八丈島_南海トラフ巨大地震_ケース1,7,lat,REAL,0,,0
hazard_tsunami_arrival_八丈島_南海トラフ巨大地震_ケース1,8,source_resource_id,TEXT,0,,0
hazard_tsunami_arrival_八丈島_南海トラフ巨大地震_ケース1,9,source_resource,TEXT,0,,0
hazard_tsunami_arrival_八丈島_南海トラフ巨大地震_ケース1,10,source_url,TEXT,0,,0
hazard_tsunami_arrival_八丈島_南海トラフ巨大地震_ケース1,11,arrival_1cm_s,REAL,0,,0
hazard_tsunami_arrival_八丈島_南海トラフ巨大地震_ケース1,12,arrival_30cm_s,REAL,0,,0
hazard_tsunami_arrival_八丈島_南海トラフ巨大地震_ケース1,13,arrival_1m_s,REAL,0,,0
hazard_tsunami_arrival_八丈島_南海トラフ巨大地震_ケース1,14,arrival_maxlevel_s,REAL,0,,0
hazard_tsunami_arrival_八丈島_南海トラフ巨大地震_ケース2,0,fid,INTEGER,1,,1
hazard_tsunami_arrival_八丈島_南海トラフ巨大地震_ケース2,1,geom,POINT,0,,0
hazard_tsunami_arrival_八丈島_南海トラフ巨大地震_ケース2,2,area,TEXT,0,,0
hazard_tsunami_arrival_八丈島_南海トラフ巨大地震_ケース2,3,scenario,TEXT,0,,0
hazard_tsunami_arrival_八丈島_南海トラフ巨大地震_ケース2,4,x_m,INTEGER,0,,0
hazard_tsunami_arrival_八丈島_南海トラフ巨大地震_ケース2,5,y_m,INTEGER,0,,0
hazard_tsunami_arrival_八丈島_南海トラフ巨大地震_ケース2,6,lon,REAL,0,,0
hazard_tsunami_arrival_八丈島_南海トラフ巨大地震_ケース2,7,lat,REAL,0,,0
hazard_tsunami_arrival_八丈島_南海トラフ巨大地震_ケース2,8,source_resource_id,TEXT,0,,0
hazard_tsunami_arrival_八丈島_南海トラフ巨大地震_ケース2,9,source_resource,TEXT,0,,0
hazard_tsunami_arrival_八丈島_南海トラフ巨大地震_ケース2,10,source_url,TEXT,0,,0
hazard_tsunami_arrival_八丈島_南海トラフ巨大地震_ケース2,11,arrival_1cm_s,REAL,0,,0
hazard_tsunami_arrival_八丈島_南海トラフ巨大地震_ケース2,12,arrival_30cm_s,REAL,0,,0
hazard_tsunami_arrival_八丈島_南海トラフ巨大地震_ケース2,13,arrival_1m_s,REAL,0,,0
hazard_tsunami_arrival_八丈島_南海トラフ巨大地震_ケース2,14,arrival_maxlevel_s,REAL,0,,0
hazard_tsunami_arrival_八丈島_南海トラフ巨大地震_ケース5,0,fid,INTEGER,1,,1
hazard_tsunami_arrival_八丈島_南海トラフ巨大地震_ケース5,1,geom,POINT,0,,0
hazard_tsunami_arrival_八丈島_南海トラフ巨大地震_ケース5,2,area,TEXT,0,,0
hazard_tsunami_arrival_八丈島_南海トラフ巨大地震_ケース5,3,scenario,TEXT,0,,0
hazard_tsunami_arrival_八丈島_南海トラフ巨大地震_ケース5,4,x_m,INTEGER,0,,0
hazard_tsunami_arrival_八丈島_南海トラフ巨大地震_ケース5,5,y_m,INTEGER,0,,0
hazard_tsunami_arrival_八丈島_南海トラフ巨大地震_ケース5,6,lon,REAL,0,,0
hazard_tsunami_arrival_八丈島_南海トラフ巨大地震_ケース5,7,lat,REAL,0,,0
hazard_tsunami_arrival_八丈島_南海トラフ巨大地震_ケース5,8,source_resource_id,TEXT,0,,0
hazard_tsunami_arrival_八丈島_南海トラフ巨大地震_ケース5,9,source_resource,TEXT,0,,0
hazard_tsunami_arrival_八丈島_南海トラフ巨大地震_ケース5,10,source_url,TEXT,0,,0
hazard_tsunami_arrival_八丈島_南海トラフ巨大地震_ケース5,11,arrival_1cm_s,REAL,0,,0
hazard_tsunami_arrival_八丈島_南海トラフ巨大地震_ケース5,12,arrival_30cm_s,REAL,0,,0
hazard_tsunami_arrival_八丈島_南海トラフ巨大地震_ケース5,13,arrival_1m_s,REAL,0,,0
hazard_tsunami_arrival_八丈島_南海トラフ巨大地震_ケース5,14,arrival_maxlevel_s,REAL,0,,0
hazard_tsunami_arrival_八丈島_南海トラフ巨大地震_ケース6,0,fid,INTEGER,1,,1
hazard_tsunami_arrival_八丈島_南海トラフ巨大地震_ケース6,1,geom,POINT,0,,0
hazard_tsunami_arrival_八丈島_南海トラフ巨大地震_ケース6,2,area,TEXT,0,,0
hazard_tsunami_arrival_八丈島_南海トラフ巨大地震_ケース6,3,scenario,TEXT,0,,0
hazard_tsunami_arrival_八丈島_南海トラフ巨大地震_ケース6,4,x_m,INTEGER,0,,0
hazard_tsunami_arrival_八丈島_南海トラフ巨大地震_ケース6,5,y_m,INTEGER,0,,0
hazard_tsunami_arrival_八丈島_南海トラフ巨大地震_ケース6,6,lon,REAL,0,,0
hazard_tsunami_arrival_八丈島_南海トラフ巨大地震_ケース6,7,lat,REAL,0,,0
hazard_tsunami_arrival_八丈島_南海トラフ巨大地震_ケース6,8,source_resource_id,TEXT,0,,0
hazard_tsunami_arrival_八丈島_南海トラフ巨大地震_ケース6,9,source_resource,TEXT,0,,0
hazard_tsunami_arrival_八丈島_南海トラフ巨大地震_ケース6,10,source_url,TEXT,0,,0
hazard_tsunami_arrival_八丈島_南海トラフ巨大地震_ケース6,11,arrival_1cm_s,REAL,0,,0
hazard_tsunami_arrival_八丈島_南海トラフ巨大地震_ケース6,12,arrival_30cm_s,REAL,0,,0
hazard_tsunami_arrival_八丈島_南海トラフ巨大地震_ケース6,13,arrival_1m_s,REAL,0,,0
hazard_tsunami_arrival_八丈島_南海トラフ巨大地震_ケース6,14,arrival_maxlevel_s,REAL,0,,0
hazard_tsunami_arrival_八丈島_南海トラフ巨大地震_ケース8,0,fid,INTEGER,1,,1
hazard_tsunami_arrival_八丈島_南海トラフ巨大地震_ケース8,1,geom,POINT,0,,0
hazard_tsunami_arrival_八丈島_南海トラフ巨大地震_ケース8,2,area,TEXT,0,,0
hazard_tsunami_arrival_八丈島_南海トラフ巨大地震_ケース8,3,scenario,TEXT,0,,0
hazard_tsunami_arrival_八丈島_南海トラフ巨大地震_ケース8,4,x_m,INTEGER,0,,0
hazard_tsunami_arrival_八丈島_南海トラフ巨大地震_ケース8,5,y_m,INTEGER,0,,0
hazard_tsunami_arrival_八丈島_南海トラフ巨大地震_ケース8,6,lon,REAL,0,,0
hazard_tsunami_arrival_八丈島_南海トラフ巨大地震_ケース8,7,lat,REAL,0,,0
hazard_tsunami_arrival_八丈島_南海トラフ巨大地震_ケース8,8,source_resource_id,TEXT,0,,0
hazard_tsunami_arrival_八丈島_南海トラフ巨大地震_ケース8,9,source_resource,TEXT,0,,0
hazard_tsunami_arrival_八丈島_南海トラフ巨大地震_ケース8,10,source_url,TEXT,0,,0
hazard_tsunami_arrival_八丈島_南海トラフ巨大地震_ケース8,11,arrival_1cm_s,REAL,0,,0
hazard_tsunami_arrival_八丈島_南海トラフ巨大地震_ケース8,12,arrival_30cm_s,REAL,0,,0
hazard_tsunami_arrival_八丈島_南海トラフ巨大地震_ケース8,13,arrival_1m_s,REAL,0,,0
hazard_tsunami_arrival_八丈島_南海トラフ巨大地震_ケース8,14,arrival_maxlevel_s,REAL,0,,0
hazard_tsunami_arrival_八丈島_大正関東地震,0,fid,INTEGER,1,,1
hazard_tsunami_arrival_八丈島_大正関東地震,1,geom,POINT,0,,0
hazard_tsunami_arrival_八丈島_大正関東地震,2,area,TEXT,0,,0
hazard_tsunami_arrival_八丈島_大正関東地震,3,scenario,TEXT,0,,0
hazard_tsunami_arrival_八丈島_大正関東地震,4,x_m,INTEGER,0,,0
hazard_tsunami_arrival_八丈島_大正関東地震,5,y_m,INTEGER,0,,0
hazard_tsunami_arrival_八丈島_大正関東地震,6,lon,REAL,0,,0
hazard_tsunami_arrival_八丈島_大正関東地震,7,lat,REAL,0,,0
hazard_tsunami_arrival_八丈島_大正関東地震,8,source_resource_id,TEXT,0,,0
hazard_tsunami_arrival_八丈島_大正関東地震,9,source_resource,TEXT,0,,0
hazard_tsunami_arrival_八丈島_大正関東地震,10,source_url,TEXT,0,,0
hazard_tsunami_arrival_八丈島_大正関東地震,11,arrival_1cm_s,REAL,0,,0
hazard_tsunami_arrival_八丈島_大正関東地震,12,arrival_30cm_s,REAL,0,,0
hazard_tsunami_arrival_八丈島_大正関東地震,13,arrival_1m_s,REAL,0,,0
hazard_tsunami_arrival_八丈島_大正関東地震,14,arrival_maxlevel_s,REAL,0,,0
hazard_tsunami_arrival_利島_南海トラフ巨大地震_ケース1,0,fid,INTEGER,1,,1
hazard_tsunami_arrival_利島_南海トラフ巨大地震_ケース1,1,geom,POINT,0,,0
hazard_tsunami_arrival_利島_南海トラフ巨大地震_ケース1,2,area,TEXT,0,,0
hazard_tsunami_arrival_利島_南海トラフ巨大地震_ケース1,3,scenario,TEXT,0,,0
hazard_tsunami_arrival_利島_南海トラフ巨大地震_ケース1,4,x_m,INTEGER,0,,0
hazard_tsunami_arrival_利島_南海トラフ巨大地震_ケース1,5,y_m,INTEGER,0,,0
hazard_tsunami_arrival_利島_南海トラフ巨大地震_ケース1,6,lon,REAL,0,,0
hazard_tsunami_arrival_利島_南海トラフ巨大地震_ケース1,7,lat,REAL,0,,0
hazard_tsunami_arrival_利島_南海トラフ巨大地震_ケース1,8,source_resource_id,TEXT,0,,0
hazard_tsunami_arrival_利島_南海トラフ巨大地震_ケース1,9,source_resource,TEXT,0,,0
hazard_tsunami_arrival_利島_南海トラフ巨大地震_ケース1,10,source_url,TEXT,0,,0
hazard_tsunami_arrival_利島_南海トラフ巨大地震_ケース1,11,arrival_1cm_s,REAL,0,,0
hazard_tsunami_arrival_利島_南海トラフ巨大地震_ケース1,12,arrival_30cm_s,REAL,0,,0
hazard_tsunami_arrival_利島_南海トラフ巨大地震_ケース1,13,arrival_1m_s,REAL,0,,0
hazard_tsunami_arrival_利島_南海トラフ巨大地震_ケース1,14,arrival_maxlevel_s,REAL,0,,0
hazard_tsunami_arrival_利島_南海トラフ巨大地震_ケース2,0,fid,INTEGER,1,,1
hazard_tsunami_arrival_利島_南海トラフ巨大地震_ケース2,1,geom,POINT,0,,0
hazard_tsunami_arrival_利島_南海トラフ巨大地震_ケース2,2,area,TEXT,0,,0
hazard_tsunami_arrival_利島_南海トラフ巨大地震_ケース2,3,scenario,TEXT,0,,0
hazard_tsunami_arrival_利島_南海トラフ巨大地震_ケース2,4,x_m,INTEGER,0,,0
hazard_tsunami_arrival_利島_南海トラフ巨大地震_ケース2,5,y_m,INTEGER,0,,0
hazard_tsunami_arrival_利島_南海トラフ巨大地震_ケース2,6,lon,REAL,0,,0
hazard_tsunami_arrival_利島_南海トラフ巨大地震_ケース2,7,lat,REAL,0,,0
hazard_tsunami_arrival_利島_南海トラフ巨大地震_ケース2,8,source_resource_id,TEXT,0,,0
hazard_tsunami_arrival_利島_南海トラフ巨大地震_ケース2,9,source_resource,TEXT,0,,0
hazard_tsunami_arrival_利島_南海トラフ巨大地震_ケース2,10,source_url,TEXT,0,,0
hazard_tsunami_arrival_利島_南海トラフ巨大地震_ケース2,11,arrival_1cm_s,REAL,0,,0
hazard_tsunami_arrival_利島_南海トラフ巨大地震_ケース2,12,arrival_30cm_s,REAL,0,,0
hazard_tsunami_arrival_利島_南海トラフ巨大地震_ケース2,13,arrival_1m_s,REAL,0,,0
hazard_tsunami_arrival_利島_南海トラフ巨大地震_ケース2,14,arrival_maxlevel_s,REAL,0,,0
hazard_tsunami_arrival_利島_南海トラフ巨大地震_ケース5,0,fid,INTEGER,1,,1
hazard_tsunami_arrival_利島_南海トラフ巨大地震_ケース5,1,geom,POINT,0,,0
hazard_tsunami_arrival_利島_南海トラフ巨大地震_ケース5,2,area,TEXT,0,,0
hazard_tsunami_arrival_利島_南海トラフ巨大地震_ケース5,3,scenario,TEXT,0,,0
hazard_tsunami_arrival_利島_南海トラフ巨大地震_ケース5,4,x_m,INTEGER,0,,0
hazard_tsunami_arrival_利島_南海トラフ巨大地震_ケース5,5,y_m,INTEGER,0,,0
hazard_tsunami_arrival_利島_南海トラフ巨大地震_ケース5,6,lon,REAL,0,,0
hazard_tsunami_arrival_利島_南海トラフ巨大地震_ケース5,7,lat,REAL,0,,0
hazard_tsunami_arrival_利島_南海トラフ巨大地震_ケース5,8,source_resource_id,TEXT,0,,0
hazard_tsunami_arrival_利島_南海トラフ巨大地震_ケース5,9,source_resource,TEXT,0,,0
hazard_tsunami_arrival_利島_南海トラフ巨大地震_ケース5,10,source_url,TEXT,0,,0
hazard_tsunami_arrival_利島_南海トラフ巨大地震_ケース5,11,arrival_1cm_s,REAL,0,,0
hazard_tsunami_arrival_利島_南海トラフ巨大地震_ケース5,12,arrival_30cm_s,REAL,0,,0
hazard_tsunami_arrival_利島_南海トラフ巨大地震_ケース5,13,arrival_1m_s,REAL,0,,0
hazard_tsunami_arrival_利島_南海トラフ巨大地震_ケース5,14,arrival_maxlevel_s,REAL,0,,0
hazard_tsunami_arrival_利島_南海トラフ巨大地震_ケース6,0,fid,INTEGER,1,,1
hazard_tsunami_arrival_利島_南海トラフ巨大地震_ケース6,1,geom,POINT,0,,0
hazard_tsunami_arrival_利島_南海トラフ巨大地震_ケース6,2,area,TEXT,0,,0
hazard_tsunami_arrival_利島_南海トラフ巨大地震_ケース6,3,scenario,TEXT,0,,0
hazard_tsunami_arrival_利島_南海トラフ巨大地震_ケース6,4,x_m,INTEGER,0,,0
hazard_tsunami_arrival_利島_南海トラフ巨大地震_ケース6,5,y_m,INTEGER,0,,0
hazard_tsunami_arrival_利島_南海トラフ巨大地震_ケース6,6,lon,REAL,0,,0
hazard_tsunami_arrival_利島_南海トラフ巨大地震_ケース6,7,lat,REAL,0,,0
hazard_tsunami_arrival_利島_南海トラフ巨大地震_ケース6,8,source_resource_id,TEXT,0,,0
hazard_tsunami_arrival_利島_南海トラフ巨大地震_ケース6,9,source_resource,TEXT,0,,0
hazard_tsunami_arrival_利島_南海トラフ巨大地震_ケース6,10,source_url,TEXT,0,,0
hazard_tsunami_arrival_利島_南海トラフ巨大地震_ケース6,11,arrival_1cm_s,REAL,0,,0
hazard_tsunami_arrival_利島_南海トラフ巨大地震_ケース6,12,arrival_30cm_s,REAL,0,,0
hazard_tsunami_arrival_利島_南海トラフ巨大地震_ケース6,13,arrival_1m_s,REAL,0,,0
hazard_tsunami_arrival_利島_南海トラフ巨大地震_ケース6,14,arrival_maxlevel_s,REAL,0,,0
hazard_tsunami_arrival_利島_南海トラフ巨大地震_ケース8,0,fid,INTEGER,1,,1
hazard_tsunami_arrival_利島_南海トラフ巨大地震_ケース8,1,geom,POINT,0,,0
hazard_tsunami_arrival_利島_南海トラフ巨大地震_ケース8,2,area,TEXT,0,,0
hazard_tsunami_arrival_利島_南海トラフ巨大地震_ケース8,3,scenario,TEXT,0,,0
hazard_tsunami_arrival_利島_南海トラフ巨大地震_ケース8,4,x_m,INTEGER,0,,0
hazard_tsunami_arrival_利島_南海トラフ巨大地震_ケース8,5,y_m,INTEGER,0,,0
hazard_tsunami_arrival_利島_南海トラフ巨大地震_ケース8,6,lon,REAL,0,,0
hazard_tsunami_arrival_利島_南海トラフ巨大地震_ケース8,7,lat,REAL,0,,0
hazard_tsunami_arrival_利島_南海トラフ巨大地震_ケース8,8,source_resource_id,TEXT,0,,0
hazard_tsunami_arrival_利島_南海トラフ巨大地震_ケース8,9,source_resource,TEXT,0,,0
hazard_tsunami_arrival_利島_南海トラフ巨大地震_ケース8,10,source_url,TEXT,0,,0
hazard_tsunami_arrival_利島_南海トラフ巨大地震_ケース8,11,arrival_1cm_s,REAL,0,,0
hazard_tsunami_arrival_利島_南海トラフ巨大地震_ケース8,12,arrival_30cm_s,REAL,0,,0
hazard_tsunami_arrival_利島_南海トラフ巨大地震_ケース8,13,arrival_1m_s,REAL,0,,0
hazard_tsunami_arrival_利島_南海トラフ巨大地震_ケース8,14,arrival_maxlevel_s,REAL,0,,0
hazard_tsunami_arrival_利島_大正関東地震,0,fid,INTEGER,1,,1
hazard_tsunami_arrival_利島_大正関東地震,1,geom,POINT,0,,0
hazard_tsunami_arrival_利島_大正関東地震,2,area,TEXT,0,,0
hazard_tsunami_arrival_利島_大正関東地震,3,scenario,TEXT,0,,0
hazard_tsunami_arrival_利島_大正関東地震,4,x_m,INTEGER,0,,0
hazard_tsunami_arrival_利島_大正関東地震,5,y_m,INTEGER,0,,0
hazard_tsunami_arrival_利島_大正関東地震,6,lon,REAL,0,,0
hazard_tsunami_arrival_利島_大正関東地震,7,lat,REAL,0,,0
hazard_tsunami_arrival_利島_大正関東地震,8,source_resource_id,TEXT,0,,0
hazard_tsunami_arrival_利島_大正関東地震,9,source_resource,TEXT,0,,0
hazard_tsunami_arrival_利島_大正関東地震,10,source_url,TEXT,0,,0
hazard_tsunami_arrival_利島_大正関東地震,11,arrival_1cm_s,REAL,0,,0
hazard_tsunami_arrival_利島_大正関東地震,12,arrival_30cm_s,REAL,0,,0
hazard_tsunami_arrival_利島_大正関東地震,13,arrival_1m_s,REAL,0,,0
hazard_tsunami_arrival_利島_大正関東地震,14,arrival_maxlevel_s,REAL,0,,0
hazard_tsunami_arrival_区部_南海トラフ巨大地震_ケース1,0,fid,INTEGER,1,,1
hazard_tsunami_arrival_区部_南海トラフ巨大地震_ケース1,1,geom,POINT,0,,0
hazard_tsunami_arrival_区部_南海トラフ巨大地震_ケース1,2,area,TEXT,0,,0
hazard_tsunami_arrival_区部_南海トラフ巨大地震_ケース1,3,scenario,TEXT,0,,0
hazard_tsunami_arrival_区部_南海トラフ巨大地震_ケース1,4,x_m,INTEGER,0,,0
hazard_tsunami_arrival_区部_南海トラフ巨大地震_ケース1,5,y_m,INTEGER,0,,0
hazard_tsunami_arrival_区部_南海トラフ巨大地震_ケース1,6,lon,REAL,0,,0
hazard_tsunami_arrival_区部_南海トラフ巨大地震_ケース1,7,lat,REAL,0,,0
hazard_tsunami_arrival_区部_南海トラフ巨大地震_ケース1,8,source_resource_id,TEXT,0,,0
hazard_tsunami_arrival_区部_南海トラフ巨大地震_ケース1,9,source_resource,TEXT,0,,0
hazard_tsunami_arrival_区部_南海トラフ巨大地震_ケース1,10,source_url,TEXT,0,,0
hazard_tsunami_arrival_区部_南海トラフ巨大地震_ケース1,11,arrival_1cm_s,REAL,0,,0
hazard_tsunami_arrival_区部_南海トラフ巨大地震_ケース1,12,arrival_30cm_s,REAL,0,,0
hazard_tsunami_arrival_区部_南海トラフ巨大地震_ケース1,13,arrival_1m_s,REAL,0,,0
hazard_tsunami_arrival_区部_南海トラフ巨大地震_ケース1,14,arrival_maxlevel_s,REAL,0,,0
hazard_tsunami_arrival_区部_南海トラフ巨大地震_ケース2,0,fid,INTEGER,1,,1
hazard_tsunami_arrival_区部_南海トラフ巨大地震_ケース2,1,geom,POINT,0,,0
hazard_tsunami_arrival_区部_南海トラフ巨大地震_ケース2,2,area,TEXT,0,,0
hazard_tsunami_arrival_区部_南海トラフ巨大地震_ケース2,3,scenario,TEXT,0,,0
hazard_tsunami_arrival_区部_南海トラフ巨大地震_ケース2,4,x_m,INTEGER,0,,0
hazard_tsunami_arrival_区部_南海トラフ巨大地震_ケース2,5,y_m,INTEGER,0,,0
hazard_tsunami_arrival_区部_南海トラフ巨大地震_ケース2,6,lon,REAL,0,,0
hazard_tsunami_arrival_区部_南海トラフ巨大地震_ケース2,7,lat,REAL,0,,0
hazard_tsunami_arrival_区部_南海トラフ巨大地震_ケース2,8,source_resource_id,TEXT,0,,0
hazard_tsunami_arrival_区部_南海トラフ巨大地震_ケース2,9,source_resource,TEXT,0,,0
hazard_tsunami_arrival_区部_南海トラフ巨大地震_ケース2,10,source_url,TEXT,0,,0
hazard_tsunami_arrival_区部_南海トラフ巨大地震_ケース2,11,arrival_1cm_s,REAL,0,,0
hazard_tsunami_arrival_区部_南海トラフ巨大地震_ケース2,12,arrival_30cm_s,REAL,0,,0
hazard_tsunami_arrival_区部_南海トラフ巨大地震_ケース2,13,arrival_1m_s,REAL,0,,0
hazard_tsunami_arrival_区部_南海トラフ巨大地震_ケース2,14,arrival_maxlevel_s,REAL,0,,0
hazard_tsunami_arrival_区部_南海トラフ巨大地震_ケース5,0,fid,INTEGER,1,,1
hazard_tsunami_arrival_区部_南海トラフ巨大地震_ケース5,1,geom,POINT,0,,0
hazard_tsunami_arrival_区部_南海トラフ巨大地震_ケース5,2,area,TEXT,0,,0
hazard_tsunami_arrival_区部_南海トラフ巨大地震_ケース5,3,scenario,TEXT,0,,0
hazard_tsunami_arrival_区部_南海トラフ巨大地震_ケース5,4,x_m,INTEGER,0,,0
hazard_tsunami_arrival_区部_南海トラフ巨大地震_ケース5,5,y_m,INTEGER,0,,0
hazard_tsunami_arrival_区部_南海トラフ巨大地震_ケース5,6,lon,REAL,0,,0
hazard_tsunami_arrival_区部_南海トラフ巨大地震_ケース5,7,lat,REAL,0,,0
hazard_tsunami_arrival_区部_南海トラフ巨大地震_ケース5,8,source_resource_id,TEXT,0,,0
hazard_tsunami_arrival_区部_南海トラフ巨大地震_ケース5,9,source_resource,TEXT,0,,0
hazard_tsunami_arrival_区部_南海トラフ巨大地震_ケース5,10,source_url,TEXT,0,,0
hazard_tsunami_arrival_区部_南海トラフ巨大地震_ケース5,11,arrival_1cm_s,REAL,0,,0
hazard_tsunami_arrival_区部_南海トラフ巨大地震_ケース5,12,arrival_30cm_s,REAL,0,,0
hazard_tsunami_arrival_区部_南海トラフ巨大地震_ケース5,13,arrival_1m_s,REAL,0,,0
hazard_tsunami_arrival_区部_南海トラフ巨大地震_ケース5,14,arrival_maxlevel_s,REAL,0,,0
hazard_tsunami_arrival_区部_南海トラフ巨大地震_ケース6,0,fid,INTEGER,1,,1
hazard_tsunami_arrival_区部_南海トラフ巨大地震_ケース6,1,geom,POINT,0,,0
hazard_tsunami_arrival_区部_南海トラフ巨大地震_ケース6,2,area,TEXT,0,,0
hazard_tsunami_arrival_区部_南海トラフ巨大地震_ケース6,3,scenario,TEXT,0,,0
hazard_tsunami_arrival_区部_南海トラフ巨大地震_ケース6,4,x_m,INTEGER,0,,0
hazard_tsunami_arrival_区部_南海トラフ巨大地震_ケース6,5,y_m,INTEGER,0,,0
hazard_tsunami_arrival_区部_南海トラフ巨大地震_ケース6,6,lon,REAL,0,,0
hazard_tsunami_arrival_区部_南海トラフ巨大地震_ケース6,7,lat,REAL,0,,0
hazard_tsunami_arrival_区部_南海トラフ巨大地震_ケース6,8,source_resource_id,TEXT,0,,0
hazard_tsunami_arrival_区部_南海トラフ巨大地震_ケース6,9,source_resource,TEXT,0,,0
hazard_tsunami_arrival_区部_南海トラフ巨大地震_ケース6,10,source_url,TEXT,0,,0
hazard_tsunami_arrival_区部_南海トラフ巨大地震_ケース6,11,arrival_1cm_s,REAL,0,,0
hazard_tsunami_arrival_区部_南海トラフ巨大地震_ケース6,12,arrival_30cm_s,REAL,0,,0
hazard_tsunami_arrival_区部_南海トラフ巨大地震_ケース6,13,arrival_1m_s,REAL,0,,0
hazard_tsunami_arrival_区部_南海トラフ巨大地震_ケース6,14,arrival_maxlevel_s,REAL,0,,0
hazard_tsunami_arrival_区部_南海トラフ巨大地震_ケース8,0,fid,INTEGER,1,,1
hazard_tsunami_arrival_区部_南海トラフ巨大地震_ケース8,1,geom,POINT,0,,0
hazard_tsunami_arrival_区部_南海トラフ巨大地震_ケース8,2,area,TEXT,0,,0
hazard_tsunami_arrival_区部_南海トラフ巨大地震_ケース8,3,scenario,TEXT,0,,0
hazard_tsunami_arrival_区部_南海トラフ巨大地震_ケース8,4,x_m,INTEGER,0,,0
hazard_tsunami_arrival_区部_南海トラフ巨大地震_ケース8,5,y_m,INTEGER,0,,0
hazard_tsunami_arrival_区部_南海トラフ巨大地震_ケース8,6,lon,REAL,0,,0
hazard_tsunami_arrival_区部_南海トラフ巨大地震_ケース8,7,lat,REAL,0,,0
hazard_tsunami_arrival_区部_南海トラフ巨大地震_ケース8,8,source_resource_id,TEXT,0,,0
hazard_tsunami_arrival_区部_南海トラフ巨大地震_ケース8,9,source_resource,TEXT,0,,0
hazard_tsunami_arrival_区部_南海トラフ巨大地震_ケース8,10,source_url,TEXT,0,,0
hazard_tsunami_arrival_区部_南海トラフ巨大地震_ケース8,11,arrival_1cm_s,REAL,0,,0
hazard_tsunami_arrival_区部_南海トラフ巨大地震_ケース8,12,arrival_30cm_s,REAL,0,,0
hazard_tsunami_arrival_区部_南海トラフ巨大地震_ケース8,13,arrival_1m_s,REAL,0,,0
hazard_tsunami_arrival_区部_南海トラフ巨大地震_ケース8,14,arrival_maxlevel_s,REAL,0,,0
hazard_tsunami_arrival_区部_南海トラフ巨大地震_全5ケース最大値,0,fid,INTEGER,1,,1
hazard_tsunami_arrival_区部_南海トラフ巨大地震_全5ケース最大値,1,geom,POINT,0,,0
hazard_tsunami_arrival_区部_南海トラフ巨大地震_全5ケース最大値,2,area,TEXT,0,,0
hazard_tsunami_arrival_区部_南海トラフ巨大地震_全5ケース最大値,3,scenario,TEXT,0,,0
hazard_tsunami_arrival_区部_南海トラフ巨大地震_全5ケース最大値,4,x_m,INTEGER,0,,0
hazard_tsunami_arrival_区部_南海トラフ巨大地震_全5ケース最大値,5,y_m,INTEGER,0,,0
hazard_tsunami_arrival_区部_南海トラフ巨大地震_全5ケース最大値,6,lon,REAL,0,,0
hazard_tsunami_arrival_区部_南海トラフ巨大地震_全5ケース最大値,7,lat,REAL,0,,0
hazard_tsunami_arrival_区部_南海トラフ巨大地震_全5ケース最大値,8,source_resource_id,TEXT,0,,0
hazard_tsunami_arrival_区部_南海トラフ巨大地震_全5ケース最大値,9,source_resource,TEXT,0,,0
hazard_tsunami_arrival_区部_南海トラフ巨大地震_全5ケース最大値,10,source_url,TEXT,0,,0
hazard_tsunami_arrival_区部_南海トラフ巨大地震_全5ケース最大値,11,arrival_1cm_s,REAL,0,,0
hazard_tsunami_arrival_区部_南海トラフ巨大地震_全5ケース最大値,12,arrival_30cm_s,REAL,0,,0
hazard_tsunami_arrival_区部_南海トラフ巨大地震_全5ケース最大値,13,arrival_1m_s,REAL,0,,0
hazard_tsunami_arrival_区部_南海トラフ巨大地震_全5ケース最大値,14,arrival_maxlevel_s,REAL,0,,0
hazard_tsunami_arrival_区部_大正関東地震,0,fid,INTEGER,1,,1
hazard_tsunami_arrival_区部_大正関東地震,1,geom,POINT,0,,0
hazard_tsunami_arrival_区部_大正関東地震,2,area,TEXT,0,,0
hazard_tsunami_arrival_区部_大正関東地震,3,scenario,TEXT,0,,0
hazard_tsunami_arrival_区部_大正関東地震,4,x_m,INTEGER,0,,0
hazard_tsunami_arrival_区部_大正関東地震,5,y_m,INTEGER,0,,0
hazard_tsunami_arrival_区部_大正関東地震,6,lon,REAL,0,,0
hazard_tsunami_arrival_区部_大正関東地震,7,lat,REAL,0,,0
hazard_tsunami_arrival_区部_大正関東地震,8,source_resource_id,TEXT,0,,0
hazard_tsunami_arrival_区部_大正関東地震,9,source_resource,TEXT,0,,0
hazard_tsunami_arrival_区部_大正関東地震,10,source_url,TEXT,0,,0
hazard_tsunami_arrival_区部_大正関東地震,11,arrival_1cm_s,REAL,0,,0
hazard_tsunami_arrival_区部_大正関東地震,12,arrival_30cm_s,REAL,0,,0
hazard_tsunami_arrival_区部_大正関東地震,13,arrival_1m_s,REAL,0,,0
hazard_tsunami_arrival_区部_大正関東地震,14,arrival_maxlevel_s,REAL,0,,0
hazard_tsunami_arrival_大島_南海トラフ巨大地震_ケース1,0,fid,INTEGER,1,,1
hazard_tsunami_arrival_大島_南海トラフ巨大地震_ケース1,1,geom,POINT,0,,0
hazard_tsunami_arrival_大島_南海トラフ巨大地震_ケース1,2,area,TEXT,0,,0
hazard_tsunami_arrival_大島_南海トラフ巨大地震_ケース1,3,scenario,TEXT,0,,0
hazard_tsunami_arrival_大島_南海トラフ巨大地震_ケース1,4,x_m,INTEGER,0,,0
hazard_tsunami_arrival_大島_南海トラフ巨大地震_ケース1,5,y_m,INTEGER,0,,0
hazard_tsunami_arrival_大島_南海トラフ巨大地震_ケース1,6,lon,REAL,0,,0
hazard_tsunami_arrival_大島_南海トラフ巨大地震_ケース1,7,lat,REAL,0,,0
hazard_tsunami_arrival_大島_南海トラフ巨大地震_ケース1,8,source_resource_id,TEXT,0,,0
hazard_tsunami_arrival_大島_南海トラフ巨大地震_ケース1,9,source_resource,TEXT,0,,0
hazard_tsunami_arrival_大島_南海トラフ巨大地震_ケース1,10,source_url,TEXT,0,,0
hazard_tsunami_arrival_大島_南海トラフ巨大地震_ケース1,11,arrival_1cm_s,REAL,0,,0
hazard_tsunami_arrival_大島_南海トラフ巨大地震_ケース1,12,arrival_30cm_s,REAL,0,,0
hazard_tsunami_arrival_大島_南海トラフ巨大地震_ケース1,13,arrival_1m_s,REAL,0,,0
hazard_tsunami_arrival_大島_南海トラフ巨大地震_ケース1,14,arrival_maxlevel_s,REAL,0,,0
hazard_tsunami_arrival_大島_南海トラフ巨大地震_ケース2,0,fid,INTEGER,1,,1
hazard_tsunami_arrival_大島_南海トラフ巨大地震_ケース2,1,geom,POINT,0,,0
hazard_tsunami_arrival_大島_南海トラフ巨大地震_ケース2,2,area,TEXT,0,,0
hazard_tsunami_arrival_大島_南海トラフ巨大地震_ケース2,3,scenario,TEXT,0,,0
hazard_tsunami_arrival_大島_南海トラフ巨大地震_ケース2,4,x_m,INTEGER,0,,0
hazard_tsunami_arrival_大島_南海トラフ巨大地震_ケース2,5,y_m,INTEGER,0,,0
hazard_tsunami_arrival_大島_南海トラフ巨大地震_ケース2,6,lon,REAL,0,,0
hazard_tsunami_arrival_大島_南海トラフ巨大地震_ケース2,7,lat,REAL,0,,0
hazard_tsunami_arrival_大島_南海トラフ巨大地震_ケース2,8,source_resource_id,TEXT,0,,0
hazard_tsunami_arrival_大島_南海トラフ巨大地震_ケース2,9,source_resource,TEXT,0,,0
hazard_tsunami_arrival_大島_南海トラフ巨大地震_ケース2,10,source_url,TEXT,0,,0
hazard_tsunami_arrival_大島_南海トラフ巨大地震_ケース2,11,arrival_1cm_s,REAL,0,,0
hazard_tsunami_arrival_大島_南海トラフ巨大地震_ケース2,12,arrival_30cm_s,REAL,0,,0
hazard_tsunami_arrival_大島_南海トラフ巨大地震_ケース2,13,arrival_1m_s,REAL,0,,0
hazard_tsunami_arrival_大島_南海トラフ巨大地震_ケース2,14,arrival_maxlevel_s,REAL,0,,0
hazard_tsunami_arrival_大島_南海トラフ巨大地震_ケース5,0,fid,INTEGER,1,,1
hazard_tsunami_arrival_大島_南海トラフ巨大地震_ケース5,1,geom,POINT,0,,0
hazard_tsunami_arrival_大島_南海トラフ巨大地震_ケース5,2,area,TEXT,0,,0
hazard_tsunami_arrival_大島_南海トラフ巨大地震_ケース5,3,scenario,TEXT,0,,0
hazard_tsunami_arrival_大島_南海トラフ巨大地震_ケース5,4,x_m,INTEGER,0,,0
hazard_tsunami_arrival_大島_南海トラフ巨大地震_ケース5,5,y_m,INTEGER,0,,0
hazard_tsunami_arrival_大島_南海トラフ巨大地震_ケース5,6,lon,REAL,0,,0
hazard_tsunami_arrival_大島_南海トラフ巨大地震_ケース5,7,lat,REAL,0,,0
hazard_tsunami_arrival_大島_南海トラフ巨大地震_ケース5,8,source_resource_id,TEXT,0,,0
hazard_tsunami_arrival_大島_南海トラフ巨大地震_ケース5,9,source_resource,TEXT,0,,0
hazard_tsunami_arrival_大島_南海トラフ巨大地震_ケース5,10,source_url,TEXT,0,,0
hazard_tsunami_arrival_大島_南海トラフ巨大地震_ケース5,11,arrival_1cm_s,REAL,0,,0
hazard_tsunami_arrival_大島_南海トラフ巨大地震_ケース5,12,arrival_30cm_s,REAL,0,,0
hazard_tsunami_arrival_大島_南海トラフ巨大地震_ケース5,13,arrival_1m_s,REAL,0,,0
hazard_tsunami_arrival_大島_南海トラフ巨大地震_ケース5,14,arrival_maxlevel_s,REAL,0,,0
hazard_tsunami_arrival_大島_南海トラフ巨大地震_ケース6,0,fid,INTEGER,1,,1
hazard_tsunami_arrival_大島_南海トラフ巨大地震_ケース6,1,geom,POINT,0,,0
hazard_tsunami_arrival_大島_南海トラフ巨大地震_ケース6,2,area,TEXT,0,,0
hazard_tsunami_arrival_大島_南海トラフ巨大地震_ケース6,3,scenario,TEXT,0,,0
hazard_tsunami_arrival_大島_南海トラフ巨大地震_ケース6,4,x_m,INTEGER,0,,0
hazard_tsunami_arrival_大島_南海トラフ巨大地震_ケース6,5,y_m,INTEGER,0,,0
hazard_tsunami_arrival_大島_南海トラフ巨大地震_ケース6,6,lon,REAL,0,,0
hazard_tsunami_arrival_大島_南海トラフ巨大地震_ケース6,7,lat,REAL,0,,0
hazard_tsunami_arrival_大島_南海トラフ巨大地震_ケース6,8,source_resource_id,TEXT,0,,0
hazard_tsunami_arrival_大島_南海トラフ巨大地震_ケース6,9,source_resource,TEXT,0,,0
hazard_tsunami_arrival_大島_南海トラフ巨大地震_ケース6,10,source_url,TEXT,0,,0
hazard_tsunami_arrival_大島_南海トラフ巨大地震_ケース6,11,arrival_1cm_s,REAL,0,,0
hazard_tsunami_arrival_大島_南海トラフ巨大地震_ケース6,12,arrival_30cm_s,REAL,0,,0
hazard_tsunami_arrival_大島_南海トラフ巨大地震_ケース6,13,arrival_1m_s,REAL,0,,0
hazard_tsunami_arrival_大島_南海トラフ巨大地震_ケース6,14,arrival_maxlevel_s,REAL,0,,0
hazard_tsunami_arrival_大島_南海トラフ巨大地震_ケース8,0,fid,INTEGER,1,,1
hazard_tsunami_arrival_大島_南海トラフ巨大地震_ケース8,1,geom,POINT,0,,0
hazard_tsunami_arrival_大島_南海トラフ巨大地震_ケース8,2,area,TEXT,0,,0
hazard_tsunami_arrival_大島_南海トラフ巨大地震_ケース8,3,scenario,TEXT,0,,0
hazard_tsunami_arrival_大島_南海トラフ巨大地震_ケース8,4,x_m,INTEGER,0,,0
hazard_tsunami_arrival_大島_南海トラフ巨大地震_ケース8,5,y_m,INTEGER,0,,0
hazard_tsunami_arrival_大島_南海トラフ巨大地震_ケース8,6,lon,REAL,0,,0
hazard_tsunami_arrival_大島_南海トラフ巨大地震_ケース8,7,lat,REAL,0,,0
hazard_tsunami_arrival_大島_南海トラフ巨大地震_ケース8,8,source_resource_id,TEXT,0,,0
hazard_tsunami_arrival_大島_南海トラフ巨大地震_ケース8,9,source_resource,TEXT,0,,0
hazard_tsunami_arrival_大島_南海トラフ巨大地震_ケース8,10,source_url,TEXT,0,,0
hazard_tsunami_arrival_大島_南海トラフ巨大地震_ケース8,11,arrival_1cm_s,REAL,0,,0
hazard_tsunami_arrival_大島_南海トラフ巨大地震_ケース8,12,arrival_30cm_s,REAL,0,,0
hazard_tsunami_arrival_大島_南海トラフ巨大地震_ケース8,13,arrival_1m_s,REAL,0,,0
hazard_tsunami_arrival_大島_南海トラフ巨大地震_ケース8,14,arrival_maxlevel_s,REAL,0,,0
hazard_tsunami_arrival_大島_大正関東地震,0,fid,INTEGER,1,,1
hazard_tsunami_arrival_大島_大正関東地震,1,geom,POINT,0,,0
hazard_tsunami_arrival_大島_大正関東地震,2,area,TEXT,0,,0
hazard_tsunami_arrival_大島_大正関東地震,3,scenario,TEXT,0,,0
hazard_tsunami_arrival_大島_大正関東地震,4,x_m,INTEGER,0,,0
hazard_tsunami_arrival_大島_大正関東地震,5,y_m,INTEGER,0,,0
hazard_tsunami_arrival_大島_大正関東地震,6,lon,REAL,0,,0
hazard_tsunami_arrival_大島_大正関東地震,7,lat,REAL,0,,0
hazard_tsunami_arrival_大島_大正関東地震,8,source_resource_id,TEXT,0,,0
hazard_tsunami_arrival_大島_大正関東地震,9,source_resource,TEXT,0,,0
hazard_tsunami_arrival_大島_大正関東地震,10,source_url,TEXT,0,,0
hazard_tsunami_arrival_大島_大正関東地震,11,arrival_1cm_s,REAL,0,,0
hazard_tsunami_arrival_大島_大正関東地震,12,arrival_30cm_s,REAL,0,,0
hazard_tsunami_arrival_大島_大正関東地震,13,arrival_1m_s,REAL,0,,0
hazard_tsunami_arrival_大島_大正関東地震,14,arrival_maxlevel_s,REAL,0,,0
hazard_tsunami_arrival_御蔵島_南海トラフ巨大地震_ケース1,0,fid,INTEGER,1,,1
hazard_tsunami_arrival_御蔵島_南海トラフ巨大地震_ケース1,1,geom,POINT,0,,0
hazard_tsunami_arrival_御蔵島_南海トラフ巨大地震_ケース1,2,area,TEXT,0,,0
hazard_tsunami_arrival_御蔵島_南海トラフ巨大地震_ケース1,3,scenario,TEXT,0,,0
hazard_tsunami_arrival_御蔵島_南海トラフ巨大地震_ケース1,4,x_m,INTEGER,0,,0
hazard_tsunami_arrival_御蔵島_南海トラフ巨大地震_ケース1,5,y_m,INTEGER,0,,0
hazard_tsunami_arrival_御蔵島_南海トラフ巨大地震_ケース1,6,lon,REAL,0,,0
hazard_tsunami_arrival_御蔵島_南海トラフ巨大地震_ケース1,7,lat,REAL,0,,0
hazard_tsunami_arrival_御蔵島_南海トラフ巨大地震_ケース1,8,source_resource_id,TEXT,0,,0
hazard_tsunami_arrival_御蔵島_南海トラフ巨大地震_ケース1,9,source_resource,TEXT,0,,0
hazard_tsunami_arrival_御蔵島_南海トラフ巨大地震_ケース1,10,source_url,TEXT,0,,0
hazard_tsunami_arrival_御蔵島_南海トラフ巨大地震_ケース1,11,arrival_1cm_s,REAL,0,,0
hazard_tsunami_arrival_御蔵島_南海トラフ巨大地震_ケース1,12,arrival_30cm_s,REAL,0,,0
hazard_tsunami_arrival_御蔵島_南海トラフ巨大地震_ケース1,13,arrival_1m_s,REAL,0,,0
hazard_tsunami_arrival_御蔵島_南海トラフ巨大地震_ケース1,14,arrival_maxlevel_s,REAL,0,,0
hazard_tsunami_arrival_御蔵島_南海トラフ巨大地震_ケース2,0,fid,INTEGER,1,,1
hazard_tsunami_arrival_御蔵島_南海トラフ巨大地震_ケース2,1,geom,POINT,0,,0
hazard_tsunami_arrival_御蔵島_南海トラフ巨大地震_ケース2,2,area,TEXT,0,,0
hazard_tsunami_arrival_御蔵島_南海トラフ巨大地震_ケース2,3,scenario,TEXT,0,,0
hazard_tsunami_arrival_御蔵島_南海トラフ巨大地震_ケース2,4,x_m,INTEGER,0,,0
hazard_tsunami_arrival_御蔵島_南海トラフ巨大地震_ケース2,5,y_m,INTEGER,0,,0
hazard_tsunami_arrival_御蔵島_南海トラフ巨大地震_ケース2,6,lon,REAL,0,,0
hazard_tsunami_arrival_御蔵島_南海トラフ巨大地震_ケース2,7,lat,REAL,0,,0
hazard_tsunami_arrival_御蔵島_南海トラフ巨大地震_ケース2,8,source_resource_id,TEXT,0,,0
hazard_tsunami_arrival_御蔵島_南海トラフ巨大地震_ケース2,9,source_resource,TEXT,0,,0
hazard_tsunami_arrival_御蔵島_南海トラフ巨大地震_ケース2,10,source_url,TEXT,0,,0
hazard_tsunami_arrival_御蔵島_南海トラフ巨大地震_ケース2,11,arrival_1cm_s,REAL,0,,0
hazard_tsunami_arrival_御蔵島_南海トラフ巨大地震_ケース2,12,arrival_30cm_s,REAL,0,,0
hazard_tsunami_arrival_御蔵島_南海トラフ巨大地震_ケース2,13,arrival_1m_s,REAL,0,,0
hazard_tsunami_arrival_御蔵島_南海トラフ巨大地震_ケース2,14,arrival_maxlevel_s,REAL,0,,0
hazard_tsunami_arrival_御蔵島_南海トラフ巨大地震_ケース5,0,fid,INTEGER,1,,1
hazard_tsunami_arrival_御蔵島_南海トラフ巨大地震_ケース5,1,geom,POINT,0,,0
hazard_tsunami_arrival_御蔵島_南海トラフ巨大地震_ケース5,2,area,TEXT,0,,0
hazard_tsunami_arrival_御蔵島_南海トラフ巨大地震_ケース5,3,scenario,TEXT,0,,0
hazard_tsunami_arrival_御蔵島_南海トラフ巨大地震_ケース5,4,x_m,INTEGER,0,,0
hazard_tsunami_arrival_御蔵島_南海トラフ巨大地震_ケース5,5,y_m,INTEGER,0,,0
hazard_tsunami_arrival_御蔵島_南海トラフ巨大地震_ケース5,6,lon,REAL,0,,0
hazard_tsunami_arrival_御蔵島_南海トラフ巨大地震_ケース5,7,lat,REAL,0,,0
hazard_tsunami_arrival_御蔵島_南海トラフ巨大地震_ケース5,8,source_resource_id,TEXT,0,,0
hazard_tsunami_arrival_御蔵島_南海トラフ巨大地震_ケース5,9,source_resource,TEXT,0,,0
hazard_tsunami_arrival_御蔵島_南海トラフ巨大地震_ケース5,10,source_url,TEXT,0,,0
hazard_tsunami_arrival_御蔵島_南海トラフ巨大地震_ケース5,11,arrival_1cm_s,REAL,0,,0
hazard_tsunami_arrival_御蔵島_南海トラフ巨大地震_ケース5,12,arrival_30cm_s,REAL,0,,0
hazard_tsunami_arrival_御蔵島_南海トラフ巨大地震_ケース5,13,arrival_1m_s,REAL,0,,0
hazard_tsunami_arrival_御蔵島_南海トラフ巨大地震_ケース5,14,arrival_maxlevel_s,REAL,0,,0
hazard_tsunami_arrival_御蔵島_南海トラフ巨大地震_ケース6,0,fid,INTEGER,1,,1
hazard_tsunami_arrival_御蔵島_南海トラフ巨大地震_ケース6,1,geom,POINT,0,,0
hazard_tsunami_arrival_御蔵島_南海トラフ巨大地震_ケース6,2,area,TEXT,0,,0
hazard_tsunami_arrival_御蔵島_南海トラフ巨大地震_ケース6,3,scenario,TEXT,0,,0
hazard_tsunami_arrival_御蔵島_南海トラフ巨大地震_ケース6,4,x_m,INTEGER,0,,0
hazard_tsunami_arrival_御蔵島_南海トラフ巨大地震_ケース6,5,y_m,INTEGER,0,,0
hazard_tsunami_arrival_御蔵島_南海トラフ巨大地震_ケース6,6,lon,REAL,0,,0
hazard_tsunami_arrival_御蔵島_南海トラフ巨大地震_ケース6,7,lat,REAL,0,,0
hazard_tsunami_arrival_御蔵島_南海トラフ巨大地震_ケース6,8,source_resource_id,TEXT,0,,0
hazard_tsunami_arrival_御蔵島_南海トラフ巨大地震_ケース6,9,source_resource,TEXT,0,,0
hazard_tsunami_arrival_御蔵島_南海トラフ巨大地震_ケース6,10,source_url,TEXT,0,,0
hazard_tsunami_arrival_御蔵島_南海トラフ巨大地震_ケース6,11,arrival_1cm_s,REAL,0,,0
hazard_tsunami_arrival_御蔵島_南海トラフ巨大地震_ケース6,12,arrival_30cm_s,REAL,0,,0
hazard_tsunami_arrival_御蔵島_南海トラフ巨大地震_ケース6,13,arrival_1m_s,REAL,0,,0
hazard_tsunami_arrival_御蔵島_南海トラフ巨大地震_ケース6,14,arrival_maxlevel_s,REAL,0,,0
hazard_tsunami_arrival_御蔵島_南海トラフ巨大地震_ケース8,0,fid,INTEGER,1,,1
hazard_tsunami_arrival_御蔵島_南海トラフ巨大地震_ケース8,1,geom,POINT,0,,0
hazard_tsunami_arrival_御蔵島_南海トラフ巨大地震_ケース8,2,area,TEXT,0,,0
hazard_tsunami_arrival_御蔵島_南海トラフ巨大地震_ケース8,3,scenario,TEXT,0,,0
hazard_tsunami_arrival_御蔵島_南海トラフ巨大地震_ケース8,4,x_m,INTEGER,0,,0
hazard_tsunami_arrival_御蔵島_南海トラフ巨大地震_ケース8,5,y_m,INTEGER,0,,0
hazard_tsunami_arrival_御蔵島_南海トラフ巨大地震_ケース8,6,lon,REAL,0,,0
hazard_tsunami_arrival_御蔵島_南海トラフ巨大地震_ケース8,7,lat,REAL,0,,0
hazard_tsunami_arrival_御蔵島_南海トラフ巨大地震_ケース8,8,source_resource_id,TEXT,0,,0
hazard_tsunami_arrival_御蔵島_南海トラフ巨大地震_ケース8,9,source_resource,TEXT,0,,0
hazard_tsunami_arrival_御蔵島_南海トラフ巨大地震_ケース8,10,source_url,TEXT,0,,0
hazard_tsunami_arrival_御蔵島_南海トラフ巨大地震_ケース8,11,arrival_1cm_s,REAL,0,,0
hazard_tsunami_arrival_御蔵島_南海トラフ巨大地震_ケース8,12,arrival_30cm_s,REAL,0,,0
hazard_tsunami_arrival_御蔵島_南海トラフ巨大地震_ケース8,13,arrival_1m_s,REAL,0,,0
hazard_tsunami_arrival_御蔵島_南海トラフ巨大地震_ケース8,14,arrival_maxlevel_s,REAL,0,,0
hazard_tsunami_arrival_御蔵島_大正関東地震,0,fid,INTEGER,1,,1
hazard_tsunami_arrival_御蔵島_大正関東地震,1,geom,POINT,0,,0
hazard_tsunami_arrival_御蔵島_大正関東地震,2,area,TEXT,0,,0
hazard_tsunami_arrival_御蔵島_大正関東地震,3,scenario,TEXT,0,,0
hazard_tsunami_arrival_御蔵島_大正関東地震,4,x_m,INTEGER,0,,0
hazard_tsunami_arrival_御蔵島_大正関東地震,5,y_m,INTEGER,0,,0
hazard_tsunami_arrival_御蔵島_大正関東地震,6,lon,REAL,0,,0
hazard_tsunami_arrival_御蔵島_大正関東地震,7,lat,REAL,0,,0
hazard_tsunami_arrival_御蔵島_大正関東地震,8,source_resource_id,TEXT,0,,0
hazard_tsunami_arrival_御蔵島_大正関東地震,9,source_resource,TEXT,0,,0
hazard_tsunami_arrival_御蔵島_大正関東地震,10,source_url,TEXT,0,,0
hazard_tsunami_arrival_御蔵島_大正関東地震,11,arrival_1cm_s,REAL,0,,0
hazard_tsunami_arrival_御蔵島_大正関東地震,12,arrival_30cm_s,REAL,0,,0
hazard_tsunami_arrival_御蔵島_大正関東地震,13,arrival_1m_s,REAL,0,,0
hazard_tsunami_arrival_御蔵島_大正関東地震,14,arrival_maxlevel_s,REAL,0,,0
hazard_tsunami_arrival_新島_式根島_南海トラフ巨大地震_ケース1,0,fid,INTEGER,1,,1
hazard_tsunami_arrival_新島_式根島_南海トラフ巨大地震_ケース1,1,geom,POINT,0,,0
hazard_tsunami_arrival_新島_式根島_南海トラフ巨大地震_ケース1,2,area,TEXT,0,,0
hazard_tsunami_arrival_新島_式根島_南海トラフ巨大地震_ケース1,3,scenario,TEXT,0,,0
hazard_tsunami_arrival_新島_式根島_南海トラフ巨大地震_ケース1,4,x_m,INTEGER,0,,0
hazard_tsunami_arrival_新島_式根島_南海トラフ巨大地震_ケース1,5,y_m,INTEGER,0,,0
hazard_tsunami_arrival_新島_式根島_南海トラフ巨大地震_ケース1,6,lon,REAL,0,,0
hazard_tsunami_arrival_新島_式根島_南海トラフ巨大地震_ケース1,7,lat,REAL,0,,0
hazard_tsunami_arrival_新島_式根島_南海トラフ巨大地震_ケース1,8,source_resource_id,TEXT,0,,0
hazard_tsunami_arrival_新島_式根島_南海トラフ巨大地震_ケース1,9,source_resource,TEXT,0,,0
hazard_tsunami_arrival_新島_式根島_南海トラフ巨大地震_ケース1,10,source_url,TEXT,0,,0
hazard_tsunami_arrival_新島_式根島_南海トラフ巨大地震_ケース1,11,arrival_1cm_s,REAL,0,,0
hazard_tsunami_arrival_新島_式根島_南海トラフ巨大地震_ケース1,12,arrival_30cm_s,REAL,0,,0
hazard_tsunami_arrival_新島_式根島_南海トラフ巨大地震_ケース1,13,arrival_1m_s,REAL,0,,0
hazard_tsunami_arrival_新島_式根島_南海トラフ巨大地震_ケース1,14,arrival_maxlevel_s,REAL,0,,0
hazard_tsunami_arrival_新島_式根島_南海トラフ巨大地震_ケース2,0,fid,INTEGER,1,,1
hazard_tsunami_arrival_新島_式根島_南海トラフ巨大地震_ケース2,1,geom,POINT,0,,0
hazard_tsunami_arrival_新島_式根島_南海トラフ巨大地震_ケース2,2,area,TEXT,0,,0
hazard_tsunami_arrival_新島_式根島_南海トラフ巨大地震_ケース2,3,scenario,TEXT,0,,0
hazard_tsunami_arrival_新島_式根島_南海トラフ巨大地震_ケース2,4,x_m,INTEGER,0,,0
hazard_tsunami_arrival_新島_式根島_南海トラフ巨大地震_ケース2,5,y_m,INTEGER,0,,0
hazard_tsunami_arrival_新島_式根島_南海トラフ巨大地震_ケース2,6,lon,REAL,0,,0
hazard_tsunami_arrival_新島_式根島_南海トラフ巨大地震_ケース2,7,lat,REAL,0,,0
hazard_tsunami_arrival_新島_式根島_南海トラフ巨大地震_ケース2,8,source_resource_id,TEXT,0,,0
hazard_tsunami_arrival_新島_式根島_南海トラフ巨大地震_ケース2,9,source_resource,TEXT,0,,0
hazard_tsunami_arrival_新島_式根島_南海トラフ巨大地震_ケース2,10,source_url,TEXT,0,,0
hazard_tsunami_arrival_新島_式根島_南海トラフ巨大地震_ケース2,11,arrival_1cm_s,REAL,0,,0
hazard_tsunami_arrival_新島_式根島_南海トラフ巨大地震_ケース2,12,arrival_30cm_s,REAL,0,,0
hazard_tsunami_arrival_新島_式根島_南海トラフ巨大地震_ケース2,13,arrival_1m_s,REAL,0,,0
hazard_tsunami_arrival_新島_式根島_南海トラフ巨大地震_ケース2,14,arrival_maxlevel_s,REAL,0,,0
hazard_tsunami_arrival_新島_式根島_南海トラフ巨大地震_ケース5,0,fid,INTEGER,1,,1
hazard_tsunami_arrival_新島_式根島_南海トラフ巨大地震_ケース5,1,geom,POINT,0,,0
hazard_tsunami_arrival_新島_式根島_南海トラフ巨大地震_ケース5,2,area,TEXT,0,,0
hazard_tsunami_arrival_新島_式根島_南海トラフ巨大地震_ケース5,3,scenario,TEXT,0,,0
hazard_tsunami_arrival_新島_式根島_南海トラフ巨大地震_ケース5,4,x_m,INTEGER,0,,0
hazard_tsunami_arrival_新島_式根島_南海トラフ巨大地震_ケース5,5,y_m,INTEGER,0,,0
hazard_tsunami_arrival_新島_式根島_南海トラフ巨大地震_ケース5,6,lon,REAL,0,,0
hazard_tsunami_arrival_新島_式根島_南海トラフ巨大地震_ケース5,7,lat,REAL,0,,0
hazard_tsunami_arrival_新島_式根島_南海トラフ巨大地震_ケース5,8,source_resource_id,TEXT,0,,0
hazard_tsunami_arrival_新島_式根島_南海トラフ巨大地震_ケース5,9,source_resource,TEXT,0,,0
hazard_tsunami_arrival_新島_式根島_南海トラフ巨大地震_ケース5,10,source_url,TEXT,0,,0
hazard_tsunami_arrival_新島_式根島_南海トラフ巨大地震_ケース5,11,arrival_1cm_s,REAL,0,,0
hazard_tsunami_arrival_新島_式根島_南海トラフ巨大地震_ケース5,12,arrival_30cm_s,REAL,0,,0
hazard_tsunami_arrival_新島_式根島_南海トラフ巨大地震_ケース5,13,arrival_1m_s,REAL,0,,0
hazard_tsunami_arrival_新島_式根島_南海トラフ巨大地震_ケース5,14,arrival_maxlevel_s,REAL,0,,0
hazard_tsunami_arrival_新島_式根島_南海トラフ巨大地震_ケース6,0,fid,INTEGER,1,,1
hazard_tsunami_arrival_新島_式根島_南海トラフ巨大地震_ケース6,1,geom,POINT,0,,0
hazard_tsunami_arrival_新島_式根島_南海トラフ巨大地震_ケース6,2,area,TEXT,0,,0
hazard_tsunami_arrival_新島_式根島_南海トラフ巨大地震_ケース6,3,scenario,TEXT,0,,0
hazard_tsunami_arrival_新島_式根島_南海トラフ巨大地震_ケース6,4,x_m,INTEGER,0,,0
hazard_tsunami_arrival_新島_式根島_南海トラフ巨大地震_ケース6,5,y_m,INTEGER,0,,0
hazard_tsunami_arrival_新島_式根島_南海トラフ巨大地震_ケース6,6,lon,REAL,0,,0
hazard_tsunami_arrival_新島_式根島_南海トラフ巨大地震_ケース6,7,lat,REAL,0,,0
hazard_tsunami_arrival_新島_式根島_南海トラフ巨大地震_ケース6,8,source_resource_id,TEXT,0,,0
hazard_tsunami_arrival_新島_式根島_南海トラフ巨大地震_ケース6,9,source_resource,TEXT,0,,0
hazard_tsunami_arrival_新島_式根島_南海トラフ巨大地震_ケース6,10,source_url,TEXT,0,,0
hazard_tsunami_arrival_新島_式根島_南海トラフ巨大地震_ケース6,11,arrival_1cm_s,REAL,0,,0
hazard_tsunami_arrival_新島_式根島_南海トラフ巨大地震_ケース6,12,arrival_30cm_s,REAL,0,,0
hazard_tsunami_arrival_新島_式根島_南海トラフ巨大地震_ケース6,13,arrival_1m_s,REAL,0,,0
hazard_tsunami_arrival_新島_式根島_南海トラフ巨大地震_ケース6,14,arrival_maxlevel_s,REAL,0,,0
hazard_tsunami_arrival_新島_式根島_南海トラフ巨大地震_ケース8,0,fid,INTEGER,1,,1
hazard_tsunami_arrival_新島_式根島_南海トラフ巨大地震_ケース8,1,geom,POINT,0,,0
hazard_tsunami_arrival_新島_式根島_南海トラフ巨大地震_ケース8,2,area,TEXT,0,,0
hazard_tsunami_arrival_新島_式根島_南海トラフ巨大地震_ケース8,3,scenario,TEXT,0,,0
hazard_tsunami_arrival_新島_式根島_南海トラフ巨大地震_ケース8,4,x_m,INTEGER,0,,0
hazard_tsunami_arrival_新島_式根島_南海トラフ巨大地震_ケース8,5,y_m,INTEGER,0,,0
hazard_tsunami_arrival_新島_式根島_南海トラフ巨大地震_ケース8,6,lon,REAL,0,,0
hazard_tsunami_arrival_新島_式根島_南海トラフ巨大地震_ケース8,7,lat,REAL,0,,0
hazard_tsunami_arrival_新島_式根島_南海トラフ巨大地震_ケース8,8,source_resource_id,TEXT,0,,0
hazard_tsunami_arrival_新島_式根島_南海トラフ巨大地震_ケース8,9,source_resource,TEXT,0,,0
hazard_tsunami_arrival_新島_式根島_南海トラフ巨大地震_ケース8,10,source_url,TEXT,0,,0
hazard_tsunami_arrival_新島_式根島_南海トラフ巨大地震_ケース8,11,arrival_1cm_s,REAL,0,,0
hazard_tsunami_arrival_新島_式根島_南海トラフ巨大地震_ケース8,12,arrival_30cm_s,REAL,0,,0
hazard_tsunami_arrival_新島_式根島_南海トラフ巨大地震_ケース8,13,arrival_1m_s,REAL,0,,0
hazard_tsunami_arrival_新島_式根島_南海トラフ巨大地震_ケース8,14,arrival_maxlevel_s,REAL,0,,0
hazard_tsunami_arrival_新島_式根島_大正関東地震,0,fid,INTEGER,1,,1
hazard_tsunami_arrival_新島_式根島_大正関東地震,1,geom,POINT,0,,0
hazard_tsunami_arrival_新島_式根島_大正関東地震,2,area,TEXT,0,,0
hazard_tsunami_arrival_新島_式根島_大正関東地震,3,scenario,TEXT,0,,0
hazard_tsunami_arrival_新島_式根島_大正関東地震,4,x_m,INTEGER,0,,0
hazard_tsunami_arrival_新島_式根島_大正関東地震,5,y_m,INTEGER,0,,0
hazard_tsunami_arrival_新島_式根島_大正関東地震,6,lon,REAL,0,,0
hazard_tsunami_arrival_新島_式根島_大正関東地震,7,lat,REAL,0,,0
hazard_tsunami_arrival_新島_式根島_大正関東地震,8,source_resource_id,TEXT,0,,0
hazard_tsunami_arrival_新島_式根島_大正関東地震,9,source_resource,TEXT,0,,0
hazard_tsunami_arrival_新島_式根島_大正関東地震,10,source_url,TEXT,0,,0
hazard_tsunami_arrival_新島_式根島_大正関東地震,11,arrival_1cm_s,REAL,0,,0
hazard_tsunami_arrival_新島_式根島_大正関東地震,12,arrival_30cm_s,REAL,0,,0
hazard_tsunami_arrival_新島_式根島_大正関東地震,13,arrival_1m_s,REAL,0,,0
hazard_tsunami_arrival_新島_式根島_大正関東地震,14,arrival_maxlevel_s,REAL,0,,0
hazard_tsunami_arrival_母島_南海トラフ巨大地震_ケース1,0,fid,INTEGER,1,,1
hazard_tsunami_arrival_母島_南海トラフ巨大地震_ケース1,1,geom,POINT,0,,0
hazard_tsunami_arrival_母島_南海トラフ巨大地震_ケース1,2,area,TEXT,0,,0
hazard_tsunami_arrival_母島_南海トラフ巨大地震_ケース1,3,scenario,TEXT,0,,0
hazard_tsunami_arrival_母島_南海トラフ巨大地震_ケース1,4,x_m,INTEGER,0,,0
hazard_tsunami_arrival_母島_南海トラフ巨大地震_ケース1,5,y_m,INTEGER,0,,0
hazard_tsunami_arrival_母島_南海トラフ巨大地震_ケース1,6,lon,REAL,0,,0
hazard_tsunami_arrival_母島_南海トラフ巨大地震_ケース1,7,lat,REAL,0,,0
hazard_tsunami_arrival_母島_南海トラフ巨大地震_ケース1,8,source_resource_id,TEXT,0,,0
hazard_tsunami_arrival_母島_南海トラフ巨大地震_ケース1,9,source_resource,TEXT,0,,0
hazard_tsunami_arrival_母島_南海トラフ巨大地震_ケース1,10,source_url,TEXT,0,,0
hazard_tsunami_arrival_母島_南海トラフ巨大地震_ケース1,11,arrival_1cm_s,REAL,0,,0
hazard_tsunami_arrival_母島_南海トラフ巨大地震_ケース1,12,arrival_30cm_s,REAL,0,,0
hazard_tsunami_arrival_母島_南海トラフ巨大地震_ケース1,13,arrival_1m_s,REAL,0,,0
hazard_tsunami_arrival_母島_南海トラフ巨大地震_ケース1,14,arrival_maxlevel_s,REAL,0,,0
hazard_tsunami_arrival_母島_南海トラフ巨大地震_ケース2,0,fid,INTEGER,1,,1
hazard_tsunami_arrival_母島_南海トラフ巨大地震_ケース2,1,geom,POINT,0,,0
hazard_tsunami_arrival_母島_南海トラフ巨大地震_ケース2,2,area,TEXT,0,,0
hazard_tsunami_arrival_母島_南海トラフ巨大地震_ケース2,3,scenario,TEXT,0,,0
hazard_tsunami_arrival_母島_南海トラフ巨大地震_ケース2,4,x_m,INTEGER,0,,0
hazard_tsunami_arrival_母島_南海トラフ巨大地震_ケース2,5,y_m,INTEGER,0,,0
hazard_tsunami_arrival_母島_南海トラフ巨大地震_ケース2,6,lon,REAL,0,,0
hazard_tsunami_arrival_母島_南海トラフ巨大地震_ケース2,7,lat,REAL,0,,0
hazard_tsunami_arrival_母島_南海トラフ巨大地震_ケース2,8,source_resource_id,TEXT,0,,0
hazard_tsunami_arrival_母島_南海トラフ巨大地震_ケース2,9,source_resource,TEXT,0,,0
hazard_tsunami_arrival_母島_南海トラフ巨大地震_ケース2,10,source_url,TEXT,0,,0
hazard_tsunami_arrival_母島_南海トラフ巨大地震_ケース2,11,arrival_1cm_s,REAL,0,,0
hazard_tsunami_arrival_母島_南海トラフ巨大地震_ケース2,12,arrival_30cm_s,REAL,0,,0
hazard_tsunami_arrival_母島_南海トラフ巨大地震_ケース2,13,arrival_1m_s,REAL,0,,0
hazard_tsunami_arrival_母島_南海トラフ巨大地震_ケース2,14,arrival_maxlevel_s,REAL,0,,0
hazard_tsunami_arrival_母島_南海トラフ巨大地震_ケース5,0,fid,INTEGER,1,,1
hazard_tsunami_arrival_母島_南海トラフ巨大地震_ケース5,1,geom,POINT,0,,0
hazard_tsunami_arrival_母島_南海トラフ巨大地震_ケース5,2,area,TEXT,0,,0
hazard_tsunami_arrival_母島_南海トラフ巨大地震_ケース5,3,scenario,TEXT,0,,0
hazard_tsunami_arrival_母島_南海トラフ巨大地震_ケース5,4,x_m,INTEGER,0,,0
hazard_tsunami_arrival_母島_南海トラフ巨大地震_ケース5,5,y_m,INTEGER,0,,0
hazard_tsunami_arrival_母島_南海トラフ巨大地震_ケース5,6,lon,REAL,0,,0
hazard_tsunami_arrival_母島_南海トラフ巨大地震_ケース5,7,lat,REAL,0,,0
hazard_tsunami_arrival_母島_南海トラフ巨大地震_ケース5,8,source_resource_id,TEXT,0,,0
hazard_tsunami_arrival_母島_南海トラフ巨大地震_ケース5,9,source_resource,TEXT,0,,0
hazard_tsunami_arrival_母島_南海トラフ巨大地震_ケース5,10,source_url,TEXT,0,,0
hazard_tsunami_arrival_母島_南海トラフ巨大地震_ケース5,11,arrival_1cm_s,REAL,0,,0
hazard_tsunami_arrival_母島_南海トラフ巨大地震_ケース5,12,arrival_30cm_s,REAL,0,,0
hazard_tsunami_arrival_母島_南海トラフ巨大地震_ケース5,13,arrival_1m_s,REAL,0,,0
hazard_tsunami_arrival_母島_南海トラフ巨大地震_ケース5,14,arrival_maxlevel_s,REAL,0,,0
hazard_tsunami_arrival_母島_南海トラフ巨大地震_ケース6,0,fid,INTEGER,1,,1
hazard_tsunami_arrival_母島_南海トラフ巨大地震_ケース6,1,geom,POINT,0,,0
hazard_tsunami_arrival_母島_南海トラフ巨大地震_ケース6,2,area,TEXT,0,,0
hazard_tsunami_arrival_母島_南海トラフ巨大地震_ケース6,3,scenario,TEXT,0,,0
hazard_tsunami_arrival_母島_南海トラフ巨大地震_ケース6,4,x_m,INTEGER,0,,0
hazard_tsunami_arrival_母島_南海トラフ巨大地震_ケース6,5,y_m,INTEGER,0,,0
hazard_tsunami_arrival_母島_南海トラフ巨大地震_ケース6,6,lon,REAL,0,,0
hazard_tsunami_arrival_母島_南海トラフ巨大地震_ケース6,7,lat,REAL,0,,0
hazard_tsunami_arrival_母島_南海トラフ巨大地震_ケース6,8,source_resource_id,TEXT,0,,0
hazard_tsunami_arrival_母島_南海トラフ巨大地震_ケース6,9,source_resource,TEXT,0,,0
hazard_tsunami_arrival_母島_南海トラフ巨大地震_ケース6,10,source_url,TEXT,0,,0
hazard_tsunami_arrival_母島_南海トラフ巨大地震_ケース6,11,arrival_1cm_s,REAL,0,,0
hazard_tsunami_arrival_母島_南海トラフ巨大地震_ケース6,12,arrival_30cm_s,REAL,0,,0
hazard_tsunami_arrival_母島_南海トラフ巨大地震_ケース6,13,arrival_1m_s,REAL,0,,0
hazard_tsunami_arrival_母島_南海トラフ巨大地震_ケース6,14,arrival_maxlevel_s,REAL,0,,0
hazard_tsunami_arrival_母島_南海トラフ巨大地震_ケース8,0,fid,INTEGER,1,,1
hazard_tsunami_arrival_母島_南海トラフ巨大地震_ケース8,1,geom,POINT,0,,0
hazard_tsunami_arrival_母島_南海トラフ巨大地震_ケース8,2,area,TEXT,0,,0
hazard_tsunami_arrival_母島_南海トラフ巨大地震_ケース8,3,scenario,TEXT,0,,0
hazard_tsunami_arrival_母島_南海トラフ巨大地震_ケース8,4,x_m,INTEGER,0,,0
hazard_tsunami_arrival_母島_南海トラフ巨大地震_ケース8,5,y_m,INTEGER,0,,0
hazard_tsunami_arrival_母島_南海トラフ巨大地震_ケース8,6,lon,REAL,0,,0
hazard_tsunami_arrival_母島_南海トラフ巨大地震_ケース8,7,lat,REAL,0,,0
hazard_tsunami_arrival_母島_南海トラフ巨大地震_ケース8,8,source_resource_id,TEXT,0,,0
hazard_tsunami_arrival_母島_南海トラフ巨大地震_ケース8,9,source_resource,TEXT,0,,0
hazard_tsunami_arrival_母島_南海トラフ巨大地震_ケース8,10,source_url,TEXT,0,,0
hazard_tsunami_arrival_母島_南海トラフ巨大地震_ケース8,11,arrival_1cm_s,REAL,0,,0
hazard_tsunami_arrival_母島_南海トラフ巨大地震_ケース8,12,arrival_30cm_s,REAL,0,,0
hazard_tsunami_arrival_母島_南海トラフ巨大地震_ケース8,13,arrival_1m_s,REAL,0,,0
hazard_tsunami_arrival_母島_南海トラフ巨大地震_ケース8,14,arrival_maxlevel_s,REAL,0,,0
hazard_tsunami_arrival_母島_大正関東地震,0,fid,INTEGER,1,,1
hazard_tsunami_arrival_母島_大正関東地震,1,geom,POINT,0,,0
hazard_tsunami_arrival_母島_大正関東地震,2,area,TEXT,0,,0
hazard_tsunami_arrival_母島_大正関東地震,3,scenario,TEXT,0,,0
hazard_tsunami_arrival_母島_大正関東地震,4,x_m,INTEGER,0,,0
hazard_tsunami_arrival_母島_大正関東地震,5,y_m,INTEGER,0,,0
hazard_tsunami_arrival_母島_大正関東地震,6,lon,REAL,0,,0
hazard_tsunami_arrival_母島_大正関東地震,7,lat,REAL,0,,0
hazard_tsunami_arrival_母島_大正関東地震,8,source_resource_id,TEXT,0,,0
hazard_tsunami_arrival_母島_大正関東地震,9,source_resource,TEXT,0,,0
hazard_tsunami_arrival_母島_大正関東地震,10,source_url,TEXT,0,,0
hazard_tsunami_arrival_母島_大正関東地震,11,arrival_1cm_s,REAL,0,,0
hazard_tsunami_arrival_母島_大正関東地震,12,arrival_30cm_s,REAL,0,,0
hazard_tsunami_arrival_母島_大正関東地震,13,arrival_1m_s,REAL,0,,0
hazard_tsunami_arrival_母島_大正関東地震,14,arrival_maxlevel_s,REAL,0,,0
hazard_tsunami_arrival_父島_南海トラフ巨大地震_ケース1,0,fid,INTEGER,1,,1
hazard_tsunami_arrival_父島_南海トラフ巨大地震_ケース1,1,geom,POINT,0,,0
hazard_tsunami_arrival_父島_南海トラフ巨大地震_ケース1,2,area,TEXT,0,,0
hazard_tsunami_arrival_父島_南海トラフ巨大地震_ケース1,3,scenario,TEXT,0,,0
hazard_tsunami_arrival_父島_南海トラフ巨大地震_ケース1,4,x_m,INTEGER,0,,0
hazard_tsunami_arrival_父島_南海トラフ巨大地震_ケース1,5,y_m,INTEGER,0,,0
hazard_tsunami_arrival_父島_南海トラフ巨大地震_ケース1,6,lon,REAL,0,,0
hazard_tsunami_arrival_父島_南海トラフ巨大地震_ケース1,7,lat,REAL,0,,0
hazard_tsunami_arrival_父島_南海トラフ巨大地震_ケース1,8,source_resource_id,TEXT,0,,0
hazard_tsunami_arrival_父島_南海トラフ巨大地震_ケース1,9,source_resource,TEXT,0,,0
hazard_tsunami_arrival_父島_南海トラフ巨大地震_ケース1,10,source_url,TEXT,0,,0
hazard_tsunami_arrival_父島_南海トラフ巨大地震_ケース1,11,arrival_1cm_s,REAL,0,,0
hazard_tsunami_arrival_父島_南海トラフ巨大地震_ケース1,12,arrival_30cm_s,REAL,0,,0
hazard_tsunami_arrival_父島_南海トラフ巨大地震_ケース1,13,arrival_1m_s,REAL,0,,0
hazard_tsunami_arrival_父島_南海トラフ巨大地震_ケース1,14,arrival_maxlevel_s,REAL,0,,0
hazard_tsunami_arrival_父島_南海トラフ巨大地震_ケース2,0,fid,INTEGER,1,,1
hazard_tsunami_arrival_父島_南海トラフ巨大地震_ケース2,1,geom,POINT,0,,0
hazard_tsunami_arrival_父島_南海トラフ巨大地震_ケース2,2,area,TEXT,0,,0
hazard_tsunami_arrival_父島_南海トラフ巨大地震_ケース2,3,scenario,TEXT,0,,0
hazard_tsunami_arrival_父島_南海トラフ巨大地震_ケース2,4,x_m,INTEGER,0,,0
hazard_tsunami_arrival_父島_南海トラフ巨大地震_ケース2,5,y_m,INTEGER,0,,0
hazard_tsunami_arrival_父島_南海トラフ巨大地震_ケース2,6,lon,REAL,0,,0
hazard_tsunami_arrival_父島_南海トラフ巨大地震_ケース2,7,lat,REAL,0,,0
hazard_tsunami_arrival_父島_南海トラフ巨大地震_ケース2,8,source_resource_id,TEXT,0,,0
hazard_tsunami_arrival_父島_南海トラフ巨大地震_ケース2,9,source_resource,TEXT,0,,0
hazard_tsunami_arrival_父島_南海トラフ巨大地震_ケース2,10,source_url,TEXT,0,,0
hazard_tsunami_arrival_父島_南海トラフ巨大地震_ケース2,11,arrival_1cm_s,REAL,0,,0
hazard_tsunami_arrival_父島_南海トラフ巨大地震_ケース2,12,arrival_30cm_s,REAL,0,,0
hazard_tsunami_arrival_父島_南海トラフ巨大地震_ケース2,13,arrival_1m_s,REAL,0,,0
hazard_tsunami_arrival_父島_南海トラフ巨大地震_ケース2,14,arrival_maxlevel_s,REAL,0,,0
hazard_tsunami_arrival_父島_南海トラフ巨大地震_ケース5,0,fid,INTEGER,1,,1
hazard_tsunami_arrival_父島_南海トラフ巨大地震_ケース5,1,geom,POINT,0,,0
hazard_tsunami_arrival_父島_南海トラフ巨大地震_ケース5,2,area,TEXT,0,,0
hazard_tsunami_arrival_父島_南海トラフ巨大地震_ケース5,3,scenario,TEXT,0,,0
hazard_tsunami_arrival_父島_南海トラフ巨大地震_ケース5,4,x_m,INTEGER,0,,0
hazard_tsunami_arrival_父島_南海トラフ巨大地震_ケース5,5,y_m,INTEGER,0,,0
hazard_tsunami_arrival_父島_南海トラフ巨大地震_ケース5,6,lon,REAL,0,,0
hazard_tsunami_arrival_父島_南海トラフ巨大地震_ケース5,7,lat,REAL,0,,0
hazard_tsunami_arrival_父島_南海トラフ巨大地震_ケース5,8,source_resource_id,TEXT,0,,0
hazard_tsunami_arrival_父島_南海トラフ巨大地震_ケース5,9,source_resource,TEXT,0,,0
hazard_tsunami_arrival_父島_南海トラフ巨大地震_ケース5,10,source_url,TEXT,0,,0
hazard_tsunami_arrival_父島_南海トラフ巨大地震_ケース5,11,arrival_1cm_s,REAL,0,,0
hazard_tsunami_arrival_父島_南海トラフ巨大地震_ケース5,12,arrival_30cm_s,REAL,0,,0
hazard_tsunami_arrival_父島_南海トラフ巨大地震_ケース5,13,arrival_1m_s,REAL,0,,0
hazard_tsunami_arrival_父島_南海トラフ巨大地震_ケース5,14,arrival_maxlevel_s,REAL,0,,0
hazard_tsunami_arrival_父島_南海トラフ巨大地震_ケース6,0,fid,INTEGER,1,,1
hazard_tsunami_arrival_父島_南海トラフ巨大地震_ケース6,1,geom,POINT,0,,0
hazard_tsunami_arrival_父島_南海トラフ巨大地震_ケース6,2,area,TEXT,0,,0
hazard_tsunami_arrival_父島_南海トラフ巨大地震_ケース6,3,scenario,TEXT,0,,0
hazard_tsunami_arrival_父島_南海トラフ巨大地震_ケース6,4,x_m,INTEGER,0,,0
hazard_tsunami_arrival_父島_南海トラフ巨大地震_ケース6,5,y_m,INTEGER,0,,0
hazard_tsunami_arrival_父島_南海トラフ巨大地震_ケース6,6,lon,REAL,0,,0
hazard_tsunami_arrival_父島_南海トラフ巨大地震_ケース6,7,lat,REAL,0,,0
hazard_tsunami_arrival_父島_南海トラフ巨大地震_ケース6,8,source_resource_id,TEXT,0,,0
hazard_tsunami_arrival_父島_南海トラフ巨大地震_ケース6,9,source_resource,TEXT,0,,0
hazard_tsunami_arrival_父島_南海トラフ巨大地震_ケース6,10,source_url,TEXT,0,,0
hazard_tsunami_arrival_父島_南海トラフ巨大地震_ケース6,11,arrival_1cm_s,REAL,0,,0
hazard_tsunami_arrival_父島_南海トラフ巨大地震_ケース6,12,arrival_30cm_s,REAL,0,,0
hazard_tsunami_arrival_父島_南海トラフ巨大地震_ケース6,13,arrival_1m_s,REAL,0,,0
hazard_tsunami_arrival_父島_南海トラフ巨大地震_ケース6,14,arrival_maxlevel_s,REAL,0,,0
hazard_tsunami_arrival_父島_南海トラフ巨大地震_ケース8,0,fid,INTEGER,1,,1
hazard_tsunami_arrival_父島_南海トラフ巨大地震_ケース8,1,geom,POINT,0,,0
hazard_tsunami_arrival_父島_南海トラフ巨大地震_ケース8,2,area,TEXT,0,,0
hazard_tsunami_arrival_父島_南海トラフ巨大地震_ケース8,3,scenario,TEXT,0,,0
hazard_tsunami_arrival_父島_南海トラフ巨大地震_ケース8,4,x_m,INTEGER,0,,0
hazard_tsunami_arrival_父島_南海トラフ巨大地震_ケース8,5,y_m,INTEGER,0,,0
hazard_tsunami_arrival_父島_南海トラフ巨大地震_ケース8,6,lon,REAL,0,,0
hazard_tsunami_arrival_父島_南海トラフ巨大地震_ケース8,7,lat,REAL,0,,0
hazard_tsunami_arrival_父島_南海トラフ巨大地震_ケース8,8,source_resource_id,TEXT,0,,0
hazard_tsunami_arrival_父島_南海トラフ巨大地震_ケース8,9,source_resource,TEXT,0,,0
hazard_tsunami_arrival_父島_南海トラフ巨大地震_ケース8,10,source_url,TEXT,0,,0
hazard_tsunami_arrival_父島_南海トラフ巨大地震_ケース8,11,arrival_1cm_s,REAL,0,,0
hazard_tsunami_arrival_父島_南海トラフ巨大地震_ケース8,12,arrival_30cm_s,REAL,0,,0
hazard_tsunami_arrival_父島_南海トラフ巨大地震_ケース8,13,arrival_1m_s,REAL,0,,0
hazard_tsunami_arrival_父島_南海トラフ巨大地震_ケース8,14,arrival_maxlevel_s,REAL,0,,0
hazard_tsunami_arrival_父島_大正関東地震,0,fid,INTEGER,1,,1
hazard_tsunami_arrival_父島_大正関東地震,1,geom,POINT,0,,0
hazard_tsunami_arrival_父島_大正関東地震,2,area,TEXT,0,,0
hazard_tsunami_arrival_父島_大正関東地震,3,scenario,TEXT,0,,0
hazard_tsunami_arrival_父島_大正関東地震,4,x_m,INTEGER,0,,0
hazard_tsunami_arrival_父島_大正関東地震,5,y_m,INTEGER,0,,0
hazard_tsunami_arrival_父島_大正関東地震,6,lon,REAL,0,,0
hazard_tsunami_arrival_父島_大正関東地震,7,lat,REAL,0,,0
hazard_tsunami_arrival_父島_大正関東地震,8,source_resource_id,TEXT,0,,0
hazard_tsunami_arrival_父島_大正関東地震,9,source_resource,TEXT,0,,0
hazard_tsunami_arrival_父島_大正関東地震,10,source_url,TEXT,0,,0
hazard_tsunami_arrival_父島_大正関東地震,11,arrival_1cm_s,REAL,0,,0
hazard_tsunami_arrival_父島_大正関東地震,12,arrival_30cm_s,REAL,0,,0
hazard_tsunami_arrival_父島_大正関東地震,13,arrival_1m_s,REAL,0,,0
hazard_tsunami_arrival_父島_大正関東地震,14,arrival_maxlevel_s,REAL,0,,0
hazard_tsunami_arrival_神津島_南海トラフ巨大地震_ケース1,0,fid,INTEGER,1,,1
hazard_tsunami_arrival_神津島_南海トラフ巨大地震_ケース1,1,geom,POINT,0,,0
hazard_tsunami_arrival_神津島_南海トラフ巨大地震_ケース1,2,area,TEXT,0,,0
hazard_tsunami_arrival_神津島_南海トラフ巨大地震_ケース1,3,scenario,TEXT,0,,0
hazard_tsunami_arrival_神津島_南海トラフ巨大地震_ケース1,4,x_m,INTEGER,0,,0
hazard_tsunami_arrival_神津島_南海トラフ巨大地震_ケース1,5,y_m,INTEGER,0,,0
hazard_tsunami_arrival_神津島_南海トラフ巨大地震_ケース1,6,lon,REAL,0,,0
hazard_tsunami_arrival_神津島_南海トラフ巨大地震_ケース1,7,lat,REAL,0,,0
hazard_tsunami_arrival_神津島_南海トラフ巨大地震_ケース1,8,source_resource_id,TEXT,0,,0
hazard_tsunami_arrival_神津島_南海トラフ巨大地震_ケース1,9,source_resource,TEXT,0,,0
hazard_tsunami_arrival_神津島_南海トラフ巨大地震_ケース1,10,source_url,TEXT,0,,0
hazard_tsunami_arrival_神津島_南海トラフ巨大地震_ケース1,11,arrival_1cm_s,REAL,0,,0
hazard_tsunami_arrival_神津島_南海トラフ巨大地震_ケース1,12,arrival_30cm_s,REAL,0,,0
hazard_tsunami_arrival_神津島_南海トラフ巨大地震_ケース1,13,arrival_1m_s,REAL,0,,0
hazard_tsunami_arrival_神津島_南海トラフ巨大地震_ケース1,14,arrival_maxlevel_s,REAL,0,,0
hazard_tsunami_arrival_神津島_南海トラフ巨大地震_ケース2,0,fid,INTEGER,1,,1
hazard_tsunami_arrival_神津島_南海トラフ巨大地震_ケース2,1,geom,POINT,0,,0
hazard_tsunami_arrival_神津島_南海トラフ巨大地震_ケース2,2,area,TEXT,0,,0
hazard_tsunami_arrival_神津島_南海トラフ巨大地震_ケース2,3,scenario,TEXT,0,,0
hazard_tsunami_arrival_神津島_南海トラフ巨大地震_ケース2,4,x_m,INTEGER,0,,0
hazard_tsunami_arrival_神津島_南海トラフ巨大地震_ケース2,5,y_m,INTEGER,0,,0
hazard_tsunami_arrival_神津島_南海トラフ巨大地震_ケース2,6,lon,REAL,0,,0
hazard_tsunami_arrival_神津島_南海トラフ巨大地震_ケース2,7,lat,REAL,0,,0
hazard_tsunami_arrival_神津島_南海トラフ巨大地震_ケース2,8,source_resource_id,TEXT,0,,0
hazard_tsunami_arrival_神津島_南海トラフ巨大地震_ケース2,9,source_resource,TEXT,0,,0
hazard_tsunami_arrival_神津島_南海トラフ巨大地震_ケース2,10,source_url,TEXT,0,,0
hazard_tsunami_arrival_神津島_南海トラフ巨大地震_ケース2,11,arrival_1cm_s,REAL,0,,0
hazard_tsunami_arrival_神津島_南海トラフ巨大地震_ケース2,12,arrival_30cm_s,REAL,0,,0
hazard_tsunami_arrival_神津島_南海トラフ巨大地震_ケース2,13,arrival_1m_s,REAL,0,,0
hazard_tsunami_arrival_神津島_南海トラフ巨大地震_ケース2,14,arrival_maxlevel_s,REAL,0,,0
hazard_tsunami_arrival_神津島_南海トラフ巨大地震_ケース5,0,fid,INTEGER,1,,1
hazard_tsunami_arrival_神津島_南海トラフ巨大地震_ケース5,1,geom,POINT,0,,0
hazard_tsunami_arrival_神津島_南海トラフ巨大地震_ケース5,2,area,TEXT,0,,0
hazard_tsunami_arrival_神津島_南海トラフ巨大地震_ケース5,3,scenario,TEXT,0,,0
hazard_tsunami_arrival_神津島_南海トラフ巨大地震_ケース5,4,x_m,INTEGER,0,,0
hazard_tsunami_arrival_神津島_南海トラフ巨大地震_ケース5,5,y_m,INTEGER,0,,0
hazard_tsunami_arrival_神津島_南海トラフ巨大地震_ケース5,6,lon,REAL,0,,0
hazard_tsunami_arrival_神津島_南海トラフ巨大地震_ケース5,7,lat,REAL,0,,0
hazard_tsunami_arrival_神津島_南海トラフ巨大地震_ケース5,8,source_resource_id,TEXT,0,,0
hazard_tsunami_arrival_神津島_南海トラフ巨大地震_ケース5,9,source_resource,TEXT,0,,0
hazard_tsunami_arrival_神津島_南海トラフ巨大地震_ケース5,10,source_url,TEXT,0,,0
hazard_tsunami_arrival_神津島_南海トラフ巨大地震_ケース5,11,arrival_1cm_s,REAL,0,,0
hazard_tsunami_arrival_神津島_南海トラフ巨大地震_ケース5,12,arrival_30cm_s,REAL,0,,0
hazard_tsunami_arrival_神津島_南海トラフ巨大地震_ケース5,13,arrival_1m_s,REAL,0,,0
hazard_tsunami_arrival_神津島_南海トラフ巨大地震_ケース5,14,arrival_maxlevel_s,REAL,0,,0
hazard_tsunami_arrival_神津島_南海トラフ巨大地震_ケース6,0,fid,INTEGER,1,,1
hazard_tsunami_arrival_神津島_南海トラフ巨大地震_ケース6,1,geom,POINT,0,,0
hazard_tsunami_arrival_神津島_南海トラフ巨大地震_ケース6,2,area,TEXT,0,,0
hazard_tsunami_arrival_神津島_南海トラフ巨大地震_ケース6,3,scenario,TEXT,0,,0
hazard_tsunami_arrival_神津島_南海トラフ巨大地震_ケース6,4,x_m,INTEGER,0,,0
hazard_tsunami_arrival_神津島_南海トラフ巨大地震_ケース6,5,y_m,INTEGER,0,,0
hazard_tsunami_arrival_神津島_南海トラフ巨大地震_ケース6,6,lon,REAL,0,,0
hazard_tsunami_arrival_神津島_南海トラフ巨大地震_ケース6,7,lat,REAL,0,,0
hazard_tsunami_arrival_神津島_南海トラフ巨大地震_ケース6,8,source_resource_id,TEXT,0,,0
hazard_tsunami_arrival_神津島_南海トラフ巨大地震_ケース6,9,source_resource,TEXT,0,,0
hazard_tsunami_arrival_神津島_南海トラフ巨大地震_ケース6,10,source_url,TEXT,0,,0
hazard_tsunami_arrival_神津島_南海トラフ巨大地震_ケース6,11,arrival_1cm_s,REAL,0,,0
hazard_tsunami_arrival_神津島_南海トラフ巨大地震_ケース6,12,arrival_30cm_s,REAL,0,,0
hazard_tsunami_arrival_神津島_南海トラフ巨大地震_ケース6,13,arrival_1m_s,REAL,0,,0
hazard_tsunami_arrival_神津島_南海トラフ巨大地震_ケース6,14,arrival_maxlevel_s,REAL,0,,0
hazard_tsunami_arrival_神津島_南海トラフ巨大地震_ケース8,0,fid,INTEGER,1,,1
hazard_tsunami_arrival_神津島_南海トラフ巨大地震_ケース8,1,geom,POINT,0,,0
hazard_tsunami_arrival_神津島_南海トラフ巨大地震_ケース8,2,area,TEXT,0,,0
hazard_tsunami_arrival_神津島_南海トラフ巨大地震_ケース8,3,scenario,TEXT,0,,0
hazard_tsunami_arrival_神津島_南海トラフ巨大地震_ケース8,4,x_m,INTEGER,0,,0
hazard_tsunami_arrival_神津島_南海トラフ巨大地震_ケース8,5,y_m,INTEGER,0,,0
hazard_tsunami_arrival_神津島_南海トラフ巨大地震_ケース8,6,lon,REAL,0,,0
hazard_tsunami_arrival_神津島_南海トラフ巨大地震_ケース8,7,lat,REAL,0,,0
hazard_tsunami_arrival_神津島_南海トラフ巨大地震_ケース8,8,source_resource_id,TEXT,0,,0
hazard_tsunami_arrival_神津島_南海トラフ巨大地震_ケース8,9,source_resource,TEXT,0,,0
hazard_tsunami_arrival_神津島_南海トラフ巨大地震_ケース8,10,source_url,TEXT,0,,0
hazard_tsunami_arrival_神津島_南海トラフ巨大地震_ケース8,11,arrival_1cm_s,REAL,0,,0
hazard_tsunami_arrival_神津島_南海トラフ巨大地震_ケース8,12,arrival_30cm_s,REAL,0,,0
hazard_tsunami_arrival_神津島_南海トラフ巨大地震_ケース8,13,arrival_1m_s,REAL,0,,0
hazard_tsunami_arrival_神津島_南海トラフ巨大地震_ケース8,14,arrival_maxlevel_s,REAL,0,,0
hazard_tsunami_arrival_神津島_大正関東地震,0,fid,INTEGER,1,,1
hazard_tsunami_arrival_神津島_大正関東地震,1,geom,POINT,0,,0
hazard_tsunami_arrival_神津島_大正関東地震,2,area,TEXT,0,,0
hazard_tsunami_arrival_神津島_大正関東地震,3,scenario,TEXT,0,,0
hazard_tsunami_arrival_神津島_大正関東地震,4,x_m,INTEGER,0,,0
hazard_tsunami_arrival_神津島_大正関東地震,5,y_m,INTEGER,0,,0
hazard_tsunami_arrival_神津島_大正関東地震,6,lon,REAL,0,,0
hazard_tsunami_arrival_神津島_大正関東地震,7,lat,REAL,0,,0
hazard_tsunami_arrival_神津島_大正関東地震,8,source_resource_id,TEXT,0,,0
hazard_tsunami_arrival_神津島_大正関東地震,9,source_resource,TEXT,0,,0
hazard_tsunami_arrival_神津島_大正関東地震,10,source_url,TEXT,0,,0
hazard_tsunami_arrival_神津島_大正関東地震,11,arrival_1cm_s,REAL,0,,0
hazard_tsunami_arrival_神津島_大正関東地震,12,arrival_30cm_s,REAL,0,,0
hazard_tsunami_arrival_神津島_大正関東地震,13,arrival_1m_s,REAL,0,,0
hazard_tsunami_arrival_神津島_大正関東地震,14,arrival_maxlevel_s,REAL,0,,0
hazard_tsunami_arrival_青ヶ島_南海トラフ巨大地震_ケース1,0,fid,INTEGER,1,,1
hazard_tsunami_arrival_青ヶ島_南海トラフ巨大地震_ケース1,1,geom,POINT,0,,0
hazard_tsunami_arrival_青ヶ島_南海トラフ巨大地震_ケース1,2,area,TEXT,0,,0
hazard_tsunami_arrival_青ヶ島_南海トラフ巨大地震_ケース1,3,scenario,TEXT,0,,0
hazard_tsunami_arrival_青ヶ島_南海トラフ巨大地震_ケース1,4,x_m,INTEGER,0,,0
hazard_tsunami_arrival_青ヶ島_南海トラフ巨大地震_ケース1,5,y_m,INTEGER,0,,0
hazard_tsunami_arrival_青ヶ島_南海トラフ巨大地震_ケース1,6,lon,REAL,0,,0
hazard_tsunami_arrival_青ヶ島_南海トラフ巨大地震_ケース1,7,lat,REAL,0,,0
hazard_tsunami_arrival_青ヶ島_南海トラフ巨大地震_ケース1,8,source_resource_id,TEXT,0,,0
hazard_tsunami_arrival_青ヶ島_南海トラフ巨大地震_ケース1,9,source_resource,TEXT,0,,0
hazard_tsunami_arrival_青ヶ島_南海トラフ巨大地震_ケース1,10,source_url,TEXT,0,,0
hazard_tsunami_arrival_青ヶ島_南海トラフ巨大地震_ケース1,11,arrival_1cm_s,REAL,0,,0
hazard_tsunami_arrival_青ヶ島_南海トラフ巨大地震_ケース1,12,arrival_30cm_s,REAL,0,,0
hazard_tsunami_arrival_青ヶ島_南海トラフ巨大地震_ケース1,13,arrival_1m_s,REAL,0,,0
hazard_tsunami_arrival_青ヶ島_南海トラフ巨大地震_ケース1,14,arrival_maxlevel_s,REAL,0,,0
hazard_tsunami_arrival_青ヶ島_南海トラフ巨大地震_ケース2,0,fid,INTEGER,1,,1
hazard_tsunami_arrival_青ヶ島_南海トラフ巨大地震_ケース2,1,geom,POINT,0,,0
hazard_tsunami_arrival_青ヶ島_南海トラフ巨大地震_ケース2,2,area,TEXT,0,,0
hazard_tsunami_arrival_青ヶ島_南海トラフ巨大地震_ケース2,3,scenario,TEXT,0,,0
hazard_tsunami_arrival_青ヶ島_南海トラフ巨大地震_ケース2,4,x_m,INTEGER,0,,0
hazard_tsunami_arrival_青ヶ島_南海トラフ巨大地震_ケース2,5,y_m,INTEGER,0,,0
hazard_tsunami_arrival_青ヶ島_南海トラフ巨大地震_ケース2,6,lon,REAL,0,,0
hazard_tsunami_arrival_青ヶ島_南海トラフ巨大地震_ケース2,7,lat,REAL,0,,0
hazard_tsunami_arrival_青ヶ島_南海トラフ巨大地震_ケース2,8,source_resource_id,TEXT,0,,0
hazard_tsunami_arrival_青ヶ島_南海トラフ巨大地震_ケース2,9,source_resource,TEXT,0,,0
hazard_tsunami_arrival_青ヶ島_南海トラフ巨大地震_ケース2,10,source_url,TEXT,0,,0
hazard_tsunami_arrival_青ヶ島_南海トラフ巨大地震_ケース2,11,arrival_1cm_s,REAL,0,,0
hazard_tsunami_arrival_青ヶ島_南海トラフ巨大地震_ケース2,12,arrival_30cm_s,REAL,0,,0
hazard_tsunami_arrival_青ヶ島_南海トラフ巨大地震_ケース2,13,arrival_1m_s,REAL,0,,0
hazard_tsunami_arrival_青ヶ島_南海トラフ巨大地震_ケース2,14,arrival_maxlevel_s,REAL,0,,0
hazard_tsunami_arrival_青ヶ島_南海トラフ巨大地震_ケース5,0,fid,INTEGER,1,,1
hazard_tsunami_arrival_青ヶ島_南海トラフ巨大地震_ケース5,1,geom,POINT,0,,0
hazard_tsunami_arrival_青ヶ島_南海トラフ巨大地震_ケース5,2,area,TEXT,0,,0
hazard_tsunami_arrival_青ヶ島_南海トラフ巨大地震_ケース5,3,scenario,TEXT,0,,0
hazard_tsunami_arrival_青ヶ島_南海トラフ巨大地震_ケース5,4,x_m,INTEGER,0,,0
hazard_tsunami_arrival_青ヶ島_南海トラフ巨大地震_ケース5,5,y_m,INTEGER,0,,0
hazard_tsunami_arrival_青ヶ島_南海トラフ巨大地震_ケース5,6,lon,REAL,0,,0
hazard_tsunami_arrival_青ヶ島_南海トラフ巨大地震_ケース5,7,lat,REAL,0,,0
hazard_tsunami_arrival_青ヶ島_南海トラフ巨大地震_ケース5,8,source_resource_id,TEXT,0,,0
hazard_tsunami_arrival_青ヶ島_南海トラフ巨大地震_ケース5,9,source_resource,TEXT,0,,0
hazard_tsunami_arrival_青ヶ島_南海トラフ巨大地震_ケース5,10,source_url,TEXT,0,,0
hazard_tsunami_arrival_青ヶ島_南海トラフ巨大地震_ケース5,11,arrival_1cm_s,REAL,0,,0
hazard_tsunami_arrival_青ヶ島_南海トラフ巨大地震_ケース5,12,arrival_30cm_s,REAL,0,,0
hazard_tsunami_arrival_青ヶ島_南海トラフ巨大地震_ケース5,13,arrival_1m_s,REAL,0,,0
hazard_tsunami_arrival_青ヶ島_南海トラフ巨大地震_ケース5,14,arrival_maxlevel_s,REAL,0,,0
hazard_tsunami_arrival_青ヶ島_南海トラフ巨大地震_ケース6,0,fid,INTEGER,1,,1
hazard_tsunami_arrival_青ヶ島_南海トラフ巨大地震_ケース6,1,geom,POINT,0,,0
hazard_tsunami_arrival_青ヶ島_南海トラフ巨大地震_ケース6,2,area,TEXT,0,,0
hazard_tsunami_arrival_青ヶ島_南海トラフ巨大地震_ケース6,3,scenario,TEXT,0,,0
hazard_tsunami_arrival_青ヶ島_南海トラフ巨大地震_ケース6,4,x_m,INTEGER,0,,0
hazard_tsunami_arrival_青ヶ島_南海トラフ巨大地震_ケース6,5,y_m,INTEGER,0,,0
hazard_tsunami_arrival_青ヶ島_南海トラフ巨大地震_ケース6,6,lon,REAL,0,,0
hazard_tsunami_arrival_青ヶ島_南海トラフ巨大地震_ケース6,7,lat,REAL,0,,0
hazard_tsunami_arrival_青ヶ島_南海トラフ巨大地震_ケース6,8,source_resource_id,TEXT,0,,0
hazard_tsunami_arrival_青ヶ島_南海トラフ巨大地震_ケース6,9,source_resource,TEXT,0,,0
hazard_tsunami_arrival_青ヶ島_南海トラフ巨大地震_ケース6,10,source_url,TEXT,0,,0
hazard_tsunami_arrival_青ヶ島_南海トラフ巨大地震_ケース6,11,arrival_1cm_s,REAL,0,,0
hazard_tsunami_arrival_青ヶ島_南海トラフ巨大地震_ケース6,12,arrival_30cm_s,REAL,0,,0
hazard_tsunami_arrival_青ヶ島_南海トラフ巨大地震_ケース6,13,arrival_1m_s,REAL,0,,0
hazard_tsunami_arrival_青ヶ島_南海トラフ巨大地震_ケース6,14,arrival_maxlevel_s,REAL,0,,0
hazard_tsunami_arrival_青ヶ島_南海トラフ巨大地震_ケース8,0,fid,INTEGER,1,,1
hazard_tsunami_arrival_青ヶ島_南海トラフ巨大地震_ケース8,1,geom,POINT,0,,0
hazard_tsunami_arrival_青ヶ島_南海トラフ巨大地震_ケース8,2,area,TEXT,0,,0
hazard_tsunami_arrival_青ヶ島_南海トラフ巨大地震_ケース8,3,scenario,TEXT,0,,0
hazard_tsunami_arrival_青ヶ島_南海トラフ巨大地震_ケース8,4,x_m,INTEGER,0,,0
hazard_tsunami_arrival_青ヶ島_南海トラフ巨大地震_ケース8,5,y_m,INTEGER,0,,0
hazard_tsunami_arrival_青ヶ島_南海トラフ巨大地震_ケース8,6,lon,REAL,0,,0
hazard_tsunami_arrival_青ヶ島_南海トラフ巨大地震_ケース8,7,lat,REAL,0,,0
hazard_tsunami_arrival_青ヶ島_南海トラフ巨大地震_ケース8,8,source_resource_id,TEXT,0,,0
hazard_tsunami_arrival_青ヶ島_南海トラフ巨大地震_ケース8,9,source_resource,TEXT,0,,0
hazard_tsunami_arrival_青ヶ島_南海トラフ巨大地震_ケース8,10,source_url,TEXT,0,,0
hazard_tsunami_arrival_青ヶ島_南海トラフ巨大地震_ケース8,11,arrival_1cm_s,REAL,0,,0
hazard_tsunami_arrival_青ヶ島_南海トラフ巨大地震_ケース8,12,arrival_30cm_s,REAL,0,,0
hazard_tsunami_arrival_青ヶ島_南海トラフ巨大地震_ケース8,13,arrival_1m_s,REAL,0,,0
hazard_tsunami_arrival_青ヶ島_南海トラフ巨大地震_ケース8,14,arrival_maxlevel_s,REAL,0,,0
hazard_tsunami_arrival_青ヶ島_大正関東地震,0,fid,INTEGER,1,,1
hazard_tsunami_arrival_青ヶ島_大正関東地震,1,geom,POINT,0,,0
hazard_tsunami_arrival_青ヶ島_大正関東地震,2,area,TEXT,0,,0
hazard_tsunami_arrival_青ヶ島_大正関東地震,3,scenario,TEXT,0,,0
hazard_tsunami_arrival_青ヶ島_大正関東地震,4,x_m,INTEGER,0,,0
hazard_tsunami_arrival_青ヶ島_大正関東地震,5,y_m,INTEGER,0,,0
hazard_tsunami_arrival_青ヶ島_大正関東地震,6,lon,REAL,0,,0
hazard_tsunami_arrival_青ヶ島_大正関東地震,7,lat,REAL,0,,0
hazard_tsunami_arrival_青ヶ島_大正関東地震,8,source_resource_id,TEXT,0,,0
hazard_tsunami_arrival_青ヶ島_大正関東地震,9,source_resource,TEXT,0,,0
hazard_tsunami_arrival_青ヶ島_大正関東地震,10,source_url,TEXT,0,,0
hazard_tsunami_arrival_青ヶ島_大正関東地震,11,arrival_1cm_s,REAL,0,,0
hazard_tsunami_arrival_青ヶ島_大正関東地震,12,arrival_30cm_s,REAL,0,,0
hazard_tsunami_arrival_青ヶ島_大正関東地震,13,arrival_1m_s,REAL,0,,0
hazard_tsunami_arrival_青ヶ島_大正関東地震,14,arrival_maxlevel_s,REAL,0,,0
hazard_tsunami_depth_三宅島_南海トラフ巨大地震_ケース1,0,fid,INTEGER,1,,1
hazard_tsunami_depth_三宅島_南海トラフ巨大地震_ケース1,1,geom,POINT,0,,0
hazard_tsunami_depth_三宅島_南海トラフ巨大地震_ケース1,2,area,TEXT,0,,0
hazard_tsunami_depth_三宅島_南海トラフ巨大地震_ケース1,3,scenario,TEXT,0,,0
hazard_tsunami_depth_三宅島_南海トラフ巨大地震_ケース1,4,x_m,INTEGER,0,,0
hazard_tsunami_depth_三宅島_南海トラフ巨大地震_ケース1,5,y_m,INTEGER,0,,0
hazard_tsunami_depth_三宅島_南海トラフ巨大地震_ケース1,6,lon,REAL,0,,0
hazard_tsunami_depth_三宅島_南海トラフ巨大地震_ケース1,7,lat,REAL,0,,0
hazard_tsunami_depth_三宅島_南海トラフ巨大地震_ケース1,8,source_resource_id,TEXT,0,,0
hazard_tsunami_depth_三宅島_南海トラフ巨大地震_ケース1,9,source_resource,TEXT,0,,0
hazard_tsunami_depth_三宅島_南海トラフ巨大地震_ケース1,10,source_url,TEXT,0,,0
hazard_tsunami_depth_三宅島_南海トラフ巨大地震_ケース1,11,inundation_depth_max_m,REAL,0,,0
hazard_tsunami_depth_三宅島_南海トラフ巨大地震_ケース2,0,fid,INTEGER,1,,1
hazard_tsunami_depth_三宅島_南海トラフ巨大地震_ケース2,1,geom,POINT,0,,0
hazard_tsunami_depth_三宅島_南海トラフ巨大地震_ケース2,2,area,TEXT,0,,0
hazard_tsunami_depth_三宅島_南海トラフ巨大地震_ケース2,3,scenario,TEXT,0,,0
hazard_tsunami_depth_三宅島_南海トラフ巨大地震_ケース2,4,x_m,INTEGER,0,,0
hazard_tsunami_depth_三宅島_南海トラフ巨大地震_ケース2,5,y_m,INTEGER,0,,0
hazard_tsunami_depth_三宅島_南海トラフ巨大地震_ケース2,6,lon,REAL,0,,0
hazard_tsunami_depth_三宅島_南海トラフ巨大地震_ケース2,7,lat,REAL,0,,0
hazard_tsunami_depth_三宅島_南海トラフ巨大地震_ケース2,8,source_resource_id,TEXT,0,,0
hazard_tsunami_depth_三宅島_南海トラフ巨大地震_ケース2,9,source_resource,TEXT,0,,0
hazard_tsunami_depth_三宅島_南海トラフ巨大地震_ケース2,10,source_url,TEXT,0,,0
hazard_tsunami_depth_三宅島_南海トラフ巨大地震_ケース2,11,inundation_depth_max_m,REAL,0,,0
hazard_tsunami_depth_三宅島_南海トラフ巨大地震_ケース5,0,fid,INTEGER,1,,1
hazard_tsunami_depth_三宅島_南海トラフ巨大地震_ケース5,1,geom,POINT,0,,0
hazard_tsunami_depth_三宅島_南海トラフ巨大地震_ケース5,2,area,TEXT,0,,0
hazard_tsunami_depth_三宅島_南海トラフ巨大地震_ケース5,3,scenario,TEXT,0,,0
hazard_tsunami_depth_三宅島_南海トラフ巨大地震_ケース5,4,x_m,INTEGER,0,,0
hazard_tsunami_depth_三宅島_南海トラフ巨大地震_ケース5,5,y_m,INTEGER,0,,0
hazard_tsunami_depth_三宅島_南海トラフ巨大地震_ケース5,6,lon,REAL,0,,0
hazard_tsunami_depth_三宅島_南海トラフ巨大地震_ケース5,7,lat,REAL,0,,0
hazard_tsunami_depth_三宅島_南海トラフ巨大地震_ケース5,8,source_resource_id,TEXT,0,,0
hazard_tsunami_depth_三宅島_南海トラフ巨大地震_ケース5,9,source_resource,TEXT,0,,0
hazard_tsunami_depth_三宅島_南海トラフ巨大地震_ケース5,10,source_url,TEXT,0,,0
hazard_tsunami_depth_三宅島_南海トラフ巨大地震_ケース5,11,inundation_depth_max_m,REAL,0,,0
hazard_tsunami_depth_三宅島_南海トラフ巨大地震_ケース6,0,fid,INTEGER,1,,1
hazard_tsunami_depth_三宅島_南海トラフ巨大地震_ケース6,1,geom,POINT,0,,0
hazard_tsunami_depth_三宅島_南海トラフ巨大地震_ケース6,2,area,TEXT,0,,0
hazard_tsunami_depth_三宅島_南海トラフ巨大地震_ケース6,3,scenario,TEXT,0,,0
hazard_tsunami_depth_三宅島_南海トラフ巨大地震_ケース6,4,x_m,INTEGER,0,,0
hazard_tsunami_depth_三宅島_南海トラフ巨大地震_ケース6,5,y_m,INTEGER,0,,0
hazard_tsunami_depth_三宅島_南海トラフ巨大地震_ケース6,6,lon,REAL,0,,0
hazard_tsunami_depth_三宅島_南海トラフ巨大地震_ケース6,7,lat,REAL,0,,0
hazard_tsunami_depth_三宅島_南海トラフ巨大地震_ケース6,8,source_resource_id,TEXT,0,,0
hazard_tsunami_depth_三宅島_南海トラフ巨大地震_ケース6,9,source_resource,TEXT,0,,0
hazard_tsunami_depth_三宅島_南海トラフ巨大地震_ケース6,10,source_url,TEXT,0,,0
hazard_tsunami_depth_三宅島_南海トラフ巨大地震_ケース6,11,inundation_depth_max_m,REAL,0,,0
hazard_tsunami_depth_三宅島_南海トラフ巨大地震_ケース8,0,fid,INTEGER,1,,1
hazard_tsunami_depth_三宅島_南海トラフ巨大地震_ケース8,1,geom,POINT,0,,0
hazard_tsunami_depth_三宅島_南海トラフ巨大地震_ケース8,2,area,TEXT,0,,0
hazard_tsunami_depth_三宅島_南海トラフ巨大地震_ケース8,3,scenario,TEXT,0,,0
hazard_tsunami_depth_三宅島_南海トラフ巨大地震_ケース8,4,x_m,INTEGER,0,,0
hazard_tsunami_depth_三宅島_南海トラフ巨大地震_ケース8,5,y_m,INTEGER,0,,0
hazard_tsunami_depth_三宅島_南海トラフ巨大地震_ケース8,6,lon,REAL,0,,0
hazard_tsunami_depth_三宅島_南海トラフ巨大地震_ケース8,7,lat,REAL,0,,0
hazard_tsunami_depth_三宅島_南海トラフ巨大地震_ケース8,8,source_resource_id,TEXT,0,,0
hazard_tsunami_depth_三宅島_南海トラフ巨大地震_ケース8,9,source_resource,TEXT,0,,0
hazard_tsunami_depth_三宅島_南海トラフ巨大地震_ケース8,10,source_url,TEXT,0,,0
hazard_tsunami_depth_三宅島_南海トラフ巨大地震_ケース8,11,inundation_depth_max_m,REAL,0,,0
hazard_tsunami_depth_三宅島_大正関東地震,0,fid,INTEGER,1,,1
hazard_tsunami_depth_三宅島_大正関東地震,1,geom,POINT,0,,0
hazard_tsunami_depth_三宅島_大正関東地震,2,area,TEXT,0,,0
hazard_tsunami_depth_三宅島_大正関東地震,3,scenario,TEXT,0,,0
hazard_tsunami_depth_三宅島_大正関東地震,4,x_m,INTEGER,0,,0
hazard_tsunami_depth_三宅島_大正関東地震,5,y_m,INTEGER,0,,0
hazard_tsunami_depth_三宅島_大正関東地震,6,lon,REAL,0,,0
hazard_tsunami_depth_三宅島_大正関東地震,7,lat,REAL,0,,0
hazard_tsunami_depth_三宅島_大正関東地震,8,source_resource_id,TEXT,0,,0
hazard_tsunami_depth_三宅島_大正関東地震,9,source_resource,TEXT,0,,0
hazard_tsunami_depth_三宅島_大正関東地震,10,source_url,TEXT,0,,0
hazard_tsunami_depth_三宅島_大正関東地震,11,inundation_depth_max_m,REAL,0,,0
hazard_tsunami_depth_八丈島_南海トラフ巨大地震_ケース1,0,fid,INTEGER,1,,1
hazard_tsunami_depth_八丈島_南海トラフ巨大地震_ケース1,1,geom,POINT,0,,0
hazard_tsunami_depth_八丈島_南海トラフ巨大地震_ケース1,2,area,TEXT,0,,0
hazard_tsunami_depth_八丈島_南海トラフ巨大地震_ケース1,3,scenario,TEXT,0,,0
hazard_tsunami_depth_八丈島_南海トラフ巨大地震_ケース1,4,x_m,INTEGER,0,,0
hazard_tsunami_depth_八丈島_南海トラフ巨大地震_ケース1,5,y_m,INTEGER,0,,0
hazard_tsunami_depth_八丈島_南海トラフ巨大地震_ケース1,6,lon,REAL,0,,0
hazard_tsunami_depth_八丈島_南海トラフ巨大地震_ケース1,7,lat,REAL,0,,0
hazard_tsunami_depth_八丈島_南海トラフ巨大地震_ケース1,8,source_resource_id,TEXT,0,,0
hazard_tsunami_depth_八丈島_南海トラフ巨大地震_ケース1,9,source_resource,TEXT,0,,0
hazard_tsunami_depth_八丈島_南海トラフ巨大地震_ケース1,10,source_url,TEXT,0,,0
hazard_tsunami_depth_八丈島_南海トラフ巨大地震_ケース1,11,inundation_depth_max_m,REAL,0,,0
hazard_tsunami_depth_八丈島_南海トラフ巨大地震_ケース2,0,fid,INTEGER,1,,1
hazard_tsunami_depth_八丈島_南海トラフ巨大地震_ケース2,1,geom,POINT,0,,0
hazard_tsunami_depth_八丈島_南海トラフ巨大地震_ケース2,2,area,TEXT,0,,0
hazard_tsunami_depth_八丈島_南海トラフ巨大地震_ケース2,3,scenario,TEXT,0,,0
hazard_tsunami_depth_八丈島_南海トラフ巨大地震_ケース2,4,x_m,INTEGER,0,,0
hazard_tsunami_depth_八丈島_南海トラフ巨大地震_ケース2,5,y_m,INTEGER,0,,0
hazard_tsunami_depth_八丈島_南海トラフ巨大地震_ケース2,6,lon,REAL,0,,0
hazard_tsunami_depth_八丈島_南海トラフ巨大地震_ケース2,7,lat,REAL,0,,0
hazard_tsunami_depth_八丈島_南海トラフ巨大地震_ケース2,8,source_resource_id,TEXT,0,,0
hazard_tsunami_depth_八丈島_南海トラフ巨大地震_ケース2,9,source_resource,TEXT,0,,0
hazard_tsunami_depth_八丈島_南海トラフ巨大地震_ケース2,10,source_url,TEXT,0,,0
hazard_tsunami_depth_八丈島_南海トラフ巨大地震_ケース2,11,inundation_depth_max_m,REAL,0,,0
hazard_tsunami_depth_八丈島_南海トラフ巨大地震_ケース5,0,fid,INTEGER,1,,1
hazard_tsunami_depth_八丈島_南海トラフ巨大地震_ケース5,1,geom,POINT,0,,0
hazard_tsunami_depth_八丈島_南海トラフ巨大地震_ケース5,2,area,TEXT,0,,0
hazard_tsunami_depth_八丈島_南海トラフ巨大地震_ケース5,3,scenario,TEXT,0,,0
hazard_tsunami_depth_八丈島_南海トラフ巨大地震_ケース5,4,x_m,INTEGER,0,,0
hazard_tsunami_depth_八丈島_南海トラフ巨大地震_ケース5,5,y_m,INTEGER,0,,0
hazard_tsunami_depth_八丈島_南海トラフ巨大地震_ケース5,6,lon,REAL,0,,0
hazard_tsunami_depth_八丈島_南海トラフ巨大地震_ケース5,7,lat,REAL,0,,0
hazard_tsunami_depth_八丈島_南海トラフ巨大地震_ケース5,8,source_resource_id,TEXT,0,,0
hazard_tsunami_depth_八丈島_南海トラフ巨大地震_ケース5,9,source_resource,TEXT,0,,0
hazard_tsunami_depth_八丈島_南海トラフ巨大地震_ケース5,10,source_url,TEXT,0,,0
hazard_tsunami_depth_八丈島_南海トラフ巨大地震_ケース5,11,inundation_depth_max_m,REAL,0,,0
hazard_tsunami_depth_八丈島_南海トラフ巨大地震_ケース6,0,fid,INTEGER,1,,1
hazard_tsunami_depth_八丈島_南海トラフ巨大地震_ケース6,1,geom,POINT,0,,0
hazard_tsunami_depth_八丈島_南海トラフ巨大地震_ケース6,2,area,TEXT,0,,0
hazard_tsunami_depth_八丈島_南海トラフ巨大地震_ケース6,3,scenario,TEXT,0,,0
hazard_tsunami_depth_八丈島_南海トラフ巨大地震_ケース6,4,x_m,INTEGER,0,,0
hazard_tsunami_depth_八丈島_南海トラフ巨大地震_ケース6,5,y_m,INTEGER,0,,0
hazard_tsunami_depth_八丈島_南海トラフ巨大地震_ケース6,6,lon,REAL,0,,0
hazard_tsunami_depth_八丈島_南海トラフ巨大地震_ケース6,7,lat,REAL,0,,0
hazard_tsunami_depth_八丈島_南海トラフ巨大地震_ケース6,8,source_resource_id,TEXT,0,,0
hazard_tsunami_depth_八丈島_南海トラフ巨大地震_ケース6,9,source_resource,TEXT,0,,0
hazard_tsunami_depth_八丈島_南海トラフ巨大地震_ケース6,10,source_url,TEXT,0,,0
hazard_tsunami_depth_八丈島_南海トラフ巨大地震_ケース6,11,inundation_depth_max_m,REAL,0,,0
hazard_tsunami_depth_八丈島_南海トラフ巨大地震_ケース8,0,fid,INTEGER,1,,1
hazard_tsunami_depth_八丈島_南海トラフ巨大地震_ケース8,1,geom,POINT,0,,0
hazard_tsunami_depth_八丈島_南海トラフ巨大地震_ケース8,2,area,TEXT,0,,0
hazard_tsunami_depth_八丈島_南海トラフ巨大地震_ケース8,3,scenario,TEXT,0,,0
hazard_tsunami_depth_八丈島_南海トラフ巨大地震_ケース8,4,x_m,INTEGER,0,,0
hazard_tsunami_depth_八丈島_南海トラフ巨大地震_ケース8,5,y_m,INTEGER,0,,0
hazard_tsunami_depth_八丈島_南海トラフ巨大地震_ケース8,6,lon,REAL,0,,0
hazard_tsunami_depth_八丈島_南海トラフ巨大地震_ケース8,7,lat,REAL,0,,0
hazard_tsunami_depth_八丈島_南海トラフ巨大地震_ケース8,8,source_resource_id,TEXT,0,,0
hazard_tsunami_depth_八丈島_南海トラフ巨大地震_ケース8,9,source_resource,TEXT,0,,0
hazard_tsunami_depth_八丈島_南海トラフ巨大地震_ケース8,10,source_url,TEXT,0,,0
hazard_tsunami_depth_八丈島_南海トラフ巨大地震_ケース8,11,inundation_depth_max_m,REAL,0,,0
hazard_tsunami_depth_八丈島_大正関東地震,0,fid,INTEGER,1,,1
hazard_tsunami_depth_八丈島_大正関東地震,1,geom,POINT,0,,0
hazard_tsunami_depth_八丈島_大正関東地震,2,area,TEXT,0,,0
hazard_tsunami_depth_八丈島_大正関東地震,3,scenario,TEXT,0,,0
hazard_tsunami_depth_八丈島_大正関東地震,4,x_m,INTEGER,0,,0
hazard_tsunami_depth_八丈島_大正関東地震,5,y_m,INTEGER,0,,0
hazard_tsunami_depth_八丈島_大正関東地震,6,lon,REAL,0,,0
hazard_tsunami_depth_八丈島_大正関東地震,7,lat,REAL,0,,0
hazard_tsunami_depth_八丈島_大正関東地震,8,source_resource_id,TEXT,0,,0
hazard_tsunami_depth_八丈島_大正関東地震,9,source_resource,TEXT,0,,0
hazard_tsunami_depth_八丈島_大正関東地震,10,source_url,TEXT,0,,0
hazard_tsunami_depth_八丈島_大正関東地震,11,inundation_depth_max_m,REAL,0,,0
hazard_tsunami_depth_利島_南海トラフ巨大地震_ケース1,0,fid,INTEGER,1,,1
hazard_tsunami_depth_利島_南海トラフ巨大地震_ケース1,1,geom,POINT,0,,0
hazard_tsunami_depth_利島_南海トラフ巨大地震_ケース1,2,area,TEXT,0,,0
hazard_tsunami_depth_利島_南海トラフ巨大地震_ケース1,3,scenario,TEXT,0,,0
hazard_tsunami_depth_利島_南海トラフ巨大地震_ケース1,4,x_m,INTEGER,0,,0
hazard_tsunami_depth_利島_南海トラフ巨大地震_ケース1,5,y_m,INTEGER,0,,0
hazard_tsunami_depth_利島_南海トラフ巨大地震_ケース1,6,lon,REAL,0,,0
hazard_tsunami_depth_利島_南海トラフ巨大地震_ケース1,7,lat,REAL,0,,0
hazard_tsunami_depth_利島_南海トラフ巨大地震_ケース1,8,source_resource_id,TEXT,0,,0
hazard_tsunami_depth_利島_南海トラフ巨大地震_ケース1,9,source_resource,TEXT,0,,0
hazard_tsunami_depth_利島_南海トラフ巨大地震_ケース1,10,source_url,TEXT,0,,0
hazard_tsunami_depth_利島_南海トラフ巨大地震_ケース1,11,inundation_depth_max_m,REAL,0,,0
hazard_tsunami_depth_利島_南海トラフ巨大地震_ケース2,0,fid,INTEGER,1,,1
hazard_tsunami_depth_利島_南海トラフ巨大地震_ケース2,1,geom,POINT,0,,0
hazard_tsunami_depth_利島_南海トラフ巨大地震_ケース2,2,area,TEXT,0,,0
hazard_tsunami_depth_利島_南海トラフ巨大地震_ケース2,3,scenario,TEXT,0,,0
hazard_tsunami_depth_利島_南海トラフ巨大地震_ケース2,4,x_m,INTEGER,0,,0
hazard_tsunami_depth_利島_南海トラフ巨大地震_ケース2,5,y_m,INTEGER,0,,0
hazard_tsunami_depth_利島_南海トラフ巨大地震_ケース2,6,lon,REAL,0,,0
hazard_tsunami_depth_利島_南海トラフ巨大地震_ケース2,7,lat,REAL,0,,0
hazard_tsunami_depth_利島_南海トラフ巨大地震_ケース2,8,source_resource_id,TEXT,0,,0
hazard_tsunami_depth_利島_南海トラフ巨大地震_ケース2,9,source_resource,TEXT,0,,0
hazard_tsunami_depth_利島_南海トラフ巨大地震_ケース2,10,source_url,TEXT,0,,0
hazard_tsunami_depth_利島_南海トラフ巨大地震_ケース2,11,inundation_depth_max_m,REAL,0,,0
hazard_tsunami_depth_利島_南海トラフ巨大地震_ケース5,0,fid,INTEGER,1,,1
hazard_tsunami_depth_利島_南海トラフ巨大地震_ケース5,1,geom,POINT,0,,0
hazard_tsunami_depth_利島_南海トラフ巨大地震_ケース5,2,area,TEXT,0,,0
hazard_tsunami_depth_利島_南海トラフ巨大地震_ケース5,3,scenario,TEXT,0,,0
hazard_tsunami_depth_利島_南海トラフ巨大地震_ケース5,4,x_m,INTEGER,0,,0
hazard_tsunami_depth_利島_南海トラフ巨大地震_ケース5,5,y_m,INTEGER,0,,0
hazard_tsunami_depth_利島_南海トラフ巨大地震_ケース5,6,lon,REAL,0,,0
hazard_tsunami_depth_利島_南海トラフ巨大地震_ケース5,7,lat,REAL,0,,0
hazard_tsunami_depth_利島_南海トラフ巨大地震_ケース5,8,source_resource_id,TEXT,0,,0
hazard_tsunami_depth_利島_南海トラフ巨大地震_ケース5,9,source_resource,TEXT,0,,0
hazard_tsunami_depth_利島_南海トラフ巨大地震_ケース5,10,source_url,TEXT,0,,0
hazard_tsunami_depth_利島_南海トラフ巨大地震_ケース5,11,inundation_depth_max_m,REAL,0,,0
hazard_tsunami_depth_利島_南海トラフ巨大地震_ケース6,0,fid,INTEGER,1,,1
hazard_tsunami_depth_利島_南海トラフ巨大地震_ケース6,1,geom,POINT,0,,0
hazard_tsunami_depth_利島_南海トラフ巨大地震_ケース6,2,area,TEXT,0,,0
hazard_tsunami_depth_利島_南海トラフ巨大地震_ケース6,3,scenario,TEXT,0,,0
hazard_tsunami_depth_利島_南海トラフ巨大地震_ケース6,4,x_m,INTEGER,0,,0
hazard_tsunami_depth_利島_南海トラフ巨大地震_ケース6,5,y_m,INTEGER,0,,0
hazard_tsunami_depth_利島_南海トラフ巨大地震_ケース6,6,lon,REAL,0,,0
hazard_tsunami_depth_利島_南海トラフ巨大地震_ケース6,7,lat,REAL,0,,0
hazard_tsunami_depth_利島_南海トラフ巨大地震_ケース6,8,source_resource_id,TEXT,0,,0
hazard_tsunami_depth_利島_南海トラフ巨大地震_ケース6,9,source_resource,TEXT,0,,0
hazard_tsunami_depth_利島_南海トラフ巨大地震_ケース6,10,source_url,TEXT,0,,0
hazard_tsunami_depth_利島_南海トラフ巨大地震_ケース6,11,inundation_depth_max_m,REAL,0,,0
hazard_tsunami_depth_利島_南海トラフ巨大地震_ケース8,0,fid,INTEGER,1,,1
hazard_tsunami_depth_利島_南海トラフ巨大地震_ケース8,1,geom,POINT,0,,0
hazard_tsunami_depth_利島_南海トラフ巨大地震_ケース8,2,area,TEXT,0,,0
hazard_tsunami_depth_利島_南海トラフ巨大地震_ケース8,3,scenario,TEXT,0,,0
hazard_tsunami_depth_利島_南海トラフ巨大地震_ケース8,4,x_m,INTEGER,0,,0
hazard_tsunami_depth_利島_南海トラフ巨大地震_ケース8,5,y_m,INTEGER,0,,0
hazard_tsunami_depth_利島_南海トラフ巨大地震_ケース8,6,lon,REAL,0,,0
hazard_tsunami_depth_利島_南海トラフ巨大地震_ケース8,7,lat,REAL,0,,0
hazard_tsunami_depth_利島_南海トラフ巨大地震_ケース8,8,source_resource_id,TEXT,0,,0
hazard_tsunami_depth_利島_南海トラフ巨大地震_ケース8,9,source_resource,TEXT,0,,0
hazard_tsunami_depth_利島_南海トラフ巨大地震_ケース8,10,source_url,TEXT,0,,0
hazard_tsunami_depth_利島_南海トラフ巨大地震_ケース8,11,inundation_depth_max_m,REAL,0,,0
hazard_tsunami_depth_利島_大正関東地震,0,fid,INTEGER,1,,1
hazard_tsunami_depth_利島_大正関東地震,1,geom,POINT,0,,0
hazard_tsunami_depth_利島_大正関東地震,2,area,TEXT,0,,0
hazard_tsunami_depth_利島_大正関東地震,3,scenario,TEXT,0,,0
hazard_tsunami_depth_利島_大正関東地震,4,x_m,INTEGER,0,,0
hazard_tsunami_depth_利島_大正関東地震,5,y_m,INTEGER,0,,0
hazard_tsunami_depth_利島_大正関東地震,6,lon,REAL,0,,0
hazard_tsunami_depth_利島_大正関東地震,7,lat,REAL,0,,0
hazard_tsunami_depth_利島_大正関東地震,8,source_resource_id,TEXT,0,,0
hazard_tsunami_depth_利島_大正関東地震,9,source_resource,TEXT,0,,0
hazard_tsunami_depth_利島_大正関東地震,10,source_url,TEXT,0,,0
hazard_tsunami_depth_利島_大正関東地震,11,inundation_depth_max_m,REAL,0,,0
hazard_tsunami_depth_区部_南海トラフ巨大地震_ケース1,0,fid,INTEGER,1,,1
hazard_tsunami_depth_区部_南海トラフ巨大地震_ケース1,1,geom,POINT,0,,0
hazard_tsunami_depth_区部_南海トラフ巨大地震_ケース1,2,area,TEXT,0,,0
hazard_tsunami_depth_区部_南海トラフ巨大地震_ケース1,3,scenario,TEXT,0,,0
hazard_tsunami_depth_区部_南海トラフ巨大地震_ケース1,4,x_m,INTEGER,0,,0
hazard_tsunami_depth_区部_南海トラフ巨大地震_ケース1,5,y_m,INTEGER,0,,0
hazard_tsunami_depth_区部_南海トラフ巨大地震_ケース1,6,lon,REAL,0,,0
hazard_tsunami_depth_区部_南海トラフ巨大地震_ケース1,7,lat,REAL,0,,0
hazard_tsunami_depth_区部_南海トラフ巨大地震_ケース1,8,source_resource_id,TEXT,0,,0
hazard_tsunami_depth_区部_南海トラフ巨大地震_ケース1,9,source_resource,TEXT,0,,0
hazard_tsunami_depth_区部_南海トラフ巨大地震_ケース1,10,source_url,TEXT,0,,0
hazard_tsunami_depth_区部_南海トラフ巨大地震_ケース1,11,inundation_depth_max_m,REAL,0,,0
hazard_tsunami_depth_区部_南海トラフ巨大地震_ケース2,0,fid,INTEGER,1,,1
hazard_tsunami_depth_区部_南海トラフ巨大地震_ケース2,1,geom,POINT,0,,0
hazard_tsunami_depth_区部_南海トラフ巨大地震_ケース2,2,area,TEXT,0,,0
hazard_tsunami_depth_区部_南海トラフ巨大地震_ケース2,3,scenario,TEXT,0,,0
hazard_tsunami_depth_区部_南海トラフ巨大地震_ケース2,4,x_m,INTEGER,0,,0
hazard_tsunami_depth_区部_南海トラフ巨大地震_ケース2,5,y_m,INTEGER,0,,0
hazard_tsunami_depth_区部_南海トラフ巨大地震_ケース2,6,lon,REAL,0,,0
hazard_tsunami_depth_区部_南海トラフ巨大地震_ケース2,7,lat,REAL,0,,0
hazard_tsunami_depth_区部_南海トラフ巨大地震_ケース2,8,source_resource_id,TEXT,0,,0
hazard_tsunami_depth_区部_南海トラフ巨大地震_ケース2,9,source_resource,TEXT,0,,0
hazard_tsunami_depth_区部_南海トラフ巨大地震_ケース2,10,source_url,TEXT,0,,0
hazard_tsunami_depth_区部_南海トラフ巨大地震_ケース2,11,inundation_depth_max_m,REAL,0,,0
hazard_tsunami_depth_区部_南海トラフ巨大地震_ケース5,0,fid,INTEGER,1,,1
hazard_tsunami_depth_区部_南海トラフ巨大地震_ケース5,1,geom,POINT,0,,0
hazard_tsunami_depth_区部_南海トラフ巨大地震_ケース5,2,area,TEXT,0,,0
hazard_tsunami_depth_区部_南海トラフ巨大地震_ケース5,3,scenario,TEXT,0,,0
hazard_tsunami_depth_区部_南海トラフ巨大地震_ケース5,4,x_m,INTEGER,0,,0
hazard_tsunami_depth_区部_南海トラフ巨大地震_ケース5,5,y_m,INTEGER,0,,0
hazard_tsunami_depth_区部_南海トラフ巨大地震_ケース5,6,lon,REAL,0,,0
hazard_tsunami_depth_区部_南海トラフ巨大地震_ケース5,7,lat,REAL,0,,0
hazard_tsunami_depth_区部_南海トラフ巨大地震_ケース5,8,source_resource_id,TEXT,0,,0
hazard_tsunami_depth_区部_南海トラフ巨大地震_ケース5,9,source_resource,TEXT,0,,0
hazard_tsunami_depth_区部_南海トラフ巨大地震_ケース5,10,source_url,TEXT,0,,0
hazard_tsunami_depth_区部_南海トラフ巨大地震_ケース5,11,inundation_depth_max_m,REAL,0,,0
hazard_tsunami_depth_区部_南海トラフ巨大地震_ケース6,0,fid,INTEGER,1,,1
hazard_tsunami_depth_区部_南海トラフ巨大地震_ケース6,1,geom,POINT,0,,0
hazard_tsunami_depth_区部_南海トラフ巨大地震_ケース6,2,area,TEXT,0,,0
hazard_tsunami_depth_区部_南海トラフ巨大地震_ケース6,3,scenario,TEXT,0,,0
hazard_tsunami_depth_区部_南海トラフ巨大地震_ケース6,4,x_m,INTEGER,0,,0
hazard_tsunami_depth_区部_南海トラフ巨大地震_ケース6,5,y_m,INTEGER,0,,0
hazard_tsunami_depth_区部_南海トラフ巨大地震_ケース6,6,lon,REAL,0,,0
hazard_tsunami_depth_区部_南海トラフ巨大地震_ケース6,7,lat,REAL,0,,0
hazard_tsunami_depth_区部_南海トラフ巨大地震_ケース6,8,source_resource_id,TEXT,0,,0
hazard_tsunami_depth_区部_南海トラフ巨大地震_ケース6,9,source_resource,TEXT,0,,0
hazard_tsunami_depth_区部_南海トラフ巨大地震_ケース6,10,source_url,TEXT,0,,0
hazard_tsunami_depth_区部_南海トラフ巨大地震_ケース6,11,inundation_depth_max_m,REAL,0,,0
hazard_tsunami_depth_区部_南海トラフ巨大地震_ケース8,0,fid,INTEGER,1,,1
hazard_tsunami_depth_区部_南海トラフ巨大地震_ケース8,1,geom,POINT,0,,0
hazard_tsunami_depth_区部_南海トラフ巨大地震_ケース8,2,area,TEXT,0,,0
hazard_tsunami_depth_区部_南海トラフ巨大地震_ケース8,3,scenario,TEXT,0,,0
hazard_tsunami_depth_区部_南海トラフ巨大地震_ケース8,4,x_m,INTEGER,0,,0
hazard_tsunami_depth_区部_南海トラフ巨大地震_ケース8,5,y_m,INTEGER,0,,0
hazard_tsunami_depth_区部_南海トラフ巨大地震_ケース8,6,lon,REAL,0,,0
hazard_tsunami_depth_区部_南海トラフ巨大地震_ケース8,7,lat,REAL,0,,0
hazard_tsunami_depth_区部_南海トラフ巨大地震_ケース8,8,source_resource_id,TEXT,0,,0
hazard_tsunami_depth_区部_南海トラフ巨大地震_ケース8,9,source_resource,TEXT,0,,0
hazard_tsunami_depth_区部_南海トラフ巨大地震_ケース8,10,source_url,TEXT,0,,0
hazard_tsunami_depth_区部_南海トラフ巨大地震_ケース8,11,inundation_depth_max_m,REAL,0,,0
hazard_tsunami_depth_区部_南海トラフ巨大地震_全5ケース最大値,0,fid,INTEGER,1,,1
hazard_tsunami_depth_区部_南海トラフ巨大地震_全5ケース最大値,1,geom,POINT,0,,0
hazard_tsunami_depth_区部_南海トラフ巨大地震_全5ケース最大値,2,area,TEXT,0,,0
hazard_tsunami_depth_区部_南海トラフ巨大地震_全5ケース最大値,3,scenario,TEXT,0,,0
hazard_tsunami_depth_区部_南海トラフ巨大地震_全5ケース最大値,4,x_m,INTEGER,0,,0
hazard_tsunami_depth_区部_南海トラフ巨大地震_全5ケース最大値,5,y_m,INTEGER,0,,0
hazard_tsunami_depth_区部_南海トラフ巨大地震_全5ケース最大値,6,lon,REAL,0,,0
hazard_tsunami_depth_区部_南海トラフ巨大地震_全5ケース最大値,7,lat,REAL,0,,0
hazard_tsunami_depth_区部_南海トラフ巨大地震_全5ケース最大値,8,source_resource_id,TEXT,0,,0
hazard_tsunami_depth_区部_南海トラフ巨大地震_全5ケース最大値,9,source_resource,TEXT,0,,0
hazard_tsunami_depth_区部_南海トラフ巨大地震_全5ケース最大値,10,source_url,TEXT,0,,0
hazard_tsunami_depth_区部_南海トラフ巨大地震_全5ケース最大値,11,inundation_depth_max_m,REAL,0,,0
hazard_tsunami_depth_区部_大正関東地震,0,fid,INTEGER,1,,1
hazard_tsunami_depth_区部_大正関東地震,1,geom,POINT,0,,0
hazard_tsunami_depth_区部_大正関東地震,2,area,TEXT,0,,0
hazard_tsunami_depth_区部_大正関東地震,3,scenario,TEXT,0,,0
hazard_tsunami_depth_区部_大正関東地震,4,x_m,INTEGER,0,,0
hazard_tsunami_depth_区部_大正関東地震,5,y_m,INTEGER,0,,0
hazard_tsunami_depth_区部_大正関東地震,6,lon,REAL,0,,0
hazard_tsunami_depth_区部_大正関東地震,7,lat,REAL,0,,0
hazard_tsunami_depth_区部_大正関東地震,8,source_resource_id,TEXT,0,,0
hazard_tsunami_depth_区部_大正関東地震,9,source_resource,TEXT,0,,0
hazard_tsunami_depth_区部_大正関東地震,10,source_url,TEXT,0,,0
hazard_tsunami_depth_区部_大正関東地震,11,inundation_depth_max_m,REAL,0,,0
hazard_tsunami_depth_大島_南海トラフ巨大地震_ケース1,0,fid,INTEGER,1,,1
hazard_tsunami_depth_大島_南海トラフ巨大地震_ケース1,1,geom,POINT,0,,0
hazard_tsunami_depth_大島_南海トラフ巨大地震_ケース1,2,area,TEXT,0,,0
hazard_tsunami_depth_大島_南海トラフ巨大地震_ケース1,3,scenario,TEXT,0,,0
hazard_tsunami_depth_大島_南海トラフ巨大地震_ケース1,4,x_m,INTEGER,0,,0
hazard_tsunami_depth_大島_南海トラフ巨大地震_ケース1,5,y_m,INTEGER,0,,0
hazard_tsunami_depth_大島_南海トラフ巨大地震_ケース1,6,lon,REAL,0,,0
hazard_tsunami_depth_大島_南海トラフ巨大地震_ケース1,7,lat,REAL,0,,0
hazard_tsunami_depth_大島_南海トラフ巨大地震_ケース1,8,source_resource_id,TEXT,0,,0
hazard_tsunami_depth_大島_南海トラフ巨大地震_ケース1,9,source_resource,TEXT,0,,0
hazard_tsunami_depth_大島_南海トラフ巨大地震_ケース1,10,source_url,TEXT,0,,0
hazard_tsunami_depth_大島_南海トラフ巨大地震_ケース1,11,inundation_depth_max_m,REAL,0,,0
hazard_tsunami_depth_大島_南海トラフ巨大地震_ケース2,0,fid,INTEGER,1,,1
hazard_tsunami_depth_大島_南海トラフ巨大地震_ケース2,1,geom,POINT,0,,0
hazard_tsunami_depth_大島_南海トラフ巨大地震_ケース2,2,area,TEXT,0,,0
hazard_tsunami_depth_大島_南海トラフ巨大地震_ケース2,3,scenario,TEXT,0,,0
hazard_tsunami_depth_大島_南海トラフ巨大地震_ケース2,4,x_m,INTEGER,0,,0
hazard_tsunami_depth_大島_南海トラフ巨大地震_ケース2,5,y_m,INTEGER,0,,0
hazard_tsunami_depth_大島_南海トラフ巨大地震_ケース2,6,lon,REAL,0,,0
hazard_tsunami_depth_大島_南海トラフ巨大地震_ケース2,7,lat,REAL,0,,0
hazard_tsunami_depth_大島_南海トラフ巨大地震_ケース2,8,source_resource_id,TEXT,0,,0
hazard_tsunami_depth_大島_南海トラフ巨大地震_ケース2,9,source_resource,TEXT,0,,0
hazard_tsunami_depth_大島_南海トラフ巨大地震_ケース2,10,source_url,TEXT,0,,0
hazard_tsunami_depth_大島_南海トラフ巨大地震_ケース2,11,inundation_depth_max_m,REAL,0,,0
hazard_tsunami_depth_大島_南海トラフ巨大地震_ケース5,0,fid,INTEGER,1,,1
hazard_tsunami_depth_大島_南海トラフ巨大地震_ケース5,1,geom,POINT,0,,0
hazard_tsunami_depth_大島_南海トラフ巨大地震_ケース5,2,area,TEXT,0,,0
hazard_tsunami_depth_大島_南海トラフ巨大地震_ケース5,3,scenario,TEXT,0,,0
hazard_tsunami_depth_大島_南海トラフ巨大地震_ケース5,4,x_m,INTEGER,0,,0
hazard_tsunami_depth_大島_南海トラフ巨大地震_ケース5,5,y_m,INTEGER,0,,0
hazard_tsunami_depth_大島_南海トラフ巨大地震_ケース5,6,lon,REAL,0,,0
hazard_tsunami_depth_大島_南海トラフ巨大地震_ケース5,7,lat,REAL,0,,0
hazard_tsunami_depth_大島_南海トラフ巨大地震_ケース5,8,source_resource_id,TEXT,0,,0
hazard_tsunami_depth_大島_南海トラフ巨大地震_ケース5,9,source_resource,TEXT,0,,0
hazard_tsunami_depth_大島_南海トラフ巨大地震_ケース5,10,source_url,TEXT,0,,0
hazard_tsunami_depth_大島_南海トラフ巨大地震_ケース5,11,inundation_depth_max_m,REAL,0,,0
hazard_tsunami_depth_大島_南海トラフ巨大地震_ケース6,0,fid,INTEGER,1,,1
hazard_tsunami_depth_大島_南海トラフ巨大地震_ケース6,1,geom,POINT,0,,0
hazard_tsunami_depth_大島_南海トラフ巨大地震_ケース6,2,area,TEXT,0,,0
hazard_tsunami_depth_大島_南海トラフ巨大地震_ケース6,3,scenario,TEXT,0,,0
hazard_tsunami_depth_大島_南海トラフ巨大地震_ケース6,4,x_m,INTEGER,0,,0
hazard_tsunami_depth_大島_南海トラフ巨大地震_ケース6,5,y_m,INTEGER,0,,0
hazard_tsunami_depth_大島_南海トラフ巨大地震_ケース6,6,lon,REAL,0,,0
hazard_tsunami_depth_大島_南海トラフ巨大地震_ケース6,7,lat,REAL,0,,0
hazard_tsunami_depth_大島_南海トラフ巨大地震_ケース6,8,source_resource_id,TEXT,0,,0
hazard_tsunami_depth_大島_南海トラフ巨大地震_ケース6,9,source_resource,TEXT,0,,0
hazard_tsunami_depth_大島_南海トラフ巨大地震_ケース6,10,source_url,TEXT,0,,0
hazard_tsunami_depth_大島_南海トラフ巨大地震_ケース6,11,inundation_depth_max_m,REAL,0,,0
hazard_tsunami_depth_大島_南海トラフ巨大地震_ケース8,0,fid,INTEGER,1,,1
hazard_tsunami_depth_大島_南海トラフ巨大地震_ケース8,1,geom,POINT,0,,0
hazard_tsunami_depth_大島_南海トラフ巨大地震_ケース8,2,area,TEXT,0,,0
hazard_tsunami_depth_大島_南海トラフ巨大地震_ケース8,3,scenario,TEXT,0,,0
hazard_tsunami_depth_大島_南海トラフ巨大地震_ケース8,4,x_m,INTEGER,0,,0
hazard_tsunami_depth_大島_南海トラフ巨大地震_ケース8,5,y_m,INTEGER,0,,0
hazard_tsunami_depth_大島_南海トラフ巨大地震_ケース8,6,lon,REAL,0,,0
hazard_tsunami_depth_大島_南海トラフ巨大地震_ケース8,7,lat,REAL,0,,0
hazard_tsunami_depth_大島_南海トラフ巨大地震_ケース8,8,source_resource_id,TEXT,0,,0
hazard_tsunami_depth_大島_南海トラフ巨大地震_ケース8,9,source_resource,TEXT,0,,0
hazard_tsunami_depth_大島_南海トラフ巨大地震_ケース8,10,source_url,TEXT,0,,0
hazard_tsunami_depth_大島_南海トラフ巨大地震_ケース8,11,inundation_depth_max_m,REAL,0,,0
hazard_tsunami_depth_大島_大正関東地震,0,fid,INTEGER,1,,1
hazard_tsunami_depth_大島_大正関東地震,1,geom,POINT,0,,0
hazard_tsunami_depth_大島_大正関東地震,2,area,TEXT,0,,0
hazard_tsunami_depth_大島_大正関東地震,3,scenario,TEXT,0,,0
hazard_tsunami_depth_大島_大正関東地震,4,x_m,INTEGER,0,,0
hazard_tsunami_depth_大島_大正関東地震,5,y_m,INTEGER,0,,0
hazard_tsunami_depth_大島_大正関東地震,6,lon,REAL,0,,0
hazard_tsunami_depth_大島_大正関東地震,7,lat,REAL,0,,0
hazard_tsunami_depth_大島_大正関東地震,8,source_resource_id,TEXT,0,,0
hazard_tsunami_depth_大島_大正関東地震,9,source_resource,TEXT,0,,0
hazard_tsunami_depth_大島_大正関東地震,10,source_url,TEXT,0,,0
hazard_tsunami_depth_大島_大正関東地震,11,inundation_depth_max_m,REAL,0,,0
hazard_tsunami_depth_御蔵島_南海トラフ巨大地震_ケース1,0,fid,INTEGER,1,,1
hazard_tsunami_depth_御蔵島_南海トラフ巨大地震_ケース1,1,geom,POINT,0,,0
hazard_tsunami_depth_御蔵島_南海トラフ巨大地震_ケース1,2,area,TEXT,0,,0
hazard_tsunami_depth_御蔵島_南海トラフ巨大地震_ケース1,3,scenario,TEXT,0,,0
hazard_tsunami_depth_御蔵島_南海トラフ巨大地震_ケース1,4,x_m,INTEGER,0,,0
hazard_tsunami_depth_御蔵島_南海トラフ巨大地震_ケース1,5,y_m,INTEGER,0,,0
hazard_tsunami_depth_御蔵島_南海トラフ巨大地震_ケース1,6,lon,REAL,0,,0
hazard_tsunami_depth_御蔵島_南海トラフ巨大地震_ケース1,7,lat,REAL,0,,0
hazard_tsunami_depth_御蔵島_南海トラフ巨大地震_ケース1,8,source_resource_id,TEXT,0,,0
hazard_tsunami_depth_御蔵島_南海トラフ巨大地震_ケース1,9,source_resource,TEXT,0,,0
hazard_tsunami_depth_御蔵島_南海トラフ巨大地震_ケース1,10,source_url,TEXT,0,,0
hazard_tsunami_depth_御蔵島_南海トラフ巨大地震_ケース1,11,inundation_depth_max_m,REAL,0,,0
hazard_tsunami_depth_御蔵島_南海トラフ巨大地震_ケース2,0,fid,INTEGER,1,,1
hazard_tsunami_depth_御蔵島_南海トラフ巨大地震_ケース2,1,geom,POINT,0,,0
hazard_tsunami_depth_御蔵島_南海トラフ巨大地震_ケース2,2,area,TEXT,0,,0
hazard_tsunami_depth_御蔵島_南海トラフ巨大地震_ケース2,3,scenario,TEXT,0,,0
hazard_tsunami_depth_御蔵島_南海トラフ巨大地震_ケース2,4,x_m,INTEGER,0,,0
hazard_tsunami_depth_御蔵島_南海トラフ巨大地震_ケース2,5,y_m,INTEGER,0,,0
hazard_tsunami_depth_御蔵島_南海トラフ巨大地震_ケース2,6,lon,REAL,0,,0
hazard_tsunami_depth_御蔵島_南海トラフ巨大地震_ケース2,7,lat,REAL,0,,0
hazard_tsunami_depth_御蔵島_南海トラフ巨大地震_ケース2,8,source_resource_id,TEXT,0,,0
hazard_tsunami_depth_御蔵島_南海トラフ巨大地震_ケース2,9,source_resource,TEXT,0,,0
hazard_tsunami_depth_御蔵島_南海トラフ巨大地震_ケース2,10,source_url,TEXT,0,,0
hazard_tsunami_depth_御蔵島_南海トラフ巨大地震_ケース2,11,inundation_depth_max_m,REAL,0,,0
hazard_tsunami_depth_御蔵島_南海トラフ巨大地震_ケース5,0,fid,INTEGER,1,,1
hazard_tsunami_depth_御蔵島_南海トラフ巨大地震_ケース5,1,geom,POINT,0,,0
hazard_tsunami_depth_御蔵島_南海トラフ巨大地震_ケース5,2,area,TEXT,0,,0
hazard_tsunami_depth_御蔵島_南海トラフ巨大地震_ケース5,3,scenario,TEXT,0,,0
hazard_tsunami_depth_御蔵島_南海トラフ巨大地震_ケース5,4,x_m,INTEGER,0,,0
hazard_tsunami_depth_御蔵島_南海トラフ巨大地震_ケース5,5,y_m,INTEGER,0,,0
hazard_tsunami_depth_御蔵島_南海トラフ巨大地震_ケース5,6,lon,REAL,0,,0
hazard_tsunami_depth_御蔵島_南海トラフ巨大地震_ケース5,7,lat,REAL,0,,0
hazard_tsunami_depth_御蔵島_南海トラフ巨大地震_ケース5,8,source_resource_id,TEXT,0,,0
hazard_tsunami_depth_御蔵島_南海トラフ巨大地震_ケース5,9,source_resource,TEXT,0,,0
hazard_tsunami_depth_御蔵島_南海トラフ巨大地震_ケース5,10,source_url,TEXT,0,,0
hazard_tsunami_depth_御蔵島_南海トラフ巨大地震_ケース5,11,inundation_depth_max_m,REAL,0,,0
hazard_tsunami_depth_御蔵島_南海トラフ巨大地震_ケース6,0,fid,INTEGER,1,,1
hazard_tsunami_depth_御蔵島_南海トラフ巨大地震_ケース6,1,geom,POINT,0,,0
hazard_tsunami_depth_御蔵島_南海トラフ巨大地震_ケース6,2,area,TEXT,0,,0
hazard_tsunami_depth_御蔵島_南海トラフ巨大地震_ケース6,3,scenario,TEXT,0,,0
hazard_tsunami_depth_御蔵島_南海トラフ巨大地震_ケース6,4,x_m,INTEGER,0,,0
hazard_tsunami_depth_御蔵島_南海トラフ巨大地震_ケース6,5,y_m,INTEGER,0,,0
hazard_tsunami_depth_御蔵島_南海トラフ巨大地震_ケース6,6,lon,REAL,0,,0
hazard_tsunami_depth_御蔵島_南海トラフ巨大地震_ケース6,7,lat,REAL,0,,0
hazard_tsunami_depth_御蔵島_南海トラフ巨大地震_ケース6,8,source_resource_id,TEXT,0,,0
hazard_tsunami_depth_御蔵島_南海トラフ巨大地震_ケース6,9,source_resource,TEXT,0,,0
hazard_tsunami_depth_御蔵島_南海トラフ巨大地震_ケース6,10,source_url,TEXT,0,,0
hazard_tsunami_depth_御蔵島_南海トラフ巨大地震_ケース6,11,inundation_depth_max_m,REAL,0,,0
hazard_tsunami_depth_御蔵島_南海トラフ巨大地震_ケース8,0,fid,INTEGER,1,,1
hazard_tsunami_depth_御蔵島_南海トラフ巨大地震_ケース8,1,geom,POINT,0,,0
hazard_tsunami_depth_御蔵島_南海トラフ巨大地震_ケース8,2,area,TEXT,0,,0
hazard_tsunami_depth_御蔵島_南海トラフ巨大地震_ケース8,3,scenario,TEXT,0,,0
hazard_tsunami_depth_御蔵島_南海トラフ巨大地震_ケース8,4,x_m,INTEGER,0,,0
hazard_tsunami_depth_御蔵島_南海トラフ巨大地震_ケース8,5,y_m,INTEGER,0,,0
hazard_tsunami_depth_御蔵島_南海トラフ巨大地震_ケース8,6,lon,REAL,0,,0
hazard_tsunami_depth_御蔵島_南海トラフ巨大地震_ケース8,7,lat,REAL,0,,0
hazard_tsunami_depth_御蔵島_南海トラフ巨大地震_ケース8,8,source_resource_id,TEXT,0,,0
hazard_tsunami_depth_御蔵島_南海トラフ巨大地震_ケース8,9,source_resource,TEXT,0,,0
hazard_tsunami_depth_御蔵島_南海トラフ巨大地震_ケース8,10,source_url,TEXT,0,,0
hazard_tsunami_depth_御蔵島_南海トラフ巨大地震_ケース8,11,inundation_depth_max_m,REAL,0,,0
hazard_tsunami_depth_御蔵島_大正関東地震,0,fid,INTEGER,1,,1
hazard_tsunami_depth_御蔵島_大正関東地震,1,geom,POINT,0,,0
hazard_tsunami_depth_御蔵島_大正関東地震,2,area,TEXT,0,,0
hazard_tsunami_depth_御蔵島_大正関東地震,3,scenario,TEXT,0,,0
hazard_tsunami_depth_御蔵島_大正関東地震,4,x_m,INTEGER,0,,0
hazard_tsunami_depth_御蔵島_大正関東地震,5,y_m,INTEGER,0,,0
hazard_tsunami_depth_御蔵島_大正関東地震,6,lon,REAL,0,,0
hazard_tsunami_depth_御蔵島_大正関東地震,7,lat,REAL,0,,0
hazard_tsunami_depth_御蔵島_大正関東地震,8,source_resource_id,TEXT,0,,0
hazard_tsunami_depth_御蔵島_大正関東地震,9,source_resource,TEXT,0,,0
hazard_tsunami_depth_御蔵島_大正関東地震,10,source_url,TEXT,0,,0
hazard_tsunami_depth_御蔵島_大正関東地震,11,inundation_depth_max_m,REAL,0,,0
hazard_tsunami_depth_新島_式根島_南海トラフ巨大地震_ケース1,0,fid,INTEGER,1,,1
hazard_tsunami_depth_新島_式根島_南海トラフ巨大地震_ケース1,1,geom,POINT,0,,0
hazard_tsunami_depth_新島_式根島_南海トラフ巨大地震_ケース1,2,area,TEXT,0,,0
hazard_tsunami_depth_新島_式根島_南海トラフ巨大地震_ケース1,3,scenario,TEXT,0,,0
hazard_tsunami_depth_新島_式根島_南海トラフ巨大地震_ケース1,4,x_m,INTEGER,0,,0
hazard_tsunami_depth_新島_式根島_南海トラフ巨大地震_ケース1,5,y_m,INTEGER,0,,0
hazard_tsunami_depth_新島_式根島_南海トラフ巨大地震_ケース1,6,lon,REAL,0,,0
hazard_tsunami_depth_新島_式根島_南海トラフ巨大地震_ケース1,7,lat,REAL,0,,0
hazard_tsunami_depth_新島_式根島_南海トラフ巨大地震_ケース1,8,source_resource_id,TEXT,0,,0
hazard_tsunami_depth_新島_式根島_南海トラフ巨大地震_ケース1,9,source_resource,TEXT,0,,0
hazard_tsunami_depth_新島_式根島_南海トラフ巨大地震_ケース1,10,source_url,TEXT,0,,0
hazard_tsunami_depth_新島_式根島_南海トラフ巨大地震_ケース1,11,inundation_depth_max_m,REAL,0,,0
hazard_tsunami_depth_新島_式根島_南海トラフ巨大地震_ケース2,0,fid,INTEGER,1,,1
hazard_tsunami_depth_新島_式根島_南海トラフ巨大地震_ケース2,1,geom,POINT,0,,0
hazard_tsunami_depth_新島_式根島_南海トラフ巨大地震_ケース2,2,area,TEXT,0,,0
hazard_tsunami_depth_新島_式根島_南海トラフ巨大地震_ケース2,3,scenario,TEXT,0,,0
hazard_tsunami_depth_新島_式根島_南海トラフ巨大地震_ケース2,4,x_m,INTEGER,0,,0
hazard_tsunami_depth_新島_式根島_南海トラフ巨大地震_ケース2,5,y_m,INTEGER,0,,0
hazard_tsunami_depth_新島_式根島_南海トラフ巨大地震_ケース2,6,lon,REAL,0,,0
hazard_tsunami_depth_新島_式根島_南海トラフ巨大地震_ケース2,7,lat,REAL,0,,0
hazard_tsunami_depth_新島_式根島_南海トラフ巨大地震_ケース2,8,source_resource_id,TEXT,0,,0
hazard_tsunami_depth_新島_式根島_南海トラフ巨大地震_ケース2,9,source_resource,TEXT,0,,0
hazard_tsunami_depth_新島_式根島_南海トラフ巨大地震_ケース2,10,source_url,TEXT,0,,0
hazard_tsunami_depth_新島_式根島_南海トラフ巨大地震_ケース2,11,inundation_depth_max_m,REAL,0,,0
hazard_tsunami_depth_新島_式根島_南海トラフ巨大地震_ケース5,0,fid,INTEGER,1,,1
hazard_tsunami_depth_新島_式根島_南海トラフ巨大地震_ケース5,1,geom,POINT,0,,0
hazard_tsunami_depth_新島_式根島_南海トラフ巨大地震_ケース5,2,area,TEXT,0,,0
hazard_tsunami_depth_新島_式根島_南海トラフ巨大地震_ケース5,3,scenario,TEXT,0,,0
hazard_tsunami_depth_新島_式根島_南海トラフ巨大地震_ケース5,4,x_m,INTEGER,0,,0
hazard_tsunami_depth_新島_式根島_南海トラフ巨大地震_ケース5,5,y_m,INTEGER,0,,0
hazard_tsunami_depth_新島_式根島_南海トラフ巨大地震_ケース5,6,lon,REAL,0,,0
hazard_tsunami_depth_新島_式根島_南海トラフ巨大地震_ケース5,7,lat,REAL,0,,0
hazard_tsunami_depth_新島_式根島_南海トラフ巨大地震_ケース5,8,source_resource_id,TEXT,0,,0
hazard_tsunami_depth_新島_式根島_南海トラフ巨大地震_ケース5,9,source_resource,TEXT,0,,0
hazard_tsunami_depth_新島_式根島_南海トラフ巨大地震_ケース5,10,source_url,TEXT,0,,0
hazard_tsunami_depth_新島_式根島_南海トラフ巨大地震_ケース5,11,inundation_depth_max_m,REAL,0,,0
hazard_tsunami_depth_新島_式根島_南海トラフ巨大地震_ケース6,0,fid,INTEGER,1,,1
hazard_tsunami_depth_新島_式根島_南海トラフ巨大地震_ケース6,1,geom,POINT,0,,0
hazard_tsunami_depth_新島_式根島_南海トラフ巨大地震_ケース6,2,area,TEXT,0,,0
hazard_tsunami_depth_新島_式根島_南海トラフ巨大地震_ケース6,3,scenario,TEXT,0,,0
hazard_tsunami_depth_新島_式根島_南海トラフ巨大地震_ケース6,4,x_m,INTEGER,0,,0
hazard_tsunami_depth_新島_式根島_南海トラフ巨大地震_ケース6,5,y_m,INTEGER,0,,0
hazard_tsunami_depth_新島_式根島_南海トラフ巨大地震_ケース6,6,lon,REAL,0,,0
hazard_tsunami_depth_新島_式根島_南海トラフ巨大地震_ケース6,7,lat,REAL,0,,0
hazard_tsunami_depth_新島_式根島_南海トラフ巨大地震_ケース6,8,source_resource_id,TEXT,0,,0
hazard_tsunami_depth_新島_式根島_南海トラフ巨大地震_ケース6,9,source_resource,TEXT,0,,0
hazard_tsunami_depth_新島_式根島_南海トラフ巨大地震_ケース6,10,source_url,TEXT,0,,0
hazard_tsunami_depth_新島_式根島_南海トラフ巨大地震_ケース6,11,inundation_depth_max_m,REAL,0,,0
hazard_tsunami_depth_新島_式根島_南海トラフ巨大地震_ケース8,0,fid,INTEGER,1,,1
hazard_tsunami_depth_新島_式根島_南海トラフ巨大地震_ケース8,1,geom,POINT,0,,0
hazard_tsunami_depth_新島_式根島_南海トラフ巨大地震_ケース8,2,area,TEXT,0,,0
hazard_tsunami_depth_新島_式根島_南海トラフ巨大地震_ケース8,3,scenario,TEXT,0,,0
hazard_tsunami_depth_新島_式根島_南海トラフ巨大地震_ケース8,4,x_m,INTEGER,0,,0
hazard_tsunami_depth_新島_式根島_南海トラフ巨大地震_ケース8,5,y_m,INTEGER,0,,0
hazard_tsunami_depth_新島_式根島_南海トラフ巨大地震_ケース8,6,lon,REAL,0,,0
hazard_tsunami_depth_新島_式根島_南海トラフ巨大地震_ケース8,7,lat,REAL,0,,0
hazard_tsunami_depth_新島_式根島_南海トラフ巨大地震_ケース8,8,source_resource_id,TEXT,0,,0
hazard_tsunami_depth_新島_式根島_南海トラフ巨大地震_ケース8,9,source_resource,TEXT,0,,0
hazard_tsunami_depth_新島_式根島_南海トラフ巨大地震_ケース8,10,source_url,TEXT,0,,0
hazard_tsunami_depth_新島_式根島_南海トラフ巨大地震_ケース8,11,inundation_depth_max_m,REAL,0,,0
hazard_tsunami_depth_新島_式根島_大正関東地震,0,fid,INTEGER,1,,1
hazard_tsunami_depth_新島_式根島_大正関東地震,1,geom,POINT,0,,0
hazard_tsunami_depth_新島_式根島_大正関東地震,2,area,TEXT,0,,0
hazard_tsunami_depth_新島_式根島_大正関東地震,3,scenario,TEXT,0,,0
hazard_tsunami_depth_新島_式根島_大正関東地震,4,x_m,INTEGER,0,,0
hazard_tsunami_depth_新島_式根島_大正関東地震,5,y_m,INTEGER,0,,0
hazard_tsunami_depth_新島_式根島_大正関東地震,6,lon,REAL,0,,0
hazard_tsunami_depth_新島_式根島_大正関東地震,7,lat,REAL,0,,0
hazard_tsunami_depth_新島_式根島_大正関東地震,8,source_resource_id,TEXT,0,,0
hazard_tsunami_depth_新島_式根島_大正関東地震,9,source_resource,TEXT,0,,0
hazard_tsunami_depth_新島_式根島_大正関東地震,10,source_url,TEXT,0,,0
hazard_tsunami_depth_新島_式根島_大正関東地震,11,inundation_depth_max_m,REAL,0,,0
hazard_tsunami_depth_母島_南海トラフ巨大地震_ケース1,0,fid,INTEGER,1,,1
hazard_tsunami_depth_母島_南海トラフ巨大地震_ケース1,1,geom,POINT,0,,0
hazard_tsunami_depth_母島_南海トラフ巨大地震_ケース1,2,area,TEXT,0,,0
hazard_tsunami_depth_母島_南海トラフ巨大地震_ケース1,3,scenario,TEXT,0,,0
hazard_tsunami_depth_母島_南海トラフ巨大地震_ケース1,4,x_m,INTEGER,0,,0
hazard_tsunami_depth_母島_南海トラフ巨大地震_ケース1,5,y_m,INTEGER,0,,0
hazard_tsunami_depth_母島_南海トラフ巨大地震_ケース1,6,lon,REAL,0,,0
hazard_tsunami_depth_母島_南海トラフ巨大地震_ケース1,7,lat,REAL,0,,0
hazard_tsunami_depth_母島_南海トラフ巨大地震_ケース1,8,source_resource_id,TEXT,0,,0
hazard_tsunami_depth_母島_南海トラフ巨大地震_ケース1,9,source_resource,TEXT,0,,0
hazard_tsunami_depth_母島_南海トラフ巨大地震_ケース1,10,source_url,TEXT,0,,0
hazard_tsunami_depth_母島_南海トラフ巨大地震_ケース1,11,inundation_depth_max_m,REAL,0,,0
hazard_tsunami_depth_母島_南海トラフ巨大地震_ケース2,0,fid,INTEGER,1,,1
hazard_tsunami_depth_母島_南海トラフ巨大地震_ケース2,1,geom,POINT,0,,0
hazard_tsunami_depth_母島_南海トラフ巨大地震_ケース2,2,area,TEXT,0,,0
hazard_tsunami_depth_母島_南海トラフ巨大地震_ケース2,3,scenario,TEXT,0,,0
hazard_tsunami_depth_母島_南海トラフ巨大地震_ケース2,4,x_m,INTEGER,0,,0
hazard_tsunami_depth_母島_南海トラフ巨大地震_ケース2,5,y_m,INTEGER,0,,0
hazard_tsunami_depth_母島_南海トラフ巨大地震_ケース2,6,lon,REAL,0,,0
hazard_tsunami_depth_母島_南海トラフ巨大地震_ケース2,7,lat,REAL,0,,0
hazard_tsunami_depth_母島_南海トラフ巨大地震_ケース2,8,source_resource_id,TEXT,0,,0
hazard_tsunami_depth_母島_南海トラフ巨大地震_ケース2,9,source_resource,TEXT,0,,0
hazard_tsunami_depth_母島_南海トラフ巨大地震_ケース2,10,source_url,TEXT,0,,0
hazard_tsunami_depth_母島_南海トラフ巨大地震_ケース2,11,inundation_depth_max_m,REAL,0,,0
hazard_tsunami_depth_母島_南海トラフ巨大地震_ケース5,0,fid,INTEGER,1,,1
hazard_tsunami_depth_母島_南海トラフ巨大地震_ケース5,1,geom,POINT,0,,0
hazard_tsunami_depth_母島_南海トラフ巨大地震_ケース5,2,area,TEXT,0,,0
hazard_tsunami_depth_母島_南海トラフ巨大地震_ケース5,3,scenario,TEXT,0,,0
hazard_tsunami_depth_母島_南海トラフ巨大地震_ケース5,4,x_m,INTEGER,0,,0
hazard_tsunami_depth_母島_南海トラフ巨大地震_ケース5,5,y_m,INTEGER,0,,0
hazard_tsunami_depth_母島_南海トラフ巨大地震_ケース5,6,lon,REAL,0,,0
hazard_tsunami_depth_母島_南海トラフ巨大地震_ケース5,7,lat,REAL,0,,0
hazard_tsunami_depth_母島_南海トラフ巨大地震_ケース5,8,source_resource_id,TEXT,0,,0
hazard_tsunami_depth_母島_南海トラフ巨大地震_ケース5,9,source_resource,TEXT,0,,0
hazard_tsunami_depth_母島_南海トラフ巨大地震_ケース5,10,source_url,TEXT,0,,0
hazard_tsunami_depth_母島_南海トラフ巨大地震_ケース5,11,inundation_depth_max_m,REAL,0,,0
hazard_tsunami_depth_母島_南海トラフ巨大地震_ケース6,0,fid,INTEGER,1,,1
hazard_tsunami_depth_母島_南海トラフ巨大地震_ケース6,1,geom,POINT,0,,0
hazard_tsunami_depth_母島_南海トラフ巨大地震_ケース6,2,area,TEXT,0,,0
hazard_tsunami_depth_母島_南海トラフ巨大地震_ケース6,3,scenario,TEXT,0,,0
hazard_tsunami_depth_母島_南海トラフ巨大地震_ケース6,4,x_m,INTEGER,0,,0
hazard_tsunami_depth_母島_南海トラフ巨大地震_ケース6,5,y_m,INTEGER,0,,0
hazard_tsunami_depth_母島_南海トラフ巨大地震_ケース6,6,lon,REAL,0,,0
hazard_tsunami_depth_母島_南海トラフ巨大地震_ケース6,7,lat,REAL,0,,0
hazard_tsunami_depth_母島_南海トラフ巨大地震_ケース6,8,source_resource_id,TEXT,0,,0
hazard_tsunami_depth_母島_南海トラフ巨大地震_ケース6,9,source_resource,TEXT,0,,0
hazard_tsunami_depth_母島_南海トラフ巨大地震_ケース6,10,source_url,TEXT,0,,0
hazard_tsunami_depth_母島_南海トラフ巨大地震_ケース6,11,inundation_depth_max_m,REAL,0,,0
hazard_tsunami_depth_母島_南海トラフ巨大地震_ケース8,0,fid,INTEGER,1,,1
hazard_tsunami_depth_母島_南海トラフ巨大地震_ケース8,1,geom,POINT,0,,0
hazard_tsunami_depth_母島_南海トラフ巨大地震_ケース8,2,area,TEXT,0,,0
hazard_tsunami_depth_母島_南海トラフ巨大地震_ケース8,3,scenario,TEXT,0,,0
hazard_tsunami_depth_母島_南海トラフ巨大地震_ケース8,4,x_m,INTEGER,0,,0
hazard_tsunami_depth_母島_南海トラフ巨大地震_ケース8,5,y_m,INTEGER,0,,0
hazard_tsunami_depth_母島_南海トラフ巨大地震_ケース8,6,lon,REAL,0,,0
hazard_tsunami_depth_母島_南海トラフ巨大地震_ケース8,7,lat,REAL,0,,0
hazard_tsunami_depth_母島_南海トラフ巨大地震_ケース8,8,source_resource_id,TEXT,0,,0
hazard_tsunami_depth_母島_南海トラフ巨大地震_ケース8,9,source_resource,TEXT,0,,0
hazard_tsunami_depth_母島_南海トラフ巨大地震_ケース8,10,source_url,TEXT,0,,0
hazard_tsunami_depth_母島_南海トラフ巨大地震_ケース8,11,inundation_depth_max_m,REAL,0,,0
hazard_tsunami_depth_母島_大正関東地震,0,fid,INTEGER,1,,1
hazard_tsunami_depth_母島_大正関東地震,1,geom,POINT,0,,0
hazard_tsunami_depth_母島_大正関東地震,2,area,TEXT,0,,0
hazard_tsunami_depth_母島_大正関東地震,3,scenario,TEXT,0,,0
hazard_tsunami_depth_母島_大正関東地震,4,x_m,INTEGER,0,,0
hazard_tsunami_depth_母島_大正関東地震,5,y_m,INTEGER,0,,0
hazard_tsunami_depth_母島_大正関東地震,6,lon,REAL,0,,0
hazard_tsunami_depth_母島_大正関東地震,7,lat,REAL,0,,0
hazard_tsunami_depth_母島_大正関東地震,8,source_resource_id,TEXT,0,,0
hazard_tsunami_depth_母島_大正関東地震,9,source_resource,TEXT,0,,0
hazard_tsunami_depth_母島_大正関東地震,10,source_url,TEXT,0,,0
hazard_tsunami_depth_母島_大正関東地震,11,inundation_depth_max_m,REAL,0,,0
hazard_tsunami_depth_父島_南海トラフ巨大地震_ケース1,0,fid,INTEGER,1,,1
hazard_tsunami_depth_父島_南海トラフ巨大地震_ケース1,1,geom,POINT,0,,0
hazard_tsunami_depth_父島_南海トラフ巨大地震_ケース1,2,area,TEXT,0,,0
hazard_tsunami_depth_父島_南海トラフ巨大地震_ケース1,3,scenario,TEXT,0,,0
hazard_tsunami_depth_父島_南海トラフ巨大地震_ケース1,4,x_m,INTEGER,0,,0
hazard_tsunami_depth_父島_南海トラフ巨大地震_ケース1,5,y_m,INTEGER,0,,0
hazard_tsunami_depth_父島_南海トラフ巨大地震_ケース1,6,lon,REAL,0,,0
hazard_tsunami_depth_父島_南海トラフ巨大地震_ケース1,7,lat,REAL,0,,0
hazard_tsunami_depth_父島_南海トラフ巨大地震_ケース1,8,source_resource_id,TEXT,0,,0
hazard_tsunami_depth_父島_南海トラフ巨大地震_ケース1,9,source_resource,TEXT,0,,0
hazard_tsunami_depth_父島_南海トラフ巨大地震_ケース1,10,source_url,TEXT,0,,0
hazard_tsunami_depth_父島_南海トラフ巨大地震_ケース1,11,inundation_depth_max_m,REAL,0,,0
hazard_tsunami_depth_父島_南海トラフ巨大地震_ケース2,0,fid,INTEGER,1,,1
hazard_tsunami_depth_父島_南海トラフ巨大地震_ケース2,1,geom,POINT,0,,0
hazard_tsunami_depth_父島_南海トラフ巨大地震_ケース2,2,area,TEXT,0,,0
hazard_tsunami_depth_父島_南海トラフ巨大地震_ケース2,3,scenario,TEXT,0,,0
hazard_tsunami_depth_父島_南海トラフ巨大地震_ケース2,4,x_m,INTEGER,0,,0
hazard_tsunami_depth_父島_南海トラフ巨大地震_ケース2,5,y_m,INTEGER,0,,0
hazard_tsunami_depth_父島_南海トラフ巨大地震_ケース2,6,lon,REAL,0,,0
hazard_tsunami_depth_父島_南海トラフ巨大地震_ケース2,7,lat,REAL,0,,0
hazard_tsunami_depth_父島_南海トラフ巨大地震_ケース2,8,source_resource_id,TEXT,0,,0
hazard_tsunami_depth_父島_南海トラフ巨大地震_ケース2,9,source_resource,TEXT,0,,0
hazard_tsunami_depth_父島_南海トラフ巨大地震_ケース2,10,source_url,TEXT,0,,0
hazard_tsunami_depth_父島_南海トラフ巨大地震_ケース2,11,inundation_depth_max_m,REAL,0,,0
hazard_tsunami_depth_父島_南海トラフ巨大地震_ケース5,0,fid,INTEGER,1,,1
hazard_tsunami_depth_父島_南海トラフ巨大地震_ケース5,1,geom,POINT,0,,0
hazard_tsunami_depth_父島_南海トラフ巨大地震_ケース5,2,area,TEXT,0,,0
hazard_tsunami_depth_父島_南海トラフ巨大地震_ケース5,3,scenario,TEXT,0,,0
hazard_tsunami_depth_父島_南海トラフ巨大地震_ケース5,4,x_m,INTEGER,0,,0
hazard_tsunami_depth_父島_南海トラフ巨大地震_ケース5,5,y_m,INTEGER,0,,0
hazard_tsunami_depth_父島_南海トラフ巨大地震_ケース5,6,lon,REAL,0,,0
hazard_tsunami_depth_父島_南海トラフ巨大地震_ケース5,7,lat,REAL,0,,0
hazard_tsunami_depth_父島_南海トラフ巨大地震_ケース5,8,source_resource_id,TEXT,0,,0
hazard_tsunami_depth_父島_南海トラフ巨大地震_ケース5,9,source_resource,TEXT,0,,0
hazard_tsunami_depth_父島_南海トラフ巨大地震_ケース5,10,source_url,TEXT,0,,0
hazard_tsunami_depth_父島_南海トラフ巨大地震_ケース5,11,inundation_depth_max_m,REAL,0,,0
hazard_tsunami_depth_父島_南海トラフ巨大地震_ケース6,0,fid,INTEGER,1,,1
hazard_tsunami_depth_父島_南海トラフ巨大地震_ケース6,1,geom,POINT,0,,0
hazard_tsunami_depth_父島_南海トラフ巨大地震_ケース6,2,area,TEXT,0,,0
hazard_tsunami_depth_父島_南海トラフ巨大地震_ケース6,3,scenario,TEXT,0,,0
hazard_tsunami_depth_父島_南海トラフ巨大地震_ケース6,4,x_m,INTEGER,0,,0
hazard_tsunami_depth_父島_南海トラフ巨大地震_ケース6,5,y_m,INTEGER,0,,0
hazard_tsunami_depth_父島_南海トラフ巨大地震_ケース6,6,lon,REAL,0,,0
hazard_tsunami_depth_父島_南海トラフ巨大地震_ケース6,7,lat,REAL,0,,0
hazard_tsunami_depth_父島_南海トラフ巨大地震_ケース6,8,source_resource_id,TEXT,0,,0
hazard_tsunami_depth_父島_南海トラフ巨大地震_ケース6,9,source_resource,TEXT,0,,0
hazard_tsunami_depth_父島_南海トラフ巨大地震_ケース6,10,source_url,TEXT,0,,0
hazard_tsunami_depth_父島_南海トラフ巨大地震_ケース6,11,inundation_depth_max_m,REAL,0,,0
hazard_tsunami_depth_父島_南海トラフ巨大地震_ケース8,0,fid,INTEGER,1,,1
hazard_tsunami_depth_父島_南海トラフ巨大地震_ケース8,1,geom,POINT,0,,0
hazard_tsunami_depth_父島_南海トラフ巨大地震_ケース8,2,area,TEXT,0,,0
hazard_tsunami_depth_父島_南海トラフ巨大地震_ケース8,3,scenario,TEXT,0,,0
hazard_tsunami_depth_父島_南海トラフ巨大地震_ケース8,4,x_m,INTEGER,0,,0
hazard_tsunami_depth_父島_南海トラフ巨大地震_ケース8,5,y_m,INTEGER,0,,0
hazard_tsunami_depth_父島_南海トラフ巨大地震_ケース8,6,lon,REAL,0,,0
hazard_tsunami_depth_父島_南海トラフ巨大地震_ケース8,7,lat,REAL,0,,0
hazard_tsunami_depth_父島_南海トラフ巨大地震_ケース8,8,source_resource_id,TEXT,0,,0
hazard_tsunami_depth_父島_南海トラフ巨大地震_ケース8,9,source_resource,TEXT,0,,0
hazard_tsunami_depth_父島_南海トラフ巨大地震_ケース8,10,source_url,TEXT,0,,0
hazard_tsunami_depth_父島_南海トラフ巨大地震_ケース8,11,inundation_depth_max_m,REAL,0,,0
hazard_tsunami_depth_父島_大正関東地震,0,fid,INTEGER,1,,1
hazard_tsunami_depth_父島_大正関東地震,1,geom,POINT,0,,0
hazard_tsunami_depth_父島_大正関東地震,2,area,TEXT,0,,0
hazard_tsunami_depth_父島_大正関東地震,3,scenario,TEXT,0,,0
hazard_tsunami_depth_父島_大正関東地震,4,x_m,INTEGER,0,,0
hazard_tsunami_depth_父島_大正関東地震,5,y_m,INTEGER,0,,0
hazard_tsunami_depth_父島_大正関東地震,6,lon,REAL,0,,0
hazard_tsunami_depth_父島_大正関東地震,7,lat,REAL,0,,0
hazard_tsunami_depth_父島_大正関東地震,8,source_resource_id,TEXT,0,,0
hazard_tsunami_depth_父島_大正関東地震,9,source_resource,TEXT,0,,0
hazard_tsunami_depth_父島_大正関東地震,10,source_url,TEXT,0,,0
hazard_tsunami_depth_父島_大正関東地震,11,inundation_depth_max_m,REAL,0,,0
hazard_tsunami_depth_神津島_南海トラフ巨大地震_ケース1,0,fid,INTEGER,1,,1
hazard_tsunami_depth_神津島_南海トラフ巨大地震_ケース1,1,geom,POINT,0,,0
hazard_tsunami_depth_神津島_南海トラフ巨大地震_ケース1,2,area,TEXT,0,,0
hazard_tsunami_depth_神津島_南海トラフ巨大地震_ケース1,3,scenario,TEXT,0,,0
hazard_tsunami_depth_神津島_南海トラフ巨大地震_ケース1,4,x_m,INTEGER,0,,0
hazard_tsunami_depth_神津島_南海トラフ巨大地震_ケース1,5,y_m,INTEGER,0,,0
hazard_tsunami_depth_神津島_南海トラフ巨大地震_ケース1,6,lon,REAL,0,,0
hazard_tsunami_depth_神津島_南海トラフ巨大地震_ケース1,7,lat,REAL,0,,0
hazard_tsunami_depth_神津島_南海トラフ巨大地震_ケース1,8,source_resource_id,TEXT,0,,0
hazard_tsunami_depth_神津島_南海トラフ巨大地震_ケース1,9,source_resource,TEXT,0,,0
hazard_tsunami_depth_神津島_南海トラフ巨大地震_ケース1,10,source_url,TEXT,0,,0
hazard_tsunami_depth_神津島_南海トラフ巨大地震_ケース1,11,inundation_depth_max_m,REAL,0,,0
hazard_tsunami_depth_神津島_南海トラフ巨大地震_ケース2,0,fid,INTEGER,1,,1
hazard_tsunami_depth_神津島_南海トラフ巨大地震_ケース2,1,geom,POINT,0,,0
hazard_tsunami_depth_神津島_南海トラフ巨大地震_ケース2,2,area,TEXT,0,,0
hazard_tsunami_depth_神津島_南海トラフ巨大地震_ケース2,3,scenario,TEXT,0,,0
hazard_tsunami_depth_神津島_南海トラフ巨大地震_ケース2,4,x_m,INTEGER,0,,0
hazard_tsunami_depth_神津島_南海トラフ巨大地震_ケース2,5,y_m,INTEGER,0,,0
hazard_tsunami_depth_神津島_南海トラフ巨大地震_ケース2,6,lon,REAL,0,,0
hazard_tsunami_depth_神津島_南海トラフ巨大地震_ケース2,7,lat,REAL,0,,0
hazard_tsunami_depth_神津島_南海トラフ巨大地震_ケース2,8,source_resource_id,TEXT,0,,0
hazard_tsunami_depth_神津島_南海トラフ巨大地震_ケース2,9,source_resource,TEXT,0,,0
hazard_tsunami_depth_神津島_南海トラフ巨大地震_ケース2,10,source_url,TEXT,0,,0
hazard_tsunami_depth_神津島_南海トラフ巨大地震_ケース2,11,inundation_depth_max_m,REAL,0,,0
hazard_tsunami_depth_神津島_南海トラフ巨大地震_ケース5,0,fid,INTEGER,1,,1
hazard_tsunami_depth_神津島_南海トラフ巨大地震_ケース5,1,geom,POINT,0,,0
hazard_tsunami_depth_神津島_南海トラフ巨大地震_ケース5,2,area,TEXT,0,,0
hazard_tsunami_depth_神津島_南海トラフ巨大地震_ケース5,3,scenario,TEXT,0,,0
hazard_tsunami_depth_神津島_南海トラフ巨大地震_ケース5,4,x_m,INTEGER,0,,0
hazard_tsunami_depth_神津島_南海トラフ巨大地震_ケース5,5,y_m,INTEGER,0,,0
hazard_tsunami_depth_神津島_南海トラフ巨大地震_ケース5,6,lon,REAL,0,,0
hazard_tsunami_depth_神津島_南海トラフ巨大地震_ケース5,7,lat,REAL,0,,0
hazard_tsunami_depth_神津島_南海トラフ巨大地震_ケース5,8,source_resource_id,TEXT,0,,0
hazard_tsunami_depth_神津島_南海トラフ巨大地震_ケース5,9,source_resource,TEXT,0,,0
hazard_tsunami_depth_神津島_南海トラフ巨大地震_ケース5,10,source_url,TEXT,0,,0
hazard_tsunami_depth_神津島_南海トラフ巨大地震_ケース5,11,inundation_depth_max_m,REAL,0,,0
hazard_tsunami_depth_神津島_南海トラフ巨大地震_ケース6,0,fid,INTEGER,1,,1
hazard_tsunami_depth_神津島_南海トラフ巨大地震_ケース6,1,geom,POINT,0,,0
hazard_tsunami_depth_神津島_南海トラフ巨大地震_ケース6,2,area,TEXT,0,,0
hazard_tsunami_depth_神津島_南海トラフ巨大地震_ケース6,3,scenario,TEXT,0,,0
hazard_tsunami_depth_神津島_南海トラフ巨大地震_ケース6,4,x_m,INTEGER,0,,0
hazard_tsunami_depth_神津島_南海トラフ巨大地震_ケース6,5,y_m,INTEGER,0,,0
hazard_tsunami_depth_神津島_南海トラフ巨大地震_ケース6,6,lon,REAL,0,,0
hazard_tsunami_depth_神津島_南海トラフ巨大地震_ケース6,7,lat,REAL,0,,0
hazard_tsunami_depth_神津島_南海トラフ巨大地震_ケース6,8,source_resource_id,TEXT,0,,0
hazard_tsunami_depth_神津島_南海トラフ巨大地震_ケース6,9,source_resource,TEXT,0,,0
hazard_tsunami_depth_神津島_南海トラフ巨大地震_ケース6,10,source_url,TEXT,0,,0
hazard_tsunami_depth_神津島_南海トラフ巨大地震_ケース6,11,inundation_depth_max_m,REAL,0,,0
hazard_tsunami_depth_神津島_南海トラフ巨大地震_ケース8,0,fid,INTEGER,1,,1
hazard_tsunami_depth_神津島_南海トラフ巨大地震_ケース8,1,geom,POINT,0,,0
hazard_tsunami_depth_神津島_南海トラフ巨大地震_ケース8,2,area,TEXT,0,,0
hazard_tsunami_depth_神津島_南海トラフ巨大地震_ケース8,3,scenario,TEXT,0,,0
hazard_tsunami_depth_神津島_南海トラフ巨大地震_ケース8,4,x_m,INTEGER,0,,0
hazard_tsunami_depth_神津島_南海トラフ巨大地震_ケース8,5,y_m,INTEGER,0,,0
hazard_tsunami_depth_神津島_南海トラフ巨大地震_ケース8,6,lon,REAL,0,,0
hazard_tsunami_depth_神津島_南海トラフ巨大地震_ケース8,7,lat,REAL,0,,0
hazard_tsunami_depth_神津島_南海トラフ巨大地震_ケース8,8,source_resource_id,TEXT,0,,0
hazard_tsunami_depth_神津島_南海トラフ巨大地震_ケース8,9,source_resource,TEXT,0,,0
hazard_tsunami_depth_神津島_南海トラフ巨大地震_ケース8,10,source_url,TEXT,0,,0
hazard_tsunami_depth_神津島_南海トラフ巨大地震_ケース8,11,inundation_depth_max_m,REAL,0,,0
hazard_tsunami_depth_神津島_大正関東地震,0,fid,INTEGER,1,,1
hazard_tsunami_depth_神津島_大正関東地震,1,geom,POINT,0,,0
hazard_tsunami_depth_神津島_大正関東地震,2,area,TEXT,0,,0
hazard_tsunami_depth_神津島_大正関東地震,3,scenario,TEXT,0,,0
hazard_tsunami_depth_神津島_大正関東地震,4,x_m,INTEGER,0,,0
hazard_tsunami_depth_神津島_大正関東地震,5,y_m,INTEGER,0,,0
hazard_tsunami_depth_神津島_大正関東地震,6,lon,REAL,0,,0
hazard_tsunami_depth_神津島_大正関東地震,7,lat,REAL,0,,0
hazard_tsunami_depth_神津島_大正関東地震,8,source_resource_id,TEXT,0,,0
hazard_tsunami_depth_神津島_大正関東地震,9,source_resource,TEXT,0,,0
hazard_tsunami_depth_神津島_大正関東地震,10,source_url,TEXT,0,,0
hazard_tsunami_depth_神津島_大正関東地震,11,inundation_depth_max_m,REAL,0,,0
hazard_tsunami_depth_青ヶ島_南海トラフ巨大地震_ケース1,0,fid,INTEGER,1,,1
hazard_tsunami_depth_青ヶ島_南海トラフ巨大地震_ケース1,1,geom,POINT,0,,0
hazard_tsunami_depth_青ヶ島_南海トラフ巨大地震_ケース1,2,area,TEXT,0,,0
hazard_tsunami_depth_青ヶ島_南海トラフ巨大地震_ケース1,3,scenario,TEXT,0,,0
hazard_tsunami_depth_青ヶ島_南海トラフ巨大地震_ケース1,4,x_m,INTEGER,0,,0
hazard_tsunami_depth_青ヶ島_南海トラフ巨大地震_ケース1,5,y_m,INTEGER,0,,0
hazard_tsunami_depth_青ヶ島_南海トラフ巨大地震_ケース1,6,lon,REAL,0,,0
hazard_tsunami_depth_青ヶ島_南海トラフ巨大地震_ケース1,7,lat,REAL,0,,0
hazard_tsunami_depth_青ヶ島_南海トラフ巨大地震_ケース1,8,source_resource_id,TEXT,0,,0
hazard_tsunami_depth_青ヶ島_南海トラフ巨大地震_ケース1,9,source_resource,TEXT,0,,0
hazard_tsunami_depth_青ヶ島_南海トラフ巨大地震_ケース1,10,source_url,TEXT,0,,0
hazard_tsunami_depth_青ヶ島_南海トラフ巨大地震_ケース1,11,inundation_depth_max_m,REAL,0,,0
hazard_tsunami_depth_青ヶ島_南海トラフ巨大地震_ケース2,0,fid,INTEGER,1,,1
hazard_tsunami_depth_青ヶ島_南海トラフ巨大地震_ケース2,1,geom,POINT,0,,0
hazard_tsunami_depth_青ヶ島_南海トラフ巨大地震_ケース2,2,area,TEXT,0,,0
hazard_tsunami_depth_青ヶ島_南海トラフ巨大地震_ケース2,3,scenario,TEXT,0,,0
hazard_tsunami_depth_青ヶ島_南海トラフ巨大地震_ケース2,4,x_m,INTEGER,0,,0
hazard_tsunami_depth_青ヶ島_南海トラフ巨大地震_ケース2,5,y_m,INTEGER,0,,0
hazard_tsunami_depth_青ヶ島_南海トラフ巨大地震_ケース2,6,lon,REAL,0,,0
hazard_tsunami_depth_青ヶ島_南海トラフ巨大地震_ケース2,7,lat,REAL,0,,0
hazard_tsunami_depth_青ヶ島_南海トラフ巨大地震_ケース2,8,source_resource_id,TEXT,0,,0
hazard_tsunami_depth_青ヶ島_南海トラフ巨大地震_ケース2,9,source_resource,TEXT,0,,0
hazard_tsunami_depth_青ヶ島_南海トラフ巨大地震_ケース2,10,source_url,TEXT,0,,0
hazard_tsunami_depth_青ヶ島_南海トラフ巨大地震_ケース2,11,inundation_depth_max_m,REAL,0,,0
hazard_tsunami_depth_青ヶ島_南海トラフ巨大地震_ケース5,0,fid,INTEGER,1,,1
hazard_tsunami_depth_青ヶ島_南海トラフ巨大地震_ケース5,1,geom,POINT,0,,0
hazard_tsunami_depth_青ヶ島_南海トラフ巨大地震_ケース5,2,area,TEXT,0,,0
hazard_tsunami_depth_青ヶ島_南海トラフ巨大地震_ケース5,3,scenario,TEXT,0,,0
hazard_tsunami_depth_青ヶ島_南海トラフ巨大地震_ケース5,4,x_m,INTEGER,0,,0
hazard_tsunami_depth_青ヶ島_南海トラフ巨大地震_ケース5,5,y_m,INTEGER,0,,0
hazard_tsunami_depth_青ヶ島_南海トラフ巨大地震_ケース5,6,lon,REAL,0,,0
hazard_tsunami_depth_青ヶ島_南海トラフ巨大地震_ケース5,7,lat,REAL,0,,0
hazard_tsunami_depth_青ヶ島_南海トラフ巨大地震_ケース5,8,source_resource_id,TEXT,0,,0
hazard_tsunami_depth_青ヶ島_南海トラフ巨大地震_ケース5,9,source_resource,TEXT,0,,0
hazard_tsunami_depth_青ヶ島_南海トラフ巨大地震_ケース5,10,source_url,TEXT,0,,0
hazard_tsunami_depth_青ヶ島_南海トラフ巨大地震_ケース5,11,inundation_depth_max_m,REAL,0,,0
hazard_tsunami_depth_青ヶ島_南海トラフ巨大地震_ケース6,0,fid,INTEGER,1,,1
hazard_tsunami_depth_青ヶ島_南海トラフ巨大地震_ケース6,1,geom,POINT,0,,0
hazard_tsunami_depth_青ヶ島_南海トラフ巨大地震_ケース6,2,area,TEXT,0,,0
hazard_tsunami_depth_青ヶ島_南海トラフ巨大地震_ケース6,3,scenario,TEXT,0,,0
hazard_tsunami_depth_青ヶ島_南海トラフ巨大地震_ケース6,4,x_m,INTEGER,0,,0
hazard_tsunami_depth_青ヶ島_南海トラフ巨大地震_ケース6,5,y_m,INTEGER,0,,0
hazard_tsunami_depth_青ヶ島_南海トラフ巨大地震_ケース6,6,lon,REAL,0,,0
hazard_tsunami_depth_青ヶ島_南海トラフ巨大地震_ケース6,7,lat,REAL,0,,0
hazard_tsunami_depth_青ヶ島_南海トラフ巨大地震_ケース6,8,source_resource_id,TEXT,0,,0
hazard_tsunami_depth_青ヶ島_南海トラフ巨大地震_ケース6,9,source_resource,TEXT,0,,0
hazard_tsunami_depth_青ヶ島_南海トラフ巨大地震_ケース6,10,source_url,TEXT,0,,0
hazard_tsunami_depth_青ヶ島_南海トラフ巨大地震_ケース6,11,inundation_depth_max_m,REAL,0,,0
hazard_tsunami_depth_青ヶ島_南海トラフ巨大地震_ケース8,0,fid,INTEGER,1,,1
hazard_tsunami_depth_青ヶ島_南海トラフ巨大地震_ケース8,1,geom,POINT,0,,0
hazard_tsunami_depth_青ヶ島_南海トラフ巨大地震_ケース8,2,area,TEXT,0,,0
hazard_tsunami_depth_青ヶ島_南海トラフ巨大地震_ケース8,3,scenario,TEXT,0,,0
hazard_tsunami_depth_青ヶ島_南海トラフ巨大地震_ケース8,4,x_m,INTEGER,0,,0
hazard_tsunami_depth_青ヶ島_南海トラフ巨大地震_ケース8,5,y_m,INTEGER,0,,0
hazard_tsunami_depth_青ヶ島_南海トラフ巨大地震_ケース8,6,lon,REAL,0,,0
hazard_tsunami_depth_青ヶ島_南海トラフ巨大地震_ケース8,7,lat,REAL,0,,0
hazard_tsunami_depth_青ヶ島_南海トラフ巨大地震_ケース8,8,source_resource_id,TEXT,0,,0
hazard_tsunami_depth_青ヶ島_南海トラフ巨大地震_ケース8,9,source_resource,TEXT,0,,0
hazard_tsunami_depth_青ヶ島_南海トラフ巨大地震_ケース8,10,source_url,TEXT,0,,0
hazard_tsunami_depth_青ヶ島_南海トラフ巨大地震_ケース8,11,inundation_depth_max_m,REAL,0,,0
hazard_tsunami_depth_青ヶ島_大正関東地震,0,fid,INTEGER,1,,1
hazard_tsunami_depth_青ヶ島_大正関東地震,1,geom,POINT,0,,0
hazard_tsunami_depth_青ヶ島_大正関東地震,2,area,TEXT,0,,0
hazard_tsunami_depth_青ヶ島_大正関東地震,3,scenario,TEXT,0,,0
hazard_tsunami_depth_青ヶ島_大正関東地震,4,x_m,INTEGER,0,,0
hazard_tsunami_depth_青ヶ島_大正関東地震,5,y_m,INTEGER,0,,0
hazard_tsunami_depth_青ヶ島_大正関東地震,6,lon,REAL,0,,0
hazard_tsunami_depth_青ヶ島_大正関東地震,7,lat,REAL,0,,0
hazard_tsunami_depth_青ヶ島_大正関東地震,8,source_resource_id,TEXT,0,,0
hazard_tsunami_depth_青ヶ島_大正関東地震,9,source_resource,TEXT,0,,0
hazard_tsunami_depth_青ヶ島_大正関東地震,10,source_url,TEXT,0,,0
hazard_tsunami_depth_青ヶ島_大正関東地震,11,inundation_depth_max_m,REAL,0,,0
hazard_tsunami_height_三宅島_南海トラフ巨大地震_ケース1,0,fid,INTEGER,1,,1
hazard_tsunami_height_三宅島_南海トラフ巨大地震_ケース1,1,geom,POINT,0,,0
hazard_tsunami_height_三宅島_南海トラフ巨大地震_ケース1,2,area,TEXT,0,,0
hazard_tsunami_height_三宅島_南海トラフ巨大地震_ケース1,3,scenario,TEXT,0,,0
hazard_tsunami_height_三宅島_南海トラフ巨大地震_ケース1,4,x_m,INTEGER,0,,0
hazard_tsunami_height_三宅島_南海トラフ巨大地震_ケース1,5,y_m,INTEGER,0,,0
hazard_tsunami_height_三宅島_南海トラフ巨大地震_ケース1,6,lon,REAL,0,,0
hazard_tsunami_height_三宅島_南海トラフ巨大地震_ケース1,7,lat,REAL,0,,0
hazard_tsunami_height_三宅島_南海トラフ巨大地震_ケース1,8,source_resource_id,TEXT,0,,0
hazard_tsunami_height_三宅島_南海トラフ巨大地震_ケース1,9,source_resource,TEXT,0,,0
hazard_tsunami_height_三宅島_南海トラフ巨大地震_ケース1,10,source_url,TEXT,0,,0
hazard_tsunami_height_三宅島_南海トラフ巨大地震_ケース1,11,tsunami_height_max_m,REAL,0,,0
hazard_tsunami_height_三宅島_南海トラフ巨大地震_ケース2,0,fid,INTEGER,1,,1
hazard_tsunami_height_三宅島_南海トラフ巨大地震_ケース2,1,geom,POINT,0,,0
hazard_tsunami_height_三宅島_南海トラフ巨大地震_ケース2,2,area,TEXT,0,,0
hazard_tsunami_height_三宅島_南海トラフ巨大地震_ケース2,3,scenario,TEXT,0,,0
hazard_tsunami_height_三宅島_南海トラフ巨大地震_ケース2,4,x_m,INTEGER,0,,0
hazard_tsunami_height_三宅島_南海トラフ巨大地震_ケース2,5,y_m,INTEGER,0,,0
hazard_tsunami_height_三宅島_南海トラフ巨大地震_ケース2,6,lon,REAL,0,,0
hazard_tsunami_height_三宅島_南海トラフ巨大地震_ケース2,7,lat,REAL,0,,0
hazard_tsunami_height_三宅島_南海トラフ巨大地震_ケース2,8,source_resource_id,TEXT,0,,0
hazard_tsunami_height_三宅島_南海トラフ巨大地震_ケース2,9,source_resource,TEXT,0,,0
hazard_tsunami_height_三宅島_南海トラフ巨大地震_ケース2,10,source_url,TEXT,0,,0
hazard_tsunami_height_三宅島_南海トラフ巨大地震_ケース2,11,tsunami_height_max_m,REAL,0,,0
hazard_tsunami_height_三宅島_南海トラフ巨大地震_ケース5,0,fid,INTEGER,1,,1
hazard_tsunami_height_三宅島_南海トラフ巨大地震_ケース5,1,geom,POINT,0,,0
hazard_tsunami_height_三宅島_南海トラフ巨大地震_ケース5,2,area,TEXT,0,,0
hazard_tsunami_height_三宅島_南海トラフ巨大地震_ケース5,3,scenario,TEXT,0,,0
hazard_tsunami_height_三宅島_南海トラフ巨大地震_ケース5,4,x_m,INTEGER,0,,0
hazard_tsunami_height_三宅島_南海トラフ巨大地震_ケース5,5,y_m,INTEGER,0,,0
hazard_tsunami_height_三宅島_南海トラフ巨大地震_ケース5,6,lon,REAL,0,,0
hazard_tsunami_height_三宅島_南海トラフ巨大地震_ケース5,7,lat,REAL,0,,0
hazard_tsunami_height_三宅島_南海トラフ巨大地震_ケース5,8,source_resource_id,TEXT,0,,0
hazard_tsunami_height_三宅島_南海トラフ巨大地震_ケース5,9,source_resource,TEXT,0,,0
hazard_tsunami_height_三宅島_南海トラフ巨大地震_ケース5,10,source_url,TEXT,0,,0
hazard_tsunami_height_三宅島_南海トラフ巨大地震_ケース5,11,tsunami_height_max_m,REAL,0,,0
hazard_tsunami_height_三宅島_南海トラフ巨大地震_ケース6,0,fid,INTEGER,1,,1
hazard_tsunami_height_三宅島_南海トラフ巨大地震_ケース6,1,geom,POINT,0,,0
hazard_tsunami_height_三宅島_南海トラフ巨大地震_ケース6,2,area,TEXT,0,,0
hazard_tsunami_height_三宅島_南海トラフ巨大地震_ケース6,3,scenario,TEXT,0,,0
hazard_tsunami_height_三宅島_南海トラフ巨大地震_ケース6,4,x_m,INTEGER,0,,0
hazard_tsunami_height_三宅島_南海トラフ巨大地震_ケース6,5,y_m,INTEGER,0,,0
hazard_tsunami_height_三宅島_南海トラフ巨大地震_ケース6,6,lon,REAL,0,,0
hazard_tsunami_height_三宅島_南海トラフ巨大地震_ケース6,7,lat,REAL,0,,0
hazard_tsunami_height_三宅島_南海トラフ巨大地震_ケース6,8,source_resource_id,TEXT,0,,0
hazard_tsunami_height_三宅島_南海トラフ巨大地震_ケース6,9,source_resource,TEXT,0,,0
hazard_tsunami_height_三宅島_南海トラフ巨大地震_ケース6,10,source_url,TEXT,0,,0
hazard_tsunami_height_三宅島_南海トラフ巨大地震_ケース6,11,tsunami_height_max_m,REAL,0,,0
hazard_tsunami_height_三宅島_南海トラフ巨大地震_ケース8,0,fid,INTEGER,1,,1
hazard_tsunami_height_三宅島_南海トラフ巨大地震_ケース8,1,geom,POINT,0,,0
hazard_tsunami_height_三宅島_南海トラフ巨大地震_ケース8,2,area,TEXT,0,,0
hazard_tsunami_height_三宅島_南海トラフ巨大地震_ケース8,3,scenario,TEXT,0,,0
hazard_tsunami_height_三宅島_南海トラフ巨大地震_ケース8,4,x_m,INTEGER,0,,0
hazard_tsunami_height_三宅島_南海トラフ巨大地震_ケース8,5,y_m,INTEGER,0,,0
hazard_tsunami_height_三宅島_南海トラフ巨大地震_ケース8,6,lon,REAL,0,,0
hazard_tsunami_height_三宅島_南海トラフ巨大地震_ケース8,7,lat,REAL,0,,0
hazard_tsunami_height_三宅島_南海トラフ巨大地震_ケース8,8,source_resource_id,TEXT,0,,0
hazard_tsunami_height_三宅島_南海トラフ巨大地震_ケース8,9,source_resource,TEXT,0,,0
hazard_tsunami_height_三宅島_南海トラフ巨大地震_ケース8,10,source_url,TEXT,0,,0
hazard_tsunami_height_三宅島_南海トラフ巨大地震_ケース8,11,tsunami_height_max_m,REAL,0,,0
hazard_tsunami_height_三宅島_大正関東地震,0,fid,INTEGER,1,,1
hazard_tsunami_height_三宅島_大正関東地震,1,geom,POINT,0,,0
hazard_tsunami_height_三宅島_大正関東地震,2,area,TEXT,0,,0
hazard_tsunami_height_三宅島_大正関東地震,3,scenario,TEXT,0,,0
hazard_tsunami_height_三宅島_大正関東地震,4,x_m,INTEGER,0,,0
hazard_tsunami_height_三宅島_大正関東地震,5,y_m,INTEGER,0,,0
hazard_tsunami_height_三宅島_大正関東地震,6,lon,REAL,0,,0
hazard_tsunami_height_三宅島_大正関東地震,7,lat,REAL,0,,0
hazard_tsunami_height_三宅島_大正関東地震,8,source_resource_id,TEXT,0,,0
hazard_tsunami_height_三宅島_大正関東地震,9,source_resource,TEXT,0,,0
hazard_tsunami_height_三宅島_大正関東地震,10,source_url,TEXT,0,,0
hazard_tsunami_height_三宅島_大正関東地震,11,tsunami_height_max_m,REAL,0,,0
hazard_tsunami_height_八丈島_南海トラフ巨大地震_ケース1,0,fid,INTEGER,1,,1
hazard_tsunami_height_八丈島_南海トラフ巨大地震_ケース1,1,geom,POINT,0,,0
hazard_tsunami_height_八丈島_南海トラフ巨大地震_ケース1,2,area,TEXT,0,,0
hazard_tsunami_height_八丈島_南海トラフ巨大地震_ケース1,3,scenario,TEXT,0,,0
hazard_tsunami_height_八丈島_南海トラフ巨大地震_ケース1,4,x_m,INTEGER,0,,0
hazard_tsunami_height_八丈島_南海トラフ巨大地震_ケース1,5,y_m,INTEGER,0,,0
hazard_tsunami_height_八丈島_南海トラフ巨大地震_ケース1,6,lon,REAL,0,,0
hazard_tsunami_height_八丈島_南海トラフ巨大地震_ケース1,7,lat,REAL,0,,0
hazard_tsunami_height_八丈島_南海トラフ巨大地震_ケース1,8,source_resource_id,TEXT,0,,0
hazard_tsunami_height_八丈島_南海トラフ巨大地震_ケース1,9,source_resource,TEXT,0,,0
hazard_tsunami_height_八丈島_南海トラフ巨大地震_ケース1,10,source_url,TEXT,0,,0
hazard_tsunami_height_八丈島_南海トラフ巨大地震_ケース1,11,tsunami_height_max_m,REAL,0,,0
hazard_tsunami_height_八丈島_南海トラフ巨大地震_ケース2,0,fid,INTEGER,1,,1
hazard_tsunami_height_八丈島_南海トラフ巨大地震_ケース2,1,geom,POINT,0,,0
hazard_tsunami_height_八丈島_南海トラフ巨大地震_ケース2,2,area,TEXT,0,,0
hazard_tsunami_height_八丈島_南海トラフ巨大地震_ケース2,3,scenario,TEXT,0,,0
hazard_tsunami_height_八丈島_南海トラフ巨大地震_ケース2,4,x_m,INTEGER,0,,0
hazard_tsunami_height_八丈島_南海トラフ巨大地震_ケース2,5,y_m,INTEGER,0,,0
hazard_tsunami_height_八丈島_南海トラフ巨大地震_ケース2,6,lon,REAL,0,,0
hazard_tsunami_height_八丈島_南海トラフ巨大地震_ケース2,7,lat,REAL,0,,0
hazard_tsunami_height_八丈島_南海トラフ巨大地震_ケース2,8,source_resource_id,TEXT,0,,0
hazard_tsunami_height_八丈島_南海トラフ巨大地震_ケース2,9,source_resource,TEXT,0,,0
hazard_tsunami_height_八丈島_南海トラフ巨大地震_ケース2,10,source_url,TEXT,0,,0
hazard_tsunami_height_八丈島_南海トラフ巨大地震_ケース2,11,tsunami_height_max_m,REAL,0,,0
hazard_tsunami_height_八丈島_南海トラフ巨大地震_ケース5,0,fid,INTEGER,1,,1
hazard_tsunami_height_八丈島_南海トラフ巨大地震_ケース5,1,geom,POINT,0,,0
hazard_tsunami_height_八丈島_南海トラフ巨大地震_ケース5,2,area,TEXT,0,,0
hazard_tsunami_height_八丈島_南海トラフ巨大地震_ケース5,3,scenario,TEXT,0,,0
hazard_tsunami_height_八丈島_南海トラフ巨大地震_ケース5,4,x_m,INTEGER,0,,0
hazard_tsunami_height_八丈島_南海トラフ巨大地震_ケース5,5,y_m,INTEGER,0,,0
hazard_tsunami_height_八丈島_南海トラフ巨大地震_ケース5,6,lon,REAL,0,,0
hazard_tsunami_height_八丈島_南海トラフ巨大地震_ケース5,7,lat,REAL,0,,0
hazard_tsunami_height_八丈島_南海トラフ巨大地震_ケース5,8,source_resource_id,TEXT,0,,0
hazard_tsunami_height_八丈島_南海トラフ巨大地震_ケース5,9,source_resource,TEXT,0,,0
hazard_tsunami_height_八丈島_南海トラフ巨大地震_ケース5,10,source_url,TEXT,0,,0
hazard_tsunami_height_八丈島_南海トラフ巨大地震_ケース5,11,tsunami_height_max_m,REAL,0,,0
hazard_tsunami_height_八丈島_南海トラフ巨大地震_ケース6,0,fid,INTEGER,1,,1
hazard_tsunami_height_八丈島_南海トラフ巨大地震_ケース6,1,geom,POINT,0,,0
hazard_tsunami_height_八丈島_南海トラフ巨大地震_ケース6,2,area,TEXT,0,,0
hazard_tsunami_height_八丈島_南海トラフ巨大地震_ケース6,3,scenario,TEXT,0,,0
hazard_tsunami_height_八丈島_南海トラフ巨大地震_ケース6,4,x_m,INTEGER,0,,0
hazard_tsunami_height_八丈島_南海トラフ巨大地震_ケース6,5,y_m,INTEGER,0,,0
hazard_tsunami_height_八丈島_南海トラフ巨大地震_ケース6,6,lon,REAL,0,,0
hazard_tsunami_height_八丈島_南海トラフ巨大地震_ケース6,7,lat,REAL,0,,0
hazard_tsunami_height_八丈島_南海トラフ巨大地震_ケース6,8,source_resource_id,TEXT,0,,0
hazard_tsunami_height_八丈島_南海トラフ巨大地震_ケース6,9,source_resource,TEXT,0,,0
hazard_tsunami_height_八丈島_南海トラフ巨大地震_ケース6,10,source_url,TEXT,0,,0
hazard_tsunami_height_八丈島_南海トラフ巨大地震_ケース6,11,tsunami_height_max_m,REAL,0,,0
hazard_tsunami_height_八丈島_南海トラフ巨大地震_ケース8,0,fid,INTEGER,1,,1
hazard_tsunami_height_八丈島_南海トラフ巨大地震_ケース8,1,geom,POINT,0,,0
hazard_tsunami_height_八丈島_南海トラフ巨大地震_ケース8,2,area,TEXT,0,,0
hazard_tsunami_height_八丈島_南海トラフ巨大地震_ケース8,3,scenario,TEXT,0,,0
hazard_tsunami_height_八丈島_南海トラフ巨大地震_ケース8,4,x_m,INTEGER,0,,0
hazard_tsunami_height_八丈島_南海トラフ巨大地震_ケース8,5,y_m,INTEGER,0,,0
hazard_tsunami_height_八丈島_南海トラフ巨大地震_ケース8,6,lon,REAL,0,,0
hazard_tsunami_height_八丈島_南海トラフ巨大地震_ケース8,7,lat,REAL,0,,0
hazard_tsunami_height_八丈島_南海トラフ巨大地震_ケース8,8,source_resource_id,TEXT,0,,0
hazard_tsunami_height_八丈島_南海トラフ巨大地震_ケース8,9,source_resource,TEXT,0,,0
hazard_tsunami_height_八丈島_南海トラフ巨大地震_ケース8,10,source_url,TEXT,0,,0
hazard_tsunami_height_八丈島_南海トラフ巨大地震_ケース8,11,tsunami_height_max_m,REAL,0,,0
hazard_tsunami_height_八丈島_大正関東地震,0,fid,INTEGER,1,,1
hazard_tsunami_height_八丈島_大正関東地震,1,geom,POINT,0,,0
hazard_tsunami_height_八丈島_大正関東地震,2,area,TEXT,0,,0
hazard_tsunami_height_八丈島_大正関東地震,3,scenario,TEXT,0,,0
hazard_tsunami_height_八丈島_大正関東地震,4,x_m,INTEGER,0,,0
hazard_tsunami_height_八丈島_大正関東地震,5,y_m,INTEGER,0,,0
hazard_tsunami_height_八丈島_大正関東地震,6,lon,REAL,0,,0
hazard_tsunami_height_八丈島_大正関東地震,7,lat,REAL,0,,0
hazard_tsunami_height_八丈島_大正関東地震,8,source_resource_id,TEXT,0,,0
hazard_tsunami_height_八丈島_大正関東地震,9,source_resource,TEXT,0,,0
hazard_tsunami_height_八丈島_大正関東地震,10,source_url,TEXT,0,,0
hazard_tsunami_height_八丈島_大正関東地震,11,tsunami_height_max_m,REAL,0,,0
hazard_tsunami_height_利島_南海トラフ巨大地震_ケース1,0,fid,INTEGER,1,,1
hazard_tsunami_height_利島_南海トラフ巨大地震_ケース1,1,geom,POINT,0,,0
hazard_tsunami_height_利島_南海トラフ巨大地震_ケース1,2,area,TEXT,0,,0
hazard_tsunami_height_利島_南海トラフ巨大地震_ケース1,3,scenario,TEXT,0,,0
hazard_tsunami_height_利島_南海トラフ巨大地震_ケース1,4,x_m,INTEGER,0,,0
hazard_tsunami_height_利島_南海トラフ巨大地震_ケース1,5,y_m,INTEGER,0,,0
hazard_tsunami_height_利島_南海トラフ巨大地震_ケース1,6,lon,REAL,0,,0
hazard_tsunami_height_利島_南海トラフ巨大地震_ケース1,7,lat,REAL,0,,0
hazard_tsunami_height_利島_南海トラフ巨大地震_ケース1,8,source_resource_id,TEXT,0,,0
hazard_tsunami_height_利島_南海トラフ巨大地震_ケース1,9,source_resource,TEXT,0,,0
hazard_tsunami_height_利島_南海トラフ巨大地震_ケース1,10,source_url,TEXT,0,,0
hazard_tsunami_height_利島_南海トラフ巨大地震_ケース1,11,tsunami_height_max_m,REAL,0,,0
hazard_tsunami_height_利島_南海トラフ巨大地震_ケース2,0,fid,INTEGER,1,,1
hazard_tsunami_height_利島_南海トラフ巨大地震_ケース2,1,geom,POINT,0,,0
hazard_tsunami_height_利島_南海トラフ巨大地震_ケース2,2,area,TEXT,0,,0
hazard_tsunami_height_利島_南海トラフ巨大地震_ケース2,3,scenario,TEXT,0,,0
hazard_tsunami_height_利島_南海トラフ巨大地震_ケース2,4,x_m,INTEGER,0,,0
hazard_tsunami_height_利島_南海トラフ巨大地震_ケース2,5,y_m,INTEGER,0,,0
hazard_tsunami_height_利島_南海トラフ巨大地震_ケース2,6,lon,REAL,0,,0
hazard_tsunami_height_利島_南海トラフ巨大地震_ケース2,7,lat,REAL,0,,0
hazard_tsunami_height_利島_南海トラフ巨大地震_ケース2,8,source_resource_id,TEXT,0,,0
hazard_tsunami_height_利島_南海トラフ巨大地震_ケース2,9,source_resource,TEXT,0,,0
hazard_tsunami_height_利島_南海トラフ巨大地震_ケース2,10,source_url,TEXT,0,,0
hazard_tsunami_height_利島_南海トラフ巨大地震_ケース2,11,tsunami_height_max_m,REAL,0,,0
hazard_tsunami_height_利島_南海トラフ巨大地震_ケース5,0,fid,INTEGER,1,,1
hazard_tsunami_height_利島_南海トラフ巨大地震_ケース5,1,geom,POINT,0,,0
hazard_tsunami_height_利島_南海トラフ巨大地震_ケース5,2,area,TEXT,0,,0
hazard_tsunami_height_利島_南海トラフ巨大地震_ケース5,3,scenario,TEXT,0,,0
hazard_tsunami_height_利島_南海トラフ巨大地震_ケース5,4,x_m,INTEGER,0,,0
hazard_tsunami_height_利島_南海トラフ巨大地震_ケース5,5,y_m,INTEGER,0,,0
hazard_tsunami_height_利島_南海トラフ巨大地震_ケース5,6,lon,REAL,0,,0
hazard_tsunami_height_利島_南海トラフ巨大地震_ケース5,7,lat,REAL,0,,0
hazard_tsunami_height_利島_南海トラフ巨大地震_ケース5,8,source_resource_id,TEXT,0,,0
hazard_tsunami_height_利島_南海トラフ巨大地震_ケース5,9,source_resource,TEXT,0,,0
hazard_tsunami_height_利島_南海トラフ巨大地震_ケース5,10,source_url,TEXT,0,,0
hazard_tsunami_height_利島_南海トラフ巨大地震_ケース5,11,tsunami_height_max_m,REAL,0,,0
hazard_tsunami_height_利島_南海トラフ巨大地震_ケース6,0,fid,INTEGER,1,,1
hazard_tsunami_height_利島_南海トラフ巨大地震_ケース6,1,geom,POINT,0,,0
hazard_tsunami_height_利島_南海トラフ巨大地震_ケース6,2,area,TEXT,0,,0
hazard_tsunami_height_利島_南海トラフ巨大地震_ケース6,3,scenario,TEXT,0,,0
hazard_tsunami_height_利島_南海トラフ巨大地震_ケース6,4,x_m,INTEGER,0,,0
hazard_tsunami_height_利島_南海トラフ巨大地震_ケース6,5,y_m,INTEGER,0,,0
hazard_tsunami_height_利島_南海トラフ巨大地震_ケース6,6,lon,REAL,0,,0
hazard_tsunami_height_利島_南海トラフ巨大地震_ケース6,7,lat,REAL,0,,0
hazard_tsunami_height_利島_南海トラフ巨大地震_ケース6,8,source_resource_id,TEXT,0,,0
hazard_tsunami_height_利島_南海トラフ巨大地震_ケース6,9,source_resource,TEXT,0,,0
hazard_tsunami_height_利島_南海トラフ巨大地震_ケース6,10,source_url,TEXT,0,,0
hazard_tsunami_height_利島_南海トラフ巨大地震_ケース6,11,tsunami_height_max_m,REAL,0,,0
hazard_tsunami_height_利島_南海トラフ巨大地震_ケース8,0,fid,INTEGER,1,,1
hazard_tsunami_height_利島_南海トラフ巨大地震_ケース8,1,geom,POINT,0,,0
hazard_tsunami_height_利島_南海トラフ巨大地震_ケース8,2,area,TEXT,0,,0
hazard_tsunami_height_利島_南海トラフ巨大地震_ケース8,3,scenario,TEXT,0,,0
hazard_tsunami_height_利島_南海トラフ巨大地震_ケース8,4,x_m,INTEGER,0,,0
hazard_tsunami_height_利島_南海トラフ巨大地震_ケース8,5,y_m,INTEGER,0,,0
hazard_tsunami_height_利島_南海トラフ巨大地震_ケース8,6,lon,REAL,0,,0
hazard_tsunami_height_利島_南海トラフ巨大地震_ケース8,7,lat,REAL,0,,0
hazard_tsunami_height_利島_南海トラフ巨大地震_ケース8,8,source_resource_id,TEXT,0,,0
hazard_tsunami_height_利島_南海トラフ巨大地震_ケース8,9,source_resource,TEXT,0,,0
hazard_tsunami_height_利島_南海トラフ巨大地震_ケース8,10,source_url,TEXT,0,,0
hazard_tsunami_height_利島_南海トラフ巨大地震_ケース8,11,tsunami_height_max_m,REAL,0,,0
hazard_tsunami_height_利島_大正関東地震,0,fid,INTEGER,1,,1
hazard_tsunami_height_利島_大正関東地震,1,geom,POINT,0,,0
hazard_tsunami_height_利島_大正関東地震,2,area,TEXT,0,,0
hazard_tsunami_height_利島_大正関東地震,3,scenario,TEXT,0,,0
hazard_tsunami_height_利島_大正関東地震,4,x_m,INTEGER,0,,0
hazard_tsunami_height_利島_大正関東地震,5,y_m,INTEGER,0,,0
hazard_tsunami_height_利島_大正関東地震,6,lon,REAL,0,,0
hazard_tsunami_height_利島_大正関東地震,7,lat,REAL,0,,0
hazard_tsunami_height_利島_大正関東地震,8,source_resource_id,TEXT,0,,0
hazard_tsunami_height_利島_大正関東地震,9,source_resource,TEXT,0,,0
hazard_tsunami_height_利島_大正関東地震,10,source_url,TEXT,0,,0
hazard_tsunami_height_利島_大正関東地震,11,tsunami_height_max_m,REAL,0,,0
hazard_tsunami_height_区部_南海トラフ巨大地震_ケース1,0,fid,INTEGER,1,,1
hazard_tsunami_height_区部_南海トラフ巨大地震_ケース1,1,geom,POINT,0,,0
hazard_tsunami_height_区部_南海トラフ巨大地震_ケース1,2,area,TEXT,0,,0
hazard_tsunami_height_区部_南海トラフ巨大地震_ケース1,3,scenario,TEXT,0,,0
hazard_tsunami_height_区部_南海トラフ巨大地震_ケース1,4,x_m,INTEGER,0,,0
hazard_tsunami_height_区部_南海トラフ巨大地震_ケース1,5,y_m,INTEGER,0,,0
hazard_tsunami_height_区部_南海トラフ巨大地震_ケース1,6,lon,REAL,0,,0
hazard_tsunami_height_区部_南海トラフ巨大地震_ケース1,7,lat,REAL,0,,0
hazard_tsunami_height_区部_南海トラフ巨大地震_ケース1,8,source_resource_id,TEXT,0,,0
hazard_tsunami_height_区部_南海トラフ巨大地震_ケース1,9,source_resource,TEXT,0,,0
hazard_tsunami_height_区部_南海トラフ巨大地震_ケース1,10,source_url,TEXT,0,,0
hazard_tsunami_height_区部_南海トラフ巨大地震_ケース1,11,tsunami_height_max_m,REAL,0,,0
hazard_tsunami_height_区部_南海トラフ巨大地震_ケース2,0,fid,INTEGER,1,,1
hazard_tsunami_height_区部_南海トラフ巨大地震_ケース2,1,geom,POINT,0,,0
hazard_tsunami_height_区部_南海トラフ巨大地震_ケース2,2,area,TEXT,0,,0
hazard_tsunami_height_区部_南海トラフ巨大地震_ケース2,3,scenario,TEXT,0,,0
hazard_tsunami_height_区部_南海トラフ巨大地震_ケース2,4,x_m,INTEGER,0,,0
hazard_tsunami_height_区部_南海トラフ巨大地震_ケース2,5,y_m,INTEGER,0,,0
hazard_tsunami_height_区部_南海トラフ巨大地震_ケース2,6,lon,REAL,0,,0
hazard_tsunami_height_区部_南海トラフ巨大地震_ケース2,7,lat,REAL,0,,0
hazard_tsunami_height_区部_南海トラフ巨大地震_ケース2,8,source_resource_id,TEXT,0,,0
hazard_tsunami_height_区部_南海トラフ巨大地震_ケース2,9,source_resource,TEXT,0,,0
hazard_tsunami_height_区部_南海トラフ巨大地震_ケース2,10,source_url,TEXT,0,,0
hazard_tsunami_height_区部_南海トラフ巨大地震_ケース2,11,tsunami_height_max_m,REAL,0,,0
hazard_tsunami_height_区部_南海トラフ巨大地震_ケース5,0,fid,INTEGER,1,,1
hazard_tsunami_height_区部_南海トラフ巨大地震_ケース5,1,geom,POINT,0,,0
hazard_tsunami_height_区部_南海トラフ巨大地震_ケース5,2,area,TEXT,0,,0
hazard_tsunami_height_区部_南海トラフ巨大地震_ケース5,3,scenario,TEXT,0,,0
hazard_tsunami_height_区部_南海トラフ巨大地震_ケース5,4,x_m,INTEGER,0,,0
hazard_tsunami_height_区部_南海トラフ巨大地震_ケース5,5,y_m,INTEGER,0,,0
hazard_tsunami_height_区部_南海トラフ巨大地震_ケース5,6,lon,REAL,0,,0
hazard_tsunami_height_区部_南海トラフ巨大地震_ケース5,7,lat,REAL,0,,0
hazard_tsunami_height_区部_南海トラフ巨大地震_ケース5,8,source_resource_id,TEXT,0,,0
hazard_tsunami_height_区部_南海トラフ巨大地震_ケース5,9,source_resource,TEXT,0,,0
hazard_tsunami_height_区部_南海トラフ巨大地震_ケース5,10,source_url,TEXT,0,,0
hazard_tsunami_height_区部_南海トラフ巨大地震_ケース5,11,tsunami_height_max_m,REAL,0,,0
hazard_tsunami_height_区部_南海トラフ巨大地震_ケース6,0,fid,INTEGER,1,,1
hazard_tsunami_height_区部_南海トラフ巨大地震_ケース6,1,geom,POINT,0,,0
hazard_tsunami_height_区部_南海トラフ巨大地震_ケース6,2,area,TEXT,0,,0
hazard_tsunami_height_区部_南海トラフ巨大地震_ケース6,3,scenario,TEXT,0,,0
hazard_tsunami_height_区部_南海トラフ巨大地震_ケース6,4,x_m,INTEGER,0,,0
hazard_tsunami_height_区部_南海トラフ巨大地震_ケース6,5,y_m,INTEGER,0,,0
hazard_tsunami_height_区部_南海トラフ巨大地震_ケース6,6,lon,REAL,0,,0
hazard_tsunami_height_区部_南海トラフ巨大地震_ケース6,7,lat,REAL,0,,0
hazard_tsunami_height_区部_南海トラフ巨大地震_ケース6,8,source_resource_id,TEXT,0,,0
hazard_tsunami_height_区部_南海トラフ巨大地震_ケース6,9,source_resource,TEXT,0,,0
hazard_tsunami_height_区部_南海トラフ巨大地震_ケース6,10,source_url,TEXT,0,,0
hazard_tsunami_height_区部_南海トラフ巨大地震_ケース6,11,tsunami_height_max_m,REAL,0,,0
hazard_tsunami_height_区部_南海トラフ巨大地震_ケース8,0,fid,INTEGER,1,,1
hazard_tsunami_height_区部_南海トラフ巨大地震_ケース8,1,geom,POINT,0,,0
hazard_tsunami_height_区部_南海トラフ巨大地震_ケース8,2,area,TEXT,0,,0
hazard_tsunami_height_区部_南海トラフ巨大地震_ケース8,3,scenario,TEXT,0,,0
hazard_tsunami_height_区部_南海トラフ巨大地震_ケース8,4,x_m,INTEGER,0,,0
hazard_tsunami_height_区部_南海トラフ巨大地震_ケース8,5,y_m,INTEGER,0,,0
hazard_tsunami_height_区部_南海トラフ巨大地震_ケース8,6,lon,REAL,0,,0
hazard_tsunami_height_区部_南海トラフ巨大地震_ケース8,7,lat,REAL,0,,0
hazard_tsunami_height_区部_南海トラフ巨大地震_ケース8,8,source_resource_id,TEXT,0,,0
hazard_tsunami_height_区部_南海トラフ巨大地震_ケース8,9,source_resource,TEXT,0,,0
hazard_tsunami_height_区部_南海トラフ巨大地震_ケース8,10,source_url,TEXT,0,,0
hazard_tsunami_height_区部_南海トラフ巨大地震_ケース8,11,tsunami_height_max_m,REAL,0,,0
hazard_tsunami_height_区部_南海トラフ巨大地震_全5ケース最大値,0,fid,INTEGER,1,,1
hazard_tsunami_height_区部_南海トラフ巨大地震_全5ケース最大値,1,geom,POINT,0,,0
hazard_tsunami_height_区部_南海トラフ巨大地震_全5ケース最大値,2,area,TEXT,0,,0
hazard_tsunami_height_区部_南海トラフ巨大地震_全5ケース最大値,3,scenario,TEXT,0,,0
hazard_tsunami_height_区部_南海トラフ巨大地震_全5ケース最大値,4,x_m,INTEGER,0,,0
hazard_tsunami_height_区部_南海トラフ巨大地震_全5ケース最大値,5,y_m,INTEGER,0,,0
hazard_tsunami_height_区部_南海トラフ巨大地震_全5ケース最大値,6,lon,REAL,0,,0
hazard_tsunami_height_区部_南海トラフ巨大地震_全5ケース最大値,7,lat,REAL,0,,0
hazard_tsunami_height_区部_南海トラフ巨大地震_全5ケース最大値,8,source_resource_id,TEXT,0,,0
hazard_tsunami_height_区部_南海トラフ巨大地震_全5ケース最大値,9,source_resource,TEXT,0,,0
hazard_tsunami_height_区部_南海トラフ巨大地震_全5ケース最大値,10,source_url,TEXT,0,,0
hazard_tsunami_height_区部_南海トラフ巨大地震_全5ケース最大値,11,tsunami_height_max_m,REAL,0,,0
hazard_tsunami_height_区部_大正関東地震,0,fid,INTEGER,1,,1
hazard_tsunami_height_区部_大正関東地震,1,geom,POINT,0,,0
hazard_tsunami_height_区部_大正関東地震,2,area,TEXT,0,,0
hazard_tsunami_height_区部_大正関東地震,3,scenario,TEXT,0,,0
hazard_tsunami_height_区部_大正関東地震,4,x_m,INTEGER,0,,0
hazard_tsunami_height_区部_大正関東地震,5,y_m,INTEGER,0,,0
hazard_tsunami_height_区部_大正関東地震,6,lon,REAL,0,,0
hazard_tsunami_height_区部_大正関東地震,7,lat,REAL,0,,0
hazard_tsunami_height_区部_大正関東地震,8,source_resource_id,TEXT,0,,0
hazard_tsunami_height_区部_大正関東地震,9,source_resource,TEXT,0,,0
hazard_tsunami_height_区部_大正関東地震,10,source_url,TEXT,0,,0
hazard_tsunami_height_区部_大正関東地震,11,tsunami_height_max_m,REAL,0,,0
hazard_tsunami_height_大島_南海トラフ巨大地震_ケース1,0,fid,INTEGER,1,,1
hazard_tsunami_height_大島_南海トラフ巨大地震_ケース1,1,geom,POINT,0,,0
hazard_tsunami_height_大島_南海トラフ巨大地震_ケース1,2,area,TEXT,0,,0
hazard_tsunami_height_大島_南海トラフ巨大地震_ケース1,3,scenario,TEXT,0,,0
hazard_tsunami_height_大島_南海トラフ巨大地震_ケース1,4,x_m,INTEGER,0,,0
hazard_tsunami_height_大島_南海トラフ巨大地震_ケース1,5,y_m,INTEGER,0,,0
hazard_tsunami_height_大島_南海トラフ巨大地震_ケース1,6,lon,REAL,0,,0
hazard_tsunami_height_大島_南海トラフ巨大地震_ケース1,7,lat,REAL,0,,0
hazard_tsunami_height_大島_南海トラフ巨大地震_ケース1,8,source_resource_id,TEXT,0,,0
hazard_tsunami_height_大島_南海トラフ巨大地震_ケース1,9,source_resource,TEXT,0,,0
hazard_tsunami_height_大島_南海トラフ巨大地震_ケース1,10,source_url,TEXT,0,,0
hazard_tsunami_height_大島_南海トラフ巨大地震_ケース1,11,tsunami_height_max_m,REAL,0,,0
hazard_tsunami_height_大島_南海トラフ巨大地震_ケース2,0,fid,INTEGER,1,,1
hazard_tsunami_height_大島_南海トラフ巨大地震_ケース2,1,geom,POINT,0,,0
hazard_tsunami_height_大島_南海トラフ巨大地震_ケース2,2,area,TEXT,0,,0
hazard_tsunami_height_大島_南海トラフ巨大地震_ケース2,3,scenario,TEXT,0,,0
hazard_tsunami_height_大島_南海トラフ巨大地震_ケース2,4,x_m,INTEGER,0,,0
hazard_tsunami_height_大島_南海トラフ巨大地震_ケース2,5,y_m,INTEGER,0,,0
hazard_tsunami_height_大島_南海トラフ巨大地震_ケース2,6,lon,REAL,0,,0
hazard_tsunami_height_大島_南海トラフ巨大地震_ケース2,7,lat,REAL,0,,0
hazard_tsunami_height_大島_南海トラフ巨大地震_ケース2,8,source_resource_id,TEXT,0,,0
hazard_tsunami_height_大島_南海トラフ巨大地震_ケース2,9,source_resource,TEXT,0,,0
hazard_tsunami_height_大島_南海トラフ巨大地震_ケース2,10,source_url,TEXT,0,,0
hazard_tsunami_height_大島_南海トラフ巨大地震_ケース2,11,tsunami_height_max_m,REAL,0,,0
hazard_tsunami_height_大島_南海トラフ巨大地震_ケース5,0,fid,INTEGER,1,,1
hazard_tsunami_height_大島_南海トラフ巨大地震_ケース5,1,geom,POINT,0,,0
hazard_tsunami_height_大島_南海トラフ巨大地震_ケース5,2,area,TEXT,0,,0
hazard_tsunami_height_大島_南海トラフ巨大地震_ケース5,3,scenario,TEXT,0,,0
hazard_tsunami_height_大島_南海トラフ巨大地震_ケース5,4,x_m,INTEGER,0,,0
hazard_tsunami_height_大島_南海トラフ巨大地震_ケース5,5,y_m,INTEGER,0,,0
hazard_tsunami_height_大島_南海トラフ巨大地震_ケース5,6,lon,REAL,0,,0
hazard_tsunami_height_大島_南海トラフ巨大地震_ケース5,7,lat,REAL,0,,0
hazard_tsunami_height_大島_南海トラフ巨大地震_ケース5,8,source_resource_id,TEXT,0,,0
hazard_tsunami_height_大島_南海トラフ巨大地震_ケース5,9,source_resource,TEXT,0,,0
hazard_tsunami_height_大島_南海トラフ巨大地震_ケース5,10,source_url,TEXT,0,,0
hazard_tsunami_height_大島_南海トラフ巨大地震_ケース5,11,tsunami_height_max_m,REAL,0,,0
hazard_tsunami_height_大島_南海トラフ巨大地震_ケース6,0,fid,INTEGER,1,,1
hazard_tsunami_height_大島_南海トラフ巨大地震_ケース6,1,geom,POINT,0,,0
hazard_tsunami_height_大島_南海トラフ巨大地震_ケース6,2,area,TEXT,0,,0
hazard_tsunami_height_大島_南海トラフ巨大地震_ケース6,3,scenario,TEXT,0,,0
hazard_tsunami_height_大島_南海トラフ巨大地震_ケース6,4,x_m,INTEGER,0,,0
hazard_tsunami_height_大島_南海トラフ巨大地震_ケース6,5,y_m,INTEGER,0,,0
hazard_tsunami_height_大島_南海トラフ巨大地震_ケース6,6,lon,REAL,0,,0
hazard_tsunami_height_大島_南海トラフ巨大地震_ケース6,7,lat,REAL,0,,0
hazard_tsunami_height_大島_南海トラフ巨大地震_ケース6,8,source_resource_id,TEXT,0,,0
hazard_tsunami_height_大島_南海トラフ巨大地震_ケース6,9,source_resource,TEXT,0,,0
hazard_tsunami_height_大島_南海トラフ巨大地震_ケース6,10,source_url,TEXT,0,,0
hazard_tsunami_height_大島_南海トラフ巨大地震_ケース6,11,tsunami_height_max_m,REAL,0,,0
hazard_tsunami_height_大島_南海トラフ巨大地震_ケース8,0,fid,INTEGER,1,,1
hazard_tsunami_height_大島_南海トラフ巨大地震_ケース8,1,geom,POINT,0,,0
hazard_tsunami_height_大島_南海トラフ巨大地震_ケース8,2,area,TEXT,0,,0
hazard_tsunami_height_大島_南海トラフ巨大地震_ケース8,3,scenario,TEXT,0,,0
hazard_tsunami_height_大島_南海トラフ巨大地震_ケース8,4,x_m,INTEGER,0,,0
hazard_tsunami_height_大島_南海トラフ巨大地震_ケース8,5,y_m,INTEGER,0,,0
hazard_tsunami_height_大島_南海トラフ巨大地震_ケース8,6,lon,REAL,0,,0
hazard_tsunami_height_大島_南海トラフ巨大地震_ケース8,7,lat,REAL,0,,0
hazard_tsunami_height_大島_南海トラフ巨大地震_ケース8,8,source_resource_id,TEXT,0,,0
hazard_tsunami_height_大島_南海トラフ巨大地震_ケース8,9,source_resource,TEXT,0,,0
hazard_tsunami_height_大島_南海トラフ巨大地震_ケース8,10,source_url,TEXT,0,,0
hazard_tsunami_height_大島_南海トラフ巨大地震_ケース8,11,tsunami_height_max_m,REAL,0,,0
hazard_tsunami_height_大島_大正関東地震,0,fid,INTEGER,1,,1
hazard_tsunami_height_大島_大正関東地震,1,geom,POINT,0,,0
hazard_tsunami_height_大島_大正関東地震,2,area,TEXT,0,,0
hazard_tsunami_height_大島_大正関東地震,3,scenario,TEXT,0,,0
hazard_tsunami_height_大島_大正関東地震,4,x_m,INTEGER,0,,0
hazard_tsunami_height_大島_大正関東地震,5,y_m,INTEGER,0,,0
hazard_tsunami_height_大島_大正関東地震,6,lon,REAL,0,,0
hazard_tsunami_height_大島_大正関東地震,7,lat,REAL,0,,0
hazard_tsunami_height_大島_大正関東地震,8,source_resource_id,TEXT,0,,0
hazard_tsunami_height_大島_大正関東地震,9,source_resource,TEXT,0,,0
hazard_tsunami_height_大島_大正関東地震,10,source_url,TEXT,0,,0
hazard_tsunami_height_大島_大正関東地震,11,tsunami_height_max_m,REAL,0,,0
hazard_tsunami_height_御蔵島_南海トラフ巨大地震_ケース1,0,fid,INTEGER,1,,1
hazard_tsunami_height_御蔵島_南海トラフ巨大地震_ケース1,1,geom,POINT,0,,0
hazard_tsunami_height_御蔵島_南海トラフ巨大地震_ケース1,2,area,TEXT,0,,0
hazard_tsunami_height_御蔵島_南海トラフ巨大地震_ケース1,3,scenario,TEXT,0,,0
hazard_tsunami_height_御蔵島_南海トラフ巨大地震_ケース1,4,x_m,INTEGER,0,,0
hazard_tsunami_height_御蔵島_南海トラフ巨大地震_ケース1,5,y_m,INTEGER,0,,0
hazard_tsunami_height_御蔵島_南海トラフ巨大地震_ケース1,6,lon,REAL,0,,0
hazard_tsunami_height_御蔵島_南海トラフ巨大地震_ケース1,7,lat,REAL,0,,0
hazard_tsunami_height_御蔵島_南海トラフ巨大地震_ケース1,8,source_resource_id,TEXT,0,,0
hazard_tsunami_height_御蔵島_南海トラフ巨大地震_ケース1,9,source_resource,TEXT,0,,0
hazard_tsunami_height_御蔵島_南海トラフ巨大地震_ケース1,10,source_url,TEXT,0,,0
hazard_tsunami_height_御蔵島_南海トラフ巨大地震_ケース1,11,tsunami_height_max_m,REAL,0,,0
hazard_tsunami_height_御蔵島_南海トラフ巨大地震_ケース2,0,fid,INTEGER,1,,1
hazard_tsunami_height_御蔵島_南海トラフ巨大地震_ケース2,1,geom,POINT,0,,0
hazard_tsunami_height_御蔵島_南海トラフ巨大地震_ケース2,2,area,TEXT,0,,0
hazard_tsunami_height_御蔵島_南海トラフ巨大地震_ケース2,3,scenario,TEXT,0,,0
hazard_tsunami_height_御蔵島_南海トラフ巨大地震_ケース2,4,x_m,INTEGER,0,,0
hazard_tsunami_height_御蔵島_南海トラフ巨大地震_ケース2,5,y_m,INTEGER,0,,0
hazard_tsunami_height_御蔵島_南海トラフ巨大地震_ケース2,6,lon,REAL,0,,0
hazard_tsunami_height_御蔵島_南海トラフ巨大地震_ケース2,7,lat,REAL,0,,0
hazard_tsunami_height_御蔵島_南海トラフ巨大地震_ケース2,8,source_resource_id,TEXT,0,,0
hazard_tsunami_height_御蔵島_南海トラフ巨大地震_ケース2,9,source_resource,TEXT,0,,0
hazard_tsunami_height_御蔵島_南海トラフ巨大地震_ケース2,10,source_url,TEXT,0,,0
hazard_tsunami_height_御蔵島_南海トラフ巨大地震_ケース2,11,tsunami_height_max_m,REAL,0,,0
hazard_tsunami_height_御蔵島_南海トラフ巨大地震_ケース5,0,fid,INTEGER,1,,1
hazard_tsunami_height_御蔵島_南海トラフ巨大地震_ケース5,1,geom,POINT,0,,0
hazard_tsunami_height_御蔵島_南海トラフ巨大地震_ケース5,2,area,TEXT,0,,0
hazard_tsunami_height_御蔵島_南海トラフ巨大地震_ケース5,3,scenario,TEXT,0,,0
hazard_tsunami_height_御蔵島_南海トラフ巨大地震_ケース5,4,x_m,INTEGER,0,,0
hazard_tsunami_height_御蔵島_南海トラフ巨大地震_ケース5,5,y_m,INTEGER,0,,0
hazard_tsunami_height_御蔵島_南海トラフ巨大地震_ケース5,6,lon,REAL,0,,0
hazard_tsunami_height_御蔵島_南海トラフ巨大地震_ケース5,7,lat,REAL,0,,0
hazard_tsunami_height_御蔵島_南海トラフ巨大地震_ケース5,8,source_resource_id,TEXT,0,,0
hazard_tsunami_height_御蔵島_南海トラフ巨大地震_ケース5,9,source_resource,TEXT,0,,0
hazard_tsunami_height_御蔵島_南海トラフ巨大地震_ケース5,10,source_url,TEXT,0,,0
hazard_tsunami_height_御蔵島_南海トラフ巨大地震_ケース5,11,tsunami_height_max_m,REAL,0,,0
hazard_tsunami_height_御蔵島_南海トラフ巨大地震_ケース6,0,fid,INTEGER,1,,1
hazard_tsunami_height_御蔵島_南海トラフ巨大地震_ケース6,1,geom,POINT,0,,0
hazard_tsunami_height_御蔵島_南海トラフ巨大地震_ケース6,2,area,TEXT,0,,0
hazard_tsunami_height_御蔵島_南海トラフ巨大地震_ケース6,3,scenario,TEXT,0,,0
hazard_tsunami_height_御蔵島_南海トラフ巨大地震_ケース6,4,x_m,INTEGER,0,,0
hazard_tsunami_height_御蔵島_南海トラフ巨大地震_ケース6,5,y_m,INTEGER,0,,0
hazard_tsunami_height_御蔵島_南海トラフ巨大地震_ケース6,6,lon,REAL,0,,0
hazard_tsunami_height_御蔵島_南海トラフ巨大地震_ケース6,7,lat,REAL,0,,0
hazard_tsunami_height_御蔵島_南海トラフ巨大地震_ケース6,8,source_resource_id,TEXT,0,,0
hazard_tsunami_height_御蔵島_南海トラフ巨大地震_ケース6,9,source_resource,TEXT,0,,0
hazard_tsunami_height_御蔵島_南海トラフ巨大地震_ケース6,10,source_url,TEXT,0,,0
hazard_tsunami_height_御蔵島_南海トラフ巨大地震_ケース6,11,tsunami_height_max_m,REAL,0,,0
hazard_tsunami_height_御蔵島_南海トラフ巨大地震_ケース8,0,fid,INTEGER,1,,1
hazard_tsunami_height_御蔵島_南海トラフ巨大地震_ケース8,1,geom,POINT,0,,0
hazard_tsunami_height_御蔵島_南海トラフ巨大地震_ケース8,2,area,TEXT,0,,0
hazard_tsunami_height_御蔵島_南海トラフ巨大地震_ケース8,3,scenario,TEXT,0,,0
hazard_tsunami_height_御蔵島_南海トラフ巨大地震_ケース8,4,x_m,INTEGER,0,,0
hazard_tsunami_height_御蔵島_南海トラフ巨大地震_ケース8,5,y_m,INTEGER,0,,0
hazard_tsunami_height_御蔵島_南海トラフ巨大地震_ケース8,6,lon,REAL,0,,0
hazard_tsunami_height_御蔵島_南海トラフ巨大地震_ケース8,7,lat,REAL,0,,0
hazard_tsunami_height_御蔵島_南海トラフ巨大地震_ケース8,8,source_resource_id,TEXT,0,,0
hazard_tsunami_height_御蔵島_南海トラフ巨大地震_ケース8,9,source_resource,TEXT,0,,0
hazard_tsunami_height_御蔵島_南海トラフ巨大地震_ケース8,10,source_url,TEXT,0,,0
hazard_tsunami_height_御蔵島_南海トラフ巨大地震_ケース8,11,tsunami_height_max_m,REAL,0,,0
hazard_tsunami_height_御蔵島_大正関東地震,0,fid,INTEGER,1,,1
hazard_tsunami_height_御蔵島_大正関東地震,1,geom,POINT,0,,0
hazard_tsunami_height_御蔵島_大正関東地震,2,area,TEXT,0,,0
hazard_tsunami_height_御蔵島_大正関東地震,3,scenario,TEXT,0,,0
hazard_tsunami_height_御蔵島_大正関東地震,4,x_m,INTEGER,0,,0
hazard_tsunami_height_御蔵島_大正関東地震,5,y_m,INTEGER,0,,0
hazard_tsunami_height_御蔵島_大正関東地震,6,lon,REAL,0,,0
hazard_tsunami_height_御蔵島_大正関東地震,7,lat,REAL,0,,0
hazard_tsunami_height_御蔵島_大正関東地震,8,source_resource_id,TEXT,0,,0
hazard_tsunami_height_御蔵島_大正関東地震,9,source_resource,TEXT,0,,0
hazard_tsunami_height_御蔵島_大正関東地震,10,source_url,TEXT,0,,0
hazard_tsunami_height_御蔵島_大正関東地震,11,tsunami_height_max_m,REAL,0,,0
hazard_tsunami_height_新島_式根島_南海トラフ巨大地震_ケース1,0,fid,INTEGER,1,,1
hazard_tsunami_height_新島_式根島_南海トラフ巨大地震_ケース1,1,geom,POINT,0,,0
hazard_tsunami_height_新島_式根島_南海トラフ巨大地震_ケース1,2,area,TEXT,0,,0
hazard_tsunami_height_新島_式根島_南海トラフ巨大地震_ケース1,3,scenario,TEXT,0,,0
hazard_tsunami_height_新島_式根島_南海トラフ巨大地震_ケース1,4,x_m,INTEGER,0,,0
hazard_tsunami_height_新島_式根島_南海トラフ巨大地震_ケース1,5,y_m,INTEGER,0,,0
hazard_tsunami_height_新島_式根島_南海トラフ巨大地震_ケース1,6,lon,REAL,0,,0
hazard_tsunami_height_新島_式根島_南海トラフ巨大地震_ケース1,7,lat,REAL,0,,0
hazard_tsunami_height_新島_式根島_南海トラフ巨大地震_ケース1,8,source_resource_id,TEXT,0,,0
hazard_tsunami_height_新島_式根島_南海トラフ巨大地震_ケース1,9,source_resource,TEXT,0,,0
hazard_tsunami_height_新島_式根島_南海トラフ巨大地震_ケース1,10,source_url,TEXT,0,,0
hazard_tsunami_height_新島_式根島_南海トラフ巨大地震_ケース1,11,tsunami_height_max_m,REAL,0,,0
hazard_tsunami_height_新島_式根島_南海トラフ巨大地震_ケース2,0,fid,INTEGER,1,,1
hazard_tsunami_height_新島_式根島_南海トラフ巨大地震_ケース2,1,geom,POINT,0,,0
hazard_tsunami_height_新島_式根島_南海トラフ巨大地震_ケース2,2,area,TEXT,0,,0
hazard_tsunami_height_新島_式根島_南海トラフ巨大地震_ケース2,3,scenario,TEXT,0,,0
hazard_tsunami_height_新島_式根島_南海トラフ巨大地震_ケース2,4,x_m,INTEGER,0,,0
hazard_tsunami_height_新島_式根島_南海トラフ巨大地震_ケース2,5,y_m,INTEGER,0,,0
hazard_tsunami_height_新島_式根島_南海トラフ巨大地震_ケース2,6,lon,REAL,0,,0
hazard_tsunami_height_新島_式根島_南海トラフ巨大地震_ケース2,7,lat,REAL,0,,0
hazard_tsunami_height_新島_式根島_南海トラフ巨大地震_ケース2,8,source_resource_id,TEXT,0,,0
hazard_tsunami_height_新島_式根島_南海トラフ巨大地震_ケース2,9,source_resource,TEXT,0,,0
hazard_tsunami_height_新島_式根島_南海トラフ巨大地震_ケース2,10,source_url,TEXT,0,,0
hazard_tsunami_height_新島_式根島_南海トラフ巨大地震_ケース2,11,tsunami_height_max_m,REAL,0,,0
hazard_tsunami_height_新島_式根島_南海トラフ巨大地震_ケース5,0,fid,INTEGER,1,,1
hazard_tsunami_height_新島_式根島_南海トラフ巨大地震_ケース5,1,geom,POINT,0,,0
hazard_tsunami_height_新島_式根島_南海トラフ巨大地震_ケース5,2,area,TEXT,0,,0
hazard_tsunami_height_新島_式根島_南海トラフ巨大地震_ケース5,3,scenario,TEXT,0,,0
hazard_tsunami_height_新島_式根島_南海トラフ巨大地震_ケース5,4,x_m,INTEGER,0,,0
hazard_tsunami_height_新島_式根島_南海トラフ巨大地震_ケース5,5,y_m,INTEGER,0,,0
hazard_tsunami_height_新島_式根島_南海トラフ巨大地震_ケース5,6,lon,REAL,0,,0
hazard_tsunami_height_新島_式根島_南海トラフ巨大地震_ケース5,7,lat,REAL,0,,0
hazard_tsunami_height_新島_式根島_南海トラフ巨大地震_ケース5,8,source_resource_id,TEXT,0,,0
hazard_tsunami_height_新島_式根島_南海トラフ巨大地震_ケース5,9,source_resource,TEXT,0,,0
hazard_tsunami_height_新島_式根島_南海トラフ巨大地震_ケース5,10,source_url,TEXT,0,,0
hazard_tsunami_height_新島_式根島_南海トラフ巨大地震_ケース5,11,tsunami_height_max_m,REAL,0,,0
hazard_tsunami_height_新島_式根島_南海トラフ巨大地震_ケース6,0,fid,INTEGER,1,,1
hazard_tsunami_height_新島_式根島_南海トラフ巨大地震_ケース6,1,geom,POINT,0,,0
hazard_tsunami_height_新島_式根島_南海トラフ巨大地震_ケース6,2,area,TEXT,0,,0
hazard_tsunami_height_新島_式根島_南海トラフ巨大地震_ケース6,3,scenario,TEXT,0,,0
hazard_tsunami_height_新島_式根島_南海トラフ巨大地震_ケース6,4,x_m,INTEGER,0,,0
hazard_tsunami_height_新島_式根島_南海トラフ巨大地震_ケース6,5,y_m,INTEGER,0,,0
hazard_tsunami_height_新島_式根島_南海トラフ巨大地震_ケース6,6,lon,REAL,0,,0
hazard_tsunami_height_新島_式根島_南海トラフ巨大地震_ケース6,7,lat,REAL,0,,0
hazard_tsunami_height_新島_式根島_南海トラフ巨大地震_ケース6,8,source_resource_id,TEXT,0,,0
hazard_tsunami_height_新島_式根島_南海トラフ巨大地震_ケース6,9,source_resource,TEXT,0,,0
hazard_tsunami_height_新島_式根島_南海トラフ巨大地震_ケース6,10,source_url,TEXT,0,,0
hazard_tsunami_height_新島_式根島_南海トラフ巨大地震_ケース6,11,tsunami_height_max_m,REAL,0,,0
hazard_tsunami_height_新島_式根島_南海トラフ巨大地震_ケース8,0,fid,INTEGER,1,,1
hazard_tsunami_height_新島_式根島_南海トラフ巨大地震_ケース8,1,geom,POINT,0,,0
hazard_tsunami_height_新島_式根島_南海トラフ巨大地震_ケース8,2,area,TEXT,0,,0
hazard_tsunami_height_新島_式根島_南海トラフ巨大地震_ケース8,3,scenario,TEXT,0,,0
hazard_tsunami_height_新島_式根島_南海トラフ巨大地震_ケース8,4,x_m,INTEGER,0,,0
hazard_tsunami_height_新島_式根島_南海トラフ巨大地震_ケース8,5,y_m,INTEGER,0,,0
hazard_tsunami_height_新島_式根島_南海トラフ巨大地震_ケース8,6,lon,REAL,0,,0
hazard_tsunami_height_新島_式根島_南海トラフ巨大地震_ケース8,7,lat,REAL,0,,0
hazard_tsunami_height_新島_式根島_南海トラフ巨大地震_ケース8,8,source_resource_id,TEXT,0,,0
hazard_tsunami_height_新島_式根島_南海トラフ巨大地震_ケース8,9,source_resource,TEXT,0,,0
hazard_tsunami_height_新島_式根島_南海トラフ巨大地震_ケース8,10,source_url,TEXT,0,,0
hazard_tsunami_height_新島_式根島_南海トラフ巨大地震_ケース8,11,tsunami_height_max_m,REAL,0,,0
hazard_tsunami_height_新島_式根島_大正関東地震,0,fid,INTEGER,1,,1
hazard_tsunami_height_新島_式根島_大正関東地震,1,geom,POINT,0,,0
hazard_tsunami_height_新島_式根島_大正関東地震,2,area,TEXT,0,,0
hazard_tsunami_height_新島_式根島_大正関東地震,3,scenario,TEXT,0,,0
hazard_tsunami_height_新島_式根島_大正関東地震,4,x_m,INTEGER,0,,0
hazard_tsunami_height_新島_式根島_大正関東地震,5,y_m,INTEGER,0,,0
hazard_tsunami_height_新島_式根島_大正関東地震,6,lon,REAL,0,,0
hazard_tsunami_height_新島_式根島_大正関東地震,7,lat,REAL,0,,0
hazard_tsunami_height_新島_式根島_大正関東地震,8,source_resource_id,TEXT,0,,0
hazard_tsunami_height_新島_式根島_大正関東地震,9,source_resource,TEXT,0,,0
hazard_tsunami_height_新島_式根島_大正関東地震,10,source_url,TEXT,0,,0
hazard_tsunami_height_新島_式根島_大正関東地震,11,tsunami_height_max_m,REAL,0,,0
hazard_tsunami_height_母島_南海トラフ巨大地震_ケース1,0,fid,INTEGER,1,,1
hazard_tsunami_height_母島_南海トラフ巨大地震_ケース1,1,geom,POINT,0,,0
hazard_tsunami_height_母島_南海トラフ巨大地震_ケース1,2,area,TEXT,0,,0
hazard_tsunami_height_母島_南海トラフ巨大地震_ケース1,3,scenario,TEXT,0,,0
hazard_tsunami_height_母島_南海トラフ巨大地震_ケース1,4,x_m,INTEGER,0,,0
hazard_tsunami_height_母島_南海トラフ巨大地震_ケース1,5,y_m,INTEGER,0,,0
hazard_tsunami_height_母島_南海トラフ巨大地震_ケース1,6,lon,REAL,0,,0
hazard_tsunami_height_母島_南海トラフ巨大地震_ケース1,7,lat,REAL,0,,0
hazard_tsunami_height_母島_南海トラフ巨大地震_ケース1,8,source_resource_id,TEXT,0,,0
hazard_tsunami_height_母島_南海トラフ巨大地震_ケース1,9,source_resource,TEXT,0,,0
hazard_tsunami_height_母島_南海トラフ巨大地震_ケース1,10,source_url,TEXT,0,,0
hazard_tsunami_height_母島_南海トラフ巨大地震_ケース1,11,tsunami_height_max_m,REAL,0,,0
hazard_tsunami_height_母島_南海トラフ巨大地震_ケース2,0,fid,INTEGER,1,,1
hazard_tsunami_height_母島_南海トラフ巨大地震_ケース2,1,geom,POINT,0,,0
hazard_tsunami_height_母島_南海トラフ巨大地震_ケース2,2,area,TEXT,0,,0
hazard_tsunami_height_母島_南海トラフ巨大地震_ケース2,3,scenario,TEXT,0,,0
hazard_tsunami_height_母島_南海トラフ巨大地震_ケース2,4,x_m,INTEGER,0,,0
hazard_tsunami_height_母島_南海トラフ巨大地震_ケース2,5,y_m,INTEGER,0,,0
hazard_tsunami_height_母島_南海トラフ巨大地震_ケース2,6,lon,REAL,0,,0
hazard_tsunami_height_母島_南海トラフ巨大地震_ケース2,7,lat,REAL,0,,0
hazard_tsunami_height_母島_南海トラフ巨大地震_ケース2,8,source_resource_id,TEXT,0,,0
hazard_tsunami_height_母島_南海トラフ巨大地震_ケース2,9,source_resource,TEXT,0,,0
hazard_tsunami_height_母島_南海トラフ巨大地震_ケース2,10,source_url,TEXT,0,,0
hazard_tsunami_height_母島_南海トラフ巨大地震_ケース2,11,tsunami_height_max_m,REAL,0,,0
hazard_tsunami_height_母島_南海トラフ巨大地震_ケース5,0,fid,INTEGER,1,,1
hazard_tsunami_height_母島_南海トラフ巨大地震_ケース5,1,geom,POINT,0,,0
hazard_tsunami_height_母島_南海トラフ巨大地震_ケース5,2,area,TEXT,0,,0
hazard_tsunami_height_母島_南海トラフ巨大地震_ケース5,3,scenario,TEXT,0,,0
hazard_tsunami_height_母島_南海トラフ巨大地震_ケース5,4,x_m,INTEGER,0,,0
hazard_tsunami_height_母島_南海トラフ巨大地震_ケース5,5,y_m,INTEGER,0,,0
hazard_tsunami_height_母島_南海トラフ巨大地震_ケース5,6,lon,REAL,0,,0
hazard_tsunami_height_母島_南海トラフ巨大地震_ケース5,7,lat,REAL,0,,0
hazard_tsunami_height_母島_南海トラフ巨大地震_ケース5,8,source_resource_id,TEXT,0,,0
hazard_tsunami_height_母島_南海トラフ巨大地震_ケース5,9,source_resource,TEXT,0,,0
hazard_tsunami_height_母島_南海トラフ巨大地震_ケース5,10,source_url,TEXT,0,,0
hazard_tsunami_height_母島_南海トラフ巨大地震_ケース5,11,tsunami_height_max_m,REAL,0,,0
hazard_tsunami_height_母島_南海トラフ巨大地震_ケース6,0,fid,INTEGER,1,,1
hazard_tsunami_height_母島_南海トラフ巨大地震_ケース6,1,geom,POINT,0,,0
hazard_tsunami_height_母島_南海トラフ巨大地震_ケース6,2,area,TEXT,0,,0
hazard_tsunami_height_母島_南海トラフ巨大地震_ケース6,3,scenario,TEXT,0,,0
hazard_tsunami_height_母島_南海トラフ巨大地震_ケース6,4,x_m,INTEGER,0,,0
hazard_tsunami_height_母島_南海トラフ巨大地震_ケース6,5,y_m,INTEGER,0,,0
hazard_tsunami_height_母島_南海トラフ巨大地震_ケース6,6,lon,REAL,0,,0
hazard_tsunami_height_母島_南海トラフ巨大地震_ケース6,7,lat,REAL,0,,0
hazard_tsunami_height_母島_南海トラフ巨大地震_ケース6,8,source_resource_id,TEXT,0,,0
hazard_tsunami_height_母島_南海トラフ巨大地震_ケース6,9,source_resource,TEXT,0,,0
hazard_tsunami_height_母島_南海トラフ巨大地震_ケース6,10,source_url,TEXT,0,,0
hazard_tsunami_height_母島_南海トラフ巨大地震_ケース6,11,tsunami_height_max_m,REAL,0,,0
hazard_tsunami_height_母島_南海トラフ巨大地震_ケース8,0,fid,INTEGER,1,,1
hazard_tsunami_height_母島_南海トラフ巨大地震_ケース8,1,geom,POINT,0,,0
hazard_tsunami_height_母島_南海トラフ巨大地震_ケース8,2,area,TEXT,0,,0
hazard_tsunami_height_母島_南海トラフ巨大地震_ケース8,3,scenario,TEXT,0,,0
hazard_tsunami_height_母島_南海トラフ巨大地震_ケース8,4,x_m,INTEGER,0,,0
hazard_tsunami_height_母島_南海トラフ巨大地震_ケース8,5,y_m,INTEGER,0,,0
hazard_tsunami_height_母島_南海トラフ巨大地震_ケース8,6,lon,REAL,0,,0
hazard_tsunami_height_母島_南海トラフ巨大地震_ケース8,7,lat,REAL,0,,0
hazard_tsunami_height_母島_南海トラフ巨大地震_ケース8,8,source_resource_id,TEXT,0,,0
hazard_tsunami_height_母島_南海トラフ巨大地震_ケース8,9,source_resource,TEXT,0,,0
hazard_tsunami_height_母島_南海トラフ巨大地震_ケース8,10,source_url,TEXT,0,,0
hazard_tsunami_height_母島_南海トラフ巨大地震_ケース8,11,tsunami_height_max_m,REAL,0,,0
hazard_tsunami_height_母島_大正関東地震,0,fid,INTEGER,1,,1
hazard_tsunami_height_母島_大正関東地震,1,geom,POINT,0,,0
hazard_tsunami_height_母島_大正関東地震,2,area,TEXT,0,,0
hazard_tsunami_height_母島_大正関東地震,3,scenario,TEXT,0,,0
hazard_tsunami_height_母島_大正関東地震,4,x_m,INTEGER,0,,0
hazard_tsunami_height_母島_大正関東地震,5,y_m,INTEGER,0,,0
hazard_tsunami_height_母島_大正関東地震,6,lon,REAL,0,,0
hazard_tsunami_height_母島_大正関東地震,7,lat,REAL,0,,0
hazard_tsunami_height_母島_大正関東地震,8,source_resource_id,TEXT,0,,0
hazard_tsunami_height_母島_大正関東地震,9,source_resource,TEXT,0,,0
hazard_tsunami_height_母島_大正関東地震,10,source_url,TEXT,0,,0
hazard_tsunami_height_母島_大正関東地震,11,tsunami_height_max_m,REAL,0,,0
hazard_tsunami_height_父島_南海トラフ巨大地震_ケース1,0,fid,INTEGER,1,,1
hazard_tsunami_height_父島_南海トラフ巨大地震_ケース1,1,geom,POINT,0,,0
hazard_tsunami_height_父島_南海トラフ巨大地震_ケース1,2,area,TEXT,0,,0
hazard_tsunami_height_父島_南海トラフ巨大地震_ケース1,3,scenario,TEXT,0,,0
hazard_tsunami_height_父島_南海トラフ巨大地震_ケース1,4,x_m,INTEGER,0,,0
hazard_tsunami_height_父島_南海トラフ巨大地震_ケース1,5,y_m,INTEGER,0,,0
hazard_tsunami_height_父島_南海トラフ巨大地震_ケース1,6,lon,REAL,0,,0
hazard_tsunami_height_父島_南海トラフ巨大地震_ケース1,7,lat,REAL,0,,0
hazard_tsunami_height_父島_南海トラフ巨大地震_ケース1,8,source_resource_id,TEXT,0,,0
hazard_tsunami_height_父島_南海トラフ巨大地震_ケース1,9,source_resource,TEXT,0,,0
hazard_tsunami_height_父島_南海トラフ巨大地震_ケース1,10,source_url,TEXT,0,,0
hazard_tsunami_height_父島_南海トラフ巨大地震_ケース1,11,tsunami_height_max_m,REAL,0,,0
hazard_tsunami_height_父島_南海トラフ巨大地震_ケース2,0,fid,INTEGER,1,,1
hazard_tsunami_height_父島_南海トラフ巨大地震_ケース2,1,geom,POINT,0,,0
hazard_tsunami_height_父島_南海トラフ巨大地震_ケース2,2,area,TEXT,0,,0
hazard_tsunami_height_父島_南海トラフ巨大地震_ケース2,3,scenario,TEXT,0,,0
hazard_tsunami_height_父島_南海トラフ巨大地震_ケース2,4,x_m,INTEGER,0,,0
hazard_tsunami_height_父島_南海トラフ巨大地震_ケース2,5,y_m,INTEGER,0,,0
hazard_tsunami_height_父島_南海トラフ巨大地震_ケース2,6,lon,REAL,0,,0
hazard_tsunami_height_父島_南海トラフ巨大地震_ケース2,7,lat,REAL,0,,0
hazard_tsunami_height_父島_南海トラフ巨大地震_ケース2,8,source_resource_id,TEXT,0,,0
hazard_tsunami_height_父島_南海トラフ巨大地震_ケース2,9,source_resource,TEXT,0,,0
hazard_tsunami_height_父島_南海トラフ巨大地震_ケース2,10,source_url,TEXT,0,,0
hazard_tsunami_height_父島_南海トラフ巨大地震_ケース2,11,tsunami_height_max_m,REAL,0,,0
hazard_tsunami_height_父島_南海トラフ巨大地震_ケース5,0,fid,INTEGER,1,,1
hazard_tsunami_height_父島_南海トラフ巨大地震_ケース5,1,geom,POINT,0,,0
hazard_tsunami_height_父島_南海トラフ巨大地震_ケース5,2,area,TEXT,0,,0
hazard_tsunami_height_父島_南海トラフ巨大地震_ケース5,3,scenario,TEXT,0,,0
hazard_tsunami_height_父島_南海トラフ巨大地震_ケース5,4,x_m,INTEGER,0,,0
hazard_tsunami_height_父島_南海トラフ巨大地震_ケース5,5,y_m,INTEGER,0,,0
hazard_tsunami_height_父島_南海トラフ巨大地震_ケース5,6,lon,REAL,0,,0
hazard_tsunami_height_父島_南海トラフ巨大地震_ケース5,7,lat,REAL,0,,0
hazard_tsunami_height_父島_南海トラフ巨大地震_ケース5,8,source_resource_id,TEXT,0,,0
hazard_tsunami_height_父島_南海トラフ巨大地震_ケース5,9,source_resource,TEXT,0,,0
hazard_tsunami_height_父島_南海トラフ巨大地震_ケース5,10,source_url,TEXT,0,,0
hazard_tsunami_height_父島_南海トラフ巨大地震_ケース5,11,tsunami_height_max_m,REAL,0,,0
hazard_tsunami_height_父島_南海トラフ巨大地震_ケース6,0,fid,INTEGER,1,,1
hazard_tsunami_height_父島_南海トラフ巨大地震_ケース6,1,geom,POINT,0,,0
hazard_tsunami_height_父島_南海トラフ巨大地震_ケース6,2,area,TEXT,0,,0
hazard_tsunami_height_父島_南海トラフ巨大地震_ケース6,3,scenario,TEXT,0,,0
hazard_tsunami_height_父島_南海トラフ巨大地震_ケース6,4,x_m,INTEGER,0,,0
hazard_tsunami_height_父島_南海トラフ巨大地震_ケース6,5,y_m,INTEGER,0,,0
hazard_tsunami_height_父島_南海トラフ巨大地震_ケース6,6,lon,REAL,0,,0
hazard_tsunami_height_父島_南海トラフ巨大地震_ケース6,7,lat,REAL,0,,0
hazard_tsunami_height_父島_南海トラフ巨大地震_ケース6,8,source_resource_id,TEXT,0,,0
hazard_tsunami_height_父島_南海トラフ巨大地震_ケース6,9,source_resource,TEXT,0,,0
hazard_tsunami_height_父島_南海トラフ巨大地震_ケース6,10,source_url,TEXT,0,,0
hazard_tsunami_height_父島_南海トラフ巨大地震_ケース6,11,tsunami_height_max_m,REAL,0,,0
hazard_tsunami_height_父島_南海トラフ巨大地震_ケース8,0,fid,INTEGER,1,,1
hazard_tsunami_height_父島_南海トラフ巨大地震_ケース8,1,geom,POINT,0,,0
hazard_tsunami_height_父島_南海トラフ巨大地震_ケース8,2,area,TEXT,0,,0
hazard_tsunami_height_父島_南海トラフ巨大地震_ケース8,3,scenario,TEXT,0,,0
hazard_tsunami_height_父島_南海トラフ巨大地震_ケース8,4,x_m,INTEGER,0,,0
hazard_tsunami_height_父島_南海トラフ巨大地震_ケース8,5,y_m,INTEGER,0,,0
hazard_tsunami_height_父島_南海トラフ巨大地震_ケース8,6,lon,REAL,0,,0
hazard_tsunami_height_父島_南海トラフ巨大地震_ケース8,7,lat,REAL,0,,0
hazard_tsunami_height_父島_南海トラフ巨大地震_ケース8,8,source_resource_id,TEXT,0,,0
hazard_tsunami_height_父島_南海トラフ巨大地震_ケース8,9,source_resource,TEXT,0,,0
hazard_tsunami_height_父島_南海トラフ巨大地震_ケース8,10,source_url,TEXT,0,,0
hazard_tsunami_height_父島_南海トラフ巨大地震_ケース8,11,tsunami_height_max_m,REAL,0,,0
hazard_tsunami_height_父島_大正関東地震,0,fid,INTEGER,1,,1
hazard_tsunami_height_父島_大正関東地震,1,geom,POINT,0,,0
hazard_tsunami_height_父島_大正関東地震,2,area,TEXT,0,,0
hazard_tsunami_height_父島_大正関東地震,3,scenario,TEXT,0,,0
hazard_tsunami_height_父島_大正関東地震,4,x_m,INTEGER,0,,0
hazard_tsunami_height_父島_大正関東地震,5,y_m,INTEGER,0,,0
hazard_tsunami_height_父島_大正関東地震,6,lon,REAL,0,,0
hazard_tsunami_height_父島_大正関東地震,7,lat,REAL,0,,0
hazard_tsunami_height_父島_大正関東地震,8,source_resource_id,TEXT,0,,0
hazard_tsunami_height_父島_大正関東地震,9,source_resource,TEXT,0,,0
hazard_tsunami_height_父島_大正関東地震,10,source_url,TEXT,0,,0
hazard_tsunami_height_父島_大正関東地震,11,tsunami_height_max_m,REAL,0,,0
hazard_tsunami_height_神津島_南海トラフ巨大地震_ケース1,0,fid,INTEGER,1,,1
hazard_tsunami_height_神津島_南海トラフ巨大地震_ケース1,1,geom,POINT,0,,0
hazard_tsunami_height_神津島_南海トラフ巨大地震_ケース1,2,area,TEXT,0,,0
hazard_tsunami_height_神津島_南海トラフ巨大地震_ケース1,3,scenario,TEXT,0,,0
hazard_tsunami_height_神津島_南海トラフ巨大地震_ケース1,4,x_m,INTEGER,0,,0
hazard_tsunami_height_神津島_南海トラフ巨大地震_ケース1,5,y_m,INTEGER,0,,0
hazard_tsunami_height_神津島_南海トラフ巨大地震_ケース1,6,lon,REAL,0,,0
hazard_tsunami_height_神津島_南海トラフ巨大地震_ケース1,7,lat,REAL,0,,0
hazard_tsunami_height_神津島_南海トラフ巨大地震_ケース1,8,source_resource_id,TEXT,0,,0
hazard_tsunami_height_神津島_南海トラフ巨大地震_ケース1,9,source_resource,TEXT,0,,0
hazard_tsunami_height_神津島_南海トラフ巨大地震_ケース1,10,source_url,TEXT,0,,0
hazard_tsunami_height_神津島_南海トラフ巨大地震_ケース1,11,tsunami_height_max_m,REAL,0,,0
hazard_tsunami_height_神津島_南海トラフ巨大地震_ケース2,0,fid,INTEGER,1,,1
hazard_tsunami_height_神津島_南海トラフ巨大地震_ケース2,1,geom,POINT,0,,0
hazard_tsunami_height_神津島_南海トラフ巨大地震_ケース2,2,area,TEXT,0,,0
hazard_tsunami_height_神津島_南海トラフ巨大地震_ケース2,3,scenario,TEXT,0,,0
hazard_tsunami_height_神津島_南海トラフ巨大地震_ケース2,4,x_m,INTEGER,0,,0
hazard_tsunami_height_神津島_南海トラフ巨大地震_ケース2,5,y_m,INTEGER,0,,0
hazard_tsunami_height_神津島_南海トラフ巨大地震_ケース2,6,lon,REAL,0,,0
hazard_tsunami_height_神津島_南海トラフ巨大地震_ケース2,7,lat,REAL,0,,0
hazard_tsunami_height_神津島_南海トラフ巨大地震_ケース2,8,source_resource_id,TEXT,0,,0
hazard_tsunami_height_神津島_南海トラフ巨大地震_ケース2,9,source_resource,TEXT,0,,0
hazard_tsunami_height_神津島_南海トラフ巨大地震_ケース2,10,source_url,TEXT,0,,0
hazard_tsunami_height_神津島_南海トラフ巨大地震_ケース2,11,tsunami_height_max_m,REAL,0,,0
hazard_tsunami_height_神津島_南海トラフ巨大地震_ケース5,0,fid,INTEGER,1,,1
hazard_tsunami_height_神津島_南海トラフ巨大地震_ケース5,1,geom,POINT,0,,0
hazard_tsunami_height_神津島_南海トラフ巨大地震_ケース5,2,area,TEXT,0,,0
hazard_tsunami_height_神津島_南海トラフ巨大地震_ケース5,3,scenario,TEXT,0,,0
hazard_tsunami_height_神津島_南海トラフ巨大地震_ケース5,4,x_m,INTEGER,0,,0
hazard_tsunami_height_神津島_南海トラフ巨大地震_ケース5,5,y_m,INTEGER,0,,0
hazard_tsunami_height_神津島_南海トラフ巨大地震_ケース5,6,lon,REAL,0,,0
hazard_tsunami_height_神津島_南海トラフ巨大地震_ケース5,7,lat,REAL,0,,0
hazard_tsunami_height_神津島_南海トラフ巨大地震_ケース5,8,source_resource_id,TEXT,0,,0
hazard_tsunami_height_神津島_南海トラフ巨大地震_ケース5,9,source_resource,TEXT,0,,0
hazard_tsunami_height_神津島_南海トラフ巨大地震_ケース5,10,source_url,TEXT,0,,0
hazard_tsunami_height_神津島_南海トラフ巨大地震_ケース5,11,tsunami_height_max_m,REAL,0,,0
hazard_tsunami_height_神津島_南海トラフ巨大地震_ケース6,0,fid,INTEGER,1,,1
hazard_tsunami_height_神津島_南海トラフ巨大地震_ケース6,1,geom,POINT,0,,0
hazard_tsunami_height_神津島_南海トラフ巨大地震_ケース6,2,area,TEXT,0,,0
hazard_tsunami_height_神津島_南海トラフ巨大地震_ケース6,3,scenario,TEXT,0,,0
hazard_tsunami_height_神津島_南海トラフ巨大地震_ケース6,4,x_m,INTEGER,0,,0
hazard_tsunami_height_神津島_南海トラフ巨大地震_ケース6,5,y_m,INTEGER,0,,0
hazard_tsunami_height_神津島_南海トラフ巨大地震_ケース6,6,lon,REAL,0,,0
hazard_tsunami_height_神津島_南海トラフ巨大地震_ケース6,7,lat,REAL,0,,0
hazard_tsunami_height_神津島_南海トラフ巨大地震_ケース6,8,source_resource_id,TEXT,0,,0
hazard_tsunami_height_神津島_南海トラフ巨大地震_ケース6,9,source_resource,TEXT,0,,0
hazard_tsunami_height_神津島_南海トラフ巨大地震_ケース6,10,source_url,TEXT,0,,0
hazard_tsunami_height_神津島_南海トラフ巨大地震_ケース6,11,tsunami_height_max_m,REAL,0,,0
hazard_tsunami_height_神津島_南海トラフ巨大地震_ケース8,0,fid,INTEGER,1,,1
hazard_tsunami_height_神津島_南海トラフ巨大地震_ケース8,1,geom,POINT,0,,0
hazard_tsunami_height_神津島_南海トラフ巨大地震_ケース8,2,area,TEXT,0,,0
hazard_tsunami_height_神津島_南海トラフ巨大地震_ケース8,3,scenario,TEXT,0,,0
hazard_tsunami_height_神津島_南海トラフ巨大地震_ケース8,4,x_m,INTEGER,0,,0
hazard_tsunami_height_神津島_南海トラフ巨大地震_ケース8,5,y_m,INTEGER,0,,0
hazard_tsunami_height_神津島_南海トラフ巨大地震_ケース8,6,lon,REAL,0,,0
hazard_tsunami_height_神津島_南海トラフ巨大地震_ケース8,7,lat,REAL,0,,0
hazard_tsunami_height_神津島_南海トラフ巨大地震_ケース8,8,source_resource_id,TEXT,0,,0
hazard_tsunami_height_神津島_南海トラフ巨大地震_ケース8,9,source_resource,TEXT,0,,0
hazard_tsunami_height_神津島_南海トラフ巨大地震_ケース8,10,source_url,TEXT,0,,0
hazard_tsunami_height_神津島_南海トラフ巨大地震_ケース8,11,tsunami_height_max_m,REAL,0,,0
hazard_tsunami_height_神津島_大正関東地震,0,fid,INTEGER,1,,1
hazard_tsunami_height_神津島_大正関東地震,1,geom,POINT,0,,0
hazard_tsunami_height_神津島_大正関東地震,2,area,TEXT,0,,0
hazard_tsunami_height_神津島_大正関東地震,3,scenario,TEXT,0,,0
hazard_tsunami_height_神津島_大正関東地震,4,x_m,INTEGER,0,,0
hazard_tsunami_height_神津島_大正関東地震,5,y_m,INTEGER,0,,0
hazard_tsunami_height_神津島_大正関東地震,6,lon,REAL,0,,0
hazard_tsunami_height_神津島_大正関東地震,7,lat,REAL,0,,0
hazard_tsunami_height_神津島_大正関東地震,8,source_resource_id,TEXT,0,,0
hazard_tsunami_height_神津島_大正関東地震,9,source_resource,TEXT,0,,0
hazard_tsunami_height_神津島_大正関東地震,10,source_url,TEXT,0,,0
hazard_tsunami_height_神津島_大正関東地震,11,tsunami_height_max_m,REAL,0,,0
hazard_tsunami_height_青ヶ島_南海トラフ巨大地震_ケース1,0,fid,INTEGER,1,,1
hazard_tsunami_height_青ヶ島_南海トラフ巨大地震_ケース1,1,geom,POINT,0,,0
hazard_tsunami_height_青ヶ島_南海トラフ巨大地震_ケース1,2,area,TEXT,0,,0
hazard_tsunami_height_青ヶ島_南海トラフ巨大地震_ケース1,3,scenario,TEXT,0,,0
hazard_tsunami_height_青ヶ島_南海トラフ巨大地震_ケース1,4,x_m,INTEGER,0,,0
hazard_tsunami_height_青ヶ島_南海トラフ巨大地震_ケース1,5,y_m,INTEGER,0,,0
hazard_tsunami_height_青ヶ島_南海トラフ巨大地震_ケース1,6,lon,REAL,0,,0
hazard_tsunami_height_青ヶ島_南海トラフ巨大地震_ケース1,7,lat,REAL,0,,0
hazard_tsunami_height_青ヶ島_南海トラフ巨大地震_ケース1,8,source_resource_id,TEXT,0,,0
hazard_tsunami_height_青ヶ島_南海トラフ巨大地震_ケース1,9,source_resource,TEXT,0,,0
hazard_tsunami_height_青ヶ島_南海トラフ巨大地震_ケース1,10,source_url,TEXT,0,,0
hazard_tsunami_height_青ヶ島_南海トラフ巨大地震_ケース1,11,tsunami_height_max_m,REAL,0,,0
hazard_tsunami_height_青ヶ島_南海トラフ巨大地震_ケース2,0,fid,INTEGER,1,,1
hazard_tsunami_height_青ヶ島_南海トラフ巨大地震_ケース2,1,geom,POINT,0,,0
hazard_tsunami_height_青ヶ島_南海トラフ巨大地震_ケース2,2,area,TEXT,0,,0
hazard_tsunami_height_青ヶ島_南海トラフ巨大地震_ケース2,3,scenario,TEXT,0,,0
hazard_tsunami_height_青ヶ島_南海トラフ巨大地震_ケース2,4,x_m,INTEGER,0,,0
hazard_tsunami_height_青ヶ島_南海トラフ巨大地震_ケース2,5,y_m,INTEGER,0,,0
hazard_tsunami_height_青ヶ島_南海トラフ巨大地震_ケース2,6,lon,REAL,0,,0
hazard_tsunami_height_青ヶ島_南海トラフ巨大地震_ケース2,7,lat,REAL,0,,0
hazard_tsunami_height_青ヶ島_南海トラフ巨大地震_ケース2,8,source_resource_id,TEXT,0,,0
hazard_tsunami_height_青ヶ島_南海トラフ巨大地震_ケース2,9,source_resource,TEXT,0,,0
hazard_tsunami_height_青ヶ島_南海トラフ巨大地震_ケース2,10,source_url,TEXT,0,,0
hazard_tsunami_height_青ヶ島_南海トラフ巨大地震_ケース2,11,tsunami_height_max_m,REAL,0,,0
hazard_tsunami_height_青ヶ島_南海トラフ巨大地震_ケース5,0,fid,INTEGER,1,,1
hazard_tsunami_height_青ヶ島_南海トラフ巨大地震_ケース5,1,geom,POINT,0,,0
hazard_tsunami_height_青ヶ島_南海トラフ巨大地震_ケース5,2,area,TEXT,0,,0
hazard_tsunami_height_青ヶ島_南海トラフ巨大地震_ケース5,3,scenario,TEXT,0,,0
hazard_tsunami_height_青ヶ島_南海トラフ巨大地震_ケース5,4,x_m,INTEGER,0,,0
hazard_tsunami_height_青ヶ島_南海トラフ巨大地震_ケース5,5,y_m,INTEGER,0,,0
hazard_tsunami_height_青ヶ島_南海トラフ巨大地震_ケース5,6,lon,REAL,0,,0
hazard_tsunami_height_青ヶ島_南海トラフ巨大地震_ケース5,7,lat,REAL,0,,0
hazard_tsunami_height_青ヶ島_南海トラフ巨大地震_ケース5,8,source_resource_id,TEXT,0,,0
hazard_tsunami_height_青ヶ島_南海トラフ巨大地震_ケース5,9,source_resource,TEXT,0,,0
hazard_tsunami_height_青ヶ島_南海トラフ巨大地震_ケース5,10,source_url,TEXT,0,,0
hazard_tsunami_height_青ヶ島_南海トラフ巨大地震_ケース5,11,tsunami_height_max_m,REAL,0,,0
hazard_tsunami_height_青ヶ島_南海トラフ巨大地震_ケース6,0,fid,INTEGER,1,,1
hazard_tsunami_height_青ヶ島_南海トラフ巨大地震_ケース6,1,geom,POINT,0,,0
hazard_tsunami_height_青ヶ島_南海トラフ巨大地震_ケース6,2,area,TEXT,0,,0
hazard_tsunami_height_青ヶ島_南海トラフ巨大地震_ケース6,3,scenario,TEXT,0,,0
hazard_tsunami_height_青ヶ島_南海トラフ巨大地震_ケース6,4,x_m,INTEGER,0,,0
hazard_tsunami_height_青ヶ島_南海トラフ巨大地震_ケース6,5,y_m,INTEGER,0,,0
hazard_tsunami_height_青ヶ島_南海トラフ巨大地震_ケース6,6,lon,REAL,0,,0
hazard_tsunami_height_青ヶ島_南海トラフ巨大地震_ケース6,7,lat,REAL,0,,0
hazard_tsunami_height_青ヶ島_南海トラフ巨大地震_ケース6,8,source_resource_id,TEXT,0,,0
hazard_tsunami_height_青ヶ島_南海トラフ巨大地震_ケース6,9,source_resource,TEXT,0,,0
hazard_tsunami_height_青ヶ島_南海トラフ巨大地震_ケース6,10,source_url,TEXT,0,,0
hazard_tsunami_height_青ヶ島_南海トラフ巨大地震_ケース6,11,tsunami_height_max_m,REAL,0,,0
hazard_tsunami_height_青ヶ島_南海トラフ巨大地震_ケース8,0,fid,INTEGER,1,,1
hazard_tsunami_height_青ヶ島_南海トラフ巨大地震_ケース8,1,geom,POINT,0,,0
hazard_tsunami_height_青ヶ島_南海トラフ巨大地震_ケース8,2,area,TEXT,0,,0
hazard_tsunami_height_青ヶ島_南海トラフ巨大地震_ケース8,3,scenario,TEXT,0,,0
hazard_tsunami_height_青ヶ島_南海トラフ巨大地震_ケース8,4,x_m,INTEGER,0,,0
hazard_tsunami_height_青ヶ島_南海トラフ巨大地震_ケース8,5,y_m,INTEGER,0,,0
hazard_tsunami_height_青ヶ島_南海トラフ巨大地震_ケース8,6,lon,REAL,0,,0
hazard_tsunami_height_青ヶ島_南海トラフ巨大地震_ケース8,7,lat,REAL,0,,0
hazard_tsunami_height_青ヶ島_南海トラフ巨大地震_ケース8,8,source_resource_id,TEXT,0,,0
hazard_tsunami_height_青ヶ島_南海トラフ巨大地震_ケース8,9,source_resource,TEXT,0,,0
hazard_tsunami_height_青ヶ島_南海トラフ巨大地震_ケース8,10,source_url,TEXT,0,,0
hazard_tsunami_height_青ヶ島_南海トラフ巨大地震_ケース8,11,tsunami_height_max_m,REAL,0,,0
hazard_tsunami_height_青ヶ島_大正関東地震,0,fid,INTEGER,1,,1
hazard_tsunami_height_青ヶ島_大正関東地震,1,geom,POINT,0,,0
hazard_tsunami_height_青ヶ島_大正関東地震,2,area,TEXT,0,,0
hazard_tsunami_height_青ヶ島_大正関東地震,3,scenario,TEXT,0,,0
hazard_tsunami_height_青ヶ島_大正関東地震,4,x_m,INTEGER,0,,0
hazard_tsunami_height_青ヶ島_大正関東地震,5,y_m,INTEGER,0,,0
hazard_tsunami_height_青ヶ島_大正関東地震,6,lon,REAL,0,,0
hazard_tsunami_height_青ヶ島_大正関東地震,7,lat,REAL,0,,0
hazard_tsunami_height_青ヶ島_大正関東地震,8,source_resource_id,TEXT,0,,0
hazard_tsunami_height_青ヶ島_大正関東地震,9,source_resource,TEXT,0,,0
hazard_tsunami_height_青ヶ島_大正関東地震,10,source_url,TEXT,0,,0
hazard_tsunami_height_青ヶ島_大正関東地震,11,tsunami_height_max_m,REAL,0,,0
heritage_building_complexes,0,fid,INTEGER,1,,1
heritage_building_complexes,1,geom,MULTIPOLYGON,0,,0
heritage_building_complexes,2,municipality_code,TEXT,0,,0
heritage_building_complexes,3,municipality_name,TEXT,0,,0
heritage_building_complexes,4,complex_id,TEXT,0,,0
heritage_building_complexes,5,complex_name,TEXT,0,,0
heritage_building_complexes,6,grouping_method,TEXT,0,,0
heritage_building_complexes,7,record_count,INTEGER,0,,0
heritage_building_complexes,8,movable_record_count,INTEGER,0,,0
heritage_building_complexes,9,directly_matched_record_count,INTEGER,0,,0
heritage_building_complexes,10,complex_only_record_count,INTEGER,0,,0
heritage_building_complexes,11,shared_coordinate_record_count,INTEGER,0,,0
heritage_building_complexes,12,member_building_count,INTEGER,0,,0
heritage_building_complexes,13,building_gml_ids,TEXT,0,,0
heritage_building_complexes,14,designation_levels,TEXT,0,,0
heritage_building_complexes,15,designation_statuses,TEXT,0,,0
heritage_building_complexes,16,heritage_type_majors,TEXT,0,,0
heritage_building_complexes,17,heritage_type_details,TEXT,0,,0
heritage_building_complexes,18,point_output_count,INTEGER,0,,0
heritage_building_complexes,19,status,TEXT,0,,0
heritage_building_complexes,20,source_municipality_gpkg,TEXT,0,,0
heritage_building_links,0,municipality_code,TEXT,0,,0
heritage_building_links,1,municipality_name,TEXT,0,,0
heritage_building_links,2,record_id,TEXT,0,,0
heritage_building_links,3,name,TEXT,0,,0
heritage_building_links,4,place_name,TEXT,0,,0
heritage_building_links,5,address_detail,TEXT,0,,0
heritage_building_links,6,type,TEXT,0,,0
heritage_building_links,7,designation_level_code,TEXT,0,,0
heritage_building_links,8,designation_level_ja,TEXT,0,,0
heritage_building_links,9,designation_status_code,TEXT,0,,0
heritage_building_links,10,designation_status_ja,TEXT,0,,0
heritage_building_links,11,heritage_type_major_code,TEXT,0,,0
heritage_building_links,12,heritage_type_major_ja,TEXT,0,,0
heritage_building_links,13,heritage_type_detail,TEXT,0,,0
heritage_building_links,14,classification_confidence,TEXT,0,,0
heritage_building_links,15,entity_class,TEXT,0,,0
heritage_building_links,16,complex_id,TEXT,0,,0
heritage_building_links,17,complex_name,TEXT,0,,0
heritage_building_links,18,building_gml_id,TEXT,0,,0
heritage_building_links,19,building_id,TEXT,0,,0
heritage_building_links,20,building_name,TEXT,0,,0
heritage_building_links,21,building_address,TEXT,0,,0
heritage_building_links,22,usage,TEXT,0,,0
heritage_building_links,23,detailed_usage,TEXT,0,,0
heritage_building_links,24,match_methods,TEXT,0,,0
heritage_building_links,25,source_gml,TEXT,0,,0
heritage_building_links,26,source_municipality_gpkg,TEXT,0,,0
heritage_buildings_footprint,0,fid,INTEGER,1,,1
heritage_buildings_footprint,1,geom,POLYGON,0,,0
heritage_buildings_footprint,2,municipality_code,TEXT,0,,0
heritage_buildings_footprint,3,municipality_name,TEXT,0,,0
heritage_buildings_footprint,4,gml_id,TEXT,0,,0
heritage_buildings_footprint,5,building_id,TEXT,0,,0
heritage_buildings_footprint,6,city_code,TEXT,0,,0
heritage_buildings_footprint,7,file_code,TEXT,0,,0
heritage_buildings_footprint,8,name,TEXT,0,,0
heritage_buildings_footprint,9,address,TEXT,0,,0
heritage_buildings_footprint,10,usage,TEXT,0,,0
heritage_buildings_footprint,11,detailed_usage,TEXT,0,,0
heritage_buildings_footprint,12,complex_ids,TEXT,0,,0
heritage_buildings_footprint,13,complex_names,TEXT,0,,0
heritage_buildings_footprint,14,record_ids,TEXT,0,,0
heritage_buildings_footprint,15,record_names,TEXT,0,,0
heritage_buildings_footprint,16,record_types,TEXT,0,,0
heritage_buildings_footprint,17,entity_classes,TEXT,0,,0
heritage_buildings_footprint,18,designation_levels,TEXT,0,,0
heritage_buildings_footprint,19,designation_statuses,TEXT,0,,0
heritage_buildings_footprint,20,heritage_type_majors,TEXT,0,,0
heritage_buildings_footprint,21,heritage_type_details,TEXT,0,,0
heritage_buildings_footprint,22,disaster_risk_count,REAL,0,,0
heritage_buildings_footprint,23,disaster_risk_types,TEXT,0,,0
heritage_buildings_footprint,24,river_flood_count,REAL,0,,0
heritage_buildings_footprint,25,river_flood_max_depth_m,TEXT,0,,0
heritage_buildings_footprint,26,river_flood_max_duration_h,TEXT,0,,0
heritage_buildings_footprint,27,river_flood_descriptions,TEXT,0,,0
heritage_buildings_footprint,28,river_flood_ranks,TEXT,0,,0
heritage_buildings_footprint,29,river_flood_rank_orgs,TEXT,0,,0
heritage_buildings_footprint,30,river_flood_admin_types,TEXT,0,,0
heritage_buildings_footprint,31,river_flood_scales,TEXT,0,,0
heritage_buildings_footprint,32,tsunami_count,REAL,0,,0
heritage_buildings_footprint,33,tsunami_max_depth_m,TEXT,0,,0
heritage_buildings_footprint,34,tsunami_descriptions,TEXT,0,,0
heritage_buildings_footprint,35,tsunami_ranks,TEXT,0,,0
heritage_buildings_footprint,36,tsunami_rank_orgs,TEXT,0,,0
heritage_buildings_footprint,37,high_tide_count,REAL,0,,0
heritage_buildings_footprint,38,high_tide_max_depth_m,TEXT,0,,0
heritage_buildings_footprint,39,high_tide_descriptions,TEXT,0,,0
heritage_buildings_footprint,40,high_tide_ranks,TEXT,0,,0
heritage_buildings_footprint,41,high_tide_rank_orgs,TEXT,0,,0
heritage_buildings_footprint,42,inland_flood_count,REAL,0,,0
heritage_buildings_footprint,43,inland_flood_max_depth_m,TEXT,0,,0
heritage_buildings_footprint,44,inland_flood_descriptions,TEXT,0,,0
heritage_buildings_footprint,45,inland_flood_ranks,TEXT,0,,0
heritage_buildings_footprint,46,inland_flood_rank_orgs,TEXT,0,,0
heritage_buildings_footprint,47,reservoir_flood_count,REAL,0,,0
heritage_buildings_footprint,48,reservoir_flood_max_depth_m,TEXT,0,,0
heritage_buildings_footprint,49,reservoir_flood_descriptions,TEXT,0,,0
heritage_buildings_footprint,50,reservoir_flood_ranks,TEXT,0,,0
heritage_buildings_footprint,51,reservoir_flood_rank_orgs,TEXT,0,,0
heritage_buildings_footprint,52,landslide_count,REAL,0,,0
heritage_buildings_footprint,53,landslide_descriptions,TEXT,0,,0
heritage_buildings_footprint,54,landslide_area_types,TEXT,0,,0
heritage_buildings_footprint,55,disaster_risks_json,TEXT,0,,0
heritage_buildings_footprint,56,match_methods,TEXT,0,,0
heritage_buildings_footprint,57,source_gml,TEXT,0,,0
heritage_buildings_footprint,58,source_municipality_gpkg,TEXT,0,,0
heritage_buildings_footprint_riskwide,0,fid,INTEGER,1,,1
heritage_buildings_footprint_riskwide,1,geom,POLYGON,0,,0
heritage_buildings_footprint_riskwide,2,municipality_code,TEXT,0,,0
heritage_buildings_footprint_riskwide,3,municipality_name,TEXT,0,,0
heritage_buildings_footprint_riskwide,4,gml_id,TEXT,0,,0
heritage_buildings_footprint_riskwide,5,building_id,TEXT,0,,0
heritage_buildings_footprint_riskwide,6,city_code,TEXT,0,,0
heritage_buildings_footprint_riskwide,7,file_code,TEXT,0,,0
heritage_buildings_footprint_riskwide,8,name,TEXT,0,,0
heritage_buildings_footprint_riskwide,9,address,TEXT,0,,0
heritage_buildings_footprint_riskwide,10,usage,TEXT,0,,0
heritage_buildings_footprint_riskwide,11,detailed_usage,TEXT,0,,0
heritage_buildings_footprint_riskwide,12,complex_ids,TEXT,0,,0
heritage_buildings_footprint_riskwide,13,complex_names,TEXT,0,,0
heritage_buildings_footprint_riskwide,14,record_ids,TEXT,0,,0
heritage_buildings_footprint_riskwide,15,record_names,TEXT,0,,0
heritage_buildings_footprint_riskwide,16,record_types,TEXT,0,,0
heritage_buildings_footprint_riskwide,17,entity_classes,TEXT,0,,0
heritage_buildings_footprint_riskwide,18,designation_levels,TEXT,0,,0
heritage_buildings_footprint_riskwide,19,designation_statuses,TEXT,0,,0
heritage_buildings_footprint_riskwide,20,heritage_type_majors,TEXT,0,,0
heritage_buildings_footprint_riskwide,21,heritage_type_details,TEXT,0,,0
heritage_buildings_footprint_riskwide,22,match_methods,TEXT,0,,0
heritage_buildings_footprint_riskwide,23,source_gml,TEXT,0,,0
heritage_buildings_footprint_riskwide,24,source_municipality_gpkg,TEXT,0,,0
heritage_buildings_footprint_riskwide,25,disaster_risk_count,INTEGER,0,,0
heritage_buildings_footprint_riskwide,26,risk01_type,TEXT,0,,0
heritage_buildings_footprint_riskwide,27,risk01_type_ja,TEXT,0,,0
heritage_buildings_footprint_riskwide,28,risk01_source,TEXT,0,,0
heritage_buildings_footprint_riskwide,29,risk01_source_code,TEXT,0,,0
heritage_buildings_footprint_riskwide,30,risk01_source_status,TEXT,0,,0
heritage_buildings_footprint_riskwide,31,risk01_model,TEXT,0,,0
heritage_buildings_footprint_riskwide,32,risk01_model_code,TEXT,0,,0
heritage_buildings_footprint_riskwide,33,risk01_model_status,TEXT,0,,0
heritage_buildings_footprint_riskwide,34,risk01_admin_type,TEXT,0,,0
heritage_buildings_footprint_riskwide,35,risk01_admin_code,TEXT,0,,0
heritage_buildings_footprint_riskwide,36,risk01_admin_status,TEXT,0,,0
heritage_buildings_footprint_riskwide,37,risk01_class,TEXT,0,,0
heritage_buildings_footprint_riskwide,38,risk01_rank,TEXT,0,,0
heritage_buildings_footprint_riskwide,39,risk01_rank_code,TEXT,0,,0
heritage_buildings_footprint_riskwide,40,risk01_rank_org,TEXT,0,,0
heritage_buildings_footprint_riskwide,41,risk01_rank_org_code,TEXT,0,,0
heritage_buildings_footprint_riskwide,42,risk01_depth_m,REAL,0,,0
heritage_buildings_footprint_riskwide,43,risk01_duration_h,REAL,0,,0
heritage_buildings_footprint_riskwide,44,risk01_area_type,TEXT,0,,0
heritage_buildings_footprint_riskwide,45,risk01_area_type_code,TEXT,0,,0
heritage_buildings_footprint_riskwide,46,risk01_source_key,TEXT,0,,0
heritage_buildings_footprint_riskwide,47,risk01_label,TEXT,0,,0
heritage_buildings_footprint_riskwide,48,risk02_type,TEXT,0,,0
heritage_buildings_footprint_riskwide,49,risk02_type_ja,TEXT,0,,0
heritage_buildings_footprint_riskwide,50,risk02_source,TEXT,0,,0
heritage_buildings_footprint_riskwide,51,risk02_source_code,TEXT,0,,0
heritage_buildings_footprint_riskwide,52,risk02_source_status,TEXT,0,,0
heritage_buildings_footprint_riskwide,53,risk02_model,TEXT,0,,0
heritage_buildings_footprint_riskwide,54,risk02_model_code,TEXT,0,,0
heritage_buildings_footprint_riskwide,55,risk02_model_status,TEXT,0,,0
heritage_buildings_footprint_riskwide,56,risk02_admin_type,TEXT,0,,0
heritage_buildings_footprint_riskwide,57,risk02_admin_code,TEXT,0,,0
heritage_buildings_footprint_riskwide,58,risk02_admin_status,TEXT,0,,0
heritage_buildings_footprint_riskwide,59,risk02_class,TEXT,0,,0
heritage_buildings_footprint_riskwide,60,risk02_rank,TEXT,0,,0
heritage_buildings_footprint_riskwide,61,risk02_rank_code,TEXT,0,,0
heritage_buildings_footprint_riskwide,62,risk02_rank_org,TEXT,0,,0
heritage_buildings_footprint_riskwide,63,risk02_rank_org_code,TEXT,0,,0
heritage_buildings_footprint_riskwide,64,risk02_depth_m,REAL,0,,0
heritage_buildings_footprint_riskwide,65,risk02_duration_h,REAL,0,,0
heritage_buildings_footprint_riskwide,66,risk02_area_type,TEXT,0,,0
heritage_buildings_footprint_riskwide,67,risk02_area_type_code,TEXT,0,,0
heritage_buildings_footprint_riskwide,68,risk02_source_key,TEXT,0,,0
heritage_buildings_footprint_riskwide,69,risk02_label,TEXT,0,,0
heritage_buildings_footprint_riskwide,70,risk03_type,TEXT,0,,0
heritage_buildings_footprint_riskwide,71,risk03_type_ja,TEXT,0,,0
heritage_buildings_footprint_riskwide,72,risk03_source,TEXT,0,,0
heritage_buildings_footprint_riskwide,73,risk03_source_code,TEXT,0,,0
heritage_buildings_footprint_riskwide,74,risk03_source_status,TEXT,0,,0
heritage_buildings_footprint_riskwide,75,risk03_model,TEXT,0,,0
heritage_buildings_footprint_riskwide,76,risk03_model_code,TEXT,0,,0
heritage_buildings_footprint_riskwide,77,risk03_model_status,TEXT,0,,0
heritage_buildings_footprint_riskwide,78,risk03_admin_type,TEXT,0,,0
heritage_buildings_footprint_riskwide,79,risk03_admin_code,TEXT,0,,0
heritage_buildings_footprint_riskwide,80,risk03_admin_status,TEXT,0,,0
heritage_buildings_footprint_riskwide,81,risk03_class,TEXT,0,,0
heritage_buildings_footprint_riskwide,82,risk03_rank,TEXT,0,,0
heritage_buildings_footprint_riskwide,83,risk03_rank_code,TEXT,0,,0
heritage_buildings_footprint_riskwide,84,risk03_rank_org,TEXT,0,,0
heritage_buildings_footprint_riskwide,85,risk03_rank_org_code,TEXT,0,,0
heritage_buildings_footprint_riskwide,86,risk03_depth_m,REAL,0,,0
heritage_buildings_footprint_riskwide,87,risk03_duration_h,REAL,0,,0
heritage_buildings_footprint_riskwide,88,risk03_area_type,TEXT,0,,0
heritage_buildings_footprint_riskwide,89,risk03_area_type_code,TEXT,0,,0
heritage_buildings_footprint_riskwide,90,risk03_source_key,TEXT,0,,0
heritage_buildings_footprint_riskwide,91,risk03_label,TEXT,0,,0
heritage_buildings_footprint_riskwide,92,risk04_type,TEXT,0,,0
heritage_buildings_footprint_riskwide,93,risk04_type_ja,TEXT,0,,0
heritage_buildings_footprint_riskwide,94,risk04_source,TEXT,0,,0
heritage_buildings_footprint_riskwide,95,risk04_source_code,TEXT,0,,0
heritage_buildings_footprint_riskwide,96,risk04_source_status,TEXT,0,,0
heritage_buildings_footprint_riskwide,97,risk04_model,TEXT,0,,0
heritage_buildings_footprint_riskwide,98,risk04_model_code,TEXT,0,,0
heritage_buildings_footprint_riskwide,99,risk04_model_status,TEXT,0,,0
heritage_buildings_footprint_riskwide,100,risk04_admin_type,TEXT,0,,0
heritage_buildings_footprint_riskwide,101,risk04_admin_code,TEXT,0,,0
heritage_buildings_footprint_riskwide,102,risk04_admin_status,TEXT,0,,0
heritage_buildings_footprint_riskwide,103,risk04_class,TEXT,0,,0
heritage_buildings_footprint_riskwide,104,risk04_rank,TEXT,0,,0
heritage_buildings_footprint_riskwide,105,risk04_rank_code,TEXT,0,,0
heritage_buildings_footprint_riskwide,106,risk04_rank_org,TEXT,0,,0
heritage_buildings_footprint_riskwide,107,risk04_rank_org_code,TEXT,0,,0
heritage_buildings_footprint_riskwide,108,risk04_depth_m,REAL,0,,0
heritage_buildings_footprint_riskwide,109,risk04_duration_h,REAL,0,,0
heritage_buildings_footprint_riskwide,110,risk04_area_type,TEXT,0,,0
heritage_buildings_footprint_riskwide,111,risk04_area_type_code,TEXT,0,,0
heritage_buildings_footprint_riskwide,112,risk04_source_key,TEXT,0,,0
heritage_buildings_footprint_riskwide,113,risk04_label,TEXT,0,,0
heritage_buildings_footprint_riskwide,114,risk05_type,TEXT,0,,0
heritage_buildings_footprint_riskwide,115,risk05_type_ja,TEXT,0,,0
heritage_buildings_footprint_riskwide,116,risk05_source,TEXT,0,,0
heritage_buildings_footprint_riskwide,117,risk05_source_code,TEXT,0,,0
heritage_buildings_footprint_riskwide,118,risk05_source_status,TEXT,0,,0
heritage_buildings_footprint_riskwide,119,risk05_model,TEXT,0,,0
heritage_buildings_footprint_riskwide,120,risk05_model_code,TEXT,0,,0
heritage_buildings_footprint_riskwide,121,risk05_model_status,TEXT,0,,0
heritage_buildings_footprint_riskwide,122,risk05_admin_type,TEXT,0,,0
heritage_buildings_footprint_riskwide,123,risk05_admin_code,TEXT,0,,0
heritage_buildings_footprint_riskwide,124,risk05_admin_status,TEXT,0,,0
heritage_buildings_footprint_riskwide,125,risk05_class,TEXT,0,,0
heritage_buildings_footprint_riskwide,126,risk05_rank,TEXT,0,,0
heritage_buildings_footprint_riskwide,127,risk05_rank_code,TEXT,0,,0
heritage_buildings_footprint_riskwide,128,risk05_rank_org,TEXT,0,,0
heritage_buildings_footprint_riskwide,129,risk05_rank_org_code,TEXT,0,,0
heritage_buildings_footprint_riskwide,130,risk05_depth_m,REAL,0,,0
heritage_buildings_footprint_riskwide,131,risk05_duration_h,REAL,0,,0
heritage_buildings_footprint_riskwide,132,risk05_area_type,TEXT,0,,0
heritage_buildings_footprint_riskwide,133,risk05_area_type_code,TEXT,0,,0
heritage_buildings_footprint_riskwide,134,risk05_source_key,TEXT,0,,0
heritage_buildings_footprint_riskwide,135,risk05_label,TEXT,0,,0
heritage_buildings_footprint_riskwide,136,risk06_type,TEXT,0,,0
heritage_buildings_footprint_riskwide,137,risk06_type_ja,TEXT,0,,0
heritage_buildings_footprint_riskwide,138,risk06_source,TEXT,0,,0
heritage_buildings_footprint_riskwide,139,risk06_source_code,TEXT,0,,0
heritage_buildings_footprint_riskwide,140,risk06_source_status,TEXT,0,,0
heritage_buildings_footprint_riskwide,141,risk06_model,TEXT,0,,0
heritage_buildings_footprint_riskwide,142,risk06_model_code,TEXT,0,,0
heritage_buildings_footprint_riskwide,143,risk06_model_status,TEXT,0,,0
heritage_buildings_footprint_riskwide,144,risk06_admin_type,TEXT,0,,0
heritage_buildings_footprint_riskwide,145,risk06_admin_code,TEXT,0,,0
heritage_buildings_footprint_riskwide,146,risk06_admin_status,TEXT,0,,0
heritage_buildings_footprint_riskwide,147,risk06_class,TEXT,0,,0
heritage_buildings_footprint_riskwide,148,risk06_rank,TEXT,0,,0
heritage_buildings_footprint_riskwide,149,risk06_rank_code,TEXT,0,,0
heritage_buildings_footprint_riskwide,150,risk06_rank_org,TEXT,0,,0
heritage_buildings_footprint_riskwide,151,risk06_rank_org_code,TEXT,0,,0
heritage_buildings_footprint_riskwide,152,risk06_depth_m,REAL,0,,0
heritage_buildings_footprint_riskwide,153,risk06_duration_h,REAL,0,,0
heritage_buildings_footprint_riskwide,154,risk06_area_type,TEXT,0,,0
heritage_buildings_footprint_riskwide,155,risk06_area_type_code,TEXT,0,,0
heritage_buildings_footprint_riskwide,156,risk06_source_key,TEXT,0,,0
heritage_buildings_footprint_riskwide,157,risk06_label,TEXT,0,,0
heritage_buildings_footprint_riskwide,158,risk07_type,TEXT,0,,0
heritage_buildings_footprint_riskwide,159,risk07_type_ja,TEXT,0,,0
heritage_buildings_footprint_riskwide,160,risk07_source,TEXT,0,,0
heritage_buildings_footprint_riskwide,161,risk07_source_code,TEXT,0,,0
heritage_buildings_footprint_riskwide,162,risk07_source_status,TEXT,0,,0
heritage_buildings_footprint_riskwide,163,risk07_model,TEXT,0,,0
heritage_buildings_footprint_riskwide,164,risk07_model_code,TEXT,0,,0
heritage_buildings_footprint_riskwide,165,risk07_model_status,TEXT,0,,0
heritage_buildings_footprint_riskwide,166,risk07_admin_type,TEXT,0,,0
heritage_buildings_footprint_riskwide,167,risk07_admin_code,TEXT,0,,0
heritage_buildings_footprint_riskwide,168,risk07_admin_status,TEXT,0,,0
heritage_buildings_footprint_riskwide,169,risk07_class,TEXT,0,,0
heritage_buildings_footprint_riskwide,170,risk07_rank,TEXT,0,,0
heritage_buildings_footprint_riskwide,171,risk07_rank_code,TEXT,0,,0
heritage_buildings_footprint_riskwide,172,risk07_rank_org,TEXT,0,,0
heritage_buildings_footprint_riskwide,173,risk07_rank_org_code,TEXT,0,,0
heritage_buildings_footprint_riskwide,174,risk07_depth_m,REAL,0,,0
heritage_buildings_footprint_riskwide,175,risk07_duration_h,REAL,0,,0
heritage_buildings_footprint_riskwide,176,risk07_area_type,TEXT,0,,0
heritage_buildings_footprint_riskwide,177,risk07_area_type_code,TEXT,0,,0
heritage_buildings_footprint_riskwide,178,risk07_source_key,TEXT,0,,0
heritage_buildings_footprint_riskwide,179,risk07_label,TEXT,0,,0
heritage_buildings_footprint_riskwide,180,risk08_type,TEXT,0,,0
heritage_buildings_footprint_riskwide,181,risk08_type_ja,TEXT,0,,0
heritage_buildings_footprint_riskwide,182,risk08_source,TEXT,0,,0
heritage_buildings_footprint_riskwide,183,risk08_source_code,TEXT,0,,0
heritage_buildings_footprint_riskwide,184,risk08_source_status,TEXT,0,,0
heritage_buildings_footprint_riskwide,185,risk08_model,TEXT,0,,0
heritage_buildings_footprint_riskwide,186,risk08_model_code,TEXT,0,,0
heritage_buildings_footprint_riskwide,187,risk08_model_status,TEXT,0,,0
heritage_buildings_footprint_riskwide,188,risk08_admin_type,TEXT,0,,0
heritage_buildings_footprint_riskwide,189,risk08_admin_code,TEXT,0,,0
heritage_buildings_footprint_riskwide,190,risk08_admin_status,TEXT,0,,0
heritage_buildings_footprint_riskwide,191,risk08_class,TEXT,0,,0
heritage_buildings_footprint_riskwide,192,risk08_rank,TEXT,0,,0
heritage_buildings_footprint_riskwide,193,risk08_rank_code,TEXT,0,,0
heritage_buildings_footprint_riskwide,194,risk08_rank_org,TEXT,0,,0
heritage_buildings_footprint_riskwide,195,risk08_rank_org_code,TEXT,0,,0
heritage_buildings_footprint_riskwide,196,risk08_depth_m,REAL,0,,0
heritage_buildings_footprint_riskwide,197,risk08_duration_h,REAL,0,,0
heritage_buildings_footprint_riskwide,198,risk08_area_type,TEXT,0,,0
heritage_buildings_footprint_riskwide,199,risk08_area_type_code,TEXT,0,,0
heritage_buildings_footprint_riskwide,200,risk08_source_key,TEXT,0,,0
heritage_buildings_footprint_riskwide,201,risk08_label,TEXT,0,,0
heritage_buildings_point,0,fid,INTEGER,1,,1
heritage_buildings_point,1,geom,POINT,0,,0
heritage_buildings_point,2,municipality_code,TEXT,0,,0
heritage_buildings_point,3,municipality_name,TEXT,0,,0
heritage_buildings_point,4,gml_id,TEXT,0,,0
heritage_buildings_point,5,building_id,TEXT,0,,0
heritage_buildings_point,6,city_code,TEXT,0,,0
heritage_buildings_point,7,file_code,TEXT,0,,0
heritage_buildings_point,8,name,TEXT,0,,0
heritage_buildings_point,9,address,TEXT,0,,0
heritage_buildings_point,10,usage,TEXT,0,,0
heritage_buildings_point,11,detailed_usage,TEXT,0,,0
heritage_buildings_point,12,complex_ids,TEXT,0,,0
heritage_buildings_point,13,complex_names,TEXT,0,,0
heritage_buildings_point,14,record_ids,TEXT,0,,0
heritage_buildings_point,15,record_names,TEXT,0,,0
heritage_buildings_point,16,record_types,TEXT,0,,0
heritage_buildings_point,17,entity_classes,TEXT,0,,0
heritage_buildings_point,18,designation_levels,TEXT,0,,0
heritage_buildings_point,19,designation_statuses,TEXT,0,,0
heritage_buildings_point,20,heritage_type_majors,TEXT,0,,0
heritage_buildings_point,21,heritage_type_details,TEXT,0,,0
heritage_buildings_point,22,match_methods,TEXT,0,,0
heritage_buildings_point,23,source_gml,TEXT,0,,0
heritage_buildings_point,24,source_municipality_gpkg,TEXT,0,,0
heritage_buildings_point,25,disaster_risk_count,INTEGER,0,,0
heritage_buildings_point,26,risk01_type,TEXT,0,,0
heritage_buildings_point,27,risk01_type_ja,TEXT,0,,0
heritage_buildings_point,28,risk01_source,TEXT,0,,0
heritage_buildings_point,29,risk01_source_code,TEXT,0,,0
heritage_buildings_point,30,risk01_source_status,TEXT,0,,0
heritage_buildings_point,31,risk01_model,TEXT,0,,0
heritage_buildings_point,32,risk01_model_code,TEXT,0,,0
heritage_buildings_point,33,risk01_model_status,TEXT,0,,0
heritage_buildings_point,34,risk01_admin_type,TEXT,0,,0
heritage_buildings_point,35,risk01_admin_code,TEXT,0,,0
heritage_buildings_point,36,risk01_admin_status,TEXT,0,,0
heritage_buildings_point,37,risk01_class,TEXT,0,,0
heritage_buildings_point,38,risk01_rank,TEXT,0,,0
heritage_buildings_point,39,risk01_rank_code,TEXT,0,,0
heritage_buildings_point,40,risk01_rank_org,TEXT,0,,0
heritage_buildings_point,41,risk01_rank_org_code,TEXT,0,,0
heritage_buildings_point,42,risk01_depth_m,REAL,0,,0
heritage_buildings_point,43,risk01_duration_h,REAL,0,,0
heritage_buildings_point,44,risk01_area_type,TEXT,0,,0
heritage_buildings_point,45,risk01_area_type_code,TEXT,0,,0
heritage_buildings_point,46,risk01_source_key,TEXT,0,,0
heritage_buildings_point,47,risk01_label,TEXT,0,,0
heritage_buildings_point,48,risk02_type,TEXT,0,,0
heritage_buildings_point,49,risk02_type_ja,TEXT,0,,0
heritage_buildings_point,50,risk02_source,TEXT,0,,0
heritage_buildings_point,51,risk02_source_code,TEXT,0,,0
heritage_buildings_point,52,risk02_source_status,TEXT,0,,0
heritage_buildings_point,53,risk02_model,TEXT,0,,0
heritage_buildings_point,54,risk02_model_code,TEXT,0,,0
heritage_buildings_point,55,risk02_model_status,TEXT,0,,0
heritage_buildings_point,56,risk02_admin_type,TEXT,0,,0
heritage_buildings_point,57,risk02_admin_code,TEXT,0,,0
heritage_buildings_point,58,risk02_admin_status,TEXT,0,,0
heritage_buildings_point,59,risk02_class,TEXT,0,,0
heritage_buildings_point,60,risk02_rank,TEXT,0,,0
heritage_buildings_point,61,risk02_rank_code,TEXT,0,,0
heritage_buildings_point,62,risk02_rank_org,TEXT,0,,0
heritage_buildings_point,63,risk02_rank_org_code,TEXT,0,,0
heritage_buildings_point,64,risk02_depth_m,REAL,0,,0
heritage_buildings_point,65,risk02_duration_h,REAL,0,,0
heritage_buildings_point,66,risk02_area_type,TEXT,0,,0
heritage_buildings_point,67,risk02_area_type_code,TEXT,0,,0
heritage_buildings_point,68,risk02_source_key,TEXT,0,,0
heritage_buildings_point,69,risk02_label,TEXT,0,,0
heritage_buildings_point,70,risk03_type,TEXT,0,,0
heritage_buildings_point,71,risk03_type_ja,TEXT,0,,0
heritage_buildings_point,72,risk03_source,TEXT,0,,0
heritage_buildings_point,73,risk03_source_code,TEXT,0,,0
heritage_buildings_point,74,risk03_source_status,TEXT,0,,0
heritage_buildings_point,75,risk03_model,TEXT,0,,0
heritage_buildings_point,76,risk03_model_code,TEXT,0,,0
heritage_buildings_point,77,risk03_model_status,TEXT,0,,0
heritage_buildings_point,78,risk03_admin_type,TEXT,0,,0
heritage_buildings_point,79,risk03_admin_code,TEXT,0,,0
heritage_buildings_point,80,risk03_admin_status,TEXT,0,,0
heritage_buildings_point,81,risk03_class,TEXT,0,,0
heritage_buildings_point,82,risk03_rank,TEXT,0,,0
heritage_buildings_point,83,risk03_rank_code,TEXT,0,,0
heritage_buildings_point,84,risk03_rank_org,TEXT,0,,0
heritage_buildings_point,85,risk03_rank_org_code,TEXT,0,,0
heritage_buildings_point,86,risk03_depth_m,REAL,0,,0
heritage_buildings_point,87,risk03_duration_h,REAL,0,,0
heritage_buildings_point,88,risk03_area_type,TEXT,0,,0
heritage_buildings_point,89,risk03_area_type_code,TEXT,0,,0
heritage_buildings_point,90,risk03_source_key,TEXT,0,,0
heritage_buildings_point,91,risk03_label,TEXT,0,,0
heritage_buildings_point,92,risk04_type,TEXT,0,,0
heritage_buildings_point,93,risk04_type_ja,TEXT,0,,0
heritage_buildings_point,94,risk04_source,TEXT,0,,0
heritage_buildings_point,95,risk04_source_code,TEXT,0,,0
heritage_buildings_point,96,risk04_source_status,TEXT,0,,0
heritage_buildings_point,97,risk04_model,TEXT,0,,0
heritage_buildings_point,98,risk04_model_code,TEXT,0,,0
heritage_buildings_point,99,risk04_model_status,TEXT,0,,0
heritage_buildings_point,100,risk04_admin_type,TEXT,0,,0
heritage_buildings_point,101,risk04_admin_code,TEXT,0,,0
heritage_buildings_point,102,risk04_admin_status,TEXT,0,,0
heritage_buildings_point,103,risk04_class,TEXT,0,,0
heritage_buildings_point,104,risk04_rank,TEXT,0,,0
heritage_buildings_point,105,risk04_rank_code,TEXT,0,,0
heritage_buildings_point,106,risk04_rank_org,TEXT,0,,0
heritage_buildings_point,107,risk04_rank_org_code,TEXT,0,,0
heritage_buildings_point,108,risk04_depth_m,REAL,0,,0
heritage_buildings_point,109,risk04_duration_h,REAL,0,,0
heritage_buildings_point,110,risk04_area_type,TEXT,0,,0
heritage_buildings_point,111,risk04_area_type_code,TEXT,0,,0
heritage_buildings_point,112,risk04_source_key,TEXT,0,,0
heritage_buildings_point,113,risk04_label,TEXT,0,,0
heritage_buildings_point,114,risk05_type,TEXT,0,,0
heritage_buildings_point,115,risk05_type_ja,TEXT,0,,0
heritage_buildings_point,116,risk05_source,TEXT,0,,0
heritage_buildings_point,117,risk05_source_code,TEXT,0,,0
heritage_buildings_point,118,risk05_source_status,TEXT,0,,0
heritage_buildings_point,119,risk05_model,TEXT,0,,0
heritage_buildings_point,120,risk05_model_code,TEXT,0,,0
heritage_buildings_point,121,risk05_model_status,TEXT,0,,0
heritage_buildings_point,122,risk05_admin_type,TEXT,0,,0
heritage_buildings_point,123,risk05_admin_code,TEXT,0,,0
heritage_buildings_point,124,risk05_admin_status,TEXT,0,,0
heritage_buildings_point,125,risk05_class,TEXT,0,,0
heritage_buildings_point,126,risk05_rank,TEXT,0,,0
heritage_buildings_point,127,risk05_rank_code,TEXT,0,,0
heritage_buildings_point,128,risk05_rank_org,TEXT,0,,0
heritage_buildings_point,129,risk05_rank_org_code,TEXT,0,,0
heritage_buildings_point,130,risk05_depth_m,REAL,0,,0
heritage_buildings_point,131,risk05_duration_h,REAL,0,,0
heritage_buildings_point,132,risk05_area_type,TEXT,0,,0
heritage_buildings_point,133,risk05_area_type_code,TEXT,0,,0
heritage_buildings_point,134,risk05_source_key,TEXT,0,,0
heritage_buildings_point,135,risk05_label,TEXT,0,,0
heritage_buildings_point,136,risk06_type,TEXT,0,,0
heritage_buildings_point,137,risk06_type_ja,TEXT,0,,0
heritage_buildings_point,138,risk06_source,TEXT,0,,0
heritage_buildings_point,139,risk06_source_code,TEXT,0,,0
heritage_buildings_point,140,risk06_source_status,TEXT,0,,0
heritage_buildings_point,141,risk06_model,TEXT,0,,0
heritage_buildings_point,142,risk06_model_code,TEXT,0,,0
heritage_buildings_point,143,risk06_model_status,TEXT,0,,0
heritage_buildings_point,144,risk06_admin_type,TEXT,0,,0
heritage_buildings_point,145,risk06_admin_code,TEXT,0,,0
heritage_buildings_point,146,risk06_admin_status,TEXT,0,,0
heritage_buildings_point,147,risk06_class,TEXT,0,,0
heritage_buildings_point,148,risk06_rank,TEXT,0,,0
heritage_buildings_point,149,risk06_rank_code,TEXT,0,,0
heritage_buildings_point,150,risk06_rank_org,TEXT,0,,0
heritage_buildings_point,151,risk06_rank_org_code,TEXT,0,,0
heritage_buildings_point,152,risk06_depth_m,REAL,0,,0
heritage_buildings_point,153,risk06_duration_h,REAL,0,,0
heritage_buildings_point,154,risk06_area_type,TEXT,0,,0
heritage_buildings_point,155,risk06_area_type_code,TEXT,0,,0
heritage_buildings_point,156,risk06_source_key,TEXT,0,,0
heritage_buildings_point,157,risk06_label,TEXT,0,,0
heritage_buildings_point,158,risk07_type,TEXT,0,,0
heritage_buildings_point,159,risk07_type_ja,TEXT,0,,0
heritage_buildings_point,160,risk07_source,TEXT,0,,0
heritage_buildings_point,161,risk07_source_code,TEXT,0,,0
heritage_buildings_point,162,risk07_source_status,TEXT,0,,0
heritage_buildings_point,163,risk07_model,TEXT,0,,0
heritage_buildings_point,164,risk07_model_code,TEXT,0,,0
heritage_buildings_point,165,risk07_model_status,TEXT,0,,0
heritage_buildings_point,166,risk07_admin_type,TEXT,0,,0
heritage_buildings_point,167,risk07_admin_code,TEXT,0,,0
heritage_buildings_point,168,risk07_admin_status,TEXT,0,,0
heritage_buildings_point,169,risk07_class,TEXT,0,,0
heritage_buildings_point,170,risk07_rank,TEXT,0,,0
heritage_buildings_point,171,risk07_rank_code,TEXT,0,,0
heritage_buildings_point,172,risk07_rank_org,TEXT,0,,0
heritage_buildings_point,173,risk07_rank_org_code,TEXT,0,,0
heritage_buildings_point,174,risk07_depth_m,REAL,0,,0
heritage_buildings_point,175,risk07_duration_h,REAL,0,,0
heritage_buildings_point,176,risk07_area_type,TEXT,0,,0
heritage_buildings_point,177,risk07_area_type_code,TEXT,0,,0
heritage_buildings_point,178,risk07_source_key,TEXT,0,,0
heritage_buildings_point,179,risk07_label,TEXT,0,,0
heritage_buildings_point,180,risk08_type,TEXT,0,,0
heritage_buildings_point,181,risk08_type_ja,TEXT,0,,0
heritage_buildings_point,182,risk08_source,TEXT,0,,0
heritage_buildings_point,183,risk08_source_code,TEXT,0,,0
heritage_buildings_point,184,risk08_source_status,TEXT,0,,0
heritage_buildings_point,185,risk08_model,TEXT,0,,0
heritage_buildings_point,186,risk08_model_code,TEXT,0,,0
heritage_buildings_point,187,risk08_model_status,TEXT,0,,0
heritage_buildings_point,188,risk08_admin_type,TEXT,0,,0
heritage_buildings_point,189,risk08_admin_code,TEXT,0,,0
heritage_buildings_point,190,risk08_admin_status,TEXT,0,,0
heritage_buildings_point,191,risk08_class,TEXT,0,,0
heritage_buildings_point,192,risk08_rank,TEXT,0,,0
heritage_buildings_point,193,risk08_rank_code,TEXT,0,,0
heritage_buildings_point,194,risk08_rank_org,TEXT,0,,0
heritage_buildings_point,195,risk08_rank_org_code,TEXT,0,,0
heritage_buildings_point,196,risk08_depth_m,REAL,0,,0
heritage_buildings_point,197,risk08_duration_h,REAL,0,,0
heritage_buildings_point,198,risk08_area_type,TEXT,0,,0
heritage_buildings_point,199,risk08_area_type_code,TEXT,0,,0
heritage_buildings_point,200,risk08_source_key,TEXT,0,,0
heritage_buildings_point,201,risk08_label,TEXT,0,,0
heritage_buildings_point,202,point_method,TEXT,0,,0
heritage_buildings_point,203,point_source_layer,TEXT,0,,0
heritage_complex_members,0,municipality_code,TEXT,0,,0
heritage_complex_members,1,municipality_name,TEXT,0,,0
heritage_complex_members,2,complex_id,TEXT,0,,0
heritage_complex_members,3,complex_name,TEXT,0,,0
heritage_complex_members,4,grouping_method,TEXT,0,,0
heritage_complex_members,5,building_gml_id,TEXT,0,,0
heritage_complex_members,6,building_id,TEXT,0,,0
heritage_complex_members,7,building_name,TEXT,0,,0
heritage_complex_members,8,building_address,TEXT,0,,0
heritage_complex_members,9,usage,TEXT,0,,0
heritage_complex_members,10,detailed_usage,TEXT,0,,0
heritage_complex_members,11,record_ids,TEXT,0,,0
heritage_complex_members,12,record_names,TEXT,0,,0
heritage_complex_members,13,record_types,TEXT,0,,0
heritage_complex_members,14,entity_classes,TEXT,0,,0
heritage_complex_members,15,designation_levels,TEXT,0,,0
heritage_complex_members,16,designation_statuses,TEXT,0,,0
heritage_complex_members,17,heritage_type_majors,TEXT,0,,0
heritage_complex_members,18,heritage_type_details,TEXT,0,,0
heritage_complex_members,19,match_methods,TEXT,0,,0
heritage_complex_members,20,source_gml,TEXT,0,,0
heritage_complex_members,21,source_municipality_gpkg,TEXT,0,,0
heritage_complex_records,0,municipality_code,TEXT,0,,0
heritage_complex_records,1,municipality_name,TEXT,0,,0
heritage_complex_records,2,complex_id,TEXT,0,,0
heritage_complex_records,3,complex_name,TEXT,0,,0
heritage_complex_records,4,grouping_method,TEXT,0,,0
heritage_complex_records,5,record_id,TEXT,0,,0
heritage_complex_records,6,name,TEXT,0,,0
heritage_complex_records,7,place_name,TEXT,0,,0
heritage_complex_records,8,address_detail,TEXT,0,,0
heritage_complex_records,9,type,TEXT,0,,0
heritage_complex_records,10,designation_level_code,TEXT,0,,0
heritage_complex_records,11,designation_status_code,TEXT,0,,0
heritage_complex_records,12,heritage_type_major_code,TEXT,0,,0
heritage_complex_records,13,heritage_type_detail,TEXT,0,,0
heritage_complex_records,14,classification_confidence,TEXT,0,,0
heritage_complex_records,15,entity_class,TEXT,0,,0
heritage_complex_records,16,source_location_role,TEXT,0,,0
heritage_complex_records,17,association_status,TEXT,0,,0
heritage_complex_records,18,matched_building_ids,TEXT,0,,0
heritage_complex_records,19,match_methods,TEXT,0,,0
heritage_complex_records,20,source_municipality_gpkg,TEXT,0,,0
heritage_complex_summary,0,municipality_code,TEXT,0,,0
heritage_complex_summary,1,municipality_name,TEXT,0,,0
heritage_complex_summary,2,complex_id,TEXT,0,,0
heritage_complex_summary,3,complex_name,TEXT,0,,0
heritage_complex_summary,4,grouping_method,TEXT,0,,0
heritage_complex_summary,5,record_count,INTEGER,0,,0
heritage_complex_summary,6,movable_record_count,INTEGER,0,,0
heritage_complex_summary,7,directly_matched_record_count,INTEGER,0,,0
heritage_complex_summary,8,complex_only_record_count,INTEGER,0,,0
heritage_complex_summary,9,shared_coordinate_record_count,INTEGER,0,,0
heritage_complex_summary,10,matched_building_count,INTEGER,0,,0
heritage_complex_summary,11,building_gml_ids,TEXT,0,,0
heritage_complex_summary,12,designation_levels,TEXT,0,,0
heritage_complex_summary,13,designation_statuses,TEXT,0,,0
heritage_complex_summary,14,heritage_type_majors,TEXT,0,,0
heritage_complex_summary,15,heritage_type_details,TEXT,0,,0
heritage_complex_summary,16,point_output_count,INTEGER,0,,0
heritage_complex_summary,17,status,TEXT,0,,0
heritage_complex_summary,18,source_municipality_gpkg,TEXT,0,,0
heritage_disaster_metadata,0,generated_at,TEXT,0,,0
heritage_disaster_metadata,1,source_gpkg,TEXT,0,,0
heritage_disaster_metadata,2,output_gpkg,TEXT,0,,0
heritage_disaster_metadata,3,codelist_roots,TEXT,0,,0
heritage_disaster_metadata,4,uniqueness_assumption,TEXT,0,,0
heritage_disaster_metadata,5,collision_policy,TEXT,0,,0
heritage_disaster_metadata,6,codelist_xml_scanned,INTEGER,0,,0
heritage_disaster_metadata,7,relevant_codelist_xml,INTEGER,0,,0
heritage_disaster_metadata,8,semantic_mapping_count,INTEGER,0,,0
heritage_disaster_metadata,9,building_features_original,INTEGER,0,,0
heritage_disaster_metadata,10,building_features_riskwide,INTEGER,0,,0
heritage_disaster_metadata,11,risk_rows,INTEGER,0,,0
heritage_disaster_metadata,12,unresolved_risk_rows,INTEGER,0,,0
heritage_disaster_metadata,13,max_slots_configured,INTEGER,0,,0
heritage_disaster_metadata,14,max_slots_observed,INTEGER,0,,0
heritage_disaster_metadata,15,feature_count_invariant,INTEGER,0,,0
heritage_disaster_metadata,16,risk_count_invariant,INTEGER,0,,0
heritage_disaster_risk,0,municipality_code,TEXT,0,,0
heritage_disaster_risk,1,municipality_name,TEXT,0,,0
heritage_disaster_risk,2,building_gml_id,TEXT,0,,0
heritage_disaster_risk,3,building_id,TEXT,0,,0
heritage_disaster_risk,4,city_code,TEXT,0,,0
heritage_disaster_risk,5,file_code,TEXT,0,,0
heritage_disaster_risk,6,risk_index,INTEGER,0,,0
heritage_disaster_risk,7,risk_type,TEXT,0,,0
heritage_disaster_risk,8,risk_attribute_type,TEXT,0,,0
heritage_disaster_risk,9,risk_type_ja,TEXT,0,,0
heritage_disaster_risk,10,description_code,TEXT,0,,0
heritage_disaster_risk,11,description_label,TEXT,0,,0
heritage_disaster_risk,12,description_codespace,TEXT,0,,0
heritage_disaster_risk,13,rank_code,TEXT,0,,0
heritage_disaster_risk,14,rank_label,TEXT,0,,0
heritage_disaster_risk,15,rank_codespace,TEXT,0,,0
heritage_disaster_risk,16,rank_org_code,TEXT,0,,0
heritage_disaster_risk,17,rank_org_label,TEXT,0,,0
heritage_disaster_risk,18,rank_org_codespace,TEXT,0,,0
heritage_disaster_risk,19,depth_value,REAL,0,,0
heritage_disaster_risk,20,depth_uom,TEXT,0,,0
heritage_disaster_risk,21,depth_m,REAL,0,,0
heritage_disaster_risk,22,admin_type_code,TEXT,0,,0
heritage_disaster_risk,23,admin_type_label,TEXT,0,,0
heritage_disaster_risk,24,admin_type_codespace,TEXT,0,,0
heritage_disaster_risk,25,scale_code,TEXT,0,,0
heritage_disaster_risk,26,scale_label,TEXT,0,,0
heritage_disaster_risk,27,scale_codespace,TEXT,0,,0
heritage_disaster_risk,28,duration_value,REAL,0,,0
heritage_disaster_risk,29,duration_uom,TEXT,0,,0
heritage_disaster_risk,30,duration_h,REAL,0,,0
heritage_disaster_risk,31,area_type_code,TEXT,0,,0
heritage_disaster_risk,32,area_type_label,TEXT,0,,0
heritage_disaster_risk,33,area_type_codespace,TEXT,0,,0
heritage_disaster_risk,34,source_gml,TEXT,0,,0
heritage_disaster_risk,35,source_municipality_gpkg,TEXT,0,,0
heritage_disaster_risk,36,municipality_code_building,TEXT,0,,0
heritage_disaster_risk,37,municipality_name_building,TEXT,0,,0
heritage_disaster_risk,38,building_id_building,TEXT,0,,0
heritage_disaster_risk,39,name,TEXT,0,,0
heritage_disaster_risk,40,address,TEXT,0,,0
heritage_disaster_risk,41,record_ids,TEXT,0,,0
heritage_disaster_risk,42,record_names,TEXT,0,,0
heritage_disaster_risk,43,record_types,TEXT,0,,0
heritage_disaster_risk,44,entity_classes,TEXT,0,,0
heritage_disaster_risk,45,designation_levels,TEXT,0,,0
heritage_disaster_risk,46,designation_statuses,TEXT,0,,0
heritage_disaster_risk,47,heritage_type_majors,TEXT,0,,0
heritage_disaster_risk,48,heritage_type_details,TEXT,0,,0
heritage_disaster_risk,49,description_label_hr,TEXT,0,,0
heritage_disaster_risk,50,description_resolution_status,TEXT,0,,0
heritage_disaster_risk,51,description_resolution_sources,TEXT,0,,0
heritage_disaster_risk,52,scale_label_hr,TEXT,0,,0
heritage_disaster_risk,53,scale_resolution_status,TEXT,0,,0
heritage_disaster_risk,54,scale_resolution_sources,TEXT,0,,0
heritage_disaster_risk,55,admin_type_label_hr,TEXT,0,,0
heritage_disaster_risk,56,admin_type_resolution_status,TEXT,0,,0
heritage_disaster_risk,57,admin_type_resolution_sources,TEXT,0,,0
heritage_disaster_risk,58,rank_label_hr,TEXT,0,,0
heritage_disaster_risk,59,rank_resolution_status,TEXT,0,,0
heritage_disaster_risk,60,rank_resolution_sources,TEXT,0,,0
heritage_disaster_risk,61,rank_org_label_hr,TEXT,0,,0
heritage_disaster_risk,62,rank_org_resolution_status,TEXT,0,,0
heritage_disaster_risk,63,rank_org_resolution_sources,TEXT,0,,0
heritage_disaster_risk,64,area_type_label_hr,TEXT,0,,0
heritage_disaster_risk,65,area_type_resolution_status,TEXT,0,,0
heritage_disaster_risk,66,area_type_resolution_sources,TEXT,0,,0
heritage_disaster_risk,67,hazard_source,TEXT,0,,0
heritage_disaster_risk,68,hazard_model,TEXT,0,,0
heritage_disaster_risk,69,hazard_admin_type,TEXT,0,,0
heritage_disaster_risk,70,risk_class,TEXT,0,,0
heritage_disaster_risk,71,hazard_source_key,TEXT,0,,0
heritage_disaster_risk,72,risk_label,TEXT,0,,0
heritage_disaster_risk,73,risk_slot,INTEGER,0,,0
heritage_disaster_unresolved_codes,0,building_gml_id,TEXT,0,,0
heritage_disaster_unresolved_codes,1,risk_type,TEXT,0,,0
heritage_disaster_unresolved_codes,2,code,TEXT,0,,0
heritage_disaster_unresolved_codes,3,status,TEXT,0,,0
heritage_points,0,fid,INTEGER,1,,1
heritage_points,1,geom,POINT,0,,0
heritage_points,2,municipality_code,TEXT,0,,0
heritage_points,3,municipality_name,TEXT,0,,0
heritage_points,4,point_id,TEXT,0,,0
heritage_points,5,point_kind,TEXT,0,,0
heritage_points,6,record_id,TEXT,0,,0
heritage_points,7,record_ids,TEXT,0,,0
heritage_points,8,name,TEXT,0,,0
heritage_points,9,names,TEXT,0,,0
heritage_points,10,place_name,TEXT,0,,0
heritage_points,11,address_detail,TEXT,0,,0
heritage_points,12,address,TEXT,0,,0
heritage_points,13,category,TEXT,0,,0
heritage_points,14,type,TEXT,0,,0
heritage_points,15,designation_level_code,TEXT,0,,0
heritage_points,16,designation_level_ja,TEXT,0,,0
heritage_points,17,designation_status_code,TEXT,0,,0
heritage_points,18,designation_status_ja,TEXT,0,,0
heritage_points,19,heritage_type_major_code,TEXT,0,,0
heritage_points,20,heritage_type_major_ja,TEXT,0,,0
heritage_points,21,heritage_type_detail,TEXT,0,,0
heritage_points,22,classification_confidence,TEXT,0,,0
heritage_points,23,entity_class,TEXT,0,,0
heritage_points,24,geometry_role,TEXT,0,,0
heritage_points,25,source_location_role,TEXT,0,,0
heritage_points,26,spatial_match_status,TEXT,0,,0
heritage_points,27,complex_id,TEXT,0,,0
heritage_points,28,complex_name,TEXT,0,,0
heritage_points,29,complex_grouping_method,TEXT,0,,0
heritage_points,30,reason,TEXT,0,,0
heritage_points,31,item_count,INTEGER,0,,0
heritage_points,32,attached_items_json,TEXT,0,,0
heritage_points,33,source_municipality_gpkg,TEXT,0,,0
heritage_records,0,fid,INTEGER,1,,1
heritage_records,1,geom,POINT,0,,0
heritage_records,2,source_file,TEXT,0,,0
heritage_records,3,municipality_name,TEXT,0,,0
heritage_records,4,record_id,TEXT,0,,0
heritage_records,5,name,TEXT,0,,0
heritage_records,6,place_name,TEXT,0,,0
heritage_records,7,address_detail,TEXT,0,,0
heritage_records,8,owner,TEXT,0,,0
heritage_records,9,address,TEXT,0,,0
heritage_records,10,municipality,TEXT,0,,0
heritage_records,11,municipality_code,TEXT,0,,0
heritage_records,12,category,TEXT,0,,0
heritage_records,13,type,TEXT,0,,0
heritage_records,14,designation,TEXT,0,,0
heritage_records,15,designation_date,TEXT,0,,0
heritage_records,16,designation_level_code,TEXT,0,,0
heritage_records,17,designation_level_ja,TEXT,0,,0
heritage_records,18,designation_status_code,TEXT,0,,0
heritage_records,19,designation_status_ja,TEXT,0,,0
heritage_records,20,heritage_type_major_code,TEXT,0,,0
heritage_records,21,heritage_type_major_ja,TEXT,0,,0
heritage_records,22,heritage_type_detail,TEXT,0,,0
heritage_records,23,classification_confidence,TEXT,0,,0
heritage_records,24,entity_class,TEXT,0,,0
heritage_records,25,geometry_role,TEXT,0,,0
heritage_records,26,source_location_role,TEXT,0,,0
heritage_records,27,spatial_match_status,TEXT,0,,0
heritage_records,28,complex_id,TEXT,0,,0
heritage_records,29,complex_name,TEXT,0,,0
heritage_records,30,complex_grouping_method,TEXT,0,,0
heritage_records,31,complex_record_count,INTEGER,0,,0
heritage_records,32,matched_building_ids,TEXT,0,,0
heritage_records,33,match_methods,TEXT,0,,0
heritage_records,34,source_municipality_gpkg,TEXT,0,,0
heritage_unresolved_entities,0,municipality_code,TEXT,0,,0
heritage_unresolved_entities,1,municipality_name,TEXT,0,,0
heritage_unresolved_entities,2,entity_id,TEXT,0,,0
heritage_unresolved_entities,3,entity_kind,TEXT,0,,0
heritage_unresolved_entities,4,name,TEXT,0,,0
heritage_unresolved_entities,5,place_name,TEXT,0,,0
heritage_unresolved_entities,6,address_detail,TEXT,0,,0
heritage_unresolved_entities,7,type,TEXT,0,,0
heritage_unresolved_entities,8,designation_level_code,TEXT,0,,0
heritage_unresolved_entities,9,designation_status_code,TEXT,0,,0
heritage_unresolved_entities,10,heritage_type_major_code,TEXT,0,,0
heritage_unresolved_entities,11,heritage_type_detail,TEXT,0,,0
heritage_unresolved_entities,12,classification_confidence,TEXT,0,,0
heritage_unresolved_entities,13,entity_class,TEXT,0,,0
heritage_unresolved_entities,14,complex_id,TEXT,0,,0
heritage_unresolved_entities,15,complex_name,TEXT,0,,0
heritage_unresolved_entities,16,source_location_role,TEXT,0,,0
heritage_unresolved_entities,17,spatial_match_status,TEXT,0,,0
heritage_unresolved_entities,18,address,TEXT,0,,0
heritage_unresolved_entities,19,reason,TEXT,0,,0
heritage_unresolved_entities,20,source_municipality_gpkg,TEXT,0,,0
source_license,0,source_key,TEXT,0,,1
source_license,1,category,TEXT,1,,0
source_license,2,source_dataset_id,TEXT,0,,0
source_license,3,dataset_title,TEXT,1,,0
source_license,4,provider,TEXT,1,,0
source_license,5,layer_pattern,TEXT,0,,0
source_license,6,license,TEXT,1,,0
source_license,7,license_url,TEXT,0,,0
source_license,8,redistribution,TEXT,0,,0
source_license,9,commercial_use,TEXT,0,,0
source_license,10,modification,TEXT,0,,0
source_license,11,redistribution_status,TEXT,0,,0
source_license,12,attribution,TEXT,0,,0
source_license,13,usage_note,TEXT,0,,0
source_license,14,license_checked_at,TEXT,0,,0
