record_id,risk_type,scenario,risk_value,risk_class,hazard_source,risk_basis,municipality_code,municipality_name,designation_level,designation_status,heritage_type_major,heritage_type_detail_norm,entity_class,name,risk_type_ja,scenario_label,hazard_key
3,seismic,都心南部直下地震,5.803,6弱,,,13106,台東区,Tokyo Metropolitan,Designated,有形文化財,建造物,building_direct,浅草寺六角堂,想定震度,都心南部直下地震,想定震度｜都心南部直下地震
94,seismic,都心南部直下地震,5.878,6弱,,,13106,台東区,Tokyo Metropolitan,Designated,有形文化財,歴史資料,point,西仏板碑,想定震度,都心南部直下地震,想定震度｜都心南部直下地震
157,seismic,都心南部直下地震,5.803,6弱,,,13106,台東区,Tokyo Metropolitan,Designated,記念物,旧跡,point,戸田茂睡墓,想定震度,都心南部直下地震,想定震度｜都心南部直下地震
158,seismic,都心南部直下地震,5.803,6弱,,,13106,台東区,Tokyo Metropolitan,Designated,記念物,旧跡,point,六地蔵石燈籠,想定震度,都心南部直下地震,想定震度｜都心南部直下地震
159,seismic,都心南部直下地震,6.082,6強以上,,,13106,台東区,Tokyo Metropolitan,Designated,記念物,旧跡,point,玉川庄右衛門及び同清右衛門墓,想定震度,都心南部直下地震,想定震度｜都心南部直下地震
160,seismic,都心南部直下地震,5.801,6弱,,,13106,台東区,Tokyo Metropolitan,Designated,記念物,旧跡,point,大久保主水墓,想定震度,都心南部直下地震,想定震度｜都心南部直下地震
161,seismic,都心南部直下地震,5.971,6弱,,,13106,台東区,Tokyo Metropolitan,Designated,記念物,旧跡,point,谷文晁墓,想定震度,都心南部直下地震,想定震度｜都心南部直下地震
162,seismic,都心南部直下地震,5.971,6弱,,,13106,台東区,Tokyo Metropolitan,Designated,記念物,旧跡,point,幡随院長兵衛墓,想定震度,都心南部直下地震,想定震度｜都心南部直下地震
163,seismic,都心南部直下地震,5.819,6弱,,,13106,台東区,Tokyo Metropolitan,Designated,記念物,旧跡,point,慈海僧正墓,想定震度,都心南部直下地震,想定震度｜都心南部直下地震
164,seismic,都心南部直下地震,5.934,6弱,,,13106,台東区,Tokyo Metropolitan,Designated,記念物,旧跡,point,葛飾北斎墓,想定震度,都心南部直下地震,想定震度｜都心南部直下地震
165,seismic,都心南部直下地震,5.827,6弱,,,13106,台東区,Tokyo Metropolitan,Designated,記念物,旧跡,point,山田宗?墓,想定震度,都心南部直下地震,想定震度｜都心南部直下地震
166,seismic,都心南部直下地震,5.819,6弱,,,13106,台東区,Tokyo Metropolitan,Designated,記念物,旧跡,point,了翁禅師塔碑,想定震度,都心南部直下地震,想定震度｜都心南部直下地震
167,seismic,都心南部直下地震,5.658,6弱,,,13106,台東区,Tokyo Metropolitan,Designated,記念物,旧跡,point,天海僧正毛髪塔,想定震度,都心南部直下地震,想定震度｜都心南部直下地震
168,seismic,都心南部直下地震,6.014,6強以上,,,13106,台東区,Tokyo Metropolitan,Designated,記念物,旧跡,point,樋口定伊墓,想定震度,都心南部直下地震,想定震度｜都心南部直下地震
169,seismic,都心南部直下地震,5.762,6弱,,,13106,台東区,Tokyo Metropolitan,Designated,記念物,旧跡,point,山岡鉄舟墓,想定震度,都心南部直下地震,想定震度｜都心南部直下地震
170,seismic,都心南部直下地震,5.762,6弱,,,13106,台東区,Tokyo Metropolitan,Designated,記念物,旧跡,point,三遊亭円朝墓,想定震度,都心南部直下地震,想定震度｜都心南部直下地震
206,seismic,都心南部直下地震,5.857,6弱,,,13106,台東区,Tokyo Metropolitan,Designated,記念物,天然記念物,point,玉林寺のシイ,想定震度,都心南部直下地震,想定震度｜都心南部直下地震
241,seismic,都心南部直下地震,6.012,6強以上,,,13106,台東区,Tokyo Metropolitan,Designated,記念物,史跡,point,太宰春台墓,想定震度,都心南部直下地震,想定震度｜都心南部直下地震
242,seismic,都心南部直下地震,6.014,6強以上,,,13106,台東区,Tokyo Metropolitan,Designated,記念物,史跡,point,浄厳律師墓,想定震度,都心南部直下地震,想定震度｜都心南部直下地震
243,seismic,都心南部直下地震,5.685,6弱,,,13106,台東区,Tokyo Metropolitan,Designated,記念物,史跡,point,子規庵,想定震度,都心南部直下地震,想定震度｜都心南部直下地震
244,seismic,都心南部直下地震,5.694,6弱,,,13106,台東区,Tokyo Metropolitan,Designated,記念物,史跡,point,中村不折旧宅(書道博物館),想定震度,都心南部直下地震,想定震度｜都心南部直下地震
131067100003,seismic,都心南部直下地震,5.834,6弱,,,13106,台東区,Municipal,Designated,民俗文化財,有形民俗文化財,point,旧吉田屋酒店,想定震度,都心南部直下地震,想定震度｜都心南部直下地震
131067100027,seismic,都心南部直下地震,5.792,6弱,,,13106,台東区,Municipal,Other,記念物,史跡,point,狩野芳崖墓 附 狩野芳崖翁碑,想定震度,都心南部直下地震,想定震度｜都心南部直下地震
131067100029,seismic,都心南部直下地震,6.179,6強以上,,,13106,台東区,Municipal,Other,有形文化財,建造物,building_direct,石造宝篋印塔,想定震度,都心南部直下地震,想定震度｜都心南部直下地震
131067100039,seismic,都心南部直下地震,5.769,6弱,,,13106,台東区,Municipal,Other,記念物,史跡,point,大沼枕山墓,想定震度,都心南部直下地震,想定震度｜都心南部直下地震
131067100046,seismic,都心南部直下地震,5.764,6弱,,,13106,台東区,Municipal,Other,記念物,史跡,point,藤堂家墓所,想定震度,都心南部直下地震,想定震度｜都心南部直下地震
131067100047,seismic,都心南部直下地震,5.769,6弱,,,13106,台東区,Municipal,Other,記念物,史跡,point,河鍋暁斎墓,想定震度,都心南部直下地震,想定震度｜都心南部直下地震
131067100052,seismic,都心南部直下地震,5.818,6弱,,,13106,台東区,Municipal,Other,記念物,史跡,point,福地源一郎(桜痴)墓,想定震度,都心南部直下地震,想定震度｜都心南部直下地震
131067100053,seismic,都心南部直下地震,6.071,6強以上,,,13106,台東区,Municipal,Other,記念物,史跡,point,横山大観旧居,想定震度,都心南部直下地震,想定震度｜都心南部直下地震
131067100059,seismic,都心南部直下地震,6.025,6強以上,,,13106,台東区,Municipal,Other,民俗文化財,有形民俗文化財,point,延寿寺日荷堂絵馬群,想定震度,都心南部直下地震,想定震度｜都心南部直下地震
131067100060,seismic,都心南部直下地震,6.234,6強以上,,,13106,台東区,Municipal,Other,記念物,史跡,point,柴田是真墓,想定震度,都心南部直下地震,想定震度｜都心南部直下地震
131067100066,seismic,都心南部直下地震,6.08,6強以上,,,13106,台東区,Municipal,Other,記念物,史跡,point,町田久成墓,想定震度,都心南部直下地震,想定震度｜都心南部直下地震
131067100067,seismic,都心南部直下地震,5.818,6弱,,,13106,台東区,Municipal,Other,記念物,史跡,point,田中芳男墓,想定震度,都心南部直下地震,想定震度｜都心南部直下地震
131067100075,seismic,都心南部直下地震,6.266,6強以上,,,13106,台東区,Municipal,Designated,民俗文化財,有形民俗文化財,point,浅草浅間神社本殿并びに諸資料 付 境内地,想定震度,都心南部直下地震,想定震度｜都心南部直下地震
131067100110,seismic,都心南部直下地震,5.764,6弱,,,13106,台東区,Municipal,Other,有形文化財,建造物,building_direct,上野広小路三橋遺構 附 出土近世遺物一括,想定震度,都心南部直下地震,想定震度｜都心南部直下地震
131067100132,seismic,都心南部直下地震,6.234,6強以上,,,13106,台東区,Municipal,Other,民俗文化財,有形民俗文化財,point,大太刀(陰陽丸),想定震度,都心南部直下地震,想定震度｜都心南部直下地震
131067100134,seismic,都心南部直下地震,5.872,6弱,,,13106,台東区,Municipal,Other,有形文化財,建造物,building_direct,石造多宝塔,想定震度,都心南部直下地震,想定震度｜都心南部直下地震
131067100147,seismic,都心南部直下地震,5.872,6弱,,,13106,台東区,Municipal,Other,民俗文化財,有形民俗文化財,point,浅草寺絵馬・扁額群,想定震度,都心南部直下地震,想定震度｜都心南部直下地震
131067100162,seismic,都心南部直下地震,5.978,6弱,,,13106,台東区,Municipal,Other,民俗文化財,有形民俗文化財,point,吉徳これくしょん(和書),想定震度,都心南部直下地震,想定震度｜都心南部直下地震
131067100163,seismic,都心南部直下地震,5.978,6弱,,,13106,台東区,Municipal,Other,民俗文化財,有形民俗文化財,point,吉徳これくしょん(一枚刷),想定震度,都心南部直下地震,想定震度｜都心南部直下地震
131067100168,seismic,都心南部直下地震,5.978,6弱,,,13106,台東区,Municipal,Other,民俗文化財,有形民俗文化財,point,吉徳これくしょん〔芝居番付類(一枚刷)〕,想定震度,都心南部直下地震,想定震度｜都心南部直下地震
131067100171,seismic,都心南部直下地震,5.978,6弱,,,13106,台東区,Municipal,Other,民俗文化財,有形民俗文化財,point,吉徳これくしょん(古文書),想定震度,都心南部直下地震,想定震度｜都心南部直下地震
131067100174,seismic,都心南部直下地震,5.978,6弱,,,13106,台東区,Municipal,Other,民俗文化財,有形民俗文化財,point,吉徳これくしょん(羽子板),想定震度,都心南部直下地震,想定震度｜都心南部直下地震
131067100178,seismic,都心南部直下地震,5.978,6弱,,,13106,台東区,Municipal,Other,民俗文化財,有形民俗文化財,point,吉徳これくしょん(五月人形),想定震度,都心南部直下地震,想定震度｜都心南部直下地震
131067100181,seismic,都心南部直下地震,5.978,6弱,,,13106,台東区,Municipal,Other,民俗文化財,有形民俗文化財,point,吉徳これくしょん(雛人形),想定震度,都心南部直下地震,想定震度｜都心南部直下地震
131067100182,seismic,都心南部直下地震,5.818,6弱,,,13106,台東区,Municipal,Other,記念物,史跡,point,渋沢栄一家墓所,想定震度,都心南部直下地震,想定震度｜都心南部直下地震
131067100187,seismic,都心南部直下地震,5.764,6弱,,,13106,台東区,Municipal,Other,記念物,史跡,point,徳川家光薨去に伴う殉死者の墓,想定震度,都心南部直下地震,想定震度｜都心南部直下地震
official_export_001:0,seismic,都心南部直下地震,5.815,6弱,,,13106,台東区,National,Designated,有形文化財,建造物,building_direct,浅草神社,想定震度,都心南部直下地震,想定震度｜都心南部直下地震
official_export_001:1,seismic,都心南部直下地震,5.815,6弱,,,13106,台東区,National,Designated,有形文化財,建造物,building_direct,浅草神社,想定震度,都心南部直下地震,想定震度｜都心南部直下地震
official_export_001:6,seismic,都心南部直下地震,5.82,6弱,,,13106,台東区,National,Designated,有形文化財,建造物,building_direct,旧岩崎家住宅(東京都台東区池之端一丁目),想定震度,都心南部直下地震,想定震度｜都心南部直下地震
official_export_001:7,seismic,都心南部直下地震,5.82,6弱,,,13106,台東区,National,Designated,有形文化財,建造物,building_direct,旧岩崎家住宅(東京都台東区池之端一丁目),想定震度,都心南部直下地震,想定震度｜都心南部直下地震
official_export_001:8,seismic,都心南部直下地震,5.807,6弱,,,13106,台東区,National,Designated,有形文化財,建造物,building_direct,旧岩崎家住宅(東京都台東区池之端一丁目),想定震度,都心南部直下地震,想定震度｜都心南部直下地震
official_export_001:9,seismic,都心南部直下地震,5.75,6弱,,,13106,台東区,National,Designated,有形文化財,建造物,building_direct,旧因州池田屋敷表門,想定震度,都心南部直下地震,想定震度｜都心南部直下地震
official_export_001:21,seismic,都心南部直下地震,5.744,6弱,,,13106,台東区,National,Designated,有形文化財,建造物,building_direct,寛永寺旧本坊表門(黒門),想定震度,都心南部直下地震,想定震度｜都心南部直下地震
official_export_001:22,seismic,都心南部直下地震,5.759,6弱,,,13106,台東区,National,Designated,有形文化財,建造物,building_direct,寛永寺清水堂,想定震度,都心南部直下地震,想定震度｜都心南部直下地震
official_export_001:23,seismic,都心南部直下地震,5.7,6弱,,,13106,台東区,National,Designated,有形文化財,建造物,building_direct,旧寛永寺五重塔,想定震度,都心南部直下地震,想定震度｜都心南部直下地震
official_export_001:42,seismic,都心南部直下地震,5.734,6弱,,,13106,台東区,National,Designated,有形文化財,建造物,building_direct,旧東京科学博物館本館,想定震度,都心南部直下地震,想定震度｜都心南部直下地震
official_export_001:56,seismic,都心南部直下地震,5.809,6弱,,,13106,台東区,National,Designated,有形文化財,建造物,building_direct,厳有院霊廟奥院,想定震度,都心南部直下地震,想定震度｜都心南部直下地震
official_export_001:58,seismic,都心南部直下地震,5.788,6弱,,,13106,台東区,National,Designated,有形文化財,建造物,building_direct,厳有院霊廟勅額門及び水盤舎,想定震度,都心南部直下地震,想定震度｜都心南部直下地震
official_export_001:59,seismic,都心南部直下地震,5.792,6弱,,,13106,台東区,National,Designated,有形文化財,建造物,building_direct,厳有院霊廟勅額門及び水盤舎,想定震度,都心南部直下地震,想定震度｜都心南部直下地震
official_export_001:60,seismic,都心南部直下地震,5.715,6弱,,,13106,台東区,National,Designated,有形文化財,建造物,building_direct,国立西洋美術館本館,想定震度,都心南部直下地震,想定震度｜都心南部直下地震
official_export_001:73,seismic,都心南部直下地震,5.77,6弱,,,13106,台東区,National,Designated,有形文化財,建造物,building_direct,旧十輪院宝蔵,想定震度,都心南部直下地震,想定震度｜都心南部直下地震
official_export_001:74,seismic,都心南部直下地震,5.806,6弱,,,13106,台東区,National,Designated,有形文化財,建造物,building_direct,常憲院霊廟奥院,想定震度,都心南部直下地震,想定震度｜都心南部直下地震
official_export_001:76,seismic,都心南部直下地震,5.805,6弱,,,13106,台東区,National,Designated,有形文化財,建造物,building_direct,常憲院霊廟勅額門及び水盤舎,想定震度,都心南部直下地震,想定震度｜都心南部直下地震
official_export_001:77,seismic,都心南部直下地震,5.805,6弱,,,13106,台東区,National,Designated,有形文化財,建造物,building_direct,常憲院霊廟勅額門及び水盤舎,想定震度,都心南部直下地震,想定震度｜都心南部直下地震
official_export_001:85,seismic,都心南部直下地震,5.893,6弱,,,13106,台東区,National,Designated,有形文化財,建造物,building_direct,浅草寺伝法院,想定震度,都心南部直下地震,想定震度｜都心南部直下地震
official_export_001:86,seismic,都心南部直下地震,5.893,6弱,,,13106,台東区,National,Designated,有形文化財,建造物,building_direct,浅草寺伝法院,想定震度,都心南部直下地震,想定震度｜都心南部直下地震
official_export_001:87,seismic,都心南部直下地震,5.893,6弱,,,13106,台東区,National,Designated,有形文化財,建造物,building_direct,浅草寺伝法院,想定震度,都心南部直下地震,想定震度｜都心南部直下地震
official_export_001:88,seismic,都心南部直下地震,5.893,6弱,,,13106,台東区,National,Designated,有形文化財,建造物,building_direct,浅草寺伝法院,想定震度,都心南部直下地震,想定震度｜都心南部直下地震
official_export_001:89,seismic,都心南部直下地震,5.893,6弱,,,13106,台東区,National,Designated,有形文化財,建造物,building_direct,浅草寺伝法院,想定震度,都心南部直下地震,想定震度｜都心南部直下地震
official_export_001:90,seismic,都心南部直下地震,5.871,6弱,,,13106,台東区,National,Designated,有形文化財,建造物,building_direct,浅草寺伝法院,想定震度,都心南部直下地震,想定震度｜都心南部直下地震
official_export_001:91,seismic,都心南部直下地震,5.817,6弱,,,13106,台東区,National,Designated,有形文化財,建造物,building_direct,浅草寺二天門,想定震度,都心南部直下地震,想定震度｜都心南部直下地震
official_export_001:104,seismic,都心南部直下地震,5.745,6弱,,,13106,台東区,National,Designated,有形文化財,建造物,building_direct,旧東京音楽学校奏楽堂,想定震度,都心南部直下地震,想定震度｜都心南部直下地震
official_export_001:105,seismic,都心南部直下地震,5.771,6弱,,,13106,台東区,National,Designated,有形文化財,建造物,building_direct,旧東京帝室博物館本館,想定震度,都心南部直下地震,想定震度｜都心南部直下地震
official_export_001:107,seismic,都心南部直下地震,5.697,6弱,,,13106,台東区,National,Designated,有形文化財,建造物,building_direct,東照宮社殿,想定震度,都心南部直下地震,想定震度｜都心南部直下地震
official_export_001:108,seismic,都心南部直下地震,5.697,6弱,,,13106,台東区,National,Designated,有形文化財,建造物,building_direct,東照宮社殿,想定震度,都心南部直下地震,想定震度｜都心南部直下地震
official_export_001:109,seismic,都心南部直下地震,5.697,6弱,,,13106,台東区,National,Designated,有形文化財,建造物,building_direct,東照宮社殿,想定震度,都心南部直下地震,想定震度｜都心南部直下地震
official_export_001:110,seismic,都心南部直下地震,5.8,6弱,,,13106,台東区,National,Designated,有形文化財,建造物,building_direct,東照宮社殿,想定震度,都心南部直下地震,想定震度｜都心南部直下地震
official_export_001:126,seismic,都心南部直下地震,5.762,6弱,,,13106,台東区,National,Designated,有形文化財,建造物,building_direct,表慶館,想定震度,都心南部直下地震,想定震度｜都心南部直下地震
official_export_002:28,seismic,都心南部直下地震,6.312,6強以上,,,13106,台東区,National,Registered,有形文化財,建造物,building_direct,伊勢屋店舗兼主屋,想定震度,都心南部直下地震,想定震度｜都心南部直下地震
official_export_002:29,seismic,都心南部直下地震,6.085,6強以上,,,13106,台東区,National,Registered,有形文化財,建造物,building_direct,市田家住宅裏門,想定震度,都心南部直下地震,想定震度｜都心南部直下地震
official_export_002:30,seismic,都心南部直下地震,5.79,6弱,,,13106,台東区,National,Registered,有形文化財,建造物,building_direct,市田家住宅表門,想定震度,都心南部直下地震,想定震度｜都心南部直下地震
official_export_002:31,seismic,都心南部直下地震,6.085,6強以上,,,13106,台東区,National,Registered,有形文化財,建造物,building_direct,市田家住宅蔵,想定震度,都心南部直下地震,想定震度｜都心南部直下地震
official_export_002:32,seismic,都心南部直下地震,6.085,6強以上,,,13106,台東区,National,Registered,有形文化財,建造物,building_direct,市田家住宅主屋,想定震度,都心南部直下地震,想定震度｜都心南部直下地震
official_export_002:40,seismic,都心南部直下地震,5.845,6弱,,,13106,台東区,National,Registered,有形文化財,建造物,building_direct,今半別館北棟,想定震度,都心南部直下地震,想定震度｜都心南部直下地震
official_export_002:41,seismic,都心南部直下地震,5.853,6弱,,,13106,台東区,National,Registered,有形文化財,建造物,building_direct,今半別館玄関棟,想定震度,都心南部直下地震,想定震度｜都心南部直下地震
official_export_002:42,seismic,都心南部直下地震,5.845,6弱,,,13106,台東区,National,Registered,有形文化財,建造物,building_direct,今半別館南棟,想定震度,都心南部直下地震,想定震度｜都心南部直下地震
official_export_002:43,seismic,都心南部直下地震,5.968,6弱,,,13106,台東区,National,Registered,有形文化財,建造物,building_direct,今半本店北奥座敷,想定震度,都心南部直下地震,想定震度｜都心南部直下地震
official_export_002:44,seismic,都心南部直下地震,5.968,6弱,,,13106,台東区,National,Registered,有形文化財,建造物,building_direct,今半本店西奥座敷,想定震度,都心南部直下地震,想定震度｜都心南部直下地震
official_export_002:45,seismic,都心南部直下地震,5.968,6弱,,,13106,台東区,National,Registered,有形文化財,建造物,building_direct,今半本店東奥座敷,想定震度,都心南部直下地震,想定震度｜都心南部直下地震
official_export_002:46,seismic,都心南部直下地震,6.057,6強以上,,,13106,台東区,National,Registered,有形文化財,建造物,building_direct,岩田家住宅和館,想定震度,都心南部直下地震,想定震度｜都心南部直下地震
official_export_002:107,seismic,都心南部直下地震,5.948,6弱,,,13106,台東区,National,Registered,有形文化財,建造物,building_direct,神谷バー本館,想定震度,都心南部直下地震,想定震度｜都心南部直下地震
official_export_002:112,seismic,都心南部直下地震,5.815,6弱,,,13106,台東区,National,Registered,有形文化財,建造物,building_direct,寛永寺葵の間,想定震度,都心南部直下地震,想定震度｜都心南部直下地震
official_export_002:113,seismic,都心南部直下地震,5.766,6弱,,,13106,台東区,National,Registered,有形文化財,建造物,building_direct,寛永寺護国院庫裏,想定震度,都心南部直下地震,想定震度｜都心南部直下地震
official_export_002:114,seismic,都心南部直下地震,5.815,6弱,,,13106,台東区,National,Registered,有形文化財,建造物,building_direct,寛永寺根本中堂,想定震度,都心南部直下地震,想定震度｜都心南部直下地震
official_export_002:115,seismic,都心南部直下地震,5.819,6弱,,,13106,台東区,National,Registered,有形文化財,建造物,building_direct,寛永寺渋沢家霊堂,想定震度,都心南部直下地震,想定震度｜都心南部直下地震
official_export_002:124,seismic,都心南部直下地震,5.807,6弱,,,13106,台東区,National,Registered,有形文化財,建造物,building_direct,観音寺客殿,想定震度,都心南部直下地震,想定震度｜都心南部直下地震
official_export_002:125,seismic,都心南部直下地震,5.802,6弱,,,13106,台東区,National,Registered,有形文化財,建造物,building_direct,観音寺築地塀,想定震度,都心南部直下地震,想定震度｜都心南部直下地震
official_export_002:132,seismic,都心南部直下地震,6.031,6強以上,,,13106,台東区,National,Registered,有形文化財,建造物,building_direct,ギャラリー・エフ蔵(株式会社淵川金属事務所),想定震度,都心南部直下地震,想定震度｜都心南部直下地震
official_export_002:139,seismic,都心南部直下地震,5.963,6弱,,,13106,台東区,National,Registered,有形文化財,建造物,building_direct,旧井阪屋本店河合ビル,想定震度,都心南部直下地震,想定震度｜都心南部直下地震
official_export_002:140,seismic,都心南部直下地震,5.975,6弱,,,13106,台東区,National,Registered,有形文化財,建造物,building_direct,旧井阪屋本店河合ビル稲荷社,想定震度,都心南部直下地震,想定震度｜都心南部直下地震
official_export_002:144,seismic,都心南部直下地震,6.083,6強以上,,,13106,台東区,National,Registered,有形文化財,建造物,building_direct,旧柏湯,想定震度,都心南部直下地震,想定震度｜都心南部直下地震
official_export_002:145,seismic,都心南部直下地震,5.834,6弱,,,13106,台東区,National,Registered,有形文化財,建造物,building_direct,旧唐木田家住宅主屋,想定震度,都心南部直下地震,想定震度｜都心南部直下地震
official_export_002:147,seismic,都心南部直下地震,5.834,6弱,,,13106,台東区,National,Registered,有形文化財,建造物,building_direct,旧川嶋屋米倉庫,想定震度,都心南部直下地震,想定震度｜都心南部直下地震
official_export_002:148,seismic,都心南部直下地震,5.837,6弱,,,13106,台東区,National,Registered,有形文化財,建造物,building_direct,旧川嶋屋店舗兼住居,想定震度,都心南部直下地震,想定震度｜都心南部直下地震
official_export_002:195,seismic,都心南部直下地震,6.09,6強以上,,,13106,台東区,National,Registered,有形文化財,建造物,building_direct,教證寺客殿,想定震度,都心南部直下地震,想定震度｜都心南部直下地震
official_export_002:196,seismic,都心南部直下地震,6.09,6強以上,,,13106,台東区,National,Registered,有形文化財,建造物,building_direct,教證寺本堂,想定震度,都心南部直下地震,想定震度｜都心南部直下地震
official_export_002:205,seismic,都心南部直下地震,5.824,6弱,,,13106,台東区,National,Registered,有形文化財,建造物,building_direct,黒沢ビル,想定震度,都心南部直下地震,想定震度｜都心南部直下地震
official_export_002:243,seismic,都心南部直下地震,6.231,6強以上,,,13106,台東区,National,Registered,有形文化財,建造物,building_direct,西徳寺本堂,想定震度,都心南部直下地震,想定震度｜都心南部直下地震
official_export_002:274,seismic,都心南部直下地震,5.821,6弱,,,13106,台東区,National,Registered,有形文化財,建造物,building_direct,すぺーす小倉屋蔵,想定震度,都心南部直下地震,想定震度｜都心南部直下地震
official_export_002:275,seismic,都心南部直下地震,5.821,6弱,,,13106,台東区,National,Registered,有形文化財,建造物,building_direct,すぺーす小倉屋店舗,想定震度,都心南部直下地震,想定震度｜都心南部直下地震
official_export_002:282,seismic,都心南部直下地震,6.237,6強以上,,,13106,台東区,National,Registered,有形文化財,建造物,building_direct,タイガービルヂング,想定震度,都心南部直下地震,想定震度｜都心南部直下地震
official_export_002:283,seismic,都心南部直下地震,5.815,6弱,,,13106,台東区,National,Registered,有形文化財,建造物,building_direct,台東区立朝倉彫塑館東屋,想定震度,都心南部直下地震,想定震度｜都心南部直下地震
official_export_002:284,seismic,都心南部直下地震,5.815,6弱,,,13106,台東区,National,Registered,有形文化財,建造物,building_direct,台東区立朝倉彫塑館アトリエ棟,想定震度,都心南部直下地震,想定震度｜都心南部直下地震
official_export_002:285,seismic,都心南部直下地震,5.819,6弱,,,13106,台東区,National,Registered,有形文化財,建造物,building_direct,台東区立朝倉彫塑館旧アトリエ,想定震度,都心南部直下地震,想定震度｜都心南部直下地震
official_export_002:286,seismic,都心南部直下地震,5.819,6弱,,,13106,台東区,National,Registered,有形文化財,建造物,building_direct,台東区立朝倉彫塑館住居,想定震度,都心南部直下地震,想定震度｜都心南部直下地震
official_export_002:311,seismic,都心南部直下地震,5.873,6弱,,,13106,台東区,National,Registered,有形文化財,建造物,building_direct,茶寮一松表門及び塀,想定震度,都心南部直下地震,想定震度｜都心南部直下地震
official_export_002:312,seismic,都心南部直下地震,5.949,6弱,,,13106,台東区,National,Registered,有形文化財,建造物,building_direct,茶寮一松店舗及び住居,想定震度,都心南部直下地震,想定震度｜都心南部直下地震
official_export_002:325,seismic,都心南部直下地震,5.772,6弱,,,13106,台東区,National,Registered,有形文化財,建造物,building_direct,燕湯,想定震度,都心南部直下地震,想定震度｜都心南部直下地震
official_export_002:326,seismic,都心南部直下地震,5.834,6弱,,,13106,台東区,National,Registered,有形文化財,建造物,building_direct,手焼せんべい嵯峨の家店舗,想定震度,都心南部直下地震,想定震度｜都心南部直下地震
official_export_002:357,seismic,都心南部直下地震,5.978,6弱,,,13106,台東区,National,Registered,有形文化財,建造物,building_direct,東京地下鉄銀座線浅草駅四番出入口上家,想定震度,都心南部直下地震,想定震度｜都心南部直下地震
official_export_002:362,seismic,都心南部直下地震,5.77,6弱,,,13106,台東区,National,Registered,有形文化財,建造物,building_direct,東京文化財研究所黒田記念館書庫,想定震度,都心南部直下地震,想定震度｜都心南部直下地震
official_export_002:363,seismic,都心南部直下地震,5.77,6弱,,,13106,台東区,National,Registered,有形文化財,建造物,building_direct,東京文化財研究所黒田記念館本館,想定震度,都心南部直下地震,想定震度｜都心南部直下地震
official_export_002:367,seismic,都心南部直下地震,6.312,6強以上,,,13106,台東区,National,Registered,有形文化財,建造物,building_direct,中江店舗,想定震度,都心南部直下地震,想定震度｜都心南部直下地震
official_export_002:376,seismic,都心南部直下地震,5.975,6弱,,,13106,台東区,National,Registered,有形文化財,建造物,building_direct,難波商店店舗兼主屋,想定震度,都心南部直下地震,想定震度｜都心南部直下地震
official_export_002:385,seismic,都心南部直下地震,5.835,6弱,,,13106,台東区,National,Registered,有形文化財,建造物,building_direct,日本聖公会浅草聖ヨハネ教会,想定震度,都心南部直下地震,想定震度｜都心南部直下地震
official_export_002:394,seismic,都心南部直下地震,5.85,6弱,,,13106,台東区,National,Registered,有形文化財,建造物,building_direct,花重店舗,想定震度,都心南部直下地震,想定震度｜都心南部直下地震
official_export_003:2,seismic,都心南部直下地震,5.955,6弱,,,13106,台東区,National,Designated,記念物,天然記念物,point,伊能忠敬墓,想定震度,都心南部直下地震,想定震度｜都心南部直下地震
official_export_003:14,seismic,都心南部直下地震,5.895,6弱,,,13106,台東区,National,Designated,記念物,天然記念物,point,蒲生君平墓,想定震度,都心南部直下地震,想定震度｜都心南部直下地震
official_export_003:16,seismic,都心南部直下地震,5.815,6弱,,,13106,台東区,National,Designated,記念物,天然記念物,point,旧朝倉文夫氏庭園,想定震度,都心南部直下地震,想定震度｜都心南部直下地震
official_export_003:42,seismic,都心南部直下地震,5.955,6弱,,,13106,台東区,National,Designated,記念物,天然記念物,point,高橋至時墓,想定震度,都心南部直下地震,想定震度｜都心南部直下地震
official_export_003:59,seismic,都心南部直下地震,6.225,6強以上,,,13106,台東区,National,Designated,記念物,天然記念物,point,平賀源内墓,想定震度,都心南部直下地震,想定震度｜都心南部直下地震
official_export_003:72,seismic,都心南部直下地震,6.071,6強以上,,,13106,台東区,National,Designated,記念物,天然記念物,point,横山大観旧宅及び庭園,想定震度,都心南部直下地震,想定震度｜都心南部直下地震
3,seismic,都心東部直下地震,5.974,6弱,,,13106,台東区,Tokyo Metropolitan,Designated,有形文化財,建造物,building_direct,浅草寺六角堂,想定震度,都心東部直下地震,想定震度｜都心東部直下地震
94,seismic,都心東部直下地震,6.061,6強以上,,,13106,台東区,Tokyo Metropolitan,Designated,有形文化財,歴史資料,point,西仏板碑,想定震度,都心東部直下地震,想定震度｜都心東部直下地震
157,seismic,都心東部直下地震,5.974,6弱,,,13106,台東区,Tokyo Metropolitan,Designated,記念物,旧跡,point,戸田茂睡墓,想定震度,都心東部直下地震,想定震度｜都心東部直下地震
158,seismic,都心東部直下地震,5.974,6弱,,,13106,台東区,Tokyo Metropolitan,Designated,記念物,旧跡,point,六地蔵石燈籠,想定震度,都心東部直下地震,想定震度｜都心東部直下地震
159,seismic,都心東部直下地震,6.258,6強以上,,,13106,台東区,Tokyo Metropolitan,Designated,記念物,旧跡,point,玉川庄右衛門及び同清右衛門墓,想定震度,都心東部直下地震,想定震度｜都心東部直下地震
160,seismic,都心東部直下地震,6.017,6強以上,,,13106,台東区,Tokyo Metropolitan,Designated,記念物,旧跡,point,大久保主水墓,想定震度,都心東部直下地震,想定震度｜都心東部直下地震
161,seismic,都心東部直下地震,6.168,6強以上,,,13106,台東区,Tokyo Metropolitan,Designated,記念物,旧跡,point,谷文晁墓,想定震度,都心東部直下地震,想定震度｜都心東部直下地震
162,seismic,都心東部直下地震,6.168,6強以上,,,13106,台東区,Tokyo Metropolitan,Designated,記念物,旧跡,point,幡随院長兵衛墓,想定震度,都心東部直下地震,想定震度｜都心東部直下地震
163,seismic,都心東部直下地震,6.058,6強以上,,,13106,台東区,Tokyo Metropolitan,Designated,記念物,旧跡,point,慈海僧正墓,想定震度,都心東部直下地震,想定震度｜都心東部直下地震
164,seismic,都心東部直下地震,6.059,6強以上,,,13106,台東区,Tokyo Metropolitan,Designated,記念物,旧跡,point,葛飾北斎墓,想定震度,都心東部直下地震,想定震度｜都心東部直下地震
165,seismic,都心東部直下地震,5.965,6弱,,,13106,台東区,Tokyo Metropolitan,Designated,記念物,旧跡,point,山田宗?墓,想定震度,都心東部直下地震,想定震度｜都心東部直下地震
166,seismic,都心東部直下地震,6.058,6強以上,,,13106,台東区,Tokyo Metropolitan,Designated,記念物,旧跡,point,了翁禅師塔碑,想定震度,都心東部直下地震,想定震度｜都心東部直下地震
167,seismic,都心東部直下地震,5.841,6弱,,,13106,台東区,Tokyo Metropolitan,Designated,記念物,旧跡,point,天海僧正毛髪塔,想定震度,都心東部直下地震,想定震度｜都心東部直下地震
168,seismic,都心東部直下地震,6.24,6強以上,,,13106,台東区,Tokyo Metropolitan,Designated,記念物,旧跡,point,樋口定伊墓,想定震度,都心東部直下地震,想定震度｜都心東部直下地震
169,seismic,都心東部直下地震,5.974,6弱,,,13106,台東区,Tokyo Metropolitan,Designated,記念物,旧跡,point,山岡鉄舟墓,想定震度,都心東部直下地震,想定震度｜都心東部直下地震
170,seismic,都心東部直下地震,5.974,6弱,,,13106,台東区,Tokyo Metropolitan,Designated,記念物,旧跡,point,三遊亭円朝墓,想定震度,都心東部直下地震,想定震度｜都心東部直下地震
206,seismic,都心東部直下地震,6.085,6強以上,,,13106,台東区,Tokyo Metropolitan,Designated,記念物,天然記念物,point,玉林寺のシイ,想定震度,都心東部直下地震,想定震度｜都心東部直下地震
241,seismic,都心東部直下地震,6.244,6強以上,,,13106,台東区,Tokyo Metropolitan,Designated,記念物,史跡,point,太宰春台墓,想定震度,都心東部直下地震,想定震度｜都心東部直下地震
242,seismic,都心東部直下地震,6.24,6強以上,,,13106,台東区,Tokyo Metropolitan,Designated,記念物,史跡,point,浄厳律師墓,想定震度,都心東部直下地震,想定震度｜都心東部直下地震
243,seismic,都心東部直下地震,5.929,6弱,,,13106,台東区,Tokyo Metropolitan,Designated,記念物,史跡,point,子規庵,想定震度,都心東部直下地震,想定震度｜都心東部直下地震
244,seismic,都心東部直下地震,5.936,6弱,,,13106,台東区,Tokyo Metropolitan,Designated,記念物,史跡,point,中村不折旧宅(書道博物館),想定震度,都心東部直下地震,想定震度｜都心東部直下地震
131067100003,seismic,都心東部直下地震,6.06,6強以上,,,13106,台東区,Municipal,Designated,民俗文化財,有形民俗文化財,point,旧吉田屋酒店,想定震度,都心東部直下地震,想定震度｜都心東部直下地震
131067100027,seismic,都心東部直下地震,6.003,6強以上,,,13106,台東区,Municipal,Other,記念物,史跡,point,狩野芳崖墓 附 狩野芳崖翁碑,想定震度,都心東部直下地震,想定震度｜都心東部直下地震
131067100029,seismic,都心東部直下地震,6.282,6強以上,,,13106,台東区,Municipal,Other,有形文化財,建造物,building_direct,石造宝篋印塔,想定震度,都心東部直下地震,想定震度｜都心東部直下地震
131067100039,seismic,都心東部直下地震,5.981,6弱,,,13106,台東区,Municipal,Other,記念物,史跡,point,大沼枕山墓,想定震度,都心東部直下地震,想定震度｜都心東部直下地震
131067100046,seismic,都心東部直下地震,5.977,6弱,,,13106,台東区,Municipal,Other,記念物,史跡,point,藤堂家墓所,想定震度,都心東部直下地震,想定震度｜都心東部直下地震
131067100047,seismic,都心東部直下地震,5.981,6弱,,,13106,台東区,Municipal,Other,記念物,史跡,point,河鍋暁斎墓,想定震度,都心東部直下地震,想定震度｜都心東部直下地震
131067100052,seismic,都心東部直下地震,6.015,6強以上,,,13106,台東区,Municipal,Other,記念物,史跡,point,福地源一郎(桜痴)墓,想定震度,都心東部直下地震,想定震度｜都心東部直下地震
131067100053,seismic,都心東部直下地震,6.257,6強以上,,,13106,台東区,Municipal,Other,記念物,史跡,point,横山大観旧居,想定震度,都心東部直下地震,想定震度｜都心東部直下地震
131067100059,seismic,都心東部直下地震,6.253,6強以上,,,13106,台東区,Municipal,Other,民俗文化財,有形民俗文化財,point,延寿寺日荷堂絵馬群,想定震度,都心東部直下地震,想定震度｜都心東部直下地震
131067100060,seismic,都心東部直下地震,6.446,6強以上,,,13106,台東区,Municipal,Other,記念物,史跡,point,柴田是真墓,想定震度,都心東部直下地震,想定震度｜都心東部直下地震
131067100066,seismic,都心東部直下地震,6.298,6強以上,,,13106,台東区,Municipal,Other,記念物,史跡,point,町田久成墓,想定震度,都心東部直下地震,想定震度｜都心東部直下地震
131067100067,seismic,都心東部直下地震,6.015,6強以上,,,13106,台東区,Municipal,Other,記念物,史跡,point,田中芳男墓,想定震度,都心東部直下地震,想定震度｜都心東部直下地震
131067100075,seismic,都心東部直下地震,6.498,6強以上,,,13106,台東区,Municipal,Designated,民俗文化財,有形民俗文化財,point,浅草浅間神社本殿并びに諸資料 付 境内地,想定震度,都心東部直下地震,想定震度｜都心東部直下地震
131067100110,seismic,都心東部直下地震,5.977,6弱,,,13106,台東区,Municipal,Other,有形文化財,建造物,building_direct,上野広小路三橋遺構 附 出土近世遺物一括,想定震度,都心東部直下地震,想定震度｜都心東部直下地震
131067100132,seismic,都心東部直下地震,6.446,6強以上,,,13106,台東区,Municipal,Other,民俗文化財,有形民俗文化財,point,大太刀(陰陽丸),想定震度,都心東部直下地震,想定震度｜都心東部直下地震
131067100134,seismic,都心東部直下地震,6.091,6強以上,,,13106,台東区,Municipal,Other,有形文化財,建造物,building_direct,石造多宝塔,想定震度,都心東部直下地震,想定震度｜都心東部直下地震
131067100147,seismic,都心東部直下地震,6.091,6強以上,,,13106,台東区,Municipal,Other,民俗文化財,有形民俗文化財,point,浅草寺絵馬・扁額群,想定震度,都心東部直下地震,想定震度｜都心東部直下地震
131067100162,seismic,都心東部直下地震,6.061,6強以上,,,13106,台東区,Municipal,Other,民俗文化財,有形民俗文化財,point,吉徳これくしょん(和書),想定震度,都心東部直下地震,想定震度｜都心東部直下地震
131067100163,seismic,都心東部直下地震,6.061,6強以上,,,13106,台東区,Municipal,Other,民俗文化財,有形民俗文化財,point,吉徳これくしょん(一枚刷),想定震度,都心東部直下地震,想定震度｜都心東部直下地震
131067100168,seismic,都心東部直下地震,6.061,6強以上,,,13106,台東区,Municipal,Other,民俗文化財,有形民俗文化財,point,吉徳これくしょん〔芝居番付類(一枚刷)〕,想定震度,都心東部直下地震,想定震度｜都心東部直下地震
131067100171,seismic,都心東部直下地震,6.061,6強以上,,,13106,台東区,Municipal,Other,民俗文化財,有形民俗文化財,point,吉徳これくしょん(古文書),想定震度,都心東部直下地震,想定震度｜都心東部直下地震
131067100174,seismic,都心東部直下地震,6.061,6強以上,,,13106,台東区,Municipal,Other,民俗文化財,有形民俗文化財,point,吉徳これくしょん(羽子板),想定震度,都心東部直下地震,想定震度｜都心東部直下地震
131067100178,seismic,都心東部直下地震,6.061,6強以上,,,13106,台東区,Municipal,Other,民俗文化財,有形民俗文化財,point,吉徳これくしょん(五月人形),想定震度,都心東部直下地震,想定震度｜都心東部直下地震
131067100181,seismic,都心東部直下地震,6.061,6強以上,,,13106,台東区,Municipal,Other,民俗文化財,有形民俗文化財,point,吉徳これくしょん(雛人形),想定震度,都心東部直下地震,想定震度｜都心東部直下地震
131067100182,seismic,都心東部直下地震,6.015,6強以上,,,13106,台東区,Municipal,Other,記念物,史跡,point,渋沢栄一家墓所,想定震度,都心東部直下地震,想定震度｜都心東部直下地震
131067100187,seismic,都心東部直下地震,5.977,6弱,,,13106,台東区,Municipal,Other,記念物,史跡,point,徳川家光薨去に伴う殉死者の墓,想定震度,都心東部直下地震,想定震度｜都心東部直下地震
official_export_001:0,seismic,都心東部直下地震,6.014,6強以上,,,13106,台東区,National,Designated,有形文化財,建造物,building_direct,浅草神社,想定震度,都心東部直下地震,想定震度｜都心東部直下地震
official_export_001:1,seismic,都心東部直下地震,6.014,6強以上,,,13106,台東区,National,Designated,有形文化財,建造物,building_direct,浅草神社,想定震度,都心東部直下地震,想定震度｜都心東部直下地震
official_export_001:6,seismic,都心東部直下地震,5.968,6弱,,,13106,台東区,National,Designated,有形文化財,建造物,building_direct,旧岩崎家住宅(東京都台東区池之端一丁目),想定震度,都心東部直下地震,想定震度｜都心東部直下地震
official_export_001:7,seismic,都心東部直下地震,5.968,6弱,,,13106,台東区,National,Designated,有形文化財,建造物,building_direct,旧岩崎家住宅(東京都台東区池之端一丁目),想定震度,都心東部直下地震,想定震度｜都心東部直下地震
official_export_001:8,seismic,都心東部直下地震,5.951,6弱,,,13106,台東区,National,Designated,有形文化財,建造物,building_direct,旧岩崎家住宅(東京都台東区池之端一丁目),想定震度,都心東部直下地震,想定震度｜都心東部直下地震
official_export_001:9,seismic,都心東部直下地震,5.975,6弱,,,13106,台東区,National,Designated,有形文化財,建造物,building_direct,旧因州池田屋敷表門,想定震度,都心東部直下地震,想定震度｜都心東部直下地震
official_export_001:21,seismic,都心東部直下地震,5.947,6弱,,,13106,台東区,National,Designated,有形文化財,建造物,building_direct,寛永寺旧本坊表門(黒門),想定震度,都心東部直下地震,想定震度｜都心東部直下地震
official_export_001:22,seismic,都心東部直下地震,5.944,6弱,,,13106,台東区,National,Designated,有形文化財,建造物,building_direct,寛永寺清水堂,想定震度,都心東部直下地震,想定震度｜都心東部直下地震
official_export_001:23,seismic,都心東部直下地震,5.911,6弱,,,13106,台東区,National,Designated,有形文化財,建造物,building_direct,旧寛永寺五重塔,想定震度,都心東部直下地震,想定震度｜都心東部直下地震
official_export_001:42,seismic,都心東部直下地震,5.933,6弱,,,13106,台東区,National,Designated,有形文化財,建造物,building_direct,旧東京科学博物館本館,想定震度,都心東部直下地震,想定震度｜都心東部直下地震
official_export_001:56,seismic,都心東部直下地震,6.044,6強以上,,,13106,台東区,National,Designated,有形文化財,建造物,building_direct,厳有院霊廟奥院,想定震度,都心東部直下地震,想定震度｜都心東部直下地震
official_export_001:58,seismic,都心東部直下地震,6.026,6強以上,,,13106,台東区,National,Designated,有形文化財,建造物,building_direct,厳有院霊廟勅額門及び水盤舎,想定震度,都心東部直下地震,想定震度｜都心東部直下地震
official_export_001:59,seismic,都心東部直下地震,6.028,6強以上,,,13106,台東区,National,Designated,有形文化財,建造物,building_direct,厳有院霊廟勅額門及び水盤舎,想定震度,都心東部直下地震,想定震度｜都心東部直下地震
official_export_001:60,seismic,都心東部直下地震,5.906,6弱,,,13106,台東区,National,Designated,有形文化財,建造物,building_direct,国立西洋美術館本館,想定震度,都心東部直下地震,想定震度｜都心東部直下地震
official_export_001:73,seismic,都心東部直下地震,6.0,6強以上,,,13106,台東区,National,Designated,有形文化財,建造物,building_direct,旧十輪院宝蔵,想定震度,都心東部直下地震,想定震度｜都心東部直下地震
official_export_001:74,seismic,都心東部直下地震,6.039,6強以上,,,13106,台東区,National,Designated,有形文化財,建造物,building_direct,常憲院霊廟奥院,想定震度,都心東部直下地震,想定震度｜都心東部直下地震
official_export_001:76,seismic,都心東部直下地震,6.041,6強以上,,,13106,台東区,National,Designated,有形文化財,建造物,building_direct,常憲院霊廟勅額門及び水盤舎,想定震度,都心東部直下地震,想定震度｜都心東部直下地震
official_export_001:77,seismic,都心東部直下地震,6.041,6強以上,,,13106,台東区,National,Designated,有形文化財,建造物,building_direct,常憲院霊廟勅額門及び水盤舎,想定震度,都心東部直下地震,想定震度｜都心東部直下地震
official_export_001:85,seismic,都心東部直下地震,6.062,6強以上,,,13106,台東区,National,Designated,有形文化財,建造物,building_direct,浅草寺伝法院,想定震度,都心東部直下地震,想定震度｜都心東部直下地震
official_export_001:86,seismic,都心東部直下地震,6.062,6強以上,,,13106,台東区,National,Designated,有形文化財,建造物,building_direct,浅草寺伝法院,想定震度,都心東部直下地震,想定震度｜都心東部直下地震
official_export_001:87,seismic,都心東部直下地震,6.062,6強以上,,,13106,台東区,National,Designated,有形文化財,建造物,building_direct,浅草寺伝法院,想定震度,都心東部直下地震,想定震度｜都心東部直下地震
official_export_001:88,seismic,都心東部直下地震,6.062,6強以上,,,13106,台東区,National,Designated,有形文化財,建造物,building_direct,浅草寺伝法院,想定震度,都心東部直下地震,想定震度｜都心東部直下地震
official_export_001:89,seismic,都心東部直下地震,6.062,6強以上,,,13106,台東区,National,Designated,有形文化財,建造物,building_direct,浅草寺伝法院,想定震度,都心東部直下地震,想定震度｜都心東部直下地震
official_export_001:90,seismic,都心東部直下地震,6.049,6強以上,,,13106,台東区,National,Designated,有形文化財,建造物,building_direct,浅草寺伝法院,想定震度,都心東部直下地震,想定震度｜都心東部直下地震
official_export_001:91,seismic,都心東部直下地震,5.984,6弱,,,13106,台東区,National,Designated,有形文化財,建造物,building_direct,浅草寺二天門,想定震度,都心東部直下地震,想定震度｜都心東部直下地震
official_export_001:104,seismic,都心東部直下地震,5.974,6弱,,,13106,台東区,National,Designated,有形文化財,建造物,building_direct,旧東京音楽学校奏楽堂,想定震度,都心東部直下地震,想定震度｜都心東部直下地震
official_export_001:105,seismic,都心東部直下地震,6.001,6強以上,,,13106,台東区,National,Designated,有形文化財,建造物,building_direct,旧東京帝室博物館本館,想定震度,都心東部直下地震,想定震度｜都心東部直下地震
official_export_001:107,seismic,都心東部直下地震,5.905,6弱,,,13106,台東区,National,Designated,有形文化財,建造物,building_direct,東照宮社殿,想定震度,都心東部直下地震,想定震度｜都心東部直下地震
official_export_001:108,seismic,都心東部直下地震,5.905,6弱,,,13106,台東区,National,Designated,有形文化財,建造物,building_direct,東照宮社殿,想定震度,都心東部直下地震,想定震度｜都心東部直下地震
official_export_001:109,seismic,都心東部直下地震,5.905,6弱,,,13106,台東区,National,Designated,有形文化財,建造物,building_direct,東照宮社殿,想定震度,都心東部直下地震,想定震度｜都心東部直下地震
official_export_001:110,seismic,都心東部直下地震,6.01,6強以上,,,13106,台東区,National,Designated,有形文化財,建造物,building_direct,東照宮社殿,想定震度,都心東部直下地震,想定震度｜都心東部直下地震
official_export_001:126,seismic,都心東部直下地震,5.988,6弱,,,13106,台東区,National,Designated,有形文化財,建造物,building_direct,表慶館,想定震度,都心東部直下地震,想定震度｜都心東部直下地震
official_export_002:28,seismic,都心東部直下地震,6.538,6強以上,,,13106,台東区,National,Registered,有形文化財,建造物,building_direct,伊勢屋店舗兼主屋,想定震度,都心東部直下地震,想定震度｜都心東部直下地震
official_export_002:29,seismic,都心東部直下地震,6.305,6強以上,,,13106,台東区,National,Registered,有形文化財,建造物,building_direct,市田家住宅裏門,想定震度,都心東部直下地震,想定震度｜都心東部直下地震
official_export_002:30,seismic,都心東部直下地震,6.008,6強以上,,,13106,台東区,National,Registered,有形文化財,建造物,building_direct,市田家住宅表門,想定震度,都心東部直下地震,想定震度｜都心東部直下地震
official_export_002:31,seismic,都心東部直下地震,6.305,6強以上,,,13106,台東区,National,Registered,有形文化財,建造物,building_direct,市田家住宅蔵,想定震度,都心東部直下地震,想定震度｜都心東部直下地震
official_export_002:32,seismic,都心東部直下地震,6.305,6強以上,,,13106,台東区,National,Registered,有形文化財,建造物,building_direct,市田家住宅主屋,想定震度,都心東部直下地震,想定震度｜都心東部直下地震
official_export_002:40,seismic,都心東部直下地震,5.988,6弱,,,13106,台東区,National,Registered,有形文化財,建造物,building_direct,今半別館北棟,想定震度,都心東部直下地震,想定震度｜都心東部直下地震
official_export_002:41,seismic,都心東部直下地震,6.004,6強以上,,,13106,台東区,National,Registered,有形文化財,建造物,building_direct,今半別館玄関棟,想定震度,都心東部直下地震,想定震度｜都心東部直下地震
official_export_002:42,seismic,都心東部直下地震,5.988,6弱,,,13106,台東区,National,Registered,有形文化財,建造物,building_direct,今半別館南棟,想定震度,都心東部直下地震,想定震度｜都心東部直下地震
official_export_002:43,seismic,都心東部直下地震,6.089,6強以上,,,13106,台東区,National,Registered,有形文化財,建造物,building_direct,今半本店北奥座敷,想定震度,都心東部直下地震,想定震度｜都心東部直下地震
official_export_002:44,seismic,都心東部直下地震,6.089,6強以上,,,13106,台東区,National,Registered,有形文化財,建造物,building_direct,今半本店西奥座敷,想定震度,都心東部直下地震,想定震度｜都心東部直下地震
official_export_002:45,seismic,都心東部直下地震,6.089,6強以上,,,13106,台東区,National,Registered,有形文化財,建造物,building_direct,今半本店東奥座敷,想定震度,都心東部直下地震,想定震度｜都心東部直下地震
official_export_002:46,seismic,都心東部直下地震,6.28,6強以上,,,13106,台東区,National,Registered,有形文化財,建造物,building_direct,岩田家住宅和館,想定震度,都心東部直下地震,想定震度｜都心東部直下地震
official_export_002:107,seismic,都心東部直下地震,6.064,6強以上,,,13106,台東区,National,Registered,有形文化財,建造物,building_direct,神谷バー本館,想定震度,都心東部直下地震,想定震度｜都心東部直下地震
official_export_002:112,seismic,都心東部直下地震,6.052,6強以上,,,13106,台東区,National,Registered,有形文化財,建造物,building_direct,寛永寺葵の間,想定震度,都心東部直下地震,想定震度｜都心東部直下地震
official_export_002:113,seismic,都心東部直下地震,5.988,6弱,,,13106,台東区,National,Registered,有形文化財,建造物,building_direct,寛永寺護国院庫裏,想定震度,都心東部直下地震,想定震度｜都心東部直下地震
official_export_002:114,seismic,都心東部直下地震,6.052,6強以上,,,13106,台東区,National,Registered,有形文化財,建造物,building_direct,寛永寺根本中堂,想定震度,都心東部直下地震,想定震度｜都心東部直下地震
official_export_002:115,seismic,都心東部直下地震,6.057,6強以上,,,13106,台東区,National,Registered,有形文化財,建造物,building_direct,寛永寺渋沢家霊堂,想定震度,都心東部直下地震,想定震度｜都心東部直下地震
official_export_002:124,seismic,都心東部直下地震,5.996,6弱,,,13106,台東区,National,Registered,有形文化財,建造物,building_direct,観音寺客殿,想定震度,都心東部直下地震,想定震度｜都心東部直下地震
official_export_002:125,seismic,都心東部直下地震,5.998,6弱,,,13106,台東区,National,Registered,有形文化財,建造物,building_direct,観音寺築地塀,想定震度,都心東部直下地震,想定震度｜都心東部直下地震
official_export_002:132,seismic,都心東部直下地震,6.156,6強以上,,,13106,台東区,National,Registered,有形文化財,建造物,building_direct,ギャラリー・エフ蔵(株式会社淵川金属事務所),想定震度,都心東部直下地震,想定震度｜都心東部直下地震
official_export_002:139,seismic,都心東部直下地震,6.095,6強以上,,,13106,台東区,National,Registered,有形文化財,建造物,building_direct,旧井阪屋本店河合ビル,想定震度,都心東部直下地震,想定震度｜都心東部直下地震
official_export_002:140,seismic,都心東部直下地震,6.109,6強以上,,,13106,台東区,National,Registered,有形文化財,建造物,building_direct,旧井阪屋本店河合ビル稲荷社,想定震度,都心東部直下地震,想定震度｜都心東部直下地震
official_export_002:144,seismic,都心東部直下地震,6.308,6強以上,,,13106,台東区,National,Registered,有形文化財,建造物,building_direct,旧柏湯,想定震度,都心東部直下地震,想定震度｜都心東部直下地震
official_export_002:145,seismic,都心東部直下地震,6.067,6強以上,,,13106,台東区,National,Registered,有形文化財,建造物,building_direct,旧唐木田家住宅主屋,想定震度,都心東部直下地震,想定震度｜都心東部直下地震
official_export_002:147,seismic,都心東部直下地震,6.06,6強以上,,,13106,台東区,National,Registered,有形文化財,建造物,building_direct,旧川嶋屋米倉庫,想定震度,都心東部直下地震,想定震度｜都心東部直下地震
official_export_002:148,seismic,都心東部直下地震,6.066,6強以上,,,13106,台東区,National,Registered,有形文化財,建造物,building_direct,旧川嶋屋店舗兼住居,想定震度,都心東部直下地震,想定震度｜都心東部直下地震
official_export_002:195,seismic,都心東部直下地震,6.216,6強以上,,,13106,台東区,National,Registered,有形文化財,建造物,building_direct,教證寺客殿,想定震度,都心東部直下地震,想定震度｜都心東部直下地震
official_export_002:196,seismic,都心東部直下地震,6.216,6強以上,,,13106,台東区,National,Registered,有形文化財,建造物,building_direct,教證寺本堂,想定震度,都心東部直下地震,想定震度｜都心東部直下地震
official_export_002:205,seismic,都心東部直下地震,5.942,6弱,,,13106,台東区,National,Registered,有形文化財,建造物,building_direct,黒沢ビル,想定震度,都心東部直下地震,想定震度｜都心東部直下地震
official_export_002:243,seismic,都心東部直下地震,6.49,6強以上,,,13106,台東区,National,Registered,有形文化財,建造物,building_direct,西徳寺本堂,想定震度,都心東部直下地震,想定震度｜都心東部直下地震
official_export_002:274,seismic,都心東部直下地震,6.027,6強以上,,,13106,台東区,National,Registered,有形文化財,建造物,building_direct,すぺーす小倉屋蔵,想定震度,都心東部直下地震,想定震度｜都心東部直下地震
official_export_002:275,seismic,都心東部直下地震,6.027,6強以上,,,13106,台東区,National,Registered,有形文化財,建造物,building_direct,すぺーす小倉屋店舗,想定震度,都心東部直下地震,想定震度｜都心東部直下地震
official_export_002:282,seismic,都心東部直下地震,6.335,6強以上,,,13106,台東区,National,Registered,有形文化財,建造物,building_direct,タイガービルヂング,想定震度,都心東部直下地震,想定震度｜都心東部直下地震
official_export_002:283,seismic,都心東部直下地震,6.005,6強以上,,,13106,台東区,National,Registered,有形文化財,建造物,building_direct,台東区立朝倉彫塑館東屋,想定震度,都心東部直下地震,想定震度｜都心東部直下地震
official_export_002:284,seismic,都心東部直下地震,6.005,6強以上,,,13106,台東区,National,Registered,有形文化財,建造物,building_direct,台東区立朝倉彫塑館アトリエ棟,想定震度,都心東部直下地震,想定震度｜都心東部直下地震
official_export_002:285,seismic,都心東部直下地震,6.015,6強以上,,,13106,台東区,National,Registered,有形文化財,建造物,building_direct,台東区立朝倉彫塑館旧アトリエ,想定震度,都心東部直下地震,想定震度｜都心東部直下地震
official_export_002:286,seismic,都心東部直下地震,6.015,6強以上,,,13106,台東区,National,Registered,有形文化財,建造物,building_direct,台東区立朝倉彫塑館住居,想定震度,都心東部直下地震,想定震度｜都心東部直下地震
official_export_002:311,seismic,都心東部直下地震,6.012,6強以上,,,13106,台東区,National,Registered,有形文化財,建造物,building_direct,茶寮一松表門及び塀,想定震度,都心東部直下地震,想定震度｜都心東部直下地震
official_export_002:312,seismic,都心東部直下地震,6.089,6強以上,,,13106,台東区,National,Registered,有形文化財,建造物,building_direct,茶寮一松店舗及び住居,想定震度,都心東部直下地震,想定震度｜都心東部直下地震
official_export_002:325,seismic,都心東部直下地震,5.9,6弱,,,13106,台東区,National,Registered,有形文化財,建造物,building_direct,燕湯,想定震度,都心東部直下地震,想定震度｜都心東部直下地震
official_export_002:326,seismic,都心東部直下地震,6.06,6強以上,,,13106,台東区,National,Registered,有形文化財,建造物,building_direct,手焼せんべい嵯峨の家店舗,想定震度,都心東部直下地震,想定震度｜都心東部直下地震
official_export_002:357,seismic,都心東部直下地震,6.095,6強以上,,,13106,台東区,National,Registered,有形文化財,建造物,building_direct,東京地下鉄銀座線浅草駅四番出入口上家,想定震度,都心東部直下地震,想定震度｜都心東部直下地震
official_export_002:362,seismic,都心東部直下地震,6.0,6強以上,,,13106,台東区,National,Registered,有形文化財,建造物,building_direct,東京文化財研究所黒田記念館書庫,想定震度,都心東部直下地震,想定震度｜都心東部直下地震
official_export_002:363,seismic,都心東部直下地震,6.0,6強以上,,,13106,台東区,National,Registered,有形文化財,建造物,building_direct,東京文化財研究所黒田記念館本館,想定震度,都心東部直下地震,想定震度｜都心東部直下地震
official_export_002:367,seismic,都心東部直下地震,6.538,6強以上,,,13106,台東区,National,Registered,有形文化財,建造物,building_direct,中江店舗,想定震度,都心東部直下地震,想定震度｜都心東部直下地震
official_export_002:376,seismic,都心東部直下地震,6.109,6強以上,,,13106,台東区,National,Registered,有形文化財,建造物,building_direct,難波商店店舗兼主屋,想定震度,都心東部直下地震,想定震度｜都心東部直下地震
official_export_002:385,seismic,都心東部直下地震,5.926,6弱,,,13106,台東区,National,Registered,有形文化財,建造物,building_direct,日本聖公会浅草聖ヨハネ教会,想定震度,都心東部直下地震,想定震度｜都心東部直下地震
official_export_002:394,seismic,都心東部直下地震,6.066,6強以上,,,13106,台東区,National,Registered,有形文化財,建造物,building_direct,花重店舗,想定震度,都心東部直下地震,想定震度｜都心東部直下地震
official_export_003:2,seismic,都心東部直下地震,6.156,6強以上,,,13106,台東区,National,Designated,記念物,天然記念物,point,伊能忠敬墓,想定震度,都心東部直下地震,想定震度｜都心東部直下地震
official_export_003:14,seismic,都心東部直下地震,6.106,6強以上,,,13106,台東区,National,Designated,記念物,天然記念物,point,蒲生君平墓,想定震度,都心東部直下地震,想定震度｜都心東部直下地震
official_export_003:16,seismic,都心東部直下地震,6.005,6強以上,,,13106,台東区,National,Designated,記念物,天然記念物,point,旧朝倉文夫氏庭園,想定震度,都心東部直下地震,想定震度｜都心東部直下地震
official_export_003:42,seismic,都心東部直下地震,6.156,6強以上,,,13106,台東区,National,Designated,記念物,天然記念物,point,高橋至時墓,想定震度,都心東部直下地震,想定震度｜都心東部直下地震
official_export_003:59,seismic,都心東部直下地震,6.44,6強以上,,,13106,台東区,National,Designated,記念物,天然記念物,point,平賀源内墓,想定震度,都心東部直下地震,想定震度｜都心東部直下地震
official_export_003:72,seismic,都心東部直下地震,6.26,6強以上,,,13106,台東区,National,Designated,記念物,天然記念物,point,横山大観旧宅及び庭園,想定震度,都心東部直下地震,想定震度｜都心東部直下地震
3,seismic,都心西部直下地震,5.902,6弱,,,13106,台東区,Tokyo Metropolitan,Designated,有形文化財,建造物,building_direct,浅草寺六角堂,想定震度,都心西部直下地震,想定震度｜都心西部直下地震
94,seismic,都心西部直下地震,5.933,6弱,,,13106,台東区,Tokyo Metropolitan,Designated,有形文化財,歴史資料,point,西仏板碑,想定震度,都心西部直下地震,想定震度｜都心西部直下地震
157,seismic,都心西部直下地震,5.902,6弱,,,13106,台東区,Tokyo Metropolitan,Designated,記念物,旧跡,point,戸田茂睡墓,想定震度,都心西部直下地震,想定震度｜都心西部直下地震
158,seismic,都心西部直下地震,5.902,6弱,,,13106,台東区,Tokyo Metropolitan,Designated,記念物,旧跡,point,六地蔵石燈籠,想定震度,都心西部直下地震,想定震度｜都心西部直下地震
159,seismic,都心西部直下地震,6.165,6強以上,,,13106,台東区,Tokyo Metropolitan,Designated,記念物,旧跡,point,玉川庄右衛門及び同清右衛門墓,想定震度,都心西部直下地震,想定震度｜都心西部直下地震
160,seismic,都心西部直下地震,5.835,6弱,,,13106,台東区,Tokyo Metropolitan,Designated,記念物,旧跡,point,大久保主水墓,想定震度,都心西部直下地震,想定震度｜都心西部直下地震
161,seismic,都心西部直下地震,6.057,6強以上,,,13106,台東区,Tokyo Metropolitan,Designated,記念物,旧跡,point,谷文晁墓,想定震度,都心西部直下地震,想定震度｜都心西部直下地震
162,seismic,都心西部直下地震,6.057,6強以上,,,13106,台東区,Tokyo Metropolitan,Designated,記念物,旧跡,point,幡随院長兵衛墓,想定震度,都心西部直下地震,想定震度｜都心西部直下地震
163,seismic,都心西部直下地震,5.884,6弱,,,13106,台東区,Tokyo Metropolitan,Designated,記念物,旧跡,point,慈海僧正墓,想定震度,都心西部直下地震,想定震度｜都心西部直下地震
164,seismic,都心西部直下地震,6.007,6強以上,,,13106,台東区,Tokyo Metropolitan,Designated,記念物,旧跡,point,葛飾北斎墓,想定震度,都心西部直下地震,想定震度｜都心西部直下地震
165,seismic,都心西部直下地震,5.915,6弱,,,13106,台東区,Tokyo Metropolitan,Designated,記念物,旧跡,point,山田宗?墓,想定震度,都心西部直下地震,想定震度｜都心西部直下地震
166,seismic,都心西部直下地震,5.884,6弱,,,13106,台東区,Tokyo Metropolitan,Designated,記念物,旧跡,point,了翁禅師塔碑,想定震度,都心西部直下地震,想定震度｜都心西部直下地震
167,seismic,都心西部直下地震,5.702,6弱,,,13106,台東区,Tokyo Metropolitan,Designated,記念物,旧跡,point,天海僧正毛髪塔,想定震度,都心西部直下地震,想定震度｜都心西部直下地震
168,seismic,都心西部直下地震,6.059,6強以上,,,13106,台東区,Tokyo Metropolitan,Designated,記念物,旧跡,point,樋口定伊墓,想定震度,都心西部直下地震,想定震度｜都心西部直下地震
169,seismic,都心西部直下地震,5.821,6弱,,,13106,台東区,Tokyo Metropolitan,Designated,記念物,旧跡,point,山岡鉄舟墓,想定震度,都心西部直下地震,想定震度｜都心西部直下地震
170,seismic,都心西部直下地震,5.821,6弱,,,13106,台東区,Tokyo Metropolitan,Designated,記念物,旧跡,point,三遊亭円朝墓,想定震度,都心西部直下地震,想定震度｜都心西部直下地震
206,seismic,都心西部直下地震,5.93,6弱,,,13106,台東区,Tokyo Metropolitan,Designated,記念物,天然記念物,point,玉林寺のシイ,想定震度,都心西部直下地震,想定震度｜都心西部直下地震
241,seismic,都心西部直下地震,6.073,6強以上,,,13106,台東区,Tokyo Metropolitan,Designated,記念物,史跡,point,太宰春台墓,想定震度,都心西部直下地震,想定震度｜都心西部直下地震
242,seismic,都心西部直下地震,6.059,6強以上,,,13106,台東区,Tokyo Metropolitan,Designated,記念物,史跡,point,浄厳律師墓,想定震度,都心西部直下地震,想定震度｜都心西部直下地震
243,seismic,都心西部直下地震,5.768,6弱,,,13106,台東区,Tokyo Metropolitan,Designated,記念物,史跡,point,子規庵,想定震度,都心西部直下地震,想定震度｜都心西部直下地震
244,seismic,都心西部直下地震,5.774,6弱,,,13106,台東区,Tokyo Metropolitan,Designated,記念物,史跡,point,中村不折旧宅(書道博物館),想定震度,都心西部直下地震,想定震度｜都心西部直下地震
131067100003,seismic,都心西部直下地震,5.891,6弱,,,13106,台東区,Municipal,Designated,民俗文化財,有形民俗文化財,point,旧吉田屋酒店,想定震度,都心西部直下地震,想定震度｜都心西部直下地震
131067100027,seismic,都心西部直下地震,5.845,6弱,,,13106,台東区,Municipal,Other,記念物,史跡,point,狩野芳崖墓 附 狩野芳崖翁碑,想定震度,都心西部直下地震,想定震度｜都心西部直下地震
131067100029,seismic,都心西部直下地震,6.249,6強以上,,,13106,台東区,Municipal,Other,有形文化財,建造物,building_direct,石造宝篋印塔,想定震度,都心西部直下地震,想定震度｜都心西部直下地震
131067100039,seismic,都心西部直下地震,5.789,6弱,,,13106,台東区,Municipal,Other,記念物,史跡,point,大沼枕山墓,想定震度,都心西部直下地震,想定震度｜都心西部直下地震
131067100046,seismic,都心西部直下地震,5.83,6弱,,,13106,台東区,Municipal,Other,記念物,史跡,point,藤堂家墓所,想定震度,都心西部直下地震,想定震度｜都心西部直下地震
131067100047,seismic,都心西部直下地震,5.789,6弱,,,13106,台東区,Municipal,Other,記念物,史跡,point,河鍋暁斎墓,想定震度,都心西部直下地震,想定震度｜都心西部直下地震
131067100052,seismic,都心西部直下地震,5.856,6弱,,,13106,台東区,Municipal,Other,記念物,史跡,point,福地源一郎(桜痴)墓,想定震度,都心西部直下地震,想定震度｜都心西部直下地震
131067100053,seismic,都心西部直下地震,6.126,6強以上,,,13106,台東区,Municipal,Other,記念物,史跡,point,横山大観旧居,想定震度,都心西部直下地震,想定震度｜都心西部直下地震
131067100059,seismic,都心西部直下地震,6.088,6強以上,,,13106,台東区,Municipal,Other,民俗文化財,有形民俗文化財,point,延寿寺日荷堂絵馬群,想定震度,都心西部直下地震,想定震度｜都心西部直下地震
131067100060,seismic,都心西部直下地震,6.304,6強以上,,,13106,台東区,Municipal,Other,記念物,史跡,point,柴田是真墓,想定震度,都心西部直下地震,想定震度｜都心西部直下地震
131067100066,seismic,都心西部直下地震,6.13,6強以上,,,13106,台東区,Municipal,Other,記念物,史跡,point,町田久成墓,想定震度,都心西部直下地震,想定震度｜都心西部直下地震
131067100067,seismic,都心西部直下地震,5.856,6弱,,,13106,台東区,Municipal,Other,記念物,史跡,point,田中芳男墓,想定震度,都心西部直下地震,想定震度｜都心西部直下地震
131067100075,seismic,都心西部直下地震,6.354,6強以上,,,13106,台東区,Municipal,Designated,民俗文化財,有形民俗文化財,point,浅草浅間神社本殿并びに諸資料 付 境内地,想定震度,都心西部直下地震,想定震度｜都心西部直下地震
131067100110,seismic,都心西部直下地震,5.83,6弱,,,13106,台東区,Municipal,Other,有形文化財,建造物,building_direct,上野広小路三橋遺構 附 出土近世遺物一括,想定震度,都心西部直下地震,想定震度｜都心西部直下地震
131067100132,seismic,都心西部直下地震,6.304,6強以上,,,13106,台東区,Municipal,Other,民俗文化財,有形民俗文化財,point,大太刀(陰陽丸),想定震度,都心西部直下地震,想定震度｜都心西部直下地震
131067100134,seismic,都心西部直下地震,5.962,6弱,,,13106,台東区,Municipal,Other,有形文化財,建造物,building_direct,石造多宝塔,想定震度,都心西部直下地震,想定震度｜都心西部直下地震
131067100147,seismic,都心西部直下地震,5.962,6弱,,,13106,台東区,Municipal,Other,民俗文化財,有形民俗文化財,point,浅草寺絵馬・扁額群,想定震度,都心西部直下地震,想定震度｜都心西部直下地震
131067100162,seismic,都心西部直下地震,5.998,6弱,,,13106,台東区,Municipal,Other,民俗文化財,有形民俗文化財,point,吉徳これくしょん(和書),想定震度,都心西部直下地震,想定震度｜都心西部直下地震
131067100163,seismic,都心西部直下地震,5.998,6弱,,,13106,台東区,Municipal,Other,民俗文化財,有形民俗文化財,point,吉徳これくしょん(一枚刷),想定震度,都心西部直下地震,想定震度｜都心西部直下地震
131067100168,seismic,都心西部直下地震,5.998,6弱,,,13106,台東区,Municipal,Other,民俗文化財,有形民俗文化財,point,吉徳これくしょん〔芝居番付類(一枚刷)〕,想定震度,都心西部直下地震,想定震度｜都心西部直下地震
131067100171,seismic,都心西部直下地震,5.998,6弱,,,13106,台東区,Municipal,Other,民俗文化財,有形民俗文化財,point,吉徳これくしょん(古文書),想定震度,都心西部直下地震,想定震度｜都心西部直下地震
131067100174,seismic,都心西部直下地震,5.998,6弱,,,13106,台東区,Municipal,Other,民俗文化財,有形民俗文化財,point,吉徳これくしょん(羽子板),想定震度,都心西部直下地震,想定震度｜都心西部直下地震
131067100178,seismic,都心西部直下地震,5.998,6弱,,,13106,台東区,Municipal,Other,民俗文化財,有形民俗文化財,point,吉徳これくしょん(五月人形),想定震度,都心西部直下地震,想定震度｜都心西部直下地震
131067100181,seismic,都心西部直下地震,5.998,6弱,,,13106,台東区,Municipal,Other,民俗文化財,有形民俗文化財,point,吉徳これくしょん(雛人形),想定震度,都心西部直下地震,想定震度｜都心西部直下地震
131067100182,seismic,都心西部直下地震,5.856,6弱,,,13106,台東区,Municipal,Other,記念物,史跡,point,渋沢栄一家墓所,想定震度,都心西部直下地震,想定震度｜都心西部直下地震
131067100187,seismic,都心西部直下地震,5.83,6弱,,,13106,台東区,Municipal,Other,記念物,史跡,point,徳川家光薨去に伴う殉死者の墓,想定震度,都心西部直下地震,想定震度｜都心西部直下地震
official_export_001:0,seismic,都心西部直下地震,5.912,6弱,,,13106,台東区,National,Designated,有形文化財,建造物,building_direct,浅草神社,想定震度,都心西部直下地震,想定震度｜都心西部直下地震
official_export_001:1,seismic,都心西部直下地震,5.912,6弱,,,13106,台東区,National,Designated,有形文化財,建造物,building_direct,浅草神社,想定震度,都心西部直下地震,想定震度｜都心西部直下地震
official_export_001:6,seismic,都心西部直下地震,5.86,6弱,,,13106,台東区,National,Designated,有形文化財,建造物,building_direct,旧岩崎家住宅(東京都台東区池之端一丁目),想定震度,都心西部直下地震,想定震度｜都心西部直下地震
official_export_001:7,seismic,都心西部直下地震,5.86,6弱,,,13106,台東区,National,Designated,有形文化財,建造物,building_direct,旧岩崎家住宅(東京都台東区池之端一丁目),想定震度,都心西部直下地震,想定震度｜都心西部直下地震
official_export_001:8,seismic,都心西部直下地震,5.846,6弱,,,13106,台東区,National,Designated,有形文化財,建造物,building_direct,旧岩崎家住宅(東京都台東区池之端一丁目),想定震度,都心西部直下地震,想定震度｜都心西部直下地震
official_export_001:9,seismic,都心西部直下地震,5.8,6弱,,,13106,台東区,National,Designated,有形文化財,建造物,building_direct,旧因州池田屋敷表門,想定震度,都心西部直下地震,想定震度｜都心西部直下地震
official_export_001:21,seismic,都心西部直下地震,5.802,6弱,,,13106,台東区,National,Designated,有形文化財,建造物,building_direct,寛永寺旧本坊表門(黒門),想定震度,都心西部直下地震,想定震度｜都心西部直下地震
official_export_001:22,seismic,都心西部直下地震,5.804,6弱,,,13106,台東区,National,Designated,有形文化財,建造物,building_direct,寛永寺清水堂,想定震度,都心西部直下地震,想定震度｜都心西部直下地震
official_export_001:23,seismic,都心西部直下地震,5.73,6弱,,,13106,台東区,National,Designated,有形文化財,建造物,building_direct,旧寛永寺五重塔,想定震度,都心西部直下地震,想定震度｜都心西部直下地震
official_export_001:42,seismic,都心西部直下地震,5.785,6弱,,,13106,台東区,National,Designated,有形文化財,建造物,building_direct,旧東京科学博物館本館,想定震度,都心西部直下地震,想定震度｜都心西部直下地震
official_export_001:56,seismic,都心西部直下地震,5.877,6弱,,,13106,台東区,National,Designated,有形文化財,建造物,building_direct,厳有院霊廟奥院,想定震度,都心西部直下地震,想定震度｜都心西部直下地震
official_export_001:58,seismic,都心西部直下地震,5.858,6弱,,,13106,台東区,National,Designated,有形文化財,建造物,building_direct,厳有院霊廟勅額門及び水盤舎,想定震度,都心西部直下地震,想定震度｜都心西部直下地震
official_export_001:59,seismic,都心西部直下地震,5.86,6弱,,,13106,台東区,National,Designated,有形文化財,建造物,building_direct,厳有院霊廟勅額門及び水盤舎,想定震度,都心西部直下地震,想定震度｜都心西部直下地震
official_export_001:60,seismic,都心西部直下地震,5.759,6弱,,,13106,台東区,National,Designated,有形文化財,建造物,building_direct,国立西洋美術館本館,想定震度,都心西部直下地震,想定震度｜都心西部直下地震
official_export_001:73,seismic,都心西部直下地震,5.823,6弱,,,13106,台東区,National,Designated,有形文化財,建造物,building_direct,旧十輪院宝蔵,想定震度,都心西部直下地震,想定震度｜都心西部直下地震
official_export_001:74,seismic,都心西部直下地震,5.873,6弱,,,13106,台東区,National,Designated,有形文化財,建造物,building_direct,常憲院霊廟奥院,想定震度,都心西部直下地震,想定震度｜都心西部直下地震
official_export_001:76,seismic,都心西部直下地震,5.873,6弱,,,13106,台東区,National,Designated,有形文化財,建造物,building_direct,常憲院霊廟勅額門及び水盤舎,想定震度,都心西部直下地震,想定震度｜都心西部直下地震
official_export_001:77,seismic,都心西部直下地震,5.873,6弱,,,13106,台東区,National,Designated,有形文化財,建造物,building_direct,常憲院霊廟勅額門及び水盤舎,想定震度,都心西部直下地震,想定震度｜都心西部直下地震
official_export_001:85,seismic,都心西部直下地震,5.991,6弱,,,13106,台東区,National,Designated,有形文化財,建造物,building_direct,浅草寺伝法院,想定震度,都心西部直下地震,想定震度｜都心西部直下地震
official_export_001:86,seismic,都心西部直下地震,5.991,6弱,,,13106,台東区,National,Designated,有形文化財,建造物,building_direct,浅草寺伝法院,想定震度,都心西部直下地震,想定震度｜都心西部直下地震
official_export_001:87,seismic,都心西部直下地震,5.991,6弱,,,13106,台東区,National,Designated,有形文化財,建造物,building_direct,浅草寺伝法院,想定震度,都心西部直下地震,想定震度｜都心西部直下地震
official_export_001:88,seismic,都心西部直下地震,5.991,6弱,,,13106,台東区,National,Designated,有形文化財,建造物,building_direct,浅草寺伝法院,想定震度,都心西部直下地震,想定震度｜都心西部直下地震
official_export_001:89,seismic,都心西部直下地震,5.991,6弱,,,13106,台東区,National,Designated,有形文化財,建造物,building_direct,浅草寺伝法院,想定震度,都心西部直下地震,想定震度｜都心西部直下地震
official_export_001:90,seismic,都心西部直下地震,5.967,6弱,,,13106,台東区,National,Designated,有形文化財,建造物,building_direct,浅草寺伝法院,想定震度,都心西部直下地震,想定震度｜都心西部直下地震
official_export_001:91,seismic,都心西部直下地震,5.92,6弱,,,13106,台東区,National,Designated,有形文化財,建造物,building_direct,浅草寺二天門,想定震度,都心西部直下地震,想定震度｜都心西部直下地震
official_export_001:104,seismic,都心西部直下地震,5.787,6弱,,,13106,台東区,National,Designated,有形文化財,建造物,building_direct,旧東京音楽学校奏楽堂,想定震度,都心西部直下地震,想定震度｜都心西部直下地震
official_export_001:105,seismic,都心西部直下地震,5.839,6弱,,,13106,台東区,National,Designated,有形文化財,建造物,building_direct,旧東京帝室博物館本館,想定震度,都心西部直下地震,想定震度｜都心西部直下地震
official_export_001:107,seismic,都心西部直下地震,5.723,6弱,,,13106,台東区,National,Designated,有形文化財,建造物,building_direct,東照宮社殿,想定震度,都心西部直下地震,想定震度｜都心西部直下地震
official_export_001:108,seismic,都心西部直下地震,5.723,6弱,,,13106,台東区,National,Designated,有形文化財,建造物,building_direct,東照宮社殿,想定震度,都心西部直下地震,想定震度｜都心西部直下地震
official_export_001:109,seismic,都心西部直下地震,5.723,6弱,,,13106,台東区,National,Designated,有形文化財,建造物,building_direct,東照宮社殿,想定震度,都心西部直下地震,想定震度｜都心西部直下地震
official_export_001:110,seismic,都心西部直下地震,5.824,6弱,,,13106,台東区,National,Designated,有形文化財,建造物,building_direct,東照宮社殿,想定震度,都心西部直下地震,想定震度｜都心西部直下地震
official_export_001:126,seismic,都心西部直下地震,5.818,6弱,,,13106,台東区,National,Designated,有形文化財,建造物,building_direct,表慶館,想定震度,都心西部直下地震,想定震度｜都心西部直下地震
official_export_002:28,seismic,都心西部直下地震,6.397,6強以上,,,13106,台東区,National,Registered,有形文化財,建造物,building_direct,伊勢屋店舗兼主屋,想定震度,都心西部直下地震,想定震度｜都心西部直下地震
official_export_002:29,seismic,都心西部直下地震,6.132,6強以上,,,13106,台東区,National,Registered,有形文化財,建造物,building_direct,市田家住宅裏門,想定震度,都心西部直下地震,想定震度｜都心西部直下地震
official_export_002:30,seismic,都心西部直下地震,5.828,6弱,,,13106,台東区,National,Registered,有形文化財,建造物,building_direct,市田家住宅表門,想定震度,都心西部直下地震,想定震度｜都心西部直下地震
official_export_002:31,seismic,都心西部直下地震,6.132,6強以上,,,13106,台東区,National,Registered,有形文化財,建造物,building_direct,市田家住宅蔵,想定震度,都心西部直下地震,想定震度｜都心西部直下地震
official_export_002:32,seismic,都心西部直下地震,6.132,6強以上,,,13106,台東区,National,Registered,有形文化財,建造物,building_direct,市田家住宅主屋,想定震度,都心西部直下地震,想定震度｜都心西部直下地震
official_export_002:40,seismic,都心西部直下地震,5.95,6弱,,,13106,台東区,National,Registered,有形文化財,建造物,building_direct,今半別館北棟,想定震度,都心西部直下地震,想定震度｜都心西部直下地震
official_export_002:41,seismic,都心西部直下地震,5.954,6弱,,,13106,台東区,National,Registered,有形文化財,建造物,building_direct,今半別館玄関棟,想定震度,都心西部直下地震,想定震度｜都心西部直下地震
official_export_002:42,seismic,都心西部直下地震,5.95,6弱,,,13106,台東区,National,Registered,有形文化財,建造物,building_direct,今半別館南棟,想定震度,都心西部直下地震,想定震度｜都心西部直下地震
official_export_002:43,seismic,都心西部直下地震,6.074,6強以上,,,13106,台東区,National,Registered,有形文化財,建造物,building_direct,今半本店北奥座敷,想定震度,都心西部直下地震,想定震度｜都心西部直下地震
official_export_002:44,seismic,都心西部直下地震,6.074,6強以上,,,13106,台東区,National,Registered,有形文化財,建造物,building_direct,今半本店西奥座敷,想定震度,都心西部直下地震,想定震度｜都心西部直下地震
official_export_002:45,seismic,都心西部直下地震,6.074,6強以上,,,13106,台東区,National,Registered,有形文化財,建造物,building_direct,今半本店東奥座敷,想定震度,都心西部直下地震,想定震度｜都心西部直下地震
official_export_002:46,seismic,都心西部直下地震,6.108,6強以上,,,13106,台東区,National,Registered,有形文化財,建造物,building_direct,岩田家住宅和館,想定震度,都心西部直下地震,想定震度｜都心西部直下地震
official_export_002:107,seismic,都心西部直下地震,6.059,6強以上,,,13106,台東区,National,Registered,有形文化財,建造物,building_direct,神谷バー本館,想定震度,都心西部直下地震,想定震度｜都心西部直下地震
official_export_002:112,seismic,都心西部直下地震,5.881,6弱,,,13106,台東区,National,Registered,有形文化財,建造物,building_direct,寛永寺葵の間,想定震度,都心西部直下地震,想定震度｜都心西部直下地震
official_export_002:113,seismic,都心西部直下地震,5.807,6弱,,,13106,台東区,National,Registered,有形文化財,建造物,building_direct,寛永寺護国院庫裏,想定震度,都心西部直下地震,想定震度｜都心西部直下地震
official_export_002:114,seismic,都心西部直下地震,5.881,6弱,,,13106,台東区,National,Registered,有形文化財,建造物,building_direct,寛永寺根本中堂,想定震度,都心西部直下地震,想定震度｜都心西部直下地震
official_export_002:115,seismic,都心西部直下地震,5.888,6弱,,,13106,台東区,National,Registered,有形文化財,建造物,building_direct,寛永寺渋沢家霊堂,想定震度,都心西部直下地震,想定震度｜都心西部直下地震
official_export_002:124,seismic,都心西部直下地震,5.839,6弱,,,13106,台東区,National,Registered,有形文化財,建造物,building_direct,観音寺客殿,想定震度,都心西部直下地震,想定震度｜都心西部直下地震
official_export_002:125,seismic,都心西部直下地震,5.84,6弱,,,13106,台東区,National,Registered,有形文化財,建造物,building_direct,観音寺築地塀,想定震度,都心西部直下地震,想定震度｜都心西部直下地震
official_export_002:132,seismic,都心西部直下地震,6.145,6強以上,,,13106,台東区,National,Registered,有形文化財,建造物,building_direct,ギャラリー・エフ蔵(株式会社淵川金属事務所),想定震度,都心西部直下地震,想定震度｜都心西部直下地震
official_export_002:139,seismic,都心西部直下地震,6.077,6強以上,,,13106,台東区,National,Registered,有形文化財,建造物,building_direct,旧井阪屋本店河合ビル,想定震度,都心西部直下地震,想定震度｜都心西部直下地震
official_export_002:140,seismic,都心西部直下地震,6.055,6強以上,,,13106,台東区,National,Registered,有形文化財,建造物,building_direct,旧井阪屋本店河合ビル稲荷社,想定震度,都心西部直下地震,想定震度｜都心西部直下地震
official_export_002:144,seismic,都心西部直下地震,6.148,6強以上,,,13106,台東区,National,Registered,有形文化財,建造物,building_direct,旧柏湯,想定震度,都心西部直下地震,想定震度｜都心西部直下地震
official_export_002:145,seismic,都心西部直下地震,5.895,6弱,,,13106,台東区,National,Registered,有形文化財,建造物,building_direct,旧唐木田家住宅主屋,想定震度,都心西部直下地震,想定震度｜都心西部直下地震
official_export_002:147,seismic,都心西部直下地震,5.891,6弱,,,13106,台東区,National,Registered,有形文化財,建造物,building_direct,旧川嶋屋米倉庫,想定震度,都心西部直下地震,想定震度｜都心西部直下地震
official_export_002:148,seismic,都心西部直下地震,5.896,6弱,,,13106,台東区,National,Registered,有形文化財,建造物,building_direct,旧川嶋屋店舗兼住居,想定震度,都心西部直下地震,想定震度｜都心西部直下地震
official_export_002:195,seismic,都心西部直下地震,6.131,6強以上,,,13106,台東区,National,Registered,有形文化財,建造物,building_direct,教證寺客殿,想定震度,都心西部直下地震,想定震度｜都心西部直下地震
official_export_002:196,seismic,都心西部直下地震,6.131,6強以上,,,13106,台東区,National,Registered,有形文化財,建造物,building_direct,教證寺本堂,想定震度,都心西部直下地震,想定震度｜都心西部直下地震
official_export_002:205,seismic,都心西部直下地震,5.858,6弱,,,13106,台東区,National,Registered,有形文化財,建造物,building_direct,黒沢ビル,想定震度,都心西部直下地震,想定震度｜都心西部直下地震
official_export_002:243,seismic,都心西部直下地震,6.34,6強以上,,,13106,台東区,National,Registered,有形文化財,建造物,building_direct,西徳寺本堂,想定震度,都心西部直下地震,想定震度｜都心西部直下地震
official_export_002:274,seismic,都心西部直下地震,5.858,6弱,,,13106,台東区,National,Registered,有形文化財,建造物,building_direct,すぺーす小倉屋蔵,想定震度,都心西部直下地震,想定震度｜都心西部直下地震
official_export_002:275,seismic,都心西部直下地震,5.858,6弱,,,13106,台東区,National,Registered,有形文化財,建造物,building_direct,すぺーす小倉屋店舗,想定震度,都心西部直下地震,想定震度｜都心西部直下地震
official_export_002:282,seismic,都心西部直下地震,6.313,6強以上,,,13106,台東区,National,Registered,有形文化財,建造物,building_direct,タイガービルヂング,想定震度,都心西部直下地震,想定震度｜都心西部直下地震
official_export_002:283,seismic,都心西部直下地震,5.848,6弱,,,13106,台東区,National,Registered,有形文化財,建造物,building_direct,台東区立朝倉彫塑館東屋,想定震度,都心西部直下地震,想定震度｜都心西部直下地震
official_export_002:284,seismic,都心西部直下地震,5.848,6弱,,,13106,台東区,National,Registered,有形文化財,建造物,building_direct,台東区立朝倉彫塑館アトリエ棟,想定震度,都心西部直下地震,想定震度｜都心西部直下地震
official_export_002:285,seismic,都心西部直下地震,5.859,6弱,,,13106,台東区,National,Registered,有形文化財,建造物,building_direct,台東区立朝倉彫塑館旧アトリエ,想定震度,都心西部直下地震,想定震度｜都心西部直下地震
official_export_002:286,seismic,都心西部直下地震,5.859,6弱,,,13106,台東区,National,Registered,有形文化財,建造物,building_direct,台東区立朝倉彫塑館住居,想定震度,都心西部直下地震,想定震度｜都心西部直下地震
official_export_002:311,seismic,都心西部直下地震,5.976,6弱,,,13106,台東区,National,Registered,有形文化財,建造物,building_direct,茶寮一松表門及び塀,想定震度,都心西部直下地震,想定震度｜都心西部直下地震
official_export_002:312,seismic,都心西部直下地震,6.053,6強以上,,,13106,台東区,National,Registered,有形文化財,建造物,building_direct,茶寮一松店舗及び住居,想定震度,都心西部直下地震,想定震度｜都心西部直下地震
official_export_002:325,seismic,都心西部直下地震,5.805,6弱,,,13106,台東区,National,Registered,有形文化財,建造物,building_direct,燕湯,想定震度,都心西部直下地震,想定震度｜都心西部直下地震
official_export_002:326,seismic,都心西部直下地震,5.891,6弱,,,13106,台東区,National,Registered,有形文化財,建造物,building_direct,手焼せんべい嵯峨の家店舗,想定震度,都心西部直下地震,想定震度｜都心西部直下地震
official_export_002:357,seismic,都心西部直下地震,6.089,6強以上,,,13106,台東区,National,Registered,有形文化財,建造物,building_direct,東京地下鉄銀座線浅草駅四番出入口上家,想定震度,都心西部直下地震,想定震度｜都心西部直下地震
official_export_002:362,seismic,都心西部直下地震,5.814,6弱,,,13106,台東区,National,Registered,有形文化財,建造物,building_direct,東京文化財研究所黒田記念館書庫,想定震度,都心西部直下地震,想定震度｜都心西部直下地震
official_export_002:363,seismic,都心西部直下地震,5.814,6弱,,,13106,台東区,National,Registered,有形文化財,建造物,building_direct,東京文化財研究所黒田記念館本館,想定震度,都心西部直下地震,想定震度｜都心西部直下地震
official_export_002:367,seismic,都心西部直下地震,6.397,6強以上,,,13106,台東区,National,Registered,有形文化財,建造物,building_direct,中江店舗,想定震度,都心西部直下地震,想定震度｜都心西部直下地震
official_export_002:376,seismic,都心西部直下地震,6.055,6強以上,,,13106,台東区,National,Registered,有形文化財,建造物,building_direct,難波商店店舗兼主屋,想定震度,都心西部直下地震,想定震度｜都心西部直下地震
official_export_002:385,seismic,都心西部直下地震,5.9,6弱,,,13106,台東区,National,Registered,有形文化財,建造物,building_direct,日本聖公会浅草聖ヨハネ教会,想定震度,都心西部直下地震,想定震度｜都心西部直下地震
official_export_002:394,seismic,都心西部直下地震,5.868,6弱,,,13106,台東区,National,Registered,有形文化財,建造物,building_direct,花重店舗,想定震度,都心西部直下地震,想定震度｜都心西部直下地震
official_export_003:2,seismic,都心西部直下地震,6.042,6強以上,,,13106,台東区,National,Designated,記念物,天然記念物,point,伊能忠敬墓,想定震度,都心西部直下地震,想定震度｜都心西部直下地震
official_export_003:14,seismic,都心西部直下地震,5.935,6弱,,,13106,台東区,National,Designated,記念物,天然記念物,point,蒲生君平墓,想定震度,都心西部直下地震,想定震度｜都心西部直下地震
official_export_003:16,seismic,都心西部直下地震,5.848,6弱,,,13106,台東区,National,Designated,記念物,天然記念物,point,旧朝倉文夫氏庭園,想定震度,都心西部直下地震,想定震度｜都心西部直下地震
official_export_003:42,seismic,都心西部直下地震,6.042,6強以上,,,13106,台東区,National,Designated,記念物,天然記念物,point,高橋至時墓,想定震度,都心西部直下地震,想定震度｜都心西部直下地震
official_export_003:59,seismic,都心西部直下地震,6.279,6強以上,,,13106,台東区,National,Designated,記念物,天然記念物,point,平賀源内墓,想定震度,都心西部直下地震,想定震度｜都心西部直下地震
official_export_003:72,seismic,都心西部直下地震,6.118,6強以上,,,13106,台東区,National,Designated,記念物,天然記念物,point,横山大観旧宅及び庭園,想定震度,都心西部直下地震,想定震度｜都心西部直下地震
3,seismic,多摩東部直下地震,5.8164,6弱,,,13106,台東区,Tokyo Metropolitan,Designated,有形文化財,建造物,building_direct,浅草寺六角堂,想定震度,多摩東部直下地震,想定震度｜多摩東部直下地震
94,seismic,多摩東部直下地震,6.0464,6強以上,,,13106,台東区,Tokyo Metropolitan,Designated,有形文化財,歴史資料,point,西仏板碑,想定震度,多摩東部直下地震,想定震度｜多摩東部直下地震
157,seismic,多摩東部直下地震,5.8164,6弱,,,13106,台東区,Tokyo Metropolitan,Designated,記念物,旧跡,point,戸田茂睡墓,想定震度,多摩東部直下地震,想定震度｜多摩東部直下地震
158,seismic,多摩東部直下地震,5.8164,6弱,,,13106,台東区,Tokyo Metropolitan,Designated,記念物,旧跡,point,六地蔵石燈籠,想定震度,多摩東部直下地震,想定震度｜多摩東部直下地震
159,seismic,多摩東部直下地震,6.077,6強以上,,,13106,台東区,Tokyo Metropolitan,Designated,記念物,旧跡,point,玉川庄右衛門及び同清右衛門墓,想定震度,多摩東部直下地震,想定震度｜多摩東部直下地震
160,seismic,多摩東部直下地震,5.7888,6弱,,,13106,台東区,Tokyo Metropolitan,Designated,記念物,旧跡,point,大久保主水墓,想定震度,多摩東部直下地震,想定震度｜多摩東部直下地震
161,seismic,多摩東部直下地震,5.966,6弱,,,13106,台東区,Tokyo Metropolitan,Designated,記念物,旧跡,point,谷文晁墓,想定震度,多摩東部直下地震,想定震度｜多摩東部直下地震
162,seismic,多摩東部直下地震,5.966,6弱,,,13106,台東区,Tokyo Metropolitan,Designated,記念物,旧跡,point,幡随院長兵衛墓,想定震度,多摩東部直下地震,想定震度｜多摩東部直下地震
163,seismic,多摩東部直下地震,5.7904,6弱,,,13106,台東区,Tokyo Metropolitan,Designated,記念物,旧跡,point,慈海僧正墓,想定震度,多摩東部直下地震,想定震度｜多摩東部直下地震
164,seismic,多摩東部直下地震,5.9226,6弱,,,13106,台東区,Tokyo Metropolitan,Designated,記念物,旧跡,point,葛飾北斎墓,想定震度,多摩東部直下地震,想定震度｜多摩東部直下地震
165,seismic,多摩東部直下地震,5.8146,6弱,,,13106,台東区,Tokyo Metropolitan,Designated,記念物,旧跡,point,山田宗?墓,想定震度,多摩東部直下地震,想定震度｜多摩東部直下地震
166,seismic,多摩東部直下地震,5.7904,6弱,,,13106,台東区,Tokyo Metropolitan,Designated,記念物,旧跡,point,了翁禅師塔碑,想定震度,多摩東部直下地震,想定震度｜多摩東部直下地震
167,seismic,多摩東部直下地震,5.63,6弱,,,13106,台東区,Tokyo Metropolitan,Designated,記念物,旧跡,point,天海僧正毛髪塔,想定震度,多摩東部直下地震,想定震度｜多摩東部直下地震
168,seismic,多摩東部直下地震,5.9978,6弱,,,13106,台東区,Tokyo Metropolitan,Designated,記念物,旧跡,point,樋口定伊墓,想定震度,多摩東部直下地震,想定震度｜多摩東部直下地震
169,seismic,多摩東部直下地震,5.757,6弱,,,13106,台東区,Tokyo Metropolitan,Designated,記念物,旧跡,point,山岡鉄舟墓,想定震度,多摩東部直下地震,想定震度｜多摩東部直下地震
170,seismic,多摩東部直下地震,5.757,6弱,,,13106,台東区,Tokyo Metropolitan,Designated,記念物,旧跡,point,三遊亭円朝墓,想定震度,多摩東部直下地震,想定震度｜多摩東部直下地震
206,seismic,多摩東部直下地震,5.8516,6弱,,,13106,台東区,Tokyo Metropolitan,Designated,記念物,天然記念物,point,玉林寺のシイ,想定震度,多摩東部直下地震,想定震度｜多摩東部直下地震
241,seismic,多摩東部直下地震,6.006,6強以上,,,13106,台東区,Tokyo Metropolitan,Designated,記念物,史跡,point,太宰春台墓,想定震度,多摩東部直下地震,想定震度｜多摩東部直下地震
242,seismic,多摩東部直下地震,5.9978,6弱,,,13106,台東区,Tokyo Metropolitan,Designated,記念物,史跡,point,浄厳律師墓,想定震度,多摩東部直下地震,想定震度｜多摩東部直下地震
243,seismic,多摩東部直下地震,5.679,6弱,,,13106,台東区,Tokyo Metropolitan,Designated,記念物,史跡,point,子規庵,想定震度,多摩東部直下地震,想定震度｜多摩東部直下地震
244,seismic,多摩東部直下地震,5.683,6弱,,,13106,台東区,Tokyo Metropolitan,Designated,記念物,史跡,point,中村不折旧宅(書道博物館),想定震度,多摩東部直下地震,想定震度｜多摩東部直下地震
131067100003,seismic,多摩東部直下地震,5.8124,6弱,,,13106,台東区,Municipal,Designated,民俗文化財,有形民俗文化財,point,旧吉田屋酒店,想定震度,多摩東部直下地震,想定震度｜多摩東部直下地震
131067100027,seismic,多摩東部直下地震,5.7818,6弱,,,13106,台東区,Municipal,Other,記念物,史跡,point,狩野芳崖墓 附 狩野芳崖翁碑,想定震度,多摩東部直下地震,想定震度｜多摩東部直下地震
131067100029,seismic,多摩東部直下地震,6.1198,6強以上,,,13106,台東区,Municipal,Other,有形文化財,建造物,building_direct,石造宝篋印塔,想定震度,多摩東部直下地震,想定震度｜多摩東部直下地震
131067100039,seismic,多摩東部直下地震,5.7566,6弱,,,13106,台東区,Municipal,Other,記念物,史跡,point,大沼枕山墓,想定震度,多摩東部直下地震,想定震度｜多摩東部直下地震
131067100046,seismic,多摩東部直下地震,5.7356,6弱,,,13106,台東区,Municipal,Other,記念物,史跡,point,藤堂家墓所,想定震度,多摩東部直下地震,想定震度｜多摩東部直下地震
131067100047,seismic,多摩東部直下地震,5.7566,6弱,,,13106,台東区,Municipal,Other,記念物,史跡,point,河鍋暁斎墓,想定震度,多摩東部直下地震,想定震度｜多摩東部直下地震
131067100052,seismic,多摩東部直下地震,5.7966,6弱,,,13106,台東区,Municipal,Other,記念物,史跡,point,福地源一郎(桜痴)墓,想定震度,多摩東部直下地震,想定震度｜多摩東部直下地震
131067100053,seismic,多摩東部直下地震,6.0536,6強以上,,,13106,台東区,Municipal,Other,記念物,史跡,point,横山大観旧居,想定震度,多摩東部直下地震,想定震度｜多摩東部直下地震
131067100059,seismic,多摩東部直下地震,6.0086,6強以上,,,13106,台東区,Municipal,Other,民俗文化財,有形民俗文化財,point,延寿寺日荷堂絵馬群,想定震度,多摩東部直下地震,想定震度｜多摩東部直下地震
131067100060,seismic,多摩東部直下地震,6.1762,6強以上,,,13106,台東区,Municipal,Other,記念物,史跡,point,柴田是真墓,想定震度,多摩東部直下地震,想定震度｜多摩東部直下地震
131067100066,seismic,多摩東部直下地震,6.0396,6強以上,,,13106,台東区,Municipal,Other,記念物,史跡,point,町田久成墓,想定震度,多摩東部直下地震,想定震度｜多摩東部直下地震
131067100067,seismic,多摩東部直下地震,5.7966,6弱,,,13106,台東区,Municipal,Other,記念物,史跡,point,田中芳男墓,想定震度,多摩東部直下地震,想定震度｜多摩東部直下地震
131067100075,seismic,多摩東部直下地震,6.2362,6強以上,,,13106,台東区,Municipal,Designated,民俗文化財,有形民俗文化財,point,浅草浅間神社本殿并びに諸資料 付 境内地,想定震度,多摩東部直下地震,想定震度｜多摩東部直下地震
131067100110,seismic,多摩東部直下地震,5.7356,6弱,,,13106,台東区,Municipal,Other,有形文化財,建造物,building_direct,上野広小路三橋遺構 附 出土近世遺物一括,想定震度,多摩東部直下地震,想定震度｜多摩東部直下地震
131067100132,seismic,多摩東部直下地震,6.1762,6強以上,,,13106,台東区,Municipal,Other,民俗文化財,有形民俗文化財,point,大太刀(陰陽丸),想定震度,多摩東部直下地震,想定震度｜多摩東部直下地震
131067100134,seismic,多摩東部直下地震,5.8766,6弱,,,13106,台東区,Municipal,Other,有形文化財,建造物,building_direct,石造多宝塔,想定震度,多摩東部直下地震,想定震度｜多摩東部直下地震
131067100147,seismic,多摩東部直下地震,5.8766,6弱,,,13106,台東区,Municipal,Other,民俗文化財,有形民俗文化財,point,浅草寺絵馬・扁額群,想定震度,多摩東部直下地震,想定震度｜多摩東部直下地震
131067100162,seismic,多摩東部直下地震,5.8912,6弱,,,13106,台東区,Municipal,Other,民俗文化財,有形民俗文化財,point,吉徳これくしょん(和書),想定震度,多摩東部直下地震,想定震度｜多摩東部直下地震
131067100163,seismic,多摩東部直下地震,5.8912,6弱,,,13106,台東区,Municipal,Other,民俗文化財,有形民俗文化財,point,吉徳これくしょん(一枚刷),想定震度,多摩東部直下地震,想定震度｜多摩東部直下地震
131067100168,seismic,多摩東部直下地震,5.8912,6弱,,,13106,台東区,Municipal,Other,民俗文化財,有形民俗文化財,point,吉徳これくしょん〔芝居番付類(一枚刷)〕,想定震度,多摩東部直下地震,想定震度｜多摩東部直下地震
131067100171,seismic,多摩東部直下地震,5.8912,6弱,,,13106,台東区,Municipal,Other,民俗文化財,有形民俗文化財,point,吉徳これくしょん(古文書),想定震度,多摩東部直下地震,想定震度｜多摩東部直下地震
131067100174,seismic,多摩東部直下地震,5.8912,6弱,,,13106,台東区,Municipal,Other,民俗文化財,有形民俗文化財,point,吉徳これくしょん(羽子板),想定震度,多摩東部直下地震,想定震度｜多摩東部直下地震
131067100178,seismic,多摩東部直下地震,5.8912,6弱,,,13106,台東区,Municipal,Other,民俗文化財,有形民俗文化財,point,吉徳これくしょん(五月人形),想定震度,多摩東部直下地震,想定震度｜多摩東部直下地震
131067100181,seismic,多摩東部直下地震,5.8912,6弱,,,13106,台東区,Municipal,Other,民俗文化財,有形民俗文化財,point,吉徳これくしょん(雛人形),想定震度,多摩東部直下地震,想定震度｜多摩東部直下地震
131067100182,seismic,多摩東部直下地震,5.7966,6弱,,,13106,台東区,Municipal,Other,記念物,史跡,point,渋沢栄一家墓所,想定震度,多摩東部直下地震,想定震度｜多摩東部直下地震
131067100187,seismic,多摩東部直下地震,5.7356,6弱,,,13106,台東区,Municipal,Other,記念物,史跡,point,徳川家光薨去に伴う殉死者の墓,想定震度,多摩東部直下地震,想定震度｜多摩東部直下地震
official_export_001:0,seismic,多摩東部直下地震,5.8228,6弱,,,13106,台東区,National,Designated,有形文化財,建造物,building_direct,浅草神社,想定震度,多摩東部直下地震,想定震度｜多摩東部直下地震
official_export_001:1,seismic,多摩東部直下地震,5.8228,6弱,,,13106,台東区,National,Designated,有形文化財,建造物,building_direct,浅草神社,想定震度,多摩東部直下地震,想定震度｜多摩東部直下地震
official_export_001:6,seismic,多摩東部直下地震,5.8114,6弱,,,13106,台東区,National,Designated,有形文化財,建造物,building_direct,旧岩崎家住宅(東京都台東区池之端一丁目),想定震度,多摩東部直下地震,想定震度｜多摩東部直下地震
official_export_001:7,seismic,多摩東部直下地震,5.8114,6弱,,,13106,台東区,National,Designated,有形文化財,建造物,building_direct,旧岩崎家住宅(東京都台東区池之端一丁目),想定震度,多摩東部直下地震,想定震度｜多摩東部直下地震
official_export_001:8,seismic,多摩東部直下地震,5.7984,6弱,,,13106,台東区,National,Designated,有形文化財,建造物,building_direct,旧岩崎家住宅(東京都台東区池之端一丁目),想定震度,多摩東部直下地震,想定震度｜多摩東部直下地震
official_export_001:9,seismic,多摩東部直下地震,5.7138,6弱,,,13106,台東区,National,Designated,有形文化財,建造物,building_direct,旧因州池田屋敷表門,想定震度,多摩東部直下地震,想定震度｜多摩東部直下地震
official_export_001:21,seismic,多摩東部直下地震,5.7142,6弱,,,13106,台東区,National,Designated,有形文化財,建造物,building_direct,寛永寺旧本坊表門(黒門),想定震度,多摩東部直下地震,想定震度｜多摩東部直下地震
official_export_001:22,seismic,多摩東部直下地震,5.727,6弱,,,13106,台東区,National,Designated,有形文化財,建造物,building_direct,寛永寺清水堂,想定震度,多摩東部直下地震,想定震度｜多摩東部直下地震
official_export_001:23,seismic,多摩東部直下地震,5.6708,6弱,,,13106,台東区,National,Designated,有形文化財,建造物,building_direct,旧寛永寺五重塔,想定震度,多摩東部直下地震,想定震度｜多摩東部直下地震
official_export_001:42,seismic,多摩東部直下地震,5.7032,6弱,,,13106,台東区,National,Designated,有形文化財,建造物,building_direct,旧東京科学博物館本館,想定震度,多摩東部直下地震,想定震度｜多摩東部直下地震
official_export_001:56,seismic,多摩東部直下地震,5.7798,6弱,,,13106,台東区,National,Designated,有形文化財,建造物,building_direct,厳有院霊廟奥院,想定震度,多摩東部直下地震,想定震度｜多摩東部直下地震
official_export_001:58,seismic,多摩東部直下地震,5.7614,6弱,,,13106,台東区,National,Designated,有形文化財,建造物,building_direct,厳有院霊廟勅額門及び水盤舎,想定震度,多摩東部直下地震,想定震度｜多摩東部直下地震
official_export_001:59,seismic,多摩東部直下地震,5.7668,6弱,,,13106,台東区,National,Designated,有形文化財,建造物,building_direct,厳有院霊廟勅額門及び水盤舎,想定震度,多摩東部直下地震,想定震度｜多摩東部直下地震
official_export_001:60,seismic,多摩東部直下地震,5.685,6弱,,,13106,台東区,National,Designated,有形文化財,建造物,building_direct,国立西洋美術館本館,想定震度,多摩東部直下地震,想定震度｜多摩東部直下地震
official_export_001:73,seismic,多摩東部直下地震,5.7362,6弱,,,13106,台東区,National,Designated,有形文化財,建造物,building_direct,旧十輪院宝蔵,想定震度,多摩東部直下地震,想定震度｜多摩東部直下地震
official_export_001:74,seismic,多摩東部直下地震,5.7762,6弱,,,13106,台東区,National,Designated,有形文化財,建造物,building_direct,常憲院霊廟奥院,想定震度,多摩東部直下地震,想定震度｜多摩東部直下地震
official_export_001:76,seismic,多摩東部直下地震,5.776,6弱,,,13106,台東区,National,Designated,有形文化財,建造物,building_direct,常憲院霊廟勅額門及び水盤舎,想定震度,多摩東部直下地震,想定震度｜多摩東部直下地震
official_export_001:77,seismic,多摩東部直下地震,5.776,6弱,,,13106,台東区,National,Designated,有形文化財,建造物,building_direct,常憲院霊廟勅額門及び水盤舎,想定震度,多摩東部直下地震,想定震度｜多摩東部直下地震
official_export_001:85,seismic,多摩東部直下地震,5.9036,6弱,,,13106,台東区,National,Designated,有形文化財,建造物,building_direct,浅草寺伝法院,想定震度,多摩東部直下地震,想定震度｜多摩東部直下地震
official_export_001:86,seismic,多摩東部直下地震,5.9036,6弱,,,13106,台東区,National,Designated,有形文化財,建造物,building_direct,浅草寺伝法院,想定震度,多摩東部直下地震,想定震度｜多摩東部直下地震
official_export_001:87,seismic,多摩東部直下地震,5.9036,6弱,,,13106,台東区,National,Designated,有形文化財,建造物,building_direct,浅草寺伝法院,想定震度,多摩東部直下地震,想定震度｜多摩東部直下地震
official_export_001:88,seismic,多摩東部直下地震,5.9036,6弱,,,13106,台東区,National,Designated,有形文化財,建造物,building_direct,浅草寺伝法院,想定震度,多摩東部直下地震,想定震度｜多摩東部直下地震
official_export_001:89,seismic,多摩東部直下地震,5.9036,6弱,,,13106,台東区,National,Designated,有形文化財,建造物,building_direct,浅草寺伝法院,想定震度,多摩東部直下地震,想定震度｜多摩東部直下地震
official_export_001:90,seismic,多摩東部直下地震,5.8834,6弱,,,13106,台東区,National,Designated,有形文化財,建造物,building_direct,浅草寺伝法院,想定震度,多摩東部直下地震,想定震度｜多摩東部直下地震
official_export_001:91,seismic,多摩東部直下地震,5.8268,6弱,,,13106,台東区,National,Designated,有形文化財,建造物,building_direct,浅草寺二天門,想定震度,多摩東部直下地震,想定震度｜多摩東部直下地震
official_export_001:104,seismic,多摩東部直下地震,5.7062,6弱,,,13106,台東区,National,Designated,有形文化財,建造物,building_direct,旧東京音楽学校奏楽堂,想定震度,多摩東部直下地震,想定震度｜多摩東部直下地震
official_export_001:105,seismic,多摩東部直下地震,5.7412,6弱,,,13106,台東区,National,Designated,有形文化財,建造物,building_direct,旧東京帝室博物館本館,想定震度,多摩東部直下地震,想定震度｜多摩東部直下地震
official_export_001:107,seismic,多摩東部直下地震,5.67,6弱,,,13106,台東区,National,Designated,有形文化財,建造物,building_direct,東照宮社殿,想定震度,多摩東部直下地震,想定震度｜多摩東部直下地震
official_export_001:108,seismic,多摩東部直下地震,5.67,6弱,,,13106,台東区,National,Designated,有形文化財,建造物,building_direct,東照宮社殿,想定震度,多摩東部直下地震,想定震度｜多摩東部直下地震
official_export_001:109,seismic,多摩東部直下地震,5.67,6弱,,,13106,台東区,National,Designated,有形文化財,建造物,building_direct,東照宮社殿,想定震度,多摩東部直下地震,想定震度｜多摩東部直下地震
official_export_001:110,seismic,多摩東部直下地震,5.7696,6弱,,,13106,台東区,National,Designated,有形文化財,建造物,building_direct,東照宮社殿,想定震度,多摩東部直下地震,想定震度｜多摩東部直下地震
official_export_001:126,seismic,多摩東部直下地震,5.728,6弱,,,13106,台東区,National,Designated,有形文化財,建造物,building_direct,表慶館,想定震度,多摩東部直下地震,想定震度｜多摩東部直下地震
official_export_002:28,seismic,多摩東部直下地震,6.255,6強以上,,,13106,台東区,National,Registered,有形文化財,建造物,building_direct,伊勢屋店舗兼主屋,想定震度,多摩東部直下地震,想定震度｜多摩東部直下地震
official_export_002:29,seismic,多摩東部直下地震,6.0406,6強以上,,,13106,台東区,National,Registered,有形文化財,建造物,building_direct,市田家住宅裏門,想定震度,多摩東部直下地震,想定震度｜多摩東部直下地震
official_export_002:30,seismic,多摩東部直下地震,5.7536,6弱,,,13106,台東区,National,Registered,有形文化財,建造物,building_direct,市田家住宅表門,想定震度,多摩東部直下地震,想定震度｜多摩東部直下地震
official_export_002:31,seismic,多摩東部直下地震,6.0406,6強以上,,,13106,台東区,National,Registered,有形文化財,建造物,building_direct,市田家住宅蔵,想定震度,多摩東部直下地震,想定震度｜多摩東部直下地震
official_export_002:32,seismic,多摩東部直下地震,6.0406,6強以上,,,13106,台東区,National,Registered,有形文化財,建造物,building_direct,市田家住宅主屋,想定震度,多摩東部直下地震,想定震度｜多摩東部直下地震
official_export_002:40,seismic,多摩東部直下地震,5.857,6弱,,,13106,台東区,National,Registered,有形文化財,建造物,building_direct,今半別館北棟,想定震度,多摩東部直下地震,想定震度｜多摩東部直下地震
official_export_002:41,seismic,多摩東部直下地震,5.8642,6弱,,,13106,台東区,National,Registered,有形文化財,建造物,building_direct,今半別館玄関棟,想定震度,多摩東部直下地震,想定震度｜多摩東部直下地震
official_export_002:42,seismic,多摩東部直下地震,5.857,6弱,,,13106,台東区,National,Registered,有形文化財,建造物,building_direct,今半別館南棟,想定震度,多摩東部直下地震,想定震度｜多摩東部直下地震
official_export_002:43,seismic,多摩東部直下地震,5.97,6弱,,,13106,台東区,National,Registered,有形文化財,建造物,building_direct,今半本店北奥座敷,想定震度,多摩東部直下地震,想定震度｜多摩東部直下地震
official_export_002:44,seismic,多摩東部直下地震,5.97,6弱,,,13106,台東区,National,Registered,有形文化財,建造物,building_direct,今半本店西奥座敷,想定震度,多摩東部直下地震,想定震度｜多摩東部直下地震
official_export_002:45,seismic,多摩東部直下地震,5.97,6弱,,,13106,台東区,National,Registered,有形文化財,建造物,building_direct,今半本店東奥座敷,想定震度,多摩東部直下地震,想定震度｜多摩東部直下地震
official_export_002:46,seismic,多摩東部直下地震,6.0244,6強以上,,,13106,台東区,National,Registered,有形文化財,建造物,building_direct,岩田家住宅和館,想定震度,多摩東部直下地震,想定震度｜多摩東部直下地震
official_export_002:107,seismic,多摩東部直下地震,5.9522,6弱,,,13106,台東区,National,Registered,有形文化財,建造物,building_direct,神谷バー本館,想定震度,多摩東部直下地震,想定震度｜多摩東部直下地震
official_export_002:112,seismic,多摩東部直下地震,5.7852,6弱,,,13106,台東区,National,Registered,有形文化財,建造物,building_direct,寛永寺葵の間,想定震度,多摩東部直下地震,想定震度｜多摩東部直下地震
official_export_002:113,seismic,多摩東部直下地震,5.7388,6弱,,,13106,台東区,National,Registered,有形文化財,建造物,building_direct,寛永寺護国院庫裏,想定震度,多摩東部直下地震,想定震度｜多摩東部直下地震
official_export_002:114,seismic,多摩東部直下地震,5.7852,6弱,,,13106,台東区,National,Registered,有形文化財,建造物,building_direct,寛永寺根本中堂,想定震度,多摩東部直下地震,想定震度｜多摩東部直下地震
official_export_002:115,seismic,多摩東部直下地震,5.7908,6弱,,,13106,台東区,National,Registered,有形文化財,建造物,building_direct,寛永寺渋沢家霊堂,想定震度,多摩東部直下地震,想定震度｜多摩東部直下地震
official_export_002:124,seismic,多摩東部直下地震,5.7832,6弱,,,13106,台東区,National,Registered,有形文化財,建造物,building_direct,観音寺客殿,想定震度,多摩東部直下地震,想定震度｜多摩東部直下地震
official_export_002:125,seismic,多摩東部直下地震,5.7826,6弱,,,13106,台東区,National,Registered,有形文化財,建造物,building_direct,観音寺築地塀,想定震度,多摩東部直下地震,想定震度｜多摩東部直下地震
official_export_002:132,seismic,多摩東部直下地震,6.0314,6強以上,,,13106,台東区,National,Registered,有形文化財,建造物,building_direct,ギャラリー・エフ蔵(株式会社淵川金属事務所),想定震度,多摩東部直下地震,想定震度｜多摩東部直下地震
official_export_002:139,seismic,多摩東部直下地震,5.9674,6弱,,,13106,台東区,National,Registered,有形文化財,建造物,building_direct,旧井阪屋本店河合ビル,想定震度,多摩東部直下地震,想定震度｜多摩東部直下地震
official_export_002:140,seismic,多摩東部直下地震,5.9572,6弱,,,13106,台東区,National,Registered,有形文化財,建造物,building_direct,旧井阪屋本店河合ビル稲荷社,想定震度,多摩東部直下地震,想定震度｜多摩東部直下地震
official_export_002:144,seismic,多摩東部直下地震,6.057,6強以上,,,13106,台東区,National,Registered,有形文化財,建造物,building_direct,旧柏湯,想定震度,多摩東部直下地震,想定震度｜多摩東部直下地震
official_export_002:145,seismic,多摩東部直下地震,5.8084,6弱,,,13106,台東区,National,Registered,有形文化財,建造物,building_direct,旧唐木田家住宅主屋,想定震度,多摩東部直下地震,想定震度｜多摩東部直下地震
official_export_002:147,seismic,多摩東部直下地震,5.8124,6弱,,,13106,台東区,National,Registered,有形文化財,建造物,building_direct,旧川嶋屋米倉庫,想定震度,多摩東部直下地震,想定震度｜多摩東部直下地震
official_export_002:148,seismic,多摩東部直下地震,5.8128,6弱,,,13106,台東区,National,Registered,有形文化財,建造物,building_direct,旧川嶋屋店舗兼住居,想定震度,多摩東部直下地震,想定震度｜多摩東部直下地震
official_export_002:195,seismic,多摩東部直下地震,6.0694,6強以上,,,13106,台東区,National,Registered,有形文化財,建造物,building_direct,教證寺客殿,想定震度,多摩東部直下地震,想定震度｜多摩東部直下地震
official_export_002:196,seismic,多摩東部直下地震,6.0694,6強以上,,,13106,台東区,National,Registered,有形文化財,建造物,building_direct,教證寺本堂,想定震度,多摩東部直下地震,想定震度｜多摩東部直下地震
official_export_002:205,seismic,多摩東部直下地震,5.815,6弱,,,13106,台東区,National,Registered,有形文化財,建造物,building_direct,黒沢ビル,想定震度,多摩東部直下地震,想定震度｜多摩東部直下地震
official_export_002:243,seismic,多摩東部直下地震,6.1982,6強以上,,,13106,台東区,National,Registered,有形文化財,建造物,building_direct,西徳寺本堂,想定震度,多摩東部直下地震,想定震度｜多摩東部直下地震
official_export_002:274,seismic,多摩東部直下地震,5.8052,6弱,,,13106,台東区,National,Registered,有形文化財,建造物,building_direct,すぺーす小倉屋蔵,想定震度,多摩東部直下地震,想定震度｜多摩東部直下地震
official_export_002:275,seismic,多摩東部直下地震,5.8052,6弱,,,13106,台東区,National,Registered,有形文化財,建造物,building_direct,すぺーす小倉屋店舗,想定震度,多摩東部直下地震,想定震度｜多摩東部直下地震
official_export_002:282,seismic,多摩東部直下地震,6.1746,6強以上,,,13106,台東区,National,Registered,有形文化財,建造物,building_direct,タイガービルヂング,想定震度,多摩東部直下地震,想定震度｜多摩東部直下地震
official_export_002:283,seismic,多摩東部直下地震,5.7924,6弱,,,13106,台東区,National,Registered,有形文化財,建造物,building_direct,台東区立朝倉彫塑館東屋,想定震度,多摩東部直下地震,想定震度｜多摩東部直下地震
official_export_002:284,seismic,多摩東部直下地震,5.7924,6弱,,,13106,台東区,National,Registered,有形文化財,建造物,building_direct,台東区立朝倉彫塑館アトリエ棟,想定震度,多摩東部直下地震,想定震度｜多摩東部直下地震
official_export_002:285,seismic,多摩東部直下地震,5.7982,6弱,,,13106,台東区,National,Registered,有形文化財,建造物,building_direct,台東区立朝倉彫塑館旧アトリエ,想定震度,多摩東部直下地震,想定震度｜多摩東部直下地震
official_export_002:286,seismic,多摩東部直下地震,5.7982,6弱,,,13106,台東区,National,Registered,有形文化財,建造物,building_direct,台東区立朝倉彫塑館住居,想定震度,多摩東部直下地震,想定震度｜多摩東部直下地震
official_export_002:311,seismic,多摩東部直下地震,5.8678,6弱,,,13106,台東区,National,Registered,有形文化財,建造物,building_direct,茶寮一松表門及び塀,想定震度,多摩東部直下地震,想定震度｜多摩東部直下地震
official_export_002:312,seismic,多摩東部直下地震,5.9422,6弱,,,13106,台東区,National,Registered,有形文化財,建造物,building_direct,茶寮一松店舗及び住居,想定震度,多摩東部直下地震,想定震度｜多摩東部直下地震
official_export_002:325,seismic,多摩東部直下地震,5.7584,6弱,,,13106,台東区,National,Registered,有形文化財,建造物,building_direct,燕湯,想定震度,多摩東部直下地震,想定震度｜多摩東部直下地震
official_export_002:326,seismic,多摩東部直下地震,5.8124,6弱,,,13106,台東区,National,Registered,有形文化財,建造物,building_direct,手焼せんべい嵯峨の家店舗,想定震度,多摩東部直下地震,想定震度｜多摩東部直下地震
official_export_002:357,seismic,多摩東部直下地震,5.9808,6弱,,,13106,台東区,National,Registered,有形文化財,建造物,building_direct,東京地下鉄銀座線浅草駅四番出入口上家,想定震度,多摩東部直下地震,想定震度｜多摩東部直下地震
official_export_002:362,seismic,多摩東部直下地震,5.7338,6弱,,,13106,台東区,National,Registered,有形文化財,建造物,building_direct,東京文化財研究所黒田記念館書庫,想定震度,多摩東部直下地震,想定震度｜多摩東部直下地震
official_export_002:363,seismic,多摩東部直下地震,5.7338,6弱,,,13106,台東区,National,Registered,有形文化財,建造物,building_direct,東京文化財研究所黒田記念館本館,想定震度,多摩東部直下地震,想定震度｜多摩東部直下地震
official_export_002:367,seismic,多摩東部直下地震,6.255,6強以上,,,13106,台東区,National,Registered,有形文化財,建造物,building_direct,中江店舗,想定震度,多摩東部直下地震,想定震度｜多摩東部直下地震
official_export_002:376,seismic,多摩東部直下地震,5.9572,6弱,,,13106,台東区,National,Registered,有形文化財,建造物,building_direct,難波商店店舗兼主屋,想定震度,多摩東部直下地震,想定震度｜多摩東部直下地震
official_export_002:385,seismic,多摩東部直下地震,5.7806,6弱,,,13106,台東区,National,Registered,有形文化財,建造物,building_direct,日本聖公会浅草聖ヨハネ教会,想定震度,多摩東部直下地震,想定震度｜多摩東部直下地震
official_export_002:394,seismic,多摩東部直下地震,5.832,6弱,,,13106,台東区,National,Registered,有形文化財,建造物,building_direct,花重店舗,想定震度,多摩東部直下地震,想定震度｜多摩東部直下地震
official_export_003:2,seismic,多摩東部直下地震,5.9484,6弱,,,13106,台東区,National,Designated,記念物,天然記念物,point,伊能忠敬墓,想定震度,多摩東部直下地震,想定震度｜多摩東部直下地震
official_export_003:14,seismic,多摩東部直下地震,5.8842,6弱,,,13106,台東区,National,Designated,記念物,天然記念物,point,蒲生君平墓,想定震度,多摩東部直下地震,想定震度｜多摩東部直下地震
official_export_003:16,seismic,多摩東部直下地震,5.7924,6弱,,,13106,台東区,National,Designated,記念物,天然記念物,point,旧朝倉文夫氏庭園,想定震度,多摩東部直下地震,想定震度｜多摩東部直下地震
official_export_003:42,seismic,多摩東部直下地震,5.9484,6弱,,,13106,台東区,National,Designated,記念物,天然記念物,point,高橋至時墓,想定震度,多摩東部直下地震,想定震度｜多摩東部直下地震
official_export_003:59,seismic,多摩東部直下地震,6.1328,6強以上,,,13106,台東区,National,Designated,記念物,天然記念物,point,平賀源内墓,想定震度,多摩東部直下地震,想定震度｜多摩東部直下地震
official_export_003:72,seismic,多摩東部直下地震,6.0552,6強以上,,,13106,台東区,National,Designated,記念物,天然記念物,point,横山大観旧宅及び庭園,想定震度,多摩東部直下地震,想定震度｜多摩東部直下地震
3,seismic,多摩西部直下地震,5.832,6弱,,,13106,台東区,Tokyo Metropolitan,Designated,有形文化財,建造物,building_direct,浅草寺六角堂,想定震度,多摩西部直下地震,想定震度｜多摩西部直下地震
94,seismic,多摩西部直下地震,5.534,6弱,,,13106,台東区,Tokyo Metropolitan,Designated,有形文化財,歴史資料,point,西仏板碑,想定震度,多摩西部直下地震,想定震度｜多摩西部直下地震
157,seismic,多摩西部直下地震,5.32,5強,,,13106,台東区,Tokyo Metropolitan,Designated,記念物,旧跡,point,戸田茂睡墓,想定震度,多摩西部直下地震,想定震度｜多摩西部直下地震
158,seismic,多摩西部直下地震,5.32,5強,,,13106,台東区,Tokyo Metropolitan,Designated,記念物,旧跡,point,六地蔵石燈籠,想定震度,多摩西部直下地震,想定震度｜多摩西部直下地震
159,seismic,多摩西部直下地震,5.636,6弱,,,13106,台東区,Tokyo Metropolitan,Designated,記念物,旧跡,point,玉川庄右衛門及び同清右衛門墓,想定震度,多摩西部直下地震,想定震度｜多摩西部直下地震
160,seismic,多摩西部直下地震,5.294,5強,,,13106,台東区,Tokyo Metropolitan,Designated,記念物,旧跡,point,大久保主水墓,想定震度,多摩西部直下地震,想定震度｜多摩西部直下地震
161,seismic,多摩西部直下地震,5.51,6弱,,,13106,台東区,Tokyo Metropolitan,Designated,記念物,旧跡,point,谷文晁墓,想定震度,多摩西部直下地震,想定震度｜多摩西部直下地震
162,seismic,多摩西部直下地震,5.51,6弱,,,13106,台東区,Tokyo Metropolitan,Designated,記念物,旧跡,point,幡随院長兵衛墓,想定震度,多摩西部直下地震,想定震度｜多摩西部直下地震
163,seismic,多摩西部直下地震,5.322,5強,,,13106,台東区,Tokyo Metropolitan,Designated,記念物,旧跡,point,慈海僧正墓,想定震度,多摩西部直下地震,想定震度｜多摩西部直下地震
164,seismic,多摩西部直下地震,5.475,5強,,,13106,台東区,Tokyo Metropolitan,Designated,記念物,旧跡,point,葛飾北斎墓,想定震度,多摩西部直下地震,想定震度｜多摩西部直下地震
165,seismic,多摩西部直下地震,5.368,5強,,,13106,台東区,Tokyo Metropolitan,Designated,記念物,旧跡,point,山田宗?墓,想定震度,多摩西部直下地震,想定震度｜多摩西部直下地震
166,seismic,多摩西部直下地震,5.322,5強,,,13106,台東区,Tokyo Metropolitan,Designated,記念物,旧跡,point,了翁禅師塔碑,想定震度,多摩西部直下地震,想定震度｜多摩西部直下地震
167,seismic,多摩西部直下地震,5.162,5強,,,13106,台東区,Tokyo Metropolitan,Designated,記念物,旧跡,point,天海僧正毛髪塔,想定震度,多摩西部直下地震,想定震度｜多摩西部直下地震
168,seismic,多摩西部直下地震,5.541,6弱,,,13106,台東区,Tokyo Metropolitan,Designated,記念物,旧跡,point,樋口定伊墓,想定震度,多摩西部直下地震,想定震度｜多摩西部直下地震
169,seismic,多摩西部直下地震,5.255,5強,,,13106,台東区,Tokyo Metropolitan,Designated,記念物,旧跡,point,山岡鉄舟墓,想定震度,多摩西部直下地震,想定震度｜多摩西部直下地震
170,seismic,多摩西部直下地震,5.255,5強,,,13106,台東区,Tokyo Metropolitan,Designated,記念物,旧跡,point,三遊亭円朝墓,想定震度,多摩西部直下地震,想定震度｜多摩西部直下地震
206,seismic,多摩西部直下地震,5.372,5強,,,13106,台東区,Tokyo Metropolitan,Designated,記念物,天然記念物,point,玉林寺のシイ,想定震度,多摩西部直下地震,想定震度｜多摩西部直下地震
241,seismic,多摩西部直下地震,5.542,6弱,,,13106,台東区,Tokyo Metropolitan,Designated,記念物,史跡,point,太宰春台墓,想定震度,多摩西部直下地震,想定震度｜多摩西部直下地震
242,seismic,多摩西部直下地震,5.541,6弱,,,13106,台東区,Tokyo Metropolitan,Designated,記念物,史跡,point,浄厳律師墓,想定震度,多摩西部直下地震,想定震度｜多摩西部直下地震
243,seismic,多摩西部直下地震,5.193,5強,,,13106,台東区,Tokyo Metropolitan,Designated,記念物,史跡,point,子規庵,想定震度,多摩西部直下地震,想定震度｜多摩西部直下地震
244,seismic,多摩西部直下地震,5.201,5強,,,13106,台東区,Tokyo Metropolitan,Designated,記念物,史跡,point,中村不折旧宅(書道博物館),想定震度,多摩西部直下地震,想定震度｜多摩西部直下地震
131067100003,seismic,多摩西部直下地震,5.328,5強,,,13106,台東区,Municipal,Designated,民俗文化財,有形民俗文化財,point,旧吉田屋酒店,想定震度,多摩西部直下地震,想定震度｜多摩西部直下地震
131067100027,seismic,多摩西部直下地震,5.283,5強,,,13106,台東区,Municipal,Other,記念物,史跡,point,狩野芳崖墓 附 狩野芳崖翁碑,想定震度,多摩西部直下地震,想定震度｜多摩西部直下地震
131067100029,seismic,多摩西部直下地震,5.686,6弱,,,13106,台東区,Municipal,Other,有形文化財,建造物,building_direct,石造宝篋印塔,想定震度,多摩西部直下地震,想定震度｜多摩西部直下地震
131067100039,seismic,多摩西部直下地震,5.261,5強,,,13106,台東区,Municipal,Other,記念物,史跡,point,大沼枕山墓,想定震度,多摩西部直下地震,想定震度｜多摩西部直下地震
131067100046,seismic,多摩西部直下地震,5.274,5強,,,13106,台東区,Municipal,Other,記念物,史跡,point,藤堂家墓所,想定震度,多摩西部直下地震,想定震度｜多摩西部直下地震
131067100047,seismic,多摩西部直下地震,5.261,5強,,,13106,台東区,Municipal,Other,記念物,史跡,point,河鍋暁斎墓,想定震度,多摩西部直下地震,想定震度｜多摩西部直下地震
131067100052,seismic,多摩西部直下地震,5.295,5強,,,13106,台東区,Municipal,Other,記念物,史跡,point,福地源一郎(桜痴)墓,想定震度,多摩西部直下地震,想定震度｜多摩西部直下地震
131067100053,seismic,多摩西部直下地震,5.613,6弱,,,13106,台東区,Municipal,Other,記念物,史跡,point,横山大観旧居,想定震度,多摩西部直下地震,想定震度｜多摩西部直下地震
131067100059,seismic,多摩西部直下地震,5.543,6弱,,,13106,台東区,Municipal,Other,民俗文化財,有形民俗文化財,point,延寿寺日荷堂絵馬群,想定震度,多摩西部直下地震,想定震度｜多摩西部直下地震
131067100060,seismic,多摩西部直下地震,5.714,6弱,,,13106,台東区,Municipal,Other,記念物,史跡,point,柴田是真墓,想定震度,多摩西部直下地震,想定震度｜多摩西部直下地震
131067100066,seismic,多摩西部直下地震,5.574,6弱,,,13106,台東区,Municipal,Other,記念物,史跡,point,町田久成墓,想定震度,多摩西部直下地震,想定震度｜多摩西部直下地震
131067100067,seismic,多摩西部直下地震,5.295,5強,,,13106,台東区,Municipal,Other,記念物,史跡,point,田中芳男墓,想定震度,多摩西部直下地震,想定震度｜多摩西部直下地震
131067100075,seismic,多摩西部直下地震,5.767,6弱,,,13106,台東区,Municipal,Designated,民俗文化財,有形民俗文化財,point,浅草浅間神社本殿并びに諸資料 付 境内地,想定震度,多摩西部直下地震,想定震度｜多摩西部直下地震
131067100110,seismic,多摩西部直下地震,5.274,5強,,,13106,台東区,Municipal,Other,有形文化財,建造物,building_direct,上野広小路三橋遺構 附 出土近世遺物一括,想定震度,多摩西部直下地震,想定震度｜多摩西部直下地震
131067100132,seismic,多摩西部直下地震,5.714,6弱,,,13106,台東区,Municipal,Other,民俗文化財,有形民俗文化財,point,大太刀(陰陽丸),想定震度,多摩西部直下地震,想定震度｜多摩西部直下地震
131067100134,seismic,多摩西部直下地震,5.4,5強,,,13106,台東区,Municipal,Other,有形文化財,建造物,building_direct,石造多宝塔,想定震度,多摩西部直下地震,想定震度｜多摩西部直下地震
131067100147,seismic,多摩西部直下地震,5.4,5強,,,13106,台東区,Municipal,Other,民俗文化財,有形民俗文化財,point,浅草寺絵馬・扁額群,想定震度,多摩西部直下地震,想定震度｜多摩西部直下地震
131067100162,seismic,多摩西部直下地震,5.45,5強,,,13106,台東区,Municipal,Other,民俗文化財,有形民俗文化財,point,吉徳これくしょん(和書),想定震度,多摩西部直下地震,想定震度｜多摩西部直下地震
131067100163,seismic,多摩西部直下地震,5.45,5強,,,13106,台東区,Municipal,Other,民俗文化財,有形民俗文化財,point,吉徳これくしょん(一枚刷),想定震度,多摩西部直下地震,想定震度｜多摩西部直下地震
131067100168,seismic,多摩西部直下地震,5.45,5強,,,13106,台東区,Municipal,Other,民俗文化財,有形民俗文化財,point,吉徳これくしょん〔芝居番付類(一枚刷)〕,想定震度,多摩西部直下地震,想定震度｜多摩西部直下地震
131067100171,seismic,多摩西部直下地震,5.45,5強,,,13106,台東区,Municipal,Other,民俗文化財,有形民俗文化財,point,吉徳これくしょん(古文書),想定震度,多摩西部直下地震,想定震度｜多摩西部直下地震
131067100174,seismic,多摩西部直下地震,5.45,5強,,,13106,台東区,Municipal,Other,民俗文化財,有形民俗文化財,point,吉徳これくしょん(羽子板),想定震度,多摩西部直下地震,想定震度｜多摩西部直下地震
131067100178,seismic,多摩西部直下地震,5.45,5強,,,13106,台東区,Municipal,Other,民俗文化財,有形民俗文化財,point,吉徳これくしょん(五月人形),想定震度,多摩西部直下地震,想定震度｜多摩西部直下地震
131067100181,seismic,多摩西部直下地震,5.45,5強,,,13106,台東区,Municipal,Other,民俗文化財,有形民俗文化財,point,吉徳これくしょん(雛人形),想定震度,多摩西部直下地震,想定震度｜多摩西部直下地震
131067100182,seismic,多摩西部直下地震,5.295,5強,,,13106,台東区,Municipal,Other,記念物,史跡,point,渋沢栄一家墓所,想定震度,多摩西部直下地震,想定震度｜多摩西部直下地震
131067100187,seismic,多摩西部直下地震,5.274,5強,,,13106,台東区,Municipal,Other,記念物,史跡,point,徳川家光薨去に伴う殉死者の墓,想定震度,多摩西部直下地震,想定震度｜多摩西部直下地震
official_export_001:0,seismic,多摩西部直下地震,5.327,5強,,,13106,台東区,National,Designated,有形文化財,建造物,building_direct,浅草神社,想定震度,多摩西部直下地震,想定震度｜多摩西部直下地震
official_export_001:1,seismic,多摩西部直下地震,5.327,5強,,,13106,台東区,National,Designated,有形文化財,建造物,building_direct,浅草神社,想定震度,多摩西部直下地震,想定震度｜多摩西部直下地震
official_export_001:6,seismic,多摩西部直下地震,5.335,5強,,,13106,台東区,National,Designated,有形文化財,建造物,building_direct,旧岩崎家住宅(東京都台東区池之端一丁目),想定震度,多摩西部直下地震,想定震度｜多摩西部直下地震
official_export_001:7,seismic,多摩西部直下地震,5.335,5強,,,13106,台東区,National,Designated,有形文化財,建造物,building_direct,旧岩崎家住宅(東京都台東区池之端一丁目),想定震度,多摩西部直下地震,想定震度｜多摩西部直下地震
official_export_001:8,seismic,多摩西部直下地震,5.33,5強,,,13106,台東区,National,Designated,有形文化財,建造物,building_direct,旧岩崎家住宅(東京都台東区池之端一丁目),想定震度,多摩西部直下地震,想定震度｜多摩西部直下地震
official_export_001:9,seismic,多摩西部直下地震,5.256,5強,,,13106,台東区,National,Designated,有形文化財,建造物,building_direct,旧因州池田屋敷表門,想定震度,多摩西部直下地震,想定震度｜多摩西部直下地震
official_export_001:21,seismic,多摩西部直下地震,5.253,5強,,,13106,台東区,National,Designated,有形文化財,建造物,building_direct,寛永寺旧本坊表門(黒門),想定震度,多摩西部直下地震,想定震度｜多摩西部直下地震
official_export_001:22,seismic,多摩西部直下地震,5.265,5強,,,13106,台東区,National,Designated,有形文化財,建造物,building_direct,寛永寺清水堂,想定震度,多摩西部直下地震,想定震度｜多摩西部直下地震
official_export_001:23,seismic,多摩西部直下地震,5.211,5強,,,13106,台東区,National,Designated,有形文化財,建造物,building_direct,旧寛永寺五重塔,想定震度,多摩西部直下地震,想定震度｜多摩西部直下地震
official_export_001:42,seismic,多摩西部直下地震,5.242,5強,,,13106,台東区,National,Designated,有形文化財,建造物,building_direct,旧東京科学博物館本館,想定震度,多摩西部直下地震,想定震度｜多摩西部直下地震
official_export_001:56,seismic,多摩西部直下地震,5.317,5強,,,13106,台東区,National,Designated,有形文化財,建造物,building_direct,厳有院霊廟奥院,想定震度,多摩西部直下地震,想定震度｜多摩西部直下地震
official_export_001:58,seismic,多摩西部直下地震,5.291,5強,,,13106,台東区,National,Designated,有形文化財,建造物,building_direct,厳有院霊廟勅額門及び水盤舎,想定震度,多摩西部直下地震,想定震度｜多摩西部直下地震
official_export_001:59,seismic,多摩西部直下地震,5.296,5強,,,13106,台東区,National,Designated,有形文化財,建造物,building_direct,厳有院霊廟勅額門及び水盤舎,想定震度,多摩西部直下地震,想定震度｜多摩西部直下地震
official_export_001:60,seismic,多摩西部直下地震,5.221,5強,,,13106,台東区,National,Designated,有形文化財,建造物,building_direct,国立西洋美術館本館,想定震度,多摩西部直下地震,想定震度｜多摩西部直下地震
official_export_001:73,seismic,多摩西部直下地震,5.272,5強,,,13106,台東区,National,Designated,有形文化財,建造物,building_direct,旧十輪院宝蔵,想定震度,多摩西部直下地震,想定震度｜多摩西部直下地震
official_export_001:74,seismic,多摩西部直下地震,5.315,5強,,,13106,台東区,National,Designated,有形文化財,建造物,building_direct,常憲院霊廟奥院,想定震度,多摩西部直下地震,想定震度｜多摩西部直下地震
official_export_001:76,seismic,多摩西部直下地震,5.312,5強,,,13106,台東区,National,Designated,有形文化財,建造物,building_direct,常憲院霊廟勅額門及び水盤舎,想定震度,多摩西部直下地震,想定震度｜多摩西部直下地震
official_export_001:77,seismic,多摩西部直下地震,5.312,5強,,,13106,台東区,National,Designated,有形文化財,建造物,building_direct,常憲院霊廟勅額門及び水盤舎,想定震度,多摩西部直下地震,想定震度｜多摩西部直下地震
official_export_001:85,seismic,多摩西部直下地震,5.419,5強,,,13106,台東区,National,Designated,有形文化財,建造物,building_direct,浅草寺伝法院,想定震度,多摩西部直下地震,想定震度｜多摩西部直下地震
official_export_001:86,seismic,多摩西部直下地震,5.419,5強,,,13106,台東区,National,Designated,有形文化財,建造物,building_direct,浅草寺伝法院,想定震度,多摩西部直下地震,想定震度｜多摩西部直下地震
official_export_001:87,seismic,多摩西部直下地震,5.419,5強,,,13106,台東区,National,Designated,有形文化財,建造物,building_direct,浅草寺伝法院,想定震度,多摩西部直下地震,想定震度｜多摩西部直下地震
official_export_001:88,seismic,多摩西部直下地震,5.419,5強,,,13106,台東区,National,Designated,有形文化財,建造物,building_direct,浅草寺伝法院,想定震度,多摩西部直下地震,想定震度｜多摩西部直下地震
official_export_001:89,seismic,多摩西部直下地震,5.419,5強,,,13106,台東区,National,Designated,有形文化財,建造物,building_direct,浅草寺伝法院,想定震度,多摩西部直下地震,想定震度｜多摩西部直下地震
official_export_001:90,seismic,多摩西部直下地震,5.396,5強,,,13106,台東区,National,Designated,有形文化財,建造物,building_direct,浅草寺伝法院,想定震度,多摩西部直下地震,想定震度｜多摩西部直下地震
official_export_001:91,seismic,多摩西部直下地震,5.327,5強,,,13106,台東区,National,Designated,有形文化財,建造物,building_direct,浅草寺二天門,想定震度,多摩西部直下地震,想定震度｜多摩西部直下地震
official_export_001:104,seismic,多摩西部直下地震,5.246,5強,,,13106,台東区,National,Designated,有形文化財,建造物,building_direct,旧東京音楽学校奏楽堂,想定震度,多摩西部直下地震,想定震度｜多摩西部直下地震
official_export_001:105,seismic,多摩西部直下地震,5.279,5強,,,13106,台東区,National,Designated,有形文化財,建造物,building_direct,旧東京帝室博物館本館,想定震度,多摩西部直下地震,想定震度｜多摩西部直下地震
official_export_001:107,seismic,多摩西部直下地震,5.212,5強,,,13106,台東区,National,Designated,有形文化財,建造物,building_direct,東照宮社殿,想定震度,多摩西部直下地震,想定震度｜多摩西部直下地震
official_export_001:108,seismic,多摩西部直下地震,5.212,5強,,,13106,台東区,National,Designated,有形文化財,建造物,building_direct,東照宮社殿,想定震度,多摩西部直下地震,想定震度｜多摩西部直下地震
official_export_001:109,seismic,多摩西部直下地震,5.212,5強,,,13106,台東区,National,Designated,有形文化財,建造物,building_direct,東照宮社殿,想定震度,多摩西部直下地震,想定震度｜多摩西部直下地震
official_export_001:110,seismic,多摩西部直下地震,5.319,5強,,,13106,台東区,National,Designated,有形文化財,建造物,building_direct,東照宮社殿,想定震度,多摩西部直下地震,想定震度｜多摩西部直下地震
official_export_001:126,seismic,多摩西部直下地震,5.268,5強,,,13106,台東区,National,Designated,有形文化財,建造物,building_direct,表慶館,想定震度,多摩西部直下地震,想定震度｜多摩西部直下地震
official_export_002:28,seismic,多摩西部直下地震,5.785,6弱,,,13106,台東区,National,Registered,有形文化財,建造物,building_direct,伊勢屋店舗兼主屋,想定震度,多摩西部直下地震,想定震度｜多摩西部直下地震
official_export_002:29,seismic,多摩西部直下地震,5.58,6弱,,,13106,台東区,National,Registered,有形文化財,建造物,building_direct,市田家住宅裏門,想定震度,多摩西部直下地震,想定震度｜多摩西部直下地震
official_export_002:30,seismic,多摩西部直下地震,5.274,5強,,,13106,台東区,National,Registered,有形文化財,建造物,building_direct,市田家住宅表門,想定震度,多摩西部直下地震,想定震度｜多摩西部直下地震
official_export_002:31,seismic,多摩西部直下地震,5.58,6弱,,,13106,台東区,National,Registered,有形文化財,建造物,building_direct,市田家住宅蔵,想定震度,多摩西部直下地震,想定震度｜多摩西部直下地震
official_export_002:32,seismic,多摩西部直下地震,5.58,6弱,,,13106,台東区,National,Registered,有形文化財,建造物,building_direct,市田家住宅主屋,想定震度,多摩西部直下地震,想定震度｜多摩西部直下地震
official_export_002:40,seismic,多摩西部直下地震,5.361,5強,,,13106,台東区,National,Registered,有形文化財,建造物,building_direct,今半別館北棟,想定震度,多摩西部直下地震,想定震度｜多摩西部直下地震
official_export_002:41,seismic,多摩西部直下地震,5.372,5強,,,13106,台東区,National,Registered,有形文化財,建造物,building_direct,今半別館玄関棟,想定震度,多摩西部直下地震,想定震度｜多摩西部直下地震
official_export_002:42,seismic,多摩西部直下地震,5.361,5強,,,13106,台東区,National,Registered,有形文化財,建造物,building_direct,今半別館南棟,想定震度,多摩西部直下地震,想定震度｜多摩西部直下地震
official_export_002:43,seismic,多摩西部直下地震,5.494,5強,,,13106,台東区,National,Registered,有形文化財,建造物,building_direct,今半本店北奥座敷,想定震度,多摩西部直下地震,想定震度｜多摩西部直下地震
official_export_002:44,seismic,多摩西部直下地震,5.494,5強,,,13106,台東区,National,Registered,有形文化財,建造物,building_direct,今半本店西奥座敷,想定震度,多摩西部直下地震,想定震度｜多摩西部直下地震
official_export_002:45,seismic,多摩西部直下地震,5.494,5強,,,13106,台東区,National,Registered,有形文化財,建造物,building_direct,今半本店東奥座敷,想定震度,多摩西部直下地震,想定震度｜多摩西部直下地震
official_export_002:46,seismic,多摩西部直下地震,5.563,6弱,,,13106,台東区,National,Registered,有形文化財,建造物,building_direct,岩田家住宅和館,想定震度,多摩西部直下地震,想定震度｜多摩西部直下地震
official_export_002:107,seismic,多摩西部直下地震,5.473,5強,,,13106,台東区,National,Registered,有形文化財,建造物,building_direct,神谷バー本館,想定震度,多摩西部直下地震,想定震度｜多摩西部直下地震
official_export_002:112,seismic,多摩西部直下地震,5.319,5強,,,13106,台東区,National,Registered,有形文化財,建造物,building_direct,寛永寺葵の間,想定震度,多摩西部直下地震,想定震度｜多摩西部直下地震
official_export_002:113,seismic,多摩西部直下地震,5.257,5強,,,13106,台東区,National,Registered,有形文化財,建造物,building_direct,寛永寺護国院庫裏,想定震度,多摩西部直下地震,想定震度｜多摩西部直下地震
official_export_002:114,seismic,多摩西部直下地震,5.319,5強,,,13106,台東区,National,Registered,有形文化財,建造物,building_direct,寛永寺根本中堂,想定震度,多摩西部直下地震,想定震度｜多摩西部直下地震
official_export_002:115,seismic,多摩西部直下地震,5.325,5強,,,13106,台東区,National,Registered,有形文化財,建造物,building_direct,寛永寺渋沢家霊堂,想定震度,多摩西部直下地震,想定震度｜多摩西部直下地震
official_export_002:124,seismic,多摩西部直下地震,5.284,5強,,,13106,台東区,National,Registered,有形文化財,建造物,building_direct,観音寺客殿,想定震度,多摩西部直下地震,想定震度｜多摩西部直下地震
official_export_002:125,seismic,多摩西部直下地震,5.284,5強,,,13106,台東区,National,Registered,有形文化財,建造物,building_direct,観音寺築地塀,想定震度,多摩西部直下地震,想定震度｜多摩西部直下地震
official_export_002:132,seismic,多摩西部直下地震,5.566,6弱,,,13106,台東区,National,Registered,有形文化財,建造物,building_direct,ギャラリー・エフ蔵(株式会社淵川金属事務所),想定震度,多摩西部直下地震,想定震度｜多摩西部直下地震
official_export_002:139,seismic,多摩西部直下地震,5.502,6弱,,,13106,台東区,National,Registered,有形文化財,建造物,building_direct,旧井阪屋本店河合ビル,想定震度,多摩西部直下地震,想定震度｜多摩西部直下地震
official_export_002:140,seismic,多摩西部直下地震,5.524,6弱,,,13106,台東区,National,Registered,有形文化財,建造物,building_direct,旧井阪屋本店河合ビル稲荷社,想定震度,多摩西部直下地震,想定震度｜多摩西部直下地震
official_export_002:144,seismic,多摩西部直下地震,5.584,6弱,,,13106,台東区,National,Registered,有形文化財,建造物,building_direct,旧柏湯,想定震度,多摩西部直下地震,想定震度｜多摩西部直下地震
official_export_002:145,seismic,多摩西部直下地震,5.332,5強,,,13106,台東区,National,Registered,有形文化財,建造物,building_direct,旧唐木田家住宅主屋,想定震度,多摩西部直下地震,想定震度｜多摩西部直下地震
official_export_002:147,seismic,多摩西部直下地震,5.328,5強,,,13106,台東区,National,Registered,有形文化財,建造物,building_direct,旧川嶋屋米倉庫,想定震度,多摩西部直下地震,想定震度｜多摩西部直下地震
official_export_002:148,seismic,多摩西部直下地震,5.333,5強,,,13106,台東区,National,Registered,有形文化財,建造物,building_direct,旧川嶋屋店舗兼住居,想定震度,多摩西部直下地震,想定震度｜多摩西部直下地震
official_export_002:195,seismic,多摩西部直下地震,5.64,6弱,,,13106,台東区,National,Registered,有形文化財,建造物,building_direct,教證寺客殿,想定震度,多摩西部直下地震,想定震度｜多摩西部直下地震
official_export_002:196,seismic,多摩西部直下地震,5.64,6弱,,,13106,台東区,National,Registered,有形文化財,建造物,building_direct,教證寺本堂,想定震度,多摩西部直下地震,想定震度｜多摩西部直下地震
official_export_002:205,seismic,多摩西部直下地震,5.385,5強,,,13106,台東区,National,Registered,有形文化財,建造物,building_direct,黒沢ビル,想定震度,多摩西部直下地震,想定震度｜多摩西部直下地震
official_export_002:243,seismic,多摩西部直下地震,5.732,6弱,,,13106,台東区,National,Registered,有形文化財,建造物,building_direct,西徳寺本堂,想定震度,多摩西部直下地震,想定震度｜多摩西部直下地震
official_export_002:274,seismic,多摩西部直下地震,5.309,5強,,,13106,台東区,National,Registered,有形文化財,建造物,building_direct,すぺーす小倉屋蔵,想定震度,多摩西部直下地震,想定震度｜多摩西部直下地震
official_export_002:275,seismic,多摩西部直下地震,5.309,5強,,,13106,台東区,National,Registered,有形文化財,建造物,building_direct,すぺーす小倉屋店舗,想定震度,多摩西部直下地震,想定震度｜多摩西部直下地震
official_export_002:282,seismic,多摩西部直下地震,5.756,6弱,,,13106,台東区,National,Registered,有形文化財,建造物,building_direct,タイガービルヂング,想定震度,多摩西部直下地震,想定震度｜多摩西部直下地震
official_export_002:283,seismic,多摩西部直下地震,5.29,5強,,,13106,台東区,National,Registered,有形文化財,建造物,building_direct,台東区立朝倉彫塑館東屋,想定震度,多摩西部直下地震,想定震度｜多摩西部直下地震
official_export_002:284,seismic,多摩西部直下地震,5.29,5強,,,13106,台東区,National,Registered,有形文化財,建造物,building_direct,台東区立朝倉彫塑館アトリエ棟,想定震度,多摩西部直下地震,想定震度｜多摩西部直下地震
official_export_002:285,seismic,多摩西部直下地震,5.298,5強,,,13106,台東区,National,Registered,有形文化財,建造物,building_direct,台東区立朝倉彫塑館旧アトリエ,想定震度,多摩西部直下地震,想定震度｜多摩西部直下地震
official_export_002:286,seismic,多摩西部直下地震,5.298,5強,,,13106,台東区,National,Registered,有形文化財,建造物,building_direct,台東区立朝倉彫塑館住居,想定震度,多摩西部直下地震,想定震度｜多摩西部直下地震
official_export_002:311,seismic,多摩西部直下地震,5.407,5強,,,13106,台東区,National,Registered,有形文化財,建造物,building_direct,茶寮一松表門及び塀,想定震度,多摩西部直下地震,想定震度｜多摩西部直下地震
official_export_002:312,seismic,多摩西部直下地震,5.485,5強,,,13106,台東区,National,Registered,有形文化財,建造物,building_direct,茶寮一松店舗及び住居,想定震度,多摩西部直下地震,想定震度｜多摩西部直下地震
official_export_002:325,seismic,多摩西部直下地震,5.329,5強,,,13106,台東区,National,Registered,有形文化財,建造物,building_direct,燕湯,想定震度,多摩西部直下地震,想定震度｜多摩西部直下地震
official_export_002:326,seismic,多摩西部直下地震,5.328,5強,,,13106,台東区,National,Registered,有形文化財,建造物,building_direct,手焼せんべい嵯峨の家店舗,想定震度,多摩西部直下地震,想定震度｜多摩西部直下地震
official_export_002:357,seismic,多摩西部直下地震,5.505,6弱,,,13106,台東区,National,Registered,有形文化財,建造物,building_direct,東京地下鉄銀座線浅草駅四番出入口上家,想定震度,多摩西部直下地震,想定震度｜多摩西部直下地震
official_export_002:362,seismic,多摩西部直下地震,5.269,5強,,,13106,台東区,National,Registered,有形文化財,建造物,building_direct,東京文化財研究所黒田記念館書庫,想定震度,多摩西部直下地震,想定震度｜多摩西部直下地震
official_export_002:363,seismic,多摩西部直下地震,5.269,5強,,,13106,台東区,National,Registered,有形文化財,建造物,building_direct,東京文化財研究所黒田記念館本館,想定震度,多摩西部直下地震,想定震度｜多摩西部直下地震
official_export_002:367,seismic,多摩西部直下地震,5.785,6弱,,,13106,台東区,National,Registered,有形文化財,建造物,building_direct,中江店舗,想定震度,多摩西部直下地震,想定震度｜多摩西部直下地震
official_export_002:376,seismic,多摩西部直下地震,5.524,6弱,,,13106,台東区,National,Registered,有形文化財,建造物,building_direct,難波商店店舗兼主屋,想定震度,多摩西部直下地震,想定震度｜多摩西部直下地震
official_export_002:385,seismic,多摩西部直下地震,5.316,5強,,,13106,台東区,National,Registered,有形文化財,建造物,building_direct,日本聖公会浅草聖ヨハネ教会,想定震度,多摩西部直下地震,想定震度｜多摩西部直下地震
official_export_002:394,seismic,多摩西部直下地震,5.339,5強,,,13106,台東区,National,Registered,有形文化財,建造物,building_direct,花重店舗,想定震度,多摩西部直下地震,想定震度｜多摩西部直下地震
official_export_003:2,seismic,多摩西部直下地震,5.493,5強,,,13106,台東区,National,Designated,記念物,天然記念物,point,伊能忠敬墓,想定震度,多摩西部直下地震,想定震度｜多摩西部直下地震
official_export_003:14,seismic,多摩西部直下地震,5.408,5強,,,13106,台東区,National,Designated,記念物,天然記念物,point,蒲生君平墓,想定震度,多摩西部直下地震,想定震度｜多摩西部直下地震
official_export_003:16,seismic,多摩西部直下地震,5.29,5強,,,13106,台東区,National,Designated,記念物,天然記念物,point,旧朝倉文夫氏庭園,想定震度,多摩西部直下地震,想定震度｜多摩西部直下地震
official_export_003:42,seismic,多摩西部直下地震,5.493,5強,,,13106,台東区,National,Designated,記念物,天然記念物,point,高橋至時墓,想定震度,多摩西部直下地震,想定震度｜多摩西部直下地震
official_export_003:59,seismic,多摩西部直下地震,5.677,6弱,,,13106,台東区,National,Designated,記念物,天然記念物,point,平賀源内墓,想定震度,多摩西部直下地震,想定震度｜多摩西部直下地震
official_export_003:72,seismic,多摩西部直下地震,5.621,6弱,,,13106,台東区,National,Designated,記念物,天然記念物,point,横山大観旧宅及び庭園,想定震度,多摩西部直下地震,想定震度｜多摩西部直下地震
3,seismic,立川断層帯地震,5.873,6弱,,,13106,台東区,Tokyo Metropolitan,Designated,有形文化財,建造物,building_direct,浅草寺六角堂,想定震度,立川断層帯地震,想定震度｜立川断層帯地震
94,seismic,立川断層帯地震,5.348,5強,,,13106,台東区,Tokyo Metropolitan,Designated,有形文化財,歴史資料,point,西仏板碑,想定震度,立川断層帯地震,想定震度｜立川断層帯地震
157,seismic,立川断層帯地震,4.601,5弱,,,13106,台東区,Tokyo Metropolitan,Designated,記念物,旧跡,point,戸田茂睡墓,想定震度,立川断層帯地震,想定震度｜立川断層帯地震
158,seismic,立川断層帯地震,4.601,5弱,,,13106,台東区,Tokyo Metropolitan,Designated,記念物,旧跡,point,六地蔵石燈籠,想定震度,立川断層帯地震,想定震度｜立川断層帯地震
159,seismic,立川断層帯地震,4.867,5弱,,,13106,台東区,Tokyo Metropolitan,Designated,記念物,旧跡,point,玉川庄右衛門及び同清右衛門墓,想定震度,立川断層帯地震,想定震度｜立川断層帯地震
160,seismic,立川断層帯地震,4.637,5弱,,,13106,台東区,Tokyo Metropolitan,Designated,記念物,旧跡,point,大久保主水墓,想定震度,立川断層帯地震,想定震度｜立川断層帯地震
161,seismic,立川断層帯地震,4.716,5弱,,,13106,台東区,Tokyo Metropolitan,Designated,記念物,旧跡,point,谷文晁墓,想定震度,立川断層帯地震,想定震度｜立川断層帯地震
162,seismic,立川断層帯地震,4.716,5弱,,,13106,台東区,Tokyo Metropolitan,Designated,記念物,旧跡,point,幡随院長兵衛墓,想定震度,立川断層帯地震,想定震度｜立川断層帯地震
163,seismic,立川断層帯地震,4.61,5弱,,,13106,台東区,Tokyo Metropolitan,Designated,記念物,旧跡,point,慈海僧正墓,想定震度,立川断層帯地震,想定震度｜立川断層帯地震
164,seismic,立川断層帯地震,4.684,5弱,,,13106,台東区,Tokyo Metropolitan,Designated,記念物,旧跡,point,葛飾北斎墓,想定震度,立川断層帯地震,想定震度｜立川断層帯地震
165,seismic,立川断層帯地震,4.609,5弱,,,13106,台東区,Tokyo Metropolitan,Designated,記念物,旧跡,point,山田宗?墓,想定震度,立川断層帯地震,想定震度｜立川断層帯地震
166,seismic,立川断層帯地震,4.61,5弱,,,13106,台東区,Tokyo Metropolitan,Designated,記念物,旧跡,point,了翁禅師塔碑,想定震度,立川断層帯地震,想定震度｜立川断層帯地震
167,seismic,立川断層帯地震,4.409,5弱未満,,,13106,台東区,Tokyo Metropolitan,Designated,記念物,旧跡,point,天海僧正毛髪塔,想定震度,立川断層帯地震,想定震度｜立川断層帯地震
168,seismic,立川断層帯地震,4.887,5弱,,,13106,台東区,Tokyo Metropolitan,Designated,記念物,旧跡,point,樋口定伊墓,想定震度,立川断層帯地震,想定震度｜立川断層帯地震
169,seismic,立川断層帯地震,4.613,5弱,,,13106,台東区,Tokyo Metropolitan,Designated,記念物,旧跡,point,山岡鉄舟墓,想定震度,立川断層帯地震,想定震度｜立川断層帯地震
170,seismic,立川断層帯地震,4.613,5弱,,,13106,台東区,Tokyo Metropolitan,Designated,記念物,旧跡,point,三遊亭円朝墓,想定震度,立川断層帯地震,想定震度｜立川断層帯地震
206,seismic,立川断層帯地震,4.712,5弱,,,13106,台東区,Tokyo Metropolitan,Designated,記念物,天然記念物,point,玉林寺のシイ,想定震度,立川断層帯地震,想定震度｜立川断層帯地震
241,seismic,立川断層帯地震,4.899,5弱,,,13106,台東区,Tokyo Metropolitan,Designated,記念物,史跡,point,太宰春台墓,想定震度,立川断層帯地震,想定震度｜立川断層帯地震
242,seismic,立川断層帯地震,4.887,5弱,,,13106,台東区,Tokyo Metropolitan,Designated,記念物,史跡,point,浄厳律師墓,想定震度,立川断層帯地震,想定震度｜立川断層帯地震
243,seismic,立川断層帯地震,4.501,5弱,,,13106,台東区,Tokyo Metropolitan,Designated,記念物,史跡,point,子規庵,想定震度,立川断層帯地震,想定震度｜立川断層帯地震
244,seismic,立川断層帯地震,4.51,5弱,,,13106,台東区,Tokyo Metropolitan,Designated,記念物,史跡,point,中村不折旧宅(書道博物館),想定震度,立川断層帯地震,想定震度｜立川断層帯地震
131067100003,seismic,立川断層帯地震,4.638,5弱,,,13106,台東区,Municipal,Designated,民俗文化財,有形民俗文化財,point,旧吉田屋酒店,想定震度,立川断層帯地震,想定震度｜立川断層帯地震
131067100027,seismic,立川断層帯地震,4.64,5弱,,,13106,台東区,Municipal,Other,記念物,史跡,point,狩野芳崖墓 附 狩野芳崖翁碑,想定震度,立川断層帯地震,想定震度｜立川断層帯地震
131067100029,seismic,立川断層帯地震,4.972,5弱,,,13106,台東区,Municipal,Other,有形文化財,建造物,building_direct,石造宝篋印塔,想定震度,立川断層帯地震,想定震度｜立川断層帯地震
131067100039,seismic,立川断層帯地震,4.606,5弱,,,13106,台東区,Municipal,Other,記念物,史跡,point,大沼枕山墓,想定震度,立川断層帯地震,想定震度｜立川断層帯地震
131067100046,seismic,立川断層帯地震,4.521,5弱,,,13106,台東区,Municipal,Other,記念物,史跡,point,藤堂家墓所,想定震度,立川断層帯地震,想定震度｜立川断層帯地震
131067100047,seismic,立川断層帯地震,4.606,5弱,,,13106,台東区,Municipal,Other,記念物,史跡,point,河鍋暁斎墓,想定震度,立川断層帯地震,想定震度｜立川断層帯地震
131067100052,seismic,立川断層帯地震,4.649,5弱,,,13106,台東区,Municipal,Other,記念物,史跡,point,福地源一郎(桜痴)墓,想定震度,立川断層帯地震,想定震度｜立川断層帯地震
131067100053,seismic,立川断層帯地震,4.942,5弱,,,13106,台東区,Municipal,Other,記念物,史跡,point,横山大観旧居,想定震度,立川断層帯地震,想定震度｜立川断層帯地震
131067100059,seismic,立川断層帯地震,4.895,5弱,,,13106,台東区,Municipal,Other,民俗文化財,有形民俗文化財,point,延寿寺日荷堂絵馬群,想定震度,立川断層帯地震,想定震度｜立川断層帯地震
131067100060,seismic,立川断層帯地震,5.098,5強,,,13106,台東区,Municipal,Other,記念物,史跡,point,柴田是真墓,想定震度,立川断層帯地震,想定震度｜立川断層帯地震
131067100066,seismic,立川断層帯地震,4.911,5弱,,,13106,台東区,Municipal,Other,記念物,史跡,point,町田久成墓,想定震度,立川断層帯地震,想定震度｜立川断層帯地震
131067100067,seismic,立川断層帯地震,4.649,5弱,,,13106,台東区,Municipal,Other,記念物,史跡,point,田中芳男墓,想定震度,立川断層帯地震,想定震度｜立川断層帯地震
131067100075,seismic,立川断層帯地震,5.135,5強,,,13106,台東区,Municipal,Designated,民俗文化財,有形民俗文化財,point,浅草浅間神社本殿并びに諸資料 付 境内地,想定震度,立川断層帯地震,想定震度｜立川断層帯地震
131067100110,seismic,立川断層帯地震,4.521,5弱,,,13106,台東区,Municipal,Other,有形文化財,建造物,building_direct,上野広小路三橋遺構 附 出土近世遺物一括,想定震度,立川断層帯地震,想定震度｜立川断層帯地震
131067100132,seismic,立川断層帯地震,5.098,5強,,,13106,台東区,Municipal,Other,民俗文化財,有形民俗文化財,point,大太刀(陰陽丸),想定震度,立川断層帯地震,想定震度｜立川断層帯地震
131067100134,seismic,立川断層帯地震,4.711,5弱,,,13106,台東区,Municipal,Other,有形文化財,建造物,building_direct,石造多宝塔,想定震度,立川断層帯地震,想定震度｜立川断層帯地震
131067100147,seismic,立川断層帯地震,4.711,5弱,,,13106,台東区,Municipal,Other,民俗文化財,有形民俗文化財,point,浅草寺絵馬・扁額群,想定震度,立川断層帯地震,想定震度｜立川断層帯地震
131067100162,seismic,立川断層帯地震,4.764,5弱,,,13106,台東区,Municipal,Other,民俗文化財,有形民俗文化財,point,吉徳これくしょん(和書),想定震度,立川断層帯地震,想定震度｜立川断層帯地震
131067100163,seismic,立川断層帯地震,4.764,5弱,,,13106,台東区,Municipal,Other,民俗文化財,有形民俗文化財,point,吉徳これくしょん(一枚刷),想定震度,立川断層帯地震,想定震度｜立川断層帯地震
131067100168,seismic,立川断層帯地震,4.764,5弱,,,13106,台東区,Municipal,Other,民俗文化財,有形民俗文化財,point,吉徳これくしょん〔芝居番付類(一枚刷)〕,想定震度,立川断層帯地震,想定震度｜立川断層帯地震
131067100171,seismic,立川断層帯地震,4.764,5弱,,,13106,台東区,Municipal,Other,民俗文化財,有形民俗文化財,point,吉徳これくしょん(古文書),想定震度,立川断層帯地震,想定震度｜立川断層帯地震
131067100174,seismic,立川断層帯地震,4.764,5弱,,,13106,台東区,Municipal,Other,民俗文化財,有形民俗文化財,point,吉徳これくしょん(羽子板),想定震度,立川断層帯地震,想定震度｜立川断層帯地震
131067100178,seismic,立川断層帯地震,4.764,5弱,,,13106,台東区,Municipal,Other,民俗文化財,有形民俗文化財,point,吉徳これくしょん(五月人形),想定震度,立川断層帯地震,想定震度｜立川断層帯地震
131067100181,seismic,立川断層帯地震,4.764,5弱,,,13106,台東区,Municipal,Other,民俗文化財,有形民俗文化財,point,吉徳これくしょん(雛人形),想定震度,立川断層帯地震,想定震度｜立川断層帯地震
131067100182,seismic,立川断層帯地震,4.649,5弱,,,13106,台東区,Municipal,Other,記念物,史跡,point,渋沢栄一家墓所,想定震度,立川断層帯地震,想定震度｜立川断層帯地震
131067100187,seismic,立川断層帯地震,4.521,5弱,,,13106,台東区,Municipal,Other,記念物,史跡,point,徳川家光薨去に伴う殉死者の墓,想定震度,立川断層帯地震,想定震度｜立川断層帯地震
official_export_001:0,seismic,立川断層帯地震,4.603,5弱,,,13106,台東区,National,Designated,有形文化財,建造物,building_direct,浅草神社,想定震度,立川断層帯地震,想定震度｜立川断層帯地震
official_export_001:1,seismic,立川断層帯地震,4.603,5弱,,,13106,台東区,National,Designated,有形文化財,建造物,building_direct,浅草神社,想定震度,立川断層帯地震,想定震度｜立川断層帯地震
official_export_001:6,seismic,立川断層帯地震,4.68,5弱,,,13106,台東区,National,Designated,有形文化財,建造物,building_direct,旧岩崎家住宅(東京都台東区池之端一丁目),想定震度,立川断層帯地震,想定震度｜立川断層帯地震
official_export_001:7,seismic,立川断層帯地震,4.68,5弱,,,13106,台東区,National,Designated,有形文化財,建造物,building_direct,旧岩崎家住宅(東京都台東区池之端一丁目),想定震度,立川断層帯地震,想定震度｜立川断層帯地震
official_export_001:8,seismic,立川断層帯地震,4.655,5弱,,,13106,台東区,National,Designated,有形文化財,建造物,building_direct,旧岩崎家住宅(東京都台東区池之端一丁目),想定震度,立川断層帯地震,想定震度｜立川断層帯地震
official_export_001:9,seismic,立川断層帯地震,4.521,5弱,,,13106,台東区,National,Designated,有形文化財,建造物,building_direct,旧因州池田屋敷表門,想定震度,立川断層帯地震,想定震度｜立川断層帯地震
official_export_001:21,seismic,立川断層帯地震,4.49,5弱未満,,,13106,台東区,National,Designated,有形文化財,建造物,building_direct,寛永寺旧本坊表門(黒門),想定震度,立川断層帯地震,想定震度｜立川断層帯地震
official_export_001:22,seismic,立川断層帯地震,4.53,5弱,,,13106,台東区,National,Designated,有形文化財,建造物,building_direct,寛永寺清水堂,想定震度,立川断層帯地震,想定震度｜立川断層帯地震
official_export_001:23,seismic,立川断層帯地震,4.462,5弱未満,,,13106,台東区,National,Designated,有形文化財,建造物,building_direct,旧寛永寺五重塔,想定震度,立川断層帯地震,想定震度｜立川断層帯地震
official_export_001:42,seismic,立川断層帯地震,4.477,5弱未満,,,13106,台東区,National,Designated,有形文化財,建造物,building_direct,旧東京科学博物館本館,想定震度,立川断層帯地震,想定震度｜立川断層帯地震
official_export_001:56,seismic,立川断層帯地震,4.602,5弱,,,13106,台東区,National,Designated,有形文化財,建造物,building_direct,厳有院霊廟奥院,想定震度,立川断層帯地震,想定震度｜立川断層帯地震
official_export_001:58,seismic,立川断層帯地震,4.57,5弱,,,13106,台東区,National,Designated,有形文化財,建造物,building_direct,厳有院霊廟勅額門及び水盤舎,想定震度,立川断層帯地震,想定震度｜立川断層帯地震
official_export_001:59,seismic,立川断層帯地震,4.574,5弱,,,13106,台東区,National,Designated,有形文化財,建造物,building_direct,厳有院霊廟勅額門及び水盤舎,想定震度,立川断層帯地震,想定震度｜立川断層帯地震
official_export_001:60,seismic,立川断層帯地震,4.449,5弱未満,,,13106,台東区,National,Designated,有形文化財,建造物,building_direct,国立西洋美術館本館,想定震度,立川断層帯地震,想定震度｜立川断層帯地震
official_export_001:73,seismic,立川断層帯地震,4.548,5弱,,,13106,台東区,National,Designated,有形文化財,建造物,building_direct,旧十輪院宝蔵,想定震度,立川断層帯地震,想定震度｜立川断層帯地震
official_export_001:74,seismic,立川断層帯地震,4.599,5弱,,,13106,台東区,National,Designated,有形文化財,建造物,building_direct,常憲院霊廟奥院,想定震度,立川断層帯地震,想定震度｜立川断層帯地震
official_export_001:76,seismic,立川断層帯地震,4.596,5弱,,,13106,台東区,National,Designated,有形文化財,建造物,building_direct,常憲院霊廟勅額門及び水盤舎,想定震度,立川断層帯地震,想定震度｜立川断層帯地震
official_export_001:77,seismic,立川断層帯地震,4.596,5弱,,,13106,台東区,National,Designated,有形文化財,建造物,building_direct,常憲院霊廟勅額門及び水盤舎,想定震度,立川断層帯地震,想定震度｜立川断層帯地震
official_export_001:85,seismic,立川断層帯地震,4.728,5弱,,,13106,台東区,National,Designated,有形文化財,建造物,building_direct,浅草寺伝法院,想定震度,立川断層帯地震,想定震度｜立川断層帯地震
official_export_001:86,seismic,立川断層帯地震,4.728,5弱,,,13106,台東区,National,Designated,有形文化財,建造物,building_direct,浅草寺伝法院,想定震度,立川断層帯地震,想定震度｜立川断層帯地震
official_export_001:87,seismic,立川断層帯地震,4.728,5弱,,,13106,台東区,National,Designated,有形文化財,建造物,building_direct,浅草寺伝法院,想定震度,立川断層帯地震,想定震度｜立川断層帯地震
official_export_001:88,seismic,立川断層帯地震,4.728,5弱,,,13106,台東区,National,Designated,有形文化財,建造物,building_direct,浅草寺伝法院,想定震度,立川断層帯地震,想定震度｜立川断層帯地震
official_export_001:89,seismic,立川断層帯地震,4.728,5弱,,,13106,台東区,National,Designated,有形文化財,建造物,building_direct,浅草寺伝法院,想定震度,立川断層帯地震,想定震度｜立川断層帯地震
official_export_001:90,seismic,立川断層帯地震,4.703,5弱,,,13106,台東区,National,Designated,有形文化財,建造物,building_direct,浅草寺伝法院,想定震度,立川断層帯地震,想定震度｜立川断層帯地震
official_export_001:91,seismic,立川断層帯地震,4.591,5弱,,,13106,台東区,National,Designated,有形文化財,建造物,building_direct,浅草寺二天門,想定震度,立川断層帯地震,想定震度｜立川断層帯地震
official_export_001:104,seismic,立川断層帯地震,4.518,5弱,,,13106,台東区,National,Designated,有形文化財,建造物,building_direct,旧東京音楽学校奏楽堂,想定震度,立川断層帯地震,想定震度｜立川断層帯地震
official_export_001:105,seismic,立川断層帯地震,4.546,5弱,,,13106,台東区,National,Designated,有形文化財,建造物,building_direct,旧東京帝室博物館本館,想定震度,立川断層帯地震,想定震度｜立川断層帯地震
official_export_001:107,seismic,立川断層帯地震,4.467,5弱未満,,,13106,台東区,National,Designated,有形文化財,建造物,building_direct,東照宮社殿,想定震度,立川断層帯地震,想定震度｜立川断層帯地震
official_export_001:108,seismic,立川断層帯地震,4.467,5弱未満,,,13106,台東区,National,Designated,有形文化財,建造物,building_direct,東照宮社殿,想定震度,立川断層帯地震,想定震度｜立川断層帯地震
official_export_001:109,seismic,立川断層帯地震,4.467,5弱未満,,,13106,台東区,National,Designated,有形文化財,建造物,building_direct,東照宮社殿,想定震度,立川断層帯地震,想定震度｜立川断層帯地震
official_export_001:110,seismic,立川断層帯地震,4.586,5弱,,,13106,台東区,National,Designated,有形文化財,建造物,building_direct,東照宮社殿,想定震度,立川断層帯地震,想定震度｜立川断層帯地震
official_export_001:126,seismic,立川断層帯地震,4.534,5弱,,,13106,台東区,National,Designated,有形文化財,建造物,building_direct,表慶館,想定震度,立川断層帯地震,想定震度｜立川断層帯地震
official_export_002:28,seismic,立川断層帯地震,5.272,5強,,,13106,台東区,National,Registered,有形文化財,建造物,building_direct,伊勢屋店舗兼主屋,想定震度,立川断層帯地震,想定震度｜立川断層帯地震
official_export_002:29,seismic,立川断層帯地震,4.913,5弱,,,13106,台東区,National,Registered,有形文化財,建造物,building_direct,市田家住宅裏門,想定震度,立川断層帯地震,想定震度｜立川断層帯地震
official_export_002:30,seismic,立川断層帯地震,4.578,5弱,,,13106,台東区,National,Registered,有形文化財,建造物,building_direct,市田家住宅表門,想定震度,立川断層帯地震,想定震度｜立川断層帯地震
official_export_002:31,seismic,立川断層帯地震,4.913,5弱,,,13106,台東区,National,Registered,有形文化財,建造物,building_direct,市田家住宅蔵,想定震度,立川断層帯地震,想定震度｜立川断層帯地震
official_export_002:32,seismic,立川断層帯地震,4.913,5弱,,,13106,台東区,National,Registered,有形文化財,建造物,building_direct,市田家住宅主屋,想定震度,立川断層帯地震,想定震度｜立川断層帯地震
official_export_002:40,seismic,立川断層帯地震,4.636,5弱,,,13106,台東区,National,Registered,有形文化財,建造物,building_direct,今半別館北棟,想定震度,立川断層帯地震,想定震度｜立川断層帯地震
official_export_002:41,seismic,立川断層帯地震,4.657,5弱,,,13106,台東区,National,Registered,有形文化財,建造物,building_direct,今半別館玄関棟,想定震度,立川断層帯地震,想定震度｜立川断層帯地震
official_export_002:42,seismic,立川断層帯地震,4.636,5弱,,,13106,台東区,National,Registered,有形文化財,建造物,building_direct,今半別館南棟,想定震度,立川断層帯地震,想定震度｜立川断層帯地震
official_export_002:43,seismic,立川断層帯地震,4.791,5弱,,,13106,台東区,National,Registered,有形文化財,建造物,building_direct,今半本店北奥座敷,想定震度,立川断層帯地震,想定震度｜立川断層帯地震
official_export_002:44,seismic,立川断層帯地震,4.791,5弱,,,13106,台東区,National,Registered,有形文化財,建造物,building_direct,今半本店西奥座敷,想定震度,立川断層帯地震,想定震度｜立川断層帯地震
official_export_002:45,seismic,立川断層帯地震,4.791,5弱,,,13106,台東区,National,Registered,有形文化財,建造物,building_direct,今半本店東奥座敷,想定震度,立川断層帯地震,想定震度｜立川断層帯地震
official_export_002:46,seismic,立川断層帯地震,4.905,5弱,,,13106,台東区,National,Registered,有形文化財,建造物,building_direct,岩田家住宅和館,想定震度,立川断層帯地震,想定震度｜立川断層帯地震
official_export_002:107,seismic,立川断層帯地震,4.753,5弱,,,13106,台東区,National,Registered,有形文化財,建造物,building_direct,神谷バー本館,想定震度,立川断層帯地震,想定震度｜立川断層帯地震
official_export_002:112,seismic,立川断層帯地震,4.606,5弱,,,13106,台東区,National,Registered,有形文化財,建造物,building_direct,寛永寺葵の間,想定震度,立川断層帯地震,想定震度｜立川断層帯地震
official_export_002:113,seismic,立川断層帯地震,4.565,5弱,,,13106,台東区,National,Registered,有形文化財,建造物,building_direct,寛永寺護国院庫裏,想定震度,立川断層帯地震,想定震度｜立川断層帯地震
official_export_002:114,seismic,立川断層帯地震,4.606,5弱,,,13106,台東区,National,Registered,有形文化財,建造物,building_direct,寛永寺根本中堂,想定震度,立川断層帯地震,想定震度｜立川断層帯地震
official_export_002:115,seismic,立川断層帯地震,4.611,5弱,,,13106,台東区,National,Registered,有形文化財,建造物,building_direct,寛永寺渋沢家霊堂,想定震度,立川断層帯地震,想定震度｜立川断層帯地震
official_export_002:124,seismic,立川断層帯地震,4.643,5弱,,,13106,台東区,National,Registered,有形文化財,建造物,building_direct,観音寺客殿,想定震度,立川断層帯地震,想定震度｜立川断層帯地震
official_export_002:125,seismic,立川断層帯地震,4.642,5弱,,,13106,台東区,National,Registered,有形文化財,建造物,building_direct,観音寺築地塀,想定震度,立川断層帯地震,想定震度｜立川断層帯地震
official_export_002:132,seismic,立川断層帯地震,4.865,5弱,,,13106,台東区,National,Registered,有形文化財,建造物,building_direct,ギャラリー・エフ蔵(株式会社淵川金属事務所),想定震度,立川断層帯地震,想定震度｜立川断層帯地震
official_export_002:139,seismic,立川断層帯地震,4.81,5弱,,,13106,台東区,National,Registered,有形文化財,建造物,building_direct,旧井阪屋本店河合ビル,想定震度,立川断層帯地震,想定震度｜立川断層帯地震
official_export_002:140,seismic,立川断層帯地震,4.752,5弱,,,13106,台東区,National,Registered,有形文化財,建造物,building_direct,旧井阪屋本店河合ビル稲荷社,想定震度,立川断層帯地震,想定震度｜立川断層帯地震
official_export_002:144,seismic,立川断層帯地震,4.925,5弱,,,13106,台東区,National,Registered,有形文化財,建造物,building_direct,旧柏湯,想定震度,立川断層帯地震,想定震度｜立川断層帯地震
official_export_002:145,seismic,立川断層帯地震,4.632,5弱,,,13106,台東区,National,Registered,有形文化財,建造物,building_direct,旧唐木田家住宅主屋,想定震度,立川断層帯地震,想定震度｜立川断層帯地震
official_export_002:147,seismic,立川断層帯地震,4.638,5弱,,,13106,台東区,National,Registered,有形文化財,建造物,building_direct,旧川嶋屋米倉庫,想定震度,立川断層帯地震,想定震度｜立川断層帯地震
official_export_002:148,seismic,立川断層帯地震,4.639,5弱,,,13106,台東区,National,Registered,有形文化財,建造物,building_direct,旧川嶋屋店舗兼住居,想定震度,立川断層帯地震,想定震度｜立川断層帯地震
official_export_002:195,seismic,立川断層帯地震,4.952,5弱,,,13106,台東区,National,Registered,有形文化財,建造物,building_direct,教證寺客殿,想定震度,立川断層帯地震,想定震度｜立川断層帯地震
official_export_002:196,seismic,立川断層帯地震,4.952,5弱,,,13106,台東区,National,Registered,有形文化財,建造物,building_direct,教證寺本堂,想定震度,立川断層帯地震,想定震度｜立川断層帯地震
official_export_002:205,seismic,立川断層帯地震,4.633,5弱,,,13106,台東区,National,Registered,有形文化財,建造物,building_direct,黒沢ビル,想定震度,立川断層帯地震,想定震度｜立川断層帯地震
official_export_002:243,seismic,立川断層帯地震,5.071,5強,,,13106,台東区,National,Registered,有形文化財,建造物,building_direct,西徳寺本堂,想定震度,立川断層帯地震,想定震度｜立川断層帯地震
official_export_002:274,seismic,立川断層帯地震,4.659,5弱,,,13106,台東区,National,Registered,有形文化財,建造物,building_direct,すぺーす小倉屋蔵,想定震度,立川断層帯地震,想定震度｜立川断層帯地震
official_export_002:275,seismic,立川断層帯地震,4.659,5弱,,,13106,台東区,National,Registered,有形文化財,建造物,building_direct,すぺーす小倉屋店舗,想定震度,立川断層帯地震,想定震度｜立川断層帯地震
official_export_002:282,seismic,立川断層帯地震,5.027,5強,,,13106,台東区,National,Registered,有形文化財,建造物,building_direct,タイガービルヂング,想定震度,立川断層帯地震,想定震度｜立川断層帯地震
official_export_002:283,seismic,立川断層帯地震,4.646,5弱,,,13106,台東区,National,Registered,有形文化財,建造物,building_direct,台東区立朝倉彫塑館東屋,想定震度,立川断層帯地震,想定震度｜立川断層帯地震
official_export_002:284,seismic,立川断層帯地震,4.646,5弱,,,13106,台東区,National,Registered,有形文化財,建造物,building_direct,台東区立朝倉彫塑館アトリエ棟,想定震度,立川断層帯地震,想定震度｜立川断層帯地震
official_export_002:285,seismic,立川断層帯地震,4.652,5弱,,,13106,台東区,National,Registered,有形文化財,建造物,building_direct,台東区立朝倉彫塑館旧アトリエ,想定震度,立川断層帯地震,想定震度｜立川断層帯地震
official_export_002:286,seismic,立川断層帯地震,4.652,5弱,,,13106,台東区,National,Registered,有形文化財,建造物,building_direct,台東区立朝倉彫塑館住居,想定震度,立川断層帯地震,想定震度｜立川断層帯地震
official_export_002:311,seismic,立川断層帯地震,4.704,5弱,,,13106,台東区,National,Registered,有形文化財,建造物,building_direct,茶寮一松表門及び塀,想定震度,立川断層帯地震,想定震度｜立川断層帯地震
official_export_002:312,seismic,立川断層帯地震,4.792,5弱,,,13106,台東区,National,Registered,有形文化財,建造物,building_direct,茶寮一松店舗及び住居,想定震度,立川断層帯地震,想定震度｜立川断層帯地震
official_export_002:325,seismic,立川断層帯地震,4.572,5弱,,,13106,台東区,National,Registered,有形文化財,建造物,building_direct,燕湯,想定震度,立川断層帯地震,想定震度｜立川断層帯地震
official_export_002:326,seismic,立川断層帯地震,4.638,5弱,,,13106,台東区,National,Registered,有形文化財,建造物,building_direct,手焼せんべい嵯峨の家店舗,想定震度,立川断層帯地震,想定震度｜立川断層帯地震
official_export_002:357,seismic,立川断層帯地震,4.79,5弱,,,13106,台東区,National,Registered,有形文化財,建造物,building_direct,東京地下鉄銀座線浅草駅四番出入口上家,想定震度,立川断層帯地震,想定震度｜立川断層帯地震
official_export_002:362,seismic,立川断層帯地震,4.551,5弱,,,13106,台東区,National,Registered,有形文化財,建造物,building_direct,東京文化財研究所黒田記念館書庫,想定震度,立川断層帯地震,想定震度｜立川断層帯地震
official_export_002:363,seismic,立川断層帯地震,4.551,5弱,,,13106,台東区,National,Registered,有形文化財,建造物,building_direct,東京文化財研究所黒田記念館本館,想定震度,立川断層帯地震,想定震度｜立川断層帯地震
official_export_002:367,seismic,立川断層帯地震,5.272,5強,,,13106,台東区,National,Registered,有形文化財,建造物,building_direct,中江店舗,想定震度,立川断層帯地震,想定震度｜立川断層帯地震
official_export_002:376,seismic,立川断層帯地震,4.752,5弱,,,13106,台東区,National,Registered,有形文化財,建造物,building_direct,難波商店店舗兼主屋,想定震度,立川断層帯地震,想定震度｜立川断層帯地震
official_export_002:385,seismic,立川断層帯地震,4.56,5弱,,,13106,台東区,National,Registered,有形文化財,建造物,building_direct,日本聖公会浅草聖ヨハネ教会,想定震度,立川断層帯地震,想定震度｜立川断層帯地震
official_export_002:394,seismic,立川断層帯地震,4.679,5弱,,,13106,台東区,National,Registered,有形文化財,建造物,building_direct,花重店舗,想定震度,立川断層帯地震,想定震度｜立川断層帯地震
official_export_003:2,seismic,立川断層帯地震,4.698,5弱,,,13106,台東区,National,Designated,記念物,天然記念物,point,伊能忠敬墓,想定震度,立川断層帯地震,想定震度｜立川断層帯地震
official_export_003:14,seismic,立川断層帯地震,4.76,5弱,,,13106,台東区,National,Designated,記念物,天然記念物,point,蒲生君平墓,想定震度,立川断層帯地震,想定震度｜立川断層帯地震
official_export_003:16,seismic,立川断層帯地震,4.646,5弱,,,13106,台東区,National,Designated,記念物,天然記念物,point,旧朝倉文夫氏庭園,想定震度,立川断層帯地震,想定震度｜立川断層帯地震
official_export_003:42,seismic,立川断層帯地震,4.698,5弱,,,13106,台東区,National,Designated,記念物,天然記念物,point,高橋至時墓,想定震度,立川断層帯地震,想定震度｜立川断層帯地震
official_export_003:59,seismic,立川断層帯地震,5.166,5強,,,13106,台東区,National,Designated,記念物,天然記念物,point,平賀源内墓,想定震度,立川断層帯地震,想定震度｜立川断層帯地震
official_export_003:72,seismic,立川断層帯地震,4.942,5弱,,,13106,台東区,National,Designated,記念物,天然記念物,point,横山大観旧宅及び庭園,想定震度,立川断層帯地震,想定震度｜立川断層帯地震
3,seismic,大正関東地震,5.623,6弱,,,13106,台東区,Tokyo Metropolitan,Designated,有形文化財,建造物,building_direct,浅草寺六角堂,想定震度,大正関東地震,想定震度｜大正関東地震
94,seismic,大正関東地震,5.719,6弱,,,13106,台東区,Tokyo Metropolitan,Designated,有形文化財,歴史資料,point,西仏板碑,想定震度,大正関東地震,想定震度｜大正関東地震
157,seismic,大正関東地震,5.623,6弱,,,13106,台東区,Tokyo Metropolitan,Designated,記念物,旧跡,point,戸田茂睡墓,想定震度,大正関東地震,想定震度｜大正関東地震
158,seismic,大正関東地震,5.623,6弱,,,13106,台東区,Tokyo Metropolitan,Designated,記念物,旧跡,point,六地蔵石燈籠,想定震度,大正関東地震,想定震度｜大正関東地震
159,seismic,大正関東地震,5.857,6弱,,,13106,台東区,Tokyo Metropolitan,Designated,記念物,旧跡,point,玉川庄右衛門及び同清右衛門墓,想定震度,大正関東地震,想定震度｜大正関東地震
160,seismic,大正関東地震,5.534,6弱,,,13106,台東区,Tokyo Metropolitan,Designated,記念物,旧跡,point,大久保主水墓,想定震度,大正関東地震,想定震度｜大正関東地震
161,seismic,大正関東地震,5.727,6弱,,,13106,台東区,Tokyo Metropolitan,Designated,記念物,旧跡,point,谷文晁墓,想定震度,大正関東地震,想定震度｜大正関東地震
162,seismic,大正関東地震,5.727,6弱,,,13106,台東区,Tokyo Metropolitan,Designated,記念物,旧跡,point,幡随院長兵衛墓,想定震度,大正関東地震,想定震度｜大正関東地震
163,seismic,大正関東地震,5.553,6弱,,,13106,台東区,Tokyo Metropolitan,Designated,記念物,旧跡,point,慈海僧正墓,想定震度,大正関東地震,想定震度｜大正関東地震
164,seismic,大正関東地震,5.694,6弱,,,13106,台東区,Tokyo Metropolitan,Designated,記念物,旧跡,point,葛飾北斎墓,想定震度,大正関東地震,想定震度｜大正関東地震
165,seismic,大正関東地震,5.637,6弱,,,13106,台東区,Tokyo Metropolitan,Designated,記念物,旧跡,point,山田宗?墓,想定震度,大正関東地震,想定震度｜大正関東地震
166,seismic,大正関東地震,5.553,6弱,,,13106,台東区,Tokyo Metropolitan,Designated,記念物,旧跡,point,了翁禅師塔碑,想定震度,大正関東地震,想定震度｜大正関東地震
167,seismic,大正関東地震,5.405,5強,,,13106,台東区,Tokyo Metropolitan,Designated,記念物,旧跡,point,天海僧正毛髪塔,想定震度,大正関東地震,想定震度｜大正関東地震
168,seismic,大正関東地震,5.759,6弱,,,13106,台東区,Tokyo Metropolitan,Designated,記念物,旧跡,point,樋口定伊墓,想定震度,大正関東地震,想定震度｜大正関東地震
169,seismic,大正関東地震,5.498,5強,,,13106,台東区,Tokyo Metropolitan,Designated,記念物,旧跡,point,山岡鉄舟墓,想定震度,大正関東地震,想定震度｜大正関東地震
170,seismic,大正関東地震,5.498,5強,,,13106,台東区,Tokyo Metropolitan,Designated,記念物,旧跡,point,三遊亭円朝墓,想定震度,大正関東地震,想定震度｜大正関東地震
206,seismic,大正関東地震,5.606,6弱,,,13106,台東区,Tokyo Metropolitan,Designated,記念物,天然記念物,point,玉林寺のシイ,想定震度,大正関東地震,想定震度｜大正関東地震
241,seismic,大正関東地震,5.758,6弱,,,13106,台東区,Tokyo Metropolitan,Designated,記念物,史跡,point,太宰春台墓,想定震度,大正関東地震,想定震度｜大正関東地震
242,seismic,大正関東地震,5.759,6弱,,,13106,台東区,Tokyo Metropolitan,Designated,記念物,史跡,point,浄厳律師墓,想定震度,大正関東地震,想定震度｜大正関東地震
243,seismic,大正関東地震,5.435,5強,,,13106,台東区,Tokyo Metropolitan,Designated,記念物,史跡,point,子規庵,想定震度,大正関東地震,想定震度｜大正関東地震
244,seismic,大正関東地震,5.44,5強,,,13106,台東区,Tokyo Metropolitan,Designated,記念物,史跡,point,中村不折旧宅(書道博物館),想定震度,大正関東地震,想定震度｜大正関東地震
131067100003,seismic,大正関東地震,5.558,6弱,,,13106,台東区,Municipal,Designated,民俗文化財,有形民俗文化財,point,旧吉田屋酒店,想定震度,大正関東地震,想定震度｜大正関東地震
131067100027,seismic,大正関東地震,5.524,6弱,,,13106,台東区,Municipal,Other,記念物,史跡,point,狩野芳崖墓 附 狩野芳崖翁碑,想定震度,大正関東地震,想定震度｜大正関東地震
131067100029,seismic,大正関東地震,5.954,6弱,,,13106,台東区,Municipal,Other,有形文化財,建造物,building_direct,石造宝篋印塔,想定震度,大正関東地震,想定震度｜大正関東地震
131067100039,seismic,大正関東地震,5.507,6弱,,,13106,台東区,Municipal,Other,記念物,史跡,point,大沼枕山墓,想定震度,大正関東地震,想定震度｜大正関東地震
131067100046,seismic,大正関東地震,5.504,6弱,,,13106,台東区,Municipal,Other,記念物,史跡,point,藤堂家墓所,想定震度,大正関東地震,想定震度｜大正関東地震
131067100047,seismic,大正関東地震,5.507,6弱,,,13106,台東区,Municipal,Other,記念物,史跡,point,河鍋暁斎墓,想定震度,大正関東地震,想定震度｜大正関東地震
131067100052,seismic,大正関東地震,5.525,6弱,,,13106,台東区,Municipal,Other,記念物,史跡,point,福地源一郎(桜痴)墓,想定震度,大正関東地震,想定震度｜大正関東地震
131067100053,seismic,大正関東地震,5.82,6弱,,,13106,台東区,Municipal,Other,記念物,史跡,point,横山大観旧居,想定震度,大正関東地震,想定震度｜大正関東地震
131067100059,seismic,大正関東地震,5.763,6弱,,,13106,台東区,Municipal,Other,民俗文化財,有形民俗文化財,point,延寿寺日荷堂絵馬群,想定震度,大正関東地震,想定震度｜大正関東地震
131067100060,seismic,大正関東地震,6.001,6強以上,,,13106,台東区,Municipal,Other,記念物,史跡,point,柴田是真墓,想定震度,大正関東地震,想定震度｜大正関東地震
131067100066,seismic,大正関東地震,5.789,6弱,,,13106,台東区,Municipal,Other,記念物,史跡,point,町田久成墓,想定震度,大正関東地震,想定震度｜大正関東地震
131067100067,seismic,大正関東地震,5.525,6弱,,,13106,台東区,Municipal,Other,記念物,史跡,point,田中芳男墓,想定震度,大正関東地震,想定震度｜大正関東地震
131067100075,seismic,大正関東地震,6.063,6強以上,,,13106,台東区,Municipal,Designated,民俗文化財,有形民俗文化財,point,浅草浅間神社本殿并びに諸資料 付 境内地,想定震度,大正関東地震,想定震度｜大正関東地震
131067100110,seismic,大正関東地震,5.504,6弱,,,13106,台東区,Municipal,Other,有形文化財,建造物,building_direct,上野広小路三橋遺構 附 出土近世遺物一括,想定震度,大正関東地震,想定震度｜大正関東地震
131067100132,seismic,大正関東地震,6.001,6強以上,,,13106,台東区,Municipal,Other,民俗文化財,有形民俗文化財,point,大太刀(陰陽丸),想定震度,大正関東地震,想定震度｜大正関東地震
131067100134,seismic,大正関東地震,5.701,6弱,,,13106,台東区,Municipal,Other,有形文化財,建造物,building_direct,石造多宝塔,想定震度,大正関東地震,想定震度｜大正関東地震
131067100147,seismic,大正関東地震,5.701,6弱,,,13106,台東区,Municipal,Other,民俗文化財,有形民俗文化財,point,浅草寺絵馬・扁額群,想定震度,大正関東地震,想定震度｜大正関東地震
131067100162,seismic,大正関東地震,5.718,6弱,,,13106,台東区,Municipal,Other,民俗文化財,有形民俗文化財,point,吉徳これくしょん(和書),想定震度,大正関東地震,想定震度｜大正関東地震
131067100163,seismic,大正関東地震,5.718,6弱,,,13106,台東区,Municipal,Other,民俗文化財,有形民俗文化財,point,吉徳これくしょん(一枚刷),想定震度,大正関東地震,想定震度｜大正関東地震
131067100168,seismic,大正関東地震,5.718,6弱,,,13106,台東区,Municipal,Other,民俗文化財,有形民俗文化財,point,吉徳これくしょん〔芝居番付類(一枚刷)〕,想定震度,大正関東地震,想定震度｜大正関東地震
131067100171,seismic,大正関東地震,5.718,6弱,,,13106,台東区,Municipal,Other,民俗文化財,有形民俗文化財,point,吉徳これくしょん(古文書),想定震度,大正関東地震,想定震度｜大正関東地震
131067100174,seismic,大正関東地震,5.718,6弱,,,13106,台東区,Municipal,Other,民俗文化財,有形民俗文化財,point,吉徳これくしょん(羽子板),想定震度,大正関東地震,想定震度｜大正関東地震
131067100178,seismic,大正関東地震,5.718,6弱,,,13106,台東区,Municipal,Other,民俗文化財,有形民俗文化財,point,吉徳これくしょん(五月人形),想定震度,大正関東地震,想定震度｜大正関東地震
131067100181,seismic,大正関東地震,5.718,6弱,,,13106,台東区,Municipal,Other,民俗文化財,有形民俗文化財,point,吉徳これくしょん(雛人形),想定震度,大正関東地震,想定震度｜大正関東地震
131067100182,seismic,大正関東地震,5.525,6弱,,,13106,台東区,Municipal,Other,記念物,史跡,point,渋沢栄一家墓所,想定震度,大正関東地震,想定震度｜大正関東地震
131067100187,seismic,大正関東地震,5.504,6弱,,,13106,台東区,Municipal,Other,記念物,史跡,point,徳川家光薨去に伴う殉死者の墓,想定震度,大正関東地震,想定震度｜大正関東地震
official_export_001:0,seismic,大正関東地震,5.629,6弱,,,13106,台東区,National,Designated,有形文化財,建造物,building_direct,浅草神社,想定震度,大正関東地震,想定震度｜大正関東地震
official_export_001:1,seismic,大正関東地震,5.629,6弱,,,13106,台東区,National,Designated,有形文化財,建造物,building_direct,浅草神社,想定震度,大正関東地震,想定震度｜大正関東地震
official_export_001:6,seismic,大正関東地震,5.588,6弱,,,13106,台東区,National,Designated,有形文化財,建造物,building_direct,旧岩崎家住宅(東京都台東区池之端一丁目),想定震度,大正関東地震,想定震度｜大正関東地震
official_export_001:7,seismic,大正関東地震,5.588,6弱,,,13106,台東区,National,Designated,有形文化財,建造物,building_direct,旧岩崎家住宅(東京都台東区池之端一丁目),想定震度,大正関東地震,想定震度｜大正関東地震
official_export_001:8,seismic,大正関東地震,5.575,6弱,,,13106,台東区,National,Designated,有形文化財,建造物,building_direct,旧岩崎家住宅(東京都台東区池之端一丁目),想定震度,大正関東地震,想定震度｜大正関東地震
official_export_001:9,seismic,大正関東地震,5.494,5強,,,13106,台東区,National,Designated,有形文化財,建造物,building_direct,旧因州池田屋敷表門,想定震度,大正関東地震,想定震度｜大正関東地震
official_export_001:21,seismic,大正関東地震,5.483,5強,,,13106,台東区,National,Designated,有形文化財,建造物,building_direct,寛永寺旧本坊表門(黒門),想定震度,大正関東地震,想定震度｜大正関東地震
official_export_001:22,seismic,大正関東地震,5.502,6弱,,,13106,台東区,National,Designated,有形文化財,建造物,building_direct,寛永寺清水堂,想定震度,大正関東地震,想定震度｜大正関東地震
official_export_001:23,seismic,大正関東地震,5.436,5強,,,13106,台東区,National,Designated,有形文化財,建造物,building_direct,旧寛永寺五重塔,想定震度,大正関東地震,想定震度｜大正関東地震
official_export_001:42,seismic,大正関東地震,5.472,5強,,,13106,台東区,National,Designated,有形文化財,建造物,building_direct,旧東京科学博物館本館,想定震度,大正関東地震,想定震度｜大正関東地震
official_export_001:56,seismic,大正関東地震,5.545,6弱,,,13106,台東区,National,Designated,有形文化財,建造物,building_direct,厳有院霊廟奥院,想定震度,大正関東地震,想定震度｜大正関東地震
official_export_001:58,seismic,大正関東地震,5.526,6弱,,,13106,台東区,National,Designated,有形文化財,建造物,building_direct,厳有院霊廟勅額門及び水盤舎,想定震度,大正関東地震,想定震度｜大正関東地震
official_export_001:59,seismic,大正関東地震,5.528,6弱,,,13106,台東区,National,Designated,有形文化財,建造物,building_direct,厳有院霊廟勅額門及び水盤舎,想定震度,大正関東地震,想定震度｜大正関東地震
official_export_001:60,seismic,大正関東地震,5.455,5強,,,13106,台東区,National,Designated,有形文化財,建造物,building_direct,国立西洋美術館本館,想定震度,大正関東地震,想定震度｜大正関東地震
official_export_001:73,seismic,大正関東地震,5.51,6弱,,,13106,台東区,National,Designated,有形文化財,建造物,building_direct,旧十輪院宝蔵,想定震度,大正関東地震,想定震度｜大正関東地震
official_export_001:74,seismic,大正関東地震,5.543,6弱,,,13106,台東区,National,Designated,有形文化財,建造物,building_direct,常憲院霊廟奥院,想定震度,大正関東地震,想定震度｜大正関東地震
official_export_001:76,seismic,大正関東地震,5.542,6弱,,,13106,台東区,National,Designated,有形文化財,建造物,building_direct,常憲院霊廟勅額門及び水盤舎,想定震度,大正関東地震,想定震度｜大正関東地震
official_export_001:77,seismic,大正関東地震,5.542,6弱,,,13106,台東区,National,Designated,有形文化財,建造物,building_direct,常憲院霊廟勅額門及び水盤舎,想定震度,大正関東地震,想定震度｜大正関東地震
official_export_001:85,seismic,大正関東地震,5.719,6弱,,,13106,台東区,National,Designated,有形文化財,建造物,building_direct,浅草寺伝法院,想定震度,大正関東地震,想定震度｜大正関東地震
official_export_001:86,seismic,大正関東地震,5.719,6弱,,,13106,台東区,National,Designated,有形文化財,建造物,building_direct,浅草寺伝法院,想定震度,大正関東地震,想定震度｜大正関東地震
official_export_001:87,seismic,大正関東地震,5.719,6弱,,,13106,台東区,National,Designated,有形文化財,建造物,building_direct,浅草寺伝法院,想定震度,大正関東地震,想定震度｜大正関東地震
official_export_001:88,seismic,大正関東地震,5.719,6弱,,,13106,台東区,National,Designated,有形文化財,建造物,building_direct,浅草寺伝法院,想定震度,大正関東地震,想定震度｜大正関東地震
official_export_001:89,seismic,大正関東地震,5.719,6弱,,,13106,台東区,National,Designated,有形文化財,建造物,building_direct,浅草寺伝法院,想定震度,大正関東地震,想定震度｜大正関東地震
official_export_001:90,seismic,大正関東地震,5.698,6弱,,,13106,台東区,National,Designated,有形文化財,建造物,building_direct,浅草寺伝法院,想定震度,大正関東地震,想定震度｜大正関東地震
official_export_001:91,seismic,大正関東地震,5.627,6弱,,,13106,台東区,National,Designated,有形文化財,建造物,building_direct,浅草寺二天門,想定震度,大正関東地震,想定震度｜大正関東地震
official_export_001:104,seismic,大正関東地震,5.491,5強,,,13106,台東区,National,Designated,有形文化財,建造物,building_direct,旧東京音楽学校奏楽堂,想定震度,大正関東地震,想定震度｜大正関東地震
official_export_001:105,seismic,大正関東地震,5.511,6弱,,,13106,台東区,National,Designated,有形文化財,建造物,building_direct,旧東京帝室博物館本館,想定震度,大正関東地震,想定震度｜大正関東地震
official_export_001:107,seismic,大正関東地震,5.435,5強,,,13106,台東区,National,Designated,有形文化財,建造物,building_direct,東照宮社殿,想定震度,大正関東地震,想定震度｜大正関東地震
official_export_001:108,seismic,大正関東地震,5.435,5強,,,13106,台東区,National,Designated,有形文化財,建造物,building_direct,東照宮社殿,想定震度,大正関東地震,想定震度｜大正関東地震
official_export_001:109,seismic,大正関東地震,5.435,5強,,,13106,台東区,National,Designated,有形文化財,建造物,building_direct,東照宮社殿,想定震度,大正関東地震,想定震度｜大正関東地震
official_export_001:110,seismic,大正関東地震,5.534,6弱,,,13106,台東区,National,Designated,有形文化財,建造物,building_direct,東照宮社殿,想定震度,大正関東地震,想定震度｜大正関東地震
official_export_001:126,seismic,大正関東地震,5.503,6弱,,,13106,台東区,National,Designated,有形文化財,建造物,building_direct,表慶館,想定震度,大正関東地震,想定震度｜大正関東地震
official_export_002:28,seismic,大正関東地震,6.077,6強以上,,,13106,台東区,National,Registered,有形文化財,建造物,building_direct,伊勢屋店舗兼主屋,想定震度,大正関東地震,想定震度｜大正関東地震
official_export_002:29,seismic,大正関東地震,5.797,6弱,,,13106,台東区,National,Registered,有形文化財,建造物,building_direct,市田家住宅裏門,想定震度,大正関東地震,想定震度｜大正関東地震
official_export_002:30,seismic,大正関東地震,5.509,6弱,,,13106,台東区,National,Registered,有形文化財,建造物,building_direct,市田家住宅表門,想定震度,大正関東地震,想定震度｜大正関東地震
official_export_002:31,seismic,大正関東地震,5.797,6弱,,,13106,台東区,National,Registered,有形文化財,建造物,building_direct,市田家住宅蔵,想定震度,大正関東地震,想定震度｜大正関東地震
official_export_002:32,seismic,大正関東地震,5.797,6弱,,,13106,台東区,National,Registered,有形文化財,建造物,building_direct,市田家住宅主屋,想定震度,大正関東地震,想定震度｜大正関東地震
official_export_002:40,seismic,大正関東地震,5.658,6弱,,,13106,台東区,National,Registered,有形文化財,建造物,building_direct,今半別館北棟,想定震度,大正関東地震,想定震度｜大正関東地震
official_export_002:41,seismic,大正関東地震,5.671,6弱,,,13106,台東区,National,Registered,有形文化財,建造物,building_direct,今半別館玄関棟,想定震度,大正関東地震,想定震度｜大正関東地震
official_export_002:42,seismic,大正関東地震,5.658,6弱,,,13106,台東区,National,Registered,有形文化財,建造物,building_direct,今半別館南棟,想定震度,大正関東地震,想定震度｜大正関東地震
official_export_002:43,seismic,大正関東地震,5.777,6弱,,,13106,台東区,National,Registered,有形文化財,建造物,building_direct,今半本店北奥座敷,想定震度,大正関東地震,想定震度｜大正関東地震
official_export_002:44,seismic,大正関東地震,5.777,6弱,,,13106,台東区,National,Registered,有形文化財,建造物,building_direct,今半本店西奥座敷,想定震度,大正関東地震,想定震度｜大正関東地震
official_export_002:45,seismic,大正関東地震,5.777,6弱,,,13106,台東区,National,Registered,有形文化財,建造物,building_direct,今半本店東奥座敷,想定震度,大正関東地震,想定震度｜大正関東地震
official_export_002:46,seismic,大正関東地震,5.78,6弱,,,13106,台東区,National,Registered,有形文化財,建造物,building_direct,岩田家住宅和館,想定震度,大正関東地震,想定震度｜大正関東地震
official_export_002:107,seismic,大正関東地震,5.749,6弱,,,13106,台東区,National,Registered,有形文化財,建造物,building_direct,神谷バー本館,想定震度,大正関東地震,想定震度｜大正関東地震
official_export_002:112,seismic,大正関東地震,5.55,6弱,,,13106,台東区,National,Registered,有形文化財,建造物,building_direct,寛永寺葵の間,想定震度,大正関東地震,想定震度｜大正関東地震
official_export_002:113,seismic,大正関東地震,5.492,5強,,,13106,台東区,National,Registered,有形文化財,建造物,building_direct,寛永寺護国院庫裏,想定震度,大正関東地震,想定震度｜大正関東地震
official_export_002:114,seismic,大正関東地震,5.55,6弱,,,13106,台東区,National,Registered,有形文化財,建造物,building_direct,寛永寺根本中堂,想定震度,大正関東地震,想定震度｜大正関東地震
official_export_002:115,seismic,大正関東地震,5.553,6弱,,,13106,台東区,National,Registered,有形文化財,建造物,building_direct,寛永寺渋沢家霊堂,想定震度,大正関東地震,想定震度｜大正関東地震
official_export_002:124,seismic,大正関東地震,5.514,6弱,,,13106,台東区,National,Registered,有形文化財,建造物,building_direct,観音寺客殿,想定震度,大正関東地震,想定震度｜大正関東地震
official_export_002:125,seismic,大正関東地震,5.517,6弱,,,13106,台東区,National,Registered,有形文化財,建造物,building_direct,観音寺築地塀,想定震度,大正関東地震,想定震度｜大正関東地震
official_export_002:132,seismic,大正関東地震,5.839,6弱,,,13106,台東区,National,Registered,有形文化財,建造物,building_direct,ギャラリー・エフ蔵(株式会社淵川金属事務所),想定震度,大正関東地震,想定震度｜大正関東地震
official_export_002:139,seismic,大正関東地震,5.784,6弱,,,13106,台東区,National,Registered,有形文化財,建造物,building_direct,旧井阪屋本店河合ビル,想定震度,大正関東地震,想定震度｜大正関東地震
official_export_002:140,seismic,大正関東地震,5.764,6弱,,,13106,台東区,National,Registered,有形文化財,建造物,building_direct,旧井阪屋本店河合ビル稲荷社,想定震度,大正関東地震,想定震度｜大正関東地震
official_export_002:144,seismic,大正関東地震,5.798,6弱,,,13106,台東区,National,Registered,有形文化財,建造物,building_direct,旧柏湯,想定震度,大正関東地震,想定震度｜大正関東地震
official_export_002:145,seismic,大正関東地震,5.562,6弱,,,13106,台東区,National,Registered,有形文化財,建造物,building_direct,旧唐木田家住宅主屋,想定震度,大正関東地震,想定震度｜大正関東地震
official_export_002:147,seismic,大正関東地震,5.558,6弱,,,13106,台東区,National,Registered,有形文化財,建造物,building_direct,旧川嶋屋米倉庫,想定震度,大正関東地震,想定震度｜大正関東地震
official_export_002:148,seismic,大正関東地震,5.563,6弱,,,13106,台東区,National,Registered,有形文化財,建造物,building_direct,旧川嶋屋店舗兼住居,想定震度,大正関東地震,想定震度｜大正関東地震
official_export_002:195,seismic,大正関東地震,5.85,6弱,,,13106,台東区,National,Registered,有形文化財,建造物,building_direct,教證寺客殿,想定震度,大正関東地震,想定震度｜大正関東地震
official_export_002:196,seismic,大正関東地震,5.85,6弱,,,13106,台東区,National,Registered,有形文化財,建造物,building_direct,教證寺本堂,想定震度,大正関東地震,想定震度｜大正関東地震
official_export_002:205,seismic,大正関東地震,5.592,6弱,,,13106,台東区,National,Registered,有形文化財,建造物,building_direct,黒沢ビル,想定震度,大正関東地震,想定震度｜大正関東地震
official_export_002:243,seismic,大正関東地震,5.985,6弱,,,13106,台東区,National,Registered,有形文化財,建造物,building_direct,西徳寺本堂,想定震度,大正関東地震,想定震度｜大正関東地震
official_export_002:274,seismic,大正関東地震,5.545,6弱,,,13106,台東区,National,Registered,有形文化財,建造物,building_direct,すぺーす小倉屋蔵,想定震度,大正関東地震,想定震度｜大正関東地震
official_export_002:275,seismic,大正関東地震,5.545,6弱,,,13106,台東区,National,Registered,有形文化財,建造物,building_direct,すぺーす小倉屋店舗,想定震度,大正関東地震,想定震度｜大正関東地震
official_export_002:282,seismic,大正関東地震,6.007,6強以上,,,13106,台東区,National,Registered,有形文化財,建造物,building_direct,タイガービルヂング,想定震度,大正関東地震,想定震度｜大正関東地震
official_export_002:283,seismic,大正関東地震,5.519,6弱,,,13106,台東区,National,Registered,有形文化財,建造物,building_direct,台東区立朝倉彫塑館東屋,想定震度,大正関東地震,想定震度｜大正関東地震
official_export_002:284,seismic,大正関東地震,5.519,6弱,,,13106,台東区,National,Registered,有形文化財,建造物,building_direct,台東区立朝倉彫塑館アトリエ棟,想定震度,大正関東地震,想定震度｜大正関東地震
official_export_002:285,seismic,大正関東地震,5.527,6弱,,,13106,台東区,National,Registered,有形文化財,建造物,building_direct,台東区立朝倉彫塑館旧アトリエ,想定震度,大正関東地震,想定震度｜大正関東地震
official_export_002:286,seismic,大正関東地震,5.527,6弱,,,13106,台東区,National,Registered,有形文化財,建造物,building_direct,台東区立朝倉彫塑館住居,想定震度,大正関東地震,想定震度｜大正関東地震
official_export_002:311,seismic,大正関東地震,5.702,6弱,,,13106,台東区,National,Registered,有形文化財,建造物,building_direct,茶寮一松表門及び塀,想定震度,大正関東地震,想定震度｜大正関東地震
official_export_002:312,seismic,大正関東地震,5.777,6弱,,,13106,台東区,National,Registered,有形文化財,建造物,building_direct,茶寮一松店舗及び住居,想定震度,大正関東地震,想定震度｜大正関東地震
official_export_002:325,seismic,大正関東地震,5.535,6弱,,,13106,台東区,National,Registered,有形文化財,建造物,building_direct,燕湯,想定震度,大正関東地震,想定震度｜大正関東地震
official_export_002:326,seismic,大正関東地震,5.558,6弱,,,13106,台東区,National,Registered,有形文化財,建造物,building_direct,手焼せんべい嵯峨の家店舗,想定震度,大正関東地震,想定震度｜大正関東地震
official_export_002:357,seismic,大正関東地震,5.779,6弱,,,13106,台東区,National,Registered,有形文化財,建造物,building_direct,東京地下鉄銀座線浅草駅四番出入口上家,想定震度,大正関東地震,想定震度｜大正関東地震
official_export_002:362,seismic,大正関東地震,5.511,6弱,,,13106,台東区,National,Registered,有形文化財,建造物,building_direct,東京文化財研究所黒田記念館書庫,想定震度,大正関東地震,想定震度｜大正関東地震
official_export_002:363,seismic,大正関東地震,5.511,6弱,,,13106,台東区,National,Registered,有形文化財,建造物,building_direct,東京文化財研究所黒田記念館本館,想定震度,大正関東地震,想定震度｜大正関東地震
official_export_002:367,seismic,大正関東地震,6.077,6強以上,,,13106,台東区,National,Registered,有形文化財,建造物,building_direct,中江店舗,想定震度,大正関東地震,想定震度｜大正関東地震
official_export_002:376,seismic,大正関東地震,5.764,6弱,,,13106,台東区,National,Registered,有形文化財,建造物,building_direct,難波商店店舗兼主屋,想定震度,大正関東地震,想定震度｜大正関東地震
official_export_002:385,seismic,大正関東地震,5.616,6弱,,,13106,台東区,National,Registered,有形文化財,建造物,building_direct,日本聖公会浅草聖ヨハネ教会,想定震度,大正関東地震,想定震度｜大正関東地震
official_export_002:394,seismic,大正関東地震,5.575,6弱,,,13106,台東区,National,Registered,有形文化財,建造物,building_direct,花重店舗,想定震度,大正関東地震,想定震度｜大正関東地震
official_export_003:2,seismic,大正関東地震,5.709,6弱,,,13106,台東区,National,Designated,記念物,天然記念物,point,伊能忠敬墓,想定震度,大正関東地震,想定震度｜大正関東地震
official_export_003:14,seismic,大正関東地震,5.633,6弱,,,13106,台東区,National,Designated,記念物,天然記念物,point,蒲生君平墓,想定震度,大正関東地震,想定震度｜大正関東地震
official_export_003:16,seismic,大正関東地震,5.519,6弱,,,13106,台東区,National,Designated,記念物,天然記念物,point,旧朝倉文夫氏庭園,想定震度,大正関東地震,想定震度｜大正関東地震
official_export_003:42,seismic,大正関東地震,5.709,6弱,,,13106,台東区,National,Designated,記念物,天然記念物,point,高橋至時墓,想定震度,大正関東地震,想定震度｜大正関東地震
official_export_003:59,seismic,大正関東地震,5.97,6弱,,,13106,台東区,National,Designated,記念物,天然記念物,point,平賀源内墓,想定震度,大正関東地震,想定震度｜大正関東地震
official_export_003:72,seismic,大正関東地震,5.82,6弱,,,13106,台東区,National,Designated,記念物,天然記念物,point,横山大観旧宅及び庭園,想定震度,大正関東地震,想定震度｜大正関東地震
3,seismic,南海トラフ巨大地震,4.949,5弱,,,13106,台東区,Tokyo Metropolitan,Designated,有形文化財,建造物,building_direct,浅草寺六角堂,想定震度,南海トラフ巨大地震,想定震度｜南海トラフ巨大地震
94,seismic,南海トラフ巨大地震,5.023,5強,,,13106,台東区,Tokyo Metropolitan,Designated,有形文化財,歴史資料,point,西仏板碑,想定震度,南海トラフ巨大地震,想定震度｜南海トラフ巨大地震
157,seismic,南海トラフ巨大地震,4.949,5弱,,,13106,台東区,Tokyo Metropolitan,Designated,記念物,旧跡,point,戸田茂睡墓,想定震度,南海トラフ巨大地震,想定震度｜南海トラフ巨大地震
158,seismic,南海トラフ巨大地震,4.949,5弱,,,13106,台東区,Tokyo Metropolitan,Designated,記念物,旧跡,point,六地蔵石燈籠,想定震度,南海トラフ巨大地震,想定震度｜南海トラフ巨大地震
159,seismic,南海トラフ巨大地震,5.242,5強,,,13106,台東区,Tokyo Metropolitan,Designated,記念物,旧跡,point,玉川庄右衛門及び同清右衛門墓,想定震度,南海トラフ巨大地震,想定震度｜南海トラフ巨大地震
160,seismic,南海トラフ巨大地震,4.874,5弱,,,13106,台東区,Tokyo Metropolitan,Designated,記念物,旧跡,point,大久保主水墓,想定震度,南海トラフ巨大地震,想定震度｜南海トラフ巨大地震
161,seismic,南海トラフ巨大地震,5.114,5強,,,13106,台東区,Tokyo Metropolitan,Designated,記念物,旧跡,point,谷文晁墓,想定震度,南海トラフ巨大地震,想定震度｜南海トラフ巨大地震
162,seismic,南海トラフ巨大地震,5.114,5強,,,13106,台東区,Tokyo Metropolitan,Designated,記念物,旧跡,point,幡随院長兵衛墓,想定震度,南海トラフ巨大地震,想定震度｜南海トラフ巨大地震
163,seismic,南海トラフ巨大地震,4.921,5弱,,,13106,台東区,Tokyo Metropolitan,Designated,記念物,旧跡,point,慈海僧正墓,想定震度,南海トラフ巨大地震,想定震度｜南海トラフ巨大地震
164,seismic,南海トラフ巨大地震,5.068,5強,,,13106,台東区,Tokyo Metropolitan,Designated,記念物,旧跡,point,葛飾北斎墓,想定震度,南海トラフ巨大地震,想定震度｜南海トラフ巨大地震
165,seismic,南海トラフ巨大地震,4.975,5弱,,,13106,台東区,Tokyo Metropolitan,Designated,記念物,旧跡,point,山田宗?墓,想定震度,南海トラフ巨大地震,想定震度｜南海トラフ巨大地震
166,seismic,南海トラフ巨大地震,4.921,5弱,,,13106,台東区,Tokyo Metropolitan,Designated,記念物,旧跡,point,了翁禅師塔碑,想定震度,南海トラフ巨大地震,想定震度｜南海トラフ巨大地震
167,seismic,南海トラフ巨大地震,4.72,5弱,,,13106,台東区,Tokyo Metropolitan,Designated,記念物,旧跡,point,天海僧正毛髪塔,想定震度,南海トラフ巨大地震,想定震度｜南海トラフ巨大地震
168,seismic,南海トラフ巨大地震,5.113,5強,,,13106,台東区,Tokyo Metropolitan,Designated,記念物,旧跡,point,樋口定伊墓,想定震度,南海トラフ巨大地震,想定震度｜南海トラフ巨大地震
169,seismic,南海トラフ巨大地震,4.828,5弱,,,13106,台東区,Tokyo Metropolitan,Designated,記念物,旧跡,point,山岡鉄舟墓,想定震度,南海トラフ巨大地震,想定震度｜南海トラフ巨大地震
170,seismic,南海トラフ巨大地震,4.828,5弱,,,13106,台東区,Tokyo Metropolitan,Designated,記念物,旧跡,point,三遊亭円朝墓,想定震度,南海トラフ巨大地震,想定震度｜南海トラフ巨大地震
206,seismic,南海トラフ巨大地震,4.958,5弱,,,13106,台東区,Tokyo Metropolitan,Designated,記念物,天然記念物,point,玉林寺のシイ,想定震度,南海トラフ巨大地震,想定震度｜南海トラフ巨大地震
241,seismic,南海トラフ巨大地震,5.128,5強,,,13106,台東区,Tokyo Metropolitan,Designated,記念物,史跡,point,太宰春台墓,想定震度,南海トラフ巨大地震,想定震度｜南海トラフ巨大地震
242,seismic,南海トラフ巨大地震,5.113,5強,,,13106,台東区,Tokyo Metropolitan,Designated,記念物,史跡,point,浄厳律師墓,想定震度,南海トラフ巨大地震,想定震度｜南海トラフ巨大地震
243,seismic,南海トラフ巨大地震,4.784,5弱,,,13106,台東区,Tokyo Metropolitan,Designated,記念物,史跡,point,子規庵,想定震度,南海トラフ巨大地震,想定震度｜南海トラフ巨大地震
244,seismic,南海トラフ巨大地震,4.79,5弱,,,13106,台東区,Tokyo Metropolitan,Designated,記念物,史跡,point,中村不折旧宅(書道博物館),想定震度,南海トラフ巨大地震,想定震度｜南海トラフ巨大地震
131067100003,seismic,南海トラフ巨大地震,4.916,5弱,,,13106,台東区,Municipal,Designated,民俗文化財,有形民俗文化財,point,旧吉田屋酒店,想定震度,南海トラフ巨大地震,想定震度｜南海トラフ巨大地震
131067100027,seismic,南海トラフ巨大地震,4.861,5弱,,,13106,台東区,Municipal,Other,記念物,史跡,point,狩野芳崖墓 附 狩野芳崖翁碑,想定震度,南海トラフ巨大地震,想定震度｜南海トラフ巨大地震
131067100029,seismic,南海トラフ巨大地震,5.29,5強,,,13106,台東区,Municipal,Other,有形文化財,建造物,building_direct,石造宝篋印塔,想定震度,南海トラフ巨大地震,想定震度｜南海トラフ巨大地震
131067100039,seismic,南海トラフ巨大地震,4.838,5弱,,,13106,台東区,Municipal,Other,記念物,史跡,point,大沼枕山墓,想定震度,南海トラフ巨大地震,想定震度｜南海トラフ巨大地震
131067100046,seismic,南海トラフ巨大地震,4.865,5弱,,,13106,台東区,Municipal,Other,記念物,史跡,point,藤堂家墓所,想定震度,南海トラフ巨大地震,想定震度｜南海トラフ巨大地震
131067100047,seismic,南海トラフ巨大地震,4.838,5弱,,,13106,台東区,Municipal,Other,記念物,史跡,point,河鍋暁斎墓,想定震度,南海トラフ巨大地震,想定震度｜南海トラフ巨大地震
131067100052,seismic,南海トラフ巨大地震,4.875,5弱,,,13106,台東区,Municipal,Other,記念物,史跡,point,福地源一郎(桜痴)墓,想定震度,南海トラフ巨大地震,想定震度｜南海トラフ巨大地震
131067100053,seismic,南海トラフ巨大地震,5.188,5強,,,13106,台東区,Municipal,Other,記念物,史跡,point,横山大観旧居,想定震度,南海トラフ巨大地震,想定震度｜南海トラフ巨大地震
131067100059,seismic,南海トラフ巨大地震,5.136,5強,,,13106,台東区,Municipal,Other,民俗文化財,有形民俗文化財,point,延寿寺日荷堂絵馬群,想定震度,南海トラフ巨大地震,想定震度｜南海トラフ巨大地震
131067100060,seismic,南海トラフ巨大地震,5.352,5強,,,13106,台東区,Municipal,Other,記念物,史跡,point,柴田是真墓,想定震度,南海トラフ巨大地震,想定震度｜南海トラフ巨大地震
131067100066,seismic,南海トラフ巨大地震,5.173,5強,,,13106,台東区,Municipal,Other,記念物,史跡,point,町田久成墓,想定震度,南海トラフ巨大地震,想定震度｜南海トラフ巨大地震
131067100067,seismic,南海トラフ巨大地震,4.875,5弱,,,13106,台東区,Municipal,Other,記念物,史跡,point,田中芳男墓,想定震度,南海トラフ巨大地震,想定震度｜南海トラフ巨大地震
131067100075,seismic,南海トラフ巨大地震,5.436,5強,,,13106,台東区,Municipal,Designated,民俗文化財,有形民俗文化財,point,浅草浅間神社本殿并びに諸資料 付 境内地,想定震度,南海トラフ巨大地震,想定震度｜南海トラフ巨大地震
131067100110,seismic,南海トラフ巨大地震,4.865,5弱,,,13106,台東区,Municipal,Other,有形文化財,建造物,building_direct,上野広小路三橋遺構 附 出土近世遺物一括,想定震度,南海トラフ巨大地震,想定震度｜南海トラフ巨大地震
131067100132,seismic,南海トラフ巨大地震,5.352,5強,,,13106,台東区,Municipal,Other,民俗文化財,有形民俗文化財,point,大太刀(陰陽丸),想定震度,南海トラフ巨大地震,想定震度｜南海トラフ巨大地震
131067100134,seismic,南海トラフ巨大地震,5.04,5強,,,13106,台東区,Municipal,Other,有形文化財,建造物,building_direct,石造多宝塔,想定震度,南海トラフ巨大地震,想定震度｜南海トラフ巨大地震
131067100147,seismic,南海トラフ巨大地震,5.04,5強,,,13106,台東区,Municipal,Other,民俗文化財,有形民俗文化財,point,浅草寺絵馬・扁額群,想定震度,南海トラフ巨大地震,想定震度｜南海トラフ巨大地震
131067100162,seismic,南海トラフ巨大地震,5.01,5強,,,13106,台東区,Municipal,Other,民俗文化財,有形民俗文化財,point,吉徳これくしょん(和書),想定震度,南海トラフ巨大地震,想定震度｜南海トラフ巨大地震
131067100163,seismic,南海トラフ巨大地震,5.01,5強,,,13106,台東区,Municipal,Other,民俗文化財,有形民俗文化財,point,吉徳これくしょん(一枚刷),想定震度,南海トラフ巨大地震,想定震度｜南海トラフ巨大地震
131067100168,seismic,南海トラフ巨大地震,5.01,5強,,,13106,台東区,Municipal,Other,民俗文化財,有形民俗文化財,point,吉徳これくしょん〔芝居番付類(一枚刷)〕,想定震度,南海トラフ巨大地震,想定震度｜南海トラフ巨大地震
131067100171,seismic,南海トラフ巨大地震,5.01,5強,,,13106,台東区,Municipal,Other,民俗文化財,有形民俗文化財,point,吉徳これくしょん(古文書),想定震度,南海トラフ巨大地震,想定震度｜南海トラフ巨大地震
131067100174,seismic,南海トラフ巨大地震,5.01,5強,,,13106,台東区,Municipal,Other,民俗文化財,有形民俗文化財,point,吉徳これくしょん(羽子板),想定震度,南海トラフ巨大地震,想定震度｜南海トラフ巨大地震
131067100178,seismic,南海トラフ巨大地震,5.01,5強,,,13106,台東区,Municipal,Other,民俗文化財,有形民俗文化財,point,吉徳これくしょん(五月人形),想定震度,南海トラフ巨大地震,想定震度｜南海トラフ巨大地震
131067100181,seismic,南海トラフ巨大地震,5.01,5強,,,13106,台東区,Municipal,Other,民俗文化財,有形民俗文化財,point,吉徳これくしょん(雛人形),想定震度,南海トラフ巨大地震,想定震度｜南海トラフ巨大地震
131067100182,seismic,南海トラフ巨大地震,4.875,5弱,,,13106,台東区,Municipal,Other,記念物,史跡,point,渋沢栄一家墓所,想定震度,南海トラフ巨大地震,想定震度｜南海トラフ巨大地震
131067100187,seismic,南海トラフ巨大地震,4.865,5弱,,,13106,台東区,Municipal,Other,記念物,史跡,point,徳川家光薨去に伴う殉死者の墓,想定震度,南海トラフ巨大地震,想定震度｜南海トラフ巨大地震
official_export_001:0,seismic,南海トラフ巨大地震,4.953,5弱,,,13106,台東区,National,Designated,有形文化財,建造物,building_direct,浅草神社,想定震度,南海トラフ巨大地震,想定震度｜南海トラフ巨大地震
official_export_001:1,seismic,南海トラフ巨大地震,4.953,5弱,,,13106,台東区,National,Designated,有形文化財,建造物,building_direct,浅草神社,想定震度,南海トラフ巨大地震,想定震度｜南海トラフ巨大地震
official_export_001:6,seismic,南海トラフ巨大地震,4.902,5弱,,,13106,台東区,National,Designated,有形文化財,建造物,building_direct,旧岩崎家住宅(東京都台東区池之端一丁目),想定震度,南海トラフ巨大地震,想定震度｜南海トラフ巨大地震
official_export_001:7,seismic,南海トラフ巨大地震,4.902,5弱,,,13106,台東区,National,Designated,有形文化財,建造物,building_direct,旧岩崎家住宅(東京都台東区池之端一丁目),想定震度,南海トラフ巨大地震,想定震度｜南海トラフ巨大地震
official_export_001:8,seismic,南海トラフ巨大地震,4.897,5弱,,,13106,台東区,National,Designated,有形文化財,建造物,building_direct,旧岩崎家住宅(東京都台東区池之端一丁目),想定震度,南海トラフ巨大地震,想定震度｜南海トラフ巨大地震
official_export_001:9,seismic,南海トラフ巨大地震,4.837,5弱,,,13106,台東区,National,Designated,有形文化財,建造物,building_direct,旧因州池田屋敷表門,想定震度,南海トラフ巨大地震,想定震度｜南海トラフ巨大地震
official_export_001:21,seismic,南海トラフ巨大地震,4.839,5弱,,,13106,台東区,National,Designated,有形文化財,建造物,building_direct,寛永寺旧本坊表門(黒門),想定震度,南海トラフ巨大地震,想定震度｜南海トラフ巨大地震
official_export_001:22,seismic,南海トラフ巨大地震,4.826,5弱,,,13106,台東区,National,Designated,有形文化財,建造物,building_direct,寛永寺清水堂,想定震度,南海トラフ巨大地震,想定震度｜南海トラフ巨大地震
official_export_001:23,seismic,南海トラフ巨大地震,4.764,5弱,,,13106,台東区,National,Designated,有形文化財,建造物,building_direct,旧寛永寺五重塔,想定震度,南海トラフ巨大地震,想定震度｜南海トラフ巨大地震
official_export_001:42,seismic,南海トラフ巨大地震,4.824,5弱,,,13106,台東区,National,Designated,有形文化財,建造物,building_direct,旧東京科学博物館本館,想定震度,南海トラフ巨大地震,想定震度｜南海トラフ巨大地震
official_export_001:56,seismic,南海トラフ巨大地震,4.911,5弱,,,13106,台東区,National,Designated,有形文化財,建造物,building_direct,厳有院霊廟奥院,想定震度,南海トラフ巨大地震,想定震度｜南海トラフ巨大地震
official_export_001:58,seismic,南海トラフ巨大地震,4.892,5弱,,,13106,台東区,National,Designated,有形文化財,建造物,building_direct,厳有院霊廟勅額門及び水盤舎,想定震度,南海トラフ巨大地震,想定震度｜南海トラフ巨大地震
official_export_001:59,seismic,南海トラフ巨大地震,4.896,5弱,,,13106,台東区,National,Designated,有形文化財,建造物,building_direct,厳有院霊廟勅額門及び水盤舎,想定震度,南海トラフ巨大地震,想定震度｜南海トラフ巨大地震
official_export_001:60,seismic,南海トラフ巨大地震,4.796,5弱,,,13106,台東区,National,Designated,有形文化財,建造物,building_direct,国立西洋美術館本館,想定震度,南海トラフ巨大地震,想定震度｜南海トラフ巨大地震
official_export_001:73,seismic,南海トラフ巨大地震,4.862,5弱,,,13106,台東区,National,Designated,有形文化財,建造物,building_direct,旧十輪院宝蔵,想定震度,南海トラフ巨大地震,想定震度｜南海トラフ巨大地震
official_export_001:74,seismic,南海トラフ巨大地震,4.908,5弱,,,13106,台東区,National,Designated,有形文化財,建造物,building_direct,常憲院霊廟奥院,想定震度,南海トラフ巨大地震,想定震度｜南海トラフ巨大地震
official_export_001:76,seismic,南海トラフ巨大地震,4.907,5弱,,,13106,台東区,National,Designated,有形文化財,建造物,building_direct,常憲院霊廟勅額門及び水盤舎,想定震度,南海トラフ巨大地震,想定震度｜南海トラフ巨大地震
official_export_001:77,seismic,南海トラフ巨大地震,4.907,5弱,,,13106,台東区,National,Designated,有形文化財,建造物,building_direct,常憲院霊廟勅額門及び水盤舎,想定震度,南海トラフ巨大地震,想定震度｜南海トラフ巨大地震
official_export_001:85,seismic,南海トラフ巨大地震,5.062,5強,,,13106,台東区,National,Designated,有形文化財,建造物,building_direct,浅草寺伝法院,想定震度,南海トラフ巨大地震,想定震度｜南海トラフ巨大地震
official_export_001:86,seismic,南海トラフ巨大地震,5.062,5強,,,13106,台東区,National,Designated,有形文化財,建造物,building_direct,浅草寺伝法院,想定震度,南海トラフ巨大地震,想定震度｜南海トラフ巨大地震
official_export_001:87,seismic,南海トラフ巨大地震,5.062,5強,,,13106,台東区,National,Designated,有形文化財,建造物,building_direct,浅草寺伝法院,想定震度,南海トラフ巨大地震,想定震度｜南海トラフ巨大地震
official_export_001:88,seismic,南海トラフ巨大地震,5.062,5強,,,13106,台東区,National,Designated,有形文化財,建造物,building_direct,浅草寺伝法院,想定震度,南海トラフ巨大地震,想定震度｜南海トラフ巨大地震
official_export_001:89,seismic,南海トラフ巨大地震,5.062,5強,,,13106,台東区,National,Designated,有形文化財,建造物,building_direct,浅草寺伝法院,想定震度,南海トラフ巨大地震,想定震度｜南海トラフ巨大地震
official_export_001:90,seismic,南海トラフ巨大地震,5.039,5強,,,13106,台東区,National,Designated,有形文化財,建造物,building_direct,浅草寺伝法院,想定震度,南海トラフ巨大地震,想定震度｜南海トラフ巨大地震
official_export_001:91,seismic,南海トラフ巨大地震,4.948,5弱,,,13106,台東区,National,Designated,有形文化財,建造物,building_direct,浅草寺二天門,想定震度,南海トラフ巨大地震,想定震度｜南海トラフ巨大地震
official_export_001:104,seismic,南海トラフ巨大地震,4.824,5弱,,,13106,台東区,National,Designated,有形文化財,建造物,building_direct,旧東京音楽学校奏楽堂,想定震度,南海トラフ巨大地震,想定震度｜南海トラフ巨大地震
official_export_001:105,seismic,南海トラフ巨大地震,4.873,5弱,,,13106,台東区,National,Designated,有形文化財,建造物,building_direct,旧東京帝室博物館本館,想定震度,南海トラフ巨大地震,想定震度｜南海トラフ巨大地震
official_export_001:107,seismic,南海トラフ巨大地震,4.766,5弱,,,13106,台東区,National,Designated,有形文化財,建造物,building_direct,東照宮社殿,想定震度,南海トラフ巨大地震,想定震度｜南海トラフ巨大地震
official_export_001:108,seismic,南海トラフ巨大地震,4.766,5弱,,,13106,台東区,National,Designated,有形文化財,建造物,building_direct,東照宮社殿,想定震度,南海トラフ巨大地震,想定震度｜南海トラフ巨大地震
official_export_001:109,seismic,南海トラフ巨大地震,4.766,5弱,,,13106,台東区,National,Designated,有形文化財,建造物,building_direct,東照宮社殿,想定震度,南海トラフ巨大地震,想定震度｜南海トラフ巨大地震
official_export_001:110,seismic,南海トラフ巨大地震,4.878,5弱,,,13106,台東区,National,Designated,有形文化財,建造物,building_direct,東照宮社殿,想定震度,南海トラフ巨大地震,想定震度｜南海トラフ巨大地震
official_export_001:126,seismic,南海トラフ巨大地震,4.855,5弱,,,13106,台東区,National,Designated,有形文化財,建造物,building_direct,表慶館,想定震度,南海トラフ巨大地震,想定震度｜南海トラフ巨大地震
official_export_002:28,seismic,南海トラフ巨大地震,5.459,5強,,,13106,台東区,National,Registered,有形文化財,建造物,building_direct,伊勢屋店舗兼主屋,想定震度,南海トラフ巨大地震,想定震度｜南海トラフ巨大地震
official_export_002:29,seismic,南海トラフ巨大地震,5.183,5強,,,13106,台東区,National,Registered,有形文化財,建造物,building_direct,市田家住宅裏門,想定震度,南海トラフ巨大地震,想定震度｜南海トラフ巨大地震
official_export_002:30,seismic,南海トラフ巨大地震,4.859,5弱,,,13106,台東区,National,Registered,有形文化財,建造物,building_direct,市田家住宅表門,想定震度,南海トラフ巨大地震,想定震度｜南海トラフ巨大地震
official_export_002:31,seismic,南海トラフ巨大地震,5.183,5強,,,13106,台東区,National,Registered,有形文化財,建造物,building_direct,市田家住宅蔵,想定震度,南海トラフ巨大地震,想定震度｜南海トラフ巨大地震
official_export_002:32,seismic,南海トラフ巨大地震,5.183,5強,,,13106,台東区,National,Registered,有形文化財,建造物,building_direct,市田家住宅主屋,想定震度,南海トラフ巨大地震,想定震度｜南海トラフ巨大地震
official_export_002:40,seismic,南海トラフ巨大地震,4.988,5弱,,,13106,台東区,National,Registered,有形文化財,建造物,building_direct,今半別館北棟,想定震度,南海トラフ巨大地震,想定震度｜南海トラフ巨大地震
official_export_002:41,seismic,南海トラフ巨大地震,5.004,5強,,,13106,台東区,National,Registered,有形文化財,建造物,building_direct,今半別館玄関棟,想定震度,南海トラフ巨大地震,想定震度｜南海トラフ巨大地震
official_export_002:42,seismic,南海トラフ巨大地震,4.988,5弱,,,13106,台東区,National,Registered,有形文化財,建造物,building_direct,今半別館南棟,想定震度,南海トラフ巨大地震,想定震度｜南海トラフ巨大地震
official_export_002:43,seismic,南海トラフ巨大地震,5.13,5強,,,13106,台東区,National,Registered,有形文化財,建造物,building_direct,今半本店北奥座敷,想定震度,南海トラフ巨大地震,想定震度｜南海トラフ巨大地震
official_export_002:44,seismic,南海トラフ巨大地震,5.13,5強,,,13106,台東区,National,Registered,有形文化財,建造物,building_direct,今半本店西奥座敷,想定震度,南海トラフ巨大地震,想定震度｜南海トラフ巨大地震
official_export_002:45,seismic,南海トラフ巨大地震,5.13,5強,,,13106,台東区,National,Registered,有形文化財,建造物,building_direct,今半本店東奥座敷,想定震度,南海トラフ巨大地震,想定震度｜南海トラフ巨大地震
official_export_002:46,seismic,南海トラフ巨大地震,5.158,5強,,,13106,台東区,National,Registered,有形文化財,建造物,building_direct,岩田家住宅和館,想定震度,南海トラフ巨大地震,想定震度｜南海トラフ巨大地震
official_export_002:107,seismic,南海トラフ巨大地震,5.098,5強,,,13106,台東区,National,Registered,有形文化財,建造物,building_direct,神谷バー本館,想定震度,南海トラフ巨大地震,想定震度｜南海トラフ巨大地震
official_export_002:112,seismic,南海トラフ巨大地震,4.916,5弱,,,13106,台東区,National,Registered,有形文化財,建造物,building_direct,寛永寺葵の間,想定震度,南海トラフ巨大地震,想定震度｜南海トラフ巨大地震
official_export_002:113,seismic,南海トラフ巨大地震,4.836,5弱,,,13106,台東区,National,Registered,有形文化財,建造物,building_direct,寛永寺護国院庫裏,想定震度,南海トラフ巨大地震,想定震度｜南海トラフ巨大地震
official_export_002:114,seismic,南海トラフ巨大地震,4.916,5弱,,,13106,台東区,National,Registered,有形文化財,建造物,building_direct,寛永寺根本中堂,想定震度,南海トラフ巨大地震,想定震度｜南海トラフ巨大地震
official_export_002:115,seismic,南海トラフ巨大地震,4.921,5弱,,,13106,台東区,National,Registered,有形文化財,建造物,building_direct,寛永寺渋沢家霊堂,想定震度,南海トラフ巨大地震,想定震度｜南海トラフ巨大地震
official_export_002:124,seismic,南海トラフ巨大地震,4.862,5弱,,,13106,台東区,National,Registered,有形文化財,建造物,building_direct,観音寺客殿,想定震度,南海トラフ巨大地震,想定震度｜南海トラフ巨大地震
official_export_002:125,seismic,南海トラフ巨大地震,4.862,5弱,,,13106,台東区,National,Registered,有形文化財,建造物,building_direct,観音寺築地塀,想定震度,南海トラフ巨大地震,想定震度｜南海トラフ巨大地震
official_export_002:132,seismic,南海トラフ巨大地震,5.193,5強,,,13106,台東区,National,Registered,有形文化財,建造物,building_direct,ギャラリー・エフ蔵(株式会社淵川金属事務所),想定震度,南海トラフ巨大地震,想定震度｜南海トラフ巨大地震
official_export_002:139,seismic,南海トラフ巨大地震,5.133,5強,,,13106,台東区,National,Registered,有形文化財,建造物,building_direct,旧井阪屋本店河合ビル,想定震度,南海トラフ巨大地震,想定震度｜南海トラフ巨大地震
official_export_002:140,seismic,南海トラフ巨大地震,5.124,5強,,,13106,台東区,National,Registered,有形文化財,建造物,building_direct,旧井阪屋本店河合ビル稲荷社,想定震度,南海トラフ巨大地震,想定震度｜南海トラフ巨大地震
official_export_002:144,seismic,南海トラフ巨大地震,5.185,5強,,,13106,台東区,National,Registered,有形文化財,建造物,building_direct,旧柏湯,想定震度,南海トラフ巨大地震,想定震度｜南海トラフ巨大地震
official_export_002:145,seismic,南海トラフ巨大地震,4.926,5弱,,,13106,台東区,National,Registered,有形文化財,建造物,building_direct,旧唐木田家住宅主屋,想定震度,南海トラフ巨大地震,想定震度｜南海トラフ巨大地震
official_export_002:147,seismic,南海トラフ巨大地震,4.916,5弱,,,13106,台東区,National,Registered,有形文化財,建造物,building_direct,旧川嶋屋米倉庫,想定震度,南海トラフ巨大地震,想定震度｜南海トラフ巨大地震
official_export_002:148,seismic,南海トラフ巨大地震,4.924,5弱,,,13106,台東区,National,Registered,有形文化財,建造物,building_direct,旧川嶋屋店舗兼住居,想定震度,南海トラフ巨大地震,想定震度｜南海トラフ巨大地震
official_export_002:195,seismic,南海トラフ巨大地震,5.222,5強,,,13106,台東区,National,Registered,有形文化財,建造物,building_direct,教證寺客殿,想定震度,南海トラフ巨大地震,想定震度｜南海トラフ巨大地震
official_export_002:196,seismic,南海トラフ巨大地震,5.222,5強,,,13106,台東区,National,Registered,有形文化財,建造物,building_direct,教證寺本堂,想定震度,南海トラフ巨大地震,想定震度｜南海トラフ巨大地震
official_export_002:205,seismic,南海トラフ巨大地震,4.949,5弱,,,13106,台東区,National,Registered,有形文化財,建造物,building_direct,黒沢ビル,想定震度,南海トラフ巨大地震,想定震度｜南海トラフ巨大地震
official_export_002:243,seismic,南海トラフ巨大地震,5.389,5強,,,13106,台東区,National,Registered,有形文化財,建造物,building_direct,西徳寺本堂,想定震度,南海トラフ巨大地震,想定震度｜南海トラフ巨大地震
official_export_002:274,seismic,南海トラフ巨大地震,4.89,5弱,,,13106,台東区,National,Registered,有形文化財,建造物,building_direct,すぺーす小倉屋蔵,想定震度,南海トラフ巨大地震,想定震度｜南海トラフ巨大地震
official_export_002:275,seismic,南海トラフ巨大地震,4.89,5弱,,,13106,台東区,National,Registered,有形文化財,建造物,building_direct,すぺーす小倉屋店舗,想定震度,南海トラフ巨大地震,想定震度｜南海トラフ巨大地震
official_export_002:282,seismic,南海トラフ巨大地震,5.368,5強,,,13106,台東区,National,Registered,有形文化財,建造物,building_direct,タイガービルヂング,想定震度,南海トラフ巨大地震,想定震度｜南海トラフ巨大地震
official_export_002:283,seismic,南海トラフ巨大地震,4.87,5弱,,,13106,台東区,National,Registered,有形文化財,建造物,building_direct,台東区立朝倉彫塑館東屋,想定震度,南海トラフ巨大地震,想定震度｜南海トラフ巨大地震
official_export_002:284,seismic,南海トラフ巨大地震,4.87,5弱,,,13106,台東区,National,Registered,有形文化財,建造物,building_direct,台東区立朝倉彫塑館アトリエ棟,想定震度,南海トラフ巨大地震,想定震度｜南海トラフ巨大地震
official_export_002:285,seismic,南海トラフ巨大地震,4.878,5弱,,,13106,台東区,National,Registered,有形文化財,建造物,building_direct,台東区立朝倉彫塑館旧アトリエ,想定震度,南海トラフ巨大地震,想定震度｜南海トラフ巨大地震
official_export_002:286,seismic,南海トラフ巨大地震,4.878,5弱,,,13106,台東区,National,Registered,有形文化財,建造物,building_direct,台東区立朝倉彫塑館住居,想定震度,南海トラフ巨大地震,想定震度｜南海トラフ巨大地震
official_export_002:311,seismic,南海トラフ巨大地震,5.041,5強,,,13106,台東区,National,Registered,有形文化財,建造物,building_direct,茶寮一松表門及び塀,想定震度,南海トラフ巨大地震,想定震度｜南海トラフ巨大地震
official_export_002:312,seismic,南海トラフ巨大地震,5.126,5強,,,13106,台東区,National,Registered,有形文化財,建造物,building_direct,茶寮一松店舗及び住居,想定震度,南海トラフ巨大地震,想定震度｜南海トラフ巨大地震
official_export_002:325,seismic,南海トラフ巨大地震,4.889,5弱,,,13106,台東区,National,Registered,有形文化財,建造物,building_direct,燕湯,想定震度,南海トラフ巨大地震,想定震度｜南海トラフ巨大地震
official_export_002:326,seismic,南海トラフ巨大地震,4.916,5弱,,,13106,台東区,National,Registered,有形文化財,建造物,building_direct,手焼せんべい嵯峨の家店舗,想定震度,南海トラフ巨大地震,想定震度｜南海トラフ巨大地震
official_export_002:357,seismic,南海トラフ巨大地震,5.129,5強,,,13106,台東区,National,Registered,有形文化財,建造物,building_direct,東京地下鉄銀座線浅草駅四番出入口上家,想定震度,南海トラフ巨大地震,想定震度｜南海トラフ巨大地震
official_export_002:362,seismic,南海トラフ巨大地震,4.856,5弱,,,13106,台東区,National,Registered,有形文化財,建造物,building_direct,東京文化財研究所黒田記念館書庫,想定震度,南海トラフ巨大地震,想定震度｜南海トラフ巨大地震
official_export_002:363,seismic,南海トラフ巨大地震,4.856,5弱,,,13106,台東区,National,Registered,有形文化財,建造物,building_direct,東京文化財研究所黒田記念館本館,想定震度,南海トラフ巨大地震,想定震度｜南海トラフ巨大地震
official_export_002:367,seismic,南海トラフ巨大地震,5.459,5強,,,13106,台東区,National,Registered,有形文化財,建造物,building_direct,中江店舗,想定震度,南海トラフ巨大地震,想定震度｜南海トラフ巨大地震
official_export_002:376,seismic,南海トラフ巨大地震,5.124,5強,,,13106,台東区,National,Registered,有形文化財,建造物,building_direct,難波商店店舗兼主屋,想定震度,南海トラフ巨大地震,想定震度｜南海トラフ巨大地震
official_export_002:385,seismic,南海トラフ巨大地震,4.904,5弱,,,13106,台東区,National,Registered,有形文化財,建造物,building_direct,日本聖公会浅草聖ヨハネ教会,想定震度,南海トラフ巨大地震,想定震度｜南海トラフ巨大地震
official_export_002:394,seismic,南海トラフ巨大地震,4.926,5弱,,,13106,台東区,National,Registered,有形文化財,建造物,building_direct,花重店舗,想定震度,南海トラフ巨大地震,想定震度｜南海トラフ巨大地震
official_export_003:2,seismic,南海トラフ巨大地震,5.096,5強,,,13106,台東区,National,Designated,記念物,天然記念物,point,伊能忠敬墓,想定震度,南海トラフ巨大地震,想定震度｜南海トラフ巨大地震
official_export_003:14,seismic,南海トラフ巨大地震,4.983,5弱,,,13106,台東区,National,Designated,記念物,天然記念物,point,蒲生君平墓,想定震度,南海トラフ巨大地震,想定震度｜南海トラフ巨大地震
official_export_003:16,seismic,南海トラフ巨大地震,4.87,5弱,,,13106,台東区,National,Designated,記念物,天然記念物,point,旧朝倉文夫氏庭園,想定震度,南海トラフ巨大地震,想定震度｜南海トラフ巨大地震
official_export_003:42,seismic,南海トラフ巨大地震,5.096,5強,,,13106,台東区,National,Designated,記念物,天然記念物,point,高橋至時墓,想定震度,南海トラフ巨大地震,想定震度｜南海トラフ巨大地震
official_export_003:59,seismic,南海トラフ巨大地震,5.323,5強,,,13106,台東区,National,Designated,記念物,天然記念物,point,平賀源内墓,想定震度,南海トラフ巨大地震,想定震度｜南海トラフ巨大地震
official_export_003:72,seismic,南海トラフ巨大地震,5.198,5強,,,13106,台東区,National,Designated,記念物,天然記念物,point,横山大観旧宅及び庭園,想定震度,南海トラフ巨大地震,想定震度｜南海トラフ巨大地震
3,fire,延焼危険度,5.0,,,,13106,台東区,Tokyo Metropolitan,Designated,有形文化財,建造物,building_direct,浅草寺六角堂,延焼危険度,延焼危険度,延焼危険度｜延焼危険度
94,fire,延焼危険度,4.0,,,,13106,台東区,Tokyo Metropolitan,Designated,有形文化財,歴史資料,point,西仏板碑,延焼危険度,延焼危険度,延焼危険度｜延焼危険度
157,fire,延焼危険度,3.0,,,,13106,台東区,Tokyo Metropolitan,Designated,記念物,旧跡,point,戸田茂睡墓,延焼危険度,延焼危険度,延焼危険度｜延焼危険度
158,fire,延焼危険度,3.0,,,,13106,台東区,Tokyo Metropolitan,Designated,記念物,旧跡,point,六地蔵石燈籠,延焼危険度,延焼危険度,延焼危険度｜延焼危険度
159,fire,延焼危険度,4.0,,,,13106,台東区,Tokyo Metropolitan,Designated,記念物,旧跡,point,玉川庄右衛門及び同清右衛門墓,延焼危険度,延焼危険度,延焼危険度｜延焼危険度
160,fire,延焼危険度,4.0,,,,13106,台東区,Tokyo Metropolitan,Designated,記念物,旧跡,point,大久保主水墓,延焼危険度,延焼危険度,延焼危険度｜延焼危険度
161,fire,延焼危険度,3.0,,,,13106,台東区,Tokyo Metropolitan,Designated,記念物,旧跡,point,谷文晁墓,延焼危険度,延焼危険度,延焼危険度｜延焼危険度
162,fire,延焼危険度,3.0,,,,13106,台東区,Tokyo Metropolitan,Designated,記念物,旧跡,point,幡随院長兵衛墓,延焼危険度,延焼危険度,延焼危険度｜延焼危険度
163,fire,延焼危険度,3.0,,,,13106,台東区,Tokyo Metropolitan,Designated,記念物,旧跡,point,慈海僧正墓,延焼危険度,延焼危険度,延焼危険度｜延焼危険度
164,fire,延焼危険度,4.0,,,,13106,台東区,Tokyo Metropolitan,Designated,記念物,旧跡,point,葛飾北斎墓,延焼危険度,延焼危険度,延焼危険度｜延焼危険度
165,fire,延焼危険度,3.0,,,,13106,台東区,Tokyo Metropolitan,Designated,記念物,旧跡,point,山田宗?墓,延焼危険度,延焼危険度,延焼危険度｜延焼危険度
166,fire,延焼危険度,3.0,,,,13106,台東区,Tokyo Metropolitan,Designated,記念物,旧跡,point,了翁禅師塔碑,延焼危険度,延焼危険度,延焼危険度｜延焼危険度
167,fire,延焼危険度,2.0,,,,13106,台東区,Tokyo Metropolitan,Designated,記念物,旧跡,point,天海僧正毛髪塔,延焼危険度,延焼危険度,延焼危険度｜延焼危険度
168,fire,延焼危険度,3.0,,,,13106,台東区,Tokyo Metropolitan,Designated,記念物,旧跡,point,樋口定伊墓,延焼危険度,延焼危険度,延焼危険度｜延焼危険度
169,fire,延焼危険度,5.0,,,,13106,台東区,Tokyo Metropolitan,Designated,記念物,旧跡,point,山岡鉄舟墓,延焼危険度,延焼危険度,延焼危険度｜延焼危険度
170,fire,延焼危険度,5.0,,,,13106,台東区,Tokyo Metropolitan,Designated,記念物,旧跡,point,三遊亭円朝墓,延焼危険度,延焼危険度,延焼危険度｜延焼危険度
206,fire,延焼危険度,4.0,,,,13106,台東区,Tokyo Metropolitan,Designated,記念物,天然記念物,point,玉林寺のシイ,延焼危険度,延焼危険度,延焼危険度｜延焼危険度
241,fire,延焼危険度,4.0,,,,13106,台東区,Tokyo Metropolitan,Designated,記念物,史跡,point,太宰春台墓,延焼危険度,延焼危険度,延焼危険度｜延焼危険度
242,fire,延焼危険度,3.0,,,,13106,台東区,Tokyo Metropolitan,Designated,記念物,史跡,point,浄厳律師墓,延焼危険度,延焼危険度,延焼危険度｜延焼危険度
243,fire,延焼危険度,3.0,,,,13106,台東区,Tokyo Metropolitan,Designated,記念物,史跡,point,子規庵,延焼危険度,延焼危険度,延焼危険度｜延焼危険度
244,fire,延焼危険度,3.0,,,,13106,台東区,Tokyo Metropolitan,Designated,記念物,史跡,point,中村不折旧宅(書道博物館),延焼危険度,延焼危険度,延焼危険度｜延焼危険度
131067100003,fire,延焼危険度,4.0,,,,13106,台東区,Municipal,Designated,民俗文化財,有形民俗文化財,point,旧吉田屋酒店,延焼危険度,延焼危険度,延焼危険度｜延焼危険度
131067100027,fire,延焼危険度,5.0,,,,13106,台東区,Municipal,Other,記念物,史跡,point,狩野芳崖墓 附 狩野芳崖翁碑,延焼危険度,延焼危険度,延焼危険度｜延焼危険度
131067100029,fire,延焼危険度,3.0,,,,13106,台東区,Municipal,Other,有形文化財,建造物,building_direct,石造宝篋印塔,延焼危険度,延焼危険度,延焼危険度｜延焼危険度
131067100039,fire,延焼危険度,4.0,,,,13106,台東区,Municipal,Other,記念物,史跡,point,大沼枕山墓,延焼危険度,延焼危険度,延焼危険度｜延焼危険度
131067100046,fire,延焼危険度,2.0,,,,13106,台東区,Municipal,Other,記念物,史跡,point,藤堂家墓所,延焼危険度,延焼危険度,延焼危険度｜延焼危険度
131067100047,fire,延焼危険度,4.0,,,,13106,台東区,Municipal,Other,記念物,史跡,point,河鍋暁斎墓,延焼危険度,延焼危険度,延焼危険度｜延焼危険度
131067100052,fire,延焼危険度,4.0,,,,13106,台東区,Municipal,Other,記念物,史跡,point,福地源一郎(桜痴)墓,延焼危険度,延焼危険度,延焼危険度｜延焼危険度
131067100053,fire,延焼危険度,2.0,,,,13106,台東区,Municipal,Other,記念物,史跡,point,横山大観旧居,延焼危険度,延焼危険度,延焼危険度｜延焼危険度
131067100059,fire,延焼危険度,4.0,,,,13106,台東区,Municipal,Other,民俗文化財,有形民俗文化財,point,延寿寺日荷堂絵馬群,延焼危険度,延焼危険度,延焼危険度｜延焼危険度
131067100060,fire,延焼危険度,4.0,,,,13106,台東区,Municipal,Other,記念物,史跡,point,柴田是真墓,延焼危険度,延焼危険度,延焼危険度｜延焼危険度
131067100066,fire,延焼危険度,3.0,,,,13106,台東区,Municipal,Other,記念物,史跡,point,町田久成墓,延焼危険度,延焼危険度,延焼危険度｜延焼危険度
131067100067,fire,延焼危険度,4.0,,,,13106,台東区,Municipal,Other,記念物,史跡,point,田中芳男墓,延焼危険度,延焼危険度,延焼危険度｜延焼危険度
131067100075,fire,延焼危険度,4.0,,,,13106,台東区,Municipal,Designated,民俗文化財,有形民俗文化財,point,浅草浅間神社本殿并びに諸資料 付 境内地,延焼危険度,延焼危険度,延焼危険度｜延焼危険度
131067100110,fire,延焼危険度,2.0,,,,13106,台東区,Municipal,Other,有形文化財,建造物,building_direct,上野広小路三橋遺構 附 出土近世遺物一括,延焼危険度,延焼危険度,延焼危険度｜延焼危険度
131067100132,fire,延焼危険度,4.0,,,,13106,台東区,Municipal,Other,民俗文化財,有形民俗文化財,point,大太刀(陰陽丸),延焼危険度,延焼危険度,延焼危険度｜延焼危険度
131067100134,fire,延焼危険度,3.0,,,,13106,台東区,Municipal,Other,有形文化財,建造物,building_direct,石造多宝塔,延焼危険度,延焼危険度,延焼危険度｜延焼危険度
131067100147,fire,延焼危険度,3.0,,,,13106,台東区,Municipal,Other,民俗文化財,有形民俗文化財,point,浅草寺絵馬・扁額群,延焼危険度,延焼危険度,延焼危険度｜延焼危険度
131067100162,fire,延焼危険度,3.0,,,,13106,台東区,Municipal,Other,民俗文化財,有形民俗文化財,point,吉徳これくしょん(和書),延焼危険度,延焼危険度,延焼危険度｜延焼危険度
131067100163,fire,延焼危険度,3.0,,,,13106,台東区,Municipal,Other,民俗文化財,有形民俗文化財,point,吉徳これくしょん(一枚刷),延焼危険度,延焼危険度,延焼危険度｜延焼危険度
131067100168,fire,延焼危険度,3.0,,,,13106,台東区,Municipal,Other,民俗文化財,有形民俗文化財,point,吉徳これくしょん〔芝居番付類(一枚刷)〕,延焼危険度,延焼危険度,延焼危険度｜延焼危険度
131067100171,fire,延焼危険度,3.0,,,,13106,台東区,Municipal,Other,民俗文化財,有形民俗文化財,point,吉徳これくしょん(古文書),延焼危険度,延焼危険度,延焼危険度｜延焼危険度
131067100174,fire,延焼危険度,3.0,,,,13106,台東区,Municipal,Other,民俗文化財,有形民俗文化財,point,吉徳これくしょん(羽子板),延焼危険度,延焼危険度,延焼危険度｜延焼危険度
131067100178,fire,延焼危険度,3.0,,,,13106,台東区,Municipal,Other,民俗文化財,有形民俗文化財,point,吉徳これくしょん(五月人形),延焼危険度,延焼危険度,延焼危険度｜延焼危険度
131067100181,fire,延焼危険度,3.0,,,,13106,台東区,Municipal,Other,民俗文化財,有形民俗文化財,point,吉徳これくしょん(雛人形),延焼危険度,延焼危険度,延焼危険度｜延焼危険度
131067100182,fire,延焼危険度,4.0,,,,13106,台東区,Municipal,Other,記念物,史跡,point,渋沢栄一家墓所,延焼危険度,延焼危険度,延焼危険度｜延焼危険度
131067100187,fire,延焼危険度,2.0,,,,13106,台東区,Municipal,Other,記念物,史跡,point,徳川家光薨去に伴う殉死者の墓,延焼危険度,延焼危険度,延焼危険度｜延焼危険度
official_export_001:0,fire,延焼危険度,3.0,,,,13106,台東区,National,Designated,有形文化財,建造物,building_direct,浅草神社,延焼危険度,延焼危険度,延焼危険度｜延焼危険度
official_export_001:1,fire,延焼危険度,3.0,,,,13106,台東区,National,Designated,有形文化財,建造物,building_direct,浅草神社,延焼危険度,延焼危険度,延焼危険度｜延焼危険度
official_export_001:6,fire,延焼危険度,2.0,,,,13106,台東区,National,Designated,有形文化財,建造物,building_direct,旧岩崎家住宅(東京都台東区池之端一丁目),延焼危険度,延焼危険度,延焼危険度｜延焼危険度
official_export_001:7,fire,延焼危険度,2.0,,,,13106,台東区,National,Designated,有形文化財,建造物,building_direct,旧岩崎家住宅(東京都台東区池之端一丁目),延焼危険度,延焼危険度,延焼危険度｜延焼危険度
official_export_001:8,fire,延焼危険度,2.0,,,,13106,台東区,National,Designated,有形文化財,建造物,building_direct,旧岩崎家住宅(東京都台東区池之端一丁目),延焼危険度,延焼危険度,延焼危険度｜延焼危険度
official_export_001:9,fire,延焼危険度,2.0,,,,13106,台東区,National,Designated,有形文化財,建造物,building_direct,旧因州池田屋敷表門,延焼危険度,延焼危険度,延焼危険度｜延焼危険度
official_export_001:21,fire,延焼危険度,2.0,,,,13106,台東区,National,Designated,有形文化財,建造物,building_direct,寛永寺旧本坊表門(黒門),延焼危険度,延焼危険度,延焼危険度｜延焼危険度
official_export_001:22,fire,延焼危険度,2.0,,,,13106,台東区,National,Designated,有形文化財,建造物,building_direct,寛永寺清水堂,延焼危険度,延焼危険度,延焼危険度｜延焼危険度
official_export_001:23,fire,延焼危険度,2.0,,,,13106,台東区,National,Designated,有形文化財,建造物,building_direct,旧寛永寺五重塔,延焼危険度,延焼危険度,延焼危険度｜延焼危険度
official_export_001:42,fire,延焼危険度,2.0,,,,13106,台東区,National,Designated,有形文化財,建造物,building_direct,旧東京科学博物館本館,延焼危険度,延焼危険度,延焼危険度｜延焼危険度
official_export_001:56,fire,延焼危険度,3.0,,,,13106,台東区,National,Designated,有形文化財,建造物,building_direct,厳有院霊廟奥院,延焼危険度,延焼危険度,延焼危険度｜延焼危険度
official_export_001:58,fire,延焼危険度,3.0,,,,13106,台東区,National,Designated,有形文化財,建造物,building_direct,厳有院霊廟勅額門及び水盤舎,延焼危険度,延焼危険度,延焼危険度｜延焼危険度
official_export_001:59,fire,延焼危険度,3.0,,,,13106,台東区,National,Designated,有形文化財,建造物,building_direct,厳有院霊廟勅額門及び水盤舎,延焼危険度,延焼危険度,延焼危険度｜延焼危険度
official_export_001:60,fire,延焼危険度,2.0,,,,13106,台東区,National,Designated,有形文化財,建造物,building_direct,国立西洋美術館本館,延焼危険度,延焼危険度,延焼危険度｜延焼危険度
official_export_001:73,fire,延焼危険度,2.0,,,,13106,台東区,National,Designated,有形文化財,建造物,building_direct,旧十輪院宝蔵,延焼危険度,延焼危険度,延焼危険度｜延焼危険度
official_export_001:74,fire,延焼危険度,3.0,,,,13106,台東区,National,Designated,有形文化財,建造物,building_direct,常憲院霊廟奥院,延焼危険度,延焼危険度,延焼危険度｜延焼危険度
official_export_001:76,fire,延焼危険度,3.0,,,,13106,台東区,National,Designated,有形文化財,建造物,building_direct,常憲院霊廟勅額門及び水盤舎,延焼危険度,延焼危険度,延焼危険度｜延焼危険度
official_export_001:77,fire,延焼危険度,3.0,,,,13106,台東区,National,Designated,有形文化財,建造物,building_direct,常憲院霊廟勅額門及び水盤舎,延焼危険度,延焼危険度,延焼危険度｜延焼危険度
official_export_001:85,fire,延焼危険度,3.0,,,,13106,台東区,National,Designated,有形文化財,建造物,building_direct,浅草寺伝法院,延焼危険度,延焼危険度,延焼危険度｜延焼危険度
official_export_001:86,fire,延焼危険度,3.0,,,,13106,台東区,National,Designated,有形文化財,建造物,building_direct,浅草寺伝法院,延焼危険度,延焼危険度,延焼危険度｜延焼危険度
official_export_001:87,fire,延焼危険度,3.0,,,,13106,台東区,National,Designated,有形文化財,建造物,building_direct,浅草寺伝法院,延焼危険度,延焼危険度,延焼危険度｜延焼危険度
official_export_001:88,fire,延焼危険度,3.0,,,,13106,台東区,National,Designated,有形文化財,建造物,building_direct,浅草寺伝法院,延焼危険度,延焼危険度,延焼危険度｜延焼危険度
official_export_001:89,fire,延焼危険度,3.0,,,,13106,台東区,National,Designated,有形文化財,建造物,building_direct,浅草寺伝法院,延焼危険度,延焼危険度,延焼危険度｜延焼危険度
official_export_001:90,fire,延焼危険度,3.0,,,,13106,台東区,National,Designated,有形文化財,建造物,building_direct,浅草寺伝法院,延焼危険度,延焼危険度,延焼危険度｜延焼危険度
official_export_001:91,fire,延焼危険度,3.0,,,,13106,台東区,National,Designated,有形文化財,建造物,building_direct,浅草寺二天門,延焼危険度,延焼危険度,延焼危険度｜延焼危険度
official_export_001:104,fire,延焼危険度,2.0,,,,13106,台東区,National,Designated,有形文化財,建造物,building_direct,旧東京音楽学校奏楽堂,延焼危険度,延焼危険度,延焼危険度｜延焼危険度
official_export_001:105,fire,延焼危険度,2.0,,,,13106,台東区,National,Designated,有形文化財,建造物,building_direct,旧東京帝室博物館本館,延焼危険度,延焼危険度,延焼危険度｜延焼危険度
official_export_001:107,fire,延焼危険度,2.0,,,,13106,台東区,National,Designated,有形文化財,建造物,building_direct,東照宮社殿,延焼危険度,延焼危険度,延焼危険度｜延焼危険度
official_export_001:108,fire,延焼危険度,2.0,,,,13106,台東区,National,Designated,有形文化財,建造物,building_direct,東照宮社殿,延焼危険度,延焼危険度,延焼危険度｜延焼危険度
official_export_001:109,fire,延焼危険度,2.0,,,,13106,台東区,National,Designated,有形文化財,建造物,building_direct,東照宮社殿,延焼危険度,延焼危険度,延焼危険度｜延焼危険度
official_export_001:110,fire,延焼危険度,2.0,,,,13106,台東区,National,Designated,有形文化財,建造物,building_direct,東照宮社殿,延焼危険度,延焼危険度,延焼危険度｜延焼危険度
official_export_001:126,fire,延焼危険度,2.0,,,,13106,台東区,National,Designated,有形文化財,建造物,building_direct,表慶館,延焼危険度,延焼危険度,延焼危険度｜延焼危険度
official_export_002:28,fire,延焼危険度,5.0,,,,13106,台東区,National,Registered,有形文化財,建造物,building_direct,伊勢屋店舗兼主屋,延焼危険度,延焼危険度,延焼危険度｜延焼危険度
official_export_002:29,fire,延焼危険度,3.0,,,,13106,台東区,National,Registered,有形文化財,建造物,building_direct,市田家住宅裏門,延焼危険度,延焼危険度,延焼危険度｜延焼危険度
official_export_002:30,fire,延焼危険度,3.0,,,,13106,台東区,National,Registered,有形文化財,建造物,building_direct,市田家住宅表門,延焼危険度,延焼危険度,延焼危険度｜延焼危険度
official_export_002:31,fire,延焼危険度,3.0,,,,13106,台東区,National,Registered,有形文化財,建造物,building_direct,市田家住宅蔵,延焼危険度,延焼危険度,延焼危険度｜延焼危険度
official_export_002:32,fire,延焼危険度,3.0,,,,13106,台東区,National,Registered,有形文化財,建造物,building_direct,市田家住宅主屋,延焼危険度,延焼危険度,延焼危険度｜延焼危険度
official_export_002:40,fire,延焼危険度,3.0,,,,13106,台東区,National,Registered,有形文化財,建造物,building_direct,今半別館北棟,延焼危険度,延焼危険度,延焼危険度｜延焼危険度
official_export_002:41,fire,延焼危険度,3.0,,,,13106,台東区,National,Registered,有形文化財,建造物,building_direct,今半別館玄関棟,延焼危険度,延焼危険度,延焼危険度｜延焼危険度
official_export_002:42,fire,延焼危険度,3.0,,,,13106,台東区,National,Registered,有形文化財,建造物,building_direct,今半別館南棟,延焼危険度,延焼危険度,延焼危険度｜延焼危険度
official_export_002:43,fire,延焼危険度,3.0,,,,13106,台東区,National,Registered,有形文化財,建造物,building_direct,今半本店北奥座敷,延焼危険度,延焼危険度,延焼危険度｜延焼危険度
official_export_002:44,fire,延焼危険度,3.0,,,,13106,台東区,National,Registered,有形文化財,建造物,building_direct,今半本店西奥座敷,延焼危険度,延焼危険度,延焼危険度｜延焼危険度
official_export_002:45,fire,延焼危険度,3.0,,,,13106,台東区,National,Registered,有形文化財,建造物,building_direct,今半本店東奥座敷,延焼危険度,延焼危険度,延焼危険度｜延焼危険度
official_export_002:46,fire,延焼危険度,4.0,,,,13106,台東区,National,Registered,有形文化財,建造物,building_direct,岩田家住宅和館,延焼危険度,延焼危険度,延焼危険度｜延焼危険度
official_export_002:107,fire,延焼危険度,3.0,,,,13106,台東区,National,Registered,有形文化財,建造物,building_direct,神谷バー本館,延焼危険度,延焼危険度,延焼危険度｜延焼危険度
official_export_002:112,fire,延焼危険度,3.0,,,,13106,台東区,National,Registered,有形文化財,建造物,building_direct,寛永寺葵の間,延焼危険度,延焼危険度,延焼危険度｜延焼危険度
official_export_002:113,fire,延焼危険度,2.0,,,,13106,台東区,National,Registered,有形文化財,建造物,building_direct,寛永寺護国院庫裏,延焼危険度,延焼危険度,延焼危険度｜延焼危険度
official_export_002:114,fire,延焼危険度,3.0,,,,13106,台東区,National,Registered,有形文化財,建造物,building_direct,寛永寺根本中堂,延焼危険度,延焼危険度,延焼危険度｜延焼危険度
official_export_002:115,fire,延焼危険度,3.0,,,,13106,台東区,National,Registered,有形文化財,建造物,building_direct,寛永寺渋沢家霊堂,延焼危険度,延焼危険度,延焼危険度｜延焼危険度
official_export_002:124,fire,延焼危険度,5.0,,,,13106,台東区,National,Registered,有形文化財,建造物,building_direct,観音寺客殿,延焼危険度,延焼危険度,延焼危険度｜延焼危険度
official_export_002:125,fire,延焼危険度,5.0,,,,13106,台東区,National,Registered,有形文化財,建造物,building_direct,観音寺築地塀,延焼危険度,延焼危険度,延焼危険度｜延焼危険度
official_export_002:132,fire,延焼危険度,3.0,,,,13106,台東区,National,Registered,有形文化財,建造物,building_direct,ギャラリー・エフ蔵(株式会社淵川金属事務所),延焼危険度,延焼危険度,延焼危険度｜延焼危険度
official_export_002:139,fire,延焼危険度,3.0,,,,13106,台東区,National,Registered,有形文化財,建造物,building_direct,旧井阪屋本店河合ビル,延焼危険度,延焼危険度,延焼危険度｜延焼危険度
official_export_002:140,fire,延焼危険度,3.0,,,,13106,台東区,National,Registered,有形文化財,建造物,building_direct,旧井阪屋本店河合ビル稲荷社,延焼危険度,延焼危険度,延焼危険度｜延焼危険度
official_export_002:144,fire,延焼危険度,5.0,,,,13106,台東区,National,Registered,有形文化財,建造物,building_direct,旧柏湯,延焼危険度,延焼危険度,延焼危険度｜延焼危険度
official_export_002:145,fire,延焼危険度,3.0,,,,13106,台東区,National,Registered,有形文化財,建造物,building_direct,旧唐木田家住宅主屋,延焼危険度,延焼危険度,延焼危険度｜延焼危険度
official_export_002:147,fire,延焼危険度,4.0,,,,13106,台東区,National,Registered,有形文化財,建造物,building_direct,旧川嶋屋米倉庫,延焼危険度,延焼危険度,延焼危険度｜延焼危険度
official_export_002:148,fire,延焼危険度,4.0,,,,13106,台東区,National,Registered,有形文化財,建造物,building_direct,旧川嶋屋店舗兼住居,延焼危険度,延焼危険度,延焼危険度｜延焼危険度
official_export_002:195,fire,延焼危険度,2.0,,,,13106,台東区,National,Registered,有形文化財,建造物,building_direct,教證寺客殿,延焼危険度,延焼危険度,延焼危険度｜延焼危険度
official_export_002:196,fire,延焼危険度,2.0,,,,13106,台東区,National,Registered,有形文化財,建造物,building_direct,教證寺本堂,延焼危険度,延焼危険度,延焼危険度｜延焼危険度
official_export_002:205,fire,延焼危険度,3.0,,,,13106,台東区,National,Registered,有形文化財,建造物,building_direct,黒沢ビル,延焼危険度,延焼危険度,延焼危険度｜延焼危険度
official_export_002:243,fire,延焼危険度,3.0,,,,13106,台東区,National,Registered,有形文化財,建造物,building_direct,西徳寺本堂,延焼危険度,延焼危険度,延焼危険度｜延焼危険度
official_export_002:274,fire,延焼危険度,4.0,,,,13106,台東区,National,Registered,有形文化財,建造物,building_direct,すぺーす小倉屋蔵,延焼危険度,延焼危険度,延焼危険度｜延焼危険度
official_export_002:275,fire,延焼危険度,4.0,,,,13106,台東区,National,Registered,有形文化財,建造物,building_direct,すぺーす小倉屋店舗,延焼危険度,延焼危険度,延焼危険度｜延焼危険度
official_export_002:282,fire,延焼危険度,3.0,,,,13106,台東区,National,Registered,有形文化財,建造物,building_direct,タイガービルヂング,延焼危険度,延焼危険度,延焼危険度｜延焼危険度
official_export_002:283,fire,延焼危険度,4.0,,,,13106,台東区,National,Registered,有形文化財,建造物,building_direct,台東区立朝倉彫塑館東屋,延焼危険度,延焼危険度,延焼危険度｜延焼危険度
official_export_002:284,fire,延焼危険度,4.0,,,,13106,台東区,National,Registered,有形文化財,建造物,building_direct,台東区立朝倉彫塑館アトリエ棟,延焼危険度,延焼危険度,延焼危険度｜延焼危険度
official_export_002:285,fire,延焼危険度,4.0,,,,13106,台東区,National,Registered,有形文化財,建造物,building_direct,台東区立朝倉彫塑館旧アトリエ,延焼危険度,延焼危険度,延焼危険度｜延焼危険度
official_export_002:286,fire,延焼危険度,4.0,,,,13106,台東区,National,Registered,有形文化財,建造物,building_direct,台東区立朝倉彫塑館住居,延焼危険度,延焼危険度,延焼危険度｜延焼危険度
official_export_002:311,fire,延焼危険度,4.0,,,,13106,台東区,National,Registered,有形文化財,建造物,building_direct,茶寮一松表門及び塀,延焼危険度,延焼危険度,延焼危険度｜延焼危険度
official_export_002:312,fire,延焼危険度,4.0,,,,13106,台東区,National,Registered,有形文化財,建造物,building_direct,茶寮一松店舗及び住居,延焼危険度,延焼危険度,延焼危険度｜延焼危険度
official_export_002:325,fire,延焼危険度,3.0,,,,13106,台東区,National,Registered,有形文化財,建造物,building_direct,燕湯,延焼危険度,延焼危険度,延焼危険度｜延焼危険度
official_export_002:326,fire,延焼危険度,5.0,,,,13106,台東区,National,Registered,有形文化財,建造物,building_direct,手焼せんべい嵯峨の家店舗,延焼危険度,延焼危険度,延焼危険度｜延焼危険度
official_export_002:357,fire,延焼危険度,3.0,,,,13106,台東区,National,Registered,有形文化財,建造物,building_direct,東京地下鉄銀座線浅草駅四番出入口上家,延焼危険度,延焼危険度,延焼危険度｜延焼危険度
official_export_002:362,fire,延焼危険度,2.0,,,,13106,台東区,National,Registered,有形文化財,建造物,building_direct,東京文化財研究所黒田記念館書庫,延焼危険度,延焼危険度,延焼危険度｜延焼危険度
official_export_002:363,fire,延焼危険度,2.0,,,,13106,台東区,National,Registered,有形文化財,建造物,building_direct,東京文化財研究所黒田記念館本館,延焼危険度,延焼危険度,延焼危険度｜延焼危険度
official_export_002:367,fire,延焼危険度,5.0,,,,13106,台東区,National,Registered,有形文化財,建造物,building_direct,中江店舗,延焼危険度,延焼危険度,延焼危険度｜延焼危険度
official_export_002:376,fire,延焼危険度,3.0,,,,13106,台東区,National,Registered,有形文化財,建造物,building_direct,難波商店店舗兼主屋,延焼危険度,延焼危険度,延焼危険度｜延焼危険度
official_export_002:385,fire,延焼危険度,2.0,,,,13106,台東区,National,Registered,有形文化財,建造物,building_direct,日本聖公会浅草聖ヨハネ教会,延焼危険度,延焼危険度,延焼危険度｜延焼危険度
official_export_002:394,fire,延焼危険度,4.0,,,,13106,台東区,National,Registered,有形文化財,建造物,building_direct,花重店舗,延焼危険度,延焼危険度,延焼危険度｜延焼危険度
official_export_003:2,fire,延焼危険度,3.0,,,,13106,台東区,National,Designated,記念物,天然記念物,point,伊能忠敬墓,延焼危険度,延焼危険度,延焼危険度｜延焼危険度
official_export_003:14,fire,延焼危険度,4.0,,,,13106,台東区,National,Designated,記念物,天然記念物,point,蒲生君平墓,延焼危険度,延焼危険度,延焼危険度｜延焼危険度
official_export_003:16,fire,延焼危険度,4.0,,,,13106,台東区,National,Designated,記念物,天然記念物,point,旧朝倉文夫氏庭園,延焼危険度,延焼危険度,延焼危険度｜延焼危険度
official_export_003:42,fire,延焼危険度,3.0,,,,13106,台東区,National,Designated,記念物,天然記念物,point,高橋至時墓,延焼危険度,延焼危険度,延焼危険度｜延焼危険度
official_export_003:59,fire,延焼危険度,5.0,,,,13106,台東区,National,Designated,記念物,天然記念物,point,平賀源内墓,延焼危険度,延焼危険度,延焼危険度｜延焼危険度
official_export_003:72,fire,延焼危険度,2.0,,,,13106,台東区,National,Designated,記念物,天然記念物,point,横山大観旧宅及び庭園,延焼危険度,延焼危険度,延焼危険度｜延焼危険度
131067100003,liquefaction,南海トラフ巨大地震,0.101428571,0<PL≤5,hazard_liquefaction_250m_南海トラフ巨大地震,liquefaction mesh polygon intersection,13106,台東区,Municipal,Designated,民俗文化財,有形民俗文化財,point,旧吉田屋酒店,液状化,南海トラフ巨大地震,液状化｜南海トラフ巨大地震
131067100003,liquefaction,多摩東部直下地震,0.935714286,0<PL≤5,hazard_liquefaction_250m_多摩東部直下地震,liquefaction mesh polygon intersection,13106,台東区,Municipal,Designated,民俗文化財,有形民俗文化財,point,旧吉田屋酒店,液状化,多摩東部直下地震,液状化｜多摩東部直下地震
131067100003,liquefaction,大正関東地震,0.75,0<PL≤5,hazard_liquefaction_250m_大正関東地震,liquefaction mesh polygon intersection,13106,台東区,Municipal,Designated,民俗文化財,有形民俗文化財,point,旧吉田屋酒店,液状化,大正関東地震,液状化｜大正関東地震
131067100003,liquefaction,都心南部直下地震,0.957142857,0<PL≤5,hazard_liquefaction_250m_都心南部直下地震,liquefaction mesh polygon intersection,13106,台東区,Municipal,Designated,民俗文化財,有形民俗文化財,point,旧吉田屋酒店,液状化,都心南部直下地震,液状化｜都心南部直下地震
131067100029,liquefaction,南海トラフ巨大地震,4.8628,0<PL≤5,hazard_liquefaction_250m_南海トラフ巨大地震,liquefaction mesh polygon intersection,13106,台東区,Municipal,Other,有形文化財,建造物,building_direct,石造宝篋印塔,液状化,南海トラフ巨大地震,液状化｜南海トラフ巨大地震
131067100029,liquefaction,多摩東部直下地震,8.5024,5<PL≤15,hazard_liquefaction_250m_多摩東部直下地震,liquefaction mesh polygon intersection,13106,台東区,Municipal,Other,有形文化財,建造物,building_direct,石造宝篋印塔,液状化,多摩東部直下地震,液状化｜多摩東部直下地震
131067100029,liquefaction,大正関東地震,7.9896,5<PL≤15,hazard_liquefaction_250m_大正関東地震,liquefaction mesh polygon intersection,13106,台東区,Municipal,Other,有形文化財,建造物,building_direct,石造宝篋印塔,液状化,大正関東地震,液状化｜大正関東地震
131067100029,liquefaction,都心南部直下地震,8.646,5<PL≤15,hazard_liquefaction_250m_都心南部直下地震,liquefaction mesh polygon intersection,13106,台東区,Municipal,Other,有形文化財,建造物,building_direct,石造宝篋印塔,液状化,都心南部直下地震,液状化｜都心南部直下地震
131067100046,liquefaction,多摩東部直下地震,5.83,5<PL≤15,hazard_liquefaction_250m_多摩東部直下地震,liquefaction mesh polygon intersection,13106,台東区,Municipal,Other,記念物,史跡,point,藤堂家墓所,液状化,多摩東部直下地震,液状化｜多摩東部直下地震
131067100046,liquefaction,大正関東地震,4.71,0<PL≤5,hazard_liquefaction_250m_大正関東地震,liquefaction mesh polygon intersection,13106,台東区,Municipal,Other,記念物,史跡,point,藤堂家墓所,液状化,大正関東地震,液状化｜大正関東地震
131067100046,liquefaction,都心南部直下地震,5.96,5<PL≤15,hazard_liquefaction_250m_都心南部直下地震,liquefaction mesh polygon intersection,13106,台東区,Municipal,Other,記念物,史跡,point,藤堂家墓所,液状化,都心南部直下地震,液状化｜都心南部直下地震
131067100052,liquefaction,南海トラフ巨大地震,0.021818182,0<PL≤5,hazard_liquefaction_250m_南海トラフ巨大地震,liquefaction mesh polygon intersection,13106,台東区,Municipal,Other,記念物,史跡,point,福地源一郎(桜痴)墓,液状化,南海トラフ巨大地震,液状化｜南海トラフ巨大地震
131067100052,liquefaction,多摩東部直下地震,3.525454545,0<PL≤5,hazard_liquefaction_250m_多摩東部直下地震,liquefaction mesh polygon intersection,13106,台東区,Municipal,Other,記念物,史跡,point,福地源一郎(桜痴)墓,液状化,多摩東部直下地震,液状化｜多摩東部直下地震
131067100052,liquefaction,大正関東地震,2.374545455,0<PL≤5,hazard_liquefaction_250m_大正関東地震,liquefaction mesh polygon intersection,13106,台東区,Municipal,Other,記念物,史跡,point,福地源一郎(桜痴)墓,液状化,大正関東地震,液状化｜大正関東地震
131067100052,liquefaction,都心南部直下地震,3.645454545,0<PL≤5,hazard_liquefaction_250m_都心南部直下地震,liquefaction mesh polygon intersection,13106,台東区,Municipal,Other,記念物,史跡,point,福地源一郎(桜痴)墓,液状化,都心南部直下地震,液状化｜都心南部直下地震
131067100053,liquefaction,南海トラフ巨大地震,2.6325,0<PL≤5,hazard_liquefaction_250m_南海トラフ巨大地震,liquefaction mesh polygon intersection,13106,台東区,Municipal,Other,記念物,史跡,point,横山大観旧居,液状化,南海トラフ巨大地震,液状化｜南海トラフ巨大地震
131067100053,liquefaction,多摩東部直下地震,10.9975,5<PL≤15,hazard_liquefaction_250m_多摩東部直下地震,liquefaction mesh polygon intersection,13106,台東区,Municipal,Other,記念物,史跡,point,横山大観旧居,液状化,多摩東部直下地震,液状化｜多摩東部直下地震
131067100053,liquefaction,大正関東地震,8.8725,5<PL≤15,hazard_liquefaction_250m_大正関東地震,liquefaction mesh polygon intersection,13106,台東区,Municipal,Other,記念物,史跡,point,横山大観旧居,液状化,大正関東地震,液状化｜大正関東地震
131067100053,liquefaction,都心南部直下地震,11.1475,5<PL≤15,hazard_liquefaction_250m_都心南部直下地震,liquefaction mesh polygon intersection,13106,台東区,Municipal,Other,記念物,史跡,point,横山大観旧居,液状化,都心南部直下地震,液状化｜都心南部直下地震
131067100059,liquefaction,南海トラフ巨大地震,0.204285714,0<PL≤5,hazard_liquefaction_250m_南海トラフ巨大地震,liquefaction mesh polygon intersection,13106,台東区,Municipal,Other,民俗文化財,有形民俗文化財,point,延寿寺日荷堂絵馬群,液状化,南海トラフ巨大地震,液状化｜南海トラフ巨大地震
131067100059,liquefaction,多摩東部直下地震,0.556428571,0<PL≤5,hazard_liquefaction_250m_多摩東部直下地震,liquefaction mesh polygon intersection,13106,台東区,Municipal,Other,民俗文化財,有形民俗文化財,point,延寿寺日荷堂絵馬群,液状化,多摩東部直下地震,液状化｜多摩東部直下地震
131067100059,liquefaction,大正関東地震,0.49,0<PL≤5,hazard_liquefaction_250m_大正関東地震,liquefaction mesh polygon intersection,13106,台東区,Municipal,Other,民俗文化財,有形民俗文化財,point,延寿寺日荷堂絵馬群,液状化,大正関東地震,液状化｜大正関東地震
131067100059,liquefaction,都心南部直下地震,0.56,0<PL≤5,hazard_liquefaction_250m_都心南部直下地震,liquefaction mesh polygon intersection,13106,台東区,Municipal,Other,民俗文化財,有形民俗文化財,point,延寿寺日荷堂絵馬群,液状化,都心南部直下地震,液状化｜都心南部直下地震
131067100060,liquefaction,南海トラフ巨大地震,8.188,5<PL≤15,hazard_liquefaction_250m_南海トラフ巨大地震,liquefaction mesh polygon intersection,13106,台東区,Municipal,Other,記念物,史跡,point,柴田是真墓,液状化,南海トラフ巨大地震,液状化｜南海トラフ巨大地震
131067100060,liquefaction,多摩東部直下地震,19.3056,PL>15,hazard_liquefaction_250m_多摩東部直下地震,liquefaction mesh polygon intersection,13106,台東区,Municipal,Other,記念物,史跡,point,柴田是真墓,液状化,多摩東部直下地震,液状化｜多摩東部直下地震
131067100060,liquefaction,大正関東地震,17.6908,PL>15,hazard_liquefaction_250m_大正関東地震,liquefaction mesh polygon intersection,13106,台東区,Municipal,Other,記念物,史跡,point,柴田是真墓,液状化,大正関東地震,液状化｜大正関東地震
131067100060,liquefaction,都心南部直下地震,19.8492,PL>15,hazard_liquefaction_250m_都心南部直下地震,liquefaction mesh polygon intersection,13106,台東区,Municipal,Other,記念物,史跡,point,柴田是真墓,液状化,都心南部直下地震,液状化｜都心南部直下地震
131067100066,liquefaction,南海トラフ巨大地震,1.432727273,0<PL≤5,hazard_liquefaction_250m_南海トラフ巨大地震,liquefaction mesh polygon intersection,13106,台東区,Municipal,Other,記念物,史跡,point,町田久成墓,液状化,南海トラフ巨大地震,液状化｜南海トラフ巨大地震
131067100066,liquefaction,多摩東部直下地震,2.944545455,0<PL≤5,hazard_liquefaction_250m_多摩東部直下地震,liquefaction mesh polygon intersection,13106,台東区,Municipal,Other,記念物,史跡,point,町田久成墓,液状化,多摩東部直下地震,液状化｜多摩東部直下地震
131067100066,liquefaction,大正関東地震,2.656363636,0<PL≤5,hazard_liquefaction_250m_大正関東地震,liquefaction mesh polygon intersection,13106,台東区,Municipal,Other,記念物,史跡,point,町田久成墓,液状化,大正関東地震,液状化｜大正関東地震
131067100066,liquefaction,都心南部直下地震,2.99,0<PL≤5,hazard_liquefaction_250m_都心南部直下地震,liquefaction mesh polygon intersection,13106,台東区,Municipal,Other,記念物,史跡,point,町田久成墓,液状化,都心南部直下地震,液状化｜都心南部直下地震
131067100067,liquefaction,南海トラフ巨大地震,0.021818182,0<PL≤5,hazard_liquefaction_250m_南海トラフ巨大地震,liquefaction mesh polygon intersection,13106,台東区,Municipal,Other,記念物,史跡,point,田中芳男墓,液状化,南海トラフ巨大地震,液状化｜南海トラフ巨大地震
131067100067,liquefaction,多摩東部直下地震,3.525454545,0<PL≤5,hazard_liquefaction_250m_多摩東部直下地震,liquefaction mesh polygon intersection,13106,台東区,Municipal,Other,記念物,史跡,point,田中芳男墓,液状化,多摩東部直下地震,液状化｜多摩東部直下地震
131067100067,liquefaction,大正関東地震,2.374545455,0<PL≤5,hazard_liquefaction_250m_大正関東地震,liquefaction mesh polygon intersection,13106,台東区,Municipal,Other,記念物,史跡,point,田中芳男墓,液状化,大正関東地震,液状化｜大正関東地震
131067100067,liquefaction,都心南部直下地震,3.645454545,0<PL≤5,hazard_liquefaction_250m_都心南部直下地震,liquefaction mesh polygon intersection,13106,台東区,Municipal,Other,記念物,史跡,point,田中芳男墓,液状化,都心南部直下地震,液状化｜都心南部直下地震
131067100075,liquefaction,南海トラフ巨大地震,3.4168,0<PL≤5,hazard_liquefaction_250m_南海トラフ巨大地震,liquefaction mesh polygon intersection,13106,台東区,Municipal,Designated,民俗文化財,有形民俗文化財,point,浅草浅間神社本殿并びに諸資料 付 境内地,液状化,南海トラフ巨大地震,液状化｜南海トラフ巨大地震
131067100075,liquefaction,多摩東部直下地震,10.066,5<PL≤15,hazard_liquefaction_250m_多摩東部直下地震,liquefaction mesh polygon intersection,13106,台東区,Municipal,Designated,民俗文化財,有形民俗文化財,point,浅草浅間神社本殿并びに諸資料 付 境内地,液状化,多摩東部直下地震,液状化｜多摩東部直下地震
131067100075,liquefaction,大正関東地震,8.8584,5<PL≤15,hazard_liquefaction_250m_大正関東地震,liquefaction mesh polygon intersection,13106,台東区,Municipal,Designated,民俗文化財,有形民俗文化財,point,浅草浅間神社本殿并びに諸資料 付 境内地,液状化,大正関東地震,液状化｜大正関東地震
131067100075,liquefaction,都心南部直下地震,10.1804,5<PL≤15,hazard_liquefaction_250m_都心南部直下地震,liquefaction mesh polygon intersection,13106,台東区,Municipal,Designated,民俗文化財,有形民俗文化財,point,浅草浅間神社本殿并びに諸資料 付 境内地,液状化,都心南部直下地震,液状化｜都心南部直下地震
131067100110,liquefaction,多摩東部直下地震,5.83,5<PL≤15,hazard_liquefaction_250m_多摩東部直下地震,liquefaction mesh polygon intersection,13106,台東区,Municipal,Other,有形文化財,建造物,building_direct,上野広小路三橋遺構 附 出土近世遺物一括,液状化,多摩東部直下地震,液状化｜多摩東部直下地震
131067100110,liquefaction,大正関東地震,4.71,0<PL≤5,hazard_liquefaction_250m_大正関東地震,liquefaction mesh polygon intersection,13106,台東区,Municipal,Other,有形文化財,建造物,building_direct,上野広小路三橋遺構 附 出土近世遺物一括,液状化,大正関東地震,液状化｜大正関東地震
131067100110,liquefaction,都心南部直下地震,5.96,5<PL≤15,hazard_liquefaction_250m_都心南部直下地震,liquefaction mesh polygon intersection,13106,台東区,Municipal,Other,有形文化財,建造物,building_direct,上野広小路三橋遺構 附 出土近世遺物一括,液状化,都心南部直下地震,液状化｜都心南部直下地震
131067100132,liquefaction,南海トラフ巨大地震,8.188,5<PL≤15,hazard_liquefaction_250m_南海トラフ巨大地震,liquefaction mesh polygon intersection,13106,台東区,Municipal,Other,民俗文化財,有形民俗文化財,point,大太刀(陰陽丸),液状化,南海トラフ巨大地震,液状化｜南海トラフ巨大地震
131067100132,liquefaction,多摩東部直下地震,19.3056,PL>15,hazard_liquefaction_250m_多摩東部直下地震,liquefaction mesh polygon intersection,13106,台東区,Municipal,Other,民俗文化財,有形民俗文化財,point,大太刀(陰陽丸),液状化,多摩東部直下地震,液状化｜多摩東部直下地震
131067100132,liquefaction,大正関東地震,17.6908,PL>15,hazard_liquefaction_250m_大正関東地震,liquefaction mesh polygon intersection,13106,台東区,Municipal,Other,民俗文化財,有形民俗文化財,point,大太刀(陰陽丸),液状化,大正関東地震,液状化｜大正関東地震
131067100132,liquefaction,都心南部直下地震,19.8492,PL>15,hazard_liquefaction_250m_都心南部直下地震,liquefaction mesh polygon intersection,13106,台東区,Municipal,Other,民俗文化財,有形民俗文化財,point,大太刀(陰陽丸),液状化,都心南部直下地震,液状化｜都心南部直下地震
131067100134,liquefaction,南海トラフ巨大地震,2.8236,0<PL≤5,hazard_liquefaction_250m_南海トラフ巨大地震,liquefaction mesh polygon intersection,13106,台東区,Municipal,Other,有形文化財,建造物,building_direct,石造多宝塔,液状化,南海トラフ巨大地震,液状化｜南海トラフ巨大地震
131067100134,liquefaction,多摩東部直下地震,17.2948,PL>15,hazard_liquefaction_250m_多摩東部直下地震,liquefaction mesh polygon intersection,13106,台東区,Municipal,Other,有形文化財,建造物,building_direct,石造多宝塔,液状化,多摩東部直下地震,液状化｜多摩東部直下地震
131067100134,liquefaction,大正関東地震,14.15,5<PL≤15,hazard_liquefaction_250m_大正関東地震,liquefaction mesh polygon intersection,13106,台東区,Municipal,Other,有形文化財,建造物,building_direct,石造多宝塔,液状化,大正関東地震,液状化｜大正関東地震
131067100134,liquefaction,都心南部直下地震,17.2464,PL>15,hazard_liquefaction_250m_都心南部直下地震,liquefaction mesh polygon intersection,13106,台東区,Municipal,Other,有形文化財,建造物,building_direct,石造多宝塔,液状化,都心南部直下地震,液状化｜都心南部直下地震
131067100147,liquefaction,南海トラフ巨大地震,2.8236,0<PL≤5,hazard_liquefaction_250m_南海トラフ巨大地震,liquefaction mesh polygon intersection,13106,台東区,Municipal,Other,民俗文化財,有形民俗文化財,point,浅草寺絵馬・扁額群,液状化,南海トラフ巨大地震,液状化｜南海トラフ巨大地震
131067100147,liquefaction,多摩東部直下地震,17.2948,PL>15,hazard_liquefaction_250m_多摩東部直下地震,liquefaction mesh polygon intersection,13106,台東区,Municipal,Other,民俗文化財,有形民俗文化財,point,浅草寺絵馬・扁額群,液状化,多摩東部直下地震,液状化｜多摩東部直下地震
131067100147,liquefaction,大正関東地震,14.15,5<PL≤15,hazard_liquefaction_250m_大正関東地震,liquefaction mesh polygon intersection,13106,台東区,Municipal,Other,民俗文化財,有形民俗文化財,point,浅草寺絵馬・扁額群,液状化,大正関東地震,液状化｜大正関東地震
131067100147,liquefaction,都心南部直下地震,17.2464,PL>15,hazard_liquefaction_250m_都心南部直下地震,liquefaction mesh polygon intersection,13106,台東区,Municipal,Other,民俗文化財,有形民俗文化財,point,浅草寺絵馬・扁額群,液状化,都心南部直下地震,液状化｜都心南部直下地震
131067100162,liquefaction,南海トラフ巨大地震,1.0604,0<PL≤5,hazard_liquefaction_250m_南海トラフ巨大地震,liquefaction mesh polygon intersection,13106,台東区,Municipal,Other,民俗文化財,有形民俗文化財,point,吉徳これくしょん(和書),液状化,南海トラフ巨大地震,液状化｜南海トラフ巨大地震
131067100162,liquefaction,多摩東部直下地震,6.2124,5<PL≤15,hazard_liquefaction_250m_多摩東部直下地震,liquefaction mesh polygon intersection,13106,台東区,Municipal,Other,民俗文化財,有形民俗文化財,point,吉徳これくしょん(和書),液状化,多摩東部直下地震,液状化｜多摩東部直下地震
131067100162,liquefaction,大正関東地震,5.4824,5<PL≤15,hazard_liquefaction_250m_大正関東地震,liquefaction mesh polygon intersection,13106,台東区,Municipal,Other,民俗文化財,有形民俗文化財,point,吉徳これくしょん(和書),液状化,大正関東地震,液状化｜大正関東地震
131067100162,liquefaction,都心南部直下地震,6.5416,5<PL≤15,hazard_liquefaction_250m_都心南部直下地震,liquefaction mesh polygon intersection,13106,台東区,Municipal,Other,民俗文化財,有形民俗文化財,point,吉徳これくしょん(和書),液状化,都心南部直下地震,液状化｜都心南部直下地震
131067100163,liquefaction,南海トラフ巨大地震,1.0604,0<PL≤5,hazard_liquefaction_250m_南海トラフ巨大地震,liquefaction mesh polygon intersection,13106,台東区,Municipal,Other,民俗文化財,有形民俗文化財,point,吉徳これくしょん(一枚刷),液状化,南海トラフ巨大地震,液状化｜南海トラフ巨大地震
131067100163,liquefaction,多摩東部直下地震,6.2124,5<PL≤15,hazard_liquefaction_250m_多摩東部直下地震,liquefaction mesh polygon intersection,13106,台東区,Municipal,Other,民俗文化財,有形民俗文化財,point,吉徳これくしょん(一枚刷),液状化,多摩東部直下地震,液状化｜多摩東部直下地震
131067100163,liquefaction,大正関東地震,5.4824,5<PL≤15,hazard_liquefaction_250m_大正関東地震,liquefaction mesh polygon intersection,13106,台東区,Municipal,Other,民俗文化財,有形民俗文化財,point,吉徳これくしょん(一枚刷),液状化,大正関東地震,液状化｜大正関東地震
131067100163,liquefaction,都心南部直下地震,6.5416,5<PL≤15,hazard_liquefaction_250m_都心南部直下地震,liquefaction mesh polygon intersection,13106,台東区,Municipal,Other,民俗文化財,有形民俗文化財,point,吉徳これくしょん(一枚刷),液状化,都心南部直下地震,液状化｜都心南部直下地震
131067100168,liquefaction,南海トラフ巨大地震,1.0604,0<PL≤5,hazard_liquefaction_250m_南海トラフ巨大地震,liquefaction mesh polygon intersection,13106,台東区,Municipal,Other,民俗文化財,有形民俗文化財,point,吉徳これくしょん〔芝居番付類(一枚刷)〕,液状化,南海トラフ巨大地震,液状化｜南海トラフ巨大地震
131067100168,liquefaction,多摩東部直下地震,6.2124,5<PL≤15,hazard_liquefaction_250m_多摩東部直下地震,liquefaction mesh polygon intersection,13106,台東区,Municipal,Other,民俗文化財,有形民俗文化財,point,吉徳これくしょん〔芝居番付類(一枚刷)〕,液状化,多摩東部直下地震,液状化｜多摩東部直下地震
131067100168,liquefaction,大正関東地震,5.4824,5<PL≤15,hazard_liquefaction_250m_大正関東地震,liquefaction mesh polygon intersection,13106,台東区,Municipal,Other,民俗文化財,有形民俗文化財,point,吉徳これくしょん〔芝居番付類(一枚刷)〕,液状化,大正関東地震,液状化｜大正関東地震
131067100168,liquefaction,都心南部直下地震,6.5416,5<PL≤15,hazard_liquefaction_250m_都心南部直下地震,liquefaction mesh polygon intersection,13106,台東区,Municipal,Other,民俗文化財,有形民俗文化財,point,吉徳これくしょん〔芝居番付類(一枚刷)〕,液状化,都心南部直下地震,液状化｜都心南部直下地震
131067100171,liquefaction,南海トラフ巨大地震,1.0604,0<PL≤5,hazard_liquefaction_250m_南海トラフ巨大地震,liquefaction mesh polygon intersection,13106,台東区,Municipal,Other,民俗文化財,有形民俗文化財,point,吉徳これくしょん(古文書),液状化,南海トラフ巨大地震,液状化｜南海トラフ巨大地震
131067100171,liquefaction,多摩東部直下地震,6.2124,5<PL≤15,hazard_liquefaction_250m_多摩東部直下地震,liquefaction mesh polygon intersection,13106,台東区,Municipal,Other,民俗文化財,有形民俗文化財,point,吉徳これくしょん(古文書),液状化,多摩東部直下地震,液状化｜多摩東部直下地震
131067100171,liquefaction,大正関東地震,5.4824,5<PL≤15,hazard_liquefaction_250m_大正関東地震,liquefaction mesh polygon intersection,13106,台東区,Municipal,Other,民俗文化財,有形民俗文化財,point,吉徳これくしょん(古文書),液状化,大正関東地震,液状化｜大正関東地震
131067100171,liquefaction,都心南部直下地震,6.5416,5<PL≤15,hazard_liquefaction_250m_都心南部直下地震,liquefaction mesh polygon intersection,13106,台東区,Municipal,Other,民俗文化財,有形民俗文化財,point,吉徳これくしょん(古文書),液状化,都心南部直下地震,液状化｜都心南部直下地震
131067100174,liquefaction,南海トラフ巨大地震,1.0604,0<PL≤5,hazard_liquefaction_250m_南海トラフ巨大地震,liquefaction mesh polygon intersection,13106,台東区,Municipal,Other,民俗文化財,有形民俗文化財,point,吉徳これくしょん(羽子板),液状化,南海トラフ巨大地震,液状化｜南海トラフ巨大地震
131067100174,liquefaction,多摩東部直下地震,6.2124,5<PL≤15,hazard_liquefaction_250m_多摩東部直下地震,liquefaction mesh polygon intersection,13106,台東区,Municipal,Other,民俗文化財,有形民俗文化財,point,吉徳これくしょん(羽子板),液状化,多摩東部直下地震,液状化｜多摩東部直下地震
131067100174,liquefaction,大正関東地震,5.4824,5<PL≤15,hazard_liquefaction_250m_大正関東地震,liquefaction mesh polygon intersection,13106,台東区,Municipal,Other,民俗文化財,有形民俗文化財,point,吉徳これくしょん(羽子板),液状化,大正関東地震,液状化｜大正関東地震
131067100174,liquefaction,都心南部直下地震,6.5416,5<PL≤15,hazard_liquefaction_250m_都心南部直下地震,liquefaction mesh polygon intersection,13106,台東区,Municipal,Other,民俗文化財,有形民俗文化財,point,吉徳これくしょん(羽子板),液状化,都心南部直下地震,液状化｜都心南部直下地震
131067100178,liquefaction,南海トラフ巨大地震,1.0604,0<PL≤5,hazard_liquefaction_250m_南海トラフ巨大地震,liquefaction mesh polygon intersection,13106,台東区,Municipal,Other,民俗文化財,有形民俗文化財,point,吉徳これくしょん(五月人形),液状化,南海トラフ巨大地震,液状化｜南海トラフ巨大地震
131067100178,liquefaction,多摩東部直下地震,6.2124,5<PL≤15,hazard_liquefaction_250m_多摩東部直下地震,liquefaction mesh polygon intersection,13106,台東区,Municipal,Other,民俗文化財,有形民俗文化財,point,吉徳これくしょん(五月人形),液状化,多摩東部直下地震,液状化｜多摩東部直下地震
131067100178,liquefaction,大正関東地震,5.4824,5<PL≤15,hazard_liquefaction_250m_大正関東地震,liquefaction mesh polygon intersection,13106,台東区,Municipal,Other,民俗文化財,有形民俗文化財,point,吉徳これくしょん(五月人形),液状化,大正関東地震,液状化｜大正関東地震
131067100178,liquefaction,都心南部直下地震,6.5416,5<PL≤15,hazard_liquefaction_250m_都心南部直下地震,liquefaction mesh polygon intersection,13106,台東区,Municipal,Other,民俗文化財,有形民俗文化財,point,吉徳これくしょん(五月人形),液状化,都心南部直下地震,液状化｜都心南部直下地震
131067100181,liquefaction,南海トラフ巨大地震,1.0604,0<PL≤5,hazard_liquefaction_250m_南海トラフ巨大地震,liquefaction mesh polygon intersection,13106,台東区,Municipal,Other,民俗文化財,有形民俗文化財,point,吉徳これくしょん(雛人形),液状化,南海トラフ巨大地震,液状化｜南海トラフ巨大地震
131067100181,liquefaction,多摩東部直下地震,6.2124,5<PL≤15,hazard_liquefaction_250m_多摩東部直下地震,liquefaction mesh polygon intersection,13106,台東区,Municipal,Other,民俗文化財,有形民俗文化財,point,吉徳これくしょん(雛人形),液状化,多摩東部直下地震,液状化｜多摩東部直下地震
131067100181,liquefaction,大正関東地震,5.4824,5<PL≤15,hazard_liquefaction_250m_大正関東地震,liquefaction mesh polygon intersection,13106,台東区,Municipal,Other,民俗文化財,有形民俗文化財,point,吉徳これくしょん(雛人形),液状化,大正関東地震,液状化｜大正関東地震
131067100181,liquefaction,都心南部直下地震,6.5416,5<PL≤15,hazard_liquefaction_250m_都心南部直下地震,liquefaction mesh polygon intersection,13106,台東区,Municipal,Other,民俗文化財,有形民俗文化財,point,吉徳これくしょん(雛人形),液状化,都心南部直下地震,液状化｜都心南部直下地震
131067100182,liquefaction,南海トラフ巨大地震,0.021818182,0<PL≤5,hazard_liquefaction_250m_南海トラフ巨大地震,liquefaction mesh polygon intersection,13106,台東区,Municipal,Other,記念物,史跡,point,渋沢栄一家墓所,液状化,南海トラフ巨大地震,液状化｜南海トラフ巨大地震
131067100182,liquefaction,多摩東部直下地震,3.525454545,0<PL≤5,hazard_liquefaction_250m_多摩東部直下地震,liquefaction mesh polygon intersection,13106,台東区,Municipal,Other,記念物,史跡,point,渋沢栄一家墓所,液状化,多摩東部直下地震,液状化｜多摩東部直下地震
131067100182,liquefaction,大正関東地震,2.374545455,0<PL≤5,hazard_liquefaction_250m_大正関東地震,liquefaction mesh polygon intersection,13106,台東区,Municipal,Other,記念物,史跡,point,渋沢栄一家墓所,液状化,大正関東地震,液状化｜大正関東地震
131067100182,liquefaction,都心南部直下地震,3.645454545,0<PL≤5,hazard_liquefaction_250m_都心南部直下地震,liquefaction mesh polygon intersection,13106,台東区,Municipal,Other,記念物,史跡,point,渋沢栄一家墓所,液状化,都心南部直下地震,液状化｜都心南部直下地震
131067100187,liquefaction,多摩東部直下地震,5.83,5<PL≤15,hazard_liquefaction_250m_多摩東部直下地震,liquefaction mesh polygon intersection,13106,台東区,Municipal,Other,記念物,史跡,point,徳川家光薨去に伴う殉死者の墓,液状化,多摩東部直下地震,液状化｜多摩東部直下地震
131067100187,liquefaction,大正関東地震,4.71,0<PL≤5,hazard_liquefaction_250m_大正関東地震,liquefaction mesh polygon intersection,13106,台東区,Municipal,Other,記念物,史跡,point,徳川家光薨去に伴う殉死者の墓,液状化,大正関東地震,液状化｜大正関東地震
131067100187,liquefaction,都心南部直下地震,5.96,5<PL≤15,hazard_liquefaction_250m_都心南部直下地震,liquefaction mesh polygon intersection,13106,台東区,Municipal,Other,記念物,史跡,point,徳川家光薨去に伴う殉死者の墓,液状化,都心南部直下地震,液状化｜都心南部直下地震
157,liquefaction,南海トラフ巨大地震,4.1652,0<PL≤5,hazard_liquefaction_250m_南海トラフ巨大地震,liquefaction mesh polygon intersection,13106,台東区,Tokyo Metropolitan,Designated,記念物,旧跡,point,戸田茂睡墓,液状化,南海トラフ巨大地震,液状化｜南海トラフ巨大地震
157,liquefaction,多摩東部直下地震,23.8668,PL>15,hazard_liquefaction_250m_多摩東部直下地震,liquefaction mesh polygon intersection,13106,台東区,Tokyo Metropolitan,Designated,記念物,旧跡,point,戸田茂睡墓,液状化,多摩東部直下地震,液状化｜多摩東部直下地震
157,liquefaction,大正関東地震,19.768,PL>15,hazard_liquefaction_250m_大正関東地震,liquefaction mesh polygon intersection,13106,台東区,Tokyo Metropolitan,Designated,記念物,旧跡,point,戸田茂睡墓,液状化,大正関東地震,液状化｜大正関東地震
157,liquefaction,都心南部直下地震,23.6736,PL>15,hazard_liquefaction_250m_都心南部直下地震,liquefaction mesh polygon intersection,13106,台東区,Tokyo Metropolitan,Designated,記念物,旧跡,point,戸田茂睡墓,液状化,都心南部直下地震,液状化｜都心南部直下地震
158,liquefaction,南海トラフ巨大地震,4.1652,0<PL≤5,hazard_liquefaction_250m_南海トラフ巨大地震,liquefaction mesh polygon intersection,13106,台東区,Tokyo Metropolitan,Designated,記念物,旧跡,point,六地蔵石燈籠,液状化,南海トラフ巨大地震,液状化｜南海トラフ巨大地震
158,liquefaction,多摩東部直下地震,23.8668,PL>15,hazard_liquefaction_250m_多摩東部直下地震,liquefaction mesh polygon intersection,13106,台東区,Tokyo Metropolitan,Designated,記念物,旧跡,point,六地蔵石燈籠,液状化,多摩東部直下地震,液状化｜多摩東部直下地震
158,liquefaction,大正関東地震,19.768,PL>15,hazard_liquefaction_250m_大正関東地震,liquefaction mesh polygon intersection,13106,台東区,Tokyo Metropolitan,Designated,記念物,旧跡,point,六地蔵石燈籠,液状化,大正関東地震,液状化｜大正関東地震
158,liquefaction,都心南部直下地震,23.6736,PL>15,hazard_liquefaction_250m_都心南部直下地震,liquefaction mesh polygon intersection,13106,台東区,Tokyo Metropolitan,Designated,記念物,旧跡,point,六地蔵石燈籠,液状化,都心南部直下地震,液状化｜都心南部直下地震
159,liquefaction,南海トラフ巨大地震,3.53,0<PL≤5,hazard_liquefaction_250m_南海トラフ巨大地震,liquefaction mesh polygon intersection,13106,台東区,Tokyo Metropolitan,Designated,記念物,旧跡,point,玉川庄右衛門及び同清右衛門墓,液状化,南海トラフ巨大地震,液状化｜南海トラフ巨大地震
159,liquefaction,多摩東部直下地震,11.4504,5<PL≤15,hazard_liquefaction_250m_多摩東部直下地震,liquefaction mesh polygon intersection,13106,台東区,Tokyo Metropolitan,Designated,記念物,旧跡,point,玉川庄右衛門及び同清右衛門墓,液状化,多摩東部直下地震,液状化｜多摩東部直下地震
159,liquefaction,大正関東地震,9.8108,5<PL≤15,hazard_liquefaction_250m_大正関東地震,liquefaction mesh polygon intersection,13106,台東区,Tokyo Metropolitan,Designated,記念物,旧跡,point,玉川庄右衛門及び同清右衛門墓,液状化,大正関東地震,液状化｜大正関東地震
159,liquefaction,都心南部直下地震,11.5308,5<PL≤15,hazard_liquefaction_250m_都心南部直下地震,liquefaction mesh polygon intersection,13106,台東区,Tokyo Metropolitan,Designated,記念物,旧跡,point,玉川庄右衛門及び同清右衛門墓,液状化,都心南部直下地震,液状化｜都心南部直下地震
161,liquefaction,南海トラフ巨大地震,3.53,0<PL≤5,hazard_liquefaction_250m_南海トラフ巨大地震,liquefaction mesh polygon intersection,13106,台東区,Tokyo Metropolitan,Designated,記念物,旧跡,point,谷文晁墓,液状化,南海トラフ巨大地震,液状化｜南海トラフ巨大地震
161,liquefaction,多摩東部直下地震,11.4504,5<PL≤15,hazard_liquefaction_250m_多摩東部直下地震,liquefaction mesh polygon intersection,13106,台東区,Tokyo Metropolitan,Designated,記念物,旧跡,point,谷文晁墓,液状化,多摩東部直下地震,液状化｜多摩東部直下地震
161,liquefaction,大正関東地震,9.8108,5<PL≤15,hazard_liquefaction_250m_大正関東地震,liquefaction mesh polygon intersection,13106,台東区,Tokyo Metropolitan,Designated,記念物,旧跡,point,谷文晁墓,液状化,大正関東地震,液状化｜大正関東地震
161,liquefaction,都心南部直下地震,11.5308,5<PL≤15,hazard_liquefaction_250m_都心南部直下地震,liquefaction mesh polygon intersection,13106,台東区,Tokyo Metropolitan,Designated,記念物,旧跡,point,谷文晁墓,液状化,都心南部直下地震,液状化｜都心南部直下地震
162,liquefaction,南海トラフ巨大地震,3.53,0<PL≤5,hazard_liquefaction_250m_南海トラフ巨大地震,liquefaction mesh polygon intersection,13106,台東区,Tokyo Metropolitan,Designated,記念物,旧跡,point,幡随院長兵衛墓,液状化,南海トラフ巨大地震,液状化｜南海トラフ巨大地震
162,liquefaction,多摩東部直下地震,11.4504,5<PL≤15,hazard_liquefaction_250m_多摩東部直下地震,liquefaction mesh polygon intersection,13106,台東区,Tokyo Metropolitan,Designated,記念物,旧跡,point,幡随院長兵衛墓,液状化,多摩東部直下地震,液状化｜多摩東部直下地震
162,liquefaction,大正関東地震,9.8108,5<PL≤15,hazard_liquefaction_250m_大正関東地震,liquefaction mesh polygon intersection,13106,台東区,Tokyo Metropolitan,Designated,記念物,旧跡,point,幡随院長兵衛墓,液状化,大正関東地震,液状化｜大正関東地震
162,liquefaction,都心南部直下地震,11.5308,5<PL≤15,hazard_liquefaction_250m_都心南部直下地震,liquefaction mesh polygon intersection,13106,台東区,Tokyo Metropolitan,Designated,記念物,旧跡,point,幡随院長兵衛墓,液状化,都心南部直下地震,液状化｜都心南部直下地震
164,liquefaction,南海トラフ巨大地震,2.5676,0<PL≤5,hazard_liquefaction_250m_南海トラフ巨大地震,liquefaction mesh polygon intersection,13106,台東区,Tokyo Metropolitan,Designated,記念物,旧跡,point,葛飾北斎墓,液状化,南海トラフ巨大地震,液状化｜南海トラフ巨大地震
164,liquefaction,多摩東部直下地震,13.5696,5<PL≤15,hazard_liquefaction_250m_多摩東部直下地震,liquefaction mesh polygon intersection,13106,台東区,Tokyo Metropolitan,Designated,記念物,旧跡,point,葛飾北斎墓,液状化,多摩東部直下地震,液状化｜多摩東部直下地震
164,liquefaction,大正関東地震,11.5904,5<PL≤15,hazard_liquefaction_250m_大正関東地震,liquefaction mesh polygon intersection,13106,台東区,Tokyo Metropolitan,Designated,記念物,旧跡,point,葛飾北斎墓,液状化,大正関東地震,液状化｜大正関東地震
164,liquefaction,都心南部直下地震,13.7028,5<PL≤15,hazard_liquefaction_250m_都心南部直下地震,liquefaction mesh polygon intersection,13106,台東区,Tokyo Metropolitan,Designated,記念物,旧跡,point,葛飾北斎墓,液状化,都心南部直下地震,液状化｜都心南部直下地震
165,liquefaction,南海トラフ巨大地震,1.9396,0<PL≤5,hazard_liquefaction_250m_南海トラフ巨大地震,liquefaction mesh polygon intersection,13106,台東区,Tokyo Metropolitan,Designated,記念物,旧跡,point,山田宗?墓,液状化,南海トラフ巨大地震,液状化｜南海トラフ巨大地震
165,liquefaction,多摩東部直下地震,7.4948,5<PL≤15,hazard_liquefaction_250m_多摩東部直下地震,liquefaction mesh polygon intersection,13106,台東区,Tokyo Metropolitan,Designated,記念物,旧跡,point,山田宗?墓,液状化,多摩東部直下地震,液状化｜多摩東部直下地震
165,liquefaction,大正関東地震,6.28,5<PL≤15,hazard_liquefaction_250m_大正関東地震,liquefaction mesh polygon intersection,13106,台東区,Tokyo Metropolitan,Designated,記念物,旧跡,point,山田宗?墓,液状化,大正関東地震,液状化｜大正関東地震
165,liquefaction,都心南部直下地震,7.6516,5<PL≤15,hazard_liquefaction_250m_都心南部直下地震,liquefaction mesh polygon intersection,13106,台東区,Tokyo Metropolitan,Designated,記念物,旧跡,point,山田宗?墓,液状化,都心南部直下地震,液状化｜都心南部直下地震
167,liquefaction,南海トラフ巨大地震,3.565,0<PL≤5,hazard_liquefaction_250m_南海トラフ巨大地震,liquefaction mesh polygon intersection,13106,台東区,Tokyo Metropolitan,Designated,記念物,旧跡,point,天海僧正毛髪塔,液状化,南海トラフ巨大地震,液状化｜南海トラフ巨大地震
167,liquefaction,多摩東部直下地震,12.175,5<PL≤15,hazard_liquefaction_250m_多摩東部直下地震,liquefaction mesh polygon intersection,13106,台東区,Tokyo Metropolitan,Designated,記念物,旧跡,point,天海僧正毛髪塔,液状化,多摩東部直下地震,液状化｜多摩東部直下地震
167,liquefaction,大正関東地震,10.65,5<PL≤15,hazard_liquefaction_250m_大正関東地震,liquefaction mesh polygon intersection,13106,台東区,Tokyo Metropolitan,Designated,記念物,旧跡,point,天海僧正毛髪塔,液状化,大正関東地震,液状化｜大正関東地震
167,liquefaction,都心南部直下地震,12.435,5<PL≤15,hazard_liquefaction_250m_都心南部直下地震,liquefaction mesh polygon intersection,13106,台東区,Tokyo Metropolitan,Designated,記念物,旧跡,point,天海僧正毛髪塔,液状化,都心南部直下地震,液状化｜都心南部直下地震
168,liquefaction,南海トラフ巨大地震,1.330714286,0<PL≤5,hazard_liquefaction_250m_南海トラフ巨大地震,liquefaction mesh polygon intersection,13106,台東区,Tokyo Metropolitan,Designated,記念物,旧跡,point,樋口定伊墓,液状化,南海トラフ巨大地震,液状化｜南海トラフ巨大地震
168,liquefaction,多摩東部直下地震,9.734285714,5<PL≤15,hazard_liquefaction_250m_多摩東部直下地震,liquefaction mesh polygon intersection,13106,台東区,Tokyo Metropolitan,Designated,記念物,旧跡,point,樋口定伊墓,液状化,多摩東部直下地震,液状化｜多摩東部直下地震
168,liquefaction,大正関東地震,7.022857143,5<PL≤15,hazard_liquefaction_250m_大正関東地震,liquefaction mesh polygon intersection,13106,台東区,Tokyo Metropolitan,Designated,記念物,旧跡,point,樋口定伊墓,液状化,大正関東地震,液状化｜大正関東地震
168,liquefaction,都心南部直下地震,10.00214286,5<PL≤15,hazard_liquefaction_250m_都心南部直下地震,liquefaction mesh polygon intersection,13106,台東区,Tokyo Metropolitan,Designated,記念物,旧跡,point,樋口定伊墓,液状化,都心南部直下地震,液状化｜都心南部直下地震
206,liquefaction,南海トラフ巨大地震,0.204285714,0<PL≤5,hazard_liquefaction_250m_南海トラフ巨大地震,liquefaction mesh polygon intersection,13106,台東区,Tokyo Metropolitan,Designated,記念物,天然記念物,point,玉林寺のシイ,液状化,南海トラフ巨大地震,液状化｜南海トラフ巨大地震
206,liquefaction,多摩東部直下地震,0.556428571,0<PL≤5,hazard_liquefaction_250m_多摩東部直下地震,liquefaction mesh polygon intersection,13106,台東区,Tokyo Metropolitan,Designated,記念物,天然記念物,point,玉林寺のシイ,液状化,多摩東部直下地震,液状化｜多摩東部直下地震
206,liquefaction,大正関東地震,0.49,0<PL≤5,hazard_liquefaction_250m_大正関東地震,liquefaction mesh polygon intersection,13106,台東区,Tokyo Metropolitan,Designated,記念物,天然記念物,point,玉林寺のシイ,液状化,大正関東地震,液状化｜大正関東地震
206,liquefaction,都心南部直下地震,0.56,0<PL≤5,hazard_liquefaction_250m_都心南部直下地震,liquefaction mesh polygon intersection,13106,台東区,Tokyo Metropolitan,Designated,記念物,天然記念物,point,玉林寺のシイ,液状化,都心南部直下地震,液状化｜都心南部直下地震
241,liquefaction,南海トラフ巨大地震,0.204285714,0<PL≤5,hazard_liquefaction_250m_南海トラフ巨大地震,liquefaction mesh polygon intersection,13106,台東区,Tokyo Metropolitan,Designated,記念物,史跡,point,太宰春台墓,液状化,南海トラフ巨大地震,液状化｜南海トラフ巨大地震
241,liquefaction,多摩東部直下地震,0.556428571,0<PL≤5,hazard_liquefaction_250m_多摩東部直下地震,liquefaction mesh polygon intersection,13106,台東区,Tokyo Metropolitan,Designated,記念物,史跡,point,太宰春台墓,液状化,多摩東部直下地震,液状化｜多摩東部直下地震
241,liquefaction,大正関東地震,0.49,0<PL≤5,hazard_liquefaction_250m_大正関東地震,liquefaction mesh polygon intersection,13106,台東区,Tokyo Metropolitan,Designated,記念物,史跡,point,太宰春台墓,液状化,大正関東地震,液状化｜大正関東地震
241,liquefaction,都心南部直下地震,0.56,0<PL≤5,hazard_liquefaction_250m_都心南部直下地震,liquefaction mesh polygon intersection,13106,台東区,Tokyo Metropolitan,Designated,記念物,史跡,point,太宰春台墓,液状化,都心南部直下地震,液状化｜都心南部直下地震
242,liquefaction,南海トラフ巨大地震,1.330714286,0<PL≤5,hazard_liquefaction_250m_南海トラフ巨大地震,liquefaction mesh polygon intersection,13106,台東区,Tokyo Metropolitan,Designated,記念物,史跡,point,浄厳律師墓,液状化,南海トラフ巨大地震,液状化｜南海トラフ巨大地震
242,liquefaction,多摩東部直下地震,9.734285714,5<PL≤15,hazard_liquefaction_250m_多摩東部直下地震,liquefaction mesh polygon intersection,13106,台東区,Tokyo Metropolitan,Designated,記念物,史跡,point,浄厳律師墓,液状化,多摩東部直下地震,液状化｜多摩東部直下地震
242,liquefaction,大正関東地震,7.022857143,5<PL≤15,hazard_liquefaction_250m_大正関東地震,liquefaction mesh polygon intersection,13106,台東区,Tokyo Metropolitan,Designated,記念物,史跡,point,浄厳律師墓,液状化,大正関東地震,液状化｜大正関東地震
242,liquefaction,都心南部直下地震,10.00214286,5<PL≤15,hazard_liquefaction_250m_都心南部直下地震,liquefaction mesh polygon intersection,13106,台東区,Tokyo Metropolitan,Designated,記念物,史跡,point,浄厳律師墓,液状化,都心南部直下地震,液状化｜都心南部直下地震
243,liquefaction,南海トラフ巨大地震,0.105263158,0<PL≤5,hazard_liquefaction_250m_南海トラフ巨大地震,liquefaction mesh polygon intersection,13106,台東区,Tokyo Metropolitan,Designated,記念物,史跡,point,子規庵,液状化,南海トラフ巨大地震,液状化｜南海トラフ巨大地震
243,liquefaction,多摩東部直下地震,13.78473684,5<PL≤15,hazard_liquefaction_250m_多摩東部直下地震,liquefaction mesh polygon intersection,13106,台東区,Tokyo Metropolitan,Designated,記念物,史跡,point,子規庵,液状化,多摩東部直下地震,液状化｜多摩東部直下地震
243,liquefaction,大正関東地震,7.793684211,5<PL≤15,hazard_liquefaction_250m_大正関東地震,liquefaction mesh polygon intersection,13106,台東区,Tokyo Metropolitan,Designated,記念物,史跡,point,子規庵,液状化,大正関東地震,液状化｜大正関東地震
243,liquefaction,都心南部直下地震,14.08631579,5<PL≤15,hazard_liquefaction_250m_都心南部直下地震,liquefaction mesh polygon intersection,13106,台東区,Tokyo Metropolitan,Designated,記念物,史跡,point,子規庵,液状化,都心南部直下地震,液状化｜都心南部直下地震
244,liquefaction,南海トラフ巨大地震,0.105263158,0<PL≤5,hazard_liquefaction_250m_南海トラフ巨大地震,liquefaction mesh polygon intersection,13106,台東区,Tokyo Metropolitan,Designated,記念物,史跡,point,中村不折旧宅(書道博物館),液状化,南海トラフ巨大地震,液状化｜南海トラフ巨大地震
244,liquefaction,多摩東部直下地震,13.78473684,5<PL≤15,hazard_liquefaction_250m_多摩東部直下地震,liquefaction mesh polygon intersection,13106,台東区,Tokyo Metropolitan,Designated,記念物,史跡,point,中村不折旧宅(書道博物館),液状化,多摩東部直下地震,液状化｜多摩東部直下地震
244,liquefaction,大正関東地震,7.793684211,5<PL≤15,hazard_liquefaction_250m_大正関東地震,liquefaction mesh polygon intersection,13106,台東区,Tokyo Metropolitan,Designated,記念物,史跡,point,中村不折旧宅(書道博物館),液状化,大正関東地震,液状化｜大正関東地震
244,liquefaction,都心南部直下地震,14.08631579,5<PL≤15,hazard_liquefaction_250m_都心南部直下地震,liquefaction mesh polygon intersection,13106,台東区,Tokyo Metropolitan,Designated,記念物,史跡,point,中村不折旧宅(書道博物館),液状化,都心南部直下地震,液状化｜都心南部直下地震
3,liquefaction,南海トラフ巨大地震,4.1652,0<PL≤5,hazard_liquefaction_250m_南海トラフ巨大地震,liquefaction mesh polygon intersection,13106,台東区,Tokyo Metropolitan,Designated,有形文化財,建造物,building_direct,浅草寺六角堂,液状化,南海トラフ巨大地震,液状化｜南海トラフ巨大地震
3,liquefaction,多摩東部直下地震,23.8668,PL>15,hazard_liquefaction_250m_多摩東部直下地震,liquefaction mesh polygon intersection,13106,台東区,Tokyo Metropolitan,Designated,有形文化財,建造物,building_direct,浅草寺六角堂,液状化,多摩東部直下地震,液状化｜多摩東部直下地震
3,liquefaction,大正関東地震,19.768,PL>15,hazard_liquefaction_250m_大正関東地震,liquefaction mesh polygon intersection,13106,台東区,Tokyo Metropolitan,Designated,有形文化財,建造物,building_direct,浅草寺六角堂,液状化,大正関東地震,液状化｜大正関東地震
3,liquefaction,都心南部直下地震,23.6736,PL>15,hazard_liquefaction_250m_都心南部直下地震,liquefaction mesh polygon intersection,13106,台東区,Tokyo Metropolitan,Designated,有形文化財,建造物,building_direct,浅草寺六角堂,液状化,都心南部直下地震,液状化｜都心南部直下地震
94,liquefaction,南海トラフ巨大地震,0.140769231,0<PL≤5,hazard_liquefaction_250m_南海トラフ巨大地震,liquefaction mesh polygon intersection,13106,台東区,Tokyo Metropolitan,Designated,有形文化財,歴史資料,point,西仏板碑,液状化,南海トラフ巨大地震,液状化｜南海トラフ巨大地震
94,liquefaction,多摩東部直下地震,2.062307692,0<PL≤5,hazard_liquefaction_250m_多摩東部直下地震,liquefaction mesh polygon intersection,13106,台東区,Tokyo Metropolitan,Designated,有形文化財,歴史資料,point,西仏板碑,液状化,多摩東部直下地震,液状化｜多摩東部直下地震
94,liquefaction,大正関東地震,1.09,0<PL≤5,hazard_liquefaction_250m_大正関東地震,liquefaction mesh polygon intersection,13106,台東区,Tokyo Metropolitan,Designated,有形文化財,歴史資料,point,西仏板碑,液状化,大正関東地震,液状化｜大正関東地震
94,liquefaction,立川断層帯地震,0.033846154,0<PL≤5,hazard_liquefaction_250m_立川断層帯地震,liquefaction mesh polygon intersection,13106,台東区,Tokyo Metropolitan,Designated,有形文化財,歴史資料,point,西仏板碑,液状化,立川断層帯地震,液状化｜立川断層帯地震
94,liquefaction,都心南部直下地震,1.462307692,0<PL≤5,hazard_liquefaction_250m_都心南部直下地震,liquefaction mesh polygon intersection,13106,台東区,Tokyo Metropolitan,Designated,有形文化財,歴史資料,point,西仏板碑,液状化,都心南部直下地震,液状化｜都心南部直下地震
official_export_001:0,liquefaction,南海トラフ巨大地震,2.788,0<PL≤5,hazard_liquefaction_250m_南海トラフ巨大地震,liquefaction mesh polygon intersection,13106,台東区,National,Designated,有形文化財,建造物,building_direct,浅草神社,液状化,南海トラフ巨大地震,液状化｜南海トラフ巨大地震
official_export_001:0,liquefaction,多摩東部直下地震,21.2112,PL>15,hazard_liquefaction_250m_多摩東部直下地震,liquefaction mesh polygon intersection,13106,台東区,National,Designated,有形文化財,建造物,building_direct,浅草神社,液状化,多摩東部直下地震,液状化｜多摩東部直下地震
official_export_001:0,liquefaction,大正関東地震,17.0796,PL>15,hazard_liquefaction_250m_大正関東地震,liquefaction mesh polygon intersection,13106,台東区,National,Designated,有形文化財,建造物,building_direct,浅草神社,液状化,大正関東地震,液状化｜大正関東地震
official_export_001:0,liquefaction,都心南部直下地震,21.3156,PL>15,hazard_liquefaction_250m_都心南部直下地震,liquefaction mesh polygon intersection,13106,台東区,National,Designated,有形文化財,建造物,building_direct,浅草神社,液状化,都心南部直下地震,液状化｜都心南部直下地震
official_export_001:1,liquefaction,南海トラフ巨大地震,2.788,0<PL≤5,hazard_liquefaction_250m_南海トラフ巨大地震,liquefaction mesh polygon intersection,13106,台東区,National,Designated,有形文化財,建造物,building_direct,浅草神社,液状化,南海トラフ巨大地震,液状化｜南海トラフ巨大地震
official_export_001:1,liquefaction,多摩東部直下地震,21.2112,PL>15,hazard_liquefaction_250m_多摩東部直下地震,liquefaction mesh polygon intersection,13106,台東区,National,Designated,有形文化財,建造物,building_direct,浅草神社,液状化,多摩東部直下地震,液状化｜多摩東部直下地震
official_export_001:1,liquefaction,大正関東地震,17.0796,PL>15,hazard_liquefaction_250m_大正関東地震,liquefaction mesh polygon intersection,13106,台東区,National,Designated,有形文化財,建造物,building_direct,浅草神社,液状化,大正関東地震,液状化｜大正関東地震
official_export_001:1,liquefaction,都心南部直下地震,21.3156,PL>15,hazard_liquefaction_250m_都心南部直下地震,liquefaction mesh polygon intersection,13106,台東区,National,Designated,有形文化財,建造物,building_direct,浅草神社,液状化,都心南部直下地震,液状化｜都心南部直下地震
official_export_001:105,liquefaction,多摩東部直下地震,5.87,5<PL≤15,hazard_liquefaction_250m_多摩東部直下地震,liquefaction mesh polygon intersection,13106,台東区,National,Designated,有形文化財,建造物,building_direct,旧東京帝室博物館本館,液状化,多摩東部直下地震,液状化｜多摩東部直下地震
official_export_001:105,liquefaction,大正関東地震,4.71,0<PL≤5,hazard_liquefaction_250m_大正関東地震,liquefaction mesh polygon intersection,13106,台東区,National,Designated,有形文化財,建造物,building_direct,旧東京帝室博物館本館,液状化,大正関東地震,液状化｜大正関東地震
official_export_001:105,liquefaction,都心南部直下地震,5.97,5<PL≤15,hazard_liquefaction_250m_都心南部直下地震,liquefaction mesh polygon intersection,13106,台東区,National,Designated,有形文化財,建造物,building_direct,旧東京帝室博物館本館,液状化,都心南部直下地震,液状化｜都心南部直下地震
official_export_001:107,liquefaction,南海トラフ巨大地震,3.675,0<PL≤5,hazard_liquefaction_250m_南海トラフ巨大地震,liquefaction mesh polygon intersection,13106,台東区,National,Designated,有形文化財,建造物,building_direct,東照宮社殿,液状化,南海トラフ巨大地震,液状化｜南海トラフ巨大地震
official_export_001:107,liquefaction,多摩東部直下地震,8.625,5<PL≤15,hazard_liquefaction_250m_多摩東部直下地震,liquefaction mesh polygon intersection,13106,台東区,National,Designated,有形文化財,建造物,building_direct,東照宮社殿,液状化,多摩東部直下地震,液状化｜多摩東部直下地震
official_export_001:107,liquefaction,大正関東地震,7.7275,5<PL≤15,hazard_liquefaction_250m_大正関東地震,liquefaction mesh polygon intersection,13106,台東区,National,Designated,有形文化財,建造物,building_direct,東照宮社殿,液状化,大正関東地震,液状化｜大正関東地震
official_export_001:107,liquefaction,都心南部直下地震,8.7075,5<PL≤15,hazard_liquefaction_250m_都心南部直下地震,liquefaction mesh polygon intersection,13106,台東区,National,Designated,有形文化財,建造物,building_direct,東照宮社殿,液状化,都心南部直下地震,液状化｜都心南部直下地震
official_export_001:108,liquefaction,南海トラフ巨大地震,3.675,0<PL≤5,hazard_liquefaction_250m_南海トラフ巨大地震,liquefaction mesh polygon intersection,13106,台東区,National,Designated,有形文化財,建造物,building_direct,東照宮社殿,液状化,南海トラフ巨大地震,液状化｜南海トラフ巨大地震
official_export_001:108,liquefaction,多摩東部直下地震,8.625,5<PL≤15,hazard_liquefaction_250m_多摩東部直下地震,liquefaction mesh polygon intersection,13106,台東区,National,Designated,有形文化財,建造物,building_direct,東照宮社殿,液状化,多摩東部直下地震,液状化｜多摩東部直下地震
official_export_001:108,liquefaction,大正関東地震,7.7275,5<PL≤15,hazard_liquefaction_250m_大正関東地震,liquefaction mesh polygon intersection,13106,台東区,National,Designated,有形文化財,建造物,building_direct,東照宮社殿,液状化,大正関東地震,液状化｜大正関東地震
official_export_001:108,liquefaction,都心南部直下地震,8.7075,5<PL≤15,hazard_liquefaction_250m_都心南部直下地震,liquefaction mesh polygon intersection,13106,台東区,National,Designated,有形文化財,建造物,building_direct,東照宮社殿,液状化,都心南部直下地震,液状化｜都心南部直下地震
official_export_001:109,liquefaction,南海トラフ巨大地震,3.675,0<PL≤5,hazard_liquefaction_250m_南海トラフ巨大地震,liquefaction mesh polygon intersection,13106,台東区,National,Designated,有形文化財,建造物,building_direct,東照宮社殿,液状化,南海トラフ巨大地震,液状化｜南海トラフ巨大地震
official_export_001:109,liquefaction,多摩東部直下地震,8.625,5<PL≤15,hazard_liquefaction_250m_多摩東部直下地震,liquefaction mesh polygon intersection,13106,台東区,National,Designated,有形文化財,建造物,building_direct,東照宮社殿,液状化,多摩東部直下地震,液状化｜多摩東部直下地震
official_export_001:109,liquefaction,大正関東地震,7.7275,5<PL≤15,hazard_liquefaction_250m_大正関東地震,liquefaction mesh polygon intersection,13106,台東区,National,Designated,有形文化財,建造物,building_direct,東照宮社殿,液状化,大正関東地震,液状化｜大正関東地震
official_export_001:109,liquefaction,都心南部直下地震,8.7075,5<PL≤15,hazard_liquefaction_250m_都心南部直下地震,liquefaction mesh polygon intersection,13106,台東区,National,Designated,有形文化財,建造物,building_direct,東照宮社殿,液状化,都心南部直下地震,液状化｜都心南部直下地震
official_export_001:110,liquefaction,南海トラフ巨大地震,3.675,0<PL≤5,hazard_liquefaction_250m_南海トラフ巨大地震,liquefaction mesh polygon intersection,13106,台東区,National,Designated,有形文化財,建造物,building_direct,東照宮社殿,液状化,南海トラフ巨大地震,液状化｜南海トラフ巨大地震
official_export_001:110,liquefaction,多摩東部直下地震,8.625,5<PL≤15,hazard_liquefaction_250m_多摩東部直下地震,liquefaction mesh polygon intersection,13106,台東区,National,Designated,有形文化財,建造物,building_direct,東照宮社殿,液状化,多摩東部直下地震,液状化｜多摩東部直下地震
official_export_001:110,liquefaction,大正関東地震,7.7275,5<PL≤15,hazard_liquefaction_250m_大正関東地震,liquefaction mesh polygon intersection,13106,台東区,National,Designated,有形文化財,建造物,building_direct,東照宮社殿,液状化,大正関東地震,液状化｜大正関東地震
official_export_001:110,liquefaction,都心南部直下地震,8.7075,5<PL≤15,hazard_liquefaction_250m_都心南部直下地震,liquefaction mesh polygon intersection,13106,台東区,National,Designated,有形文化財,建造物,building_direct,東照宮社殿,液状化,都心南部直下地震,液状化｜都心南部直下地震
official_export_001:126,liquefaction,多摩東部直下地震,5.83,5<PL≤15,hazard_liquefaction_250m_多摩東部直下地震,liquefaction mesh polygon intersection,13106,台東区,National,Designated,有形文化財,建造物,building_direct,表慶館,液状化,多摩東部直下地震,液状化｜多摩東部直下地震
official_export_001:126,liquefaction,大正関東地震,4.71,0<PL≤5,hazard_liquefaction_250m_大正関東地震,liquefaction mesh polygon intersection,13106,台東区,National,Designated,有形文化財,建造物,building_direct,表慶館,液状化,大正関東地震,液状化｜大正関東地震
official_export_001:126,liquefaction,都心南部直下地震,5.96,5<PL≤15,hazard_liquefaction_250m_都心南部直下地震,liquefaction mesh polygon intersection,13106,台東区,National,Designated,有形文化財,建造物,building_direct,表慶館,液状化,都心南部直下地震,液状化｜都心南部直下地震
official_export_001:21,liquefaction,多摩東部直下地震,5.83,5<PL≤15,hazard_liquefaction_250m_多摩東部直下地震,liquefaction mesh polygon intersection,13106,台東区,National,Designated,有形文化財,建造物,building_direct,寛永寺旧本坊表門(黒門),液状化,多摩東部直下地震,液状化｜多摩東部直下地震
official_export_001:21,liquefaction,大正関東地震,4.71,0<PL≤5,hazard_liquefaction_250m_大正関東地震,liquefaction mesh polygon intersection,13106,台東区,National,Designated,有形文化財,建造物,building_direct,寛永寺旧本坊表門(黒門),液状化,大正関東地震,液状化｜大正関東地震
official_export_001:21,liquefaction,都心南部直下地震,5.96,5<PL≤15,hazard_liquefaction_250m_都心南部直下地震,liquefaction mesh polygon intersection,13106,台東区,National,Designated,有形文化財,建造物,building_direct,寛永寺旧本坊表門(黒門),液状化,都心南部直下地震,液状化｜都心南部直下地震
official_export_001:22,liquefaction,南海トラフ巨大地震,3.565,0<PL≤5,hazard_liquefaction_250m_南海トラフ巨大地震,liquefaction mesh polygon intersection,13106,台東区,National,Designated,有形文化財,建造物,building_direct,寛永寺清水堂,液状化,南海トラフ巨大地震,液状化｜南海トラフ巨大地震
official_export_001:22,liquefaction,多摩東部直下地震,12.175,5<PL≤15,hazard_liquefaction_250m_多摩東部直下地震,liquefaction mesh polygon intersection,13106,台東区,National,Designated,有形文化財,建造物,building_direct,寛永寺清水堂,液状化,多摩東部直下地震,液状化｜多摩東部直下地震
official_export_001:22,liquefaction,大正関東地震,10.65,5<PL≤15,hazard_liquefaction_250m_大正関東地震,liquefaction mesh polygon intersection,13106,台東区,National,Designated,有形文化財,建造物,building_direct,寛永寺清水堂,液状化,大正関東地震,液状化｜大正関東地震
official_export_001:22,liquefaction,都心南部直下地震,12.435,5<PL≤15,hazard_liquefaction_250m_都心南部直下地震,liquefaction mesh polygon intersection,13106,台東区,National,Designated,有形文化財,建造物,building_direct,寛永寺清水堂,液状化,都心南部直下地震,液状化｜都心南部直下地震
official_export_001:23,liquefaction,南海トラフ巨大地震,3.675,0<PL≤5,hazard_liquefaction_250m_南海トラフ巨大地震,liquefaction mesh polygon intersection,13106,台東区,National,Designated,有形文化財,建造物,building_direct,旧寛永寺五重塔,液状化,南海トラフ巨大地震,液状化｜南海トラフ巨大地震
official_export_001:23,liquefaction,多摩東部直下地震,8.625,5<PL≤15,hazard_liquefaction_250m_多摩東部直下地震,liquefaction mesh polygon intersection,13106,台東区,National,Designated,有形文化財,建造物,building_direct,旧寛永寺五重塔,液状化,多摩東部直下地震,液状化｜多摩東部直下地震
official_export_001:23,liquefaction,大正関東地震,7.7275,5<PL≤15,hazard_liquefaction_250m_大正関東地震,liquefaction mesh polygon intersection,13106,台東区,National,Designated,有形文化財,建造物,building_direct,旧寛永寺五重塔,液状化,大正関東地震,液状化｜大正関東地震
official_export_001:23,liquefaction,都心南部直下地震,8.7075,5<PL≤15,hazard_liquefaction_250m_都心南部直下地震,liquefaction mesh polygon intersection,13106,台東区,National,Designated,有形文化財,建造物,building_direct,旧寛永寺五重塔,液状化,都心南部直下地震,液状化｜都心南部直下地震
official_export_001:42,liquefaction,南海トラフ巨大地震,0.77,0<PL≤5,hazard_liquefaction_250m_南海トラフ巨大地震,liquefaction mesh polygon intersection,13106,台東区,National,Designated,有形文化財,建造物,building_direct,旧東京科学博物館本館,液状化,南海トラフ巨大地震,液状化｜南海トラフ巨大地震
official_export_001:42,liquefaction,多摩東部直下地震,2.73,0<PL≤5,hazard_liquefaction_250m_多摩東部直下地震,liquefaction mesh polygon intersection,13106,台東区,National,Designated,有形文化財,建造物,building_direct,旧東京科学博物館本館,液状化,多摩東部直下地震,液状化｜多摩東部直下地震
official_export_001:42,liquefaction,大正関東地震,2.385,0<PL≤5,hazard_liquefaction_250m_大正関東地震,liquefaction mesh polygon intersection,13106,台東区,National,Designated,有形文化財,建造物,building_direct,旧東京科学博物館本館,液状化,大正関東地震,液状化｜大正関東地震
official_export_001:42,liquefaction,都心南部直下地震,2.775,0<PL≤5,hazard_liquefaction_250m_都心南部直下地震,liquefaction mesh polygon intersection,13106,台東区,National,Designated,有形文化財,建造物,building_direct,旧東京科学博物館本館,液状化,都心南部直下地震,液状化｜都心南部直下地震
official_export_001:56,liquefaction,南海トラフ巨大地震,0.71,0<PL≤5,hazard_liquefaction_250m_南海トラフ巨大地震,liquefaction mesh polygon intersection,13106,台東区,National,Designated,有形文化財,建造物,building_direct,厳有院霊廟奥院,液状化,南海トラフ巨大地震,液状化｜南海トラフ巨大地震
official_export_001:56,liquefaction,多摩東部直下地震,7.403333333,5<PL≤15,hazard_liquefaction_250m_多摩東部直下地震,liquefaction mesh polygon intersection,13106,台東区,National,Designated,有形文化財,建造物,building_direct,厳有院霊廟奥院,液状化,多摩東部直下地震,液状化｜多摩東部直下地震
official_export_001:56,liquefaction,大正関東地震,4.813333333,0<PL≤5,hazard_liquefaction_250m_大正関東地震,liquefaction mesh polygon intersection,13106,台東区,National,Designated,有形文化財,建造物,building_direct,厳有院霊廟奥院,液状化,大正関東地震,液状化｜大正関東地震
official_export_001:56,liquefaction,都心南部直下地震,7.616666667,5<PL≤15,hazard_liquefaction_250m_都心南部直下地震,liquefaction mesh polygon intersection,13106,台東区,National,Designated,有形文化財,建造物,building_direct,厳有院霊廟奥院,液状化,都心南部直下地震,液状化｜都心南部直下地震
official_export_001:58,liquefaction,多摩東部直下地震,5.87,5<PL≤15,hazard_liquefaction_250m_多摩東部直下地震,liquefaction mesh polygon intersection,13106,台東区,National,Designated,有形文化財,建造物,building_direct,厳有院霊廟勅額門及び水盤舎,液状化,多摩東部直下地震,液状化｜多摩東部直下地震
official_export_001:58,liquefaction,大正関東地震,4.71,0<PL≤5,hazard_liquefaction_250m_大正関東地震,liquefaction mesh polygon intersection,13106,台東区,National,Designated,有形文化財,建造物,building_direct,厳有院霊廟勅額門及び水盤舎,液状化,大正関東地震,液状化｜大正関東地震
official_export_001:58,liquefaction,都心南部直下地震,5.97,5<PL≤15,hazard_liquefaction_250m_都心南部直下地震,liquefaction mesh polygon intersection,13106,台東区,National,Designated,有形文化財,建造物,building_direct,厳有院霊廟勅額門及び水盤舎,液状化,都心南部直下地震,液状化｜都心南部直下地震
official_export_001:59,liquefaction,多摩東部直下地震,5.87,5<PL≤15,hazard_liquefaction_250m_多摩東部直下地震,liquefaction mesh polygon intersection,13106,台東区,National,Designated,有形文化財,建造物,building_direct,厳有院霊廟勅額門及び水盤舎,液状化,多摩東部直下地震,液状化｜多摩東部直下地震
official_export_001:59,liquefaction,大正関東地震,4.71,0<PL≤5,hazard_liquefaction_250m_大正関東地震,liquefaction mesh polygon intersection,13106,台東区,National,Designated,有形文化財,建造物,building_direct,厳有院霊廟勅額門及び水盤舎,液状化,大正関東地震,液状化｜大正関東地震
official_export_001:59,liquefaction,都心南部直下地震,5.97,5<PL≤15,hazard_liquefaction_250m_都心南部直下地震,liquefaction mesh polygon intersection,13106,台東区,National,Designated,有形文化財,建造物,building_direct,厳有院霊廟勅額門及び水盤舎,液状化,都心南部直下地震,液状化｜都心南部直下地震
official_export_001:6,liquefaction,南海トラフ巨大地震,2.75,0<PL≤5,hazard_liquefaction_250m_南海トラフ巨大地震,liquefaction mesh polygon intersection,13106,台東区,National,Designated,有形文化財,建造物,building_direct,旧岩崎家住宅(東京都台東区池之端一丁目),液状化,南海トラフ巨大地震,液状化｜南海トラフ巨大地震
official_export_001:6,liquefaction,多摩東部直下地震,11.075,5<PL≤15,hazard_liquefaction_250m_多摩東部直下地震,liquefaction mesh polygon intersection,13106,台東区,National,Designated,有形文化財,建造物,building_direct,旧岩崎家住宅(東京都台東区池之端一丁目),液状化,多摩東部直下地震,液状化｜多摩東部直下地震
official_export_001:6,liquefaction,大正関東地震,9.08,5<PL≤15,hazard_liquefaction_250m_大正関東地震,liquefaction mesh polygon intersection,13106,台東区,National,Designated,有形文化財,建造物,building_direct,旧岩崎家住宅(東京都台東区池之端一丁目),液状化,大正関東地震,液状化｜大正関東地震
official_export_001:6,liquefaction,都心南部直下地震,11.25,5<PL≤15,hazard_liquefaction_250m_都心南部直下地震,liquefaction mesh polygon intersection,13106,台東区,National,Designated,有形文化財,建造物,building_direct,旧岩崎家住宅(東京都台東区池之端一丁目),液状化,都心南部直下地震,液状化｜都心南部直下地震
official_export_001:60,liquefaction,南海トラフ巨大地震,0.77,0<PL≤5,hazard_liquefaction_250m_南海トラフ巨大地震,liquefaction mesh polygon intersection,13106,台東区,National,Designated,有形文化財,建造物,building_direct,国立西洋美術館本館,液状化,南海トラフ巨大地震,液状化｜南海トラフ巨大地震
official_export_001:60,liquefaction,多摩東部直下地震,2.73,0<PL≤5,hazard_liquefaction_250m_多摩東部直下地震,liquefaction mesh polygon intersection,13106,台東区,National,Designated,有形文化財,建造物,building_direct,国立西洋美術館本館,液状化,多摩東部直下地震,液状化｜多摩東部直下地震
official_export_001:60,liquefaction,大正関東地震,2.385,0<PL≤5,hazard_liquefaction_250m_大正関東地震,liquefaction mesh polygon intersection,13106,台東区,National,Designated,有形文化財,建造物,building_direct,国立西洋美術館本館,液状化,大正関東地震,液状化｜大正関東地震
official_export_001:60,liquefaction,都心南部直下地震,2.775,0<PL≤5,hazard_liquefaction_250m_都心南部直下地震,liquefaction mesh polygon intersection,13106,台東区,National,Designated,有形文化財,建造物,building_direct,国立西洋美術館本館,液状化,都心南部直下地震,液状化｜都心南部直下地震
official_export_001:7,liquefaction,南海トラフ巨大地震,2.75,0<PL≤5,hazard_liquefaction_250m_南海トラフ巨大地震,liquefaction mesh polygon intersection,13106,台東区,National,Designated,有形文化財,建造物,building_direct,旧岩崎家住宅(東京都台東区池之端一丁目),液状化,南海トラフ巨大地震,液状化｜南海トラフ巨大地震
official_export_001:7,liquefaction,多摩東部直下地震,11.075,5<PL≤15,hazard_liquefaction_250m_多摩東部直下地震,liquefaction mesh polygon intersection,13106,台東区,National,Designated,有形文化財,建造物,building_direct,旧岩崎家住宅(東京都台東区池之端一丁目),液状化,多摩東部直下地震,液状化｜多摩東部直下地震
official_export_001:7,liquefaction,大正関東地震,9.08,5<PL≤15,hazard_liquefaction_250m_大正関東地震,liquefaction mesh polygon intersection,13106,台東区,National,Designated,有形文化財,建造物,building_direct,旧岩崎家住宅(東京都台東区池之端一丁目),液状化,大正関東地震,液状化｜大正関東地震
official_export_001:7,liquefaction,都心南部直下地震,11.25,5<PL≤15,hazard_liquefaction_250m_都心南部直下地震,liquefaction mesh polygon intersection,13106,台東区,National,Designated,有形文化財,建造物,building_direct,旧岩崎家住宅(東京都台東区池之端一丁目),液状化,都心南部直下地震,液状化｜都心南部直下地震
official_export_001:74,liquefaction,南海トラフ巨大地震,0.71,0<PL≤5,hazard_liquefaction_250m_南海トラフ巨大地震,liquefaction mesh polygon intersection,13106,台東区,National,Designated,有形文化財,建造物,building_direct,常憲院霊廟奥院,液状化,南海トラフ巨大地震,液状化｜南海トラフ巨大地震
official_export_001:74,liquefaction,多摩東部直下地震,7.403333333,5<PL≤15,hazard_liquefaction_250m_多摩東部直下地震,liquefaction mesh polygon intersection,13106,台東区,National,Designated,有形文化財,建造物,building_direct,常憲院霊廟奥院,液状化,多摩東部直下地震,液状化｜多摩東部直下地震
official_export_001:74,liquefaction,大正関東地震,4.813333333,0<PL≤5,hazard_liquefaction_250m_大正関東地震,liquefaction mesh polygon intersection,13106,台東区,National,Designated,有形文化財,建造物,building_direct,常憲院霊廟奥院,液状化,大正関東地震,液状化｜大正関東地震
official_export_001:74,liquefaction,都心南部直下地震,7.616666667,5<PL≤15,hazard_liquefaction_250m_都心南部直下地震,liquefaction mesh polygon intersection,13106,台東区,National,Designated,有形文化財,建造物,building_direct,常憲院霊廟奥院,液状化,都心南部直下地震,液状化｜都心南部直下地震
official_export_001:76,liquefaction,南海トラフ巨大地震,0.71,0<PL≤5,hazard_liquefaction_250m_南海トラフ巨大地震,liquefaction mesh polygon intersection,13106,台東区,National,Designated,有形文化財,建造物,building_direct,常憲院霊廟勅額門及び水盤舎,液状化,南海トラフ巨大地震,液状化｜南海トラフ巨大地震
official_export_001:76,liquefaction,多摩東部直下地震,7.403333333,5<PL≤15,hazard_liquefaction_250m_多摩東部直下地震,liquefaction mesh polygon intersection,13106,台東区,National,Designated,有形文化財,建造物,building_direct,常憲院霊廟勅額門及び水盤舎,液状化,多摩東部直下地震,液状化｜多摩東部直下地震
official_export_001:76,liquefaction,大正関東地震,4.813333333,0<PL≤5,hazard_liquefaction_250m_大正関東地震,liquefaction mesh polygon intersection,13106,台東区,National,Designated,有形文化財,建造物,building_direct,常憲院霊廟勅額門及び水盤舎,液状化,大正関東地震,液状化｜大正関東地震
official_export_001:76,liquefaction,都心南部直下地震,7.616666667,5<PL≤15,hazard_liquefaction_250m_都心南部直下地震,liquefaction mesh polygon intersection,13106,台東区,National,Designated,有形文化財,建造物,building_direct,常憲院霊廟勅額門及び水盤舎,液状化,都心南部直下地震,液状化｜都心南部直下地震
official_export_001:77,liquefaction,南海トラフ巨大地震,0.71,0<PL≤5,hazard_liquefaction_250m_南海トラフ巨大地震,liquefaction mesh polygon intersection,13106,台東区,National,Designated,有形文化財,建造物,building_direct,常憲院霊廟勅額門及び水盤舎,液状化,南海トラフ巨大地震,液状化｜南海トラフ巨大地震
official_export_001:77,liquefaction,多摩東部直下地震,7.403333333,5<PL≤15,hazard_liquefaction_250m_多摩東部直下地震,liquefaction mesh polygon intersection,13106,台東区,National,Designated,有形文化財,建造物,building_direct,常憲院霊廟勅額門及び水盤舎,液状化,多摩東部直下地震,液状化｜多摩東部直下地震
official_export_001:77,liquefaction,大正関東地震,4.813333333,0<PL≤5,hazard_liquefaction_250m_大正関東地震,liquefaction mesh polygon intersection,13106,台東区,National,Designated,有形文化財,建造物,building_direct,常憲院霊廟勅額門及び水盤舎,液状化,大正関東地震,液状化｜大正関東地震
official_export_001:77,liquefaction,都心南部直下地震,7.616666667,5<PL≤15,hazard_liquefaction_250m_都心南部直下地震,liquefaction mesh polygon intersection,13106,台東区,National,Designated,有形文化財,建造物,building_direct,常憲院霊廟勅額門及び水盤舎,液状化,都心南部直下地震,液状化｜都心南部直下地震
official_export_001:8,liquefaction,南海トラフ巨大地震,2.75,0<PL≤5,hazard_liquefaction_250m_南海トラフ巨大地震,liquefaction mesh polygon intersection,13106,台東区,National,Designated,有形文化財,建造物,building_direct,旧岩崎家住宅(東京都台東区池之端一丁目),液状化,南海トラフ巨大地震,液状化｜南海トラフ巨大地震
official_export_001:8,liquefaction,多摩東部直下地震,11.075,5<PL≤15,hazard_liquefaction_250m_多摩東部直下地震,liquefaction mesh polygon intersection,13106,台東区,National,Designated,有形文化財,建造物,building_direct,旧岩崎家住宅(東京都台東区池之端一丁目),液状化,多摩東部直下地震,液状化｜多摩東部直下地震
official_export_001:8,liquefaction,大正関東地震,9.08,5<PL≤15,hazard_liquefaction_250m_大正関東地震,liquefaction mesh polygon intersection,13106,台東区,National,Designated,有形文化財,建造物,building_direct,旧岩崎家住宅(東京都台東区池之端一丁目),液状化,大正関東地震,液状化｜大正関東地震
official_export_001:8,liquefaction,都心南部直下地震,11.25,5<PL≤15,hazard_liquefaction_250m_都心南部直下地震,liquefaction mesh polygon intersection,13106,台東区,National,Designated,有形文化財,建造物,building_direct,旧岩崎家住宅(東京都台東区池之端一丁目),液状化,都心南部直下地震,液状化｜都心南部直下地震
official_export_001:85,liquefaction,南海トラフ巨大地震,4.1652,0<PL≤5,hazard_liquefaction_250m_南海トラフ巨大地震,liquefaction mesh polygon intersection,13106,台東区,National,Designated,有形文化財,建造物,building_direct,浅草寺伝法院,液状化,南海トラフ巨大地震,液状化｜南海トラフ巨大地震
official_export_001:85,liquefaction,多摩東部直下地震,23.8668,PL>15,hazard_liquefaction_250m_多摩東部直下地震,liquefaction mesh polygon intersection,13106,台東区,National,Designated,有形文化財,建造物,building_direct,浅草寺伝法院,液状化,多摩東部直下地震,液状化｜多摩東部直下地震
official_export_001:85,liquefaction,大正関東地震,19.768,PL>15,hazard_liquefaction_250m_大正関東地震,liquefaction mesh polygon intersection,13106,台東区,National,Designated,有形文化財,建造物,building_direct,浅草寺伝法院,液状化,大正関東地震,液状化｜大正関東地震
official_export_001:85,liquefaction,都心南部直下地震,23.6736,PL>15,hazard_liquefaction_250m_都心南部直下地震,liquefaction mesh polygon intersection,13106,台東区,National,Designated,有形文化財,建造物,building_direct,浅草寺伝法院,液状化,都心南部直下地震,液状化｜都心南部直下地震
official_export_001:86,liquefaction,南海トラフ巨大地震,4.1652,0<PL≤5,hazard_liquefaction_250m_南海トラフ巨大地震,liquefaction mesh polygon intersection,13106,台東区,National,Designated,有形文化財,建造物,building_direct,浅草寺伝法院,液状化,南海トラフ巨大地震,液状化｜南海トラフ巨大地震
official_export_001:86,liquefaction,多摩東部直下地震,23.8668,PL>15,hazard_liquefaction_250m_多摩東部直下地震,liquefaction mesh polygon intersection,13106,台東区,National,Designated,有形文化財,建造物,building_direct,浅草寺伝法院,液状化,多摩東部直下地震,液状化｜多摩東部直下地震
official_export_001:86,liquefaction,大正関東地震,19.768,PL>15,hazard_liquefaction_250m_大正関東地震,liquefaction mesh polygon intersection,13106,台東区,National,Designated,有形文化財,建造物,building_direct,浅草寺伝法院,液状化,大正関東地震,液状化｜大正関東地震
official_export_001:86,liquefaction,都心南部直下地震,23.6736,PL>15,hazard_liquefaction_250m_都心南部直下地震,liquefaction mesh polygon intersection,13106,台東区,National,Designated,有形文化財,建造物,building_direct,浅草寺伝法院,液状化,都心南部直下地震,液状化｜都心南部直下地震
official_export_001:87,liquefaction,南海トラフ巨大地震,4.1652,0<PL≤5,hazard_liquefaction_250m_南海トラフ巨大地震,liquefaction mesh polygon intersection,13106,台東区,National,Designated,有形文化財,建造物,building_direct,浅草寺伝法院,液状化,南海トラフ巨大地震,液状化｜南海トラフ巨大地震
official_export_001:87,liquefaction,多摩東部直下地震,23.8668,PL>15,hazard_liquefaction_250m_多摩東部直下地震,liquefaction mesh polygon intersection,13106,台東区,National,Designated,有形文化財,建造物,building_direct,浅草寺伝法院,液状化,多摩東部直下地震,液状化｜多摩東部直下地震
official_export_001:87,liquefaction,大正関東地震,19.768,PL>15,hazard_liquefaction_250m_大正関東地震,liquefaction mesh polygon intersection,13106,台東区,National,Designated,有形文化財,建造物,building_direct,浅草寺伝法院,液状化,大正関東地震,液状化｜大正関東地震
official_export_001:87,liquefaction,都心南部直下地震,23.6736,PL>15,hazard_liquefaction_250m_都心南部直下地震,liquefaction mesh polygon intersection,13106,台東区,National,Designated,有形文化財,建造物,building_direct,浅草寺伝法院,液状化,都心南部直下地震,液状化｜都心南部直下地震
official_export_001:88,liquefaction,南海トラフ巨大地震,4.1652,0<PL≤5,hazard_liquefaction_250m_南海トラフ巨大地震,liquefaction mesh polygon intersection,13106,台東区,National,Designated,有形文化財,建造物,building_direct,浅草寺伝法院,液状化,南海トラフ巨大地震,液状化｜南海トラフ巨大地震
official_export_001:88,liquefaction,多摩東部直下地震,23.8668,PL>15,hazard_liquefaction_250m_多摩東部直下地震,liquefaction mesh polygon intersection,13106,台東区,National,Designated,有形文化財,建造物,building_direct,浅草寺伝法院,液状化,多摩東部直下地震,液状化｜多摩東部直下地震
official_export_001:88,liquefaction,大正関東地震,19.768,PL>15,hazard_liquefaction_250m_大正関東地震,liquefaction mesh polygon intersection,13106,台東区,National,Designated,有形文化財,建造物,building_direct,浅草寺伝法院,液状化,大正関東地震,液状化｜大正関東地震
official_export_001:88,liquefaction,都心南部直下地震,23.6736,PL>15,hazard_liquefaction_250m_都心南部直下地震,liquefaction mesh polygon intersection,13106,台東区,National,Designated,有形文化財,建造物,building_direct,浅草寺伝法院,液状化,都心南部直下地震,液状化｜都心南部直下地震
official_export_001:89,liquefaction,南海トラフ巨大地震,4.1652,0<PL≤5,hazard_liquefaction_250m_南海トラフ巨大地震,liquefaction mesh polygon intersection,13106,台東区,National,Designated,有形文化財,建造物,building_direct,浅草寺伝法院,液状化,南海トラフ巨大地震,液状化｜南海トラフ巨大地震
official_export_001:89,liquefaction,多摩東部直下地震,23.8668,PL>15,hazard_liquefaction_250m_多摩東部直下地震,liquefaction mesh polygon intersection,13106,台東区,National,Designated,有形文化財,建造物,building_direct,浅草寺伝法院,液状化,多摩東部直下地震,液状化｜多摩東部直下地震
official_export_001:89,liquefaction,大正関東地震,19.768,PL>15,hazard_liquefaction_250m_大正関東地震,liquefaction mesh polygon intersection,13106,台東区,National,Designated,有形文化財,建造物,building_direct,浅草寺伝法院,液状化,大正関東地震,液状化｜大正関東地震
official_export_001:89,liquefaction,都心南部直下地震,23.6736,PL>15,hazard_liquefaction_250m_都心南部直下地震,liquefaction mesh polygon intersection,13106,台東区,National,Designated,有形文化財,建造物,building_direct,浅草寺伝法院,液状化,都心南部直下地震,液状化｜都心南部直下地震
official_export_001:90,liquefaction,南海トラフ巨大地震,4.1652,0<PL≤5,hazard_liquefaction_250m_南海トラフ巨大地震,liquefaction mesh polygon intersection,13106,台東区,National,Designated,有形文化財,建造物,building_direct,浅草寺伝法院,液状化,南海トラフ巨大地震,液状化｜南海トラフ巨大地震
official_export_001:90,liquefaction,多摩東部直下地震,23.8668,PL>15,hazard_liquefaction_250m_多摩東部直下地震,liquefaction mesh polygon intersection,13106,台東区,National,Designated,有形文化財,建造物,building_direct,浅草寺伝法院,液状化,多摩東部直下地震,液状化｜多摩東部直下地震
official_export_001:90,liquefaction,大正関東地震,19.768,PL>15,hazard_liquefaction_250m_大正関東地震,liquefaction mesh polygon intersection,13106,台東区,National,Designated,有形文化財,建造物,building_direct,浅草寺伝法院,液状化,大正関東地震,液状化｜大正関東地震
official_export_001:90,liquefaction,都心南部直下地震,23.6736,PL>15,hazard_liquefaction_250m_都心南部直下地震,liquefaction mesh polygon intersection,13106,台東区,National,Designated,有形文化財,建造物,building_direct,浅草寺伝法院,液状化,都心南部直下地震,液状化｜都心南部直下地震
official_export_001:91,liquefaction,南海トラフ巨大地震,2.0344,0<PL≤5,hazard_liquefaction_250m_南海トラフ巨大地震,liquefaction mesh polygon intersection,13106,台東区,National,Designated,有形文化財,建造物,building_direct,浅草寺二天門,液状化,南海トラフ巨大地震,液状化｜南海トラフ巨大地震
official_export_001:91,liquefaction,多摩東部直下地震,23.4996,PL>15,hazard_liquefaction_250m_多摩東部直下地震,liquefaction mesh polygon intersection,13106,台東区,National,Designated,有形文化財,建造物,building_direct,浅草寺二天門,液状化,多摩東部直下地震,液状化｜多摩東部直下地震
official_export_001:91,liquefaction,大正関東地震,19.1772,PL>15,hazard_liquefaction_250m_大正関東地震,liquefaction mesh polygon intersection,13106,台東区,National,Designated,有形文化財,建造物,building_direct,浅草寺二天門,液状化,大正関東地震,液状化｜大正関東地震
official_export_001:91,liquefaction,都心南部直下地震,23.4808,PL>15,hazard_liquefaction_250m_都心南部直下地震,liquefaction mesh polygon intersection,13106,台東区,National,Designated,有形文化財,建造物,building_direct,浅草寺二天門,液状化,都心南部直下地震,液状化｜都心南部直下地震
official_export_002:107,liquefaction,南海トラフ巨大地震,2.9924,0<PL≤5,hazard_liquefaction_250m_南海トラフ巨大地震,liquefaction mesh polygon intersection,13106,台東区,National,Registered,有形文化財,建造物,building_direct,神谷バー本館,液状化,南海トラフ巨大地震,液状化｜南海トラフ巨大地震
official_export_002:107,liquefaction,多摩東部直下地震,18.9156,PL>15,hazard_liquefaction_250m_多摩東部直下地震,liquefaction mesh polygon intersection,13106,台東区,National,Registered,有形文化財,建造物,building_direct,神谷バー本館,液状化,多摩東部直下地震,液状化｜多摩東部直下地震
official_export_002:107,liquefaction,大正関東地震,14.9528,5<PL≤15,hazard_liquefaction_250m_大正関東地震,liquefaction mesh polygon intersection,13106,台東区,National,Registered,有形文化財,建造物,building_direct,神谷バー本館,液状化,大正関東地震,液状化｜大正関東地震
official_export_002:107,liquefaction,都心南部直下地震,18.8736,PL>15,hazard_liquefaction_250m_都心南部直下地震,liquefaction mesh polygon intersection,13106,台東区,National,Registered,有形文化財,建造物,building_direct,神谷バー本館,液状化,都心南部直下地震,液状化｜都心南部直下地震
official_export_002:113,liquefaction,南海トラフ巨大地震,1.432727273,0<PL≤5,hazard_liquefaction_250m_南海トラフ巨大地震,liquefaction mesh polygon intersection,13106,台東区,National,Registered,有形文化財,建造物,building_direct,寛永寺護国院庫裏,液状化,南海トラフ巨大地震,液状化｜南海トラフ巨大地震
official_export_002:113,liquefaction,多摩東部直下地震,2.944545455,0<PL≤5,hazard_liquefaction_250m_多摩東部直下地震,liquefaction mesh polygon intersection,13106,台東区,National,Registered,有形文化財,建造物,building_direct,寛永寺護国院庫裏,液状化,多摩東部直下地震,液状化｜多摩東部直下地震
official_export_002:113,liquefaction,大正関東地震,2.656363636,0<PL≤5,hazard_liquefaction_250m_大正関東地震,liquefaction mesh polygon intersection,13106,台東区,National,Registered,有形文化財,建造物,building_direct,寛永寺護国院庫裏,液状化,大正関東地震,液状化｜大正関東地震
official_export_002:113,liquefaction,都心南部直下地震,2.99,0<PL≤5,hazard_liquefaction_250m_都心南部直下地震,liquefaction mesh polygon intersection,13106,台東区,National,Registered,有形文化財,建造物,building_direct,寛永寺護国院庫裏,液状化,都心南部直下地震,液状化｜都心南部直下地震
official_export_002:132,liquefaction,南海トラフ巨大地震,4.3188,0<PL≤5,hazard_liquefaction_250m_南海トラフ巨大地震,liquefaction mesh polygon intersection,13106,台東区,National,Registered,有形文化財,建造物,building_direct,ギャラリー・エフ蔵(株式会社淵川金属事務所),液状化,南海トラフ巨大地震,液状化｜南海トラフ巨大地震
official_export_002:132,liquefaction,多摩東部直下地震,18.4816,PL>15,hazard_liquefaction_250m_多摩東部直下地震,liquefaction mesh polygon intersection,13106,台東区,National,Registered,有形文化財,建造物,building_direct,ギャラリー・エフ蔵(株式会社淵川金属事務所),液状化,多摩東部直下地震,液状化｜多摩東部直下地震
official_export_002:132,liquefaction,大正関東地震,16.3212,PL>15,hazard_liquefaction_250m_大正関東地震,liquefaction mesh polygon intersection,13106,台東区,National,Registered,有形文化財,建造物,building_direct,ギャラリー・エフ蔵(株式会社淵川金属事務所),液状化,大正関東地震,液状化｜大正関東地震
official_export_002:132,liquefaction,都心南部直下地震,18.4824,PL>15,hazard_liquefaction_250m_都心南部直下地震,liquefaction mesh polygon intersection,13106,台東区,National,Registered,有形文化財,建造物,building_direct,ギャラリー・エフ蔵(株式会社淵川金属事務所),液状化,都心南部直下地震,液状化｜都心南部直下地震
official_export_002:139,liquefaction,南海トラフ巨大地震,3.5776,0<PL≤5,hazard_liquefaction_250m_南海トラフ巨大地震,liquefaction mesh polygon intersection,13106,台東区,National,Registered,有形文化財,建造物,building_direct,旧井阪屋本店河合ビル,液状化,南海トラフ巨大地震,液状化｜南海トラフ巨大地震
official_export_002:139,liquefaction,多摩東部直下地震,19.7676,PL>15,hazard_liquefaction_250m_多摩東部直下地震,liquefaction mesh polygon intersection,13106,台東区,National,Registered,有形文化財,建造物,building_direct,旧井阪屋本店河合ビル,液状化,多摩東部直下地震,液状化｜多摩東部直下地震
official_export_002:139,liquefaction,大正関東地震,17.0308,PL>15,hazard_liquefaction_250m_大正関東地震,liquefaction mesh polygon intersection,13106,台東区,National,Registered,有形文化財,建造物,building_direct,旧井阪屋本店河合ビル,液状化,大正関東地震,液状化｜大正関東地震
official_export_002:139,liquefaction,都心南部直下地震,19.872,PL>15,hazard_liquefaction_250m_都心南部直下地震,liquefaction mesh polygon intersection,13106,台東区,National,Registered,有形文化財,建造物,building_direct,旧井阪屋本店河合ビル,液状化,都心南部直下地震,液状化｜都心南部直下地震
official_export_002:140,liquefaction,南海トラフ巨大地震,1.9396,0<PL≤5,hazard_liquefaction_250m_南海トラフ巨大地震,liquefaction mesh polygon intersection,13106,台東区,National,Registered,有形文化財,建造物,building_direct,旧井阪屋本店河合ビル稲荷社,液状化,南海トラフ巨大地震,液状化｜南海トラフ巨大地震
official_export_002:140,liquefaction,多摩東部直下地震,7.4948,5<PL≤15,hazard_liquefaction_250m_多摩東部直下地震,liquefaction mesh polygon intersection,13106,台東区,National,Registered,有形文化財,建造物,building_direct,旧井阪屋本店河合ビル稲荷社,液状化,多摩東部直下地震,液状化｜多摩東部直下地震
official_export_002:140,liquefaction,大正関東地震,6.28,5<PL≤15,hazard_liquefaction_250m_大正関東地震,liquefaction mesh polygon intersection,13106,台東区,National,Registered,有形文化財,建造物,building_direct,旧井阪屋本店河合ビル稲荷社,液状化,大正関東地震,液状化｜大正関東地震
official_export_002:140,liquefaction,都心南部直下地震,7.6516,5<PL≤15,hazard_liquefaction_250m_都心南部直下地震,liquefaction mesh polygon intersection,13106,台東区,National,Registered,有形文化財,建造物,building_direct,旧井阪屋本店河合ビル稲荷社,液状化,都心南部直下地震,液状化｜都心南部直下地震
official_export_002:144,liquefaction,南海トラフ巨大地震,0.101428571,0<PL≤5,hazard_liquefaction_250m_南海トラフ巨大地震,liquefaction mesh polygon intersection,13106,台東区,National,Registered,有形文化財,建造物,building_direct,旧柏湯,液状化,南海トラフ巨大地震,液状化｜南海トラフ巨大地震
official_export_002:144,liquefaction,多摩東部直下地震,0.935714286,0<PL≤5,hazard_liquefaction_250m_多摩東部直下地震,liquefaction mesh polygon intersection,13106,台東区,National,Registered,有形文化財,建造物,building_direct,旧柏湯,液状化,多摩東部直下地震,液状化｜多摩東部直下地震
official_export_002:144,liquefaction,大正関東地震,0.75,0<PL≤5,hazard_liquefaction_250m_大正関東地震,liquefaction mesh polygon intersection,13106,台東区,National,Registered,有形文化財,建造物,building_direct,旧柏湯,液状化,大正関東地震,液状化｜大正関東地震
official_export_002:144,liquefaction,都心南部直下地震,0.957142857,0<PL≤5,hazard_liquefaction_250m_都心南部直下地震,liquefaction mesh polygon intersection,13106,台東区,National,Registered,有形文化財,建造物,building_direct,旧柏湯,液状化,都心南部直下地震,液状化｜都心南部直下地震
official_export_002:147,liquefaction,南海トラフ巨大地震,0.101428571,0<PL≤5,hazard_liquefaction_250m_南海トラフ巨大地震,liquefaction mesh polygon intersection,13106,台東区,National,Registered,有形文化財,建造物,building_direct,旧川嶋屋米倉庫,液状化,南海トラフ巨大地震,液状化｜南海トラフ巨大地震
official_export_002:147,liquefaction,多摩東部直下地震,0.935714286,0<PL≤5,hazard_liquefaction_250m_多摩東部直下地震,liquefaction mesh polygon intersection,13106,台東区,National,Registered,有形文化財,建造物,building_direct,旧川嶋屋米倉庫,液状化,多摩東部直下地震,液状化｜多摩東部直下地震
official_export_002:147,liquefaction,大正関東地震,0.75,0<PL≤5,hazard_liquefaction_250m_大正関東地震,liquefaction mesh polygon intersection,13106,台東区,National,Registered,有形文化財,建造物,building_direct,旧川嶋屋米倉庫,液状化,大正関東地震,液状化｜大正関東地震
official_export_002:147,liquefaction,都心南部直下地震,0.957142857,0<PL≤5,hazard_liquefaction_250m_都心南部直下地震,liquefaction mesh polygon intersection,13106,台東区,National,Registered,有形文化財,建造物,building_direct,旧川嶋屋米倉庫,液状化,都心南部直下地震,液状化｜都心南部直下地震
official_export_002:148,liquefaction,南海トラフ巨大地震,0.101428571,0<PL≤5,hazard_liquefaction_250m_南海トラフ巨大地震,liquefaction mesh polygon intersection,13106,台東区,National,Registered,有形文化財,建造物,building_direct,旧川嶋屋店舗兼住居,液状化,南海トラフ巨大地震,液状化｜南海トラフ巨大地震
official_export_002:148,liquefaction,多摩東部直下地震,0.935714286,0<PL≤5,hazard_liquefaction_250m_多摩東部直下地震,liquefaction mesh polygon intersection,13106,台東区,National,Registered,有形文化財,建造物,building_direct,旧川嶋屋店舗兼住居,液状化,多摩東部直下地震,液状化｜多摩東部直下地震
official_export_002:148,liquefaction,大正関東地震,0.75,0<PL≤5,hazard_liquefaction_250m_大正関東地震,liquefaction mesh polygon intersection,13106,台東区,National,Registered,有形文化財,建造物,building_direct,旧川嶋屋店舗兼住居,液状化,大正関東地震,液状化｜大正関東地震
official_export_002:148,liquefaction,都心南部直下地震,0.957142857,0<PL≤5,hazard_liquefaction_250m_都心南部直下地震,liquefaction mesh polygon intersection,13106,台東区,National,Registered,有形文化財,建造物,building_direct,旧川嶋屋店舗兼住居,液状化,都心南部直下地震,液状化｜都心南部直下地震
official_export_002:195,liquefaction,南海トラフ巨大地震,0.6292,0<PL≤5,hazard_liquefaction_250m_南海トラフ巨大地震,liquefaction mesh polygon intersection,13106,台東区,National,Registered,有形文化財,建造物,building_direct,教證寺客殿,液状化,南海トラフ巨大地震,液状化｜南海トラフ巨大地震
official_export_002:195,liquefaction,多摩東部直下地震,4.9676,0<PL≤5,hazard_liquefaction_250m_多摩東部直下地震,liquefaction mesh polygon intersection,13106,台東区,National,Registered,有形文化財,建造物,building_direct,教證寺客殿,液状化,多摩東部直下地震,液状化｜多摩東部直下地震
official_export_002:195,liquefaction,大正関東地震,3.8972,0<PL≤5,hazard_liquefaction_250m_大正関東地震,liquefaction mesh polygon intersection,13106,台東区,National,Registered,有形文化財,建造物,building_direct,教證寺客殿,液状化,大正関東地震,液状化｜大正関東地震
official_export_002:195,liquefaction,都心南部直下地震,5.0236,5<PL≤15,hazard_liquefaction_250m_都心南部直下地震,liquefaction mesh polygon intersection,13106,台東区,National,Registered,有形文化財,建造物,building_direct,教證寺客殿,液状化,都心南部直下地震,液状化｜都心南部直下地震
official_export_002:196,liquefaction,南海トラフ巨大地震,0.6292,0<PL≤5,hazard_liquefaction_250m_南海トラフ巨大地震,liquefaction mesh polygon intersection,13106,台東区,National,Registered,有形文化財,建造物,building_direct,教證寺本堂,液状化,南海トラフ巨大地震,液状化｜南海トラフ巨大地震
official_export_002:196,liquefaction,多摩東部直下地震,4.9676,0<PL≤5,hazard_liquefaction_250m_多摩東部直下地震,liquefaction mesh polygon intersection,13106,台東区,National,Registered,有形文化財,建造物,building_direct,教證寺本堂,液状化,多摩東部直下地震,液状化｜多摩東部直下地震
official_export_002:196,liquefaction,大正関東地震,3.8972,0<PL≤5,hazard_liquefaction_250m_大正関東地震,liquefaction mesh polygon intersection,13106,台東区,National,Registered,有形文化財,建造物,building_direct,教證寺本堂,液状化,大正関東地震,液状化｜大正関東地震
official_export_002:196,liquefaction,都心南部直下地震,5.0236,5<PL≤15,hazard_liquefaction_250m_都心南部直下地震,liquefaction mesh polygon intersection,13106,台東区,National,Registered,有形文化財,建造物,building_direct,教證寺本堂,液状化,都心南部直下地震,液状化｜都心南部直下地震
official_export_002:205,liquefaction,南海トラフ巨大地震,0.6292,0<PL≤5,hazard_liquefaction_250m_南海トラフ巨大地震,liquefaction mesh polygon intersection,13106,台東区,National,Registered,有形文化財,建造物,building_direct,黒沢ビル,液状化,南海トラフ巨大地震,液状化｜南海トラフ巨大地震
official_export_002:205,liquefaction,多摩東部直下地震,4.9676,0<PL≤5,hazard_liquefaction_250m_多摩東部直下地震,liquefaction mesh polygon intersection,13106,台東区,National,Registered,有形文化財,建造物,building_direct,黒沢ビル,液状化,多摩東部直下地震,液状化｜多摩東部直下地震
official_export_002:205,liquefaction,大正関東地震,3.8972,0<PL≤5,hazard_liquefaction_250m_大正関東地震,liquefaction mesh polygon intersection,13106,台東区,National,Registered,有形文化財,建造物,building_direct,黒沢ビル,液状化,大正関東地震,液状化｜大正関東地震
official_export_002:205,liquefaction,都心南部直下地震,5.0236,5<PL≤15,hazard_liquefaction_250m_都心南部直下地震,liquefaction mesh polygon intersection,13106,台東区,National,Registered,有形文化財,建造物,building_direct,黒沢ビル,液状化,都心南部直下地震,液状化｜都心南部直下地震
official_export_002:243,liquefaction,南海トラフ巨大地震,0.8152,0<PL≤5,hazard_liquefaction_250m_南海トラフ巨大地震,liquefaction mesh polygon intersection,13106,台東区,National,Registered,有形文化財,建造物,building_direct,西徳寺本堂,液状化,南海トラフ巨大地震,液状化｜南海トラフ巨大地震
official_export_002:243,liquefaction,多摩東部直下地震,4.7556,0<PL≤5,hazard_liquefaction_250m_多摩東部直下地震,liquefaction mesh polygon intersection,13106,台東区,National,Registered,有形文化財,建造物,building_direct,西徳寺本堂,液状化,多摩東部直下地震,液状化｜多摩東部直下地震
official_export_002:243,liquefaction,大正関東地震,3.8336,0<PL≤5,hazard_liquefaction_250m_大正関東地震,liquefaction mesh polygon intersection,13106,台東区,National,Registered,有形文化財,建造物,building_direct,西徳寺本堂,液状化,大正関東地震,液状化｜大正関東地震
official_export_002:243,liquefaction,都心南部直下地震,4.8848,0<PL≤5,hazard_liquefaction_250m_都心南部直下地震,liquefaction mesh polygon intersection,13106,台東区,National,Registered,有形文化財,建造物,building_direct,西徳寺本堂,液状化,都心南部直下地震,液状化｜都心南部直下地震
official_export_002:28,liquefaction,南海トラフ巨大地震,5.294,5<PL≤15,hazard_liquefaction_250m_南海トラフ巨大地震,liquefaction mesh polygon intersection,13106,台東区,National,Registered,有形文化財,建造物,building_direct,伊勢屋店舗兼主屋,液状化,南海トラフ巨大地震,液状化｜南海トラフ巨大地震
official_export_002:28,liquefaction,多摩東部直下地震,10.0068,5<PL≤15,hazard_liquefaction_250m_多摩東部直下地震,liquefaction mesh polygon intersection,13106,台東区,National,Registered,有形文化財,建造物,building_direct,伊勢屋店舗兼主屋,液状化,多摩東部直下地震,液状化｜多摩東部直下地震
official_export_002:28,liquefaction,大正関東地震,9.2972,5<PL≤15,hazard_liquefaction_250m_大正関東地震,liquefaction mesh polygon intersection,13106,台東区,National,Registered,有形文化財,建造物,building_direct,伊勢屋店舗兼主屋,液状化,大正関東地震,液状化｜大正関東地震
official_export_002:28,liquefaction,都心南部直下地震,10.2384,5<PL≤15,hazard_liquefaction_250m_都心南部直下地震,liquefaction mesh polygon intersection,13106,台東区,National,Registered,有形文化財,建造物,building_direct,伊勢屋店舗兼主屋,液状化,都心南部直下地震,液状化｜都心南部直下地震
official_export_002:282,liquefaction,南海トラフ巨大地震,4.8628,0<PL≤5,hazard_liquefaction_250m_南海トラフ巨大地震,liquefaction mesh polygon intersection,13106,台東区,National,Registered,有形文化財,建造物,building_direct,タイガービルヂング,液状化,南海トラフ巨大地震,液状化｜南海トラフ巨大地震
official_export_002:282,liquefaction,多摩東部直下地震,8.5024,5<PL≤15,hazard_liquefaction_250m_多摩東部直下地震,liquefaction mesh polygon intersection,13106,台東区,National,Registered,有形文化財,建造物,building_direct,タイガービルヂング,液状化,多摩東部直下地震,液状化｜多摩東部直下地震
official_export_002:282,liquefaction,大正関東地震,7.9896,5<PL≤15,hazard_liquefaction_250m_大正関東地震,liquefaction mesh polygon intersection,13106,台東区,National,Registered,有形文化財,建造物,building_direct,タイガービルヂング,液状化,大正関東地震,液状化｜大正関東地震
official_export_002:282,liquefaction,都心南部直下地震,8.646,5<PL≤15,hazard_liquefaction_250m_都心南部直下地震,liquefaction mesh polygon intersection,13106,台東区,National,Registered,有形文化財,建造物,building_direct,タイガービルヂング,液状化,都心南部直下地震,液状化｜都心南部直下地震
official_export_002:29,liquefaction,南海トラフ巨大地震,1.432727273,0<PL≤5,hazard_liquefaction_250m_南海トラフ巨大地震,liquefaction mesh polygon intersection,13106,台東区,National,Registered,有形文化財,建造物,building_direct,市田家住宅裏門,液状化,南海トラフ巨大地震,液状化｜南海トラフ巨大地震
official_export_002:29,liquefaction,多摩東部直下地震,2.944545455,0<PL≤5,hazard_liquefaction_250m_多摩東部直下地震,liquefaction mesh polygon intersection,13106,台東区,National,Registered,有形文化財,建造物,building_direct,市田家住宅裏門,液状化,多摩東部直下地震,液状化｜多摩東部直下地震
official_export_002:29,liquefaction,大正関東地震,2.656363636,0<PL≤5,hazard_liquefaction_250m_大正関東地震,liquefaction mesh polygon intersection,13106,台東区,National,Registered,有形文化財,建造物,building_direct,市田家住宅裏門,液状化,大正関東地震,液状化｜大正関東地震
official_export_002:29,liquefaction,都心南部直下地震,2.99,0<PL≤5,hazard_liquefaction_250m_都心南部直下地震,liquefaction mesh polygon intersection,13106,台東区,National,Registered,有形文化財,建造物,building_direct,市田家住宅裏門,液状化,都心南部直下地震,液状化｜都心南部直下地震
official_export_002:30,liquefaction,南海トラフ巨大地震,1.432727273,0<PL≤5,hazard_liquefaction_250m_南海トラフ巨大地震,liquefaction mesh polygon intersection,13106,台東区,National,Registered,有形文化財,建造物,building_direct,市田家住宅表門,液状化,南海トラフ巨大地震,液状化｜南海トラフ巨大地震
official_export_002:30,liquefaction,多摩東部直下地震,2.944545455,0<PL≤5,hazard_liquefaction_250m_多摩東部直下地震,liquefaction mesh polygon intersection,13106,台東区,National,Registered,有形文化財,建造物,building_direct,市田家住宅表門,液状化,多摩東部直下地震,液状化｜多摩東部直下地震
official_export_002:30,liquefaction,大正関東地震,2.656363636,0<PL≤5,hazard_liquefaction_250m_大正関東地震,liquefaction mesh polygon intersection,13106,台東区,National,Registered,有形文化財,建造物,building_direct,市田家住宅表門,液状化,大正関東地震,液状化｜大正関東地震
official_export_002:30,liquefaction,都心南部直下地震,2.99,0<PL≤5,hazard_liquefaction_250m_都心南部直下地震,liquefaction mesh polygon intersection,13106,台東区,National,Registered,有形文化財,建造物,building_direct,市田家住宅表門,液状化,都心南部直下地震,液状化｜都心南部直下地震
official_export_002:31,liquefaction,南海トラフ巨大地震,1.432727273,0<PL≤5,hazard_liquefaction_250m_南海トラフ巨大地震,liquefaction mesh polygon intersection,13106,台東区,National,Registered,有形文化財,建造物,building_direct,市田家住宅蔵,液状化,南海トラフ巨大地震,液状化｜南海トラフ巨大地震
official_export_002:31,liquefaction,多摩東部直下地震,2.944545455,0<PL≤5,hazard_liquefaction_250m_多摩東部直下地震,liquefaction mesh polygon intersection,13106,台東区,National,Registered,有形文化財,建造物,building_direct,市田家住宅蔵,液状化,多摩東部直下地震,液状化｜多摩東部直下地震
official_export_002:31,liquefaction,大正関東地震,2.656363636,0<PL≤5,hazard_liquefaction_250m_大正関東地震,liquefaction mesh polygon intersection,13106,台東区,National,Registered,有形文化財,建造物,building_direct,市田家住宅蔵,液状化,大正関東地震,液状化｜大正関東地震
official_export_002:31,liquefaction,都心南部直下地震,2.99,0<PL≤5,hazard_liquefaction_250m_都心南部直下地震,liquefaction mesh polygon intersection,13106,台東区,National,Registered,有形文化財,建造物,building_direct,市田家住宅蔵,液状化,都心南部直下地震,液状化｜都心南部直下地震
official_export_002:311,liquefaction,南海トラフ巨大地震,4.6156,0<PL≤5,hazard_liquefaction_250m_南海トラフ巨大地震,liquefaction mesh polygon intersection,13106,台東区,National,Registered,有形文化財,建造物,building_direct,茶寮一松表門及び塀,液状化,南海トラフ巨大地震,液状化｜南海トラフ巨大地震
official_export_002:311,liquefaction,多摩東部直下地震,18.8132,PL>15,hazard_liquefaction_250m_多摩東部直下地震,liquefaction mesh polygon intersection,13106,台東区,National,Registered,有形文化財,建造物,building_direct,茶寮一松表門及び塀,液状化,多摩東部直下地震,液状化｜多摩東部直下地震
official_export_002:311,liquefaction,大正関東地震,15.9208,PL>15,hazard_liquefaction_250m_大正関東地震,liquefaction mesh polygon intersection,13106,台東区,National,Registered,有形文化財,建造物,building_direct,茶寮一松表門及び塀,液状化,大正関東地震,液状化｜大正関東地震
official_export_002:311,liquefaction,都心南部直下地震,19.0916,PL>15,hazard_liquefaction_250m_都心南部直下地震,liquefaction mesh polygon intersection,13106,台東区,National,Registered,有形文化財,建造物,building_direct,茶寮一松表門及び塀,液状化,都心南部直下地震,液状化｜都心南部直下地震
official_export_002:312,liquefaction,南海トラフ巨大地震,4.6156,0<PL≤5,hazard_liquefaction_250m_南海トラフ巨大地震,liquefaction mesh polygon intersection,13106,台東区,National,Registered,有形文化財,建造物,building_direct,茶寮一松店舗及び住居,液状化,南海トラフ巨大地震,液状化｜南海トラフ巨大地震
official_export_002:312,liquefaction,多摩東部直下地震,18.8132,PL>15,hazard_liquefaction_250m_多摩東部直下地震,liquefaction mesh polygon intersection,13106,台東区,National,Registered,有形文化財,建造物,building_direct,茶寮一松店舗及び住居,液状化,多摩東部直下地震,液状化｜多摩東部直下地震
official_export_002:312,liquefaction,大正関東地震,15.9208,PL>15,hazard_liquefaction_250m_大正関東地震,liquefaction mesh polygon intersection,13106,台東区,National,Registered,有形文化財,建造物,building_direct,茶寮一松店舗及び住居,液状化,大正関東地震,液状化｜大正関東地震
official_export_002:312,liquefaction,都心南部直下地震,19.0916,PL>15,hazard_liquefaction_250m_都心南部直下地震,liquefaction mesh polygon intersection,13106,台東区,National,Registered,有形文化財,建造物,building_direct,茶寮一松店舗及び住居,液状化,都心南部直下地震,液状化｜都心南部直下地震
official_export_002:32,liquefaction,南海トラフ巨大地震,1.432727273,0<PL≤5,hazard_liquefaction_250m_南海トラフ巨大地震,liquefaction mesh polygon intersection,13106,台東区,National,Registered,有形文化財,建造物,building_direct,市田家住宅主屋,液状化,南海トラフ巨大地震,液状化｜南海トラフ巨大地震
official_export_002:32,liquefaction,多摩東部直下地震,2.944545455,0<PL≤5,hazard_liquefaction_250m_多摩東部直下地震,liquefaction mesh polygon intersection,13106,台東区,National,Registered,有形文化財,建造物,building_direct,市田家住宅主屋,液状化,多摩東部直下地震,液状化｜多摩東部直下地震
official_export_002:32,liquefaction,大正関東地震,2.656363636,0<PL≤5,hazard_liquefaction_250m_大正関東地震,liquefaction mesh polygon intersection,13106,台東区,National,Registered,有形文化財,建造物,building_direct,市田家住宅主屋,液状化,大正関東地震,液状化｜大正関東地震
official_export_002:32,liquefaction,都心南部直下地震,2.99,0<PL≤5,hazard_liquefaction_250m_都心南部直下地震,liquefaction mesh polygon intersection,13106,台東区,National,Registered,有形文化財,建造物,building_direct,市田家住宅主屋,液状化,都心南部直下地震,液状化｜都心南部直下地震
official_export_002:325,liquefaction,南海トラフ巨大地震,0.3008,0<PL≤5,hazard_liquefaction_250m_南海トラフ巨大地震,liquefaction mesh polygon intersection,13106,台東区,National,Registered,有形文化財,建造物,building_direct,燕湯,液状化,南海トラフ巨大地震,液状化｜南海トラフ巨大地震
official_export_002:325,liquefaction,多摩東部直下地震,10.3472,5<PL≤15,hazard_liquefaction_250m_多摩東部直下地震,liquefaction mesh polygon intersection,13106,台東区,National,Registered,有形文化財,建造物,building_direct,燕湯,液状化,多摩東部直下地震,液状化｜多摩東部直下地震
official_export_002:325,liquefaction,大正関東地震,7.616,5<PL≤15,hazard_liquefaction_250m_大正関東地震,liquefaction mesh polygon intersection,13106,台東区,National,Registered,有形文化財,建造物,building_direct,燕湯,液状化,大正関東地震,液状化｜大正関東地震
official_export_002:325,liquefaction,都心南部直下地震,10.5652,5<PL≤15,hazard_liquefaction_250m_都心南部直下地震,liquefaction mesh polygon intersection,13106,台東区,National,Registered,有形文化財,建造物,building_direct,燕湯,液状化,都心南部直下地震,液状化｜都心南部直下地震
official_export_002:326,liquefaction,南海トラフ巨大地震,0.101428571,0<PL≤5,hazard_liquefaction_250m_南海トラフ巨大地震,liquefaction mesh polygon intersection,13106,台東区,National,Registered,有形文化財,建造物,building_direct,手焼せんべい嵯峨の家店舗,液状化,南海トラフ巨大地震,液状化｜南海トラフ巨大地震
official_export_002:326,liquefaction,多摩東部直下地震,0.935714286,0<PL≤5,hazard_liquefaction_250m_多摩東部直下地震,liquefaction mesh polygon intersection,13106,台東区,National,Registered,有形文化財,建造物,building_direct,手焼せんべい嵯峨の家店舗,液状化,多摩東部直下地震,液状化｜多摩東部直下地震
official_export_002:326,liquefaction,大正関東地震,0.75,0<PL≤5,hazard_liquefaction_250m_大正関東地震,liquefaction mesh polygon intersection,13106,台東区,National,Registered,有形文化財,建造物,building_direct,手焼せんべい嵯峨の家店舗,液状化,大正関東地震,液状化｜大正関東地震
official_export_002:326,liquefaction,都心南部直下地震,0.957142857,0<PL≤5,hazard_liquefaction_250m_都心南部直下地震,liquefaction mesh polygon intersection,13106,台東区,National,Registered,有形文化財,建造物,building_direct,手焼せんべい嵯峨の家店舗,液状化,都心南部直下地震,液状化｜都心南部直下地震
official_export_002:357,liquefaction,南海トラフ巨大地震,2.9924,0<PL≤5,hazard_liquefaction_250m_南海トラフ巨大地震,liquefaction mesh polygon intersection,13106,台東区,National,Registered,有形文化財,建造物,building_direct,東京地下鉄銀座線浅草駅四番出入口上家,液状化,南海トラフ巨大地震,液状化｜南海トラフ巨大地震
official_export_002:357,liquefaction,多摩東部直下地震,18.9156,PL>15,hazard_liquefaction_250m_多摩東部直下地震,liquefaction mesh polygon intersection,13106,台東区,National,Registered,有形文化財,建造物,building_direct,東京地下鉄銀座線浅草駅四番出入口上家,液状化,多摩東部直下地震,液状化｜多摩東部直下地震
official_export_002:357,liquefaction,大正関東地震,14.9528,5<PL≤15,hazard_liquefaction_250m_大正関東地震,liquefaction mesh polygon intersection,13106,台東区,National,Registered,有形文化財,建造物,building_direct,東京地下鉄銀座線浅草駅四番出入口上家,液状化,大正関東地震,液状化｜大正関東地震
official_export_002:357,liquefaction,都心南部直下地震,18.8736,PL>15,hazard_liquefaction_250m_都心南部直下地震,liquefaction mesh polygon intersection,13106,台東区,National,Registered,有形文化財,建造物,building_direct,東京地下鉄銀座線浅草駅四番出入口上家,液状化,都心南部直下地震,液状化｜都心南部直下地震
official_export_002:367,liquefaction,南海トラフ巨大地震,5.294,5<PL≤15,hazard_liquefaction_250m_南海トラフ巨大地震,liquefaction mesh polygon intersection,13106,台東区,National,Registered,有形文化財,建造物,building_direct,中江店舗,液状化,南海トラフ巨大地震,液状化｜南海トラフ巨大地震
official_export_002:367,liquefaction,多摩東部直下地震,10.0068,5<PL≤15,hazard_liquefaction_250m_多摩東部直下地震,liquefaction mesh polygon intersection,13106,台東区,National,Registered,有形文化財,建造物,building_direct,中江店舗,液状化,多摩東部直下地震,液状化｜多摩東部直下地震
official_export_002:367,liquefaction,大正関東地震,9.2972,5<PL≤15,hazard_liquefaction_250m_大正関東地震,liquefaction mesh polygon intersection,13106,台東区,National,Registered,有形文化財,建造物,building_direct,中江店舗,液状化,大正関東地震,液状化｜大正関東地震
official_export_002:367,liquefaction,都心南部直下地震,10.2384,5<PL≤15,hazard_liquefaction_250m_都心南部直下地震,liquefaction mesh polygon intersection,13106,台東区,National,Registered,有形文化財,建造物,building_direct,中江店舗,液状化,都心南部直下地震,液状化｜都心南部直下地震
official_export_002:376,liquefaction,南海トラフ巨大地震,1.9396,0<PL≤5,hazard_liquefaction_250m_南海トラフ巨大地震,liquefaction mesh polygon intersection,13106,台東区,National,Registered,有形文化財,建造物,building_direct,難波商店店舗兼主屋,液状化,南海トラフ巨大地震,液状化｜南海トラフ巨大地震
official_export_002:376,liquefaction,多摩東部直下地震,7.4948,5<PL≤15,hazard_liquefaction_250m_多摩東部直下地震,liquefaction mesh polygon intersection,13106,台東区,National,Registered,有形文化財,建造物,building_direct,難波商店店舗兼主屋,液状化,多摩東部直下地震,液状化｜多摩東部直下地震
official_export_002:376,liquefaction,大正関東地震,6.28,5<PL≤15,hazard_liquefaction_250m_大正関東地震,liquefaction mesh polygon intersection,13106,台東区,National,Registered,有形文化財,建造物,building_direct,難波商店店舗兼主屋,液状化,大正関東地震,液状化｜大正関東地震
official_export_002:376,liquefaction,都心南部直下地震,7.6516,5<PL≤15,hazard_liquefaction_250m_都心南部直下地震,liquefaction mesh polygon intersection,13106,台東区,National,Registered,有形文化財,建造物,building_direct,難波商店店舗兼主屋,液状化,都心南部直下地震,液状化｜都心南部直下地震
official_export_002:385,liquefaction,南海トラフ巨大地震,1.0464,0<PL≤5,hazard_liquefaction_250m_南海トラフ巨大地震,liquefaction mesh polygon intersection,13106,台東区,National,Registered,有形文化財,建造物,building_direct,日本聖公会浅草聖ヨハネ教会,液状化,南海トラフ巨大地震,液状化｜南海トラフ巨大地震
official_export_002:385,liquefaction,多摩東部直下地震,18.196,PL>15,hazard_liquefaction_250m_多摩東部直下地震,liquefaction mesh polygon intersection,13106,台東区,National,Registered,有形文化財,建造物,building_direct,日本聖公会浅草聖ヨハネ教会,液状化,多摩東部直下地震,液状化｜多摩東部直下地震
official_export_002:385,liquefaction,大正関東地震,16.3072,PL>15,hazard_liquefaction_250m_大正関東地震,liquefaction mesh polygon intersection,13106,台東区,National,Registered,有形文化財,建造物,building_direct,日本聖公会浅草聖ヨハネ教会,液状化,大正関東地震,液状化｜大正関東地震
official_export_002:385,liquefaction,都心南部直下地震,19.9276,PL>15,hazard_liquefaction_250m_都心南部直下地震,liquefaction mesh polygon intersection,13106,台東区,National,Registered,有形文化財,建造物,building_direct,日本聖公会浅草聖ヨハネ教会,液状化,都心南部直下地震,液状化｜都心南部直下地震
official_export_002:40,liquefaction,南海トラフ巨大地震,2.0344,0<PL≤5,hazard_liquefaction_250m_南海トラフ巨大地震,liquefaction mesh polygon intersection,13106,台東区,National,Registered,有形文化財,建造物,building_direct,今半別館北棟,液状化,南海トラフ巨大地震,液状化｜南海トラフ巨大地震
official_export_002:40,liquefaction,多摩東部直下地震,23.4996,PL>15,hazard_liquefaction_250m_多摩東部直下地震,liquefaction mesh polygon intersection,13106,台東区,National,Registered,有形文化財,建造物,building_direct,今半別館北棟,液状化,多摩東部直下地震,液状化｜多摩東部直下地震
official_export_002:40,liquefaction,大正関東地震,19.1772,PL>15,hazard_liquefaction_250m_大正関東地震,liquefaction mesh polygon intersection,13106,台東区,National,Registered,有形文化財,建造物,building_direct,今半別館北棟,液状化,大正関東地震,液状化｜大正関東地震
official_export_002:40,liquefaction,都心南部直下地震,23.4808,PL>15,hazard_liquefaction_250m_都心南部直下地震,liquefaction mesh polygon intersection,13106,台東区,National,Registered,有形文化財,建造物,building_direct,今半別館北棟,液状化,都心南部直下地震,液状化｜都心南部直下地震
official_export_002:41,liquefaction,南海トラフ巨大地震,4.1652,0<PL≤5,hazard_liquefaction_250m_南海トラフ巨大地震,liquefaction mesh polygon intersection,13106,台東区,National,Registered,有形文化財,建造物,building_direct,今半別館玄関棟,液状化,南海トラフ巨大地震,液状化｜南海トラフ巨大地震
official_export_002:41,liquefaction,多摩東部直下地震,23.8668,PL>15,hazard_liquefaction_250m_多摩東部直下地震,liquefaction mesh polygon intersection,13106,台東区,National,Registered,有形文化財,建造物,building_direct,今半別館玄関棟,液状化,多摩東部直下地震,液状化｜多摩東部直下地震
official_export_002:41,liquefaction,大正関東地震,19.768,PL>15,hazard_liquefaction_250m_大正関東地震,liquefaction mesh polygon intersection,13106,台東区,National,Registered,有形文化財,建造物,building_direct,今半別館玄関棟,液状化,大正関東地震,液状化｜大正関東地震
official_export_002:41,liquefaction,都心南部直下地震,23.6736,PL>15,hazard_liquefaction_250m_都心南部直下地震,liquefaction mesh polygon intersection,13106,台東区,National,Registered,有形文化財,建造物,building_direct,今半別館玄関棟,液状化,都心南部直下地震,液状化｜都心南部直下地震
official_export_002:42,liquefaction,南海トラフ巨大地震,2.0344,0<PL≤5,hazard_liquefaction_250m_南海トラフ巨大地震,liquefaction mesh polygon intersection,13106,台東区,National,Registered,有形文化財,建造物,building_direct,今半別館南棟,液状化,南海トラフ巨大地震,液状化｜南海トラフ巨大地震
official_export_002:42,liquefaction,多摩東部直下地震,23.4996,PL>15,hazard_liquefaction_250m_多摩東部直下地震,liquefaction mesh polygon intersection,13106,台東区,National,Registered,有形文化財,建造物,building_direct,今半別館南棟,液状化,多摩東部直下地震,液状化｜多摩東部直下地震
official_export_002:42,liquefaction,大正関東地震,19.1772,PL>15,hazard_liquefaction_250m_大正関東地震,liquefaction mesh polygon intersection,13106,台東区,National,Registered,有形文化財,建造物,building_direct,今半別館南棟,液状化,大正関東地震,液状化｜大正関東地震
official_export_002:42,liquefaction,都心南部直下地震,23.4808,PL>15,hazard_liquefaction_250m_都心南部直下地震,liquefaction mesh polygon intersection,13106,台東区,National,Registered,有形文化財,建造物,building_direct,今半別館南棟,液状化,都心南部直下地震,液状化｜都心南部直下地震
official_export_002:43,liquefaction,南海トラフ巨大地震,5.3644,5<PL≤15,hazard_liquefaction_250m_南海トラフ巨大地震,liquefaction mesh polygon intersection,13106,台東区,National,Registered,有形文化財,建造物,building_direct,今半本店北奥座敷,液状化,南海トラフ巨大地震,液状化｜南海トラフ巨大地震
official_export_002:43,liquefaction,多摩東部直下地震,23.648,PL>15,hazard_liquefaction_250m_多摩東部直下地震,liquefaction mesh polygon intersection,13106,台東区,National,Registered,有形文化財,建造物,building_direct,今半本店北奥座敷,液状化,多摩東部直下地震,液状化｜多摩東部直下地震
official_export_002:43,liquefaction,大正関東地震,20.5556,PL>15,hazard_liquefaction_250m_大正関東地震,liquefaction mesh polygon intersection,13106,台東区,National,Registered,有形文化財,建造物,building_direct,今半本店北奥座敷,液状化,大正関東地震,液状化｜大正関東地震
official_export_002:43,liquefaction,都心南部直下地震,23.6668,PL>15,hazard_liquefaction_250m_都心南部直下地震,liquefaction mesh polygon intersection,13106,台東区,National,Registered,有形文化財,建造物,building_direct,今半本店北奥座敷,液状化,都心南部直下地震,液状化｜都心南部直下地震
official_export_002:44,liquefaction,南海トラフ巨大地震,5.3644,5<PL≤15,hazard_liquefaction_250m_南海トラフ巨大地震,liquefaction mesh polygon intersection,13106,台東区,National,Registered,有形文化財,建造物,building_direct,今半本店西奥座敷,液状化,南海トラフ巨大地震,液状化｜南海トラフ巨大地震
official_export_002:44,liquefaction,多摩東部直下地震,23.648,PL>15,hazard_liquefaction_250m_多摩東部直下地震,liquefaction mesh polygon intersection,13106,台東区,National,Registered,有形文化財,建造物,building_direct,今半本店西奥座敷,液状化,多摩東部直下地震,液状化｜多摩東部直下地震
official_export_002:44,liquefaction,大正関東地震,20.5556,PL>15,hazard_liquefaction_250m_大正関東地震,liquefaction mesh polygon intersection,13106,台東区,National,Registered,有形文化財,建造物,building_direct,今半本店西奥座敷,液状化,大正関東地震,液状化｜大正関東地震
official_export_002:44,liquefaction,都心南部直下地震,23.6668,PL>15,hazard_liquefaction_250m_都心南部直下地震,liquefaction mesh polygon intersection,13106,台東区,National,Registered,有形文化財,建造物,building_direct,今半本店西奥座敷,液状化,都心南部直下地震,液状化｜都心南部直下地震
official_export_002:45,liquefaction,南海トラフ巨大地震,5.3644,5<PL≤15,hazard_liquefaction_250m_南海トラフ巨大地震,liquefaction mesh polygon intersection,13106,台東区,National,Registered,有形文化財,建造物,building_direct,今半本店東奥座敷,液状化,南海トラフ巨大地震,液状化｜南海トラフ巨大地震
official_export_002:45,liquefaction,多摩東部直下地震,23.648,PL>15,hazard_liquefaction_250m_多摩東部直下地震,liquefaction mesh polygon intersection,13106,台東区,National,Registered,有形文化財,建造物,building_direct,今半本店東奥座敷,液状化,多摩東部直下地震,液状化｜多摩東部直下地震
official_export_002:45,liquefaction,大正関東地震,20.5556,PL>15,hazard_liquefaction_250m_大正関東地震,liquefaction mesh polygon intersection,13106,台東区,National,Registered,有形文化財,建造物,building_direct,今半本店東奥座敷,液状化,大正関東地震,液状化｜大正関東地震
official_export_002:45,liquefaction,都心南部直下地震,23.6668,PL>15,hazard_liquefaction_250m_都心南部直下地震,liquefaction mesh polygon intersection,13106,台東区,National,Registered,有形文化財,建造物,building_direct,今半本店東奥座敷,液状化,都心南部直下地震,液状化｜都心南部直下地震
official_export_002:46,liquefaction,南海トラフ巨大地震,1.432727273,0<PL≤5,hazard_liquefaction_250m_南海トラフ巨大地震,liquefaction mesh polygon intersection,13106,台東区,National,Registered,有形文化財,建造物,building_direct,岩田家住宅和館,液状化,南海トラフ巨大地震,液状化｜南海トラフ巨大地震
official_export_002:46,liquefaction,多摩東部直下地震,2.944545455,0<PL≤5,hazard_liquefaction_250m_多摩東部直下地震,liquefaction mesh polygon intersection,13106,台東区,National,Registered,有形文化財,建造物,building_direct,岩田家住宅和館,液状化,多摩東部直下地震,液状化｜多摩東部直下地震
official_export_002:46,liquefaction,大正関東地震,2.656363636,0<PL≤5,hazard_liquefaction_250m_大正関東地震,liquefaction mesh polygon intersection,13106,台東区,National,Registered,有形文化財,建造物,building_direct,岩田家住宅和館,液状化,大正関東地震,液状化｜大正関東地震
official_export_002:46,liquefaction,都心南部直下地震,2.99,0<PL≤5,hazard_liquefaction_250m_都心南部直下地震,liquefaction mesh polygon intersection,13106,台東区,National,Registered,有形文化財,建造物,building_direct,岩田家住宅和館,液状化,都心南部直下地震,液状化｜都心南部直下地震
official_export_003:14,liquefaction,南海トラフ巨大地震,0.204285714,0<PL≤5,hazard_liquefaction_250m_南海トラフ巨大地震,liquefaction mesh polygon intersection,13106,台東区,National,Designated,記念物,天然記念物,point,蒲生君平墓,液状化,南海トラフ巨大地震,液状化｜南海トラフ巨大地震
official_export_003:14,liquefaction,多摩東部直下地震,0.556428571,0<PL≤5,hazard_liquefaction_250m_多摩東部直下地震,liquefaction mesh polygon intersection,13106,台東区,National,Designated,記念物,天然記念物,point,蒲生君平墓,液状化,多摩東部直下地震,液状化｜多摩東部直下地震
official_export_003:14,liquefaction,大正関東地震,0.49,0<PL≤5,hazard_liquefaction_250m_大正関東地震,liquefaction mesh polygon intersection,13106,台東区,National,Designated,記念物,天然記念物,point,蒲生君平墓,液状化,大正関東地震,液状化｜大正関東地震
official_export_003:14,liquefaction,都心南部直下地震,0.56,0<PL≤5,hazard_liquefaction_250m_都心南部直下地震,liquefaction mesh polygon intersection,13106,台東区,National,Designated,記念物,天然記念物,point,蒲生君平墓,液状化,都心南部直下地震,液状化｜都心南部直下地震
official_export_003:2,liquefaction,南海トラフ巨大地震,3.53,0<PL≤5,hazard_liquefaction_250m_南海トラフ巨大地震,liquefaction mesh polygon intersection,13106,台東区,National,Designated,記念物,天然記念物,point,伊能忠敬墓,液状化,南海トラフ巨大地震,液状化｜南海トラフ巨大地震
official_export_003:2,liquefaction,多摩東部直下地震,11.4504,5<PL≤15,hazard_liquefaction_250m_多摩東部直下地震,liquefaction mesh polygon intersection,13106,台東区,National,Designated,記念物,天然記念物,point,伊能忠敬墓,液状化,多摩東部直下地震,液状化｜多摩東部直下地震
official_export_003:2,liquefaction,大正関東地震,9.8108,5<PL≤15,hazard_liquefaction_250m_大正関東地震,liquefaction mesh polygon intersection,13106,台東区,National,Designated,記念物,天然記念物,point,伊能忠敬墓,液状化,大正関東地震,液状化｜大正関東地震
official_export_003:2,liquefaction,都心南部直下地震,11.5308,5<PL≤15,hazard_liquefaction_250m_都心南部直下地震,liquefaction mesh polygon intersection,13106,台東区,National,Designated,記念物,天然記念物,point,伊能忠敬墓,液状化,都心南部直下地震,液状化｜都心南部直下地震
official_export_003:42,liquefaction,南海トラフ巨大地震,3.53,0<PL≤5,hazard_liquefaction_250m_南海トラフ巨大地震,liquefaction mesh polygon intersection,13106,台東区,National,Designated,記念物,天然記念物,point,高橋至時墓,液状化,南海トラフ巨大地震,液状化｜南海トラフ巨大地震
official_export_003:42,liquefaction,多摩東部直下地震,11.4504,5<PL≤15,hazard_liquefaction_250m_多摩東部直下地震,liquefaction mesh polygon intersection,13106,台東区,National,Designated,記念物,天然記念物,point,高橋至時墓,液状化,多摩東部直下地震,液状化｜多摩東部直下地震
official_export_003:42,liquefaction,大正関東地震,9.8108,5<PL≤15,hazard_liquefaction_250m_大正関東地震,liquefaction mesh polygon intersection,13106,台東区,National,Designated,記念物,天然記念物,point,高橋至時墓,液状化,大正関東地震,液状化｜大正関東地震
official_export_003:42,liquefaction,都心南部直下地震,11.5308,5<PL≤15,hazard_liquefaction_250m_都心南部直下地震,liquefaction mesh polygon intersection,13106,台東区,National,Designated,記念物,天然記念物,point,高橋至時墓,液状化,都心南部直下地震,液状化｜都心南部直下地震
official_export_003:59,liquefaction,南海トラフ巨大地震,1.2128,0<PL≤5,hazard_liquefaction_250m_南海トラフ巨大地震,liquefaction mesh polygon intersection,13106,台東区,National,Designated,記念物,天然記念物,point,平賀源内墓,液状化,南海トラフ巨大地震,液状化｜南海トラフ巨大地震
official_export_003:59,liquefaction,多摩東部直下地震,4.7548,0<PL≤5,hazard_liquefaction_250m_多摩東部直下地震,liquefaction mesh polygon intersection,13106,台東区,National,Designated,記念物,天然記念物,point,平賀源内墓,液状化,多摩東部直下地震,液状化｜多摩東部直下地震
official_export_003:59,liquefaction,大正関東地震,4.1,0<PL≤5,hazard_liquefaction_250m_大正関東地震,liquefaction mesh polygon intersection,13106,台東区,National,Designated,記念物,天然記念物,point,平賀源内墓,液状化,大正関東地震,液状化｜大正関東地震
official_export_003:59,liquefaction,都心南部直下地震,5.0664,5<PL≤15,hazard_liquefaction_250m_都心南部直下地震,liquefaction mesh polygon intersection,13106,台東区,National,Designated,記念物,天然記念物,point,平賀源内墓,液状化,都心南部直下地震,液状化｜都心南部直下地震
official_export_003:72,liquefaction,南海トラフ巨大地震,2.6325,0<PL≤5,hazard_liquefaction_250m_南海トラフ巨大地震,liquefaction mesh polygon intersection,13106,台東区,National,Designated,記念物,天然記念物,point,横山大観旧宅及び庭園,液状化,南海トラフ巨大地震,液状化｜南海トラフ巨大地震
official_export_003:72,liquefaction,多摩東部直下地震,10.9975,5<PL≤15,hazard_liquefaction_250m_多摩東部直下地震,liquefaction mesh polygon intersection,13106,台東区,National,Designated,記念物,天然記念物,point,横山大観旧宅及び庭園,液状化,多摩東部直下地震,液状化｜多摩東部直下地震
official_export_003:72,liquefaction,大正関東地震,8.8725,5<PL≤15,hazard_liquefaction_250m_大正関東地震,liquefaction mesh polygon intersection,13106,台東区,National,Designated,記念物,天然記念物,point,横山大観旧宅及び庭園,液状化,大正関東地震,液状化｜大正関東地震
official_export_003:72,liquefaction,都心南部直下地震,11.1475,5<PL≤15,hazard_liquefaction_250m_都心南部直下地震,liquefaction mesh polygon intersection,13106,台東区,National,Designated,記念物,天然記念物,point,横山大観旧宅及び庭園,液状化,都心南部直下地震,液状化｜都心南部直下地震
official_export_002:44,river_flooding,L2（想定最大規模）,0.01,0.5m未満,隅田川・新河岸川流域,PLATEAU building risk,13106,台東区,National,Registered,有形文化財,建造物,building_direct,今半本店西奥座敷,河川浸水,L2（想定最大規模）,河川浸水｜L2（想定最大規模）
official_export_002:144,river_flooding,L2（想定最大規模）,0.042,0.5m未満,神田川流域,PLATEAU building risk,13106,台東区,National,Registered,有形文化財,建造物,building_direct,旧柏湯,河川浸水,L2（想定最大規模）,河川浸水｜L2（想定最大規模）
official_export_002:31,river_flooding,L2（想定最大規模）,0.047,0.5m未満,神田川流域,PLATEAU building risk,13106,台東区,National,Registered,有形文化財,建造物,building_direct,市田家住宅蔵,河川浸水,L2（想定最大規模）,河川浸水｜L2（想定最大規模）
official_export_002:32,river_flooding,L2（想定最大規模）,0.047,0.5m未満,神田川流域,PLATEAU building risk,13106,台東区,National,Registered,有形文化財,建造物,building_direct,市田家住宅主屋,河川浸水,L2（想定最大規模）,河川浸水｜L2（想定最大規模）
official_export_002:140,river_flooding,L2（想定最大規模）,0.301,0.5m未満,神田川流域,PLATEAU building risk,13106,台東区,National,Registered,有形文化財,建造物,building_direct,旧井阪屋本店河合ビル稲荷社,河川浸水,L2（想定最大規模）,河川浸水｜L2（想定最大規模）
official_export_002:376,river_flooding,L2（想定最大規模）,0.301,0.5m未満,神田川流域,PLATEAU building risk,13106,台東区,National,Registered,有形文化財,建造物,building_direct,難波商店店舗兼主屋,河川浸水,L2（想定最大規模）,河川浸水｜L2（想定最大規模）
official_export_002:140,river_flooding,L2（想定最大規模）,0.301,0.5m未満,荒川水系神田川流域,PLATEAU building risk,13106,台東区,National,Registered,有形文化財,建造物,building_direct,旧井阪屋本店河合ビル稲荷社,河川浸水,L2（想定最大規模）,河川浸水｜L2（想定最大規模）
official_export_002:376,river_flooding,L2（想定最大規模）,0.301,0.5m未満,荒川水系神田川流域,PLATEAU building risk,13106,台東区,National,Registered,有形文化財,建造物,building_direct,難波商店店舗兼主屋,河川浸水,L2（想定最大規模）,河川浸水｜L2（想定最大規模）
official_export_002:140,river_flooding,L2（想定最大規模）,0.54,0.5m以上3m未満,隅田川・新河岸川流域,PLATEAU building risk,13106,台東区,National,Registered,有形文化財,建造物,building_direct,旧井阪屋本店河合ビル稲荷社,河川浸水,L2（想定最大規模）,河川浸水｜L2（想定最大規模）
official_export_002:376,river_flooding,L2（想定最大規模）,0.54,0.5m以上3m未満,隅田川・新河岸川流域,PLATEAU building risk,13106,台東区,National,Registered,有形文化財,建造物,building_direct,難波商店店舗兼主屋,河川浸水,L2（想定最大規模）,河川浸水｜L2（想定最大規模）
official_export_002:140,high_tide,PLATEAU建築物リスク,0.98,0.5m以上3m未満,東京都高潮浸水想定区域図（令和6年12月19日）,PLATEAU building risk,13106,台東区,National,Registered,有形文化財,建造物,building_direct,旧井阪屋本店河合ビル稲荷社,高潮,PLATEAU建築物リスク,高潮｜PLATEAU建築物リスク
official_export_002:376,high_tide,PLATEAU建築物リスク,0.98,0.5m以上3m未満,東京都高潮浸水想定区域図（令和6年12月19日）,PLATEAU building risk,13106,台東区,National,Registered,有形文化財,建造物,building_direct,難波商店店舗兼主屋,高潮,PLATEAU建築物リスク,高潮｜PLATEAU建築物リスク
official_export_002:325,river_flooding,L2（想定最大規模）,0.12,0.5m未満,隅田川・新河岸川流域,PLATEAU building risk,13106,台東区,National,Registered,有形文化財,建造物,building_direct,燕湯,河川浸水,L2（想定最大規模）,河川浸水｜L2（想定最大規模）
131067100053,river_flooding,L2（想定最大規模）,0.117,0.5m未満,神田川流域,PLATEAU building risk,13106,台東区,Municipal,Other,記念物,史跡,point,横山大観旧居,河川浸水,L2（想定最大規模）,河川浸水｜L2（想定最大規模）
official_export_002:40,river_flooding,L2（想定最大規模）,0.03,0.5m未満,隅田川・新河岸川流域,PLATEAU building risk,13106,台東区,National,Registered,有形文化財,建造物,building_direct,今半別館北棟,河川浸水,L2（想定最大規模）,河川浸水｜L2（想定最大規模）
243,river_flooding,L2（想定最大規模）,0.07,0.5m未満,隅田川・新河岸川流域,PLATEAU building risk,13106,台東区,Tokyo Metropolitan,Designated,記念物,史跡,point,子規庵,河川浸水,L2（想定最大規模）,河川浸水｜L2（想定最大規模）
official_export_002:195,river_flooding,L2（想定最大規模）,0.007,0.5m未満,神田川流域,PLATEAU building risk,13106,台東区,National,Registered,有形文化財,建造物,building_direct,教證寺客殿,河川浸水,L2（想定最大規模）,河川浸水｜L2（想定最大規模）
244,river_flooding,L2（想定最大規模）,0.06,0.5m未満,隅田川・新河岸川流域,PLATEAU building risk,13106,台東区,Tokyo Metropolitan,Designated,記念物,史跡,point,中村不折旧宅(書道博物館),河川浸水,L2（想定最大規模）,河川浸水｜L2（想定最大規模）
official_export_002:385,river_flooding,L2（想定最大規模）,0.25,0.5m未満,隅田川・新河岸川流域,PLATEAU building risk,13106,台東区,National,Registered,有形文化財,建造物,building_direct,日本聖公会浅草聖ヨハネ教会,河川浸水,L2（想定最大規模）,河川浸水｜L2（想定最大規模）
official_export_002:385,high_tide,PLATEAU建築物リスク,0.7,0.5m以上3m未満,東京都高潮浸水想定区域図（令和6年12月19日）,PLATEAU building risk,13106,台東区,National,Registered,有形文化財,建造物,building_direct,日本聖公会浅草聖ヨハネ教会,高潮,PLATEAU建築物リスク,高潮｜PLATEAU建築物リスク
official_export_002:196,river_flooding,L2（想定最大規模）,0.034,0.5m未満,神田川流域,PLATEAU building risk,13106,台東区,National,Registered,有形文化財,建造物,building_direct,教證寺本堂,河川浸水,L2（想定最大規模）,河川浸水｜L2（想定最大規模）
official_export_001:58,river_flooding,L2（想定最大規模）,0.581,0.5m以上3m未満,神田川流域,PLATEAU building risk,13106,台東区,National,Designated,有形文化財,建造物,building_direct,厳有院霊廟勅額門及び水盤舎,河川浸水,L2（想定最大規模）,河川浸水｜L2（想定最大規模）
official_export_002:125,river_flooding,L2（想定最大規模）,0.045,0.5m未満,神田川流域,PLATEAU building risk,13106,台東区,National,Registered,有形文化財,建造物,building_direct,観音寺築地塀,河川浸水,L2（想定最大規模）,河川浸水｜L2（想定最大規模）
165,river_flooding,L2（想定最大規模）,0.43,0.5m未満,隅田川・新河岸川流域,PLATEAU building risk,13106,台東区,Tokyo Metropolitan,Designated,記念物,旧跡,point,山田宗?墓,河川浸水,L2（想定最大規模）,河川浸水｜L2（想定最大規模）
165,high_tide,PLATEAU建築物リスク,0.5,0.5m以上3m未満,東京都高潮浸水想定区域図（令和6年12月19日）,PLATEAU building risk,13106,台東区,Tokyo Metropolitan,Designated,記念物,旧跡,point,山田宗?墓,高潮,PLATEAU建築物リスク,高潮｜PLATEAU建築物リスク
official_export_002:282,river_flooding,L2（想定最大規模）,0.467,0.5m未満,神田川流域,PLATEAU building risk,13106,台東区,National,Registered,有形文化財,建造物,building_direct,タイガービルヂング,河川浸水,L2（想定最大規模）,河川浸水｜L2（想定最大規模）
official_export_002:282,river_flooding,L2（想定最大規模）,0.467,0.5m未満,荒川水系神田川流域,PLATEAU building risk,13106,台東区,National,Registered,有形文化財,建造物,building_direct,タイガービルヂング,河川浸水,L2（想定最大規模）,河川浸水｜L2（想定最大規模）
official_export_002:282,river_flooding,L2（想定最大規模）,0.68,0.5m以上3m未満,隅田川・新河岸川流域,PLATEAU building risk,13106,台東区,National,Registered,有形文化財,建造物,building_direct,タイガービルヂング,河川浸水,L2（想定最大規模）,河川浸水｜L2（想定最大規模）
official_export_002:282,high_tide,PLATEAU建築物リスク,1.1,0.5m以上3m未満,東京都高潮浸水想定区域図（令和6年12月19日）,PLATEAU building risk,13106,台東区,National,Registered,有形文化財,建造物,building_direct,タイガービルヂング,高潮,PLATEAU建築物リスク,高潮｜PLATEAU建築物リスク
official_export_002:46,river_flooding,L2（想定最大規模）,0.016,0.5m未満,神田川流域,PLATEAU building risk,13106,台東区,National,Registered,有形文化財,建造物,building_direct,岩田家住宅和館,河川浸水,L2（想定最大規模）,河川浸水｜L2（想定最大規模）
official_export_002:43,river_flooding,L2（想定最大規模）,0.01,0.5m未満,隅田川・新河岸川流域,PLATEAU building risk,13106,台東区,National,Registered,有形文化財,建造物,building_direct,今半本店北奥座敷,河川浸水,L2（想定最大規模）,河川浸水｜L2（想定最大規模）
131067100029,river_flooding,L2（想定最大規模）,0.495,0.5m未満,神田川流域,PLATEAU building risk,13106,台東区,Municipal,Other,有形文化財,建造物,building_direct,石造宝篋印塔,河川浸水,L2（想定最大規模）,河川浸水｜L2（想定最大規模）
131067100029,river_flooding,L2（想定最大規模）,0.495,0.5m未満,荒川水系神田川流域,PLATEAU building risk,13106,台東区,Municipal,Other,有形文化財,建造物,building_direct,石造宝篋印塔,河川浸水,L2（想定最大規模）,河川浸水｜L2（想定最大規模）
131067100029,river_flooding,L2（想定最大規模）,0.78,0.5m以上3m未満,隅田川・新河岸川流域,PLATEAU building risk,13106,台東区,Municipal,Other,有形文化財,建造物,building_direct,石造宝篋印塔,河川浸水,L2（想定最大規模）,河川浸水｜L2（想定最大規模）
131067100029,high_tide,PLATEAU建築物リスク,1.26,0.5m以上3m未満,東京都高潮浸水想定区域図（令和6年12月19日）,PLATEAU building risk,13106,台東区,Municipal,Other,有形文化財,建造物,building_direct,石造宝篋印塔,高潮,PLATEAU建築物リスク,高潮｜PLATEAU建築物リスク
131067100003,river_flooding,L2（想定最大規模）,0.012,0.5m未満,神田川流域,PLATEAU building risk,13106,台東区,Municipal,Designated,民俗文化財,有形民俗文化財,point,旧吉田屋酒店,河川浸水,L2（想定最大規模）,河川浸水｜L2（想定最大規模）
official_export_002:28,river_flooding,L2（想定最大規模）,0.01,0.5m未満,隅田川・新河岸川流域,PLATEAU building risk,13106,台東区,National,Registered,有形文化財,建造物,building_direct,伊勢屋店舗兼主屋,河川浸水,L2（想定最大規模）,河川浸水｜L2（想定最大規模）
official_export_002:28,high_tide,PLATEAU建築物リスク,0.02,0.5m未満,東京都高潮浸水想定区域図（令和6年12月19日）,PLATEAU building risk,13106,台東区,National,Registered,有形文化財,建造物,building_direct,伊勢屋店舗兼主屋,高潮,PLATEAU建築物リスク,高潮｜PLATEAU建築物リスク
official_export_002:107,river_flooding,L2（想定最大規模）,0.03,0.5m未満,隅田川・新河岸川流域,PLATEAU building risk,13106,台東区,National,Registered,有形文化財,建造物,building_direct,神谷バー本館,河川浸水,L2（想定最大規模）,河川浸水｜L2（想定最大規模）
official_export_001:90,river_flooding,L2（想定最大規模）,0.08,0.5m未満,隅田川・新河岸川流域,PLATEAU building risk,13106,台東区,National,Designated,有形文化財,建造物,building_direct,浅草寺伝法院,河川浸水,L2（想定最大規模）,河川浸水｜L2（想定最大規模）
official_export_001:90,high_tide,PLATEAU建築物リスク,0.18,0.5m未満,東京都高潮浸水想定区域図（令和6年12月19日）,PLATEAU building risk,13106,台東区,National,Designated,有形文化財,建造物,building_direct,浅草寺伝法院,高潮,PLATEAU建築物リスク,高潮｜PLATEAU建築物リスク
131067100066,river_flooding,L2（想定最大規模）,0.061,0.5m未満,神田川流域,PLATEAU building risk,13106,台東区,Municipal,Other,記念物,史跡,point,町田久成墓,河川浸水,L2（想定最大規模）,河川浸水｜L2（想定最大規模）
official_export_001:9,river_flooding,L2（想定最大規模）,0.075,0.5m未満,神田川流域,PLATEAU building risk,13106,台東区,National,Designated,有形文化財,建造物,building_direct,旧因州池田屋敷表門,河川浸水,L2（想定最大規模）,河川浸水｜L2（想定最大規模）
official_export_001:104,river_flooding,L2（想定最大規模）,0.085,0.5m未満,神田川流域,PLATEAU building risk,13106,台東区,National,Designated,有形文化財,建造物,building_direct,旧東京音楽学校奏楽堂,河川浸水,L2（想定最大規模）,河川浸水｜L2（想定最大規模）
official_export_001:0,river_flooding,L2（想定最大規模）,0.1,0.5m未満,隅田川・新河岸川流域,PLATEAU building risk,13106,台東区,National,Designated,有形文化財,建造物,building_direct,浅草神社,河川浸水,L2（想定最大規模）,河川浸水｜L2（想定最大規模）
official_export_001:1,river_flooding,L2（想定最大規模）,0.1,0.5m未満,隅田川・新河岸川流域,PLATEAU building risk,13106,台東区,National,Designated,有形文化財,建造物,building_direct,浅草神社,河川浸水,L2（想定最大規模）,河川浸水｜L2（想定最大規模）
official_export_002:363,river_flooding,L2（想定最大規模）,0.293,0.5m未満,神田川流域,PLATEAU building risk,13106,台東区,National,Registered,有形文化財,建造物,building_direct,東京文化財研究所黒田記念館本館,河川浸水,L2（想定最大規模）,河川浸水｜L2（想定最大規模）
159,river_flooding,L2（想定最大規模）,0.002,0.5m未満,神田川流域,PLATEAU building risk,13106,台東区,Tokyo Metropolitan,Designated,記念物,旧跡,point,玉川庄右衛門及び同清右衛門墓,河川浸水,L2（想定最大規模）,河川浸水｜L2（想定最大規模）
159,river_flooding,L2（想定最大規模）,0.67,0.5m以上3m未満,隅田川・新河岸川流域,PLATEAU building risk,13106,台東区,Tokyo Metropolitan,Designated,記念物,旧跡,point,玉川庄右衛門及び同清右衛門墓,河川浸水,L2（想定最大規模）,河川浸水｜L2（想定最大規模）
159,high_tide,PLATEAU建築物リスク,0.74,0.5m以上3m未満,東京都高潮浸水想定区域図（令和6年12月19日）,PLATEAU building risk,13106,台東区,Tokyo Metropolitan,Designated,記念物,旧跡,point,玉川庄右衛門及び同清右衛門墓,高潮,PLATEAU建築物リスク,高潮｜PLATEAU建築物リスク
official_export_001:85,river_flooding,L2（想定最大規模）,0.07,0.5m未満,隅田川・新河岸川流域,PLATEAU building risk,13106,台東区,National,Designated,有形文化財,建造物,building_direct,浅草寺伝法院,河川浸水,L2（想定最大規模）,河川浸水｜L2（想定最大規模）
official_export_001:88,river_flooding,L2（想定最大規模）,0.07,0.5m未満,隅田川・新河岸川流域,PLATEAU building risk,13106,台東区,National,Designated,有形文化財,建造物,building_direct,浅草寺伝法院,河川浸水,L2（想定最大規模）,河川浸水｜L2（想定最大規模）
official_export_002:326,river_flooding,L2（想定最大規模）,0.012,0.5m未満,神田川流域,PLATEAU building risk,13106,台東区,National,Registered,有形文化財,建造物,building_direct,手焼せんべい嵯峨の家店舗,河川浸水,L2（想定最大規模）,河川浸水｜L2（想定最大規模）
official_export_002:312,river_flooding,L2（想定最大規模）,0.02,0.5m未満,隅田川・新河岸川流域,PLATEAU building risk,13106,台東区,National,Registered,有形文化財,建造物,building_direct,茶寮一松店舗及び住居,河川浸水,L2（想定最大規模）,河川浸水｜L2（想定最大規模）
official_export_002:312,high_tide,PLATEAU建築物リスク,0.13,0.5m未満,東京都高潮浸水想定区域図（令和6年12月19日）,PLATEAU building risk,13106,台東区,National,Registered,有形文化財,建造物,building_direct,茶寮一松店舗及び住居,高潮,PLATEAU建築物リスク,高潮｜PLATEAU建築物リスク
official_export_002:311,river_flooding,L2（想定最大規模）,0.02,0.5m未満,隅田川・新河岸川流域,PLATEAU building risk,13106,台東区,National,Registered,有形文化財,建造物,building_direct,茶寮一松表門及び塀,河川浸水,L2（想定最大規模）,河川浸水｜L2（想定最大規模）
official_export_002:311,high_tide,PLATEAU建築物リスク,0.03,0.5m未満,東京都高潮浸水想定区域図（令和6年12月19日）,PLATEAU building risk,13106,台東区,National,Registered,有形文化財,建造物,building_direct,茶寮一松表門及び塀,高潮,PLATEAU建築物リスク,高潮｜PLATEAU建築物リスク
164,river_flooding,L2（想定最大規模）,0.29,0.5m未満,隅田川・新河岸川流域,PLATEAU building risk,13106,台東区,Tokyo Metropolitan,Designated,記念物,旧跡,point,葛飾北斎墓,河川浸水,L2（想定最大規模）,河川浸水｜L2（想定最大規模）
164,high_tide,PLATEAU建築物リスク,0.53,0.5m以上3m未満,東京都高潮浸水想定区域図（令和6年12月19日）,PLATEAU building risk,13106,台東区,Tokyo Metropolitan,Designated,記念物,旧跡,point,葛飾北斎墓,高潮,PLATEAU建築物リスク,高潮｜PLATEAU建築物リスク
131067100075,river_flooding,L2（想定最大規模）,0.87,0.5m以上3m未満,隅田川・新河岸川流域,PLATEAU building risk,13106,台東区,Municipal,Designated,民俗文化財,有形民俗文化財,point,浅草浅間神社本殿并びに諸資料 付 境内地,河川浸水,L2（想定最大規模）,河川浸水｜L2（想定最大規模）
131067100075,high_tide,PLATEAU建築物リスク,1.14,0.5m以上3m未満,東京都高潮浸水想定区域図（令和6年12月19日）,PLATEAU building risk,13106,台東区,Municipal,Designated,民俗文化財,有形民俗文化財,point,浅草浅間神社本殿并びに諸資料 付 境内地,高潮,PLATEAU建築物リスク,高潮｜PLATEAU建築物リスク
206,river_flooding,L2（想定最大規模）,0.822,0.5m以上3m未満,神田川流域,PLATEAU building risk,13106,台東区,Tokyo Metropolitan,Designated,記念物,天然記念物,point,玉林寺のシイ,河川浸水,L2（想定最大規模）,河川浸水｜L2（想定最大規模）
official_export_002:362,river_flooding,L2（想定最大規模）,0.095,0.5m未満,神田川流域,PLATEAU building risk,13106,台東区,National,Registered,有形文化財,建造物,building_direct,東京文化財研究所黒田記念館書庫,河川浸水,L2（想定最大規模）,河川浸水｜L2（想定最大規模）
official_export_001:91,river_flooding,L2（想定最大規模）,0.3,0.5m未満,隅田川・新河岸川流域,PLATEAU building risk,13106,台東区,National,Designated,有形文化財,建造物,building_direct,浅草寺二天門,河川浸水,L2（想定最大規模）,河川浸水｜L2（想定最大規模）
official_export_002:145,river_flooding,L2（想定最大規模）,0.014,0.5m未満,神田川流域,PLATEAU building risk,13106,台東区,National,Registered,有形文化財,建造物,building_direct,旧唐木田家住宅主屋,河川浸水,L2（想定最大規模）,河川浸水｜L2（想定最大規模）
official_export_001:76,river_flooding,L2（想定最大規模）,0.012,0.5m未満,神田川流域,PLATEAU building risk,13106,台東区,National,Designated,有形文化財,建造物,building_direct,常憲院霊廟勅額門及び水盤舎,河川浸水,L2（想定最大規模）,河川浸水｜L2（想定最大規模）
official_export_002:243,river_flooding,L2（想定最大規模）,0.37,0.5m未満,隅田川・新河岸川流域,PLATEAU building risk,13106,台東区,National,Registered,有形文化財,建造物,building_direct,西徳寺本堂,河川浸水,L2（想定最大規模）,河川浸水｜L2（想定最大規模）
official_export_002:243,high_tide,PLATEAU建築物リスク,0.24,0.5m未満,東京都高潮浸水想定区域図（令和6年12月19日）,PLATEAU building risk,13106,台東区,National,Registered,有形文化財,建造物,building_direct,西徳寺本堂,高潮,PLATEAU建築物リスク,高潮｜PLATEAU建築物リスク
160,river_flooding,L2（想定最大規模）,0.057,0.5m未満,神田川流域,PLATEAU building risk,13106,台東区,Tokyo Metropolitan,Designated,記念物,旧跡,point,大久保主水墓,河川浸水,L2（想定最大規模）,河川浸水｜L2（想定最大規模）
241,river_flooding,L2（想定最大規模）,0.215,0.5m未満,神田川流域,PLATEAU building risk,13106,台東区,Tokyo Metropolitan,Designated,記念物,史跡,point,太宰春台墓,河川浸水,L2（想定最大規模）,河川浸水｜L2（想定最大規模）
official_export_001:6,river_flooding,L2（想定最大規模）,0.014,0.5m未満,神田川流域,PLATEAU building risk,13106,台東区,National,Designated,有形文化財,建造物,building_direct,旧岩崎家住宅(東京都台東区池之端一丁目),河川浸水,L2（想定最大規模）,河川浸水｜L2（想定最大規模）
official_export_001:7,river_flooding,L2（想定最大規模）,0.014,0.5m未満,神田川流域,PLATEAU building risk,13106,台東区,National,Designated,有形文化財,建造物,building_direct,旧岩崎家住宅(東京都台東区池之端一丁目),河川浸水,L2（想定最大規模）,河川浸水｜L2（想定最大規模）
official_export_002:45,river_flooding,L2（想定最大規模）,0.01,0.5m未満,隅田川・新河岸川流域,PLATEAU building risk,13106,台東区,National,Registered,有形文化財,建造物,building_direct,今半本店東奥座敷,河川浸水,L2（想定最大規模）,河川浸水｜L2（想定最大規模）
official_export_002:367,river_flooding,L2（想定最大規模）,0.01,0.5m未満,隅田川・新河岸川流域,PLATEAU building risk,13106,台東区,National,Registered,有形文化財,建造物,building_direct,中江店舗,河川浸水,L2（想定最大規模）,河川浸水｜L2（想定最大規模）
official_export_002:367,high_tide,PLATEAU建築物リスク,0.05,0.5m未満,東京都高潮浸水想定区域図（令和6年12月19日）,PLATEAU building risk,13106,台東区,National,Registered,有形文化財,建造物,building_direct,中江店舗,高潮,PLATEAU建築物リスク,高潮｜PLATEAU建築物リスク
official_export_002:132,river_flooding,L2（想定最大規模）,0.03,0.5m未満,隅田川・新河岸川流域,PLATEAU building risk,13106,台東区,National,Registered,有形文化財,建造物,building_direct,ギャラリー・エフ蔵(株式会社淵川金属事務所),河川浸水,L2（想定最大規模）,河川浸水｜L2（想定最大規模）
official_export_002:124,river_flooding,L2（想定最大規模）,0.045,0.5m未満,神田川流域,PLATEAU building risk,13106,台東区,National,Registered,有形文化財,建造物,building_direct,観音寺客殿,河川浸水,L2（想定最大規模）,河川浸水｜L2（想定最大規模）
131067100029,high_tide,,1.23,0.5–3 m,東京都 高潮浸水想定区域図,external polygon point-in-area,13106,台東区,Municipal,Other,有形文化財,建造物,building_direct,石造宝篋印塔,高潮,高潮,高潮｜高潮
131067100060,high_tide,,1.33,0.5–3 m,東京都 高潮浸水想定区域図,external polygon point-in-area,13106,台東区,Municipal,Other,記念物,史跡,point,柴田是真墓,高潮,高潮,高潮｜高潮
131067100075,high_tide,,1.07,0.5–3 m,東京都 高潮浸水想定区域図,external polygon point-in-area,13106,台東区,Municipal,Designated,民俗文化財,有形民俗文化財,point,浅草浅間神社本殿并びに諸資料 付 境内地,高潮,高潮,高潮｜高潮
131067100132,high_tide,,1.33,0.5–3 m,東京都 高潮浸水想定区域図,external polygon point-in-area,13106,台東区,Municipal,Other,民俗文化財,有形民俗文化財,point,大太刀(陰陽丸),高潮,高潮,高潮｜高潮
131067100134,high_tide,,0.51,0.5–3 m,東京都 高潮浸水想定区域図,external polygon point-in-area,13106,台東区,Municipal,Other,有形文化財,建造物,building_direct,石造多宝塔,高潮,高潮,高潮｜高潮
131067100147,high_tide,,0.51,0.5–3 m,東京都 高潮浸水想定区域図,external polygon point-in-area,13106,台東区,Municipal,Other,民俗文化財,有形民俗文化財,point,浅草寺絵馬・扁額群,高潮,高潮,高潮｜高潮
131067100162,high_tide,,1.01,0.5–3 m,東京都 高潮浸水想定区域図,external polygon point-in-area,13106,台東区,Municipal,Other,民俗文化財,有形民俗文化財,point,吉徳これくしょん(和書),高潮,高潮,高潮｜高潮
131067100163,high_tide,,1.01,0.5–3 m,東京都 高潮浸水想定区域図,external polygon point-in-area,13106,台東区,Municipal,Other,民俗文化財,有形民俗文化財,point,吉徳これくしょん(一枚刷),高潮,高潮,高潮｜高潮
131067100168,high_tide,,1.01,0.5–3 m,東京都 高潮浸水想定区域図,external polygon point-in-area,13106,台東区,Municipal,Other,民俗文化財,有形民俗文化財,point,吉徳これくしょん〔芝居番付類(一枚刷)〕,高潮,高潮,高潮｜高潮
131067100171,high_tide,,1.01,0.5–3 m,東京都 高潮浸水想定区域図,external polygon point-in-area,13106,台東区,Municipal,Other,民俗文化財,有形民俗文化財,point,吉徳これくしょん(古文書),高潮,高潮,高潮｜高潮
131067100174,high_tide,,1.01,0.5–3 m,東京都 高潮浸水想定区域図,external polygon point-in-area,13106,台東区,Municipal,Other,民俗文化財,有形民俗文化財,point,吉徳これくしょん(羽子板),高潮,高潮,高潮｜高潮
131067100178,high_tide,,1.01,0.5–3 m,東京都 高潮浸水想定区域図,external polygon point-in-area,13106,台東区,Municipal,Other,民俗文化財,有形民俗文化財,point,吉徳これくしょん(五月人形),高潮,高潮,高潮｜高潮
131067100181,high_tide,,1.01,0.5–3 m,東京都 高潮浸水想定区域図,external polygon point-in-area,13106,台東区,Municipal,Other,民俗文化財,有形民俗文化財,point,吉徳これくしょん(雛人形),高潮,高潮,高潮｜高潮
159,high_tide,,0.76,0.5–3 m,東京都 高潮浸水想定区域図,external polygon point-in-area,13106,台東区,Tokyo Metropolitan,Designated,記念物,旧跡,point,玉川庄右衛門及び同清右衛門墓,高潮,高潮,高潮｜高潮
161,high_tide,,0.33,0–0.5 m,東京都 高潮浸水想定区域図,external polygon point-in-area,13106,台東区,Tokyo Metropolitan,Designated,記念物,旧跡,point,谷文晁墓,高潮,高潮,高潮｜高潮
162,high_tide,,0.33,0–0.5 m,東京都 高潮浸水想定区域図,external polygon point-in-area,13106,台東区,Tokyo Metropolitan,Designated,記念物,旧跡,point,幡随院長兵衛墓,高潮,高潮,高潮｜高潮
164,high_tide,,0.53,0.5–3 m,東京都 高潮浸水想定区域図,external polygon point-in-area,13106,台東区,Tokyo Metropolitan,Designated,記念物,旧跡,point,葛飾北斎墓,高潮,高潮,高潮｜高潮
165,high_tide,,0.5,0.5–3 m,東京都 高潮浸水想定区域図,external polygon point-in-area,13106,台東区,Tokyo Metropolitan,Designated,記念物,旧跡,point,山田宗?墓,高潮,高潮,高潮｜高潮
official_export_002:140,high_tide,,0.98,0.5–3 m,東京都 高潮浸水想定区域図,external polygon point-in-area,13106,台東区,National,Registered,有形文化財,建造物,building_direct,旧井阪屋本店河合ビル稲荷社,高潮,高潮,高潮｜高潮
official_export_002:243,high_tide,,0.33,0–0.5 m,東京都 高潮浸水想定区域図,external polygon point-in-area,13106,台東区,National,Registered,有形文化財,建造物,building_direct,西徳寺本堂,高潮,高潮,高潮｜高潮
official_export_002:28,high_tide,,0.04,0–0.5 m,東京都 高潮浸水想定区域図,external polygon point-in-area,13106,台東区,National,Registered,有形文化財,建造物,building_direct,伊勢屋店舗兼主屋,高潮,高潮,高潮｜高潮
official_export_002:282,high_tide,,1.1,0.5–3 m,東京都 高潮浸水想定区域図,external polygon point-in-area,13106,台東区,National,Registered,有形文化財,建造物,building_direct,タイガービルヂング,高潮,高潮,高潮｜高潮
official_export_002:311,high_tide,,0.03,0–0.5 m,東京都 高潮浸水想定区域図,external polygon point-in-area,13106,台東区,National,Registered,有形文化財,建造物,building_direct,茶寮一松表門及び塀,高潮,高潮,高潮｜高潮
official_export_002:312,high_tide,,0.05,0–0.5 m,東京都 高潮浸水想定区域図,external polygon point-in-area,13106,台東区,National,Registered,有形文化財,建造物,building_direct,茶寮一松店舗及び住居,高潮,高潮,高潮｜高潮
official_export_002:367,high_tide,,0.05,0–0.5 m,東京都 高潮浸水想定区域図,external polygon point-in-area,13106,台東区,National,Registered,有形文化財,建造物,building_direct,中江店舗,高潮,高潮,高潮｜高潮
official_export_002:376,high_tide,,0.98,0.5–3 m,東京都 高潮浸水想定区域図,external polygon point-in-area,13106,台東区,National,Registered,有形文化財,建造物,building_direct,難波商店店舗兼主屋,高潮,高潮,高潮｜高潮
official_export_002:385,high_tide,,0.24,0–0.5 m,東京都 高潮浸水想定区域図,external polygon point-in-area,13106,台東区,National,Registered,有形文化財,建造物,building_direct,日本聖公会浅草聖ヨハネ教会,高潮,高潮,高潮｜高潮
official_export_003:2,high_tide,,0.43,0–0.5 m,東京都 高潮浸水想定区域図,external polygon point-in-area,13106,台東区,National,Designated,記念物,天然記念物,point,伊能忠敬墓,高潮,高潮,高潮｜高潮
official_export_003:42,high_tide,,0.43,0–0.5 m,東京都 高潮浸水想定区域図,external polygon point-in-area,13106,台東区,National,Designated,記念物,天然記念物,point,高橋至時墓,高潮,高潮,高潮｜高潮
official_export_003:59,high_tide,,0.79,0.5–3 m,東京都 高潮浸水想定区域図,external polygon point-in-area,13106,台東区,National,Designated,記念物,天然記念物,point,平賀源内墓,高潮,高潮,高潮｜高潮
official_export_001:91,river_flooding,,0.0,0,神田川流域,external point-grid sampling,13106,台東区,National,Designated,有形文化財,建造物,building_direct,浅草寺二天門,河川浸水,河川浸水,河川浸水｜河川浸水
official_export_002:40,river_flooding,,0.0,0,神田川流域,external point-grid sampling,13106,台東区,National,Registered,有形文化財,建造物,building_direct,今半別館北棟,河川浸水,河川浸水,河川浸水｜河川浸水
official_export_001:0,river_flooding,,0.0,0,神田川流域,external point-grid sampling,13106,台東区,National,Designated,有形文化財,建造物,building_direct,浅草神社,河川浸水,河川浸水,河川浸水｜河川浸水
official_export_001:1,river_flooding,,0.0,0,神田川流域,external point-grid sampling,13106,台東区,National,Designated,有形文化財,建造物,building_direct,浅草神社,河川浸水,河川浸水,河川浸水｜河川浸水
official_export_002:42,river_flooding,,0.0,0,神田川流域,external point-grid sampling,13106,台東区,National,Registered,有形文化財,建造物,building_direct,今半別館南棟,河川浸水,河川浸水,河川浸水｜河川浸水
official_export_002:41,river_flooding,,0.0,0,神田川流域,external point-grid sampling,13106,台東区,National,Registered,有形文化財,建造物,building_direct,今半別館玄関棟,河川浸水,河川浸水,河川浸水｜河川浸水
official_export_002:312,river_flooding,,0.0,0,神田川流域,external point-grid sampling,13106,台東区,National,Registered,有形文化財,建造物,building_direct,茶寮一松店舗及び住居,河川浸水,河川浸水,河川浸水｜河川浸水
official_export_001:90,river_flooding,,0.0,0,神田川流域,external point-grid sampling,13106,台東区,National,Designated,有形文化財,建造物,building_direct,浅草寺伝法院,河川浸水,河川浸水,河川浸水｜河川浸水
official_export_002:311,river_flooding,,0.0,0,神田川流域,external point-grid sampling,13106,台東区,National,Registered,有形文化財,建造物,building_direct,茶寮一松表門及び塀,河川浸水,河川浸水,河川浸水｜河川浸水
official_export_002:132,river_flooding,,0.0,0,神田川流域,external point-grid sampling,13106,台東区,National,Registered,有形文化財,建造物,building_direct,ギャラリー・エフ蔵(株式会社淵川金属事務所),河川浸水,河川浸水,河川浸水｜河川浸水
official_export_002:44,river_flooding,,0.0,0,神田川流域,external point-grid sampling,13106,台東区,National,Registered,有形文化財,建造物,building_direct,今半本店西奥座敷,河川浸水,河川浸水,河川浸水｜河川浸水
official_export_002:45,river_flooding,,0.0,0,神田川流域,external point-grid sampling,13106,台東区,National,Registered,有形文化財,建造物,building_direct,今半本店東奥座敷,河川浸水,河川浸水,河川浸水｜河川浸水
official_export_002:107,river_flooding,,0.0,0,神田川流域,external point-grid sampling,13106,台東区,National,Registered,有形文化財,建造物,building_direct,神谷バー本館,河川浸水,河川浸水,河川浸水｜河川浸水
official_export_001:85,river_flooding,,0.0,0,神田川流域,external point-grid sampling,13106,台東区,National,Designated,有形文化財,建造物,building_direct,浅草寺伝法院,河川浸水,河川浸水,河川浸水｜河川浸水
official_export_001:88,river_flooding,,0.0,0,神田川流域,external point-grid sampling,13106,台東区,National,Designated,有形文化財,建造物,building_direct,浅草寺伝法院,河川浸水,河川浸水,河川浸水｜河川浸水
official_export_001:86,river_flooding,,0.0,0,神田川流域,external point-grid sampling,13106,台東区,National,Designated,有形文化財,建造物,building_direct,浅草寺伝法院,河川浸水,河川浸水,河川浸水｜河川浸水
official_export_001:87,river_flooding,,0.0,0,神田川流域,external point-grid sampling,13106,台東区,National,Designated,有形文化財,建造物,building_direct,浅草寺伝法院,河川浸水,河川浸水,河川浸水｜河川浸水
official_export_001:89,river_flooding,,0.0,0,神田川流域,external point-grid sampling,13106,台東区,National,Designated,有形文化財,建造物,building_direct,浅草寺伝法院,河川浸水,河川浸水,河川浸水｜河川浸水
165,river_flooding,,0.0,0,神田川流域,external point-grid sampling,13106,台東区,Tokyo Metropolitan,Designated,記念物,旧跡,point,山田宗?墓,河川浸水,河川浸水,河川浸水｜河川浸水
official_export_002:140,river_flooding,,0.0,0,神田川流域,external point-grid sampling,13106,台東区,National,Registered,有形文化財,建造物,building_direct,旧井阪屋本店河合ビル稲荷社,河川浸水,河川浸水,河川浸水｜河川浸水
official_export_002:376,river_flooding,,0.0,0,神田川流域,external point-grid sampling,13106,台東区,National,Registered,有形文化財,建造物,building_direct,難波商店店舗兼主屋,河川浸水,河川浸水,河川浸水｜河川浸水
official_export_002:43,river_flooding,,0.0,0,神田川流域,external point-grid sampling,13106,台東区,National,Registered,有形文化財,建造物,building_direct,今半本店北奥座敷,河川浸水,河川浸水,河川浸水｜河川浸水
official_export_002:139,river_flooding,,0.0,0,神田川流域,external point-grid sampling,13106,台東区,National,Registered,有形文化財,建造物,building_direct,旧井阪屋本店河合ビル,河川浸水,河川浸水,河川浸水｜河川浸水
131067100003,river_flooding,,0.0,0,神田川流域,external point-grid sampling,13106,台東区,Municipal,Designated,民俗文化財,有形民俗文化財,point,旧吉田屋酒店,河川浸水,河川浸水,河川浸水｜河川浸水
official_export_002:362,river_flooding,,0.0,0,神田川流域,external point-grid sampling,13106,台東区,National,Registered,有形文化財,建造物,building_direct,東京文化財研究所黒田記念館書庫,河川浸水,河川浸水,河川浸水｜河川浸水
official_export_001:73,river_flooding,,0.0,0,神田川流域,external point-grid sampling,13106,台東区,National,Designated,有形文化財,建造物,building_direct,旧十輪院宝蔵,河川浸水,河川浸水,河川浸水｜河川浸水
official_export_002:326,river_flooding,,0.0,0,神田川流域,external point-grid sampling,13106,台東区,National,Registered,有形文化財,建造物,building_direct,手焼せんべい嵯峨の家店舗,河川浸水,河川浸水,河川浸水｜河川浸水
official_export_002:115,river_flooding,,0.0,0,神田川流域,external point-grid sampling,13106,台東区,National,Registered,有形文化財,建造物,building_direct,寛永寺渋沢家霊堂,河川浸水,河川浸水,河川浸水｜河川浸水
official_export_002:394,river_flooding,,0.0,0,神田川流域,external point-grid sampling,13106,台東区,National,Registered,有形文化財,建造物,building_direct,花重店舗,河川浸水,河川浸水,河川浸水｜河川浸水
official_export_002:145,river_flooding,,0.0,0,神田川流域,external point-grid sampling,13106,台東区,National,Registered,有形文化財,建造物,building_direct,旧唐木田家住宅主屋,河川浸水,河川浸水,河川浸水｜河川浸水
official_export_001:9,river_flooding,,0.0,0,神田川流域,external point-grid sampling,13106,台東区,National,Designated,有形文化財,建造物,building_direct,旧因州池田屋敷表門,河川浸水,河川浸水,河川浸水｜河川浸水
241,river_flooding,,0.0,0,神田川流域,external point-grid sampling,13106,台東区,Tokyo Metropolitan,Designated,記念物,史跡,point,太宰春台墓,河川浸水,河川浸水,河川浸水｜河川浸水
official_export_002:114,river_flooding,,0.0,0,神田川流域,external point-grid sampling,13106,台東区,National,Registered,有形文化財,建造物,building_direct,寛永寺根本中堂,河川浸水,河川浸水,河川浸水｜河川浸水
official_export_002:31,river_flooding,,0.0,0,神田川流域,external point-grid sampling,13106,台東区,National,Registered,有形文化財,建造物,building_direct,市田家住宅蔵,河川浸水,河川浸水,河川浸水｜河川浸水
official_export_002:32,river_flooding,,0.0,0,神田川流域,external point-grid sampling,13106,台東区,National,Registered,有形文化財,建造物,building_direct,市田家住宅主屋,河川浸水,河川浸水,河川浸水｜河川浸水
131067100059,river_flooding,,0.0,0,神田川流域,external point-grid sampling,13106,台東区,Municipal,Other,民俗文化財,有形民俗文化財,point,延寿寺日荷堂絵馬群,河川浸水,河川浸水,河川浸水｜河川浸水
official_export_002:274,river_flooding,,0.0,0,神田川流域,external point-grid sampling,13106,台東区,National,Registered,有形文化財,建造物,building_direct,すぺーす小倉屋蔵,河川浸水,河川浸水,河川浸水｜河川浸水
official_export_002:144,river_flooding,,0.0,0,神田川流域,external point-grid sampling,13106,台東区,National,Registered,有形文化財,建造物,building_direct,旧柏湯,河川浸水,河川浸水,河川浸水｜河川浸水
official_export_002:363,river_flooding,,0.0,0,神田川流域,external point-grid sampling,13106,台東区,National,Registered,有形文化財,建造物,building_direct,東京文化財研究所黒田記念館本館,河川浸水,河川浸水,河川浸水｜河川浸水
official_export_002:113,river_flooding,,0.0,0,神田川流域,external point-grid sampling,13106,台東区,National,Registered,有形文化財,建造物,building_direct,寛永寺護国院庫裏,河川浸水,河川浸水,河川浸水｜河川浸水
official_export_002:112,river_flooding,,0.0,0,神田川流域,external point-grid sampling,13106,台東区,National,Registered,有形文化財,建造物,building_direct,寛永寺葵の間,河川浸水,河川浸水,河川浸水｜河川浸水
official_export_002:148,river_flooding,,0.0,0,神田川流域,external point-grid sampling,13106,台東区,National,Registered,有形文化財,建造物,building_direct,旧川嶋屋店舗兼住居,河川浸水,河川浸水,河川浸水｜河川浸水
160,river_flooding,,0.0,0,神田川流域,external point-grid sampling,13106,台東区,Tokyo Metropolitan,Designated,記念物,旧跡,point,大久保主水墓,河川浸水,河川浸水,河川浸水｜河川浸水
131067100066,river_flooding,,0.0,0,神田川流域,external point-grid sampling,13106,台東区,Municipal,Other,記念物,史跡,point,町田久成墓,河川浸水,河川浸水,河川浸水｜河川浸水
official_export_001:104,river_flooding,,0.0,0,神田川流域,external point-grid sampling,13106,台東区,National,Designated,有形文化財,建造物,building_direct,旧東京音楽学校奏楽堂,河川浸水,河川浸水,河川浸水｜河川浸水
official_export_002:275,river_flooding,,0.0,0,神田川流域,external point-grid sampling,13106,台東区,National,Registered,有形文化財,建造物,building_direct,すぺーす小倉屋店舗,河川浸水,河川浸水,河川浸水｜河川浸水
official_export_002:46,river_flooding,,0.0,0,神田川流域,external point-grid sampling,13106,台東区,National,Registered,有形文化財,建造物,building_direct,岩田家住宅和館,河川浸水,河川浸水,河川浸水｜河川浸水
206,river_flooding,,0.0,0,神田川流域,external point-grid sampling,13106,台東区,Tokyo Metropolitan,Designated,記念物,天然記念物,point,玉林寺のシイ,河川浸水,河川浸水,河川浸水｜河川浸水
official_export_001:60,river_flooding,,0.0,0,神田川流域,external point-grid sampling,13106,台東区,National,Designated,有形文化財,建造物,building_direct,国立西洋美術館本館,河川浸水,河川浸水,河川浸水｜河川浸水
official_export_001:42,river_flooding,,0.0,0,神田川流域,external point-grid sampling,13106,台東区,National,Designated,有形文化財,建造物,building_direct,旧東京科学博物館本館,河川浸水,河川浸水,河川浸水｜河川浸水
164,river_flooding,,0.0,0,神田川流域,external point-grid sampling,13106,台東区,Tokyo Metropolitan,Designated,記念物,旧跡,point,葛飾北斎墓,河川浸水,河川浸水,河川浸水｜河川浸水
159,river_flooding,,0.0,0,神田川流域,external point-grid sampling,13106,台東区,Tokyo Metropolitan,Designated,記念物,旧跡,point,玉川庄右衛門及び同清右衛門墓,河川浸水,河川浸水,河川浸水｜河川浸水
official_export_001:108,river_flooding,,0.0,0,神田川流域,external point-grid sampling,13106,台東区,National,Designated,有形文化財,建造物,building_direct,東照宮社殿,河川浸水,河川浸水,河川浸水｜河川浸水
official_export_002:205,river_flooding,,0.0,0,神田川流域,external point-grid sampling,13106,台東区,National,Registered,有形文化財,建造物,building_direct,黒沢ビル,河川浸水,河川浸水,河川浸水｜河川浸水
official_export_002:195,river_flooding,,0.0,0,神田川流域,external point-grid sampling,13106,台東区,National,Registered,有形文化財,建造物,building_direct,教證寺客殿,河川浸水,河川浸水,河川浸水｜河川浸水
official_export_001:8,river_flooding,,0.0,0,神田川流域,external point-grid sampling,13106,台東区,National,Designated,有形文化財,建造物,building_direct,旧岩崎家住宅(東京都台東区池之端一丁目),河川浸水,河川浸水,河川浸水｜河川浸水
official_export_002:196,river_flooding,,0.0,0,神田川流域,external point-grid sampling,13106,台東区,National,Registered,有形文化財,建造物,building_direct,教證寺本堂,河川浸水,河川浸水,河川浸水｜河川浸水
official_export_001:22,river_flooding,,0.0,0,神田川流域,external point-grid sampling,13106,台東区,National,Designated,有形文化財,建造物,building_direct,寛永寺清水堂,河川浸水,河川浸水,河川浸水｜河川浸水
131067100053,river_flooding,,0.0,0,神田川流域,external point-grid sampling,13106,台東区,Municipal,Other,記念物,史跡,point,横山大観旧居,河川浸水,河川浸水,河川浸水｜河川浸水
official_export_001:23,river_flooding,,0.0,0,神田川流域,external point-grid sampling,13106,台東区,National,Designated,有形文化財,建造物,building_direct,旧寛永寺五重塔,河川浸水,河川浸水,河川浸水｜河川浸水
official_export_001:6,river_flooding,,0.0,0,神田川流域,external point-grid sampling,13106,台東区,National,Designated,有形文化財,建造物,building_direct,旧岩崎家住宅(東京都台東区池之端一丁目),河川浸水,河川浸水,河川浸水｜河川浸水
official_export_001:7,river_flooding,,0.0,0,神田川流域,external point-grid sampling,13106,台東区,National,Designated,有形文化財,建造物,building_direct,旧岩崎家住宅(東京都台東区池之端一丁目),河川浸水,河川浸水,河川浸水｜河川浸水
official_export_001:109,river_flooding,,0.0,0,神田川流域,external point-grid sampling,13106,台東区,National,Designated,有形文化財,建造物,building_direct,東照宮社殿,河川浸水,河川浸水,河川浸水｜河川浸水
official_export_003:72,river_flooding,,0.0,0,神田川流域,external point-grid sampling,13106,台東区,National,Designated,記念物,天然記念物,point,横山大観旧宅及び庭園,河川浸水,河川浸水,河川浸水｜河川浸水
official_export_001:21,river_flooding,,0.0,0,神田川流域,external point-grid sampling,13106,台東区,National,Designated,有形文化財,建造物,building_direct,寛永寺旧本坊表門(黒門),河川浸水,河川浸水,河川浸水｜河川浸水
official_export_001:76,river_flooding,,0.0,0,神田川流域,external point-grid sampling,13106,台東区,National,Designated,有形文化財,建造物,building_direct,常憲院霊廟勅額門及び水盤舎,河川浸水,河川浸水,河川浸水｜河川浸水
official_export_001:58,river_flooding,,1.0,0.5–3 m,神田川流域,external point-grid sampling,13106,台東区,National,Designated,有形文化財,建造物,building_direct,厳有院霊廟勅額門及び水盤舎,河川浸水,河川浸水,河川浸水｜河川浸水
official_export_001:56,river_flooding,,0.0,0,神田川流域,external point-grid sampling,13106,台東区,National,Designated,有形文化財,建造物,building_direct,厳有院霊廟奥院,河川浸水,河川浸水,河川浸水｜河川浸水
official_export_001:105,river_flooding,,0.0,0,神田川流域,external point-grid sampling,13106,台東区,National,Designated,有形文化財,建造物,building_direct,旧東京帝室博物館本館,河川浸水,河川浸水,河川浸水｜河川浸水
official_export_001:126,river_flooding,,0.0,0,神田川流域,external point-grid sampling,13106,台東区,National,Designated,有形文化財,建造物,building_direct,表慶館,河川浸水,河川浸水,河川浸水｜河川浸水
131067100046,river_flooding,,0.0,0,神田川流域,external point-grid sampling,13106,台東区,Municipal,Other,記念物,史跡,point,藤堂家墓所,河川浸水,河川浸水,河川浸水｜河川浸水
131067100110,river_flooding,,0.0,0,神田川流域,external point-grid sampling,13106,台東区,Municipal,Other,有形文化財,建造物,building_direct,上野広小路三橋遺構 附 出土近世遺物一括,河川浸水,河川浸水,河川浸水｜河川浸水
131067100187,river_flooding,,0.0,0,神田川流域,external point-grid sampling,13106,台東区,Municipal,Other,記念物,史跡,point,徳川家光薨去に伴う殉死者の墓,河川浸水,河川浸水,河川浸水｜河川浸水
official_export_002:125,river_flooding,,0.0,0,神田川流域,external point-grid sampling,13106,台東区,National,Registered,有形文化財,建造物,building_direct,観音寺築地塀,河川浸水,河川浸水,河川浸水｜河川浸水
official_export_002:284,river_flooding,,0.0,0,神田川流域,external point-grid sampling,13106,台東区,National,Registered,有形文化財,建造物,building_direct,台東区立朝倉彫塑館アトリエ棟,河川浸水,河川浸水,河川浸水｜河川浸水
official_export_002:285,river_flooding,,0.0,0,神田川流域,external point-grid sampling,13106,台東区,National,Registered,有形文化財,建造物,building_direct,台東区立朝倉彫塑館旧アトリエ,河川浸水,河川浸水,河川浸水｜河川浸水
official_export_002:286,river_flooding,,0.0,0,神田川流域,external point-grid sampling,13106,台東区,National,Registered,有形文化財,建造物,building_direct,台東区立朝倉彫塑館住居,河川浸水,河川浸水,河川浸水｜河川浸水
official_export_002:124,river_flooding,,0.0,0,神田川流域,external point-grid sampling,13106,台東区,National,Registered,有形文化財,建造物,building_direct,観音寺客殿,河川浸水,河川浸水,河川浸水｜河川浸水
131067100029,river_flooding,,0.0,0,神田川流域,external point-grid sampling,13106,台東区,Municipal,Other,有形文化財,建造物,building_direct,石造宝篋印塔,河川浸水,河川浸水,河川浸水｜河川浸水
official_export_002:385,river_flooding,,0.0,0,神田川流域,external point-grid sampling,13106,台東区,National,Registered,有形文化財,建造物,building_direct,日本聖公会浅草聖ヨハネ教会,河川浸水,河川浸水,河川浸水｜河川浸水
official_export_002:282,river_flooding,,0.0,0,神田川流域,external point-grid sampling,13106,台東区,National,Registered,有形文化財,建造物,building_direct,タイガービルヂング,河川浸水,河川浸水,河川浸水｜河川浸水
official_export_002:325,river_flooding,,0.0,0,神田川流域,external point-grid sampling,13106,台東区,National,Registered,有形文化財,建造物,building_direct,燕湯,河川浸水,河川浸水,河川浸水｜河川浸水
94,river_flooding,,0.0,0,神田川流域,external point-grid sampling,13106,台東区,Tokyo Metropolitan,Designated,有形文化財,歴史資料,point,西仏板碑,河川浸水,河川浸水,河川浸水｜河川浸水
3,river_flooding,,0.0,0,神田川流域,external point-grid sampling,13106,台東区,Tokyo Metropolitan,Designated,有形文化財,建造物,building_direct,浅草寺六角堂,河川浸水,河川浸水,河川浸水｜河川浸水
157,river_flooding,,0.0,0,神田川流域,external point-grid sampling,13106,台東区,Tokyo Metropolitan,Designated,記念物,旧跡,point,戸田茂睡墓,河川浸水,河川浸水,河川浸水｜河川浸水
158,river_flooding,,0.0,0,神田川流域,external point-grid sampling,13106,台東区,Tokyo Metropolitan,Designated,記念物,旧跡,point,六地蔵石燈籠,河川浸水,河川浸水,河川浸水｜河川浸水
161,river_flooding,,0.0,0,神田川流域,external point-grid sampling,13106,台東区,Tokyo Metropolitan,Designated,記念物,旧跡,point,谷文晁墓,河川浸水,河川浸水,河川浸水｜河川浸水
162,river_flooding,,0.0,0,神田川流域,external point-grid sampling,13106,台東区,Tokyo Metropolitan,Designated,記念物,旧跡,point,幡随院長兵衛墓,河川浸水,河川浸水,河川浸水｜河川浸水
163,river_flooding,,0.0,0,神田川流域,external point-grid sampling,13106,台東区,Tokyo Metropolitan,Designated,記念物,旧跡,point,慈海僧正墓,河川浸水,河川浸水,河川浸水｜河川浸水
166,river_flooding,,0.0,0,神田川流域,external point-grid sampling,13106,台東区,Tokyo Metropolitan,Designated,記念物,旧跡,point,了翁禅師塔碑,河川浸水,河川浸水,河川浸水｜河川浸水
167,river_flooding,,0.0,0,神田川流域,external point-grid sampling,13106,台東区,Tokyo Metropolitan,Designated,記念物,旧跡,point,天海僧正毛髪塔,河川浸水,河川浸水,河川浸水｜河川浸水
168,river_flooding,,0.0,0,神田川流域,external point-grid sampling,13106,台東区,Tokyo Metropolitan,Designated,記念物,旧跡,point,樋口定伊墓,河川浸水,河川浸水,河川浸水｜河川浸水
169,river_flooding,,0.0,0,神田川流域,external point-grid sampling,13106,台東区,Tokyo Metropolitan,Designated,記念物,旧跡,point,山岡鉄舟墓,河川浸水,河川浸水,河川浸水｜河川浸水
170,river_flooding,,0.0,0,神田川流域,external point-grid sampling,13106,台東区,Tokyo Metropolitan,Designated,記念物,旧跡,point,三遊亭円朝墓,河川浸水,河川浸水,河川浸水｜河川浸水
242,river_flooding,,0.0,0,神田川流域,external point-grid sampling,13106,台東区,Tokyo Metropolitan,Designated,記念物,史跡,point,浄厳律師墓,河川浸水,河川浸水,河川浸水｜河川浸水
131067100027,river_flooding,,0.0,0,神田川流域,external point-grid sampling,13106,台東区,Municipal,Other,記念物,史跡,point,狩野芳崖墓 附 狩野芳崖翁碑,河川浸水,河川浸水,河川浸水｜河川浸水
131067100039,river_flooding,,0.0,0,神田川流域,external point-grid sampling,13106,台東区,Municipal,Other,記念物,史跡,point,大沼枕山墓,河川浸水,河川浸水,河川浸水｜河川浸水
131067100047,river_flooding,,0.0,0,神田川流域,external point-grid sampling,13106,台東区,Municipal,Other,記念物,史跡,point,河鍋暁斎墓,河川浸水,河川浸水,河川浸水｜河川浸水
131067100052,river_flooding,,0.0,0,神田川流域,external point-grid sampling,13106,台東区,Municipal,Other,記念物,史跡,point,福地源一郎(桜痴)墓,河川浸水,河川浸水,河川浸水｜河川浸水
131067100067,river_flooding,,0.0,0,神田川流域,external point-grid sampling,13106,台東区,Municipal,Other,記念物,史跡,point,田中芳男墓,河川浸水,河川浸水,河川浸水｜河川浸水
131067100134,river_flooding,,0.0,0,神田川流域,external point-grid sampling,13106,台東区,Municipal,Other,有形文化財,建造物,building_direct,石造多宝塔,河川浸水,河川浸水,河川浸水｜河川浸水
131067100147,river_flooding,,0.0,0,神田川流域,external point-grid sampling,13106,台東区,Municipal,Other,民俗文化財,有形民俗文化財,point,浅草寺絵馬・扁額群,河川浸水,河川浸水,河川浸水｜河川浸水
131067100162,river_flooding,,0.0,0,神田川流域,external point-grid sampling,13106,台東区,Municipal,Other,民俗文化財,有形民俗文化財,point,吉徳これくしょん(和書),河川浸水,河川浸水,河川浸水｜河川浸水
131067100163,river_flooding,,0.0,0,神田川流域,external point-grid sampling,13106,台東区,Municipal,Other,民俗文化財,有形民俗文化財,point,吉徳これくしょん(一枚刷),河川浸水,河川浸水,河川浸水｜河川浸水
131067100168,river_flooding,,0.0,0,神田川流域,external point-grid sampling,13106,台東区,Municipal,Other,民俗文化財,有形民俗文化財,point,吉徳これくしょん〔芝居番付類(一枚刷)〕,河川浸水,河川浸水,河川浸水｜河川浸水
131067100171,river_flooding,,0.0,0,神田川流域,external point-grid sampling,13106,台東区,Municipal,Other,民俗文化財,有形民俗文化財,point,吉徳これくしょん(古文書),河川浸水,河川浸水,河川浸水｜河川浸水
131067100174,river_flooding,,0.0,0,神田川流域,external point-grid sampling,13106,台東区,Municipal,Other,民俗文化財,有形民俗文化財,point,吉徳これくしょん(羽子板),河川浸水,河川浸水,河川浸水｜河川浸水
131067100178,river_flooding,,0.0,0,神田川流域,external point-grid sampling,13106,台東区,Municipal,Other,民俗文化財,有形民俗文化財,point,吉徳これくしょん(五月人形),河川浸水,河川浸水,河川浸水｜河川浸水
131067100181,river_flooding,,0.0,0,神田川流域,external point-grid sampling,13106,台東区,Municipal,Other,民俗文化財,有形民俗文化財,point,吉徳これくしょん(雛人形),河川浸水,河川浸水,河川浸水｜河川浸水
131067100182,river_flooding,,0.0,0,神田川流域,external point-grid sampling,13106,台東区,Municipal,Other,記念物,史跡,point,渋沢栄一家墓所,河川浸水,河川浸水,河川浸水｜河川浸水
official_export_001:59,river_flooding,,0.0,0,神田川流域,external point-grid sampling,13106,台東区,National,Designated,有形文化財,建造物,building_direct,厳有院霊廟勅額門及び水盤舎,河川浸水,河川浸水,河川浸水｜河川浸水
official_export_001:74,river_flooding,,0.0,0,神田川流域,external point-grid sampling,13106,台東区,National,Designated,有形文化財,建造物,building_direct,常憲院霊廟奥院,河川浸水,河川浸水,河川浸水｜河川浸水
official_export_001:77,river_flooding,,0.0,0,神田川流域,external point-grid sampling,13106,台東区,National,Designated,有形文化財,建造物,building_direct,常憲院霊廟勅額門及び水盤舎,河川浸水,河川浸水,河川浸水｜河川浸水
official_export_001:107,river_flooding,,0.0,0,神田川流域,external point-grid sampling,13106,台東区,National,Designated,有形文化財,建造物,building_direct,東照宮社殿,河川浸水,河川浸水,河川浸水｜河川浸水
official_export_001:110,river_flooding,,0.0,0,神田川流域,external point-grid sampling,13106,台東区,National,Designated,有形文化財,建造物,building_direct,東照宮社殿,河川浸水,河川浸水,河川浸水｜河川浸水
official_export_002:29,river_flooding,,0.0,0,神田川流域,external point-grid sampling,13106,台東区,National,Registered,有形文化財,建造物,building_direct,市田家住宅裏門,河川浸水,河川浸水,河川浸水｜河川浸水
official_export_002:30,river_flooding,,0.0,0,神田川流域,external point-grid sampling,13106,台東区,National,Registered,有形文化財,建造物,building_direct,市田家住宅表門,河川浸水,河川浸水,河川浸水｜河川浸水
official_export_002:147,river_flooding,,0.0,0,神田川流域,external point-grid sampling,13106,台東区,National,Registered,有形文化財,建造物,building_direct,旧川嶋屋米倉庫,河川浸水,河川浸水,河川浸水｜河川浸水
official_export_002:283,river_flooding,,0.0,0,神田川流域,external point-grid sampling,13106,台東区,National,Registered,有形文化財,建造物,building_direct,台東区立朝倉彫塑館東屋,河川浸水,河川浸水,河川浸水｜河川浸水
official_export_002:357,river_flooding,,0.0,0,神田川流域,external point-grid sampling,13106,台東区,National,Registered,有形文化財,建造物,building_direct,東京地下鉄銀座線浅草駅四番出入口上家,河川浸水,河川浸水,河川浸水｜河川浸水
official_export_003:2,river_flooding,,0.0,0,神田川流域,external point-grid sampling,13106,台東区,National,Designated,記念物,天然記念物,point,伊能忠敬墓,河川浸水,河川浸水,河川浸水｜河川浸水
official_export_003:14,river_flooding,,0.0,0,神田川流域,external point-grid sampling,13106,台東区,National,Designated,記念物,天然記念物,point,蒲生君平墓,河川浸水,河川浸水,河川浸水｜河川浸水
official_export_003:16,river_flooding,,0.0,0,神田川流域,external point-grid sampling,13106,台東区,National,Designated,記念物,天然記念物,point,旧朝倉文夫氏庭園,河川浸水,河川浸水,河川浸水｜河川浸水
official_export_003:42,river_flooding,,0.0,0,神田川流域,external point-grid sampling,13106,台東区,National,Designated,記念物,天然記念物,point,高橋至時墓,河川浸水,河川浸水,河川浸水｜河川浸水
3,river_flooding,,0.01,0–0.5 m,秋川及び平井川流域,external point-grid sampling,13106,台東区,Tokyo Metropolitan,Designated,有形文化財,建造物,building_direct,浅草寺六角堂,河川浸水,河川浸水,河川浸水｜河川浸水
official_export_001:91,river_flooding,,0.3,0–0.5 m,隅田川及び新河岸川流域,external point-grid sampling,13106,台東区,National,Designated,有形文化財,建造物,building_direct,浅草寺二天門,河川浸水,河川浸水,河川浸水｜河川浸水
official_export_002:40,river_flooding,,0.0,0,隅田川及び新河岸川流域,external point-grid sampling,13106,台東区,National,Registered,有形文化財,建造物,building_direct,今半別館北棟,河川浸水,河川浸水,河川浸水｜河川浸水
official_export_001:0,river_flooding,,0.0,0,隅田川及び新河岸川流域,external point-grid sampling,13106,台東区,National,Designated,有形文化財,建造物,building_direct,浅草神社,河川浸水,河川浸水,河川浸水｜河川浸水
official_export_001:1,river_flooding,,0.0,0,隅田川及び新河岸川流域,external point-grid sampling,13106,台東区,National,Designated,有形文化財,建造物,building_direct,浅草神社,河川浸水,河川浸水,河川浸水｜河川浸水
official_export_002:42,river_flooding,,0.0,0,隅田川及び新河岸川流域,external point-grid sampling,13106,台東区,National,Registered,有形文化財,建造物,building_direct,今半別館南棟,河川浸水,河川浸水,河川浸水｜河川浸水
official_export_002:41,river_flooding,,0.0,0,隅田川及び新河岸川流域,external point-grid sampling,13106,台東区,National,Registered,有形文化財,建造物,building_direct,今半別館玄関棟,河川浸水,河川浸水,河川浸水｜河川浸水
official_export_002:312,river_flooding,,0.0,0,隅田川及び新河岸川流域,external point-grid sampling,13106,台東区,National,Registered,有形文化財,建造物,building_direct,茶寮一松店舗及び住居,河川浸水,河川浸水,河川浸水｜河川浸水
official_export_001:90,river_flooding,,0.0,0,隅田川及び新河岸川流域,external point-grid sampling,13106,台東区,National,Designated,有形文化財,建造物,building_direct,浅草寺伝法院,河川浸水,河川浸水,河川浸水｜河川浸水
official_export_002:311,river_flooding,,0.0,0,隅田川及び新河岸川流域,external point-grid sampling,13106,台東区,National,Registered,有形文化財,建造物,building_direct,茶寮一松表門及び塀,河川浸水,河川浸水,河川浸水｜河川浸水
official_export_002:132,river_flooding,,0.03,0–0.5 m,隅田川及び新河岸川流域,external point-grid sampling,13106,台東区,National,Registered,有形文化財,建造物,building_direct,ギャラリー・エフ蔵(株式会社淵川金属事務所),河川浸水,河川浸水,河川浸水｜河川浸水
official_export_002:44,river_flooding,,0.01,0–0.5 m,隅田川及び新河岸川流域,external point-grid sampling,13106,台東区,National,Registered,有形文化財,建造物,building_direct,今半本店西奥座敷,河川浸水,河川浸水,河川浸水｜河川浸水
official_export_002:45,river_flooding,,0.01,0–0.5 m,隅田川及び新河岸川流域,external point-grid sampling,13106,台東区,National,Registered,有形文化財,建造物,building_direct,今半本店東奥座敷,河川浸水,河川浸水,河川浸水｜河川浸水
official_export_002:107,river_flooding,,0.0,0,隅田川及び新河岸川流域,external point-grid sampling,13106,台東区,National,Registered,有形文化財,建造物,building_direct,神谷バー本館,河川浸水,河川浸水,河川浸水｜河川浸水
official_export_001:85,river_flooding,,0.07,0–0.5 m,隅田川及び新河岸川流域,external point-grid sampling,13106,台東区,National,Designated,有形文化財,建造物,building_direct,浅草寺伝法院,河川浸水,河川浸水,河川浸水｜河川浸水
official_export_001:88,river_flooding,,0.07,0–0.5 m,隅田川及び新河岸川流域,external point-grid sampling,13106,台東区,National,Designated,有形文化財,建造物,building_direct,浅草寺伝法院,河川浸水,河川浸水,河川浸水｜河川浸水
official_export_001:86,river_flooding,,0.0,0,隅田川及び新河岸川流域,external point-grid sampling,13106,台東区,National,Designated,有形文化財,建造物,building_direct,浅草寺伝法院,河川浸水,河川浸水,河川浸水｜河川浸水
official_export_001:87,river_flooding,,0.0,0,隅田川及び新河岸川流域,external point-grid sampling,13106,台東区,National,Designated,有形文化財,建造物,building_direct,浅草寺伝法院,河川浸水,河川浸水,河川浸水｜河川浸水
official_export_001:89,river_flooding,,0.0,0,隅田川及び新河岸川流域,external point-grid sampling,13106,台東区,National,Designated,有形文化財,建造物,building_direct,浅草寺伝法院,河川浸水,河川浸水,河川浸水｜河川浸水
165,river_flooding,,0.43,0–0.5 m,隅田川及び新河岸川流域,external point-grid sampling,13106,台東区,Tokyo Metropolitan,Designated,記念物,旧跡,point,山田宗?墓,河川浸水,河川浸水,河川浸水｜河川浸水
official_export_002:140,river_flooding,,0.68,0.5–3 m,隅田川及び新河岸川流域,external point-grid sampling,13106,台東区,National,Registered,有形文化財,建造物,building_direct,旧井阪屋本店河合ビル稲荷社,河川浸水,河川浸水,河川浸水｜河川浸水
official_export_002:376,river_flooding,,0.68,0.5–3 m,隅田川及び新河岸川流域,external point-grid sampling,13106,台東区,National,Registered,有形文化財,建造物,building_direct,難波商店店舗兼主屋,河川浸水,河川浸水,河川浸水｜河川浸水
official_export_002:43,river_flooding,,0.0,0,隅田川及び新河岸川流域,external point-grid sampling,13106,台東区,National,Registered,有形文化財,建造物,building_direct,今半本店北奥座敷,河川浸水,河川浸水,河川浸水｜河川浸水
official_export_002:139,river_flooding,,0.0,0,隅田川及び新河岸川流域,external point-grid sampling,13106,台東区,National,Registered,有形文化財,建造物,building_direct,旧井阪屋本店河合ビル,河川浸水,河川浸水,河川浸水｜河川浸水
164,river_flooding,,0.0,0,隅田川及び新河岸川流域,external point-grid sampling,13106,台東区,Tokyo Metropolitan,Designated,記念物,旧跡,point,葛飾北斎墓,河川浸水,河川浸水,河川浸水｜河川浸水
159,river_flooding,,0.83,0.5–3 m,隅田川及び新河岸川流域,external point-grid sampling,13106,台東区,Tokyo Metropolitan,Designated,記念物,旧跡,point,玉川庄右衛門及び同清右衛門墓,河川浸水,河川浸水,河川浸水｜河川浸水
244,river_flooding,,0.06,0–0.5 m,隅田川及び新河岸川流域,external point-grid sampling,13106,台東区,Tokyo Metropolitan,Designated,記念物,史跡,point,中村不折旧宅(書道博物館),河川浸水,河川浸水,河川浸水｜河川浸水
243,river_flooding,,0.07,0–0.5 m,隅田川及び新河岸川流域,external point-grid sampling,13106,台東区,Tokyo Metropolitan,Designated,記念物,史跡,point,子規庵,河川浸水,河川浸水,河川浸水｜河川浸水
131067100029,river_flooding,,0.0,0,隅田川及び新河岸川流域,external point-grid sampling,13106,台東区,Municipal,Other,有形文化財,建造物,building_direct,石造宝篋印塔,河川浸水,河川浸水,河川浸水｜河川浸水
official_export_002:385,river_flooding,,0.0,0,隅田川及び新河岸川流域,external point-grid sampling,13106,台東区,National,Registered,有形文化財,建造物,building_direct,日本聖公会浅草聖ヨハネ教会,河川浸水,河川浸水,河川浸水｜河川浸水
official_export_002:282,river_flooding,,0.68,0.5–3 m,隅田川及び新河岸川流域,external point-grid sampling,13106,台東区,National,Registered,有形文化財,建造物,building_direct,タイガービルヂング,河川浸水,河川浸水,河川浸水｜河川浸水
official_export_002:367,river_flooding,,0.01,0–0.5 m,隅田川及び新河岸川流域,external point-grid sampling,13106,台東区,National,Registered,有形文化財,建造物,building_direct,中江店舗,河川浸水,河川浸水,河川浸水｜河川浸水
official_export_002:28,river_flooding,,0.01,0–0.5 m,隅田川及び新河岸川流域,external point-grid sampling,13106,台東区,National,Registered,有形文化財,建造物,building_direct,伊勢屋店舗兼主屋,河川浸水,河川浸水,河川浸水｜河川浸水
131067100075,river_flooding,,0.87,0.5–3 m,隅田川及び新河岸川流域,external point-grid sampling,13106,台東区,Municipal,Designated,民俗文化財,有形民俗文化財,point,浅草浅間神社本殿并びに諸資料 付 境内地,河川浸水,河川浸水,河川浸水｜河川浸水
official_export_002:243,river_flooding,,0.0,0,隅田川及び新河岸川流域,external point-grid sampling,13106,台東区,National,Registered,有形文化財,建造物,building_direct,西徳寺本堂,河川浸水,河川浸水,河川浸水｜河川浸水
official_export_002:325,river_flooding,,0.12,0–0.5 m,隅田川及び新河岸川流域,external point-grid sampling,13106,台東区,National,Registered,有形文化財,建造物,building_direct,燕湯,河川浸水,河川浸水,河川浸水｜河川浸水
3,river_flooding,,0.0,0,隅田川及び新河岸川流域,external point-grid sampling,13106,台東区,Tokyo Metropolitan,Designated,有形文化財,建造物,building_direct,浅草寺六角堂,河川浸水,河川浸水,河川浸水｜河川浸水
157,river_flooding,,0.0,0,隅田川及び新河岸川流域,external point-grid sampling,13106,台東区,Tokyo Metropolitan,Designated,記念物,旧跡,point,戸田茂睡墓,河川浸水,河川浸水,河川浸水｜河川浸水
158,river_flooding,,0.0,0,隅田川及び新河岸川流域,external point-grid sampling,13106,台東区,Tokyo Metropolitan,Designated,記念物,旧跡,point,六地蔵石燈籠,河川浸水,河川浸水,河川浸水｜河川浸水
161,river_flooding,,0.19,0–0.5 m,隅田川及び新河岸川流域,external point-grid sampling,13106,台東区,Tokyo Metropolitan,Designated,記念物,旧跡,point,谷文晁墓,河川浸水,河川浸水,河川浸水｜河川浸水
162,river_flooding,,0.19,0–0.5 m,隅田川及び新河岸川流域,external point-grid sampling,13106,台東区,Tokyo Metropolitan,Designated,記念物,旧跡,point,幡随院長兵衛墓,河川浸水,河川浸水,河川浸水｜河川浸水
131067100060,river_flooding,,1.07,0.5–3 m,隅田川及び新河岸川流域,external point-grid sampling,13106,台東区,Municipal,Other,記念物,史跡,point,柴田是真墓,河川浸水,河川浸水,河川浸水｜河川浸水
131067100132,river_flooding,,1.07,0.5–3 m,隅田川及び新河岸川流域,external point-grid sampling,13106,台東区,Municipal,Other,民俗文化財,有形民俗文化財,point,大太刀(陰陽丸),河川浸水,河川浸水,河川浸水｜河川浸水
131067100134,river_flooding,,0.35,0–0.5 m,隅田川及び新河岸川流域,external point-grid sampling,13106,台東区,Municipal,Other,有形文化財,建造物,building_direct,石造多宝塔,河川浸水,河川浸水,河川浸水｜河川浸水
131067100147,river_flooding,,0.35,0–0.5 m,隅田川及び新河岸川流域,external point-grid sampling,13106,台東区,Municipal,Other,民俗文化財,有形民俗文化財,point,浅草寺絵馬・扁額群,河川浸水,河川浸水,河川浸水｜河川浸水
131067100162,river_flooding,,0.42,0–0.5 m,隅田川及び新河岸川流域,external point-grid sampling,13106,台東区,Municipal,Other,民俗文化財,有形民俗文化財,point,吉徳これくしょん(和書),河川浸水,河川浸水,河川浸水｜河川浸水
131067100163,river_flooding,,0.42,0–0.5 m,隅田川及び新河岸川流域,external point-grid sampling,13106,台東区,Municipal,Other,民俗文化財,有形民俗文化財,point,吉徳これくしょん(一枚刷),河川浸水,河川浸水,河川浸水｜河川浸水
131067100168,river_flooding,,0.42,0–0.5 m,隅田川及び新河岸川流域,external point-grid sampling,13106,台東区,Municipal,Other,民俗文化財,有形民俗文化財,point,吉徳これくしょん〔芝居番付類(一枚刷)〕,河川浸水,河川浸水,河川浸水｜河川浸水
131067100171,river_flooding,,0.42,0–0.5 m,隅田川及び新河岸川流域,external point-grid sampling,13106,台東区,Municipal,Other,民俗文化財,有形民俗文化財,point,吉徳これくしょん(古文書),河川浸水,河川浸水,河川浸水｜河川浸水
131067100174,river_flooding,,0.42,0–0.5 m,隅田川及び新河岸川流域,external point-grid sampling,13106,台東区,Municipal,Other,民俗文化財,有形民俗文化財,point,吉徳これくしょん(羽子板),河川浸水,河川浸水,河川浸水｜河川浸水
131067100178,river_flooding,,0.42,0–0.5 m,隅田川及び新河岸川流域,external point-grid sampling,13106,台東区,Municipal,Other,民俗文化財,有形民俗文化財,point,吉徳これくしょん(五月人形),河川浸水,河川浸水,河川浸水｜河川浸水
131067100181,river_flooding,,0.42,0–0.5 m,隅田川及び新河岸川流域,external point-grid sampling,13106,台東区,Municipal,Other,民俗文化財,有形民俗文化財,point,吉徳これくしょん(雛人形),河川浸水,河川浸水,河川浸水｜河川浸水
official_export_001:59,river_flooding,,0.0,0,隅田川及び新河岸川流域,external point-grid sampling,13106,台東区,National,Designated,有形文化財,建造物,building_direct,厳有院霊廟勅額門及び水盤舎,河川浸水,河川浸水,河川浸水｜河川浸水
official_export_001:74,river_flooding,,0.0,0,隅田川及び新河岸川流域,external point-grid sampling,13106,台東区,National,Designated,有形文化財,建造物,building_direct,常憲院霊廟奥院,河川浸水,河川浸水,河川浸水｜河川浸水
official_export_002:357,river_flooding,,0.0,0,隅田川及び新河岸川流域,external point-grid sampling,13106,台東区,National,Registered,有形文化財,建造物,building_direct,東京地下鉄銀座線浅草駅四番出入口上家,河川浸水,河川浸水,河川浸水｜河川浸水
official_export_003:2,river_flooding,,0.37,0–0.5 m,隅田川及び新河岸川流域,external point-grid sampling,13106,台東区,National,Designated,記念物,天然記念物,point,伊能忠敬墓,河川浸水,河川浸水,河川浸水｜河川浸水
official_export_003:42,river_flooding,,0.84,0.5–3 m,隅田川及び新河岸川流域,external point-grid sampling,13106,台東区,National,Designated,記念物,天然記念物,point,高橋至時墓,河川浸水,河川浸水,河川浸水｜河川浸水
official_export_003:59,river_flooding,,0.59,0.5–3 m,隅田川及び新河岸川流域,external point-grid sampling,13106,台東区,National,Designated,記念物,天然記念物,point,平賀源内墓,河川浸水,河川浸水,河川浸水｜河川浸水
3,river_flooding,想定最大規模,3.0,0.5–3 m,A31a 荒川,A31a polygon intersection,13106,台東区,Tokyo Metropolitan,Designated,有形文化財,建造物,building_direct,浅草寺六角堂,河川浸水,想定最大規模,河川浸水｜想定最大規模
157,river_flooding,想定最大規模,3.0,0.5–3 m,A31a 荒川,A31a polygon intersection,13106,台東区,Tokyo Metropolitan,Designated,記念物,旧跡,point,戸田茂睡墓,河川浸水,想定最大規模,河川浸水｜想定最大規模
158,river_flooding,想定最大規模,3.0,0.5–3 m,A31a 荒川,A31a polygon intersection,13106,台東区,Tokyo Metropolitan,Designated,記念物,旧跡,point,六地蔵石燈籠,河川浸水,想定最大規模,河川浸水｜想定最大規模
159,river_flooding,想定最大規模,5.0,3–5 m,A31a 荒川,A31a polygon intersection,13106,台東区,Tokyo Metropolitan,Designated,記念物,旧跡,point,玉川庄右衛門及び同清右衛門墓,河川浸水,想定最大規模,河川浸水｜想定最大規模
161,river_flooding,想定最大規模,3.0,0.5–3 m,A31a 荒川,A31a polygon intersection,13106,台東区,Tokyo Metropolitan,Designated,記念物,旧跡,point,谷文晁墓,河川浸水,想定最大規模,河川浸水｜想定最大規模
162,river_flooding,想定最大規模,3.0,0.5–3 m,A31a 荒川,A31a polygon intersection,13106,台東区,Tokyo Metropolitan,Designated,記念物,旧跡,point,幡随院長兵衛墓,河川浸水,想定最大規模,河川浸水｜想定最大規模
164,river_flooding,想定最大規模,3.0,0.5–3 m,A31a 荒川,A31a polygon intersection,13106,台東区,Tokyo Metropolitan,Designated,記念物,旧跡,point,葛飾北斎墓,河川浸水,想定最大規模,河川浸水｜想定最大規模
165,river_flooding,想定最大規模,3.0,0.5–3 m,A31a 荒川,A31a polygon intersection,13106,台東区,Tokyo Metropolitan,Designated,記念物,旧跡,point,山田宗?墓,河川浸水,想定最大規模,河川浸水｜想定最大規模
244,river_flooding,想定最大規模,0.5,0–0.5 m,A31a 荒川,A31a polygon intersection,13106,台東区,Tokyo Metropolitan,Designated,記念物,史跡,point,中村不折旧宅(書道博物館),河川浸水,想定最大規模,河川浸水｜想定最大規模
131067100029,river_flooding,想定最大規模,5.0,3–5 m,A31a 荒川,A31a polygon intersection,13106,台東区,Municipal,Other,有形文化財,建造物,building_direct,石造宝篋印塔,河川浸水,想定最大規模,河川浸水｜想定最大規模
131067100060,river_flooding,想定最大規模,5.0,3–5 m,A31a 荒川,A31a polygon intersection,13106,台東区,Municipal,Other,記念物,史跡,point,柴田是真墓,河川浸水,想定最大規模,河川浸水｜想定最大規模
131067100075,river_flooding,想定最大規模,5.0,3–5 m,A31a 荒川,A31a polygon intersection,13106,台東区,Municipal,Designated,民俗文化財,有形民俗文化財,point,浅草浅間神社本殿并びに諸資料 付 境内地,河川浸水,想定最大規模,河川浸水｜想定最大規模
131067100132,river_flooding,想定最大規模,5.0,3–5 m,A31a 荒川,A31a polygon intersection,13106,台東区,Municipal,Other,民俗文化財,有形民俗文化財,point,大太刀(陰陽丸),河川浸水,想定最大規模,河川浸水｜想定最大規模
131067100134,river_flooding,想定最大規模,5.0,3–5 m,A31a 荒川,A31a polygon intersection,13106,台東区,Municipal,Other,有形文化財,建造物,building_direct,石造多宝塔,河川浸水,想定最大規模,河川浸水｜想定最大規模
131067100147,river_flooding,想定最大規模,5.0,3–5 m,A31a 荒川,A31a polygon intersection,13106,台東区,Municipal,Other,民俗文化財,有形民俗文化財,point,浅草寺絵馬・扁額群,河川浸水,想定最大規模,河川浸水｜想定最大規模
131067100162,river_flooding,想定最大規模,3.0,0.5–3 m,A31a 荒川,A31a polygon intersection,13106,台東区,Municipal,Other,民俗文化財,有形民俗文化財,point,吉徳これくしょん(和書),河川浸水,想定最大規模,河川浸水｜想定最大規模
131067100163,river_flooding,想定最大規模,3.0,0.5–3 m,A31a 荒川,A31a polygon intersection,13106,台東区,Municipal,Other,民俗文化財,有形民俗文化財,point,吉徳これくしょん(一枚刷),河川浸水,想定最大規模,河川浸水｜想定最大規模
131067100168,river_flooding,想定最大規模,3.0,0.5–3 m,A31a 荒川,A31a polygon intersection,13106,台東区,Municipal,Other,民俗文化財,有形民俗文化財,point,吉徳これくしょん〔芝居番付類(一枚刷)〕,河川浸水,想定最大規模,河川浸水｜想定最大規模
131067100171,river_flooding,想定最大規模,3.0,0.5–3 m,A31a 荒川,A31a polygon intersection,13106,台東区,Municipal,Other,民俗文化財,有形民俗文化財,point,吉徳これくしょん(古文書),河川浸水,想定最大規模,河川浸水｜想定最大規模
131067100174,river_flooding,想定最大規模,3.0,0.5–3 m,A31a 荒川,A31a polygon intersection,13106,台東区,Municipal,Other,民俗文化財,有形民俗文化財,point,吉徳これくしょん(羽子板),河川浸水,想定最大規模,河川浸水｜想定最大規模
131067100178,river_flooding,想定最大規模,3.0,0.5–3 m,A31a 荒川,A31a polygon intersection,13106,台東区,Municipal,Other,民俗文化財,有形民俗文化財,point,吉徳これくしょん(五月人形),河川浸水,想定最大規模,河川浸水｜想定最大規模
131067100181,river_flooding,想定最大規模,3.0,0.5–3 m,A31a 荒川,A31a polygon intersection,13106,台東区,Municipal,Other,民俗文化財,有形民俗文化財,point,吉徳これくしょん(雛人形),河川浸水,想定最大規模,河川浸水｜想定最大規模
official_export_001:0,river_flooding,想定最大規模,3.0,0.5–3 m,A31a 荒川,A31a polygon intersection,13106,台東区,National,Designated,有形文化財,建造物,building_direct,浅草神社,河川浸水,想定最大規模,河川浸水｜想定最大規模
official_export_001:1,river_flooding,想定最大規模,3.0,0.5–3 m,A31a 荒川,A31a polygon intersection,13106,台東区,National,Designated,有形文化財,建造物,building_direct,浅草神社,河川浸水,想定最大規模,河川浸水｜想定最大規模
official_export_001:85,river_flooding,想定最大規模,3.0,0.5–3 m,A31a 荒川,A31a polygon intersection,13106,台東区,National,Designated,有形文化財,建造物,building_direct,浅草寺伝法院,河川浸水,想定最大規模,河川浸水｜想定最大規模
official_export_001:86,river_flooding,想定最大規模,3.0,0.5–3 m,A31a 荒川,A31a polygon intersection,13106,台東区,National,Designated,有形文化財,建造物,building_direct,浅草寺伝法院,河川浸水,想定最大規模,河川浸水｜想定最大規模
official_export_001:87,river_flooding,想定最大規模,3.0,0.5–3 m,A31a 荒川,A31a polygon intersection,13106,台東区,National,Designated,有形文化財,建造物,building_direct,浅草寺伝法院,河川浸水,想定最大規模,河川浸水｜想定最大規模
official_export_001:88,river_flooding,想定最大規模,3.0,0.5–3 m,A31a 荒川,A31a polygon intersection,13106,台東区,National,Designated,有形文化財,建造物,building_direct,浅草寺伝法院,河川浸水,想定最大規模,河川浸水｜想定最大規模
official_export_001:89,river_flooding,想定最大規模,3.0,0.5–3 m,A31a 荒川,A31a polygon intersection,13106,台東区,National,Designated,有形文化財,建造物,building_direct,浅草寺伝法院,河川浸水,想定最大規模,河川浸水｜想定最大規模
official_export_001:90,river_flooding,想定最大規模,3.0,0.5–3 m,A31a 荒川,A31a polygon intersection,13106,台東区,National,Designated,有形文化財,建造物,building_direct,浅草寺伝法院,河川浸水,想定最大規模,河川浸水｜想定最大規模
official_export_001:91,river_flooding,想定最大規模,3.0,0.5–3 m,A31a 荒川,A31a polygon intersection,13106,台東区,National,Designated,有形文化財,建造物,building_direct,浅草寺二天門,河川浸水,想定最大規模,河川浸水｜想定最大規模
official_export_002:28,river_flooding,想定最大規模,3.0,0.5–3 m,A31a 荒川,A31a polygon intersection,13106,台東区,National,Registered,有形文化財,建造物,building_direct,伊勢屋店舗兼主屋,河川浸水,想定最大規模,河川浸水｜想定最大規模
official_export_002:40,river_flooding,想定最大規模,3.0,0.5–3 m,A31a 荒川,A31a polygon intersection,13106,台東区,National,Registered,有形文化財,建造物,building_direct,今半別館北棟,河川浸水,想定最大規模,河川浸水｜想定最大規模
official_export_002:41,river_flooding,想定最大規模,3.0,0.5–3 m,A31a 荒川,A31a polygon intersection,13106,台東区,National,Registered,有形文化財,建造物,building_direct,今半別館玄関棟,河川浸水,想定最大規模,河川浸水｜想定最大規模
official_export_002:42,river_flooding,想定最大規模,3.0,0.5–3 m,A31a 荒川,A31a polygon intersection,13106,台東区,National,Registered,有形文化財,建造物,building_direct,今半別館南棟,河川浸水,想定最大規模,河川浸水｜想定最大規模
official_export_002:43,river_flooding,想定最大規模,3.0,0.5–3 m,A31a 荒川,A31a polygon intersection,13106,台東区,National,Registered,有形文化財,建造物,building_direct,今半本店北奥座敷,河川浸水,想定最大規模,河川浸水｜想定最大規模
official_export_002:44,river_flooding,想定最大規模,3.0,0.5–3 m,A31a 荒川,A31a polygon intersection,13106,台東区,National,Registered,有形文化財,建造物,building_direct,今半本店西奥座敷,河川浸水,想定最大規模,河川浸水｜想定最大規模
official_export_002:45,river_flooding,想定最大規模,3.0,0.5–3 m,A31a 荒川,A31a polygon intersection,13106,台東区,National,Registered,有形文化財,建造物,building_direct,今半本店東奥座敷,河川浸水,想定最大規模,河川浸水｜想定最大規模
official_export_002:107,river_flooding,想定最大規模,3.0,0.5–3 m,A31a 荒川,A31a polygon intersection,13106,台東区,National,Registered,有形文化財,建造物,building_direct,神谷バー本館,河川浸水,想定最大規模,河川浸水｜想定最大規模
official_export_002:132,river_flooding,想定最大規模,3.0,0.5–3 m,A31a 荒川,A31a polygon intersection,13106,台東区,National,Registered,有形文化財,建造物,building_direct,ギャラリー・エフ蔵(株式会社淵川金属事務所),河川浸水,想定最大規模,河川浸水｜想定最大規模
official_export_002:140,river_flooding,想定最大規模,5.0,3–5 m,A31a 荒川,A31a polygon intersection,13106,台東区,National,Registered,有形文化財,建造物,building_direct,旧井阪屋本店河合ビル稲荷社,河川浸水,想定最大規模,河川浸水｜想定最大規模
official_export_002:243,river_flooding,想定最大規模,5.0,3–5 m,A31a 荒川,A31a polygon intersection,13106,台東区,National,Registered,有形文化財,建造物,building_direct,西徳寺本堂,河川浸水,想定最大規模,河川浸水｜想定最大規模
official_export_002:282,river_flooding,想定最大規模,5.0,3–5 m,A31a 荒川,A31a polygon intersection,13106,台東区,National,Registered,有形文化財,建造物,building_direct,タイガービルヂング,河川浸水,想定最大規模,河川浸水｜想定最大規模
official_export_002:311,river_flooding,想定最大規模,3.0,0.5–3 m,A31a 荒川,A31a polygon intersection,13106,台東区,National,Registered,有形文化財,建造物,building_direct,茶寮一松表門及び塀,河川浸水,想定最大規模,河川浸水｜想定最大規模
official_export_002:312,river_flooding,想定最大規模,3.0,0.5–3 m,A31a 荒川,A31a polygon intersection,13106,台東区,National,Registered,有形文化財,建造物,building_direct,茶寮一松店舗及び住居,河川浸水,想定最大規模,河川浸水｜想定最大規模
official_export_002:325,river_flooding,想定最大規模,3.0,0.5–3 m,A31a 荒川,A31a polygon intersection,13106,台東区,National,Registered,有形文化財,建造物,building_direct,燕湯,河川浸水,想定最大規模,河川浸水｜想定最大規模
official_export_002:357,river_flooding,想定最大規模,3.0,0.5–3 m,A31a 荒川,A31a polygon intersection,13106,台東区,National,Registered,有形文化財,建造物,building_direct,東京地下鉄銀座線浅草駅四番出入口上家,河川浸水,想定最大規模,河川浸水｜想定最大規模
official_export_002:367,river_flooding,想定最大規模,3.0,0.5–3 m,A31a 荒川,A31a polygon intersection,13106,台東区,National,Registered,有形文化財,建造物,building_direct,中江店舗,河川浸水,想定最大規模,河川浸水｜想定最大規模
official_export_002:376,river_flooding,想定最大規模,5.0,3–5 m,A31a 荒川,A31a polygon intersection,13106,台東区,National,Registered,有形文化財,建造物,building_direct,難波商店店舗兼主屋,河川浸水,想定最大規模,河川浸水｜想定最大規模
official_export_002:385,river_flooding,想定最大規模,3.0,0.5–3 m,A31a 荒川,A31a polygon intersection,13106,台東区,National,Registered,有形文化財,建造物,building_direct,日本聖公会浅草聖ヨハネ教会,河川浸水,想定最大規模,河川浸水｜想定最大規模
official_export_003:2,river_flooding,想定最大規模,5.0,3–5 m,A31a 荒川,A31a polygon intersection,13106,台東区,National,Designated,記念物,天然記念物,point,伊能忠敬墓,河川浸水,想定最大規模,河川浸水｜想定最大規模
official_export_003:42,river_flooding,想定最大規模,5.0,3–5 m,A31a 荒川,A31a polygon intersection,13106,台東区,National,Designated,記念物,天然記念物,point,高橋至時墓,河川浸水,想定最大規模,河川浸水｜想定最大規模
official_export_003:59,river_flooding,想定最大規模,5.0,3–5 m,A31a 荒川,A31a polygon intersection,13106,台東区,National,Designated,記念物,天然記念物,point,平賀源内墓,河川浸水,想定最大規模,河川浸水｜想定最大規模
