source_level,source_authority,source_dataset,source_record_id,source_url,source_file,name,name_kana,place_name,address_detail,owner,address,municipality,municipality_code,category,type,designation,designation_date,latitude,longitude,entity_class,geometry_role,designation_level,raw_category,raw_type,raw_designation,designation_level_code,designation_level_ja,designation_status_code,designation_status_ja,heritage_type_major_code,heritage_type_major_ja,heritage_type_detail,classification_confidence
national,文化庁,国指定文化財等データベース CSV export,official_export_001:0,,13Tokyo/raw/national/official_export_001.csv,浅草神社,,,,,東京都台東区浅草二丁目,台東区,13106,国宝・重要文化財(建造物),建造物,national,,35.71500861,139.79743146,building_direct,building_candidate_point,national,国宝・重要文化財(建造物),国宝・重要文化財(建造物),,national,国,designated,指定,tangible,有形文化財,建造物,medium
national,文化庁,国指定文化財等データベース CSV export,official_export_001:1,,13Tokyo/raw/national/official_export_001.csv,浅草神社,,,,,東京都台東区浅草二丁目,台東区,13106,国宝・重要文化財(建造物),建造物,national,,35.71511923,139.79744467,building_direct,building_candidate_point,national,国宝・重要文化財(建造物),国宝・重要文化財(建造物),,national,国,designated,指定,tangible,有形文化財,建造物,medium
national,文化庁,国指定文化財等データベース CSV export,official_export_001:2,,13Tokyo/raw/national/official_export_001.csv,旧朝倉家住宅,,,,,東京都渋谷区猿楽町29番地,渋谷区,13113,国宝・重要文化財(建造物),建造物,national,,35.64751567,139.70090103,building_direct,building_candidate_point,national,国宝・重要文化財(建造物),国宝・重要文化財(建造物),,national,国,designated,指定,tangible,有形文化財,建造物,medium
national,文化庁,国指定文化財等データベース CSV export,official_export_001:3,,13Tokyo/raw/national/official_export_001.csv,池上本門寺宝塔,,,,,東京都大田区池上一丁目,大田区,13111,国宝・重要文化財(建造物),建造物,national,,35.58006717,139.70419986,building_direct,building_candidate_point,national,国宝・重要文化財(建造物),国宝・重要文化財(建造物),,national,国,designated,指定,tangible,有形文化財,建造物,medium
national,文化庁,国指定文化財等データベース CSV export,official_export_001:4,,13Tokyo/raw/national/official_export_001.csv,旧磯野家住宅,,,,,東京都文京区小石川五丁目19番4号,文京区,13105,国宝・重要文化財(建造物),建造物,national,,35.71884686,139.73766406,building_direct,building_candidate_point,national,国宝・重要文化財(建造物),国宝・重要文化財(建造物),,national,国,designated,指定,tangible,有形文化財,建造物,medium
national,文化庁,国指定文化財等データベース CSV export,official_export_001:5,,13Tokyo/raw/national/official_export_001.csv,旧磯野家住宅,,,,,東京都文京区小石川五丁目19番4号,文京区,13105,国宝・重要文化財(建造物),建造物,national,,35.71900908,139.73826314,building_direct,building_candidate_point,national,国宝・重要文化財(建造物),国宝・重要文化財(建造物),,national,国,designated,指定,tangible,有形文化財,建造物,medium
national,文化庁,国指定文化財等データベース CSV export,official_export_001:6,,13Tokyo/raw/national/official_export_001.csv,旧岩崎家住宅(東京都台東区池之端一丁目),,,,,東京都台東区池之端一丁目111番,台東区,13106,国宝・重要文化財(建造物),建造物,national,,35.70955294,139.76696889,building_direct,building_candidate_point,national,国宝・重要文化財(建造物),国宝・重要文化財(建造物),,national,国,designated,指定,tangible,有形文化財,建造物,medium
national,文化庁,国指定文化財等データベース CSV export,official_export_001:7,,13Tokyo/raw/national/official_export_001.csv,旧岩崎家住宅(東京都台東区池之端一丁目),,,,,東京都台東区池之端一丁目111番,台東区,13106,国宝・重要文化財(建造物),建造物,national,,35.70973339,139.76722547,building_direct,building_candidate_point,national,国宝・重要文化財(建造物),国宝・重要文化財(建造物),,national,国,designated,指定,tangible,有形文化財,建造物,medium
national,文化庁,国指定文化財等データベース CSV export,official_export_001:8,,13Tokyo/raw/national/official_export_001.csv,旧岩崎家住宅(東京都台東区池之端一丁目),,,,,東京都台東区池之端一丁目3番45号,台東区,13106,国宝・重要文化財(建造物),建造物,national,,35.70991948,139.76752998,building_direct,building_candidate_point,national,国宝・重要文化財(建造物),国宝・重要文化財(建造物),,national,国,designated,指定,tangible,有形文化財,建造物,medium
national,文化庁,国指定文化財等データベース CSV export,official_export_001:9,,13Tokyo/raw/national/official_export_001.csv,旧因州池田屋敷表門,,,,,東京都台東区上野公園13番9号東京国立博物館構内,台東区,13106,国宝・重要文化財(建造物),建造物,national,,35.71814431,139.77462759,building_direct,building_candidate_point,national,国宝・重要文化財(建造物),国宝・重要文化財(建造物),,national,国,designated,指定,tangible,有形文化財,建造物,medium
national,文化庁,国指定文化財等データベース CSV export,official_export_001:10,,13Tokyo/raw/national/official_export_001.csv,永代橋,,,,,東京都中央区新川、江東区佐賀,中央区,13102,国宝・重要文化財(建造物),建造物,national,,35.67629726,139.78753603,building_direct,building_candidate_point,national,国宝・重要文化財(建造物),国宝・重要文化財(建造物),,national,国,designated,指定,tangible,有形文化財,建造物,medium
national,文化庁,国指定文化財等データベース CSV export,official_export_001:11,,13Tokyo/raw/national/official_export_001.csv,旧江戸城清水門,,,,,東京都千代田区北の丸公園,千代田区,13101,国宝・重要文化財(建造物),建造物,national,,35.69276557,139.75259329,building_direct,building_candidate_point,national,国宝・重要文化財(建造物),国宝・重要文化財(建造物),,national,国,designated,指定,tangible,有形文化財,建造物,medium
national,文化庁,国指定文化財等データベース CSV export,official_export_001:12,,13Tokyo/raw/national/official_export_001.csv,旧江戸城清水門,,,,,東京都千代田区北の丸公園,千代田区,13101,国宝・重要文化財(建造物),建造物,national,,35.69278731,139.75280281,building_direct,building_candidate_point,national,国宝・重要文化財(建造物),国宝・重要文化財(建造物),,national,国,designated,指定,tangible,有形文化財,建造物,medium
national,文化庁,国指定文化財等データベース CSV export,official_export_001:13,,13Tokyo/raw/national/official_export_001.csv,旧江戸城外桜田門,,,,,東京都千代田区皇居外苑,千代田区,13101,国宝・重要文化財(建造物),建造物,national,,35.67862284,139.75379298,building_direct,building_candidate_point,national,国宝・重要文化財(建造物),国宝・重要文化財(建造物),,national,国,designated,指定,tangible,有形文化財,建造物,medium
national,文化庁,国指定文化財等データベース CSV export,official_export_001:14,,13Tokyo/raw/national/official_export_001.csv,旧江戸城田安門,,,,,東京都千代田区北の丸公園,千代田区,13101,国宝・重要文化財(建造物),建造物,national,,35.69428302,139.74937018,building_direct,building_candidate_point,national,国宝・重要文化財(建造物),国宝・重要文化財(建造物),,national,国,designated,指定,tangible,有形文化財,建造物,medium
national,文化庁,国指定文化財等データベース CSV export,official_export_001:15,,13Tokyo/raw/national/official_export_001.csv,円融寺本堂,,,,,東京都目黒区碑文谷一丁目,目黒区,13110,国宝・重要文化財(建造物),建造物,national,,35.61960146,139.68969887,building_direct,building_candidate_point,national,国宝・重要文化財(建造物),国宝・重要文化財(建造物),,national,国,designated,指定,tangible,有形文化財,建造物,medium
national,文化庁,国指定文化財等データベース CSV export,official_export_001:16,,13Tokyo/raw/national/official_export_001.csv,大場家住宅(東京都世田谷区世田谷),,,,,東京都世田谷区世田谷一丁目29番18号,世田谷区,13112,国宝・重要文化財(建造物),建造物,national,,35.64140705,139.6476508,building_direct,building_candidate_point,national,国宝・重要文化財(建造物),国宝・重要文化財(建造物),,national,国,designated,指定,tangible,有形文化財,建造物,medium
national,文化庁,国指定文化財等データベース CSV export,official_export_001:17,,13Tokyo/raw/national/official_export_001.csv,大場家住宅(東京都世田谷区世田谷),,,,,東京都世田谷区世田谷一丁目29番18号,世田谷区,13112,国宝・重要文化財(建造物),建造物,national,,35.6416102,139.64776821,building_direct,building_candidate_point,national,国宝・重要文化財(建造物),国宝・重要文化財(建造物),,national,国,designated,指定,tangible,有形文化財,建造物,medium
national,文化庁,国指定文化財等データベース CSV export,official_export_001:18,,13Tokyo/raw/national/official_export_001.csv,旧加賀屋敷御守殿門(赤門),,,,,東京都文京区本郷七丁目東京大学構内,文京区,13105,国宝・重要文化財(建造物),建造物,national,,35.71061541,139.76033038,building_direct,building_candidate_point,national,国宝・重要文化財(建造物),国宝・重要文化財(建造物),,national,国,designated,指定,tangible,有形文化財,建造物,medium
national,文化庁,国指定文化財等データベース CSV export,official_export_001:19,,13Tokyo/raw/national/official_export_001.csv,学習院旧正門,,,,,東京都新宿区戸山三丁目20番1号,新宿区,13104,国宝・重要文化財(建造物),建造物,national,,35.70720648,139.70911524,building_direct,building_candidate_point,national,国宝・重要文化財(建造物),国宝・重要文化財(建造物),,national,国,designated,指定,tangible,有形文化財,建造物,medium
national,文化庁,国指定文化財等データベース CSV export,official_export_001:20,,13Tokyo/raw/national/official_export_001.csv,勝鬨橋,,,,,東京都中央区築地、勝どき,中央区,13102,国宝・重要文化財(建造物),建造物,national,,35.66223484,139.77491824,building_direct,building_candidate_point,national,国宝・重要文化財(建造物),国宝・重要文化財(建造物),,national,国,designated,指定,tangible,有形文化財,建造物,medium
national,文化庁,国指定文化財等データベース CSV export,official_export_001:21,,13Tokyo/raw/national/official_export_001.csv,寛永寺旧本坊表門(黒門),,,,,東京都台東区上野公園,台東区,13106,国宝・重要文化財(建造物),建造物,national,,35.71679587,139.77736253,building_direct,building_candidate_point,national,国宝・重要文化財(建造物),国宝・重要文化財(建造物),,national,国,designated,指定,tangible,有形文化財,建造物,medium
national,文化庁,国指定文化財等データベース CSV export,official_export_001:22,,13Tokyo/raw/national/official_export_001.csv,寛永寺清水堂,,,,,東京都台東区上野公園,台東区,13106,国宝・重要文化財(建造物),建造物,national,,35.71258744,139.77356987,building_direct,building_candidate_point,national,国宝・重要文化財(建造物),国宝・重要文化財(建造物),,national,国,designated,指定,tangible,有形文化財,建造物,medium
national,文化庁,国指定文化財等データベース CSV export,official_export_001:23,,13Tokyo/raw/national/official_export_001.csv,旧寛永寺五重塔,,,,,東京都台東区上野公園,台東区,13106,国宝・重要文化財(建造物),建造物,national,,35.7154495,139.77136136,building_direct,building_candidate_point,national,国宝・重要文化財(建造物),国宝・重要文化財(建造物),,national,国,designated,指定,tangible,有形文化財,建造物,medium
national,文化庁,国指定文化財等データベース CSV export,official_export_001:24,,13Tokyo/raw/national/official_export_001.csv,観音寺阿弥陀堂,,,,,東京都青梅市塩船,青梅市,13205,国宝・重要文化財(建造物),建造物,national,,35.80365822,139.28174482,building_direct,building_candidate_point,national,国宝・重要文化財(建造物),国宝・重要文化財(建造物),,national,国,designated,指定,tangible,有形文化財,建造物,medium
national,文化庁,国指定文化財等データベース CSV export,official_export_001:25,,13Tokyo/raw/national/official_export_001.csv,観音寺仁王門,,,,,東京都青梅市塩船,青梅市,13205,国宝・重要文化財(建造物),建造物,national,,35.80325894,139.28204388,building_direct,building_candidate_point,national,国宝・重要文化財(建造物),国宝・重要文化財(建造物),,national,国,designated,指定,tangible,有形文化財,建造物,medium
national,文化庁,国指定文化財等データベース CSV export,official_export_001:26,,13Tokyo/raw/national/official_export_001.csv,観音寺本堂,,,,,東京都青梅市塩船,青梅市,13205,国宝・重要文化財(建造物),建造物,national,,35.8042219,139.28125159,building_direct,building_candidate_point,national,国宝・重要文化財(建造物),国宝・重要文化財(建造物),,national,国,designated,指定,tangible,有形文化財,建造物,medium
national,文化庁,国指定文化財等データベース CSV export,official_export_001:27,,13Tokyo/raw/national/official_export_001.csv,旧朝香宮邸,,,,,東京都港区白金台五丁目二六番,港区,13103,国宝・重要文化財(建造物),建造物,national,,35.635675,139.720813,building_direct,building_candidate_point,national,国宝・重要文化財(建造物),国宝・重要文化財(建造物),,national,国,designated,指定,tangible,有形文化財,建造物,medium
national,文化庁,国指定文化財等データベース CSV export,official_export_001:28,,13Tokyo/raw/national/official_export_001.csv,旧朝香宮邸,,,,,東京都港区白金台五丁目二六番,港区,13103,国宝・重要文化財(建造物),建造物,national,,35.636367,139.718837,building_direct,building_candidate_point,national,国宝・重要文化財(建造物),国宝・重要文化財(建造物),,national,国,designated,指定,tangible,有形文化財,建造物,medium
national,文化庁,国指定文化財等データベース CSV export,official_export_001:29,,13Tokyo/raw/national/official_export_001.csv,旧朝香宮邸,,,,,東京都港区白金台五丁目二六番,港区,13103,国宝・重要文化財(建造物),建造物,national,,35.636848,139.719315,building_direct,building_candidate_point,national,国宝・重要文化財(建造物),国宝・重要文化財(建造物),,national,国,designated,指定,tangible,有形文化財,建造物,medium
national,文化庁,国指定文化財等データベース CSV export,official_export_001:30,,13Tokyo/raw/national/official_export_001.csv,旧朝香宮邸,,,,,東京都港区白金台五丁目二六番,港区,13103,国宝・重要文化財(建造物),建造物,national,,35.637252,139.719401,building_direct,building_candidate_point,national,国宝・重要文化財(建造物),国宝・重要文化財(建造物),,national,国,designated,指定,tangible,有形文化財,建造物,medium
national,文化庁,国指定文化財等データベース CSV export,official_export_001:31,,13Tokyo/raw/national/official_export_001.csv,旧朝香宮邸,,,,,東京都港区白金台五丁目二六番,港区,13103,国宝・重要文化財(建造物),建造物,national,,35.637264,139.719702,building_direct,building_candidate_point,national,国宝・重要文化財(建造物),国宝・重要文化財(建造物),,national,国,designated,指定,tangible,有形文化財,建造物,medium
national,文化庁,国指定文化財等データベース CSV export,official_export_001:32,,13Tokyo/raw/national/official_export_001.csv,旧朝倉家住宅,,,,,東京都渋谷区猿楽町29番地,渋谷区,13113,国宝・重要文化財(建造物),建造物,national,,35.64764275,139.700699,building_direct,building_candidate_point,national,国宝・重要文化財(建造物),国宝・重要文化財(建造物),,national,国,designated,指定,tangible,有形文化財,建造物,medium
national,文化庁,国指定文化財等データベース CSV export,official_export_001:33,,13Tokyo/raw/national/official_export_001.csv,旧岩淵水門,,,,,東京都北区志茂5丁目地先,北区,13117,国宝・重要文化財(建造物),建造物,national,,35.78676389,139.73061667,building_direct,building_candidate_point,national,国宝・重要文化財(建造物),国宝・重要文化財(建造物),,national,国,designated,指定,tangible,有形文化財,建造物,medium
national,文化庁,国指定文化財等データベース CSV export,official_export_001:34,,13Tokyo/raw/national/official_export_001.csv,旧江戸城外桜田門,,,,,東京都千代田区皇居外苑,千代田区,13101,国宝・重要文化財(建造物),建造物,national,,35.67855529,139.75367804,building_direct,building_candidate_point,national,国宝・重要文化財(建造物),国宝・重要文化財(建造物),,national,国,designated,指定,tangible,有形文化財,建造物,medium
national,文化庁,国指定文化財等データベース CSV export,official_export_001:35,,13Tokyo/raw/national/official_export_001.csv,旧江戸城田安門,,,,,東京都千代田区北の丸公園,千代田区,13101,国宝・重要文化財(建造物),建造物,national,,35.69405624,139.74930979,building_direct,building_candidate_point,national,国宝・重要文化財(建造物),国宝・重要文化財(建造物),,national,国,designated,指定,tangible,有形文化財,建造物,medium
national,文化庁,国指定文化財等データベース CSV export,official_export_001:36,,13Tokyo/raw/national/official_export_001.csv,旧久邇宮邸(聖心女子大学),,,,,東京都渋谷区広尾四丁目1番地4,渋谷区,13113,国宝・重要文化財(建造物),建造物,national,,35.65442778,139.72036778,building_direct,building_candidate_point,national,国宝・重要文化財(建造物),国宝・重要文化財(建造物),,national,国,designated,指定,tangible,有形文化財,建造物,medium
national,文化庁,国指定文化財等データベース CSV export,official_export_001:37,,13Tokyo/raw/national/official_export_001.csv,旧久邇宮邸(聖心女子大学),,,,,東京都渋谷区広尾四丁目1番地4,渋谷区,13113,国宝・重要文化財(建造物),建造物,national,,35.65442778,139.72036778,building_direct,building_candidate_point,national,国宝・重要文化財(建造物),国宝・重要文化財(建造物),,national,国,designated,指定,tangible,有形文化財,建造物,medium
national,文化庁,国指定文化財等データベース CSV export,official_export_001:38,,13Tokyo/raw/national/official_export_001.csv,旧小菅刑務所庁舎,,,,,東京都葛飾区小菅1丁目19番1,葛飾区,13122,国宝・重要文化財(建造物),建造物,national,,35.75851111,139.81570278,building_direct,building_candidate_point,national,国宝・重要文化財(建造物),国宝・重要文化財(建造物),,national,国,designated,指定,tangible,有形文化財,建造物,medium
national,文化庁,国指定文化財等データベース CSV export,official_export_001:39,,13Tokyo/raw/national/official_export_001.csv,旧島津家本邸,,,,,東京都品川区東五反田三丁目191番地39,品川区,13109,国宝・重要文化財(建造物),建造物,national,,35.63072694,139.72958889,building_direct,building_candidate_point,national,国宝・重要文化財(建造物),国宝・重要文化財(建造物),,national,国,designated,指定,tangible,有形文化財,建造物,medium
national,文化庁,国指定文化財等データベース CSV export,official_export_001:40,,13Tokyo/raw/national/official_export_001.csv,旧島津家本邸,,,,,東京都品川区東五反田三丁目191番地39,品川区,13109,国宝・重要文化財(建造物),建造物,national,,35.63072694,139.72958889,building_direct,building_candidate_point,national,国宝・重要文化財(建造物),国宝・重要文化財(建造物),,national,国,designated,指定,tangible,有形文化財,建造物,medium
national,文化庁,国指定文化財等データベース CSV export,official_export_001:41,,13Tokyo/raw/national/official_export_001.csv,旧醸造試験所第一工場,,,,,東京都北区滝野川二丁目六番,北区,13117,国宝・重要文化財(建造物),建造物,national,,35.75039714,139.73502369,building_direct,building_candidate_point,national,国宝・重要文化財(建造物),国宝・重要文化財(建造物),,national,国,designated,指定,tangible,有形文化財,建造物,medium
national,文化庁,国指定文化財等データベース CSV export,official_export_001:42,,13Tokyo/raw/national/official_export_001.csv,旧東京科学博物館本館,,,,,東京都台東区上野公園7番20号,台東区,13106,国宝・重要文化財(建造物),建造物,national,,35.71638986,139.77640333,building_direct,building_candidate_point,national,国宝・重要文化財(建造物),国宝・重要文化財(建造物),,national,国,designated,指定,tangible,有形文化財,建造物,medium
national,文化庁,国指定文化財等データベース CSV export,official_export_001:43,,13Tokyo/raw/national/official_export_001.csv,旧馬場家牛込邸,,,,,東京都新宿区若宮町39番,新宿区,13104,国宝・重要文化財(建造物),建造物,national,,35.6984222,139.73849002,building_direct,building_candidate_point,national,国宝・重要文化財(建造物),国宝・重要文化財(建造物),,national,国,designated,指定,tangible,有形文化財,建造物,medium
national,文化庁,国指定文化財等データベース CSV export,official_export_001:44,,13Tokyo/raw/national/official_export_001.csv,旧前田家本邸,,,,,東京都目黒区駒場四丁目861番,目黒区,13110,国宝・重要文化財(建造物),建造物,national,,35.66220492,139.68015109,building_direct,building_candidate_point,national,国宝・重要文化財(建造物),国宝・重要文化財(建造物),,national,国,designated,指定,tangible,有形文化財,建造物,medium
national,文化庁,国指定文化財等データベース CSV export,official_export_001:45,,13Tokyo/raw/national/official_export_001.csv,旧前田家本邸,,,,,東京都目黒区駒場四丁目861番,目黒区,13110,国宝・重要文化財(建造物),建造物,national,,35.6622192,139.6804747,building_direct,building_candidate_point,national,国宝・重要文化財(建造物),国宝・重要文化財(建造物),,national,国,designated,指定,tangible,有形文化財,建造物,medium
national,文化庁,国指定文化財等データベース CSV export,official_export_001:46,,13Tokyo/raw/national/official_export_001.csv,旧前田家本邸,,,,,東京都目黒区駒場四丁目861番,目黒区,13110,国宝・重要文化財(建造物),建造物,national,,35.66229058,139.68073644,building_direct,building_candidate_point,national,国宝・重要文化財(建造物),国宝・重要文化財(建造物),,national,国,designated,指定,tangible,有形文化財,建造物,medium
national,文化庁,国指定文化財等データベース CSV export,official_export_001:47,,13Tokyo/raw/national/official_export_001.csv,旧前田家本邸,,,,,東京都目黒区駒場四丁目861番,目黒区,13110,国宝・重要文化財(建造物),建造物,national,,35.66230248,139.68040569,building_direct,building_candidate_point,national,国宝・重要文化財(建造物),国宝・重要文化財(建造物),,national,国,designated,指定,tangible,有形文化財,建造物,medium
national,文化庁,国指定文化財等データベース CSV export,official_export_001:48,,13Tokyo/raw/national/official_export_001.csv,旧前田家本邸,,,,,東京都目黒区駒場四丁目861番,目黒区,13110,国宝・重要文化財(建造物),建造物,national,,35.66231676,139.68056988,building_direct,building_candidate_point,national,国宝・重要文化財(建造物),国宝・重要文化財(建造物),,national,国,designated,指定,tangible,有形文化財,建造物,medium
national,文化庁,国指定文化財等データベース CSV export,official_export_001:49,,13Tokyo/raw/national/official_export_001.csv,旧前田家本邸,,,,,東京都目黒区駒場四丁目861番,目黒区,13110,国宝・重要文化財(建造物),建造物,national,,35.66252765,139.68069854,building_direct,building_candidate_point,national,国宝・重要文化財(建造物),国宝・重要文化財(建造物),,national,国,designated,指定,tangible,有形文化財,建造物,medium
national,文化庁,国指定文化財等データベース CSV export,official_export_001:50,,13Tokyo/raw/national/official_export_001.csv,旧前田家本邸,,,,,東京都目黒区駒場四丁目861番,目黒区,13110,国宝・重要文化財(建造物),建造物,national,,35.66313053,139.67971089,building_direct,building_candidate_point,national,国宝・重要文化財(建造物),国宝・重要文化財(建造物),,national,国,designated,指定,tangible,有形文化財,建造物,medium
national,文化庁,国指定文化財等データベース CSV export,official_export_001:51,,13Tokyo/raw/national/official_export_001.csv,旧前田家本邸,,,,,東京都目黒区駒場四丁目861番,目黒区,13110,国宝・重要文化財(建造物),建造物,national,,35.66314243,139.67980369,building_direct,building_candidate_point,national,国宝・重要文化財(建造物),国宝・重要文化財(建造物),,national,国,designated,指定,tangible,有形文化財,建造物,medium
national,文化庁,国指定文化財等データベース CSV export,official_export_001:52,,13Tokyo/raw/national/official_export_001.csv,旧三河島汚水処分場喞筒場施設,,,,,東京都荒川区荒川八丁目25番1号,荒川区,13118,国宝・重要文化財(建造物),建造物,national,,35.73873155,139.7852506,building_direct,building_candidate_point,national,国宝・重要文化財(建造物),国宝・重要文化財(建造物),,national,国,designated,指定,tangible,有形文化財,建造物,medium
national,文化庁,国指定文化財等データベース CSV export,official_export_001:53,,13Tokyo/raw/national/official_export_001.csv,清洲橋,,,,,東京都中央区日本橋中洲、江東区清澄,中央区,13102,国宝・重要文化財(建造物),建造物,national,,35.68242422,139.79188213,building_direct,building_candidate_point,national,国宝・重要文化財(建造物),国宝・重要文化財(建造物),,national,国,designated,指定,tangible,有形文化財,建造物,medium
national,文化庁,国指定文化財等データベース CSV export,official_export_001:54,,13Tokyo/raw/national/official_export_001.csv,慶応義塾図書館,,,,,東京都港区三田二丁目15番45号,港区,13103,国宝・重要文化財(建造物),建造物,national,,35.64829815,139.74228277,building_direct,building_candidate_point,national,国宝・重要文化財(建造物),国宝・重要文化財(建造物),,national,国,designated,指定,tangible,有形文化財,建造物,medium
national,文化庁,国指定文化財等データベース CSV export,official_export_001:55,,13Tokyo/raw/national/official_export_001.csv,慶応義塾三田演説館,,,,,東京都港区三田二丁目15番45号,港区,13103,国宝・重要文化財(建造物),建造物,national,,35.64829815,139.74228277,building_direct,building_candidate_point,national,国宝・重要文化財(建造物),国宝・重要文化財(建造物),,national,国,designated,指定,tangible,有形文化財,建造物,medium
national,文化庁,国指定文化財等データベース CSV export,official_export_001:56,,13Tokyo/raw/national/official_export_001.csv,厳有院霊廟奥院,,,,,東京都台東区上野桜木一丁目,台東区,13106,国宝・重要文化財(建造物),建造物,national,,35.7217173,139.77623543,building_direct,building_candidate_point,national,国宝・重要文化財(建造物),国宝・重要文化財(建造物),,national,国,designated,指定,tangible,有形文化財,建造物,medium
national,文化庁,国指定文化財等データベース CSV export,official_export_001:57,,13Tokyo/raw/national/official_export_001.csv,厳有院霊廟奥院,,,,,東京都台東区上野桜木一丁目,台東区,13106,国宝・重要文化財(建造物),建造物,national,,35.7217173,139.77623543,building_direct,building_candidate_point,national,国宝・重要文化財(建造物),国宝・重要文化財(建造物),,national,国,designated,指定,tangible,有形文化財,建造物,medium
national,文化庁,国指定文化財等データベース CSV export,official_export_001:58,,13Tokyo/raw/national/official_export_001.csv,厳有院霊廟勅額門及び水盤舎,,,,,東京都台東区上野桜木一丁目,台東区,13106,国宝・重要文化財(建造物),建造物,national,,35.72028391,139.7769679,building_direct,building_candidate_point,national,国宝・重要文化財(建造物),国宝・重要文化財(建造物),,national,国,designated,指定,tangible,有形文化財,建造物,medium
national,文化庁,国指定文化財等データベース CSV export,official_export_001:59,,13Tokyo/raw/national/official_export_001.csv,厳有院霊廟勅額門及び水盤舎,,,,,東京都台東区上野桜木一丁目,台東区,13106,国宝・重要文化財(建造物),建造物,national,,35.72055392,139.77792705,building_direct,building_candidate_point,national,国宝・重要文化財(建造物),国宝・重要文化財(建造物),,national,国,designated,指定,tangible,有形文化財,建造物,medium
national,文化庁,国指定文化財等データベース CSV export,official_export_001:60,,13Tokyo/raw/national/official_export_001.csv,国立西洋美術館本館,,,,,東京都台東区上野公園7番7号,台東区,13106,国宝・重要文化財(建造物),建造物,national,,35.71544229,139.77585346,building_direct,building_candidate_point,national,国宝・重要文化財(建造物),国宝・重要文化財(建造物),,national,国,designated,指定,tangible,有形文化財,建造物,medium
national,文化庁,国指定文化財等データベース CSV export,official_export_001:61,,13Tokyo/raw/national/official_export_001.csv,護国寺月光殿(旧日光院客殿),,,,,東京都文京区大塚五丁目,文京区,13105,国宝・重要文化財(建造物),建造物,national,,35.72102261,139.7253928,building_direct,building_candidate_point,national,国宝・重要文化財(建造物),国宝・重要文化財(建造物),,national,国,designated,指定,tangible,有形文化財,建造物,medium
national,文化庁,国指定文化財等データベース CSV export,official_export_001:62,,13Tokyo/raw/national/official_export_001.csv,護国寺本堂,,,,,東京都文京区大塚五丁目,文京区,13105,国宝・重要文化財(建造物),建造物,national,,35.72182412,139.72559266,building_direct,building_candidate_point,national,国宝・重要文化財(建造物),国宝・重要文化財(建造物),,national,国,designated,指定,tangible,有形文化財,建造物,medium
national,文化庁,国指定文化財等データベース CSV export,official_export_001:63,,13Tokyo/raw/national/official_export_001.csv,旧近衛師団司令部庁舎,,,,,東京都千代田区北の丸公園,千代田区,13101,国宝・重要文化財(建造物),建造物,national,,35.68963434,139.75044698,building_direct,building_candidate_point,national,国宝・重要文化財(建造物),国宝・重要文化財(建造物),,national,国,designated,指定,tangible,有形文化財,建造物,medium
national,文化庁,国指定文化財等データベース CSV export,official_export_001:64,,13Tokyo/raw/national/official_export_001.csv,小林家住宅(東京都西多摩郡檜原村),,,,,東京都西多摩郡檜原村藤原4994番地,檜原村,13307,国宝・重要文化財(建造物),建造物,national,,35.74844848,139.07761016,building_direct,building_candidate_point,national,国宝・重要文化財(建造物),国宝・重要文化財(建造物),,national,国,designated,指定,tangible,有形文化財,建造物,medium
national,文化庁,国指定文化財等データベース CSV export,official_export_001:65,,13Tokyo/raw/national/official_export_001.csv,金剛寺仁王門,,,,,東京都日野市高幡,日野市,13212,国宝・重要文化財(建造物),建造物,national,,35.66204055,139.41103132,building_direct,building_candidate_point,national,国宝・重要文化財(建造物),国宝・重要文化財(建造物),,national,国,designated,指定,tangible,有形文化財,建造物,medium
national,文化庁,国指定文化財等データベース CSV export,official_export_001:66,,13Tokyo/raw/national/official_export_001.csv,金剛寺不動堂,,,,,東京都日野市高幡,日野市,13212,国宝・重要文化財(建造物),建造物,national,,35.66207027,139.41064547,building_direct,building_candidate_point,national,国宝・重要文化財(建造物),国宝・重要文化財(建造物),,national,国,designated,指定,tangible,有形文化財,建造物,medium
national,文化庁,国指定文化財等データベース CSV export,official_export_001:67,,13Tokyo/raw/national/official_export_001.csv,旧渋沢家飛鳥山邸,,,,,東京都北区西ヶ原二丁目16番1号,北区,13117,国宝・重要文化財(建造物),建造物,national,,35.74883853,139.74002708,building_direct,building_candidate_point,national,国宝・重要文化財(建造物),国宝・重要文化財(建造物),,national,国,designated,指定,tangible,有形文化財,建造物,medium
national,文化庁,国指定文化財等データベース CSV export,official_export_001:68,,13Tokyo/raw/national/official_export_001.csv,旧渋沢家飛鳥山邸,,,,,東京都北区西ヶ原二丁目16番1号,北区,13117,国宝・重要文化財(建造物),建造物,national,,35.74918186,139.73972716,building_direct,building_candidate_point,national,国宝・重要文化財(建造物),国宝・重要文化財(建造物),,national,国,designated,指定,tangible,有形文化財,建造物,medium
national,文化庁,国指定文化財等データベース CSV export,official_export_001:69,,13Tokyo/raw/national/official_export_001.csv,自由学園明日館,,,,,東京都豊島区西池袋二丁目31番3号,豊島区,13116,国宝・重要文化財(建造物),建造物,national,,35.72620322,139.70694554,building_direct,building_candidate_point,national,国宝・重要文化財(建造物),国宝・重要文化財(建造物),,national,国,designated,指定,tangible,有形文化財,建造物,medium
national,文化庁,国指定文化財等データベース CSV export,official_export_001:70,,13Tokyo/raw/national/official_export_001.csv,自由学園明日館,,,,,東京都豊島区西池袋二丁目31番3号,豊島区,13116,国宝・重要文化財(建造物),建造物,national,,35.72654167,139.70697496,building_direct,building_candidate_point,national,国宝・重要文化財(建造物),国宝・重要文化財(建造物),,national,国,designated,指定,tangible,有形文化財,建造物,medium
national,文化庁,国指定文化財等データベース CSV export,official_export_001:71,,13Tokyo/raw/national/official_export_001.csv,自由学園明日館,,,,,東京都豊島区西池袋二丁目31番3号,豊島区,13116,国宝・重要文化財(建造物),建造物,national,,35.72655279,139.70749792,building_direct,building_candidate_point,national,国宝・重要文化財(建造物),国宝・重要文化財(建造物),,national,国,designated,指定,tangible,有形文化財,建造物,medium
national,文化庁,国指定文化財等データベース CSV export,official_export_001:72,,13Tokyo/raw/national/official_export_001.csv,自由学園明日館,,,,,東京都豊島区西池袋二丁目31番3号,豊島区,13116,国宝・重要文化財(建造物),建造物,national,,35.72668075,139.70723088,building_direct,building_candidate_point,national,国宝・重要文化財(建造物),国宝・重要文化財(建造物),,national,国,designated,指定,tangible,有形文化財,建造物,medium
national,文化庁,国指定文化財等データベース CSV export,official_export_001:73,,13Tokyo/raw/national/official_export_001.csv,旧十輪院宝蔵,,,,,東京都台東区上野公園13番9号東京国立博物館構内,台東区,13106,国宝・重要文化財(建造物),建造物,national,,35.71888074,139.77464047,building_direct,building_candidate_point,national,国宝・重要文化財(建造物),国宝・重要文化財(建造物),,national,国,designated,指定,tangible,有形文化財,建造物,medium
national,文化庁,国指定文化財等データベース CSV export,official_export_001:74,,13Tokyo/raw/national/official_export_001.csv,常憲院霊廟奥院,,,,,東京都台東区上野桜木一丁目,台東区,13106,国宝・重要文化財(建造物),建造物,national,,35.72177035,139.77649935,building_direct,building_candidate_point,national,国宝・重要文化財(建造物),国宝・重要文化財(建造物),,national,国,designated,指定,tangible,有形文化財,建造物,medium
national,文化庁,国指定文化財等データベース CSV export,official_export_001:75,,13Tokyo/raw/national/official_export_001.csv,常憲院霊廟奥院,,,,,東京都台東区上野桜木一丁目,台東区,13106,国宝・重要文化財(建造物),建造物,national,,35.72177035,139.77649935,building_direct,building_candidate_point,national,国宝・重要文化財(建造物),国宝・重要文化財(建造物),,national,国,designated,指定,tangible,有形文化財,建造物,medium
national,文化庁,国指定文化財等データベース CSV export,official_export_001:76,,13Tokyo/raw/national/official_export_001.csv,常憲院霊廟勅額門及び水盤舎,,,,,東京都台東区上野桜木一丁目,台東区,13106,国宝・重要文化財(建造物),建造物,national,,35.72150099,139.7760571,building_direct,building_candidate_point,national,国宝・重要文化財(建造物),国宝・重要文化財(建造物),,national,国,designated,指定,tangible,有形文化財,建造物,medium
national,文化庁,国指定文化財等データベース CSV export,official_export_001:77,,13Tokyo/raw/national/official_export_001.csv,常憲院霊廟勅額門及び水盤舎,,,,,東京都台東区上野桜木一丁目,台東区,13106,国宝・重要文化財(建造物),建造物,national,,35.72166048,139.77614874,building_direct,building_candidate_point,national,国宝・重要文化財(建造物),国宝・重要文化財(建造物),,national,国,designated,指定,tangible,有形文化財,建造物,medium
national,文化庁,国指定文化財等データベース CSV export,official_export_001:78,,13Tokyo/raw/national/official_export_001.csv,正福寺地蔵堂,,,,,東京都東村山市野口町四丁目,東村山市,13213,国宝・重要文化財(建造物),建造物,national,,35.76409603,139.45917189,building_direct,building_candidate_point,national,国宝・重要文化財(建造物),国宝・重要文化財(建造物),,national,国,designated,指定,tangible,有形文化財,建造物,medium
national,文化庁,国指定文化財等データベース CSV export,official_export_001:79,,13Tokyo/raw/national/official_export_001.csv,新宿御苑旧洋館御休所,,,,,東京都新宿区内藤町11,新宿区,13104,国宝・重要文化財(建造物),建造物,national,,35.68693114,139.71097751,building_direct,building_candidate_point,national,国宝・重要文化財(建造物),国宝・重要文化財(建造物),,national,国,designated,指定,tangible,有形文化財,建造物,medium
national,文化庁,国指定文化財等データベース CSV export,official_export_001:80,,13Tokyo/raw/national/official_export_001.csv,水準原点,,,,,東京都千代田区永田町一丁目1番地2号,千代田区,13101,国宝・重要文化財(建造物),建造物,national,,35.67786583,139.74757694,building_direct,building_candidate_point,national,国宝・重要文化財(建造物),国宝・重要文化財(建造物),,national,国,designated,指定,tangible,有形文化財,建造物,medium
national,文化庁,国指定文化財等データベース CSV export,official_export_001:81,,13Tokyo/raw/national/official_export_001.csv,水準原点,,,,,東京都千代田区永田町一丁目1番地2号,千代田区,13101,国宝・重要文化財(建造物),建造物,national,,35.67786583,139.74757694,building_direct,building_candidate_point,national,国宝・重要文化財(建造物),国宝・重要文化財(建造物),,national,国,designated,指定,tangible,有形文化財,建造物,medium
national,文化庁,国指定文化財等データベース CSV export,official_export_001:82,,13Tokyo/raw/national/official_export_001.csv,瑞聖寺大雄宝殿,,,,,東京都港区白金台三丁目,港区,13103,国宝・重要文化財(建造物),建造物,national,,35.63729375,139.72693305,building_direct,building_candidate_point,national,国宝・重要文化財(建造物),国宝・重要文化財(建造物),,national,国,designated,指定,tangible,有形文化財,建造物,medium
national,文化庁,国指定文化財等データベース CSV export,official_export_001:83,,13Tokyo/raw/national/official_export_001.csv,スカイハウス(旧菊竹清訓自邸),,,,,東京都文京区大塚一丁目56番地94,文京区,13105,国宝・重要文化財(建造物),建造物,national,,35.71543333,139.72993611,building_direct,building_candidate_point,national,国宝・重要文化財(建造物),国宝・重要文化財(建造物),,national,国,designated,指定,tangible,有形文化財,建造物,medium
national,文化庁,国指定文化財等データベース CSV export,official_export_001:84,,13Tokyo/raw/national/official_export_001.csv,聖徳記念絵画館,,,,,東京都新宿区霞ヶ丘町1番1号,新宿区,13104,国宝・重要文化財(建造物),建造物,national,,35.67877212,139.71763049,building_direct,building_candidate_point,national,国宝・重要文化財(建造物),国宝・重要文化財(建造物),,national,国,designated,指定,tangible,有形文化財,建造物,medium
national,文化庁,国指定文化財等データベース CSV export,official_export_001:85,,13Tokyo/raw/national/official_export_001.csv,浅草寺伝法院,,,,,東京都台東区浅草二丁目四九番地,台東区,13106,国宝・重要文化財(建造物),建造物,national,,35.713078,139.795454,building_direct,building_candidate_point,national,国宝・重要文化財(建造物),国宝・重要文化財(建造物),,national,国,designated,指定,tangible,有形文化財,建造物,medium
national,文化庁,国指定文化財等データベース CSV export,official_export_001:86,,13Tokyo/raw/national/official_export_001.csv,浅草寺伝法院,,,,,東京都台東区浅草二丁目四九番地,台東区,13106,国宝・重要文化財(建造物),建造物,national,,35.713193,139.795264,building_direct,building_candidate_point,national,国宝・重要文化財(建造物),国宝・重要文化財(建造物),,national,国,designated,指定,tangible,有形文化財,建造物,medium
national,文化庁,国指定文化財等データベース CSV export,official_export_001:87,,13Tokyo/raw/national/official_export_001.csv,浅草寺伝法院,,,,,東京都台東区浅草二丁目四九番地,台東区,13106,国宝・重要文化財(建造物),建造物,national,,35.71323,139.795099,building_direct,building_candidate_point,national,国宝・重要文化財(建造物),国宝・重要文化財(建造物),,national,国,designated,指定,tangible,有形文化財,建造物,medium
national,文化庁,国指定文化財等データベース CSV export,official_export_001:88,,13Tokyo/raw/national/official_export_001.csv,浅草寺伝法院,,,,,東京都台東区浅草二丁目四九番地,台東区,13106,国宝・重要文化財(建造物),建造物,national,,35.71326,139.795473,building_direct,building_candidate_point,national,国宝・重要文化財(建造物),国宝・重要文化財(建造物),,national,国,designated,指定,tangible,有形文化財,建造物,medium
national,文化庁,国指定文化財等データベース CSV export,official_export_001:89,,13Tokyo/raw/national/official_export_001.csv,浅草寺伝法院,,,,,東京都台東区浅草二丁目四九番地,台東区,13106,国宝・重要文化財(建造物),建造物,national,,35.713348,139.795222,building_direct,building_candidate_point,national,国宝・重要文化財(建造物),国宝・重要文化財(建造物),,national,国,designated,指定,tangible,有形文化財,建造物,medium
national,文化庁,国指定文化財等データベース CSV export,official_export_001:90,,13Tokyo/raw/national/official_export_001.csv,浅草寺伝法院,,,,,東京都台東区浅草二丁目四九番地,台東区,13106,国宝・重要文化財(建造物),建造物,national,,35.713429,139.79506,building_direct,building_candidate_point,national,国宝・重要文化財(建造物),国宝・重要文化財(建造物),,national,国,designated,指定,tangible,有形文化財,建造物,medium
national,文化庁,国指定文化財等データベース CSV export,official_export_001:91,,13Tokyo/raw/national/official_export_001.csv,浅草寺二天門,,,,,東京都台東区浅草二丁目,台東区,13106,国宝・重要文化財(建造物),建造物,national,,35.7143981,139.79760552,building_direct,building_candidate_point,national,国宝・重要文化財(建造物),国宝・重要文化財(建造物),,national,国,designated,指定,tangible,有形文化財,建造物,medium
national,文化庁,国指定文化財等データベース CSV export,official_export_001:92,,13Tokyo/raw/national/official_export_001.csv,雑司ケ谷鬼子母神堂,,,,,東京都豊島区雑司が谷三丁目,豊島区,13116,国宝・重要文化財(建造物),建造物,national,,35.722106,139.713342,building_direct,building_candidate_point,national,国宝・重要文化財(建造物),国宝・重要文化財(建造物),,national,国,designated,指定,tangible,有形文化財,建造物,medium
national,文化庁,国指定文化財等データベース CSV export,official_export_001:93,,13Tokyo/raw/national/official_export_001.csv,増上寺三解脱門,,,,,東京都港区芝公園四丁目7番35号,港区,13103,国宝・重要文化財(建造物),建造物,national,,35.65724511,139.75002732,building_direct,building_candidate_point,national,国宝・重要文化財(建造物),国宝・重要文化財(建造物),,national,国,designated,指定,tangible,有形文化財,建造物,medium
national,文化庁,国指定文化財等データベース CSV export,official_export_001:94,,13Tokyo/raw/national/official_export_001.csv,尊經閣文庫,,,,,東京都目黒区駒場四丁目861番,目黒区,13110,国宝・重要文化財(建造物),建造物,national,,35.66267396,139.67931155,building_direct,building_candidate_point,national,国宝・重要文化財(建造物),国宝・重要文化財(建造物),,national,国,designated,指定,tangible,有形文化財,建造物,medium
national,文化庁,国指定文化財等データベース CSV export,official_export_001:95,,13Tokyo/raw/national/official_export_001.csv,尊經閣文庫,,,,,東京都目黒区駒場四丁目861番,目黒区,13110,国宝・重要文化財(建造物),建造物,national,,35.662678,139.67944624,building_direct,building_candidate_point,national,国宝・重要文化財(建造物),国宝・重要文化財(建造物),,national,国,designated,指定,tangible,有形文化財,建造物,medium
national,文化庁,国指定文化財等データベース CSV export,official_export_001:96,,13Tokyo/raw/national/official_export_001.csv,尊經閣文庫,,,,,東京都目黒区駒場四丁目861番,目黒区,13110,国宝・重要文化財(建造物),建造物,national,,35.662884,139.679367,building_direct,building_candidate_point,national,国宝・重要文化財(建造物),国宝・重要文化財(建造物),,national,国,designated,指定,tangible,有形文化財,建造物,medium
national,文化庁,国指定文化財等データベース CSV export,official_export_001:97,,13Tokyo/raw/national/official_export_001.csv,尊經閣文庫,,,,,東京都目黒区駒場四丁目861番,目黒区,13110,国宝・重要文化財(建造物),建造物,national,,35.66314564,139.67920116,building_direct,building_candidate_point,national,国宝・重要文化財(建造物),国宝・重要文化財(建造物),,national,国,designated,指定,tangible,有形文化財,建造物,medium
national,文化庁,国指定文化財等データベース CSV export,official_export_001:98,,13Tokyo/raw/national/official_export_001.csv,旧台徳院霊廟惣門,,,,,東京都港区芝公園四丁目8番2号,港区,13103,国宝・重要文化財(建造物),建造物,national,,35.65613406,139.74983815,building_direct,building_candidate_point,national,国宝・重要文化財(建造物),国宝・重要文化財(建造物),,national,国,designated,指定,tangible,有形文化財,建造物,medium
national,文化庁,国指定文化財等データベース CSV export,official_export_001:99,,13Tokyo/raw/national/official_export_001.csv,髙島屋東京店,,,,,東京都中央区日本橋2丁目4番1号,中央区,13102,国宝・重要文化財(建造物),建造物,national,,35.68078334,139.77347841,building_direct,building_candidate_point,national,国宝・重要文化財(建造物),国宝・重要文化財(建造物),,national,国,designated,指定,tangible,有形文化財,建造物,medium
national,文化庁,国指定文化財等データベース CSV export,official_export_001:100,,13Tokyo/raw/national/official_export_001.csv,旧弾正橋(八幡橋),,,,,東京都江東区富岡一丁目,江東区,13108,国宝・重要文化財(建造物),建造物,national,,35.67185701,139.80060759,building_direct,building_candidate_point,national,国宝・重要文化財(建造物),国宝・重要文化財(建造物),,national,国,designated,指定,tangible,有形文化財,建造物,medium
national,文化庁,国指定文化財等データベース CSV export,official_export_001:101,,13Tokyo/raw/national/official_export_001.csv,築地本願寺本堂,,,,,東京都中央区築地三丁目一五〇一番,中央区,13102,国宝・重要文化財(建造物),建造物,national,,35.66651194,139.77227194,building_direct,building_candidate_point,national,国宝・重要文化財(建造物),国宝・重要文化財(建造物),,national,国,designated,指定,tangible,有形文化財,建造物,medium
national,文化庁,国指定文化財等データベース CSV export,official_export_001:102,,13Tokyo/raw/national/official_export_001.csv,旧東京医学校本館,,,,,東京都文京区白山三丁目7番1号,文京区,13105,国宝・重要文化財(建造物),建造物,national,,35.72139211,139.74114215,building_direct,building_candidate_point,national,国宝・重要文化財(建造物),国宝・重要文化財(建造物),,national,国,designated,指定,tangible,有形文化財,建造物,medium
national,文化庁,国指定文化財等データベース CSV export,official_export_001:103,,13Tokyo/raw/national/official_export_001.csv,東京駅丸ノ内本屋,,,,,東京都千代田区丸の内一丁目1番3号,千代田区,13101,国宝・重要文化財(建造物),建造物,national,,35.6813841,139.76601016,building_direct,building_candidate_point,national,国宝・重要文化財(建造物),国宝・重要文化財(建造物),,national,国,designated,指定,tangible,有形文化財,建造物,medium
national,文化庁,国指定文化財等データベース CSV export,official_export_001:104,,13Tokyo/raw/national/official_export_001.csv,旧東京音楽学校奏楽堂,,,,,東京都台東区上野公園8番43号,台東区,13106,国宝・重要文化財(建造物),建造物,national,,35.71803404,139.77312513,building_direct,building_candidate_point,national,国宝・重要文化財(建造物),国宝・重要文化財(建造物),,national,国,designated,指定,tangible,有形文化財,建造物,medium
national,文化庁,国指定文化財等データベース CSV export,official_export_001:105,,13Tokyo/raw/national/official_export_001.csv,旧東京帝室博物館本館,,,,,東京都台東区上野公園13番9号,台東区,13106,国宝・重要文化財(建造物),建造物,national,,35.71869187,139.77631825,building_direct,building_candidate_point,national,国宝・重要文化財(建造物),国宝・重要文化財(建造物),,national,国,designated,指定,tangible,有形文化財,建造物,medium
national,文化庁,国指定文化財等データベース CSV export,official_export_001:106,,13Tokyo/raw/national/official_export_001.csv,旧東宮御所(迎賓館赤坂離宮),,,,,東京都港区元赤坂二丁目1番1号,港区,13103,国宝・重要文化財(建造物),建造物,national,,35.68021736,139.72875843,building_direct,building_candidate_point,national,国宝・重要文化財(建造物),国宝・重要文化財(建造物),,national,国,designated,指定,tangible,有形文化財,建造物,medium
national,文化庁,国指定文化財等データベース CSV export,official_export_001:107,,13Tokyo/raw/national/official_export_001.csv,東照宮社殿,,,,,東京都台東区上野公園,台東区,13106,国宝・重要文化財(建造物),建造物,national,,35.71531682,139.77104576,building_direct,building_candidate_point,national,国宝・重要文化財(建造物),国宝・重要文化財(建造物),,national,国,designated,指定,tangible,有形文化財,建造物,medium
national,文化庁,国指定文化財等データベース CSV export,official_export_001:108,,13Tokyo/raw/national/official_export_001.csv,東照宮社殿,,,,,東京都台東区上野公園,台東区,13106,国宝・重要文化財(建造物),建造物,national,,35.71535462,139.77086036,building_direct,building_candidate_point,national,国宝・重要文化財(建造物),国宝・重要文化財(建造物),,national,国,designated,指定,tangible,有形文化財,建造物,medium
national,文化庁,国指定文化財等データベース CSV export,official_export_001:109,,13Tokyo/raw/national/official_export_001.csv,東照宮社殿,,,,,東京都台東区上野公園,台東区,13106,国宝・重要文化財(建造物),建造物,national,,35.71537662,139.77059176,building_direct,building_candidate_point,national,国宝・重要文化財(建造物),国宝・重要文化財(建造物),,national,国,designated,指定,tangible,有形文化財,建造物,medium
national,文化庁,国指定文化財等データベース CSV export,official_export_001:110,,13Tokyo/raw/national/official_export_001.csv,東照宮社殿,,,,,東京都台東区上野公園,台東区,13106,国宝・重要文化財(建造物),建造物,national,,35.71539242,139.77044277,building_direct,building_candidate_point,national,国宝・重要文化財(建造物),国宝・重要文化財(建造物),,national,国,designated,指定,tangible,有形文化財,建造物,medium
national,文化庁,国指定文化財等データベース CSV export,official_export_001:111,,13Tokyo/raw/national/official_export_001.csv,旧永井家住宅(旧所在 東京都町田市小野路町),,,,,東京都町田市野津田町3270番地町田市立薬師池公園内,町田市,13209,国宝・重要文化財(建造物),建造物,national,,35.57772346,139.44753048,building_direct,building_candidate_point,national,国宝・重要文化財(建造物),国宝・重要文化財(建造物),,national,国,designated,指定,tangible,有形文化財,建造物,medium
national,文化庁,国指定文化財等データベース CSV export,official_export_001:112,,13Tokyo/raw/national/official_export_001.csv,日本銀行本店本館,,,,,東京都中央区日本橋本石町二丁目1番1号,中央区,13102,国宝・重要文化財(建造物),建造物,national,,35.68656247,139.77154014,building_direct,building_candidate_point,national,国宝・重要文化財(建造物),国宝・重要文化財(建造物),,national,国,designated,指定,tangible,有形文化財,建造物,medium
national,文化庁,国指定文化財等データベース CSV export,official_export_001:113,,13Tokyo/raw/national/official_export_001.csv,日本橋,,,,,東京都中央区日本橋一丁目・日本橋室町一丁目間,中央区,13102,国宝・重要文化財(建造物),建造物,national,,35.684057,139.77449285,building_direct,building_candidate_point,national,国宝・重要文化財(建造物),国宝・重要文化財(建造物),,national,国,designated,指定,tangible,有形文化財,建造物,medium
national,文化庁,国指定文化財等データベース CSV export,official_export_001:114,,13Tokyo/raw/national/official_export_001.csv,日本ハリストス正教会教団,,,,,東京都千代田区神田駿河台四丁目1番3,千代田区,13101,国宝・重要文化財(建造物),建造物,national,,35.69799403,139.76554455,building_direct,building_candidate_point,national,国宝・重要文化財(建造物),国宝・重要文化財(建造物),,national,国,designated,指定,tangible,有形文化財,建造物,medium
national,文化庁,国指定文化財等データベース CSV export,official_export_001:115,,13Tokyo/raw/national/official_export_001.csv,日本ハリストス正教会教団,,,,,東京都千代田区神田駿河台四丁目1番3,千代田区,13101,国宝・重要文化財(建造物),建造物,national,,35.69821389,139.76498333,building_direct,building_candidate_point,national,国宝・重要文化財(建造物),国宝・重要文化財(建造物),,national,国,designated,指定,tangible,有形文化財,建造物,medium
national,文化庁,国指定文化財等データベース CSV export,official_export_001:116,,13Tokyo/raw/national/official_export_001.csv,日本ハリストス正教会教団,,,,,東京都千代田区神田駿河台四丁目1番3,千代田区,13101,国宝・重要文化財(建造物),建造物,national,,35.69827778,139.76536389,building_direct,building_candidate_point,national,国宝・重要文化財(建造物),国宝・重要文化財(建造物),,national,国,designated,指定,tangible,有形文化財,建造物,medium
national,文化庁,国指定文化財等データベース CSV export,official_export_001:117,,13Tokyo/raw/national/official_export_001.csv,日本ハリストス正教会教団,,,,,東京都千代田区神田駿河台四丁目1番3,千代田区,13101,国宝・重要文化財(建造物),建造物,national,,35.69832778,139.76468056,building_direct,building_candidate_point,national,国宝・重要文化財(建造物),国宝・重要文化財(建造物),,national,国,designated,指定,tangible,有形文化財,建造物,medium
national,文化庁,国指定文化財等データベース CSV export,official_export_001:118,,13Tokyo/raw/national/official_export_001.csv,日本ハリストス正教会教団,,,,,東京都千代田区神田駿河台四丁目1番3,千代田区,13101,国宝・重要文化財(建造物),建造物,national,,35.69854444,139.76452222,building_direct,building_candidate_point,national,国宝・重要文化財(建造物),国宝・重要文化財(建造物),,national,国,designated,指定,tangible,有形文化財,建造物,medium
national,文化庁,国指定文化財等データベース CSV export,official_export_001:119,,13Tokyo/raw/national/official_export_001.csv,根津神社,,,,,東京都文京区根津一丁目,文京区,13105,国宝・重要文化財(建造物),建造物,national,,35.71965152,139.76093094,building_direct,building_candidate_point,national,国宝・重要文化財(建造物),国宝・重要文化財(建造物),,national,国,designated,指定,tangible,有形文化財,建造物,medium
national,文化庁,国指定文化財等データベース CSV export,official_export_001:120,,13Tokyo/raw/national/official_export_001.csv,根津神社,,,,,東京都文京区根津一丁目,文京区,13105,国宝・重要文化財(建造物),建造物,national,,35.71986217,139.76070081,building_direct,building_candidate_point,national,国宝・重要文化財(建造物),国宝・重要文化財(建造物),,national,国,designated,指定,tangible,有形文化財,建造物,medium
national,文化庁,国指定文化財等データベース CSV export,official_export_001:121,,13Tokyo/raw/national/official_export_001.csv,根津神社,,,,,東京都文京区根津一丁目,文京区,13105,国宝・重要文化財(建造物),建造物,national,,35.71991905,139.7608443,building_direct,building_candidate_point,national,国宝・重要文化財(建造物),国宝・重要文化財(建造物),,national,国,designated,指定,tangible,有形文化財,建造物,medium
national,文化庁,国指定文化財等データベース CSV export,official_export_001:122,,13Tokyo/raw/national/official_export_001.csv,根津神社,,,,,東京都文京区根津一丁目,文京区,13105,国宝・重要文化財(建造物),建造物,national,,35.71993868,139.76100592,building_direct,building_candidate_point,national,国宝・重要文化財(建造物),国宝・重要文化財(建造物),,national,国,designated,指定,tangible,有形文化財,建造物,medium
national,文化庁,国指定文化財等データベース CSV export,official_export_001:123,,13Tokyo/raw/national/official_export_001.csv,根津神社,,,,,東京都文京区根津一丁目,文京区,13105,国宝・重要文化財(建造物),建造物,national,,35.72001767,139.76054086,building_direct,building_candidate_point,national,国宝・重要文化財(建造物),国宝・重要文化財(建造物),,national,国,designated,指定,tangible,有形文化財,建造物,medium
national,文化庁,国指定文化財等データベース CSV export,official_export_001:124,,13Tokyo/raw/national/official_export_001.csv,根津神社,,,,,東京都文京区根津一丁目,文京区,13105,国宝・重要文化財(建造物),建造物,national,,35.72021331,139.76072423,building_direct,building_candidate_point,national,国宝・重要文化財(建造物),国宝・重要文化財(建造物),,national,国,designated,指定,tangible,有形文化財,建造物,medium
national,文化庁,国指定文化財等データベース CSV export,official_export_001:125,,13Tokyo/raw/national/official_export_001.csv,根津神社,,,,,東京都文京区根津一丁目,文京区,13105,国宝・重要文化財(建造物),建造物,national,,35.72041549,139.76058067,building_direct,building_candidate_point,national,国宝・重要文化財(建造物),国宝・重要文化財(建造物),,national,国,designated,指定,tangible,有形文化財,建造物,medium
national,文化庁,国指定文化財等データベース CSV export,official_export_001:126,,13Tokyo/raw/national/official_export_001.csv,表慶館,,,,,東京都台東区上野公園13番9号東京国立博物館構内,台東区,13106,国宝・重要文化財(建造物),建造物,national,,35.71856968,139.77524532,building_direct,building_candidate_point,national,国宝・重要文化財(建造物),国宝・重要文化財(建造物),,national,国,designated,指定,tangible,有形文化財,建造物,medium
national,文化庁,国指定文化財等データベース CSV export,official_export_001:127,,13Tokyo/raw/national/official_export_001.csv,武家屋敷門,,,,,東京都港区赤坂四丁目10番36号,港区,13103,国宝・重要文化財(建造物),建造物,national,,35.67512778,139.73348611,building_direct,building_candidate_point,national,国宝・重要文化財(建造物),国宝・重要文化財(建造物),,national,国,designated,指定,tangible,有形文化財,建造物,medium
national,文化庁,国指定文化財等データベース CSV export,official_export_001:128,,13Tokyo/raw/national/official_export_001.csv,宝篋印塔,,,,,東京都品川区西五反田4丁目12番地1,品川区,13109,国宝・重要文化財(建造物),建造物,national,,35.62640833,139.71002222,building_direct,building_candidate_point,national,国宝・重要文化財(建造物),国宝・重要文化財(建造物),,national,国,designated,指定,tangible,有形文化財,建造物,medium
national,文化庁,国指定文化財等データベース CSV export,official_export_001:129,,13Tokyo/raw/national/official_export_001.csv,宝篋印塔,,,,,東京都品川区西五反田4丁目12番地1,品川区,13109,国宝・重要文化財(建造物),建造物,national,,35.62640833,139.71002222,building_direct,building_candidate_point,national,国宝・重要文化財(建造物),国宝・重要文化財(建造物),,national,国,designated,指定,tangible,有形文化財,建造物,medium
national,文化庁,国指定文化財等データベース CSV export,official_export_001:130,,13Tokyo/raw/national/official_export_001.csv,法務省旧本館,,,,,東京都千代田区霞が関一丁目1番1号,千代田区,13101,国宝・重要文化財(建造物),建造物,national,,35.67640241,139.7533893,building_direct,building_candidate_point,national,国宝・重要文化財(建造物),国宝・重要文化財(建造物),,national,国,designated,指定,tangible,有形文化財,建造物,medium
national,文化庁,国指定文化財等データベース CSV export,official_export_001:131,,13Tokyo/raw/national/official_export_001.csv,本門寺五重塔,,,,,東京都大田区池上一丁目,大田区,13111,国宝・重要文化財(建造物),建造物,national,,35.57812994,139.70632763,building_direct,building_candidate_point,national,国宝・重要文化財(建造物),国宝・重要文化財(建造物),,national,国,designated,指定,tangible,有形文化財,建造物,medium
national,文化庁,国指定文化財等データベース CSV export,official_export_001:132,,13Tokyo/raw/national/official_export_001.csv,旧三河島汚水処分場喞筒場施設,,,,,東京都荒川区荒川八丁目25番1号,荒川区,13118,国宝・重要文化財(建造物),建造物,national,,35.73802808,139.78520459,building_direct,building_candidate_point,national,国宝・重要文化財(建造物),国宝・重要文化財(建造物),,national,国,designated,指定,tangible,有形文化財,建造物,medium
national,文化庁,国指定文化財等データベース CSV export,official_export_001:133,,13Tokyo/raw/national/official_export_001.csv,旧三河島汚水処分場喞筒場施設,,,,,東京都荒川区荒川八丁目25番1号,荒川区,13118,国宝・重要文化財(建造物),建造物,national,,35.73802836,139.78530138,building_direct,building_candidate_point,national,国宝・重要文化財(建造物),国宝・重要文化財(建造物),,national,国,designated,指定,tangible,有形文化財,建造物,medium
national,文化庁,国指定文化財等データベース CSV export,official_export_001:134,,13Tokyo/raw/national/official_export_001.csv,旧三河島汚水処分場喞筒場施設,,,,,東京都荒川区荒川八丁目25番1号,荒川区,13118,国宝・重要文化財(建造物),建造物,national,,35.7382053,139.7852015,building_direct,building_candidate_point,national,国宝・重要文化財(建造物),国宝・重要文化財(建造物),,national,国,designated,指定,tangible,有形文化財,建造物,medium
national,文化庁,国指定文化財等データベース CSV export,official_export_001:135,,13Tokyo/raw/national/official_export_001.csv,旧三河島汚水処分場喞筒場施設,,,,,東京都荒川区荒川八丁目25番1号,荒川区,13118,国宝・重要文化財(建造物),建造物,national,,35.7382053,139.78530734,building_direct,building_candidate_point,national,国宝・重要文化財(建造物),国宝・重要文化財(建造物),,national,国,designated,指定,tangible,有形文化財,建造物,medium
national,文化庁,国指定文化財等データベース CSV export,official_export_001:136,,13Tokyo/raw/national/official_export_001.csv,旧三河島汚水処分場喞筒場施設,,,,,東京都荒川区荒川八丁目25番1号,荒川区,13118,国宝・重要文化財(建造物),建造物,national,,35.73832727,139.78525631,building_direct,building_candidate_point,national,国宝・重要文化財(建造物),国宝・重要文化財(建造物),,national,国,designated,指定,tangible,有形文化財,建造物,medium
national,文化庁,国指定文化財等データベース CSV export,official_export_001:137,,13Tokyo/raw/national/official_export_001.csv,旧三河島汚水処分場喞筒場施設,,,,,東京都荒川区荒川八丁目25番1号,荒川区,13118,国宝・重要文化財(建造物),建造物,national,,35.73853112,139.78526182,building_direct,building_candidate_point,national,国宝・重要文化財(建造物),国宝・重要文化財(建造物),,national,国,designated,指定,tangible,有形文化財,建造物,medium
national,文化庁,国指定文化財等データベース CSV export,official_export_001:138,,13Tokyo/raw/national/official_export_001.csv,三井本館,,,,,東京都中央区日本橋室町二丁目1番1号,中央区,13102,国宝・重要文化財(建造物),建造物,national,,35.67512778,139.73348611,building_direct,building_candidate_point,national,国宝・重要文化財(建造物),国宝・重要文化財(建造物),,national,国,designated,指定,tangible,有形文化財,建造物,medium
national,文化庁,国指定文化財等データベース CSV export,official_export_001:139,,13Tokyo/raw/national/official_export_001.csv,三越日本橋本店,,,,,東京都中央区日本橋室町一丁目7番地,中央区,13102,国宝・重要文化財(建造物),建造物,national,,35.685597,139.773352,building_direct,building_candidate_point,national,国宝・重要文化財(建造物),国宝・重要文化財(建造物),,national,国,designated,指定,tangible,有形文化財,建造物,medium
national,文化庁,国指定文化財等データベース CSV export,official_export_001:140,,13Tokyo/raw/national/official_export_001.csv,旧宮崎家住宅(旧所在 東京都青梅市成木),,,,,東京都青梅市駒木町一丁目684番地青梅市立郷土博物館構内,青梅市,13205,国宝・重要文化財(建造物),建造物,national,,35.78419162,139.25634929,building_direct,building_candidate_point,national,国宝・重要文化財(建造物),国宝・重要文化財(建造物),,national,国,designated,指定,tangible,有形文化財,建造物,medium
national,文化庁,国指定文化財等データベース CSV export,official_export_001:141,,13Tokyo/raw/national/official_export_001.csv,妙法寺鉄門,,,,,東京都杉並区堀ノ内三丁目,杉並区,13115,国宝・重要文化財(建造物),建造物,national,,35.6923202,139.65219376,building_direct,building_candidate_point,national,国宝・重要文化財(建造物),国宝・重要文化財(建造物),,national,国,designated,指定,tangible,有形文化財,建造物,medium
national,文化庁,国指定文化財等データベース CSV export,official_export_001:142,,13Tokyo/raw/national/official_export_001.csv,明治学院インブリー館,,,,,東京都港区白金台一丁目2番37号,港区,13103,国宝・重要文化財(建造物),建造物,national,,35.63679011,139.73111461,building_direct,building_candidate_point,national,国宝・重要文化財(建造物),国宝・重要文化財(建造物),,national,国,designated,指定,tangible,有形文化財,建造物,medium
national,文化庁,国指定文化財等データベース CSV export,official_export_001:143,,13Tokyo/raw/national/official_export_001.csv,明治神宮,,,,,東京都渋谷区代々木神園町,渋谷区,13113,国宝・重要文化財(建造物),建造物,national,,35.67300778,139.702605,building_direct,building_candidate_point,national,国宝・重要文化財(建造物),国宝・重要文化財(建造物),,national,国,designated,指定,tangible,有形文化財,建造物,medium
national,文化庁,国指定文化財等データベース CSV export,official_export_001:144,,13Tokyo/raw/national/official_export_001.csv,明治神宮,,,,,東京都渋谷区代々木神園町,渋谷区,13113,国宝・重要文化財(建造物),建造物,national,,35.67300778,139.702605,building_direct,building_candidate_point,national,国宝・重要文化財(建造物),国宝・重要文化財(建造物),,national,国,designated,指定,tangible,有形文化財,建造物,medium
national,文化庁,国指定文化財等データベース CSV export,official_export_001:145,,13Tokyo/raw/national/official_export_001.csv,明治神宮,,,,,東京都渋谷区代々木神園町,渋谷区,13113,国宝・重要文化財(建造物),建造物,national,,35.67300778,139.702605,building_direct,building_candidate_point,national,国宝・重要文化財(建造物),国宝・重要文化財(建造物),,national,国,designated,指定,tangible,有形文化財,建造物,medium
national,文化庁,国指定文化財等データベース CSV export,official_export_001:146,,13Tokyo/raw/national/official_export_001.csv,明治神宮,,,,,東京都渋谷区代々木神園町,渋谷区,13113,国宝・重要文化財(建造物),建造物,national,,35.67300778,139.702605,building_direct,building_candidate_point,national,国宝・重要文化財(建造物),国宝・重要文化財(建造物),,national,国,designated,指定,tangible,有形文化財,建造物,medium
national,文化庁,国指定文化財等データベース CSV export,official_export_001:147,,13Tokyo/raw/national/official_export_001.csv,明治神宮,,,,,東京都渋谷区代々木神園町,渋谷区,13113,国宝・重要文化財(建造物),建造物,national,,35.67300778,139.702605,building_direct,building_candidate_point,national,国宝・重要文化財(建造物),国宝・重要文化財(建造物),,national,国,designated,指定,tangible,有形文化財,建造物,medium
national,文化庁,国指定文化財等データベース CSV export,official_export_001:148,,13Tokyo/raw/national/official_export_001.csv,明治神宮,,,,,東京都渋谷区代々木神園町,渋谷区,13113,国宝・重要文化財(建造物),建造物,national,,35.67300778,139.702605,building_direct,building_candidate_point,national,国宝・重要文化財(建造物),国宝・重要文化財(建造物),,national,国,designated,指定,tangible,有形文化財,建造物,medium
national,文化庁,国指定文化財等データベース CSV export,official_export_001:149,,13Tokyo/raw/national/official_export_001.csv,明治神宮,,,,,東京都渋谷区代々木神園町,渋谷区,13113,国宝・重要文化財(建造物),建造物,national,,35.67300778,139.702605,building_direct,building_candidate_point,national,国宝・重要文化財(建造物),国宝・重要文化財(建造物),,national,国,designated,指定,tangible,有形文化財,建造物,medium
national,文化庁,国指定文化財等データベース CSV export,official_export_001:150,,13Tokyo/raw/national/official_export_001.csv,明治神宮,,,,,東京都渋谷区代々木神園町,渋谷区,13113,国宝・重要文化財(建造物),建造物,national,,35.67300778,139.702605,building_direct,building_candidate_point,national,国宝・重要文化財(建造物),国宝・重要文化財(建造物),,national,国,designated,指定,tangible,有形文化財,建造物,medium
national,文化庁,国指定文化財等データベース CSV export,official_export_001:151,,13Tokyo/raw/national/official_export_001.csv,明治神宮,,,,,東京都渋谷区代々木神園町,渋谷区,13113,国宝・重要文化財(建造物),建造物,national,,35.67300778,139.702605,building_direct,building_candidate_point,national,国宝・重要文化財(建造物),国宝・重要文化財(建造物),,national,国,designated,指定,tangible,有形文化財,建造物,medium
national,文化庁,国指定文化財等データベース CSV export,official_export_001:152,,13Tokyo/raw/national/official_export_001.csv,明治神宮,,,,,東京都渋谷区代々木神園町,渋谷区,13113,国宝・重要文化財(建造物),建造物,national,,35.67300778,139.702605,building_direct,building_candidate_point,national,国宝・重要文化財(建造物),国宝・重要文化財(建造物),,national,国,designated,指定,tangible,有形文化財,建造物,medium
national,文化庁,国指定文化財等データベース CSV export,official_export_001:153,,13Tokyo/raw/national/official_export_001.csv,明治神宮,,,,,東京都渋谷区代々木神園町,渋谷区,13113,国宝・重要文化財(建造物),建造物,national,,35.67300778,139.702605,building_direct,building_candidate_point,national,国宝・重要文化財(建造物),国宝・重要文化財(建造物),,national,国,designated,指定,tangible,有形文化財,建造物,medium
national,文化庁,国指定文化財等データベース CSV export,official_export_001:154,,13Tokyo/raw/national/official_export_001.csv,明治神宮,,,,,東京都渋谷区代々木神園町,渋谷区,13113,国宝・重要文化財(建造物),建造物,national,,35.67300778,139.702605,building_direct,building_candidate_point,national,国宝・重要文化財(建造物),国宝・重要文化財(建造物),,national,国,designated,指定,tangible,有形文化財,建造物,medium
national,文化庁,国指定文化財等データベース CSV export,official_export_001:155,,13Tokyo/raw/national/official_export_001.csv,明治神宮,,,,,東京都渋谷区代々木神園町,渋谷区,13113,国宝・重要文化財(建造物),建造物,national,,35.67300778,139.702605,building_direct,building_candidate_point,national,国宝・重要文化財(建造物),国宝・重要文化財(建造物),,national,国,designated,指定,tangible,有形文化財,建造物,medium
national,文化庁,国指定文化財等データベース CSV export,official_export_001:156,,13Tokyo/raw/national/official_export_001.csv,明治神宮,,,,,東京都渋谷区代々木神園町,渋谷区,13113,国宝・重要文化財(建造物),建造物,national,,35.67300778,139.702605,building_direct,building_candidate_point,national,国宝・重要文化財(建造物),国宝・重要文化財(建造物),,national,国,designated,指定,tangible,有形文化財,建造物,medium
national,文化庁,国指定文化財等データベース CSV export,official_export_001:157,,13Tokyo/raw/national/official_export_001.csv,明治神宮,,,,,東京都渋谷区代々木神園町,渋谷区,13113,国宝・重要文化財(建造物),建造物,national,,35.67300778,139.702605,building_direct,building_candidate_point,national,国宝・重要文化財(建造物),国宝・重要文化財(建造物),,national,国,designated,指定,tangible,有形文化財,建造物,medium
national,文化庁,国指定文化財等データベース CSV export,official_export_001:158,,13Tokyo/raw/national/official_export_001.csv,明治神宮,,,,,東京都渋谷区代々木神園町,渋谷区,13113,国宝・重要文化財(建造物),建造物,national,,35.67300778,139.702605,building_direct,building_candidate_point,national,国宝・重要文化財(建造物),国宝・重要文化財(建造物),,national,国,designated,指定,tangible,有形文化財,建造物,medium
national,文化庁,国指定文化財等データベース CSV export,official_export_001:159,,13Tokyo/raw/national/official_export_001.csv,明治神宮,,,,,東京都渋谷区代々木神園町,渋谷区,13113,国宝・重要文化財(建造物),建造物,national,,35.67300778,139.702605,building_direct,building_candidate_point,national,国宝・重要文化財(建造物),国宝・重要文化財(建造物),,national,国,designated,指定,tangible,有形文化財,建造物,medium
national,文化庁,国指定文化財等データベース CSV export,official_export_001:160,,13Tokyo/raw/national/official_export_001.csv,明治神宮,,,,,東京都渋谷区代々木神園町,渋谷区,13113,国宝・重要文化財(建造物),建造物,national,,35.67300778,139.702605,building_direct,building_candidate_point,national,国宝・重要文化財(建造物),国宝・重要文化財(建造物),,national,国,designated,指定,tangible,有形文化財,建造物,medium
national,文化庁,国指定文化財等データベース CSV export,official_export_001:161,,13Tokyo/raw/national/official_export_001.csv,明治神宮,,,,,東京都渋谷区代々木神園町,渋谷区,13113,国宝・重要文化財(建造物),建造物,national,,35.67300778,139.702605,building_direct,building_candidate_point,national,国宝・重要文化財(建造物),国宝・重要文化財(建造物),,national,国,designated,指定,tangible,有形文化財,建造物,medium
national,文化庁,国指定文化財等データベース CSV export,official_export_001:162,,13Tokyo/raw/national/official_export_001.csv,明治神宮,,,,,東京都渋谷区代々木神園町,渋谷区,13113,国宝・重要文化財(建造物),建造物,national,,35.67300778,139.702605,building_direct,building_candidate_point,national,国宝・重要文化財(建造物),国宝・重要文化財(建造物),,national,国,designated,指定,tangible,有形文化財,建造物,medium
national,文化庁,国指定文化財等データベース CSV export,official_export_001:163,,13Tokyo/raw/national/official_export_001.csv,明治神宮,,,,,東京都渋谷区代々木神園町,渋谷区,13113,国宝・重要文化財(建造物),建造物,national,,35.67300778,139.702605,building_direct,building_candidate_point,national,国宝・重要文化財(建造物),国宝・重要文化財(建造物),,national,国,designated,指定,tangible,有形文化財,建造物,medium
national,文化庁,国指定文化財等データベース CSV export,official_export_001:164,,13Tokyo/raw/national/official_export_001.csv,明治神宮,,,,,東京都渋谷区代々木神園町,渋谷区,13113,国宝・重要文化財(建造物),建造物,national,,35.67300778,139.702605,building_direct,building_candidate_point,national,国宝・重要文化財(建造物),国宝・重要文化財(建造物),,national,国,designated,指定,tangible,有形文化財,建造物,medium
national,文化庁,国指定文化財等データベース CSV export,official_export_001:165,,13Tokyo/raw/national/official_export_001.csv,明治神宮,,,,,東京都渋谷区代々木神園町,渋谷区,13113,国宝・重要文化財(建造物),建造物,national,,35.67300778,139.702605,building_direct,building_candidate_point,national,国宝・重要文化財(建造物),国宝・重要文化財(建造物),,national,国,designated,指定,tangible,有形文化財,建造物,medium
national,文化庁,国指定文化財等データベース CSV export,official_export_001:166,,13Tokyo/raw/national/official_export_001.csv,明治神宮,,,,,東京都渋谷区代々木神園町,渋谷区,13113,国宝・重要文化財(建造物),建造物,national,,35.67300778,139.702605,building_direct,building_candidate_point,national,国宝・重要文化財(建造物),国宝・重要文化財(建造物),,national,国,designated,指定,tangible,有形文化財,建造物,medium
national,文化庁,国指定文化財等データベース CSV export,official_export_001:167,,13Tokyo/raw/national/official_export_001.csv,明治神宮,,,,,東京都渋谷区代々木神園町1番1号,渋谷区,13113,国宝・重要文化財(建造物),建造物,national,,35.67300778,139.702605,building_direct,building_candidate_point,national,国宝・重要文化財(建造物),国宝・重要文化財(建造物),,national,国,designated,指定,tangible,有形文化財,建造物,medium
national,文化庁,国指定文化財等データベース CSV export,official_export_001:168,,13Tokyo/raw/national/official_export_001.csv,明治神宮,,,,,東京都渋谷区代々木神園町,渋谷区,13113,国宝・重要文化財(建造物),建造物,national,,35.67300778,139.702605,building_direct,building_candidate_point,national,国宝・重要文化財(建造物),国宝・重要文化財(建造物),,national,国,designated,指定,tangible,有形文化財,建造物,medium
national,文化庁,国指定文化財等データベース CSV export,official_export_001:169,,13Tokyo/raw/national/official_export_001.csv,明治神宮,,,,,東京都渋谷区代々木神園町,渋谷区,13113,国宝・重要文化財(建造物),建造物,national,,35.67300778,139.702605,building_direct,building_candidate_point,national,国宝・重要文化財(建造物),国宝・重要文化財(建造物),,national,国,designated,指定,tangible,有形文化財,建造物,medium
national,文化庁,国指定文化財等データベース CSV export,official_export_001:170,,13Tokyo/raw/national/official_export_001.csv,明治神宮,,,,,東京都渋谷区代々木神園町,渋谷区,13113,国宝・重要文化財(建造物),建造物,national,,35.67300778,139.702605,building_direct,building_candidate_point,national,国宝・重要文化財(建造物),国宝・重要文化財(建造物),,national,国,designated,指定,tangible,有形文化財,建造物,medium
national,文化庁,国指定文化財等データベース CSV export,official_export_001:171,,13Tokyo/raw/national/official_export_001.csv,明治神宮,,,,,東京都渋谷区代々木神園町,渋谷区,13113,国宝・重要文化財(建造物),建造物,national,,35.67300778,139.702605,building_direct,building_candidate_point,national,国宝・重要文化財(建造物),国宝・重要文化財(建造物),,national,国,designated,指定,tangible,有形文化財,建造物,medium
national,文化庁,国指定文化財等データベース CSV export,official_export_001:172,,13Tokyo/raw/national/official_export_001.csv,明治神宮,,,,,東京都渋谷区代々木神園町,渋谷区,13113,国宝・重要文化財(建造物),建造物,national,,35.67300778,139.702605,building_direct,building_candidate_point,national,国宝・重要文化財(建造物),国宝・重要文化財(建造物),,national,国,designated,指定,tangible,有形文化財,建造物,medium
national,文化庁,国指定文化財等データベース CSV export,official_export_001:173,,13Tokyo/raw/national/official_export_001.csv,明治神宮,,,,,東京都渋谷区代々木神園町,渋谷区,13113,国宝・重要文化財(建造物),建造物,national,,35.67300778,139.702605,building_direct,building_candidate_point,national,国宝・重要文化財(建造物),国宝・重要文化財(建造物),,national,国,designated,指定,tangible,有形文化財,建造物,medium
national,文化庁,国指定文化財等データベース CSV export,official_export_001:174,,13Tokyo/raw/national/official_export_001.csv,明治神宮,,,,,東京都渋谷区代々木神園町,渋谷区,13113,国宝・重要文化財(建造物),建造物,national,,35.67300778,139.702605,building_direct,building_candidate_point,national,国宝・重要文化財(建造物),国宝・重要文化財(建造物),,national,国,designated,指定,tangible,有形文化財,建造物,medium
national,文化庁,国指定文化財等データベース CSV export,official_export_001:175,,13Tokyo/raw/national/official_export_001.csv,明治神宮,,,,,東京都渋谷区代々木神園町,渋谷区,13113,国宝・重要文化財(建造物),建造物,national,,35.67300778,139.702605,building_direct,building_candidate_point,national,国宝・重要文化財(建造物),国宝・重要文化財(建造物),,national,国,designated,指定,tangible,有形文化財,建造物,medium
national,文化庁,国指定文化財等データベース CSV export,official_export_001:176,,13Tokyo/raw/national/official_export_001.csv,明治神宮,,,,,東京都渋谷区代々木神園町,渋谷区,13113,国宝・重要文化財(建造物),建造物,national,,35.67300778,139.702605,building_direct,building_candidate_point,national,国宝・重要文化財(建造物),国宝・重要文化財(建造物),,national,国,designated,指定,tangible,有形文化財,建造物,medium
national,文化庁,国指定文化財等データベース CSV export,official_export_001:177,,13Tokyo/raw/national/official_export_001.csv,明治神宮,,,,,東京都渋谷区代々木神園町,渋谷区,13113,国宝・重要文化財(建造物),建造物,national,,35.67300778,139.702605,building_direct,building_candidate_point,national,国宝・重要文化財(建造物),国宝・重要文化財(建造物),,national,国,designated,指定,tangible,有形文化財,建造物,medium
national,文化庁,国指定文化財等データベース CSV export,official_export_001:178,,13Tokyo/raw/national/official_export_001.csv,明治神宮,,,,,東京都渋谷区代々木神園町,渋谷区,13113,国宝・重要文化財(建造物),建造物,national,,35.67300778,139.702605,building_direct,building_candidate_point,national,国宝・重要文化財(建造物),国宝・重要文化財(建造物),,national,国,designated,指定,tangible,有形文化財,建造物,medium
national,文化庁,国指定文化財等データベース CSV export,official_export_001:179,,13Tokyo/raw/national/official_export_001.csv,明治神宮宝物殿,,,,,東京都渋谷区代々木神園町1番1号,渋谷区,13113,国宝・重要文化財(建造物),建造物,national,,35.67958317,139.69811546,building_direct,building_candidate_point,national,国宝・重要文化財(建造物),国宝・重要文化財(建造物),,national,国,designated,指定,tangible,有形文化財,建造物,medium
national,文化庁,国指定文化財等データベース CSV export,official_export_001:180,,13Tokyo/raw/national/official_export_001.csv,明治神宮宝物殿,,,,,東京都渋谷区代々木神園町1番1号,渋谷区,13113,国宝・重要文化財(建造物),建造物,national,,35.67970941,139.69770106,building_direct,building_candidate_point,national,国宝・重要文化財(建造物),国宝・重要文化財(建造物),,national,国,designated,指定,tangible,有形文化財,建造物,medium
national,文化庁,国指定文化財等データベース CSV export,official_export_001:181,,13Tokyo/raw/national/official_export_001.csv,明治神宮宝物殿,,,,,東京都渋谷区代々木神園町1番1号,渋谷区,13113,国宝・重要文化財(建造物),建造物,national,,35.67987315,139.69755816,building_direct,building_candidate_point,national,国宝・重要文化財(建造物),国宝・重要文化財(建造物),,national,国,designated,指定,tangible,有形文化財,建造物,medium
national,文化庁,国指定文化財等データベース CSV export,official_export_001:182,,13Tokyo/raw/national/official_export_001.csv,明治神宮宝物殿,,,,,東京都渋谷区代々木神園町1番1号,渋谷区,13113,国宝・重要文化財(建造物),建造物,national,,35.67989696,139.69838282,building_direct,building_candidate_point,national,国宝・重要文化財(建造物),国宝・重要文化財(建造物),,national,国,designated,指定,tangible,有形文化財,建造物,medium
national,文化庁,国指定文化財等データベース CSV export,official_export_001:183,,13Tokyo/raw/national/official_export_001.csv,明治神宮宝物殿,,,,,東京都渋谷区代々木神園町1番1号,渋谷区,13113,国宝・重要文化財(建造物),建造物,national,,35.67991986,139.697727,building_direct,building_candidate_point,national,国宝・重要文化財(建造物),国宝・重要文化財(建造物),,national,国,designated,指定,tangible,有形文化財,建造物,medium
national,文化庁,国指定文化財等データベース CSV export,official_export_001:184,,13Tokyo/raw/national/official_export_001.csv,明治神宮宝物殿,,,,,東京都渋谷区代々木神園町1番1号,渋谷区,13113,国宝・重要文化財(建造物),建造物,national,,35.67994526,139.69798693,building_direct,building_candidate_point,national,国宝・重要文化財(建造物),国宝・重要文化財(建造物),,national,国,designated,指定,tangible,有形文化財,建造物,medium
national,文化庁,国指定文化財等データベース CSV export,official_export_001:185,,13Tokyo/raw/national/official_export_001.csv,明治神宮宝物殿,,,,,東京都渋谷区代々木神園町1番1号,渋谷区,13113,国宝・重要文化財(建造物),建造物,national,,35.67994533,139.69742901,building_direct,building_candidate_point,national,国宝・重要文化財(建造物),国宝・重要文化財(建造物),,national,国,designated,指定,tangible,有形文化財,建造物,medium
national,文化庁,国指定文化財等データベース CSV export,official_export_001:186,,13Tokyo/raw/national/official_export_001.csv,明治神宮宝物殿,,,,,東京都渋谷区代々木神園町1番1号,渋谷区,13113,国宝・重要文化財(建造物),建造物,national,,35.68005707,139.69822569,building_direct,building_candidate_point,national,国宝・重要文化財(建造物),国宝・重要文化財(建造物),,national,国,designated,指定,tangible,有形文化財,建造物,medium
national,文化庁,国指定文化財等データベース CSV export,official_export_001:187,,13Tokyo/raw/national/official_export_001.csv,明治神宮宝物殿,,,,,東京都渋谷区代々木神園町1番1号,渋谷区,13113,国宝・重要文化財(建造物),建造物,national,,35.68009643,139.6983858,building_direct,building_candidate_point,national,国宝・重要文化財(建造物),国宝・重要文化財(建造物),,national,国,designated,指定,tangible,有形文化財,建造物,medium
national,文化庁,国指定文化財等データベース CSV export,official_export_001:188,,13Tokyo/raw/national/official_export_001.csv,明治神宮宝物殿,,,,,東京都渋谷区代々木神園町1番1号,渋谷区,13113,国宝・重要文化財(建造物),建造物,national,,35.68009855,139.69792249,building_direct,building_candidate_point,national,国宝・重要文化財(建造物),国宝・重要文化財(建造物),,national,国,designated,指定,tangible,有形文化財,建造物,medium
national,文化庁,国指定文化財等データベース CSV export,official_export_001:189,,13Tokyo/raw/national/official_export_001.csv,明治神宮宝物殿,,,,,東京都渋谷区代々木神園町1番1号,渋谷区,13113,国宝・重要文化財(建造物),建造物,national,,35.68018191,139.69844891,building_direct,building_candidate_point,national,国宝・重要文化財(建造物),国宝・重要文化財(建造物),,national,国,designated,指定,tangible,有形文化財,建造物,medium
national,文化庁,国指定文化財等データベース CSV export,official_export_001:190,,13Tokyo/raw/national/official_export_001.csv,明治神宮宝物殿,,,,,東京都渋谷区代々木神園町1番1号,渋谷区,13113,国宝・重要文化財(建造物),建造物,national,,35.68018952,139.69788372,building_direct,building_candidate_point,national,国宝・重要文化財(建造物),国宝・重要文化財(建造物),,national,国,designated,指定,tangible,有形文化財,建造物,medium
national,文化庁,国指定文化財等データベース CSV export,official_export_001:191,,13Tokyo/raw/national/official_export_001.csv,明治神宮宝物殿,,,,,東京都渋谷区代々木神園町1番1号,渋谷区,13113,国宝・重要文化財(建造物),建造物,national,,35.68029292,139.69785084,building_direct,building_candidate_point,national,国宝・重要文化財(建造物),国宝・重要文化財(建造物),,national,国,designated,指定,tangible,有形文化財,建造物,medium
national,文化庁,国指定文化財等データベース CSV export,official_export_001:192,,13Tokyo/raw/national/official_export_001.csv,明治生命保険相互会社本社本館,,,,,東京都千代田区丸の内二丁目1番1号,千代田区,13101,国宝・重要文化財(建造物),建造物,national,,35.67896494,139.76163183,building_direct,building_candidate_point,national,国宝・重要文化財(建造物),国宝・重要文化財(建造物),,national,国,designated,指定,tangible,有形文化財,建造物,medium
national,文化庁,国指定文化財等データベース CSV export,official_export_001:193,,13Tokyo/raw/national/official_export_001.csv,明治丸,,,,,東京都江東区越中島二丁目1番6号東京海洋大学構内,江東区,13108,国宝・重要文化財(建造物),建造物,national,,35.66659034,139.79313959,building_direct,building_candidate_point,national,国宝・重要文化財(建造物),国宝・重要文化財(建造物),,national,国,designated,指定,tangible,有形文化財,建造物,medium
national,文化庁,国指定文化財等データベース CSV export,official_export_001:194,,13Tokyo/raw/national/official_export_001.csv,有章院(徳川家継)霊廟二天門,,,,,東京都港区芝公園三丁目3番,港区,13103,国宝・重要文化財(建造物),建造物,national,,35.6591557,139.75036242,building_direct,building_candidate_point,national,国宝・重要文化財(建造物),国宝・重要文化財(建造物),,national,国,designated,指定,tangible,有形文化財,建造物,medium
national,文化庁,国指定文化財等データベース CSV export,official_export_001:195,,13Tokyo/raw/national/official_export_001.csv,代々木競技場,,,,,東京都渋谷区神南二丁目一番,渋谷区,13113,国宝・重要文化財(建造物),建造物,national,,35.66647222,139.69858056,building_direct,building_candidate_point,national,国宝・重要文化財(建造物),国宝・重要文化財(建造物),,national,国,designated,指定,tangible,有形文化財,建造物,medium
national,文化庁,国指定文化財等データベース CSV export,official_export_001:196,,13Tokyo/raw/national/official_export_001.csv,代々木競技場,,,,,東京都渋谷区神南二丁目一番,渋谷区,13113,国宝・重要文化財(建造物),建造物,national,,35.66765556,139.70016667,building_direct,building_candidate_point,national,国宝・重要文化財(建造物),国宝・重要文化財(建造物),,national,国,designated,指定,tangible,有形文化財,建造物,medium
national,文化庁,国指定文化財等データベース CSV export,official_export_001:197,,13Tokyo/raw/national/official_export_001.csv,早稲田大学大隈記念講堂,,,,,東京都新宿区戸塚町一丁目104番地,新宿区,13104,国宝・重要文化財(建造物),建造物,national,,35.70891402,139.72153606,building_direct,building_candidate_point,national,国宝・重要文化財(建造物),国宝・重要文化財(建造物),,national,国,designated,指定,tangible,有形文化財,建造物,medium
national,文化庁,国指定文化財等データベース CSV export,official_export_002:0,,13Tokyo/raw/national/official_export_002.csv,會田家住宅旧蔵,,,,,東京都葛飾区鎌倉三丁目36,葛飾区,13122,登録有形文化財(建造物),建造物,national,,,,building_direct,building_candidate_point,national,登録有形文化財(建造物),登録有形文化財(建造物),,national,国,registered,登録,tangible,有形文化財,建造物,medium
national,文化庁,国指定文化財等データベース CSV export,official_export_002:1,,13Tokyo/raw/national/official_export_002.csv,青柳家住宅主屋,,,,,東京都練馬区羽沢1-6-12,練馬区,13120,登録有形文化財(建造物),建造物,national,,35.74087135,139.67009865,building_direct,building_candidate_point,national,登録有形文化財(建造物),登録有形文化財(建造物),,national,国,registered,登録,tangible,有形文化財,建造物,medium
national,文化庁,国指定文化財等データベース CSV export,official_export_002:2,,13Tokyo/raw/national/official_export_002.csv,青山学院ベリーホール,,,,,東京都渋谷区渋谷4-22他,渋谷区,13113,登録有形文化財(建造物),建造物,national,,35.66072331,139.71034935,building_direct,building_candidate_point,national,登録有形文化財(建造物),登録有形文化財(建造物),,national,国,registered,登録,tangible,有形文化財,建造物,medium
national,文化庁,国指定文化財等データベース CSV export,official_export_002:3,,13Tokyo/raw/national/official_export_002.csv,青山学院間島記念館,,,,,東京都渋谷区渋谷4-22他,渋谷区,13113,登録有形文化財(建造物),建造物,national,,35.660297,139.710175,building_direct,building_candidate_point,national,登録有形文化財(建造物),登録有形文化財(建造物),,national,国,registered,登録,tangible,有形文化財,建造物,medium
national,文化庁,国指定文化財等データベース CSV export,official_export_002:4,,13Tokyo/raw/national/official_export_002.csv,浅田家住宅主屋,,,,,東京都目黒区目黒4-19-4,目黒区,13110,登録有形文化財(建造物),建造物,national,,35.634373,139.700562,building_direct,building_candidate_point,national,登録有形文化財(建造物),登録有形文化財(建造物),,national,国,registered,登録,tangible,有形文化財,建造物,medium
national,文化庁,国指定文化財等データベース CSV export,official_export_002:5,,13Tokyo/raw/national/official_export_002.csv,芦葉家住宅倉庫,,,,,東京都文京区千駄木3-9-1,文京区,13105,登録有形文化財(建造物),建造物,national,,35.72709372,139.76159938,building_direct,building_candidate_point,national,登録有形文化財(建造物),登録有形文化財(建造物),,national,国,registered,登録,tangible,有形文化財,建造物,medium
national,文化庁,国指定文化財等データベース CSV export,official_export_002:6,,13Tokyo/raw/national/official_export_002.csv,芦葉家住宅門,,,,,東京都文京区千駄木3-9-1,文京区,13105,登録有形文化財(建造物),建造物,national,,35.72701921,139.76160955,building_direct,building_candidate_point,national,登録有形文化財(建造物),登録有形文化財(建造物),,national,国,registered,登録,tangible,有形文化財,建造物,medium
national,文化庁,国指定文化財等データベース CSV export,official_export_002:7,,13Tokyo/raw/national/official_export_002.csv,阿豆佐和気命神社旧本殿,,,,,東京都利島村1,利島村,13362,登録有形文化財(建造物),建造物,national,,34.52967219,139.27699138,building_direct,building_candidate_point,national,登録有形文化財(建造物),登録有形文化財(建造物),,national,国,registered,登録,tangible,有形文化財,建造物,medium
national,文化庁,国指定文化財等データベース CSV export,official_export_002:8,,13Tokyo/raw/national/official_export_002.csv,新井家住宅内蔵,,,,,東京都調布市入間町1-4,調布市,13208,登録有形文化財(建造物),建造物,national,,35.65280324,139.58488153,building_direct,building_candidate_point,national,登録有形文化財(建造物),登録有形文化財(建造物),,national,国,registered,登録,tangible,有形文化財,建造物,medium
national,文化庁,国指定文化財等データベース CSV export,official_export_002:9,,13Tokyo/raw/national/official_export_002.csv,新井家住宅旧蚕室,,,,,東京都調布市入間町1-4,調布市,13208,登録有形文化財(建造物),建造物,national,,35.65248599,139.58511271,building_direct,building_candidate_point,national,登録有形文化財(建造物),登録有形文化財(建造物),,national,国,registered,登録,tangible,有形文化財,建造物,medium
national,文化庁,国指定文化財等データベース CSV export,official_export_002:10,,13Tokyo/raw/national/official_export_002.csv,新井家住宅主屋,,,,,東京都調布市入間町1-4,調布市,13208,登録有形文化財(建造物),建造物,national,,35.65269413,139.58502103,building_direct,building_candidate_point,national,登録有形文化財(建造物),登録有形文化財(建造物),,national,国,registered,登録,tangible,有形文化財,建造物,medium
national,文化庁,国指定文化財等データベース CSV export,official_export_002:11,,13Tokyo/raw/national/official_export_002.csv,新井家住宅主屋,,,,,東京都新宿区北山伏町2,新宿区,13104,登録有形文化財(建造物),建造物,national,,35.69985368,139.72957284,building_direct,building_candidate_point,national,登録有形文化財(建造物),登録有形文化財(建造物),,national,国,registered,登録,tangible,有形文化財,建造物,medium
national,文化庁,国指定文化財等データベース CSV export,official_export_002:12,,13Tokyo/raw/national/official_export_002.csv,新井家住宅外蔵,,,,,東京都調布市入間町1-4,調布市,13208,登録有形文化財(建造物),建造物,national,,35.65243179,139.58497752,building_direct,building_candidate_point,national,登録有形文化財(建造物),登録有形文化財(建造物),,national,国,registered,登録,tangible,有形文化財,建造物,medium
national,文化庁,国指定文化財等データベース CSV export,official_export_002:13,,13Tokyo/raw/national/official_export_002.csv,新井家住宅中門及び塀,,,,,東京都調布市入間町1-4-3,調布市,13208,登録有形文化財(建造物),建造物,national,,35.65258768,139.58495205,building_direct,building_candidate_point,national,登録有形文化財(建造物),登録有形文化財(建造物),,national,国,registered,登録,tangible,有形文化財,建造物,medium
national,文化庁,国指定文化財等データベース CSV export,official_export_002:14,,13Tokyo/raw/national/official_export_002.csv,淡島家住宅主屋,,,,,東京都三鷹市井の頭4-23-11,三鷹市,13204,登録有形文化財(建造物),建造物,national,,35.69873052,139.57590268,building_direct,building_candidate_point,national,登録有形文化財(建造物),登録有形文化財(建造物),,national,国,registered,登録,tangible,有形文化財,建造物,medium
national,文化庁,国指定文化財等データベース CSV export,official_export_002:15,,13Tokyo/raw/national/official_export_002.csv,安藤家住宅主屋,,,,,東京都三鷹市井の頭三丁目24-1,三鷹市,13204,登録有形文化財(建造物),建造物,national,,35.696316,139.581802,building_direct,building_candidate_point,national,登録有形文化財(建造物),登録有形文化財(建造物),,national,国,registered,登録,tangible,有形文化財,建造物,medium
national,文化庁,国指定文化財等データベース CSV export,official_export_002:16,,13Tokyo/raw/national/official_export_002.csv,井草幼稚園園舎,,,,,東京都杉並区善福寺一丁目155-2他,杉並区,13115,登録有形文化財(建造物),建造物,national,,35.713307,139.598665,building_direct,building_candidate_point,national,登録有形文化財(建造物),登録有形文化財(建造物),,national,国,registered,登録,tangible,有形文化財,建造物,medium
national,文化庁,国指定文化財等データベース CSV export,official_export_002:17,,13Tokyo/raw/national/official_export_002.csv,池上家住宅主屋,,,,,東京都世田谷区桜一丁目651,世田谷区,13112,登録有形文化財(建造物),建造物,national,,35.645687,139.636566,building_direct,building_candidate_point,national,登録有形文化財(建造物),登録有形文化財(建造物),,national,国,registered,登録,tangible,有形文化財,建造物,medium
national,文化庁,国指定文化財等データベース CSV export,official_export_002:18,,13Tokyo/raw/national/official_export_002.csv,池田家住宅主屋,,,,,東京都文京区目白台三丁目32,文京区,13105,登録有形文化財(建造物),建造物,national,,35.71558056,139.72430556,building_direct,building_candidate_point,national,登録有形文化財(建造物),登録有形文化財(建造物),,national,国,registered,登録,tangible,有形文化財,建造物,medium
national,文化庁,国指定文化財等データベース CSV export,official_export_002:19,,13Tokyo/raw/national/official_export_002.csv,砂金家長屋,,,,,東京都豊島区雑司が谷三丁目32-4,豊島区,13116,登録有形文化財(建造物),建造物,national,,35.72119167,139.714625,building_direct,building_candidate_point,national,登録有形文化財(建造物),登録有形文化財(建造物),,national,国,registered,登録,tangible,有形文化財,建造物,medium
national,文化庁,国指定文化財等データベース CSV export,official_export_002:20,,13Tokyo/raw/national/official_export_002.csv,石川酒造雑蔵,,,,,東京都福生市大字熊川字南1-1,福生市,13218,登録有形文化財(建造物),建造物,national,,35.718765,139.33249592,building_direct,building_candidate_point,national,登録有形文化財(建造物),登録有形文化財(建造物),,national,国,registered,登録,tangible,有形文化財,建造物,medium
national,文化庁,国指定文化財等データベース CSV export,official_export_002:21,,13Tokyo/raw/national/official_export_002.csv,石川酒造新蔵,,,,,東京都福生市大字熊川字南1-1,福生市,13218,登録有形文化財(建造物),建造物,national,,35.719269,139.332932,building_direct,building_candidate_point,national,登録有形文化財(建造物),登録有形文化財(建造物),,national,国,registered,登録,tangible,有形文化財,建造物,medium
national,文化庁,国指定文化財等データベース CSV export,official_export_002:22,,13Tokyo/raw/national/official_export_002.csv,石川酒造長屋門,,,,,東京都福生市大字熊川字南1-1,福生市,13218,登録有形文化財(建造物),建造物,national,,35.71885192,139.332367,building_direct,building_candidate_point,national,登録有形文化財(建造物),登録有形文化財(建造物),,national,国,registered,登録,tangible,有形文化財,建造物,medium
national,文化庁,国指定文化財等データベース CSV export,official_export_002:23,,13Tokyo/raw/national/official_export_002.csv,石川酒造文庫蔵,,,,,東京都福生市大字熊川字南1-1,福生市,13218,登録有形文化財(建造物),建造物,national,,35.71893592,139.33248553,building_direct,building_candidate_point,national,登録有形文化財(建造物),登録有形文化財(建造物),,national,国,registered,登録,tangible,有形文化財,建造物,medium
national,文化庁,国指定文化財等データベース CSV export,official_export_002:24,,13Tokyo/raw/national/official_export_002.csv,石川酒造本蔵,,,,,東京都福生市大字熊川字南1-1,福生市,13218,登録有形文化財(建造物),建造物,national,,35.71934394,139.33261097,building_direct,building_candidate_point,national,登録有形文化財(建造物),登録有形文化財(建造物),,national,国,registered,登録,tangible,有形文化財,建造物,medium
national,文化庁,国指定文化財等データベース CSV export,official_export_002:25,,13Tokyo/raw/national/official_export_002.csv,石川酒造向蔵,,,,,東京都福生市大字熊川字南1-1,福生市,13218,登録有形文化財(建造物),建造物,national,,35.718731,139.332016,building_direct,building_candidate_point,national,登録有形文化財(建造物),登録有形文化財(建造物),,national,国,registered,登録,tangible,有形文化財,建造物,medium
national,文化庁,国指定文化財等データベース CSV export,official_export_002:26,,13Tokyo/raw/national/official_export_002.csv,伊勢五蔵,,,,,東京都文京区千石三丁目38-9,文京区,13105,登録有形文化財(建造物),建造物,national,,35.7269108,139.74030214,building_direct,building_candidate_point,national,登録有形文化財(建造物),登録有形文化財(建造物),,national,国,registered,登録,tangible,有形文化財,建造物,medium
national,文化庁,国指定文化財等データベース CSV export,official_export_002:27,,13Tokyo/raw/national/official_export_002.csv,伊勢五主屋,,,,,東京都文京区千石三丁目38-9,文京区,13105,登録有形文化財(建造物),建造物,national,,35.72685996,139.74036169,building_direct,building_candidate_point,national,登録有形文化財(建造物),登録有形文化財(建造物),,national,国,registered,登録,tangible,有形文化財,建造物,medium
national,文化庁,国指定文化財等データベース CSV export,official_export_002:28,,13Tokyo/raw/national/official_export_002.csv,伊勢屋店舗兼主屋,,,,,東京都台東区日本堤1-208,台東区,13106,登録有形文化財(建造物),建造物,national,,35.72508934,139.79708798,building_direct,building_candidate_point,national,登録有形文化財(建造物),登録有形文化財(建造物),,national,国,registered,登録,tangible,有形文化財,建造物,medium
national,文化庁,国指定文化財等データベース CSV export,official_export_002:29,,13Tokyo/raw/national/official_export_002.csv,市田家住宅裏門,,,,,東京都台東区上野桜木一丁目26,台東区,13106,登録有形文化財(建造物),建造物,national,,35.72014057,139.77089012,building_direct,building_candidate_point,national,登録有形文化財(建造物),登録有形文化財(建造物),,national,国,registered,登録,tangible,有形文化財,建造物,medium
national,文化庁,国指定文化財等データベース CSV export,official_export_002:30,,13Tokyo/raw/national/official_export_002.csv,市田家住宅表門,,,,,東京都台東区上野桜木一丁目26,台東区,13106,登録有形文化財(建造物),建造物,national,,35.71994466,139.7709752,building_direct,building_candidate_point,national,登録有形文化財(建造物),登録有形文化財(建造物),,national,国,registered,登録,tangible,有形文化財,建造物,medium
national,文化庁,国指定文化財等データベース CSV export,official_export_002:31,,13Tokyo/raw/national/official_export_002.csv,市田家住宅蔵,,,,,東京都台東区上野桜木一丁目26,台東区,13106,登録有形文化財(建造物),建造物,national,,35.72006114,139.77083676,building_direct,building_candidate_point,national,登録有形文化財(建造物),登録有形文化財(建造物),,national,国,registered,登録,tangible,有形文化財,建造物,medium
national,文化庁,国指定文化財等データベース CSV export,official_export_002:32,,13Tokyo/raw/national/official_export_002.csv,市田家住宅主屋,,,,,東京都台東区上野桜木一丁目26,台東区,13106,登録有形文化財(建造物),建造物,national,,35.72005062,139.77095238,building_direct,building_candidate_point,national,登録有形文化財(建造物),登録有形文化財(建造物),,national,国,registered,登録,tangible,有形文化財,建造物,medium
national,文化庁,国指定文化財等データベース CSV export,official_export_002:33,,13Tokyo/raw/national/official_export_002.csv,一水寮,,,,,東京都新宿区横寺町31-13,新宿区,13104,登録有形文化財(建造物),建造物,national,,35.702345,139.73521194,building_direct,building_candidate_point,national,登録有形文化財(建造物),登録有形文化財(建造物),,national,国,registered,登録,tangible,有形文化財,建造物,medium
national,文化庁,国指定文化財等データベース CSV export,official_export_002:34,,13Tokyo/raw/national/official_export_002.csv,伊藤家住宅主屋,,,,,東京都杉並区久我山五丁目275-10,杉並区,13115,登録有形文化財(建造物),建造物,national,,35.68820278,139.60213889,building_direct,building_candidate_point,national,登録有形文化財(建造物),登録有形文化財(建造物),,national,国,registered,登録,tangible,有形文化財,建造物,medium
national,文化庁,国指定文化財等データベース CSV export,official_export_002:35,,13Tokyo/raw/national/official_export_002.csv,伊藤家住宅主屋,,,,,東京都大田区東雪谷五丁目1008-4,大田区,13111,登録有形文化財(建造物),建造物,national,,35.589821,139.694332,building_direct,building_candidate_point,national,登録有形文化財(建造物),登録有形文化財(建造物),,national,国,registered,登録,tangible,有形文化財,建造物,medium
national,文化庁,国指定文化財等データベース CSV export,official_export_002:36,,13Tokyo/raw/national/official_export_002.csv,伊藤家住宅主屋,,,,,東京都三鷹市井口3-18-8,三鷹市,13204,登録有形文化財(建造物),建造物,national,,35.69418304,139.53916907,building_direct,building_candidate_point,national,登録有形文化財(建造物),登録有形文化財(建造物),,national,国,registered,登録,tangible,有形文化財,建造物,medium
national,文化庁,国指定文化財等データベース CSV export,official_export_002:37,,13Tokyo/raw/national/official_export_002.csv,稲荷湯長屋,,,,,東京都北区滝野川六丁目27-5,北区,13117,登録有形文化財(建造物),建造物,national,,35.74473333,139.72453333,building_direct,building_candidate_point,national,登録有形文化財(建造物),登録有形文化財(建造物),,national,国,registered,登録,tangible,有形文化財,建造物,medium
national,文化庁,国指定文化財等データベース CSV export,official_export_002:38,,13Tokyo/raw/national/official_export_002.csv,稲荷湯浴場兼主屋,,,,,東京都北区滝野川六丁目27-5,北区,13117,登録有形文化財(建造物),建造物,national,,35.744675,139.72442222,building_direct,building_candidate_point,national,登録有形文化財(建造物),登録有形文化財(建造物),,national,国,registered,登録,tangible,有形文化財,建造物,medium
national,文化庁,国指定文化財等データベース CSV export,official_export_002:39,,13Tokyo/raw/national/official_export_002.csv,今井家住宅蔵,,,,,東京都文京区西片二丁目10-15,文京区,13105,登録有形文化財(建造物),建造物,national,,35.71491389,139.75673611,building_direct,building_candidate_point,national,登録有形文化財(建造物),登録有形文化財(建造物),,national,国,registered,登録,tangible,有形文化財,建造物,medium
national,文化庁,国指定文化財等データベース CSV export,official_export_002:40,,13Tokyo/raw/national/official_export_002.csv,今半別館北棟,,,,,東京都台東区浅草2-2-5,台東区,13106,登録有形文化財(建造物),建造物,national,,35.71315638,139.79691848,building_direct,building_candidate_point,national,登録有形文化財(建造物),登録有形文化財(建造物),,national,国,registered,登録,tangible,有形文化財,建造物,medium
national,文化庁,国指定文化財等データベース CSV export,official_export_002:41,,13Tokyo/raw/national/official_export_002.csv,今半別館玄関棟,,,,,東京都台東区浅草2-2-5,台東区,13106,登録有形文化財(建造物),建造物,national,,35.71311121,139.79683051,building_direct,building_candidate_point,national,登録有形文化財(建造物),登録有形文化財(建造物),,national,国,registered,登録,tangible,有形文化財,建造物,medium
national,文化庁,国指定文化財等データベース CSV export,official_export_002:42,,13Tokyo/raw/national/official_export_002.csv,今半別館南棟,,,,,東京都台東区浅草2-2-5,台東区,13106,登録有形文化財(建造物),建造物,national,,35.71305569,139.79690513,building_direct,building_candidate_point,national,登録有形文化財(建造物),登録有形文化財(建造物),,national,国,registered,登録,tangible,有形文化財,建造物,medium
national,文化庁,国指定文化財等データベース CSV export,official_export_002:43,,13Tokyo/raw/national/official_export_002.csv,今半本店北奥座敷,,,,,東京都台東区浅草一丁目2-5,台東区,13106,登録有形文化財(建造物),建造物,national,,35.71160833,139.79686944,building_direct,building_candidate_point,national,登録有形文化財(建造物),登録有形文化財(建造物),,national,国,registered,登録,tangible,有形文化財,建造物,medium
national,文化庁,国指定文化財等データベース CSV export,official_export_002:44,,13Tokyo/raw/national/official_export_002.csv,今半本店西奥座敷,,,,,東京都台東区浅草一丁目2-5,台東区,13106,登録有形文化財(建造物),建造物,national,,35.71156667,139.79676111,building_direct,building_candidate_point,national,登録有形文化財(建造物),登録有形文化財(建造物),,national,国,registered,登録,tangible,有形文化財,建造物,medium
national,文化庁,国指定文化財等データベース CSV export,official_export_002:45,,13Tokyo/raw/national/official_export_002.csv,今半本店東奥座敷,,,,,東京都台東区浅草一丁目2-5,台東区,13106,登録有形文化財(建造物),建造物,national,,35.71156111,139.79686389,building_direct,building_candidate_point,national,登録有形文化財(建造物),登録有形文化財(建造物),,national,国,registered,登録,tangible,有形文化財,建造物,medium
national,文化庁,国指定文化財等データベース CSV export,official_export_002:46,,13Tokyo/raw/national/official_export_002.csv,岩田家住宅和館,,,,,東京都台東区池之端四丁目219-7他,台東区,13106,登録有形文化財(建造物),建造物,national,,35.71939722,139.7692,building_direct,building_candidate_point,national,登録有形文化財(建造物),登録有形文化財(建造物),,national,国,registered,登録,tangible,有形文化財,建造物,medium
national,文化庁,国指定文化財等データベース CSV export,official_export_002:47,,13Tokyo/raw/national/official_export_002.csv,位田家住宅主屋,,,,,東京都大田区田園調布3-12-11,大田区,13111,登録有形文化財(建造物),建造物,national,,35.59935152,139.66394093,building_direct,building_candidate_point,national,登録有形文化財(建造物),登録有形文化財(建造物),,national,国,registered,登録,tangible,有形文化財,建造物,medium
national,文化庁,国指定文化財等データベース CSV export,official_export_002:48,,13Tokyo/raw/national/official_export_002.csv,宇津木家住宅主屋,,,,,東京都青梅市西分町2-80,青梅市,13205,登録有形文化財(建造物),建造物,national,,35.78908904,139.26327976,building_direct,building_candidate_point,national,登録有形文化財(建造物),登録有形文化財(建造物),,national,国,registered,登録,tangible,有形文化財,建造物,medium
national,文化庁,国指定文化財等データベース CSV export,official_export_002:49,,13Tokyo/raw/national/official_export_002.csv,梅田家(沖五郎)住宅石倉及び外便所,,,,,東京都新島村本村三丁目265,新島村,13363,登録有形文化財(建造物),建造物,national,,34.37450278,139.25785833,building_direct,building_candidate_point,national,登録有形文化財(建造物),登録有形文化財(建造物),,national,国,registered,登録,tangible,有形文化財,建造物,medium
national,文化庁,国指定文化財等データベース CSV export,official_export_002:50,,13Tokyo/raw/national/official_export_002.csv,梅村家住宅(旧山崎家住宅)主屋,,,,,東京都文京区西片一丁目10-595,文京区,13105,登録有形文化財(建造物),建造物,national,,35.71289444,139.75611389,building_direct,building_candidate_point,national,登録有形文化財(建造物),登録有形文化財(建造物),,national,国,registered,登録,tangible,有形文化財,建造物,medium
national,文化庁,国指定文化財等データベース CSV export,official_export_002:51,,13Tokyo/raw/national/official_export_002.csv,梅村家住宅(旧山崎家住宅)門,,,,,東京都文京区西片一丁目10-595,文京区,13105,登録有形文化財(建造物),建造物,national,,35.71281111,139.75621389,building_direct,building_candidate_point,national,登録有形文化財(建造物),登録有形文化財(建造物),,national,国,registered,登録,tangible,有形文化財,建造物,medium
national,文化庁,国指定文化財等データベース CSV export,official_export_002:52,,13Tokyo/raw/national/official_export_002.csv,エチソウビル,,,,,東京都文京区本郷二丁目306-1,文京区,13105,登録有形文化財(建造物),建造物,national,,35.70647778,139.76050556,building_direct,building_candidate_point,national,登録有形文化財(建造物),登録有形文化財(建造物),,national,国,registered,登録,tangible,有形文化財,建造物,medium
national,文化庁,国指定文化財等データベース CSV export,official_export_002:53,,13Tokyo/raw/national/official_export_002.csv,江戸屋店舗兼住宅,,,,,東京都中央区日本橋大伝馬町1-5,中央区,13102,登録有形文化財(建造物),建造物,national,,35.68933492,139.77807345,building_direct,building_candidate_point,national,登録有形文化財(建造物),登録有形文化財(建造物),,national,国,registered,登録,tangible,有形文化財,建造物,medium
national,文化庁,国指定文化財等データベース CSV export,official_export_002:54,,13Tokyo/raw/national/official_export_002.csv,青梅織物工業協同組合旧織物加工工場,,,,,東京都青梅市西分町三丁目123他,青梅市,13205,登録有形文化財(建造物),建造物,national,,35.7881,139.265465,building_direct,building_candidate_point,national,登録有形文化財(建造物),登録有形文化財(建造物),,national,国,registered,登録,tangible,有形文化財,建造物,medium
national,文化庁,国指定文化財等データベース CSV export,official_export_002:55,,13Tokyo/raw/national/official_export_002.csv,青梅織物工業協同組合旧都立繊維試験場,,,,,東京都青梅市西分町三丁目123,青梅市,13205,登録有形文化財(建造物),建造物,national,,35.78822,139.266002,building_direct,building_candidate_point,national,登録有形文化財(建造物),登録有形文化財(建造物),,national,国,registered,登録,tangible,有形文化財,建造物,medium
national,文化庁,国指定文化財等データベース CSV export,official_export_002:56,,13Tokyo/raw/national/official_export_002.csv,青梅織物工業協同組合旧発券倉庫,,,,,東京都青梅市西分町三丁目127-6他,青梅市,13205,登録有形文化財(建造物),建造物,national,,35.788404,139.266366,building_direct,building_candidate_point,national,登録有形文化財(建造物),登録有形文化財(建造物),,national,国,registered,登録,tangible,有形文化財,建造物,medium
national,文化庁,国指定文化財等データベース CSV export,official_export_002:57,,13Tokyo/raw/national/official_export_002.csv,青梅織物工業協同組合本館,,,,,東京都青梅市西分町三丁目123他,青梅市,13205,登録有形文化財(建造物),建造物,national,,35.788573,139.266076,building_direct,building_candidate_point,national,登録有形文化財(建造物),登録有形文化財(建造物),,national,国,registered,登録,tangible,有形文化財,建造物,medium
national,文化庁,国指定文化財等データベース CSV export,official_export_002:58,,13Tokyo/raw/national/official_export_002.csv,大倉集古館陳列館,,,,,東京都港区虎ノ門2-10-3,港区,13103,登録有形文化財(建造物),建造物,national,,35.667079,139.74339573,building_direct,building_candidate_point,national,登録有形文化財(建造物),登録有形文化財(建造物),,national,国,registered,登録,tangible,有形文化財,建造物,medium
national,文化庁,国指定文化財等データベース CSV export,official_export_002:59,,13Tokyo/raw/national/official_export_002.csv,大野屋總本店店舗,,,,,東京都中央区新富2-6-13,中央区,13102,登録有形文化財(建造物),建造物,national,,35.67215508,139.77267322,building_direct,building_candidate_point,national,登録有形文化財(建造物),登録有形文化財(建造物),,national,国,registered,登録,tangible,有形文化財,建造物,medium
national,文化庁,国指定文化財等データベース CSV export,official_export_002:60,,13Tokyo/raw/national/official_export_002.csv,大橋茶寮表門,,,,,東京都港区虎ノ門5-6-6,港区,13103,登録有形文化財(建造物),建造物,national,,35.66286608,139.74236998,building_direct,building_candidate_point,national,登録有形文化財(建造物),登録有形文化財(建造物),,national,国,registered,登録,tangible,有形文化財,建造物,medium
national,文化庁,国指定文化財等データベース CSV export,official_export_002:61,,13Tokyo/raw/national/official_export_002.csv,大橋茶寮茶室葵,,,,,東京都港区虎ノ門5-6-6,港区,13103,登録有形文化財(建造物),建造物,national,,35.66289537,139.74216375,building_direct,building_candidate_point,national,登録有形文化財(建造物),登録有形文化財(建造物),,national,国,registered,登録,tangible,有形文化財,建造物,medium
national,文化庁,国指定文化財等データベース CSV export,official_export_002:62,,13Tokyo/raw/national/official_export_002.csv,大橋茶寮茶室桂,,,,,東京都港区虎ノ門5-6-6,港区,13103,登録有形文化財(建造物),建造物,national,,35.66279092,139.742157,building_direct,building_candidate_point,national,登録有形文化財(建造物),登録有形文化財(建造物),,national,国,registered,登録,tangible,有形文化財,建造物,medium
national,文化庁,国指定文化財等データベース CSV export,official_export_002:63,,13Tokyo/raw/national/official_export_002.csv,大橋茶寮茶室守貧庵,,,,,東京都港区虎ノ門5-6-6,港区,13103,登録有形文化財(建造物),建造物,national,,35.66275648,139.74230598,building_direct,building_candidate_point,national,登録有形文化財(建造物),登録有形文化財(建造物),,national,国,registered,登録,tangible,有形文化財,建造物,medium
national,文化庁,国指定文化財等データベース CSV export,official_export_002:64,,13Tokyo/raw/national/official_export_002.csv,大橋茶寮茶室如庵写,,,,,東京都港区虎ノ門5-6-6,港区,13103,登録有形文化財(建造物),建造物,national,,35.66281342,139.74234996,building_direct,building_candidate_point,national,登録有形文化財(建造物),登録有形文化財(建造物),,national,国,registered,登録,tangible,有形文化財,建造物,medium
national,文化庁,国指定文化財等データベース CSV export,official_export_002:65,,13Tokyo/raw/national/official_export_002.csv,大橋茶寮茶室山吹,,,,,東京都港区虎ノ門5-6-6,港区,13103,登録有形文化財(建造物),建造物,national,,35.66289949,139.74230926,building_direct,building_candidate_point,national,登録有形文化財(建造物),登録有形文化財(建造物),,national,国,registered,登録,tangible,有形文化財,建造物,medium
national,文化庁,国指定文化財等データベース CSV export,official_export_002:66,,13Tokyo/raw/national/official_export_002.csv,大橋茶寮中門,,,,,東京都港区虎ノ門5-6-6,港区,13103,登録有形文化財(建造物),建造物,national,,35.66282793,139.74226849,building_direct,building_candidate_point,national,登録有形文化財(建造物),登録有形文化財(建造物),,national,国,registered,登録,tangible,有形文化財,建造物,medium
national,文化庁,国指定文化財等データベース CSV export,official_export_002:67,,13Tokyo/raw/national/official_export_002.csv,大橋茶寮不老門,,,,,東京都港区虎ノ門5-6-6,港区,13103,登録有形文化財(建造物),建造物,national,,35.66275504,139.74222566,building_direct,building_candidate_point,national,登録有形文化財(建造物),登録有形文化財(建造物),,national,国,registered,登録,tangible,有形文化財,建造物,medium
national,文化庁,国指定文化財等データベース CSV export,official_export_002:68,,13Tokyo/raw/national/official_export_002.csv,大橋茶寮塀,,,,,東京都港区虎ノ門5-6-6,港区,13103,登録有形文化財(建造物),建造物,national,,35.66275004,139.74238095,building_direct,building_candidate_point,national,登録有形文化財(建造物),登録有形文化財(建造物),,national,国,registered,登録,tangible,有形文化財,建造物,medium
national,文化庁,国指定文化財等データベース CSV export,official_export_002:69,,13Tokyo/raw/national/official_export_002.csv,岡田日帰上人記念講堂,,,,,東京都杉並区堀ノ内二丁目337-1他,杉並区,13115,登録有形文化財(建造物),建造物,national,,35.69108056,139.64725278,building_direct,building_candidate_point,national,登録有形文化財(建造物),登録有形文化財(建造物),,national,国,registered,登録,tangible,有形文化財,建造物,medium
national,文化庁,国指定文化財等データベース CSV export,official_export_002:70,,13Tokyo/raw/national/official_export_002.csv,沖本家住宅洋館,,,,,東京都国分寺市内藤二丁目43-9,国分寺市,13214,登録有形文化財(建造物),建造物,national,,35.69868333,139.45179167,building_direct,building_candidate_point,national,登録有形文化財(建造物),登録有形文化財(建造物),,national,国,registered,登録,tangible,有形文化財,建造物,medium
national,文化庁,国指定文化財等データベース CSV export,official_export_002:71,,13Tokyo/raw/national/official_export_002.csv,沖本家住宅和館,,,,,東京都国分寺市内藤二丁目43-9,国分寺市,13214,登録有形文化財(建造物),建造物,national,,35.69859722,139.45168333,building_direct,building_candidate_point,national,登録有形文化財(建造物),登録有形文化財(建造物),,national,国,registered,登録,tangible,有形文化財,建造物,medium
national,文化庁,国指定文化財等データベース CSV export,official_export_002:72,,13Tokyo/raw/national/official_export_002.csv,お茶の水女子大学表門,,,,,東京都文京区大塚2-35,文京区,13105,登録有形文化財(建造物),建造物,national,,35.7197039,139.7335399,building_direct,building_candidate_point,national,登録有形文化財(建造物),登録有形文化財(建造物),,national,国,registered,登録,tangible,有形文化財,建造物,medium
national,文化庁,国指定文化財等データベース CSV export,official_export_002:73,,13Tokyo/raw/national/official_export_002.csv,お茶の水女子大学講堂,,,,,東京都文京区大塚2-35,文京区,13105,登録有形文化財(建造物),建造物,national,,35.718605,139.732376,building_direct,building_candidate_point,national,登録有形文化財(建造物),登録有形文化財(建造物),,national,国,registered,登録,tangible,有形文化財,建造物,medium
national,文化庁,国指定文化財等データベース CSV export,official_export_002:74,,13Tokyo/raw/national/official_export_002.csv,お茶の水女子大学附属幼稚園園舎,,,,,東京都文京区大塚2-35,文京区,13105,登録有形文化財(建造物),建造物,national,,35.718193,139.733063,building_direct,building_candidate_point,national,登録有形文化財(建造物),登録有形文化財(建造物),,national,国,registered,登録,tangible,有形文化財,建造物,medium
national,文化庁,国指定文化財等データベース CSV export,official_export_002:75,,13Tokyo/raw/national/official_export_002.csv,お茶の水女子大学本館,,,,,東京都文京区大塚2-35,文京区,13105,登録有形文化財(建造物),建造物,national,,35.71879704,139.73254518,building_direct,building_candidate_point,national,登録有形文化財(建造物),登録有形文化財(建造物),,national,国,registered,登録,tangible,有形文化財,建造物,medium
national,文化庁,国指定文化財等データベース CSV export,official_export_002:76,,13Tokyo/raw/national/official_export_002.csv,温故学会会館,,,,,東京都渋谷区東2-9-1,渋谷区,13113,登録有形文化財(建造物),建造物,national,,35.654331,139.711395,building_direct,building_candidate_point,national,登録有形文化財(建造物),登録有形文化財(建造物),,national,国,registered,登録,tangible,有形文化財,建造物,medium
national,文化庁,国指定文化財等データベース CSV export,official_export_002:77,,13Tokyo/raw/national/official_export_002.csv,御嶽神社社務所,,,,,東京都大田区北嶺町145-1他,大田区,13111,登録有形文化財(建造物),建造物,national,,35.586091,139.681071,building_direct,building_candidate_point,national,登録有形文化財(建造物),登録有形文化財(建造物),,national,国,registered,登録,tangible,有形文化財,建造物,medium
national,文化庁,国指定文化財等データベース CSV export,official_export_002:78,,13Tokyo/raw/national/official_export_002.csv,御嶽神社水行堂,,,,,東京都大田区北嶺町145-1他,大田区,13111,登録有形文化財(建造物),建造物,national,,35.586177,139.68115,building_direct,building_candidate_point,national,登録有形文化財(建造物),登録有形文化財(建造物),,national,国,registered,登録,tangible,有形文化財,建造物,medium
national,文化庁,国指定文化財等データベース CSV export,official_export_002:79,,13Tokyo/raw/national/official_export_002.csv,御嶽神社末社一山神社祖霊社,,,,,東京都大田区北嶺町145-1他,大田区,13111,登録有形文化財(建造物),建造物,national,,35.586321,139.681145,building_direct,building_candidate_point,national,登録有形文化財(建造物),登録有形文化財(建造物),,national,国,registered,登録,tangible,有形文化財,建造物,medium
national,文化庁,国指定文化財等データベース CSV export,official_export_002:80,,13Tokyo/raw/national/official_export_002.csv,海福寺本堂,,,,,東京都目黒区下目黒三丁目679-2,目黒区,13110,登録有形文化財(建造物),建造物,national,,35.62934722,139.70931111,building_direct,building_candidate_point,national,登録有形文化財(建造物),登録有形文化財(建造物),,national,国,registered,登録,tangible,有形文化財,建造物,medium
national,文化庁,国指定文化財等データベース CSV export,official_export_002:81,,13Tokyo/raw/national/official_export_002.csv,学士会館,,,,,東京都千代田区神田錦町3-28,千代田区,13101,登録有形文化財(建造物),建造物,national,,35.693192,139.758987,building_direct,building_candidate_point,national,登録有形文化財(建造物),登録有形文化財(建造物),,national,国,registered,登録,tangible,有形文化財,建造物,medium
national,文化庁,国指定文化財等データベース CSV export,official_export_002:82,,13Tokyo/raw/national/official_export_002.csv,学習院北別館(旧図書館),,,,,東京都豊島区目白1-1057-1,豊島区,13116,登録有形文化財(建造物),建造物,national,,35.71950589,139.70937307,building_direct,building_candidate_point,national,登録有形文化財(建造物),登録有形文化財(建造物),,national,国,registered,登録,tangible,有形文化財,建造物,medium
national,文化庁,国指定文化財等データベース CSV export,official_export_002:83,,13Tokyo/raw/national/official_export_002.csv,学習院厩舎,,,,,東京都豊島区目白1-1057-1,豊島区,13116,登録有形文化財(建造物),建造物,national,,35.71688536,139.70847657,building_direct,building_candidate_point,national,登録有形文化財(建造物),登録有形文化財(建造物),,national,国,registered,登録,tangible,有形文化財,建造物,medium
national,文化庁,国指定文化財等データベース CSV export,official_export_002:84,,13Tokyo/raw/national/official_export_002.csv,学習院正門,,,,,東京都豊島区目白1-1057-1,豊島区,13116,登録有形文化財(建造物),建造物,national,,35.7202149,139.709793,building_direct,building_candidate_point,national,登録有形文化財(建造物),登録有形文化財(建造物),,national,国,registered,登録,tangible,有形文化財,建造物,medium
national,文化庁,国指定文化財等データベース CSV export,official_export_002:85,,13Tokyo/raw/national/official_export_002.csv,学習院西一号館(旧中等科教場),,,,,東京都豊島区目白1-1057-1,豊島区,13116,登録有形文化財(建造物),建造物,national,,35.71833089,139.70800324,building_direct,building_candidate_point,national,登録有形文化財(建造物),登録有形文化財(建造物),,national,国,registered,登録,tangible,有形文化財,建造物,medium
national,文化庁,国指定文化財等データベース CSV export,official_export_002:86,,13Tokyo/raw/national/official_export_002.csv,学習院乃木館(旧総寮部),,,,,東京都豊島区目白1-1057-1,豊島区,13116,登録有形文化財(建造物),建造物,national,,35.71793,139.707443,building_direct,building_candidate_point,national,登録有形文化財(建造物),登録有形文化財(建造物),,national,国,registered,登録,tangible,有形文化財,建造物,medium
national,文化庁,国指定文化財等データベース CSV export,official_export_002:87,,13Tokyo/raw/national/official_export_002.csv,学習院東別館(旧皇族寮),,,,,東京都豊島区目白1-1057-1,豊島区,13116,登録有形文化財(建造物),建造物,national,,35.719265,139.71002755,building_direct,building_candidate_point,national,登録有形文化財(建造物),登録有形文化財(建造物),,national,国,registered,登録,tangible,有形文化財,建造物,medium
national,文化庁,国指定文化財等データベース CSV export,official_export_002:88,,13Tokyo/raw/national/official_export_002.csv,学習院南一号館(旧理科特別教場),,,,,東京都豊島区目白1-1057-1,豊島区,13116,登録有形文化財(建造物),建造物,national,,35.71779138,139.70850949,building_direct,building_candidate_point,national,登録有形文化財(建造物),登録有形文化財(建造物),,national,国,registered,登録,tangible,有形文化財,建造物,medium
national,文化庁,国指定文化財等データベース CSV export,official_export_002:89,,13Tokyo/raw/national/official_export_002.csv,樫尾俊雄発明記念館(旧樫尾家住宅主屋),,,,,東京都世田谷区成城四丁目511-1他,世田谷区,13112,登録有形文化財(建造物),建造物,national,,35.63886694,139.59385389,building_direct,building_candidate_point,national,登録有形文化財(建造物),登録有形文化財(建造物),,national,国,registered,登録,tangible,有形文化財,建造物,medium
national,文化庁,国指定文化財等データベース CSV export,official_export_002:90,,13Tokyo/raw/national/official_export_002.csv,河鹿園稲荷社,,,,,東京都青梅市御岳本町335,青梅市,13205,登録有形文化財(建造物),建造物,national,,35.80101667,139.18418611,building_direct,building_candidate_point,national,登録有形文化財(建造物),登録有形文化財(建造物),,national,国,registered,登録,tangible,有形文化財,建造物,medium
national,文化庁,国指定文化財等データベース CSV export,official_export_002:91,,13Tokyo/raw/national/official_export_002.csv,河鹿園渓梅庵,,,,,東京都青梅市御岳本町335,青梅市,13205,登録有形文化財(建造物),建造物,national,,35.80096667,139.18406667,building_direct,building_candidate_point,national,登録有形文化財(建造物),登録有形文化財(建造物),,national,国,registered,登録,tangible,有形文化財,建造物,medium
national,文化庁,国指定文化財等データベース CSV export,official_export_002:92,,13Tokyo/raw/national/official_export_002.csv,河鹿園山魚楼,,,,,東京都青梅市御岳本町335,青梅市,13205,登録有形文化財(建造物),建造物,national,,35.80098333,139.18390556,building_direct,building_candidate_point,national,登録有形文化財(建造物),登録有形文化財(建造物),,national,国,registered,登録,tangible,有形文化財,建造物,medium
national,文化庁,国指定文化財等データベース CSV export,official_export_002:93,,13Tokyo/raw/national/official_export_002.csv,河鹿園射山荘,,,,,東京都青梅市御岳本町335,青梅市,13205,登録有形文化財(建造物),建造物,national,,35.80113611,139.18400278,building_direct,building_candidate_point,national,登録有形文化財(建造物),登録有形文化財(建造物),,national,国,registered,登録,tangible,有形文化財,建造物,medium
national,文化庁,国指定文化財等データベース CSV export,official_export_002:94,,13Tokyo/raw/national/official_export_002.csv,河鹿園大浴場,,,,,東京都青梅市御岳本町335,青梅市,13205,登録有形文化財(建造物),建造物,national,,35.80108611,139.18421667,building_direct,building_candidate_point,national,登録有形文化財(建造物),登録有形文化財(建造物),,national,国,registered,登録,tangible,有形文化財,建造物,medium
national,文化庁,国指定文化財等データベース CSV export,official_export_002:95,,13Tokyo/raw/national/official_export_002.csv,河鹿園帳場兼主屋,,,,,東京都青梅市御岳本町335,青梅市,13205,登録有形文化財(建造物),建造物,national,,35.80112222,139.18378889,building_direct,building_candidate_point,national,登録有形文化財(建造物),登録有形文化財(建造物),,national,国,registered,登録,tangible,有形文化財,建造物,medium
national,文化庁,国指定文化財等データベース CSV export,official_export_002:96,,13Tokyo/raw/national/official_export_002.csv,河鹿園枕流亭,,,,,東京都青梅市御岳本町335,青梅市,13205,登録有形文化財(建造物),建造物,national,,35.80093889,139.18422778,building_direct,building_candidate_point,national,登録有形文化財(建造物),登録有形文化財(建造物),,national,国,registered,登録,tangible,有形文化財,建造物,medium
national,文化庁,国指定文化財等データベース CSV export,official_export_002:97,,13Tokyo/raw/national/official_export_002.csv,河鹿園渡廊下,,,,,東京都青梅市御岳本町335,青梅市,13205,登録有形文化財(建造物),建造物,national,,35.80103889,139.18414722,building_direct,building_candidate_point,national,登録有形文化財(建造物),登録有形文化財(建造物),,national,国,registered,登録,tangible,有形文化財,建造物,medium
national,文化庁,国指定文化財等データベース CSV export,official_export_002:98,,13Tokyo/raw/national/official_export_002.csv,数江家住宅主屋,,,,,東京都大田区久が原二丁目899,大田区,13111,登録有形文化財(建造物),建造物,national,,35.58392778,139.69486667,building_direct,building_candidate_point,national,登録有形文化財(建造物),登録有形文化財(建造物),,national,国,registered,登録,tangible,有形文化財,建造物,medium
national,文化庁,国指定文化財等データベース CSV export,official_export_002:99,,13Tokyo/raw/national/official_export_002.csv,割烹美家古向島本店店舗,,,,,東京都墨田区向島5-2-1,墨田区,13107,登録有形文化財(建造物),建造物,national,,35.71715217,139.80876753,building_direct,building_candidate_point,national,登録有形文化財(建造物),登録有形文化財(建造物),,national,国,registered,登録,tangible,有形文化財,建造物,medium
national,文化庁,国指定文化財等データベース CSV export,official_export_002:100,,13Tokyo/raw/national/official_export_002.csv,カトリック神田教会聖堂,,,,,東京都千代田区西神田1-1-12,千代田区,13101,登録有形文化財(建造物),建造物,national,,35.699387,139.757355,building_direct,building_candidate_point,national,登録有形文化財(建造物),登録有形文化財(建造物),,national,国,registered,登録,tangible,有形文化財,建造物,medium
national,文化庁,国指定文化財等データベース CSV export,official_export_002:101,,13Tokyo/raw/national/official_export_002.csv,金澤家住宅主屋,,,,,東京都文京区西片2-2-7,文京区,13105,登録有形文化財(建造物),建造物,national,,35.71391798,139.75618297,building_direct,building_candidate_point,national,登録有形文化財(建造物),登録有形文化財(建造物),,national,国,registered,登録,tangible,有形文化財,建造物,medium
national,文化庁,国指定文化財等データベース CSV export,official_export_002:102,,13Tokyo/raw/national/official_export_002.csv,金澤家住宅門及び塀,,,,,東京都文京区西片2-2-7,文京区,13105,登録有形文化財(建造物),建造物,national,,35.71398578,139.75605554,building_direct,building_candidate_point,national,登録有形文化財(建造物),登録有形文化財(建造物),,national,国,registered,登録,tangible,有形文化財,建造物,medium
national,文化庁,国指定文化財等データベース CSV export,official_export_002:103,,13Tokyo/raw/national/official_export_002.csv,金澤家住宅洋館,,,,,東京都文京区西片2-2-7,文京区,13105,登録有形文化財(建造物),建造物,national,,35.71400211,139.75615438,building_direct,building_candidate_point,national,登録有形文化財(建造物),登録有形文化財(建造物),,national,国,registered,登録,tangible,有形文化財,建造物,medium
national,文化庁,国指定文化財等データベース CSV export,official_export_002:104,,13Tokyo/raw/national/official_export_002.csv,鎌田家住宅主屋,,,,,東京都世田谷区梅丘1-1473-5,世田谷区,13112,登録有形文化財(建造物),建造物,national,,35.65277952,139.6521871,building_direct,building_candidate_point,national,登録有形文化財(建造物),登録有形文化財(建造物),,national,国,registered,登録,tangible,有形文化財,建造物,medium
national,文化庁,国指定文化財等データベース CSV export,official_export_002:105,,13Tokyo/raw/national/official_export_002.csv,鎌田家住宅離れ,,,,,東京都世田谷区梅丘1-1473-5,世田谷区,13112,登録有形文化財(建造物),建造物,national,,35.65275468,139.65203638,building_direct,building_candidate_point,national,登録有形文化財(建造物),登録有形文化財(建造物),,national,国,registered,登録,tangible,有形文化財,建造物,medium
national,文化庁,国指定文化財等データベース CSV export,official_export_002:106,,13Tokyo/raw/national/official_export_002.csv,鎌田家住宅門及び塀,,,,,東京都世田谷区梅丘1-1473-5,世田谷区,13112,登録有形文化財(建造物),建造物,national,,35.65269826,139.65229646,building_direct,building_candidate_point,national,登録有形文化財(建造物),登録有形文化財(建造物),,national,国,registered,登録,tangible,有形文化財,建造物,medium
national,文化庁,国指定文化財等データベース CSV export,official_export_002:107,,13Tokyo/raw/national/official_export_002.csv,神谷バー本館,,,,,東京都台東区浅草1-16-33他,台東区,13106,登録有形文化財(建造物),建造物,national,,35.71094424,139.7975212,building_direct,building_candidate_point,national,登録有形文化財(建造物),登録有形文化財(建造物),,national,国,registered,登録,tangible,有形文化財,建造物,medium
national,文化庁,国指定文化財等データベース CSV export,official_export_002:108,,13Tokyo/raw/national/official_export_002.csv,亀井家住宅主屋,,,,,東京都世田谷区松原一丁目129-7,世田谷区,13112,登録有形文化財(建造物),建造物,national,,35.66714722,139.6524,building_direct,building_candidate_point,national,登録有形文化財(建造物),登録有形文化財(建造物),,national,国,registered,登録,tangible,有形文化財,建造物,medium
national,文化庁,国指定文化財等データベース CSV export,official_export_002:109,,13Tokyo/raw/national/official_export_002.csv,川井家住宅主屋,,,,,東京都多摩市鶴牧二丁目22-2他,多摩市,13224,登録有形文化財(建造物),建造物,national,,35.61836667,139.41528611,building_direct,building_candidate_point,national,登録有形文化財(建造物),登録有形文化財(建造物),,national,国,registered,登録,tangible,有形文化財,建造物,medium
national,文化庁,国指定文化財等データベース CSV export,official_export_002:110,,13Tokyo/raw/national/official_export_002.csv,河津家住宅主屋,,,,,東京都世田谷区成城三丁目10-29,世田谷区,13112,登録有形文化財(建造物),建造物,national,,35.63766288,139.5940395,building_direct,building_candidate_point,national,登録有形文化財(建造物),登録有形文化財(建造物),,national,国,registered,登録,tangible,有形文化財,建造物,medium
national,文化庁,国指定文化財等データベース CSV export,official_export_002:111,,13Tokyo/raw/national/official_export_002.csv,河原家住宅主屋,,,,,東京都大田区南馬込1-55-8,大田区,13111,登録有形文化財(建造物),建造物,national,,35.59050876,139.71088479,building_direct,building_candidate_point,national,登録有形文化財(建造物),登録有形文化財(建造物),,national,国,registered,登録,tangible,有形文化財,建造物,medium
national,文化庁,国指定文化財等データベース CSV export,official_export_002:112,,13Tokyo/raw/national/official_export_002.csv,寛永寺葵の間,,,,,東京都台東区上野桜木一丁目10,台東区,13106,登録有形文化財(建造物),建造物,national,,35.72156944,139.77468889,building_direct,building_candidate_point,national,登録有形文化財(建造物),登録有形文化財(建造物),,national,国,registered,登録,tangible,有形文化財,建造物,medium
national,文化庁,国指定文化財等データベース CSV export,official_export_002:113,,13Tokyo/raw/national/official_export_002.csv,寛永寺護国院庫裏,,,,,東京都台東区上野公園10-18,台東区,13106,登録有形文化財(建造物),建造物,national,,35.71925,139.769821,building_direct,building_candidate_point,national,登録有形文化財(建造物),登録有形文化財(建造物),,national,国,registered,登録,tangible,有形文化財,建造物,medium
national,文化庁,国指定文化財等データベース CSV export,official_export_002:114,,13Tokyo/raw/national/official_export_002.csv,寛永寺根本中堂,,,,,東京都台東区上野桜木一丁目10,台東区,13106,登録有形文化財(建造物),建造物,national,,35.721425,139.77439167,building_direct,building_candidate_point,national,登録有形文化財(建造物),登録有形文化財(建造物),,national,国,registered,登録,tangible,有形文化財,建造物,medium
national,文化庁,国指定文化財等データベース CSV export,official_export_002:115,,13Tokyo/raw/national/official_export_002.csv,寛永寺渋沢家霊堂,,,,,東京都台東区上野桜木1-14-11,台東区,13106,登録有形文化財(建造物),建造物,national,,35.721706,139.774979,building_direct,building_candidate_point,national,登録有形文化財(建造物),登録有形文化財(建造物),,national,国,registered,登録,tangible,有形文化財,建造物,medium
national,文化庁,国指定文化財等データベース CSV export,official_export_002:116,,13Tokyo/raw/national/official_export_002.csv,神田神社神饌所,,,,,東京都千代田区外神田2-16-2,千代田区,13101,登録有形文化財(建造物),建造物,national,,35.70198194,139.76815963,building_direct,building_candidate_point,national,登録有形文化財(建造物),登録有形文化財(建造物),,national,国,registered,登録,tangible,有形文化財,建造物,medium
national,文化庁,国指定文化財等データベース CSV export,official_export_002:117,,13Tokyo/raw/national/official_export_002.csv,神田神社西門,,,,,東京都千代田区外神田2-16-2,千代田区,13101,登録有形文化財(建造物),建造物,national,,35.70210451,139.7677372,building_direct,building_candidate_point,national,登録有形文化財(建造物),登録有形文化財(建造物),,national,国,registered,登録,tangible,有形文化財,建造物,medium
national,文化庁,国指定文化財等データベース CSV export,official_export_002:118,,13Tokyo/raw/national/official_export_002.csv,神田神社拝殿,,,,,東京都千代田区外神田2-16-2,千代田区,13101,登録有形文化財(建造物),建造物,national,,35.70191154,139.76783966,building_direct,building_candidate_point,national,登録有形文化財(建造物),登録有形文化財(建造物),,national,国,registered,登録,tangible,有形文化財,建造物,medium
national,文化庁,国指定文化財等データベース CSV export,official_export_002:119,,13Tokyo/raw/national/official_export_002.csv,神田神社東門,,,,,東京都千代田区外神田2-16-2,千代田区,13101,登録有形文化財(建造物),建造物,national,,35.70188986,139.76803507,building_direct,building_candidate_point,national,登録有形文化財(建造物),登録有形文化財(建造物),,national,国,registered,登録,tangible,有形文化財,建造物,medium
national,文化庁,国指定文化財等データベース CSV export,official_export_002:120,,13Tokyo/raw/national/official_export_002.csv,神田神社幣殿,,,,,東京都千代田区外神田2-16-2,千代田区,13101,登録有形文化財(建造物),建造物,national,,35.70201454,139.76790848,building_direct,building_candidate_point,national,登録有形文化財(建造物),登録有形文化財(建造物),,national,国,registered,登録,tangible,有形文化財,建造物,medium
national,文化庁,国指定文化財等データベース CSV export,official_export_002:121,,13Tokyo/raw/national/official_export_002.csv,神田神社宝庫,,,,,東京都千代田区外神田2-16-2,千代田区,13101,登録有形文化財(建造物),建造物,national,,35.702179,139.76779079,building_direct,building_candidate_point,national,登録有形文化財(建造物),登録有形文化財(建造物),,national,国,registered,登録,tangible,有形文化財,建造物,medium
national,文化庁,国指定文化財等データベース CSV export,official_export_002:122,,13Tokyo/raw/national/official_export_002.csv,神田神社本殿,,,,,東京都千代田区外神田2-16-2,千代田区,13101,登録有形文化財(建造物),建造物,national,,35.70211098,139.76799629,building_direct,building_candidate_point,national,登録有形文化財(建造物),登録有形文化財(建造物),,national,国,registered,登録,tangible,有形文化財,建造物,medium
national,文化庁,国指定文化財等データベース CSV export,official_export_002:123,,13Tokyo/raw/national/official_export_002.csv,神田神社瑞垣,,,,,東京都千代田区外神田2-16-2,千代田区,13101,登録有形文化財(建造物),建造物,national,,35.70220129,139.76807525,building_direct,building_candidate_point,national,登録有形文化財(建造物),登録有形文化財(建造物),,national,国,registered,登録,tangible,有形文化財,建造物,medium
national,文化庁,国指定文化財等データベース CSV export,official_export_002:124,,13Tokyo/raw/national/official_export_002.csv,観音寺客殿,,,,,東京都台東区谷中五丁目107-1,台東区,13106,登録有形文化財(建造物),建造物,national,,35.72550833,139.76810833,building_direct,building_candidate_point,national,登録有形文化財(建造物),登録有形文化財(建造物),,national,国,registered,登録,tangible,有形文化財,建造物,medium
national,文化庁,国指定文化財等データベース CSV export,official_export_002:125,,13Tokyo/raw/national/official_export_002.csv,観音寺築地塀,,,,,東京都台東区谷中5-8-28,台東区,13106,登録有形文化財(建造物),建造物,national,,35.7253012,139.76806339,building_direct,building_candidate_point,national,登録有形文化財(建造物),登録有形文化財(建造物),,national,国,registered,登録,tangible,有形文化財,建造物,medium
national,文化庁,国指定文化財等データベース CSV export,official_export_002:126,,13Tokyo/raw/national/official_export_002.csv,菊池寛実記念智美術館別館,,,,,東京都港区虎ノ門4-1-35,港区,13103,登録有形文化財(建造物),建造物,national,,35.66597093,139.74426378,building_direct,building_candidate_point,national,登録有形文化財(建造物),登録有形文化財(建造物),,national,国,registered,登録,tangible,有形文化財,建造物,medium
national,文化庁,国指定文化財等データベース CSV export,official_export_002:130,,13Tokyo/raw/national/official_export_002.csv,紀野家住宅主屋,,,,,東京都新島村本村四丁目646他,新島村,13363,登録有形文化財(建造物),建造物,national,,34.37254722,139.257825,building_direct,building_candidate_point,national,登録有形文化財(建造物),登録有形文化財(建造物),,national,国,registered,登録,tangible,有形文化財,建造物,medium
national,文化庁,国指定文化財等データベース CSV export,official_export_002:131,,13Tokyo/raw/national/official_export_002.csv,紀野家住宅釜屋形,,,,,東京都新島村本村四丁目646他,新島村,13363,登録有形文化財(建造物),建造物,national,,34.37256944,139.25778333,building_direct,building_candidate_point,national,登録有形文化財(建造物),登録有形文化財(建造物),,national,国,registered,登録,tangible,有形文化財,建造物,medium
national,文化庁,国指定文化財等データベース CSV export,official_export_002:132,,13Tokyo/raw/national/official_export_002.csv,ギャラリー・エフ蔵(株式会社淵川金属事務所),,,,,東京都台東区雷門二丁目6-1,台東区,13106,登録有形文化財(建造物),建造物,national,,35.70990739,139.79688411,building_direct,building_candidate_point,national,登録有形文化財(建造物),登録有形文化財(建造物),,national,国,registered,登録,tangible,有形文化財,建造物,medium
national,文化庁,国指定文化財等データベース CSV export,official_export_002:133,,13Tokyo/raw/national/official_export_002.csv,旧赤羽台団地四一号棟,,,,,東京都北区赤羽台一丁目1-1,北区,13117,登録有形文化財(建造物),建造物,national,,35.77714444,139.71603333,building_direct,building_candidate_point,national,登録有形文化財(建造物),登録有形文化財(建造物),,national,国,registered,登録,tangible,有形文化財,建造物,medium
national,文化庁,国指定文化財等データベース CSV export,official_export_002:134,,13Tokyo/raw/national/official_export_002.csv,旧赤羽台団地四三号棟,,,,,東京都北区赤羽台一丁目1-1,北区,13117,登録有形文化財(建造物),建造物,national,,35.77664167,139.71631389,building_direct,building_candidate_point,national,登録有形文化財(建造物),登録有形文化財(建造物),,national,国,registered,登録,tangible,有形文化財,建造物,medium
national,文化庁,国指定文化財等データベース CSV export,official_export_002:135,,13Tokyo/raw/national/official_export_002.csv,旧赤羽台団地四二号棟,,,,,東京都北区赤羽台一丁目1-1,北区,13117,登録有形文化財(建造物),建造物,national,,35.77633056,139.71655,building_direct,building_candidate_point,national,登録有形文化財(建造物),登録有形文化財(建造物),,national,国,registered,登録,tangible,有形文化財,建造物,medium
national,文化庁,国指定文化財等データベース CSV export,official_export_002:136,,13Tokyo/raw/national/official_export_002.csv,旧赤羽台団地四四号棟,,,,,東京都北区赤羽台一丁目1-1,北区,13117,登録有形文化財(建造物),建造物,national,,35.77698889,139.71635556,building_direct,building_candidate_point,national,登録有形文化財(建造物),登録有形文化財(建造物),,national,国,registered,登録,tangible,有形文化財,建造物,medium
national,文化庁,国指定文化財等データベース CSV export,official_export_002:137,,13Tokyo/raw/national/official_export_002.csv,旧赤星鉄馬邸,,,,,東京都武蔵野市吉祥寺本町四丁目1823他,武蔵野市,13203,登録有形文化財(建造物),建造物,national,,35.70935,139.57200833,building_direct,building_candidate_point,national,登録有形文化財(建造物),登録有形文化財(建造物),,national,国,registered,登録,tangible,有形文化財,建造物,medium
national,文化庁,国指定文化財等データベース CSV export,official_export_002:138,,13Tokyo/raw/national/official_export_002.csv,旧飯田家住宅店舗兼主屋,,,,,東京都中央区佃一丁目8,中央区,13102,登録有形文化財(建造物),建造物,national,,35.66723056,139.78250278,building_direct,building_candidate_point,national,登録有形文化財(建造物),登録有形文化財(建造物),,national,国,registered,登録,tangible,有形文化財,建造物,medium
national,文化庁,国指定文化財等データベース CSV export,official_export_002:139,,13Tokyo/raw/national/official_export_002.csv,旧井阪屋本店河合ビル,,,,,東京都台東区雷門二丁目3-2,台東区,13106,登録有形文化財(建造物),建造物,national,,35.709601,139.795933,building_direct,building_candidate_point,national,登録有形文化財(建造物),登録有形文化財(建造物),,national,国,registered,登録,tangible,有形文化財,建造物,medium
national,文化庁,国指定文化財等データベース CSV export,official_export_002:140,,13Tokyo/raw/national/official_export_002.csv,旧井阪屋本店河合ビル稲荷社,,,,,東京都台東区雷門二丁目3-10,台東区,13106,登録有形文化財(建造物),建造物,national,,35.709931,139.789103,building_direct,building_candidate_point,national,登録有形文化財(建造物),登録有形文化財(建造物),,national,国,registered,登録,tangible,有形文化財,建造物,medium
national,文化庁,国指定文化財等データベース CSV export,official_export_002:141,,13Tokyo/raw/national/official_export_002.csv,旧板垣家住宅主屋,,,,,東京都足立区千住5丁目66,足立区,13121,登録有形文化財(建造物),建造物,national,,35.75455833,139.80430833,building_direct,building_candidate_point,national,登録有形文化財(建造物),登録有形文化財(建造物),,national,国,registered,登録,tangible,有形文化財,建造物,medium
national,文化庁,国指定文化財等データベース CSV export,official_export_002:142,,13Tokyo/raw/national/official_export_002.csv,旧大田黒家住宅蔵,,,,,東京都杉並区荻窪三丁目21他,杉並区,13115,登録有形文化財(建造物),建造物,national,,35.700919,139.624432,building_direct,building_candidate_point,national,登録有形文化財(建造物),登録有形文化財(建造物),,national,国,registered,登録,tangible,有形文化財,建造物,medium
national,文化庁,国指定文化財等データベース CSV export,official_export_002:143,,13Tokyo/raw/national/official_export_002.csv,旧大田黒家住宅洋館,,,,,東京都杉並区荻窪三丁目20-1,杉並区,13115,登録有形文化財(建造物),建造物,national,,35.700504,139.624545,building_direct,building_candidate_point,national,登録有形文化財(建造物),登録有形文化財(建造物),,national,国,registered,登録,tangible,有形文化財,建造物,medium
national,文化庁,国指定文化財等データベース CSV export,official_export_002:144,,13Tokyo/raw/national/official_export_002.csv,旧柏湯,,,,,東京都台東区谷中六丁目17,台東区,13106,登録有形文化財(建造物),建造物,national,,35.72176111,139.77050278,building_direct,building_candidate_point,national,登録有形文化財(建造物),登録有形文化財(建造物),,national,国,registered,登録,tangible,有形文化財,建造物,medium
national,文化庁,国指定文化財等データベース CSV export,official_export_002:145,,13Tokyo/raw/national/official_export_002.csv,旧唐木田家住宅主屋,,,,,東京都台東区上野桜木一丁目19,台東区,13106,登録有形文化財(建造物),建造物,national,,35.72125278,139.77202222,building_direct,building_candidate_point,national,登録有形文化財(建造物),登録有形文化財(建造物),,national,国,registered,登録,tangible,有形文化財,建造物,medium
national,文化庁,国指定文化財等データベース CSV export,official_export_002:146,,13Tokyo/raw/national/official_export_002.csv,旧川井家住宅土蔵,,,,,東京都多摩市鶴牧二丁目22-6,多摩市,13224,登録有形文化財(建造物),建造物,national,,35.61825556,139.415425,building_direct,building_candidate_point,national,登録有形文化財(建造物),登録有形文化財(建造物),,national,国,registered,登録,tangible,有形文化財,建造物,medium
national,文化庁,国指定文化財等データベース CSV export,official_export_002:147,,13Tokyo/raw/national/official_export_002.csv,旧川嶋屋米倉庫,,,,,東京都台東区上野桜木二丁目36-3,台東区,13106,登録有形文化財(建造物),建造物,national,,35.72164722,139.77123889,building_direct,building_candidate_point,national,登録有形文化財(建造物),登録有形文化財(建造物),,national,国,registered,登録,tangible,有形文化財,建造物,medium
national,文化庁,国指定文化財等データベース CSV export,official_export_002:148,,13Tokyo/raw/national/official_export_002.csv,旧川嶋屋店舗兼住居,,,,,東京都台東区上野桜木二丁目36-3,台東区,13106,登録有形文化財(建造物),建造物,national,,35.72160556,139.77132222,building_direct,building_candidate_point,national,登録有形文化財(建造物),登録有形文化財(建造物),,national,国,registered,登録,tangible,有形文化財,建造物,medium
national,文化庁,国指定文化財等データベース CSV export,official_export_002:149,,13Tokyo/raw/national/official_export_002.csv,旧川端龍子邸主屋及び中門,,,,,東京都大田区南馬込四丁目49-11,大田区,13111,登録有形文化財(建造物),建造物,national,,35.58276944,139.71554722,building_direct,building_candidate_point,national,登録有形文化財(建造物),登録有形文化財(建造物),,national,国,registered,登録,tangible,有形文化財,建造物,medium
national,文化庁,国指定文化財等データベース CSV export,official_export_002:150,,13Tokyo/raw/national/official_export_002.csv,旧川端龍子邸画室,,,,,東京都大田区南馬込四丁目49-11,大田区,13111,登録有形文化財(建造物),建造物,national,,35.58301667,139.71562222,building_direct,building_candidate_point,national,登録有形文化財(建造物),登録有形文化財(建造物),,national,国,registered,登録,tangible,有形文化財,建造物,medium
national,文化庁,国指定文化財等データベース CSV export,official_export_002:151,,13Tokyo/raw/national/official_export_002.csv,旧川端龍子邸持仏堂,,,,,東京都大田区南馬込四丁目49-11,大田区,13111,登録有形文化財(建造物),建造物,national,,35.58272778,139.71528333,building_direct,building_candidate_point,national,登録有形文化財(建造物),登録有形文化財(建造物),,national,国,registered,登録,tangible,有形文化財,建造物,medium
national,文化庁,国指定文化財等データベース CSV export,official_export_002:152,,13Tokyo/raw/national/official_export_002.csv,旧川端龍子邸仏間棟,,,,,東京都大田区南馬込四丁目49-11,大田区,13111,登録有形文化財(建造物),建造物,national,,35.58271944,139.71540833,building_direct,building_candidate_point,national,登録有形文化財(建造物),登録有形文化財(建造物),,national,国,registered,登録,tangible,有形文化財,建造物,medium
national,文化庁,国指定文化財等データベース CSV export,official_export_002:153,,13Tokyo/raw/national/official_export_002.csv,旧九段会館,,,,,東京都千代田区九段南一丁目5-1,千代田区,13101,登録有形文化財(建造物),建造物,national,,35.69437778,139.75139167,building_direct,building_candidate_point,national,登録有形文化財(建造物),登録有形文化財(建造物),,national,国,registered,登録,tangible,有形文化財,建造物,medium
national,文化庁,国指定文化財等データベース CSV export,official_export_002:154,,13Tokyo/raw/national/official_export_002.csv,旧佐橋家住宅主屋,,,,,東京都調布市西つつじケ丘一丁目27,調布市,13208,登録有形文化財(建造物),建造物,national,,35.65864167,139.57164167,building_direct,building_candidate_point,national,登録有形文化財(建造物),登録有形文化財(建造物),,national,国,registered,登録,tangible,有形文化財,建造物,medium
national,文化庁,国指定文化財等データベース CSV export,official_export_002:155,,13Tokyo/raw/national/official_export_002.csv,旧佐橋家住宅門,,,,,東京都調布市西つつじケ丘一丁目27-1,調布市,13208,登録有形文化財(建造物),建造物,national,,35.65851111,139.57165,building_direct,building_candidate_point,national,登録有形文化財(建造物),登録有形文化財(建造物),,national,国,registered,登録,tangible,有形文化財,建造物,medium
national,文化庁,国指定文化財等データベース CSV export,official_export_002:156,,13Tokyo/raw/national/official_export_002.csv,旧滋賀家住宅主屋,,,,,東京都杉並区下井草4-260-2,杉並区,13115,登録有形文化財(建造物),建造物,national,,35.72138048,139.61821469,building_direct,building_candidate_point,national,登録有形文化財(建造物),登録有形文化財(建造物),,national,国,registered,登録,tangible,有形文化財,建造物,medium
national,文化庁,国指定文化財等データベース CSV export,official_export_002:157,,13Tokyo/raw/national/official_export_002.csv,旧品川警察署品川橋交通待機所,,,,,東京都品川区南品川一丁目223-5,品川区,13109,登録有形文化財(建造物),建造物,national,,35.61659722,139.74436111,building_direct,building_candidate_point,national,登録有形文化財(建造物),登録有形文化財(建造物),,national,国,registered,登録,tangible,有形文化財,建造物,medium
national,文化庁,国指定文化財等データベース CSV export,official_export_002:158,,13Tokyo/raw/national/official_export_002.csv,旧島津家住宅アトリエ,,,,,東京都新宿区中井2-2096-18,新宿区,13104,登録有形文化財(建造物),建造物,national,,35.71657452,139.68484288,building_direct,building_candidate_point,national,登録有形文化財(建造物),登録有形文化財(建造物),,national,国,registered,登録,tangible,有形文化財,建造物,medium
national,文化庁,国指定文化財等データベース CSV export,official_export_002:159,,13Tokyo/raw/national/official_export_002.csv,旧砂堀医院,,,,,東京都目黒区目黒三丁目533-59,目黒区,13110,登録有形文化財(建造物),建造物,national,,35.63189167,139.70479167,building_direct,building_candidate_point,national,登録有形文化財(建造物),登録有形文化財(建造物),,national,国,registered,登録,tangible,有形文化財,建造物,medium
national,文化庁,国指定文化財等データベース CSV export,official_export_002:160,,13Tokyo/raw/national/official_export_002.csv,旧清明文庫,,,,,東京都大田区南千束2-3-1,大田区,13111,登録有形文化財(建造物),建造物,national,,35.60212051,139.692261,building_direct,building_candidate_point,national,登録有形文化財(建造物),登録有形文化財(建造物),,national,国,registered,登録,tangible,有形文化財,建造物,medium
national,文化庁,国指定文化財等データベース CSV export,official_export_002:161,,13Tokyo/raw/national/official_export_002.csv,旧園田家住宅スタジオ,,,,,東京都目黒区緑が丘2-2374-5,目黒区,13110,登録有形文化財(建造物),建造物,national,,35.610938,139.671617,building_direct,building_candidate_point,national,登録有形文化財(建造物),登録有形文化財(建造物),,national,国,registered,登録,tangible,有形文化財,建造物,medium
national,文化庁,国指定文化財等データベース CSV export,official_export_002:162,,13Tokyo/raw/national/official_export_002.csv,旧高橋家住宅主屋,,,,,東京都西多摩郡檜原村2032,檜原村,13307,登録有形文化財(建造物),建造物,national,,35.71323889,139.08567,building_direct,building_candidate_point,national,登録有形文化財(建造物),登録有形文化財(建造物),,national,国,registered,登録,tangible,有形文化財,建造物,medium
national,文化庁,国指定文化財等データベース CSV export,official_export_002:163,,13Tokyo/raw/national/official_export_002.csv,旧辻󠄀陶房主屋兼作業場,,,,,東京都多摩市連光寺三丁目28-9,多摩市,13224,登録有形文化財(建造物),建造物,national,,35.64264722,139.45903611,building_direct,building_candidate_point,national,登録有形文化財(建造物),登録有形文化財(建造物),,national,国,registered,登録,tangible,有形文化財,建造物,medium
national,文化庁,国指定文化財等データベース CSV export,official_export_002:164,,13Tokyo/raw/national/official_export_002.csv,旧辻󠄀陶房登り窯,,,,,東京都多摩市連光寺三丁目28-9,多摩市,13224,登録有形文化財(建造物),建造物,national,,35.64263333,139.45915,building_direct,building_candidate_point,national,登録有形文化財(建造物),登録有形文化財(建造物),,national,国,registered,登録,tangible,有形文化財,建造物,medium
national,文化庁,国指定文化財等データベース CSV export,official_export_002:165,,13Tokyo/raw/national/official_export_002.csv,旧東京市麻布区役所庁舎(日本獣医生命科学大学一号棟),,,,,東京都武蔵野市境南町一丁目171他,武蔵野市,13203,登録有形文化財(建造物),建造物,national,,35.70175833,139.54683056,building_direct,building_candidate_point,national,登録有形文化財(建造物),登録有形文化財(建造物),,national,国,registered,登録,tangible,有形文化財,建造物,medium
national,文化庁,国指定文化財等データベース CSV export,official_export_002:166,,13Tokyo/raw/national/official_export_002.csv,旧東京市深川食堂,,,,,東京都江東区門前仲町1-19-15,江東区,13108,登録有形文化財(建造物),建造物,national,,35.67407431,139.794922,building_direct,building_candidate_point,national,登録有形文化財(建造物),登録有形文化財(建造物),,national,国,registered,登録,tangible,有形文化財,建造物,medium
national,文化庁,国指定文化財等データベース CSV export,official_export_002:167,,13Tokyo/raw/national/official_export_002.csv,旧常盤家本館(石合家住宅主屋),,,,,東京都新宿区神楽坂3-2-41他,新宿区,13104,登録有形文化財(建造物),建造物,national,,35.70201935,139.74056375,building_direct,building_candidate_point,national,登録有形文化財(建造物),登録有形文化財(建造物),,national,国,registered,登録,tangible,有形文化財,建造物,medium
national,文化庁,国指定文化財等データベース CSV export,official_export_002:168,,13Tokyo/raw/national/official_export_002.csv,旧中村研一邸主屋,,,,,東京都小金井市中町一丁目416,小金井市,13210,登録有形文化財(建造物),建造物,national,,35.691915,139.51839583,building_direct,building_candidate_point,national,登録有形文化財(建造物),登録有形文化財(建造物),,national,国,registered,登録,tangible,有形文化財,建造物,medium
national,文化庁,国指定文化財等データベース CSV export,official_export_002:169,,13Tokyo/raw/national/official_export_002.csv,旧中村研一邸茶室(花侵庵),,,,,東京都小金井市中町一丁目416-1,小金井市,13210,登録有形文化財(建造物),建造物,national,,35.691915,139.51839583,building_direct,building_candidate_point,national,登録有形文化財(建造物),登録有形文化財(建造物),,national,国,registered,登録,tangible,有形文化財,建造物,medium
national,文化庁,国指定文化財等データベース CSV export,official_export_002:170,,13Tokyo/raw/national/official_export_002.csv,旧丹羽家住宅蔵,,,,,東京都豊島区駒込3-498-8,豊島区,13116,登録有形文化財(建造物),建造物,national,,35.73797703,139.74253189,building_direct,building_candidate_point,national,登録有形文化財(建造物),登録有形文化財(建造物),,national,国,registered,登録,tangible,有形文化財,建造物,medium
national,文化庁,国指定文化財等データベース CSV export,official_export_002:171,,13Tokyo/raw/national/official_export_002.csv,旧農林省蚕糸試験場日野桑園第一蚕室,,,,,東京都日野市日野本町六丁目1-87他,日野市,13212,登録有形文化財(建造物),建造物,national,,35.681803,139.401759,building_direct,building_candidate_point,national,登録有形文化財(建造物),登録有形文化財(建造物),,national,国,registered,登録,tangible,有形文化財,建造物,medium
national,文化庁,国指定文化財等データベース CSV export,official_export_002:172,,13Tokyo/raw/national/official_export_002.csv,旧野方配水塔,,,,,東京都中野区江古田1-3,中野区,13114,登録有形文化財(建造物),建造物,national,,35.72464956,139.67485374,building_direct,building_candidate_point,national,登録有形文化財(建造物),登録有形文化財(建造物),,national,国,registered,登録,tangible,有形文化財,建造物,medium
national,文化庁,国指定文化財等データベース CSV export,official_export_002:173,,13Tokyo/raw/national/official_export_002.csv,旧八丈支庁庁舎新館(八丈島歴史民俗資料館新館),,,,,東京都八丈島八丈町大賀郷1186,八丈町,13401,登録有形文化財(建造物),建造物,national,,33.10245,139.78567778,building_direct,building_candidate_point,national,登録有形文化財(建造物),登録有形文化財(建造物),,national,国,registered,登録,tangible,有形文化財,建造物,medium
national,文化庁,国指定文化財等データベース CSV export,official_export_002:174,,13Tokyo/raw/national/official_export_002.csv,旧弘田家住宅主屋,,,,,東京都文京区弥生2-3-103他,文京区,13105,登録有形文化財(建造物),建造物,national,,35.7174481,139.76323594,building_direct,building_candidate_point,national,登録有形文化財(建造物),登録有形文化財(建造物),,national,国,registered,登録,tangible,有形文化財,建造物,medium
national,文化庁,国指定文化財等データベース CSV export,official_export_002:175,,13Tokyo/raw/national/official_export_002.csv,旧弘田家住宅門柱及び塀,,,,,東京都文京区弥生2-3-103他,文京区,13105,登録有形文化財(建造物),建造物,national,,35.71748793,139.76339179,building_direct,building_candidate_point,national,登録有形文化財(建造物),登録有形文化財(建造物),,national,国,registered,登録,tangible,有形文化財,建造物,medium
national,文化庁,国指定文化財等データベース CSV export,official_export_002:176,,13Tokyo/raw/national/official_export_002.csv,旧ほていや玩具店店舗,,,,,東京都青梅市仲町303-2,青梅市,13205,登録有形文化財(建造物),建造物,national,,35.789047,139.25731131,building_direct,building_candidate_point,national,登録有形文化財(建造物),登録有形文化財(建造物),,national,国,registered,登録,tangible,有形文化財,建造物,medium
national,文化庁,国指定文化財等データベース CSV export,official_export_002:177,,13Tokyo/raw/national/official_export_002.csv,旧前田家(キンデー)住宅釜屋形,,,,,東京都新島村本村一丁目318-2,新島村,13363,登録有形文化財(建造物),建造物,national,,34.37678333,139.25683611,building_direct,building_candidate_point,national,登録有形文化財(建造物),登録有形文化財(建造物),,national,国,registered,登録,tangible,有形文化財,建造物,medium
national,文化庁,国指定文化財等データベース CSV export,official_export_002:178,,13Tokyo/raw/national/official_export_002.csv,旧三井文庫第二書庫,,,,,東京都品川区豊町一丁目1131-1,品川区,13109,登録有形文化財(建造物),建造物,national,,35.61228333,139.72053611,building_direct,building_candidate_point,national,登録有形文化財(建造物),登録有形文化財(建造物),,national,国,registered,登録,tangible,有形文化財,建造物,medium
national,文化庁,国指定文化財等データベース CSV export,official_export_002:179,,13Tokyo/raw/national/official_export_002.csv,旧宮脇ビル(川崎ブランドデザインビルヂング),,,,,東京都中央区銀座一丁目207,中央区,13102,登録有形文化財(建造物),建造物,national,,35.673075,139.77056667,building_direct,building_candidate_point,national,登録有形文化財(建造物),登録有形文化財(建造物),,national,国,registered,登録,tangible,有形文化財,建造物,medium
national,文化庁,国指定文化財等データベース CSV export,official_export_002:180,,13Tokyo/raw/national/official_export_002.csv,旧武者小路実篤邸主屋,,,,,東京都調布市若葉町一丁目23-20他,調布市,13208,登録有形文化財(建造物),建造物,national,,,,building_direct,building_candidate_point,national,登録有形文化財(建造物),登録有形文化財(建造物),,national,国,registered,登録,tangible,有形文化財,建造物,medium
national,文化庁,国指定文化財等データベース CSV export,official_export_002:181,,13Tokyo/raw/national/official_export_002.csv,旧文部省庁舎,,,,,東京都千代田区霞が関3-2-2,千代田区,13101,登録有形文化財(建造物),建造物,national,,35.671303,139.74933323,building_direct,building_candidate_point,national,登録有形文化財(建造物),登録有形文化財(建造物),,national,国,registered,登録,tangible,有形文化財,建造物,medium
national,文化庁,国指定文化財等データベース CSV export,official_export_002:182,,13Tokyo/raw/national/official_export_002.csv,旧山口萬吉邸主屋,,,,,東京都千代田区九段北一丁目32-4,千代田区,13101,登録有形文化財(建造物),建造物,national,,35.69618611,139.7481,building_direct,building_candidate_point,national,登録有形文化財(建造物),登録有形文化財(建造物),,national,国,registered,登録,tangible,有形文化財,建造物,medium
national,文化庁,国指定文化財等データベース CSV export,official_export_002:183,,13Tokyo/raw/national/official_export_002.csv,旧山口萬吉邸門及び塀,,,,,東京都千代田区九段北一丁目32-4,千代田区,13101,登録有形文化財(建造物),建造物,national,,35.69625556,139.74801667,building_direct,building_candidate_point,national,登録有形文化財(建造物),登録有形文化財(建造物),,national,国,registered,登録,tangible,有形文化財,建造物,medium
national,文化庁,国指定文化財等データベース CSV export,official_export_002:184,,13Tokyo/raw/national/official_export_002.csv,旧ヤマジュウ田村家住宅主屋,,,,,東京都福生市大字福生字奈賀1158,福生市,13218,登録有形文化財(建造物),建造物,national,,35.741495,139.322117,building_direct,building_candidate_point,national,登録有形文化財(建造物),登録有形文化財(建造物),,national,国,registered,登録,tangible,有形文化財,建造物,medium
national,文化庁,国指定文化財等データベース CSV export,official_export_002:185,,13Tokyo/raw/national/official_export_002.csv,旧ヤマジュウ田村家住宅西土蔵,,,,,東京都福生市大字福生字奈賀1158,福生市,13218,登録有形文化財(建造物),建造物,national,,35.741651,139.322022,building_direct,building_candidate_point,national,登録有形文化財(建造物),登録有形文化財(建造物),,national,国,registered,登録,tangible,有形文化財,建造物,medium
national,文化庁,国指定文化財等データベース CSV export,official_export_002:186,,13Tokyo/raw/national/official_export_002.csv,旧ヤマジュウ田村家住宅東土蔵,,,,,東京都福生市大字福生字奈賀1158,福生市,13218,登録有形文化財(建造物),建造物,national,,35.741672,139.322104,building_direct,building_candidate_point,national,登録有形文化財(建造物),登録有形文化財(建造物),,national,国,registered,登録,tangible,有形文化財,建造物,medium
national,文化庁,国指定文化財等データベース CSV export,official_export_002:187,,13Tokyo/raw/national/official_export_002.csv,旧吉岡家住宅蔵,,,,,東京都東大和市清水三丁目779-4,東大和市,13220,登録有形文化財(建造物),建造物,national,,35.75438,139.44241389,building_direct,building_candidate_point,national,登録有形文化財(建造物),登録有形文化財(建造物),,national,国,registered,登録,tangible,有形文化財,建造物,medium
national,文化庁,国指定文化財等データベース CSV export,official_export_002:188,,13Tokyo/raw/national/official_export_002.csv,旧吉岡家住宅主屋兼アトリエ,,,,,東京都東大和市清水三丁目779-1他,東大和市,13220,登録有形文化財(建造物),建造物,national,,35.75454694,139.44256,building_direct,building_candidate_point,national,登録有形文化財(建造物),登録有形文化財(建造物),,national,国,registered,登録,tangible,有形文化財,建造物,medium
national,文化庁,国指定文化財等データベース CSV export,official_export_002:189,,13Tokyo/raw/national/official_export_002.csv,旧吉岡家住宅中門,,,,,東京都東大和市清水三丁目779-4,東大和市,13220,登録有形文化財(建造物),建造物,national,,35.75447389,139.44243389,building_direct,building_candidate_point,national,登録有形文化財(建造物),登録有形文化財(建造物),,national,国,registered,登録,tangible,有形文化財,建造物,medium
national,文化庁,国指定文化財等データベース CSV export,official_export_002:190,,13Tokyo/raw/national/official_export_002.csv,旧吉岡家住宅長屋門,,,,,東京都東大和市清水三丁目779-5,東大和市,13220,登録有形文化財(建造物),建造物,national,,35.75435389,139.44284806,building_direct,building_candidate_point,national,登録有形文化財(建造物),登録有形文化財(建造物),,national,国,registered,登録,tangible,有形文化財,建造物,medium
national,文化庁,国指定文化財等データベース CSV export,official_export_002:191,,13Tokyo/raw/national/official_export_002.csv,旧吉川英治邸(草思堂)主屋,,,,,東京都青梅市柚木町一丁目101-1,青梅市,13205,登録有形文化財(建造物),建造物,national,,35.79610278,139.21327778,building_direct,building_candidate_point,national,登録有形文化財(建造物),登録有形文化財(建造物),,national,国,registered,登録,tangible,有形文化財,建造物,medium
national,文化庁,国指定文化財等データベース CSV export,official_export_002:192,,13Tokyo/raw/national/official_export_002.csv,旧吉川英治邸(草思堂)土蔵,,,,,東京都青梅市柚木町一丁目101-1,青梅市,13205,登録有形文化財(建造物),建造物,national,,35.79596944,139.21345278,building_direct,building_candidate_point,national,登録有形文化財(建造物),登録有形文化財(建造物),,national,国,registered,登録,tangible,有形文化財,建造物,medium
national,文化庁,国指定文化財等データベース CSV export,official_export_002:193,,13Tokyo/raw/national/official_export_002.csv,旧吉川英治邸(草思堂)長屋門,,,,,東京都青梅市柚木町一丁目101-1,青梅市,13205,登録有形文化財(建造物),建造物,national,,35.7959,139.21336667,building_direct,building_candidate_point,national,登録有形文化財(建造物),登録有形文化財(建造物),,national,国,registered,登録,tangible,有形文化財,建造物,medium
national,文化庁,国指定文化財等データベース CSV export,official_export_002:194,,13Tokyo/raw/national/official_export_002.csv,旧吉川英治邸(草思堂)洋館,,,,,東京都青梅市柚木町一丁目101-1,青梅市,13205,登録有形文化財(建造物),建造物,national,,35.79618889,139.21314444,building_direct,building_candidate_point,national,登録有形文化財(建造物),登録有形文化財(建造物),,national,国,registered,登録,tangible,有形文化財,建造物,medium
national,文化庁,国指定文化財等データベース CSV export,official_export_002:195,,13Tokyo/raw/national/official_export_002.csv,教證寺客殿,,,,,東京都台東区池之端1-104他,台東区,13106,登録有形文化財(建造物),建造物,national,,35.70934006,139.76896805,building_direct,building_candidate_point,national,登録有形文化財(建造物),登録有形文化財(建造物),,national,国,registered,登録,tangible,有形文化財,建造物,medium
national,文化庁,国指定文化財等データベース CSV export,official_export_002:196,,13Tokyo/raw/national/official_export_002.csv,教證寺本堂,,,,,東京都台東区池之端1-104他,台東区,13106,登録有形文化財(建造物),建造物,national,,35.70923775,139.76893236,building_direct,building_candidate_point,national,登録有形文化財(建造物),登録有形文化財(建造物),,national,国,registered,登録,tangible,有形文化財,建造物,medium
national,文化庁,国指定文化財等データベース CSV export,official_export_002:197,,13Tokyo/raw/national/official_export_002.csv,喜代川店舗,,,,,東京都中央区日本橋小網町10-5,中央区,13102,登録有形文化財(建造物),建造物,national,,35.68268889,139.78082222,building_direct,building_candidate_point,national,登録有形文化財(建造物),登録有形文化財(建造物),,national,国,registered,登録,tangible,有形文化財,建造物,medium
national,文化庁,国指定文化財等データベース CSV export,official_export_002:198,,13Tokyo/raw/national/official_export_002.csv,キリスト友会フレンズセンター,,,,,東京都港区三田4-8-19,港区,13103,登録有形文化財(建造物),建造物,national,,35.642616,139.738281,building_direct,building_candidate_point,national,登録有形文化財(建造物),登録有形文化財(建造物),,national,国,registered,登録,tangible,有形文化財,建造物,medium
national,文化庁,国指定文化財等データベース CSV export,official_export_002:199,,13Tokyo/raw/national/official_export_002.csv,銀座大野屋店舗兼主屋,,,,,東京都中央区銀座五丁目202-13,中央区,13102,登録有形文化財(建造物),建造物,national,,35.66965,139.76666667,building_direct,building_candidate_point,national,登録有形文化財(建造物),登録有形文化財(建造物),,national,国,registered,登録,tangible,有形文化財,建造物,medium
national,文化庁,国指定文化財等データベース CSV export,official_export_002:200,,13Tokyo/raw/national/official_export_002.csv,銀座ライオンビル,,,,,東京都中央区銀座七丁目1,中央区,13102,登録有形文化財(建造物),建造物,national,,35.66916111,139.76323889,building_direct,building_candidate_point,national,登録有形文化財(建造物),登録有形文化財(建造物),,national,国,registered,登録,tangible,有形文化財,建造物,medium
national,文化庁,国指定文化財等データベース CSV export,official_export_002:201,,13Tokyo/raw/national/official_export_002.csv,栗原家住宅稲荷社及び石鳥居,,,,,東京都新宿区中井2-1981-1,新宿区,13104,登録有形文化財(建造物),建造物,national,,35.717288,139.686553,building_direct,building_candidate_point,national,登録有形文化財(建造物),登録有形文化財(建造物),,national,国,registered,登録,tangible,有形文化財,建造物,medium
national,文化庁,国指定文化財等データベース CSV export,official_export_002:202,,13Tokyo/raw/national/official_export_002.csv,栗原家住宅蔵,,,,,東京都新宿区中井2-1981,新宿区,13104,登録有形文化財(建造物),建造物,national,,35.717391,139.686533,building_direct,building_candidate_point,national,登録有形文化財(建造物),登録有形文化財(建造物),,national,国,registered,登録,tangible,有形文化財,建造物,medium
national,文化庁,国指定文化財等データベース CSV export,official_export_002:203,,13Tokyo/raw/national/official_export_002.csv,栗原家住宅主屋,,,,,東京都新宿区中井2-1981,新宿区,13104,登録有形文化財(建造物),建造物,national,,35.717418,139.686665,building_direct,building_candidate_point,national,登録有形文化財(建造物),登録有形文化財(建造物),,national,国,registered,登録,tangible,有形文化財,建造物,medium
national,文化庁,国指定文化財等データベース CSV export,official_export_002:204,,13Tokyo/raw/national/official_export_002.csv,栗原家住宅門柱及び塀,,,,,東京都新宿区中井2-1981-1,新宿区,13104,登録有形文化財(建造物),建造物,national,,35.7172492,139.6868601,building_direct,building_candidate_point,national,登録有形文化財(建造物),登録有形文化財(建造物),,national,国,registered,登録,tangible,有形文化財,建造物,medium
national,文化庁,国指定文化財等データベース CSV export,official_export_002:205,,13Tokyo/raw/national/official_export_002.csv,黒沢ビル,,,,,東京都台東区上野2-40,台東区,13106,登録有形文化財(建造物),建造物,national,,35.70906486,139.77054045,building_direct,building_candidate_point,national,登録有形文化財(建造物),登録有形文化財(建造物),,national,国,registered,登録,tangible,有形文化財,建造物,medium
national,文化庁,国指定文化財等データベース CSV export,official_export_002:206,,13Tokyo/raw/national/official_export_002.csv,幻戯山房(旧角川家住宅主屋),,,,,東京都杉並区荻窪3-728,杉並区,13115,登録有形文化財(建造物),建造物,national,,35.69882287,139.62446068,building_direct,building_candidate_point,national,登録有形文化財(建造物),登録有形文化財(建造物),,national,国,registered,登録,tangible,有形文化財,建造物,medium
national,文化庁,国指定文化財等データベース CSV export,official_export_002:207,,13Tokyo/raw/national/official_export_002.csv,小池家住宅主屋,,,,,東京都品川区北品川5-740-10,品川区,13109,登録有形文化財(建造物),建造物,national,,35.62074226,139.7349103,building_direct,building_candidate_point,national,登録有形文化財(建造物),登録有形文化財(建造物),,national,国,registered,登録,tangible,有形文化財,建造物,medium
national,文化庁,国指定文化財等データベース CSV export,official_export_002:208,,13Tokyo/raw/national/official_export_002.csv,功運寺庫裏,,,,,東京都中野区上高田4-14-19,中野区,13114,登録有形文化財(建造物),建造物,national,,35.712367,139.678361,building_direct,building_candidate_point,national,登録有形文化財(建造物),登録有形文化財(建造物),,national,国,registered,登録,tangible,有形文化財,建造物,medium
national,文化庁,国指定文化財等データベース CSV export,official_export_002:209,,13Tokyo/raw/national/official_export_002.csv,功運寺山門,,,,,東京都中野区上高田4-14-3,中野区,13114,登録有形文化財(建造物),建造物,national,,35.711905,139.678414,building_direct,building_candidate_point,national,登録有形文化財(建造物),登録有形文化財(建造物),,national,国,registered,登録,tangible,有形文化財,建造物,medium
national,文化庁,国指定文化財等データベース CSV export,official_export_002:210,,13Tokyo/raw/national/official_export_002.csv,功運寺鐘楼,,,,,東京都中野区上高田4-14-3,中野区,13114,登録有形文化財(建造物),建造物,national,,35.712134,139.67838,building_direct,building_candidate_point,national,登録有形文化財(建造物),登録有形文化財(建造物),,national,国,registered,登録,tangible,有形文化財,建造物,medium
national,文化庁,国指定文化財等データベース CSV export,official_export_002:211,,13Tokyo/raw/national/official_export_002.csv,高岩寺本堂,,,,,東京都豊島区巣鴨3-51-2,豊島区,13116,登録有形文化財(建造物),建造物,national,,35.73580912,139.73551071,building_direct,building_candidate_point,national,登録有形文化財(建造物),登録有形文化財(建造物),,national,国,registered,登録,tangible,有形文化財,建造物,medium
national,文化庁,国指定文化財等データベース CSV export,official_export_002:212,,13Tokyo/raw/national/official_export_002.csv,古宇田家住宅,,,,,東京都杉並区南荻窪三丁目14,杉並区,13115,登録有形文化財(建造物),建造物,national,,35.70224375,139.61081417,building_direct,building_candidate_point,national,登録有形文化財(建造物),登録有形文化財(建造物),,national,国,registered,登録,tangible,有形文化財,建造物,medium
national,文化庁,国指定文化財等データベース CSV export,official_export_002:213,,13Tokyo/raw/national/official_export_002.csv,廣度院表門及び練塀,,,,,東京都港区芝公園1-8-16,港区,13103,登録有形文化財(建造物),建造物,national,,35.65724825,139.75104854,building_direct,building_candidate_point,national,登録有形文化財(建造物),登録有形文化財(建造物),,national,国,registered,登録,tangible,有形文化財,建造物,medium
national,文化庁,国指定文化財等データベース CSV export,official_export_002:214,,13Tokyo/raw/national/official_export_002.csv,国際基督教大学泰山荘表門,,,,,東京都三鷹市大沢3-10-2,三鷹市,13204,登録有形文化財(建造物),建造物,national,,35.68578228,139.52763155,building_direct,building_candidate_point,national,登録有形文化財(建造物),登録有形文化財(建造物),,national,国,registered,登録,tangible,有形文化財,建造物,medium
national,文化庁,国指定文化財等データベース CSV export,official_export_002:215,,13Tokyo/raw/national/official_export_002.csv,国際基督教大学泰山荘蔵,,,,,東京都三鷹市大沢3-10-2,三鷹市,13204,登録有形文化財(建造物),建造物,national,,35.6855248,139.52806475,building_direct,building_candidate_point,national,登録有形文化財(建造物),登録有形文化財(建造物),,national,国,registered,登録,tangible,有形文化財,建造物,medium
national,文化庁,国指定文化財等データベース CSV export,official_export_002:216,,13Tokyo/raw/national/official_export_002.csv,国際基督教大学泰山荘高風居,,,,,東京都三鷹市大沢3-10-2,三鷹市,13204,登録有形文化財(建造物),建造物,national,,35.684868,139.52781772,building_direct,building_candidate_point,national,登録有形文化財(建造物),登録有形文化財(建造物),,national,国,registered,登録,tangible,有形文化財,建造物,medium
national,文化庁,国指定文化財等データベース CSV export,official_export_002:217,,13Tokyo/raw/national/official_export_002.csv,国際基督教大学泰山荘車庫,,,,,東京都三鷹市大沢3-10-2,三鷹市,13204,登録有形文化財(建造物),建造物,national,,35.68554765,139.52732813,building_direct,building_candidate_point,national,登録有形文化財(建造物),登録有形文化財(建造物),,national,国,registered,登録,tangible,有形文化財,建造物,medium
national,文化庁,国指定文化財等データベース CSV export,official_export_002:218,,13Tokyo/raw/national/official_export_002.csv,国際基督教大学泰山荘書院,,,,,東京都三鷹市大沢3-10-2,三鷹市,13204,登録有形文化財(建造物),建造物,national,,35.68540276,139.52796596,building_direct,building_candidate_point,national,登録有形文化財(建造物),登録有形文化財(建造物),,national,国,registered,登録,tangible,有形文化財,建造物,medium
national,文化庁,国指定文化財等データベース CSV export,official_export_002:219,,13Tokyo/raw/national/official_export_002.csv,国際基督教大学泰山荘待合,,,,,東京都三鷹市大沢3-10-2,三鷹市,13204,登録有形文化財(建造物),建造物,national,,35.68532279,139.527267,building_direct,building_candidate_point,national,登録有形文化財(建造物),登録有形文化財(建造物),,national,国,registered,登録,tangible,有形文化財,建造物,medium
national,文化庁,国指定文化財等データベース CSV export,official_export_002:220,,13Tokyo/raw/national/official_export_002.csv,国際基督教大学ディッフェンドルファー記念館,,,,,東京都三鷹市大沢三丁目1500-1,三鷹市,13204,登録有形文化財(建造物),建造物,national,,35.68601389,139.52980556,building_direct,building_candidate_point,national,登録有形文化財(建造物),登録有形文化財(建造物),,national,国,registered,登録,tangible,有形文化財,建造物,medium
national,文化庁,国指定文化財等データベース CSV export,official_export_002:221,,13Tokyo/raw/national/official_export_002.csv,国際基督教大学本館,,,,,東京都三鷹市大沢三丁目1500-1他,三鷹市,13204,登録有形文化財(建造物),建造物,national,,35.68168583,139.538495,building_direct,building_candidate_point,national,登録有形文化財(建造物),登録有形文化財(建造物),,national,国,registered,登録,tangible,有形文化財,建造物,medium
national,文化庁,国指定文化財等データベース CSV export,official_export_002:222,,13Tokyo/raw/national/official_export_002.csv,国際文化会館本館,,,,,東京都港区六本木5-11-16,港区,13103,登録有形文化財(建造物),建造物,national,,35.65852616,139.733368,building_direct,building_candidate_point,national,登録有形文化財(建造物),登録有形文化財(建造物),,national,国,registered,登録,tangible,有形文化財,建造物,medium
national,文化庁,国指定文化財等データベース CSV export,official_export_002:223,,13Tokyo/raw/national/official_export_002.csv,国士舘大講堂,,,,,東京都世田谷区世田谷四丁目28-1,世田谷区,13112,登録有形文化財(建造物),建造物,national,,35.648315,139.653416,building_direct,building_candidate_point,national,登録有形文化財(建造物),登録有形文化財(建造物),,national,国,registered,登録,tangible,有形文化財,建造物,medium
national,文化庁,国指定文化財等データベース CSV export,official_export_002:224,,13Tokyo/raw/national/official_export_002.csv,小久保家住宅主屋,,,,,東京都新島村本村四丁目526,新島村,13363,登録有形文化財(建造物),建造物,national,,34.37411667,139.25716944,building_direct,building_candidate_point,national,登録有形文化財(建造物),登録有形文化財(建造物),,national,国,registered,登録,tangible,有形文化財,建造物,medium
national,文化庁,国指定文化財等データベース CSV export,official_export_002:225,,13Tokyo/raw/national/official_export_002.csv,国立天文台表門,,,,,東京都三鷹市大沢2-1007-1,三鷹市,13204,登録有形文化財(建造物),建造物,national,,35.67514943,139.53887173,building_direct,building_candidate_point,national,登録有形文化財(建造物),登録有形文化財(建造物),,national,国,registered,登録,tangible,有形文化財,建造物,medium
national,文化庁,国指定文化財等データベース CSV export,official_export_002:226,,13Tokyo/raw/national/official_export_002.csv,国立天文台旧図庫及び倉庫,,,,,東京都三鷹市大沢2-1007-1,三鷹市,13204,登録有形文化財(建造物),建造物,national,,35.67486706,139.53694001,building_direct,building_candidate_point,national,登録有形文化財(建造物),登録有形文化財(建造物),,national,国,registered,登録,tangible,有形文化財,建造物,medium
national,文化庁,国指定文化財等データベース CSV export,official_export_002:227,,13Tokyo/raw/national/official_export_002.csv,国立天文台ゴーチェ子午環室,,,,,東京都三鷹市大沢2-1007-1,三鷹市,13204,登録有形文化財(建造物),建造物,national,,35.67494286,139.53590987,building_direct,building_candidate_point,national,登録有形文化財(建造物),登録有形文化財(建造物),,national,国,registered,登録,tangible,有形文化財,建造物,medium
national,文化庁,国指定文化財等データベース CSV export,official_export_002:228,,13Tokyo/raw/national/official_export_002.csv,国立天文台第一子午線標室,,,,,東京都三鷹市大沢2-1007-1,三鷹市,13204,登録有形文化財(建造物),建造物,national,,35.67424258,139.53529576,building_direct,building_candidate_point,national,登録有形文化財(建造物),登録有形文化財(建造物),,national,国,registered,登録,tangible,有形文化財,建造物,medium
national,文化庁,国指定文化財等データベース CSV export,official_export_002:229,,13Tokyo/raw/national/official_export_002.csv,国立天文台第一赤道儀室,,,,,東京都三鷹市大沢2-21-1,三鷹市,13204,登録有形文化財(建造物),建造物,national,,35.674274,139.538559,building_direct,building_candidate_point,national,登録有形文化財(建造物),登録有形文化財(建造物),,national,国,registered,登録,tangible,有形文化財,建造物,medium
national,文化庁,国指定文化財等データベース CSV export,official_export_002:230,,13Tokyo/raw/national/official_export_002.csv,国立天文台大赤道儀室,,,,,東京都三鷹市大沢2-21-1,三鷹市,13204,登録有形文化財(建造物),建造物,national,,35.674274,139.536743,building_direct,building_candidate_point,national,登録有形文化財(建造物),登録有形文化財(建造物),,national,国,registered,登録,tangible,有形文化財,建造物,medium
national,文化庁,国指定文化財等データベース CSV export,official_export_002:231,,13Tokyo/raw/national/official_export_002.csv,国立天文台第二子午線標室,,,,,東京都三鷹市大沢2-1007-1,三鷹市,13204,登録有形文化財(建造物),建造物,national,,35.67577611,139.53575114,building_direct,building_candidate_point,national,登録有形文化財(建造物),登録有形文化財(建造物),,national,国,registered,登録,tangible,有形文化財,建造物,medium
national,文化庁,国指定文化財等データベース CSV export,official_export_002:232,,13Tokyo/raw/national/official_export_002.csv,国立天文台太陽分光写真儀室,,,,,東京都三鷹市大沢2-21-1,三鷹市,13204,登録有形文化財(建造物),建造物,national,,35.67334615,139.53671256,building_direct,building_candidate_point,national,登録有形文化財(建造物),登録有形文化財(建造物),,national,国,registered,登録,tangible,有形文化財,建造物,medium
national,文化庁,国指定文化財等データベース CSV export,official_export_002:233,,13Tokyo/raw/national/official_export_002.csv,国立天文台門衛所,,,,,東京都三鷹市大沢2-1007-1,三鷹市,13204,登録有形文化財(建造物),建造物,national,,35.6752601,139.53877926,building_direct,building_candidate_point,national,登録有形文化財(建造物),登録有形文化財(建造物),,national,国,registered,登録,tangible,有形文化財,建造物,medium
national,文化庁,国指定文化財等データベース CSV export,official_export_002:234,,13Tokyo/raw/national/official_export_002.csv,国立天文台レプソルド子午儀室,,,,,東京都三鷹市大沢2-1007-1,三鷹市,13204,登録有形文化財(建造物),建造物,national,,35.6749584,139.53640523,building_direct,building_candidate_point,national,登録有形文化財(建造物),登録有形文化財(建造物),,national,国,registered,登録,tangible,有形文化財,建造物,medium
national,文化庁,国指定文化財等データベース CSV export,official_export_002:235,,13Tokyo/raw/national/official_export_002.csv,小杉湯,,,,,東京都杉並区高円寺北三丁目1003-11,杉並区,13115,登録有形文化財(建造物),建造物,national,,35.70808333,139.64882222,building_direct,building_candidate_point,national,登録有形文化財(建造物),登録有形文化財(建造物),,national,国,registered,登録,tangible,有形文化財,建造物,medium
national,文化庁,国指定文化財等データベース CSV export,official_export_002:236,,13Tokyo/raw/national/official_export_002.csv,五島美術館古経楼,,,,,東京都世田谷区上野毛三丁目110-7,世田谷区,13112,登録有形文化財(建造物),建造物,national,,35.61191,139.635191,building_direct,building_candidate_point,national,登録有形文化財(建造物),登録有形文化財(建造物),,national,国,registered,登録,tangible,有形文化財,建造物,medium
national,文化庁,国指定文化財等データベース CSV export,official_export_002:237,,13Tokyo/raw/national/official_export_002.csv,五島美術館冨士見亭,,,,,東京都世田谷区上野毛三丁目110-7,世田谷区,13112,登録有形文化財(建造物),建造物,national,,35.611709,139.6353,building_direct,building_candidate_point,national,登録有形文化財(建造物),登録有形文化財(建造物),,national,国,registered,登録,tangible,有形文化財,建造物,medium
national,文化庁,国指定文化財等データベース CSV export,official_export_002:238,,13Tokyo/raw/national/official_export_002.csv,五島美術館本館,,,,,東京都世田谷区上野毛三丁目112-3他,世田谷区,13112,登録有形文化財(建造物),建造物,national,,35.612275,139.635627,building_direct,building_candidate_point,national,登録有形文化財(建造物),登録有形文化財(建造物),,national,国,registered,登録,tangible,有形文化財,建造物,medium
national,文化庁,国指定文化財等データベース CSV export,official_export_002:239,,13Tokyo/raw/national/official_export_002.csv,駒澤大学旧図書館(禅文化歴史博物館・耕雲館),,,,,東京都世田谷区駒沢一丁目3403-1,世田谷区,13112,登録有形文化財(建造物),建造物,national,,35.62850556,139.65812222,building_direct,building_candidate_point,national,登録有形文化財(建造物),登録有形文化財(建造物),,national,国,registered,登録,tangible,有形文化財,建造物,medium
national,文化庁,国指定文化財等データベース CSV export,official_export_002:240,,13Tokyo/raw/national/official_export_002.csv,小宮家住宅主屋,,,,,東京都西東京市ひばりが丘1-1568-3,西東京市,13229,登録有形文化財(建造物),建造物,national,,35.7499678,139.54091451,building_direct,building_candidate_point,national,登録有形文化財(建造物),登録有形文化財(建造物),,national,国,registered,登録,tangible,有形文化財,建造物,medium
national,文化庁,国指定文化財等データベース CSV export,official_export_002:241,,13Tokyo/raw/national/official_export_002.csv,金剛院庫裏,,,,,東京都豊島区長崎1-28,豊島区,13116,登録有形文化財(建造物),建造物,national,,35.72717,139.695751,building_direct,building_candidate_point,national,登録有形文化財(建造物),登録有形文化財(建造物),,national,国,registered,登録,tangible,有形文化財,建造物,medium
national,文化庁,国指定文化財等データベース CSV export,official_export_002:242,,13Tokyo/raw/national/official_export_002.csv,金剛院本堂,,,,,東京都豊島区長崎1-28,豊島区,13116,登録有形文化財(建造物),建造物,national,,35.72728,139.695563,building_direct,building_candidate_point,national,登録有形文化財(建造物),登録有形文化財(建造物),,national,国,registered,登録,tangible,有形文化財,建造物,medium
national,文化庁,国指定文化財等データベース CSV export,official_export_002:243,,13Tokyo/raw/national/official_export_002.csv,西徳寺本堂,,,,,東京都台東区竜泉一丁目74-1,台東区,13106,登録有形文化財(建造物),建造物,national,,35.72340278,139.790375,building_direct,building_candidate_point,national,登録有形文化財(建造物),登録有形文化財(建造物),,national,国,registered,登録,tangible,有形文化財,建造物,medium
national,文化庁,国指定文化財等データベース CSV export,official_export_002:244,,13Tokyo/raw/national/official_export_002.csv,さかえビル,,,,,東京都文京区本郷3-38-10,文京区,13105,登録有形文化財(建造物),建造物,national,,35.70741581,139.76286532,building_direct,building_candidate_point,national,登録有形文化財(建造物),登録有形文化財(建造物),,national,国,registered,登録,tangible,有形文化財,建造物,medium
national,文化庁,国指定文化財等データベース CSV export,official_export_002:245,,13Tokyo/raw/national/official_export_002.csv,坂間家住宅主屋,,,,,東京都世田谷区下馬6-77-8,世田谷区,13112,登録有形文化財(建造物),建造物,national,,35.62861405,139.68051506,building_direct,building_candidate_point,national,登録有形文化財(建造物),登録有形文化財(建造物),,national,国,registered,登録,tangible,有形文化財,建造物,medium
national,文化庁,国指定文化財等データベース CSV export,official_export_002:246,,13Tokyo/raw/national/official_export_002.csv,佐々木家住宅主屋,,,,,東京都練馬区小竹町1-36-11,練馬区,13120,登録有形文化財(建造物),建造物,national,,35.7382651,139.6762988,building_direct,building_candidate_point,national,登録有形文化財(建造物),登録有形文化財(建造物),,national,国,registered,登録,tangible,有形文化財,建造物,medium
national,文化庁,国指定文化財等データベース CSV export,official_export_002:247,,13Tokyo/raw/national/official_export_002.csv,実相寺本堂,,,,,東京都大田区池上2-10-17,大田区,13111,登録有形文化財(建造物),建造物,national,,35.580021,139.702911,building_direct,building_candidate_point,national,登録有形文化財(建造物),登録有形文化財(建造物),,national,国,registered,登録,tangible,有形文化財,建造物,medium
national,文化庁,国指定文化財等データベース CSV export,official_export_002:248,,13Tokyo/raw/national/official_export_002.csv,実相寺門,,,,,東京都大田区池上2-10-17,大田区,13111,登録有形文化財(建造物),建造物,national,,35.579906,139.702728,building_direct,building_candidate_point,national,登録有形文化財(建造物),登録有形文化財(建造物),,national,国,registered,登録,tangible,有形文化財,建造物,medium
national,文化庁,国指定文化財等データベース CSV export,official_export_002:249,,13Tokyo/raw/national/official_export_002.csv,渋谷区立広尾小学校,,,,,東京都渋谷区東3-3-3,渋谷区,13113,登録有形文化財(建造物),建造物,national,,35.651825,139.712143,building_direct,building_candidate_point,national,登録有形文化財(建造物),登録有形文化財(建造物),,national,国,registered,登録,tangible,有形文化財,建造物,medium
national,文化庁,国指定文化財等データベース CSV export,official_export_002:250,,13Tokyo/raw/national/official_export_002.csv,島薗家住宅主屋,,,,,東京都文京区千駄木三丁目635-7,文京区,13105,登録有形文化財(建造物),建造物,national,,35.72617,139.761002,building_direct,building_candidate_point,national,登録有形文化財(建造物),登録有形文化財(建造物),,national,国,registered,登録,tangible,有形文化財,建造物,medium
national,文化庁,国指定文化財等データベース CSV export,official_export_002:251,,13Tokyo/raw/national/official_export_002.csv,志村家住宅門及び石垣,,,,,東京都世田谷区成城三丁目242-3他,世田谷区,13112,登録有形文化財(建造物),建造物,national,,35.63738434,139.5956915,building_direct,building_candidate_point,national,登録有形文化財(建造物),登録有形文化財(建造物),,national,国,registered,登録,tangible,有形文化財,建造物,medium
national,文化庁,国指定文化財等データベース CSV export,official_export_002:252,,13Tokyo/raw/national/official_export_002.csv,下田家住宅主屋,,,,,東京都西東京市田無町二丁目627,西東京市,13229,登録有形文化財(建造物),建造物,national,,35.72834278,139.54034083,building_direct,building_candidate_point,national,登録有形文化財(建造物),登録有形文化財(建造物),,national,国,registered,登録,tangible,有形文化財,建造物,medium
national,文化庁,国指定文化財等データベース CSV export,official_export_002:253,,13Tokyo/raw/national/official_export_002.csv,下田家住宅文庫蔵,,,,,東京都西東京市田無町二丁目627,西東京市,13229,登録有形文化財(建造物),建造物,national,,35.72834278,139.54034083,building_direct,building_candidate_point,national,登録有形文化財(建造物),登録有形文化財(建造物),,national,国,registered,登録,tangible,有形文化財,建造物,medium
national,文化庁,国指定文化財等データベース CSV export,official_export_002:254,,13Tokyo/raw/national/official_export_002.csv,蛇の湯温泉たから荘,,,,,東京都西多摩郡檜原村字数馬2465-1,檜原村,13307,登録有形文化財(建造物),建造物,national,,35.72621546,139.04980339,building_direct,building_candidate_point,national,登録有形文化財(建造物),登録有形文化財(建造物),,national,国,registered,登録,tangible,有形文化財,建造物,medium
national,文化庁,国指定文化財等データベース CSV export,official_export_002:255,,13Tokyo/raw/national/official_export_002.csv,十四世喜多六平太記念能楽堂,,,,,東京都品川区上大崎四丁目245-1他,品川区,13109,登録有形文化財(建造物),建造物,national,,35.63362889,139.71477778,building_direct,building_candidate_point,national,登録有形文化財(建造物),登録有形文化財(建造物),,national,国,registered,登録,tangible,有形文化財,建造物,medium
national,文化庁,国指定文化財等データベース CSV export,official_export_002:256,,13Tokyo/raw/national/official_export_002.csv,常行院納骨堂,,,,,東京都港区芝公園二丁目11-1,港区,13103,登録有形文化財(建造物),建造物,national,,35.65657222,139.75080833,building_direct,building_candidate_point,national,登録有形文化財(建造物),登録有形文化財(建造物),,national,国,registered,登録,tangible,有形文化財,建造物,medium
national,文化庁,国指定文化財等データベース CSV export,official_export_002:257,,13Tokyo/raw/national/official_export_002.csv,上宮寺鐘楼,,,,,東京都渋谷区広尾五丁目2-2,渋谷区,13113,登録有形文化財(建造物),建造物,national,,35.650486,139.719945,building_direct,building_candidate_point,national,登録有形文化財(建造物),登録有形文化財(建造物),,national,国,registered,登録,tangible,有形文化財,建造物,medium
national,文化庁,国指定文化財等データベース CSV export,official_export_002:258,,13Tokyo/raw/national/official_export_002.csv,上宮寺本堂,,,,,東京都渋谷区広尾五丁目2-2,渋谷区,13113,登録有形文化財(建造物),建造物,national,,35.650522,139.720162,building_direct,building_candidate_point,national,登録有形文化財(建造物),登録有形文化財(建造物),,national,国,registered,登録,tangible,有形文化財,建造物,medium
national,文化庁,国指定文化財等データベース CSV export,official_export_002:259,,13Tokyo/raw/national/official_export_002.csv,上宮寺本堂応接部,,,,,東京都渋谷区広尾五丁目2-2,渋谷区,13113,登録有形文化財(建造物),建造物,national,,35.650421,139.720165,building_direct,building_candidate_point,national,登録有形文化財(建造物),登録有形文化財(建造物),,national,国,registered,登録,tangible,有形文化財,建造物,medium
national,文化庁,国指定文化財等データベース CSV export,official_export_002:260,,13Tokyo/raw/national/official_export_002.csv,常照院本堂内陣,,,,,東京都港区芝公園1-8-9,港区,13103,登録有形文化財(建造物),建造物,national,,35.657635,139.752014,building_direct,building_candidate_point,national,登録有形文化財(建造物),登録有形文化財(建造物),,national,国,registered,登録,tangible,有形文化財,建造物,medium
national,文化庁,国指定文化財等データベース CSV export,official_export_002:261,,13Tokyo/raw/national/official_export_002.csv,松風荘主屋,,,,,東京都大田区南千束2-25-6,大田区,13111,登録有形文化財(建造物),建造物,national,,35.60134846,139.688828,building_direct,building_candidate_point,national,登録有形文化財(建造物),登録有形文化財(建造物),,national,国,registered,登録,tangible,有形文化財,建造物,medium
national,文化庁,国指定文化財等データベース CSV export,official_export_002:262,,13Tokyo/raw/national/official_export_002.csv,松風荘待合,,,,,東京都大田区南千束2-25-6,大田区,13111,登録有形文化財(建造物),建造物,national,,35.601234,139.688599,building_direct,building_candidate_point,national,登録有形文化財(建造物),登録有形文化財(建造物),,national,国,registered,登録,tangible,有形文化財,建造物,medium
national,文化庁,国指定文化財等データベース CSV export,official_export_002:263,,13Tokyo/raw/national/official_export_002.csv,松風荘門,,,,,東京都大田区南千束2-25-6,大田区,13111,登録有形文化財(建造物),建造物,national,,35.6011849,139.68881635,building_direct,building_candidate_point,national,登録有形文化財(建造物),登録有形文化財(建造物),,national,国,registered,登録,tangible,有形文化財,建造物,medium
national,文化庁,国指定文化財等データベース CSV export,official_export_002:264,,13Tokyo/raw/national/official_export_002.csv,昭和のくらし博物館(旧小泉家住宅主屋),,,,,東京都大田区南久が原2-26-19,大田区,13111,登録有形文化財(建造物),建造物,national,,35.575245,139.685822,building_direct,building_candidate_point,national,登録有形文化財(建造物),登録有形文化財(建造物),,national,国,registered,登録,tangible,有形文化財,建造物,medium
national,文化庁,国指定文化財等データベース CSV export,official_export_002:265,,13Tokyo/raw/national/official_export_002.csv,白百合女子大学めぐみ荘(旧菊池家住宅主屋),,,,,東京都調布市緑ヶ丘1-25-1,調布市,13208,登録有形文化財(建造物),建造物,national,,35.6694546,139.58049981,building_direct,building_candidate_point,national,登録有形文化財(建造物),登録有形文化財(建造物),,national,国,registered,登録,tangible,有形文化財,建造物,medium
national,文化庁,国指定文化財等データベース CSV export,official_export_002:266,,13Tokyo/raw/national/official_export_002.csv,進開屋,,,,,東京都文京区千石2-30-6,文京区,13105,登録有形文化財(建造物),建造物,national,,35.72525914,139.74155129,building_direct,building_candidate_point,national,登録有形文化財(建造物),登録有形文化財(建造物),,national,国,registered,登録,tangible,有形文化財,建造物,medium
national,文化庁,国指定文化財等データベース CSV export,official_export_002:267,,13Tokyo/raw/national/official_export_002.csv,心光院表門,,,,,東京都港区東麻布1-1-5,港区,13103,登録有形文化財(建造物),建造物,national,,35.65802985,139.74438216,building_direct,building_candidate_point,national,登録有形文化財(建造物),登録有形文化財(建造物),,national,国,registered,登録,tangible,有形文化財,建造物,medium
national,文化庁,国指定文化財等データベース CSV export,official_export_002:268,,13Tokyo/raw/national/official_export_002.csv,心光院本堂,,,,,東京都港区東麻布一丁目1-1,港区,13103,登録有形文化財(建造物),建造物,national,,35.65815806,139.74447306,building_direct,building_candidate_point,national,登録有形文化財(建造物),登録有形文化財(建造物),,national,国,registered,登録,tangible,有形文化財,建造物,medium
national,文化庁,国指定文化財等データベース CSV export,official_export_002:269,,13Tokyo/raw/national/official_export_002.csv,新潮社倉庫,,,,,東京都新宿区矢来町71-8他,新宿区,13104,登録有形文化財(建造物),建造物,national,,35.70331111,139.73311111,building_direct,building_candidate_point,national,登録有形文化財(建造物),登録有形文化財(建造物),,national,国,registered,登録,tangible,有形文化財,建造物,medium
national,文化庁,国指定文化財等データベース CSV export,official_export_002:270,,13Tokyo/raw/national/official_export_002.csv,新潮社本館,,,,,東京都新宿区矢来町71-10他,新宿区,13104,登録有形文化財(建造物),建造物,national,,35.70294722,139.73304722,building_direct,building_candidate_point,national,登録有形文化財(建造物),登録有形文化財(建造物),,national,国,registered,登録,tangible,有形文化財,建造物,medium
national,文化庁,国指定文化財等データベース CSV export,official_export_002:271,,13Tokyo/raw/national/official_export_002.csv,新富町躍金楼店舗,,,,,東京都中央区新富一丁目11-3他,中央区,13102,登録有形文化財(建造物),建造物,national,,35.67211667,139.77466944,building_direct,building_candidate_point,national,登録有形文化財(建造物),登録有形文化財(建造物),,national,国,registered,登録,tangible,有形文化財,建造物,medium
national,文化庁,国指定文化財等データベース CSV export,official_export_002:272,,13Tokyo/raw/national/official_export_002.csv,新町館(三宅家住宅),,,,,東京都文京区白山1-29-5,文京区,13105,登録有形文化財(建造物),建造物,national,,35.71930817,139.75306107,building_direct,building_candidate_point,national,登録有形文化財(建造物),登録有形文化財(建造物),,national,国,registered,登録,tangible,有形文化財,建造物,medium
national,文化庁,国指定文化財等データベース CSV export,official_export_002:273,,13Tokyo/raw/national/official_export_002.csv,鈴木家住宅主屋,,,,,東京都新宿区横寺町31-11,新宿区,13104,登録有形文化財(建造物),建造物,national,,35.70306835,139.73516215,building_direct,building_candidate_point,national,登録有形文化財(建造物),登録有形文化財(建造物),,national,国,registered,登録,tangible,有形文化財,建造物,medium
national,文化庁,国指定文化財等データベース CSV export,official_export_002:274,,13Tokyo/raw/national/official_export_002.csv,すぺーす小倉屋蔵,,,,,東京都台東区谷中七丁目207-2,台東区,13106,登録有形文化財(建造物),建造物,national,,35.72472439,139.76890486,building_direct,building_candidate_point,national,登録有形文化財(建造物),登録有形文化財(建造物),,national,国,registered,登録,tangible,有形文化財,建造物,medium
national,文化庁,国指定文化財等データベース CSV export,official_export_002:275,,13Tokyo/raw/national/official_export_002.csv,すぺーす小倉屋店舗,,,,,東京都台東区谷中七丁目207-2,台東区,13106,登録有形文化財(建造物),建造物,national,,35.72465226,139.76893003,building_direct,building_candidate_point,national,登録有形文化財(建造物),登録有形文化財(建造物),,national,国,registered,登録,tangible,有形文化財,建造物,medium
national,文化庁,国指定文化財等データベース CSV export,official_export_002:276,,13Tokyo/raw/national/official_export_002.csv,墨田区立言問小学校校舎,,,,,東京都墨田区向島五丁目40,墨田区,13107,登録有形文化財(建造物),建造物,national,,35.71876111,139.81139722,building_direct,building_candidate_point,national,登録有形文化財(建造物),登録有形文化財(建造物),,national,国,registered,登録,tangible,有形文化財,建造物,medium
national,文化庁,国指定文化財等データベース CSV export,official_export_002:277,,13Tokyo/raw/national/official_export_002.csv,墨田区立言問小学校講堂,,,,,東京都墨田区向島五丁目40,墨田区,13107,登録有形文化財(建造物),建造物,national,,35.71878333,139.811725,building_direct,building_candidate_point,national,登録有形文化財(建造物),登録有形文化財(建造物),,national,国,registered,登録,tangible,有形文化財,建造物,medium
national,文化庁,国指定文化財等データベース CSV export,official_export_002:278,,13Tokyo/raw/national/official_export_002.csv,西郊ロッヂング,,,,,東京都杉並区荻窪3-63,杉並区,13115,登録有形文化財(建造物),建造物,national,,35.70302366,139.62530608,building_direct,building_candidate_point,national,登録有形文化財(建造物),登録有形文化財(建造物),,national,国,registered,登録,tangible,有形文化財,建造物,medium
national,文化庁,国指定文化財等データベース CSV export,official_export_002:279,,13Tokyo/raw/national/official_export_002.csv,瀬川家住宅(旧古市家住宅)蔵,,,,,東京都文京区本郷2-134-1,文京区,13105,登録有形文化財(建造物),建造物,national,,35.70654733,139.75799551,building_direct,building_candidate_point,national,登録有形文化財(建造物),登録有形文化財(建造物),,national,国,registered,登録,tangible,有形文化財,建造物,medium
national,文化庁,国指定文化財等データベース CSV export,official_export_002:280,,13Tokyo/raw/national/official_export_002.csv,瀬川家住宅(旧古市家住宅)主屋,,,,,東京都文京区本郷2-134-1,文京区,13105,登録有形文化財(建造物),建造物,national,,35.706432,139.757843,building_direct,building_candidate_point,national,登録有形文化財(建造物),登録有形文化財(建造物),,national,国,registered,登録,tangible,有形文化財,建造物,medium
national,文化庁,国指定文化財等データベース CSV export,official_export_002:281,,13Tokyo/raw/national/official_export_002.csv,ソルフェージスクール,,,,,東京都豊島区目白四丁目1434-2,豊島区,13116,登録有形文化財(建造物),建造物,national,,35.72548333,139.70059722,building_direct,building_candidate_point,national,登録有形文化財(建造物),登録有形文化財(建造物),,national,国,registered,登録,tangible,有形文化財,建造物,medium
national,文化庁,国指定文化財等データベース CSV export,official_export_002:282,,13Tokyo/raw/national/official_export_002.csv,タイガービルヂング,,,,,東京都台東区蔵前4-13,台東区,13106,登録有形文化財(建造物),建造物,national,,35.705219,139.790283,building_direct,building_candidate_point,national,登録有形文化財(建造物),登録有形文化財(建造物),,national,国,registered,登録,tangible,有形文化財,建造物,medium
national,文化庁,国指定文化財等データベース CSV export,official_export_002:283,,13Tokyo/raw/national/official_export_002.csv,台東区立朝倉彫塑館東屋,,,,,東京都台東区谷中7-18-10,台東区,13106,登録有形文化財(建造物),建造物,national,,35.72693524,139.76837028,building_direct,building_candidate_point,national,登録有形文化財(建造物),登録有形文化財(建造物),,national,国,registered,登録,tangible,有形文化財,建造物,medium
national,文化庁,国指定文化財等データベース CSV export,official_export_002:284,,13Tokyo/raw/national/official_export_002.csv,台東区立朝倉彫塑館アトリエ棟,,,,,東京都台東区谷中7-18-10,台東区,13106,登録有形文化財(建造物),建造物,national,,35.72685139,139.76850116,building_direct,building_candidate_point,national,登録有形文化財(建造物),登録有形文化財(建造物),,national,国,registered,登録,tangible,有形文化財,建造物,medium
national,文化庁,国指定文化財等データベース CSV export,official_export_002:285,,13Tokyo/raw/national/official_export_002.csv,台東区立朝倉彫塑館旧アトリエ,,,,,東京都台東区谷中7-18-10,台東区,13106,登録有形文化財(建造物),建造物,national,,35.72692878,139.76887889,building_direct,building_candidate_point,national,登録有形文化財(建造物),登録有形文化財(建造物),,national,国,registered,登録,tangible,有形文化財,建造物,medium
national,文化庁,国指定文化財等データベース CSV export,official_export_002:286,,13Tokyo/raw/national/official_export_002.csv,台東区立朝倉彫塑館住居,,,,,東京都台東区谷中7-18-10,台東区,13106,登録有形文化財(建造物),建造物,national,,35.72696528,139.76876989,building_direct,building_candidate_point,national,登録有形文化財(建造物),登録有形文化財(建造物),,national,国,registered,登録,tangible,有形文化財,建造物,medium
national,文化庁,国指定文化財等データベース CSV export,official_export_002:287,,13Tokyo/raw/national/official_export_002.csv,太洋ビルディング(丸石ビルディング),,,,,東京都千代田区鍛冶町1-10-4,千代田区,13101,登録有形文化財(建造物),建造物,national,,35.690285,139.772751,building_direct,building_candidate_point,national,登録有形文化財(建造物),登録有形文化財(建造物),,national,国,registered,登録,tangible,有形文化財,建造物,medium
national,文化庁,国指定文化財等データベース CSV export,official_export_002:288,,13Tokyo/raw/national/official_export_002.csv,髙木家住宅離れ,,,,,東京都文京区本駒込三丁目240-7,文京区,13105,登録有形文化財(建造物),建造物,national,,35.73065,139.75358333,building_direct,building_candidate_point,national,登録有形文化財(建造物),登録有形文化財(建造物),,national,国,registered,登録,tangible,有形文化財,建造物,medium
national,文化庁,国指定文化財等データベース CSV export,official_export_002:289,,13Tokyo/raw/national/official_export_002.csv,髙木家住宅洋館,,,,,東京都文京区本駒込三丁目240-7,文京区,13105,登録有形文化財(建造物),建造物,national,,35.73057778,139.75389167,building_direct,building_candidate_point,national,登録有形文化財(建造物),登録有形文化財(建造物),,national,国,registered,登録,tangible,有形文化財,建造物,medium
national,文化庁,国指定文化財等データベース CSV export,official_export_002:290,,13Tokyo/raw/national/official_export_002.csv,髙橋家住宅衣装蔵,,,,,東京都西東京市下保谷三丁目862,西東京市,13229,登録有形文化財(建造物),建造物,national,,35.753048,139.564976,building_direct,building_candidate_point,national,登録有形文化財(建造物),登録有形文化財(建造物),,national,国,registered,登録,tangible,有形文化財,建造物,medium
national,文化庁,国指定文化財等データベース CSV export,official_export_002:291,,13Tokyo/raw/national/official_export_002.csv,髙橋家住宅表門,,,,,東京都西東京市下保谷三丁目862,西東京市,13229,登録有形文化財(建造物),建造物,national,,35.752596,139.565262,building_direct,building_candidate_point,national,登録有形文化財(建造物),登録有形文化財(建造物),,national,国,registered,登録,tangible,有形文化財,建造物,medium
national,文化庁,国指定文化財等データベース CSV export,official_export_002:292,,13Tokyo/raw/national/official_export_002.csv,髙橋家住宅主屋,,,,,東京都西東京市下保谷三丁目862-5他,西東京市,13229,登録有形文化財(建造物),建造物,national,,35.752909,139.565049,building_direct,building_candidate_point,national,登録有形文化財(建造物),登録有形文化財(建造物),,national,国,registered,登録,tangible,有形文化財,建造物,medium
national,文化庁,国指定文化財等データベース CSV export,official_export_002:293,,13Tokyo/raw/national/official_export_002.csv,髙橋家住宅土蔵,,,,,東京都西東京市下保谷三丁目862,西東京市,13229,登録有形文化財(建造物),建造物,national,,35.752826,139.565276,building_direct,building_candidate_point,national,登録有形文化財(建造物),登録有形文化財(建造物),,national,国,registered,登録,tangible,有形文化財,建造物,medium
national,文化庁,国指定文化財等データベース CSV export,official_export_002:294,,13Tokyo/raw/national/official_export_002.csv,髙橋家住宅納屋,,,,,東京都西東京市下保谷三丁目862,西東京市,13229,登録有形文化財(建造物),建造物,national,,35.75299,139.565225,building_direct,building_candidate_point,national,登録有形文化財(建造物),登録有形文化財(建造物),,national,国,registered,登録,tangible,有形文化財,建造物,medium
national,文化庁,国指定文化財等データベース CSV export,official_export_002:295,,13Tokyo/raw/national/official_export_002.csv,高橋建築事務所社屋,,,,,東京都新宿区矢来町114,新宿区,13104,登録有形文化財(建造物),建造物,national,,35.70392397,139.73468167,building_direct,building_candidate_point,national,登録有形文化財(建造物),登録有形文化財(建造物),,national,国,registered,登録,tangible,有形文化財,建造物,medium
national,文化庁,国指定文化財等データベース CSV export,official_export_002:296,,13Tokyo/raw/national/official_export_002.csv,高橋診療所,,,,,東京都大田区山王3-30-5,大田区,13111,登録有形文化財(建造物),建造物,national,,35.586273,139.726044,building_direct,building_candidate_point,national,登録有形文化財(建造物),登録有形文化財(建造物),,national,国,registered,登録,tangible,有形文化財,建造物,medium
national,文化庁,国指定文化財等データベース CSV export,official_export_002:297,,13Tokyo/raw/national/official_export_002.csv,高畠家住宅主屋,,,,,東京都千代田区神田駿河台四丁目2-9,千代田区,13101,登録有形文化財(建造物),建造物,national,,35.69781389,139.76654722,building_direct,building_candidate_point,national,登録有形文化財(建造物),登録有形文化財(建造物),,national,国,registered,登録,tangible,有形文化財,建造物,medium
national,文化庁,国指定文化財等データベース CSV export,official_export_002:298,,13Tokyo/raw/national/official_export_002.csv,高畠家住宅正門,,,,,東京都千代田区神田駿河台四丁目2-9,千代田区,13101,登録有形文化財(建造物),建造物,national,,35.69780278,139.76662778,building_direct,building_candidate_point,national,登録有形文化財(建造物),登録有形文化財(建造物),,national,国,registered,登録,tangible,有形文化財,建造物,medium
national,文化庁,国指定文化財等データベース CSV export,official_export_002:299,,13Tokyo/raw/national/official_export_002.csv,高畠家住宅塀及び石垣,,,,,東京都千代田区神田駿河台四丁目2-9,千代田区,13101,登録有形文化財(建造物),建造物,national,,35.69788889,139.76658611,building_direct,building_candidate_point,national,登録有形文化財(建造物),登録有形文化財(建造物),,national,国,registered,登録,tangible,有形文化財,建造物,medium
national,文化庁,国指定文化財等データベース CSV export,official_export_002:300,,13Tokyo/raw/national/official_export_002.csv,滝乃川学園本館,,,,,東京都国立市谷保6312,国立市,13215,登録有形文化財(建造物),建造物,national,,35.680962,139.42955,building_direct,building_candidate_point,national,登録有形文化財(建造物),登録有形文化財(建造物),,national,国,registered,登録,tangible,有形文化財,建造物,medium
national,文化庁,国指定文化財等データベース CSV export,official_export_002:301,,13Tokyo/raw/national/official_export_002.csv,田口家住宅主屋,,,,,東京都文京区西片2-10-14,文京区,13105,登録有形文化財(建造物),建造物,national,,35.7159435,139.756609,building_direct,building_candidate_point,national,登録有形文化財(建造物),登録有形文化財(建造物),,national,国,registered,登録,tangible,有形文化財,建造物,medium
national,文化庁,国指定文化財等データベース CSV export,official_export_002:302,,13Tokyo/raw/national/official_export_002.csv,竹中家住宅主屋,,,,,東京都大田区田園調布3-12-10,大田区,13111,登録有形文化財(建造物),建造物,national,,35.59919228,139.66381569,building_direct,building_candidate_point,national,登録有形文化財(建造物),登録有形文化財(建造物),,national,国,registered,登録,tangible,有形文化財,建造物,medium
national,文化庁,国指定文化財等データベース CSV export,official_export_002:303,,13Tokyo/raw/national/official_export_002.csv,棚澤書店,,,,,東京都文京区本郷6-18-12,文京区,13105,登録有形文化財(建造物),建造物,national,,35.713577,139.759064,building_direct,building_candidate_point,national,登録有形文化財(建造物),登録有形文化財(建造物),,national,国,registered,登録,tangible,有形文化財,建造物,medium
national,文化庁,国指定文化財等データベース CSV export,official_export_002:304,,13Tokyo/raw/national/official_export_002.csv,田無神社参集殿,,,,,東京都西東京市田無町3-7-4,西東京市,13229,登録有形文化財(建造物),建造物,national,,35.72954772,139.54383543,building_direct,building_candidate_point,national,登録有形文化財(建造物),登録有形文化財(建造物),,national,国,registered,登録,tangible,有形文化財,建造物,medium
national,文化庁,国指定文化財等データベース CSV export,official_export_002:305,,13Tokyo/raw/national/official_export_002.csv,玉置文治郎ビル,,,,,東京都中央区東日本橋2-16-8,中央区,13102,登録有形文化財(建造物),建造物,national,,35.69452538,139.78556086,building_direct,building_candidate_point,national,登録有形文化財(建造物),登録有形文化財(建造物),,national,国,registered,登録,tangible,有形文化財,建造物,medium
national,文化庁,国指定文化財等データベース CSV export,official_export_002:306,,13Tokyo/raw/national/official_export_002.csv,田村酒造石垣,,,,,東京都福生市大字福生字奈賀626-1他,福生市,13218,登録有形文化財(建造物),建造物,national,,35.74145029,139.32094568,building_direct,building_candidate_point,national,登録有形文化財(建造物),登録有形文化財(建造物),,national,国,registered,登録,tangible,有形文化財,建造物,medium
national,文化庁,国指定文化財等データベース CSV export,official_export_002:307,,13Tokyo/raw/national/official_export_002.csv,田村酒造旧水車小屋及び脇蔵,,,,,東京都福生市大字福生字奈賀626-1他,福生市,13218,登録有形文化財(建造物),建造物,national,,35.74135396,139.32074921,building_direct,building_candidate_point,national,登録有形文化財(建造物),登録有形文化財(建造物),,national,国,registered,登録,tangible,有形文化財,建造物,medium
national,文化庁,国指定文化財等データベース CSV export,official_export_002:308,,13Tokyo/raw/national/official_export_002.csv,田村酒造酒造蔵,,,,,東京都福生市大字福生字奈賀626-1他,福生市,13218,登録有形文化財(建造物),建造物,national,,35.7418013,139.32006392,building_direct,building_candidate_point,national,登録有形文化財(建造物),登録有形文化財(建造物),,national,国,registered,登録,tangible,有形文化財,建造物,medium
national,文化庁,国指定文化財等データベース CSV export,official_export_002:309,,13Tokyo/raw/national/official_export_002.csv,田村酒造雑蔵,,,,,東京都福生市大字福生字奈賀626-1他,福生市,13218,登録有形文化財(建造物),建造物,national,,35.74129448,139.32008058,building_direct,building_candidate_point,national,登録有形文化財(建造物),登録有形文化財(建造物),,national,国,registered,登録,tangible,有形文化財,建造物,medium
national,文化庁,国指定文化財等データベース CSV export,official_export_002:310,,13Tokyo/raw/national/official_export_002.csv,田村酒造前蔵,,,,,東京都福生市大字福生字奈賀626-1他,福生市,13218,登録有形文化財(建造物),建造物,national,,35.74137776,139.32008534,building_direct,building_candidate_point,national,登録有形文化財(建造物),登録有形文化財(建造物),,national,国,registered,登録,tangible,有形文化財,建造物,medium
national,文化庁,国指定文化財等データベース CSV export,official_export_002:311,,13Tokyo/raw/national/official_export_002.csv,茶寮一松表門及び塀,,,,,東京都台東区雷門一丁目47-1他,台東区,13106,登録有形文化財(建造物),建造物,national,,35.71077222,139.79336389,building_direct,building_candidate_point,national,登録有形文化財(建造物),登録有形文化財(建造物),,national,国,registered,登録,tangible,有形文化財,建造物,medium
national,文化庁,国指定文化財等データベース CSV export,official_export_002:312,,13Tokyo/raw/national/official_export_002.csv,茶寮一松店舗及び住居,,,,,東京都台東区雷門一丁目47-1,台東区,13106,登録有形文化財(建造物),建造物,national,,35.71086111,139.79318889,building_direct,building_candidate_point,national,登録有形文化財(建造物),登録有形文化財(建造物),,national,国,registered,登録,tangible,有形文化財,建造物,medium
national,文化庁,国指定文化財等データベース CSV export,official_export_002:313,,13Tokyo/raw/national/official_export_002.csv,椿山荘残月,,,,,東京都文京区関口2-10-8,文京区,13105,登録有形文化財(建造物),建造物,national,,35.71134754,139.7250656,building_direct,building_candidate_point,national,登録有形文化財(建造物),登録有形文化財(建造物),,national,国,registered,登録,tangible,有形文化財,建造物,medium
national,文化庁,国指定文化財等データベース CSV export,official_export_002:314,,13Tokyo/raw/national/official_export_002.csv,椿山荘三重塔,,,,,東京都文京区関口2-10-8,文京区,13105,登録有形文化財(建造物),建造物,national,,35.71251945,139.72460582,building_direct,building_candidate_point,national,登録有形文化財(建造物),登録有形文化財(建造物),,national,国,registered,登録,tangible,有形文化財,建造物,medium
national,文化庁,国指定文化財等データベース CSV export,official_export_002:315,,13Tokyo/raw/national/official_export_002.csv,塚﨑家住宅主屋,,,,,東京都大田区山王二丁目2370-3,大田区,13111,登録有形文化財(建造物),建造物,national,,35.587655,139.725336,building_direct,building_candidate_point,national,登録有形文化財(建造物),登録有形文化財(建造物),,national,国,registered,登録,tangible,有形文化財,建造物,medium
national,文化庁,国指定文化財等データベース CSV export,official_export_002:316,,13Tokyo/raw/national/official_export_002.csv,塚﨑家住宅門及び塀,,,,,東京都大田区山王二丁目2370-3,大田区,13111,登録有形文化財(建造物),建造物,national,,35.587743,139.725383,building_direct,building_candidate_point,national,登録有形文化財(建造物),登録有形文化財(建造物),,national,国,registered,登録,tangible,有形文化財,建造物,medium
national,文化庁,国指定文化財等データベース CSV export,official_export_002:317,,13Tokyo/raw/national/official_export_002.csv,築山家住宅石垣,,,,,東京都世田谷区砧8-18-12,世田谷区,13112,登録有形文化財(建造物),建造物,national,,35.64052389,139.60594735,building_direct,building_candidate_point,national,登録有形文化財(建造物),登録有形文化財(建造物),,national,国,registered,登録,tangible,有形文化財,建造物,medium
national,文化庁,国指定文化財等データベース CSV export,official_export_002:318,,13Tokyo/raw/national/official_export_002.csv,築山家住宅主屋,,,,,東京都世田谷区砧8-18-12,世田谷区,13112,登録有形文化財(建造物),建造物,national,,35.640442,139.605957,building_direct,building_candidate_point,national,登録有形文化財(建造物),登録有形文化財(建造物),,national,国,registered,登録,tangible,有形文化財,建造物,medium
national,文化庁,国指定文化財等データベース CSV export,official_export_002:319,,13Tokyo/raw/national/official_export_002.csv,築山家住宅水蓮池,,,,,東京都世田谷区砧8-18-12,世田谷区,13112,登録有形文化財(建造物),建造物,national,,35.64041734,139.60606718,building_direct,building_candidate_point,national,登録有形文化財(建造物),登録有形文化財(建造物),,national,国,registered,登録,tangible,有形文化財,建造物,medium
national,文化庁,国指定文化財等データベース CSV export,official_export_002:320,,13Tokyo/raw/national/official_export_002.csv,築山家住宅門,,,,,東京都世田谷区砧8-18-12,世田谷区,13112,登録有形文化財(建造物),建造物,national,,35.64042683,139.60583075,building_direct,building_candidate_point,national,登録有形文化財(建造物),登録有形文化財(建造物),,national,国,registered,登録,tangible,有形文化財,建造物,medium
national,文化庁,国指定文化財等データベース CSV export,official_export_002:321,,13Tokyo/raw/national/official_export_002.csv,津雲家住宅主屋,,,,,東京都青梅市住江町72-2他,青梅市,13205,登録有形文化財(建造物),建造物,national,,35.78828611,139.26158056,building_direct,building_candidate_point,national,登録有形文化財(建造物),登録有形文化財(建造物),,national,国,registered,登録,tangible,有形文化財,建造物,medium
national,文化庁,国指定文化財等データベース CSV export,official_export_002:322,,13Tokyo/raw/national/official_export_002.csv,津雲家住宅塀,,,,,東京都青梅市住江町72-2他,青梅市,13205,登録有形文化財(建造物),建造物,national,,35.78825556,139.26143611,building_direct,building_candidate_point,national,登録有形文化財(建造物),登録有形文化財(建造物),,national,国,registered,登録,tangible,有形文化財,建造物,medium
national,文化庁,国指定文化財等データベース CSV export,official_export_002:323,,13Tokyo/raw/national/official_export_002.csv,津雲家住宅門,,,,,東京都青梅市住江町72-2,青梅市,13205,登録有形文化財(建造物),建造物,national,,35.7883,139.261475,building_direct,building_candidate_point,national,登録有形文化財(建造物),登録有形文化財(建造物),,national,国,registered,登録,tangible,有形文化財,建造物,medium
national,文化庁,国指定文化財等データベース CSV export,official_export_002:324,,13Tokyo/raw/national/official_export_002.csv,辻家住宅旧主屋,,,,,東京都杉並区松庵2-102,杉並区,13115,登録有形文化財(建造物),建造物,national,,35.69851182,139.59668257,building_direct,building_candidate_point,national,登録有形文化財(建造物),登録有形文化財(建造物),,national,国,registered,登録,tangible,有形文化財,建造物,medium
national,文化庁,国指定文化財等データベース CSV export,official_export_002:325,,13Tokyo/raw/national/official_export_002.csv,燕湯,,,,,東京都台東区上野3-9-2,台東区,13106,登録有形文化財(建造物),建造物,national,,35.705482,139.772903,building_direct,building_candidate_point,national,登録有形文化財(建造物),登録有形文化財(建造物),,national,国,registered,登録,tangible,有形文化財,建造物,medium
national,文化庁,国指定文化財等データベース CSV export,official_export_002:326,,13Tokyo/raw/national/official_export_002.csv,手焼せんべい嵯峨の家店舗,,,,,東京都台東区谷中六丁目14,台東区,13106,登録有形文化財(建造物),建造物,national,,35.72141389,139.77063611,building_direct,building_candidate_point,national,登録有形文化財(建造物),登録有形文化財(建造物),,national,国,registered,登録,tangible,有形文化財,建造物,medium
national,文化庁,国指定文化財等データベース CSV export,official_export_002:327,,13Tokyo/raw/national/official_export_002.csv,照田家住宅主屋,,,,,東京都墨田区緑2-8-4,墨田区,13107,登録有形文化財(建造物),建造物,national,,35.69377745,139.80056628,building_direct,building_candidate_point,national,登録有形文化財(建造物),登録有形文化財(建造物),,national,国,registered,登録,tangible,有形文化財,建造物,medium
national,文化庁,国指定文化財等データベース CSV export,official_export_002:328,,13Tokyo/raw/national/official_export_002.csv,東京カテドラル鐘塔,,,,,東京都文京区関口三丁目19-1,文京区,13105,登録有形文化財(建造物),建造物,national,,35.71429722,139.72605833,building_direct,building_candidate_point,national,登録有形文化財(建造物),登録有形文化財(建造物),,national,国,registered,登録,tangible,有形文化財,建造物,medium
national,文化庁,国指定文化財等データベース CSV export,official_export_002:329,,13Tokyo/raw/national/official_export_002.csv,東京カテドラル聖マリア大聖堂,,,,,東京都文京区関口三丁目19-1,文京区,13105,登録有形文化財(建造物),建造物,national,,35.71426944,139.72658056,building_direct,building_candidate_point,national,登録有形文化財(建造物),登録有形文化財(建造物),,national,国,registered,登録,tangible,有形文化財,建造物,medium
national,文化庁,国指定文化財等データベース CSV export,official_export_002:330,,13Tokyo/raw/national/official_export_002.csv,東京工業大学大岡山西一号館(旧分析化学実験室),,,,,東京都目黒区大岡山2-1-1,目黒区,13110,登録有形文化財(建造物),建造物,national,,35.6053703,139.68291935,building_direct,building_candidate_point,national,登録有形文化財(建造物),登録有形文化財(建造物),,national,国,registered,登録,tangible,有形文化財,建造物,medium
national,文化庁,国指定文化財等データベース CSV export,official_export_002:331,,13Tokyo/raw/national/official_export_002.csv,東京工業大学七〇周年記念講堂,,,,,東京都目黒区大岡山2-1-1,目黒区,13110,登録有形文化財(建造物),建造物,national,,35.6058914,139.68359035,building_direct,building_candidate_point,national,登録有形文化財(建造物),登録有形文化財(建造物),,national,国,registered,登録,tangible,有形文化財,建造物,medium
national,文化庁,国指定文化財等データベース CSV export,official_export_002:332,,13Tokyo/raw/national/official_export_002.csv,東京工業大学本館,,,,,東京都目黒区大岡山2-1-1,目黒区,13110,登録有形文化財(建造物),建造物,national,,35.60443993,139.68386875,building_direct,building_candidate_point,national,登録有形文化財(建造物),登録有形文化財(建造物),,national,国,registered,登録,tangible,有形文化財,建造物,medium
national,文化庁,国指定文化財等データベース CSV export,official_export_002:333,,13Tokyo/raw/national/official_export_002.csv,東京商船大学1号館,,,,,東京都江東区越中島2-1-6,江東区,13108,登録有形文化財(建造物),建造物,national,,35.66817421,139.79114384,building_direct,building_candidate_point,national,登録有形文化財(建造物),登録有形文化財(建造物),,national,国,registered,登録,tangible,有形文化財,建造物,medium
national,文化庁,国指定文化財等データベース CSV export,official_export_002:334,,13Tokyo/raw/national/official_export_002.csv,東京商船大学旧天体観測所(第一観測台),,,,,東京都江東区越中島2-1-6,江東区,13108,登録有形文化財(建造物),建造物,national,,35.66869347,139.79094413,building_direct,building_candidate_point,national,登録有形文化財(建造物),登録有形文化財(建造物),,national,国,registered,登録,tangible,有形文化財,建造物,medium
national,文化庁,国指定文化財等データベース CSV export,official_export_002:335,,13Tokyo/raw/national/official_export_002.csv,東京商船大学旧天体観測所(第二観測台),,,,,東京都江東区越中島2-1-6,江東区,13108,登録有形文化財(建造物),建造物,national,,35.66885324,139.79111722,building_direct,building_candidate_point,national,登録有形文化財(建造物),登録有形文化財(建造物),,national,国,registered,登録,tangible,有形文化財,建造物,medium
national,文化庁,国指定文化財等データベース CSV export,official_export_002:336,,13Tokyo/raw/national/official_export_002.csv,東京商船大学事務局管理棟,,,,,東京都江東区越中島2-1-6,江東区,13108,登録有形文化財(建造物),建造物,national,,35.66824078,139.79046482,building_direct,building_candidate_point,national,登録有形文化財(建造物),登録有形文化財(建造物),,national,国,registered,登録,tangible,有形文化財,建造物,medium
national,文化庁,国指定文化財等データベース CSV export,official_export_002:337,,13Tokyo/raw/national/official_export_002.csv,東京商船大学2号館,,,,,東京都江東区越中島2-1-6,江東区,13108,登録有形文化財(建造物),建造物,national,,35.66660314,139.79312766,building_direct,building_candidate_point,national,登録有形文化財(建造物),登録有形文化財(建造物),,national,国,registered,登録,tangible,有形文化財,建造物,medium
national,文化庁,国指定文化財等データベース CSV export,official_export_002:338,,13Tokyo/raw/national/official_export_002.csv,東京女子大学講堂・礼拝堂,,,,,東京都杉並区善福寺2-6-1,杉並区,13115,登録有形文化財(建造物),建造物,national,,35.70950127,139.59187469,building_direct,building_candidate_point,national,登録有形文化財(建造物),登録有形文化財(建造物),,national,国,registered,登録,tangible,有形文化財,建造物,medium
national,文化庁,国指定文化財等データベース CSV export,official_export_002:339,,13Tokyo/raw/national/official_export_002.csv,東京女子大学17号館(ライシャワー館),,,,,東京都杉並区善福寺2-6-1,杉並区,13115,登録有形文化財(建造物),建造物,national,,35.71123481,139.59174442,building_direct,building_candidate_point,national,登録有形文化財(建造物),登録有形文化財(建造物),,national,国,registered,登録,tangible,有形文化財,建造物,medium
national,文化庁,国指定文化財等データベース CSV export,official_export_002:340,,13Tokyo/raw/national/official_export_002.csv,東京女子大学14号館(安井記念館),,,,,東京都杉並区善福寺2-6-1,杉並区,13115,登録有形文化財(建造物),建造物,national,,35.71116467,139.59081252,building_direct,building_candidate_point,national,登録有形文化財(建造物),登録有形文化財(建造物),,national,国,registered,登録,tangible,有形文化財,建造物,medium
national,文化庁,国指定文化財等データベース CSV export,official_export_002:341,,13Tokyo/raw/national/official_export_002.csv,東京女子大学16号館(外国人教師館),,,,,東京都杉並区善福寺2-6-1,杉並区,13115,登録有形文化財(建造物),建造物,national,,35.71140516,139.5912935,building_direct,building_candidate_point,national,登録有形文化財(建造物),登録有形文化財(建造物),,national,国,registered,登録,tangible,有形文化財,建造物,medium
national,文化庁,国指定文化財等データベース CSV export,official_export_002:342,,13Tokyo/raw/national/official_export_002.csv,東京女子大学7号館(西校舎),,,,,東京都杉並区善福寺2-6-1,杉並区,13115,登録有形文化財(建造物),建造物,national,,35.71008246,139.59092274,building_direct,building_candidate_point,national,登録有形文化財(建造物),登録有形文化財(建造物),,national,国,registered,登録,tangible,有形文化財,建造物,medium
national,文化庁,国指定文化財等データベース CSV export,official_export_002:343,,13Tokyo/raw/national/official_export_002.csv,東京女子大学本館,,,,,東京都杉並区善福寺2-6-1,杉並区,13115,登録有形文化財(建造物),建造物,national,,35.71044319,139.59130352,building_direct,building_candidate_point,national,登録有形文化財(建造物),登録有形文化財(建造物),,national,国,registered,登録,tangible,有形文化財,建造物,medium
national,文化庁,国指定文化財等データベース CSV export,official_export_002:344,,13Tokyo/raw/national/official_export_002.csv,東京女子大学6号館(東校舎),,,,,東京都杉並区善福寺2-6-1,杉並区,13115,登録有形文化財(建造物),建造物,national,,35.71009248,139.59174442,building_direct,building_candidate_point,national,登録有形文化財(建造物),登録有形文化財(建造物),,national,国,registered,登録,tangible,有形文化財,建造物,medium
national,文化庁,国指定文化財等データベース CSV export,official_export_002:345,,13Tokyo/raw/national/official_export_002.csv,東京水産大学雲鷹丸,,,,,東京都港区港南4-5-7,港区,13103,登録有形文化財(建造物),建造物,national,,35.62512542,139.74919461,building_direct,building_candidate_point,national,登録有形文化財(建造物),登録有形文化財(建造物),,national,国,registered,登録,tangible,有形文化財,建造物,medium
national,文化庁,国指定文化財等データベース CSV export,official_export_002:346,,13Tokyo/raw/national/official_export_002.csv,東京大学教養学部旧第一高等学校本館(時計台),,,,,東京都目黒区駒場3-8,目黒区,13110,登録有形文化財(建造物),建造物,national,,35.66001254,139.68493528,building_direct,building_candidate_point,national,登録有形文化財(建造物),登録有形文化財(建造物),,national,国,registered,登録,tangible,有形文化財,建造物,medium
national,文化庁,国指定文化財等データベース CSV export,official_export_002:347,,13Tokyo/raw/national/official_export_002.csv,東京大学工学部1号館,,,,,東京都文京区本郷7-3-1,文京区,13105,登録有形文化財(建造物),建造物,national,,35.71430893,139.7600506,building_direct,building_candidate_point,national,登録有形文化財(建造物),登録有形文化財(建造物),,national,国,registered,登録,tangible,有形文化財,建造物,medium
national,文化庁,国指定文化財等データベース CSV export,official_export_002:348,,13Tokyo/raw/national/official_export_002.csv,東京大学工学部列品館,,,,,東京都文京区本郷7-3-1,文京区,13105,登録有形文化財(建造物),建造物,national,,35.71325355,139.7600539,building_direct,building_candidate_point,national,登録有形文化財(建造物),登録有形文化財(建造物),,national,国,registered,登録,tangible,有形文化財,建造物,medium
national,文化庁,国指定文化財等データベース CSV export,official_export_002:349,,13Tokyo/raw/national/official_export_002.csv,東京大学先端科学技術研究センター十三号館(旧東京帝国大学航空研究所本館),,,,,東京都目黒区駒場4-5,目黒区,13110,登録有形文化財(建造物),建造物,national,,35.66283238,139.67738869,building_direct,building_candidate_point,national,登録有形文化財(建造物),登録有形文化財(建造物),,national,国,registered,登録,tangible,有形文化財,建造物,medium
national,文化庁,国指定文化財等データベース CSV export,official_export_002:350,,13Tokyo/raw/national/official_export_002.csv,東京大学大講堂(安田講堂),,,,,東京都文京区本郷7-3-1,文京区,13105,登録有形文化財(建造物),建造物,national,,35.71342334,139.76229586,building_direct,building_candidate_point,national,登録有形文化財(建造物),登録有形文化財(建造物),,national,国,registered,登録,tangible,有形文化財,建造物,medium
national,文化庁,国指定文化財等データベース CSV export,official_export_002:351,,13Tokyo/raw/national/official_export_002.csv,東京大学法学部3号館,,,,,東京都文京区本郷7-3-1,文京区,13105,登録有形文化財(建造物),建造物,national,,35.71262797,139.76025705,building_direct,building_candidate_point,national,登録有形文化財(建造物),登録有形文化財(建造物),,national,国,registered,登録,tangible,有形文化財,建造物,medium
national,文化庁,国指定文化財等データベース CSV export,official_export_002:352,,13Tokyo/raw/national/official_export_002.csv,東京大学法文1号館,,,,,東京都文京区本郷7-3-1,文京区,13105,登録有形文化財(建造物),建造物,national,,35.71353323,139.76134764,building_direct,building_candidate_point,national,登録有形文化財(建造物),登録有形文化財(建造物),,national,国,registered,登録,tangible,有形文化財,建造物,medium
national,文化庁,国指定文化財等データベース CSV export,official_export_002:353,,13Tokyo/raw/national/official_export_002.csv,東京大学法文2号館,,,,,東京都文京区本郷7-3-1,文京区,13105,登録有形文化財(建造物),建造物,national,,35.71302707,139.76144415,building_direct,building_candidate_point,national,登録有形文化財(建造物),登録有形文化財(建造物),,national,国,registered,登録,tangible,有形文化財,建造物,medium
national,文化庁,国指定文化財等データベース CSV export,official_export_002:354,,13Tokyo/raw/national/official_export_002.csv,東京大学本郷正門及び門衛所,,,,,東京都文京区本郷7-3-1,文京区,13105,登録有形文化財(建造物),建造物,national,,35.71294276,139.75966356,building_direct,building_candidate_point,national,登録有形文化財(建造物),登録有形文化財(建造物),,national,国,registered,登録,tangible,有形文化財,建造物,medium
national,文化庁,国指定文化財等データベース CSV export,official_export_002:355,,13Tokyo/raw/national/official_export_002.csv,東京大学野球場観覧席・ダッグアウト及びフェンス,,,,,東京都文京区弥生1-1-1,文京区,13105,登録有形文化財(建造物),建造物,national,,35.71880215,139.76050338,building_direct,building_candidate_point,national,登録有形文化財(建造物),登録有形文化財(建造物),,national,国,registered,登録,tangible,有形文化財,建造物,medium
national,文化庁,国指定文化財等データベース CSV export,official_export_002:356,,13Tokyo/raw/national/official_export_002.csv,東京タワー,,,,,東京都港区芝公園4-407-6,港区,13103,登録有形文化財(建造物),建造物,national,,35.65857144,139.74544621,building_direct,building_candidate_point,national,登録有形文化財(建造物),登録有形文化財(建造物),,national,国,registered,登録,tangible,有形文化財,建造物,medium
national,文化庁,国指定文化財等データベース CSV export,official_export_002:357,,13Tokyo/raw/national/official_export_002.csv,東京地下鉄銀座線浅草駅四番出入口上家,,,,,東京都台東区雷門二丁目8地先,台東区,13106,登録有形文化財(建造物),建造物,national,,35.71050833,139.797875,building_direct,building_candidate_point,national,登録有形文化財(建造物),登録有形文化財(建造物),,national,国,registered,登録,tangible,有形文化財,建造物,medium
national,文化庁,国指定文化財等データベース CSV export,official_export_002:358,,13Tokyo/raw/national/official_export_002.csv,東京地下鉄丸ノ内線御茶ノ水駅出入口上家,,,,,東京都文京区湯島一丁目211,文京区,13105,登録有形文化財(建造物),建造物,national,,35.700375,139.76417222,building_direct,building_candidate_point,national,登録有形文化財(建造物),登録有形文化財(建造物),,national,国,registered,登録,tangible,有形文化財,建造物,medium
national,文化庁,国指定文化財等データベース CSV export,official_export_002:359,,13Tokyo/raw/national/official_export_002.csv,東京地下鉄丸ノ内線御茶ノ水橋梁,,,,,東京都千代田区神田駿河台四丁目8地先~文京区湯島一丁目4地先,千代田区,13101,登録有形文化財(建造物),建造物,national,,35.70016667,139.76758333,building_direct,building_candidate_point,national,登録有形文化財(建造物),登録有形文化財(建造物),,national,国,registered,登録,tangible,有形文化財,建造物,medium
national,文化庁,国指定文化財等データベース CSV export,official_export_002:360,,13Tokyo/raw/national/official_export_002.csv,東京地下鉄丸ノ内線四ツ谷跨線橋,,,,,東京都千代田区麹町六丁目5地先~新宿区四谷一丁目25地先,千代田区,13101,登録有形文化財(建造物),建造物,national,,35.68466944,139.72996389,building_direct,building_candidate_point,national,登録有形文化財(建造物),登録有形文化財(建造物),,national,国,registered,登録,tangible,有形文化財,建造物,medium
national,文化庁,国指定文化財等データベース CSV export,official_export_002:361,,13Tokyo/raw/national/official_export_002.csv,東京農工大学農学部本館,,,,,東京都府中市幸町3-5-8,府中市,13206,登録有形文化財(建造物),建造物,national,,35.68421261,139.48125327,building_direct,building_candidate_point,national,登録有形文化財(建造物),登録有形文化財(建造物),,national,国,registered,登録,tangible,有形文化財,建造物,medium
national,文化庁,国指定文化財等データベース CSV export,official_export_002:362,,13Tokyo/raw/national/official_export_002.csv,東京文化財研究所黒田記念館書庫,,,,,東京都台東区上野公園12-53,台東区,13106,登録有形文化財(建造物),建造物,national,,35.719067,139.773453,building_direct,building_candidate_point,national,登録有形文化財(建造物),登録有形文化財(建造物),,national,国,registered,登録,tangible,有形文化財,建造物,medium
national,文化庁,国指定文化財等データベース CSV export,official_export_002:363,,13Tokyo/raw/national/official_export_002.csv,東京文化財研究所黒田記念館本館,,,,,東京都台東区上野公園12-53,台東区,13106,登録有形文化財(建造物),建造物,national,,35.71893524,139.7733612,building_direct,building_candidate_point,national,登録有形文化財(建造物),登録有形文化財(建造物),,national,国,registered,登録,tangible,有形文化財,建造物,medium
national,文化庁,国指定文化財等データベース CSV export,official_export_002:364,,13Tokyo/raw/national/official_export_002.csv,冨澤家住宅主屋,,,,,東京都足立区柳原一丁目21-2,足立区,13121,登録有形文化財(建造物),建造物,national,,35.74525,139.81479167,building_direct,building_candidate_point,national,登録有形文化財(建造物),登録有形文化財(建造物),,national,国,registered,登録,tangible,有形文化財,建造物,medium
national,文化庁,国指定文化財等データベース CSV export,official_export_002:365,,13Tokyo/raw/national/official_export_002.csv,虎ノ門大坂屋砂場店舗,,,,,東京都港区虎ノ門1-21,港区,13103,登録有形文化財(建造物),建造物,national,,35.66822157,139.75069123,building_direct,building_candidate_point,national,登録有形文化財(建造物),登録有形文化財(建造物),,national,国,registered,登録,tangible,有形文化財,建造物,medium
national,文化庁,国指定文化財等データベース CSV export,official_export_002:366,,13Tokyo/raw/national/official_export_002.csv,鳥海家住宅主屋,,,,,東京都大田区東矢口1-3-11,大田区,13111,登録有形文化財(建造物),建造物,national,,35.567135,139.705719,building_direct,building_candidate_point,national,登録有形文化財(建造物),登録有形文化財(建造物),,national,国,registered,登録,tangible,有形文化財,建造物,medium
national,文化庁,国指定文化財等データベース CSV export,official_export_002:367,,13Tokyo/raw/national/official_export_002.csv,中江店舗,,,,,東京都台東区日本堤1-208-3,台東区,13106,登録有形文化財(建造物),建造物,national,,35.725135,139.79704591,building_direct,building_candidate_point,national,登録有形文化財(建造物),登録有形文化財(建造物),,national,国,registered,登録,tangible,有形文化財,建造物,medium
national,文化庁,国指定文化財等データベース CSV export,official_export_002:368,,13Tokyo/raw/national/official_export_002.csv,中島家住宅主屋,,,,,東京都三鷹市上連雀5-7-3,三鷹市,13204,登録有形文化財(建造物),建造物,national,,35.694817,139.553528,building_direct,building_candidate_point,national,登録有形文化財(建造物),登録有形文化財(建造物),,national,国,registered,登録,tangible,有形文化財,建造物,medium
national,文化庁,国指定文化財等データベース CSV export,official_export_002:369,,13Tokyo/raw/national/official_export_002.csv,中野家住宅蔵,,,,,東京都立川市柏町3-8-2,立川市,13202,登録有形文化財(建造物),建造物,national,,35.72349434,139.41690641,building_direct,building_candidate_point,national,登録有形文化財(建造物),登録有形文化財(建造物),,national,国,registered,登録,tangible,有形文化財,建造物,medium
national,文化庁,国指定文化財等データベース CSV export,official_export_002:370,,13Tokyo/raw/national/official_export_002.csv,中野家住宅主屋,,,,,東京都立川市柏町3-8-1,立川市,13202,登録有形文化財(建造物),建造物,national,,35.72340955,139.41703469,building_direct,building_candidate_point,national,登録有形文化財(建造物),登録有形文化財(建造物),,national,国,registered,登録,tangible,有形文化財,建造物,medium
national,文化庁,国指定文化財等データベース CSV export,official_export_002:371,,13Tokyo/raw/national/official_export_002.csv,長濱家住宅主屋,,,,,東京都品川区平塚一丁目584,品川区,13109,登録有形文化財(建造物),建造物,national,,35.616225,139.71604444,building_direct,building_candidate_point,national,登録有形文化財(建造物),登録有形文化財(建造物),,national,国,registered,登録,tangible,有形文化財,建造物,medium
national,文化庁,国指定文化財等データベース CSV export,official_export_002:372,,13Tokyo/raw/national/official_export_002.csv,長濱家住宅門,,,,,東京都品川区平塚一丁目584,品川区,13109,登録有形文化財(建造物),建造物,national,,35.616225,139.71604444,building_direct,building_candidate_point,national,登録有形文化財(建造物),登録有形文化財(建造物),,national,国,registered,登録,tangible,有形文化財,建造物,medium
national,文化庁,国指定文化財等データベース CSV export,official_export_002:373,,13Tokyo/raw/national/official_export_002.csv,中村家住宅主屋,,,,,東京都西多摩郡檜原村2478,檜原村,13307,登録有形文化財(建造物),建造物,national,,35.72668808,139.04911651,building_direct,building_candidate_point,national,登録有形文化財(建造物),登録有形文化財(建造物),,national,国,registered,登録,tangible,有形文化財,建造物,medium
national,文化庁,国指定文化財等データベース CSV export,official_export_002:374,,13Tokyo/raw/national/official_export_002.csv,中村家住宅洋館,,,,,東京都中野区中野1-31-1,中野区,13114,登録有形文化財(建造物),建造物,national,,35.70426884,139.67267492,building_direct,building_candidate_point,national,登録有形文化財(建造物),登録有形文化財(建造物),,national,国,registered,登録,tangible,有形文化財,建造物,medium
national,文化庁,国指定文化財等データベース CSV export,official_export_002:375,,13Tokyo/raw/national/official_export_002.csv,並木ハウス,,,,,東京都豊島区雑司が谷三丁目32-1,豊島区,13116,登録有形文化財(建造物),建造物,national,,35.72113333,139.714825,building_direct,building_candidate_point,national,登録有形文化財(建造物),登録有形文化財(建造物),,national,国,registered,登録,tangible,有形文化財,建造物,medium
national,文化庁,国指定文化財等データベース CSV export,official_export_002:376,,13Tokyo/raw/national/official_export_002.csv,難波商店店舗兼主屋,,,,,東京都台東区寿二丁目6-4他,台東区,13106,登録有形文化財(建造物),建造物,national,,35.709931,139.789103,building_direct,building_candidate_point,national,登録有形文化財(建造物),登録有形文化財(建造物),,national,国,registered,登録,tangible,有形文化財,建造物,medium
national,文化庁,国指定文化財等データベース CSV export,official_export_002:377,,13Tokyo/raw/national/official_export_002.csv,西川家旧別邸蔵,,,,,東京都昭島市中神町二丁目15-3他,昭島市,13207,登録有形文化財(建造物),建造物,national,,35.700808,139.374743,building_direct,building_candidate_point,national,登録有形文化財(建造物),登録有形文化財(建造物),,national,国,registered,登録,tangible,有形文化財,建造物,medium
national,文化庁,国指定文化財等データベース CSV export,official_export_002:378,,13Tokyo/raw/national/official_export_002.csv,日本学園一号館,,,,,東京都世田谷区松原2-735-3他,世田谷区,13112,登録有形文化財(建造物),建造物,national,,35.66510615,139.64897741,building_direct,building_candidate_point,national,登録有形文化財(建造物),登録有形文化財(建造物),,national,国,registered,登録,tangible,有形文化財,建造物,medium
national,文化庁,国指定文化財等データベース CSV export,official_export_002:379,,13Tokyo/raw/national/official_export_002.csv,日本基督教団根津教会,,,,,東京都文京区根津1-19-6,文京区,13105,登録有形文化財(建造物),建造物,national,,35.719143,139.762894,building_direct,building_candidate_point,national,登録有形文化財(建造物),登録有形文化財(建造物),,national,国,registered,登録,tangible,有形文化財,建造物,medium
national,文化庁,国指定文化財等データベース CSV export,official_export_002:380,,13Tokyo/raw/national/official_export_002.csv,日本基督教団根津教会門及び塀,,,,,東京都文京区根津1-19-6,文京区,13105,登録有形文化財(建造物),建造物,national,,35.71923437,139.76288307,building_direct,building_candidate_point,national,登録有形文化財(建造物),登録有形文化財(建造物),,national,国,registered,登録,tangible,有形文化財,建造物,medium
national,文化庁,国指定文化財等データベース CSV export,official_export_002:381,,13Tokyo/raw/national/official_export_002.csv,日本基督教団富士見丘教会,,,,,東京都世田谷区代沢2-32-2,世田谷区,13112,登録有形文化財(建造物),建造物,national,,35.65920128,139.67025628,building_direct,building_candidate_point,national,登録有形文化財(建造物),登録有形文化財(建造物),,national,国,registered,登録,tangible,有形文化財,建造物,medium
national,文化庁,国指定文化財等データベース CSV export,official_export_002:382,,13Tokyo/raw/national/official_export_002.csv,日本基督教団本郷中央教会,,,,,東京都文京区本郷3-37-9,文京区,13105,登録有形文化財(建造物),建造物,national,,35.70733133,139.76238566,building_direct,building_candidate_point,national,登録有形文化財(建造物),登録有形文化財(建造物),,national,国,registered,登録,tangible,有形文化財,建造物,medium
national,文化庁,国指定文化財等データベース CSV export,official_export_002:383,,13Tokyo/raw/national/official_export_002.csv,日本基督教団弓町本郷教会,,,,,東京都文京区本郷二丁目132-1,文京区,13105,登録有形文化財(建造物),建造物,national,,35.70678056,139.75744444,building_direct,building_candidate_point,national,登録有形文化財(建造物),登録有形文化財(建造物),,national,国,registered,登録,tangible,有形文化財,建造物,medium
national,文化庁,国指定文化財等データベース CSV export,official_export_002:384,,13Tokyo/raw/national/official_export_002.csv,日本工業倶楽部会館,,,,,東京都千代田区丸の内1-4-6,千代田区,13101,登録有形文化財(建造物),建造物,national,,35.68334265,139.76480432,building_direct,building_candidate_point,national,登録有形文化財(建造物),登録有形文化財(建造物),,national,国,registered,登録,tangible,有形文化財,建造物,medium
national,文化庁,国指定文化財等データベース CSV export,official_export_002:385,,13Tokyo/raw/national/official_export_002.csv,日本聖公会浅草聖ヨハネ教会,,,,,東京都台東区蔵前2-22-2他,台東区,13106,登録有形文化財(建造物),建造物,national,,35.70364,139.792252,building_direct,building_candidate_point,national,登録有形文化財(建造物),登録有形文化財(建造物),,national,国,registered,登録,tangible,有形文化財,建造物,medium
national,文化庁,国指定文化財等データベース CSV export,official_export_002:386,,13Tokyo/raw/national/official_export_002.csv,日本聖公会東京教区東京聖十字教会聖堂,,,,,東京都世田谷区若林四丁目220-5,世田谷区,13112,登録有形文化財(建造物),建造物,national,,35.644875,139.65669167,building_direct,building_candidate_point,national,登録有形文化財(建造物),登録有形文化財(建造物),,national,国,registered,登録,tangible,有形文化財,建造物,medium
national,文化庁,国指定文化財等データベース CSV export,official_export_002:387,,13Tokyo/raw/national/official_export_002.csv,日本聖公会東京教区東京諸聖徒教会礼拝堂,,,,,東京都文京区千石2-18-4,文京区,13105,登録有形文化財(建造物),建造物,national,,35.72389335,139.73908207,building_direct,building_candidate_point,national,登録有形文化財(建造物),登録有形文化財(建造物),,national,国,registered,登録,tangible,有形文化財,建造物,medium
national,文化庁,国指定文化財等データベース CSV export,official_export_002:388,,13Tokyo/raw/national/official_export_002.csv,日本バプテストキリスト教目白ヶ丘教会礼拝堂,,,,,東京都新宿区下落合2-416-3他,新宿区,13104,登録有形文化財(建造物),建造物,national,,35.71916051,139.70410665,building_direct,building_candidate_point,national,登録有形文化財(建造物),登録有形文化財(建造物),,national,国,registered,登録,tangible,有形文化財,建造物,medium
national,文化庁,国指定文化財等データベース CSV export,official_export_002:389,,13Tokyo/raw/national/official_export_002.csv,萩原家住宅,,,,,東京都世田谷区三宿1-15-2,世田谷区,13112,登録有形文化財(建造物),建造物,national,,35.64760434,139.67538017,building_direct,building_candidate_point,national,登録有形文化財(建造物),登録有形文化財(建造物),,national,国,registered,登録,tangible,有形文化財,建造物,medium
national,文化庁,国指定文化財等データベース CSV export,official_export_002:390,,13Tokyo/raw/national/official_export_002.csv,橋本家住宅,,,,,東京都文京区西片2-8-11,文京区,13105,登録有形文化財(建造物),建造物,national,,35.71591085,139.75469251,building_direct,building_candidate_point,national,登録有形文化財(建造物),登録有形文化財(建造物),,national,国,registered,登録,tangible,有形文化財,建造物,medium
national,文化庁,国指定文化財等データベース CSV export,official_export_002:391,,13Tokyo/raw/national/official_export_002.csv,長谷川家住宅,,,,,東京都世田谷区代田6-5-11,世田谷区,13112,登録有形文化財(建造物),建造物,national,,35.66289276,139.66396314,building_direct,building_candidate_point,national,登録有形文化財(建造物),登録有形文化財(建造物),,national,国,registered,登録,tangible,有形文化財,建造物,medium
national,文化庁,国指定文化財等データベース CSV export,official_export_002:392,,13Tokyo/raw/national/official_export_002.csv,旗岡八幡神社絵馬殿,,,,,東京都品川区旗の台3-852-1,品川区,13109,登録有形文化財(建造物),建造物,national,,35.60452176,139.70834262,building_direct,building_candidate_point,national,登録有形文化財(建造物),登録有形文化財(建造物),,national,国,registered,登録,tangible,有形文化財,建造物,medium
national,文化庁,国指定文化財等データベース CSV export,official_export_002:393,,13Tokyo/raw/national/official_export_002.csv,八丈島歴史民俗資料館(旧八丈支庁庁舎),,,,,東京都八丈町大賀郷1186,八丈町,13401,登録有形文化財(建造物),建造物,national,,33.10230834,139.78591317,building_direct,building_candidate_point,national,登録有形文化財(建造物),登録有形文化財(建造物),,national,国,registered,登録,tangible,有形文化財,建造物,medium
national,文化庁,国指定文化財等データベース CSV export,official_export_002:394,,13Tokyo/raw/national/official_export_002.csv,花重店舗,,,,,東京都台東区谷中七丁目311,台東区,13106,登録有形文化財(建造物),建造物,national,,35.72359807,139.77017466,building_direct,building_candidate_point,national,登録有形文化財(建造物),登録有形文化財(建造物),,national,国,registered,登録,tangible,有形文化財,建造物,medium
national,文化庁,国指定文化財等データベース CSV export,official_export_002:395,,13Tokyo/raw/national/official_export_002.csv,濵家住宅西洋館,,,,,東京都武蔵野市吉祥寺北町三丁目952-614,武蔵野市,13203,登録有形文化財(建造物),建造物,national,,35.71375759,139.57144663,building_direct,building_candidate_point,national,登録有形文化財(建造物),登録有形文化財(建造物),,national,国,registered,登録,tangible,有形文化財,建造物,medium
national,文化庁,国指定文化財等データベース CSV export,official_export_002:396,,13Tokyo/raw/national/official_export_002.csv,ハリオグラスビル,,,,,東京都中央区日本橋富沢町9-3,中央区,13102,登録有形文化財(建造物),建造物,national,,35.68887617,139.78190196,building_direct,building_candidate_point,national,登録有形文化財(建造物),登録有形文化財(建造物),,national,国,registered,登録,tangible,有形文化財,建造物,medium
national,文化庁,国指定文化財等データベース CSV export,official_export_002:397,,13Tokyo/raw/national/official_export_002.csv,はん亭,,,,,東京都文京区根津2-12-15,文京区,13105,登録有形文化財(建造物),建造物,national,,35.71732631,139.76611242,building_direct,building_candidate_point,national,登録有形文化財(建造物),登録有形文化財(建造物),,national,国,registered,登録,tangible,有形文化財,建造物,medium
national,文化庁,国指定文化財等データベース CSV export,official_export_002:398,,13Tokyo/raw/national/official_export_002.csv,ビストロOJI(末光家住宅),,,,,東京都杉並区上荻2-178,杉並区,13115,登録有形文化財(建造物),建造物,national,,35.7071633,139.61120312,building_direct,building_candidate_point,national,登録有形文化財(建造物),登録有形文化財(建造物),,national,国,registered,登録,tangible,有形文化財,建造物,medium
national,文化庁,国指定文化財等データベース CSV export,official_export_002:399,,13Tokyo/raw/national/official_export_002.csv,一橋大学兼松講堂,,,,,東京都国立市中2-1,国立市,13215,登録有形文化財(建造物),建造物,national,,35.69501172,139.44537877,building_direct,building_candidate_point,national,登録有形文化財(建造物),登録有形文化財(建造物),,national,国,registered,登録,tangible,有形文化財,建造物,medium
national,文化庁,国指定文化財等データベース CSV export,official_export_002:400,,13Tokyo/raw/national/official_export_002.csv,一橋大学旧門衛所,,,,,東京都国立市中2-1,国立市,13215,登録有形文化財(建造物),建造物,national,,35.694401,139.445984,building_direct,building_candidate_point,national,登録有形文化財(建造物),登録有形文化財(建造物),,national,国,registered,登録,tangible,有形文化財,建造物,medium
national,文化庁,国指定文化財等データベース CSV export,official_export_002:401,,13Tokyo/raw/national/official_export_002.csv,一橋大学東本館,,,,,東京都国立市中2-1,国立市,13215,登録有形文化財(建造物),建造物,national,,35.69557823,139.44787449,building_direct,building_candidate_point,national,登録有形文化財(建造物),登録有形文化財(建造物),,national,国,registered,登録,tangible,有形文化財,建造物,medium
national,文化庁,国指定文化財等データベース CSV export,official_export_002:402,,13Tokyo/raw/national/official_export_002.csv,日野市立中央図書館,,,,,東京都日野市豊田二丁目49-2,日野市,13212,登録有形文化財(建造物),建造物,national,,35.65623694,139.38236694,building_direct,building_candidate_point,national,登録有形文化財(建造物),登録有形文化財(建造物),,national,国,registered,登録,tangible,有形文化財,建造物,medium
national,文化庁,国指定文化財等データベース CSV export,official_export_002:403,,13Tokyo/raw/national/official_export_002.csv,平田家住宅主屋,,,,,東京都世田谷区代田六丁目955-5他,世田谷区,13112,登録有形文化財(建造物),建造物,national,,35.66291111,139.66435833,building_direct,building_candidate_point,national,登録有形文化財(建造物),登録有形文化財(建造物),,national,国,registered,登録,tangible,有形文化財,建造物,medium
national,文化庁,国指定文化財等データベース CSV export,official_export_002:404,,13Tokyo/raw/national/official_export_002.csv,平田家住宅主屋,,,,,東京都足立区西保木間2-1658-1,足立区,13121,登録有形文化財(建造物),建造物,national,,35.80015071,139.79831519,building_direct,building_candidate_point,national,登録有形文化財(建造物),登録有形文化財(建造物),,national,国,registered,登録,tangible,有形文化財,建造物,medium
national,文化庁,国指定文化財等データベース CSV export,official_export_002:405,,13Tokyo/raw/national/official_export_002.csv,平田家住宅門及び塀,,,,,東京都世田谷区代田六丁目955-5他,世田谷区,13112,登録有形文化財(建造物),建造物,national,,35.66282778,139.66446667,building_direct,building_candidate_point,national,登録有形文化財(建造物),登録有形文化財(建造物),,national,国,registered,登録,tangible,有形文化財,建造物,medium
national,文化庁,国指定文化財等データベース CSV export,official_export_002:406,,13Tokyo/raw/national/official_export_002.csv,平野家住宅蔵,,,,,東京都文京区西片2-9-12,文京区,13105,登録有形文化財(建造物),建造物,national,,35.71487566,139.75578358,building_direct,building_candidate_point,national,登録有形文化財(建造物),登録有形文化財(建造物),,national,国,registered,登録,tangible,有形文化財,建造物,medium
national,文化庁,国指定文化財等データベース CSV export,official_export_002:407,,13Tokyo/raw/national/official_export_002.csv,平野家住宅主屋,,,,,東京都文京区西片2-9-12,文京区,13105,登録有形文化財(建造物),建造物,national,,35.71494799,139.75588621,building_direct,building_candidate_point,national,登録有形文化財(建造物),登録有形文化財(建造物),,national,国,registered,登録,tangible,有形文化財,建造物,medium
national,文化庁,国指定文化財等データベース CSV export,official_export_002:408,,13Tokyo/raw/national/official_export_002.csv,平野家住宅茶室,,,,,東京都文京区西片2-9-12,文京区,13105,登録有形文化財(建造物),建造物,national,,35.71488715,139.75596024,building_direct,building_candidate_point,national,登録有形文化財(建造物),登録有形文化財(建造物),,national,国,registered,登録,tangible,有形文化財,建造物,medium
national,文化庁,国指定文化財等データベース CSV export,official_export_002:409,,13Tokyo/raw/national/official_export_002.csv,平野家住宅茶室門,,,,,東京都文京区西片2-9-12,文京区,13105,登録有形文化財(建造物),建造物,national,,35.71490227,139.75610886,building_direct,building_candidate_point,national,登録有形文化財(建造物),登録有形文化財(建造物),,national,国,registered,登録,tangible,有形文化財,建造物,medium
national,文化庁,国指定文化財等データベース CSV export,official_export_002:410,,13Tokyo/raw/national/official_export_002.csv,平野家住宅門,,,,,東京都文京区西片2-9-12,文京区,13105,登録有形文化財(建造物),建造物,national,,35.71503069,139.75605778,building_direct,building_candidate_point,national,登録有形文化財(建造物),登録有形文化財(建造物),,national,国,registered,登録,tangible,有形文化財,建造物,medium
national,文化庁,国指定文化財等データベース CSV export,official_export_002:411,,13Tokyo/raw/national/official_export_002.csv,平野家住宅洋館,,,,,東京都文京区西片2-9-12,文京区,13105,登録有形文化財(建造物),建造物,national,,35.71503062,139.75598665,building_direct,building_candidate_point,national,登録有形文化財(建造物),登録有形文化財(建造物),,national,国,registered,登録,tangible,有形文化財,建造物,medium
national,文化庁,国指定文化財等データベース CSV export,official_export_002:412,,13Tokyo/raw/national/official_export_002.csv,淵川家住宅主屋,,,,,東京都杉並区松庵3-101-34,杉並区,13115,登録有形文化財(建造物),建造物,national,,35.7014213,139.59409103,building_direct,building_candidate_point,national,登録有形文化財(建造物),登録有形文化財(建造物),,national,国,registered,登録,tangible,有形文化財,建造物,medium
national,文化庁,国指定文化財等データベース CSV export,official_export_002:413,,13Tokyo/raw/national/official_export_002.csv,ブルーボックスハウス,,,,,東京都世田谷区上野毛二丁目95-1他,世田谷区,13112,登録有形文化財(建造物),建造物,national,,35.60824167,139.63723889,building_direct,building_candidate_point,national,登録有形文化財(建造物),登録有形文化財(建造物),,national,国,registered,登録,tangible,有形文化財,建造物,medium
national,文化庁,国指定文化財等データベース CSV export,official_export_002:414,,13Tokyo/raw/national/official_export_002.csv,鳳明館本館,,,,,東京都文京区本郷五丁目426他,文京区,13105,登録有形文化財(建造物),建造物,national,,35.71120335,139.75626941,building_direct,building_candidate_point,national,登録有形文化財(建造物),登録有形文化財(建造物),,national,国,registered,登録,tangible,有形文化財,建造物,medium
national,文化庁,国指定文化財等データベース CSV export,official_export_002:415,,13Tokyo/raw/national/official_export_002.csv,堀商店,,,,,東京都港区新橋2-5-2,港区,13103,登録有形文化財(建造物),建造物,national,,35.66794918,139.75614879,building_direct,building_candidate_point,national,登録有形文化財(建造物),登録有形文化財(建造物),,national,国,registered,登録,tangible,有形文化財,建造物,medium
national,文化庁,国指定文化財等データベース CSV export,official_export_002:416,,13Tokyo/raw/national/official_export_002.csv,前田家住宅外便所,,,,,東京都新島村本村2-3-17,新島村,13363,登録有形文化財(建造物),建造物,national,,34.37862129,139.25505276,building_direct,building_candidate_point,national,登録有形文化財(建造物),登録有形文化財(建造物),,national,国,registered,登録,tangible,有形文化財,建造物,medium
national,文化庁,国指定文化財等データベース CSV export,official_export_002:417,,13Tokyo/raw/national/official_export_002.csv,真木家住宅日本館,,,,,東京都調布市上石原2-48-4,調布市,13208,登録有形文化財(建造物),建造物,national,,35.65344369,139.52752772,building_direct,building_candidate_point,national,登録有形文化財(建造物),登録有形文化財(建造物),,national,国,registered,登録,tangible,有形文化財,建造物,medium
national,文化庁,国指定文化財等データベース CSV export,official_export_002:418,,13Tokyo/raw/national/official_export_002.csv,真木家住宅洋館,,,,,東京都調布市上石原二丁目48-21,調布市,13208,登録有形文化財(建造物),建造物,national,,35.65353245,139.52738048,building_direct,building_candidate_point,national,登録有形文化財(建造物),登録有形文化財(建造物),,national,国,registered,登録,tangible,有形文化財,建造物,medium
national,文化庁,国指定文化財等データベース CSV export,official_export_002:419,,13Tokyo/raw/national/official_export_002.csv,松井家住宅表門及び塀,,,,,東京都文京区西片二丁目10-65,文京区,13105,登録有形文化財(建造物),建造物,national,,35.71401667,139.75489167,building_direct,building_candidate_point,national,登録有形文化財(建造物),登録有形文化財(建造物),,national,国,registered,登録,tangible,有形文化財,建造物,medium
national,文化庁,国指定文化財等データベース CSV export,official_export_002:420,,13Tokyo/raw/national/official_export_002.csv,松井家住宅主屋,,,,,東京都文京区西片二丁目10-6,文京区,13105,登録有形文化財(建造物),建造物,national,,35.71409722,139.75494722,building_direct,building_candidate_point,national,登録有形文化財(建造物),登録有形文化財(建造物),,national,国,registered,登録,tangible,有形文化財,建造物,medium
national,文化庁,国指定文化財等データベース CSV export,official_export_002:421,,13Tokyo/raw/national/official_export_002.csv,松井家住宅蔵,,,,,東京都文京区西片二丁目10-6,文京区,13105,登録有形文化財(建造物),建造物,national,,35.71417778,139.75486111,building_direct,building_candidate_point,national,登録有形文化財(建造物),登録有形文化財(建造物),,national,国,registered,登録,tangible,有形文化財,建造物,medium
national,文化庁,国指定文化財等データベース CSV export,official_export_002:422,,13Tokyo/raw/national/official_export_002.csv,松本家住宅主屋,,,,,東京都千代田区神田多町2-9,千代田区,13101,登録有形文化財(建造物),建造物,national,,35.69429638,139.76894818,building_direct,building_candidate_point,national,登録有形文化財(建造物),登録有形文化財(建造物),,national,国,registered,登録,tangible,有形文化財,建造物,medium
national,文化庁,国指定文化財等データベース CSV export,official_export_002:423,,13Tokyo/raw/national/official_export_002.csv,繭山龍泉堂店舗,,,,,東京都中央区京橋二丁目5-60他,中央区,13102,登録有形文化財(建造物),建造物,national,,35.67613889,139.77125278,building_direct,building_candidate_point,national,登録有形文化財(建造物),登録有形文化財(建造物),,national,国,registered,登録,tangible,有形文化財,建造物,medium
national,文化庁,国指定文化財等データベース CSV export,official_export_002:424,,13Tokyo/raw/national/official_export_002.csv,三岸家住宅アトリエ,,,,,東京都中野区上鷺宮2-407,中野区,13114,登録有形文化財(建造物),建造物,national,,35.727047,139.636561,building_direct,building_candidate_point,national,登録有形文化財(建造物),登録有形文化財(建造物),,national,国,registered,登録,tangible,有形文化財,建造物,medium
national,文化庁,国指定文化財等データベース CSV export,official_export_002:425,,13Tokyo/raw/national/official_export_002.csv,三菱電機高輪荘蔵,,,,,東京都港区白金台2-6-11,港区,13103,登録有形文化財(建造物),建造物,national,,35.63584262,139.73043245,building_direct,building_candidate_point,national,登録有形文化財(建造物),登録有形文化財(建造物),,national,国,registered,登録,tangible,有形文化財,建造物,medium
national,文化庁,国指定文化財等データベース CSV export,official_export_002:426,,13Tokyo/raw/national/official_export_002.csv,三菱電機高輪荘主屋,,,,,東京都港区白金台2-6-11,港区,13103,登録有形文化財(建造物),建造物,national,,35.6357919,139.73067507,building_direct,building_candidate_point,national,登録有形文化財(建造物),登録有形文化財(建造物),,national,国,registered,登録,tangible,有形文化財,建造物,medium
national,文化庁,国指定文化財等データベース CSV export,official_export_002:427,,13Tokyo/raw/national/official_export_002.csv,三菱電機高輪荘洋館,,,,,東京都港区白金台2-6-11,港区,13103,登録有形文化財(建造物),建造物,national,,35.63574445,139.73041514,building_direct,building_candidate_point,national,登録有形文化財(建造物),登録有形文化財(建造物),,national,国,registered,登録,tangible,有形文化財,建造物,medium
national,文化庁,国指定文化財等データベース CSV export,official_export_002:428,,13Tokyo/raw/national/official_export_002.csv,水口家住宅洋館,,,,,東京都杉並区松庵3-35-1,杉並区,13115,登録有形文化財(建造物),建造物,national,,35.7013589,139.59735345,building_direct,building_candidate_point,national,登録有形文化財(建造物),登録有形文化財(建造物),,national,国,registered,登録,tangible,有形文化財,建造物,medium
national,文化庁,国指定文化財等データベース CSV export,official_export_002:429,,13Tokyo/raw/national/official_export_002.csv,峯岸家住宅主屋,,,,,東京都西多摩郡檜原村4959,檜原村,13307,登録有形文化財(建造物),建造物,national,,35.75039,139.081177,building_direct,building_candidate_point,national,登録有形文化財(建造物),登録有形文化財(建造物),,national,国,registered,登録,tangible,有形文化財,建造物,medium
national,文化庁,国指定文化財等データベース CSV export,official_export_002:430,,13Tokyo/raw/national/official_export_002.csv,三橋家住宅主屋,,,,,東京都大田区久が原6-6-4,大田区,13111,登録有形文化財(建造物),建造物,national,,35.57639443,139.69160578,building_direct,building_candidate_point,national,登録有形文化財(建造物),登録有形文化財(建造物),,national,国,registered,登録,tangible,有形文化財,建造物,medium
national,文化庁,国指定文化財等データベース CSV export,official_export_002:431,,13Tokyo/raw/national/official_export_002.csv,宮川家住宅主屋,,,,,東京都羽村市羽加美4-6-23,羽村市,13227,登録有形文化財(建造物),建造物,national,,35.762524,139.29808,building_direct,building_candidate_point,national,登録有形文化財(建造物),登録有形文化財(建造物),,national,国,registered,登録,tangible,有形文化財,建造物,medium
national,文化庁,国指定文化財等データベース CSV export,official_export_002:432,,13Tokyo/raw/national/official_export_002.csv,宮川家住宅納屋,,,,,東京都羽村市羽加美4-6-23,羽村市,13227,登録有形文化財(建造物),建造物,national,,35.762501,139.297974,building_direct,building_candidate_point,national,登録有形文化財(建造物),登録有形文化財(建造物),,national,国,registered,登録,tangible,有形文化財,建造物,medium
national,文化庁,国指定文化財等データベース CSV export,official_export_002:433,,13Tokyo/raw/national/official_export_002.csv,宮城道雄記念館検校の間,,,,,東京都新宿区中町34-1,新宿区,13104,登録有形文化財(建造物),建造物,national,,35.69981057,139.73650937,building_direct,building_candidate_point,national,登録有形文化財(建造物),登録有形文化財(建造物),,national,国,registered,登録,tangible,有形文化財,建造物,medium
national,文化庁,国指定文化財等データベース CSV export,official_export_002:434,,13Tokyo/raw/national/official_export_002.csv,ミュージアム1999(旧千葉常五郎邸),,,,,東京都渋谷区渋谷四丁目107-4,渋谷区,13113,登録有形文化財(建造物),建造物,national,,35.65926111,139.71288056,building_direct,building_candidate_point,national,登録有形文化財(建造物),登録有形文化財(建造物),,national,国,registered,登録,tangible,有形文化財,建造物,medium
national,文化庁,国指定文化財等データベース CSV export,official_export_002:435,,13Tokyo/raw/national/official_export_002.csv,妙定院上土蔵,,,,,東京都港区芝公園4-9-8,港区,13103,登録有形文化財(建造物),建造物,national,,35.65396012,139.74683978,building_direct,building_candidate_point,national,登録有形文化財(建造物),登録有形文化財(建造物),,national,国,registered,登録,tangible,有形文化財,建造物,medium
national,文化庁,国指定文化財等データベース CSV export,official_export_002:436,,13Tokyo/raw/national/official_export_002.csv,妙定院熊野堂,,,,,東京都港区芝公園4-9-8,港区,13103,登録有形文化財(建造物),建造物,national,,35.65389289,139.74683122,building_direct,building_candidate_point,national,登録有形文化財(建造物),登録有形文化財(建造物),,national,国,registered,登録,tangible,有形文化財,建造物,medium
national,文化庁,国指定文化財等データベース CSV export,official_export_002:437,,13Tokyo/raw/national/official_export_002.csv,妙福寺祖師堂(旧七面大明神堂),,,,,東京都大田区南千束2-2-7,大田区,13111,登録有形文化財(建造物),建造物,national,,35.60129783,139.69162467,building_direct,building_candidate_point,national,登録有形文化財(建造物),登録有形文化財(建造物),,national,国,registered,登録,tangible,有形文化財,建造物,medium
national,文化庁,国指定文化財等データベース CSV export,official_export_002:438,,13Tokyo/raw/national/official_export_002.csv,村野家住宅穀蔵,,,,,東京都東久留米市柳窪4-283,東久留米市,13222,登録有形文化財(建造物),建造物,national,,35.74695313,139.49018671,building_direct,building_candidate_point,national,登録有形文化財(建造物),登録有形文化財(建造物),,national,国,registered,登録,tangible,有形文化財,建造物,medium
national,文化庁,国指定文化財等データベース CSV export,official_export_002:439,,13Tokyo/raw/national/official_export_002.csv,村野家住宅主屋,,,,,東京都東久留米市柳窪4-283,東久留米市,13222,登録有形文化財(建造物),建造物,national,,35.74722327,139.49013425,building_direct,building_candidate_point,national,登録有形文化財(建造物),登録有形文化財(建造物),,national,国,registered,登録,tangible,有形文化財,建造物,medium
national,文化庁,国指定文化財等データベース CSV export,official_export_002:440,,13Tokyo/raw/national/official_export_002.csv,村野家住宅新蔵,,,,,東京都東久留米市柳窪4-283,東久留米市,13222,登録有形文化財(建造物),建造物,national,,35.74700558,139.49011589,building_direct,building_candidate_point,national,登録有形文化財(建造物),登録有形文化財(建造物),,national,国,registered,登録,tangible,有形文化財,建造物,medium
national,文化庁,国指定文化財等データベース CSV export,official_export_002:441,,13Tokyo/raw/national/official_export_002.csv,村野家住宅中雀門,,,,,東京都東久留米市柳窪4-283,東久留米市,13222,登録有形文化財(建造物),建造物,national,,35.74708951,139.49014212,building_direct,building_candidate_point,national,登録有形文化財(建造物),登録有形文化財(建造物),,national,国,registered,登録,tangible,有形文化財,建造物,medium
national,文化庁,国指定文化財等データベース CSV export,official_export_002:442,,13Tokyo/raw/national/official_export_002.csv,村野家住宅土蔵,,,,,東京都東久留米市柳窪4-283,東久留米市,13222,登録有形文化財(建造物),建造物,national,,35.74724425,139.49001623,building_direct,building_candidate_point,national,登録有形文化財(建造物),登録有形文化財(建造物),,national,国,registered,登録,tangible,有形文化財,建造物,medium
national,文化庁,国指定文化財等データベース CSV export,official_export_002:443,,13Tokyo/raw/national/official_export_002.csv,村野家住宅離れ,,,,,東京都東久留米市柳窪4-283,東久留米市,13222,登録有形文化財(建造物),建造物,national,,35.74707377,139.48991395,building_direct,building_candidate_point,national,登録有形文化財(建造物),登録有形文化財(建造物),,national,国,registered,登録,tangible,有形文化財,建造物,medium
national,文化庁,国指定文化財等データベース CSV export,official_export_002:444,,13Tokyo/raw/national/official_export_002.csv,村野家住宅薬医門,,,,,東京都東久留米市柳窪4-283,東久留米市,13222,登録有形文化財(建造物),建造物,national,,35.74722851,139.49046996,building_direct,building_candidate_point,national,登録有形文化財(建造物),登録有形文化財(建造物),,national,国,registered,登録,tangible,有形文化財,建造物,medium
national,文化庁,国指定文化財等データベース CSV export,official_export_002:445,,13Tokyo/raw/national/official_export_002.csv,森田家住宅板塀,,,,,東京都あきる野市小川字小仲633-1,あきる野市,13228,登録有形文化財(建造物),建造物,national,,35.72098382,139.31612403,building_direct,building_candidate_point,national,登録有形文化財(建造物),登録有形文化財(建造物),,national,国,registered,登録,tangible,有形文化財,建造物,medium
national,文化庁,国指定文化財等データベース CSV export,official_export_002:446,,13Tokyo/raw/national/official_export_002.csv,森田家住宅御看経堂,,,,,東京都あきる野市小川字小仲633-1,あきる野市,13228,登録有形文化財(建造物),建造物,national,,35.7212467,139.31607401,building_direct,building_candidate_point,national,登録有形文化財(建造物),登録有形文化財(建造物),,national,国,registered,登録,tangible,有形文化財,建造物,medium
national,文化庁,国指定文化財等データベース CSV export,official_export_002:447,,13Tokyo/raw/national/official_export_002.csv,森田家住宅旧米蔵,,,,,東京都あきる野市小川字小仲633-4,あきる野市,13228,登録有形文化財(建造物),建造物,national,,35.7214085,139.31628103,building_direct,building_candidate_point,national,登録有形文化財(建造物),登録有形文化財(建造物),,national,国,registered,登録,tangible,有形文化財,建造物,medium
national,文化庁,国指定文化財等データベース CSV export,official_export_002:448,,13Tokyo/raw/national/official_export_002.csv,森田家住宅主屋,,,,,東京都あきる野市小川字小仲633-1,あきる野市,13228,登録有形文化財(建造物),建造物,national,,35.72115152,139.31638096,building_direct,building_candidate_point,national,登録有形文化財(建造物),登録有形文化財(建造物),,national,国,registered,登録,tangible,有形文化財,建造物,medium
national,文化庁,国指定文化財等データベース CSV export,official_export_002:449,,13Tokyo/raw/national/official_export_002.csv,森田家住宅西蔵,,,,,東京都あきる野市小川字小仲633-1,あきる野市,13228,登録有形文化財(建造物),建造物,national,,35.72116342,139.31609543,building_direct,building_candidate_point,national,登録有形文化財(建造物),登録有形文化財(建造物),,national,国,registered,登録,tangible,有形文化財,建造物,medium
national,文化庁,国指定文化財等データベース CSV export,official_export_002:450,,13Tokyo/raw/national/official_export_002.csv,森田家住宅前の蔵,,,,,東京都あきる野市小川字小仲633-1,あきる野市,13228,登録有形文化財(建造物),建造物,national,,35.72089692,139.31649518,building_direct,building_candidate_point,national,登録有形文化財(建造物),登録有形文化財(建造物),,national,国,registered,登録,tangible,有形文化財,建造物,medium
national,文化庁,国指定文化財等データベース CSV export,official_export_002:451,,13Tokyo/raw/national/official_export_002.csv,森田家住宅見世蔵,,,,,東京都あきる野市小川字小仲633-1,あきる野市,13228,登録有形文化財(建造物),建造物,national,,35.72092309,139.3162953,building_direct,building_candidate_point,national,登録有形文化財(建造物),登録有形文化財(建造物),,national,国,registered,登録,tangible,有形文化財,建造物,medium
national,文化庁,国指定文化財等データベース CSV export,official_export_002:452,,13Tokyo/raw/national/official_export_002.csv,森田家住宅味噌蔵,,,,,東京都あきる野市小川字小仲633-1,あきる野市,13228,登録有形文化財(建造物),建造物,national,,35.721004,139.31654039,building_direct,building_candidate_point,national,登録有形文化財(建造物),登録有形文化財(建造物),,national,国,registered,登録,tangible,有形文化財,建造物,medium
national,文化庁,国指定文化財等データベース CSV export,official_export_002:453,,13Tokyo/raw/national/official_export_002.csv,森田家住宅門,,,,,東京都あきる野市小川字小仲633-1,あきる野市,13228,登録有形文化財(建造物),建造物,national,,35.72096592,139.31623344,building_direct,building_candidate_point,national,登録有形文化財(建造物),登録有形文化財(建造物),,national,国,registered,登録,tangible,有形文化財,建造物,medium
national,文化庁,国指定文化財等データベース CSV export,official_export_002:454,,13Tokyo/raw/national/official_export_002.csv,森博士の家,,,,,東京都文京区本駒込一丁目11-51,文京区,13105,登録有形文化財(建造物),建造物,national,,35.726409,139.749772,building_direct,building_candidate_point,national,登録有形文化財(建造物),登録有形文化財(建造物),,national,国,registered,登録,tangible,有形文化財,建造物,medium
national,文化庁,国指定文化財等データベース CSV export,official_export_002:455,,13Tokyo/raw/national/official_export_002.csv,守屋家住宅主屋,,,,,東京都大田区大森北3-22-26,大田区,13111,登録有形文化財(建造物),建造物,national,,35.5825,139.731445,building_direct,building_candidate_point,national,登録有形文化財(建造物),登録有形文化財(建造物),,national,国,registered,登録,tangible,有形文化財,建造物,medium
national,文化庁,国指定文化財等データベース CSV export,official_export_002:456,,13Tokyo/raw/national/official_export_002.csv,安与ビル,,,,,東京都新宿区新宿三丁目114-13,新宿区,13104,登録有形文化財(建造物),建造物,national,,35.69060833,139.70131111,building_direct,building_candidate_point,national,登録有形文化財(建造物),登録有形文化財(建造物),,national,国,registered,登録,tangible,有形文化財,建造物,medium
national,文化庁,国指定文化財等データベース CSV export,official_export_002:457,,13Tokyo/raw/national/official_export_002.csv,柳澤家住宅主屋,,,,,東京都世田谷区大原1-1176,世田谷区,13112,登録有形文化財(建造物),建造物,national,,35.66844272,139.66192562,building_direct,building_candidate_point,national,登録有形文化財(建造物),登録有形文化財(建造物),,national,国,registered,登録,tangible,有形文化財,建造物,medium
national,文化庁,国指定文化財等データベース CSV export,official_export_002:458,,13Tokyo/raw/national/official_export_002.csv,山﨑家住宅主屋,,,,,東京都大田区西嶺町33-9,大田区,13111,登録有形文化財(建造物),建造物,national,,35.58197207,139.67788761,building_direct,building_candidate_point,national,登録有形文化財(建造物),登録有形文化財(建造物),,national,国,registered,登録,tangible,有形文化財,建造物,medium
national,文化庁,国指定文化財等データベース CSV export,official_export_002:459,,13Tokyo/raw/national/official_export_002.csv,山﨑家住宅主屋,,,,,東京都文京区小石川五丁目19-33他,文京区,13105,登録有形文化財(建造物),建造物,national,,35.719345,139.738802,building_direct,building_candidate_point,national,登録有形文化財(建造物),登録有形文化財(建造物),,national,国,registered,登録,tangible,有形文化財,建造物,medium
national,文化庁,国指定文化財等データベース CSV export,official_export_002:460,,13Tokyo/raw/national/official_export_002.csv,山本歯科医院,,,,,東京都千代田区神田須田町1-3-3,千代田区,13101,登録有形文化財(建造物),建造物,national,,35.69608772,139.76918079,building_direct,building_candidate_point,national,登録有形文化財(建造物),登録有形文化財(建造物),,national,国,registered,登録,tangible,有形文化財,建造物,medium
national,文化庁,国指定文化財等データベース CSV export,official_export_002:461,,13Tokyo/raw/national/official_export_002.csv,山脇家住宅表門及び塀,,,,,東京都文京区千駄木三丁目635-10,文京区,13105,登録有形文化財(建造物),建造物,national,,35.72664722,139.76163333,building_direct,building_candidate_point,national,登録有形文化財(建造物),登録有形文化財(建造物),,national,国,registered,登録,tangible,有形文化財,建造物,medium
national,文化庁,国指定文化財等データベース CSV export,official_export_002:462,,13Tokyo/raw/national/official_export_002.csv,山脇家住宅主屋,,,,,東京都文京区千駄木三丁目635-10,文京区,13105,登録有形文化財(建造物),建造物,national,,35.72663611,139.76148333,building_direct,building_candidate_point,national,登録有形文化財(建造物),登録有形文化財(建造物),,national,国,registered,登録,tangible,有形文化財,建造物,medium
national,文化庁,国指定文化財等データベース CSV export,official_export_002:463,,13Tokyo/raw/national/official_export_002.csv,弥生正緑館(渋谷家住宅洋館)主屋,,,,,東京都文京区弥生一丁目2-3,文京区,13105,登録有形文化財(建造物),建造物,national,,35.7193732,139.76032701,building_direct,building_candidate_point,national,登録有形文化財(建造物),登録有形文化財(建造物),,national,国,registered,登録,tangible,有形文化財,建造物,medium
national,文化庁,国指定文化財等データベース CSV export,official_export_002:464,,13Tokyo/raw/national/official_export_002.csv,弥生正緑館(渋谷家住宅洋館)庭門,,,,,東京都文京区弥生一丁目2-3,文京区,13105,登録有形文化財(建造物),建造物,national,,35.71923694,139.76044125,building_direct,building_candidate_point,national,登録有形文化財(建造物),登録有形文化財(建造物),,national,国,registered,登録,tangible,有形文化財,建造物,medium
national,文化庁,国指定文化財等データベース CSV export,official_export_002:465,,13Tokyo/raw/national/official_export_002.csv,矢来能楽堂,,,,,東京都新宿区矢来町60-1,新宿区,13104,登録有形文化財(建造物),建造物,national,,35.70289459,139.73244709,building_direct,building_candidate_point,national,登録有形文化財(建造物),登録有形文化財(建造物),,national,国,registered,登録,tangible,有形文化財,建造物,medium
national,文化庁,国指定文化財等データベース CSV export,official_export_002:466,,13Tokyo/raw/national/official_export_002.csv,祐天寺表門,,,,,東京都目黒区中目黒5-1067-1,目黒区,13110,登録有形文化財(建造物),建造物,national,,35.637245,139.69646227,building_direct,building_candidate_point,national,登録有形文化財(建造物),登録有形文化財(建造物),,national,国,registered,登録,tangible,有形文化財,建造物,medium
national,文化庁,国指定文化財等データベース CSV export,official_export_002:467,,13Tokyo/raw/national/official_export_002.csv,祐天寺地蔵堂,,,,,東京都目黒区中目黒5-1067-1,目黒区,13110,登録有形文化財(建造物),建造物,national,,35.63729569,139.69677422,building_direct,building_candidate_point,national,登録有形文化財(建造物),登録有形文化財(建造物),,national,国,registered,登録,tangible,有形文化財,建造物,medium
national,文化庁,国指定文化財等データベース CSV export,official_export_002:468,,13Tokyo/raw/national/official_export_002.csv,祐天寺地蔵堂門,,,,,東京都目黒区中目黒5-1067-1,目黒区,13110,登録有形文化財(建造物),建造物,national,,35.6372243,139.69661241,building_direct,building_candidate_point,national,登録有形文化財(建造物),登録有形文化財(建造物),,national,国,registered,登録,tangible,有形文化財,建造物,medium
national,文化庁,国指定文化財等データベース CSV export,official_export_002:469,,13Tokyo/raw/national/official_export_002.csv,祐天寺書院,,,,,東京都目黒区中目黒5-1067-1,目黒区,13110,登録有形文化財(建造物),建造物,national,,35.63633914,139.69672901,building_direct,building_candidate_point,national,登録有形文化財(建造物),登録有形文化財(建造物),,national,国,registered,登録,tangible,有形文化財,建造物,medium
national,文化庁,国指定文化財等データベース CSV export,official_export_002:470,,13Tokyo/raw/national/official_export_002.csv,祐天寺鐘楼,,,,,東京都目黒区中目黒五丁目1067-1,目黒区,13110,登録有形文化財(建造物),建造物,national,,35.63681667,139.69648056,building_direct,building_candidate_point,national,登録有形文化財(建造物),登録有形文化財(建造物),,national,国,registered,登録,tangible,有形文化財,建造物,medium
national,文化庁,国指定文化財等データベース CSV export,official_export_002:471,,13Tokyo/raw/national/official_export_002.csv,祐天寺本堂,,,,,東京都目黒区中目黒5-1067-1,目黒区,13110,登録有形文化財(建造物),建造物,national,,35.6365057,139.69700741,building_direct,building_candidate_point,national,登録有形文化財(建造物),登録有形文化財(建造物),,national,国,registered,登録,tangible,有形文化財,建造物,medium
national,文化庁,国指定文化財等データベース CSV export,official_export_002:472,,13Tokyo/raw/national/official_export_002.csv,祐天寺水屋,,,,,東京都目黒区中目黒5-1067-1,目黒区,13110,登録有形文化財(建造物),建造物,national,,35.63685786,139.69670283,building_direct,building_candidate_point,national,登録有形文化財(建造物),登録有形文化財(建造物),,national,国,registered,登録,tangible,有形文化財,建造物,medium
national,文化庁,国指定文化財等データベース CSV export,official_export_002:473,,13Tokyo/raw/national/official_export_002.csv,よし梅芳町亭,,,,,東京都中央区日本橋人形町1-5-2,中央区,13102,登録有形文化財(建造物),建造物,national,,35.68510584,139.78182062,building_direct,building_candidate_point,national,登録有形文化財(建造物),登録有形文化財(建造物),,national,国,registered,登録,tangible,有形文化財,建造物,medium
national,文化庁,国指定文化財等データベース CSV export,official_export_002:474,,13Tokyo/raw/national/official_export_002.csv,吉川家住宅主屋,,,,,東京都大田区田園調布4-21-16,大田区,13111,登録有形文化財(建造物),建造物,national,,35.59637642,139.6620671,building_direct,building_candidate_point,national,登録有形文化財(建造物),登録有形文化財(建造物),,national,国,registered,登録,tangible,有形文化財,建造物,medium
national,文化庁,国指定文化財等データベース CSV export,official_export_002:475,,13Tokyo/raw/national/official_export_002.csv,代々木能舞台敷舞台及び座敷,,,,,東京都渋谷区代々木4-36-42,渋谷区,13113,登録有形文化財(建造物),建造物,national,,35.6808947,139.68964368,building_direct,building_candidate_point,national,登録有形文化財(建造物),登録有形文化財(建造物),,national,国,registered,登録,tangible,有形文化財,建造物,medium
national,文化庁,国指定文化財等データベース CSV export,official_export_002:476,,13Tokyo/raw/national/official_export_002.csv,代々木能舞台舞台・橋掛・鏡の間,,,,,東京都渋谷区代々木4-36-42,渋谷区,13113,登録有形文化財(建造物),建造物,national,,35.68098353,139.68964164,building_direct,building_candidate_point,national,登録有形文化財(建造物),登録有形文化財(建造物),,national,国,registered,登録,tangible,有形文化財,建造物,medium
national,文化庁,国指定文化財等データベース CSV export,official_export_002:477,,13Tokyo/raw/national/official_export_002.csv,萬屋酒店,,,,,東京都大田区池上4-23-6,大田区,13111,登録有形文化財(建造物),建造物,national,,35.575211,139.704681,building_direct,building_candidate_point,national,登録有形文化財(建造物),登録有形文化財(建造物),,national,国,registered,登録,tangible,有形文化財,建造物,medium
national,文化庁,国指定文化財等データベース CSV export,official_export_002:478,,13Tokyo/raw/national/official_export_002.csv,龍子記念館,,,,,東京都大田区中央四丁目1034-2-1,大田区,13111,登録有形文化財(建造物),建造物,national,,35.58237222,139.71555833,building_direct,building_candidate_point,national,登録有形文化財(建造物),登録有形文化財(建造物),,national,国,registered,登録,tangible,有形文化財,建造物,medium
national,文化庁,国指定文化財等データベース CSV export,official_export_002:479,,13Tokyo/raw/national/official_export_002.csv,旅館西郊本館,,,,,東京都杉並区荻窪3-63,杉並区,13115,登録有形文化財(建造物),建造物,national,,35.70285511,139.62549601,building_direct,building_candidate_point,national,登録有形文化財(建造物),登録有形文化財(建造物),,national,国,registered,登録,tangible,有形文化財,建造物,medium
national,文化庁,国指定文化財等データベース CSV export,official_export_002:480,,13Tokyo/raw/national/official_export_002.csv,私の家(清家清自邸),,,,,東京都大田区東雪谷三丁目519,大田区,13111,登録有形文化財(建造物),建造物,national,,35.594003,139.691505,building_direct,building_candidate_point,national,登録有形文化財(建造物),登録有形文化財(建造物),,national,国,registered,登録,tangible,有形文化財,建造物,medium
national,文化庁,国指定文化財等データベース CSV export,official_export_002:481,,13Tokyo/raw/national/official_export_002.csv,渡辺家住宅主屋,,,,,東京都三鷹市井の頭3-24-7,三鷹市,13204,登録有形文化財(建造物),建造物,national,,35.69549388,139.58169646,building_direct,building_candidate_point,national,登録有形文化財(建造物),登録有形文化財(建造物),,national,国,registered,登録,tangible,有形文化財,建造物,medium
national,文化庁,国指定文化財等データベース CSV export,official_export_002:482,,13Tokyo/raw/national/official_export_002.csv,渡辺家住宅主屋,,,,,東京都三鷹市下連雀4-195,三鷹市,13204,登録有形文化財(建造物),建造物,national,,35.69580424,139.56224178,building_direct,building_candidate_point,national,登録有形文化財(建造物),登録有形文化財(建造物),,national,国,registered,登録,tangible,有形文化財,建造物,medium
national,文化庁,国指定文化財等データベース CSV export,official_export_002:483,,13Tokyo/raw/national/official_export_002.csv,渡邊家住宅主屋,,,,,東京都杉並区荻窪四丁目252-1,杉並区,13115,登録有形文化財(建造物),建造物,national,,35.701465,139.623529,building_direct,building_candidate_point,national,登録有形文化財(建造物),登録有形文化財(建造物),,national,国,registered,登録,tangible,有形文化財,建造物,medium
national,文化庁,国指定文化財等データベース CSV export,official_export_003:0,,13Tokyo/raw/national/official_export_003.csv,青木昆陽墓,,,,,目黒区下目黒三丁目,目黒区,13110,史跡名勝天然記念物,天然記念物,national,,35.6289229,139.70821695,point,representative_point,national,史跡名勝天然記念物,史跡名勝天然記念物,,national,国,designated,指定,monument,記念物,天然記念物,medium
national,文化庁,国指定文化財等データベース CSV export,official_export_003:1,,13Tokyo/raw/national/official_export_003.csv,浅野長矩墓および赤穂義士墓,,,,,港区高輪二丁目,港区,13103,史跡名勝天然記念物,天然記念物,national,,35.63741425,139.73575057,point,representative_point,national,史跡名勝天然記念物,史跡名勝天然記念物,,national,国,designated,指定,monument,記念物,天然記念物,medium
national,文化庁,国指定文化財等データベース CSV export,official_export_003:2,,13Tokyo/raw/national/official_export_003.csv,伊能忠敬墓,,,,,台東区東上野六丁目,台東区,13106,史跡名勝天然記念物,天然記念物,national,,35.71419292,139.78472555,point,representative_point,national,史跡名勝天然記念物,史跡名勝天然記念物,,national,国,designated,指定,monument,記念物,天然記念物,medium
national,文化庁,国指定文化財等データベース CSV export,official_export_003:3,,13Tokyo/raw/national/official_export_003.csv,江戸城跡,,,,,千代田区,千代田区,13101,史跡名勝天然記念物,天然記念物,national,,35.68825153,139.7544497,point,representative_point,national,史跡名勝天然記念物,史跡名勝天然記念物,,national,国,designated,指定,monument,記念物,天然記念物,medium
national,文化庁,国指定文化財等データベース CSV export,official_export_003:4,,13Tokyo/raw/national/official_export_003.csv,江戸城跡のヒカリゴケ生育地,,,,,千代田区北の丸公園,千代田区,13101,史跡名勝天然記念物,天然記念物,national,,35.69067431,139.74851542,point,representative_point,national,史跡名勝天然記念物,史跡名勝天然記念物,,national,国,designated,指定,monument,記念物,天然記念物,medium
national,文化庁,国指定文化財等データベース CSV export,official_export_003:5,,13Tokyo/raw/national/official_export_003.csv,江戸城外堀跡,,,,,千代田区・新宿区・港区,千代田区,13101,史跡名勝天然記念物,天然記念物,national,,35.69319148,139.73752511,point,representative_point,national,史跡名勝天然記念物,史跡名勝天然記念物,,national,国,designated,指定,monument,記念物,天然記念物,medium
national,文化庁,国指定文化財等データベース CSV export,official_export_003:6,,13Tokyo/raw/national/official_export_003.csv,大島海浜植物群落,,,,,大島町泉津,大島町,13361,史跡名勝天然記念物,天然記念物,national,,34.77396733,139.43021861,point,representative_point,national,史跡名勝天然記念物,史跡名勝天然記念物,,national,国,designated,指定,monument,記念物,天然記念物,medium
national,文化庁,国指定文化財等データベース CSV export,official_export_003:7,,13Tokyo/raw/national/official_export_003.csv,大島のサクラ株,,,,,大島町泉津,大島町,13361,史跡名勝天然記念物,天然記念物,national,,34.76291667,139.42919445,point,representative_point,national,史跡名勝天然記念物,史跡名勝天然記念物,,national,国,designated,指定,monument,記念物,天然記念物,medium
national,文化庁,国指定文化財等データベース CSV export,official_export_003:8,,13Tokyo/raw/national/official_export_003.csv,大塚先儒墓所,,,,,文京区大塚五丁目,文京区,13105,史跡名勝天然記念物,天然記念物,national,,35.72315796,139.72894504,point,representative_point,national,史跡名勝天然記念物,史跡名勝天然記念物,,national,国,designated,指定,monument,記念物,天然記念物,medium
national,文化庁,国指定文化財等データベース CSV export,official_export_003:9,,13Tokyo/raw/national/official_export_003.csv,大森貝塚,,,,,大田区山王一丁目、品川区大井六丁目,品川区,13109,史跡名勝天然記念物,天然記念物,national,,35.59298917,139.7302393,point,representative_point,national,史跡名勝天然記念物,史跡名勝天然記念物,,national,国,designated,指定,monument,記念物,天然記念物,medium
national,文化庁,国指定文化財等データベース CSV export,official_export_003:10,,13Tokyo/raw/national/official_export_003.csv,小笠原南島の沈水カルスト地形,,,,,小笠原村,小笠原村,13421,史跡名勝天然記念物,天然記念物,national,,27.0423408,142.17287731,point,representative_point,national,史跡名勝天然記念物,史跡名勝天然記念物,,national,国,designated,指定,monument,記念物,天然記念物,medium
national,文化庁,国指定文化財等データベース CSV export,official_export_003:11,,13Tokyo/raw/national/official_export_003.csv,荻生徂徠墓,,,,,港区三田四丁目,港区,13103,史跡名勝天然記念物,天然記念物,national,,35.64413994,139.73760848,point,representative_point,national,史跡名勝天然記念物,史跡名勝天然記念物,,national,国,designated,指定,monument,記念物,天然記念物,medium
national,文化庁,国指定文化財等データベース CSV export,official_export_003:12,,13Tokyo/raw/national/official_export_003.csv,懐徳館庭園(旧加賀藩主前田氏本郷本邸庭園),,,,,東京都文京区,文京区,13105,史跡名勝天然記念物,天然記念物,national,,35.708498,139.762067,point,representative_point,national,史跡名勝天然記念物,史跡名勝天然記念物,,national,国,designated,指定,monument,記念物,天然記念物,medium
national,文化庁,国指定文化財等データベース CSV export,official_export_003:13,,13Tokyo/raw/national/official_export_003.csv,亀甲山古墳,,,,,大田区田園調布一丁目,大田区,13111,史跡名勝天然記念物,天然記念物,national,,35.58930342,139.66711931,point,representative_point,national,史跡名勝天然記念物,史跡名勝天然記念物,,national,国,designated,指定,monument,記念物,天然記念物,medium
national,文化庁,国指定文化財等データベース CSV export,official_export_003:14,,13Tokyo/raw/national/official_export_003.csv,蒲生君平墓,,,,,台東区谷中一丁目,台東区,13106,史跡名勝天然記念物,天然記念物,national,,35.72049176,139.76613578,point,representative_point,national,史跡名勝天然記念物,史跡名勝天然記念物,,national,国,designated,指定,monument,記念物,天然記念物,medium
national,文化庁,国指定文化財等データベース CSV export,official_export_003:15,,13Tokyo/raw/national/official_export_003.csv,加茂真淵墓,,,,,品川区北品川三丁目,品川区,13109,史跡名勝天然記念物,天然記念物,national,,35.61789774,139.7367122,point,representative_point,national,史跡名勝天然記念物,史跡名勝天然記念物,,national,国,designated,指定,monument,記念物,天然記念物,medium
national,文化庁,国指定文化財等データベース CSV export,official_export_003:16,,13Tokyo/raw/national/official_export_003.csv,旧朝倉文夫氏庭園,,,,,台東区,台東区,13106,史跡名勝天然記念物,天然記念物,national,,35.72688039,139.76874868,point,representative_point,national,史跡名勝天然記念物,史跡名勝天然記念物,,national,国,designated,指定,monument,記念物,天然記念物,medium
national,文化庁,国指定文化財等データベース CSV export,official_export_003:17,,13Tokyo/raw/national/official_export_003.csv,旧芝離宮庭園,,,,,港区海岸一丁目,港区,13103,史跡名勝天然記念物,天然記念物,national,,35.65486497,139.75863336,point,representative_point,national,史跡名勝天然記念物,史跡名勝天然記念物,,national,国,designated,指定,monument,記念物,天然記念物,medium
national,文化庁,国指定文化財等データベース CSV export,official_export_003:18,,13Tokyo/raw/national/official_export_003.csv,旧白金御料地,,,,,"港区白金台五丁目
品川区上大崎二丁目",品川区,13109,史跡名勝天然記念物,天然記念物,national,,35.6386682,139.71937352,point,representative_point,national,史跡名勝天然記念物,史跡名勝天然記念物,,national,国,designated,指定,monument,記念物,天然記念物,medium
national,文化庁,国指定文化財等データベース CSV export,official_export_003:19,,13Tokyo/raw/national/official_export_003.csv,旧新橋停車場跡及び高輪築堤跡,,,,,港区,港区,13103,史跡名勝天然記念物,天然記念物,national,,35.66597989,139.76146087,point,representative_point,national,史跡名勝天然記念物,史跡名勝天然記念物,,national,国,designated,指定,monument,記念物,天然記念物,medium
national,文化庁,国指定文化財等データベース CSV export,official_export_003:20,,13Tokyo/raw/national/official_export_003.csv,旧浜離宮庭園,,,,,中央区浜離宮庭園,中央区,13102,史跡名勝天然記念物,天然記念物,national,,35.65989173,139.76335008,point,representative_point,national,史跡名勝天然記念物,史跡名勝天然記念物,,national,国,designated,指定,monument,記念物,天然記念物,medium
national,文化庁,国指定文化財等データベース CSV export,official_export_003:21,,13Tokyo/raw/national/official_export_003.csv,旧古河氏庭園,,,,,北区,北区,13117,史跡名勝天然記念物,天然記念物,national,,35.74272661,139.74594943,point,representative_point,national,史跡名勝天然記念物,史跡名勝天然記念物,,national,国,designated,指定,monument,記念物,天然記念物,medium
national,文化庁,国指定文化財等データベース CSV export,official_export_003:22,,13Tokyo/raw/national/official_export_003.csv,椚田遺跡,,,,,八王子市椚田町,八王子市,13201,史跡名勝天然記念物,天然記念物,national,,35.63641841,139.30849668,point,representative_point,national,史跡名勝天然記念物,史跡名勝天然記念物,,national,国,designated,指定,monument,記念物,天然記念物,medium
national,文化庁,国指定文化財等データベース CSV export,official_export_003:23,,13Tokyo/raw/national/official_export_003.csv,小石川後楽園,,,,,文京区後楽一丁目,文京区,13105,史跡名勝天然記念物,天然記念物,national,,35.70565502,139.74908212,point,representative_point,national,史跡名勝天然記念物,史跡名勝天然記念物,,national,国,designated,指定,monument,記念物,天然記念物,medium
national,文化庁,国指定文化財等データベース CSV export,official_export_003:24,,13Tokyo/raw/national/official_export_003.csv,小石川植物園(御薬園跡及び養生所跡),,,,,東京都文京区,文京区,13105,史跡名勝天然記念物,天然記念物,national,,35.70794694,139.75229167,point,representative_point,national,史跡名勝天然記念物,史跡名勝天然記念物,,national,国,designated,指定,monument,記念物,天然記念物,medium
national,文化庁,国指定文化財等データベース CSV export,official_export_003:25,,13Tokyo/raw/national/official_export_003.csv,高ヶ坂石器時代遺跡,,,,,町田市高ヶ坂,町田市,13209,史跡名勝天然記念物,天然記念物,national,,35.5452771,139.45711597,point,representative_point,national,史跡名勝天然記念物,史跡名勝天然記念物,,national,国,designated,指定,monument,記念物,天然記念物,medium
national,文化庁,国指定文化財等データベース CSV export,official_export_003:26,,13Tokyo/raw/national/official_export_003.csv,小金井(サクラ),,,,,"小金井市
小平市
武蔵野市
西東京市",武蔵野市,13203,史跡名勝天然記念物,天然記念物,national,,35.7126431,139.50682217,point,representative_point,national,史跡名勝天然記念物,史跡名勝天然記念物,,national,国,designated,指定,monument,記念物,天然記念物,medium
national,文化庁,国指定文化財等データベース CSV export,official_export_003:27,,13Tokyo/raw/national/official_export_003.csv,小仏関跡,,,,,八王子市裏高尾町,八王子市,13201,史跡名勝天然記念物,天然記念物,national,,35.64153463,139.26603486,point,representative_point,national,史跡名勝天然記念物,史跡名勝天然記念物,,national,国,designated,指定,monument,記念物,天然記念物,medium
national,文化庁,国指定文化財等データベース CSV export,official_export_003:28,,13Tokyo/raw/national/official_export_003.csv,幸神神社のシダレアカシデ,,,,,西多摩郡日の出町,日の出町,13305,史跡名勝天然記念物,天然記念物,national,,35.74427,139.228073,point,representative_point,national,史跡名勝天然記念物,史跡名勝天然記念物,,national,国,designated,指定,monument,記念物,天然記念物,medium
national,文化庁,国指定文化財等データベース CSV export,official_export_003:29,,13Tokyo/raw/national/official_export_003.csv,佐藤一斎墓,,,,,港区六本木七丁目,港区,13103,史跡名勝天然記念物,天然記念物,national,,35.6635819,139.73140572,point,representative_point,national,史跡名勝天然記念物,史跡名勝天然記念物,,national,国,designated,指定,monument,記念物,天然記念物,medium
national,文化庁,国指定文化財等データベース CSV export,official_export_003:30,,13Tokyo/raw/national/official_export_003.csv,三宝寺池沼沢植物群落,,,,,練馬区石神井台一丁目,練馬区,13120,史跡名勝天然記念物,天然記念物,national,,35.73789805,139.59545205,point,representative_point,national,史跡名勝天然記念物,史跡名勝天然記念物,,national,国,designated,指定,monument,記念物,天然記念物,medium
national,文化庁,国指定文化財等データベース CSV export,official_export_003:31,,13Tokyo/raw/national/official_export_003.csv,シイノキ山のシイノキ群叢,,,,,大島町泉津,大島町,13361,史跡名勝天然記念物,天然記念物,national,,34.76402291,139.41401949,point,representative_point,national,史跡名勝天然記念物,史跡名勝天然記念物,,national,国,designated,指定,monument,記念物,天然記念物,medium
national,文化庁,国指定文化財等データベース CSV export,official_export_003:32,,13Tokyo/raw/national/official_export_003.csv,下野谷遺跡,,,,,東京都西東京市,西東京市,13229,史跡名勝天然記念物,天然記念物,national,,35.725478,139.5618,point,representative_point,national,史跡名勝天然記念物,史跡名勝天然記念物,,national,国,designated,指定,monument,記念物,天然記念物,medium
national,文化庁,国指定文化財等データベース CSV export,official_export_003:33,,13Tokyo/raw/national/official_export_003.csv,品川台場,,,,,港区台場一丁目,港区,13103,史跡名勝天然記念物,天然記念物,national,,35.63354826,139.77203863,point,representative_point,national,史跡名勝天然記念物,史跡名勝天然記念物,,national,国,designated,指定,monument,記念物,天然記念物,medium
national,文化庁,国指定文化財等データベース CSV export,official_export_003:34,,13Tokyo/raw/national/official_export_003.csv,志村一里塚,,,,,板橋区志村一丁目,板橋区,13119,史跡名勝天然記念物,天然記念物,national,,35.77509533,139.69585897,point,representative_point,national,史跡名勝天然記念物,史跡名勝天然記念物,,national,国,designated,指定,monument,記念物,天然記念物,medium
national,文化庁,国指定文化財等データベース CSV export,official_export_003:35,,13Tokyo/raw/national/official_export_003.csv,下布田遺跡,,,,,調布市布田,調布市,13208,史跡名勝天然記念物,天然記念物,national,,35.64405763,139.54899566,point,representative_point,national,史跡名勝天然記念物,史跡名勝天然記念物,,national,国,designated,指定,monument,記念物,天然記念物,medium
national,文化庁,国指定文化財等データベース CSV export,official_export_003:36,,13Tokyo/raw/national/official_export_003.csv,深大寺城跡,,,,,調布市,調布市,13208,史跡名勝天然記念物,天然記念物,national,,35.66483407,139.55103085,point,representative_point,national,史跡名勝天然記念物,史跡名勝天然記念物,,national,国,designated,指定,monument,記念物,天然記念物,medium
national,文化庁,国指定文化財等データベース CSV export,official_export_003:37,,13Tokyo/raw/national/official_export_003.csv,鈴木遺跡,,,,,東京都小平市,小平市,13211,史跡名勝天然記念物,天然記念物,national,,35.71759722,139.49854167,point,representative_point,national,史跡名勝天然記念物,史跡名勝天然記念物,,national,国,designated,指定,monument,記念物,天然記念物,medium
national,文化庁,国指定文化財等データベース CSV export,official_export_003:38,,13Tokyo/raw/national/official_export_003.csv,善福寺のイチョウ,,,,,港区元麻布一丁目,港区,13103,史跡名勝天然記念物,天然記念物,national,,35.65325,139.73325,point,representative_point,national,史跡名勝天然記念物,史跡名勝天然記念物,,national,国,designated,指定,monument,記念物,天然記念物,medium
national,文化庁,国指定文化財等データベース CSV export,official_export_003:39,,13Tokyo/raw/national/official_export_003.csv,善養寺影向のマツ,,,,,東京都江戸川区,江戸川区,13123,史跡名勝天然記念物,天然記念物,national,,35.72752778,139.89356481,point,representative_point,national,史跡名勝天然記念物,史跡名勝天然記念物,,national,国,designated,指定,monument,記念物,天然記念物,medium
national,文化庁,国指定文化財等データベース CSV export,official_export_003:40,,13Tokyo/raw/national/official_export_003.csv,高島秋帆墓,,,,,文京区向丘一丁目,文京区,13105,史跡名勝天然記念物,天然記念物,national,,35.72170083,139.7536153,point,representative_point,national,史跡名勝天然記念物,史跡名勝天然記念物,,national,国,designated,指定,monument,記念物,天然記念物,medium
national,文化庁,国指定文化財等データベース CSV export,official_export_003:41,,13Tokyo/raw/national/official_export_003.csv,高輪大木戸跡,,,,,港区高輪二丁目,港区,13103,史跡名勝天然記念物,天然記念物,national,,35.63951034,139.74067129,point,representative_point,national,史跡名勝天然記念物,史跡名勝天然記念物,,national,国,designated,指定,monument,記念物,天然記念物,medium
national,文化庁,国指定文化財等データベース CSV export,official_export_003:42,,13Tokyo/raw/national/official_export_003.csv,高橋至時墓,,,,,台東区東上野六丁目,台東区,13106,史跡名勝天然記念物,天然記念物,national,,35.714259,139.78473792,point,representative_point,national,史跡名勝天然記念物,史跡名勝天然記念物,,national,国,designated,指定,monument,記念物,天然記念物,medium
national,文化庁,国指定文化財等データベース CSV export,official_export_003:43,,13Tokyo/raw/national/official_export_003.csv,滝山城跡,,,,,八王子市高月町・加住町・丹木町,八王子市,13201,史跡名勝天然記念物,天然記念物,national,,35.70124456,139.32786783,point,representative_point,national,史跡名勝天然記念物,史跡名勝天然記念物,,national,国,designated,指定,monument,記念物,天然記念物,medium
national,文化庁,国指定文化財等データベース CSV export,official_export_003:44,,13Tokyo/raw/national/official_export_003.csv,沢庵墓,,,,,品川区北品川三丁目,品川区,13109,史跡名勝天然記念物,天然記念物,national,,35.61765007,139.73652625,point,representative_point,national,史跡名勝天然記念物,史跡名勝天然記念物,,national,国,designated,指定,monument,記念物,天然記念物,medium
national,文化庁,国指定文化財等データベース CSV export,official_export_003:45,,13Tokyo/raw/national/official_export_003.csv,玉川上水,,,,,羽村市・福生市・昭島市・立川市・小平市・小金井市・西東京市・武蔵野市・三鷹市・杉並区・世田谷区・渋谷区,世田谷区,13112,史跡名勝天然記念物,天然記念物,national,,35.71254788,139.51306023,point,representative_point,national,史跡名勝天然記念物,史跡名勝天然記念物,,national,国,designated,指定,monument,記念物,天然記念物,medium
national,文化庁,国指定文化財等データベース CSV export,official_export_003:46,,13Tokyo/raw/national/official_export_003.csv,荻外荘(近衞文麿旧宅),,,,,東京都杉並区,杉並区,13115,史跡名勝天然記念物,天然記念物,national,,35.69881884,139.62234351,point,representative_point,national,史跡名勝天然記念物,史跡名勝天然記念物,,national,国,designated,指定,monument,記念物,天然記念物,medium
national,文化庁,国指定文化財等データベース CSV export,official_export_003:47,,13Tokyo/raw/national/official_export_003.csv,哲学堂公園,,,,,"東京都新宿区,中野区",新宿区,13104,史跡名勝天然記念物,天然記念物,national,,35.72210278,139.67420278,point,representative_point,national,史跡名勝天然記念物,史跡名勝天然記念物,,national,国,designated,指定,monument,記念物,天然記念物,medium
national,文化庁,国指定文化財等データベース CSV export,official_export_003:48,,13Tokyo/raw/national/official_export_003.csv,伝法院庭園,,,,,東京都台東区,台東区,13106,史跡名勝天然記念物,天然記念物,national,,,,point,representative_point,national,史跡名勝天然記念物,史跡名勝天然記念物,,national,国,designated,指定,monument,記念物,天然記念物,medium
national,文化庁,国指定文化財等データベース CSV export,official_export_003:49,,13Tokyo/raw/national/official_export_003.csv,東禅寺,,,,,東京都港区,港区,13103,史跡名勝天然記念物,天然記念物,national,,35.63423918,139.73511163,point,representative_point,national,史跡名勝天然記念物,史跡名勝天然記念物,,national,国,designated,指定,monument,記念物,天然記念物,medium
national,文化庁,国指定文化財等データベース CSV export,official_export_003:50,,13Tokyo/raw/national/official_export_003.csv,常盤橋門跡,,,,,"千代田区大手町二丁目
中央区日本橋本石町二丁目",千代田区,13101,史跡名勝天然記念物,天然記念物,national,,35.68602045,139.77018428,point,representative_point,national,史跡名勝天然記念物,史跡名勝天然記念物,,national,国,designated,指定,monument,記念物,天然記念物,medium
national,文化庁,国指定文化財等データベース CSV export,official_export_003:51,,13Tokyo/raw/national/official_export_003.csv,殿ヶ谷戸庭園(随冝園),,,,,東京都国分寺市,国分寺市,13214,史跡名勝天然記念物,天然記念物,national,,35.69883641,139.48217409,point,representative_point,national,史跡名勝天然記念物,史跡名勝天然記念物,,national,国,designated,指定,monument,記念物,天然記念物,medium
national,文化庁,国指定文化財等データベース CSV export,official_export_003:53,,13Tokyo/raw/national/official_export_003.csv,中里貝塚,,,,,北区上中里,北区,13117,史跡名勝天然記念物,天然記念物,national,,35.74460716,139.75422323,point,representative_point,national,史跡名勝天然記念物,史跡名勝天然記念物,,national,国,designated,指定,monument,記念物,天然記念物,medium
national,文化庁,国指定文化財等データベース CSV export,official_export_003:54,,13Tokyo/raw/national/official_export_003.csv,西秋留石器時代住居跡,,,,,あきる野市牛沼,あきる野市,13228,史跡名勝天然記念物,天然記念物,national,,35.71751,139.290161,point,representative_point,national,史跡名勝天然記念物,史跡名勝天然記念物,,national,国,designated,指定,monument,記念物,天然記念物,medium
national,文化庁,国指定文化財等データベース CSV export,official_export_003:55,,13Tokyo/raw/national/official_export_003.csv,西ヶ原一里塚,,,,,北区西ヶ原二丁目,北区,13117,史跡名勝天然記念物,天然記念物,national,,35.74714731,139.74111289,point,representative_point,national,史跡名勝天然記念物,史跡名勝天然記念物,,national,国,designated,指定,monument,記念物,天然記念物,medium
national,文化庁,国指定文化財等データベース CSV export,official_export_003:56,,13Tokyo/raw/national/official_export_003.csv,練馬白山神社の大ケヤキ,,,,,練馬区練馬四丁目,練馬区,13120,史跡名勝天然記念物,天然記念物,national,,35.740719,139.650406,point,representative_point,national,史跡名勝天然記念物,史跡名勝天然記念物,,national,国,designated,指定,monument,記念物,天然記念物,medium
national,文化庁,国指定文化財等データベース CSV export,official_export_003:57,,13Tokyo/raw/national/official_export_003.csv,八王子城跡,,,,,八王子市元八王子町三丁目・下恩方町・西寺方町,八王子市,13201,史跡名勝天然記念物,天然記念物,national,,35.6531565,139.25567003,point,representative_point,national,史跡名勝天然記念物,史跡名勝天然記念物,,national,国,designated,指定,monument,記念物,天然記念物,medium
national,文化庁,国指定文化財等データベース CSV export,official_export_003:58,,13Tokyo/raw/national/official_export_003.csv,馬場大門のケヤキ並木,,,,,府中市宮町一丁目・宮西町一丁目・寿町一丁目・府中町一丁目,府中市,13206,史跡名勝天然記念物,天然記念物,national,,35.67271337,139.47907118,point,representative_point,national,史跡名勝天然記念物,史跡名勝天然記念物,,national,国,designated,指定,monument,記念物,天然記念物,medium
national,文化庁,国指定文化財等データベース CSV export,official_export_003:59,,13Tokyo/raw/national/official_export_003.csv,平賀源内墓,,,,,台東区橋場二丁目,台東区,13106,史跡名勝天然記念物,天然記念物,national,,35.72801195,139.80580988,point,representative_point,national,史跡名勝天然記念物,史跡名勝天然記念物,,national,国,designated,指定,monument,記念物,天然記念物,medium
national,文化庁,国指定文化財等データベース CSV export,official_export_003:60,,13Tokyo/raw/national/official_export_003.csv,船田石器時代遺跡,,,,,八王子市長房町,八王子市,13201,史跡名勝天然記念物,天然記念物,national,,35.657543,139.297928,point,representative_point,national,史跡名勝天然記念物,史跡名勝天然記念物,,national,国,designated,指定,monument,記念物,天然記念物,medium
national,文化庁,国指定文化財等データベース CSV export,official_export_003:61,,13Tokyo/raw/national/official_export_003.csv,細井広沢墓,,,,,世田谷区等々力三丁目,世田谷区,13112,史跡名勝天然記念物,天然記念物,national,,35.61036093,139.64944864,point,representative_point,national,史跡名勝天然記念物,史跡名勝天然記念物,,national,国,designated,指定,monument,記念物,天然記念物,medium
national,文化庁,国指定文化財等データベース CSV export,official_export_003:62,,13Tokyo/raw/national/official_export_003.csv,松平定信墓,,,,,江東区白河一丁目,江東区,13108,史跡名勝天然記念物,天然記念物,national,,35.68152885,139.79987988,point,representative_point,national,史跡名勝天然記念物,史跡名勝天然記念物,,national,国,designated,指定,monument,記念物,天然記念物,medium
national,文化庁,国指定文化財等データベース CSV export,official_export_003:63,,13Tokyo/raw/national/official_export_003.csv,御岳の神代ケヤキ,,,,,青梅市御岳山,青梅市,13205,史跡名勝天然記念物,天然記念物,national,,35.78425,139.15205556,point,representative_point,national,史跡名勝天然記念物,史跡名勝天然記念物,,national,国,designated,指定,monument,記念物,天然記念物,medium
national,文化庁,国指定文化財等データベース CSV export,official_export_003:64,,13Tokyo/raw/national/official_export_003.csv,南硫黄島,,,,,小笠原村,小笠原村,13421,史跡名勝天然記念物,天然記念物,national,,24.23507939,141.46254105,point,representative_point,national,史跡名勝天然記念物,史跡名勝天然記念物,,national,国,designated,指定,monument,記念物,天然記念物,medium
national,文化庁,国指定文化財等データベース CSV export,official_export_003:65,,13Tokyo/raw/national/official_export_003.csv,向島百花園,,,,,墨田区向島三丁目,墨田区,13107,史跡名勝天然記念物,天然記念物,national,,35.72423695,139.81555606,point,representative_point,national,史跡名勝天然記念物,史跡名勝天然記念物,,national,国,designated,指定,monument,記念物,天然記念物,medium
national,文化庁,国指定文化財等データベース CSV export,official_export_003:66,,13Tokyo/raw/national/official_export_003.csv,武蔵国府跡,,,,,府中市宮町,府中市,13206,史跡名勝天然記念物,天然記念物,national,,35.66845978,139.47902802,point,representative_point,national,史跡名勝天然記念物,史跡名勝天然記念物,,national,国,designated,指定,monument,記念物,天然記念物,medium
national,文化庁,国指定文化財等データベース CSV export,official_export_003:67,,13Tokyo/raw/national/official_export_003.csv,"武蔵国分寺跡
 附東山道武蔵路跡",,,,,国分寺市西元町・東元町、府中市栄町,国分寺市,13214,史跡名勝天然記念物,天然記念物,national,,35.69785375,139.46921756,point,representative_point,national,史跡名勝天然記念物,史跡名勝天然記念物,,national,国,designated,指定,monument,記念物,天然記念物,medium
national,文化庁,国指定文化財等データベース CSV export,official_export_003:68,,13Tokyo/raw/national/official_export_003.csv,武蔵府中熊野神社古墳,,,,,府中市,府中市,13206,史跡名勝天然記念物,天然記念物,national,,35.67502611,139.45709103,point,representative_point,national,史跡名勝天然記念物,史跡名勝天然記念物,,national,国,designated,指定,monument,記念物,天然記念物,medium
national,文化庁,国指定文化財等データベース CSV export,official_export_003:69,,13Tokyo/raw/national/official_export_003.csv,山鹿素行墓,,,,,新宿区弁天町,新宿区,13104,史跡名勝天然記念物,天然記念物,national,,35.70490073,139.72459478,point,representative_point,national,史跡名勝天然記念物,史跡名勝天然記念物,,national,国,designated,指定,monument,記念物,天然記念物,medium
national,文化庁,国指定文化財等データベース CSV export,official_export_003:70,,13Tokyo/raw/national/official_export_003.csv,弥生二丁目遺跡,,,,,文京区弥生二丁目,文京区,13105,史跡名勝天然記念物,天然記念物,national,,35.71656437,139.76451449,point,representative_point,national,史跡名勝天然記念物,史跡名勝天然記念物,,national,国,designated,指定,monument,記念物,天然記念物,medium
national,文化庁,国指定文化財等データベース CSV export,official_export_003:71,,13Tokyo/raw/national/official_export_003.csv,湯島聖堂,,,,,文京区湯島一丁目,文京区,13105,史跡名勝天然記念物,天然記念物,national,,35.70066192,139.76635833,point,representative_point,national,史跡名勝天然記念物,史跡名勝天然記念物,,national,国,designated,指定,monument,記念物,天然記念物,medium
national,文化庁,国指定文化財等データベース CSV export,official_export_003:72,,13Tokyo/raw/national/official_export_003.csv,横山大観旧宅及び庭園,,,,,東京都台東区,台東区,13106,史跡名勝天然記念物,天然記念物,national,,35.71211856,139.76824413,point,representative_point,national,史跡名勝天然記念物,史跡名勝天然記念物,,national,国,designated,指定,monument,記念物,天然記念物,medium
national,文化庁,国指定文化財等データベース CSV export,official_export_003:73,,13Tokyo/raw/national/official_export_003.csv,六義園,,,,,文京区本駒込六丁目,文京区,13105,史跡名勝天然記念物,天然記念物,national,,35.73310362,139.74642678,point,representative_point,national,史跡名勝天然記念物,史跡名勝天然記念物,,national,国,designated,指定,monument,記念物,天然記念物,medium
national,文化庁,国指定文化財等データベース CSV export,official_export_003:74,,13Tokyo/raw/national/official_export_003.csv,陸軍板橋火薬製造所跡,,,,,東京都板橋区,板橋区,13119,史跡名勝天然記念物,天然記念物,national,,35.75096944,139.70931944,point,representative_point,national,史跡名勝天然記念物,史跡名勝天然記念物,,national,国,designated,指定,monument,記念物,天然記念物,medium
national,文化庁,国指定文化財等データベース CSV export,official_export_003:75,,13Tokyo/raw/national/official_export_003.csv,林氏墓地,,,,,新宿区市谷山伏町,新宿区,13104,史跡名勝天然記念物,天然記念物,national,,35.70059567,139.72872163,point,representative_point,national,史跡名勝天然記念物,史跡名勝天然記念物,,national,国,designated,指定,monument,記念物,天然記念物,medium
national,文化庁,国指定文化財等データベース CSV export,official_export_003:76,,13Tokyo/raw/national/official_export_003.csv,ヘゴ自生北限地帯,,,,,〔東京都〕八丈島八丈町、〔長崎県〕五島市玉之浦町・増田町、〔鹿児島県〕肝属郡南大隅町・肝付町、南さつま市、薩摩川内市里町・上甑町・下甑町、〔宮崎県〕日南市,八丈町,13401,史跡名勝天然記念物,天然記念物,national,,33.103764,139.81279,point,representative_point,national,史跡名勝天然記念物,史跡名勝天然記念物,,national,国,designated,指定,monument,記念物,天然記念物,medium
